id,soil_ph,soil_moisture,avg_temperature,total_rainfall,fertilizer_amount,pesticide_usage,sunlight_hours,nitrogen_content,phosphorus_content,potassium_content,irrigation_frequency,crop_type,region,season,harvest_date,field_id,yield_tpha
0,7.83,37.19,32.27,145.63,124.83,11.13,1911.12,1.45,0.7,1.07,3,Soybean,South,Autumn,2021-03-09,F0138,3.79
1,6.69,23.72,25.85,599.01,120.17,11.85,2011.49,0.53,1.14,1.72,3,Soybean,South,Spring,2021-07-18,F0393,5.66
2,8.34,20.48,18.2,333.25,270.8,10.59,1929.73,3.0,1.08,1.39,5,Soybean,North,Summer,2021-11-20,F0066,7.1
3,7.21,42.45,13.76,523.61,99.01,1.22,2231.23,2.68,0.76,0.81,5,Corn,East,Summer,2021-03-02,F0150,5.46
4,5.13,16.61,14.44,1005.93,169.96,6.35,2826.83,1.3,1.49,0.91,3,Corn,Central,Summer,2021-10-24,F0498,6.34
5,6.81,49.61,20.27,620.86,162.36,12.23,1592.81,1.13,1.45,1.73,6,Barley,West,Spring,2021-10-04,F0188,6.33
6,8.13,45.11,31.06,347.48,122.62,12.78,2507.66,1.17,1.07,0.86,2,Wheat,North,Autumn,2021-10-09,F0347,4.07
7,6.92,19.94,14.92,239.89,70.09,3.85,1306.51,2.48,0.78,1.22,3,Rice,South,Spring,2021-02-12,F0085,5.46
8,6.31,26.2,12.77,806.9,176.9,8.42,2458.87,2.48,1.44,1.82,2,Barley,Central,Spring,2021-04-20,F0322,6.03
9,7.37,41.57,29.81,970.26,296.3,9.48,2518.5,0.51,1.1,0.58,6,Barley,East,Autumn,2021-11-30,F0491,8.55
10,7.87,15.45,23.11,1150.23,278.64,3.04,2885.96,1.66,0.86,1.52,1,Barley,West,Autumn,2021-02-04,F0146,7.06
11,7.32,15.05,14.54,598.03,61.73,0.72,1426.29,0.82,1.21,0.67,4,Barley,South,Summer,2021-11-26,F0356,5.29
12,7.49,37.72,32.87,333.34,97.28,4.91,1322.3,1.66,1.06,1.9,6,Wheat,South,Summer,2021-07-19,F0247,6.66
13,6.65,28.71,20.97,765.66,110.87,14.15,1733.17,2.83,1.35,1.97,3,Wheat,North,Autumn,2021-04-06,F0375,5.55
14,5.24,18.57,10.85,375.15,207.84,4.56,2860.82,0.6,0.53,1.95,5,Soybean,East,Summer,2021-04-12,F0330,6.82
15,4.59,11.58,18.96,489.11,187.47,9.86,1848.29,1.29,0.37,1.76,1,Wheat,East,Summer,2021-11-08,F0289,5.64
16,6.6,19.98,26.99,116.69,261.26,10.3,1168.1,0.52,0.99,0.84,6,Wheat,Central,Summer,2021-01-26,F0232,6.33
17,5.7,46.41,23.03,901.86,230.6,12.94,2832.87,2.4,0.51,1.75,5,Barley,East,Autumn,2021-03-30,F0282,7.57
18,7.01,34.94,26.99,1149.15,75.33,12.18,2472.43,2.7,0.45,1.54,2,Soybean,West,Summer,2021-03-01,F0339,4.2
19,6.82,37.81,11.07,198.53,255.66,5.8,2708.51,2.94,0.43,1.94,2,Soybean,East,Spring,2021-09-12,F0014,7.9
20,5.14,15.26,23.29,967.16,130.38,11.18,2169.94,2.94,1.15,0.76,4,Rice,West,Autumn,2021-10-13,F0257,5.47
21,5.54,39.99,31.04,601.93,151.43,5.59,2530.24,2.99,0.65,1.88,1,Soybean,North,Spring,2021-07-04,F0167,7.07
22,7.68,30.8,32.18,713.44,145.93,5.14,1687.09,2.53,0.71,1.66,5,Rice,North,Summer,2021-05-22,F0023,6.45
23,8.01,48.4,32.82,933.3,82.32,0.02,1278.76,1.12,0.55,1.04,3,Soybean,Central,Spring,2021-09-29,F0385,6.12
24,5.33,32.65,16.63,579.53,139.31,11.89,1086.63,2.5,1.46,1.81,1,Corn,South,Autumn,2021-12-23,F0185,6.71
25,5.88,33.89,24.11,578.8,61.59,11.05,1730.9,2.26,0.28,0.98,4,Wheat,North,Spring,2021-10-21,F0421,4.23
26,6.43,12.98,29.45,562.56,110.01,7.04,2768.34,2.64,1.08,1.13,5,Soybean,Central,Autumn,2021-05-25,F0073,5.98
27,7.83,49.16,32.15,1005.8,54.26,14.25,1734.32,1.32,0.8,1.37,1,Barley,Central,Spring,2021-02-28,F0318,4.76
28,8.01,12.63,23.56,298.05,126.73,12.08,1235.6,1.83,0.32,1.62,3,Barley,Central,Spring,2021-09-20,F0215,4.04
29,7.17,25.21,19.76,612.58,199.72,6.26,2520.77,1.14,1.33,1.62,6,Corn,South,Spring,2021-05-07,F0131,6.0
30,5.32,32.51,16.3,195.77,64.96,10.64,1368.84,2.22,0.3,1.79,2,Corn,Central,Summer,2021-12-14,F0102,4.97
31,5.74,23.39,25.01,640.92,195.67,0.25,1948.01,0.92,0.85,1.16,3,Rice,East,Autumn,2021-06-13,F0344,7.1
32,5.35,29.78,29.1,636.89,118.82,10.09,2497.52,2.59,1.07,1.57,4,Rice,East,Summer,2021-04-29,F0123,5.96
33,7.36,36.83,12.24,666.91,76.57,2.06,1040.99,1.31,1.1,1.53,4,Barley,South,Summer,2021-04-27,F0304,6.32
34,5.28,31.52,34.34,503.21,258.45,1.12,2981.07,0.52,0.23,1.41,6,Soybean,South,Spring,2021-04-16,F0041,6.65
35,4.95,31.35,20.13,545.32,245.51,13.99,2557.82,2.19,0.92,0.78,6,Wheat,East,Autumn,2021-07-16,F0473,6.9
36,6.76,22.66,30.33,647.99,233.35,11.98,1953.76,1.87,1.18,0.84,3,Wheat,Central,Summer,2021-03-09,F0079,6.56
37,6.22,42.77,32.9,768.04,290.42,4.13,2802.58,2.46,1.48,0.65,2,Soybean,North,Spring,2021-06-16,F0146,7.32
38,7.15,26.04,23.15,492.61,264.87,3.11,2129.15,0.59,1.35,1.96,3,Rice,North,Summer,2021-01-07,F0222,6.25
39,7.77,34.61,33.03,360.52,117.9,6.78,1874.9,0.79,1.44,0.84,6,Wheat,North,Autumn,2021-02-28,F0060,5.74
40,7.84,22.96,13.78,830.28,73.97,8.2,2866.59,1.89,1.24,1.99,1,Corn,North,Autumn,2021-08-14,F0446,5.04
41,8.47,35.23,15.39,691.12,95.15,4.79,1979.34,0.76,0.66,1.57,2,Corn,East,Summer,2021-05-22,F0175,4.2
42,6.93,42.68,28.24,171.21,187.26,2.34,2339.38,0.54,1.28,0.93,6,Rice,South,Spring,2021-05-21,F0031,6.57
43,7.48,17.13,21.38,954.57,204.1,4.4,2887.91,2.74,1.49,1.85,3,Corn,Central,Autumn,2021-03-29,F0443,7.92
44,4.97,33.63,26.15,246.4,103.3,0.9,2450.35,2.97,0.6,0.93,2,Rice,North,Summer,2021-02-06,F0470,6.06
45,8.08,23.81,21.42,153.17,76.04,12.31,2190.29,1.55,0.74,1.71,2,Barley,Central,Spring,2021-07-12,F0279,4.28
46,7.15,14.0,30.95,929.87,79.18,5.83,2305.3,2.59,0.61,0.86,1,Rice,Central,Summer,2021-12-07,F0198,5.4
47,6.41,46.93,21.78,1102.18,292.81,11.89,1152.12,2.15,0.97,1.45,5,Soybean,South,Autumn,2021-08-29,F0489,6.93
48,6.07,39.16,18.38,876.13,217.38,8.62,2106.28,2.36,0.4,1.01,3,Wheat,South,Summer,2021-02-23,F0205,6.8
49,5.7,40.77,21.23,917.28,126.37,8.0,2953.07,0.96,1.39,1.78,5,Wheat,North,Summer,2021-11-28,F0364,4.4
50,5.23,40.96,15.25,1021.36,73.38,6.67,2217.14,0.65,0.29,1.53,2,Wheat,Central,Spring,2021-10-24,F0159,5.81
51,6.82,16.38,14.81,1142.59,193.1,4.07,2858.2,2.49,0.44,1.41,3,Wheat,North,Summer,2021-11-21,F0461,6.88
52,5.17,34.74,34.22,1084.82,171.52,5.41,1100.54,2.57,0.74,1.81,2,Soybean,Central,Spring,2021-05-13,F0001,6.36
53,7.76,47.35,14.7,944.44,81.15,14.79,1944.38,2.37,1.0,0.54,4,Wheat,West,Summer,2021-10-18,F0481,4.89
54,8.43,12.07,27.67,260.28,76.17,8.48,1659.03,1.96,0.4,0.74,3,Wheat,South,Spring,2021-05-14,F0073,3.62
55,4.74,47.96,24.16,1195.77,178.35,1.01,2517.51,1.91,1.48,1.5,4,Soybean,Central,Summer,2021-07-29,F0348,7.91
56,6.72,18.61,14.57,196.9,60.46,11.15,2380.92,2.9,1.08,1.91,1,Corn,Central,Spring,2021-01-11,F0184,4.91
57,5.52,41.82,24.61,1197.12,171.42,4.89,2852.55,2.99,0.2,1.78,4,Barley,North,Spring,2021-02-15,F0271,6.37
58,4.65,35.12,30.01,276.68,253.81,7.86,2212.16,1.81,0.47,1.62,1,Soybean,Central,Summer,2021-05-15,F0407,7.12
59,8.24,38.56,28.87,849.5,275.48,1.3,1730.71,1.17,0.25,1.84,2,Soybean,North,Autumn,2021-09-01,F0245,7.15
60,8.21,20.09,14.25,550.92,233.95,9.42,1205.73,1.92,0.57,1.16,5,Wheat,East,Spring,2021-11-24,F0059,4.99
61,5.86,43.14,27.62,189.28,167.44,3.35,1940.81,1.53,0.85,1.92,3,Soybean,North,Autumn,2021-06-02,F0475,6.43
62,5.53,35.37,17.11,698.67,284.03,0.39,2032.27,0.99,0.96,1.91,1,Rice,North,Summer,2021-11-13,F0031,8.36
63,5.43,23.46,15.71,858.35,244.86,6.1,1670.61,1.89,1.19,0.83,5,Wheat,South,Summer,2021-02-23,F0350,8.23
64,6.05,29.52,12.45,772.11,123.51,8.79,2548.34,1.28,1.24,1.86,1,Wheat,South,Autumn,2021-02-07,F0211,6.65
65,5.47,42.13,30.35,667.07,77.26,7.85,2320.29,1.25,0.83,1.77,1,Soybean,South,Spring,2021-12-21,F0301,4.75
66,5.87,11.27,21.3,659.74,55.72,2.5,2203.11,0.71,0.68,1.26,5,Barley,South,Summer,2021-08-04,F0379,5.58
67,5.05,38.28,13.65,1067.94,272.73,9.68,1748.83,1.73,1.18,1.81,4,Wheat,West,Summer,2021-07-01,F0422,8.86
68,6.62,15.43,22.76,280.7,260.3,11.58,2554.32,2.11,1.3,0.55,2,Barley,North,Spring,2021-04-29,F0304,5.5
69,6.67,27.28,17.31,1171.7,189.43,12.68,1220.65,2.53,1.48,1.09,4,Rice,Central,Autumn,2021-09-24,F0102,7.21
70,6.14,16.3,28.7,1090.97,193.15,13.19,1045.33,2.75,1.4,1.45,2,Barley,North,Spring,2021-08-06,F0025,6.39
71,5.08,46.25,13.46,358.36,240.11,10.07,2608.91,2.41,0.32,1.79,4,Rice,North,Autumn,2021-09-03,F0416,8.01
72,6.41,18.21,11.89,170.97,254.14,3.66,1142.85,1.04,0.25,1.41,1,Corn,East,Spring,2021-03-13,F0048,6.95
73,5.73,38.62,23.62,600.06,196.26,2.27,2698.96,2.13,0.7,1.23,3,Corn,West,Autumn,2021-05-15,F0382,7.42
74,8.11,23.55,12.42,1184.13,178.65,7.57,2309.58,2.0,0.75,1.28,6,Corn,North,Spring,2021-01-10,F0477,6.99
75,4.97,23.18,23.49,221.97,259.16,13.76,1628.27,2.81,1.01,0.69,6,Corn,West,Summer,2021-09-12,F0236,6.74
76,7.25,27.27,16.01,493.68,63.49,13.66,2737.82,0.91,1.19,1.87,2,Soybean,West,Autumn,2021-08-27,F0130,5.18
77,4.57,10.15,13.72,483.13,146.97,7.88,2632.92,1.11,0.49,1.17,4,Soybean,Central,Summer,2021-11-28,F0431,5.59
78,5.83,43.12,31.99,1048.23,88.98,12.85,1121.02,1.92,1.31,1.24,2,Wheat,West,Autumn,2021-07-31,F0234,4.62
79,6.38,48.04,22.78,817.19,120.33,12.49,2455.83,1.35,0.98,1.45,1,Wheat,Central,Spring,2021-08-01,F0361,4.93
80,6.25,40.19,16.48,1112.29,55.45,6.53,2023.12,2.42,1.42,1.43,1,Soybean,East,Summer,2021-06-25,F0374,5.31
81,6.69,29.86,25.42,410.92,188.17,12.37,1768.61,1.87,1.17,1.85,3,Rice,East,Autumn,2021-03-31,F0116,6.23
82,8.06,16.68,21.88,787.51,203.02,3.98,1795.03,2.06,1.23,0.66,3,Rice,South,Autumn,2021-10-06,F0367,7.08
83,4.98,47.07,23.4,1030.49,112.63,6.95,1013.95,2.35,0.44,1.57,6,Wheat,Central,Summer,2021-09-26,F0168,6.45
84,7.39,15.79,11.75,830.01,176.66,0.53,2057.76,0.82,0.22,1.92,2,Barley,South,Summer,2021-06-04,F0228,6.88
85,7.76,28.43,33.95,1055.56,65.6,12.54,2204.76,2.21,0.49,1.97,2,Corn,East,Spring,2021-05-06,F0010,5.16
86,7.45,35.36,17.78,855.47,216.23,14.51,2895.16,1.98,0.21,0.9,4,Corn,East,Summer,2021-09-05,F0134,5.7
87,6.21,25.66,25.75,747.77,298.53,3.84,1334.45,2.77,1.3,0.55,2,Rice,South,Summer,2021-10-06,F0309,8.84
88,6.72,46.68,11.84,391.34,204.91,5.13,1844.71,1.23,1.19,0.64,3,Corn,East,Summer,2021-09-25,F0018,5.55
89,8.36,46.98,19.86,140.22,276.87,8.59,1781.17,2.0,1.43,1.49,4,Wheat,East,Summer,2021-02-19,F0227,6.1
90,5.5,16.4,19.75,741.04,97.45,9.64,1656.31,1.26,0.56,1.3,5,Soybean,Central,Spring,2021-07-13,F0037,4.88
91,5.41,49.71,10.03,159.37,177.79,2.05,1766.81,1.42,0.47,0.98,3,Wheat,South,Autumn,2021-05-09,F0230,6.69
92,5.9,15.56,11.9,979.65,284.52,9.49,2827.91,1.4,0.78,1.13,5,Wheat,West,Spring,2021-11-11,F0458,5.87
93,5.94,44.91,29.56,655.99,297.94,4.46,2707.51,2.85,0.74,1.97,4,Soybean,Central,Autumn,2021-01-13,F0108,7.91
94,7.79,10.89,25.91,761.24,73.8,3.62,2981.94,1.15,0.67,1.05,2,Soybean,North,Summer,2021-11-09,F0251,5.65
95,5.42,27.7,20.81,305.0,115.26,9.04,2017.43,2.27,0.77,1.35,5,Wheat,East,Spring,2021-06-03,F0016,5.62
96,5.65,20.95,26.4,582.35,101.79,10.41,1420.46,1.98,0.96,1.38,4,Wheat,South,Summer,2021-12-22,F0183,6.2
97,8.06,36.96,27.65,310.14,190.06,3.44,1033.8,1.62,1.36,0.67,3,Corn,West,Autumn,2021-02-10,F0394,6.99
98,7.43,13.25,12.04,248.5,53.82,11.13,2325.32,1.58,1.31,1.58,3,Wheat,West,Summer,2021-04-14,F0288,3.46
99,6.67,31.67,17.73,655.36,51.16,13.13,1173.06,2.46,0.36,0.75,1,Wheat,South,Summer,2021-01-18,F0196,3.33
100,7.73,31.79,30.5,671.82,291.43,1.23,2128.69,0.67,1.3,1.94,6,Barley,South,Spring,2021-10-11,F0119,6.91
101,7.57,46.2,29.86,494.68,274.78,14.42,2182.79,0.88,1.35,1.68,1,Rice,East,Autumn,2021-06-23,F0221,7.86
102,6.1,13.36,27.98,938.93,91.62,10.65,2126.59,2.74,1.06,1.41,5,Soybean,East,Summer,2021-05-04,F0355,5.07
103,5.37,31.8,27.34,1009.75,160.04,12.84,1197.48,2.06,1.04,1.0,6,Barley,Central,Summer,2021-11-01,F0271,6.88
104,6.52,13.73,19.47,309.35,147.13,14.83,1587.56,1.71,0.81,1.66,1,Barley,Central,Summer,2021-09-08,F0139,5.52
105,6.28,35.71,14.88,261.83,71.93,11.71,2144.7,1.98,1.13,0.69,1,Corn,West,Summer,2021-07-17,F0186,5.49
106,5.98,19.83,21.3,335.94,61.23,10.71,1568.29,2.14,0.37,0.97,3,Soybean,West,Summer,2021-08-14,F0406,4.07
107,5.4,44.76,28.44,1077.41,130.55,4.72,2062.69,1.39,0.74,0.56,6,Barley,South,Summer,2021-09-13,F0304,5.84
108,7.86,15.16,33.34,858.44,154.04,11.3,2775.08,1.95,0.89,1.89,6,Wheat,West,Summer,2021-09-21,F0189,5.21
109,7.7,42.07,17.3,859.26,182.86,6.54,2898.16,0.55,0.45,1.01,1,Soybean,East,Autumn,2021-06-06,F0096,6.57
110,6.62,44.27,16.04,839.68,185.4,7.52,1362.02,2.96,1.05,0.56,6,Barley,West,Autumn,2021-11-07,F0462,7.68
111,5.37,44.35,19.59,1066.29,150.59,13.56,1106.89,0.93,1.25,0.84,1,Barley,East,Spring,2021-11-14,F0136,5.51
112,5.22,25.77,30.67,292.93,258.2,13.31,2276.11,1.12,1.26,0.96,5,Soybean,East,Summer,2021-07-13,F0344,7.18
113,7.29,36.53,26.99,828.86,140.53,1.62,1984.79,1.29,1.19,1.95,6,Rice,Central,Spring,2021-08-01,F0406,7.09
114,5.02,27.63,32.56,1053.46,87.19,14.02,1663.75,0.83,1.43,0.93,3,Corn,East,Summer,2021-03-19,F0245,4.83
115,7.9,23.5,29.4,838.46,146.32,10.16,2158.69,1.94,0.27,1.46,4,Wheat,West,Summer,2021-12-13,F0095,5.17
116,6.51,10.29,26.4,394.41,93.18,3.37,1429.81,1.0,0.72,1.01,6,Corn,West,Spring,2021-05-01,F0029,3.83
117,7.33,18.4,28.09,1026.88,240.25,13.04,1881.75,0.93,1.37,1.59,1,Barley,West,Spring,2021-03-11,F0188,7.43
118,5.12,33.03,13.89,917.38,94.28,14.69,1962.93,0.55,1.08,1.05,4,Barley,Central,Autumn,2021-06-18,F0025,5.15
119,6.37,26.23,21.71,827.48,148.78,7.79,2078.37,1.57,1.41,1.7,1,Wheat,Central,Autumn,2021-02-16,F0324,6.27
120,7.99,49.28,34.76,454.19,68.58,7.52,2885.2,2.65,1.36,1.03,5,Wheat,North,Summer,2021-08-31,F0280,4.78
121,6.59,15.07,12.21,733.5,149.78,10.24,1603.19,1.49,0.67,0.98,6,Corn,West,Spring,2021-11-07,F0326,5.78
122,6.87,30.68,24.54,495.9,63.18,1.2,1462.39,2.56,1.33,1.54,6,Barley,South,Spring,2021-01-30,F0239,5.05
123,7.29,13.92,26.85,1061.52,217.46,6.68,1009.23,1.71,0.64,1.99,4,Wheat,South,Spring,2021-11-08,F0143,6.81
124,6.95,39.0,18.99,916.4,65.5,11.69,2485.97,1.28,1.14,0.6,5,Wheat,South,Autumn,2021-09-13,F0492,5.58
125,5.3,18.57,29.79,415.86,241.02,3.24,2028.08,2.65,0.92,0.93,2,Rice,East,Summer,2021-03-14,F0369,6.84
126,7.19,44.88,22.28,110.99,179.14,13.99,2344.78,0.8,0.8,0.94,6,Rice,West,Spring,2021-01-13,F0064,5.66
127,5.3,44.99,28.73,598.33,288.49,3.21,2926.26,1.45,1.14,1.89,4,Soybean,Central,Autumn,2021-10-17,F0353,7.96
128,7.96,39.63,23.07,121.48,146.48,6.75,1086.65,0.75,1.13,1.01,6,Rice,South,Summer,2021-11-11,F0340,4.63
129,6.05,34.39,16.1,1084.9,157.5,5.18,2167.28,1.65,0.76,1.54,1,Corn,North,Summer,2021-11-10,F0468,7.04
130,5.51,22.39,10.01,648.34,103.59,6.03,2116.44,2.9,1.06,1.83,3,Wheat,East,Spring,2021-02-23,F0337,5.22
131,5.54,39.67,26.96,880.05,249.73,2.05,2607.45,2.42,1.11,1.57,2,Barley,East,Autumn,2021-09-02,F0313,8.4
132,5.9,21.34,20.11,360.91,242.74,12.73,2334.11,2.52,0.47,0.57,6,Barley,West,Summer,2021-01-01,F0326,6.45
133,7.31,12.14,11.62,1162.04,132.28,11.34,2903.5,2.61,0.35,1.37,6,Wheat,West,Spring,2021-04-27,F0326,6.12
134,6.46,27.32,14.17,779.7,229.83,10.98,2364.36,2.49,0.22,1.41,2,Rice,Central,Summer,2021-08-13,F0205,7.82
135,5.75,16.44,22.32,619.02,194.11,13.67,1957.72,2.23,0.91,1.54,1,Rice,Central,Spring,2021-02-07,F0481,5.9
136,6.34,16.79,21.84,950.34,287.47,2.57,1157.22,2.36,0.31,1.47,6,Soybean,South,Spring,2021-08-16,F0133,6.88
137,8.13,25.8,11.53,768.96,248.52,1.42,1280.36,1.32,1.39,1.5,5,Rice,West,Summer,2021-09-25,F0127,7.62
138,5.18,37.18,18.14,578.23,69.64,1.48,2413.68,2.3,0.56,1.26,1,Corn,West,Summer,2021-09-08,F0470,5.62
139,7.21,43.28,29.66,873.21,54.78,3.42,2003.88,2.22,0.75,1.88,3,Soybean,North,Autumn,2021-03-11,F0494,4.6
140,8.48,17.82,15.81,380.57,293.03,10.41,1502.19,2.98,0.65,1.1,6,Rice,East,Autumn,2021-07-03,F0179,7.1
141,5.38,12.53,28.83,1148.09,195.82,1.85,1082.77,1.68,1.12,1.96,6,Soybean,South,Spring,2021-03-21,F0275,6.86
142,8.41,15.09,11.2,621.08,202.9,3.24,1342.38,1.0,0.54,1.65,6,Corn,East,Autumn,2021-07-07,F0491,8.14
143,7.89,43.17,19.09,891.7,77.77,10.67,1753.53,2.2,1.12,1.71,4,Corn,North,Autumn,2021-09-14,F0345,5.39
144,5.91,17.68,21.33,1069.53,189.68,4.5,2952.53,2.04,0.34,0.88,1,Corn,Central,Autumn,2021-06-22,F0007,7.03
145,5.96,31.47,32.39,288.22,178.8,9.97,1146.94,2.12,1.38,1.54,5,Corn,Central,Spring,2021-03-01,F0374,6.76
146,8.22,43.88,19.82,396.28,80.49,7.53,2545.58,2.69,0.65,1.18,3,Corn,West,Spring,2021-01-01,F0162,5.28
147,5.26,47.69,29.79,853.73,236.34,9.35,1058.69,0.55,1.19,1.23,4,Barley,East,Autumn,2021-05-18,F0427,6.64
148,7.49,16.69,33.31,420.4,174.67,5.67,1958.56,1.06,0.56,1.63,5,Corn,Central,Autumn,2021-08-15,F0260,5.75
149,5.08,31.28,23.79,1006.68,131.52,14.86,1017.2,1.52,1.5,1.67,3,Barley,Central,Summer,2021-08-11,F0201,5.18
150,8.09,12.16,16.84,998.11,200.28,12.82,1931.82,2.53,0.44,0.59,6,Rice,South,Autumn,2021-12-26,F0232,6.08
151,7.6,35.03,27.47,419.56,135.92,6.5,2014.53,1.99,0.51,1.52,2,Soybean,Central,Spring,2021-06-05,F0332,6.96
152,5.27,29.97,25.64,439.08,246.76,0.61,2273.23,2.4,1.22,1.7,4,Barley,East,Spring,2021-06-10,F0004,7.61
153,7.44,28.12,24.8,832.56,100.67,12.85,1715.36,1.64,0.26,1.55,1,Soybean,South,Summer,2021-11-13,F0300,5.27
154,8.09,36.01,29.07,1001.31,234.23,9.32,2909.21,1.02,0.22,1.22,4,Corn,Central,Spring,2021-05-05,F0124,6.06
155,4.89,21.45,13.75,698.41,209.15,8.35,2269.22,1.78,0.81,1.77,2,Wheat,East,Spring,2021-09-22,F0132,6.82
156,5.95,34.76,20.01,537.27,241.57,12.83,2209.99,1.2,0.81,1.26,6,Corn,South,Autumn,2021-07-30,F0254,7.64
157,5.24,35.35,31.09,466.34,288.33,5.14,1381.11,2.84,0.93,0.92,2,Soybean,North,Autumn,2021-02-09,F0208,6.65
158,5.21,39.71,21.28,114.48,284.61,12.36,1503.45,2.46,0.83,1.02,3,Soybean,West,Autumn,2021-12-21,F0253,6.92
159,7.35,21.21,24.14,1156.65,121.07,12.26,1445.85,2.67,0.96,0.57,5,Soybean,Central,Spring,2021-10-16,F0350,5.67
160,6.01,48.19,15.1,753.25,108.54,8.08,1985.67,2.47,1.35,0.89,5,Barley,West,Summer,2021-06-23,F0487,6.74
161,8.42,37.1,34.64,961.21,278.52,3.06,1287.38,1.57,0.52,1.86,5,Rice,East,Summer,2021-01-27,F0104,8.8
162,7.81,47.52,19.8,1139.9,279.73,11.0,1591.56,1.87,1.23,1.63,5,Soybean,North,Summer,2021-03-23,F0294,7.34
163,5.83,22.22,29.33,345.03,133.5,3.2,2864.53,1.07,1.23,1.91,3,Barley,North,Spring,2021-01-24,F0358,5.97
164,6.75,21.42,25.29,429.27,215.28,9.38,1093.45,0.77,1.06,1.83,3,Soybean,East,Summer,2021-12-22,F0442,6.8
165,5.54,25.04,31.08,721.82,109.22,12.82,2948.0,0.56,0.88,1.15,3,Rice,North,Summer,2021-08-28,F0002,5.28
166,7.34,15.57,13.94,337.3,127.22,5.84,2831.04,1.23,0.96,1.32,1,Rice,East,Autumn,2021-02-08,F0365,6.7
167,7.91,33.62,32.37,945.88,293.64,1.35,2968.92,2.51,1.32,1.26,4,Wheat,South,Summer,2021-09-10,F0297,6.28
168,4.64,12.89,21.24,426.86,163.33,13.2,1545.53,1.08,1.11,1.46,6,Rice,West,Spring,2021-07-01,F0226,5.27
169,6.15,28.01,16.52,298.96,84.62,9.8,1963.47,0.73,1.2,1.3,3,Barley,West,Spring,2021-09-22,F0106,4.54
170,8.36,28.95,19.08,488.91,291.33,12.16,1949.51,1.67,0.51,1.25,6,Barley,West,Spring,2021-10-03,F0095,7.67
171,6.09,20.13,29.08,1141.73,221.73,7.76,2598.89,1.62,1.02,1.3,2,Soybean,North,Summer,2021-11-11,F0151,7.06
172,6.95,30.86,34.63,770.41,255.07,8.59,1499.78,1.37,0.95,1.81,2,Corn,Central,Autumn,2021-12-13,F0443,6.83
173,6.6,25.75,17.6,340.97,179.87,7.86,2205.63,2.89,1.19,1.48,5,Rice,East,Summer,2021-05-10,F0083,5.98
174,8.04,37.22,30.12,472.04,198.28,2.14,1796.36,2.52,1.14,0.72,3,Corn,West,Summer,2021-09-10,F0008,5.86
175,5.59,23.33,29.82,1081.23,237.49,0.96,2285.15,1.94,0.41,0.54,2,Barley,North,Summer,2021-03-16,F0486,8.1
176,8.14,42.69,19.41,926.72,195.34,14.17,1160.86,1.92,0.81,0.51,6,Soybean,Central,Summer,2021-12-13,F0311,5.85
177,5.79,35.96,26.02,290.2,109.07,3.25,2519.45,2.78,1.35,0.74,5,Wheat,Central,Autumn,2021-02-21,F0332,5.92
178,7.0,25.08,24.59,244.55,97.96,13.34,2359.28,2.28,0.83,1.23,2,Barley,Central,Spring,2021-05-19,F0229,4.0
179,7.77,23.72,27.37,473.39,108.54,9.39,2315.32,1.87,1.29,0.73,5,Rice,West,Spring,2021-02-23,F0080,3.94
180,5.11,43.04,17.32,754.31,112.87,2.67,1348.29,1.36,1.07,0.64,6,Corn,West,Summer,2021-12-23,F0117,5.12
181,6.02,40.79,14.1,1054.7,183.92,2.13,2496.35,1.69,1.34,1.85,2,Corn,Central,Summer,2021-10-10,F0225,7.71
182,6.26,41.68,13.35,289.78,197.67,10.61,1145.62,1.43,0.57,1.14,1,Soybean,East,Spring,2021-10-09,F0343,6.16
183,6.88,42.7,12.04,558.51,101.31,6.38,1107.68,2.84,1.11,1.96,4,Soybean,South,Summer,2021-02-18,F0128,6.04
184,7.45,34.11,26.76,565.2,264.9,1.77,1278.32,2.2,1.3,1.56,3,Soybean,South,Spring,2021-10-05,F0371,7.21
185,7.47,47.16,33.49,336.83,126.76,6.51,1150.03,1.24,1.32,0.78,5,Corn,North,Summer,2021-09-20,F0169,4.8
186,5.76,33.22,23.88,799.31,73.49,3.59,2111.01,2.55,0.6,1.46,4,Soybean,South,Summer,2021-09-27,F0271,4.64
187,8.29,16.8,27.34,731.37,276.7,14.9,2390.99,1.69,0.84,1.03,5,Barley,North,Spring,2021-01-21,F0072,6.8
188,8.04,47.31,10.95,386.69,181.99,3.03,1693.48,2.26,0.87,1.1,1,Soybean,Central,Summer,2021-02-24,F0242,6.87
189,5.01,29.67,33.77,786.83,74.91,4.75,2245.52,0.86,1.39,1.37,2,Barley,North,Spring,2021-09-09,F0328,5.85
190,5.59,31.19,33.4,544.81,172.98,14.52,2591.18,0.58,0.97,0.61,4,Barley,West,Summer,2021-05-26,F0312,6.86
191,5.1,29.06,34.36,793.05,136.28,5.06,1407.31,1.37,0.89,0.91,5,Wheat,West,Autumn,2021-06-01,F0346,5.91
192,6.59,49.04,34.22,550.51,289.15,10.56,2198.4,1.11,1.18,1.7,5,Wheat,Central,Spring,2021-06-08,F0146,7.64
193,6.59,23.78,14.32,1120.99,81.36,7.47,2042.75,0.71,0.51,0.58,4,Corn,West,Summer,2021-07-03,F0390,5.65
194,7.81,48.69,14.43,1122.67,230.95,12.09,1688.49,1.83,1.39,1.63,2,Barley,West,Autumn,2021-08-23,F0241,7.31
195,7.69,16.37,12.29,529.53,252.2,0.32,1509.34,0.95,0.65,1.54,3,Wheat,East,Spring,2021-10-31,F0454,6.77
196,8.21,39.67,29.0,1104.92,195.1,2.46,2700.99,2.52,0.21,1.32,6,Barley,West,Autumn,2021-02-15,F0326,6.45
197,4.98,35.87,34.01,664.73,166.16,9.09,1871.54,1.0,0.57,1.93,1,Rice,East,Autumn,2021-09-12,F0193,6.31
198,5.99,32.73,13.2,1189.8,261.08,5.93,1066.07,2.83,1.02,1.0,1,Wheat,South,Autumn,2021-08-11,F0320,8.78
199,5.46,28.81,28.25,772.05,124.62,3.57,1538.45,1.67,1.0,1.98,3,Corn,South,Autumn,2021-08-30,F0204,6.46
200,5.59,43.41,10.03,310.07,59.93,5.64,1144.29,2.72,1.24,0.74,4,Barley,North,Summer,2021-02-12,F0117,4.42
201,5.78,30.21,19.55,978.14,166.46,13.34,2486.77,1.02,1.29,0.95,4,Barley,East,Spring,2021-10-29,F0305,6.12
202,7.01,21.95,32.86,680.88,210.05,4.66,2608.53,1.04,1.02,1.63,4,Soybean,South,Autumn,2021-03-06,F0104,6.46
203,8.07,21.52,25.77,376.11,211.11,4.6,1552.63,1.4,0.96,1.34,5,Barley,East,Summer,2021-10-24,F0143,7.22
204,5.69,33.57,10.04,689.07,212.03,10.13,2720.9,2.22,0.4,0.87,6,Barley,South,Summer,2021-08-12,F0213,6.13
205,5.65,31.29,27.37,794.86,170.27,9.55,1890.2,0.77,0.41,0.73,2,Barley,West,Spring,2021-02-01,F0325,6.94
206,4.72,41.45,34.26,1146.25,197.04,9.38,1993.13,1.58,0.93,1.05,2,Barley,Central,Summer,2021-12-08,F0014,6.99
207,6.93,28.57,11.32,564.55,297.94,7.07,1385.92,0.59,1.33,1.24,2,Soybean,West,Spring,2021-05-18,F0018,7.22
208,6.39,21.01,25.61,1173.7,76.57,3.12,1944.85,1.46,0.89,0.88,5,Rice,East,Spring,2021-09-22,F0473,6.28
209,4.58,28.6,11.37,127.32,260.7,4.26,1389.23,2.8,0.23,1.55,1,Barley,North,Autumn,2021-04-18,F0464,5.92
210,4.62,40.43,34.23,1080.21,156.48,8.0,1862.15,2.33,0.59,1.69,6,Barley,East,Spring,2021-09-02,F0267,5.11
211,8.17,48.31,21.0,656.42,218.01,12.73,2606.52,1.3,0.83,0.88,3,Rice,North,Autumn,2021-08-20,F0126,7.43
212,7.03,21.41,19.88,956.4,93.56,6.47,1173.49,2.24,1.39,0.64,3,Barley,West,Spring,2021-12-21,F0391,5.39
213,6.99,20.51,23.94,631.82,210.51,13.76,2576.12,1.21,1.06,1.09,1,Wheat,Central,Autumn,2021-07-06,F0283,6.74
214,7.9,16.06,18.21,871.93,282.74,3.69,2203.61,2.88,1.1,1.06,1,Barley,East,Summer,2021-03-22,F0194,7.16
215,6.28,47.62,10.1,1014.31,102.79,4.23,1551.26,2.1,1.3,0.67,1,Soybean,South,Summer,2021-07-08,F0045,5.61
216,4.63,47.94,17.29,1061.45,120.05,6.31,2713.45,2.34,0.52,1.14,2,Corn,Central,Autumn,2021-09-08,F0430,7.1
217,6.82,46.32,23.05,610.34,238.27,11.49,1266.03,0.55,1.05,0.94,5,Corn,West,Spring,2021-07-12,F0240,6.96
218,6.47,39.58,28.91,225.12,148.12,11.5,2902.97,2.92,0.37,0.76,6,Soybean,West,Summer,2021-04-16,F0152,4.82
219,4.59,35.52,23.23,185.75,216.25,7.36,1993.05,2.86,1.44,1.5,4,Rice,Central,Autumn,2021-09-11,F0354,7.23
220,8.14,16.43,21.33,167.21,182.99,4.91,1204.68,0.84,1.13,0.85,6,Soybean,West,Autumn,2021-02-21,F0365,5.7
221,7.38,14.41,30.72,462.6,68.71,14.45,1645.78,1.14,1.17,0.62,4,Rice,West,Spring,2021-07-25,F0113,4.7
222,8.37,14.6,14.24,1165.63,98.7,11.79,1699.07,2.35,1.03,1.12,4,Barley,South,Spring,2021-09-21,F0448,5.27
223,7.8,38.87,16.59,1098.26,168.79,2.76,2248.16,2.9,0.79,0.66,5,Soybean,Central,Spring,2021-05-09,F0469,7.29
224,4.74,24.78,20.28,1084.66,181.29,10.58,1474.27,0.57,0.75,1.66,1,Rice,South,Autumn,2021-07-16,F0446,6.94
225,8.31,38.39,31.45,333.4,283.93,13.08,2187.16,2.32,0.28,1.17,3,Corn,North,Spring,2021-02-23,F0019,6.93
226,4.55,34.34,20.37,154.83,146.78,6.4,1590.26,2.24,0.29,1.01,4,Rice,West,Spring,2021-01-26,F0018,6.34
227,6.16,28.54,12.37,1078.56,202.63,2.57,1573.17,2.98,0.61,1.29,2,Rice,East,Spring,2021-01-03,F0142,6.67
228,5.35,35.66,16.94,686.54,165.71,1.97,1006.16,0.62,0.21,0.85,6,Soybean,South,Spring,2021-07-27,F0026,6.48
229,6.18,45.8,20.97,425.44,198.49,10.27,1330.58,1.06,1.27,1.79,2,Barley,East,Autumn,2021-04-11,F0237,6.08
230,5.26,29.06,28.26,762.88,91.34,2.41,2196.78,1.42,1.48,1.83,2,Corn,North,Spring,2021-10-03,F0388,5.52
231,5.43,27.3,31.56,590.4,98.3,6.02,2442.07,2.38,0.72,1.54,3,Corn,East,Spring,2021-01-11,F0179,6.21
232,5.0,19.23,27.8,376.44,185.68,14.26,2274.94,2.02,1.11,1.93,5,Rice,West,Summer,2021-01-28,F0294,5.87
233,5.38,41.45,11.45,581.95,112.06,11.18,2885.31,0.86,0.44,1.16,3,Corn,South,Spring,2021-02-06,F0137,4.97
234,6.14,22.6,24.43,313.5,270.9,12.48,1209.42,2.37,0.23,1.92,6,Wheat,Central,Spring,2021-02-02,F0357,7.61
235,5.19,23.83,11.8,483.23,57.32,4.66,1332.98,1.54,1.37,1.45,5,Soybean,Central,Spring,2021-04-20,F0301,4.64
236,6.21,38.76,24.7,1043.54,134.99,12.44,2537.25,0.89,0.93,0.58,1,Barley,North,Summer,2021-07-04,F0383,6.43
237,8.16,22.97,14.66,560.46,107.16,9.23,2091.6,0.67,0.85,1.26,2,Corn,West,Summer,2021-08-25,F0452,5.53
238,7.39,14.03,18.45,1043.89,208.14,6.16,2033.37,2.86,0.92,1.68,4,Rice,South,Spring,2021-07-02,F0314,8.14
239,7.63,23.95,14.19,109.97,294.66,7.5,2515.94,0.63,1.13,1.71,3,Wheat,East,Autumn,2021-08-17,F0358,7.13
240,6.97,37.77,19.21,438.94,252.39,11.68,2011.96,2.03,0.97,0.87,5,Corn,South,Spring,2021-11-06,F0240,6.85
241,8.09,10.15,31.85,735.6,189.72,0.34,2571.14,2.28,0.71,0.89,2,Soybean,North,Spring,2021-07-11,F0046,6.71
242,4.76,38.81,10.91,265.97,62.34,5.4,1936.79,1.38,0.66,1.99,6,Corn,East,Summer,2021-09-28,F0131,5.33
243,6.52,14.97,31.55,518.84,139.24,14.04,2085.01,2.94,1.05,1.7,3,Corn,South,Spring,2021-09-10,F0207,5.15
244,6.48,39.68,14.66,686.17,240.5,13.78,2911.32,1.55,1.42,1.68,6,Corn,South,Summer,2021-07-23,F0251,7.21
245,6.23,44.86,30.8,884.49,233.11,5.22,2776.59,0.71,0.77,1.46,2,Rice,Central,Spring,2021-04-02,F0443,6.31
246,7.87,21.61,20.18,703.6,129.09,13.75,2477.55,1.85,1.11,1.49,2,Rice,North,Summer,2021-09-14,F0132,5.7
247,5.21,14.85,21.38,1070.36,267.39,11.33,2631.13,2.42,0.48,1.8,4,Barley,Central,Autumn,2021-12-04,F0375,6.47
248,5.12,36.37,28.76,1136.85,224.37,4.27,2156.43,2.92,0.3,1.98,6,Wheat,South,Summer,2021-08-11,F0304,8.01
249,7.73,30.18,22.65,1179.55,154.6,6.92,1819.49,2.78,0.8,1.34,3,Barley,South,Summer,2021-06-01,F0354,6.56
250,6.29,27.93,26.23,1175.68,69.53,11.63,1796.46,1.37,0.85,1.72,6,Wheat,North,Summer,2021-03-03,F0446,5.32
251,7.87,10.6,29.44,581.1,240.07,3.61,2769.91,2.16,0.24,0.51,4,Rice,North,Summer,2021-10-17,F0476,5.92
252,5.43,31.1,22.07,234.42,142.63,6.53,1053.11,1.54,0.48,1.56,2,Corn,East,Spring,2021-02-08,F0124,5.58
253,5.75,39.7,25.15,998.22,158.31,10.31,1160.1,0.53,1.36,1.54,3,Wheat,Central,Spring,2021-10-02,F0151,5.4
254,5.31,34.38,21.39,594.85,152.41,12.55,2395.43,2.35,1.26,1.41,4,Rice,East,Spring,2021-09-07,F0100,5.79
255,7.14,31.83,13.51,957.74,88.11,9.9,1258.68,1.98,0.52,1.04,2,Barley,North,Spring,2021-08-12,F0161,6.14
256,6.92,12.89,34.58,217.7,101.05,9.09,1962.83,1.91,1.48,1.87,5,Soybean,Central,Autumn,2021-12-21,F0301,5.39
257,6.74,48.84,20.84,1015.06,254.05,3.29,2865.4,1.2,1.13,1.08,2,Rice,South,Autumn,2021-11-07,F0212,7.16
258,4.87,18.18,28.08,1100.6,59.78,4.88,1427.51,2.09,0.66,1.02,6,Barley,North,Autumn,2021-02-16,F0027,5.14
259,4.68,19.72,18.56,527.25,202.96,9.63,1506.51,2.01,1.35,1.79,4,Corn,East,Summer,2021-02-07,F0004,7.14
260,4.69,31.45,29.67,312.48,77.23,7.82,2351.66,1.23,1.35,1.53,6,Soybean,North,Autumn,2021-07-20,F0293,5.38
261,4.56,31.52,32.06,500.22,243.94,3.78,1494.37,1.27,0.23,0.82,5,Barley,East,Spring,2021-05-01,F0374,7.15
262,5.21,46.74,20.44,1068.08,243.14,1.6,2568.49,0.86,1.49,0.88,5,Wheat,East,Spring,2021-09-21,F0425,7.09
263,7.45,31.65,29.35,566.04,174.75,10.75,2897.6,2.07,0.28,1.1,4,Soybean,East,Autumn,2021-03-01,F0364,5.74
264,5.01,37.42,31.76,987.85,122.75,11.38,2062.09,0.78,1.12,0.61,5,Rice,East,Summer,2021-08-04,F0354,5.14
265,8.14,49.14,31.39,519.77,218.37,9.19,2831.54,1.55,1.23,0.86,6,Wheat,South,Autumn,2021-01-18,F0223,6.38
266,4.54,18.4,26.75,1180.72,124.0,0.96,1638.31,2.32,0.55,0.63,1,Wheat,East,Summer,2021-09-21,F0033,5.46
267,7.04,12.09,17.77,599.69,281.41,3.8,1445.69,1.28,1.05,0.64,1,Rice,Central,Summer,2021-06-18,F0170,7.0
268,7.76,18.94,18.18,1048.16,60.9,1.18,1175.51,1.66,0.82,1.38,5,Corn,East,Spring,2021-06-28,F0365,4.76
269,4.77,37.12,12.14,324.09,98.33,7.17,1443.25,1.69,1.45,0.91,3,Wheat,Central,Spring,2021-09-10,F0303,4.01
270,4.65,25.58,20.26,595.76,90.53,5.98,2765.37,0.72,0.58,1.34,5,Corn,Central,Autumn,2021-04-05,F0362,4.75
271,5.53,10.88,11.82,414.7,144.45,9.35,2624.81,0.78,0.58,1.25,5,Barley,South,Autumn,2021-03-24,F0340,5.17
272,8.16,24.9,10.8,480.9,229.26,1.67,2642.3,1.82,0.79,0.54,5,Wheat,East,Autumn,2021-04-16,F0021,6.37
273,5.49,19.07,23.21,1026.16,247.84,0.3,2453.62,0.9,1.31,0.75,6,Wheat,West,Summer,2021-03-27,F0255,7.95
274,7.19,47.68,23.39,740.99,55.65,8.19,1705.47,1.81,1.37,1.48,4,Barley,West,Spring,2021-07-18,F0132,4.42
275,6.72,10.36,17.84,464.1,215.2,7.52,1735.55,1.88,0.55,1.52,6,Corn,East,Summer,2021-06-26,F0030,5.4
276,8.18,11.68,20.87,546.16,148.16,8.18,2676.69,0.66,1.4,0.97,5,Barley,West,Autumn,2021-08-31,F0380,6.27
277,5.7,43.81,13.36,918.14,238.85,6.16,2605.28,2.67,1.25,1.56,4,Barley,Central,Autumn,2021-02-13,F0313,7.63
278,6.66,43.24,11.03,211.94,208.62,10.57,1765.42,2.76,1.25,0.8,5,Corn,Central,Spring,2021-03-30,F0123,6.93
279,7.56,20.84,24.55,1052.72,160.63,12.02,2661.01,2.68,0.79,1.27,3,Soybean,North,Autumn,2021-01-02,F0322,6.46
280,5.95,22.82,10.2,935.08,155.46,3.05,1987.64,1.02,0.85,1.95,2,Barley,South,Spring,2021-09-04,F0307,7.05
281,6.22,32.09,16.64,492.77,281.99,0.71,2838.39,2.64,1.14,1.55,5,Rice,East,Autumn,2021-11-11,F0012,9.11
282,7.62,18.8,18.86,1153.4,91.95,1.01,1238.36,2.11,1.46,1.72,6,Corn,Central,Autumn,2021-08-09,F0308,6.95
283,4.73,20.08,14.01,619.06,185.7,8.65,2948.97,0.96,0.84,1.22,3,Barley,North,Autumn,2021-08-18,F0058,5.43
284,8.01,19.92,24.04,196.64,222.6,13.83,1460.02,2.68,0.75,0.61,6,Rice,West,Autumn,2021-11-18,F0247,5.49
285,4.75,32.4,16.41,553.25,89.85,2.89,1082.95,2.28,0.78,1.1,1,Soybean,South,Spring,2021-03-06,F0267,5.3
286,4.55,22.8,32.18,225.14,79.77,1.87,2186.66,0.67,0.7,0.85,4,Wheat,South,Autumn,2021-01-19,F0037,4.86
287,5.9,20.73,16.68,512.44,231.28,10.51,1050.32,1.7,1.46,1.35,5,Barley,South,Spring,2021-10-04,F0302,6.6
288,6.68,10.71,18.03,999.9,60.17,8.6,2167.79,2.88,0.91,1.3,4,Wheat,East,Spring,2021-12-30,F0071,5.1
289,6.94,20.96,14.73,198.47,154.72,9.44,1261.81,1.96,0.93,1.67,3,Barley,South,Summer,2021-01-23,F0346,5.71
290,5.59,32.74,29.76,630.3,152.73,13.57,1817.26,0.65,0.74,1.16,5,Soybean,South,Summer,2021-03-27,F0064,5.39
291,5.73,18.43,18.38,587.74,104.38,0.14,1905.18,2.71,0.6,1.4,3,Wheat,South,Spring,2021-01-05,F0102,5.99
292,7.36,29.01,16.97,320.82,55.38,2.48,2147.63,1.83,0.27,1.33,5,Corn,South,Summer,2021-09-01,F0083,4.92
293,6.23,15.26,29.6,928.4,126.88,13.57,2335.94,1.27,1.05,0.86,6,Corn,Central,Autumn,2021-07-11,F0335,5.95
294,6.14,37.92,11.88,315.94,199.53,1.79,2757.66,2.76,0.94,0.77,2,Corn,West,Summer,2021-07-10,F0176,6.47
295,5.98,29.45,34.69,137.1,108.86,12.32,2753.25,1.2,0.84,0.77,6,Wheat,Central,Summer,2021-03-28,F0461,5.07
296,8.25,17.56,12.16,630.48,161.27,9.46,1383.46,2.09,1.16,0.82,3,Wheat,Central,Spring,2021-03-08,F0411,6.64
297,4.59,38.24,12.79,949.55,179.02,0.36,2463.89,1.05,0.26,1.6,6,Soybean,East,Summer,2021-06-15,F0009,5.83
298,6.13,47.06,14.22,1168.46,120.64,3.78,2839.22,1.7,1.13,1.68,1,Barley,North,Spring,2021-06-20,F0493,6.64
299,7.51,40.48,32.9,1104.0,138.82,5.66,2119.79,2.72,0.78,1.2,6,Corn,Central,Summer,2021-05-27,F0433,6.74
300,5.5,36.29,34.72,342.67,276.35,10.61,1096.69,2.5,1.06,1.13,2,Barley,West,Autumn,2021-08-02,F0048,7.34
301,6.9,20.0,18.62,1089.3,176.59,2.55,1870.73,2.79,0.46,1.71,1,Wheat,West,Autumn,2021-07-31,F0010,7.31
302,5.47,46.5,15.79,1029.03,222.23,12.73,1484.75,2.6,1.31,0.73,3,Barley,East,Summer,2021-12-23,F0001,8.12
303,4.99,47.23,28.7,405.75,99.14,12.33,1850.3,0.69,0.34,1.97,2,Rice,North,Summer,2021-06-17,F0460,4.32
304,7.21,28.18,23.24,563.98,185.33,9.69,2764.73,2.17,0.33,1.92,5,Soybean,Central,Summer,2021-05-19,F0096,7.01
305,7.0,46.24,26.32,494.71,238.96,7.84,1252.61,2.87,0.47,1.2,4,Soybean,North,Spring,2021-12-15,F0461,7.62
306,6.46,40.31,23.38,638.88,50.82,9.35,1052.21,1.5,0.23,1.96,3,Rice,Central,Spring,2021-07-03,F0281,4.63
307,5.97,15.75,14.64,503.84,220.06,2.23,2536.02,0.79,1.03,1.35,3,Barley,East,Summer,2021-06-20,F0054,7.56
308,7.5,44.35,21.78,622.78,63.45,7.36,1121.34,0.7,0.57,1.91,2,Wheat,South,Autumn,2021-05-31,F0070,4.06
309,6.0,46.14,16.75,196.54,163.12,6.81,1914.53,2.81,0.88,0.97,1,Rice,Central,Autumn,2021-05-02,F0296,5.34
310,5.15,17.45,19.83,878.31,53.47,10.19,1234.05,0.75,0.51,0.74,1,Barley,East,Autumn,2021-02-23,F0217,3.61
311,4.72,35.07,30.22,1129.12,196.35,5.01,2319.2,0.9,1.42,1.92,5,Rice,East,Summer,2021-01-31,F0497,6.44
312,5.32,26.97,13.04,725.2,58.33,12.63,1930.13,0.64,0.26,0.76,3,Rice,East,Autumn,2021-09-16,F0342,3.93
313,7.78,15.68,28.79,605.9,155.79,6.19,2854.73,1.35,0.93,1.01,5,Soybean,South,Summer,2021-03-08,F0348,5.45
314,7.54,17.05,21.81,624.75,213.54,11.4,1252.72,0.99,1.06,1.99,5,Rice,North,Autumn,2021-06-09,F0428,6.38
315,8.28,26.35,23.41,705.45,199.11,10.72,2030.89,0.74,1.48,1.62,4,Soybean,East,Summer,2021-05-28,F0481,5.81
316,6.39,25.05,22.41,503.49,132.27,14.29,2171.01,0.87,1.48,1.01,6,Corn,East,Spring,2021-03-25,F0267,5.92
317,6.91,26.54,13.42,398.22,219.04,4.1,1138.2,0.61,0.86,1.72,4,Rice,South,Spring,2021-05-02,F0405,5.8
318,4.85,12.82,14.29,1122.17,280.22,10.31,2693.81,1.59,0.4,0.76,2,Wheat,East,Summer,2021-12-03,F0122,8.31
319,6.05,46.18,28.91,1111.89,118.64,9.33,2197.85,2.15,1.45,1.65,5,Barley,Central,Summer,2021-04-22,F0151,5.12
320,7.86,34.95,14.35,696.53,88.54,0.08,2593.94,0.7,1.02,1.46,4,Barley,North,Spring,2021-11-12,F0163,4.48
321,5.2,13.94,24.02,535.33,247.63,6.66,2737.5,1.05,1.46,0.62,5,Corn,North,Summer,2021-11-03,F0091,7.08
322,6.1,24.61,12.47,490.17,212.22,14.73,1374.55,1.02,1.37,1.85,4,Corn,East,Autumn,2021-10-18,F0261,6.98
323,7.4,25.29,32.76,561.66,182.56,11.82,2929.39,1.43,0.72,1.01,5,Soybean,North,Spring,2021-05-01,F0345,6.97
324,5.25,29.62,13.07,791.49,267.28,2.07,2080.26,1.29,0.93,1.28,2,Rice,South,Spring,2021-05-21,F0172,7.25
325,6.77,14.25,23.73,982.78,244.8,14.51,1354.94,0.75,0.66,0.61,4,Soybean,West,Autumn,2021-07-05,F0398,6.39
326,7.59,47.97,21.59,1013.87,291.86,1.77,2111.89,0.65,0.85,1.6,5,Rice,East,Autumn,2021-12-27,F0087,7.85
327,8.17,35.0,21.97,1168.64,246.0,9.43,1321.04,1.0,0.87,0.7,3,Wheat,South,Autumn,2021-07-03,F0023,6.19
328,7.98,46.55,25.84,706.54,89.77,6.15,1294.18,0.7,0.49,1.02,2,Barley,South,Summer,2021-01-24,F0484,6.25
329,4.7,15.72,32.4,1083.5,199.66,6.96,1457.18,2.63,0.52,1.38,3,Barley,East,Spring,2021-10-19,F0028,6.96
330,8.37,38.71,24.86,206.79,276.9,0.24,2888.69,1.39,0.59,1.13,3,Corn,East,Summer,2021-05-05,F0113,7.63
331,6.83,10.74,11.14,485.93,110.09,11.93,1851.71,2.29,0.73,1.83,1,Corn,South,Summer,2021-08-20,F0005,5.66
332,7.91,21.1,31.91,792.12,225.65,5.84,2186.41,1.24,0.34,1.45,5,Barley,West,Summer,2021-11-23,F0144,7.67
333,5.53,47.76,30.82,1030.56,155.56,13.58,1004.51,0.86,0.83,0.57,4,Soybean,South,Spring,2021-05-17,F0124,5.05
334,6.31,13.56,14.34,688.94,185.31,9.81,1453.02,1.54,0.8,0.77,1,Rice,Central,Summer,2021-06-08,F0125,6.0
335,8.12,25.51,33.54,277.8,272.7,12.85,1110.89,0.93,0.67,0.69,5,Corn,East,Summer,2021-06-21,F0456,6.77
336,7.26,34.31,10.48,186.79,259.01,2.66,1691.31,0.77,1.1,0.96,5,Wheat,North,Autumn,2021-04-07,F0265,6.71
337,7.49,37.48,29.09,893.95,77.76,13.41,2069.05,1.09,0.67,0.69,3,Rice,Central,Autumn,2021-08-20,F0005,3.94
338,6.5,29.57,30.2,1135.14,299.85,14.46,2086.63,1.23,0.84,0.57,2,Wheat,West,Spring,2021-06-01,F0028,6.35
339,7.08,44.67,18.34,262.5,287.9,0.3,2021.11,2.55,0.45,1.71,6,Wheat,East,Summer,2021-11-17,F0077,7.71
340,7.54,23.55,13.43,240.59,116.32,3.99,1289.48,2.67,0.71,1.62,1,Corn,Central,Autumn,2021-07-29,F0186,5.42
341,8.13,33.96,12.52,340.42,86.74,3.58,1960.57,2.54,0.75,1.29,3,Corn,West,Summer,2021-04-12,F0398,6.19
342,7.54,22.14,13.44,908.88,107.17,0.41,2689.53,1.82,0.56,0.57,6,Wheat,East,Spring,2021-11-22,F0270,5.81
343,7.39,43.85,20.84,646.45,120.83,6.28,1346.54,0.92,1.31,1.66,6,Soybean,North,Spring,2021-11-01,F0498,6.1
344,5.6,20.53,31.71,213.54,216.87,9.83,2018.31,1.68,1.16,1.68,6,Corn,North,Spring,2021-09-03,F0410,6.43
345,5.77,16.19,16.79,858.27,234.34,2.58,2890.09,0.8,0.23,1.68,2,Barley,South,Autumn,2021-08-26,F0163,8.33
346,6.41,48.17,14.23,1186.86,109.66,14.84,2699.07,2.67,1.14,0.63,1,Barley,South,Autumn,2021-05-05,F0432,5.73
347,8.22,38.61,10.57,309.1,267.61,6.36,2332.24,0.65,1.31,1.78,1,Wheat,North,Summer,2021-08-12,F0001,8.49
348,6.67,17.47,10.43,325.12,65.19,0.63,1543.23,0.94,1.47,0.52,6,Barley,East,Spring,2021-01-01,F0136,5.31
349,6.59,11.64,25.67,880.32,112.71,10.14,1832.56,1.24,0.24,1.8,6,Soybean,North,Autumn,2021-01-20,F0479,5.66
350,6.65,35.69,29.04,912.94,201.17,3.62,2098.36,2.35,1.31,1.02,3,Barley,West,Autumn,2021-12-09,F0369,7.28
351,7.96,27.3,31.61,714.12,242.37,8.7,1249.91,0.65,0.42,1.59,4,Corn,West,Spring,2021-08-08,F0441,8.53
352,4.91,48.02,32.13,232.36,175.17,12.66,2084.37,0.86,1.41,0.92,5,Rice,South,Spring,2021-01-06,F0277,5.55
353,6.02,32.27,13.03,493.36,194.43,14.55,1496.78,2.38,0.64,1.09,2,Corn,West,Summer,2021-09-15,F0140,7.04
354,4.69,37.09,32.33,995.65,293.7,9.74,1323.83,1.65,0.55,1.97,3,Rice,West,Spring,2021-04-03,F0451,6.45
355,8.25,18.0,16.91,572.75,240.51,11.03,2216.88,0.76,0.37,0.99,1,Corn,Central,Spring,2021-12-17,F0273,7.12
356,8.21,28.59,29.43,209.85,191.16,5.02,1754.04,2.3,0.55,1.1,4,Barley,East,Spring,2021-10-05,F0420,5.95
357,8.45,26.31,33.05,1109.61,104.15,9.91,2792.59,0.95,1.22,1.71,1,Wheat,Central,Summer,2021-09-09,F0088,4.96
358,7.36,18.98,19.84,478.44,145.78,2.94,1687.46,1.08,0.2,1.47,3,Barley,South,Autumn,2021-10-17,F0256,6.65
359,6.55,38.35,12.1,820.34,55.81,13.75,1349.57,0.62,0.49,0.56,6,Wheat,North,Autumn,2021-01-14,F0140,4.3
360,8.3,24.09,32.0,1163.88,124.82,3.11,1362.27,2.7,1.17,1.08,2,Wheat,North,Summer,2021-07-17,F0046,6.99
361,6.4,18.67,18.62,398.67,139.8,8.23,2184.5,2.41,0.24,1.2,5,Wheat,North,Summer,2021-10-29,F0102,5.52
362,5.31,44.56,24.11,1197.88,97.12,10.24,1741.6,1.98,0.3,1.35,4,Barley,West,Summer,2021-08-02,F0393,6.04
363,6.25,46.39,12.99,440.22,116.09,8.1,1809.1,1.06,0.91,1.36,4,Rice,Central,Summer,2021-08-24,F0307,5.35
364,4.77,10.98,28.54,1082.68,255.62,14.83,1764.21,1.59,0.25,1.66,2,Corn,South,Spring,2021-09-01,F0175,7.52
365,7.92,27.72,15.01,791.25,108.73,1.66,2739.51,1.33,0.42,1.64,2,Wheat,East,Autumn,2021-07-20,F0483,5.81
366,5.32,42.76,31.76,691.71,200.55,13.54,1940.47,0.9,0.65,0.97,6,Corn,South,Spring,2021-12-25,F0237,6.34
367,7.13,39.19,17.04,173.77,251.21,11.09,2213.65,2.97,1.07,1.05,3,Wheat,Central,Summer,2021-12-16,F0054,7.72
368,4.81,27.83,11.06,460.56,248.9,6.36,2537.19,1.86,0.91,1.24,6,Barley,Central,Spring,2021-02-01,F0253,6.7
369,4.72,27.53,19.67,298.7,56.02,4.84,1593.02,2.45,1.0,1.52,4,Barley,North,Summer,2021-05-05,F0471,3.82
370,6.44,14.44,23.34,1072.27,124.13,10.89,2266.06,2.93,1.28,0.97,2,Wheat,East,Spring,2021-11-27,F0325,5.54
371,5.7,12.63,10.77,564.33,64.04,12.62,2523.31,1.96,0.3,2.0,3,Wheat,South,Summer,2021-04-21,F0076,2.81
372,7.84,13.74,30.44,1114.02,239.02,6.86,2777.38,1.7,0.57,0.93,1,Barley,South,Summer,2021-08-17,F0460,7.53
373,5.75,18.62,18.14,802.92,248.2,6.14,1922.23,1.85,0.74,1.9,2,Rice,West,Summer,2021-04-25,F0380,8.17
374,5.06,23.51,34.41,663.2,89.19,8.15,2922.58,1.66,1.35,0.72,1,Wheat,East,Summer,2021-07-26,F0269,5.79
375,6.63,30.99,23.45,885.4,73.28,9.34,2394.73,2.67,0.85,1.49,5,Rice,South,Summer,2021-11-06,F0492,4.37
376,7.43,16.56,12.02,511.07,274.37,2.86,2759.66,1.25,0.37,1.67,2,Barley,West,Spring,2021-01-15,F0097,8.56
377,8.4,18.87,29.14,242.95,209.03,5.66,2311.05,1.54,1.28,1.44,5,Soybean,Central,Autumn,2021-10-24,F0454,7.37
378,8.16,40.65,11.42,1094.49,267.8,13.49,1764.31,1.21,0.54,1.94,5,Barley,East,Summer,2021-09-24,F0151,8.47
379,6.29,26.99,12.53,1100.51,118.97,2.0,1697.35,1.56,0.58,1.14,4,Corn,Central,Spring,2021-11-11,F0388,5.11
380,7.05,44.57,17.42,755.1,104.85,12.69,1712.58,0.63,0.25,0.77,5,Corn,West,Autumn,2021-12-07,F0412,4.39
381,7.67,13.19,34.09,329.17,70.14,2.9,2776.93,2.27,1.21,1.2,3,Wheat,West,Summer,2021-06-04,F0051,4.88
382,6.32,17.23,15.2,793.57,254.74,4.43,2042.11,2.73,0.32,1.46,2,Soybean,East,Summer,2021-11-14,F0256,8.08
383,6.27,24.65,16.36,203.58,169.41,1.77,2561.56,2.7,0.77,0.78,6,Barley,Central,Spring,2021-12-18,F0141,7.07
384,6.64,18.1,33.54,963.7,139.77,9.43,1890.68,2.45,0.73,1.96,2,Corn,South,Autumn,2021-06-11,F0361,5.03
385,6.63,32.89,31.86,402.58,89.62,14.76,2550.8,1.68,0.89,1.19,1,Corn,Central,Autumn,2021-11-02,F0217,4.83
386,8.48,22.82,12.75,766.44,77.02,7.06,2217.08,1.88,1.02,0.7,5,Corn,Central,Autumn,2021-06-30,F0295,4.96
387,7.66,25.79,26.03,463.36,201.36,3.47,2875.73,1.74,1.01,1.38,1,Soybean,Central,Spring,2021-08-13,F0466,6.77
388,5.11,37.81,21.62,904.46,81.9,2.68,1770.49,1.61,0.48,1.37,2,Rice,North,Summer,2021-05-30,F0303,4.92
389,7.9,32.77,33.53,1040.15,223.91,2.37,1234.5,2.28,0.64,0.56,2,Rice,East,Summer,2021-11-12,F0188,6.86
390,7.2,16.47,15.61,1160.42,274.61,11.07,2830.78,2.14,1.01,0.6,3,Corn,North,Spring,2021-01-19,F0213,7.08
391,6.99,20.82,16.08,495.44,293.93,1.58,2228.21,1.68,0.23,0.57,3,Corn,Central,Summer,2021-09-08,F0272,7.96
392,7.17,14.7,27.39,164.49,175.47,8.71,2306.55,2.96,0.43,1.58,4,Barley,North,Spring,2021-10-17,F0101,5.8
393,6.98,32.33,31.58,572.07,228.45,7.28,1445.67,1.02,0.43,1.86,3,Corn,Central,Summer,2021-10-15,F0483,5.75
394,6.29,45.95,20.13,927.29,269.69,10.44,1388.16,1.01,1.28,0.67,2,Barley,West,Autumn,2021-12-15,F0330,6.63
395,5.92,16.19,32.87,551.59,263.96,5.73,1032.33,2.39,1.13,1.99,2,Wheat,East,Spring,2021-10-28,F0122,7.67
396,6.29,22.67,11.74,986.54,263.63,5.86,1870.18,2.31,0.23,1.2,1,Rice,North,Autumn,2021-04-06,F0068,7.49
397,6.57,18.47,20.37,365.51,291.78,0.46,2536.8,1.93,0.25,1.67,6,Barley,West,Summer,2021-09-08,F0029,7.52
398,4.66,25.1,10.47,259.56,264.19,5.57,1980.94,2.67,0.98,1.5,1,Wheat,Central,Autumn,2021-06-07,F0208,6.22
399,5.92,45.61,18.72,242.79,68.49,11.23,2361.02,0.91,0.5,0.59,4,Wheat,North,Autumn,2021-01-19,F0209,5.09
400,6.85,22.82,17.13,1152.16,93.27,5.97,2497.15,0.84,0.79,0.59,1,Wheat,West,Spring,2021-03-16,F0147,5.31
401,8.28,48.49,22.08,176.21,250.51,7.41,1655.47,2.54,1.17,0.62,6,Wheat,West,Spring,2021-01-31,F0049,6.57
402,5.77,15.61,25.26,859.29,139.42,2.02,1096.46,2.86,0.88,0.97,5,Rice,East,Spring,2021-01-29,F0131,6.32
403,5.02,18.35,34.3,1087.75,246.53,6.66,1512.26,2.55,1.3,1.31,3,Barley,East,Spring,2021-07-02,F0080,7.42
404,7.09,31.02,33.32,220.29,85.19,1.2,2025.95,1.62,0.96,1.08,1,Wheat,North,Autumn,2021-11-09,F0404,5.35
405,5.87,41.74,33.87,769.37,149.55,8.35,1609.89,1.8,0.37,0.96,2,Corn,Central,Spring,2021-05-02,F0013,5.8
406,6.67,48.99,19.52,1124.67,212.24,3.27,1630.69,2.21,1.23,1.87,4,Wheat,East,Autumn,2021-11-03,F0378,7.87
407,7.59,32.94,26.1,789.39,160.61,5.26,1766.51,2.15,0.93,1.58,2,Rice,East,Autumn,2021-03-03,F0370,5.96
408,7.75,26.38,22.92,1081.12,91.82,14.84,1183.06,2.52,1.11,1.76,2,Wheat,South,Spring,2021-07-27,F0094,4.78
409,7.42,11.41,31.88,1030.56,69.68,4.82,1765.49,1.09,1.21,1.43,5,Rice,East,Summer,2021-11-19,F0236,6.54
410,7.86,11.9,23.61,1136.42,62.97,6.45,1777.35,2.94,0.87,1.36,6,Soybean,North,Spring,2021-02-12,F0124,4.61
411,5.48,21.84,19.19,672.35,235.65,7.5,1003.69,0.74,0.94,1.57,5,Barley,Central,Spring,2021-10-17,F0156,8.17
412,6.07,49.2,20.82,412.31,226.6,14.43,1158.5,0.68,0.99,1.04,4,Soybean,Central,Summer,2021-05-23,F0396,6.66
413,6.24,32.22,32.1,459.1,284.56,6.72,2423.73,2.13,0.6,0.93,1,Rice,North,Spring,2021-09-02,F0314,7.51
414,6.99,43.85,28.88,652.28,222.35,0.09,2737.2,2.39,0.72,0.8,3,Corn,North,Spring,2021-08-04,F0486,7.65
415,8.43,37.03,21.29,1075.49,109.15,9.25,1522.0,1.7,0.92,1.77,2,Wheat,North,Spring,2021-03-15,F0275,5.48
416,6.61,32.66,17.93,939.79,119.1,14.6,1614.17,2.47,0.85,0.9,2,Wheat,South,Spring,2021-10-31,F0392,6.18
417,5.22,48.63,19.79,1162.47,265.76,12.73,1057.45,1.46,1.13,1.79,1,Corn,South,Summer,2021-09-30,F0196,7.86
418,6.35,38.82,11.83,1020.86,198.77,0.42,2678.42,0.57,1.46,1.75,2,Corn,North,Autumn,2021-04-02,F0082,7.36
419,8.31,23.56,11.06,900.67,223.78,7.96,1292.47,2.4,0.75,1.05,5,Corn,East,Summer,2021-10-03,F0101,7.19
420,5.38,20.02,24.14,930.88,276.22,12.65,2594.89,1.82,1.23,1.53,4,Wheat,East,Summer,2021-02-15,F0098,7.34
421,7.82,16.09,16.37,102.29,119.93,13.54,1171.76,2.45,0.66,1.37,3,Corn,East,Autumn,2021-03-27,F0387,5.09
422,8.17,19.68,15.76,426.48,280.14,10.87,2125.68,0.61,0.89,2.0,1,Soybean,South,Spring,2021-10-10,F0010,7.23
423,7.45,37.04,19.39,1065.44,298.13,7.62,1831.38,1.97,0.62,1.89,5,Rice,Central,Autumn,2021-02-08,F0186,7.64
424,4.98,39.76,23.59,952.24,127.61,14.27,2148.74,1.62,0.87,1.06,4,Corn,South,Autumn,2021-05-18,F0040,5.68
425,6.86,36.15,22.9,252.82,242.35,11.41,1042.83,0.6,1.15,1.24,3,Corn,Central,Summer,2021-12-19,F0163,5.98
426,6.59,12.09,14.43,139.05,178.94,10.79,1600.41,2.46,1.24,1.77,5,Rice,Central,Autumn,2021-01-07,F0132,5.45
427,4.85,45.05,30.75,810.89,260.76,12.36,1764.56,2.17,0.26,1.89,2,Wheat,North,Spring,2021-12-15,F0326,7.43
428,5.43,34.38,25.67,1000.41,224.9,14.36,1752.42,2.03,1.01,1.46,5,Corn,North,Summer,2021-11-26,F0399,6.46
429,7.08,38.01,11.32,143.56,93.66,14.29,1120.67,1.28,0.4,0.6,3,Barley,North,Autumn,2021-11-20,F0391,3.62
430,8.31,28.85,31.26,1055.24,209.79,4.65,1069.0,1.02,0.51,1.85,6,Soybean,East,Summer,2021-11-28,F0076,6.8
431,7.53,24.76,10.12,124.44,173.67,9.81,1327.16,2.66,0.94,1.27,6,Barley,West,Summer,2021-08-26,F0420,6.0
432,5.34,26.25,31.49,786.43,253.74,2.27,2764.49,2.6,0.8,0.69,2,Rice,Central,Autumn,2021-08-05,F0103,7.91
433,6.14,25.98,12.47,1174.51,114.85,9.19,2941.55,0.68,1.48,1.08,2,Barley,Central,Autumn,2021-05-10,F0352,4.78
434,5.58,20.17,10.93,660.73,254.31,5.91,2943.47,2.59,0.88,0.6,3,Wheat,Central,Autumn,2021-08-31,F0299,7.04
435,6.07,37.88,28.12,924.58,139.12,14.41,1030.7,2.29,0.97,0.61,5,Wheat,East,Summer,2021-07-22,F0151,5.62
436,7.19,20.74,15.44,777.42,219.94,4.94,1282.74,2.25,1.27,0.95,6,Wheat,South,Summer,2021-12-03,F0279,6.12
437,8.4,24.09,20.42,857.19,171.6,11.8,2118.81,1.64,1.04,1.92,6,Barley,West,Spring,2021-01-18,F0303,6.59
438,6.88,43.83,26.4,1031.62,134.41,6.79,1261.52,1.17,0.22,1.94,3,Soybean,North,Autumn,2021-03-05,F0312,6.41
439,7.6,48.01,18.25,990.62,127.81,14.74,2170.57,1.54,0.74,1.51,2,Soybean,East,Spring,2021-03-21,F0436,5.05
440,6.46,11.61,24.27,626.41,135.33,7.34,1048.66,1.09,1.16,1.73,1,Barley,East,Autumn,2021-01-17,F0131,6.95
441,5.53,23.33,18.11,803.63,107.69,0.53,2702.95,0.68,1.49,1.65,4,Soybean,West,Autumn,2021-05-06,F0367,5.94
442,5.13,20.53,26.29,615.28,141.98,8.65,1478.31,1.62,1.1,1.23,5,Soybean,East,Summer,2021-03-10,F0444,4.58
443,7.86,31.14,12.27,919.67,234.78,4.39,1825.2,2.67,0.27,1.25,1,Soybean,North,Spring,2021-05-25,F0404,8.93
444,8.1,49.78,16.21,1089.83,202.47,14.18,1442.9,1.1,0.3,1.69,4,Corn,East,Autumn,2021-08-28,F0239,5.64
445,6.22,40.57,25.8,180.28,185.61,5.27,2985.28,2.2,1.18,1.4,1,Corn,Central,Autumn,2021-11-12,F0233,5.3
446,8.02,18.6,17.77,958.87,104.47,0.9,1879.81,0.87,1.18,1.06,3,Soybean,East,Autumn,2021-06-24,F0405,6.84
447,6.13,36.03,31.09,539.16,190.74,13.64,1758.2,0.62,1.23,1.1,2,Wheat,East,Summer,2021-03-17,F0354,5.33
448,8.49,48.96,14.24,994.42,71.66,7.55,1915.89,1.19,1.19,1.44,1,Corn,West,Spring,2021-07-22,F0076,6.78
449,5.9,16.23,21.24,716.71,158.08,12.19,1054.14,2.47,0.23,0.89,6,Barley,South,Autumn,2021-07-27,F0364,4.95
450,4.77,37.48,25.57,684.27,276.95,5.66,2228.6,0.55,0.91,1.83,2,Barley,Central,Autumn,2021-01-05,F0305,7.31
451,4.75,25.92,24.51,994.5,122.82,3.52,2690.9,2.02,1.03,1.64,3,Corn,Central,Autumn,2021-08-03,F0202,5.66
452,8.09,34.62,34.92,124.3,73.11,9.23,2716.97,1.63,0.24,1.67,2,Corn,North,Spring,2021-11-05,F0159,3.29
453,6.81,18.78,27.41,570.01,257.9,2.68,1972.38,1.58,0.68,1.79,5,Rice,East,Summer,2021-09-17,F0433,8.12
454,6.73,48.85,10.44,976.69,165.81,6.79,2126.63,0.57,0.48,1.95,3,Wheat,West,Autumn,2021-09-29,F0272,7.61
455,7.21,13.63,20.23,1033.5,167.83,2.17,1102.02,0.75,0.45,1.24,6,Barley,Central,Summer,2021-05-26,F0209,6.59
456,7.63,30.03,27.6,1195.73,165.04,9.81,1293.9,2.66,1.42,0.71,4,Rice,West,Spring,2021-08-06,F0100,7.57
457,5.24,14.53,28.39,768.91,65.45,8.77,1523.82,2.76,0.48,1.49,2,Barley,West,Spring,2021-09-17,F0008,4.24
458,4.52,26.14,10.35,662.93,234.56,9.53,1554.56,0.55,1.23,1.2,2,Soybean,East,Summer,2021-12-10,F0272,6.55
459,7.42,44.32,18.87,952.86,56.9,14.46,2928.74,2.07,0.48,0.57,4,Corn,East,Summer,2021-12-15,F0097,4.35
460,4.5,33.81,25.22,1011.53,154.5,0.61,2856.1,2.22,1.48,1.72,3,Rice,West,Spring,2021-10-01,F0163,6.01
461,4.78,38.18,18.45,586.63,220.27,12.22,1445.07,1.37,1.17,1.43,5,Corn,Central,Autumn,2021-07-12,F0243,6.32
462,7.93,19.29,28.35,1042.83,189.68,1.18,1696.72,1.43,1.41,1.41,5,Barley,East,Spring,2021-05-28,F0066,6.41
463,4.63,31.39,33.55,707.08,280.54,8.68,2665.31,1.93,0.69,1.3,4,Wheat,North,Spring,2021-02-22,F0469,7.38
464,4.98,20.71,18.63,1014.51,140.25,9.7,1410.87,2.08,0.26,1.0,6,Wheat,North,Autumn,2021-10-08,F0214,6.59
465,8.48,36.73,33.15,1058.42,127.21,13.63,1307.98,0.73,0.35,1.92,4,Corn,North,Summer,2021-12-05,F0328,5.91
466,5.34,29.83,20.15,246.75,213.66,1.37,1465.01,2.71,0.94,0.86,2,Barley,North,Summer,2021-06-26,F0484,5.87
467,6.57,33.26,27.34,772.57,101.48,2.35,2160.68,2.55,1.32,1.13,4,Barley,West,Summer,2021-04-12,F0115,7.07
468,8.44,30.81,17.21,1027.5,157.39,14.42,2282.78,0.97,0.92,1.85,6,Corn,South,Autumn,2021-08-11,F0253,6.73
469,7.9,19.27,11.68,729.66,231.34,8.39,1789.8,2.44,0.64,1.85,6,Barley,South,Spring,2021-11-01,F0235,7.23
470,5.58,28.96,29.35,770.81,251.86,13.17,2090.58,2.4,1.28,1.66,6,Barley,West,Summer,2021-03-17,F0087,7.0
471,7.73,12.08,18.72,1059.11,125.83,5.23,1643.31,2.35,1.43,1.66,2,Barley,West,Spring,2021-10-23,F0033,6.62
472,7.47,30.56,29.52,858.64,187.75,0.95,1978.45,0.89,1.44,0.65,6,Wheat,South,Spring,2021-11-14,F0215,6.74
473,6.51,26.92,10.83,685.66,106.55,8.8,1287.97,0.57,1.29,0.88,6,Corn,East,Spring,2021-09-30,F0110,6.24
474,4.5,37.27,21.03,537.64,177.49,6.46,2942.76,1.35,0.87,1.49,1,Wheat,South,Summer,2021-02-09,F0217,7.04
475,5.3,27.19,30.44,1097.47,162.66,4.0,1893.95,2.13,0.44,1.56,4,Wheat,West,Spring,2021-12-19,F0304,6.26
476,5.92,43.49,16.21,989.58,194.63,5.58,2031.95,2.51,1.09,0.58,5,Corn,East,Autumn,2021-07-21,F0298,8.37
477,8.08,10.37,11.17,497.96,248.91,10.36,2325.65,2.7,1.38,0.67,3,Corn,East,Spring,2021-05-05,F0151,5.87
478,5.09,10.78,24.27,514.79,191.97,3.03,2475.15,1.62,0.62,2.0,6,Wheat,North,Autumn,2021-02-04,F0138,7.44
479,8.01,30.25,31.25,1195.77,128.03,4.79,1997.29,0.81,0.46,1.59,4,Wheat,West,Autumn,2021-03-31,F0181,5.42
480,7.09,41.26,21.48,1131.4,167.75,1.94,1602.0,1.93,0.39,0.64,3,Barley,West,Summer,2021-06-04,F0190,6.62
481,7.66,11.97,11.69,622.71,137.85,14.71,1410.22,2.82,0.94,1.83,4,Wheat,North,Autumn,2021-11-26,F0291,4.7
482,5.99,20.1,25.09,232.28,275.73,13.84,2300.62,2.14,1.1,1.55,4,Wheat,East,Summer,2021-12-01,F0262,6.93
483,8.27,10.72,12.85,503.59,78.58,13.76,1085.78,2.2,0.29,0.61,6,Soybean,East,Autumn,2021-02-25,F0211,4.74
484,8.19,42.17,28.07,889.5,206.5,2.99,1090.04,2.47,1.14,1.51,1,Soybean,North,Spring,2021-12-26,F0283,7.42
485,7.09,12.46,15.49,890.23,164.09,8.78,2151.86,1.64,0.32,1.27,5,Wheat,West,Autumn,2021-10-05,F0409,6.12
486,6.07,32.94,15.6,141.9,107.63,1.54,1693.4,2.17,1.16,1.89,1,Rice,West,Autumn,2021-03-29,F0263,5.16
487,6.88,10.6,15.0,392.26,99.52,1.07,1022.31,1.57,1.09,1.65,6,Wheat,Central,Summer,2021-10-10,F0196,5.6
488,5.25,13.04,18.57,961.69,68.72,11.21,1400.27,2.88,0.28,0.68,1,Soybean,Central,Autumn,2021-03-04,F0134,4.15
489,7.99,21.8,16.25,963.36,174.68,13.9,2697.86,2.12,0.43,0.68,6,Wheat,South,Autumn,2021-04-01,F0024,5.99
490,6.17,41.31,34.74,608.18,213.16,6.69,1728.42,0.81,0.47,1.58,2,Barley,South,Autumn,2021-06-23,F0300,7.26
491,5.07,25.67,28.46,313.67,88.65,11.43,2314.12,1.35,0.76,1.45,2,Corn,North,Autumn,2021-02-09,F0041,5.96
492,7.81,29.68,24.47,1056.1,212.77,10.4,2569.24,1.52,0.65,1.33,5,Corn,Central,Autumn,2021-12-10,F0277,6.91
493,8.04,28.59,15.41,589.13,273.17,9.79,2526.67,2.39,1.2,1.0,3,Wheat,West,Summer,2021-07-08,F0470,7.41
494,6.69,40.64,19.28,492.4,205.81,9.1,1303.36,1.92,1.13,1.2,6,Rice,East,Summer,2021-11-18,F0058,8.07
495,6.28,27.29,13.31,804.61,126.49,6.25,1004.48,0.76,1.45,1.04,2,Wheat,Central,Summer,2021-09-30,F0142,5.61
496,8.21,41.38,19.06,1086.26,146.8,10.93,1967.25,0.52,0.24,0.92,6,Rice,South,Summer,2021-03-18,F0069,6.67
497,8.43,27.04,17.86,1107.87,127.9,1.4,1047.07,1.05,0.74,1.86,3,Soybean,South,Summer,2021-07-07,F0292,6.21
498,7.97,30.23,17.11,405.92,241.33,13.22,1196.39,1.53,0.99,1.4,5,Corn,North,Spring,2021-06-24,F0195,6.92
499,5.31,24.6,24.7,144.15,121.89,3.99,2003.09,2.33,0.83,1.76,6,Soybean,West,Summer,2021-05-22,F0192,5.47
500,7.67,46.21,27.98,734.64,219.24,7.97,1291.28,2.82,1.04,1.72,6,Barley,Central,Autumn,2021-05-23,F0231,7.21
501,7.96,31.1,16.15,977.6,234.46,5.52,2284.76,1.53,0.4,1.82,2,Barley,West,Spring,2021-11-02,F0272,8.63
502,8.22,21.42,33.25,357.06,226.54,1.59,1539.28,1.34,0.9,1.37,5,Corn,West,Summer,2021-08-30,F0063,7.47
503,6.31,16.83,14.26,920.51,51.82,3.19,2818.27,1.53,1.19,1.05,4,Barley,Central,Autumn,2021-11-07,F0344,5.14
504,5.77,10.16,24.87,939.57,206.21,11.24,2974.4,0.71,1.23,0.9,2,Soybean,Central,Spring,2021-08-26,F0386,6.58
505,4.92,27.0,29.21,486.05,200.84,0.13,1234.26,1.06,0.68,1.76,2,Corn,North,Spring,2021-05-31,F0479,5.53
506,7.22,15.53,12.5,179.77,110.19,7.98,1555.72,2.3,1.25,0.95,5,Rice,South,Spring,2021-06-15,F0217,5.18
507,5.6,27.69,11.91,590.97,131.53,2.34,2783.53,2.11,1.16,1.08,1,Barley,East,Autumn,2021-05-28,F0120,6.45
508,5.99,29.81,18.29,1131.56,118.53,8.28,1367.48,2.46,0.48,1.29,2,Barley,East,Autumn,2021-01-26,F0293,5.2
509,7.16,19.27,18.17,154.21,287.48,10.92,2491.69,1.0,1.37,1.07,1,Wheat,Central,Summer,2021-12-16,F0316,5.9
510,6.2,28.25,26.88,138.96,145.21,7.44,2915.99,2.92,0.58,1.65,1,Rice,East,Summer,2021-04-24,F0433,5.77
511,6.25,32.4,11.49,933.29,294.95,0.48,2783.74,2.93,1.11,0.93,4,Corn,East,Spring,2021-07-12,F0129,7.39
512,6.85,43.15,17.14,551.34,72.66,11.22,1051.43,1.13,1.34,1.77,3,Soybean,East,Autumn,2021-06-07,F0432,5.15
513,6.58,15.78,26.07,1041.01,283.58,1.38,1405.6,1.14,0.75,1.97,1,Soybean,North,Summer,2021-02-04,F0263,7.33
514,6.1,31.29,23.04,920.38,108.71,0.21,1761.29,2.37,0.76,0.51,5,Barley,West,Summer,2021-08-21,F0140,5.53
515,4.85,29.16,30.34,111.99,170.86,12.06,1380.26,1.32,1.11,0.65,4,Rice,West,Spring,2021-06-15,F0456,6.11
516,5.18,42.41,15.78,239.18,159.2,10.03,1024.47,2.67,0.89,0.83,2,Barley,East,Spring,2021-03-12,F0015,6.36
517,7.07,26.42,33.27,723.31,251.77,11.52,2102.39,2.99,0.9,0.7,3,Wheat,Central,Spring,2021-01-13,F0323,7.76
518,6.14,33.33,11.58,1138.84,174.57,3.28,1125.6,0.81,0.72,1.64,6,Corn,Central,Summer,2021-01-06,F0032,6.9
519,7.77,44.82,23.14,421.17,94.1,7.54,1029.48,2.96,1.18,1.06,3,Barley,East,Summer,2021-08-28,F0375,5.49
520,6.15,19.38,30.56,258.01,136.96,8.83,1041.24,1.47,0.5,1.96,4,Barley,North,Autumn,2021-12-25,F0181,6.09
521,4.53,28.9,31.4,596.37,278.59,0.69,1835.76,2.07,0.42,1.84,5,Rice,South,Spring,2021-01-12,F0107,7.5
522,8.25,40.89,24.01,1118.67,167.46,8.59,2386.91,2.64,0.26,1.06,3,Soybean,South,Summer,2021-03-06,F0465,7.51
523,4.97,19.8,22.39,546.9,135.35,1.42,1121.89,1.78,0.61,0.92,6,Barley,South,Summer,2021-08-27,F0184,5.18
524,5.33,11.37,24.48,937.79,204.75,10.17,2578.54,2.83,1.5,1.36,2,Wheat,North,Autumn,2021-02-02,F0325,6.15
525,5.79,41.61,24.79,705.55,117.99,5.03,1366.24,1.0,0.7,1.16,3,Soybean,Central,Autumn,2021-12-15,F0247,5.71
526,5.21,24.64,21.77,212.65,179.48,11.86,1390.9,2.97,1.31,0.74,3,Rice,East,Spring,2021-04-04,F0268,6.49
527,5.72,30.26,12.98,503.03,131.98,13.35,1151.98,2.4,0.45,1.69,3,Wheat,West,Summer,2021-11-07,F0176,5.8
528,7.36,33.08,15.92,785.9,294.87,11.2,2098.9,1.95,1.03,1.71,4,Barley,South,Summer,2021-03-04,F0023,8.85
529,7.68,28.0,30.38,694.1,123.24,13.88,2108.88,1.06,0.2,1.36,2,Wheat,West,Summer,2021-03-27,F0035,5.25
530,5.35,46.96,34.22,377.25,97.65,11.44,1176.54,2.82,0.51,1.6,3,Barley,North,Summer,2021-11-05,F0008,5.97
531,8.43,46.7,11.42,542.0,197.17,4.42,1298.3,1.61,1.21,0.56,3,Barley,East,Spring,2021-05-05,F0467,6.55
532,7.76,10.4,26.37,546.02,266.1,14.36,1132.82,2.68,1.24,1.2,5,Corn,North,Autumn,2021-12-19,F0037,7.11
533,5.65,39.56,25.3,372.3,78.34,8.94,1700.19,1.22,0.81,0.89,6,Barley,North,Summer,2021-06-06,F0220,4.27
534,5.13,35.91,10.21,864.42,73.16,7.01,1284.41,0.9,0.52,0.96,1,Corn,Central,Autumn,2021-07-22,F0458,5.29
535,6.29,35.4,22.28,851.85,138.9,9.0,1144.56,2.33,0.49,1.74,3,Wheat,Central,Autumn,2021-07-25,F0363,7.42
536,7.33,25.26,23.63,332.61,288.51,9.94,2240.18,2.3,0.99,0.52,3,Corn,North,Spring,2021-03-18,F0124,6.62
537,6.55,33.63,18.24,853.55,158.3,6.12,2657.91,2.17,0.66,1.71,3,Rice,Central,Summer,2021-03-01,F0403,6.24
538,5.7,22.39,18.35,1036.62,174.17,12.79,2103.55,0.55,0.87,1.21,2,Wheat,South,Spring,2021-11-11,F0234,6.3
539,7.19,27.69,20.7,205.09,213.06,3.04,2304.08,0.98,0.28,1.16,1,Barley,East,Spring,2021-07-07,F0369,6.89
540,5.34,28.15,19.54,1037.35,216.62,8.02,1659.36,1.37,1.01,1.99,4,Rice,West,Summer,2021-02-04,F0166,8.37
541,5.25,47.17,23.43,824.36,123.91,14.0,2561.87,2.29,1.03,0.97,5,Rice,North,Autumn,2021-06-26,F0293,4.13
542,5.64,33.42,30.78,767.76,104.63,13.34,1102.71,2.48,1.41,1.2,5,Wheat,East,Summer,2021-05-02,F0175,5.94
543,4.99,27.89,34.73,1129.39,262.45,7.41,2857.51,1.28,0.44,0.92,1,Corn,North,Autumn,2021-04-19,F0427,7.53
544,7.61,19.87,26.4,803.03,104.16,14.52,2304.57,0.91,0.66,2.0,5,Rice,South,Summer,2021-12-17,F0085,5.41
545,6.56,32.14,23.55,535.33,174.86,13.84,1884.55,1.39,0.44,0.6,1,Barley,West,Autumn,2021-10-28,F0142,5.09
546,5.62,37.73,10.32,995.31,124.08,7.77,2108.23,1.87,1.24,1.0,3,Rice,West,Autumn,2021-10-02,F0222,5.72
547,8.11,26.16,27.91,204.79,269.42,0.39,2873.45,1.28,1.03,1.56,2,Soybean,North,Autumn,2021-05-21,F0234,7.32
548,6.18,13.56,32.69,189.6,159.7,10.41,2945.08,1.73,0.61,1.48,1,Rice,East,Spring,2021-01-31,F0080,5.37
549,4.83,37.88,33.0,1037.19,159.31,14.91,2934.07,1.07,1.13,1.52,5,Corn,North,Autumn,2021-06-08,F0268,4.85
550,7.53,17.19,25.38,628.95,281.99,7.76,1632.38,1.26,0.82,0.56,1,Corn,North,Spring,2021-08-15,F0432,7.58
551,4.54,40.53,17.75,1183.95,289.63,11.73,1640.09,2.89,1.35,0.61,6,Barley,South,Summer,2021-06-25,F0183,7.1
552,6.88,21.41,16.56,369.63,226.4,7.02,1453.33,1.69,0.99,1.74,2,Corn,South,Autumn,2021-07-25,F0370,7.62
553,6.12,32.46,24.18,362.59,291.79,7.99,2911.66,2.77,1.45,1.53,5,Wheat,North,Summer,2021-05-18,F0072,7.83
554,6.59,45.25,32.28,825.43,231.88,14.76,2890.6,1.98,0.86,1.84,3,Rice,North,Autumn,2021-03-25,F0397,6.38
555,8.21,44.16,11.18,603.05,243.45,1.86,1500.14,2.34,1.48,0.98,4,Rice,North,Spring,2021-06-11,F0261,7.58
556,4.63,12.76,31.88,1103.23,234.9,9.65,2458.76,2.71,1.35,0.97,1,Rice,Central,Autumn,2021-06-18,F0113,8.34
557,6.99,38.98,12.39,262.56,216.92,6.22,2177.34,2.17,0.62,0.64,1,Wheat,Central,Spring,2021-06-06,F0021,6.98
558,4.8,14.27,31.59,814.71,285.69,9.5,2202.42,1.88,0.67,1.5,5,Wheat,Central,Spring,2021-03-08,F0080,6.73
559,7.08,35.86,25.42,636.87,270.18,1.57,1483.39,2.84,0.92,1.5,1,Rice,Central,Autumn,2021-08-27,F0451,7.01
560,6.07,47.75,15.83,599.47,178.32,10.95,1138.74,1.95,1.24,0.61,2,Corn,Central,Summer,2021-10-21,F0298,6.26
561,7.71,42.61,12.06,657.43,228.26,11.85,1913.78,2.81,0.5,0.61,3,Barley,North,Autumn,2021-04-07,F0058,6.25
562,7.09,28.84,33.9,815.88,168.6,7.65,2684.03,1.96,1.05,1.7,6,Wheat,West,Summer,2021-09-28,F0209,6.68
563,7.37,42.72,26.69,836.12,228.69,2.72,2860.82,0.9,1.35,1.39,2,Wheat,East,Autumn,2021-06-07,F0035,8.28
564,6.45,41.3,30.23,1031.99,146.84,10.47,1918.81,1.91,1.37,0.52,3,Soybean,East,Autumn,2021-04-19,F0033,6.39
565,5.86,15.19,11.4,523.94,118.55,0.7,2079.74,1.27,1.22,1.62,1,Rice,West,Spring,2021-09-29,F0183,5.91
566,5.32,39.31,18.68,616.37,75.09,8.03,2035.64,1.82,1.43,1.55,5,Barley,East,Autumn,2021-09-08,F0360,5.3
567,8.13,33.19,20.74,907.11,196.31,4.4,2596.86,1.85,0.82,1.63,6,Wheat,East,Spring,2021-09-27,F0464,8.37
568,6.98,43.47,19.33,346.04,100.16,11.53,1285.67,2.71,0.77,1.01,4,Corn,North,Spring,2021-10-17,F0461,5.77
569,8.31,37.67,22.92,736.03,199.86,3.47,1152.12,1.6,0.54,1.98,5,Barley,North,Summer,2021-09-20,F0306,7.23
570,7.71,39.44,27.21,243.18,85.57,9.62,2261.98,1.93,0.81,0.55,3,Soybean,South,Spring,2021-12-07,F0455,4.08
571,6.52,24.21,22.49,781.07,183.18,1.54,2580.88,2.35,0.51,1.52,2,Soybean,West,Spring,2021-12-20,F0212,7.09
572,7.61,15.34,20.55,898.61,87.68,7.89,1788.42,1.11,0.91,1.55,2,Corn,East,Autumn,2021-10-14,F0186,4.42
573,7.67,42.05,29.57,789.0,186.07,0.87,1012.64,1.58,0.81,0.58,2,Barley,West,Autumn,2021-11-13,F0279,6.91
574,6.86,15.69,19.06,422.09,202.1,4.64,1792.25,1.63,0.77,0.57,6,Barley,East,Autumn,2021-12-28,F0317,7.12
575,4.9,41.8,28.92,385.87,93.26,7.11,1013.07,1.48,0.23,1.25,1,Soybean,Central,Summer,2021-05-10,F0365,4.15
576,7.88,39.65,11.6,1014.05,194.61,3.21,2188.34,2.95,0.61,0.97,1,Barley,North,Summer,2021-12-02,F0085,8.02
577,5.54,26.24,18.7,523.97,84.07,11.23,1919.19,2.91,1.22,1.71,1,Rice,Central,Spring,2021-03-22,F0275,5.44
578,4.76,35.36,15.44,571.82,208.6,8.06,1336.55,1.78,0.95,0.57,4,Corn,North,Summer,2021-07-20,F0300,6.85
579,6.15,13.48,29.03,447.8,146.67,4.84,2157.53,1.49,0.76,0.67,2,Soybean,North,Spring,2021-03-22,F0122,5.73
580,6.02,47.81,30.82,925.02,202.08,0.83,2507.04,1.65,0.94,0.63,4,Rice,West,Autumn,2021-07-25,F0295,7.51
581,6.3,17.09,25.85,447.51,200.21,0.27,2669.58,2.79,0.57,1.44,1,Corn,West,Autumn,2021-10-10,F0408,7.51
582,7.76,48.71,23.18,828.61,53.84,6.44,1347.09,2.36,1.27,1.16,5,Barley,West,Summer,2021-03-14,F0148,5.31
583,5.67,38.27,22.46,244.13,175.36,0.13,2090.33,2.19,1.01,1.69,3,Soybean,South,Autumn,2021-01-15,F0440,6.91
584,5.97,26.95,33.67,867.6,91.79,9.35,1720.18,1.54,0.28,0.55,2,Soybean,South,Summer,2021-08-23,F0250,3.45
585,7.7,16.43,18.1,1146.55,101.44,0.08,2771.12,2.47,1.15,1.49,1,Barley,East,Spring,2021-05-27,F0466,6.84
586,8.09,47.86,30.05,1027.97,241.0,6.69,1385.52,1.74,0.86,0.98,5,Barley,East,Autumn,2021-05-07,F0254,6.82
587,6.46,17.74,17.28,460.22,169.12,0.76,1562.34,2.06,0.65,1.66,3,Wheat,West,Spring,2021-06-18,F0234,6.44
588,6.81,22.55,30.11,309.74,140.8,0.83,2934.71,2.16,1.08,1.15,6,Rice,South,Autumn,2021-11-20,F0072,5.12
589,6.85,40.33,23.69,334.87,146.51,11.42,2522.07,0.8,0.84,0.64,5,Soybean,East,Autumn,2021-11-21,F0203,5.24
590,5.69,44.54,13.11,998.74,83.63,11.72,1241.9,1.9,0.49,1.48,5,Barley,East,Summer,2021-01-16,F0428,5.07
591,7.86,30.73,27.43,784.96,143.1,7.15,2587.67,1.2,1.09,0.83,2,Corn,Central,Autumn,2021-02-01,F0368,6.52
592,4.66,28.49,21.66,672.2,160.26,1.51,2453.29,1.59,1.18,1.8,3,Soybean,West,Summer,2021-02-16,F0009,7.16
593,5.8,43.39,24.73,980.76,225.34,12.84,1778.4,1.09,1.37,0.88,2,Barley,West,Spring,2021-12-07,F0122,7.85
594,6.01,16.49,33.8,704.42,215.27,10.3,1019.87,2.77,0.32,1.37,4,Barley,West,Spring,2021-05-26,F0159,6.9
595,5.87,28.76,28.61,232.4,180.79,5.54,1626.58,2.86,0.4,1.94,3,Rice,Central,Autumn,2021-12-07,F0075,5.87
596,7.15,16.68,24.29,1149.29,110.54,1.49,1323.18,2.8,1.17,1.17,6,Rice,South,Summer,2021-09-20,F0498,6.32
597,5.79,21.47,23.31,114.33,242.45,11.52,1595.03,1.49,1.38,1.08,6,Corn,North,Summer,2021-06-26,F0354,6.55
598,7.33,34.2,33.97,844.74,192.83,2.18,2297.12,2.22,0.49,1.93,6,Corn,East,Summer,2021-04-18,F0070,7.17
599,5.2,31.08,27.03,1106.81,283.24,5.01,2210.71,1.69,1.4,0.68,3,Rice,South,Autumn,2021-02-26,F0269,7.07
600,7.81,10.23,19.61,1093.15,259.42,14.91,2743.3,1.3,0.24,1.97,1,Wheat,East,Summer,2021-12-13,F0100,6.42
601,6.67,35.97,22.99,643.66,175.89,6.9,1987.69,1.5,0.5,1.48,5,Soybean,North,Summer,2021-03-28,F0401,6.43
602,6.07,40.99,30.0,662.21,196.91,10.58,1913.75,0.52,1.15,1.16,5,Soybean,East,Spring,2021-07-27,F0113,6.34
603,7.15,40.35,12.39,841.38,146.47,9.53,2044.5,2.78,0.41,0.87,1,Soybean,North,Spring,2021-11-02,F0403,5.85
604,5.58,20.25,28.67,543.38,181.9,2.05,1919.82,2.84,1.36,1.5,4,Corn,West,Spring,2021-05-03,F0429,7.19
605,5.38,43.42,14.1,827.48,174.6,14.69,2296.4,0.98,0.81,1.11,2,Rice,North,Summer,2021-01-27,F0318,5.41
606,6.28,35.79,28.87,342.71,142.73,10.13,2386.59,1.68,0.63,0.71,4,Barley,East,Autumn,2021-02-28,F0433,5.6
607,8.12,29.79,16.23,1011.41,120.15,14.85,1537.82,1.1,0.89,1.68,1,Corn,South,Spring,2021-01-16,F0160,5.58
608,5.86,22.59,21.23,667.61,96.96,1.35,2553.82,0.6,0.49,1.07,2,Soybean,Central,Summer,2021-08-31,F0081,5.47
609,4.77,25.2,33.38,731.12,231.72,14.64,1646.55,2.6,0.76,1.41,4,Rice,South,Autumn,2021-04-28,F0060,5.31
610,4.97,23.29,17.51,1091.45,282.99,7.17,1865.56,0.88,0.43,1.81,1,Barley,West,Summer,2021-01-15,F0227,6.73
611,6.36,18.45,18.36,692.89,190.06,1.33,2010.31,1.46,1.4,1.15,4,Rice,North,Summer,2021-03-06,F0343,6.74
612,4.65,36.67,17.62,1124.68,184.39,4.67,1337.21,1.47,1.4,0.85,5,Corn,West,Autumn,2021-01-18,F0173,7.24
613,7.78,38.01,11.56,257.82,209.95,7.34,2571.23,1.79,0.4,1.66,2,Barley,East,Autumn,2021-08-21,F0135,6.55
614,4.71,41.32,33.61,799.75,293.17,12.45,1496.33,2.01,0.31,0.77,4,Corn,South,Spring,2021-04-08,F0208,7.13
615,5.93,27.06,15.22,942.15,56.86,11.42,1601.75,2.88,1.33,1.62,3,Barley,West,Spring,2021-07-20,F0084,4.15
616,8.01,44.83,16.26,252.36,264.39,7.48,2631.63,1.07,1.12,0.72,4,Soybean,Central,Spring,2021-07-11,F0279,6.35
617,4.88,38.54,20.45,623.13,65.54,6.65,1102.03,0.54,1.32,0.57,3,Soybean,Central,Spring,2021-04-02,F0497,5.07
618,6.8,20.17,23.16,292.65,161.3,13.31,1756.8,0.86,0.41,1.55,4,Wheat,Central,Spring,2021-10-02,F0006,6.68
619,5.6,10.12,12.01,1029.77,292.78,0.11,1387.63,0.72,0.36,1.92,2,Corn,North,Autumn,2021-10-14,F0261,8.17
620,7.96,35.86,25.85,866.86,207.21,9.86,2656.24,2.34,0.29,1.38,6,Wheat,West,Summer,2021-02-11,F0301,6.52
621,5.58,40.1,19.88,1012.44,134.07,1.65,1283.67,2.82,1.0,1.85,3,Wheat,West,Summer,2021-01-11,F0115,6.09
622,4.58,27.26,14.36,421.76,118.0,2.83,1814.96,2.65,0.79,0.8,4,Corn,North,Summer,2021-12-28,F0082,6.35
623,7.04,42.16,18.73,870.31,121.47,5.0,1232.11,1.57,0.83,1.12,3,Corn,East,Spring,2021-02-09,F0273,6.39
624,8.0,12.14,16.09,665.46,144.68,9.44,1614.57,1.62,1.2,1.8,1,Barley,Central,Spring,2021-02-12,F0237,5.26
625,5.04,28.77,14.81,427.77,157.79,2.97,2912.2,0.82,0.22,0.8,2,Wheat,Central,Summer,2021-11-21,F0451,5.75
626,8.19,13.56,26.84,702.45,87.49,11.68,2800.64,1.54,1.41,0.9,6,Wheat,East,Autumn,2021-09-18,F0402,4.62
627,5.17,46.99,10.78,1031.78,280.99,9.53,2151.47,2.73,1.3,0.7,1,Corn,West,Summer,2021-10-28,F0164,8.44
628,4.81,16.85,24.03,797.21,191.47,10.75,1169.59,1.93,0.95,0.6,5,Corn,North,Spring,2021-04-17,F0495,6.05
629,8.03,31.19,10.79,493.08,121.73,5.23,2635.58,1.38,0.48,1.45,6,Barley,West,Autumn,2021-12-28,F0360,5.96
630,7.93,49.95,32.97,515.13,238.26,7.88,2384.12,0.87,0.93,1.6,1,Soybean,West,Spring,2021-12-21,F0394,6.92
631,7.58,38.22,24.62,611.45,260.24,11.0,1322.64,1.85,1.37,0.61,5,Rice,North,Autumn,2021-04-03,F0175,6.07
632,5.89,35.01,30.53,445.4,92.31,6.35,1192.32,0.89,0.34,1.17,1,Soybean,North,Summer,2021-11-29,F0023,5.07
633,5.56,35.44,34.31,1160.17,275.3,6.03,2685.63,1.87,1.08,0.61,6,Soybean,North,Summer,2021-03-15,F0209,8.56
634,4.61,49.47,34.3,840.18,203.91,13.73,1816.92,2.71,0.42,1.15,4,Soybean,Central,Autumn,2021-01-15,F0294,6.5
635,5.53,39.77,13.45,340.32,180.07,13.05,2951.19,0.79,0.97,1.17,5,Soybean,South,Summer,2021-05-13,F0188,5.75
636,7.12,42.24,12.49,218.22,272.66,14.27,2628.69,2.97,0.62,1.98,2,Wheat,West,Spring,2021-01-17,F0062,7.34
637,5.57,36.88,21.62,320.71,60.36,12.78,1893.73,0.56,1.09,0.54,3,Soybean,Central,Summer,2021-09-22,F0402,3.59
638,7.28,36.54,24.03,437.1,71.16,6.61,2435.01,2.6,0.37,1.09,4,Barley,North,Spring,2021-08-29,F0168,4.65
639,7.79,46.61,33.91,693.45,250.85,4.62,2357.63,1.86,0.48,1.41,4,Rice,East,Spring,2021-02-12,F0421,8.3
640,7.64,46.05,12.34,1175.91,295.65,4.19,2729.37,1.27,0.68,1.96,1,Soybean,East,Spring,2021-05-11,F0211,7.91
641,4.93,44.98,26.48,117.8,110.08,9.87,2460.91,2.46,1.39,1.71,5,Barley,Central,Autumn,2021-09-11,F0056,4.79
642,7.28,22.91,27.89,1167.68,252.74,12.06,2365.91,0.5,0.97,0.99,1,Soybean,Central,Spring,2021-11-15,F0375,6.98
643,5.43,29.08,32.37,128.06,222.69,9.38,2453.62,1.32,0.21,1.49,4,Barley,Central,Summer,2021-08-26,F0393,6.84
644,6.5,35.2,18.12,359.0,146.6,13.69,1173.51,2.27,0.59,1.92,3,Corn,South,Summer,2021-02-18,F0158,6.27
645,8.27,42.49,19.84,508.99,81.26,8.19,2322.62,2.98,0.27,1.23,1,Soybean,South,Spring,2021-11-10,F0170,4.91
646,7.98,13.15,24.18,688.27,296.44,7.6,2640.9,0.78,1.46,1.84,6,Wheat,West,Autumn,2021-10-03,F0049,8.12
647,6.15,27.11,30.0,660.15,131.79,0.35,2609.87,0.78,0.38,1.12,4,Rice,West,Spring,2021-12-11,F0238,6.47
648,6.41,24.12,14.81,1138.92,212.2,8.1,1182.16,2.63,0.72,1.18,5,Soybean,South,Autumn,2021-12-14,F0156,7.48
649,7.59,22.52,10.09,826.91,177.3,2.24,2402.75,2.29,1.09,1.38,3,Rice,Central,Autumn,2021-07-24,F0380,7.77
650,8.49,45.75,34.08,240.83,129.44,4.73,1937.21,0.66,0.52,1.13,1,Rice,North,Autumn,2021-09-13,F0011,5.02
651,5.26,45.09,31.06,1075.78,206.8,7.16,2983.38,2.97,0.99,1.59,1,Soybean,West,Summer,2021-05-24,F0332,7.66
652,8.02,28.47,13.11,317.36,116.14,0.24,1045.8,2.58,1.42,1.55,5,Wheat,East,Autumn,2021-02-07,F0151,5.71
653,5.15,34.06,20.8,1072.31,65.47,12.77,2106.97,1.92,0.43,1.35,6,Wheat,Central,Summer,2021-10-02,F0026,4.52
654,7.05,30.21,10.27,470.75,231.89,0.43,2181.56,0.59,0.7,1.55,3,Rice,South,Spring,2021-09-17,F0397,6.75
655,5.15,26.47,34.16,990.18,211.33,2.97,1361.07,1.41,0.81,0.79,4,Corn,East,Spring,2021-09-08,F0075,6.74
656,7.32,19.1,29.46,129.88,113.98,4.44,1916.07,2.76,1.42,1.32,2,Soybean,Central,Autumn,2021-12-14,F0356,5.34
657,8.34,24.27,30.76,1135.86,67.24,2.97,1843.31,2.19,1.23,1.91,2,Wheat,Central,Autumn,2021-07-21,F0184,4.73
658,6.55,43.33,19.32,620.21,256.3,14.91,1506.64,1.7,0.73,0.55,1,Rice,Central,Spring,2021-12-13,F0019,7.16
659,6.91,25.6,15.03,927.89,112.43,9.14,2057.39,2.7,0.87,0.75,4,Wheat,Central,Autumn,2021-08-23,F0392,5.12
660,6.52,18.14,20.28,1184.71,112.23,0.12,1035.97,2.0,1.12,1.33,6,Barley,West,Spring,2021-11-25,F0498,5.3
661,7.32,18.58,22.46,891.29,236.31,14.16,2029.0,2.63,0.2,1.12,4,Corn,East,Summer,2021-05-22,F0420,7.75
662,5.0,45.59,14.81,665.45,175.88,7.1,2162.14,1.12,0.4,0.88,5,Wheat,South,Autumn,2021-02-27,F0236,5.35
663,6.89,10.8,12.13,650.59,278.12,0.54,2166.6,2.31,0.66,0.7,1,Corn,West,Autumn,2021-04-04,F0168,8.6
664,7.87,44.32,33.91,163.35,181.11,9.62,2846.14,0.63,0.52,1.61,5,Corn,West,Autumn,2021-06-17,F0191,5.34
665,5.66,13.58,11.77,168.26,98.0,4.37,1207.83,0.72,0.43,1.95,5,Rice,South,Spring,2021-05-17,F0322,5.45
666,7.02,25.61,16.78,350.98,56.87,0.7,1088.07,1.41,0.94,1.44,4,Soybean,East,Spring,2021-07-13,F0464,5.32
667,6.81,44.99,32.74,576.47,202.96,14.95,2736.19,1.91,1.29,1.69,5,Barley,South,Summer,2021-04-18,F0241,4.66
668,5.25,16.08,18.03,1172.71,141.9,3.78,2737.35,1.14,1.4,0.99,1,Corn,East,Autumn,2021-12-10,F0261,6.38
669,7.1,24.93,12.54,209.22,264.44,3.93,2010.24,1.86,1.26,1.17,3,Barley,South,Spring,2021-07-02,F0107,5.81
670,7.89,45.08,19.53,1119.28,215.15,14.14,2406.82,0.98,0.22,1.98,4,Corn,West,Autumn,2021-08-26,F0276,6.97
671,7.19,39.44,30.23,425.84,276.13,11.14,1309.21,0.51,0.64,0.5,1,Corn,South,Summer,2021-03-20,F0278,6.26
672,6.65,14.1,24.26,121.13,58.96,0.16,2305.49,2.66,1.34,1.24,1,Barley,South,Spring,2021-11-05,F0078,4.1
673,6.54,37.52,15.78,817.32,217.37,5.49,2785.29,0.54,1.11,0.72,3,Barley,South,Summer,2021-02-13,F0020,6.41
674,5.24,45.46,16.28,106.33,111.25,10.33,1294.31,1.24,0.77,1.56,5,Soybean,West,Spring,2021-10-26,F0016,5.19
675,5.46,26.41,16.59,304.94,226.49,7.22,1117.53,0.78,1.29,1.04,5,Barley,South,Spring,2021-02-16,F0364,5.98
676,8.49,31.5,24.51,880.74,97.51,6.04,2169.56,1.41,1.1,0.91,4,Soybean,West,Spring,2021-08-29,F0034,6.76
677,5.87,28.68,22.0,943.46,211.18,7.22,2261.59,0.75,0.84,1.07,1,Wheat,North,Autumn,2021-09-27,F0071,6.73
678,6.69,13.32,27.89,667.93,114.23,13.84,2223.72,0.52,0.29,1.43,5,Soybean,North,Autumn,2021-09-14,F0203,5.46
679,6.72,47.1,10.4,584.13,276.32,10.55,2544.25,2.28,1.24,0.63,3,Soybean,Central,Spring,2021-03-05,F0425,6.77
680,5.38,36.45,11.82,370.49,94.13,1.87,1622.79,0.62,1.45,1.27,3,Soybean,West,Summer,2021-05-30,F0002,5.5
681,6.11,14.24,14.58,400.25,252.66,13.75,2903.4,2.7,1.22,1.0,2,Barley,West,Spring,2021-10-11,F0369,6.35
682,5.34,46.07,31.26,868.61,255.12,3.61,2899.41,1.59,1.44,0.68,3,Barley,East,Summer,2021-12-20,F0098,6.53
683,7.39,28.14,33.11,957.44,165.17,10.62,2661.13,2.28,0.92,1.69,3,Soybean,West,Spring,2021-12-09,F0002,5.96
684,8.47,25.83,29.4,495.2,262.02,0.08,1235.22,0.78,0.35,1.72,4,Barley,Central,Summer,2021-01-07,F0246,7.39
685,8.16,24.26,20.36,561.45,269.45,3.06,2190.92,0.59,0.93,1.33,4,Soybean,East,Spring,2021-04-30,F0070,8.37
686,4.77,17.52,19.45,1086.0,280.13,5.68,2583.93,1.51,0.66,1.59,3,Barley,East,Autumn,2021-08-16,F0224,8.58
687,4.94,39.33,21.71,883.8,70.86,4.67,2214.38,2.38,1.45,1.54,6,Rice,Central,Autumn,2021-07-10,F0011,5.0
688,5.15,40.71,30.7,812.35,169.86,11.94,2765.73,1.04,1.41,1.79,3,Wheat,North,Summer,2021-05-01,F0121,6.19
689,7.19,42.11,11.08,354.28,211.08,2.97,2694.9,2.43,1.42,1.82,6,Soybean,South,Autumn,2021-03-06,F0361,8.03
690,7.28,26.09,11.45,990.94,247.8,10.54,1466.07,2.02,1.06,0.78,1,Barley,Central,Autumn,2021-08-27,F0123,7.96
691,5.99,25.89,14.19,1179.67,82.15,9.36,2341.82,1.07,1.18,1.82,3,Wheat,Central,Summer,2021-05-18,F0458,5.08
692,6.7,22.0,17.37,215.24,244.18,5.99,1154.44,2.71,0.3,1.27,1,Corn,North,Summer,2021-01-04,F0021,7.71
693,7.96,24.05,29.51,631.56,129.03,12.53,1895.1,2.62,0.84,0.63,1,Barley,West,Autumn,2021-04-15,F0236,5.56
694,6.27,15.06,10.04,514.64,55.34,0.04,2983.77,1.69,1.36,0.92,1,Corn,West,Autumn,2021-07-23,F0001,5.07
695,6.54,32.41,17.53,274.74,121.83,5.15,2906.61,0.97,0.66,1.82,1,Barley,Central,Summer,2021-08-01,F0370,6.38
696,5.92,47.48,22.76,884.7,166.81,8.61,1804.06,2.36,0.96,0.51,4,Barley,East,Spring,2021-01-21,F0497,5.9
697,5.32,23.32,33.28,434.45,200.59,2.09,1122.34,1.61,0.22,1.34,4,Rice,North,Spring,2021-08-21,F0018,7.09
698,4.92,45.79,31.98,177.97,183.26,14.47,2971.08,0.93,1.29,0.91,4,Wheat,Central,Autumn,2021-11-27,F0213,6.67
699,7.74,39.09,34.66,534.82,289.15,14.2,1780.95,0.54,0.96,1.22,1,Wheat,South,Autumn,2021-08-29,F0347,7.4
700,7.36,30.38,34.23,861.69,157.55,14.05,2909.08,1.61,0.36,1.14,4,Rice,West,Summer,2021-02-12,F0458,6.13
701,8.39,39.07,32.47,919.54,60.96,6.5,1687.41,1.48,0.65,2.0,6,Barley,West,Summer,2021-02-26,F0181,4.48
702,4.73,25.24,21.44,503.19,291.67,12.11,1306.46,1.25,1.48,1.23,1,Rice,Central,Spring,2021-11-26,F0114,6.79
703,4.61,16.73,31.32,444.37,143.14,5.85,1975.44,0.86,0.92,1.11,2,Corn,Central,Autumn,2021-01-14,F0138,5.3
704,4.58,43.42,32.59,426.67,131.06,10.82,1951.27,1.4,1.41,1.86,2,Barley,North,Summer,2021-02-13,F0253,5.75
705,7.49,24.66,27.06,157.37,92.25,1.51,1389.62,2.43,1.25,1.54,2,Rice,South,Autumn,2021-05-03,F0086,4.96
706,6.17,27.96,30.9,992.23,92.25,14.85,2436.93,2.63,0.62,1.47,1,Barley,North,Summer,2021-05-21,F0282,4.18
707,7.32,33.8,19.15,1112.02,291.06,14.74,1881.86,2.35,0.32,0.83,5,Wheat,Central,Spring,2021-01-18,F0234,7.74
708,6.05,12.6,29.37,113.39,261.12,10.7,2329.39,2.02,0.22,1.44,3,Corn,Central,Autumn,2021-11-18,F0476,6.6
709,6.43,29.74,15.05,997.33,127.19,8.66,2247.26,2.85,0.31,0.93,5,Soybean,North,Summer,2021-09-17,F0256,5.6
710,8.13,35.31,10.83,854.68,231.1,7.14,2258.15,0.56,0.52,1.71,5,Rice,East,Autumn,2021-01-18,F0242,6.92
711,6.7,21.47,11.69,805.27,96.17,9.41,1850.94,2.43,1.4,0.67,6,Rice,Central,Summer,2021-07-28,F0161,3.96
712,6.19,44.31,31.95,241.43,218.38,7.43,1039.75,1.19,0.67,1.85,5,Barley,West,Spring,2021-04-01,F0425,7.7
713,8.26,47.19,34.97,1167.26,167.99,14.19,2809.33,1.9,0.31,0.87,2,Wheat,Central,Summer,2021-06-30,F0189,5.73
714,6.8,40.68,27.5,386.74,268.69,0.1,1479.37,0.68,1.47,1.34,4,Barley,North,Spring,2021-05-07,F0369,7.16
715,7.65,21.47,18.13,825.63,277.99,1.26,1136.64,1.06,0.63,0.78,4,Corn,West,Summer,2021-05-31,F0382,8.29
716,7.86,19.81,32.52,1069.49,292.16,10.93,2047.67,0.57,1.26,1.7,5,Soybean,North,Spring,2021-11-25,F0335,7.98
717,5.83,34.17,28.65,920.69,218.55,13.8,2155.28,2.28,1.15,0.95,1,Corn,East,Autumn,2021-12-08,F0320,6.32
718,7.24,10.19,25.55,1104.64,288.07,3.61,2751.05,1.94,0.88,1.95,3,Rice,South,Autumn,2021-01-14,F0138,8.03
719,4.52,14.02,18.66,108.93,59.98,12.08,2000.59,2.66,0.61,1.61,5,Rice,East,Summer,2021-01-04,F0199,3.13
720,5.07,33.62,14.98,708.88,60.49,11.57,2989.19,1.76,1.19,0.76,4,Soybean,Central,Autumn,2021-11-27,F0404,5.29
721,7.17,39.74,27.69,1085.66,209.53,5.03,1243.2,0.84,0.4,1.26,6,Rice,West,Autumn,2021-02-24,F0130,6.97
722,7.35,40.91,25.88,857.46,272.11,7.79,1771.78,2.22,1.14,0.97,6,Wheat,South,Spring,2021-11-06,F0096,8.18
723,5.83,19.81,22.23,920.38,124.35,3.36,1946.25,1.6,1.37,1.2,3,Corn,Central,Spring,2021-08-27,F0186,6.18
724,8.05,40.87,20.58,638.96,175.2,7.59,2843.62,1.1,1.21,1.62,4,Corn,Central,Summer,2021-04-10,F0344,6.3
725,7.28,46.89,29.68,1006.92,154.05,4.57,1420.41,2.35,0.33,0.93,5,Rice,Central,Summer,2021-10-25,F0400,7.32
726,5.4,26.75,24.84,758.76,53.46,2.91,1585.34,0.96,1.37,1.71,5,Corn,East,Autumn,2021-02-06,F0281,4.86
727,8.28,37.73,24.72,567.99,95.5,3.86,1083.89,2.3,1.28,0.81,5,Wheat,East,Autumn,2021-01-03,F0291,5.94
728,5.66,14.32,27.07,599.5,113.01,10.12,1736.42,1.22,0.84,1.21,2,Wheat,South,Summer,2021-04-19,F0123,4.52
729,6.43,18.79,17.12,459.9,290.99,9.94,1294.99,0.67,1.32,0.75,4,Rice,North,Spring,2021-09-24,F0331,7.04
730,5.75,35.79,28.54,470.39,250.64,3.03,2547.79,1.05,0.49,0.91,1,Rice,West,Summer,2021-12-06,F0278,7.66
731,7.49,41.68,11.44,164.33,118.74,4.81,2747.65,2.98,0.81,1.19,3,Soybean,North,Spring,2021-02-04,F0481,5.01
732,5.61,28.17,25.23,395.36,76.61,14.03,1880.15,0.91,1.42,1.63,2,Corn,West,Autumn,2021-10-12,F0014,3.49
733,5.12,14.59,16.74,826.13,193.22,13.47,1206.7,2.57,0.45,1.04,4,Barley,West,Summer,2021-09-14,F0209,6.11
734,7.4,19.74,30.14,945.6,216.35,7.82,1418.35,2.12,0.99,0.89,2,Rice,South,Spring,2021-07-17,F0396,6.25
735,7.87,13.59,33.15,416.62,60.29,3.67,1150.45,0.97,1.3,1.0,4,Corn,North,Spring,2021-02-24,F0195,3.53
736,7.18,11.18,30.55,925.04,236.48,12.46,1723.92,1.47,1.36,1.12,5,Wheat,Central,Summer,2021-05-24,F0022,7.07
737,8.32,10.9,28.69,1199.23,201.88,6.02,2923.87,2.99,0.82,1.16,2,Wheat,South,Summer,2021-10-11,F0117,7.47
738,8.14,43.94,32.22,863.04,73.64,14.09,1651.45,1.55,1.09,1.89,5,Soybean,Central,Summer,2021-01-31,F0178,5.2
739,4.83,32.51,25.33,1107.86,174.45,5.1,1534.77,1.45,1.44,1.15,4,Corn,South,Summer,2021-01-01,F0257,5.55
740,8.02,42.38,26.6,1084.98,68.19,2.9,1683.23,2.11,0.62,1.77,1,Barley,South,Summer,2021-12-27,F0420,5.99
741,7.57,42.11,16.86,841.02,284.72,4.53,2775.49,2.04,1.11,1.83,5,Barley,Central,Summer,2021-11-16,F0399,8.06
742,7.09,29.21,12.32,220.71,80.39,5.14,1853.45,0.74,1.2,0.61,2,Soybean,East,Spring,2021-07-05,F0120,4.99
743,5.45,24.33,17.77,907.74,52.12,13.0,1514.78,1.34,0.52,0.92,5,Rice,North,Summer,2021-11-10,F0376,5.0
744,7.6,28.85,15.09,1178.9,63.76,5.43,2279.05,2.37,0.27,0.82,4,Soybean,North,Summer,2021-02-05,F0497,4.5
745,6.93,37.57,14.25,251.75,138.9,9.27,1716.18,1.56,0.49,1.09,3,Barley,South,Spring,2021-01-26,F0169,5.84
746,5.55,43.05,15.78,874.88,177.42,3.95,1955.26,2.44,1.46,1.25,3,Corn,Central,Summer,2021-07-17,F0143,6.99
747,7.21,42.85,23.2,189.68,157.55,6.26,1328.28,1.19,0.98,1.15,6,Wheat,Central,Spring,2021-02-07,F0285,5.27
748,8.12,25.46,24.54,817.48,295.8,8.87,2841.48,1.28,0.68,1.51,3,Soybean,East,Autumn,2021-09-02,F0248,7.67
749,6.01,43.81,21.7,889.03,170.93,8.14,2881.02,2.96,1.19,1.83,3,Soybean,North,Autumn,2021-03-03,F0344,6.01
750,7.67,11.9,32.09,675.66,52.32,13.29,1234.53,1.13,1.07,0.53,5,Barley,West,Summer,2021-11-26,F0436,3.84
751,6.51,30.97,23.75,913.35,105.16,14.03,1363.28,1.42,0.76,1.54,4,Soybean,North,Summer,2021-08-28,F0209,5.29
752,7.81,20.09,13.92,1072.39,184.55,11.7,2349.65,1.97,0.22,1.23,1,Corn,North,Spring,2021-10-30,F0380,6.75
753,8.39,42.07,31.31,1085.5,203.83,7.44,1365.74,1.62,0.77,1.71,2,Wheat,Central,Autumn,2021-03-19,F0261,7.1
754,6.64,11.69,26.33,1177.37,152.94,0.05,1749.55,1.79,0.45,0.71,5,Corn,Central,Autumn,2021-02-12,F0370,7.21
755,6.39,15.55,16.19,245.37,81.19,1.05,2863.3,2.32,0.78,0.82,4,Wheat,Central,Spring,2021-06-07,F0373,5.49
756,5.06,33.51,21.24,341.06,120.14,0.11,2671.29,2.42,0.84,1.44,1,Barley,North,Autumn,2021-10-04,F0210,5.32
757,5.16,30.51,33.21,1190.54,293.52,8.85,2293.67,1.32,1.39,1.95,2,Rice,Central,Spring,2021-06-12,F0242,8.7
758,7.97,34.71,29.05,1115.16,59.24,1.61,2168.53,2.44,1.34,1.69,1,Soybean,South,Spring,2021-10-22,F0087,5.15
759,7.9,40.29,24.17,1079.95,91.75,0.05,2656.88,2.13,0.7,0.97,2,Rice,Central,Autumn,2021-05-22,F0127,6.24
760,8.42,16.81,18.65,763.19,254.08,9.99,2602.19,2.06,0.39,0.78,3,Wheat,East,Spring,2021-11-29,F0304,7.32
761,7.11,33.56,18.95,1197.08,79.52,3.34,2845.7,2.4,0.51,1.29,6,Rice,Central,Autumn,2021-11-27,F0047,6.18
762,5.34,27.76,20.0,1174.55,277.96,8.84,2026.35,2.71,1.41,1.43,4,Wheat,North,Spring,2021-08-09,F0202,7.75
763,6.83,20.72,29.44,248.92,182.4,7.53,1194.66,1.6,1.27,0.62,2,Barley,South,Spring,2021-11-23,F0133,5.5
764,4.77,39.27,33.28,237.2,277.46,7.69,1423.79,2.54,0.71,1.86,5,Barley,North,Autumn,2021-01-26,F0481,7.09
765,8.23,30.83,32.78,584.4,258.4,0.11,1959.74,2.02,0.77,1.35,5,Soybean,Central,Spring,2021-03-30,F0469,7.84
766,5.11,18.55,10.19,976.04,253.9,4.39,2628.37,0.86,0.39,1.55,1,Rice,South,Summer,2021-06-09,F0018,6.62
767,8.09,39.96,11.88,911.72,98.47,12.16,2930.63,1.81,0.53,1.93,4,Corn,North,Summer,2021-12-26,F0121,6.03
768,7.45,23.52,26.75,1104.42,291.84,10.6,1322.2,2.38,1.37,1.04,3,Barley,Central,Summer,2021-12-17,F0220,7.5
769,5.24,44.18,16.79,119.92,86.91,13.45,1827.1,0.74,1.33,0.7,2,Wheat,Central,Summer,2021-07-02,F0479,4.62
770,6.91,22.4,24.08,300.75,256.55,14.44,2306.92,1.47,0.46,0.82,1,Soybean,North,Summer,2021-09-02,F0429,7.14
771,7.61,43.64,31.92,272.88,249.5,9.63,2282.46,0.65,1.38,0.75,3,Wheat,West,Summer,2021-05-30,F0375,6.05
772,6.11,20.27,26.04,1199.89,217.74,10.95,2390.47,2.05,0.57,1.98,5,Wheat,Central,Autumn,2021-02-15,F0199,6.6
773,7.05,23.59,15.44,951.93,181.69,4.07,1879.68,2.21,0.79,1.73,4,Barley,East,Summer,2021-04-23,F0254,6.69
774,8.45,49.23,20.63,355.85,259.95,2.15,1408.18,2.32,1.06,1.87,6,Corn,Central,Autumn,2021-07-21,F0120,7.67
775,5.7,16.27,31.92,245.7,200.72,11.69,1118.75,1.69,0.56,0.54,3,Corn,South,Summer,2021-07-11,F0470,5.4
776,4.6,36.83,18.78,614.84,159.27,1.04,2353.59,2.18,0.29,0.63,3,Corn,West,Autumn,2021-10-20,F0284,6.21
777,8.17,21.92,23.16,237.53,168.79,11.27,2389.89,3.0,0.25,1.92,1,Corn,North,Autumn,2021-02-10,F0107,5.72
778,6.78,19.79,20.79,140.52,123.62,10.11,2924.61,1.94,0.72,1.03,5,Rice,North,Autumn,2021-11-01,F0410,6.01
779,6.5,13.65,25.37,428.57,256.08,2.23,2690.82,1.03,1.04,1.11,2,Wheat,North,Summer,2021-11-26,F0372,7.54
780,6.89,19.19,10.87,985.48,243.57,14.89,2033.93,2.7,0.24,0.77,1,Corn,West,Spring,2021-05-25,F0220,7.42
781,7.04,13.87,15.48,302.94,205.78,1.46,2727.12,2.73,1.06,1.33,3,Barley,East,Autumn,2021-09-24,F0062,7.68
782,5.81,24.53,32.78,293.71,288.64,11.87,2965.64,0.6,0.76,0.65,3,Soybean,Central,Summer,2021-11-24,F0327,7.95
783,6.73,49.87,29.54,714.91,141.11,12.25,2564.46,2.88,0.59,1.88,6,Soybean,Central,Spring,2021-03-09,F0301,6.88
784,8.38,20.19,13.53,731.69,99.81,7.34,2523.08,2.05,1.1,1.11,3,Barley,East,Spring,2021-11-22,F0065,4.86
785,7.85,47.96,33.38,276.23,188.07,4.14,2006.25,2.2,0.97,0.79,6,Corn,Central,Autumn,2021-09-05,F0492,6.81
786,5.4,26.32,12.28,693.31,136.75,8.88,1521.27,1.88,1.28,1.48,6,Corn,West,Summer,2021-06-02,F0051,5.79
787,5.22,15.15,25.84,1076.34,219.14,6.12,1584.68,0.57,0.7,1.78,1,Wheat,Central,Autumn,2021-03-11,F0180,8.17
788,6.93,46.67,34.22,482.9,200.66,7.95,1629.63,1.02,0.71,1.63,4,Rice,Central,Autumn,2021-10-19,F0433,5.97
789,7.39,28.42,26.5,436.71,229.97,9.75,2930.34,0.96,1.48,0.79,1,Rice,East,Spring,2021-01-28,F0310,6.16
790,7.18,27.94,28.67,290.03,168.47,0.43,2304.75,0.72,1.36,1.47,6,Rice,Central,Autumn,2021-03-19,F0253,6.93
791,7.8,30.84,24.06,410.2,54.07,7.82,1499.32,2.82,1.21,1.49,2,Rice,West,Autumn,2021-11-24,F0065,3.85
792,6.2,35.37,13.98,248.76,288.01,13.16,1079.56,1.9,0.26,1.54,5,Soybean,Central,Spring,2021-11-16,F0233,7.18
793,5.44,16.57,22.68,1175.69,80.86,12.12,1564.68,1.32,1.4,1.54,2,Soybean,South,Autumn,2021-03-20,F0098,4.01
794,7.02,16.91,27.88,562.48,241.77,8.69,2536.1,1.7,1.08,1.33,4,Barley,West,Spring,2021-10-20,F0323,6.93
795,8.11,33.77,16.64,1076.23,83.47,6.88,2592.57,2.51,0.25,0.59,6,Corn,East,Summer,2021-09-10,F0163,4.54
796,6.32,10.02,27.92,260.03,195.01,10.15,1925.5,0.77,0.37,1.16,3,Wheat,Central,Spring,2021-04-27,F0113,6.27
797,7.86,41.43,19.24,1106.86,132.59,13.09,1372.17,0.61,1.42,0.55,4,Wheat,South,Spring,2021-07-29,F0393,6.11
798,6.28,34.86,11.08,983.15,287.96,13.99,1188.66,0.69,1.03,1.69,4,Barley,South,Summer,2021-10-12,F0203,6.55
799,7.44,15.88,17.31,531.23,152.87,3.51,1623.77,2.59,0.99,1.99,5,Rice,North,Spring,2021-05-11,F0122,6.35
800,6.87,45.01,17.43,196.97,105.14,3.43,2528.97,1.53,0.22,0.67,2,Rice,West,Spring,2021-04-05,F0222,6.47
801,4.79,49.11,28.2,269.95,117.33,5.16,1632.06,1.12,0.21,1.67,3,Wheat,North,Spring,2021-11-24,F0206,4.39
802,7.73,36.7,12.3,267.49,72.33,10.3,2672.33,2.85,1.05,0.74,6,Corn,Central,Autumn,2021-07-19,F0365,4.93
803,8.1,41.31,33.53,347.94,157.34,9.48,2128.93,2.02,1.2,1.71,5,Soybean,Central,Autumn,2021-01-24,F0136,6.46
804,5.88,48.2,29.55,966.15,81.45,4.66,2277.15,2.24,1.17,1.99,3,Wheat,South,Summer,2021-08-18,F0367,5.29
805,6.08,22.91,14.03,640.4,152.7,6.26,1207.08,0.78,0.94,1.14,4,Rice,West,Spring,2021-04-11,F0401,6.34
806,6.78,15.63,25.74,777.4,72.76,1.8,2289.02,2.89,0.88,1.41,3,Rice,East,Summer,2021-03-29,F0251,5.0
807,6.39,15.52,26.96,302.61,70.34,0.58,2583.62,1.28,0.99,1.28,2,Rice,Central,Spring,2021-01-08,F0112,5.76
808,5.37,19.66,25.32,734.05,230.66,10.37,2122.97,2.37,1.02,1.1,2,Corn,North,Spring,2021-10-03,F0272,5.85
809,5.61,47.49,33.32,723.89,57.51,1.24,1224.66,1.9,1.15,0.98,4,Wheat,West,Spring,2021-02-16,F0326,3.89
810,7.43,31.42,20.05,386.69,232.15,0.07,1744.32,1.11,0.76,1.16,6,Wheat,South,Spring,2021-09-05,F0143,8.23
811,7.63,27.31,20.83,202.84,144.64,2.02,2162.78,2.82,0.57,1.37,5,Barley,North,Spring,2021-10-02,F0108,6.19
812,4.79,36.17,19.82,733.94,201.83,13.84,2537.66,0.71,0.93,0.73,1,Rice,West,Summer,2021-12-03,F0005,6.28
813,6.64,45.21,23.66,382.36,98.32,5.3,1082.0,1.83,1.02,0.53,1,Soybean,East,Spring,2021-01-15,F0318,4.2
814,5.91,44.75,30.62,788.93,99.84,10.78,2637.68,1.85,0.93,1.3,4,Rice,West,Autumn,2021-05-19,F0436,6.06
815,5.23,30.67,10.88,862.45,179.72,3.94,1271.99,2.06,0.7,0.54,5,Barley,South,Spring,2021-12-30,F0449,6.55
816,8.41,43.65,23.94,296.12,289.38,2.97,2042.38,2.86,1.02,1.16,6,Wheat,North,Spring,2021-09-26,F0417,8.43
817,6.63,14.86,19.63,1186.86,275.48,11.24,1828.31,1.38,0.8,1.77,4,Rice,Central,Summer,2021-07-01,F0280,6.65
818,7.26,29.71,10.03,1012.07,201.5,11.22,2260.99,0.88,0.34,1.84,2,Rice,East,Spring,2021-06-16,F0066,6.49
819,7.34,17.99,22.55,738.58,202.54,10.16,2211.13,1.68,0.44,1.13,2,Wheat,East,Spring,2021-05-21,F0355,7.12
820,4.87,23.08,25.63,1181.2,287.66,10.34,1753.04,0.93,0.89,0.85,4,Soybean,South,Summer,2021-10-01,F0357,7.65
821,5.47,11.5,24.1,607.21,187.21,3.7,2744.02,2.72,0.87,1.95,6,Barley,North,Spring,2021-05-09,F0413,7.3
822,5.34,25.82,25.23,1049.31,152.86,13.4,2843.46,2.19,1.3,1.95,5,Soybean,East,Summer,2021-06-05,F0224,5.88
823,6.93,32.17,13.43,1163.32,154.74,8.89,1142.18,2.76,0.89,1.37,3,Barley,South,Summer,2021-04-19,F0315,6.65
824,5.97,41.84,10.91,877.22,244.64,6.92,1097.42,1.67,1.09,0.91,1,Corn,Central,Spring,2021-06-19,F0469,6.78
825,6.22,17.9,12.93,169.58,256.99,5.49,1896.8,1.37,1.1,1.77,4,Barley,East,Spring,2021-04-27,F0241,7.57
826,5.93,12.12,17.44,281.54,232.11,2.42,2350.55,1.96,0.96,0.76,5,Wheat,West,Summer,2021-01-20,F0273,6.88
827,5.28,30.15,17.04,467.35,56.11,11.55,1213.36,2.78,0.52,1.57,3,Soybean,North,Autumn,2021-11-04,F0305,4.11
828,7.8,33.41,29.08,993.31,205.22,12.91,1639.68,1.1,0.98,0.55,2,Wheat,Central,Autumn,2021-11-07,F0428,7.32
829,8.46,12.05,14.9,158.85,162.66,1.8,2664.09,2.96,1.12,0.69,6,Wheat,Central,Autumn,2021-04-02,F0362,5.43
830,7.85,14.16,11.13,887.13,182.14,0.45,1751.85,0.75,0.41,1.32,2,Wheat,East,Spring,2021-08-08,F0142,6.96
831,7.45,33.8,14.07,1088.77,201.49,7.92,2285.73,2.93,0.4,0.53,2,Barley,South,Summer,2021-09-27,F0446,6.57
832,7.29,47.11,19.79,730.66,224.34,13.63,2574.95,0.63,0.41,0.98,3,Barley,West,Spring,2021-11-16,F0136,7.32
833,8.15,11.97,21.41,485.24,191.06,11.5,2185.42,0.95,0.42,0.85,6,Wheat,West,Spring,2021-03-28,F0440,6.29
834,7.26,28.41,23.14,356.93,168.68,14.06,1215.8,3.0,1.17,0.6,1,Rice,South,Spring,2021-03-29,F0013,5.89
835,5.24,44.33,22.27,542.33,78.01,13.0,2476.2,1.24,0.97,1.5,3,Wheat,North,Summer,2021-01-03,F0384,5.19
836,7.0,43.07,30.12,408.85,75.52,4.91,2056.15,2.94,1.25,0.91,1,Barley,Central,Autumn,2021-05-11,F0190,4.89
837,6.52,47.61,26.08,491.21,294.36,12.37,2310.89,2.98,0.52,1.92,4,Rice,Central,Autumn,2021-06-11,F0226,7.19
838,5.02,37.25,32.58,229.73,244.15,7.41,1964.53,1.47,1.31,0.93,5,Corn,North,Spring,2021-01-25,F0437,6.8
839,8.09,35.71,15.83,837.67,226.89,2.88,1864.09,2.67,0.94,0.83,2,Soybean,South,Spring,2021-06-26,F0260,6.44
840,6.71,20.8,18.06,310.76,277.0,4.57,2360.81,1.69,1.1,1.15,4,Wheat,North,Summer,2021-07-22,F0364,7.86
841,5.42,17.84,20.66,559.54,50.43,7.24,1340.88,0.99,0.26,0.99,4,Soybean,North,Autumn,2021-04-06,F0410,4.6
842,7.08,30.48,26.61,1069.68,208.85,6.21,1599.07,1.06,0.53,1.06,3,Soybean,South,Spring,2021-10-15,F0414,6.5
843,6.14,21.43,29.65,744.77,184.91,0.34,1397.7,1.86,0.91,1.93,2,Corn,South,Autumn,2021-07-15,F0223,7.44
844,8.13,45.06,26.11,1131.42,226.95,10.11,1951.74,1.35,1.33,1.54,6,Rice,East,Summer,2021-06-25,F0215,7.03
845,6.34,14.75,30.06,955.74,268.0,6.13,2005.75,2.15,1.25,1.78,3,Rice,South,Autumn,2021-09-24,F0173,8.21
846,4.84,49.9,11.3,898.87,119.91,8.35,2029.01,0.95,1.18,0.74,6,Barley,North,Spring,2021-04-22,F0268,5.79
847,8.15,38.18,16.44,163.97,166.56,13.68,1554.0,2.77,0.83,0.84,5,Corn,West,Spring,2021-04-06,F0344,5.68
848,7.28,11.9,17.59,416.96,138.56,0.55,1449.1,0.71,0.26,1.06,3,Corn,Central,Autumn,2021-04-24,F0338,6.35
849,4.73,27.65,18.87,814.65,124.99,9.55,2972.69,1.83,0.85,0.74,2,Rice,East,Spring,2021-02-17,F0077,5.38
850,6.17,10.49,31.52,1090.15,220.25,5.37,2839.01,3.0,0.41,1.69,3,Soybean,Central,Summer,2021-10-05,F0474,7.5
851,7.17,38.5,27.97,1026.13,293.6,13.18,1889.7,2.39,1.5,1.91,1,Soybean,Central,Summer,2021-10-15,F0349,6.86
852,6.43,20.97,33.56,1123.02,271.22,4.16,1503.62,1.59,0.43,1.79,2,Rice,North,Spring,2021-11-23,F0485,7.84
853,5.14,38.44,17.97,982.33,229.74,12.48,1034.96,2.28,1.1,1.22,4,Wheat,South,Summer,2021-02-08,F0417,7.87
854,7.71,30.3,32.87,953.12,143.11,0.37,1663.99,1.8,0.57,1.76,6,Barley,North,Spring,2021-07-22,F0027,5.71
855,6.34,45.19,18.1,1091.81,95.38,12.91,2858.17,1.05,0.79,1.57,6,Barley,South,Spring,2021-03-02,F0093,5.4
856,6.56,34.86,16.24,183.14,75.89,6.39,2605.15,0.82,0.75,1.44,1,Rice,East,Autumn,2021-10-10,F0449,4.49
857,8.3,44.18,15.04,197.06,266.53,9.36,1998.79,1.68,0.79,0.51,1,Barley,Central,Autumn,2021-06-17,F0432,7.15
858,5.78,26.3,31.52,1181.96,273.78,12.91,2642.88,2.12,0.25,0.93,1,Soybean,South,Spring,2021-05-05,F0050,7.0
859,5.29,39.29,23.45,958.9,215.41,4.5,2990.93,1.55,0.71,1.26,5,Rice,West,Spring,2021-04-01,F0425,8.1
860,6.81,10.72,24.9,1043.13,214.78,6.53,2484.29,2.06,1.4,1.43,5,Soybean,West,Spring,2021-12-27,F0488,7.17
861,8.02,26.51,30.43,584.15,106.09,0.16,2128.93,2.8,0.69,0.62,3,Barley,South,Summer,2021-04-28,F0091,6.28
862,6.07,32.83,29.78,571.45,156.4,5.65,2025.79,1.21,0.68,1.1,3,Wheat,East,Autumn,2021-06-15,F0406,5.97
863,6.53,46.24,29.93,145.9,201.94,0.75,1888.13,1.86,1.19,1.54,6,Wheat,South,Summer,2021-01-09,F0026,7.12
864,6.44,24.01,25.26,768.61,299.9,6.25,1953.65,2.85,0.62,1.97,2,Barley,Central,Autumn,2021-02-21,F0216,7.32
865,5.53,18.59,33.12,577.89,242.86,12.03,2569.58,1.43,0.96,1.45,2,Wheat,South,Autumn,2021-05-10,F0448,7.42
866,6.38,13.23,30.31,855.51,229.34,14.8,2394.05,0.92,0.53,1.11,4,Wheat,South,Autumn,2021-06-09,F0448,5.4
867,4.55,15.13,16.22,157.73,283.98,5.86,1826.02,1.23,1.27,1.22,4,Rice,East,Summer,2021-02-07,F0286,5.61
868,6.63,41.97,16.7,204.94,195.01,12.76,1644.14,0.9,0.55,0.71,3,Corn,West,Spring,2021-09-15,F0281,6.26
869,5.83,24.49,18.81,268.42,192.39,5.01,1325.7,2.62,1.19,1.64,2,Barley,East,Spring,2021-03-02,F0498,5.7
870,6.09,29.08,15.04,1056.41,73.32,1.78,1631.94,0.92,0.55,1.95,1,Barley,West,Summer,2021-07-20,F0153,4.89
871,5.08,12.01,13.45,575.82,91.56,12.58,1846.35,0.5,1.04,1.87,3,Barley,Central,Summer,2021-03-09,F0081,5.71
872,4.79,44.94,34.56,479.73,223.62,11.46,1379.97,2.69,0.96,0.97,1,Soybean,North,Autumn,2021-02-06,F0242,6.41
873,6.49,14.81,29.17,666.82,217.48,11.89,2372.86,0.59,1.19,1.92,4,Barley,West,Summer,2021-07-09,F0108,7.86
874,7.07,39.22,24.66,125.46,98.01,7.75,2252.75,1.89,0.7,0.96,6,Rice,South,Autumn,2021-03-23,F0008,5.25
875,7.8,40.07,13.7,336.11,104.14,13.7,1641.16,0.68,0.43,1.64,5,Corn,East,Autumn,2021-12-26,F0195,5.3
876,7.26,13.2,15.75,879.42,99.24,2.46,1871.87,2.71,0.57,1.54,5,Rice,Central,Summer,2021-05-16,F0300,6.17
877,7.12,26.33,17.06,723.62,68.67,13.79,2815.11,0.76,0.73,1.98,6,Rice,North,Spring,2021-04-10,F0143,4.65
878,8.33,27.6,32.03,169.74,258.28,4.85,2391.62,2.23,1.32,1.45,5,Wheat,West,Summer,2021-10-08,F0020,7.03
879,6.96,26.47,34.34,1132.26,224.24,5.27,2045.58,1.86,1.13,0.95,2,Corn,East,Summer,2021-05-28,F0067,7.72
880,4.55,31.29,31.25,256.36,260.72,6.08,2913.16,1.56,0.32,1.0,5,Rice,West,Autumn,2021-02-21,F0289,6.02
881,7.19,26.63,26.01,472.41,191.35,12.22,1225.1,0.57,0.52,0.91,3,Rice,South,Autumn,2021-12-24,F0377,6.36
882,5.58,42.35,27.99,416.12,153.07,3.72,1237.97,2.96,0.96,1.63,3,Rice,Central,Autumn,2021-03-13,F0409,5.76
883,7.15,10.23,21.68,572.44,125.68,5.98,1192.54,1.69,0.97,1.64,5,Corn,West,Spring,2021-06-16,F0138,5.65
884,7.81,33.51,32.43,549.23,74.53,8.86,2191.07,0.56,1.14,1.93,4,Rice,Central,Autumn,2021-01-10,F0266,4.71
885,6.12,25.73,14.6,883.32,57.79,0.9,1728.94,2.99,0.2,1.74,3,Rice,North,Autumn,2021-12-21,F0301,5.33
886,5.91,15.23,34.8,1078.15,241.9,5.11,1456.77,2.46,1.46,1.78,3,Rice,West,Summer,2021-02-11,F0147,6.64
887,4.54,47.91,10.31,452.65,202.84,0.59,2744.24,0.86,0.82,1.23,4,Rice,South,Autumn,2021-02-12,F0383,8.56
888,5.06,10.92,19.78,600.7,239.21,7.44,2010.1,2.8,0.53,1.15,3,Wheat,West,Autumn,2021-08-01,F0254,7.41
889,4.8,39.54,34.88,779.71,85.88,11.65,2735.53,2.15,1.46,1.98,2,Soybean,South,Summer,2021-03-04,F0004,6.41
890,7.95,33.12,24.62,202.63,104.37,5.14,1226.21,2.99,1.07,0.92,4,Rice,West,Spring,2021-04-14,F0077,6.21
891,8.4,27.73,16.85,820.03,103.66,5.59,1239.01,1.48,1.02,1.63,3,Corn,South,Autumn,2021-01-03,F0336,6.3
892,7.08,10.55,13.66,436.6,124.57,9.94,2196.38,1.1,0.93,0.71,6,Wheat,Central,Autumn,2021-11-13,F0237,4.05
893,8.07,38.11,33.48,229.98,52.74,1.63,1090.04,2.79,0.42,1.45,1,Rice,South,Summer,2021-10-09,F0276,5.18
894,6.25,41.69,12.98,360.31,297.15,7.79,1890.61,0.8,0.38,1.44,1,Barley,West,Spring,2021-09-26,F0305,7.72
895,4.85,14.0,20.03,145.33,262.86,14.12,2129.46,0.57,0.45,1.88,5,Wheat,North,Summer,2021-01-16,F0087,6.05
896,6.15,43.62,21.52,155.12,195.62,13.46,1451.37,1.25,0.21,0.59,4,Barley,South,Spring,2021-02-23,F0204,5.26
897,8.34,13.42,13.74,720.03,206.35,1.66,1393.49,1.96,0.72,1.23,5,Soybean,West,Summer,2021-10-26,F0051,7.04
898,6.49,28.13,17.1,968.74,111.29,12.32,1210.93,1.09,0.81,1.32,4,Corn,East,Summer,2021-01-13,F0188,4.35
899,6.41,41.88,27.7,761.8,137.17,8.99,1825.87,2.5,0.96,1.77,1,Rice,South,Summer,2021-11-16,F0492,5.52
900,4.63,49.66,33.35,1011.16,278.64,0.51,2200.17,2.62,1.12,1.68,6,Corn,West,Summer,2021-11-24,F0164,7.42
901,7.46,15.45,25.29,178.0,145.34,8.0,1449.62,2.13,0.36,0.82,6,Corn,Central,Summer,2021-02-15,F0018,5.06
902,8.45,20.5,19.49,374.43,116.74,1.61,2906.47,1.78,1.11,1.06,6,Soybean,East,Autumn,2021-02-16,F0309,6.4
903,5.23,26.19,30.86,410.08,175.06,3.68,1589.65,0.73,0.4,0.61,6,Barley,South,Spring,2021-11-06,F0367,5.78
904,7.27,14.93,22.73,302.3,268.61,4.32,1711.35,1.35,0.53,1.54,6,Wheat,North,Summer,2021-06-26,F0021,7.9
905,6.18,43.26,20.05,1064.92,178.71,12.94,1180.96,2.04,1.13,1.03,3,Barley,West,Spring,2021-10-31,F0483,7.04
906,7.84,28.49,11.77,464.68,205.03,10.41,2404.09,2.82,0.92,1.82,5,Barley,West,Spring,2021-08-31,F0185,5.92
907,6.16,13.85,28.49,945.74,101.41,0.93,1923.2,1.29,0.48,1.5,5,Wheat,North,Autumn,2021-09-21,F0220,5.07
908,5.56,30.13,21.79,593.37,129.65,12.02,2841.68,0.9,1.21,1.43,2,Corn,North,Autumn,2021-11-01,F0149,6.13
909,4.66,47.63,22.54,1196.96,126.32,11.05,2115.81,1.03,1.49,1.25,1,Wheat,North,Spring,2021-09-27,F0283,4.73
910,7.81,46.33,19.21,1172.21,223.74,1.18,2897.62,0.6,0.34,0.78,6,Wheat,North,Spring,2021-01-17,F0334,8.06
911,5.02,45.83,16.77,550.33,166.56,4.11,1477.25,1.46,1.43,0.84,5,Corn,South,Autumn,2021-11-30,F0481,6.52
912,7.77,36.22,28.22,294.07,135.4,11.77,1573.95,0.99,0.66,1.32,1,Wheat,North,Summer,2021-05-07,F0014,5.64
913,5.86,33.74,16.95,1064.87,136.87,1.44,2466.68,2.22,0.92,0.9,6,Rice,South,Spring,2021-07-05,F0234,6.07
914,5.87,49.67,16.67,957.96,57.62,5.54,2326.52,2.17,1.45,1.42,5,Soybean,Central,Summer,2021-12-04,F0242,4.85
915,5.71,24.38,22.94,350.88,273.67,7.92,2888.29,1.88,0.29,0.79,2,Barley,East,Autumn,2021-10-19,F0434,6.47
916,4.77,30.48,18.71,1152.45,188.47,13.74,2299.19,2.68,0.52,1.01,1,Barley,East,Summer,2021-09-20,F0316,6.86
917,7.31,43.75,26.79,147.2,112.98,3.85,1465.65,2.75,1.49,1.75,5,Rice,South,Autumn,2021-02-26,F0124,5.94
918,6.86,28.09,10.29,244.75,154.1,12.41,2624.72,2.13,0.49,0.87,5,Corn,South,Spring,2021-12-26,F0376,5.01
919,7.47,17.08,29.73,425.96,138.3,10.54,2043.19,2.93,1.35,1.41,2,Corn,West,Autumn,2021-11-29,F0060,5.59
920,6.86,13.34,12.76,679.75,97.37,13.22,1331.35,1.96,1.24,1.25,6,Wheat,South,Spring,2021-12-29,F0445,5.18
921,4.65,48.11,12.24,904.17,261.78,8.86,2093.38,2.53,0.89,1.83,6,Rice,East,Summer,2021-01-12,F0187,7.47
922,7.41,46.97,34.43,198.68,152.55,2.36,2656.95,1.35,0.6,0.5,4,Corn,South,Spring,2021-01-29,F0330,5.38
923,5.53,47.61,22.33,1096.78,232.22,12.63,1207.73,2.96,0.84,1.06,3,Barley,West,Spring,2021-06-16,F0439,5.81
924,4.81,21.65,20.98,653.51,191.04,5.31,2590.66,1.65,0.86,1.02,4,Corn,South,Autumn,2021-09-16,F0453,6.64
925,7.74,24.0,33.1,270.91,229.03,3.6,2505.03,2.7,0.63,1.48,3,Wheat,West,Spring,2021-08-04,F0203,6.74
926,8.23,11.61,21.89,770.54,80.35,10.34,1996.71,1.37,0.33,0.98,2,Corn,North,Autumn,2021-10-12,F0270,3.49
927,4.82,16.12,26.55,364.41,187.24,0.09,2541.02,2.11,0.97,1.22,6,Barley,North,Autumn,2021-03-24,F0386,6.68
928,7.76,40.87,10.25,606.98,115.7,12.14,2798.56,0.6,0.23,1.74,5,Rice,South,Summer,2021-05-17,F0025,4.75
929,4.85,14.59,21.47,898.27,263.01,1.01,2296.77,0.88,0.85,1.22,4,Barley,North,Summer,2021-01-05,F0024,8.17
930,5.14,25.05,28.07,193.74,112.25,2.84,2827.45,2.29,0.24,1.16,6,Wheat,East,Spring,2021-01-14,F0191,5.02
931,4.79,10.99,18.26,966.96,132.36,2.05,2497.86,0.57,1.31,1.41,1,Wheat,Central,Summer,2021-06-24,F0457,6.02
932,7.13,41.94,11.88,504.88,243.75,11.13,2637.92,0.64,1.4,1.65,5,Wheat,North,Summer,2021-01-01,F0446,7.0
933,7.37,40.21,19.54,418.23,138.07,8.82,1107.94,2.78,0.34,1.51,3,Rice,North,Autumn,2021-04-22,F0363,4.34
934,4.75,20.33,15.28,1102.95,148.76,6.59,1194.87,2.49,1.13,1.01,4,Soybean,South,Summer,2021-10-08,F0268,5.9
935,6.27,21.63,28.12,495.19,219.4,8.5,1577.67,1.68,1.06,0.58,6,Rice,Central,Summer,2021-12-19,F0196,6.72
936,7.1,37.44,29.06,986.31,207.21,2.44,1221.65,2.23,0.42,1.71,3,Wheat,West,Spring,2021-06-12,F0207,7.37
937,5.02,13.6,31.41,164.07,157.3,3.86,2153.85,2.18,1.43,1.83,4,Wheat,North,Autumn,2021-09-22,F0020,6.19
938,7.91,30.87,13.36,1037.28,242.57,14.89,1511.66,2.84,1.28,1.6,3,Soybean,Central,Summer,2021-04-20,F0337,6.58
939,7.55,32.98,22.74,1162.2,245.02,12.31,2143.91,0.76,0.65,1.52,2,Soybean,South,Summer,2021-10-31,F0325,7.08
940,6.26,45.31,29.57,922.62,185.23,12.65,1352.6,2.49,0.88,0.94,5,Soybean,South,Autumn,2021-01-21,F0247,6.61
941,8.33,42.16,18.83,358.99,72.93,2.28,2360.01,0.97,1.19,0.88,2,Barley,East,Spring,2021-06-29,F0338,4.7
942,8.44,31.36,34.27,1130.44,141.74,12.82,1194.16,2.33,0.98,1.16,6,Soybean,Central,Autumn,2021-06-26,F0088,5.21
943,7.36,10.21,29.6,974.38,190.56,14.01,2660.33,1.43,0.72,0.69,3,Corn,Central,Summer,2021-05-26,F0232,6.25
944,4.85,13.55,19.87,469.51,113.76,1.33,1945.16,2.0,0.77,1.99,4,Soybean,East,Summer,2021-09-18,F0064,5.49
945,5.52,36.46,21.42,1163.76,207.87,8.33,1422.38,0.64,1.28,1.96,4,Corn,South,Summer,2021-04-19,F0143,5.12
946,8.48,31.07,32.73,772.81,273.4,8.06,1532.47,2.18,1.08,1.29,5,Corn,East,Autumn,2021-08-16,F0156,6.79
947,6.32,25.2,20.94,558.74,210.75,11.74,2286.46,2.89,1.0,1.46,1,Rice,East,Autumn,2021-10-24,F0311,6.52
948,6.52,15.34,25.33,786.42,148.79,14.55,1027.77,2.41,0.75,1.67,3,Rice,Central,Autumn,2021-11-13,F0339,5.02
949,8.45,28.77,31.74,643.17,283.5,7.48,1036.38,0.97,1.22,1.5,1,Rice,Central,Autumn,2021-12-02,F0025,6.78
950,4.83,32.63,17.84,1058.76,211.76,6.15,1331.21,0.72,0.85,1.05,4,Barley,South,Autumn,2021-03-22,F0472,7.05
951,6.14,49.06,28.27,469.01,118.29,8.85,2293.36,2.86,0.8,1.05,2,Soybean,North,Spring,2021-11-21,F0153,6.04
952,7.68,47.62,23.95,169.46,208.52,1.18,2871.62,2.34,0.44,1.57,3,Soybean,West,Autumn,2021-12-18,F0428,7.39
953,6.69,19.2,10.95,181.31,169.74,1.5,2661.91,1.1,1.14,0.58,2,Soybean,East,Autumn,2021-06-13,F0388,6.14
954,6.02,34.25,12.76,698.07,214.89,3.27,1824.51,0.62,0.29,0.72,6,Barley,West,Spring,2021-08-22,F0400,6.55
955,7.84,21.1,27.11,1128.07,145.65,0.54,1291.36,1.75,0.74,0.85,3,Barley,South,Summer,2021-12-17,F0365,7.79
956,5.49,24.24,33.27,1183.22,200.48,0.23,2286.81,2.0,0.27,1.51,5,Corn,West,Spring,2021-10-30,F0018,7.4
957,8.31,22.39,29.36,587.58,63.85,4.41,1453.5,2.69,1.19,1.24,6,Soybean,East,Summer,2021-11-16,F0187,4.86
958,8.39,22.01,24.26,649.41,203.37,9.21,2158.81,1.86,0.72,1.58,5,Barley,North,Summer,2021-04-03,F0464,8.33
959,6.54,36.05,21.83,977.47,151.48,11.72,1649.25,2.85,0.92,1.94,2,Rice,South,Spring,2021-02-28,F0440,5.47
960,7.36,40.17,15.85,993.63,216.32,13.46,2916.31,1.21,0.29,0.66,6,Barley,South,Autumn,2021-07-29,F0302,7.68
961,4.92,37.72,24.09,673.19,159.71,4.69,2856.56,1.14,0.27,1.82,1,Corn,South,Spring,2021-06-01,F0189,7.35
962,5.42,10.94,23.16,771.59,90.18,11.9,1530.5,1.33,0.59,1.49,2,Wheat,North,Summer,2021-10-31,F0158,5.33
963,6.14,47.52,24.1,1145.69,118.15,4.94,2135.24,2.88,0.63,1.98,6,Barley,Central,Summer,2021-08-17,F0302,6.21
964,6.43,31.46,24.02,827.19,124.47,6.12,1057.01,2.21,1.07,0.66,6,Rice,North,Summer,2021-04-08,F0156,6.4
965,5.1,22.68,30.54,799.33,114.35,9.1,2132.74,1.34,1.06,1.28,5,Wheat,East,Spring,2021-04-18,F0091,5.08
966,5.62,10.9,18.69,237.39,196.18,12.94,1671.0,1.52,0.8,1.38,2,Barley,North,Autumn,2021-07-24,F0432,5.32
967,8.22,37.77,23.03,224.47,98.78,4.71,1470.34,2.47,1.16,1.72,4,Rice,Central,Autumn,2021-01-25,F0260,5.27
968,8.28,12.05,20.33,643.97,71.59,3.44,2676.0,2.51,0.65,1.7,4,Soybean,West,Autumn,2021-02-01,F0444,4.48
969,5.04,26.98,33.55,947.13,213.84,1.79,2154.63,2.02,0.73,0.95,2,Wheat,West,Spring,2021-08-11,F0138,7.68
970,5.72,32.15,10.82,576.98,265.72,10.5,1343.94,1.2,0.96,0.76,2,Corn,Central,Spring,2021-06-08,F0485,6.9
971,7.25,13.61,17.6,151.04,76.9,0.97,1026.14,0.9,0.98,1.71,3,Wheat,South,Autumn,2021-12-05,F0466,5.48
972,6.72,48.03,29.59,757.82,225.64,9.65,1220.06,1.13,1.15,0.64,3,Corn,West,Summer,2021-10-09,F0351,6.15
973,7.04,20.15,12.9,969.85,162.29,6.49,2992.25,2.42,0.74,1.71,1,Corn,North,Autumn,2021-05-10,F0164,6.33
974,6.71,26.12,30.48,639.58,234.23,14.41,1309.37,1.57,1.04,1.25,6,Corn,North,Spring,2021-12-14,F0303,6.9
975,8.27,49.61,15.32,779.88,79.97,8.65,2013.84,2.4,1.32,1.53,6,Barley,Central,Summer,2021-06-11,F0485,5.1
976,8.44,16.57,21.45,142.14,95.54,2.83,1379.19,2.89,1.11,0.72,3,Soybean,East,Spring,2021-09-22,F0490,6.17
977,8.24,42.4,28.94,981.66,109.89,8.47,2270.87,1.29,0.36,0.98,2,Rice,West,Summer,2021-10-15,F0105,5.0
978,5.87,39.04,15.21,737.77,260.22,1.59,2775.68,0.54,1.01,1.27,2,Corn,West,Autumn,2021-03-19,F0336,8.85
979,4.92,40.74,20.91,713.96,232.9,11.67,1513.2,2.06,0.91,1.86,3,Wheat,Central,Autumn,2021-09-22,F0449,5.84
980,6.0,33.85,11.61,1152.04,218.75,7.95,1326.42,1.64,1.23,0.87,6,Corn,West,Autumn,2021-04-04,F0032,6.91
981,5.3,45.59,22.43,302.34,247.97,2.5,1046.57,2.67,1.01,1.35,6,Barley,East,Summer,2021-10-06,F0182,8.28
982,4.81,41.75,18.06,970.31,258.49,9.4,2227.84,1.19,0.97,1.8,5,Barley,North,Autumn,2021-01-26,F0478,5.64
983,5.58,13.32,32.05,481.49,256.52,5.13,2817.29,2.19,1.38,1.92,1,Wheat,South,Spring,2021-07-21,F0298,7.74
984,7.79,44.17,19.96,168.97,64.72,8.91,1961.08,1.97,0.52,1.14,4,Barley,East,Spring,2021-03-30,F0350,4.23
985,6.18,41.4,21.44,1166.48,263.97,3.18,1978.32,2.63,1.47,0.98,5,Wheat,North,Spring,2021-10-05,F0067,8.51
986,6.88,49.28,24.42,1196.6,63.93,12.43,2852.9,0.57,0.79,1.92,2,Rice,South,Spring,2021-01-17,F0421,5.59
987,6.52,35.16,19.28,1148.54,139.63,1.64,1017.24,2.77,0.27,0.89,6,Corn,East,Autumn,2021-09-10,F0361,6.98
988,7.14,49.98,31.54,1093.03,144.63,11.01,1497.24,0.54,1.36,1.88,4,Rice,East,Summer,2021-06-29,F0245,6.08
989,5.8,28.31,17.22,595.66,77.59,1.88,2193.44,1.6,0.35,1.89,4,Soybean,West,Spring,2021-04-10,F0058,5.85
990,4.54,33.08,10.42,614.62,112.81,14.53,1552.09,1.41,1.2,1.71,3,Barley,West,Autumn,2021-07-13,F0376,5.89
991,6.53,25.48,18.65,503.02,136.89,1.61,1856.48,0.73,0.56,0.85,1,Soybean,North,Summer,2021-07-28,F0466,6.27
992,7.08,36.14,29.35,890.32,229.71,5.35,2171.44,1.29,0.6,1.45,1,Wheat,East,Summer,2021-10-23,F0029,8.19
993,4.74,34.49,30.92,786.46,246.32,10.11,1801.15,0.62,0.58,1.17,6,Wheat,East,Summer,2021-09-22,F0061,6.27
994,5.6,25.53,30.63,712.47,156.22,4.29,2194.55,1.32,0.33,1.76,1,Soybean,East,Summer,2021-07-25,F0475,7.08
995,6.35,48.64,11.85,668.53,96.89,11.59,2120.82,0.77,1.19,0.77,6,Barley,East,Spring,2021-11-14,F0180,4.27
996,7.41,33.68,20.79,887.55,283.36,8.68,2200.24,1.7,0.84,1.43,6,Barley,West,Summer,2021-07-16,F0488,6.49
997,6.95,38.7,13.68,688.76,188.6,13.59,2848.69,0.94,0.61,1.54,4,Rice,West,Spring,2021-05-25,F0364,6.58
998,4.75,29.68,10.63,745.49,143.83,10.27,2283.39,2.08,0.59,1.53,6,Barley,South,Spring,2021-09-22,F0303,6.75
999,7.28,22.83,14.2,643.95,127.72,8.22,1087.55,1.48,1.02,1.11,5,Rice,Central,Autumn,2021-03-19,F0195,5.61
1000,7.57,24.86,21.89,892.35,219.46,0.44,2538.13,0.59,1.37,1.92,5,Soybean,West,Spring,2021-01-03,F0222,6.57
1001,5.17,26.37,27.35,760.6,215.95,2.56,2661.15,1.42,0.46,0.82,5,Soybean,East,Summer,2021-11-29,F0161,6.67
1002,6.3,45.0,34.46,423.38,196.12,11.15,2979.47,1.65,0.23,1.38,1,Soybean,North,Autumn,2021-01-10,F0252,7.34
1003,7.72,30.07,13.89,514.83,134.46,0.31,2356.15,1.32,1.46,1.27,4,Barley,West,Summer,2021-10-18,F0259,7.1
1004,6.74,41.03,29.25,1023.57,274.11,12.84,2976.46,1.41,1.45,1.89,5,Soybean,East,Spring,2021-10-10,F0157,7.93
1005,6.05,37.47,13.0,1138.06,52.38,6.9,1893.85,1.52,1.31,1.89,4,Wheat,Central,Summer,2021-03-18,F0223,5.6
1006,7.42,36.01,22.69,1163.37,81.7,9.19,2067.69,2.47,0.83,0.92,1,Rice,North,Summer,2021-04-11,F0136,4.86
1007,8.04,47.71,29.95,146.27,237.26,10.27,2307.3,0.5,1.42,1.99,1,Corn,South,Spring,2021-03-28,F0249,6.35
1008,5.7,31.01,12.44,1189.36,64.73,4.0,1440.96,2.82,1.41,1.21,1,Corn,East,Summer,2021-05-20,F0125,5.58
1009,6.76,26.63,18.47,261.07,167.19,8.42,1156.65,0.81,1.28,0.98,4,Corn,South,Spring,2021-01-27,F0213,5.86
1010,4.73,43.01,13.52,504.78,146.89,5.59,2979.74,2.48,0.94,1.01,6,Barley,South,Summer,2021-02-13,F0471,6.13
1011,4.94,26.3,32.21,530.49,178.3,6.18,1370.96,2.63,0.57,1.84,3,Rice,South,Spring,2021-11-16,F0066,7.42
1012,7.49,24.16,26.55,966.12,278.94,14.47,1188.65,1.65,1.22,1.05,1,Wheat,East,Spring,2021-02-27,F0315,6.78
1013,5.93,12.0,18.21,573.73,211.97,0.63,2849.63,2.77,1.27,0.89,3,Wheat,West,Spring,2021-04-26,F0348,7.01
1014,8.28,48.32,26.63,581.22,296.48,1.98,2062.98,1.69,1.03,1.61,2,Soybean,Central,Summer,2021-11-04,F0450,9.01
1015,6.3,40.26,19.71,1157.33,53.67,8.45,1951.59,1.3,0.34,1.6,1,Rice,North,Autumn,2021-11-12,F0024,4.82
1016,6.11,30.77,27.43,761.64,196.89,12.34,2628.89,2.49,1.33,1.07,1,Soybean,Central,Spring,2021-04-10,F0058,6.42
1017,4.61,31.62,30.28,259.09,229.32,6.07,1908.59,0.73,0.8,0.64,1,Corn,East,Spring,2021-02-17,F0293,5.7
1018,5.84,35.17,23.59,709.13,150.33,13.26,2607.3,0.97,1.32,0.68,2,Barley,South,Autumn,2021-05-29,F0123,6.0
1019,6.33,40.0,33.67,995.47,193.5,4.36,2058.71,1.16,1.04,0.52,6,Soybean,Central,Autumn,2021-08-14,F0041,7.92
1020,5.96,10.15,11.01,1110.55,208.21,9.01,2641.5,1.86,0.98,1.22,5,Corn,North,Spring,2021-04-29,F0272,6.43
1021,4.84,49.57,15.27,294.5,135.93,6.49,2446.36,0.64,0.75,1.1,6,Rice,North,Spring,2021-03-26,F0416,5.67
1022,4.9,16.02,29.11,270.6,296.71,2.53,1469.23,2.33,0.67,1.59,5,Wheat,West,Autumn,2021-05-05,F0301,6.95
1023,5.53,32.76,12.53,446.28,60.47,10.68,2903.59,2.21,0.34,1.19,3,Soybean,South,Spring,2021-04-22,F0125,5.57
1024,7.73,35.93,29.02,149.35,55.83,5.33,1636.88,1.74,1.24,0.97,6,Barley,Central,Spring,2021-10-05,F0169,4.47
1025,6.51,45.24,11.0,172.42,174.59,5.9,2691.43,2.76,0.25,1.8,1,Rice,East,Autumn,2021-08-15,F0111,6.0
1026,6.6,48.31,23.0,164.49,194.38,1.0,2730.1,2.35,0.25,1.69,6,Soybean,North,Autumn,2021-05-12,F0395,7.94
1027,5.18,46.87,15.44,773.18,236.16,13.4,1081.49,1.17,0.95,1.19,2,Corn,East,Spring,2021-03-04,F0255,7.17
1028,5.17,48.62,31.98,529.34,153.59,3.22,2585.44,1.54,0.83,0.55,2,Corn,Central,Autumn,2021-04-06,F0416,6.48
1029,5.82,23.78,33.89,1119.31,279.9,0.55,2024.51,0.7,0.71,1.72,6,Barley,East,Summer,2021-07-03,F0115,8.99
1030,7.47,12.97,34.41,122.01,156.87,3.24,2292.95,0.62,1.03,0.55,3,Corn,East,Summer,2021-02-24,F0127,5.59
1031,4.87,42.17,18.27,403.58,51.12,4.66,2714.11,2.88,1.35,0.8,1,Soybean,East,Spring,2021-05-19,F0041,4.62
1032,4.93,12.45,31.85,728.88,222.56,2.95,1695.11,2.02,0.92,1.49,2,Soybean,South,Autumn,2021-06-09,F0414,7.08
1033,5.36,20.11,29.97,836.12,198.39,2.16,2138.49,1.07,0.88,1.12,5,Corn,Central,Spring,2021-05-27,F0452,6.87
1034,5.77,30.45,18.4,358.76,69.12,5.89,1658.9,1.64,0.6,1.89,2,Corn,East,Spring,2021-03-19,F0359,5.76
1035,4.96,38.37,33.32,746.13,263.06,7.28,2118.71,1.1,1.36,0.61,3,Corn,Central,Summer,2021-11-11,F0101,7.4
1036,4.77,46.09,29.64,403.21,224.89,6.94,2016.87,2.75,1.28,1.94,6,Rice,North,Autumn,2021-08-19,F0052,6.63
1037,6.21,36.57,25.04,378.55,203.59,2.96,1079.01,0.89,1.22,1.54,4,Corn,North,Autumn,2021-01-15,F0101,7.17
1038,8.35,48.06,22.65,254.31,141.41,3.99,1723.1,0.57,1.48,1.99,2,Wheat,Central,Spring,2021-11-17,F0287,6.5
1039,4.9,38.07,21.87,442.09,256.81,12.94,2236.02,2.3,0.96,0.98,1,Soybean,South,Summer,2021-05-08,F0032,6.77
1040,5.89,32.85,21.14,928.6,148.44,4.54,1049.54,2.84,0.92,1.11,4,Barley,East,Spring,2021-02-03,F0316,7.02
1041,5.07,32.89,30.96,1076.93,62.23,4.33,1115.15,2.38,0.94,0.93,3,Wheat,Central,Spring,2021-07-19,F0202,4.46
1042,5.86,10.89,21.05,1017.3,180.39,14.59,2004.6,1.91,0.35,1.95,3,Rice,North,Summer,2021-12-16,F0445,5.99
1043,8.14,25.97,12.94,173.88,243.69,5.11,1065.47,1.9,1.38,1.72,5,Wheat,East,Spring,2021-07-30,F0113,7.21
1044,5.16,48.41,26.82,729.72,193.16,9.71,1833.52,0.81,0.54,1.87,1,Corn,Central,Summer,2021-09-13,F0471,7.58
1045,7.25,23.64,20.14,528.48,257.2,1.43,1721.87,1.76,0.92,1.36,6,Barley,Central,Spring,2021-12-19,F0311,7.23
1046,7.25,21.57,12.0,691.24,56.47,0.82,1145.23,2.27,1.44,1.58,3,Rice,Central,Autumn,2021-10-13,F0409,5.75
1047,7.52,15.12,19.65,637.69,133.15,0.55,2227.9,0.57,1.13,0.59,4,Barley,West,Spring,2021-01-05,F0195,6.36
1048,5.01,39.0,33.01,280.64,230.73,10.76,1657.37,1.96,1.43,1.99,1,Corn,East,Spring,2021-06-07,F0024,6.64
1049,4.9,39.93,15.5,580.29,298.24,11.14,2894.41,2.1,1.08,1.3,6,Soybean,South,Autumn,2021-04-11,F0045,8.02
1050,6.58,17.72,14.38,1064.71,144.4,12.01,2746.63,1.9,1.07,1.43,3,Corn,East,Summer,2021-03-17,F0439,7.4
1051,5.66,15.63,32.39,798.94,228.03,10.94,2446.25,0.56,1.17,1.45,4,Rice,North,Autumn,2021-03-10,F0180,6.77
1052,6.32,34.15,30.11,1070.5,199.35,2.44,1489.61,1.49,0.58,1.67,2,Rice,South,Summer,2021-01-01,F0474,6.94
1053,5.45,20.95,19.35,752.2,161.16,4.58,1109.12,2.96,0.48,1.62,6,Soybean,North,Spring,2021-04-10,F0146,6.87
1054,7.27,31.34,34.51,898.8,105.3,9.32,2303.7,1.35,1.02,1.22,1,Soybean,East,Summer,2021-09-09,F0103,5.46
1055,7.65,26.37,33.46,1171.79,270.93,4.35,1533.94,1.96,1.12,1.99,3,Wheat,East,Summer,2021-12-20,F0407,7.39
1056,6.84,49.37,27.26,1047.75,183.88,12.59,2613.98,1.8,0.31,1.0,4,Soybean,West,Summer,2021-09-19,F0232,6.65
1057,4.99,17.27,33.99,1094.52,281.91,12.27,2587.08,2.62,1.0,1.09,2,Barley,South,Spring,2021-08-15,F0275,7.62
1058,7.64,20.51,11.51,1075.63,183.6,7.13,1837.22,1.87,0.9,1.05,5,Corn,South,Autumn,2021-03-04,F0252,7.53
1059,6.65,17.65,20.91,518.12,206.88,10.88,2946.26,2.02,1.18,0.81,1,Soybean,North,Spring,2021-01-23,F0197,7.26
1060,4.72,36.55,16.63,196.33,268.67,11.84,1358.56,1.07,0.53,1.88,1,Barley,East,Summer,2021-08-12,F0098,6.65
1061,7.78,36.48,30.28,1067.77,274.69,1.43,2419.85,0.69,0.55,1.15,4,Rice,North,Spring,2021-03-18,F0336,8.05
1062,6.44,35.37,30.01,325.04,286.31,4.13,1246.34,2.06,1.35,0.76,1,Rice,Central,Spring,2021-08-20,F0288,7.71
1063,6.71,40.78,10.98,975.13,87.95,13.19,1946.4,1.17,0.32,0.83,2,Rice,East,Autumn,2021-09-21,F0411,3.88
1064,4.9,30.61,24.06,942.17,182.96,0.43,2748.8,1.25,0.96,1.84,6,Soybean,East,Summer,2021-10-02,F0105,7.3
1065,7.73,33.74,33.39,545.66,146.35,13.28,2279.48,1.36,0.76,1.6,1,Soybean,North,Spring,2021-01-23,F0100,5.72
1066,6.7,32.42,21.46,896.98,223.69,5.57,1823.74,1.66,0.37,1.04,1,Wheat,South,Summer,2021-05-30,F0390,7.42
1067,5.54,10.56,23.62,721.99,122.08,7.6,1855.75,1.43,0.95,1.14,3,Barley,East,Spring,2021-12-13,F0316,5.23
1068,8.41,10.47,12.59,658.22,151.52,6.46,1775.39,0.94,0.21,1.17,1,Soybean,West,Summer,2021-03-22,F0119,5.86
1069,4.53,47.46,26.74,626.04,258.51,4.77,2536.15,2.72,0.85,1.02,2,Soybean,West,Autumn,2021-01-22,F0069,6.78
1070,5.53,47.47,24.46,725.51,294.41,7.03,2868.73,1.57,1.07,1.24,2,Wheat,North,Summer,2021-09-20,F0359,6.18
1071,7.27,20.07,26.87,402.46,71.5,10.23,2528.95,1.14,1.04,1.38,5,Barley,North,Autumn,2021-03-07,F0162,4.11
1072,5.19,14.18,10.66,1057.12,141.98,8.85,2078.51,0.73,0.94,0.67,3,Barley,North,Autumn,2021-01-01,F0280,4.47
1073,5.57,10.41,20.03,1063.18,237.74,0.64,2875.94,2.19,1.27,1.37,6,Wheat,West,Summer,2021-09-20,F0058,6.97
1074,8.04,48.36,15.02,756.77,200.45,7.16,2798.31,1.41,1.28,1.75,3,Wheat,South,Spring,2021-10-19,F0421,7.79
1075,4.65,13.64,24.05,259.65,171.96,13.78,1746.22,1.7,0.92,1.79,1,Rice,East,Summer,2021-07-27,F0229,5.3
1076,8.09,31.77,33.12,964.41,174.69,6.85,1982.91,2.99,0.61,0.71,3,Barley,West,Spring,2021-09-18,F0399,5.91
1077,6.7,28.97,25.21,637.78,119.7,8.86,1936.51,1.03,0.26,1.06,6,Rice,North,Autumn,2021-02-21,F0337,5.41
1078,5.86,37.68,17.78,732.18,290.59,9.69,2694.92,1.68,0.85,0.93,5,Corn,South,Autumn,2021-04-09,F0086,8.3
1079,8.18,39.14,26.23,766.5,196.31,9.9,2090.77,1.98,0.4,0.81,3,Wheat,North,Spring,2021-12-14,F0463,7.21
1080,5.81,45.79,34.8,519.58,198.72,9.13,1068.08,0.75,0.41,1.42,3,Wheat,West,Spring,2021-11-04,F0161,5.58
1081,7.63,22.38,20.38,813.0,246.01,6.36,2958.55,2.42,0.65,1.45,2,Corn,East,Spring,2021-05-17,F0411,6.85
1082,6.21,29.84,15.27,849.22,194.92,8.3,2207.81,1.85,0.35,1.7,5,Corn,East,Summer,2021-10-16,F0241,6.58
1083,6.71,20.71,18.85,841.31,240.18,9.53,2989.99,0.52,0.47,0.65,6,Barley,Central,Spring,2021-10-16,F0259,7.16
1084,5.92,11.5,25.32,957.01,128.81,5.44,1967.31,2.3,0.88,0.54,6,Barley,North,Autumn,2021-05-10,F0398,6.31
1085,4.84,41.67,16.83,453.91,251.9,2.88,2813.82,1.91,0.55,1.13,3,Wheat,West,Summer,2021-09-22,F0322,7.39
1086,6.13,29.77,23.67,1067.2,118.51,14.41,2513.24,1.95,0.5,1.56,5,Corn,East,Autumn,2021-04-23,F0329,5.87
1087,4.87,28.44,10.21,181.02,217.35,14.92,1181.39,2.69,0.31,1.55,5,Rice,North,Autumn,2021-03-24,F0055,6.41
1088,8.46,39.16,34.17,723.48,66.89,1.6,1492.04,0.74,0.54,1.92,6,Rice,South,Autumn,2021-04-04,F0115,5.4
1089,7.01,10.4,11.62,924.54,140.41,12.44,1919.97,1.63,0.54,1.41,6,Wheat,North,Autumn,2021-03-16,F0006,6.83
1090,4.76,23.08,23.33,901.4,103.03,8.98,1161.4,0.6,0.51,1.66,2,Wheat,East,Spring,2021-09-17,F0210,5.88
1091,6.08,15.44,31.89,541.18,81.24,8.22,2384.43,1.26,0.28,1.1,4,Wheat,Central,Spring,2021-07-23,F0181,4.67
1092,6.68,32.07,34.62,835.85,138.47,0.38,1504.15,1.49,0.7,1.75,2,Barley,South,Spring,2021-12-13,F0293,6.3
1093,7.22,17.53,10.72,842.24,289.13,5.62,1818.92,0.7,1.23,0.72,2,Barley,South,Autumn,2021-03-20,F0186,7.4
1094,4.76,41.56,28.93,870.56,86.28,14.57,1003.74,1.53,0.84,1.64,2,Barley,West,Spring,2021-06-13,F0428,5.11
1095,4.91,45.74,21.15,235.01,161.03,10.21,1541.66,1.22,0.49,1.98,1,Corn,Central,Summer,2021-12-26,F0267,5.3
1096,5.4,36.88,17.36,294.81,164.83,8.54,1147.67,0.91,1.24,0.89,5,Soybean,East,Summer,2021-06-04,F0263,6.37
1097,7.23,25.52,21.24,474.43,275.74,11.3,1033.15,1.69,0.43,0.69,5,Corn,Central,Spring,2021-06-17,F0474,7.22
1098,7.97,23.59,15.68,358.69,293.1,5.91,2057.2,1.19,1.0,1.43,2,Corn,North,Summer,2021-01-09,F0357,7.2
1099,7.05,48.27,11.3,785.38,185.72,3.27,2673.54,2.81,0.51,0.5,3,Soybean,North,Autumn,2021-08-28,F0394,6.82
1100,6.67,18.27,20.61,394.51,72.94,0.54,1471.27,0.93,1.18,0.72,2,Rice,Central,Spring,2021-10-17,F0341,5.72
1101,7.91,45.23,25.34,615.66,79.47,13.98,1245.82,0.99,1.17,0.9,2,Wheat,South,Autumn,2021-10-17,F0347,4.62
1102,4.92,11.24,12.75,569.53,184.38,14.82,2058.7,1.05,1.2,1.28,4,Rice,North,Autumn,2021-04-17,F0483,6.08
1103,8.34,31.29,28.1,911.24,264.17,11.23,1436.58,0.89,1.27,1.0,3,Soybean,South,Summer,2021-03-07,F0335,6.81
1104,7.13,46.8,30.89,385.64,170.17,3.45,1754.79,2.79,0.22,1.93,6,Wheat,Central,Spring,2021-07-30,F0097,5.97
1105,4.7,45.38,16.85,1123.19,86.38,1.16,1026.17,1.98,1.05,1.38,4,Rice,West,Spring,2021-11-11,F0400,5.45
1106,6.53,26.9,22.23,469.49,288.25,8.24,2554.07,1.73,1.22,1.01,5,Wheat,East,Summer,2021-02-26,F0273,7.95
1107,5.17,37.62,26.47,649.98,211.19,0.18,1141.65,0.65,0.54,0.8,6,Rice,North,Autumn,2021-03-23,F0021,7.55
1108,5.53,31.93,31.42,1180.82,86.86,13.91,2781.67,0.62,0.23,1.64,5,Corn,North,Autumn,2021-12-22,F0266,4.37
1109,7.21,12.11,19.13,862.92,180.54,13.36,1424.25,0.55,0.87,0.6,2,Soybean,North,Summer,2021-07-08,F0389,5.33
1110,8.32,17.54,11.97,957.91,141.1,13.97,1317.72,1.49,0.39,1.72,5,Soybean,West,Spring,2021-06-22,F0267,5.74
1111,6.52,11.28,25.24,171.76,134.58,7.58,2730.84,1.95,1.48,0.81,5,Barley,East,Autumn,2021-03-06,F0386,6.25
1112,8.09,18.31,23.79,1173.47,290.43,4.41,1530.79,2.63,0.44,0.8,5,Corn,West,Autumn,2021-08-01,F0446,8.32
1113,6.46,48.27,28.51,524.67,87.48,11.52,2408.08,1.67,1.03,1.66,4,Soybean,Central,Summer,2021-04-09,F0458,5.11
1114,6.79,16.74,15.11,476.7,188.1,10.68,2360.73,2.42,0.94,1.85,4,Barley,North,Spring,2021-12-27,F0023,6.27
1115,6.14,15.27,18.42,337.95,119.02,3.7,2511.18,1.34,1.0,0.54,5,Corn,East,Spring,2021-11-30,F0055,6.35
1116,6.19,27.75,28.4,713.92,252.4,5.51,1681.07,2.79,0.41,1.98,2,Barley,North,Summer,2021-12-11,F0042,9.15
1117,6.22,18.11,16.62,555.95,67.37,6.06,2715.31,1.67,0.73,1.24,6,Barley,East,Autumn,2021-10-15,F0464,4.69
1118,8.37,30.64,16.36,448.15,148.53,2.75,1412.42,2.98,1.02,0.92,2,Wheat,East,Autumn,2021-04-12,F0242,7.28
1119,4.79,26.22,16.43,550.32,219.48,0.18,2071.02,0.75,0.3,1.16,1,Barley,Central,Spring,2021-07-15,F0131,6.08
1120,8.16,42.65,27.48,1096.35,131.66,8.65,2286.62,2.48,0.72,1.43,1,Rice,North,Summer,2021-05-01,F0355,5.62
1121,6.93,48.47,16.83,1031.17,169.57,8.58,1044.31,1.64,0.72,1.97,1,Wheat,East,Spring,2021-02-05,F0160,7.14
1122,5.6,41.48,11.36,574.03,129.94,7.26,2419.33,0.73,0.39,1.66,4,Corn,East,Autumn,2021-05-24,F0057,5.76
1123,6.63,49.53,28.38,158.8,263.19,9.69,1695.82,2.8,0.42,0.76,3,Rice,Central,Spring,2021-05-05,F0430,7.0
1124,4.8,49.85,21.44,777.18,143.53,9.77,1560.75,2.53,0.9,1.29,3,Wheat,Central,Summer,2021-03-16,F0194,5.93
1125,8.34,49.68,13.52,410.32,157.16,5.57,2812.33,1.05,1.07,1.43,6,Barley,Central,Spring,2021-10-17,F0445,5.99
1126,4.67,43.19,31.48,1074.16,239.85,12.97,2946.49,0.89,0.87,0.99,5,Wheat,West,Autumn,2021-08-18,F0159,6.82
1127,5.86,27.06,30.2,948.32,189.73,7.93,1297.57,2.72,1.27,1.99,5,Rice,North,Summer,2021-09-27,F0251,7.22
1128,8.43,30.04,32.43,885.28,193.32,3.03,1208.32,2.42,1.43,0.97,5,Soybean,West,Autumn,2021-05-07,F0491,7.17
1129,7.07,48.74,15.29,790.53,294.61,14.88,1964.49,1.3,0.84,1.79,1,Wheat,West,Autumn,2021-05-05,F0169,7.43
1130,5.69,43.09,23.31,467.6,174.79,6.89,1474.14,1.68,0.54,1.6,4,Barley,West,Spring,2021-06-06,F0395,7.16
1131,4.89,28.31,26.24,689.38,65.45,6.91,1115.41,2.59,0.82,0.52,5,Corn,Central,Summer,2021-04-27,F0277,5.03
1132,4.69,45.0,25.45,490.68,179.13,7.32,2129.56,2.49,0.86,1.16,5,Barley,North,Autumn,2021-12-11,F0272,6.34
1133,8.08,12.72,17.06,811.77,106.02,8.83,2130.29,1.88,0.98,1.68,1,Barley,North,Summer,2021-08-08,F0252,5.58
1134,6.41,13.55,25.72,1126.75,98.79,9.51,2361.19,2.11,0.38,1.49,5,Soybean,East,Summer,2021-01-31,F0322,4.62
1135,6.62,31.09,20.18,104.81,198.99,5.23,2550.89,1.91,0.92,1.62,6,Barley,Central,Autumn,2021-02-17,F0379,5.44
1136,7.36,37.85,10.55,650.86,163.13,4.05,2547.29,2.21,1.3,1.29,4,Wheat,East,Autumn,2021-09-03,F0299,6.96
1137,4.84,29.65,27.67,118.62,135.51,14.75,1772.14,2.08,0.33,1.52,3,Corn,West,Summer,2021-04-04,F0257,5.56
1138,7.72,27.36,29.47,586.16,83.29,4.98,2575.56,0.62,1.36,1.66,6,Corn,East,Spring,2021-12-11,F0078,4.47
1139,5.36,37.52,16.92,273.99,189.2,4.55,1062.88,2.47,0.69,1.6,1,Barley,West,Autumn,2021-12-31,F0199,5.34
1140,6.98,49.82,34.64,1177.63,114.55,7.14,1265.29,1.02,0.78,1.63,5,Wheat,East,Summer,2021-09-17,F0171,6.21
1141,8.07,19.96,29.21,126.87,104.38,9.42,1815.39,1.87,1.23,1.79,3,Wheat,East,Autumn,2021-02-05,F0329,4.26
1142,8.39,15.24,34.9,294.94,56.06,12.0,1721.68,1.55,1.13,1.21,1,Wheat,North,Spring,2021-07-04,F0106,4.32
1143,5.69,35.89,26.81,642.79,182.63,10.53,1962.4,2.2,1.4,1.5,2,Wheat,North,Summer,2021-10-02,F0335,5.88
1144,5.89,28.93,33.61,915.99,178.08,12.81,1794.88,0.54,0.62,1.66,3,Barley,East,Spring,2021-01-13,F0197,6.03
1145,7.54,24.55,32.91,912.43,245.36,5.88,2526.54,1.3,0.97,1.86,5,Soybean,West,Summer,2021-03-08,F0115,7.17
1146,6.8,20.97,14.4,459.09,181.21,2.65,2365.95,1.62,0.86,1.39,2,Corn,East,Summer,2021-05-22,F0191,6.7
1147,6.68,27.58,25.42,810.26,73.1,10.84,2336.4,2.54,0.63,0.77,1,Rice,North,Summer,2021-03-24,F0302,5.11
1148,6.18,28.67,32.8,214.67,217.6,2.34,2311.19,2.27,0.51,0.67,6,Barley,West,Summer,2021-01-29,F0091,7.55
1149,7.66,37.43,27.33,256.03,206.14,1.44,2003.23,2.0,0.89,0.77,2,Soybean,East,Autumn,2021-06-28,F0301,8.57
1150,5.11,10.39,11.89,370.07,58.84,2.01,2494.21,1.61,1.47,1.49,3,Barley,West,Autumn,2021-05-26,F0356,5.83
1151,7.74,45.18,23.8,1177.69,268.43,5.47,2081.82,1.16,0.98,0.75,4,Wheat,West,Summer,2021-02-03,F0425,8.51
1152,4.68,48.95,16.63,502.98,185.47,13.91,2588.65,1.34,0.54,1.12,3,Soybean,Central,Autumn,2021-10-18,F0174,5.55
1153,5.28,20.58,22.58,1040.2,292.6,11.6,1938.54,1.21,1.34,1.75,5,Barley,North,Spring,2021-11-06,F0228,8.16
1154,5.17,20.25,21.93,135.53,247.21,2.97,1528.87,2.68,0.69,1.88,4,Soybean,West,Autumn,2021-06-18,F0074,6.88
1155,8.3,45.05,24.49,1196.78,61.0,9.61,1588.02,0.96,0.74,0.63,3,Corn,South,Autumn,2021-01-22,F0085,4.52
1156,5.51,34.49,18.57,833.01,286.01,10.3,2856.35,2.73,1.07,1.4,1,Soybean,Central,Autumn,2021-06-30,F0198,7.53
1157,6.24,11.68,17.44,237.58,130.65,9.85,2888.01,0.61,0.8,0.67,6,Corn,East,Summer,2021-04-22,F0126,5.24
1158,6.83,27.78,14.66,237.63,199.63,1.08,1981.08,0.99,0.98,1.47,6,Wheat,West,Spring,2021-01-27,F0135,7.59
1159,8.38,38.37,14.84,1183.61,237.44,10.1,1630.19,2.05,0.42,1.52,1,Wheat,South,Summer,2021-06-15,F0223,6.79
1160,5.02,36.84,23.92,457.76,60.65,9.9,2740.4,1.57,1.17,0.62,3,Barley,North,Spring,2021-01-19,F0065,4.87
1161,7.93,16.91,33.76,392.67,249.24,14.31,1123.94,0.92,0.68,0.94,6,Rice,South,Autumn,2021-04-20,F0013,5.61
1162,8.21,12.26,16.75,832.09,250.36,8.7,2355.4,1.45,0.98,1.18,6,Corn,South,Spring,2021-03-07,F0470,6.86
1163,5.94,33.55,25.86,415.3,223.57,3.18,1563.53,0.98,0.33,1.96,6,Barley,West,Spring,2021-01-26,F0268,6.4
1164,4.78,38.32,25.0,584.05,138.98,3.04,2012.13,0.69,0.28,1.67,4,Corn,South,Summer,2021-12-24,F0125,5.64
1165,8.38,41.71,26.88,1127.9,160.88,13.7,2208.31,0.63,1.3,1.36,2,Soybean,East,Spring,2021-03-27,F0378,6.71
1166,6.49,13.8,10.57,1125.52,210.79,13.23,2829.58,2.57,1.18,1.01,2,Barley,Central,Spring,2021-09-18,F0441,6.6
1167,8.04,33.34,34.09,651.58,87.06,5.02,1820.28,1.13,0.43,1.17,4,Soybean,East,Summer,2021-12-05,F0056,5.43
1168,5.78,23.64,13.68,1095.93,105.41,0.05,1775.33,0.95,1.23,1.88,6,Soybean,East,Spring,2021-08-30,F0372,5.37
1169,7.0,18.02,34.9,1199.86,81.81,9.15,2235.82,2.58,1.09,1.85,6,Rice,Central,Spring,2021-01-05,F0039,5.26
1170,7.14,32.51,24.61,522.59,170.21,5.75,1930.67,1.77,1.44,1.34,5,Soybean,North,Spring,2021-05-10,F0092,6.49
1171,5.72,33.12,23.96,571.08,253.84,14.48,1069.7,2.91,0.34,1.02,1,Barley,Central,Summer,2021-02-26,F0403,7.24
1172,4.58,16.85,34.82,1088.52,74.1,6.27,1910.29,1.13,0.71,1.44,3,Corn,West,Autumn,2021-07-18,F0252,5.12
1173,6.02,14.66,35.0,1163.83,240.58,8.46,1728.65,2.54,0.26,1.01,2,Soybean,Central,Spring,2021-09-30,F0074,6.32
1174,6.3,46.58,32.74,681.37,213.06,14.61,1164.48,0.7,0.23,1.97,6,Soybean,West,Spring,2021-10-29,F0017,5.44
1175,6.3,40.03,34.96,817.76,226.02,9.68,2111.22,2.56,1.16,1.74,5,Corn,Central,Spring,2021-11-07,F0252,6.04
1176,6.57,17.63,24.86,325.38,201.63,6.98,1853.39,1.81,0.95,0.96,3,Corn,Central,Spring,2021-08-22,F0322,7.15
1177,5.07,38.86,34.65,1134.82,203.77,1.62,2997.68,2.79,0.54,1.25,4,Barley,South,Autumn,2021-06-11,F0104,6.68
1178,5.2,20.28,17.29,769.21,198.18,4.76,1206.28,1.14,0.36,1.65,5,Wheat,East,Summer,2021-09-05,F0389,6.6
1179,7.54,13.78,27.75,1035.69,206.56,11.97,2111.48,1.06,1.1,1.34,5,Corn,Central,Spring,2021-02-23,F0458,5.55
1180,6.9,23.33,26.13,732.4,94.29,5.02,2927.26,2.09,1.43,0.56,2,Barley,East,Autumn,2021-08-08,F0265,5.22
1181,8.5,32.4,31.12,203.76,191.54,5.2,1720.21,1.22,0.55,1.11,5,Soybean,West,Autumn,2021-11-03,F0022,6.58
1182,5.11,14.49,25.15,594.02,77.79,9.88,2554.79,2.04,0.92,1.4,6,Wheat,East,Spring,2021-05-05,F0108,4.69
1183,8.08,47.98,28.39,260.04,177.45,4.31,2604.55,2.77,1.38,0.87,5,Wheat,North,Summer,2021-01-29,F0487,6.53
1184,4.89,13.9,21.04,784.01,215.78,0.22,2290.99,2.55,1.29,0.68,1,Wheat,East,Summer,2021-05-30,F0005,7.67
1185,6.27,18.06,25.79,787.56,194.37,4.42,1903.45,2.32,1.11,1.35,3,Rice,North,Summer,2021-09-15,F0186,6.14
1186,5.46,26.74,21.91,350.22,204.18,3.79,2296.34,0.98,0.43,1.61,6,Corn,East,Summer,2021-05-26,F0325,7.28
1187,7.43,25.71,29.53,501.26,222.09,9.12,2958.3,0.85,1.35,1.13,6,Corn,West,Summer,2021-12-13,F0070,6.42
1188,7.01,18.67,30.19,851.28,299.93,5.98,1820.5,1.07,0.38,0.78,3,Corn,North,Autumn,2021-10-28,F0245,7.37
1189,6.07,13.0,14.07,460.31,211.79,5.49,2488.89,2.79,1.21,0.84,4,Barley,West,Autumn,2021-05-13,F0494,6.52
1190,4.72,47.81,22.6,242.54,201.54,5.32,2819.81,2.64,0.77,0.55,2,Rice,South,Summer,2021-02-21,F0040,6.5
1191,7.13,20.93,20.61,1064.74,138.54,8.37,1208.51,1.74,1.01,1.98,5,Soybean,South,Autumn,2021-10-12,F0192,7.33
1192,8.4,36.42,11.76,239.22,196.94,2.94,2533.46,1.91,1.22,1.63,1,Soybean,North,Autumn,2021-10-12,F0181,6.46
1193,4.55,24.0,23.05,816.74,124.23,9.09,2644.68,1.25,1.23,0.57,1,Rice,West,Summer,2021-12-06,F0257,5.53
1194,6.08,11.13,19.68,489.54,69.79,14.74,2632.81,1.17,0.52,1.28,4,Soybean,West,Autumn,2021-12-05,F0252,4.28
1195,7.27,16.59,11.15,302.94,275.15,13.06,1650.46,1.23,0.31,1.29,6,Soybean,Central,Autumn,2021-03-14,F0295,8.28
1196,4.72,44.38,20.67,346.55,168.86,10.24,1002.48,0.88,1.34,0.62,4,Rice,North,Spring,2021-02-15,F0185,4.91
1197,6.88,35.42,34.12,318.39,288.29,5.07,2886.13,0.92,1.16,1.36,2,Wheat,North,Autumn,2021-05-07,F0087,7.17
1198,6.79,14.01,18.73,1186.47,89.54,6.6,2786.84,2.53,1.34,1.23,2,Rice,South,Autumn,2021-07-22,F0454,5.09
1199,5.04,37.58,17.29,855.8,184.1,13.26,2906.4,1.42,0.94,0.63,5,Soybean,Central,Autumn,2021-12-29,F0119,6.07
1200,5.15,33.57,33.47,925.87,174.88,12.15,1470.96,2.89,1.05,0.93,1,Barley,South,Summer,2021-04-14,F0023,6.97
1201,6.58,26.42,29.07,1061.7,192.71,13.61,2871.13,1.69,0.48,1.58,5,Rice,Central,Autumn,2021-10-15,F0367,7.83
1202,6.89,27.29,23.63,542.5,101.4,6.24,1047.0,2.84,1.23,1.66,1,Wheat,West,Summer,2021-01-11,F0243,5.78
1203,7.35,11.53,32.68,866.33,97.61,10.25,1782.84,2.84,0.75,1.91,2,Rice,Central,Autumn,2021-07-02,F0212,5.4
1204,5.61,34.08,22.47,851.56,142.48,10.99,2937.88,2.11,0.25,1.03,2,Rice,Central,Autumn,2021-12-08,F0072,4.91
1205,8.35,19.34,12.33,1011.85,260.91,3.02,1103.74,0.89,0.53,1.73,2,Rice,South,Spring,2021-04-23,F0492,7.45
1206,7.33,21.9,21.13,458.07,64.76,10.23,1638.84,2.04,1.36,1.0,6,Wheat,Central,Autumn,2021-02-01,F0162,4.61
1207,4.9,15.98,33.84,1134.54,292.1,9.07,2566.58,0.68,0.38,1.52,2,Barley,West,Spring,2021-02-24,F0151,6.69
1208,7.79,31.49,26.95,252.46,226.2,10.74,1983.13,1.47,1.25,1.86,5,Wheat,South,Summer,2021-06-21,F0272,5.98
1209,6.65,29.01,21.99,961.19,83.57,10.57,1622.63,0.53,0.56,1.17,3,Corn,North,Spring,2021-12-28,F0450,5.08
1210,8.0,15.6,11.72,368.55,69.45,7.14,1916.03,1.38,0.39,1.74,6,Barley,North,Spring,2021-07-17,F0323,4.43
1211,6.1,47.3,34.04,238.58,118.23,10.88,1500.15,2.04,0.53,1.39,6,Corn,East,Summer,2021-11-11,F0380,5.32
1212,5.4,46.73,23.14,522.09,168.73,12.92,1137.29,2.62,0.74,1.54,5,Corn,East,Autumn,2021-03-07,F0071,6.37
1213,4.59,40.16,32.07,906.08,202.45,3.32,2220.62,2.79,0.62,1.5,3,Corn,Central,Summer,2021-02-23,F0460,7.19
1214,4.78,32.18,14.57,409.93,283.03,10.84,2906.62,0.74,0.96,0.74,6,Wheat,North,Summer,2021-01-09,F0327,7.15
1215,4.55,14.02,17.4,328.12,166.78,13.59,1259.57,2.1,0.88,0.97,1,Rice,East,Spring,2021-11-14,F0091,5.17
1216,7.82,33.02,10.4,501.35,172.88,12.42,1365.2,2.49,0.73,1.24,3,Barley,West,Summer,2021-08-06,F0304,5.87
1217,4.55,42.24,24.53,1106.56,226.62,8.28,1401.37,0.53,0.84,1.31,5,Barley,North,Spring,2021-12-17,F0016,7.02
1218,7.7,47.88,32.72,528.55,184.22,2.93,2442.46,2.69,0.4,1.16,4,Rice,Central,Summer,2021-09-27,F0466,7.31
1219,5.44,24.69,21.45,322.49,148.42,5.23,2416.3,2.76,1.18,0.61,5,Soybean,North,Summer,2021-10-12,F0273,6.5
1220,6.16,13.15,31.78,515.39,263.06,11.48,2992.1,0.51,0.34,0.81,4,Rice,North,Summer,2021-08-02,F0478,7.07
1221,7.66,36.0,34.33,766.98,280.6,6.19,1633.78,1.35,1.06,1.83,1,Wheat,West,Autumn,2021-10-19,F0212,7.32
1222,5.15,32.77,18.18,1119.2,89.36,10.15,2479.72,1.48,0.64,1.15,6,Soybean,South,Spring,2021-05-31,F0178,4.99
1223,5.72,20.58,20.61,1060.5,246.96,8.82,1265.68,1.72,0.26,1.54,3,Wheat,North,Spring,2021-09-09,F0237,7.06
1224,7.0,25.28,12.86,698.11,134.69,12.71,1642.15,0.96,0.38,1.92,3,Corn,South,Summer,2021-04-09,F0278,5.81
1225,6.67,16.69,17.24,406.44,52.7,11.04,2699.05,2.27,0.5,1.85,3,Corn,North,Summer,2021-06-03,F0230,4.14
1226,6.29,42.3,20.94,363.62,223.15,4.0,2985.0,2.94,1.14,1.46,5,Rice,North,Summer,2021-12-07,F0262,6.98
1227,6.91,27.8,13.86,153.78,154.17,13.85,2324.82,0.8,0.8,0.62,6,Rice,Central,Autumn,2021-07-28,F0053,3.92
1228,8.44,47.9,12.74,292.44,242.03,14.06,2025.1,2.37,1.2,0.92,1,Corn,Central,Spring,2021-07-10,F0433,6.74
1229,5.49,13.1,24.3,150.24,281.43,9.66,2198.13,1.31,0.53,1.1,4,Barley,Central,Summer,2021-01-20,F0338,6.88
1230,6.12,17.52,19.29,700.21,251.15,12.44,1523.53,1.42,1.31,1.48,3,Rice,North,Summer,2021-02-04,F0358,6.92
1231,8.16,30.1,27.64,757.6,190.72,5.12,1409.55,0.61,1.22,1.26,2,Rice,East,Spring,2021-04-21,F0239,5.73
1232,8.26,31.43,26.26,1005.53,177.17,8.64,2446.58,2.4,0.37,1.71,2,Wheat,South,Autumn,2021-12-13,F0436,6.7
1233,6.34,45.8,25.24,977.21,241.82,8.37,1924.32,2.6,1.12,0.78,2,Rice,Central,Autumn,2021-03-26,F0111,8.7
1234,5.15,30.46,22.29,782.37,174.22,2.8,2970.5,2.43,1.3,1.14,2,Corn,Central,Autumn,2021-04-08,F0239,7.69
1235,4.77,45.39,28.65,446.37,85.53,8.18,2200.75,1.41,0.93,1.21,1,Wheat,North,Spring,2021-06-27,F0493,4.28
1236,7.81,19.97,29.35,811.62,160.04,6.44,2163.7,2.11,1.07,1.38,5,Rice,East,Summer,2021-10-07,F0029,6.0
1237,7.37,12.97,15.93,928.94,151.85,12.01,1674.57,1.25,1.0,0.72,1,Soybean,East,Summer,2021-04-23,F0008,5.21
1238,6.24,27.87,31.62,1053.32,50.36,14.46,2229.51,1.14,0.48,1.56,2,Wheat,North,Spring,2021-11-15,F0090,4.56
1239,7.63,23.37,21.06,545.89,246.55,4.77,1590.43,0.83,0.67,1.42,1,Corn,North,Spring,2021-10-24,F0264,7.25
1240,6.28,40.91,21.99,882.83,137.58,6.71,1985.74,1.9,1.48,1.61,6,Rice,East,Summer,2021-05-12,F0180,5.83
1241,8.23,17.01,31.29,774.71,72.64,14.47,2549.99,2.34,1.44,1.95,5,Corn,North,Spring,2021-01-27,F0375,3.94
1242,8.44,24.79,18.15,964.92,223.71,1.08,1103.62,2.35,1.44,1.37,2,Rice,North,Spring,2021-07-20,F0257,6.79
1243,6.32,27.94,24.16,1068.69,77.38,13.27,1167.2,0.55,1.01,1.26,6,Barley,East,Summer,2021-10-22,F0321,4.33
1244,8.21,34.13,10.46,1066.08,95.23,2.95,1016.34,2.29,1.4,1.06,4,Wheat,West,Spring,2021-05-02,F0446,5.52
1245,7.29,42.96,13.75,1187.12,224.25,12.27,2906.77,1.25,0.76,1.09,6,Corn,East,Autumn,2021-01-29,F0231,7.67
1246,4.79,32.11,22.08,506.56,166.74,3.28,2175.56,1.56,1.38,1.17,4,Barley,South,Spring,2021-01-01,F0422,6.26
1247,6.53,38.99,20.93,1114.41,109.79,9.78,2994.35,1.64,0.87,0.88,2,Corn,West,Autumn,2021-03-27,F0047,7.1
1248,8.24,36.94,15.11,579.99,124.21,9.68,1691.95,1.77,1.48,1.97,1,Wheat,East,Spring,2021-10-23,F0020,6.71
1249,6.21,30.87,10.24,729.19,72.69,9.8,2783.94,1.94,0.84,0.74,3,Wheat,North,Autumn,2021-01-22,F0265,5.19
1250,4.6,13.29,25.28,808.7,87.51,4.84,1487.2,1.69,0.63,1.41,2,Rice,West,Summer,2021-12-20,F0499,4.75
1251,7.27,17.68,15.88,927.25,277.9,13.43,2055.48,0.54,0.68,0.63,5,Corn,West,Autumn,2021-10-02,F0340,5.86
1252,6.63,11.69,10.83,967.81,58.05,2.17,2129.5,2.38,1.28,0.96,3,Rice,West,Summer,2021-07-22,F0247,5.76
1253,5.36,26.53,18.08,874.69,66.08,2.28,2188.64,2.4,0.8,0.74,3,Corn,East,Spring,2021-12-13,F0246,5.39
1254,8.37,36.48,34.38,1106.16,83.14,1.39,2979.89,1.52,0.76,1.58,5,Soybean,South,Autumn,2021-10-29,F0098,5.48
1255,4.82,17.19,13.58,585.54,275.74,4.23,2145.54,2.62,0.43,1.39,6,Rice,West,Autumn,2021-02-11,F0446,6.33
1256,7.39,16.84,31.56,157.23,274.58,3.62,2388.98,0.81,0.96,1.37,6,Barley,North,Spring,2021-09-19,F0454,7.35
1257,5.0,24.22,12.78,742.07,279.4,7.8,2113.19,2.69,1.3,1.01,3,Corn,South,Summer,2021-12-31,F0194,7.66
1258,5.77,39.84,15.53,947.01,260.73,10.21,1831.47,1.33,0.65,2.0,1,Wheat,Central,Summer,2021-09-09,F0355,8.58
1259,4.69,28.07,27.62,460.08,191.51,5.53,2146.69,0.73,0.31,1.6,5,Corn,West,Spring,2021-05-08,F0324,7.02
1260,7.25,28.29,33.91,1165.9,277.81,9.47,2112.26,2.18,0.63,1.27,2,Corn,East,Spring,2021-01-16,F0215,7.65
1261,6.35,44.01,12.36,1106.01,118.9,2.19,1738.96,1.63,0.95,1.69,2,Wheat,West,Spring,2021-08-19,F0288,6.45
1262,4.83,32.07,17.71,594.96,124.49,8.98,1949.9,2.57,0.39,0.94,5,Barley,West,Spring,2021-04-18,F0487,5.3
1263,7.42,14.52,29.49,512.56,256.28,13.34,1315.63,1.07,0.83,1.72,3,Corn,West,Spring,2021-01-05,F0198,6.99
1264,7.29,45.63,15.9,1149.66,228.42,4.5,1830.48,2.81,1.48,1.23,5,Barley,East,Spring,2021-09-28,F0430,7.77
1265,7.52,19.12,26.8,754.63,112.81,5.24,1699.69,2.38,0.94,0.7,5,Corn,Central,Spring,2021-11-11,F0133,5.05
1266,6.28,11.78,25.56,233.05,133.85,0.03,1023.13,2.53,1.46,1.32,6,Soybean,West,Summer,2021-06-23,F0044,6.64
1267,5.74,37.14,18.08,771.3,55.47,1.77,2501.58,2.25,0.22,1.34,5,Rice,East,Summer,2021-11-02,F0434,4.92
1268,6.91,26.36,23.46,111.81,77.72,2.27,2398.65,1.55,0.29,1.94,2,Soybean,Central,Spring,2021-11-18,F0450,5.04
1269,5.07,24.25,32.44,711.04,55.15,0.22,1993.17,2.06,1.31,1.01,4,Wheat,West,Spring,2021-08-27,F0182,5.48
1270,7.69,40.15,33.61,418.42,104.92,13.89,1706.51,1.19,1.22,1.97,6,Soybean,South,Autumn,2021-03-10,F0191,5.33
1271,7.15,18.6,30.96,328.02,239.69,7.68,2433.22,2.53,1.42,1.04,1,Soybean,South,Spring,2021-10-28,F0255,5.99
1272,5.32,33.43,20.5,900.57,181.35,13.81,2083.39,2.86,1.28,1.12,2,Soybean,West,Summer,2021-11-07,F0248,6.81
1273,7.77,24.5,25.91,471.3,279.96,3.6,2566.45,1.65,0.29,1.12,5,Rice,Central,Summer,2021-02-15,F0400,7.61
1274,6.14,40.89,15.22,1089.54,107.38,4.62,2564.58,1.04,1.17,1.18,1,Corn,North,Summer,2021-01-15,F0494,6.13
1275,6.41,46.32,17.34,1025.5,152.51,2.78,1903.54,0.79,0.34,1.44,6,Wheat,South,Autumn,2021-10-26,F0198,7.73
1276,5.63,24.1,24.73,612.07,186.85,12.49,1362.9,2.76,1.01,1.67,4,Wheat,North,Summer,2021-09-25,F0019,6.14
1277,7.2,29.93,22.6,147.39,281.04,4.75,2845.39,0.88,1.08,0.79,6,Rice,East,Spring,2021-10-18,F0497,8.31
1278,6.06,16.99,14.02,114.0,266.16,12.11,1606.88,2.15,0.89,1.52,5,Barley,West,Autumn,2021-04-19,F0038,5.47
1279,7.98,17.98,29.98,303.66,155.99,11.74,1772.73,1.07,0.47,0.68,4,Corn,West,Summer,2021-04-08,F0041,5.15
1280,6.79,25.84,34.3,1182.22,183.49,14.03,1837.94,2.34,0.54,0.73,1,Barley,West,Summer,2021-09-18,F0465,6.84
1281,6.72,44.69,26.84,204.68,90.25,4.17,2932.65,1.48,0.86,0.78,2,Rice,South,Spring,2021-03-21,F0013,5.85
1282,5.11,14.42,11.45,1013.84,283.66,0.4,2397.99,1.58,0.69,0.6,3,Corn,Central,Autumn,2021-01-28,F0078,8.05
1283,5.28,45.6,14.99,551.31,262.09,10.17,1544.46,1.73,1.18,1.63,2,Rice,East,Summer,2021-01-02,F0129,7.04
1284,7.41,33.07,13.72,1121.4,219.71,11.29,2937.06,1.83,0.73,1.37,1,Barley,West,Spring,2021-12-14,F0052,5.96
1285,8.24,34.78,17.86,259.21,213.63,8.61,1443.55,2.16,1.23,1.48,4,Soybean,Central,Summer,2021-08-11,F0463,7.27
1286,6.76,19.75,17.95,476.51,92.68,7.18,2144.46,0.54,1.01,0.97,2,Corn,North,Spring,2021-02-23,F0350,5.01
1287,6.87,31.92,34.4,115.74,264.02,3.01,1094.61,1.95,1.31,0.89,2,Barley,South,Summer,2021-07-20,F0405,5.66
1288,7.22,45.85,15.1,658.08,75.11,6.46,1122.88,2.84,1.0,1.4,5,Barley,North,Summer,2021-03-06,F0449,5.43
1289,6.4,25.12,24.81,210.35,277.82,0.4,1132.21,0.89,0.87,0.52,4,Soybean,North,Summer,2021-04-01,F0184,6.73
1290,7.16,18.9,18.21,512.84,205.15,13.56,2178.3,1.53,0.85,1.32,5,Barley,Central,Spring,2021-03-01,F0237,7.74
1291,6.69,14.34,10.78,330.92,252.7,4.47,1976.75,0.99,1.15,1.57,6,Corn,East,Summer,2021-05-17,F0266,7.77
1292,7.45,12.91,14.07,1100.15,67.86,6.77,2699.91,2.56,1.22,0.71,2,Wheat,Central,Autumn,2021-07-04,F0173,5.14
1293,5.44,27.61,29.3,831.13,56.95,5.04,2092.76,1.67,0.99,1.06,6,Soybean,West,Autumn,2021-05-30,F0374,4.25
1294,6.32,13.63,20.99,860.07,151.49,11.51,2736.4,2.23,1.13,0.73,3,Corn,West,Spring,2021-12-25,F0238,6.08
1295,8.46,22.39,27.37,971.74,204.97,6.52,1091.22,1.51,1.14,0.82,5,Corn,North,Spring,2021-12-31,F0450,6.34
1296,7.96,18.38,25.77,338.52,205.99,2.03,1520.53,1.67,0.61,1.57,2,Corn,South,Summer,2021-02-21,F0145,6.52
1297,6.05,15.02,30.86,1129.18,86.96,3.0,2997.5,1.57,1.39,0.51,2,Wheat,North,Autumn,2021-09-16,F0030,5.84
1298,8.22,46.93,16.69,151.17,166.16,10.19,2288.32,2.02,1.23,1.62,3,Soybean,North,Spring,2021-11-27,F0466,5.73
1299,8.0,20.83,19.88,377.72,200.46,12.81,1258.99,1.8,0.5,0.59,5,Rice,Central,Summer,2021-06-20,F0087,5.21
1300,5.51,43.91,18.96,343.77,182.69,4.05,2857.84,1.33,1.3,1.92,6,Barley,West,Spring,2021-03-28,F0346,6.48
1301,4.85,28.88,30.27,1078.0,185.71,12.25,2455.32,1.49,0.49,1.87,6,Soybean,East,Autumn,2021-12-02,F0160,5.5
1302,7.76,11.25,22.82,755.0,231.07,7.39,2412.82,1.17,0.39,1.94,4,Soybean,South,Summer,2021-11-06,F0374,7.43
1303,6.94,39.64,25.38,537.6,85.75,4.1,1244.27,1.19,0.88,0.76,1,Rice,East,Autumn,2021-03-18,F0358,5.77
1304,4.82,42.74,26.36,765.94,176.96,3.89,2042.1,2.09,0.49,1.02,6,Rice,West,Summer,2021-09-17,F0428,7.64
1305,5.6,14.4,27.9,644.14,243.68,4.82,2687.59,1.52,1.06,0.72,3,Soybean,North,Summer,2021-09-10,F0279,7.31
1306,5.63,14.18,28.76,289.49,239.38,3.68,1948.9,2.01,1.32,1.42,6,Wheat,South,Summer,2021-11-10,F0004,7.37
1307,7.69,20.23,28.52,263.95,164.7,5.21,1574.82,1.8,0.96,0.8,1,Rice,North,Autumn,2021-06-21,F0299,5.18
1308,5.68,20.33,19.07,605.93,130.79,3.17,1624.02,1.99,1.2,0.76,6,Barley,Central,Summer,2021-03-07,F0357,5.93
1309,4.55,33.13,24.14,182.23,237.46,9.67,2726.07,2.47,0.92,0.55,3,Barley,North,Summer,2021-06-10,F0451,6.72
1310,7.49,45.06,34.82,1168.54,85.34,9.83,1653.02,0.5,1.24,1.09,6,Corn,Central,Spring,2021-04-27,F0297,5.13
1311,5.18,44.58,19.94,779.86,262.17,14.4,2350.62,2.23,1.13,1.16,2,Wheat,South,Summer,2021-06-20,F0250,8.04
1312,4.77,34.69,30.48,122.57,144.17,11.6,2194.41,2.02,0.3,1.78,6,Soybean,East,Autumn,2021-05-07,F0409,5.22
1313,6.02,16.66,26.17,1178.07,81.78,6.61,1908.24,2.85,0.46,0.79,1,Rice,South,Autumn,2021-09-27,F0097,5.31
1314,6.48,35.05,10.11,156.07,287.82,13.61,2141.55,1.3,1.33,1.54,6,Corn,North,Autumn,2021-11-22,F0367,6.35
1315,5.76,29.67,17.83,926.17,253.39,4.25,2313.25,0.53,1.21,1.07,6,Barley,East,Spring,2021-06-28,F0298,7.82
1316,4.54,37.83,16.32,1196.21,252.85,7.36,1951.55,1.73,1.07,1.6,2,Wheat,North,Spring,2021-02-28,F0375,7.99
1317,5.65,24.68,14.29,538.89,127.07,13.74,2078.08,2.4,1.16,1.44,4,Corn,North,Summer,2021-10-08,F0231,5.76
1318,7.9,40.29,26.14,640.8,260.11,2.47,1925.45,2.13,0.62,1.81,3,Barley,Central,Summer,2021-12-01,F0359,7.6
1319,5.12,20.22,30.96,823.58,175.83,8.52,1652.39,1.51,0.72,0.77,4,Rice,Central,Spring,2021-03-26,F0005,6.11
1320,5.88,28.2,23.5,319.61,219.47,2.05,2598.06,1.84,1.16,0.62,5,Soybean,East,Spring,2021-10-17,F0408,7.93
1321,5.9,46.58,17.69,717.53,247.96,2.83,1256.11,1.35,0.43,1.98,3,Barley,South,Summer,2021-06-29,F0237,7.26
1322,6.89,22.99,28.36,174.95,186.72,10.23,2040.11,1.71,1.39,1.6,4,Soybean,Central,Spring,2021-06-09,F0307,6.27
1323,8.13,20.33,30.23,1079.46,257.46,6.99,2565.9,2.85,1.19,1.43,2,Soybean,North,Autumn,2021-11-29,F0319,7.93
1324,5.78,20.32,30.74,784.96,101.4,10.34,1521.52,1.27,0.3,1.11,5,Soybean,North,Spring,2021-01-13,F0234,5.33
1325,7.93,33.5,23.18,107.61,119.88,0.47,2230.11,2.59,1.11,1.57,6,Corn,Central,Spring,2021-11-03,F0140,4.93
1326,6.83,40.51,24.38,474.81,260.41,10.4,1342.54,1.27,0.67,1.47,5,Corn,Central,Spring,2021-08-10,F0466,7.41
1327,4.97,22.17,28.95,691.76,109.13,8.75,2457.98,0.81,0.68,1.77,3,Rice,Central,Summer,2021-06-28,F0286,5.33
1328,4.75,45.1,27.72,810.13,205.89,14.66,1195.08,2.32,0.87,0.62,2,Rice,South,Autumn,2021-08-03,F0192,5.73
1329,5.85,40.83,26.03,372.32,90.02,5.12,1923.06,2.43,1.11,1.91,3,Soybean,West,Summer,2021-07-20,F0174,5.07
1330,8.22,20.98,20.29,445.7,225.12,14.58,2298.38,2.14,1.09,0.65,4,Soybean,West,Summer,2021-11-13,F0092,5.9
1331,5.88,16.94,23.43,916.9,110.57,11.82,1337.94,1.65,0.83,0.6,3,Rice,North,Summer,2021-08-14,F0077,5.33
1332,7.43,44.8,32.25,541.35,54.82,5.6,1529.25,0.98,0.95,1.23,1,Rice,Central,Summer,2021-05-10,F0296,4.94
1333,6.36,43.38,14.17,286.19,174.81,3.55,2110.85,2.49,0.9,0.96,6,Barley,East,Autumn,2021-12-17,F0400,6.57
1334,6.99,48.62,25.64,614.55,82.98,13.86,2418.07,1.2,0.83,1.94,2,Rice,South,Summer,2021-05-22,F0239,5.99
1335,5.59,16.47,29.13,704.99,120.66,1.53,2562.69,1.03,0.79,1.14,5,Wheat,West,Summer,2021-07-05,F0194,5.78
1336,4.73,12.9,14.73,541.96,143.31,3.79,2374.87,2.34,1.12,1.21,4,Soybean,Central,Autumn,2021-01-04,F0159,7.9
1337,6.84,48.47,27.79,255.16,163.68,10.29,2236.61,1.69,1.41,0.77,1,Corn,South,Summer,2021-06-12,F0351,6.3
1338,5.37,25.59,30.14,1031.44,68.39,0.04,1530.47,2.49,1.38,1.58,2,Rice,East,Spring,2021-03-11,F0243,4.62
1339,6.26,35.0,11.95,407.48,233.87,8.51,1493.74,2.31,0.78,1.73,2,Corn,North,Spring,2021-05-13,F0420,7.88
1340,4.52,24.8,15.83,283.84,215.95,1.42,1813.92,2.32,0.79,1.35,1,Barley,North,Autumn,2021-01-11,F0045,6.84
1341,5.37,11.28,28.92,368.08,102.6,4.82,2786.12,0.51,0.98,1.92,2,Corn,North,Spring,2021-02-15,F0384,4.91
1342,7.09,14.65,22.03,373.35,238.94,2.37,2566.61,0.87,0.37,1.06,4,Barley,East,Spring,2021-02-14,F0133,7.91
1343,8.02,22.53,23.93,158.28,114.45,9.99,2036.91,1.09,0.44,0.94,5,Barley,West,Summer,2021-07-27,F0117,4.66
1344,8.28,32.87,26.21,600.38,206.19,14.55,1193.85,2.04,0.27,1.42,5,Barley,North,Spring,2021-07-12,F0322,6.53
1345,5.83,20.9,27.11,1016.03,165.74,5.15,1775.81,1.99,0.28,0.51,1,Barley,East,Summer,2021-12-12,F0458,6.01
1346,5.19,46.6,14.73,1143.91,201.22,6.42,1516.43,1.64,0.63,1.01,2,Soybean,Central,Spring,2021-08-01,F0161,7.84
1347,6.19,47.54,13.8,295.87,108.18,11.68,1309.64,2.92,0.78,0.63,2,Soybean,East,Summer,2021-04-29,F0203,4.68
1348,7.23,36.14,24.35,655.08,75.17,1.63,2774.05,1.05,0.9,1.08,3,Corn,South,Spring,2021-06-21,F0465,4.21
1349,5.11,40.27,18.66,694.12,158.96,13.68,1810.17,2.72,0.45,1.72,6,Wheat,East,Summer,2021-08-13,F0391,5.62
1350,4.94,25.11,12.47,509.07,87.19,6.11,1294.74,2.4,1.22,0.76,3,Corn,South,Autumn,2021-11-25,F0375,4.79
1351,7.68,29.74,14.67,383.15,191.0,4.79,2515.59,2.82,0.91,0.91,5,Rice,North,Spring,2021-02-18,F0302,6.23
1352,6.3,20.9,30.79,836.79,245.8,13.0,2737.43,2.63,1.02,0.55,2,Corn,West,Autumn,2021-03-19,F0245,7.91
1353,6.77,13.14,23.5,353.08,182.12,6.56,2768.42,1.55,1.36,1.43,6,Barley,Central,Spring,2021-08-26,F0435,6.61
1354,4.62,12.12,25.93,749.24,156.12,11.74,1891.34,1.66,0.65,1.42,3,Soybean,East,Spring,2021-01-07,F0332,6.37
1355,5.18,30.11,11.14,1173.9,86.26,0.53,1460.71,2.32,0.56,1.32,2,Wheat,Central,Autumn,2021-07-26,F0461,4.84
1356,5.51,20.28,10.51,1045.29,190.51,11.68,1848.22,2.55,0.77,0.92,2,Corn,West,Autumn,2021-04-28,F0074,6.27
1357,6.28,26.27,31.01,1184.02,134.01,6.24,2512.53,1.78,0.2,1.13,2,Soybean,West,Summer,2021-03-28,F0089,5.8
1358,7.77,15.23,24.22,611.87,94.84,2.99,2970.97,0.73,0.59,1.93,6,Rice,South,Summer,2021-04-20,F0206,6.26
1359,4.73,30.71,12.5,1030.85,56.78,3.79,1077.61,1.77,1.22,0.77,6,Wheat,North,Autumn,2021-06-18,F0355,4.55
1360,7.75,43.48,22.37,703.67,158.57,8.51,2277.14,1.69,0.89,0.96,1,Rice,Central,Autumn,2021-10-22,F0260,5.76
1361,5.64,32.78,26.27,1146.72,123.27,2.54,1655.35,2.55,0.89,0.85,6,Soybean,West,Spring,2021-08-03,F0020,7.96
1362,5.04,48.13,23.65,594.81,254.36,4.49,1698.01,1.74,0.72,0.54,4,Barley,East,Autumn,2021-02-01,F0289,7.43
1363,5.28,16.88,29.25,190.01,179.09,8.96,2053.4,0.77,1.41,1.05,6,Wheat,East,Summer,2021-10-20,F0226,5.32
1364,5.38,27.36,25.2,129.79,153.28,10.19,1162.5,1.07,0.2,1.51,2,Rice,East,Spring,2021-12-30,F0355,4.7
1365,7.29,49.26,10.98,824.19,296.93,3.5,1367.71,2.71,0.21,1.75,6,Soybean,East,Summer,2021-08-18,F0483,8.17
1366,6.47,18.92,33.86,1013.22,166.33,5.98,2610.99,2.31,1.01,1.08,4,Wheat,West,Autumn,2021-07-16,F0124,6.71
1367,4.77,35.09,25.45,146.12,167.06,14.62,2666.7,2.74,0.62,1.54,5,Soybean,East,Spring,2021-12-16,F0051,6.11
1368,5.31,22.21,25.07,1013.82,281.67,9.53,1901.75,1.78,0.4,0.98,4,Wheat,North,Autumn,2021-02-12,F0486,8.98
1369,7.36,47.17,18.63,832.44,249.38,12.34,2867.74,1.31,0.49,0.99,4,Wheat,North,Summer,2021-12-12,F0438,7.78
1370,5.1,29.69,15.77,963.25,103.17,4.01,1415.63,0.89,0.6,0.55,3,Soybean,South,Spring,2021-03-12,F0378,5.49
1371,6.24,21.65,32.07,248.6,190.09,7.99,2579.28,1.64,1.39,1.29,5,Corn,North,Summer,2021-05-02,F0468,5.22
1372,5.5,32.34,15.53,590.32,273.74,11.61,1895.8,1.81,0.7,1.49,2,Wheat,East,Autumn,2021-01-13,F0298,7.42
1373,7.84,36.91,12.9,1042.44,180.63,5.8,2492.19,1.07,1.0,0.77,6,Soybean,North,Summer,2021-08-18,F0078,6.78
1374,4.73,40.92,12.72,1079.16,293.72,5.67,1477.91,1.54,1.11,0.74,2,Rice,North,Autumn,2021-04-14,F0219,7.89
1375,5.76,26.09,31.85,291.62,180.86,12.73,2491.01,2.85,0.79,1.93,3,Rice,North,Summer,2021-02-20,F0487,6.29
1376,6.07,15.14,13.02,923.44,194.4,4.37,1879.79,1.12,1.32,0.88,2,Barley,East,Autumn,2021-10-28,F0418,7.51
1377,4.51,46.43,12.44,1182.59,133.04,0.64,1421.38,2.12,0.71,1.29,3,Soybean,South,Autumn,2021-01-07,F0372,6.88
1378,7.14,47.79,16.56,707.98,54.09,8.16,1529.42,2.37,0.7,1.07,2,Barley,East,Autumn,2021-03-07,F0152,4.73
1379,6.39,44.75,27.34,252.84,206.04,5.03,2559.07,2.7,1.33,1.91,5,Soybean,Central,Summer,2021-11-21,F0414,7.61
1380,6.79,34.59,21.78,839.03,290.49,11.52,2812.37,1.3,0.29,1.49,5,Rice,East,Spring,2021-11-30,F0261,7.85
1381,5.5,17.37,31.29,183.31,116.59,0.1,2789.48,0.66,1.4,1.07,4,Corn,West,Autumn,2021-02-09,F0291,5.42
1382,7.9,30.85,29.46,171.8,147.44,4.45,2576.08,1.4,1.33,1.73,2,Rice,South,Autumn,2021-09-07,F0081,6.51
1383,7.04,48.78,25.83,701.6,243.45,1.43,2884.73,0.86,0.66,1.69,3,Rice,East,Spring,2021-06-22,F0404,7.69
1384,4.94,42.92,11.37,906.21,181.9,3.03,1400.18,0.95,0.3,1.47,5,Wheat,Central,Spring,2021-05-02,F0183,6.74
1385,7.98,19.64,21.47,313.1,192.97,6.95,1318.21,2.21,1.2,0.66,1,Soybean,North,Spring,2021-05-06,F0073,5.51
1386,7.36,38.64,17.79,199.53,123.93,8.08,1275.61,0.9,0.56,1.68,2,Wheat,South,Spring,2021-12-15,F0115,4.76
1387,5.54,44.06,29.66,664.73,171.95,1.52,1685.07,0.94,0.27,1.59,1,Wheat,South,Autumn,2021-06-19,F0032,6.87
1388,6.12,38.22,16.06,817.7,112.12,4.7,2767.54,0.51,0.34,1.66,2,Rice,North,Spring,2021-10-08,F0385,5.6
1389,6.67,45.51,30.88,385.32,104.93,11.95,1848.14,2.29,1.25,1.87,2,Soybean,North,Summer,2021-03-10,F0446,5.84
1390,5.76,43.46,26.45,423.23,101.1,10.32,1676.29,2.78,1.1,2.0,6,Corn,Central,Spring,2021-11-30,F0138,5.83
1391,6.64,27.62,11.01,841.63,166.25,4.24,1760.63,1.87,0.29,0.67,3,Barley,Central,Summer,2021-02-12,F0247,7.04
1392,5.91,32.41,13.23,554.84,101.68,11.03,1584.19,1.64,1.25,0.95,2,Barley,Central,Summer,2021-12-28,F0306,4.99
1393,6.18,16.26,26.42,1096.75,84.87,5.03,2535.17,2.24,1.11,1.28,3,Corn,East,Spring,2021-07-17,F0143,7.22
1394,8.26,47.8,13.63,271.32,197.74,12.32,1386.07,2.23,0.43,1.76,2,Wheat,East,Autumn,2021-12-01,F0010,6.03
1395,5.95,35.5,12.56,350.47,243.8,13.86,1712.15,2.98,0.67,0.95,1,Barley,Central,Spring,2021-12-29,F0301,7.8
1396,4.84,22.46,19.57,920.12,250.57,6.81,1299.25,1.7,0.94,0.52,4,Soybean,East,Summer,2021-04-24,F0376,6.98
1397,6.94,17.55,14.72,863.65,161.66,9.79,1590.26,2.16,0.71,1.43,5,Wheat,South,Spring,2021-10-11,F0170,5.95
1398,7.43,40.67,19.22,187.44,291.53,8.6,2490.69,2.73,1.27,0.89,3,Corn,South,Summer,2021-09-01,F0052,7.73
1399,7.02,11.11,22.52,1157.62,166.59,13.36,2651.6,0.68,0.5,1.23,6,Soybean,South,Summer,2021-11-08,F0319,5.75
1400,6.98,19.08,34.85,353.2,179.81,1.98,2991.78,0.57,1.19,0.6,4,Wheat,North,Spring,2021-06-23,F0173,6.46
1401,5.75,16.39,25.51,366.06,136.04,0.06,1782.92,0.67,0.78,1.53,6,Rice,West,Summer,2021-05-07,F0159,6.93
1402,6.19,44.59,17.68,298.81,82.34,12.88,2732.59,2.77,1.25,0.85,1,Wheat,South,Summer,2021-08-26,F0265,5.35
1403,8.18,23.57,24.78,672.07,108.25,8.69,2753.2,2.0,0.87,1.95,3,Rice,West,Summer,2021-10-19,F0132,5.07
1404,7.99,17.37,34.93,957.15,108.75,2.5,2396.24,2.49,0.56,0.9,5,Soybean,South,Autumn,2021-08-01,F0070,4.25
1405,5.06,45.56,26.56,314.27,147.95,12.38,2167.32,2.81,1.4,1.84,1,Barley,East,Autumn,2021-07-13,F0321,5.67
1406,5.46,23.78,19.82,1066.33,200.05,11.15,2467.09,2.06,1.33,1.98,4,Rice,South,Spring,2021-11-05,F0018,8.37
1407,4.65,32.9,19.14,727.63,64.51,14.33,1427.49,2.81,1.24,0.92,4,Corn,South,Spring,2021-05-18,F0416,4.5
1408,6.84,45.74,30.97,270.35,253.5,12.45,1482.21,1.18,1.33,1.92,6,Soybean,Central,Autumn,2021-04-11,F0246,6.63
1409,4.57,36.83,18.54,1011.43,116.78,0.4,1547.45,2.06,0.49,0.5,3,Rice,West,Summer,2021-09-11,F0127,5.45
1410,6.74,33.87,11.75,362.65,83.06,3.23,2828.19,0.61,0.88,1.77,5,Rice,Central,Autumn,2021-03-11,F0009,6.0
1411,5.14,46.36,32.7,549.11,67.69,1.35,2382.61,0.74,0.39,1.59,3,Wheat,South,Spring,2021-03-04,F0337,5.56
1412,5.63,33.14,14.0,216.46,244.56,14.67,2580.1,2.75,1.08,0.93,4,Corn,North,Summer,2021-03-04,F0475,6.34
1413,7.4,29.82,32.47,529.31,141.08,14.12,2407.22,1.31,0.37,1.99,6,Wheat,West,Spring,2021-05-21,F0418,6.58
1414,7.57,40.86,25.91,1081.88,168.49,9.79,2127.65,1.66,1.03,1.59,2,Wheat,East,Autumn,2021-06-26,F0292,5.98
1415,4.88,23.16,27.31,410.04,79.83,6.94,2260.1,2.07,0.23,1.7,2,Barley,East,Autumn,2021-08-06,F0073,5.23
1416,6.08,21.44,18.14,756.85,77.18,3.23,1443.1,1.85,0.83,1.22,3,Barley,South,Autumn,2021-03-18,F0461,6.18
1417,5.66,44.18,29.3,278.35,144.28,1.53,2682.2,2.03,1.09,1.58,4,Rice,West,Spring,2021-04-01,F0344,7.24
1418,4.68,43.87,13.1,554.87,223.27,8.68,2087.33,0.94,0.55,1.47,3,Rice,East,Autumn,2021-07-13,F0145,5.99
1419,7.59,22.93,14.73,768.23,93.84,8.42,1490.92,2.2,1.28,1.35,3,Barley,West,Autumn,2021-02-05,F0333,6.15
1420,8.23,48.46,30.59,861.12,272.43,2.45,1852.19,2.93,0.96,0.86,3,Barley,West,Summer,2021-09-27,F0324,7.9
1421,6.04,41.02,28.35,973.33,74.23,8.67,2305.06,2.52,0.75,1.26,3,Barley,Central,Summer,2021-03-26,F0296,4.46
1422,8.37,37.86,21.32,186.36,261.43,9.11,2951.05,2.2,0.73,1.14,5,Rice,South,Summer,2021-02-19,F0015,5.64
1423,4.69,49.02,26.81,367.13,101.44,1.11,1416.01,1.63,1.35,1.87,3,Barley,East,Autumn,2021-12-28,F0317,5.69
1424,8.13,44.99,29.98,815.92,159.99,3.6,1389.49,2.57,0.21,1.46,2,Barley,West,Autumn,2021-12-15,F0476,8.24
1425,5.79,47.25,12.33,577.01,183.41,2.15,1427.65,2.4,0.34,0.89,2,Barley,East,Autumn,2021-01-18,F0225,5.37
1426,5.85,23.39,33.95,168.0,284.24,3.71,2518.01,1.84,0.85,1.45,5,Corn,South,Autumn,2021-11-13,F0203,6.78
1427,5.63,22.53,13.91,583.39,134.0,10.42,1579.43,1.78,1.31,1.58,4,Corn,West,Spring,2021-02-05,F0327,6.19
1428,5.62,33.16,10.09,551.16,239.8,5.61,1228.18,1.91,1.15,1.05,1,Wheat,West,Autumn,2021-07-02,F0047,7.53
1429,7.4,43.25,26.54,106.91,136.44,14.13,2981.44,2.44,0.71,1.04,4,Rice,West,Summer,2021-05-12,F0375,4.0
1430,8.09,25.12,26.57,1015.3,53.16,13.61,1948.69,1.2,1.08,1.03,2,Rice,East,Spring,2021-08-20,F0384,4.49
1431,5.37,41.23,14.67,681.62,120.66,9.21,2841.06,0.54,0.33,0.54,4,Corn,East,Spring,2021-08-04,F0216,4.73
1432,5.4,22.48,32.31,748.54,247.96,4.55,2360.79,2.05,0.73,1.85,1,Wheat,Central,Spring,2021-05-05,F0192,7.38
1433,7.08,18.33,24.17,859.29,274.77,6.26,2713.34,2.4,1.23,1.44,4,Corn,North,Autumn,2021-03-04,F0167,6.34
1434,6.86,26.64,23.82,611.6,205.7,2.24,2089.6,2.59,0.73,0.84,6,Wheat,West,Summer,2021-04-06,F0432,6.62
1435,5.2,29.46,26.82,149.95,97.38,1.42,2229.8,2.39,0.35,1.7,4,Corn,North,Summer,2021-10-31,F0353,4.87
1436,4.78,31.18,21.6,235.57,74.01,3.33,2871.43,0.53,1.14,1.28,3,Rice,West,Summer,2021-05-30,F0011,5.14
1437,5.88,30.34,15.97,1016.51,215.93,10.69,2028.37,2.65,1.14,0.8,3,Wheat,South,Summer,2021-01-11,F0354,6.43
1438,6.36,23.48,13.71,330.4,75.36,7.68,2757.9,1.34,0.6,1.64,3,Barley,North,Spring,2021-03-29,F0180,5.54
1439,6.47,11.76,18.67,141.75,250.67,2.56,2167.64,2.57,1.12,1.94,3,Corn,East,Autumn,2021-05-05,F0327,6.78
1440,6.47,49.12,19.77,1156.97,221.44,10.23,2454.08,2.73,0.54,0.73,4,Corn,West,Spring,2021-01-31,F0040,8.1
1441,7.95,31.37,14.44,602.1,217.32,1.94,1661.36,2.37,0.65,0.75,2,Soybean,Central,Summer,2021-10-06,F0375,6.9
1442,8.03,37.78,20.68,956.95,53.45,11.55,1441.13,2.08,0.25,0.68,4,Wheat,South,Autumn,2021-09-23,F0475,3.85
1443,7.54,18.42,17.43,886.36,167.17,11.52,2723.07,1.67,1.28,0.66,3,Corn,West,Summer,2021-05-26,F0034,5.52
1444,7.0,27.7,22.26,1018.43,142.75,5.8,1893.84,0.79,0.24,1.59,3,Soybean,West,Autumn,2021-09-15,F0182,6.79
1445,4.86,15.11,33.38,109.89,101.06,10.59,2827.52,2.64,0.26,0.55,1,Soybean,East,Summer,2021-03-21,F0042,5.43
1446,6.0,38.91,32.83,1174.06,81.42,0.16,1842.33,1.33,1.47,1.91,5,Corn,Central,Spring,2021-11-28,F0441,5.49
1447,5.0,37.25,11.85,967.91,74.66,7.6,2253.76,1.15,0.88,0.59,6,Wheat,North,Autumn,2021-09-24,F0176,4.84
1448,4.77,39.43,31.72,939.51,125.07,5.87,2513.47,2.11,1.37,0.94,2,Wheat,West,Summer,2021-04-14,F0287,5.44
1449,7.09,45.03,32.51,463.28,226.44,3.06,1977.37,1.63,0.54,1.64,1,Corn,North,Summer,2021-12-05,F0049,8.0
1450,5.08,22.46,25.22,207.39,179.58,8.11,1834.21,2.89,1.07,1.83,4,Soybean,East,Summer,2021-12-16,F0416,6.22
1451,8.49,29.62,11.06,632.02,288.21,2.33,2650.7,2.14,0.88,1.14,1,Barley,South,Summer,2021-09-02,F0199,7.92
1452,5.76,42.43,19.75,514.44,82.09,9.55,1290.66,2.83,1.31,1.66,4,Barley,West,Spring,2021-04-22,F0465,5.31
1453,7.48,31.91,14.51,1095.25,69.43,13.21,1499.22,0.91,1.23,0.8,5,Corn,South,Autumn,2021-12-13,F0405,4.24
1454,7.45,28.25,27.92,1056.48,231.27,12.66,2848.69,2.89,0.25,0.63,1,Rice,North,Spring,2021-10-25,F0242,8.17
1455,8.25,31.74,21.49,564.79,102.46,7.57,1297.57,1.22,1.33,0.87,6,Wheat,Central,Autumn,2021-10-23,F0135,5.85
1456,7.27,25.88,29.01,969.03,162.09,14.81,1468.2,2.47,1.37,1.23,4,Wheat,South,Summer,2021-03-13,F0472,6.12
1457,7.57,23.31,33.3,1103.17,79.14,4.39,2822.2,2.07,0.93,1.84,5,Corn,South,Autumn,2021-09-05,F0033,5.27
1458,7.64,21.0,15.21,376.45,197.89,4.93,2601.46,1.51,1.28,1.84,1,Rice,South,Summer,2021-05-09,F0228,6.42
1459,7.23,10.31,34.75,218.17,95.62,1.07,1429.46,0.9,0.74,0.91,6,Soybean,South,Autumn,2021-05-10,F0433,3.97
1460,6.76,28.02,29.72,476.32,60.84,12.64,1979.63,2.72,0.99,1.7,2,Rice,South,Autumn,2021-10-29,F0198,5.23
1461,5.34,12.47,26.69,785.71,72.53,3.48,2599.22,2.14,0.65,1.03,1,Soybean,South,Autumn,2021-12-01,F0206,3.6
1462,4.6,15.0,14.11,794.65,290.48,5.43,1603.94,1.83,0.74,1.3,6,Wheat,Central,Summer,2021-10-09,F0132,7.38
1463,7.15,16.63,13.72,909.26,258.39,11.01,2865.7,1.36,1.14,1.35,2,Wheat,Central,Spring,2021-09-19,F0014,6.74
1464,5.14,14.62,11.14,952.35,87.05,2.07,1035.48,1.02,0.94,1.99,4,Rice,Central,Autumn,2021-05-03,F0245,5.74
1465,4.75,27.93,32.79,136.15,260.24,3.72,1749.38,1.05,0.76,1.5,3,Soybean,South,Autumn,2021-06-04,F0370,6.59
1466,4.78,11.0,10.58,377.13,56.94,9.51,2642.56,1.87,0.79,1.76,1,Rice,South,Autumn,2021-10-02,F0387,4.25
1467,6.42,48.1,29.56,1067.47,291.22,9.87,2686.31,0.81,0.76,1.09,5,Wheat,South,Summer,2021-05-21,F0254,8.0
1468,5.2,34.88,31.06,857.46,216.08,8.4,1189.85,2.19,0.35,1.06,1,Wheat,North,Spring,2021-08-18,F0485,6.19
1469,6.01,33.0,24.81,147.18,122.91,6.69,1842.34,0.69,1.5,1.77,3,Barley,East,Summer,2021-01-16,F0250,5.37
1470,5.29,40.35,25.78,745.81,128.55,2.75,1386.53,0.63,0.99,1.44,4,Barley,South,Summer,2021-02-19,F0110,5.75
1471,5.22,42.53,30.7,386.87,214.4,8.19,1840.32,1.26,1.27,1.86,5,Rice,South,Summer,2021-07-13,F0250,6.05
1472,4.73,30.73,20.72,476.28,203.42,12.38,2615.02,2.88,0.59,0.99,1,Corn,East,Autumn,2021-11-27,F0487,5.67
1473,7.95,30.56,30.88,926.77,151.34,7.59,2719.19,2.65,0.61,1.82,5,Corn,North,Summer,2021-07-21,F0155,6.77
1474,8.38,32.21,28.64,852.11,243.39,6.39,1848.18,1.78,1.01,1.44,3,Wheat,Central,Summer,2021-05-07,F0166,6.55
1475,7.33,16.56,15.27,1005.25,262.32,8.85,1442.55,2.55,1.31,2.0,6,Corn,East,Summer,2021-05-08,F0200,8.0
1476,5.86,18.6,10.49,414.73,263.18,11.73,2981.68,2.41,0.59,1.49,2,Corn,Central,Spring,2021-02-14,F0438,6.4
1477,7.84,37.43,24.03,620.49,194.85,6.11,2840.24,2.89,0.63,0.62,6,Rice,South,Spring,2021-08-23,F0032,5.95
1478,5.9,39.09,12.62,589.55,262.49,9.4,2758.56,2.89,1.0,1.87,2,Corn,North,Summer,2021-06-11,F0076,8.44
1479,8.14,36.45,27.1,405.8,73.51,1.6,2033.77,2.45,1.15,1.95,4,Rice,Central,Spring,2021-05-19,F0396,4.71
1480,5.6,19.99,25.78,260.77,85.68,5.6,1610.34,2.0,0.7,1.67,6,Corn,West,Spring,2021-01-11,F0492,4.63
1481,6.54,28.82,28.86,1182.74,270.69,9.7,2093.0,0.93,0.53,0.52,5,Corn,Central,Spring,2021-11-02,F0414,6.15
1482,7.73,25.03,28.48,744.49,178.19,8.2,2044.2,2.79,0.22,1.71,1,Barley,East,Summer,2021-02-01,F0429,6.73
1483,6.19,15.24,19.04,153.38,190.59,14.17,2680.58,2.42,0.95,1.6,4,Soybean,North,Summer,2021-05-12,F0322,6.53
1484,6.29,28.79,33.07,619.73,255.24,8.72,2932.18,0.97,1.26,0.86,5,Soybean,Central,Summer,2021-03-24,F0150,6.83
1485,6.83,10.98,31.28,1131.51,59.52,0.79,1467.47,2.55,0.98,0.69,1,Barley,West,Summer,2021-01-24,F0497,5.09
1486,5.81,25.93,21.78,451.23,156.28,2.75,2061.53,1.32,0.44,1.97,2,Barley,North,Summer,2021-11-23,F0057,6.9
1487,7.42,49.75,20.22,924.95,232.28,9.45,1865.48,2.61,1.47,0.54,6,Wheat,Central,Autumn,2021-11-26,F0348,7.38
1488,8.47,26.01,27.07,1035.89,154.65,7.21,2575.05,1.97,0.77,1.34,6,Rice,South,Spring,2021-11-27,F0056,7.05
1489,8.27,44.38,14.85,850.39,92.25,2.54,1356.49,1.56,1.34,1.85,1,Corn,East,Summer,2021-06-15,F0173,6.06
1490,6.74,43.67,16.9,451.82,198.05,4.53,1927.78,2.76,1.15,1.99,3,Rice,East,Autumn,2021-08-16,F0182,7.18
1491,4.53,30.41,26.59,452.54,89.69,6.56,2521.43,1.51,0.64,1.12,5,Barley,Central,Spring,2021-06-08,F0421,5.27
1492,7.1,25.37,19.54,1133.98,121.57,0.3,1140.18,2.83,0.94,1.67,1,Barley,East,Summer,2021-02-23,F0293,6.83
1493,5.35,16.23,15.43,373.59,271.72,2.87,2053.1,0.73,1.19,1.02,5,Soybean,West,Autumn,2021-08-15,F0340,7.05
1494,4.66,30.81,32.65,1080.42,299.78,2.3,2051.12,2.4,0.85,0.57,5,Corn,West,Autumn,2021-06-07,F0314,9.0
1495,7.2,17.86,14.96,715.93,185.43,12.11,2941.62,1.51,1.28,1.29,4,Corn,North,Spring,2021-03-09,F0398,5.56
1496,7.39,21.31,26.71,364.34,169.77,6.36,1600.1,2.63,0.53,0.92,4,Wheat,North,Autumn,2021-04-25,F0142,6.46
1497,7.1,24.69,14.56,950.23,94.59,3.42,1733.12,1.71,0.34,1.84,4,Wheat,East,Summer,2021-11-14,F0042,5.29
1498,8.4,19.73,22.29,620.28,91.45,0.53,2556.89,2.56,0.97,1.65,4,Barley,Central,Autumn,2021-09-18,F0042,5.55
1499,6.93,17.71,33.09,1090.24,86.76,14.89,2016.9,2.03,0.22,1.01,3,Soybean,North,Spring,2021-04-26,F0072,5.18
1500,5.98,16.59,31.26,1142.65,274.58,12.57,1329.62,1.87,0.29,0.87,4,Barley,East,Summer,2021-12-20,F0192,7.15
1501,5.32,28.15,26.72,236.74,151.43,2.92,2974.9,1.81,1.03,1.8,5,Corn,Central,Autumn,2021-03-09,F0012,7.68
1502,4.87,17.62,14.9,1014.89,125.57,11.46,2248.04,1.05,0.55,1.87,2,Soybean,East,Spring,2021-01-07,F0487,5.58
1503,5.55,44.79,23.84,526.76,246.47,12.11,1654.43,0.98,0.74,1.87,6,Wheat,South,Autumn,2021-08-24,F0328,7.37
1504,6.69,42.59,30.21,133.83,159.71,8.73,1910.33,2.34,1.05,1.06,5,Rice,South,Summer,2021-12-06,F0091,5.28
1505,6.99,45.25,13.04,897.4,160.25,0.89,2863.59,2.26,1.15,1.04,2,Wheat,Central,Summer,2021-02-10,F0271,7.35
1506,7.96,34.53,15.92,678.15,208.81,4.51,1333.45,2.71,0.58,1.21,1,Wheat,West,Autumn,2021-01-03,F0066,6.79
1507,5.65,48.33,29.08,702.37,230.4,9.7,1875.79,0.8,1.02,0.82,3,Wheat,West,Spring,2021-02-26,F0236,5.48
1508,4.73,30.62,13.08,1141.12,220.47,12.28,2732.23,0.83,1.11,0.6,6,Wheat,South,Autumn,2021-09-27,F0149,5.87
1509,7.95,26.28,15.88,362.04,283.22,11.64,1308.99,2.11,1.25,1.87,4,Wheat,Central,Spring,2021-12-03,F0205,8.13
1510,6.39,44.94,27.23,803.89,168.55,14.27,1162.92,0.52,1.19,0.53,6,Rice,Central,Autumn,2021-04-19,F0375,6.09
1511,7.57,12.27,29.46,1033.1,71.87,7.45,1184.03,2.32,1.09,1.83,3,Soybean,North,Spring,2021-07-23,F0298,5.03
1512,7.31,13.9,19.08,665.68,198.2,5.16,2435.46,2.49,1.31,1.44,3,Barley,Central,Spring,2021-09-23,F0343,6.26
1513,8.48,20.47,27.81,605.57,208.28,8.63,1101.89,1.75,0.8,1.68,4,Soybean,North,Summer,2021-06-02,F0328,6.1
1514,6.09,18.05,26.34,889.0,58.84,8.58,1956.77,1.89,0.79,1.15,4,Soybean,South,Autumn,2021-06-28,F0297,4.92
1515,6.43,31.15,17.27,813.55,114.68,3.45,2148.55,1.65,1.39,1.31,5,Soybean,North,Spring,2021-02-28,F0454,6.88
1516,7.72,14.88,14.59,371.93,170.52,12.3,1889.9,1.65,1.37,0.52,3,Soybean,South,Spring,2021-09-25,F0115,4.82
1517,5.63,32.29,28.89,676.97,210.66,3.28,2103.83,1.76,0.56,1.96,4,Barley,South,Spring,2021-11-02,F0378,7.15
1518,6.23,40.03,27.8,613.27,60.84,1.33,2044.33,2.09,0.62,0.67,1,Barley,South,Autumn,2021-07-20,F0380,5.57
1519,4.89,46.05,32.32,854.86,247.58,6.04,1360.95,0.96,1.0,0.61,2,Wheat,West,Spring,2021-05-04,F0146,7.08
1520,6.71,47.83,25.92,123.8,151.75,9.71,2931.34,1.02,1.04,0.71,1,Rice,West,Autumn,2021-12-30,F0434,6.84
1521,4.51,45.56,23.34,206.39,103.35,8.56,1899.41,1.98,0.94,1.41,5,Rice,Central,Autumn,2021-10-06,F0276,5.66
1522,4.71,25.04,29.83,1007.74,211.65,8.77,1006.79,2.94,1.21,1.81,2,Barley,West,Summer,2021-01-31,F0236,5.68
1523,6.83,40.93,25.15,1095.49,272.4,5.64,1573.61,2.67,0.49,2.0,2,Soybean,North,Spring,2021-08-26,F0005,8.47
1524,5.6,38.82,23.9,304.33,129.83,12.03,2158.65,2.97,1.13,0.6,1,Barley,West,Summer,2021-07-30,F0373,4.87
1525,7.47,12.03,29.87,730.38,183.12,2.45,1046.41,1.96,1.3,0.77,1,Wheat,Central,Summer,2021-09-11,F0168,5.86
1526,5.14,12.05,15.81,964.74,186.21,9.93,1142.41,1.29,0.67,0.57,6,Soybean,Central,Autumn,2021-05-13,F0393,5.69
1527,6.02,29.32,32.25,374.75,109.11,13.41,2351.89,2.72,0.97,1.54,3,Wheat,South,Autumn,2021-08-28,F0206,5.56
1528,4.81,43.7,15.86,905.33,152.01,3.25,1170.41,0.59,0.64,0.74,4,Barley,South,Summer,2021-07-15,F0313,6.92
1529,6.79,45.68,12.71,819.31,181.77,2.76,1500.05,2.48,0.74,1.77,5,Wheat,South,Summer,2021-08-22,F0183,7.11
1530,6.11,18.94,26.09,813.84,166.0,7.1,2365.38,1.47,1.11,1.04,4,Wheat,East,Summer,2021-10-17,F0102,6.42
1531,6.26,12.69,16.98,952.14,285.9,13.42,2649.89,1.99,1.15,1.62,1,Barley,Central,Summer,2021-02-07,F0245,6.02
1532,7.96,32.22,21.13,127.82,81.93,0.83,2435.53,2.07,0.34,1.75,1,Soybean,West,Autumn,2021-07-30,F0194,3.79
1533,8.2,34.35,27.06,359.52,178.93,14.93,1005.06,2.05,0.25,1.78,5,Barley,East,Spring,2021-02-26,F0294,6.69
1534,6.43,11.15,29.33,800.09,66.12,10.69,2648.63,2.54,1.08,1.19,5,Wheat,Central,Autumn,2021-07-14,F0450,4.58
1535,5.17,38.11,18.56,527.72,201.61,10.1,1506.72,0.86,0.85,0.83,5,Rice,East,Spring,2021-10-21,F0245,5.43
1536,7.22,36.09,29.05,166.44,215.61,2.66,2731.28,1.38,0.27,1.13,2,Corn,North,Spring,2021-04-10,F0225,7.02
1537,7.79,12.08,10.5,653.23,252.47,12.29,2490.36,1.81,1.45,1.56,1,Soybean,West,Autumn,2021-07-30,F0006,6.62
1538,5.0,22.92,23.52,547.65,214.68,11.28,1329.96,2.21,1.15,0.98,1,Rice,West,Spring,2021-12-09,F0366,4.84
1539,7.53,38.69,34.64,651.02,98.97,4.9,1790.39,2.11,1.33,1.03,6,Soybean,North,Autumn,2021-12-07,F0264,6.0
1540,8.06,25.46,23.13,651.18,108.03,14.16,2755.72,1.91,0.33,1.74,1,Wheat,South,Autumn,2021-10-08,F0200,5.13
1541,7.43,32.63,22.57,724.29,209.08,0.29,2396.42,0.76,0.37,1.4,1,Barley,South,Summer,2021-06-05,F0318,6.14
1542,7.7,18.15,24.5,137.51,57.63,11.84,2460.18,2.98,0.85,1.44,2,Rice,North,Spring,2021-03-14,F0159,4.24
1543,6.11,23.2,29.25,586.79,201.12,1.12,2309.47,1.76,1.06,1.42,3,Wheat,North,Spring,2021-01-29,F0183,7.03
1544,7.65,23.37,31.98,881.03,270.19,14.2,1724.9,1.31,0.96,1.11,5,Corn,East,Autumn,2021-09-12,F0362,7.32
1545,6.84,23.25,12.54,445.96,77.21,0.68,2255.17,0.6,0.6,0.62,4,Barley,South,Autumn,2021-08-25,F0399,4.86
1546,4.94,41.09,32.63,208.84,176.44,13.85,1333.38,2.36,1.01,1.29,3,Wheat,North,Autumn,2021-01-22,F0395,6.66
1547,4.5,19.61,23.95,888.2,162.49,2.52,1050.21,2.71,1.28,0.79,5,Barley,West,Autumn,2021-07-13,F0241,6.81
1548,6.02,25.67,19.7,674.11,119.11,8.58,1554.67,1.22,0.62,0.95,1,Corn,East,Summer,2021-01-11,F0096,5.71
1549,5.09,40.14,17.43,733.01,286.19,3.46,2695.42,2.53,1.04,1.06,3,Wheat,East,Spring,2021-11-19,F0178,8.39
1550,5.63,33.51,21.17,1049.73,66.14,0.54,2459.4,1.35,0.84,0.63,6,Barley,Central,Spring,2021-11-26,F0005,5.56
1551,5.7,18.58,14.53,1175.97,223.89,5.61,1570.8,1.56,1.07,0.95,6,Barley,Central,Spring,2021-11-13,F0195,6.51
1552,7.37,14.92,34.27,996.17,205.18,5.2,1947.01,2.7,0.56,1.21,2,Soybean,South,Summer,2021-08-31,F0314,5.97
1553,5.11,11.34,20.32,461.57,137.6,4.98,2692.74,2.17,0.57,1.44,3,Barley,West,Summer,2021-05-29,F0289,6.02
1554,7.08,42.95,22.62,669.45,143.18,8.34,1834.22,1.84,0.32,0.89,6,Barley,West,Autumn,2021-03-31,F0260,7.82
1555,5.0,36.15,16.55,320.64,174.12,10.64,2033.76,1.77,0.25,1.17,2,Corn,West,Spring,2021-09-20,F0167,6.15
1556,7.36,29.73,14.11,1153.92,296.3,14.74,2878.34,2.85,0.86,0.83,2,Soybean,North,Summer,2021-01-23,F0432,7.45
1557,5.41,43.46,34.7,190.58,167.17,5.32,2446.49,0.79,0.24,1.06,3,Wheat,North,Summer,2021-05-27,F0294,6.24
1558,6.81,13.99,19.76,743.63,286.1,0.7,1912.29,0.88,1.15,1.43,2,Soybean,South,Summer,2021-01-21,F0339,7.33
1559,5.21,32.37,18.62,666.81,195.02,5.83,1963.43,2.91,0.41,1.6,4,Wheat,South,Autumn,2021-05-06,F0490,6.91
1560,6.1,48.91,27.31,912.23,210.38,12.61,2684.61,0.61,1.46,1.1,6,Soybean,South,Spring,2021-02-09,F0289,6.39
1561,7.56,22.29,28.14,515.65,54.86,10.9,2020.41,1.8,1.42,0.96,4,Wheat,Central,Spring,2021-06-14,F0379,4.1
1562,6.41,24.88,27.25,567.32,264.84,14.6,1438.8,1.28,0.8,1.95,1,Rice,Central,Autumn,2021-01-25,F0141,6.13
1563,6.89,34.12,34.27,764.28,93.79,6.6,1347.4,1.63,0.53,1.74,6,Corn,East,Summer,2021-10-24,F0400,6.72
1564,7.94,29.05,14.8,742.89,175.8,13.64,1883.2,0.65,0.8,0.92,3,Barley,North,Autumn,2021-12-05,F0348,5.99
1565,6.53,18.07,32.95,333.05,233.6,1.05,2696.63,2.7,0.7,0.86,2,Corn,West,Autumn,2021-05-20,F0077,6.59
1566,4.96,20.86,17.22,737.59,98.53,3.99,2784.23,1.15,0.24,1.4,4,Soybean,East,Autumn,2021-04-03,F0169,5.49
1567,6.73,38.83,11.83,1158.62,91.78,6.26,2713.02,1.05,0.75,1.04,2,Rice,Central,Summer,2021-12-25,F0042,5.82
1568,4.99,16.87,24.55,267.03,159.58,0.43,2774.42,1.76,1.43,1.92,5,Barley,Central,Summer,2021-03-05,F0164,6.84
1569,6.23,31.85,14.36,462.81,113.77,9.92,2756.34,0.64,0.49,1.86,3,Wheat,West,Spring,2021-07-01,F0067,5.6
1570,6.0,35.93,26.36,810.26,221.38,9.57,2833.18,2.87,1.09,0.51,4,Wheat,South,Summer,2021-07-12,F0487,6.71
1571,5.41,35.52,33.31,522.81,151.65,9.88,2140.21,1.87,0.94,1.86,6,Corn,West,Spring,2021-04-19,F0102,6.24
1572,8.1,49.4,10.89,910.68,75.12,4.44,1953.91,0.9,0.33,0.72,4,Barley,East,Autumn,2021-12-10,F0108,5.07
1573,7.1,35.89,10.69,379.14,289.17,14.32,2324.49,1.01,1.26,1.39,2,Barley,Central,Autumn,2021-06-30,F0253,7.26
1574,5.44,27.35,26.22,1109.5,119.82,6.12,2848.54,1.07,1.4,0.52,4,Barley,Central,Summer,2021-05-25,F0122,6.44
1575,5.67,26.07,18.34,137.01,86.91,13.66,1500.4,1.49,0.85,1.14,2,Rice,South,Autumn,2021-01-28,F0030,4.39
1576,7.93,29.93,25.0,513.0,84.35,12.54,1981.12,1.19,1.34,1.41,6,Wheat,South,Summer,2021-05-14,F0381,5.29
1577,4.6,30.52,18.77,960.01,92.39,13.37,1924.49,2.31,0.89,1.01,5,Corn,North,Spring,2021-09-30,F0048,5.25
1578,6.82,31.66,19.84,795.79,97.0,8.68,2282.53,1.01,0.95,1.53,2,Soybean,East,Spring,2021-05-07,F0097,4.18
1579,5.56,14.14,17.81,1086.88,134.08,1.53,2915.74,1.36,0.28,0.51,1,Rice,North,Summer,2021-01-20,F0182,6.07
1580,5.09,38.71,27.01,179.96,140.62,12.35,2304.54,0.71,0.9,0.91,2,Corn,East,Autumn,2021-03-01,F0082,4.62
1581,7.03,29.5,13.09,940.97,131.73,3.5,1134.89,2.41,0.59,1.72,6,Barley,North,Spring,2021-11-23,F0424,5.95
1582,6.87,19.42,29.81,387.97,199.71,10.81,1798.35,2.77,0.37,1.49,1,Corn,Central,Autumn,2021-08-15,F0063,6.61
1583,7.45,15.92,33.34,1030.83,102.65,14.35,2000.51,1.05,1.25,1.0,2,Soybean,East,Autumn,2021-09-22,F0451,5.39
1584,4.98,24.57,24.45,614.09,245.01,11.89,1650.64,2.47,0.51,0.76,3,Corn,East,Autumn,2021-07-23,F0401,6.16
1585,8.33,11.51,32.37,1141.16,251.34,7.31,1263.34,1.4,0.98,0.68,2,Barley,East,Summer,2021-08-20,F0185,6.52
1586,5.52,23.42,32.33,353.2,283.88,2.68,1265.93,1.39,0.94,1.79,2,Wheat,East,Summer,2021-06-03,F0189,7.1
1587,6.73,16.68,27.99,338.7,127.63,10.11,2832.88,1.66,1.31,0.91,3,Barley,West,Spring,2021-07-03,F0435,4.61
1588,6.28,36.27,15.87,921.53,219.71,4.02,1504.6,2.89,0.31,0.59,3,Rice,West,Autumn,2021-12-13,F0134,7.53
1589,4.66,23.13,33.33,744.9,248.34,14.2,2553.27,1.69,1.22,0.6,3,Wheat,East,Autumn,2021-06-28,F0003,7.02
1590,6.85,27.11,26.54,910.08,177.22,13.42,1292.8,2.81,0.81,1.82,3,Rice,East,Summer,2021-06-09,F0399,6.22
1591,6.13,10.81,31.23,1055.63,229.33,5.66,1613.68,0.92,1.37,1.84,1,Rice,East,Spring,2021-04-10,F0021,6.45
1592,6.76,38.72,15.96,398.81,166.08,3.19,1231.54,1.5,0.54,1.52,6,Soybean,West,Autumn,2021-08-26,F0170,6.28
1593,7.87,39.82,22.06,552.83,71.75,10.82,2723.44,2.11,0.32,1.64,2,Soybean,Central,Spring,2021-05-10,F0023,4.85
1594,4.55,26.68,20.99,531.37,83.09,7.36,1641.81,0.76,0.81,1.6,1,Corn,West,Spring,2021-07-18,F0171,5.15
1595,5.71,10.6,24.14,1172.49,229.65,0.52,1515.3,2.14,1.42,0.92,5,Soybean,Central,Autumn,2021-09-29,F0021,7.98
1596,4.77,44.09,11.31,271.53,53.6,3.33,1649.11,1.72,0.76,1.38,5,Barley,North,Summer,2021-12-22,F0149,4.63
1597,6.78,17.13,16.59,1002.68,142.35,8.17,1292.5,2.83,1.38,0.76,6,Corn,South,Autumn,2021-06-28,F0100,5.96
1598,8.01,40.44,25.33,497.99,173.6,0.11,1451.15,2.56,0.73,0.77,6,Corn,East,Spring,2021-03-24,F0307,6.01
1599,4.62,33.24,13.51,356.58,216.86,8.4,1188.97,1.31,0.37,1.64,4,Soybean,West,Spring,2021-05-16,F0205,7.25
1600,7.68,30.36,33.16,374.47,208.34,1.77,2607.99,2.16,1.23,1.92,1,Soybean,South,Summer,2021-04-05,F0279,8.05
1601,4.82,45.11,31.64,849.41,171.08,4.25,1175.58,2.6,0.48,1.39,1,Barley,Central,Summer,2021-03-31,F0255,5.89
1602,5.85,17.75,11.26,1139.83,226.4,8.67,2667.93,0.74,0.93,1.69,6,Corn,Central,Spring,2021-10-12,F0173,7.19
1603,6.05,34.44,27.4,918.08,70.68,10.47,2237.75,2.53,0.68,1.41,4,Rice,East,Summer,2021-07-18,F0339,5.2
1604,5.47,44.25,25.55,713.25,183.29,8.82,2633.97,2.22,0.8,1.26,6,Barley,North,Spring,2021-07-26,F0065,6.73
1605,6.63,32.85,22.21,495.74,245.87,12.74,1475.42,1.75,1.17,1.22,5,Rice,East,Autumn,2021-09-25,F0084,6.38
1606,6.59,47.12,34.86,1069.78,113.21,10.32,1936.33,2.23,1.04,1.91,6,Barley,North,Summer,2021-06-20,F0456,5.28
1607,8.13,37.09,31.12,240.11,230.75,10.17,2295.85,1.89,1.01,1.06,2,Corn,Central,Autumn,2021-11-29,F0201,6.73
1608,5.29,29.76,21.41,178.09,55.8,10.29,1570.13,0.82,1.06,1.42,2,Wheat,East,Autumn,2021-02-18,F0065,4.53
1609,8.3,20.77,15.97,815.19,278.83,6.07,2540.55,1.04,1.43,1.36,3,Barley,South,Autumn,2021-12-03,F0053,8.26
1610,5.24,22.79,21.39,1145.82,181.31,3.83,1944.39,1.54,0.6,0.86,3,Corn,Central,Autumn,2021-11-09,F0175,6.89
1611,8.22,49.96,30.82,366.02,58.87,13.43,2688.98,2.47,1.5,1.47,1,Corn,West,Spring,2021-02-14,F0444,4.72
1612,7.93,48.12,28.35,816.24,85.3,10.07,1191.6,2.82,0.72,1.04,4,Wheat,North,Summer,2021-05-22,F0217,5.18
1613,6.19,11.0,27.88,608.38,136.67,13.9,1692.18,1.34,0.47,1.98,2,Soybean,East,Summer,2021-04-03,F0130,5.69
1614,8.28,43.87,19.51,1158.49,251.91,1.98,1944.69,3.0,1.39,0.56,6,Barley,East,Spring,2021-08-18,F0030,8.48
1615,5.12,25.71,18.5,359.07,192.38,10.19,2549.96,2.54,1.19,1.91,2,Soybean,Central,Summer,2021-10-10,F0067,8.55
1616,7.27,31.19,19.36,719.56,193.71,1.73,1297.01,1.47,1.35,0.84,2,Barley,North,Autumn,2021-03-24,F0198,7.59
1617,4.86,16.59,26.1,858.43,175.21,0.2,1625.46,0.93,1.11,0.97,3,Barley,North,Autumn,2021-10-03,F0116,6.45
1618,7.78,14.81,18.74,985.17,157.05,10.43,2315.35,2.91,1.19,1.52,6,Wheat,North,Autumn,2021-06-25,F0451,5.88
1619,5.04,46.46,27.43,471.06,50.89,4.1,2637.76,2.85,0.23,1.92,2,Soybean,West,Autumn,2021-06-29,F0479,5.21
1620,5.85,11.34,28.6,577.72,164.26,1.5,2916.08,2.57,0.54,1.14,5,Rice,Central,Summer,2021-08-29,F0487,6.59
1621,5.45,14.37,31.4,1125.59,163.07,3.46,2656.92,1.44,1.11,0.63,4,Rice,South,Autumn,2021-02-22,F0261,5.06
1622,6.52,45.33,22.64,1171.73,168.72,12.33,2321.12,2.6,0.85,0.74,5,Barley,East,Autumn,2021-05-14,F0103,6.7
1623,5.15,42.29,17.65,653.91,94.41,8.23,2620.7,1.36,1.31,1.02,6,Wheat,West,Summer,2021-06-10,F0143,5.72
1624,7.63,28.89,26.67,199.41,272.27,9.07,2240.76,2.84,0.74,1.39,4,Soybean,South,Summer,2021-01-12,F0151,6.73
1625,7.45,18.59,31.41,1095.39,281.7,0.34,2828.38,2.37,0.53,1.25,2,Barley,Central,Summer,2021-09-02,F0373,7.82
1626,7.66,49.84,32.23,648.46,258.31,4.33,2474.64,2.11,1.48,1.57,1,Soybean,South,Autumn,2021-10-12,F0123,7.14
1627,5.58,30.39,26.98,887.46,111.46,12.7,2128.09,1.07,0.48,0.74,6,Barley,North,Autumn,2021-11-15,F0281,4.94
1628,6.04,38.97,12.7,432.18,199.51,5.94,2286.58,2.99,0.31,1.79,4,Wheat,Central,Spring,2021-12-01,F0057,7.64
1629,7.76,38.81,15.58,650.78,207.73,3.32,2722.31,2.98,0.87,0.93,5,Wheat,Central,Autumn,2021-10-07,F0340,6.91
1630,6.03,12.63,26.76,579.17,269.05,5.77,2777.58,1.24,0.84,1.59,4,Barley,North,Summer,2021-01-12,F0420,8.09
1631,6.91,40.77,24.14,899.81,120.8,7.54,1218.44,2.3,1.12,0.94,3,Rice,West,Spring,2021-01-06,F0180,5.38
1632,8.06,41.53,22.6,140.27,217.88,12.0,1125.88,1.22,1.37,1.73,4,Soybean,South,Autumn,2021-12-28,F0221,6.63
1633,8.25,46.89,31.23,955.68,181.52,5.99,1632.14,0.73,0.73,0.91,5,Wheat,East,Summer,2021-07-14,F0285,7.21
1634,7.61,20.29,24.91,228.2,215.12,10.59,1599.73,2.14,1.02,1.62,4,Wheat,East,Spring,2021-03-30,F0065,6.04
1635,7.03,47.5,24.72,364.36,72.84,13.31,1924.77,2.58,0.58,0.56,2,Soybean,South,Spring,2021-10-25,F0073,4.94
1636,4.53,42.82,23.74,850.65,96.36,0.32,1598.24,1.88,0.59,0.52,3,Soybean,North,Autumn,2021-06-15,F0285,5.46
1637,6.47,24.82,19.7,248.75,73.37,12.22,1811.52,2.78,0.66,1.75,6,Corn,Central,Summer,2021-04-13,F0305,4.45
1638,6.17,36.2,18.91,711.3,153.1,6.42,2505.28,0.56,0.61,1.71,2,Soybean,West,Spring,2021-12-08,F0398,5.96
1639,7.97,36.63,18.21,836.78,205.2,3.76,2119.09,1.37,0.65,0.57,2,Corn,East,Summer,2021-02-26,F0437,6.43
1640,7.89,44.8,25.28,962.91,51.8,10.09,2784.1,2.05,0.65,1.34,1,Corn,West,Spring,2021-09-22,F0141,4.38
1641,6.01,46.62,23.1,903.95,185.26,1.8,1487.71,1.42,1.35,1.12,4,Rice,West,Summer,2021-08-22,F0002,6.46
1642,5.88,38.16,23.17,579.76,103.32,1.42,1078.5,2.15,0.62,1.94,3,Corn,South,Spring,2021-01-01,F0453,5.52
1643,5.44,15.16,19.3,1171.38,194.47,1.78,2156.31,0.59,0.65,1.23,5,Corn,Central,Spring,2021-12-23,F0164,7.02
1644,4.99,43.29,27.47,273.4,200.04,4.19,2089.95,2.43,0.32,1.09,4,Wheat,West,Autumn,2021-10-30,F0361,6.03
1645,5.39,40.25,16.81,575.13,291.39,0.67,2680.72,2.79,1.11,1.35,2,Corn,West,Autumn,2021-08-15,F0150,8.64
1646,8.25,17.91,22.12,826.21,265.69,8.44,2792.33,1.9,0.45,1.03,3,Corn,West,Spring,2021-09-17,F0102,7.66
1647,6.12,15.34,19.83,1081.02,285.92,2.01,2991.6,1.34,0.23,0.83,5,Rice,West,Spring,2021-12-18,F0040,9.08
1648,4.71,31.34,15.87,341.98,54.92,6.24,1965.36,1.5,0.57,1.46,3,Soybean,South,Autumn,2021-06-05,F0123,5.04
1649,7.17,45.64,18.05,334.71,205.58,0.76,1565.57,0.66,1.21,1.35,2,Corn,East,Autumn,2021-04-05,F0484,7.02
1650,4.99,20.8,22.05,1006.51,234.12,11.58,1871.9,2.65,0.4,1.05,4,Wheat,North,Summer,2021-04-21,F0344,5.7
1651,5.55,23.21,18.1,306.23,129.64,13.48,1513.77,1.43,0.87,1.75,4,Rice,West,Spring,2021-01-08,F0366,5.39
1652,6.07,27.22,25.87,549.28,212.28,8.75,1073.85,2.07,0.81,1.06,4,Soybean,South,Spring,2021-10-19,F0233,7.0
1653,5.98,19.11,19.28,511.82,100.36,7.16,1880.56,2.57,0.86,0.96,2,Barley,North,Autumn,2021-09-08,F0210,5.89
1654,5.51,13.65,30.11,1141.82,157.46,8.39,2249.61,1.75,1.18,1.8,6,Rice,South,Summer,2021-09-30,F0368,6.13
1655,8.01,37.44,33.28,860.01,159.83,14.3,1137.99,1.25,0.26,1.27,5,Corn,East,Autumn,2021-05-15,F0157,6.48
1656,7.08,15.4,23.48,758.65,74.27,10.47,2114.15,0.6,0.37,1.07,4,Soybean,West,Autumn,2021-08-03,F0338,5.93
1657,6.96,38.24,24.92,397.59,146.64,9.67,2224.24,1.86,0.25,1.67,3,Soybean,East,Spring,2021-12-27,F0386,5.4
1658,4.52,41.41,26.3,189.31,77.89,8.58,1673.85,2.37,1.26,1.14,4,Wheat,South,Summer,2021-07-20,F0243,4.33
1659,5.51,19.2,17.04,854.81,106.57,1.64,2498.17,2.18,1.04,1.6,1,Rice,West,Autumn,2021-04-20,F0294,6.41
1660,6.66,17.7,34.66,1048.58,148.14,10.47,2188.49,1.72,0.49,0.63,1,Soybean,North,Spring,2021-03-05,F0103,5.61
1661,7.35,31.36,25.66,1060.16,260.83,0.18,1328.99,0.97,0.3,0.83,3,Wheat,North,Summer,2021-04-01,F0324,6.87
1662,7.69,26.94,10.89,1003.84,68.5,3.4,1937.8,1.1,0.4,1.91,4,Corn,West,Summer,2021-10-13,F0334,5.75
1663,7.85,20.24,24.41,673.96,227.05,13.36,1651.59,2.86,0.99,1.12,5,Soybean,Central,Autumn,2021-09-26,F0094,6.52
1664,5.19,36.04,18.53,991.14,242.58,8.38,1046.09,2.85,0.87,0.96,5,Barley,East,Summer,2021-05-05,F0427,7.1
1665,5.37,36.15,16.61,153.95,277.9,2.35,1611.65,1.85,1.17,1.69,5,Barley,East,Spring,2021-11-10,F0146,7.82
1666,8.33,41.25,19.02,1184.06,276.63,7.18,2818.72,1.47,1.41,0.57,6,Soybean,East,Summer,2021-06-05,F0282,8.35
1667,7.68,13.59,30.71,203.52,262.76,1.43,2236.35,0.55,0.23,0.73,1,Barley,East,Autumn,2021-06-03,F0212,7.89
1668,5.32,30.36,25.52,697.77,122.7,9.35,2575.49,2.73,1.42,1.53,2,Barley,North,Spring,2021-01-18,F0272,4.48
1669,6.88,39.95,11.56,808.43,66.32,5.43,2172.62,2.45,0.53,1.92,5,Wheat,West,Summer,2021-03-23,F0372,5.48
1670,5.97,49.31,31.79,972.31,125.45,14.8,2493.94,2.28,1.16,1.25,4,Rice,East,Spring,2021-09-07,F0319,4.94
1671,4.84,34.64,25.04,238.72,250.69,13.09,2827.6,1.38,1.2,1.6,6,Barley,North,Autumn,2021-09-03,F0443,6.77
1672,7.07,40.9,30.79,1099.71,186.88,10.48,2579.49,0.87,1.1,0.97,1,Barley,Central,Autumn,2021-03-01,F0128,5.63
1673,5.88,27.08,17.13,319.37,127.62,4.66,1526.51,1.5,1.32,0.59,1,Wheat,East,Spring,2021-06-11,F0323,5.24
1674,7.55,37.77,26.02,359.63,285.12,6.11,1326.67,2.58,1.49,1.7,4,Barley,East,Spring,2021-10-05,F0291,7.9
1675,7.33,35.58,12.32,1023.34,216.09,5.08,1908.69,0.9,0.47,1.86,6,Rice,Central,Autumn,2021-12-24,F0300,7.59
1676,6.63,19.7,33.56,159.15,296.49,11.27,1968.69,1.93,1.21,0.63,1,Wheat,Central,Summer,2021-10-11,F0056,5.48
1677,5.53,23.58,14.32,717.59,297.61,1.58,1561.61,2.97,1.31,1.73,6,Barley,South,Autumn,2021-11-22,F0463,9.2
1678,5.92,32.89,16.66,310.75,195.97,14.22,1466.51,1.18,0.75,1.4,6,Wheat,North,Spring,2021-10-06,F0208,6.68
1679,5.1,31.96,16.27,227.28,266.43,10.77,2464.68,1.24,1.23,1.72,2,Rice,North,Spring,2021-01-23,F0427,6.17
1680,5.79,47.96,13.74,917.85,157.67,10.83,1459.84,2.22,0.89,1.28,4,Barley,East,Spring,2021-08-31,F0048,6.1
1681,8.45,16.51,13.25,959.53,215.13,8.28,1850.71,1.58,0.63,1.31,1,Barley,South,Spring,2021-10-04,F0227,7.48
1682,5.25,18.71,13.36,811.66,86.87,8.18,1843.22,1.99,0.56,1.38,6,Corn,West,Spring,2021-12-06,F0314,4.52
1683,7.36,31.6,32.58,806.9,298.84,6.78,2571.87,0.84,0.53,1.08,2,Rice,West,Summer,2021-04-16,F0241,8.02
1684,4.99,41.59,21.23,1118.17,150.27,9.9,1034.51,2.72,0.6,1.21,4,Rice,South,Spring,2021-04-27,F0325,5.66
1685,7.58,37.14,34.18,1001.86,108.68,6.93,2023.01,1.08,1.03,0.74,3,Corn,Central,Spring,2021-01-01,F0074,5.6
1686,6.37,29.03,17.44,675.57,243.53,9.46,1574.24,1.32,0.55,1.99,1,Rice,East,Summer,2021-01-12,F0150,6.98
1687,7.09,18.65,20.25,1120.0,264.0,12.73,1603.85,2.89,1.1,0.62,2,Corn,South,Autumn,2021-07-12,F0171,7.49
1688,6.37,10.73,10.1,799.03,238.94,11.51,1477.64,2.39,1.33,1.3,5,Wheat,South,Autumn,2021-05-27,F0019,6.57
1689,7.75,35.19,34.33,928.72,255.68,3.8,2281.91,2.94,1.02,1.96,1,Soybean,Central,Spring,2021-05-21,F0266,8.55
1690,4.96,32.48,28.05,610.77,221.05,11.17,1541.05,0.81,1.45,1.3,1,Soybean,West,Summer,2021-12-05,F0082,7.03
1691,5.07,40.34,20.53,149.62,114.32,13.09,2160.59,1.69,1.2,1.08,1,Wheat,Central,Spring,2021-09-11,F0240,4.31
1692,5.26,20.47,30.57,229.14,121.43,2.57,1094.26,1.36,0.48,0.68,5,Rice,Central,Summer,2021-05-05,F0324,4.53
1693,4.74,32.63,17.45,677.32,186.58,14.86,2368.92,1.12,1.27,1.78,5,Corn,West,Autumn,2021-01-27,F0120,5.88
1694,7.33,45.9,11.55,150.08,155.65,14.82,1682.68,2.08,0.73,0.93,2,Soybean,East,Spring,2021-11-28,F0251,6.13
1695,7.51,36.85,15.56,185.33,63.36,11.08,1085.78,0.75,1.4,1.05,3,Rice,East,Summer,2021-03-26,F0308,3.47
1696,7.22,40.52,23.05,723.02,129.99,10.75,2019.15,0.79,0.55,1.9,2,Rice,West,Autumn,2021-11-21,F0459,6.13
1697,7.71,23.36,34.43,834.28,134.88,4.13,1589.85,1.5,1.06,1.44,1,Rice,East,Autumn,2021-06-06,F0251,6.08
1698,7.0,36.23,16.09,680.02,121.09,8.5,2583.81,0.8,0.5,0.84,1,Rice,South,Spring,2021-03-03,F0189,5.92
1699,6.15,45.6,26.81,309.65,252.36,14.03,1887.73,1.23,0.57,0.72,4,Soybean,Central,Spring,2021-02-22,F0110,7.07
1700,6.55,37.84,17.61,460.89,252.7,7.19,1828.83,1.71,1.44,1.38,3,Corn,East,Summer,2021-11-21,F0117,7.01
1701,5.44,37.12,28.57,713.52,105.02,1.91,1257.34,2.61,0.56,1.04,1,Wheat,East,Spring,2021-06-13,F0407,6.29
1702,4.5,25.79,30.36,1009.13,171.13,10.36,1198.3,2.18,1.19,0.67,4,Soybean,Central,Summer,2021-12-12,F0218,6.69
1703,7.71,29.29,13.67,1149.3,138.4,3.23,1085.05,2.41,1.17,1.43,4,Soybean,East,Summer,2021-01-31,F0399,6.42
1704,6.09,44.37,20.3,653.38,169.4,5.31,1780.08,0.66,0.85,1.6,5,Soybean,North,Summer,2021-01-27,F0208,7.21
1705,6.11,48.59,32.22,690.98,62.11,14.31,2125.18,2.5,0.59,1.07,2,Barley,East,Autumn,2021-05-06,F0003,3.67
1706,7.33,37.03,29.92,679.33,254.85,2.96,2095.12,0.51,0.67,0.71,3,Barley,Central,Summer,2021-12-11,F0122,7.77
1707,7.54,32.62,20.37,1086.35,69.15,13.31,1085.0,1.49,0.39,0.78,6,Soybean,South,Autumn,2021-07-04,F0177,5.04
1708,6.03,17.14,13.87,167.54,294.69,2.25,1292.13,2.93,0.41,1.37,4,Wheat,East,Summer,2021-09-04,F0211,6.94
1709,6.73,41.59,29.24,662.97,108.19,8.75,1591.64,2.38,1.32,1.97,5,Corn,Central,Autumn,2021-10-24,F0447,5.7
1710,7.8,16.09,22.63,206.49,250.56,2.3,2030.79,0.7,1.42,0.61,4,Wheat,South,Summer,2021-04-23,F0353,6.34
1711,6.1,44.8,33.2,986.99,222.15,1.05,2240.16,2.18,0.74,1.11,4,Barley,East,Spring,2021-11-21,F0351,7.69
1712,6.29,38.5,12.59,1193.87,120.86,9.94,1692.3,1.19,1.12,1.8,6,Wheat,Central,Summer,2021-08-18,F0402,5.71
1713,6.33,25.54,16.28,330.42,115.45,9.59,1608.69,1.04,1.36,1.9,1,Wheat,South,Spring,2021-06-15,F0075,6.64
1714,5.15,44.86,16.42,958.15,62.44,0.75,1561.95,0.97,0.74,0.95,6,Corn,East,Summer,2021-03-05,F0177,6.26
1715,5.46,34.88,13.92,1142.68,197.66,10.79,2310.32,1.55,1.2,1.06,2,Barley,South,Spring,2021-09-09,F0405,6.65
1716,4.79,46.32,17.52,158.5,193.33,7.4,1808.17,2.89,0.6,0.54,6,Barley,West,Spring,2021-07-15,F0145,6.9
1717,6.76,20.59,12.29,714.9,264.97,2.67,2793.92,0.87,1.22,1.14,3,Barley,Central,Autumn,2021-05-31,F0257,8.03
1718,6.22,23.18,13.91,488.49,159.81,8.85,1477.72,0.93,0.6,1.07,1,Soybean,North,Autumn,2021-03-10,F0080,5.05
1719,6.83,47.55,10.91,258.58,161.53,2.58,1841.18,2.14,0.53,1.74,2,Wheat,Central,Spring,2021-12-05,F0255,5.65
1720,8.23,49.44,28.02,1089.14,210.21,11.02,1438.67,2.2,1.07,0.85,2,Barley,North,Autumn,2021-08-24,F0436,6.89
1721,5.73,10.01,13.6,367.48,127.42,10.17,2029.63,1.46,1.33,1.15,1,Soybean,West,Autumn,2021-03-29,F0478,5.01
1722,6.97,37.44,11.15,485.35,287.81,2.53,1179.07,2.42,0.2,0.71,6,Rice,South,Autumn,2021-02-18,F0480,7.33
1723,6.29,35.69,11.76,617.76,91.63,5.15,1447.07,1.34,0.42,1.23,3,Wheat,South,Summer,2021-07-06,F0342,5.53
1724,7.23,38.34,20.82,978.11,211.67,5.22,1432.27,0.84,0.65,0.73,2,Wheat,South,Spring,2021-10-24,F0377,6.55
1725,7.31,44.85,27.54,363.83,242.97,12.57,1707.41,2.19,1.45,1.88,3,Soybean,West,Spring,2021-10-28,F0337,6.87
1726,6.89,11.55,28.2,100.67,172.81,10.38,2874.59,2.36,0.6,1.53,3,Barley,East,Summer,2021-12-03,F0089,5.8
1727,4.74,34.78,13.31,816.29,152.32,13.01,2796.26,1.7,1.44,0.95,3,Corn,East,Summer,2021-04-25,F0135,5.43
1728,7.05,24.56,18.74,462.2,133.54,5.75,2329.72,0.58,0.89,1.94,4,Wheat,West,Spring,2021-11-12,F0209,5.84
1729,5.78,31.21,25.71,717.73,133.4,3.1,1108.51,2.16,1.07,0.82,4,Soybean,Central,Autumn,2021-09-11,F0256,6.27
1730,5.82,25.09,11.29,849.9,58.81,11.39,1538.61,2.81,0.41,1.59,6,Rice,Central,Autumn,2021-02-05,F0009,5.0
1731,4.87,33.06,21.65,855.44,65.07,2.29,1760.27,1.91,1.05,1.62,1,Corn,South,Spring,2021-06-12,F0340,5.07
1732,6.79,21.65,15.29,317.74,60.25,0.61,1938.31,1.56,1.05,1.62,5,Barley,Central,Summer,2021-03-09,F0419,5.87
1733,5.69,15.23,27.65,457.27,217.61,0.56,1745.98,2.18,0.4,0.56,3,Barley,West,Summer,2021-05-11,F0385,7.25
1734,5.22,11.23,34.03,936.74,131.7,4.27,1418.96,1.25,0.21,1.81,2,Barley,Central,Spring,2021-01-30,F0382,6.21
1735,5.25,45.39,25.99,699.32,203.24,3.96,2620.09,2.46,1.34,0.89,3,Wheat,South,Autumn,2021-11-29,F0416,7.04
1736,4.92,39.6,26.74,290.45,193.79,7.59,1157.22,1.52,0.91,1.26,4,Corn,Central,Spring,2021-06-29,F0157,5.17
1737,6.17,40.22,15.13,882.36,157.73,3.2,2734.98,1.42,0.27,0.85,6,Soybean,South,Spring,2021-03-20,F0324,6.27
1738,6.48,20.49,21.65,855.24,246.72,9.23,1292.2,1.32,0.64,1.23,6,Rice,West,Summer,2021-03-04,F0366,8.08
1739,5.6,35.6,14.93,603.21,86.11,11.57,2489.45,1.83,1.24,1.46,5,Barley,South,Summer,2021-05-12,F0340,5.48
1740,7.48,11.77,22.89,196.41,210.28,5.18,1267.4,0.85,0.22,0.73,5,Barley,North,Autumn,2021-09-23,F0168,5.14
1741,7.88,41.43,33.35,816.47,129.63,14.25,1891.25,2.9,1.35,1.63,2,Barley,West,Spring,2021-04-11,F0477,4.55
1742,5.75,13.39,32.88,969.54,103.38,5.18,1226.05,2.47,1.21,0.55,1,Corn,East,Spring,2021-07-01,F0474,5.59
1743,4.75,20.12,20.29,147.67,297.31,12.35,1463.02,2.54,0.4,1.27,3,Wheat,South,Spring,2021-10-01,F0015,7.62
1744,6.19,45.76,20.73,1081.17,175.62,2.28,2582.46,2.58,0.56,1.07,5,Barley,East,Autumn,2021-09-11,F0020,8.21
1745,5.9,21.49,27.39,897.75,75.82,2.08,1033.51,1.2,0.47,1.51,1,Barley,South,Spring,2021-04-05,F0192,5.56
1746,7.04,14.04,34.79,617.88,73.03,9.97,1895.49,2.38,1.25,1.49,2,Wheat,South,Summer,2021-01-02,F0315,4.78
1747,7.03,48.72,16.77,374.62,273.19,6.13,2380.87,1.78,1.09,1.42,6,Rice,Central,Autumn,2021-08-25,F0463,7.26
1748,7.29,18.05,30.17,849.29,104.45,14.47,2626.61,0.67,0.32,0.89,3,Barley,Central,Summer,2021-05-03,F0287,4.67
1749,7.19,10.21,21.5,160.83,299.73,2.09,1901.45,2.04,0.91,1.3,2,Corn,West,Autumn,2021-01-28,F0125,7.7
1750,5.51,24.47,34.02,440.24,278.09,14.26,2029.02,1.46,0.39,1.72,5,Wheat,East,Spring,2021-09-25,F0143,7.13
1751,7.88,49.99,18.73,1032.16,274.2,9.28,2214.35,1.0,0.39,0.9,1,Barley,East,Summer,2021-02-06,F0282,6.49
1752,6.54,26.32,31.32,871.84,76.22,7.91,2372.93,2.16,0.25,1.47,1,Rice,Central,Spring,2021-11-11,F0073,5.6
1753,6.99,28.55,31.11,388.54,147.82,6.14,2704.86,0.89,0.32,0.87,5,Corn,North,Summer,2021-09-12,F0084,7.06
1754,6.56,26.11,34.25,739.14,267.2,0.64,1852.68,0.83,1.5,1.52,1,Wheat,South,Summer,2021-03-01,F0221,7.82
1755,6.92,11.92,13.64,666.07,75.28,0.61,1300.99,1.56,0.8,1.81,4,Wheat,Central,Summer,2021-07-14,F0041,4.45
1756,5.93,16.79,22.04,523.0,151.47,7.57,1071.15,1.79,0.61,1.25,1,Barley,North,Autumn,2021-10-03,F0028,7.16
1757,6.87,36.28,33.72,756.47,117.99,12.46,2349.23,2.19,0.29,1.81,4,Corn,West,Spring,2021-02-12,F0104,4.31
1758,7.74,25.94,28.31,160.46,133.66,0.65,2919.25,2.54,0.46,1.73,5,Wheat,East,Autumn,2021-12-14,F0143,6.06
1759,6.42,36.76,32.14,1103.35,140.2,8.18,2109.83,0.77,0.71,1.06,4,Barley,South,Summer,2021-12-17,F0267,5.75
1760,6.22,49.24,33.74,1143.03,106.01,2.11,1562.56,2.51,0.26,1.34,3,Corn,South,Autumn,2021-10-28,F0236,6.21
1761,5.3,43.27,12.68,734.89,132.29,14.68,2524.63,0.62,0.93,1.43,2,Corn,North,Autumn,2021-06-01,F0362,5.47
1762,6.96,46.97,12.12,179.51,148.06,0.75,1510.81,2.26,1.42,0.62,5,Barley,North,Summer,2021-02-27,F0193,6.2
1763,4.88,21.45,20.18,397.92,181.77,5.1,1730.93,0.78,0.29,0.5,4,Rice,South,Spring,2021-06-12,F0051,5.63
1764,6.58,23.36,22.16,1070.16,52.78,6.88,2514.73,1.23,0.26,1.65,1,Rice,South,Autumn,2021-01-29,F0475,5.59
1765,4.98,23.89,17.22,649.34,218.47,11.03,1951.42,2.32,0.29,0.93,5,Wheat,West,Summer,2021-01-15,F0409,6.21
1766,7.16,45.76,13.73,365.89,89.33,0.01,2274.49,0.56,0.61,1.58,1,Soybean,North,Autumn,2021-12-22,F0228,5.08
1767,8.0,45.3,32.11,739.12,95.29,4.6,2098.26,1.3,0.62,1.56,5,Barley,South,Summer,2021-10-23,F0143,5.72
1768,7.37,43.86,16.01,1096.14,178.96,5.44,2125.56,1.74,0.57,0.54,6,Rice,East,Autumn,2021-02-19,F0089,6.35
1769,6.05,38.95,34.38,757.3,64.95,9.48,1312.7,2.55,0.97,1.83,5,Rice,Central,Autumn,2021-12-09,F0251,4.47
1770,8.49,47.05,11.34,601.25,166.26,4.04,1122.85,2.77,0.39,1.78,3,Wheat,South,Autumn,2021-04-14,F0050,7.68
1771,6.4,21.76,18.08,611.5,138.53,10.63,2303.39,2.91,1.26,1.62,6,Wheat,North,Summer,2021-07-06,F0425,4.53
1772,5.67,13.8,21.72,846.38,119.22,10.3,2080.73,0.99,1.39,0.87,4,Rice,North,Spring,2021-12-04,F0358,6.63
1773,8.37,17.68,17.3,829.44,121.38,7.29,1783.11,1.84,0.66,1.55,3,Soybean,South,Spring,2021-03-22,F0338,5.67
1774,4.66,32.15,16.09,728.01,253.48,10.69,1640.76,1.17,0.7,1.13,3,Barley,South,Summer,2021-11-24,F0274,6.33
1775,5.85,18.56,23.73,1041.85,114.17,1.96,2159.86,2.33,0.94,1.09,1,Corn,Central,Spring,2021-09-13,F0136,6.04
1776,8.36,28.06,30.91,869.1,255.68,2.41,1228.92,0.82,0.38,0.85,6,Wheat,Central,Autumn,2021-08-05,F0318,6.59
1777,5.41,33.21,21.81,700.61,201.77,4.67,2187.49,0.59,0.81,1.82,1,Corn,Central,Autumn,2021-08-29,F0104,7.28
1778,4.82,35.16,22.74,1020.22,68.77,9.11,2158.38,2.04,1.34,1.65,6,Soybean,West,Summer,2021-06-04,F0293,5.76
1779,6.01,27.99,28.66,1016.16,268.15,4.42,2566.0,1.36,1.23,1.38,2,Rice,Central,Spring,2021-12-06,F0293,6.93
1780,8.36,49.68,19.8,549.58,238.5,4.74,1194.2,0.71,0.51,1.44,3,Wheat,West,Summer,2021-06-01,F0331,7.36
1781,5.69,24.49,28.26,333.08,114.84,5.33,2152.75,0.96,0.89,1.96,5,Rice,West,Summer,2021-11-30,F0104,4.97
1782,6.4,11.97,23.65,700.9,137.39,10.03,1697.78,2.12,1.0,0.62,3,Soybean,South,Summer,2021-11-26,F0285,6.49
1783,7.36,44.39,33.58,532.81,208.75,11.05,1655.74,2.86,1.5,0.71,4,Rice,West,Autumn,2021-07-22,F0123,7.72
1784,7.79,29.3,22.81,1115.56,121.86,5.66,2473.24,2.27,0.83,1.96,5,Rice,Central,Summer,2021-07-15,F0313,6.16
1785,6.9,46.53,20.63,988.81,51.51,3.27,2768.48,0.59,1.09,1.65,2,Wheat,Central,Autumn,2021-10-24,F0081,5.21
1786,7.22,29.72,32.22,355.83,51.65,14.62,1255.47,0.58,0.31,0.61,5,Wheat,West,Spring,2021-03-28,F0389,2.54
1787,6.49,33.59,25.96,1196.49,235.04,1.75,2317.03,2.24,0.57,1.68,4,Corn,Central,Summer,2021-12-31,F0003,8.36
1788,7.59,39.02,24.65,479.4,248.34,14.91,1764.05,2.38,0.22,0.89,1,Wheat,Central,Spring,2021-01-19,F0012,5.99
1789,5.47,11.3,17.36,575.38,133.04,11.91,2032.95,2.22,0.62,1.67,4,Corn,South,Autumn,2021-11-19,F0173,6.13
1790,4.53,43.66,28.9,272.34,200.15,7.95,2429.26,0.83,1.08,1.96,1,Corn,West,Autumn,2021-08-30,F0139,6.55
1791,4.9,36.87,31.2,221.35,211.22,10.11,2428.36,1.79,1.11,1.23,5,Barley,East,Summer,2021-01-24,F0264,5.32
1792,5.42,20.41,34.21,398.97,134.29,11.53,2631.94,2.24,1.36,1.92,4,Barley,Central,Spring,2021-07-25,F0333,5.21
1793,5.43,13.43,20.03,925.97,184.33,6.32,1374.27,0.8,0.85,1.74,1,Soybean,West,Spring,2021-10-16,F0396,6.67
1794,6.49,22.38,15.75,986.07,109.48,12.79,2329.31,2.84,1.11,1.63,4,Wheat,West,Summer,2021-04-03,F0305,5.16
1795,6.14,29.8,12.0,1183.39,261.21,3.84,2031.17,2.87,0.32,0.69,4,Rice,West,Spring,2021-08-19,F0464,8.45
1796,5.56,28.49,22.13,996.87,91.71,9.08,2561.15,2.64,0.47,1.29,1,Corn,South,Summer,2021-10-04,F0284,5.98
1797,7.46,46.46,23.86,530.32,215.29,7.11,1633.64,2.15,1.16,1.51,2,Soybean,East,Spring,2021-07-19,F0372,7.66
1798,5.65,48.66,12.03,1011.51,136.49,7.39,1704.12,2.06,0.67,1.72,2,Corn,Central,Spring,2021-02-10,F0049,6.0
1799,5.06,22.82,21.3,552.58,189.21,5.64,1602.91,2.38,0.91,1.09,5,Corn,East,Autumn,2021-01-10,F0231,5.73
1800,5.72,49.46,11.73,223.32,271.13,10.02,1671.36,1.08,0.66,1.83,1,Wheat,Central,Spring,2021-07-06,F0117,7.84
1801,5.81,42.17,17.22,119.31,223.05,9.26,2739.74,0.96,0.91,0.99,3,Wheat,North,Autumn,2021-07-13,F0270,6.96
1802,7.85,27.28,24.13,330.08,104.91,4.03,1270.21,2.38,0.34,0.54,6,Rice,Central,Autumn,2021-08-07,F0176,4.4
1803,4.78,42.42,20.5,1070.33,208.69,10.01,1043.69,1.59,0.79,1.75,2,Rice,East,Autumn,2021-04-22,F0195,6.91
1804,5.25,26.38,28.01,919.74,146.94,4.78,2232.66,2.46,0.57,1.35,2,Rice,South,Autumn,2021-01-27,F0070,5.93
1805,6.56,13.72,31.65,432.39,104.11,3.2,1570.07,0.97,0.48,1.76,6,Corn,West,Autumn,2021-06-09,F0334,4.59
1806,4.79,29.37,15.74,1040.72,242.09,10.96,1207.8,2.17,0.33,0.81,2,Wheat,West,Spring,2021-02-28,F0003,6.46
1807,7.19,46.54,22.49,949.75,266.16,7.64,1266.4,1.32,0.21,1.18,2,Soybean,East,Autumn,2021-12-16,F0362,8.1
1808,6.18,39.16,31.17,413.04,144.25,13.11,1741.72,1.21,1.46,1.12,6,Barley,East,Summer,2021-10-24,F0410,5.96
1809,6.53,29.12,22.04,1122.92,298.26,9.51,2813.02,2.57,0.72,1.2,2,Corn,North,Summer,2021-06-06,F0430,8.46
1810,6.18,46.78,33.02,472.37,195.0,12.34,2466.69,0.7,1.3,0.58,3,Rice,West,Autumn,2021-07-07,F0460,6.39
1811,7.11,36.92,10.46,551.66,183.27,9.86,1222.62,2.95,0.36,0.74,3,Soybean,Central,Spring,2021-08-26,F0174,6.75
1812,7.4,17.89,12.36,1122.96,286.84,1.48,2132.23,1.9,0.87,1.67,4,Rice,West,Autumn,2021-08-02,F0160,8.96
1813,6.65,41.81,30.09,1140.37,133.28,1.44,1695.68,0.99,0.75,1.06,5,Soybean,West,Spring,2021-11-19,F0084,5.61
1814,8.5,27.19,16.06,273.28,232.58,8.02,2738.54,1.34,1.22,1.83,5,Soybean,North,Summer,2021-02-09,F0438,6.34
1815,8.39,21.77,13.97,171.37,262.37,5.86,2575.87,1.93,0.46,0.87,5,Wheat,Central,Spring,2021-09-11,F0237,6.23
1816,8.35,23.76,15.66,380.72,201.0,1.1,1275.21,2.89,1.11,0.87,5,Soybean,South,Autumn,2021-12-11,F0195,6.76
1817,4.61,24.1,11.96,935.76,64.81,5.74,1085.48,0.66,0.72,0.94,3,Barley,Central,Summer,2021-04-28,F0169,5.64
1818,5.63,47.65,29.76,189.3,226.65,9.63,1506.2,1.78,1.18,0.68,5,Wheat,West,Spring,2021-07-25,F0128,6.25
1819,5.12,14.29,26.77,1031.09,126.07,8.43,1900.74,0.65,0.44,0.64,6,Rice,East,Spring,2021-12-09,F0060,6.78
1820,6.7,43.21,30.87,370.69,148.19,3.2,2641.92,2.11,1.17,1.33,2,Corn,North,Autumn,2021-04-09,F0091,5.69
1821,5.29,45.0,17.29,275.24,208.75,2.5,1675.12,0.71,0.73,1.1,3,Wheat,West,Autumn,2021-06-17,F0156,5.99
1822,6.48,22.13,32.7,817.32,256.63,1.84,1510.71,0.56,1.35,1.33,1,Soybean,Central,Summer,2021-05-05,F0303,7.78
1823,8.26,42.67,13.03,750.85,211.56,13.71,2732.93,1.99,1.41,1.55,4,Corn,South,Summer,2021-07-25,F0317,5.63
1824,4.54,42.45,20.48,673.8,212.53,12.6,1333.78,0.58,0.57,1.03,6,Corn,Central,Summer,2021-12-15,F0147,6.29
1825,6.46,42.82,13.97,457.14,295.09,3.59,2190.23,2.31,1.44,1.09,1,Barley,Central,Autumn,2021-04-27,F0195,8.45
1826,5.29,17.7,14.14,537.32,246.34,2.6,1855.44,1.31,0.46,0.82,5,Corn,North,Spring,2021-11-10,F0032,7.58
1827,7.58,31.46,22.79,1004.67,121.76,14.53,2998.54,1.89,0.95,1.87,6,Corn,South,Autumn,2021-09-28,F0119,4.89
1828,8.37,49.56,23.19,152.69,158.44,4.81,1223.6,1.47,1.38,1.61,1,Corn,Central,Autumn,2021-02-21,F0401,6.24
1829,6.18,37.5,24.35,1125.18,237.06,2.99,2651.34,1.86,1.05,1.22,3,Soybean,West,Spring,2021-07-10,F0282,7.9
1830,8.41,46.2,11.62,369.9,219.99,5.07,2705.35,0.85,0.49,0.6,1,Corn,North,Spring,2021-05-27,F0347,7.91
1831,5.35,19.5,22.86,871.41,294.93,1.67,2524.4,0.88,1.42,1.93,2,Barley,West,Summer,2021-08-09,F0293,6.85
1832,5.07,44.96,15.91,926.07,113.43,7.64,1622.47,1.74,0.39,1.46,6,Wheat,Central,Summer,2021-04-27,F0227,4.88
1833,8.04,27.11,10.66,1117.25,136.97,1.51,2505.76,0.6,0.93,0.81,5,Corn,East,Summer,2021-03-09,F0443,6.75
1834,6.12,30.51,18.35,474.97,129.63,12.33,2975.29,1.87,0.72,0.96,2,Wheat,West,Spring,2021-12-23,F0461,4.76
1835,8.23,27.42,13.99,485.79,255.81,0.54,1334.47,2.21,0.38,1.35,4,Soybean,West,Summer,2021-05-14,F0358,7.03
1836,5.06,24.81,28.84,1131.79,57.61,9.01,1137.09,0.53,0.63,0.95,5,Rice,South,Spring,2021-04-03,F0435,4.57
1837,7.7,25.49,28.59,666.29,269.15,12.25,1642.8,1.46,0.85,1.14,4,Rice,North,Spring,2021-07-19,F0362,7.09
1838,7.21,26.19,12.81,126.86,274.12,8.03,1686.67,1.69,1.09,1.85,2,Soybean,East,Summer,2021-11-12,F0022,7.62
1839,7.82,12.46,14.42,755.11,145.27,12.05,2014.04,1.51,1.03,1.69,5,Soybean,South,Spring,2021-02-12,F0396,5.28
1840,8.01,43.7,29.42,703.39,277.21,4.25,2590.73,1.5,1.31,0.76,1,Corn,North,Summer,2021-09-17,F0189,8.33
1841,7.74,14.94,12.64,543.64,123.22,5.51,2070.54,1.5,1.04,1.71,4,Barley,Central,Autumn,2021-05-03,F0371,6.02
1842,5.8,39.08,30.21,1021.9,285.35,2.54,2880.0,1.65,0.39,1.21,6,Soybean,East,Spring,2021-05-27,F0095,7.89
1843,4.54,20.55,30.18,1029.62,260.77,14.95,2815.8,2.97,0.7,1.54,6,Rice,North,Autumn,2021-12-15,F0296,6.8
1844,5.53,35.53,30.02,778.53,110.02,11.97,1030.68,1.67,0.54,0.92,5,Rice,West,Spring,2021-07-02,F0019,4.94
1845,5.73,37.16,31.5,378.21,199.48,10.22,1162.43,1.2,0.72,1.21,1,Wheat,North,Summer,2021-07-26,F0106,6.78
1846,5.51,23.82,29.36,409.17,259.51,3.54,1267.39,1.15,1.43,1.92,6,Rice,Central,Autumn,2021-03-27,F0426,7.3
1847,5.86,29.96,10.95,910.43,168.25,7.19,1058.53,0.94,1.14,1.4,1,Wheat,North,Summer,2021-04-02,F0258,6.62
1848,7.28,11.61,11.93,447.37,190.73,4.43,2971.18,0.84,1.35,0.77,5,Barley,North,Spring,2021-10-14,F0359,7.21
1849,6.22,39.55,13.53,103.0,130.41,8.11,1971.37,2.17,0.74,1.24,1,Corn,South,Autumn,2021-11-03,F0367,4.85
1850,6.21,16.67,10.83,208.37,182.01,13.42,2102.29,1.94,0.81,1.1,6,Wheat,North,Spring,2021-10-04,F0214,5.48
1851,7.4,14.7,21.42,451.9,270.87,12.96,2751.55,2.66,0.61,1.22,3,Soybean,West,Autumn,2021-12-26,F0045,7.08
1852,4.94,45.67,14.6,813.68,142.56,4.95,1881.48,2.9,1.37,1.46,2,Wheat,East,Spring,2021-11-13,F0405,6.65
1853,8.05,33.55,11.34,440.59,104.37,13.7,2707.23,2.32,1.47,0.93,2,Soybean,East,Spring,2021-01-18,F0089,5.24
1854,7.62,31.0,31.03,744.53,230.14,12.81,1876.35,1.97,1.41,1.73,6,Rice,East,Autumn,2021-04-27,F0105,7.01
1855,7.7,32.64,33.49,151.31,298.16,11.55,2493.24,1.0,1.18,1.41,2,Soybean,East,Spring,2021-03-05,F0050,6.58
1856,7.57,34.65,11.27,494.5,271.13,0.6,2167.02,0.75,1.48,0.7,2,Rice,West,Autumn,2021-12-20,F0150,6.05
1857,5.94,22.12,25.27,198.65,90.14,13.08,2100.95,2.47,0.23,1.36,1,Soybean,East,Summer,2021-08-08,F0394,3.23
1858,5.64,15.21,12.58,1163.04,265.97,3.67,1131.2,2.35,1.13,1.27,2,Wheat,South,Summer,2021-11-07,F0066,7.57
1859,8.49,33.52,28.41,963.4,177.73,5.96,1374.59,0.78,1.1,1.65,6,Wheat,Central,Spring,2021-03-06,F0102,6.88
1860,5.72,45.23,31.22,683.7,208.62,13.37,1817.53,1.29,0.87,1.91,6,Barley,South,Summer,2021-04-21,F0151,6.93
1861,5.69,30.21,21.48,1079.36,189.0,14.55,1540.3,1.08,1.47,0.74,3,Barley,West,Summer,2021-05-11,F0068,5.6
1862,7.29,48.49,10.05,221.27,261.01,7.24,2545.5,2.56,1.09,1.04,5,Corn,Central,Summer,2021-11-26,F0071,7.03
1863,7.54,34.37,33.94,570.47,65.47,7.35,2757.51,1.77,0.47,1.04,1,Corn,South,Spring,2021-11-17,F0427,4.68
1864,5.53,19.58,17.14,770.29,143.51,3.81,1940.78,1.38,1.13,1.56,4,Soybean,East,Spring,2021-08-15,F0025,6.76
1865,6.9,11.49,17.55,563.86,180.81,4.45,2893.23,1.4,1.01,1.18,4,Corn,South,Summer,2021-09-22,F0173,5.92
1866,7.21,48.51,13.29,408.95,69.48,1.01,1079.07,2.5,1.1,0.8,4,Wheat,Central,Summer,2021-05-10,F0300,6.91
1867,7.72,10.38,34.87,1046.88,99.31,1.39,1092.93,1.59,1.13,1.17,3,Corn,East,Spring,2021-02-05,F0478,6.4
1868,6.44,24.73,25.39,539.77,174.22,7.28,2017.6,1.77,0.51,0.96,5,Soybean,North,Spring,2021-06-04,F0348,6.93
1869,8.11,11.23,10.34,783.23,113.57,4.21,2408.14,2.89,1.1,0.82,6,Barley,North,Summer,2021-03-21,F0374,5.68
1870,4.61,28.09,15.62,651.48,58.4,12.91,2302.38,2.58,0.21,1.53,1,Rice,North,Autumn,2021-03-13,F0182,4.63
1871,5.91,12.09,21.71,179.13,201.81,9.39,1595.93,0.65,1.32,1.2,5,Barley,East,Spring,2021-05-02,F0227,6.15
1872,4.65,28.5,29.4,576.69,169.84,0.97,1361.49,1.41,0.93,0.61,2,Wheat,West,Spring,2021-01-15,F0026,7.29
1873,6.97,23.51,14.63,336.95,297.12,14.73,2129.36,0.6,1.16,0.6,2,Soybean,North,Spring,2021-08-12,F0209,6.33
1874,7.72,37.14,29.81,488.97,89.22,10.1,1591.78,1.1,0.55,1.37,5,Corn,East,Autumn,2021-03-20,F0135,5.07
1875,5.62,24.07,14.32,255.89,262.7,9.63,2451.1,0.7,0.32,0.88,5,Barley,South,Autumn,2021-06-25,F0154,6.86
1876,7.39,19.79,28.66,1026.71,272.77,2.71,2085.36,1.99,0.67,1.51,2,Corn,Central,Spring,2021-12-19,F0072,7.48
1877,5.6,14.01,31.37,837.12,128.29,4.07,1553.47,1.75,0.85,0.97,3,Wheat,Central,Summer,2021-05-08,F0186,4.71
1878,7.01,19.91,16.53,765.02,182.88,3.36,2433.21,2.6,1.48,0.8,2,Rice,West,Summer,2021-02-14,F0305,7.21
1879,6.94,40.07,15.64,378.33,160.85,2.59,1166.81,2.57,0.55,0.92,5,Rice,West,Spring,2021-03-08,F0173,6.13
1880,7.73,26.29,16.26,1169.88,279.55,8.5,1040.66,2.56,1.35,0.98,5,Soybean,Central,Spring,2021-10-23,F0093,8.03
1881,7.31,24.6,11.52,489.47,184.66,9.18,2827.12,1.88,1.02,0.87,2,Rice,East,Summer,2021-07-16,F0109,5.95
1882,4.93,39.47,24.37,1091.84,280.32,9.41,1909.4,2.72,0.74,0.58,5,Barley,South,Autumn,2021-11-04,F0021,7.22
1883,4.56,41.49,22.2,326.54,247.49,14.9,1361.89,1.33,0.56,1.59,5,Corn,South,Spring,2021-05-31,F0353,6.14
1884,6.26,44.66,15.17,828.47,289.45,0.49,2857.52,0.87,1.41,1.43,2,Rice,Central,Autumn,2021-09-19,F0230,9.54
1885,5.92,20.31,34.08,1109.15,59.74,3.35,1136.75,2.7,0.68,1.73,6,Wheat,South,Summer,2021-03-14,F0265,5.69
1886,7.33,33.67,27.04,260.78,170.43,10.04,1346.92,1.66,0.88,0.57,2,Wheat,West,Summer,2021-08-11,F0254,5.43
1887,7.62,37.6,29.4,172.58,294.55,12.69,2171.59,2.78,1.48,1.76,2,Barley,South,Spring,2021-01-01,F0065,6.99
1888,6.78,43.45,23.34,942.45,287.56,6.94,2218.45,2.42,1.0,1.74,3,Wheat,South,Autumn,2021-08-14,F0242,7.92
1889,5.98,16.3,22.79,1114.12,177.02,2.28,1907.14,2.82,1.32,0.83,2,Corn,Central,Spring,2021-12-31,F0477,6.7
1890,8.34,48.46,32.99,770.17,269.24,4.16,2383.29,0.53,0.27,1.81,3,Wheat,South,Summer,2021-03-16,F0357,8.04
1891,8.49,27.95,32.1,793.1,56.83,1.76,1087.06,1.84,0.61,1.27,4,Wheat,East,Autumn,2021-11-06,F0147,5.72
1892,7.04,15.09,17.7,1051.96,278.81,7.29,2624.49,2.21,0.92,0.96,6,Corn,Central,Summer,2021-10-21,F0073,8.84
1893,6.57,21.15,29.89,151.44,190.83,0.6,1081.79,2.4,1.25,1.2,2,Wheat,North,Summer,2021-11-14,F0354,6.19
1894,5.28,38.74,24.22,734.83,85.56,1.86,1140.11,1.42,0.98,1.0,1,Barley,North,Spring,2021-08-07,F0355,4.49
1895,5.43,16.65,13.78,740.56,244.19,5.66,1824.64,0.72,0.24,1.53,4,Barley,South,Spring,2021-06-05,F0321,7.2
1896,8.13,30.04,20.73,757.02,143.72,5.87,1054.08,2.0,1.3,1.94,2,Corn,West,Spring,2021-05-16,F0123,6.36
1897,4.62,31.76,10.62,720.02,156.29,14.09,2937.82,2.74,0.96,1.53,6,Rice,South,Spring,2021-03-18,F0051,6.21
1898,6.13,21.13,24.12,589.81,152.31,0.57,2447.63,0.64,0.83,0.68,6,Wheat,West,Spring,2021-08-30,F0132,7.14
1899,6.19,24.53,27.18,221.1,202.79,4.94,2210.86,2.43,1.49,0.73,6,Corn,North,Spring,2021-08-11,F0421,5.33
1900,5.95,11.31,33.27,400.52,235.28,13.2,2884.05,1.46,0.46,0.9,4,Wheat,West,Spring,2021-07-09,F0082,6.41
1901,7.52,40.2,32.03,849.85,258.51,2.37,1273.56,2.31,1.45,1.27,4,Soybean,Central,Autumn,2021-06-04,F0308,6.96
1902,6.19,20.5,31.6,115.38,273.15,13.67,2945.29,1.42,1.07,1.89,2,Rice,South,Autumn,2021-06-16,F0080,6.03
1903,5.77,19.32,23.4,537.96,69.71,11.75,2832.24,0.6,0.59,1.57,1,Corn,Central,Spring,2021-02-21,F0429,4.93
1904,6.84,17.79,28.47,691.08,264.87,7.09,2566.32,2.53,0.74,1.45,1,Wheat,Central,Autumn,2021-02-16,F0311,7.86
1905,7.72,40.43,33.97,152.08,161.78,11.42,2123.98,1.12,0.31,1.83,2,Corn,East,Summer,2021-07-14,F0314,5.09
1906,5.49,19.84,27.04,624.25,67.43,2.3,2540.29,1.76,0.37,1.1,6,Rice,South,Autumn,2021-12-04,F0223,5.15
1907,5.18,27.65,24.66,355.95,279.01,11.85,1501.24,2.2,0.46,1.58,4,Rice,Central,Spring,2021-11-10,F0442,6.41
1908,8.32,37.18,20.18,950.09,143.0,14.82,1029.0,2.17,0.99,1.81,6,Soybean,North,Spring,2021-01-16,F0120,5.91
1909,7.96,12.92,31.75,1123.81,162.57,6.1,2706.65,2.12,1.03,1.1,6,Rice,West,Spring,2021-08-31,F0419,6.23
1910,5.03,21.95,27.98,103.96,299.39,4.47,1127.32,0.82,1.45,1.66,2,Corn,Central,Spring,2021-01-13,F0488,6.85
1911,6.43,15.25,28.48,936.79,233.89,6.45,1212.7,2.9,0.45,1.93,5,Corn,Central,Autumn,2021-06-05,F0155,6.8
1912,8.01,45.74,31.83,334.45,202.16,4.97,1736.5,2.73,0.93,1.97,2,Barley,East,Autumn,2021-12-27,F0065,7.03
1913,5.21,31.28,22.56,358.8,157.04,7.31,2117.88,0.97,1.3,1.2,1,Soybean,North,Summer,2021-06-14,F0333,7.24
1914,6.38,18.18,23.78,316.05,124.57,11.33,2557.94,1.44,0.86,1.2,4,Soybean,North,Summer,2021-09-27,F0132,4.88
1915,6.49,31.46,29.61,522.42,239.11,1.4,2488.81,1.54,1.04,1.47,1,Corn,Central,Spring,2021-06-24,F0127,8.03
1916,4.6,15.42,22.73,470.68,168.14,4.35,1139.42,1.52,0.44,1.52,4,Rice,North,Spring,2021-02-12,F0469,6.49
1917,4.96,14.68,27.67,666.43,144.81,12.12,2880.57,2.01,0.93,1.71,2,Rice,Central,Autumn,2021-12-25,F0378,5.69
1918,6.23,38.74,30.56,111.19,118.84,9.97,1445.81,1.97,0.78,1.18,6,Rice,Central,Summer,2021-09-19,F0176,4.37
1919,4.83,19.2,24.73,695.18,262.82,12.02,2437.07,2.49,0.43,0.82,3,Soybean,East,Autumn,2021-04-28,F0094,7.53
1920,4.76,26.15,24.5,927.42,163.26,8.95,1094.37,1.76,0.51,1.3,6,Soybean,East,Spring,2021-03-11,F0330,5.6
1921,6.09,16.59,19.4,728.91,87.68,4.85,1587.79,0.87,1.35,0.75,6,Soybean,Central,Spring,2021-03-02,F0196,5.56
1922,8.3,30.83,14.82,965.57,168.93,3.22,1165.54,0.95,1.45,1.62,2,Wheat,West,Spring,2021-04-04,F0199,6.54
1923,8.45,42.24,25.93,893.4,178.89,1.33,1687.76,1.94,0.94,1.27,5,Soybean,West,Autumn,2021-03-08,F0010,6.24
1924,8.47,22.67,10.61,745.68,227.67,11.79,1599.42,1.52,1.03,0.85,5,Barley,West,Summer,2021-07-21,F0088,6.51
1925,7.17,46.37,25.75,503.22,215.22,2.01,2616.73,1.25,0.49,1.13,3,Soybean,South,Summer,2021-02-13,F0348,6.47
1926,5.14,19.14,24.83,935.26,138.86,8.85,1234.89,1.69,0.72,1.65,5,Barley,East,Summer,2021-07-20,F0429,5.79
1927,8.45,13.78,27.27,716.0,235.07,12.63,1051.68,1.32,0.27,1.55,3,Corn,North,Summer,2021-10-03,F0360,7.92
1928,7.05,10.52,17.03,119.4,286.95,2.65,1267.71,1.55,0.3,0.55,2,Soybean,East,Summer,2021-12-16,F0268,6.16
1929,6.52,26.12,15.9,862.73,81.45,2.1,2448.13,2.66,0.85,0.52,4,Rice,Central,Spring,2021-01-14,F0003,5.13
1930,8.44,48.75,22.7,461.91,159.87,10.06,2146.35,0.72,1.09,1.64,6,Rice,West,Summer,2021-10-11,F0382,5.09
1931,5.42,40.69,28.88,105.57,228.17,7.4,1008.67,2.72,0.56,1.61,1,Rice,East,Spring,2021-05-02,F0191,7.05
1932,6.72,26.39,28.94,1107.55,195.06,14.89,1116.32,1.01,1.1,0.65,5,Corn,South,Summer,2021-11-18,F0310,5.71
1933,4.56,47.85,20.99,494.29,71.96,3.86,2791.58,1.25,1.21,1.85,4,Wheat,North,Spring,2021-09-09,F0444,5.32
1934,5.41,18.59,23.01,355.18,227.66,9.09,1084.46,1.22,0.28,0.57,1,Soybean,South,Autumn,2021-12-02,F0112,8.6
1935,6.09,48.12,18.88,1152.34,243.49,11.18,2456.6,1.79,1.21,1.62,3,Soybean,West,Autumn,2021-04-06,F0238,8.1
1936,6.67,29.28,32.43,311.73,199.18,11.41,2021.46,0.68,1.3,0.54,1,Soybean,West,Spring,2021-10-16,F0491,5.02
1937,5.97,26.51,23.56,809.48,168.38,7.37,2924.22,2.29,0.48,1.1,5,Soybean,North,Summer,2021-12-27,F0046,6.36
1938,4.78,47.44,14.42,836.22,119.43,5.03,2506.51,0.97,0.47,1.6,3,Soybean,Central,Spring,2021-03-04,F0243,5.11
1939,5.05,36.49,15.32,799.31,95.31,14.54,2387.21,2.77,0.82,0.65,4,Soybean,Central,Summer,2021-04-04,F0018,3.45
1940,7.04,15.08,27.26,864.84,109.06,3.27,1291.65,2.85,0.65,1.3,3,Rice,South,Spring,2021-12-24,F0042,5.27
1941,8.33,27.93,16.44,1133.6,140.88,13.57,1758.17,2.23,1.24,0.69,4,Corn,West,Summer,2021-11-07,F0039,5.02
1942,8.42,12.31,19.08,960.41,212.7,2.01,1654.48,1.85,0.65,1.3,2,Soybean,West,Summer,2021-03-14,F0493,7.22
1943,6.33,10.46,12.49,702.71,204.04,14.88,1248.16,1.58,1.35,0.99,2,Rice,North,Spring,2021-08-03,F0021,6.66
1944,4.53,24.27,27.51,1169.44,68.06,5.64,1645.41,2.16,0.79,1.58,4,Soybean,North,Spring,2021-07-03,F0441,5.52
1945,5.31,29.43,30.81,284.47,130.97,9.31,2105.41,1.45,1.11,1.94,3,Wheat,South,Spring,2021-02-23,F0011,5.89
1946,4.92,28.62,22.21,465.4,134.25,4.93,2126.16,1.33,0.23,1.12,4,Barley,North,Spring,2021-06-08,F0434,5.44
1947,6.03,16.51,33.18,547.22,53.0,9.05,1745.63,1.05,1.08,1.53,6,Corn,South,Spring,2021-11-02,F0312,4.15
1948,7.1,46.93,18.9,978.86,272.51,11.91,2112.22,1.38,1.27,1.5,6,Corn,West,Spring,2021-04-14,F0055,8.89
1949,7.78,12.61,33.73,502.0,68.28,7.63,1608.68,1.41,0.26,0.94,3,Wheat,North,Spring,2021-09-09,F0473,5.64
1950,5.87,27.92,20.25,791.03,103.53,9.42,1194.85,0.77,0.38,1.78,3,Corn,West,Autumn,2021-01-03,F0290,4.19
1951,8.5,46.07,26.33,343.17,263.75,8.63,1353.39,2.97,0.69,1.39,6,Barley,Central,Autumn,2021-05-25,F0112,6.28
1952,8.31,30.41,26.42,763.77,298.65,1.62,2689.53,2.36,0.51,0.84,6,Wheat,East,Autumn,2021-06-27,F0201,6.31
1953,6.67,35.63,26.38,282.41,199.88,14.31,2583.28,1.02,1.49,1.65,1,Soybean,North,Autumn,2021-02-23,F0320,4.78
1954,7.73,23.58,17.8,285.85,71.42,14.02,1760.52,0.69,0.82,1.91,5,Barley,North,Summer,2021-03-08,F0412,3.69
1955,7.45,11.34,30.31,175.55,148.3,1.45,1588.33,2.48,0.96,1.39,5,Soybean,East,Autumn,2021-01-17,F0210,6.22
1956,7.97,23.98,30.26,288.23,124.72,6.94,2189.18,0.83,0.36,0.53,4,Corn,West,Spring,2021-04-18,F0002,4.62
1957,8.37,15.98,23.35,995.99,204.87,10.77,2334.65,0.69,0.8,1.89,2,Rice,West,Summer,2021-09-07,F0070,5.49
1958,6.94,48.78,29.2,948.11,243.55,11.0,1099.94,1.15,1.37,1.74,4,Wheat,South,Summer,2021-11-06,F0155,7.44
1959,8.49,26.98,30.19,158.38,91.96,2.58,1344.14,0.77,0.92,1.81,3,Corn,South,Spring,2021-11-30,F0219,5.03
1960,4.66,44.78,16.75,1115.22,212.35,13.66,1215.8,1.91,0.92,1.85,5,Soybean,West,Spring,2021-04-02,F0130,7.12
1961,6.56,32.48,34.18,264.97,66.61,11.41,1933.1,2.03,1.19,1.0,3,Wheat,South,Spring,2021-07-26,F0268,3.44
1962,7.13,41.75,34.49,113.33,175.97,2.56,2133.19,2.3,0.29,1.58,3,Soybean,Central,Spring,2021-01-07,F0359,7.11
1963,7.43,36.2,21.99,1184.23,114.93,11.18,1265.06,0.79,1.04,1.14,3,Wheat,West,Spring,2021-08-26,F0327,4.88
1964,6.24,42.98,26.55,944.37,160.05,13.85,2178.14,1.92,0.56,0.57,6,Wheat,East,Spring,2021-06-05,F0051,5.8
1965,5.02,11.97,29.13,835.36,61.23,10.04,1375.06,1.13,0.82,0.72,5,Corn,East,Autumn,2021-04-28,F0289,4.38
1966,8.35,34.57,18.54,407.26,59.08,5.44,2653.87,2.37,1.26,1.01,2,Wheat,East,Autumn,2021-04-23,F0384,3.86
1967,6.63,46.27,28.05,790.16,96.29,13.21,2774.19,1.33,1.35,0.51,6,Barley,East,Spring,2021-04-30,F0098,5.76
1968,4.84,40.99,16.3,913.77,120.38,13.66,2108.36,0.96,0.99,1.84,2,Corn,West,Autumn,2021-12-14,F0462,5.21
1969,4.64,42.13,30.95,168.44,52.8,14.02,1500.31,0.6,1.04,1.99,1,Barley,South,Summer,2021-11-01,F0235,2.9
1970,6.21,44.1,31.83,1145.93,282.09,0.72,1919.01,1.03,0.49,1.1,5,Soybean,Central,Autumn,2021-09-12,F0277,8.89
1971,7.48,33.08,11.58,829.54,283.36,9.46,2857.28,0.68,1.32,1.61,2,Soybean,West,Autumn,2021-12-28,F0130,6.28
1972,6.98,41.09,24.13,956.41,72.36,14.03,1358.82,0.89,0.94,1.25,3,Soybean,West,Autumn,2021-11-19,F0379,3.37
1973,4.89,17.5,26.75,126.02,256.49,3.89,2543.18,0.52,1.48,1.97,1,Wheat,Central,Spring,2021-10-20,F0296,6.94
1974,5.82,32.83,15.27,754.06,271.8,9.95,2357.34,2.41,1.48,1.87,5,Barley,North,Spring,2021-05-29,F0274,8.2
1975,7.22,24.04,30.0,926.35,209.26,11.84,2374.9,2.11,1.36,1.52,1,Barley,East,Summer,2021-09-16,F0185,6.87
1976,7.94,30.04,29.89,869.56,279.97,12.22,1089.76,2.98,0.89,1.54,1,Soybean,East,Summer,2021-01-02,F0151,7.27
1977,4.56,48.12,34.8,1134.46,264.32,10.36,1591.53,2.07,0.93,1.12,3,Corn,West,Spring,2021-09-02,F0306,7.21
1978,6.11,37.93,32.36,540.45,74.67,3.25,1100.88,1.19,1.2,1.86,5,Wheat,East,Summer,2021-12-02,F0113,5.54
1979,6.83,27.15,32.31,1161.75,134.67,2.09,2261.43,1.65,0.55,1.62,2,Wheat,East,Spring,2021-01-10,F0334,5.94
1980,8.09,19.57,33.2,110.64,197.42,1.7,2255.37,1.58,1.21,0.95,1,Soybean,West,Autumn,2021-04-18,F0317,5.34
1981,5.92,15.06,15.93,287.33,219.86,12.19,2770.5,1.33,0.33,1.61,1,Rice,South,Summer,2021-08-05,F0400,5.66
1982,5.41,22.0,20.22,179.98,241.16,1.12,2694.4,2.79,0.73,1.22,4,Corn,Central,Autumn,2021-10-01,F0281,6.29
1983,4.73,24.61,25.4,670.9,86.8,9.17,2655.57,0.98,0.41,0.78,6,Corn,North,Autumn,2021-01-28,F0011,5.44
1984,7.26,32.46,10.95,404.02,198.97,3.19,1493.31,0.62,0.71,0.87,6,Soybean,Central,Summer,2021-03-16,F0399,6.4
1985,5.41,18.81,32.23,522.65,267.84,1.86,2661.04,2.29,1.11,0.72,3,Soybean,North,Summer,2021-05-07,F0325,7.93
1986,6.81,37.16,29.68,218.25,244.32,12.68,2174.63,1.84,0.71,1.63,4,Rice,South,Autumn,2021-09-23,F0393,6.69
1987,7.15,25.94,15.04,949.55,151.38,14.28,2787.31,2.44,0.61,1.58,3,Rice,North,Spring,2021-06-05,F0038,5.89
1988,7.69,31.01,28.67,629.26,56.57,4.59,1261.96,2.54,0.99,0.74,5,Rice,Central,Summer,2021-03-09,F0228,5.52
1989,6.27,15.21,11.55,429.12,258.84,3.37,1722.62,2.76,0.81,1.95,5,Corn,North,Spring,2021-01-26,F0102,7.85
1990,6.09,13.14,12.74,250.61,149.43,10.9,2488.22,2.17,0.98,1.25,5,Barley,West,Summer,2021-01-14,F0251,5.65
1991,4.78,11.79,17.45,868.85,92.89,5.51,1533.74,2.87,0.52,1.8,2,Corn,North,Autumn,2021-04-19,F0439,5.86
1992,5.23,25.36,19.69,502.46,275.01,3.99,1866.46,2.64,0.27,0.55,1,Wheat,East,Spring,2021-05-03,F0460,7.56
1993,5.51,39.61,14.14,888.74,57.17,9.9,2822.63,0.56,0.42,1.2,5,Soybean,South,Summer,2021-10-04,F0155,5.01
1994,6.9,41.0,12.3,406.6,142.32,9.95,1187.26,0.54,0.77,0.99,2,Barley,South,Autumn,2021-12-08,F0206,5.2
1995,5.61,34.57,25.35,196.08,133.52,0.22,1111.74,0.78,1.25,1.46,1,Soybean,Central,Summer,2021-03-14,F0204,4.26
1996,7.19,33.23,33.11,575.12,94.98,13.93,1101.5,2.17,1.18,1.56,1,Barley,West,Autumn,2021-07-30,F0025,4.88
1997,7.09,30.18,12.5,758.36,125.84,14.19,1636.14,2.74,0.52,1.14,3,Rice,West,Autumn,2021-09-08,F0277,5.65
1998,5.87,29.42,23.89,1161.5,250.03,5.92,1515.35,0.94,0.22,0.61,4,Corn,North,Summer,2021-03-02,F0144,7.91
1999,6.26,13.56,28.66,554.6,175.33,6.17,2970.25,1.07,1.47,0.81,6,Rice,South,Spring,2021-10-20,F0399,6.84
2000,5.86,47.8,19.88,638.39,142.65,4.63,1966.43,2.37,0.58,0.54,2,Wheat,North,Autumn,2021-03-08,F0127,6.89
2001,5.67,22.22,33.15,757.85,95.12,0.89,2251.08,1.97,1.06,0.82,4,Soybean,South,Spring,2021-09-16,F0462,5.58
2002,6.16,37.91,34.18,1192.92,124.28,6.31,2819.37,2.04,1.15,1.39,1,Wheat,East,Spring,2021-03-03,F0336,5.86
2003,7.55,28.75,15.48,175.35,69.16,7.94,2408.59,0.89,0.64,1.75,3,Barley,East,Summer,2021-05-30,F0212,4.78
2004,6.02,24.92,15.82,336.99,236.67,10.43,2302.54,2.11,0.49,0.6,5,Corn,West,Summer,2021-01-27,F0017,6.73
2005,8.01,19.87,22.24,687.8,182.66,14.86,1258.46,1.61,0.31,1.18,2,Barley,West,Spring,2021-01-21,F0217,7.38
2006,5.34,46.34,31.92,252.86,179.69,13.33,1783.93,1.23,0.91,0.81,5,Wheat,West,Summer,2021-04-29,F0087,5.18
2007,7.26,12.16,22.14,1141.1,202.34,0.42,1828.82,0.89,1.5,1.4,3,Barley,South,Summer,2021-06-06,F0427,7.76
2008,4.9,36.56,11.25,812.53,260.1,12.62,1071.78,1.42,0.21,0.77,2,Soybean,Central,Spring,2021-02-04,F0108,7.52
2009,7.27,26.77,13.41,478.38,61.1,8.33,1672.43,2.03,0.37,1.2,4,Rice,Central,Summer,2021-06-07,F0359,4.18
2010,6.73,23.22,10.95,496.88,185.13,8.62,1165.69,2.66,0.8,1.01,5,Soybean,East,Summer,2021-02-09,F0492,5.46
2011,8.41,46.07,12.46,898.78,81.47,1.18,2779.93,0.64,0.66,1.16,5,Rice,West,Summer,2021-04-24,F0367,6.25
2012,6.2,43.73,20.69,949.5,139.4,0.24,1476.16,2.06,1.25,0.99,5,Corn,West,Summer,2021-05-22,F0294,7.08
2013,5.97,48.16,33.45,304.71,277.67,8.39,2394.39,1.97,0.48,1.87,6,Wheat,West,Spring,2021-12-06,F0181,6.68
2014,5.2,12.68,25.87,415.7,287.85,13.93,1009.91,2.32,0.89,0.96,4,Wheat,North,Autumn,2021-02-22,F0117,7.53
2015,7.6,27.58,16.72,570.07,215.52,11.68,1674.96,0.94,1.42,0.98,1,Rice,Central,Summer,2021-12-14,F0153,5.25
2016,6.19,15.3,29.75,434.28,175.83,6.81,1357.21,1.64,0.87,0.92,5,Barley,North,Summer,2021-11-07,F0462,6.91
2017,7.54,26.63,25.28,571.85,181.8,9.6,2851.96,0.82,0.94,1.46,5,Corn,South,Spring,2021-11-11,F0268,6.97
2018,5.3,11.99,31.41,660.87,245.13,3.34,1233.57,1.93,0.92,0.97,6,Corn,Central,Autumn,2021-03-16,F0169,6.52
2019,7.16,24.59,25.68,144.49,170.14,9.18,1367.16,2.64,0.56,1.38,6,Soybean,West,Autumn,2021-08-05,F0061,5.88
2020,5.43,37.05,33.02,905.52,170.25,14.95,1491.34,2.18,1.07,0.57,4,Soybean,South,Autumn,2021-07-03,F0303,4.8
2021,5.49,26.85,29.09,1001.89,294.73,2.65,2432.24,0.98,1.11,1.62,5,Soybean,North,Spring,2021-11-05,F0424,7.83
2022,7.55,47.51,18.19,554.68,108.77,3.82,2510.59,2.11,1.11,1.75,5,Rice,East,Autumn,2021-05-02,F0340,6.52
2023,4.75,18.65,11.01,678.32,254.36,13.69,2554.03,1.45,1.3,0.95,4,Soybean,South,Summer,2021-09-03,F0265,6.55
2024,5.66,16.33,23.48,402.74,138.82,2.8,1328.87,2.9,1.37,0.64,5,Soybean,North,Spring,2021-07-01,F0399,6.73
2025,8.44,47.63,14.06,667.58,103.79,1.75,1949.92,1.35,1.45,1.04,2,Barley,West,Autumn,2021-06-08,F0236,6.18
2026,8.42,45.47,20.86,1092.19,115.02,14.74,2448.24,2.64,0.58,1.11,1,Wheat,East,Spring,2021-04-13,F0349,5.53
2027,7.51,28.84,34.12,555.67,102.12,10.63,2118.3,2.04,1.26,0.69,5,Rice,North,Spring,2021-10-21,F0004,5.38
2028,4.7,49.46,32.15,262.16,123.47,10.1,1540.29,1.63,0.48,1.21,4,Corn,Central,Spring,2021-03-22,F0066,4.12
2029,4.67,25.62,30.91,1064.05,273.85,7.88,1369.29,1.07,0.45,1.26,5,Rice,West,Spring,2021-04-03,F0498,7.33
2030,5.0,22.63,18.64,659.91,298.12,0.9,1198.47,0.87,1.45,1.15,5,Corn,East,Spring,2021-10-18,F0020,8.38
2031,5.4,27.02,28.03,1033.44,216.21,12.81,1337.47,2.4,0.66,1.2,3,Barley,East,Summer,2021-07-04,F0035,6.86
2032,7.72,35.94,28.93,935.54,128.02,8.77,1618.37,2.74,1.1,1.69,3,Rice,East,Summer,2021-09-08,F0096,6.5
2033,5.63,16.47,16.73,929.98,237.35,12.93,1840.1,2.99,0.25,1.88,3,Soybean,West,Summer,2021-10-08,F0275,7.41
2034,4.91,49.87,10.39,1171.95,215.09,3.96,2341.99,1.04,0.43,0.97,2,Rice,East,Summer,2021-06-20,F0050,7.66
2035,8.5,24.94,26.44,1037.75,239.99,12.23,1307.27,1.51,0.42,1.76,6,Corn,North,Summer,2021-10-29,F0307,7.14
2036,4.6,44.24,33.96,1077.17,64.43,8.77,1060.57,1.04,1.14,0.53,5,Soybean,West,Summer,2021-08-01,F0144,5.83
2037,4.65,35.78,10.11,693.29,70.47,6.77,2083.05,1.6,1.41,1.69,5,Soybean,West,Summer,2021-11-08,F0172,4.18
2038,7.08,20.6,25.45,231.0,271.3,10.13,2073.97,2.97,1.11,1.09,4,Barley,Central,Spring,2021-09-24,F0471,7.71
2039,4.57,20.14,23.66,100.05,277.18,6.37,1657.91,1.45,1.13,1.32,1,Soybean,Central,Spring,2021-11-13,F0461,7.0
2040,5.83,34.3,14.71,911.49,208.37,9.71,1277.06,1.38,1.18,0.85,2,Corn,East,Autumn,2021-10-25,F0161,7.16
2041,6.43,46.57,21.03,547.91,290.66,2.52,2855.13,2.94,0.78,0.77,6,Soybean,North,Spring,2021-05-31,F0417,8.45
2042,7.71,40.2,26.11,1165.76,175.02,13.15,2474.5,0.96,0.61,1.81,3,Soybean,East,Spring,2021-08-22,F0099,6.57
2043,4.55,46.59,31.35,1135.69,119.25,10.89,2817.77,0.65,0.65,0.55,2,Rice,Central,Spring,2021-10-15,F0440,6.14
2044,6.36,17.75,12.09,678.14,89.72,3.26,2294.89,1.42,1.04,0.76,1,Soybean,West,Summer,2021-02-26,F0301,5.14
2045,8.42,47.68,32.88,870.42,64.92,14.11,1985.35,2.86,0.43,1.15,4,Rice,Central,Spring,2021-07-20,F0051,5.06
2046,6.93,13.62,11.71,148.74,168.08,13.05,1455.75,0.95,1.24,1.67,2,Corn,West,Summer,2021-08-29,F0383,5.54
2047,7.87,23.31,21.89,1081.76,115.81,4.75,2331.85,1.34,0.54,1.4,6,Corn,Central,Spring,2021-10-12,F0167,5.39
2048,6.63,37.08,16.64,476.18,219.63,10.66,2382.65,0.99,0.34,1.29,1,Wheat,West,Spring,2021-06-24,F0025,6.53
2049,8.07,12.09,24.91,582.72,242.28,11.75,2274.44,0.77,0.2,1.41,6,Rice,West,Summer,2021-08-06,F0055,6.4
2050,8.08,15.54,10.72,434.25,281.69,9.54,2242.77,0.5,1.02,1.41,5,Barley,West,Autumn,2021-09-18,F0421,5.66
2051,6.15,20.67,23.56,963.79,298.29,14.98,2751.65,1.7,1.31,0.74,4,Rice,East,Spring,2021-09-17,F0263,7.09
2052,5.69,30.65,29.74,939.62,198.88,9.78,2464.37,2.3,0.43,1.68,4,Corn,North,Summer,2021-08-02,F0072,6.73
2053,7.03,19.96,23.68,992.99,244.71,14.29,2775.15,2.97,0.52,1.41,2,Corn,West,Summer,2021-06-22,F0473,6.7
2054,7.81,20.34,25.86,519.53,258.16,12.38,1643.92,1.1,1.18,1.38,4,Wheat,West,Autumn,2021-08-17,F0203,6.46
2055,4.56,29.09,29.05,331.13,132.77,14.3,2073.64,2.35,1.33,1.86,1,Wheat,South,Spring,2021-01-14,F0431,5.41
2056,6.78,49.6,29.48,636.36,184.55,9.29,2521.79,2.35,0.56,1.84,3,Soybean,West,Summer,2021-09-12,F0425,6.45
2057,7.77,37.93,28.11,509.48,280.77,9.14,1988.04,1.03,0.6,1.34,6,Barley,East,Autumn,2021-08-25,F0460,7.58
2058,5.61,24.85,13.38,1104.28,58.4,4.79,2778.11,1.23,1.19,1.42,1,Rice,Central,Autumn,2021-11-26,F0191,5.31
2059,5.12,27.39,20.88,1100.45,142.89,4.14,1263.7,1.55,0.66,1.35,1,Corn,East,Spring,2021-06-21,F0084,5.85
2060,6.56,28.4,33.38,194.37,56.39,7.4,2262.53,2.66,1.06,1.1,1,Soybean,Central,Summer,2021-10-23,F0165,5.28
2061,7.44,13.19,14.07,1100.64,224.95,3.76,2890.73,0.62,0.29,1.14,6,Corn,South,Summer,2021-08-22,F0180,7.98
2062,6.68,40.34,32.95,349.36,64.88,6.6,1588.63,1.83,0.29,0.96,5,Wheat,Central,Spring,2021-07-10,F0064,5.44
2063,7.19,30.11,27.0,581.42,216.34,13.67,2508.22,1.78,0.6,1.77,3,Soybean,West,Spring,2021-11-23,F0052,6.54
2064,5.03,34.89,32.53,770.36,204.18,2.57,1991.41,1.04,0.72,1.03,5,Barley,South,Summer,2021-08-22,F0286,5.96
2065,5.0,44.47,20.58,300.27,53.73,10.36,2014.48,1.71,0.21,1.81,5,Barley,South,Spring,2021-06-19,F0295,3.15
2066,5.84,26.25,23.15,540.7,206.36,1.44,2969.06,2.79,1.21,0.69,1,Wheat,Central,Autumn,2021-03-19,F0444,6.78
2067,6.23,22.03,18.05,926.51,214.12,2.72,2607.51,2.49,1.05,1.69,5,Wheat,North,Autumn,2021-12-21,F0415,8.41
2068,6.16,14.21,16.68,343.59,95.61,9.18,1663.9,2.45,1.47,0.54,1,Rice,Central,Autumn,2021-03-20,F0274,3.96
2069,6.76,14.26,19.53,1135.1,150.46,8.09,2459.65,2.19,0.33,1.6,5,Rice,South,Spring,2021-05-27,F0024,5.79
2070,5.76,44.22,25.28,953.12,159.91,8.76,1237.89,0.54,1.17,0.67,1,Soybean,Central,Autumn,2021-07-31,F0187,6.09
2071,5.38,18.57,22.6,666.96,245.64,14.98,2338.17,1.11,1.12,1.99,2,Corn,East,Spring,2021-05-06,F0355,6.68
2072,7.12,17.93,17.43,1126.92,50.05,1.5,1167.1,1.34,0.61,1.28,2,Wheat,Central,Autumn,2021-06-16,F0461,5.69
2073,7.13,45.22,34.61,284.92,105.71,1.2,1587.27,1.79,0.49,1.41,2,Barley,East,Summer,2021-04-13,F0016,5.74
2074,5.23,43.62,27.04,325.45,140.26,10.49,1987.1,0.94,1.21,0.82,2,Soybean,Central,Summer,2021-06-29,F0221,4.4
2075,4.58,40.25,20.1,1035.66,62.32,14.8,2632.45,1.38,0.62,1.56,4,Corn,Central,Autumn,2021-10-15,F0368,4.71
2076,4.9,31.29,32.82,970.68,239.68,11.06,1531.83,0.73,0.89,1.44,1,Wheat,West,Autumn,2021-12-13,F0425,6.98
2077,6.46,18.33,14.53,257.18,60.9,1.65,1758.42,1.94,1.34,1.56,2,Corn,South,Autumn,2021-03-31,F0334,5.92
2078,4.53,42.36,17.31,808.5,106.63,3.22,2787.94,2.12,1.35,1.01,3,Corn,West,Autumn,2021-04-15,F0273,5.44
2079,5.47,33.49,30.27,629.24,166.64,2.26,1845.61,2.03,1.22,1.5,1,Rice,East,Spring,2021-09-14,F0383,5.94
2080,8.14,22.5,31.56,796.69,223.5,5.74,1870.63,0.8,0.89,1.39,1,Soybean,South,Autumn,2021-01-07,F0162,6.9
2081,6.48,41.85,15.98,496.93,106.44,13.85,2627.95,1.55,0.9,0.94,3,Wheat,West,Spring,2021-03-04,F0466,6.5
2082,4.96,26.74,15.11,691.39,117.56,5.78,2776.89,1.74,0.6,0.75,2,Wheat,Central,Spring,2021-05-19,F0240,4.84
2083,5.76,29.93,20.99,270.42,260.33,10.97,1477.63,0.66,0.41,1.28,4,Wheat,North,Summer,2021-01-20,F0482,6.14
2084,5.97,26.44,34.99,855.58,208.67,0.01,2848.33,0.97,1.01,0.97,6,Corn,North,Autumn,2021-03-13,F0017,7.32
2085,5.81,25.71,27.07,1110.05,156.27,1.12,1694.94,2.4,0.36,0.75,6,Corn,East,Autumn,2021-11-19,F0475,6.49
2086,6.81,13.32,24.07,563.72,177.45,2.75,2107.01,1.03,0.39,1.05,1,Wheat,East,Autumn,2021-10-05,F0331,6.47
2087,7.08,44.18,21.96,1090.37,199.21,11.86,2190.92,2.12,0.25,1.19,4,Corn,East,Spring,2021-01-20,F0071,7.24
2088,7.07,36.77,11.99,950.13,135.78,7.41,1089.35,2.17,0.49,1.79,3,Corn,West,Autumn,2021-10-13,F0005,5.81
2089,7.92,13.98,10.44,464.0,153.61,2.77,2382.72,2.5,0.29,0.99,1,Barley,West,Autumn,2021-09-11,F0174,7.25
2090,7.19,46.37,12.76,634.59,139.62,4.56,2545.92,1.91,1.42,1.13,2,Soybean,North,Summer,2021-08-29,F0229,5.76
2091,6.45,11.94,15.34,174.8,164.06,10.66,2546.99,1.34,0.64,1.6,3,Wheat,South,Autumn,2021-02-06,F0340,6.18
2092,4.95,32.37,25.14,609.72,150.54,3.79,2710.56,2.11,1.45,1.7,5,Soybean,East,Autumn,2021-05-01,F0065,6.66
2093,7.23,14.65,14.71,392.7,298.29,2.94,1148.82,1.44,0.47,0.77,1,Rice,West,Autumn,2021-06-11,F0434,8.05
2094,6.59,37.47,11.78,692.1,268.52,1.17,2200.72,2.32,1.12,1.43,3,Wheat,Central,Autumn,2021-08-30,F0125,7.75
2095,7.86,26.73,19.77,500.61,231.56,4.95,1346.19,2.16,1.04,0.64,4,Soybean,North,Autumn,2021-06-08,F0047,7.43
2096,6.72,33.08,16.37,338.86,130.63,10.49,2858.09,1.06,1.35,1.33,3,Barley,Central,Summer,2021-08-02,F0340,5.46
2097,8.06,23.1,25.24,1102.53,244.77,9.36,2314.47,2.52,0.33,1.31,2,Barley,West,Autumn,2021-04-24,F0048,7.81
2098,5.53,30.98,11.61,340.72,142.93,12.62,1429.28,2.25,0.35,0.68,6,Corn,North,Summer,2021-07-22,F0358,5.99
2099,6.79,20.36,26.24,422.62,265.0,0.15,1726.85,0.72,1.43,1.58,4,Soybean,North,Autumn,2021-07-06,F0003,7.64
2100,6.35,42.91,32.97,682.7,216.01,9.75,1226.09,2.88,0.27,1.8,6,Soybean,Central,Autumn,2021-02-05,F0201,6.09
2101,6.58,27.53,26.13,683.84,160.47,4.9,1997.75,0.6,0.25,0.53,4,Soybean,Central,Spring,2021-04-15,F0007,5.65
2102,7.43,12.43,30.38,853.68,259.19,6.74,2065.25,0.59,1.43,0.81,6,Barley,East,Summer,2021-01-02,F0248,7.37
2103,8.0,27.27,14.27,363.11,268.63,1.88,1864.5,1.81,0.33,1.97,5,Barley,South,Autumn,2021-07-12,F0353,7.36
2104,7.04,17.64,34.37,756.93,285.74,1.85,2954.9,2.37,1.33,0.73,5,Barley,West,Summer,2021-08-30,F0046,7.87
2105,7.98,10.99,28.51,640.3,50.09,11.37,2080.08,2.27,0.4,0.74,4,Soybean,West,Autumn,2021-07-23,F0179,3.63
2106,5.75,46.04,34.54,453.98,250.79,14.01,1075.85,1.67,0.9,1.89,6,Barley,West,Spring,2021-10-23,F0022,6.94
2107,5.13,47.61,33.24,934.81,261.33,13.32,1312.44,0.55,1.48,1.33,4,Wheat,East,Spring,2021-09-28,F0167,6.85
2108,7.58,30.44,11.92,821.18,103.89,14.67,1306.56,2.24,0.25,0.94,5,Corn,Central,Autumn,2021-12-09,F0137,5.44
2109,8.16,24.67,32.97,144.18,214.43,12.16,2926.41,1.79,0.61,1.71,5,Barley,Central,Summer,2021-06-28,F0244,6.17
2110,5.61,33.86,21.9,701.48,173.03,13.71,1846.8,1.38,0.32,1.35,5,Soybean,East,Summer,2021-08-05,F0487,5.8
2111,7.11,21.55,24.05,646.81,232.86,10.05,2222.62,0.58,0.29,0.78,1,Barley,North,Summer,2021-05-19,F0021,6.06
2112,7.33,29.3,28.99,699.1,189.23,4.75,2315.9,0.88,0.64,0.96,3,Soybean,North,Summer,2021-05-02,F0429,6.69
2113,4.84,28.78,11.42,318.53,116.15,13.39,1733.93,2.57,0.4,1.88,4,Wheat,Central,Autumn,2021-07-17,F0446,4.33
2114,5.03,44.17,13.68,768.55,210.8,4.26,2577.22,0.95,0.22,1.96,5,Rice,North,Spring,2021-11-01,F0356,7.88
2115,6.88,10.05,15.11,926.18,79.7,6.25,1569.79,1.37,0.23,1.7,5,Rice,South,Summer,2021-12-20,F0476,4.26
2116,6.81,45.0,31.24,379.83,256.73,1.85,2679.88,0.76,1.06,1.62,6,Soybean,South,Spring,2021-08-01,F0382,7.62
2117,7.94,15.36,23.77,718.84,283.31,1.22,1119.5,0.73,1.48,1.3,5,Wheat,South,Autumn,2021-12-22,F0386,8.05
2118,6.11,23.28,10.6,665.97,193.54,4.77,2587.42,1.49,0.46,1.27,1,Barley,Central,Autumn,2021-12-11,F0190,6.48
2119,5.69,24.6,20.09,283.41,109.53,5.63,1527.76,1.01,0.2,1.95,4,Rice,East,Autumn,2021-05-01,F0388,5.15
2120,5.76,11.03,33.44,672.43,58.73,10.13,2833.34,2.05,0.85,1.99,6,Corn,Central,Summer,2021-09-26,F0330,4.66
2121,5.2,19.95,24.88,359.1,221.86,10.49,1678.43,1.58,1.39,0.5,2,Corn,Central,Autumn,2021-02-18,F0146,5.57
2122,4.54,34.9,15.88,799.22,119.82,9.37,1875.67,2.07,0.76,1.37,3,Barley,West,Summer,2021-04-11,F0356,5.24
2123,6.9,11.72,17.03,164.4,153.05,8.7,1979.85,1.9,0.22,0.63,6,Soybean,Central,Summer,2021-05-03,F0347,6.11
2124,4.94,30.55,23.49,1196.52,246.51,8.83,1785.06,2.16,1.2,0.6,6,Wheat,Central,Spring,2021-03-22,F0106,7.31
2125,5.67,13.6,31.87,325.14,205.1,14.72,1486.58,1.36,0.46,0.61,1,Rice,South,Summer,2021-02-16,F0073,5.78
2126,5.01,34.23,34.07,661.97,239.64,7.23,1636.72,2.79,0.45,1.72,1,Wheat,East,Spring,2021-11-10,F0422,6.43
2127,5.35,11.0,23.52,104.16,119.48,8.81,1889.13,2.69,0.67,0.77,2,Wheat,West,Spring,2021-01-18,F0150,4.8
2128,4.64,39.91,34.43,233.56,252.75,12.83,1893.34,0.53,1.45,1.51,5,Rice,West,Autumn,2021-04-13,F0230,6.01
2129,7.15,17.96,22.58,651.65,113.47,11.63,1453.8,0.83,1.2,0.78,4,Wheat,East,Summer,2021-10-02,F0100,4.47
2130,5.23,18.58,22.33,115.14,61.81,5.52,2417.21,1.83,1.42,1.77,1,Wheat,North,Spring,2021-11-26,F0443,5.13
2131,5.28,38.66,27.48,828.55,286.42,0.37,2512.7,2.96,0.51,1.21,4,Soybean,East,Spring,2021-09-14,F0451,6.66
2132,8.47,46.99,18.74,733.8,160.22,11.87,2427.22,1.19,1.12,1.04,4,Rice,East,Spring,2021-01-02,F0404,5.96
2133,5.49,18.12,16.37,595.97,195.35,0.97,2074.83,2.26,0.32,0.89,5,Rice,East,Summer,2021-06-02,F0348,7.16
2134,6.3,11.34,20.54,888.93,210.49,7.53,2082.55,1.92,0.67,1.97,1,Rice,West,Autumn,2021-02-20,F0408,6.1
2135,5.71,15.9,16.04,630.6,246.23,1.82,1165.8,2.63,0.5,0.65,3,Corn,South,Autumn,2021-03-03,F0292,7.62
2136,8.4,40.18,29.52,425.52,74.53,13.35,2624.19,0.9,1.11,0.78,2,Rice,West,Spring,2021-03-28,F0209,3.47
2137,8.2,18.19,23.18,495.42,54.97,8.12,1887.63,2.56,1.34,0.97,4,Rice,Central,Summer,2021-01-07,F0366,4.02
2138,4.54,37.2,30.66,1130.39,87.87,0.26,1700.07,1.56,1.12,1.26,5,Rice,East,Spring,2021-08-20,F0433,5.66
2139,6.6,27.55,27.06,914.65,254.7,14.85,2156.15,2.09,0.58,1.22,2,Soybean,East,Summer,2021-05-26,F0366,6.41
2140,8.27,20.94,12.91,435.29,249.46,4.99,1094.09,0.7,0.34,1.13,5,Rice,West,Autumn,2021-02-15,F0019,6.88
2141,5.02,38.65,24.3,591.58,77.7,11.36,1746.58,1.21,1.48,1.71,2,Corn,Central,Autumn,2021-09-29,F0138,4.48
2142,6.47,34.17,25.48,894.36,197.62,1.57,2958.73,1.81,1.26,1.39,6,Wheat,North,Autumn,2021-11-07,F0288,8.19
2143,6.01,47.54,28.7,526.73,213.75,9.01,2798.88,1.58,1.2,1.02,1,Barley,North,Spring,2021-05-10,F0097,6.48
2144,8.33,39.93,15.03,747.16,193.47,13.89,1392.65,1.7,0.31,1.23,5,Corn,South,Summer,2021-12-03,F0061,5.61
2145,5.59,24.94,16.65,436.37,52.81,1.76,1944.47,2.96,0.71,1.17,5,Barley,East,Autumn,2021-11-10,F0242,4.57
2146,5.23,17.19,14.47,972.28,295.78,4.74,1625.47,1.0,0.7,0.63,2,Soybean,East,Autumn,2021-09-04,F0161,8.03
2147,6.04,27.18,11.06,423.43,213.49,7.69,2496.09,1.1,0.62,1.4,6,Soybean,East,Summer,2021-08-03,F0294,6.7
2148,7.8,47.83,33.83,1167.88,80.07,1.42,1291.0,1.33,0.65,1.87,4,Barley,Central,Summer,2021-12-10,F0404,4.87
2149,5.05,46.46,31.69,385.32,280.82,6.57,1600.63,1.53,0.71,1.73,4,Corn,North,Summer,2021-01-15,F0338,8.01
2150,7.22,20.74,17.75,802.58,228.29,7.06,1433.86,2.26,0.7,0.75,4,Corn,West,Spring,2021-05-20,F0353,7.94
2151,6.92,42.2,20.65,1159.47,254.36,9.64,2544.02,2.0,1.04,1.95,2,Rice,Central,Summer,2021-08-30,F0376,7.98
2152,5.9,45.59,21.54,821.62,263.86,1.17,2835.42,2.79,0.25,1.8,1,Rice,East,Spring,2021-12-08,F0218,7.93
2153,4.82,36.85,25.34,515.97,190.23,3.2,2263.64,2.53,0.56,1.97,5,Corn,South,Summer,2021-02-19,F0426,5.75
2154,4.98,32.79,21.79,477.13,96.09,4.0,2916.14,1.33,0.45,1.11,5,Rice,North,Summer,2021-04-08,F0440,4.77
2155,7.19,10.84,11.22,367.69,279.84,9.46,2310.53,2.04,0.25,1.71,5,Rice,Central,Spring,2021-09-18,F0047,8.11
2156,5.77,34.55,13.79,730.97,190.38,5.21,2905.91,1.47,1.44,0.59,4,Barley,Central,Summer,2021-10-19,F0295,6.52
2157,7.9,34.9,28.35,823.45,299.28,13.04,2867.9,2.25,1.07,0.94,5,Soybean,Central,Spring,2021-03-27,F0405,6.3
2158,5.84,28.02,31.94,1140.52,82.75,11.49,1582.02,1.01,1.05,1.32,3,Corn,North,Spring,2021-09-08,F0363,5.46
2159,5.8,43.28,24.11,587.14,65.45,12.03,2847.71,1.75,0.42,1.02,2,Wheat,West,Spring,2021-07-30,F0312,4.02
2160,8.08,15.19,26.04,1177.16,136.55,9.86,1651.76,0.67,0.35,1.14,1,Wheat,Central,Summer,2021-03-13,F0469,5.26
2161,7.49,29.88,34.77,458.18,213.31,13.28,2329.79,2.13,0.93,0.82,6,Rice,East,Summer,2021-03-29,F0359,5.84
2162,6.49,24.37,20.73,494.44,184.79,9.29,1318.94,2.08,1.05,0.86,6,Corn,West,Autumn,2021-07-06,F0215,7.07
2163,7.58,21.49,10.65,190.62,178.44,6.43,2867.94,1.68,0.73,1.25,5,Corn,South,Autumn,2021-10-20,F0385,5.86
2164,7.09,49.18,26.47,1079.15,272.82,0.68,2540.01,1.28,0.78,1.39,4,Barley,South,Autumn,2021-10-24,F0068,8.59
2165,8.48,10.32,20.69,267.83,146.78,12.66,1583.86,1.04,1.12,1.22,6,Corn,Central,Autumn,2021-10-07,F0122,4.36
2166,5.15,23.85,15.98,502.27,59.32,12.98,2011.59,2.06,1.38,1.73,2,Wheat,East,Autumn,2021-05-24,F0265,4.22
2167,6.51,44.95,29.01,571.32,236.96,0.51,2539.61,0.69,0.8,1.06,2,Soybean,North,Autumn,2021-02-14,F0458,8.05
2168,7.2,48.01,11.54,354.6,270.92,5.7,2794.49,2.33,0.77,1.08,3,Barley,Central,Summer,2021-07-06,F0080,8.43
2169,5.37,32.27,30.98,209.19,137.88,10.72,2516.25,1.17,1.18,0.52,3,Corn,East,Summer,2021-06-22,F0043,5.44
2170,5.49,48.12,17.91,1135.26,294.68,2.6,1270.37,0.63,0.36,1.98,2,Corn,North,Spring,2021-09-27,F0186,8.17
2171,6.4,42.05,14.59,173.95,284.76,8.86,2997.52,1.77,0.69,0.53,5,Barley,North,Spring,2021-11-11,F0011,7.22
2172,5.11,49.17,33.19,776.82,220.36,14.79,1182.86,1.28,1.21,1.36,4,Barley,Central,Autumn,2021-03-12,F0126,6.2
2173,4.73,43.16,21.59,630.75,173.03,8.78,1064.75,2.94,1.17,1.0,6,Rice,West,Spring,2021-08-10,F0192,6.36
2174,4.66,49.57,10.9,605.98,172.0,2.41,2058.21,1.15,0.85,0.51,2,Soybean,South,Summer,2021-07-09,F0081,7.86
2175,7.03,36.97,31.98,996.77,122.81,8.64,1007.0,2.99,0.61,1.19,4,Barley,Central,Autumn,2021-03-04,F0170,6.23
2176,4.78,43.49,27.5,985.49,140.0,10.04,1301.54,1.01,1.39,1.5,4,Corn,West,Autumn,2021-01-04,F0361,6.15
2177,5.17,12.99,23.37,734.67,83.6,8.62,2907.87,0.61,1.15,0.51,1,Soybean,North,Spring,2021-05-09,F0325,6.16
2178,6.17,31.36,15.34,226.34,261.8,8.49,1713.49,0.77,0.25,1.79,4,Wheat,North,Spring,2021-04-26,F0026,6.56
2179,5.6,42.48,17.07,847.07,79.85,12.3,1770.98,2.27,1.21,1.79,5,Barley,Central,Spring,2021-05-07,F0086,4.88
2180,7.65,23.42,16.82,657.04,290.38,13.74,1657.16,2.08,0.84,1.66,2,Rice,North,Summer,2021-12-02,F0072,6.94
2181,6.72,21.89,25.35,931.17,224.17,5.33,2639.65,0.55,0.56,0.93,3,Corn,North,Spring,2021-02-05,F0090,6.85
2182,8.24,38.56,29.19,292.75,150.94,8.63,1533.0,1.72,0.48,0.63,5,Corn,North,Spring,2021-06-26,F0242,6.34
2183,5.48,48.79,19.22,221.47,225.76,1.51,1240.29,0.51,0.68,1.18,2,Rice,Central,Summer,2021-11-02,F0012,7.74
2184,6.49,36.43,21.37,677.38,76.67,5.28,1568.24,1.16,0.66,0.81,5,Rice,South,Autumn,2021-09-02,F0094,5.29
2185,4.96,41.91,34.89,525.66,150.76,4.74,1995.61,1.16,0.4,1.74,6,Barley,Central,Autumn,2021-01-22,F0212,6.05
2186,4.76,25.32,15.8,816.75,111.27,12.49,2018.9,2.1,0.95,0.94,4,Corn,South,Autumn,2021-08-03,F0226,5.06
2187,7.75,35.15,22.85,200.07,113.98,12.33,1573.12,2.63,0.52,0.66,1,Corn,South,Spring,2021-03-29,F0146,5.57
2188,4.71,26.42,15.42,840.26,72.65,11.74,1349.77,2.97,1.07,1.53,6,Wheat,North,Summer,2021-01-22,F0412,5.8
2189,4.63,30.56,13.93,1094.12,222.66,0.29,1811.42,2.03,0.39,1.58,6,Barley,East,Autumn,2021-04-01,F0391,7.57
2190,5.41,23.47,16.64,996.17,270.04,7.66,2933.21,2.67,1.39,1.3,6,Barley,West,Spring,2021-06-26,F0471,8.07
2191,7.63,18.34,28.06,1196.4,85.34,5.1,1632.99,1.05,0.53,1.74,4,Soybean,North,Summer,2021-09-17,F0195,5.19
2192,7.96,46.88,12.74,897.72,55.79,10.56,2004.13,2.18,0.87,0.97,1,Wheat,West,Summer,2021-11-19,F0338,4.03
2193,8.39,14.85,18.39,907.32,217.2,12.75,2428.18,1.21,1.11,1.1,4,Soybean,West,Summer,2021-02-22,F0300,7.11
2194,4.66,17.66,14.53,185.16,66.79,3.53,1620.19,2.41,0.4,1.84,1,Wheat,South,Autumn,2021-12-06,F0255,4.6
2195,6.3,18.86,20.47,346.1,74.96,12.0,1439.84,2.29,0.42,1.16,1,Soybean,West,Autumn,2021-04-30,F0065,4.08
2196,4.76,16.75,24.79,1145.19,297.91,1.49,2761.79,2.27,0.34,1.57,3,Barley,Central,Autumn,2021-08-23,F0450,8.1
2197,7.78,41.36,26.14,1138.57,177.87,10.9,1817.59,1.08,1.2,0.67,4,Barley,South,Autumn,2021-02-27,F0140,6.9
2198,5.54,34.2,15.52,1113.75,283.84,3.49,1894.14,0.58,0.76,1.74,4,Barley,East,Autumn,2021-01-09,F0074,9.09
2199,7.16,24.54,16.66,955.33,226.8,12.54,1056.55,1.49,0.83,1.73,4,Corn,North,Summer,2021-03-06,F0212,6.58
2200,6.55,13.79,16.45,303.16,235.73,10.81,1061.99,1.47,0.93,1.56,6,Corn,North,Summer,2021-01-16,F0076,6.27
2201,6.82,24.22,30.9,463.94,211.99,2.92,2675.83,1.09,0.87,0.69,1,Rice,East,Autumn,2021-08-17,F0060,6.68
2202,7.12,26.4,12.62,1011.63,180.61,9.74,1786.84,1.6,0.39,1.08,1,Corn,South,Spring,2021-12-27,F0275,8.22
2203,7.92,38.86,33.01,766.89,252.82,10.22,2952.92,1.04,0.93,1.55,1,Soybean,South,Summer,2021-10-11,F0161,7.53
2204,6.8,33.52,23.89,182.72,208.25,2.73,1174.77,2.41,1.09,1.75,4,Wheat,West,Autumn,2021-02-20,F0402,6.74
2205,6.76,20.52,19.95,508.79,261.92,8.23,1715.33,0.74,1.2,1.09,4,Corn,South,Spring,2021-01-01,F0493,6.9
2206,5.52,45.89,29.77,457.09,214.49,9.95,2522.26,2.22,1.31,1.48,2,Barley,North,Autumn,2021-10-15,F0208,7.3
2207,7.35,21.57,25.07,247.81,285.49,0.34,2632.83,1.1,1.2,0.74,3,Rice,Central,Summer,2021-05-03,F0375,7.84
2208,8.33,12.84,25.99,313.93,245.46,2.07,1137.97,1.19,0.73,1.6,1,Rice,Central,Spring,2021-08-30,F0042,6.64
2209,6.76,10.04,13.79,279.12,97.27,6.67,2277.19,0.81,0.62,0.69,4,Wheat,North,Spring,2021-06-13,F0441,4.71
2210,7.4,27.95,21.1,722.39,162.72,5.34,2690.03,0.93,0.22,0.67,3,Soybean,West,Autumn,2021-03-19,F0038,7.1
2211,4.77,44.82,19.44,485.94,225.44,3.78,2980.07,2.79,0.58,1.27,5,Corn,North,Spring,2021-04-22,F0184,7.2
2212,6.57,20.07,17.45,177.32,294.16,11.08,2698.94,2.61,1.49,1.88,5,Wheat,North,Summer,2021-05-09,F0026,7.16
2213,7.43,26.86,32.44,593.82,256.88,4.0,1785.02,0.65,0.68,0.67,3,Wheat,Central,Spring,2021-01-05,F0387,8.25
2214,8.07,19.55,31.34,998.95,285.3,4.69,1124.55,2.51,1.02,0.56,6,Wheat,South,Spring,2021-01-13,F0266,8.09
2215,8.35,20.78,17.85,334.79,122.56,9.28,2849.31,2.35,0.54,1.6,1,Soybean,East,Summer,2021-11-24,F0372,5.12
2216,6.33,18.55,23.66,865.19,232.65,3.68,2139.53,1.29,1.08,0.94,4,Soybean,Central,Summer,2021-03-13,F0087,6.85
2217,5.95,49.04,25.91,1095.41,148.03,4.97,2872.43,1.9,0.45,1.23,3,Barley,East,Summer,2021-11-13,F0142,6.31
2218,5.44,43.86,12.08,516.77,130.62,7.81,2401.78,2.81,0.77,1.01,5,Rice,East,Summer,2021-03-16,F0378,6.34
2219,6.81,13.95,25.56,894.41,75.63,1.78,2066.57,1.23,0.9,1.9,2,Wheat,Central,Summer,2021-10-13,F0388,5.86
2220,6.13,24.95,24.99,137.71,242.33,8.18,2367.52,0.82,0.88,1.22,3,Barley,West,Spring,2021-05-22,F0394,6.66
2221,4.66,22.19,11.94,412.65,154.13,6.71,2821.22,1.93,0.25,1.09,3,Barley,East,Spring,2021-08-20,F0268,5.9
2222,5.86,20.6,23.43,876.65,103.67,8.2,2277.33,0.71,0.22,0.78,5,Rice,South,Spring,2021-04-22,F0492,5.94
2223,7.5,41.33,10.39,430.76,180.67,9.75,2701.55,1.29,0.22,1.55,2,Corn,East,Autumn,2021-10-09,F0019,6.27
2224,6.69,10.46,29.02,1104.34,75.2,9.64,1743.03,0.99,0.34,0.78,4,Barley,North,Spring,2021-12-23,F0059,4.97
2225,7.45,22.92,16.84,776.79,217.88,9.81,1447.82,1.32,1.48,1.26,4,Soybean,North,Spring,2021-02-27,F0199,6.06
2226,5.47,33.69,18.87,1002.16,67.01,3.33,1035.22,2.13,0.78,1.35,4,Barley,South,Spring,2021-06-07,F0317,5.22
2227,8.4,19.89,14.82,1181.84,248.01,0.16,1303.52,1.72,0.52,1.18,1,Barley,South,Spring,2021-08-13,F0157,6.98
2228,6.16,36.76,33.09,277.36,272.43,7.35,2611.43,2.37,0.91,1.87,5,Rice,East,Summer,2021-06-05,F0084,6.99
2229,7.83,24.16,26.44,310.22,206.91,14.38,2138.57,1.23,0.27,1.41,2,Corn,East,Spring,2021-07-15,F0192,6.47
2230,7.79,28.42,33.38,754.51,63.89,8.49,2280.05,2.85,0.37,1.76,5,Soybean,South,Spring,2021-07-02,F0419,4.41
2231,6.65,48.06,26.48,275.92,79.11,12.47,2361.58,2.22,0.91,1.11,5,Wheat,North,Spring,2021-11-02,F0463,4.17
2232,7.27,28.09,29.64,419.22,56.83,5.85,2714.23,1.99,0.52,0.64,4,Corn,East,Summer,2021-03-17,F0103,3.42
2233,6.13,23.61,11.88,199.11,125.11,11.12,2439.32,2.99,0.29,0.5,4,Rice,South,Autumn,2021-09-22,F0313,6.3
2234,6.89,27.61,12.28,186.94,247.78,11.37,2276.34,2.41,0.56,1.29,1,Wheat,Central,Summer,2021-01-01,F0252,5.93
2235,6.76,22.87,17.56,1095.05,163.19,7.23,1059.32,1.07,1.47,0.61,1,Rice,South,Summer,2021-11-17,F0339,7.15
2236,6.82,26.6,23.79,984.72,236.2,3.82,2514.52,0.67,0.34,0.59,5,Rice,East,Summer,2021-03-14,F0255,6.6
2237,6.63,13.37,22.51,165.05,237.8,8.22,1022.4,1.49,1.04,1.86,3,Rice,North,Spring,2021-10-29,F0272,6.08
2238,5.92,13.18,13.58,906.79,74.38,10.33,1284.92,2.84,1.17,1.39,2,Rice,South,Spring,2021-04-20,F0180,3.7
2239,6.01,12.54,27.37,311.46,75.07,1.13,1511.74,1.12,1.27,0.83,2,Barley,South,Spring,2021-11-16,F0282,3.96
2240,5.6,37.35,14.24,892.27,129.58,3.69,2067.45,1.3,1.04,1.74,6,Rice,North,Autumn,2021-02-11,F0430,6.28
2241,5.99,23.49,24.39,770.58,104.94,6.25,1629.14,2.1,0.25,1.61,3,Wheat,Central,Autumn,2021-06-22,F0250,5.14
2242,6.1,48.71,16.14,782.23,65.45,5.61,1221.9,1.8,0.67,1.33,6,Barley,East,Autumn,2021-03-11,F0086,5.43
2243,6.33,14.23,34.44,907.48,289.76,12.36,2855.1,2.26,0.41,1.57,4,Soybean,East,Spring,2021-03-04,F0349,7.25
2244,5.33,16.76,14.52,401.63,60.11,5.15,1051.51,1.93,0.64,1.65,6,Rice,South,Autumn,2021-08-22,F0259,4.46
2245,7.07,28.63,18.43,793.26,232.33,2.68,1819.01,1.49,0.83,1.04,4,Barley,South,Spring,2021-06-30,F0468,7.87
2246,5.72,49.83,18.68,1169.56,64.2,2.51,1771.7,0.67,0.28,1.03,5,Wheat,North,Autumn,2021-07-19,F0132,4.39
2247,7.23,29.46,26.34,435.5,78.22,10.46,1106.69,2.2,0.98,1.19,2,Soybean,South,Autumn,2021-11-13,F0483,4.79
2248,7.69,19.16,24.79,959.13,241.59,10.14,1598.55,0.71,0.92,1.29,5,Barley,Central,Autumn,2021-01-24,F0316,6.24
2249,6.07,32.82,23.57,195.49,224.73,14.29,2952.51,2.1,0.77,1.11,2,Soybean,Central,Spring,2021-03-26,F0083,5.51
2250,6.82,18.86,25.68,430.27,145.57,13.29,1954.83,1.48,0.67,0.79,5,Soybean,North,Spring,2021-06-17,F0469,5.68
2251,8.21,10.04,27.52,441.83,211.19,10.21,2145.02,2.08,0.21,1.96,5,Wheat,North,Spring,2021-06-23,F0495,5.92
2252,5.46,17.25,30.81,309.26,98.15,14.57,2817.81,2.84,0.49,0.54,3,Barley,North,Autumn,2021-06-16,F0334,4.17
2253,8.42,18.02,19.97,1009.3,167.8,2.52,2569.96,2.23,0.72,0.96,2,Rice,Central,Autumn,2021-08-18,F0399,6.01
2254,7.7,29.35,24.48,1137.85,119.43,4.28,2528.25,0.54,0.73,1.16,5,Soybean,Central,Autumn,2021-01-13,F0338,7.18
2255,8.48,48.49,34.23,675.96,169.28,11.43,1794.0,1.58,1.25,1.06,1,Corn,Central,Autumn,2021-08-26,F0306,5.41
2256,5.67,44.25,31.37,886.75,268.53,6.44,1605.64,1.7,0.7,1.34,4,Corn,South,Summer,2021-06-20,F0241,7.47
2257,5.31,29.25,34.1,422.75,287.91,12.28,1190.18,0.5,1.47,0.86,6,Corn,Central,Summer,2021-10-04,F0307,6.77
2258,5.94,42.49,24.0,366.87,270.62,10.88,2051.84,2.96,1.33,1.36,2,Soybean,North,Autumn,2021-03-03,F0024,7.8
2259,6.51,20.2,12.74,475.84,226.19,9.05,1390.75,2.57,0.31,0.98,1,Soybean,Central,Spring,2021-11-27,F0164,8.34
2260,5.03,33.2,25.92,291.58,270.09,1.31,2930.63,1.7,1.39,1.25,5,Corn,Central,Autumn,2021-09-25,F0372,8.4
2261,5.06,12.16,20.69,1152.51,235.73,6.12,2832.75,2.56,1.15,1.54,4,Barley,South,Spring,2021-09-07,F0475,7.84
2262,7.37,17.49,22.65,827.77,69.63,5.01,2544.07,1.2,0.87,1.65,5,Corn,North,Autumn,2021-07-08,F0463,5.08
2263,5.29,33.41,10.4,843.6,199.62,13.31,2790.3,2.94,0.47,1.86,6,Corn,Central,Summer,2021-06-17,F0402,7.3
2264,6.4,21.8,24.63,630.98,123.78,3.39,2923.37,1.5,1.5,1.7,6,Corn,West,Autumn,2021-04-15,F0158,6.16
2265,8.32,43.01,32.17,414.35,155.41,9.33,1432.3,2.85,0.78,1.22,4,Rice,Central,Summer,2021-02-08,F0127,6.24
2266,4.97,20.61,14.31,240.97,228.1,8.66,1921.28,1.93,1.42,0.65,2,Corn,North,Autumn,2021-11-17,F0114,6.91
2267,4.94,29.9,24.01,307.61,276.61,12.51,1394.07,0.82,0.75,1.35,2,Wheat,East,Summer,2021-05-02,F0033,7.02
2268,7.05,18.24,24.15,363.76,237.79,8.95,1025.16,2.63,0.51,1.31,1,Barley,North,Summer,2021-07-31,F0106,7.76
2269,6.32,21.45,12.7,1132.16,150.58,2.52,1488.98,2.15,0.84,1.16,6,Barley,West,Spring,2021-10-31,F0479,6.24
2270,6.81,35.51,20.7,215.43,82.1,13.32,2692.18,1.93,0.34,1.84,3,Barley,Central,Autumn,2021-09-28,F0449,3.55
2271,6.0,40.49,15.35,196.47,201.88,4.67,1026.17,0.82,0.77,1.14,2,Rice,East,Autumn,2021-05-01,F0461,6.61
2272,5.1,47.29,20.3,632.06,111.14,14.08,2460.63,2.64,1.04,1.24,6,Rice,Central,Summer,2021-10-09,F0079,5.18
2273,7.48,47.95,34.75,778.76,135.48,2.24,1365.78,0.6,1.43,1.69,6,Barley,South,Autumn,2021-09-29,F0290,6.53
2274,7.11,26.04,34.79,159.31,231.26,6.08,1320.2,2.24,1.14,1.11,3,Soybean,North,Autumn,2021-06-27,F0213,6.89
2275,5.47,30.52,24.77,1046.4,275.35,13.72,1383.13,1.36,0.89,1.65,1,Rice,North,Summer,2021-08-11,F0220,6.3
2276,4.82,10.29,14.89,1026.7,119.29,4.81,1876.55,1.04,1.45,1.91,4,Barley,North,Autumn,2021-12-16,F0148,6.33
2277,5.4,35.15,22.66,818.11,148.24,5.76,2062.36,1.41,0.26,0.51,4,Soybean,North,Autumn,2021-02-01,F0303,5.81
2278,8.05,40.74,11.06,347.2,88.95,5.66,1934.34,2.72,1.05,1.47,4,Rice,Central,Autumn,2021-12-04,F0263,5.3
2279,5.22,17.56,30.31,951.1,211.18,1.7,1204.25,2.6,0.47,1.63,6,Soybean,East,Spring,2021-04-19,F0455,7.59
2280,5.28,25.15,21.83,215.18,147.85,8.1,2078.16,1.67,0.61,0.57,5,Rice,East,Spring,2021-04-04,F0030,6.07
2281,7.63,34.2,15.95,606.78,262.61,9.83,1974.09,2.54,1.17,0.73,6,Wheat,Central,Spring,2021-01-28,F0112,8.1
2282,5.19,20.08,20.96,112.71,236.49,12.4,1274.89,1.49,0.37,1.9,3,Barley,Central,Summer,2021-07-24,F0293,5.42
2283,5.04,10.45,25.23,634.41,215.01,7.83,2571.87,2.98,0.68,1.35,3,Barley,North,Autumn,2021-02-01,F0417,6.45
2284,4.88,46.86,12.43,1017.07,60.48,0.45,1829.87,1.11,1.42,0.85,3,Rice,North,Spring,2021-04-22,F0375,5.52
2285,6.16,43.02,28.29,897.03,188.62,6.24,1109.04,1.92,0.71,1.16,3,Corn,North,Spring,2021-01-15,F0130,6.59
2286,4.68,23.18,26.69,349.53,155.39,10.25,1157.09,1.3,1.41,0.65,3,Rice,East,Summer,2021-12-05,F0493,6.72
2287,6.92,23.87,26.72,541.58,192.99,14.15,2545.86,2.64,1.04,1.08,6,Barley,North,Spring,2021-09-16,F0316,6.71
2288,4.68,43.29,32.12,657.73,233.87,12.91,2768.71,1.16,1.3,1.71,1,Rice,North,Autumn,2021-07-06,F0097,7.64
2289,5.61,43.89,27.23,1048.88,273.76,3.79,2282.53,1.75,1.49,1.97,2,Rice,North,Summer,2021-01-08,F0113,7.36
2290,8.46,17.55,34.48,1068.07,212.53,12.97,1026.94,1.75,1.17,1.64,6,Soybean,South,Spring,2021-10-22,F0364,7.12
2291,5.02,34.35,27.74,1013.27,66.48,13.56,1877.88,2.39,1.01,0.61,3,Barley,West,Summer,2021-10-28,F0120,4.02
2292,6.82,32.11,32.1,617.51,234.23,9.63,1546.85,0.79,1.27,0.67,5,Soybean,South,Autumn,2021-03-20,F0352,6.36
2293,7.21,32.16,29.04,298.15,147.99,11.26,2591.0,2.33,1.4,1.52,1,Soybean,Central,Summer,2021-02-20,F0207,5.92
2294,7.31,27.32,19.71,677.08,135.98,2.6,1985.44,0.77,1.1,0.56,4,Wheat,North,Spring,2021-04-11,F0359,5.93
2295,7.85,30.49,28.52,901.76,219.09,6.15,1024.47,2.76,1.35,1.04,6,Wheat,West,Spring,2021-02-08,F0396,7.1
2296,7.74,23.84,17.5,637.66,229.91,2.89,1070.13,0.84,0.62,1.26,5,Soybean,North,Summer,2021-07-22,F0135,7.8
2297,5.22,20.09,33.48,867.58,215.28,7.86,1450.13,1.56,1.23,1.85,3,Rice,East,Autumn,2021-04-22,F0280,6.93
2298,5.71,39.19,32.63,661.23,121.54,12.86,2845.54,2.31,1.48,1.68,2,Wheat,South,Spring,2021-01-19,F0223,6.44
2299,7.06,12.19,22.03,1004.36,184.56,4.17,2373.92,1.08,0.67,0.81,2,Soybean,North,Autumn,2021-08-22,F0491,6.83
2300,4.85,25.92,20.42,748.96,178.65,7.79,1217.04,1.04,1.01,1.56,2,Barley,Central,Summer,2021-10-12,F0288,7.01
2301,8.44,46.06,26.04,1080.91,274.29,11.54,1360.99,2.55,0.91,1.1,3,Rice,South,Summer,2021-01-12,F0488,8.55
2302,5.71,15.38,11.23,833.1,154.33,12.17,1958.63,0.52,0.97,1.57,5,Rice,East,Summer,2021-07-28,F0260,6.9
2303,7.01,15.1,30.85,871.09,132.7,10.82,2861.41,1.96,1.08,1.88,5,Rice,South,Spring,2021-10-11,F0381,5.4
2304,7.47,24.37,17.56,1083.51,147.23,6.1,1963.08,0.98,0.34,1.11,6,Barley,South,Autumn,2021-06-22,F0185,7.26
2305,4.93,39.12,10.44,894.03,176.82,0.55,1305.21,1.74,0.88,0.63,1,Barley,North,Autumn,2021-08-04,F0250,6.57
2306,5.04,19.0,21.21,458.75,275.37,12.34,2286.13,0.75,0.63,0.99,6,Barley,Central,Spring,2021-06-02,F0475,6.71
2307,6.73,10.64,33.03,219.29,128.51,14.61,1275.26,0.9,1.3,0.8,4,Soybean,Central,Spring,2021-12-13,F0325,4.24
2308,5.9,35.45,11.71,102.94,250.41,9.71,2829.55,2.83,0.76,0.95,2,Corn,South,Summer,2021-10-26,F0442,6.64
2309,4.79,27.72,11.39,886.77,55.6,6.21,2105.74,1.05,0.86,0.71,2,Wheat,West,Autumn,2021-10-15,F0094,5.25
2310,7.29,38.16,33.87,487.58,291.06,1.46,2506.74,2.98,0.64,1.25,3,Soybean,North,Summer,2021-07-27,F0289,7.09
2311,7.54,22.11,28.25,1168.09,293.29,12.73,1511.63,2.84,0.36,1.65,3,Wheat,South,Summer,2021-03-01,F0410,7.51
2312,6.85,49.92,18.49,904.7,108.4,13.2,2376.63,2.71,1.36,1.95,4,Rice,Central,Summer,2021-05-20,F0271,4.43
2313,7.51,40.03,18.71,445.42,257.12,0.91,1488.44,2.54,1.39,1.84,5,Soybean,West,Spring,2021-03-29,F0093,7.38
2314,4.68,33.37,29.01,478.42,158.44,10.54,1646.45,1.55,1.04,1.15,5,Corn,East,Autumn,2021-08-16,F0449,5.86
2315,7.5,24.56,11.03,339.12,147.36,10.35,1646.29,0.77,1.42,0.69,2,Barley,North,Spring,2021-03-22,F0202,5.61
2316,4.78,42.1,10.76,179.23,96.48,4.98,1272.94,1.76,0.51,0.96,3,Barley,South,Spring,2021-10-08,F0432,4.53
2317,6.24,40.44,25.39,952.19,130.28,3.67,2409.13,1.91,0.83,1.0,3,Corn,North,Summer,2021-02-02,F0272,7.34
2318,5.64,22.13,13.49,531.59,112.32,13.51,2677.3,1.62,0.97,1.95,5,Barley,West,Autumn,2021-09-21,F0250,6.01
2319,5.62,25.34,11.6,436.31,265.97,10.15,2521.33,0.75,0.6,1.82,5,Rice,West,Spring,2021-04-12,F0133,6.96
2320,6.93,22.25,17.27,1019.15,62.74,2.92,2402.66,0.94,0.36,1.76,4,Barley,East,Spring,2021-05-30,F0267,5.81
2321,7.47,18.12,12.54,911.85,254.47,5.84,1058.06,1.29,0.74,1.28,3,Rice,East,Summer,2021-03-29,F0158,7.49
2322,7.3,18.28,11.74,1161.35,194.27,1.8,2143.21,2.89,1.01,1.88,2,Soybean,Central,Autumn,2021-06-21,F0196,8.59
2323,6.55,49.9,12.21,1042.58,138.28,0.32,1547.62,1.52,1.42,0.75,6,Rice,East,Autumn,2021-05-23,F0239,5.34
2324,8.13,15.24,13.71,768.87,92.84,10.85,1787.52,2.53,0.4,1.85,1,Wheat,Central,Spring,2021-03-30,F0224,6.6
2325,5.51,30.13,13.4,209.7,216.46,2.75,2225.77,2.01,0.22,1.46,4,Barley,North,Autumn,2021-11-24,F0392,6.26
2326,6.02,18.47,31.06,464.96,138.69,6.94,1064.2,2.53,0.46,1.92,1,Rice,East,Spring,2021-03-11,F0088,5.15
2327,8.38,41.7,26.2,606.82,253.01,10.6,2928.79,1.56,1.01,1.59,4,Wheat,South,Spring,2021-02-14,F0065,7.49
2328,8.08,19.61,29.8,581.92,236.82,12.65,1708.94,1.51,0.93,1.61,3,Barley,West,Summer,2021-05-02,F0349,5.81
2329,4.67,22.53,29.02,805.06,264.95,7.52,2472.48,2.17,0.96,1.85,6,Corn,North,Summer,2021-03-03,F0283,7.88
2330,5.58,29.04,33.26,1061.35,184.59,0.24,2988.3,1.8,1.4,1.14,1,Rice,East,Spring,2021-03-25,F0208,6.96
2331,7.26,11.03,24.68,783.06,191.14,13.51,1733.36,2.1,1.38,0.88,1,Rice,North,Summer,2021-10-27,F0452,6.29
2332,7.08,44.33,29.33,1022.74,209.46,0.39,1818.77,1.93,0.86,1.03,1,Corn,West,Spring,2021-09-11,F0197,7.25
2333,7.93,12.34,31.62,838.09,255.57,3.34,1959.47,1.1,0.53,0.95,4,Corn,North,Autumn,2021-12-19,F0464,6.46
2334,5.29,39.59,27.99,346.04,122.88,12.64,2665.47,2.44,1.32,1.17,6,Wheat,North,Autumn,2021-12-03,F0378,6.4
2335,7.28,24.2,27.0,620.21,207.45,2.71,1269.81,2.69,0.25,0.86,2,Rice,West,Spring,2021-01-30,F0418,7.5
2336,4.54,12.85,24.43,316.77,247.62,3.53,2992.92,2.25,0.81,0.54,1,Soybean,West,Autumn,2021-11-11,F0395,7.36
2337,5.84,45.9,24.32,855.08,252.56,11.26,2529.05,1.16,0.58,0.86,3,Corn,North,Autumn,2021-02-03,F0155,6.73
2338,7.37,49.82,33.64,396.21,135.3,8.02,2627.97,0.92,0.37,1.07,2,Soybean,Central,Autumn,2021-05-05,F0256,6.1
2339,7.05,31.98,26.36,903.94,215.43,1.44,1924.19,1.39,0.23,0.88,4,Rice,West,Autumn,2021-09-03,F0039,7.75
2340,6.65,44.6,14.5,386.72,94.47,8.59,2797.68,2.31,0.41,1.15,2,Corn,East,Spring,2021-06-30,F0060,5.66
2341,6.91,20.79,26.98,705.42,117.92,4.34,2547.9,0.76,1.18,1.25,6,Soybean,East,Summer,2021-08-29,F0295,6.06
2342,7.45,14.92,10.29,178.92,174.4,6.58,1575.5,0.53,0.31,1.38,5,Soybean,West,Summer,2021-02-02,F0192,6.26
2343,4.78,43.21,31.02,1023.84,194.94,12.26,1357.66,2.17,0.94,1.13,3,Barley,South,Autumn,2021-02-09,F0282,5.86
2344,6.52,17.47,29.27,984.26,193.48,0.27,1918.52,2.44,0.9,1.22,6,Barley,North,Spring,2021-02-24,F0484,7.03
2345,8.37,39.93,29.61,1188.29,117.09,1.15,2734.29,2.06,0.44,1.01,1,Wheat,West,Summer,2021-04-13,F0150,6.01
2346,8.07,20.6,29.72,896.61,287.45,1.51,1535.82,2.99,1.17,1.16,6,Barley,North,Summer,2021-07-12,F0181,8.75
2347,4.59,43.1,27.87,747.87,107.51,11.84,1737.54,0.92,0.51,1.79,6,Rice,North,Summer,2021-08-12,F0133,4.41
2348,5.8,16.14,22.28,774.94,201.59,1.48,2799.42,1.69,0.56,1.49,2,Wheat,East,Autumn,2021-06-13,F0449,7.26
2349,7.82,32.51,12.01,930.08,139.33,1.36,2615.41,1.82,0.34,0.88,1,Barley,Central,Summer,2021-12-05,F0495,6.57
2350,8.23,22.39,30.39,580.23,200.55,11.22,2865.2,2.85,0.29,0.76,3,Rice,South,Autumn,2021-02-24,F0396,5.64
2351,5.8,25.89,13.34,507.92,54.76,6.59,1186.69,0.5,0.34,0.75,3,Rice,East,Summer,2021-05-19,F0461,4.09
2352,4.78,22.79,21.67,651.53,54.42,3.21,1080.56,2.04,1.25,1.77,1,Corn,Central,Autumn,2021-03-06,F0457,5.86
2353,5.69,49.13,18.14,275.17,110.23,13.15,1177.3,1.96,0.63,0.81,5,Soybean,North,Spring,2021-12-24,F0103,5.31
2354,6.52,40.22,28.88,701.72,227.68,12.94,1358.22,2.17,1.22,1.0,1,Barley,West,Summer,2021-12-24,F0162,7.17
2355,5.48,48.15,30.6,814.63,163.46,10.31,1420.02,2.62,1.06,0.64,2,Rice,North,Autumn,2021-05-26,F0042,5.03
2356,6.33,37.52,25.97,554.58,68.28,12.0,1484.02,1.9,0.73,1.42,4,Barley,West,Summer,2021-12-24,F0284,5.67
2357,4.75,17.42,33.35,296.85,56.81,6.09,2312.16,2.58,0.99,1.42,3,Barley,Central,Spring,2021-04-08,F0282,3.68
2358,4.87,26.73,31.85,795.68,267.85,12.57,1782.11,2.03,1.43,1.18,6,Corn,South,Summer,2021-05-29,F0108,7.37
2359,4.7,19.24,22.74,884.09,213.05,11.08,2706.22,0.77,1.2,1.08,5,Soybean,South,Summer,2021-01-01,F0127,7.02
2360,6.08,47.87,27.93,916.16,120.72,4.81,1539.14,0.79,1.39,1.55,4,Rice,West,Summer,2021-04-27,F0345,6.02
2361,6.8,36.94,21.6,240.89,183.53,3.18,1304.4,2.06,0.26,1.36,2,Barley,East,Summer,2021-03-24,F0228,7.2
2362,5.02,36.74,18.4,1043.37,144.19,10.74,2286.87,1.47,1.28,1.62,2,Corn,East,Autumn,2021-12-13,F0164,6.03
2363,5.47,17.95,17.94,1127.12,57.8,14.05,1726.77,0.74,1.26,1.55,6,Wheat,Central,Spring,2021-10-10,F0152,4.05
2364,5.46,34.72,32.61,514.39,133.5,11.6,1150.61,2.89,1.32,0.93,6,Soybean,South,Autumn,2021-10-14,F0250,5.82
2365,8.36,11.92,25.71,329.11,76.28,1.94,2242.72,0.76,0.72,2.0,5,Wheat,North,Spring,2021-04-15,F0252,4.06
2366,6.26,42.44,28.28,669.85,173.22,5.76,1793.85,2.44,0.58,1.56,5,Corn,West,Autumn,2021-06-15,F0228,7.09
2367,6.82,47.88,20.04,422.09,176.91,0.44,2000.05,2.24,1.41,0.79,4,Rice,East,Summer,2021-07-29,F0450,7.13
2368,8.25,15.97,20.83,357.75,118.16,5.87,1619.08,0.51,1.11,1.74,6,Soybean,Central,Spring,2021-02-17,F0444,5.44
2369,6.27,44.31,10.19,603.95,104.0,11.64,2508.07,2.3,1.42,1.58,5,Barley,West,Spring,2021-06-30,F0023,5.75
2370,5.62,46.0,32.23,473.61,153.63,3.8,1049.15,1.29,1.38,1.59,1,Soybean,Central,Spring,2021-09-21,F0369,6.67
2371,4.66,26.07,27.73,768.17,181.87,7.94,1548.27,0.95,1.1,1.47,5,Rice,South,Spring,2021-02-06,F0102,6.02
2372,5.1,44.2,20.23,359.34,72.8,9.85,2663.82,1.47,0.95,1.47,4,Rice,South,Autumn,2021-12-09,F0483,4.55
2373,7.88,38.01,28.68,576.75,287.31,7.86,2782.65,1.79,0.57,1.73,4,Barley,North,Summer,2021-04-23,F0067,7.35
2374,5.01,35.44,14.46,924.02,178.91,5.53,1755.74,1.53,0.42,1.87,4,Wheat,West,Spring,2021-11-06,F0071,6.84
2375,5.81,18.31,23.94,884.58,51.5,10.57,2342.6,1.96,0.64,0.93,1,Wheat,North,Autumn,2021-05-01,F0361,4.81
2376,7.97,44.19,11.88,648.8,270.09,8.82,2340.66,1.92,1.32,1.97,5,Rice,West,Autumn,2021-11-24,F0423,6.8
2377,4.73,37.63,29.95,566.86,204.11,9.57,2118.97,1.79,1.26,0.75,2,Wheat,South,Autumn,2021-08-04,F0375,6.91
2378,5.2,18.73,17.02,146.68,182.01,2.61,1618.95,2.53,0.83,1.94,1,Wheat,Central,Autumn,2021-11-24,F0046,5.18
2379,7.23,40.51,14.52,511.91,255.06,14.01,1587.55,1.23,1.38,2.0,1,Wheat,North,Spring,2021-09-09,F0273,7.14
2380,5.68,25.56,32.31,744.47,103.65,4.09,2522.33,2.12,1.48,1.73,3,Soybean,South,Summer,2021-01-14,F0313,5.05
2381,6.62,29.41,32.93,688.13,200.79,13.48,1821.17,1.26,0.8,1.59,4,Wheat,South,Summer,2021-04-16,F0289,6.27
2382,7.11,23.54,26.88,899.12,285.91,5.19,2601.8,1.72,0.75,1.7,4,Wheat,West,Spring,2021-01-15,F0050,7.28
2383,5.72,19.09,24.17,801.52,220.89,12.22,2407.33,0.97,0.46,0.6,2,Barley,East,Spring,2021-04-17,F0230,6.53
2384,7.3,32.49,33.87,110.7,74.06,13.36,2498.88,1.28,1.36,1.06,1,Soybean,Central,Autumn,2021-05-17,F0045,4.08
2385,7.66,30.71,34.31,323.22,247.74,14.58,2299.11,1.7,1.02,1.13,1,Soybean,North,Spring,2021-08-27,F0322,6.27
2386,7.72,13.94,19.8,552.47,71.85,5.01,1708.94,2.74,1.12,1.14,1,Soybean,West,Spring,2021-11-24,F0297,4.35
2387,6.04,33.29,13.82,285.84,60.06,1.6,2793.36,0.7,0.72,0.5,3,Wheat,Central,Autumn,2021-05-25,F0186,4.39
2388,6.84,38.52,15.37,301.08,72.67,12.02,2796.65,2.9,0.63,1.68,2,Soybean,South,Summer,2021-07-03,F0240,3.77
2389,6.51,46.45,34.43,749.01,149.94,8.1,2836.04,1.74,0.67,0.56,1,Soybean,East,Spring,2021-11-28,F0042,7.01
2390,6.78,40.66,25.82,927.08,265.99,5.77,1623.07,0.79,1.18,1.33,6,Rice,West,Autumn,2021-04-05,F0348,7.19
2391,6.51,29.49,10.37,459.65,60.64,1.11,1338.35,2.89,1.26,1.5,5,Rice,Central,Autumn,2021-02-25,F0229,5.77
2392,5.66,36.97,17.31,363.83,250.17,14.97,1104.89,0.55,1.47,1.45,6,Corn,Central,Autumn,2021-12-06,F0469,6.96
2393,6.83,19.04,24.88,612.53,114.42,11.97,2271.75,2.43,0.57,1.53,6,Soybean,West,Autumn,2021-05-24,F0213,4.92
2394,8.45,23.79,23.7,883.7,147.34,5.69,1850.43,1.6,0.75,1.97,4,Soybean,Central,Spring,2021-11-24,F0449,5.53
2395,5.08,35.81,18.72,584.31,229.04,7.4,2949.96,1.89,1.5,0.89,5,Wheat,South,Spring,2021-05-04,F0202,6.66
2396,4.54,22.58,15.43,1025.34,294.07,3.46,1788.57,2.99,0.78,1.83,3,Rice,Central,Summer,2021-11-11,F0145,7.75
2397,6.61,33.76,33.71,105.06,225.68,0.62,1596.09,2.1,0.91,1.31,3,Wheat,South,Spring,2021-08-25,F0358,6.77
2398,6.5,25.21,31.66,247.07,176.05,1.65,1242.0,1.54,0.76,0.69,2,Barley,East,Summer,2021-11-17,F0142,7.44
2399,7.6,44.51,33.92,877.59,125.38,10.75,2102.39,1.89,1.35,1.93,2,Rice,West,Summer,2021-01-20,F0442,5.73
2400,7.42,40.38,25.69,526.56,75.43,11.2,1422.73,2.56,0.8,0.91,2,Barley,North,Spring,2021-04-03,F0468,3.94
2401,5.28,38.72,21.58,617.44,294.06,10.22,1991.14,2.62,0.57,0.87,3,Corn,Central,Spring,2021-03-09,F0141,8.89
2402,4.54,30.88,25.21,306.05,220.6,0.83,1195.28,2.1,1.29,0.6,6,Rice,North,Autumn,2021-11-13,F0272,6.61
2403,5.09,46.38,21.24,811.63,50.36,13.72,1054.86,1.59,0.81,1.15,1,Corn,South,Spring,2021-05-05,F0127,3.45
2404,6.89,21.37,19.0,710.38,224.57,13.68,1959.66,2.78,0.91,1.7,3,Soybean,East,Autumn,2021-11-27,F0090,6.21
2405,6.27,16.79,19.04,594.71,75.71,1.92,2046.51,2.25,1.17,1.76,2,Soybean,East,Summer,2021-04-03,F0271,5.46
2406,7.76,44.9,33.44,1090.11,83.48,5.58,2109.7,1.14,0.29,0.76,2,Corn,South,Summer,2021-04-22,F0185,5.44
2407,4.81,29.26,17.29,1085.69,272.16,1.77,2663.38,2.52,0.58,0.71,4,Wheat,West,Summer,2021-06-28,F0260,8.33
2408,6.52,47.7,29.23,702.16,57.2,7.89,1616.04,2.58,1.3,1.82,3,Soybean,North,Summer,2021-11-02,F0428,5.55
2409,7.64,33.13,12.0,217.36,285.88,7.26,2393.83,0.98,1.15,1.62,6,Rice,East,Spring,2021-06-24,F0180,8.58
2410,6.48,21.34,26.4,1144.07,56.34,3.23,2611.6,1.33,1.4,1.24,1,Soybean,South,Autumn,2021-10-29,F0105,5.5
2411,7.26,40.74,19.6,315.28,282.3,14.98,2147.28,1.42,1.16,0.52,5,Corn,South,Autumn,2021-04-03,F0209,6.76
2412,6.23,10.92,30.74,835.46,139.8,3.12,1587.95,1.52,1.18,1.54,6,Rice,North,Autumn,2021-04-09,F0093,7.25
2413,5.26,23.08,15.2,961.01,110.93,7.06,2030.37,2.44,0.73,1.98,6,Corn,South,Autumn,2021-11-06,F0039,5.4
2414,7.0,27.44,12.08,180.86,126.44,3.42,1189.56,2.6,0.87,0.58,2,Rice,Central,Spring,2021-09-26,F0096,5.03
2415,5.93,32.07,10.6,162.17,237.19,6.02,1996.69,2.54,0.9,1.93,4,Soybean,South,Spring,2021-03-10,F0288,6.4
2416,6.71,23.62,15.94,938.98,264.48,6.48,2490.68,2.91,0.47,0.84,2,Soybean,North,Spring,2021-03-19,F0251,8.79
2417,7.83,33.63,28.83,356.86,223.84,10.47,2938.08,0.9,1.03,0.63,6,Barley,East,Autumn,2021-12-19,F0218,7.09
2418,7.77,27.9,18.85,412.5,200.76,4.91,2580.96,2.96,1.16,1.2,6,Rice,South,Autumn,2021-11-21,F0303,7.21
2419,6.14,17.31,10.55,1053.72,254.66,3.88,1622.25,0.94,1.44,1.27,5,Wheat,North,Summer,2021-05-03,F0346,8.14
2420,7.6,35.11,33.53,659.26,238.45,12.26,2495.04,2.72,1.44,1.5,5,Rice,South,Spring,2021-07-26,F0016,6.96
2421,8.08,49.97,15.33,745.44,69.25,7.15,1475.41,1.11,1.48,1.38,1,Wheat,North,Autumn,2021-11-08,F0409,5.06
2422,6.52,48.71,27.08,183.92,200.96,1.86,1337.5,2.72,1.33,0.73,4,Barley,South,Autumn,2021-02-03,F0305,7.18
2423,4.81,41.52,29.13,263.91,237.61,12.92,2157.3,0.9,1.43,1.93,5,Soybean,Central,Summer,2021-03-24,F0309,6.37
2424,6.35,44.02,21.37,1188.01,141.85,4.38,2063.83,1.54,0.3,1.88,5,Corn,South,Autumn,2021-12-09,F0306,6.7
2425,4.78,11.06,24.22,130.02,94.86,5.47,1078.22,1.98,1.1,1.75,5,Corn,Central,Spring,2021-08-15,F0299,5.57
2426,6.93,25.93,32.78,486.45,279.11,7.41,1313.07,2.86,1.15,1.32,6,Soybean,East,Summer,2021-12-08,F0001,8.04
2427,4.98,41.49,26.81,1003.26,207.49,2.62,2288.25,2.48,1.4,1.32,2,Rice,West,Summer,2021-08-17,F0428,7.32
2428,5.32,39.47,32.59,403.85,198.24,6.84,1561.02,2.11,1.25,0.51,4,Rice,North,Autumn,2021-06-25,F0200,5.93
2429,7.78,18.09,28.13,495.09,77.32,5.74,1176.24,1.13,0.42,0.99,4,Wheat,North,Autumn,2021-12-23,F0371,4.88
2430,4.6,10.4,34.16,1135.03,95.37,5.12,1113.99,0.94,0.8,1.07,6,Soybean,Central,Spring,2021-09-25,F0210,4.87
2431,6.68,22.6,25.2,452.77,230.11,2.7,1612.9,0.89,1.08,1.96,6,Corn,North,Autumn,2021-01-14,F0233,7.26
2432,5.62,19.44,17.98,1057.73,227.24,13.07,2807.79,2.73,1.05,1.68,6,Soybean,West,Summer,2021-12-18,F0087,6.77
2433,4.73,27.44,26.98,342.35,201.36,12.33,2927.75,2.07,0.31,1.8,1,Barley,North,Autumn,2021-07-24,F0209,6.75
2434,5.99,40.01,26.59,346.3,215.83,8.31,2960.02,2.64,0.91,1.36,5,Corn,West,Summer,2021-09-21,F0154,6.54
2435,7.37,36.99,18.86,997.05,276.56,8.15,1569.35,1.34,1.29,1.46,1,Rice,Central,Spring,2021-04-14,F0089,8.12
2436,7.63,24.21,13.18,1042.2,115.94,7.97,2308.3,1.19,0.29,1.34,6,Soybean,South,Autumn,2021-03-24,F0010,6.47
2437,5.46,16.11,14.39,424.73,262.8,10.98,2011.13,0.62,0.26,0.81,6,Rice,Central,Autumn,2021-07-09,F0337,6.88
2438,8.13,15.07,17.54,517.59,143.61,11.31,2102.54,0.53,1.42,1.47,4,Barley,East,Autumn,2021-05-20,F0050,5.65
2439,7.35,29.91,12.71,753.38,289.05,8.76,2136.28,1.2,0.62,0.7,2,Barley,East,Autumn,2021-01-28,F0243,7.21
2440,8.45,26.11,17.54,406.72,65.01,13.06,2802.61,1.01,1.14,1.02,4,Soybean,East,Autumn,2021-07-23,F0080,4.01
2441,7.38,29.38,10.54,343.4,234.47,7.14,1429.07,0.76,1.41,1.81,4,Wheat,North,Spring,2021-05-10,F0133,6.53
2442,5.16,27.96,29.97,557.3,204.26,5.24,1578.84,2.81,0.72,1.06,3,Rice,West,Spring,2021-12-04,F0072,7.69
2443,8.12,17.45,31.39,1075.69,256.83,14.22,1141.65,2.54,1.14,1.83,3,Wheat,Central,Spring,2021-01-23,F0411,7.15
2444,8.03,17.17,20.19,1147.07,116.0,4.32,2729.45,2.9,0.37,1.02,3,Wheat,East,Spring,2021-09-04,F0185,6.06
2445,5.81,47.28,23.31,630.29,63.64,8.75,1733.21,2.81,0.72,0.77,2,Corn,South,Autumn,2021-08-06,F0273,5.26
2446,7.14,20.28,17.01,200.75,246.76,5.95,2829.15,1.18,0.32,1.27,4,Rice,East,Autumn,2021-10-16,F0054,5.36
2447,6.0,14.12,28.97,938.16,146.84,10.63,2660.78,0.61,0.25,1.58,3,Corn,South,Spring,2021-02-02,F0187,5.51
2448,6.0,47.74,25.64,577.1,263.57,14.91,2731.35,1.26,1.43,0.83,2,Wheat,East,Autumn,2021-04-06,F0066,6.73
2449,6.29,32.31,27.5,753.91,186.78,8.91,1024.66,1.21,0.25,0.79,2,Wheat,Central,Autumn,2021-10-07,F0142,5.28
2450,7.73,45.82,17.48,439.22,110.85,8.38,1906.95,0.98,1.27,1.03,3,Rice,Central,Autumn,2021-05-31,F0212,5.8
2451,6.78,27.52,10.58,405.49,254.07,9.04,2237.13,1.39,1.03,1.54,5,Barley,South,Spring,2021-12-07,F0398,6.53
2452,6.12,39.23,14.24,1093.88,128.86,12.99,2531.27,0.5,1.11,0.69,3,Rice,Central,Autumn,2021-07-18,F0083,4.25
2453,7.75,20.62,30.57,230.4,70.19,10.61,2351.78,1.25,0.55,1.25,3,Soybean,South,Summer,2021-06-17,F0156,4.78
2454,7.0,15.65,17.95,614.57,207.8,8.54,1254.75,2.5,0.69,1.57,4,Barley,West,Summer,2021-12-22,F0413,7.43
2455,6.31,37.58,31.62,637.42,259.72,12.09,1338.85,1.58,0.64,1.2,5,Corn,Central,Spring,2021-02-01,F0349,7.27
2456,7.4,18.18,34.98,410.85,240.83,8.02,2894.37,0.55,1.31,1.76,2,Rice,West,Autumn,2021-06-01,F0420,6.85
2457,8.2,14.65,23.75,141.78,161.47,2.62,2048.25,2.03,1.37,0.65,2,Wheat,South,Spring,2021-05-17,F0355,5.83
2458,7.45,18.77,16.32,662.02,174.44,7.99,2210.7,2.84,1.26,1.75,5,Wheat,South,Spring,2021-11-22,F0298,6.77
2459,4.98,22.69,20.7,1042.36,92.56,8.87,1145.35,0.79,1.19,0.88,2,Soybean,South,Spring,2021-11-01,F0342,4.34
2460,4.73,24.54,13.77,201.16,151.42,5.38,1002.79,1.59,1.49,0.73,4,Corn,East,Autumn,2021-12-03,F0351,5.49
2461,5.85,25.16,28.86,460.68,262.76,11.51,2579.57,0.65,0.91,0.88,4,Barley,West,Summer,2021-07-10,F0468,5.7
2462,7.55,36.16,13.64,410.54,132.74,5.98,1541.04,1.57,0.38,0.96,1,Rice,South,Summer,2021-04-17,F0064,6.47
2463,7.16,41.84,24.57,747.76,56.57,8.41,1460.2,1.05,1.05,0.81,2,Corn,West,Summer,2021-03-06,F0314,5.87
2464,6.83,24.87,26.39,1188.52,105.69,11.23,1824.43,1.6,0.87,1.6,2,Rice,Central,Autumn,2021-02-23,F0366,6.44
2465,7.81,27.78,26.08,851.23,249.66,3.95,1572.82,1.83,1.33,0.61,3,Rice,North,Autumn,2021-07-06,F0239,7.5
2466,8.35,42.46,17.4,511.4,146.79,10.93,1484.96,2.46,0.31,0.89,2,Corn,West,Spring,2021-01-26,F0131,5.61
2467,5.69,41.4,22.35,758.22,71.84,2.73,2378.02,2.09,0.27,0.84,4,Wheat,South,Summer,2021-08-27,F0159,4.93
2468,8.24,33.35,17.63,295.83,83.66,11.85,2762.29,1.13,0.25,1.64,6,Barley,South,Autumn,2021-09-26,F0229,4.94
2469,6.55,12.18,10.98,296.59,146.61,7.44,2967.0,1.11,0.3,0.79,2,Wheat,South,Autumn,2021-09-29,F0173,6.69
2470,8.35,29.91,30.49,460.42,206.95,1.64,1537.99,1.43,0.66,1.5,1,Corn,West,Autumn,2021-02-04,F0020,6.28
2471,5.47,31.33,28.46,1024.54,282.24,10.3,1015.5,2.83,0.45,1.83,5,Rice,East,Spring,2021-06-03,F0042,7.32
2472,8.14,44.37,15.0,697.59,263.46,2.93,2682.35,1.76,0.73,0.81,1,Barley,East,Spring,2021-04-29,F0155,7.52
2473,7.13,33.43,18.23,804.76,236.71,10.24,1370.61,1.43,0.61,1.45,5,Rice,East,Autumn,2021-02-04,F0428,7.39
2474,4.53,20.9,24.35,961.95,70.7,0.91,2184.85,1.07,0.51,1.91,5,Wheat,North,Autumn,2021-12-29,F0185,5.33
2475,6.45,11.59,34.54,353.38,65.76,13.69,2763.29,2.44,0.63,1.43,1,Soybean,South,Spring,2021-04-20,F0179,4.29
2476,7.6,13.42,20.79,1023.33,242.08,7.44,1462.33,2.39,0.8,0.67,6,Wheat,North,Summer,2021-08-29,F0190,6.62
2477,7.3,23.17,16.12,462.61,64.1,0.78,2757.96,1.88,1.03,1.88,1,Barley,Central,Summer,2021-11-28,F0284,4.76
2478,5.24,48.95,14.67,649.25,153.03,9.78,1528.2,1.79,0.86,0.99,3,Rice,South,Spring,2021-06-16,F0072,5.03
2479,5.33,19.19,32.16,491.85,249.56,12.51,2778.51,1.93,0.4,0.54,2,Wheat,South,Autumn,2021-10-04,F0190,5.95
2480,7.27,32.3,19.69,1120.96,254.52,7.49,2596.68,0.64,0.26,1.08,1,Soybean,North,Spring,2021-08-09,F0353,8.18
2481,8.01,26.52,13.48,212.69,89.06,12.68,1090.1,2.28,0.63,0.92,4,Corn,North,Summer,2021-01-01,F0069,4.51
2482,5.09,23.92,11.21,1046.05,169.9,1.06,2729.2,2.05,1.44,1.46,5,Wheat,Central,Spring,2021-11-14,F0194,8.06
2483,5.75,33.58,19.57,829.65,56.42,8.6,2312.23,2.95,0.95,1.26,6,Corn,South,Spring,2021-03-17,F0313,3.65
2484,5.25,38.63,21.55,607.32,243.21,9.0,1366.84,2.26,0.74,1.42,6,Wheat,East,Summer,2021-03-09,F0183,6.14
2485,4.7,20.5,22.25,276.62,143.73,11.25,2321.31,1.28,0.44,1.02,6,Barley,South,Spring,2021-07-26,F0360,5.67
2486,5.71,14.53,24.57,461.75,110.2,12.23,2752.54,1.26,0.49,0.83,1,Corn,Central,Summer,2021-08-23,F0444,4.55
2487,6.57,17.57,11.63,1102.7,225.97,10.57,2664.77,2.2,0.99,1.15,6,Wheat,North,Autumn,2021-02-09,F0270,7.23
2488,6.73,37.79,21.83,815.53,283.47,8.75,2287.83,1.83,0.64,1.88,6,Barley,North,Spring,2021-04-06,F0244,8.89
2489,8.04,16.9,20.81,927.48,171.39,7.77,1704.76,1.63,0.83,1.15,6,Wheat,South,Spring,2021-08-26,F0123,6.16
2490,5.69,18.64,19.05,424.49,211.58,6.47,2938.33,2.05,0.4,0.79,1,Rice,East,Autumn,2021-09-21,F0124,6.93
2491,7.23,20.11,25.7,1148.5,168.89,3.92,2415.54,1.16,0.66,0.91,5,Soybean,South,Spring,2021-02-04,F0190,7.12
2492,7.4,37.33,31.6,551.86,195.94,9.25,2865.82,0.62,1.4,1.73,3,Corn,East,Summer,2021-06-28,F0471,5.8
2493,4.89,27.61,27.97,1143.4,213.36,0.71,2659.21,1.22,0.5,0.63,5,Rice,North,Autumn,2021-09-29,F0457,6.5
2494,7.89,42.0,10.71,499.52,92.83,12.92,1266.22,0.62,1.33,0.55,2,Rice,Central,Summer,2021-07-28,F0495,6.38
2495,6.85,39.99,19.53,1108.76,213.6,5.99,1381.57,1.41,0.62,1.65,5,Barley,Central,Spring,2021-07-04,F0374,6.97
2496,4.85,35.1,34.9,646.47,294.12,6.1,2042.05,2.73,0.26,0.98,4,Wheat,Central,Summer,2021-10-21,F0270,8.26
2497,7.03,38.16,12.54,930.69,188.22,2.68,2456.47,1.61,1.13,1.56,4,Corn,West,Summer,2021-11-16,F0253,7.13
2498,7.03,27.02,19.16,858.84,201.26,13.65,1582.37,2.93,1.03,0.85,5,Barley,Central,Spring,2021-07-31,F0317,6.72
2499,8.06,44.94,30.9,400.59,227.54,10.98,2333.63,1.63,1.0,1.33,6,Soybean,Central,Autumn,2021-11-08,F0046,6.18
2500,6.19,47.48,29.17,636.27,237.72,13.33,2086.52,0.56,0.32,0.63,2,Soybean,East,Autumn,2021-10-17,F0135,6.71
2501,5.43,46.76,34.63,848.69,245.74,4.2,2240.37,0.69,1.42,1.81,6,Rice,East,Summer,2021-04-29,F0413,7.12
2502,8.42,10.8,33.98,560.76,174.19,5.68,2254.0,1.62,0.48,1.29,5,Corn,South,Autumn,2021-01-10,F0064,5.69
2503,7.94,28.04,14.74,168.23,146.48,13.44,1465.5,1.11,0.84,1.12,5,Corn,South,Spring,2021-10-20,F0164,4.13
2504,8.01,19.29,33.38,471.85,221.6,3.61,1490.09,1.38,1.06,1.48,1,Wheat,East,Summer,2021-05-23,F0073,5.67
2505,5.32,29.62,17.28,779.75,233.6,3.83,1994.46,1.43,0.44,1.31,1,Soybean,West,Spring,2021-01-08,F0121,6.7
2506,5.56,42.36,22.4,1046.93,215.59,1.39,2387.49,2.84,1.44,1.07,5,Wheat,North,Spring,2021-01-13,F0181,7.66
2507,6.93,34.27,18.32,1166.41,61.47,12.93,1102.8,2.73,0.82,1.82,1,Barley,Central,Spring,2021-04-02,F0253,4.34
2508,5.3,41.06,29.27,871.95,102.47,3.57,1184.31,2.75,0.53,0.99,4,Soybean,North,Spring,2021-08-28,F0214,7.71
2509,6.23,46.78,21.79,151.08,149.56,0.62,2552.38,1.16,0.93,1.05,1,Rice,West,Summer,2021-07-07,F0419,5.89
2510,7.66,28.61,20.86,193.68,251.21,3.26,2319.45,1.98,0.46,0.95,6,Rice,West,Summer,2021-01-12,F0244,6.44
2511,4.94,49.98,34.35,769.25,199.23,1.12,2492.49,0.57,0.28,1.99,5,Rice,North,Summer,2021-09-24,F0220,6.73
2512,6.28,43.25,19.28,985.37,184.5,13.64,1242.64,2.97,1.48,1.3,4,Wheat,West,Summer,2021-10-27,F0156,6.82
2513,5.75,29.95,32.06,327.44,84.7,8.83,1724.4,2.91,0.51,0.75,2,Soybean,East,Spring,2021-12-14,F0377,5.68
2514,6.06,31.53,27.44,462.89,296.58,13.79,2402.54,0.52,1.35,1.75,5,Corn,North,Summer,2021-06-05,F0128,7.48
2515,5.84,38.39,22.82,216.76,152.07,3.41,2300.91,1.72,0.53,1.65,6,Soybean,North,Autumn,2021-03-28,F0154,6.2
2516,7.45,26.18,21.76,884.2,223.93,7.47,2255.87,2.62,0.73,1.21,2,Rice,West,Spring,2021-11-07,F0390,6.91
2517,8.38,49.48,28.33,1091.81,149.08,11.78,1890.59,1.18,0.6,0.89,4,Corn,South,Spring,2021-12-01,F0386,5.93
2518,6.48,22.84,13.52,643.09,130.61,3.26,2069.03,2.71,0.71,1.63,2,Wheat,North,Summer,2021-01-20,F0098,7.21
2519,6.99,24.73,12.12,693.83,76.95,2.07,2329.15,2.76,0.3,0.64,4,Rice,East,Autumn,2021-09-16,F0318,5.72
2520,4.88,16.74,29.52,312.34,77.09,6.61,2553.31,1.45,1.45,1.35,1,Barley,North,Spring,2021-02-14,F0146,4.77
2521,8.47,12.25,25.32,546.08,57.41,10.59,1441.94,2.21,0.34,0.84,4,Barley,East,Autumn,2021-08-02,F0148,4.13
2522,4.84,10.03,31.3,989.16,136.82,12.88,2721.44,1.37,0.73,1.25,1,Rice,East,Spring,2021-01-09,F0246,6.74
2523,7.47,40.63,33.43,353.46,183.5,10.32,2034.88,2.28,1.15,1.7,3,Rice,West,Autumn,2021-02-08,F0021,6.4
2524,7.03,10.33,27.71,316.72,77.42,11.02,2324.57,2.61,0.78,0.67,2,Rice,North,Autumn,2021-04-01,F0196,5.28
2525,5.84,22.51,10.18,553.67,97.68,7.74,2741.2,2.71,0.58,0.59,1,Wheat,Central,Spring,2021-05-17,F0038,5.48
2526,7.52,44.28,15.76,110.52,275.42,13.83,2361.94,1.07,0.2,0.83,6,Corn,North,Autumn,2021-11-18,F0005,5.92
2527,5.49,29.89,31.27,1121.32,67.46,2.08,2114.45,1.54,1.11,1.16,4,Rice,West,Autumn,2021-08-07,F0497,4.73
2528,6.53,29.07,15.66,455.9,79.57,5.39,1449.43,1.64,0.45,1.14,5,Corn,West,Autumn,2021-10-15,F0222,5.26
2529,4.58,22.87,23.82,792.79,82.4,8.2,1879.11,1.6,1.4,1.75,5,Corn,South,Autumn,2021-07-20,F0465,5.01
2530,7.4,23.61,15.83,779.18,114.69,7.45,2791.1,0.88,0.62,1.05,2,Corn,North,Summer,2021-04-30,F0212,5.11
2531,6.44,31.92,23.48,1062.84,207.34,10.71,2629.16,2.66,0.49,1.02,1,Barley,West,Spring,2021-04-02,F0048,6.38
2532,6.67,30.06,21.76,697.62,230.93,10.89,1860.21,2.44,0.22,1.73,3,Corn,South,Spring,2021-03-11,F0346,7.55
2533,6.25,29.85,31.7,184.73,218.64,10.87,2683.65,1.69,0.25,0.8,6,Corn,South,Spring,2021-12-22,F0143,5.85
2534,8.33,24.62,17.85,1114.72,284.36,3.16,1214.7,2.36,0.34,0.62,3,Wheat,North,Summer,2021-09-05,F0194,8.97
2535,5.37,14.03,23.19,461.35,200.43,2.33,2810.41,2.74,0.8,1.99,1,Corn,West,Spring,2021-06-26,F0391,6.03
2536,5.15,41.13,10.72,441.34,134.94,1.12,2120.01,2.14,0.96,1.61,3,Wheat,Central,Summer,2021-10-26,F0031,7.74
2537,4.93,47.39,12.33,235.51,215.74,3.48,1168.64,0.89,0.34,0.75,2,Corn,West,Summer,2021-09-17,F0250,7.64
2538,4.55,34.62,15.66,347.9,206.91,5.23,1428.64,2.88,0.59,1.68,4,Barley,Central,Spring,2021-09-17,F0342,6.56
2539,6.08,26.84,23.28,1169.03,179.11,7.8,1269.87,0.89,1.43,0.94,1,Rice,West,Summer,2021-08-30,F0120,6.64
2540,8.3,39.53,33.61,1038.09,209.37,7.21,1615.12,1.21,0.54,1.29,2,Wheat,East,Summer,2021-01-08,F0258,6.61
2541,4.85,48.01,34.94,674.12,236.72,8.13,1452.24,2.83,0.65,0.56,1,Barley,East,Spring,2021-06-29,F0453,7.19
2542,6.4,36.51,27.42,474.32,71.93,7.67,1462.48,0.79,0.21,1.85,1,Rice,North,Autumn,2021-12-18,F0284,5.8
2543,5.25,12.91,20.68,492.68,262.81,11.23,2470.29,1.13,0.53,1.2,4,Rice,North,Spring,2021-09-01,F0433,6.25
2544,8.05,15.21,12.21,108.16,171.66,4.31,1701.65,1.35,1.45,0.62,6,Barley,East,Spring,2021-03-16,F0023,6.08
2545,5.79,41.77,26.96,983.77,90.23,0.32,2979.6,1.67,1.37,0.64,6,Soybean,East,Summer,2021-08-31,F0236,6.53
2546,6.22,48.37,12.19,399.48,155.79,12.33,1027.88,1.05,0.24,1.19,2,Barley,North,Autumn,2021-06-07,F0305,5.63
2547,7.89,22.07,13.3,432.87,66.32,8.6,2227.14,2.8,1.36,1.74,6,Rice,South,Summer,2021-08-12,F0323,5.99
2548,7.44,12.29,29.68,766.35,135.12,12.18,1092.4,1.83,0.59,0.89,1,Barley,South,Spring,2021-10-03,F0317,5.32
2549,7.2,11.35,23.37,610.92,144.93,7.24,2323.26,1.29,0.26,1.51,4,Wheat,North,Autumn,2021-01-13,F0228,5.86
2550,6.11,21.84,33.35,298.56,174.86,12.3,1230.56,2.39,1.11,0.86,6,Wheat,Central,Summer,2021-08-07,F0473,5.57
2551,4.8,18.8,15.91,1030.86,165.66,4.56,1244.76,0.84,1.49,1.14,5,Wheat,East,Spring,2021-09-25,F0330,6.52
2552,6.08,47.54,20.2,583.01,234.11,10.46,1071.32,1.27,1.27,1.09,2,Rice,Central,Spring,2021-12-27,F0174,6.94
2553,5.0,24.05,23.52,110.88,156.27,2.54,1711.91,1.61,0.68,1.87,1,Soybean,South,Summer,2021-10-30,F0232,6.32
2554,7.59,42.24,20.22,706.81,204.12,13.92,1604.29,0.96,0.36,1.55,4,Rice,East,Spring,2021-09-17,F0403,5.09
2555,8.02,29.37,27.55,1011.75,238.65,8.21,2494.01,1.04,0.56,1.3,6,Soybean,West,Autumn,2021-08-11,F0344,7.47
2556,5.84,29.04,32.67,1174.67,172.88,2.06,2891.59,2.42,1.35,1.44,6,Rice,Central,Spring,2021-05-29,F0460,7.08
2557,7.21,18.25,17.23,863.87,284.54,1.94,1315.5,0.84,1.32,0.69,4,Rice,Central,Summer,2021-07-07,F0469,8.43
2558,5.07,13.77,17.43,1158.83,220.52,3.09,1018.65,1.73,0.52,1.22,6,Barley,East,Summer,2021-07-20,F0494,8.2
2559,5.14,14.19,16.34,764.18,164.34,13.41,1182.72,0.96,0.31,1.95,4,Corn,Central,Spring,2021-01-30,F0457,5.44
2560,5.2,14.86,31.99,593.17,173.88,3.23,2567.74,1.2,0.77,1.28,1,Corn,Central,Summer,2021-01-09,F0342,6.17
2561,7.73,32.6,16.52,905.44,286.72,13.86,1603.97,0.71,1.49,1.73,3,Rice,East,Summer,2021-07-03,F0388,6.69
2562,6.55,17.43,27.89,895.01,266.9,0.9,2649.11,0.66,1.01,1.36,6,Rice,East,Spring,2021-02-18,F0021,8.08
2563,7.76,37.92,24.59,365.13,171.41,14.54,1562.75,0.56,0.9,1.34,4,Soybean,North,Autumn,2021-07-27,F0449,5.52
2564,6.23,14.3,19.6,659.12,160.67,4.52,2251.72,1.08,0.28,0.64,2,Wheat,Central,Spring,2021-10-22,F0391,7.19
2565,7.68,44.88,10.63,1004.06,249.36,9.7,2498.62,2.11,0.75,1.74,1,Soybean,Central,Summer,2021-09-26,F0196,6.26
2566,5.61,11.76,30.03,182.92,224.98,3.14,1269.09,1.16,0.66,1.72,5,Barley,East,Autumn,2021-08-28,F0390,5.47
2567,6.16,17.74,16.96,1056.58,138.28,4.15,2035.17,2.9,0.42,1.29,6,Soybean,North,Summer,2021-11-08,F0230,6.37
2568,5.41,48.69,33.65,648.36,74.49,13.16,2518.66,1.38,1.38,1.95,1,Soybean,North,Summer,2021-12-02,F0341,4.88
2569,5.99,15.53,33.05,539.97,252.33,0.95,1548.39,1.94,0.9,0.98,6,Wheat,South,Autumn,2021-01-12,F0046,6.61
2570,7.35,41.03,16.11,731.31,165.02,10.27,2715.53,2.94,1.43,1.35,6,Corn,East,Autumn,2021-06-09,F0136,8.44
2571,6.07,23.16,18.02,166.96,154.51,1.58,2937.25,1.13,0.27,1.07,2,Soybean,Central,Autumn,2021-02-09,F0147,6.68
2572,7.78,42.84,23.07,598.23,277.2,11.72,1921.04,0.97,0.54,1.35,5,Corn,East,Autumn,2021-11-26,F0051,6.92
2573,7.88,46.69,14.9,865.06,88.15,12.47,1993.07,2.17,0.44,0.55,2,Wheat,East,Autumn,2021-11-27,F0060,5.62
2574,7.87,38.37,15.01,586.29,248.97,12.83,1934.18,1.93,1.07,1.19,1,Soybean,South,Spring,2021-06-02,F0201,5.67
2575,7.31,29.7,13.9,648.82,82.71,4.43,1381.44,2.01,1.2,0.65,1,Soybean,Central,Spring,2021-01-20,F0139,5.79
2576,4.7,48.02,14.44,1148.18,128.45,1.35,2936.08,0.91,0.56,0.63,2,Barley,East,Summer,2021-09-05,F0046,6.03
2577,7.02,31.74,27.62,873.33,206.73,2.8,1048.74,1.54,0.93,1.28,5,Soybean,Central,Summer,2021-01-11,F0429,7.55
2578,4.52,30.58,17.14,224.6,50.78,14.65,1333.34,1.03,1.47,0.99,2,Rice,Central,Spring,2021-12-23,F0358,3.58
2579,5.68,38.12,29.46,190.55,75.69,1.17,2524.56,0.67,0.26,1.82,5,Rice,North,Summer,2021-03-08,F0140,5.66
2580,5.09,34.59,20.58,364.49,251.73,10.59,1849.94,2.65,0.52,1.69,2,Soybean,East,Summer,2021-09-19,F0428,6.78
2581,7.93,32.27,19.62,1119.06,132.33,14.91,2135.5,1.09,1.02,1.09,4,Corn,East,Autumn,2021-11-19,F0122,5.49
2582,6.9,29.48,17.35,732.59,228.84,6.27,2243.94,0.64,1.35,1.18,3,Corn,South,Autumn,2021-07-10,F0248,7.78
2583,8.49,35.41,21.3,645.64,146.14,5.74,1671.75,2.17,1.36,1.29,1,Wheat,Central,Autumn,2021-03-11,F0470,6.02
2584,8.06,22.78,11.16,818.45,108.07,2.8,2805.81,1.07,0.25,1.42,5,Barley,East,Spring,2021-02-15,F0393,5.48
2585,4.82,39.97,19.33,865.48,107.63,5.75,2921.95,3.0,0.57,0.71,3,Barley,South,Summer,2021-07-26,F0276,5.84
2586,7.98,18.21,34.53,549.69,134.22,7.91,2459.16,1.5,0.22,0.7,6,Rice,West,Autumn,2021-02-15,F0306,4.66
2587,8.23,33.08,17.52,417.81,76.68,0.62,1566.5,1.98,0.37,1.65,4,Barley,Central,Autumn,2021-04-17,F0409,5.72
2588,4.97,45.16,16.83,674.29,258.81,12.98,2256.02,0.91,0.23,0.82,1,Corn,East,Summer,2021-05-24,F0017,7.72
2589,7.21,46.38,23.09,370.68,60.8,9.61,2639.51,2.16,1.14,0.56,4,Barley,North,Spring,2021-07-07,F0140,4.9
2590,7.18,19.49,27.7,1078.71,293.44,2.31,2940.13,2.25,0.32,1.39,2,Wheat,South,Summer,2021-04-24,F0259,7.91
2591,5.73,36.25,18.9,1166.17,125.78,13.79,1392.5,1.09,1.07,1.19,2,Corn,North,Spring,2021-03-29,F0404,5.99
2592,6.17,39.97,31.94,1032.2,113.84,13.75,2781.52,0.66,0.36,1.26,1,Wheat,North,Autumn,2021-11-02,F0266,5.04
2593,4.6,36.03,32.46,283.0,129.94,4.1,1272.76,1.0,0.5,1.65,1,Wheat,South,Spring,2021-06-26,F0314,5.06
2594,7.62,25.66,32.19,600.94,290.74,5.4,2236.17,0.74,0.28,1.45,5,Rice,East,Spring,2021-12-16,F0168,7.59
2595,8.25,15.38,10.86,357.84,160.19,8.38,1690.44,1.2,0.23,1.16,5,Soybean,North,Summer,2021-03-28,F0351,6.59
2596,5.38,16.49,20.3,789.0,216.89,14.96,1327.7,0.93,1.0,0.79,5,Wheat,West,Autumn,2021-10-21,F0184,6.36
2597,5.83,33.4,30.47,446.02,82.6,2.43,1214.79,2.44,1.36,0.7,3,Rice,Central,Autumn,2021-07-05,F0070,5.05
2598,7.6,14.28,13.18,948.52,154.26,9.07,1012.8,0.8,1.27,1.35,4,Barley,Central,Summer,2021-04-27,F0179,4.97
2599,5.25,32.28,32.24,168.29,84.47,3.82,1717.33,1.33,1.24,1.13,6,Corn,West,Autumn,2021-03-01,F0115,5.29
2600,6.64,24.89,15.78,961.56,55.02,2.32,2371.14,0.67,1.38,1.43,3,Barley,South,Autumn,2021-05-25,F0429,4.52
2601,8.15,12.84,27.0,887.62,71.23,9.52,1668.49,2.66,1.39,1.58,3,Corn,Central,Spring,2021-12-30,F0375,4.93
2602,8.16,15.94,20.43,1119.53,170.58,0.52,1185.69,2.93,0.31,0.96,5,Barley,East,Summer,2021-10-24,F0469,7.38
2603,7.44,26.12,27.99,230.91,114.44,9.25,1350.91,0.73,1.23,1.49,5,Barley,South,Summer,2021-05-19,F0245,4.3
2604,5.22,14.14,21.1,649.63,147.34,11.06,2065.95,0.64,1.47,0.74,3,Soybean,South,Spring,2021-07-22,F0458,5.6
2605,5.55,21.92,17.4,1147.59,88.36,9.84,2507.05,1.17,0.77,0.56,4,Rice,South,Summer,2021-03-17,F0009,4.16
2606,4.59,26.56,14.94,776.64,286.61,12.63,2620.58,0.97,0.46,1.21,1,Barley,Central,Spring,2021-04-17,F0333,7.27
2607,7.46,30.04,19.29,966.62,164.39,4.31,1422.72,0.86,1.06,0.5,5,Rice,Central,Spring,2021-05-03,F0206,7.4
2608,5.49,37.49,12.24,302.96,100.8,0.12,2327.36,2.72,0.84,1.98,2,Soybean,East,Spring,2021-06-25,F0451,6.31
2609,7.56,12.26,10.23,1195.32,270.23,11.3,2452.3,1.62,0.98,1.88,3,Rice,South,Spring,2021-12-07,F0195,7.75
2610,6.44,31.65,26.26,754.43,151.48,11.22,1573.68,0.97,1.45,0.72,4,Rice,West,Spring,2021-05-04,F0040,6.52
2611,6.34,25.43,21.11,574.36,237.31,12.57,2079.83,1.85,0.22,1.81,2,Wheat,Central,Summer,2021-08-27,F0457,6.74
2612,7.31,35.75,27.38,414.72,136.62,8.36,2813.85,1.8,0.85,1.7,4,Wheat,West,Autumn,2021-09-18,F0301,5.87
2613,4.96,37.26,20.98,1034.08,131.68,3.68,2229.63,1.89,0.45,1.07,3,Rice,West,Summer,2021-08-28,F0319,6.6
2614,8.39,35.52,21.31,963.1,134.46,9.81,2227.71,1.49,0.56,1.95,5,Rice,West,Autumn,2021-12-27,F0379,5.18
2615,6.66,30.89,18.01,226.13,199.2,12.38,2528.34,0.78,0.31,0.8,4,Corn,Central,Summer,2021-10-25,F0241,6.59
2616,8.06,25.94,25.12,687.41,134.81,6.7,1667.14,2.56,0.81,0.63,5,Corn,West,Autumn,2021-01-12,F0467,6.75
2617,7.06,36.55,16.56,505.93,137.23,14.04,1005.71,2.18,1.17,1.99,1,Soybean,Central,Spring,2021-10-06,F0148,5.63
2618,7.5,27.62,23.39,1009.67,86.63,9.49,2021.44,1.25,0.92,1.82,3,Soybean,North,Autumn,2021-09-26,F0290,5.56
2619,4.55,29.67,26.69,987.49,167.78,14.36,2535.65,1.88,0.21,1.74,1,Corn,South,Spring,2021-06-11,F0075,5.41
2620,4.85,47.95,31.64,204.12,221.71,5.85,2810.6,2.57,1.01,1.47,1,Barley,North,Autumn,2021-08-06,F0092,7.13
2621,8.1,19.15,15.4,889.61,281.72,1.2,1189.03,2.38,0.87,1.14,4,Barley,South,Summer,2021-05-08,F0081,8.03
2622,5.12,38.9,11.92,167.22,159.24,1.97,1536.05,1.7,0.3,1.02,5,Wheat,West,Autumn,2021-07-08,F0109,6.92
2623,6.59,29.25,16.73,280.77,166.82,10.98,1185.06,1.78,0.9,0.67,5,Rice,West,Spring,2021-03-06,F0198,4.88
2624,5.53,15.8,27.43,356.53,215.34,7.08,2509.88,0.82,1.42,0.54,1,Rice,East,Summer,2021-01-22,F0384,5.96
2625,8.02,11.01,28.18,432.29,249.71,1.88,1056.37,2.3,1.21,1.42,5,Soybean,South,Summer,2021-08-04,F0053,6.22
2626,7.09,21.47,12.72,598.45,205.45,7.89,1940.34,1.35,0.32,0.61,6,Barley,East,Autumn,2021-01-06,F0093,6.56
2627,6.99,44.5,19.28,1173.2,180.59,5.11,2236.18,2.13,0.47,1.62,4,Soybean,North,Spring,2021-06-15,F0034,6.96
2628,5.39,39.47,32.32,812.27,299.33,2.58,1492.61,0.85,0.51,1.91,1,Barley,South,Autumn,2021-06-25,F0334,8.41
2629,6.47,14.98,33.44,358.92,264.38,10.74,2849.4,0.72,0.26,1.14,2,Rice,Central,Spring,2021-01-21,F0037,6.97
2630,7.98,20.71,32.33,584.04,151.33,11.15,2604.76,1.04,1.2,1.92,4,Corn,East,Summer,2021-01-31,F0492,5.76
2631,5.88,44.18,20.64,973.03,247.42,12.28,1501.05,2.42,0.41,1.99,5,Wheat,East,Autumn,2021-06-21,F0226,7.96
2632,5.71,38.98,31.31,1059.67,179.57,6.17,2760.38,0.69,1.17,0.68,5,Corn,Central,Summer,2021-08-13,F0251,6.29
2633,6.48,15.08,18.94,1069.81,139.12,1.25,2026.27,2.75,0.38,1.32,2,Rice,East,Summer,2021-01-11,F0148,6.67
2634,7.32,19.61,29.47,958.22,196.59,6.29,1511.4,0.67,0.91,1.68,1,Rice,South,Summer,2021-06-13,F0212,6.93
2635,7.46,14.86,10.72,537.18,142.2,7.78,1600.4,2.32,0.98,1.95,4,Wheat,West,Autumn,2021-10-07,F0345,6.51
2636,5.74,10.89,22.64,959.21,269.47,11.04,2201.37,2.63,0.94,0.96,3,Corn,East,Autumn,2021-09-10,F0197,7.49
2637,8.06,38.59,29.82,599.12,292.66,1.84,1210.59,1.06,0.22,1.08,1,Wheat,West,Autumn,2021-06-04,F0068,7.43
2638,5.98,39.62,33.18,206.6,108.25,14.4,2117.18,2.25,0.7,0.87,4,Barley,East,Spring,2021-07-05,F0312,4.15
2639,5.14,11.28,28.73,236.3,100.86,7.78,2809.92,1.11,0.9,0.71,6,Soybean,North,Autumn,2021-01-31,F0462,5.34
2640,4.62,31.34,18.91,632.69,283.79,4.46,1542.88,2.37,1.41,1.42,5,Barley,North,Summer,2021-09-29,F0167,7.78
2641,6.17,28.91,19.27,638.59,277.83,5.8,2547.47,2.94,1.34,0.75,2,Corn,East,Summer,2021-02-15,F0320,8.76
2642,7.79,47.87,10.82,439.96,115.17,6.28,2778.13,1.98,0.29,0.69,4,Rice,Central,Autumn,2021-12-24,F0249,5.33
2643,8.08,45.54,11.79,155.71,286.36,1.27,2812.38,1.58,0.61,1.62,3,Soybean,South,Autumn,2021-01-15,F0217,8.02
2644,7.19,15.37,32.82,279.23,143.58,10.65,1283.58,2.09,1.04,1.6,3,Corn,West,Spring,2021-07-18,F0047,6.13
2645,8.46,44.06,20.28,431.76,132.52,6.69,2389.62,2.8,0.76,1.68,1,Soybean,East,Summer,2021-03-04,F0016,5.53
2646,4.53,13.88,29.74,999.63,193.96,0.59,2312.82,2.7,1.31,1.41,6,Wheat,West,Spring,2021-07-06,F0457,6.55
2647,5.92,40.98,26.35,142.96,137.62,3.26,2266.88,2.1,0.71,1.19,3,Wheat,Central,Autumn,2021-10-30,F0224,5.42
2648,7.88,18.49,34.64,1072.82,218.52,10.82,1931.81,1.2,0.7,1.54,1,Rice,North,Autumn,2021-12-14,F0321,6.95
2649,7.56,43.51,29.86,518.71,143.32,12.63,1420.42,1.73,1.14,1.34,5,Barley,West,Autumn,2021-01-03,F0386,5.59
2650,6.45,21.2,33.84,123.08,238.06,5.91,2315.48,2.28,1.12,1.74,6,Corn,West,Spring,2021-03-22,F0446,6.41
2651,4.75,15.59,33.85,870.43,84.74,13.25,2783.09,2.91,1.1,1.34,4,Rice,East,Summer,2021-01-18,F0368,3.35
2652,5.79,14.5,30.62,147.82,104.85,14.25,1662.75,2.99,1.2,0.7,1,Rice,South,Spring,2021-06-13,F0188,4.88
2653,6.49,46.16,17.51,695.62,225.23,12.7,2912.49,2.31,1.05,1.86,2,Wheat,North,Autumn,2021-11-16,F0117,8.36
2654,4.67,17.75,29.97,497.2,94.95,7.25,2658.57,0.59,0.91,0.63,3,Soybean,North,Summer,2021-03-10,F0177,4.79
2655,6.81,49.77,29.15,545.44,145.37,4.18,1774.62,0.82,0.42,1.45,3,Soybean,East,Spring,2021-12-29,F0104,6.59
2656,7.43,14.15,22.79,789.4,225.77,9.22,2223.38,1.27,0.75,1.24,4,Corn,South,Spring,2021-02-05,F0264,5.34
2657,6.39,32.24,21.01,501.33,147.13,8.58,1908.44,1.74,1.03,0.72,4,Wheat,Central,Autumn,2021-01-25,F0210,6.1
2658,4.63,43.58,30.78,555.92,152.07,0.86,1866.5,1.46,1.47,1.0,2,Wheat,Central,Spring,2021-01-08,F0242,5.22
2659,5.22,14.12,18.17,1074.49,96.81,3.96,2916.74,2.16,0.4,0.76,4,Corn,West,Spring,2021-12-27,F0169,5.5
2660,6.47,19.9,26.49,774.28,247.96,6.83,1728.54,2.59,1.27,1.74,2,Rice,South,Summer,2021-06-24,F0021,7.54
2661,6.28,30.53,31.29,347.08,287.31,2.44,1192.97,1.45,1.27,1.45,1,Rice,East,Autumn,2021-09-28,F0373,7.72
2662,5.79,17.07,14.96,164.36,202.26,1.4,2740.23,1.27,0.73,1.79,4,Barley,Central,Autumn,2021-04-04,F0127,6.09
2663,4.79,15.48,17.25,1127.29,164.8,8.74,1502.62,0.64,0.53,0.6,4,Barley,North,Summer,2021-09-11,F0046,6.15
2664,5.98,49.26,34.82,115.81,156.82,0.7,1739.21,2.91,0.42,1.27,2,Wheat,North,Spring,2021-03-07,F0413,4.59
2665,5.74,30.37,14.08,165.92,62.86,5.75,2462.96,0.8,0.88,1.64,4,Corn,South,Autumn,2021-04-03,F0163,4.05
2666,7.02,33.7,30.75,536.54,278.86,11.35,2861.05,2.92,1.14,1.67,5,Corn,East,Spring,2021-11-23,F0254,6.95
2667,8.21,48.65,11.27,656.42,67.07,14.47,2933.63,0.77,1.03,1.66,2,Soybean,East,Autumn,2021-12-04,F0361,4.91
2668,6.99,40.25,33.28,250.25,154.49,0.19,2768.04,1.38,1.39,1.96,1,Barley,East,Autumn,2021-07-11,F0372,6.25
2669,5.47,28.87,29.37,246.54,80.42,9.37,1868.49,2.51,1.3,0.97,5,Barley,West,Autumn,2021-01-06,F0453,3.94
2670,4.91,39.14,31.44,497.71,149.21,1.97,2595.3,1.83,0.45,1.46,3,Soybean,North,Autumn,2021-05-18,F0448,6.18
2671,5.38,12.86,31.06,313.4,211.98,4.14,1467.22,1.96,1.25,1.63,6,Rice,West,Spring,2021-09-26,F0250,6.03
2672,5.13,24.42,14.23,1162.11,292.98,11.88,2143.97,1.35,1.01,0.5,1,Wheat,South,Autumn,2021-11-18,F0181,7.04
2673,5.63,34.12,19.63,782.98,213.56,3.29,2348.26,1.49,0.41,0.69,1,Soybean,North,Autumn,2021-11-04,F0402,7.82
2674,5.86,26.56,26.02,1186.1,219.62,3.76,1108.82,2.1,1.24,1.88,2,Rice,West,Autumn,2021-05-01,F0240,8.36
2675,6.89,20.78,33.96,1187.25,112.31,9.99,2111.74,0.76,1.29,1.34,4,Rice,Central,Spring,2021-07-29,F0048,6.65
2676,8.19,31.07,20.87,1175.8,265.95,11.31,1066.62,1.77,1.15,1.06,5,Rice,South,Summer,2021-10-26,F0376,7.22
2677,7.45,21.3,12.16,534.01,72.41,9.15,2936.47,0.83,1.06,0.62,3,Wheat,East,Summer,2021-08-23,F0377,4.37
2678,7.28,24.87,14.78,1169.0,290.01,12.56,1590.8,2.09,0.72,0.68,2,Wheat,West,Summer,2021-04-22,F0477,7.12
2679,6.0,25.28,32.03,1000.06,292.85,9.73,2208.7,2.48,0.66,1.21,4,Soybean,North,Autumn,2021-03-07,F0007,8.27
2680,5.89,27.66,34.28,843.4,76.13,3.87,1844.09,1.57,0.39,0.99,2,Barley,West,Summer,2021-11-22,F0384,4.22
2681,6.91,22.15,31.89,103.82,174.76,9.7,2645.91,0.99,1.48,1.45,6,Corn,Central,Summer,2021-09-07,F0001,6.21
2682,6.99,17.81,23.44,1056.12,190.75,7.41,1163.68,1.81,1.12,1.36,5,Barley,South,Autumn,2021-02-10,F0281,7.14
2683,5.27,32.27,34.85,952.53,227.56,5.42,2739.62,0.7,0.94,1.1,5,Rice,West,Autumn,2021-07-31,F0313,6.99
2684,8.29,23.84,15.28,952.19,230.03,1.3,2740.07,2.05,0.94,1.45,2,Rice,North,Autumn,2021-02-27,F0039,6.74
2685,4.81,46.14,11.13,121.93,180.17,4.26,1440.43,1.14,0.65,1.76,1,Barley,Central,Autumn,2021-06-14,F0430,6.09
2686,6.68,28.79,11.26,215.71,102.88,2.4,1513.2,2.83,0.56,0.9,4,Barley,Central,Summer,2021-07-20,F0384,5.82
2687,7.94,48.56,18.17,1190.52,160.22,4.72,1253.85,1.71,0.46,1.33,3,Rice,West,Autumn,2021-03-13,F0420,6.34
2688,5.5,46.9,22.17,829.61,142.04,11.99,1437.91,2.67,1.16,1.77,5,Rice,East,Summer,2021-12-19,F0085,6.41
2689,7.37,41.51,20.2,962.69,74.76,10.68,1133.71,0.61,0.59,0.93,4,Corn,Central,Autumn,2021-12-20,F0013,3.32
2690,8.24,48.68,21.01,193.54,296.39,1.1,1868.79,2.0,0.21,0.6,2,Rice,North,Summer,2021-05-30,F0044,8.45
2691,7.54,12.0,34.74,179.24,193.05,0.04,1557.35,1.17,1.27,1.92,1,Barley,North,Summer,2021-07-28,F0079,6.74
2692,7.04,38.1,15.05,412.63,126.38,4.39,2121.37,1.67,0.86,0.53,4,Barley,East,Summer,2021-03-07,F0067,4.93
2693,4.68,49.2,29.75,956.44,94.83,7.83,1626.49,2.74,0.62,0.95,2,Wheat,North,Autumn,2021-04-29,F0388,3.97
2694,5.36,14.5,10.3,312.77,120.06,3.08,2724.76,1.29,0.45,1.87,4,Corn,East,Spring,2021-05-18,F0061,5.7
2695,5.48,21.83,26.99,526.85,243.44,1.47,1591.82,1.31,0.58,0.75,5,Wheat,North,Autumn,2021-12-11,F0313,7.26
2696,7.69,14.17,18.82,1047.63,236.96,3.38,1380.2,2.04,0.55,1.7,1,Soybean,West,Spring,2021-10-22,F0431,7.63
2697,4.87,20.11,16.07,433.29,200.29,14.72,1509.47,1.29,0.42,1.86,6,Soybean,South,Spring,2021-01-25,F0270,6.66
2698,4.7,36.25,21.71,695.46,206.18,14.26,2981.5,2.11,0.23,1.59,6,Wheat,East,Autumn,2021-04-23,F0491,6.42
2699,7.07,14.58,26.36,747.47,73.48,6.93,1590.13,2.09,0.68,1.44,3,Soybean,North,Autumn,2021-10-09,F0262,5.84
2700,6.11,37.17,31.4,1123.82,152.99,0.81,1607.68,2.52,1.3,1.92,4,Wheat,South,Spring,2021-08-16,F0027,8.29
2701,6.78,20.83,21.99,998.59,178.91,1.69,2694.18,0.75,0.29,0.9,3,Corn,South,Autumn,2021-05-09,F0487,6.67
2702,5.09,26.63,27.25,237.34,50.82,13.14,2613.57,1.52,0.53,1.52,4,Corn,East,Autumn,2021-10-29,F0334,4.71
2703,5.64,20.05,28.4,1023.09,297.54,6.17,1637.16,2.04,0.97,0.92,3,Soybean,Central,Spring,2021-01-05,F0015,8.42
2704,6.85,40.2,12.98,1117.29,176.8,1.77,1233.09,2.47,1.49,0.94,1,Rice,Central,Spring,2021-03-11,F0403,7.23
2705,6.61,32.82,14.63,205.39,102.78,8.47,2706.37,2.79,1.05,0.96,3,Rice,South,Spring,2021-08-02,F0138,3.93
2706,5.13,25.55,17.26,439.23,174.48,7.88,1339.23,2.88,1.42,0.9,5,Barley,West,Autumn,2021-08-25,F0138,6.37
2707,6.55,36.63,11.6,916.05,146.1,1.76,2748.27,1.97,1.4,0.52,6,Corn,West,Summer,2021-04-01,F0259,6.25
2708,7.0,47.98,21.15,595.51,120.87,14.16,1007.57,1.08,1.27,0.85,4,Wheat,South,Spring,2021-09-02,F0309,5.53
2709,6.05,47.54,11.8,755.05,199.11,5.3,2856.82,0.94,1.22,0.98,4,Wheat,East,Summer,2021-11-15,F0430,6.77
2710,5.68,32.35,23.46,1033.55,168.76,10.08,2366.15,0.89,1.27,0.59,5,Wheat,North,Autumn,2021-01-12,F0352,6.8
2711,6.03,24.02,23.58,1105.92,126.3,8.28,2055.58,0.92,1.29,1.22,6,Barley,Central,Autumn,2021-12-15,F0427,6.07
2712,4.72,37.52,22.86,115.89,280.13,11.87,1740.67,1.88,1.07,1.84,2,Barley,East,Summer,2021-02-24,F0361,5.62
2713,5.93,17.83,21.35,358.38,125.63,4.14,2654.18,1.66,0.69,0.79,4,Rice,East,Summer,2021-03-20,F0068,5.59
2714,4.93,43.31,22.97,1056.66,130.82,3.89,1110.18,2.31,0.28,1.92,3,Wheat,North,Spring,2021-06-16,F0415,6.79
2715,4.96,41.43,17.67,981.48,180.19,12.73,2408.72,2.39,0.37,0.57,5,Wheat,South,Spring,2021-04-30,F0163,6.58
2716,5.71,28.81,10.56,698.2,189.57,3.69,1237.24,1.05,0.46,0.88,5,Wheat,Central,Autumn,2021-10-09,F0057,6.95
2717,5.75,20.16,20.92,341.73,257.67,10.54,2188.96,0.98,1.35,0.78,4,Rice,South,Spring,2021-07-10,F0242,7.32
2718,7.81,26.98,28.71,576.24,147.07,0.18,2353.62,3.0,1.4,1.17,3,Corn,East,Spring,2021-08-09,F0378,5.99
2719,5.2,17.62,20.88,624.71,120.75,3.83,1472.6,1.12,0.77,1.61,2,Corn,South,Autumn,2021-07-22,F0404,6.78
2720,4.69,25.34,24.53,410.27,259.42,8.34,2278.99,2.13,0.6,0.56,1,Corn,West,Summer,2021-05-10,F0111,7.48
2721,7.53,47.54,20.9,219.01,93.83,6.35,2795.64,0.79,1.46,1.35,4,Wheat,South,Spring,2021-06-04,F0365,4.77
2722,5.27,23.31,34.75,141.23,281.01,0.53,2848.48,0.7,0.52,1.27,6,Barley,West,Autumn,2021-11-11,F0381,7.32
2723,8.08,33.61,26.79,353.86,178.77,5.93,2995.45,2.65,1.07,1.69,1,Wheat,West,Summer,2021-12-28,F0390,6.03
2724,7.99,38.1,11.92,204.91,105.79,2.2,2460.82,1.16,0.66,1.62,1,Wheat,West,Summer,2021-12-29,F0421,5.06
2725,4.99,25.25,16.18,536.24,173.63,12.35,1923.93,1.45,0.24,1.8,2,Corn,West,Autumn,2021-03-20,F0060,5.13
2726,6.91,44.44,27.81,543.84,68.5,1.94,1112.87,2.24,0.66,1.9,1,Soybean,West,Summer,2021-01-06,F0397,5.18
2727,4.79,47.26,20.75,484.01,160.79,11.13,2555.38,1.42,1.04,1.12,6,Barley,East,Autumn,2021-03-14,F0343,5.57
2728,4.67,33.96,21.48,615.51,265.47,4.11,1211.88,0.83,0.3,1.84,3,Wheat,West,Spring,2021-06-03,F0011,8.18
2729,5.35,11.84,30.69,465.18,80.56,2.12,1625.08,0.68,1.36,1.86,6,Corn,Central,Autumn,2021-12-05,F0417,5.15
2730,8.02,26.48,29.73,691.91,88.35,4.75,2588.66,1.92,0.43,1.53,5,Soybean,West,Autumn,2021-02-03,F0378,5.39
2731,4.55,24.29,19.07,431.93,69.69,2.34,2716.38,0.84,1.0,1.36,1,Corn,Central,Spring,2021-01-15,F0093,4.57
2732,5.68,15.28,29.62,1044.77,155.79,2.09,1511.37,2.69,0.94,1.88,5,Wheat,South,Autumn,2021-02-28,F0148,7.6
2733,7.56,22.58,27.26,589.55,111.8,9.86,2389.05,2.22,0.93,1.21,3,Wheat,West,Autumn,2021-06-19,F0196,5.58
2734,7.22,45.61,18.77,395.94,287.21,4.08,2161.26,2.83,0.76,1.14,6,Wheat,North,Summer,2021-06-03,F0049,8.86
2735,5.8,11.22,16.16,976.32,297.0,10.13,1048.11,2.75,0.85,0.99,6,Rice,West,Summer,2021-12-04,F0245,7.63
2736,6.43,11.91,11.56,912.87,249.02,3.88,2182.92,2.61,0.71,1.64,5,Wheat,East,Autumn,2021-06-17,F0117,6.69
2737,4.83,27.7,23.75,999.47,112.27,2.92,2163.29,2.95,0.33,1.94,3,Rice,South,Summer,2021-11-11,F0121,6.81
2738,5.28,29.61,20.93,568.08,65.86,0.8,1849.05,0.78,1.11,1.5,3,Barley,North,Summer,2021-07-08,F0255,4.36
2739,7.81,45.78,12.64,927.92,198.47,3.9,2862.44,2.32,0.56,1.9,4,Soybean,East,Summer,2021-04-25,F0265,6.7
2740,5.38,47.45,14.51,790.0,246.55,0.93,1705.22,1.36,0.77,0.59,1,Soybean,South,Summer,2021-04-04,F0091,8.85
2741,4.87,44.11,13.79,617.45,228.31,6.44,2015.09,1.54,0.52,0.99,6,Corn,North,Autumn,2021-10-09,F0322,6.87
2742,8.15,11.23,30.81,609.27,97.27,12.96,2333.17,2.32,0.89,0.81,3,Wheat,East,Autumn,2021-12-20,F0158,3.97
2743,6.06,25.52,31.02,143.21,52.21,3.44,1134.34,1.38,0.94,0.9,6,Rice,North,Autumn,2021-08-23,F0181,3.79
2744,8.05,35.35,14.65,649.66,127.01,12.45,2832.33,1.31,0.2,0.65,6,Rice,Central,Spring,2021-08-23,F0299,6.1
2745,8.37,28.1,28.83,661.86,177.47,12.03,2411.56,2.81,0.86,0.89,6,Soybean,East,Summer,2021-10-19,F0022,5.22
2746,5.39,12.89,16.97,662.49,62.41,3.12,1005.02,2.42,0.91,1.76,3,Rice,East,Spring,2021-08-13,F0263,4.31
2747,6.34,37.09,13.84,686.99,204.64,12.31,1674.91,0.61,0.24,0.67,3,Soybean,South,Autumn,2021-05-04,F0120,5.45
2748,7.41,43.44,13.85,957.83,134.22,6.97,1417.44,2.02,0.2,1.28,1,Soybean,Central,Spring,2021-12-11,F0268,5.24
2749,7.03,48.88,26.14,137.23,85.14,7.28,2198.64,1.59,0.41,1.57,5,Wheat,Central,Autumn,2021-12-01,F0467,5.11
2750,7.98,38.2,23.1,987.3,106.98,7.04,2682.46,2.75,0.94,0.55,6,Soybean,East,Autumn,2021-04-30,F0384,5.85
2751,6.11,29.41,21.28,771.45,164.02,14.57,2027.72,0.6,1.06,0.8,2,Rice,North,Autumn,2021-01-24,F0058,6.84
2752,6.09,29.36,16.47,226.84,188.01,5.23,1400.4,2.02,0.47,1.74,5,Corn,East,Summer,2021-11-08,F0313,5.65
2753,6.58,16.67,13.43,1122.83,59.89,5.96,2894.36,2.48,0.81,0.89,1,Wheat,East,Autumn,2021-04-03,F0092,5.51
2754,6.73,32.14,12.81,1111.33,62.54,2.23,2635.67,2.33,0.56,1.74,2,Corn,South,Summer,2021-09-23,F0180,4.91
2755,7.33,35.61,22.85,1012.65,124.41,7.99,1950.02,2.66,1.33,0.56,4,Soybean,East,Autumn,2021-10-01,F0201,5.41
2756,7.55,14.8,34.91,1142.32,66.91,13.19,1615.34,0.6,1.26,0.6,3,Wheat,Central,Spring,2021-06-09,F0125,3.61
2757,7.74,31.8,29.93,998.35,231.04,8.38,1355.28,2.67,1.25,0.67,4,Corn,Central,Autumn,2021-12-28,F0179,7.69
2758,6.19,25.89,13.58,525.1,59.21,10.88,1863.65,2.07,0.6,1.98,4,Soybean,South,Autumn,2021-03-20,F0412,4.47
2759,7.84,34.28,33.03,330.1,163.64,3.72,1286.56,1.17,1.3,1.63,1,Soybean,North,Autumn,2021-12-26,F0127,5.23
2760,6.55,15.08,12.66,344.62,102.05,0.96,1889.89,1.56,1.12,1.05,3,Soybean,East,Summer,2021-06-03,F0226,6.06
2761,7.54,46.24,12.64,406.7,94.13,9.46,2562.14,2.14,0.57,1.88,2,Soybean,North,Summer,2021-05-03,F0245,5.71
2762,6.28,31.09,32.48,955.11,250.0,13.27,1590.47,2.35,1.43,1.97,1,Wheat,South,Spring,2021-12-23,F0112,6.67
2763,5.84,45.83,31.8,822.64,120.2,9.16,2196.78,2.83,1.08,1.65,4,Corn,South,Spring,2021-05-09,F0034,6.8
2764,4.52,16.75,13.73,1055.72,169.39,5.53,2159.59,2.32,1.4,1.43,1,Rice,Central,Autumn,2021-04-28,F0146,7.54
2765,6.98,17.14,16.16,737.59,108.55,2.44,2582.25,1.15,0.2,1.6,4,Barley,South,Spring,2021-04-02,F0290,6.21
2766,8.47,28.24,27.07,432.39,154.77,7.14,2991.66,2.61,1.38,0.96,3,Rice,East,Autumn,2021-08-06,F0303,6.41
2767,4.82,38.97,24.78,481.85,272.68,5.5,2801.71,1.87,0.88,0.76,4,Rice,West,Spring,2021-01-29,F0088,7.23
2768,5.1,36.38,29.76,459.4,256.64,11.05,2331.83,2.57,1.07,0.52,6,Rice,East,Summer,2021-08-28,F0188,6.35
2769,6.51,44.47,14.66,1194.53,239.13,3.4,1628.41,1.48,0.41,0.59,6,Rice,Central,Autumn,2021-09-14,F0082,7.39
2770,7.23,49.32,31.9,1057.91,240.13,13.74,2802.18,2.43,1.17,0.82,3,Rice,Central,Summer,2021-07-29,F0214,7.25
2771,7.14,25.07,27.23,589.28,62.88,1.13,1017.27,2.9,0.39,1.3,6,Corn,East,Autumn,2021-11-18,F0317,4.63
2772,7.45,20.09,26.22,786.19,174.25,3.28,2560.68,2.69,0.84,1.78,5,Rice,Central,Spring,2021-10-15,F0251,7.8
2773,4.77,32.4,30.94,884.03,277.47,5.7,1092.81,1.0,0.66,1.94,1,Barley,North,Autumn,2021-07-31,F0027,8.14
2774,7.39,29.12,20.74,894.51,219.19,2.63,2210.07,2.51,1.32,1.49,5,Wheat,East,Autumn,2021-04-11,F0272,7.52
2775,4.72,38.57,16.34,447.16,164.86,8.59,1384.6,2.24,1.25,1.91,5,Rice,East,Spring,2021-12-21,F0239,6.67
2776,6.7,29.28,10.56,755.45,271.04,9.17,1717.67,2.01,0.39,1.69,6,Corn,East,Summer,2021-12-25,F0029,6.41
2777,7.61,46.22,12.51,119.39,293.0,9.44,1250.74,2.41,0.57,0.64,3,Soybean,West,Autumn,2021-02-08,F0124,7.52
2778,7.68,21.66,30.25,277.68,201.67,8.5,2885.78,1.2,0.31,0.98,4,Barley,North,Autumn,2021-01-30,F0095,7.55
2779,6.23,41.93,10.18,301.72,207.19,9.32,1877.58,0.73,0.73,1.25,1,Barley,South,Autumn,2021-07-09,F0495,6.91
2780,7.68,23.58,14.66,504.13,170.03,9.87,1416.37,0.86,0.23,1.81,1,Rice,South,Autumn,2021-02-22,F0043,6.7
2781,7.2,33.22,15.97,299.42,209.94,8.0,2397.91,2.68,0.35,1.51,3,Wheat,East,Summer,2021-10-12,F0154,6.99
2782,6.2,23.91,22.22,849.59,185.49,9.15,2060.83,1.76,0.6,0.87,3,Rice,West,Spring,2021-04-15,F0440,6.81
2783,8.3,23.82,19.16,525.36,209.32,7.66,2998.36,1.29,0.2,1.47,6,Soybean,South,Spring,2021-09-02,F0114,6.77
2784,6.58,31.01,30.95,1003.31,151.43,12.97,1454.34,1.37,1.24,0.94,5,Barley,East,Summer,2021-10-05,F0132,6.68
2785,5.34,29.76,12.09,425.58,206.81,1.64,1043.95,2.23,1.22,1.87,5,Barley,North,Summer,2021-06-08,F0273,7.09
2786,5.58,49.39,15.25,750.86,243.5,5.98,2685.93,2.85,1.07,1.29,5,Rice,North,Summer,2021-05-13,F0136,8.25
2787,5.85,23.48,29.73,402.49,214.54,11.38,1950.17,1.7,1.28,1.94,1,Soybean,West,Autumn,2021-03-19,F0240,6.21
2788,5.32,15.13,13.72,538.96,133.12,3.63,1712.09,0.68,0.95,1.6,2,Wheat,Central,Summer,2021-11-23,F0098,5.26
2789,7.07,38.58,22.05,182.08,66.37,6.88,1281.58,2.49,0.34,1.57,4,Soybean,North,Summer,2021-09-18,F0219,4.34
2790,6.56,43.8,33.35,451.84,76.62,4.57,2335.55,2.23,0.47,1.42,3,Wheat,North,Spring,2021-09-22,F0292,4.82
2791,6.88,15.03,15.43,150.01,138.34,0.68,1728.31,0.84,0.49,1.72,4,Soybean,East,Summer,2021-04-03,F0129,6.41
2792,4.6,38.25,25.47,334.26,102.08,9.81,2942.73,2.05,0.75,1.67,5,Barley,West,Spring,2021-01-05,F0247,5.63
2793,7.83,22.3,26.71,433.21,221.45,14.06,2613.07,0.85,0.94,1.56,6,Corn,Central,Spring,2021-12-06,F0325,6.4
2794,4.67,47.76,22.26,387.36,105.07,11.75,2226.57,0.66,0.29,1.73,3,Wheat,West,Autumn,2021-04-13,F0004,5.03
2795,7.41,29.57,26.99,965.0,259.59,10.48,2310.77,1.95,0.62,1.4,5,Wheat,Central,Autumn,2021-11-21,F0027,6.73
2796,4.68,14.29,14.67,820.56,234.73,5.13,2662.05,1.65,1.41,0.81,1,Barley,West,Autumn,2021-06-10,F0197,6.79
2797,7.09,28.77,28.32,343.95,88.37,13.47,2011.48,1.34,0.81,1.41,3,Soybean,West,Summer,2021-10-29,F0205,3.4
2798,4.71,40.86,12.08,689.38,224.44,4.62,2992.39,1.4,0.68,0.8,1,Corn,West,Spring,2021-12-27,F0459,6.19
2799,4.84,20.75,30.82,568.0,114.42,9.36,1213.38,0.62,1.34,0.72,3,Wheat,Central,Autumn,2021-09-14,F0326,4.58
2800,6.14,13.63,26.11,977.57,258.88,10.13,2210.37,1.72,0.37,0.86,5,Soybean,West,Autumn,2021-10-21,F0016,7.76
2801,4.73,10.37,15.12,1116.35,91.55,5.17,1631.88,1.9,1.37,0.83,2,Corn,North,Summer,2021-08-29,F0020,6.02
2802,7.54,28.28,20.22,486.25,51.42,10.34,1080.4,1.87,1.14,0.62,3,Wheat,West,Spring,2021-05-21,F0314,3.32
2803,6.49,22.6,27.92,913.9,179.83,1.11,1537.72,1.17,1.28,0.7,3,Soybean,North,Summer,2021-07-05,F0033,6.95
2804,6.49,44.36,32.93,860.79,78.25,1.12,1056.41,2.09,0.2,0.94,5,Rice,East,Spring,2021-10-13,F0432,6.26
2805,7.72,41.18,24.56,771.52,115.06,4.92,1599.46,0.75,0.21,0.88,4,Soybean,North,Spring,2021-10-21,F0245,4.94
2806,6.93,14.9,25.49,203.93,158.18,10.66,2493.6,2.2,1.03,0.81,2,Corn,Central,Autumn,2021-07-04,F0079,5.36
2807,5.54,19.86,10.77,842.56,279.74,6.13,1471.63,1.89,1.39,1.76,1,Barley,East,Autumn,2021-10-26,F0242,8.21
2808,7.15,14.19,25.99,122.53,189.51,4.94,1229.86,1.06,0.4,1.27,6,Barley,West,Summer,2021-07-02,F0417,6.0
2809,7.53,24.17,28.61,828.66,171.12,12.8,1417.04,1.44,0.55,0.59,3,Barley,South,Autumn,2021-04-28,F0085,6.13
2810,7.1,41.19,12.6,484.07,82.32,0.0,1968.41,1.55,0.21,1.37,6,Barley,Central,Autumn,2021-08-14,F0350,5.46
2811,5.27,11.16,28.73,144.92,154.28,5.03,2260.78,2.91,1.0,1.45,6,Corn,South,Summer,2021-11-26,F0397,6.07
2812,4.62,47.16,33.47,102.74,132.18,7.09,2156.82,2.26,1.31,1.61,2,Corn,West,Autumn,2021-09-01,F0122,4.45
2813,7.09,21.29,18.76,1112.56,187.91,14.63,1955.04,2.53,1.02,0.82,1,Barley,North,Summer,2021-09-13,F0229,6.99
2814,5.98,39.02,27.94,938.94,128.3,2.13,1255.98,1.04,1.22,1.28,4,Corn,North,Autumn,2021-10-14,F0100,7.12
2815,7.35,26.48,22.25,1106.55,153.15,10.5,1176.83,1.33,0.27,0.61,4,Soybean,West,Summer,2021-07-21,F0037,6.08
2816,4.82,19.85,24.57,601.03,177.75,0.42,1464.86,1.14,1.11,1.73,3,Rice,West,Spring,2021-11-08,F0383,6.9
2817,6.97,42.5,22.09,773.93,106.89,2.29,2532.49,1.37,1.33,1.56,2,Barley,North,Spring,2021-08-28,F0292,6.43
2818,6.92,26.67,31.78,1101.57,273.79,4.96,1063.38,2.62,1.22,0.93,2,Barley,West,Spring,2021-08-22,F0036,8.5
2819,6.32,34.9,15.49,1070.08,114.24,12.75,2080.57,2.27,1.24,0.56,4,Barley,West,Autumn,2021-06-25,F0083,5.95
2820,8.45,31.38,17.38,195.13,210.79,14.22,1155.63,1.33,0.83,1.57,1,Rice,North,Summer,2021-02-25,F0353,5.44
2821,8.15,28.95,17.01,1083.93,132.57,7.38,2921.11,1.93,0.73,1.84,5,Soybean,West,Spring,2021-06-23,F0131,6.44
2822,7.81,29.25,34.84,1154.14,139.88,11.53,1507.09,0.9,1.31,0.81,1,Barley,West,Summer,2021-09-18,F0076,5.79
2823,4.93,16.39,34.88,823.65,114.87,13.72,2045.8,1.6,0.98,1.18,3,Wheat,West,Summer,2021-08-21,F0136,4.21
2824,4.93,46.55,19.03,887.92,155.46,13.53,2732.0,2.83,1.49,0.59,1,Wheat,East,Autumn,2021-08-17,F0178,6.57
2825,5.22,15.81,23.37,877.66,122.16,13.7,1948.05,2.56,1.0,0.64,2,Rice,East,Summer,2021-08-03,F0443,4.31
2826,8.13,32.88,18.56,718.45,177.13,12.96,2777.15,2.59,0.24,0.57,4,Rice,Central,Summer,2021-10-10,F0493,5.73
2827,5.18,35.77,27.04,593.93,229.46,6.78,1381.78,2.2,1.02,1.27,3,Wheat,East,Spring,2021-09-21,F0498,7.25
2828,5.86,31.46,18.65,654.06,185.73,10.07,1301.86,2.24,0.91,1.3,5,Soybean,East,Summer,2021-08-28,F0141,7.4
2829,7.72,25.49,11.61,417.87,113.71,5.5,1364.05,1.16,1.14,0.55,4,Rice,West,Summer,2021-03-17,F0406,5.21
2830,6.64,25.24,28.81,749.48,53.34,11.4,2842.94,0.83,0.9,1.35,4,Corn,Central,Summer,2021-04-12,F0104,3.17
2831,6.97,29.85,20.97,435.62,174.07,8.91,2357.97,1.09,0.3,1.28,4,Soybean,Central,Autumn,2021-06-18,F0134,6.1
2832,7.79,39.85,34.62,115.12,195.47,9.45,2607.54,1.28,0.89,1.2,2,Rice,North,Spring,2021-12-14,F0425,5.25
2833,5.45,42.79,28.99,114.23,282.01,11.58,2775.08,1.24,1.37,0.83,2,Rice,South,Spring,2021-11-19,F0308,6.66
2834,5.93,23.78,13.52,647.18,240.79,6.87,2043.82,2.95,1.37,1.73,6,Barley,West,Spring,2021-06-02,F0278,7.27
2835,7.25,14.79,16.1,261.63,50.73,2.59,1183.2,1.25,0.38,1.03,5,Rice,West,Summer,2021-04-16,F0322,4.37
2836,5.24,47.45,14.0,1127.81,117.7,13.72,2492.38,2.98,0.96,1.94,4,Wheat,North,Autumn,2021-05-29,F0045,4.04
2837,6.94,38.9,24.35,485.35,284.65,12.02,2580.48,2.44,0.7,1.15,2,Wheat,North,Summer,2021-02-25,F0259,7.99
2838,4.67,34.9,13.28,164.48,103.44,3.61,2083.43,1.38,0.71,1.33,1,Wheat,North,Spring,2021-07-13,F0345,5.18
2839,6.76,46.38,21.7,446.57,171.84,9.11,1774.5,1.25,1.19,1.24,4,Wheat,East,Spring,2021-10-08,F0368,6.35
2840,8.06,47.09,11.19,1149.22,53.36,10.9,1439.89,0.7,0.22,0.79,6,Barley,North,Summer,2021-12-10,F0052,4.33
2841,4.67,34.93,14.53,474.19,288.52,2.38,1951.54,2.38,0.39,0.9,4,Soybean,Central,Autumn,2021-10-16,F0233,8.06
2842,7.42,21.65,11.46,1113.93,52.45,11.42,1701.37,0.76,0.24,1.56,1,Rice,West,Autumn,2021-05-30,F0361,4.39
2843,6.02,12.64,24.13,1148.37,112.21,12.18,2322.38,1.46,0.54,1.8,1,Rice,South,Summer,2021-11-24,F0341,4.71
2844,7.32,18.86,29.48,853.06,85.82,4.89,2888.9,2.44,1.29,1.21,5,Corn,Central,Summer,2021-09-11,F0053,5.37
2845,5.78,22.57,18.89,1014.82,72.06,3.9,2626.46,1.05,0.57,1.53,5,Barley,Central,Summer,2021-06-08,F0420,5.13
2846,6.9,11.53,29.32,1170.22,130.9,1.76,2939.27,1.89,1.38,1.21,4,Soybean,North,Summer,2021-12-25,F0139,7.42
2847,6.72,38.65,19.04,593.61,298.62,0.26,1342.66,1.39,1.25,0.64,4,Corn,West,Autumn,2021-05-27,F0482,7.13
2848,8.1,22.37,29.23,689.63,163.07,13.09,1594.93,0.78,0.27,0.5,1,Rice,West,Summer,2021-04-30,F0404,5.63
2849,7.06,14.42,28.06,746.91,295.07,11.26,1350.62,1.4,0.89,1.56,3,Soybean,East,Spring,2021-02-08,F0141,7.04
2850,6.24,49.53,22.83,254.17,249.62,2.67,1445.82,0.86,0.45,1.68,3,Soybean,Central,Autumn,2021-11-14,F0345,8.2
2851,8.09,28.12,29.92,636.76,62.62,0.48,2784.99,1.99,1.19,1.56,5,Barley,Central,Spring,2021-11-14,F0315,5.15
2852,8.46,48.92,31.98,431.28,156.12,4.56,2523.32,0.8,0.76,0.58,4,Soybean,West,Autumn,2021-06-22,F0282,5.72
2853,4.91,13.45,23.98,163.28,127.79,8.29,1188.27,2.43,0.43,1.2,3,Rice,South,Spring,2021-02-28,F0268,4.65
2854,6.0,29.41,21.68,320.38,276.38,1.74,1664.0,1.36,0.91,1.79,3,Soybean,East,Spring,2021-11-10,F0321,7.26
2855,6.95,26.79,28.18,360.55,61.03,2.22,1837.96,1.06,0.54,1.12,3,Rice,Central,Summer,2021-04-17,F0440,4.76
2856,7.18,27.07,16.55,898.46,243.55,14.92,1975.85,2.47,0.58,0.69,3,Wheat,South,Spring,2021-03-19,F0392,7.29
2857,6.12,47.09,29.91,911.22,124.04,13.19,2539.57,1.63,0.78,1.49,1,Soybean,West,Summer,2021-03-24,F0219,4.71
2858,7.66,42.57,23.79,1126.99,274.62,6.13,1622.01,2.56,0.32,1.5,3,Soybean,South,Autumn,2021-10-03,F0245,8.06
2859,7.98,42.63,23.3,872.75,253.65,11.98,2970.49,1.87,0.76,1.79,6,Wheat,North,Autumn,2021-09-03,F0257,7.55
2860,7.34,34.38,11.79,120.94,71.31,8.86,2920.8,0.88,0.8,1.67,2,Barley,East,Spring,2021-11-14,F0429,4.38
2861,5.87,34.89,28.23,456.2,77.18,10.77,1465.23,2.29,0.53,1.73,2,Wheat,Central,Spring,2021-10-31,F0479,4.44
2862,6.31,30.06,12.19,523.14,133.89,5.59,2360.94,1.04,0.91,1.17,6,Rice,North,Spring,2021-03-08,F0354,6.52
2863,4.69,37.5,29.47,118.18,196.54,10.59,2493.88,0.91,0.49,1.32,1,Soybean,West,Spring,2021-04-18,F0290,5.27
2864,5.8,23.02,17.72,1071.01,155.22,14.77,2167.57,1.75,1.46,1.69,1,Corn,North,Autumn,2021-10-10,F0062,6.0
2865,4.76,27.75,34.75,731.57,298.02,0.42,2317.41,0.9,0.68,1.7,4,Corn,South,Spring,2021-01-14,F0436,6.96
2866,7.33,20.0,10.18,509.03,273.62,14.74,2231.14,1.62,1.12,1.32,4,Soybean,South,Spring,2021-03-03,F0088,7.14
2867,7.99,31.67,31.25,1177.31,153.67,11.79,1217.11,1.83,0.54,1.49,6,Wheat,North,Summer,2021-08-07,F0427,5.55
2868,6.84,17.03,14.6,658.29,156.68,14.96,1691.19,1.79,0.56,1.63,6,Wheat,Central,Summer,2021-05-07,F0307,5.92
2869,5.46,34.58,13.28,148.57,241.61,1.78,1149.74,1.96,0.43,1.43,5,Soybean,North,Summer,2021-01-03,F0346,6.23
2870,4.79,19.34,32.72,1048.52,100.19,1.55,2004.65,1.3,0.97,1.44,1,Wheat,East,Autumn,2021-01-14,F0386,5.45
2871,6.18,40.27,22.11,849.79,117.88,5.88,1508.41,2.14,0.84,0.95,3,Barley,North,Autumn,2021-05-29,F0146,5.78
2872,7.17,29.89,10.67,182.15,251.09,5.02,2138.4,1.51,0.6,0.67,4,Wheat,East,Spring,2021-07-05,F0042,7.62
2873,5.41,27.18,25.35,105.07,83.79,11.55,1174.42,1.76,0.51,1.57,4,Barley,Central,Spring,2021-08-06,F0360,3.87
2874,7.73,19.43,23.59,1145.36,213.73,5.08,2377.06,2.91,1.33,0.9,3,Corn,South,Summer,2021-02-15,F0468,6.33
2875,5.75,13.43,19.47,218.95,186.92,8.32,1503.18,2.72,1.0,1.47,2,Barley,West,Summer,2021-08-12,F0020,6.26
2876,7.17,40.12,11.12,725.43,95.11,7.17,2961.31,1.89,0.25,0.74,6,Barley,West,Autumn,2021-06-28,F0347,5.97
2877,7.75,33.81,13.03,889.46,95.72,3.22,2711.39,0.76,0.68,1.5,5,Wheat,East,Autumn,2021-08-04,F0325,5.32
2878,5.18,14.42,17.0,112.51,108.09,6.83,1753.35,2.87,0.53,0.59,5,Corn,North,Spring,2021-01-01,F0135,4.23
2879,7.34,38.33,14.06,1188.3,83.06,10.87,1367.18,0.72,0.21,1.5,2,Wheat,East,Summer,2021-04-22,F0168,4.55
2880,5.07,16.34,31.08,377.54,134.41,13.05,1339.01,2.99,0.73,1.19,5,Wheat,South,Autumn,2021-09-30,F0087,5.55
2881,8.12,22.05,16.45,1141.8,275.56,4.78,1207.7,1.83,0.61,1.2,3,Wheat,East,Autumn,2021-06-04,F0047,6.33
2882,4.62,30.78,28.23,934.29,64.52,10.37,1982.26,2.51,1.06,1.79,6,Rice,East,Spring,2021-01-10,F0402,5.63
2883,5.62,15.08,21.45,961.31,202.6,13.55,2978.34,0.99,1.12,2.0,1,Corn,North,Autumn,2021-03-12,F0377,7.81
2884,8.43,19.31,10.16,652.46,75.96,11.77,2863.7,0.87,0.78,1.84,3,Soybean,West,Autumn,2021-06-25,F0429,4.83
2885,4.9,22.96,25.4,247.49,288.63,8.86,2011.06,2.62,1.41,0.93,6,Corn,West,Spring,2021-10-19,F0452,6.7
2886,6.54,17.82,34.58,110.92,98.74,9.93,1376.97,2.24,1.42,0.92,2,Soybean,West,Spring,2021-05-03,F0499,3.98
2887,7.24,10.23,11.98,437.93,256.53,0.35,2929.37,2.05,0.84,0.62,4,Barley,East,Autumn,2021-09-07,F0453,7.42
2888,7.55,33.32,15.4,633.56,130.25,13.99,2718.54,0.65,0.63,1.1,5,Soybean,Central,Summer,2021-05-11,F0444,4.6
2889,4.85,31.8,31.98,798.56,225.02,3.11,2781.58,2.09,1.47,0.74,6,Rice,East,Summer,2021-12-31,F0143,8.59
2890,8.41,38.64,33.44,358.84,145.92,13.2,1982.58,1.91,0.63,0.54,3,Wheat,West,Autumn,2021-12-01,F0285,6.58
2891,7.0,38.39,14.85,393.11,194.13,10.31,2154.85,0.67,0.67,1.56,1,Wheat,North,Autumn,2021-07-30,F0371,6.14
2892,5.75,33.93,13.79,121.38,245.21,7.56,1496.18,1.18,1.32,1.53,6,Wheat,West,Autumn,2021-02-20,F0155,6.57
2893,7.43,48.55,11.51,295.82,199.91,0.41,2741.9,1.89,0.42,1.43,5,Corn,Central,Autumn,2021-01-27,F0051,7.85
2894,6.88,36.33,14.77,1142.07,59.31,13.89,2109.55,2.45,0.24,1.21,3,Corn,North,Spring,2021-12-24,F0143,4.59
2895,8.36,42.01,16.83,1168.42,214.72,7.76,1948.01,2.52,0.28,0.98,5,Soybean,South,Autumn,2021-06-06,F0150,6.48
2896,8.04,10.28,34.68,976.93,163.79,12.91,1866.42,2.31,0.75,1.12,6,Corn,North,Spring,2021-04-11,F0128,5.02
2897,8.4,31.2,31.24,386.6,114.9,3.7,1440.6,2.97,0.66,0.98,5,Wheat,West,Summer,2021-08-21,F0146,4.21
2898,7.21,49.18,25.0,934.4,103.71,13.48,2109.36,1.03,1.45,0.53,2,Barley,West,Autumn,2021-06-01,F0355,5.0
2899,6.09,20.27,29.08,147.02,291.2,4.47,2270.0,0.92,0.22,1.43,4,Rice,East,Autumn,2021-02-01,F0214,7.33
2900,5.76,41.24,23.03,123.05,211.14,5.21,1222.15,1.45,0.38,1.78,3,Wheat,East,Spring,2021-09-03,F0029,7.5
2901,4.5,22.04,26.2,649.45,203.79,4.27,1841.73,1.19,0.58,1.92,3,Wheat,West,Summer,2021-01-25,F0112,6.53
2902,6.44,17.96,10.65,173.53,233.46,10.02,2468.31,0.91,0.56,0.64,2,Soybean,Central,Summer,2021-07-06,F0373,6.33
2903,4.88,47.42,19.25,799.6,61.21,13.01,2977.84,2.23,0.38,1.69,3,Soybean,West,Autumn,2021-11-15,F0470,4.7
2904,7.51,26.15,15.38,739.55,263.73,2.05,1686.39,2.07,0.29,0.78,1,Rice,South,Spring,2021-04-23,F0207,9.25
2905,8.35,28.65,25.03,475.71,198.4,12.99,1421.08,3.0,0.82,1.66,3,Barley,Central,Summer,2021-11-30,F0004,6.16
2906,5.75,28.91,16.78,684.5,71.1,1.51,1057.11,2.76,0.33,0.79,1,Barley,South,Spring,2021-11-03,F0205,5.65
2907,5.9,44.28,13.05,185.23,146.11,7.91,1561.38,1.2,0.56,1.65,5,Rice,North,Summer,2021-01-14,F0067,5.1
2908,7.81,48.16,15.35,431.07,162.83,3.31,2866.98,0.82,1.1,1.72,6,Corn,South,Summer,2021-07-12,F0448,5.87
2909,7.97,31.82,34.51,284.11,178.34,13.75,1351.25,2.83,1.48,1.18,5,Corn,East,Autumn,2021-10-29,F0175,5.61
2910,7.3,15.45,26.14,861.82,197.98,10.63,2620.03,1.62,0.64,1.7,6,Barley,West,Spring,2021-10-29,F0147,6.9
2911,6.06,23.16,11.09,1071.47,299.39,3.2,1351.67,1.68,1.4,1.36,4,Barley,East,Summer,2021-02-04,F0028,8.49
2912,6.95,26.72,20.01,623.57,144.5,14.27,1503.0,1.45,1.16,0.99,1,Corn,South,Autumn,2021-01-31,F0336,4.76
2913,7.73,24.03,10.25,936.05,175.68,12.22,2503.87,2.03,1.3,1.82,5,Wheat,East,Summer,2021-12-04,F0123,6.16
2914,5.06,49.23,30.0,895.92,56.72,8.16,1010.67,0.8,0.83,0.74,5,Soybean,West,Summer,2021-04-07,F0055,4.44
2915,6.45,30.55,18.84,954.0,166.85,3.12,2667.81,2.71,1.47,0.53,4,Rice,East,Spring,2021-02-11,F0420,5.23
2916,6.0,34.24,10.21,476.87,296.39,10.26,1017.88,2.16,1.4,1.72,2,Barley,East,Spring,2021-01-20,F0378,7.24
2917,8.05,18.07,23.05,658.58,129.06,13.09,1941.35,1.37,0.69,1.66,6,Barley,West,Spring,2021-07-21,F0060,4.94
2918,4.64,27.1,31.11,593.82,299.49,7.68,1516.99,2.22,1.3,1.97,3,Barley,West,Spring,2021-12-16,F0074,8.28
2919,6.42,23.72,21.3,1069.2,274.19,10.75,1671.58,1.55,0.82,1.27,5,Soybean,Central,Summer,2021-04-14,F0008,7.97
2920,6.88,17.67,25.61,1024.14,197.25,12.15,1470.14,2.22,0.64,0.92,3,Rice,Central,Autumn,2021-03-13,F0089,7.32
2921,7.24,29.4,12.09,676.63,123.38,9.53,2893.91,0.89,1.41,0.66,3,Wheat,West,Summer,2021-11-01,F0137,4.58
2922,8.26,21.39,31.08,601.03,289.38,10.13,1707.85,2.76,0.29,1.14,4,Soybean,East,Summer,2021-01-18,F0223,7.78
2923,8.38,42.71,18.23,1189.84,254.6,13.43,2305.59,2.58,1.38,1.88,6,Rice,West,Autumn,2021-11-20,F0296,7.33
2924,4.93,40.82,20.48,158.66,252.02,7.42,2215.2,0.83,0.51,1.36,6,Barley,North,Autumn,2021-01-27,F0473,6.65
2925,5.09,39.15,20.69,279.37,275.85,5.3,2694.97,1.62,0.52,1.31,2,Soybean,South,Spring,2021-03-10,F0041,8.09
2926,7.56,22.37,32.56,637.32,232.16,1.66,1094.26,1.37,1.46,1.77,2,Barley,North,Summer,2021-09-11,F0170,7.61
2927,6.83,34.62,27.26,1155.27,50.06,2.02,1229.36,1.52,0.44,0.55,3,Rice,South,Autumn,2021-10-17,F0398,4.17
2928,5.92,10.2,11.92,1189.57,56.51,8.02,1300.63,2.73,1.36,0.83,4,Rice,North,Spring,2021-11-14,F0252,4.97
2929,7.95,11.6,11.0,325.16,161.3,0.94,1732.55,1.78,0.55,0.95,1,Rice,South,Spring,2021-03-02,F0191,6.57
2930,7.36,33.64,13.75,164.68,227.47,9.72,2364.19,2.82,0.6,1.12,4,Wheat,Central,Autumn,2021-11-29,F0094,7.04
2931,7.95,33.51,31.37,642.14,265.51,4.21,1613.36,1.8,0.22,1.49,2,Soybean,East,Spring,2021-09-04,F0058,7.03
2932,6.91,25.99,10.69,255.15,206.95,10.57,2170.0,2.33,0.7,1.23,3,Barley,East,Spring,2021-12-18,F0442,6.58
2933,7.84,13.99,33.01,540.95,115.17,5.9,1772.62,0.76,1.04,1.86,6,Wheat,South,Autumn,2021-04-02,F0392,4.93
2934,5.84,12.97,31.22,430.03,145.99,6.23,1892.9,1.69,1.23,1.89,6,Rice,West,Summer,2021-06-09,F0493,5.69
2935,6.89,22.42,21.74,159.44,171.31,7.32,1715.59,1.36,0.43,0.7,1,Barley,Central,Autumn,2021-07-10,F0236,4.57
2936,7.31,30.5,13.8,558.6,102.42,11.16,1747.99,2.68,0.97,1.54,4,Corn,East,Summer,2021-11-21,F0019,6.44
2937,8.01,32.53,21.7,1077.94,78.47,9.96,1532.72,1.77,1.32,0.8,4,Soybean,West,Summer,2021-08-25,F0369,4.98
2938,8.38,35.57,19.45,665.3,167.88,2.03,1265.14,1.93,0.93,1.47,1,Rice,East,Autumn,2021-09-24,F0084,5.75
2939,6.41,14.5,25.18,457.49,199.24,9.81,1237.06,1.73,0.72,1.78,5,Soybean,East,Summer,2021-08-21,F0039,7.04
2940,4.88,22.99,34.5,1106.61,191.55,7.57,1148.87,1.79,1.1,1.87,4,Rice,Central,Summer,2021-08-20,F0092,5.68
2941,5.68,25.17,19.69,489.94,204.43,10.59,1544.78,2.2,0.57,1.22,3,Wheat,North,Autumn,2021-03-19,F0143,5.59
2942,7.92,33.65,32.23,409.41,134.88,9.18,1205.33,2.59,1.1,0.88,4,Wheat,North,Summer,2021-07-16,F0314,5.47
2943,4.68,19.08,33.65,662.97,219.7,7.54,2448.14,1.61,0.67,1.75,3,Soybean,East,Autumn,2021-04-07,F0057,7.18
2944,7.1,14.86,29.48,839.5,153.24,2.64,2594.18,1.59,1.13,1.85,2,Wheat,North,Summer,2021-09-02,F0428,6.42
2945,6.07,21.91,16.09,1091.59,88.57,4.12,1578.56,0.87,0.64,0.74,6,Barley,South,Summer,2021-05-17,F0286,5.92
2946,7.73,32.25,21.8,777.93,284.43,1.59,2413.5,2.8,1.2,0.71,6,Corn,West,Summer,2021-09-18,F0395,8.59
2947,5.2,30.54,21.35,304.71,98.24,13.79,1899.38,2.37,0.58,0.73,6,Soybean,South,Spring,2021-01-05,F0099,3.86
2948,7.49,10.85,24.24,818.74,139.91,9.93,2260.74,1.21,0.7,1.61,5,Barley,West,Summer,2021-12-08,F0392,5.71
2949,4.52,30.81,23.78,406.42,75.7,10.0,1420.78,2.11,0.78,1.78,5,Corn,Central,Summer,2021-12-29,F0362,4.42
2950,8.14,33.17,31.15,170.19,123.81,10.0,1909.52,1.85,1.1,1.13,4,Wheat,Central,Autumn,2021-03-09,F0311,4.56
2951,7.32,20.31,12.48,1030.3,86.02,2.77,2224.2,1.5,1.44,1.39,4,Barley,South,Autumn,2021-09-16,F0452,5.66
2952,6.44,47.54,27.3,354.45,150.25,3.5,2206.59,0.72,0.64,1.11,5,Corn,West,Spring,2021-05-27,F0147,6.58
2953,4.77,19.07,15.63,1173.03,278.5,7.31,2803.62,0.99,0.75,0.55,5,Soybean,North,Autumn,2021-09-20,F0075,7.21
2954,5.24,11.55,34.36,525.21,73.09,5.67,1426.0,0.59,1.33,0.63,5,Barley,East,Autumn,2021-02-09,F0376,4.49
2955,6.4,43.78,19.89,668.44,202.49,2.62,2015.07,2.5,0.68,1.86,3,Rice,West,Spring,2021-11-18,F0426,7.46
2956,6.9,13.77,30.64,1119.9,191.25,9.11,1345.87,1.18,1.11,1.14,6,Barley,East,Autumn,2021-02-13,F0195,6.52
2957,5.11,34.93,21.24,245.8,275.93,2.13,1869.17,1.83,0.68,0.79,2,Corn,North,Summer,2021-01-22,F0292,7.58
2958,8.22,37.71,17.12,237.37,169.01,14.3,1129.73,0.54,1.49,1.88,4,Wheat,North,Spring,2021-12-01,F0393,4.93
2959,5.14,13.04,17.63,287.96,275.94,0.18,2945.92,2.65,1.45,0.83,5,Soybean,West,Spring,2021-07-25,F0402,7.5
2960,7.38,14.71,10.01,1000.21,58.21,11.2,2409.63,2.87,0.24,1.89,2,Wheat,East,Autumn,2021-05-02,F0106,5.38
2961,5.98,28.83,14.94,741.65,103.18,4.98,2952.74,0.63,1.38,1.58,6,Rice,North,Autumn,2021-08-31,F0307,5.71
2962,4.92,14.84,32.51,808.9,92.14,2.88,1815.58,2.35,0.22,0.99,1,Corn,North,Spring,2021-01-03,F0447,5.48
2963,6.58,29.04,14.67,581.48,65.33,1.36,1611.37,2.58,1.06,1.17,1,Rice,North,Summer,2021-08-15,F0187,5.58
2964,4.92,49.04,34.19,629.24,129.95,5.48,2620.17,2.96,0.58,1.49,6,Soybean,West,Spring,2021-12-22,F0460,6.18
2965,7.88,35.95,25.04,1010.58,110.34,7.51,2080.88,1.14,0.4,1.1,1,Rice,Central,Summer,2021-03-27,F0289,5.62
2966,5.48,47.12,32.93,914.4,56.43,5.79,2251.78,1.46,1.39,1.21,4,Wheat,East,Autumn,2021-12-04,F0019,5.54
2967,6.44,33.55,13.93,825.22,187.19,10.05,2168.94,2.93,1.12,1.36,1,Corn,Central,Spring,2021-12-16,F0287,8.43
2968,5.04,22.11,28.04,872.14,237.95,2.99,1494.96,1.86,0.57,1.92,4,Wheat,East,Summer,2021-02-23,F0091,7.54
2969,5.25,30.1,20.88,212.8,261.91,13.51,2382.05,2.86,0.46,1.94,2,Rice,South,Spring,2021-01-31,F0157,6.72
2970,8.01,31.95,30.82,441.4,256.07,10.02,1569.01,1.5,0.53,1.66,2,Barley,South,Summer,2021-07-04,F0366,7.91
2971,4.95,16.4,30.48,709.64,211.43,1.5,1168.25,1.52,1.28,1.59,3,Rice,Central,Spring,2021-02-10,F0346,6.68
2972,8.45,30.39,30.15,877.02,199.37,8.42,1529.77,0.59,0.28,0.95,4,Rice,North,Summer,2021-01-26,F0421,6.94
2973,7.66,39.53,17.4,700.59,70.16,1.04,2159.19,2.11,1.39,1.73,4,Wheat,East,Autumn,2021-04-07,F0069,6.55
2974,6.21,26.57,26.31,644.83,125.09,11.56,2236.96,0.72,0.44,1.24,4,Barley,Central,Spring,2021-10-21,F0148,5.74
2975,6.29,28.57,13.12,954.61,260.54,9.31,1588.0,1.93,1.28,1.63,1,Barley,Central,Autumn,2021-12-04,F0401,6.57
2976,5.23,37.04,33.32,572.04,141.23,6.26,2524.48,1.21,0.22,1.34,5,Barley,Central,Spring,2021-01-16,F0339,5.3
2977,7.25,27.18,33.62,1046.39,231.93,2.55,2897.21,2.67,1.32,0.88,6,Rice,South,Summer,2021-03-22,F0275,5.57
2978,6.34,21.85,23.37,1167.98,145.79,12.69,2608.44,1.48,1.39,1.78,1,Barley,North,Autumn,2021-10-18,F0280,6.7
2979,5.24,47.72,30.79,658.1,122.77,11.24,2049.93,2.51,1.35,1.3,3,Soybean,East,Spring,2021-07-10,F0412,5.52
2980,6.06,15.69,29.9,268.56,208.84,9.98,1919.25,1.69,0.81,0.54,4,Barley,West,Summer,2021-05-18,F0279,5.86
2981,5.31,49.41,29.11,183.64,232.12,10.66,1600.55,1.3,0.98,0.59,6,Corn,North,Spring,2021-02-16,F0233,6.19
2982,6.87,34.95,30.38,1130.45,186.52,7.27,2951.62,2.32,1.34,1.06,3,Corn,East,Spring,2021-11-27,F0029,6.89
2983,6.63,44.93,19.76,582.05,237.43,12.53,2846.35,2.05,1.24,1.78,1,Rice,North,Spring,2021-04-21,F0102,7.21
2984,7.81,18.39,23.37,207.47,297.52,8.22,2734.8,1.01,0.98,0.64,5,Rice,West,Spring,2021-10-25,F0309,7.85
2985,7.5,47.3,18.63,696.07,251.69,4.0,1827.69,2.86,1.06,0.79,4,Soybean,East,Spring,2021-05-07,F0178,8.2
2986,7.19,28.82,32.74,626.45,274.86,8.82,2174.23,1.49,0.43,1.12,5,Wheat,South,Spring,2021-09-07,F0264,7.11
2987,5.47,41.48,16.43,342.27,147.53,6.96,2019.77,1.59,0.67,1.81,1,Rice,Central,Autumn,2021-07-19,F0316,5.73
2988,4.55,20.54,30.21,476.8,251.91,13.26,1717.48,1.65,0.58,1.68,1,Soybean,North,Spring,2021-01-09,F0127,8.08
2989,7.32,30.17,33.98,113.31,63.53,5.0,1879.3,2.17,0.45,0.99,1,Barley,Central,Summer,2021-01-18,F0308,3.35
2990,4.53,16.05,26.76,614.09,184.94,12.34,2364.9,2.14,1.43,0.78,1,Soybean,South,Autumn,2021-12-11,F0050,6.85
2991,7.43,29.21,17.96,473.64,234.63,4.68,2855.24,2.49,0.99,1.77,4,Barley,South,Summer,2021-05-06,F0032,7.18
2992,5.79,16.42,27.36,862.51,262.17,0.96,1469.17,1.32,1.39,1.25,6,Barley,South,Summer,2021-06-15,F0096,8.3
2993,7.92,46.03,22.94,609.66,212.85,11.43,1011.68,2.47,1.06,1.17,5,Wheat,Central,Spring,2021-06-25,F0481,6.12
2994,5.54,38.67,26.85,446.72,194.32,13.85,1992.31,2.09,0.2,1.37,5,Wheat,East,Spring,2021-10-28,F0470,6.04
2995,6.9,39.13,31.2,551.35,213.39,6.0,2870.06,1.4,0.74,0.81,2,Wheat,East,Spring,2021-07-25,F0147,6.46
2996,5.71,26.11,18.78,1165.12,266.49,3.3,1887.7,1.21,1.36,0.99,5,Wheat,Central,Spring,2021-04-02,F0171,7.66
2997,5.0,47.68,33.96,532.54,215.12,13.09,2600.93,2.29,0.27,1.51,4,Barley,East,Summer,2021-08-28,F0044,5.92
2998,7.03,22.31,16.79,279.72,245.11,4.88,2492.07,1.88,1.25,1.21,3,Barley,North,Summer,2021-08-10,F0315,7.37
2999,5.59,25.33,13.71,564.17,218.72,2.76,2364.01,1.26,0.32,0.62,4,Corn,West,Summer,2021-10-12,F0482,6.72
3000,7.13,46.43,31.86,617.52,171.45,9.31,1372.01,0.86,0.69,0.63,3,Rice,Central,Summer,2021-06-29,F0058,5.2
3001,4.91,36.15,27.21,402.37,60.72,13.97,2802.72,1.72,0.65,1.74,2,Soybean,West,Spring,2021-10-01,F0366,3.52
3002,7.91,44.05,30.21,1083.93,71.31,1.41,2643.69,2.73,0.57,0.76,3,Wheat,North,Summer,2021-09-30,F0149,5.46
3003,5.24,27.36,34.06,1121.6,147.57,9.3,1557.95,1.09,0.75,1.19,6,Soybean,West,Autumn,2021-06-27,F0488,5.54
3004,5.28,30.42,16.13,1018.06,249.34,14.91,2977.08,0.52,0.44,1.98,3,Barley,East,Spring,2021-12-27,F0267,6.53
3005,5.96,33.97,32.28,1054.18,214.86,6.92,2841.94,2.01,1.26,0.74,1,Corn,West,Autumn,2021-05-29,F0200,6.3
3006,6.51,36.11,19.77,838.69,237.48,14.71,2745.59,0.83,0.86,1.68,6,Rice,North,Autumn,2021-12-18,F0377,7.34
3007,7.29,43.44,26.85,540.72,189.27,6.41,2352.07,1.32,0.79,1.75,5,Wheat,North,Autumn,2021-11-25,F0490,5.46
3008,6.14,26.93,16.76,906.54,174.36,6.42,2724.42,0.51,0.83,0.7,6,Barley,West,Spring,2021-09-17,F0448,7.01
3009,5.5,19.65,14.02,248.9,134.46,13.55,2035.31,2.3,0.78,1.61,5,Corn,South,Autumn,2021-05-10,F0409,5.81
3010,7.86,40.85,16.45,923.96,68.64,11.44,2987.18,0.65,1.14,0.78,3,Corn,East,Summer,2021-02-04,F0313,3.39
3011,5.68,32.28,11.5,561.93,238.27,6.89,1155.92,1.64,0.75,0.92,2,Corn,North,Spring,2021-05-15,F0445,6.17
3012,6.42,45.98,30.52,229.49,178.17,3.47,2976.65,1.19,0.8,1.24,1,Wheat,South,Autumn,2021-08-04,F0204,6.43
3013,7.57,15.64,23.53,363.91,121.55,13.78,1409.49,1.59,0.22,1.62,4,Rice,East,Spring,2021-06-30,F0471,5.04
3014,5.85,32.51,34.75,390.52,196.08,9.09,1837.15,2.5,1.03,0.83,3,Soybean,North,Autumn,2021-12-27,F0492,5.74
3015,7.0,16.02,30.99,661.44,54.42,9.9,2757.18,0.75,1.12,1.8,1,Corn,West,Spring,2021-06-15,F0334,4.0
3016,6.61,11.57,14.94,106.2,81.74,9.6,2494.82,2.59,1.01,1.32,6,Corn,Central,Spring,2021-04-01,F0107,2.87
3017,6.77,36.42,25.61,690.01,144.03,2.18,2346.52,1.91,0.43,1.07,5,Rice,North,Spring,2021-03-25,F0349,6.69
3018,7.93,16.83,24.65,430.58,239.16,0.44,2653.85,1.54,1.26,0.83,4,Soybean,South,Spring,2021-01-28,F0465,7.8
3019,8.12,10.35,25.33,1149.95,272.37,3.52,1056.93,2.47,0.49,1.54,4,Rice,North,Spring,2021-08-12,F0072,8.23
3020,4.81,29.01,31.54,284.47,92.8,11.16,2493.07,0.65,1.14,1.45,3,Rice,South,Autumn,2021-08-16,F0388,4.74
3021,8.43,25.59,28.1,624.78,250.1,13.7,1950.18,0.89,1.33,1.77,6,Rice,West,Spring,2021-01-31,F0401,7.56
3022,6.42,27.21,27.8,536.2,167.53,12.57,1695.55,2.9,1.25,1.64,1,Wheat,North,Autumn,2021-07-19,F0241,6.03
3023,7.49,39.02,25.76,341.98,156.88,2.88,1523.35,1.87,1.42,1.45,3,Rice,West,Summer,2021-10-22,F0425,5.88
3024,6.66,27.42,22.88,913.57,258.34,8.8,2358.52,2.55,1.13,1.84,3,Barley,North,Summer,2021-03-25,F0467,7.97
3025,7.58,39.44,26.42,690.19,69.86,7.25,1852.07,0.78,0.49,1.79,3,Soybean,South,Summer,2021-03-31,F0290,5.69
3026,5.44,35.99,11.6,1084.66,98.89,6.75,2109.03,2.56,1.39,1.61,6,Rice,East,Autumn,2021-02-05,F0293,5.45
3027,5.32,24.98,22.6,862.7,149.59,13.11,2974.39,2.92,0.23,1.39,4,Corn,East,Summer,2021-04-02,F0256,6.22
3028,6.69,38.22,26.8,348.45,299.53,12.07,1849.77,1.51,0.81,1.86,6,Barley,Central,Summer,2021-01-12,F0249,6.73
3029,8.25,40.13,34.3,853.14,268.82,6.72,2927.55,0.96,0.54,1.06,6,Barley,East,Autumn,2021-02-04,F0251,6.89
3030,7.61,29.85,13.85,621.87,155.03,13.28,2863.44,2.64,1.05,0.91,6,Wheat,West,Autumn,2021-09-16,F0483,5.2
3031,6.95,44.1,16.79,397.77,147.64,11.27,2024.01,2.54,0.4,0.91,5,Rice,South,Autumn,2021-08-30,F0420,4.39
3032,4.57,10.63,16.93,364.78,130.81,7.65,2325.62,0.76,0.48,0.9,6,Soybean,East,Autumn,2021-01-22,F0050,3.52
3033,7.59,17.85,18.97,331.22,191.48,5.44,2533.73,2.66,0.92,1.39,1,Rice,North,Spring,2021-03-05,F0134,6.97
3034,7.76,32.53,23.09,553.39,70.29,11.95,1453.48,2.22,0.69,0.69,2,Soybean,North,Autumn,2021-09-20,F0085,4.44
3035,8.31,47.35,17.1,620.48,286.78,4.97,2308.69,1.07,1.4,0.92,1,Rice,North,Spring,2021-03-15,F0330,6.98
3036,7.71,21.9,33.18,276.65,267.66,6.58,1748.56,0.71,1.0,1.44,4,Wheat,Central,Autumn,2021-10-18,F0153,7.31
3037,8.3,38.27,18.62,872.32,274.88,11.74,1931.64,2.38,0.41,1.32,5,Rice,West,Spring,2021-08-14,F0283,6.72
3038,4.55,42.51,33.8,1181.76,157.7,14.16,1190.95,2.66,0.92,1.38,4,Soybean,North,Spring,2021-09-28,F0430,5.78
3039,6.97,32.81,29.29,558.14,188.14,5.14,2575.77,1.44,0.49,0.63,3,Corn,East,Summer,2021-05-04,F0150,7.45
3040,7.28,31.75,20.82,864.84,223.32,1.6,2366.77,2.21,0.92,0.75,5,Rice,Central,Summer,2021-06-08,F0128,7.29
3041,5.32,30.95,29.15,1158.02,225.99,6.97,2348.71,2.78,0.42,0.58,3,Corn,Central,Autumn,2021-07-26,F0207,7.13
3042,5.04,22.59,19.03,641.93,257.99,5.15,2601.32,1.41,0.51,1.03,5,Corn,South,Spring,2021-07-03,F0053,7.07
3043,7.31,34.17,25.97,202.53,178.29,13.46,2461.96,2.92,0.94,1.5,4,Soybean,West,Autumn,2021-12-01,F0393,6.18
3044,5.67,35.53,12.98,807.01,97.5,7.58,2114.41,0.72,1.35,1.49,4,Corn,South,Autumn,2021-09-26,F0449,4.24
3045,5.51,37.98,28.45,899.11,52.58,6.66,2401.02,2.94,0.78,1.51,1,Corn,Central,Spring,2021-06-25,F0322,4.93
3046,6.14,20.67,12.33,1094.55,287.26,10.15,1649.4,2.49,0.99,1.82,6,Wheat,Central,Spring,2021-08-10,F0090,7.05
3047,8.03,28.79,21.75,970.41,269.25,14.12,1507.8,0.63,0.86,1.73,3,Barley,East,Spring,2021-02-14,F0404,6.65
3048,6.32,47.03,32.46,120.04,77.95,3.99,2559.52,1.01,0.93,1.68,5,Corn,North,Autumn,2021-03-05,F0187,5.21
3049,6.14,35.11,29.03,507.07,289.25,8.37,2175.27,1.53,1.37,1.42,3,Corn,East,Summer,2021-09-01,F0108,9.2
3050,7.8,10.33,21.03,982.75,170.13,3.64,2160.02,0.85,1.15,1.95,6,Rice,Central,Summer,2021-12-10,F0135,7.97
3051,4.77,38.3,11.95,445.07,184.08,10.65,2771.91,1.55,0.59,1.08,5,Soybean,West,Spring,2021-11-24,F0139,7.71
3052,6.18,32.2,28.53,344.21,254.03,11.06,1625.94,2.68,1.33,0.86,3,Corn,South,Autumn,2021-12-15,F0277,6.99
3053,8.08,36.53,23.55,872.06,235.13,2.63,1679.47,1.44,0.74,0.69,1,Wheat,East,Summer,2021-04-09,F0173,7.9
3054,6.56,15.16,24.13,948.8,78.3,11.6,2166.94,0.82,1.04,1.72,5,Soybean,East,Autumn,2021-12-23,F0441,5.09
3055,7.9,49.19,10.65,322.0,126.56,1.0,2798.18,1.27,1.09,1.31,3,Corn,Central,Summer,2021-01-24,F0338,6.22
3056,7.25,43.41,18.23,631.41,282.57,14.42,1900.33,2.45,1.25,1.44,1,Soybean,East,Summer,2021-08-09,F0215,7.45
3057,5.74,20.4,14.47,179.18,276.98,9.23,1558.46,1.93,0.8,1.61,4,Wheat,North,Autumn,2021-04-09,F0285,7.04
3058,5.16,31.47,31.52,850.84,214.14,5.42,2594.02,1.18,0.98,1.22,1,Soybean,West,Spring,2021-02-21,F0054,6.44
3059,5.51,48.28,19.32,768.69,154.11,12.43,2730.32,2.73,1.32,0.53,1,Rice,East,Autumn,2021-02-14,F0043,5.35
3060,6.54,21.39,21.59,896.05,297.32,2.74,1355.94,1.16,0.21,0.59,2,Rice,East,Autumn,2021-06-26,F0043,7.73
3061,7.7,37.08,31.44,865.84,280.38,6.12,1143.79,2.18,0.38,1.23,2,Wheat,North,Spring,2021-04-17,F0174,7.97
3062,7.7,32.42,29.52,760.03,249.25,7.01,1287.98,2.23,0.98,1.13,3,Corn,East,Summer,2021-09-26,F0091,7.86
3063,5.35,30.07,31.19,920.32,195.53,10.78,2549.98,1.28,0.61,0.52,3,Wheat,North,Spring,2021-01-03,F0156,6.19
3064,6.83,18.65,24.91,655.44,259.76,0.84,1132.21,1.31,0.45,1.52,5,Barley,West,Spring,2021-02-23,F0434,7.45
3065,5.53,34.51,31.53,915.36,65.36,12.4,2216.94,2.46,1.11,1.21,6,Barley,North,Spring,2021-06-22,F0495,4.62
3066,4.67,40.54,21.57,936.59,256.72,3.58,1871.85,2.61,1.03,0.93,2,Corn,Central,Summer,2021-02-26,F0124,7.21
3067,5.57,11.63,12.1,713.66,149.16,4.74,2038.52,1.03,1.4,0.91,3,Wheat,East,Spring,2021-01-29,F0283,6.26
3068,5.57,44.63,15.55,621.47,168.73,12.02,1484.52,0.87,1.03,1.87,6,Barley,North,Summer,2021-08-05,F0027,7.55
3069,7.5,42.86,18.11,1179.37,152.18,13.66,1140.11,1.05,1.39,1.6,4,Rice,East,Spring,2021-11-12,F0217,6.69
3070,4.78,18.37,32.79,327.7,282.42,7.06,2265.82,2.71,0.89,1.29,3,Barley,Central,Summer,2021-02-08,F0412,7.22
3071,4.7,30.13,20.33,638.23,105.6,3.88,1531.5,0.64,0.97,1.65,5,Rice,South,Summer,2021-03-19,F0381,5.78
3072,8.14,24.71,34.93,685.21,154.67,10.74,1864.82,1.94,0.76,1.65,2,Soybean,Central,Spring,2021-07-20,F0287,5.33
3073,6.81,22.4,17.13,592.25,68.39,3.87,1638.0,1.39,0.54,1.22,2,Corn,Central,Spring,2021-08-31,F0487,4.6
3074,5.15,42.56,18.87,259.49,263.4,0.08,1537.64,1.88,0.51,1.52,4,Barley,Central,Spring,2021-07-08,F0027,7.85
3075,5.93,46.84,17.22,351.38,76.0,0.31,2600.48,2.34,0.98,1.99,3,Rice,East,Summer,2021-12-09,F0395,5.35
3076,5.2,15.11,25.26,162.16,95.65,8.12,1465.58,2.25,1.24,1.07,4,Soybean,East,Summer,2021-04-19,F0050,4.38
3077,8.31,27.76,13.67,1030.17,216.03,3.31,1746.12,1.03,0.28,0.96,6,Corn,South,Spring,2021-11-26,F0229,6.48
3078,6.87,37.83,23.08,322.6,213.48,10.57,2943.75,1.98,1.48,1.17,1,Barley,South,Spring,2021-08-23,F0273,6.91
3079,8.0,39.66,28.28,728.13,121.85,8.55,2696.02,2.69,0.52,0.9,2,Barley,West,Summer,2021-08-02,F0280,6.08
3080,7.96,43.66,14.73,839.76,291.39,2.52,1849.34,1.19,1.16,1.73,6,Wheat,South,Spring,2021-01-13,F0363,7.83
3081,8.46,29.23,10.01,960.25,196.47,7.45,2260.15,0.67,0.89,1.34,2,Corn,West,Autumn,2021-06-25,F0034,7.27
3082,5.67,24.2,31.56,944.51,205.78,1.48,2056.07,1.94,1.02,1.68,2,Soybean,South,Autumn,2021-05-31,F0156,7.59
3083,7.44,24.99,29.79,557.42,104.28,1.03,1824.41,0.58,0.62,1.04,1,Rice,East,Summer,2021-03-16,F0280,4.97
3084,5.85,21.13,11.37,1195.5,141.33,10.46,2649.96,2.3,1.11,1.27,6,Barley,North,Spring,2021-02-09,F0192,6.21
3085,4.73,40.38,19.5,979.76,95.83,2.8,1617.76,0.73,0.26,1.05,4,Wheat,North,Spring,2021-12-26,F0433,4.79
3086,4.79,16.58,24.53,323.27,127.46,6.98,1502.14,0.67,1.16,1.36,5,Wheat,South,Autumn,2021-10-25,F0285,5.35
3087,8.38,23.31,28.53,384.81,269.65,7.9,2997.2,1.11,1.47,1.47,6,Barley,West,Spring,2021-04-14,F0096,5.94
3088,4.88,13.01,28.69,739.22,134.22,8.7,1394.17,0.6,0.27,1.81,3,Soybean,West,Spring,2021-01-02,F0361,5.04
3089,6.37,28.32,31.88,803.66,153.64,13.57,2368.54,2.73,0.27,1.28,1,Rice,East,Summer,2021-03-02,F0241,5.11
3090,6.52,48.94,31.06,462.69,115.76,4.84,2784.74,2.32,0.58,1.29,3,Barley,West,Summer,2021-07-06,F0138,6.19
3091,6.33,43.13,11.34,349.91,242.15,10.94,2927.63,0.84,1.09,1.81,1,Rice,North,Summer,2021-05-14,F0251,7.0
3092,4.66,10.94,25.03,357.81,212.08,3.09,2692.29,2.1,0.65,1.21,1,Soybean,Central,Summer,2021-06-11,F0048,6.05
3093,7.62,19.48,29.63,612.88,89.96,0.28,2046.41,1.16,0.3,1.07,2,Rice,Central,Spring,2021-10-27,F0377,6.31
3094,6.03,24.39,27.67,1091.84,145.18,5.02,2555.09,2.19,0.73,1.19,1,Rice,East,Autumn,2021-08-03,F0165,5.58
3095,5.4,44.12,13.92,344.83,217.55,8.35,2692.44,0.95,1.0,0.86,3,Corn,East,Summer,2021-07-10,F0280,6.95
3096,5.69,16.93,18.4,1030.91,211.26,8.78,2841.3,2.72,1.41,1.27,3,Wheat,East,Summer,2021-08-27,F0314,6.6
3097,6.81,39.77,18.98,188.67,107.15,7.72,1604.59,2.12,1.24,1.49,2,Corn,West,Spring,2021-11-03,F0495,4.82
3098,7.81,44.93,16.72,748.39,254.77,1.57,1655.75,0.97,0.49,1.02,2,Soybean,West,Spring,2021-01-05,F0106,7.64
3099,6.58,26.59,14.5,268.3,294.36,3.54,1444.65,1.79,0.31,0.5,3,Soybean,North,Autumn,2021-03-18,F0121,7.52
3100,5.92,29.82,12.8,431.13,205.8,3.34,2903.24,2.53,0.65,0.51,5,Barley,East,Spring,2021-10-28,F0174,6.64
3101,6.22,40.3,18.3,367.86,284.08,1.42,2272.17,0.55,1.48,1.12,5,Wheat,Central,Autumn,2021-03-07,F0412,8.72
3102,5.45,15.44,19.79,447.36,283.8,3.4,1963.43,2.2,1.08,0.89,3,Wheat,East,Autumn,2021-01-10,F0090,7.47
3103,7.02,17.36,22.8,1049.38,73.16,4.95,1132.88,0.78,0.46,1.92,6,Corn,East,Autumn,2021-09-24,F0372,4.31
3104,5.23,11.51,10.97,1114.05,70.45,8.76,1320.1,1.7,0.48,1.98,3,Rice,North,Spring,2021-07-15,F0091,5.54
3105,7.13,11.5,16.32,949.45,249.79,11.68,2242.68,1.09,0.41,1.57,6,Wheat,Central,Summer,2021-05-30,F0341,6.76
3106,5.59,49.74,28.66,1023.93,134.06,9.47,1455.83,0.55,1.31,1.67,2,Rice,West,Autumn,2021-01-12,F0061,5.68
3107,5.06,10.06,26.42,949.0,230.73,7.61,1510.59,0.97,0.85,1.71,4,Rice,South,Autumn,2021-03-28,F0491,7.64
3108,5.15,33.86,22.32,861.32,102.13,7.91,1629.93,2.88,1.16,0.53,6,Soybean,Central,Spring,2021-02-14,F0373,5.09
3109,7.67,13.8,11.19,1188.54,156.1,0.23,1353.99,1.4,1.2,0.89,6,Soybean,Central,Summer,2021-03-24,F0340,7.43
3110,5.8,31.08,28.47,1136.42,255.08,12.3,1668.5,0.68,1.35,1.74,1,Rice,South,Spring,2021-05-14,F0251,6.16
3111,4.81,30.97,26.99,1044.99,172.43,12.03,2492.69,0.77,0.44,0.69,4,Corn,West,Spring,2021-05-12,F0499,5.56
3112,8.45,27.67,25.08,1137.72,294.77,1.35,2409.55,2.71,0.86,0.56,4,Soybean,West,Summer,2021-03-31,F0291,8.87
3113,7.42,43.54,12.57,1143.68,66.64,5.5,1525.85,1.24,1.16,1.53,5,Wheat,West,Autumn,2021-12-17,F0347,6.91
3114,6.25,39.78,30.44,1024.45,210.69,5.41,2868.59,2.24,1.34,1.74,6,Wheat,North,Summer,2021-02-06,F0177,7.57
3115,6.57,25.05,22.63,654.48,73.55,5.37,1798.36,2.41,1.02,1.56,5,Barley,East,Spring,2021-07-13,F0330,4.92
3116,6.04,28.5,34.04,483.67,254.15,14.37,1587.64,0.65,0.76,1.04,4,Barley,South,Spring,2021-06-21,F0048,6.69
3117,8.11,21.28,34.58,606.42,80.1,11.12,2887.98,2.97,0.63,1.96,5,Rice,South,Summer,2021-09-12,F0490,5.36
3118,5.77,38.63,20.23,1103.24,254.77,7.47,2829.24,1.84,1.38,1.65,1,Wheat,East,Summer,2021-02-03,F0225,7.87
3119,5.54,32.4,20.87,277.19,148.66,4.19,1532.52,2.75,1.19,0.75,5,Soybean,South,Summer,2021-12-16,F0391,6.23
3120,6.42,44.54,10.9,388.3,155.89,14.25,1011.95,1.83,0.65,1.02,2,Corn,North,Autumn,2021-09-20,F0338,5.08
3121,7.0,43.77,11.72,332.13,208.62,7.26,2489.73,0.88,0.98,1.6,1,Soybean,Central,Summer,2021-02-17,F0480,6.89
3122,7.0,26.32,19.3,933.08,290.97,1.64,2978.05,1.34,1.48,1.71,4,Barley,North,Spring,2021-03-11,F0027,7.95
3123,5.67,27.51,30.86,1068.54,258.04,0.85,1864.16,0.63,0.92,1.81,4,Wheat,West,Autumn,2021-01-31,F0452,7.19
3124,8.14,27.03,15.63,1163.92,198.48,9.87,2943.45,1.83,0.26,1.32,5,Soybean,East,Autumn,2021-11-11,F0392,7.69
3125,6.07,17.66,10.54,135.46,191.85,7.61,2320.84,1.97,1.05,1.17,5,Corn,South,Summer,2021-08-29,F0187,6.49
3126,7.17,49.91,30.22,708.59,82.4,2.29,1509.23,2.9,0.9,1.28,5,Wheat,West,Spring,2021-04-19,F0123,6.6
3127,4.61,18.56,28.83,406.58,80.61,5.71,1260.82,2.92,1.05,1.25,6,Rice,East,Autumn,2021-05-23,F0450,4.45
3128,7.08,25.02,17.28,1085.02,183.65,8.5,2365.38,2.33,1.43,1.51,2,Barley,East,Spring,2021-04-08,F0419,7.5
3129,7.38,37.26,27.62,169.42,79.79,3.9,2593.28,1.49,0.27,1.38,2,Rice,South,Summer,2021-01-09,F0272,4.64
3130,6.81,16.7,13.96,288.58,57.61,12.28,2939.85,0.59,1.01,1.34,5,Soybean,Central,Spring,2021-12-22,F0163,5.08
3131,4.68,30.34,29.82,1004.11,172.04,7.75,2986.34,2.99,0.98,0.77,3,Wheat,South,Autumn,2021-02-05,F0475,7.17
3132,5.41,27.15,15.65,116.8,192.71,13.84,2907.12,1.67,0.72,1.71,1,Soybean,North,Spring,2021-07-22,F0210,6.02
3133,4.87,47.63,34.48,779.84,112.58,8.65,2630.84,1.49,1.02,1.09,2,Barley,East,Summer,2021-03-24,F0278,4.77
3134,6.44,27.42,14.48,443.51,93.98,3.28,2629.18,1.74,0.85,0.86,1,Wheat,East,Summer,2021-11-25,F0370,4.69
3135,8.31,44.42,14.96,1002.3,146.61,6.7,2447.47,1.02,0.55,1.18,4,Soybean,North,Spring,2021-06-27,F0433,5.89
3136,4.81,37.59,28.87,195.32,148.11,1.97,2519.54,0.65,1.19,1.55,5,Corn,Central,Summer,2021-03-08,F0253,5.71
3137,8.22,34.87,21.43,355.21,250.36,1.96,2996.07,2.39,0.36,0.73,4,Wheat,South,Spring,2021-06-03,F0148,7.03
3138,7.15,23.49,24.53,893.62,190.1,12.72,1491.0,1.88,0.8,0.68,6,Barley,Central,Spring,2021-07-14,F0259,5.34
3139,4.73,11.64,20.62,615.63,52.43,14.05,2005.41,2.39,0.48,0.85,2,Soybean,East,Summer,2021-06-28,F0045,4.25
3140,7.9,42.05,15.59,918.49,114.14,6.52,2439.84,2.48,0.99,1.18,3,Rice,Central,Autumn,2021-01-02,F0097,6.46
3141,6.91,17.96,34.9,1104.57,152.12,9.56,1287.25,1.0,0.79,1.52,4,Corn,West,Summer,2021-10-01,F0467,6.19
3142,5.68,28.55,26.7,289.41,194.52,7.32,2835.0,2.72,1.07,1.98,2,Soybean,East,Spring,2021-01-15,F0397,6.71
3143,5.63,27.57,16.89,808.25,224.78,0.77,2698.52,0.67,0.49,1.76,3,Soybean,East,Autumn,2021-01-03,F0163,7.17
3144,7.53,19.79,32.73,131.8,195.61,6.81,1602.93,0.56,1.15,0.95,5,Rice,Central,Autumn,2021-08-16,F0447,5.55
3145,4.78,14.33,16.71,459.01,117.05,5.4,1580.97,3.0,1.08,1.93,5,Rice,North,Summer,2021-02-06,F0197,5.88
3146,6.34,27.89,13.05,103.72,90.46,11.62,1016.96,1.8,1.14,1.55,2,Rice,South,Spring,2021-01-12,F0262,4.24
3147,5.59,46.33,28.89,378.89,145.11,5.51,1423.26,0.51,0.37,1.51,6,Barley,East,Autumn,2021-01-13,F0121,5.82
3148,8.22,26.6,12.82,884.61,54.35,11.7,2010.71,2.41,1.4,1.0,4,Barley,North,Spring,2021-04-11,F0225,4.77
3149,6.71,33.43,17.24,657.0,211.6,8.09,2055.44,2.77,0.23,0.93,2,Wheat,East,Spring,2021-11-15,F0163,6.55
3150,7.19,15.1,20.89,1073.31,199.79,5.91,2052.71,2.65,0.93,1.63,3,Rice,West,Summer,2021-04-19,F0064,6.84
3151,4.92,23.7,22.5,545.2,67.25,8.53,2843.06,1.5,0.41,1.51,3,Rice,West,Spring,2021-02-23,F0293,4.91
3152,5.58,39.36,27.47,763.86,184.58,8.96,1987.55,0.56,0.86,0.54,3,Rice,West,Spring,2021-08-14,F0420,7.28
3153,8.47,49.4,31.13,346.23,204.03,8.39,1242.22,1.93,0.82,1.32,2,Soybean,West,Spring,2021-05-10,F0011,6.47
3154,4.87,20.43,14.62,752.68,73.96,8.2,2777.01,1.92,0.27,1.4,1,Soybean,East,Summer,2021-05-12,F0347,4.63
3155,4.93,35.57,27.97,424.16,125.72,8.26,2022.22,1.31,1.41,1.6,5,Barley,North,Spring,2021-06-03,F0444,6.01
3156,6.14,38.94,20.49,161.23,211.55,3.85,1689.15,0.93,1.29,1.13,4,Rice,East,Summer,2021-04-06,F0261,6.28
3157,6.85,34.55,10.41,1178.11,120.66,2.31,1333.76,1.42,1.04,0.55,1,Barley,West,Summer,2021-08-23,F0142,6.34
3158,8.05,40.67,24.84,511.52,266.59,11.93,2760.27,2.4,1.42,1.87,6,Corn,Central,Summer,2021-02-14,F0251,6.94
3159,7.72,46.12,29.62,1037.3,99.12,1.72,1078.52,2.64,0.96,1.03,4,Barley,East,Autumn,2021-05-25,F0399,6.05
3160,5.5,17.14,31.19,785.04,236.86,3.54,2005.06,0.87,1.24,1.7,3,Barley,North,Spring,2021-11-03,F0384,7.75
3161,8.38,22.65,10.5,736.32,103.36,1.1,2911.4,1.75,0.59,1.18,3,Barley,West,Spring,2021-08-17,F0337,4.45
3162,7.31,43.26,21.31,972.56,243.27,5.83,2846.07,0.8,0.24,1.19,2,Soybean,East,Spring,2021-10-16,F0468,7.66
3163,5.8,17.79,18.81,1031.4,137.59,12.24,1189.02,1.75,1.45,1.58,5,Corn,Central,Autumn,2021-10-21,F0118,5.34
3164,7.1,43.63,29.91,708.48,133.9,5.09,2191.37,2.96,0.48,1.88,5,Barley,West,Summer,2021-06-17,F0010,5.99
3165,6.39,10.85,23.73,222.15,229.32,3.01,2924.0,2.99,0.67,1.99,5,Soybean,South,Autumn,2021-04-13,F0428,7.65
3166,4.64,37.09,32.21,972.15,202.52,7.13,1177.59,1.59,1.38,1.6,1,Barley,South,Spring,2021-02-25,F0480,6.19
3167,4.78,20.96,33.79,1187.98,238.63,11.71,1969.92,1.85,0.24,1.46,4,Barley,North,Autumn,2021-04-25,F0459,6.34
3168,6.88,29.49,20.61,845.51,202.15,4.56,2018.32,2.88,1.13,0.82,4,Corn,West,Autumn,2021-12-02,F0341,6.85
3169,6.24,21.15,32.47,609.85,164.02,8.38,2163.23,2.26,1.48,1.36,1,Corn,Central,Summer,2021-11-14,F0125,6.34
3170,6.14,40.56,19.0,900.39,218.8,14.53,1127.79,2.84,1.02,0.86,3,Rice,South,Spring,2021-09-18,F0374,6.26
3171,6.76,27.56,24.85,685.9,124.35,4.85,2166.97,2.67,1.37,0.93,2,Rice,East,Autumn,2021-10-15,F0447,6.34
3172,8.3,16.9,12.0,542.66,166.89,6.89,2900.43,2.74,0.74,1.5,3,Soybean,West,Autumn,2021-08-09,F0264,7.3
3173,8.11,26.68,18.75,274.21,223.7,13.0,1586.62,2.71,0.58,1.49,5,Barley,North,Summer,2021-08-09,F0343,5.71
3174,5.59,29.01,27.94,937.07,255.14,7.29,1972.44,1.77,1.21,1.58,4,Corn,East,Spring,2021-12-28,F0428,7.05
3175,4.56,37.16,16.09,312.38,263.01,13.78,1885.42,0.53,0.34,1.34,3,Soybean,West,Spring,2021-04-14,F0359,5.87
3176,8.09,22.53,25.34,1026.22,279.41,7.61,2438.42,2.14,1.12,1.58,5,Corn,East,Summer,2021-05-24,F0459,8.97
3177,7.06,22.07,25.97,360.13,204.32,3.51,1617.23,1.28,0.41,1.82,1,Rice,Central,Spring,2021-02-21,F0372,6.79
3178,7.47,43.69,32.44,966.24,229.29,6.86,1738.59,2.34,0.52,1.51,1,Rice,East,Autumn,2021-03-30,F0089,6.56
3179,7.62,13.52,29.33,495.43,233.9,7.72,1983.62,1.65,0.79,1.8,2,Soybean,East,Spring,2021-07-15,F0250,6.67
3180,4.73,14.7,23.61,659.7,79.8,5.25,1325.8,2.84,0.3,1.66,3,Barley,South,Summer,2021-09-23,F0145,4.03
3181,4.59,33.23,17.87,718.57,116.26,14.29,2675.81,2.27,0.32,1.64,5,Rice,Central,Spring,2021-01-17,F0365,5.46
3182,7.98,12.09,32.35,908.52,181.74,10.66,2688.0,2.23,1.4,1.53,5,Rice,West,Spring,2021-07-29,F0456,6.57
3183,5.4,24.03,34.58,730.65,112.39,8.54,2721.59,2.97,0.45,0.78,1,Corn,Central,Spring,2021-01-21,F0184,5.14
3184,7.38,49.57,29.06,985.0,219.22,13.24,1536.79,2.05,0.35,1.64,5,Soybean,West,Spring,2021-01-14,F0161,6.96
3185,7.95,29.81,20.19,387.92,152.94,13.98,1417.83,2.23,0.76,0.76,3,Soybean,West,Summer,2021-11-02,F0187,5.4
3186,6.19,33.57,11.91,520.83,186.11,10.21,2164.77,2.43,0.36,1.4,4,Barley,South,Spring,2021-12-20,F0040,6.22
3187,4.96,38.2,11.84,418.2,220.57,6.18,2073.22,1.4,1.2,1.66,1,Rice,North,Autumn,2021-05-28,F0428,8.12
3188,4.62,45.6,20.97,171.0,195.48,13.79,1178.58,0.7,0.59,0.95,4,Rice,Central,Autumn,2021-09-02,F0192,6.47
3189,4.88,12.21,21.4,896.8,161.1,9.78,2194.39,0.54,0.66,1.97,2,Barley,West,Autumn,2021-12-13,F0343,5.35
3190,7.84,29.56,25.35,583.63,71.71,14.43,2136.18,2.79,1.49,1.34,4,Wheat,East,Autumn,2021-06-02,F0497,4.19
3191,6.8,34.83,22.87,768.23,179.68,12.11,1766.31,1.56,1.31,0.94,1,Barley,North,Spring,2021-01-26,F0180,5.92
3192,6.8,41.07,19.5,646.7,259.62,1.96,1098.91,1.94,1.48,1.7,4,Rice,West,Spring,2021-09-24,F0035,8.05
3193,5.06,18.85,29.31,451.76,188.66,9.25,1115.95,0.96,1.02,0.67,5,Soybean,South,Summer,2021-03-17,F0327,6.96
3194,8.15,31.98,27.68,960.45,87.05,13.56,2111.08,2.78,0.57,1.16,4,Corn,Central,Spring,2021-01-05,F0293,5.09
3195,7.76,43.96,12.11,816.75,91.39,5.0,1883.45,1.75,0.49,0.53,5,Rice,North,Autumn,2021-04-16,F0158,5.61
3196,4.88,23.78,34.69,550.15,288.75,7.32,1500.92,2.52,0.95,0.72,6,Wheat,Central,Summer,2021-10-18,F0269,7.23
3197,6.47,38.65,31.96,854.32,198.5,11.75,1299.25,1.24,0.28,1.66,2,Wheat,North,Summer,2021-01-06,F0104,6.54
3198,4.97,30.09,18.54,877.75,238.83,12.33,1172.61,1.53,0.59,0.53,6,Wheat,North,Spring,2021-12-03,F0381,6.78
3199,5.86,49.63,30.69,226.21,117.87,9.29,2487.29,2.72,0.88,0.79,1,Barley,South,Summer,2021-02-16,F0206,4.87
3200,5.82,13.46,30.56,1011.98,274.19,14.52,1952.11,2.57,0.84,0.86,6,Soybean,East,Summer,2021-10-26,F0313,6.58
3201,7.08,15.67,21.55,180.1,105.79,7.95,1809.02,1.3,1.47,1.69,4,Wheat,East,Summer,2021-02-05,F0178,5.17
3202,8.22,42.33,28.24,476.9,275.37,1.15,2832.1,2.86,0.36,1.45,6,Rice,East,Summer,2021-01-21,F0258,8.75
3203,8.06,22.89,20.27,659.54,218.59,8.21,2887.73,1.77,1.39,1.62,5,Soybean,East,Autumn,2021-07-02,F0005,6.84
3204,6.88,19.03,11.36,178.06,251.58,1.15,2711.13,2.66,1.33,0.51,4,Barley,South,Autumn,2021-01-15,F0158,6.39
3205,6.45,38.53,34.44,420.74,160.96,13.69,1325.44,2.18,0.9,1.05,5,Soybean,Central,Spring,2021-10-20,F0070,5.34
3206,6.67,31.74,11.67,289.89,97.24,13.67,1173.78,0.76,0.25,1.03,6,Corn,East,Summer,2021-12-16,F0071,4.78
3207,7.65,32.62,19.04,1162.94,95.81,13.57,1473.89,2.08,1.28,1.72,6,Corn,West,Spring,2021-05-21,F0457,4.57
3208,6.4,12.33,28.0,432.7,204.3,4.94,1152.34,1.81,0.54,1.73,5,Soybean,West,Spring,2021-10-23,F0260,6.53
3209,7.82,34.91,30.68,466.65,213.82,10.88,1588.8,1.72,0.95,1.72,2,Corn,South,Spring,2021-02-16,F0213,6.79
3210,5.16,45.98,10.15,375.62,60.88,7.62,2442.6,2.46,0.36,0.83,2,Soybean,East,Summer,2021-05-26,F0443,4.82
3211,6.16,10.99,10.32,351.74,102.84,4.65,1265.83,2.95,0.43,0.65,3,Wheat,South,Spring,2021-07-07,F0280,5.48
3212,6.56,41.26,11.23,1192.31,205.78,11.76,1113.46,1.19,0.41,1.14,2,Wheat,West,Summer,2021-04-17,F0454,7.26
3213,7.88,11.66,11.79,196.1,270.83,1.01,2882.66,1.63,0.84,1.45,5,Wheat,Central,Spring,2021-08-27,F0494,8.47
3214,6.53,37.08,22.87,853.19,120.81,2.38,2489.76,1.08,1.38,1.66,5,Wheat,North,Summer,2021-07-23,F0153,6.86
3215,8.33,11.48,24.26,661.34,116.97,2.78,1500.62,0.77,0.78,1.64,4,Wheat,South,Spring,2021-08-19,F0325,5.03
3216,5.9,36.59,26.95,215.93,144.14,12.04,1484.32,1.76,0.52,0.71,6,Corn,West,Spring,2021-12-03,F0379,5.18
3217,8.0,45.13,33.19,263.4,183.92,2.83,1105.02,1.18,0.88,1.94,3,Soybean,North,Autumn,2021-08-13,F0047,6.71
3218,5.06,28.16,32.04,273.35,152.37,2.3,1888.73,1.36,1.03,1.07,6,Corn,South,Autumn,2021-05-08,F0026,5.48
3219,5.1,16.23,25.1,477.19,285.41,0.03,1238.41,1.18,1.32,0.57,6,Soybean,Central,Autumn,2021-11-18,F0095,8.93
3220,5.97,10.47,32.22,285.85,257.91,2.95,1706.15,0.85,0.62,0.75,2,Wheat,East,Autumn,2021-02-07,F0423,7.15
3221,5.19,47.92,17.63,189.53,91.87,13.51,1898.51,1.97,0.5,1.44,4,Corn,East,Summer,2021-06-08,F0235,3.51
3222,6.78,17.92,16.47,977.19,155.87,12.98,1345.2,1.36,0.69,1.04,6,Corn,North,Autumn,2021-02-22,F0318,7.42
3223,7.7,34.99,27.09,520.13,196.23,5.59,1265.71,0.58,0.33,1.89,2,Wheat,South,Spring,2021-02-17,F0360,6.27
3224,6.79,37.99,24.09,870.21,228.81,9.71,2078.12,0.63,1.24,1.82,6,Rice,East,Spring,2021-11-16,F0133,7.87
3225,7.78,17.76,11.61,657.44,265.08,8.18,1678.94,0.68,0.25,0.72,1,Barley,Central,Spring,2021-01-16,F0125,7.05
3226,4.89,10.84,13.08,640.63,271.47,8.67,2937.11,1.63,1.45,0.71,4,Barley,West,Spring,2021-12-08,F0439,7.45
3227,6.84,22.14,14.36,954.95,103.68,12.28,1211.96,1.83,1.46,1.76,6,Corn,West,Autumn,2021-11-22,F0094,6.36
3228,6.52,25.94,29.79,910.03,232.92,7.53,1479.23,2.83,1.37,1.24,1,Wheat,Central,Autumn,2021-02-05,F0301,5.98
3229,5.41,26.81,16.68,645.83,138.47,7.4,1564.08,2.62,0.96,0.87,6,Barley,East,Summer,2021-08-08,F0258,5.21
3230,5.51,26.84,31.74,975.64,159.99,1.37,2661.29,2.96,1.42,0.89,1,Wheat,North,Summer,2021-09-23,F0190,6.14
3231,5.24,18.01,12.83,1078.96,158.99,11.06,1812.32,2.4,0.48,1.49,3,Soybean,South,Autumn,2021-03-18,F0030,5.99
3232,4.73,28.16,21.59,979.26,83.5,13.69,1368.53,1.4,1.11,0.65,3,Barley,West,Spring,2021-06-24,F0127,4.18
3233,5.99,19.68,28.67,1173.87,290.22,9.03,2164.13,2.13,1.02,0.85,5,Rice,South,Spring,2021-08-12,F0413,7.86
3234,6.6,15.15,18.46,879.87,145.86,0.48,2073.51,1.02,0.67,1.71,1,Barley,East,Autumn,2021-05-19,F0060,6.46
3235,6.83,32.0,16.63,793.47,57.04,9.35,2078.3,2.79,0.71,1.57,5,Wheat,West,Spring,2021-04-28,F0332,5.74
3236,7.79,13.48,24.53,1177.19,192.24,0.98,1294.54,2.4,1.28,1.97,3,Corn,West,Autumn,2021-04-10,F0019,8.53
3237,5.72,39.1,13.94,286.77,52.8,8.45,1511.65,3.0,0.32,0.7,1,Rice,East,Autumn,2021-05-03,F0201,3.92
3238,6.09,46.49,27.57,672.28,110.86,2.73,1522.22,1.81,1.31,1.71,6,Wheat,East,Summer,2021-05-29,F0367,5.17
3239,8.17,14.1,33.43,1088.15,117.07,14.19,2846.06,2.45,0.92,0.87,2,Wheat,East,Spring,2021-04-26,F0240,4.73
3240,5.49,16.29,21.6,572.93,261.9,6.21,1460.46,1.54,1.33,1.71,2,Corn,South,Spring,2021-01-18,F0086,6.8
3241,5.83,43.53,22.29,805.88,209.08,5.53,1180.04,1.73,1.13,1.0,2,Barley,North,Autumn,2021-02-21,F0024,7.8
3242,5.99,17.56,22.52,1014.69,212.88,12.57,2290.91,2.8,0.49,1.18,4,Wheat,South,Autumn,2021-12-12,F0257,5.54
3243,7.27,39.04,32.24,187.37,231.23,13.94,1806.92,0.71,0.88,0.57,4,Corn,South,Summer,2021-08-06,F0208,5.79
3244,7.13,25.96,10.83,300.67,194.06,2.49,1924.64,1.27,0.24,1.84,1,Wheat,South,Spring,2021-08-10,F0321,7.46
3245,7.27,44.51,12.87,737.49,211.9,1.18,2562.77,2.89,1.17,1.83,6,Wheat,East,Spring,2021-08-31,F0197,8.87
3246,7.86,38.09,20.0,616.54,237.4,4.12,1903.65,2.83,1.35,1.23,2,Corn,East,Summer,2021-01-10,F0310,8.16
3247,7.1,15.05,27.01,688.64,249.7,4.89,2435.38,2.3,1.01,1.47,1,Wheat,North,Summer,2021-12-01,F0267,6.94
3248,6.51,27.72,23.05,753.41,64.63,1.29,2655.33,2.49,0.52,1.53,3,Barley,North,Autumn,2021-02-27,F0325,5.43
3249,5.6,29.01,31.38,208.16,58.84,13.13,2191.38,1.8,0.92,1.45,3,Corn,East,Summer,2021-12-05,F0206,3.29
3250,7.62,19.47,18.24,218.96,204.36,9.25,2619.25,2.71,0.24,1.38,2,Corn,West,Autumn,2021-05-18,F0313,6.3
3251,4.66,32.77,26.4,939.61,276.53,14.75,2710.48,0.88,0.83,0.65,5,Corn,Central,Autumn,2021-01-07,F0171,7.42
3252,6.81,10.76,29.95,1149.61,233.68,13.42,1418.17,2.23,0.9,0.63,1,Soybean,South,Spring,2021-12-27,F0098,5.8
3253,7.11,18.27,18.49,485.18,107.46,12.91,2274.34,2.28,0.65,1.4,1,Soybean,North,Spring,2021-02-05,F0328,5.52
3254,5.64,19.79,16.73,349.97,192.78,8.53,1383.89,2.15,0.83,1.23,4,Rice,Central,Spring,2021-06-05,F0144,6.79
3255,7.37,43.08,10.52,619.4,187.57,10.81,2017.3,0.61,0.9,2.0,2,Corn,South,Spring,2021-04-24,F0031,6.06
3256,4.61,19.32,20.82,512.83,104.04,5.2,1774.45,2.86,0.76,0.9,6,Wheat,West,Spring,2021-11-16,F0037,5.83
3257,4.57,36.66,15.9,357.51,62.9,4.38,2139.91,0.99,1.35,0.56,2,Wheat,South,Autumn,2021-05-24,F0465,4.56
3258,6.78,34.16,14.3,531.69,188.8,4.69,2768.95,2.97,0.34,1.29,1,Barley,North,Summer,2021-11-11,F0458,6.87
3259,6.52,35.5,11.57,383.21,54.9,4.2,2039.73,1.47,0.79,1.38,6,Soybean,East,Summer,2021-04-30,F0274,5.21
3260,8.38,39.49,23.82,537.41,192.47,7.19,2005.16,2.46,0.97,1.0,4,Wheat,East,Autumn,2021-10-05,F0333,7.3
3261,7.92,10.02,32.13,810.23,182.58,1.33,2216.45,1.13,1.3,1.22,6,Wheat,North,Autumn,2021-01-21,F0194,5.6
3262,5.03,21.84,28.96,600.83,144.61,1.32,2893.83,2.77,1.3,1.65,3,Soybean,Central,Summer,2021-04-01,F0161,6.91
3263,5.15,18.69,32.62,512.21,77.48,11.77,1974.85,2.23,0.74,1.8,5,Barley,East,Summer,2021-03-06,F0486,3.6
3264,5.09,23.15,27.56,163.06,177.63,8.96,1272.16,0.75,1.34,0.88,1,Soybean,North,Summer,2021-08-18,F0020,6.78
3265,7.77,19.24,24.36,1002.71,299.04,3.14,1563.61,0.85,1.2,0.84,3,Barley,Central,Spring,2021-05-26,F0420,8.42
3266,6.87,38.8,21.2,1027.35,101.93,4.81,1276.79,1.12,1.38,1.0,1,Corn,East,Spring,2021-09-22,F0263,5.97
3267,6.26,33.85,19.04,303.74,103.66,11.4,2988.11,0.8,0.8,1.39,6,Wheat,Central,Spring,2021-09-23,F0239,5.39
3268,5.76,22.35,23.66,176.36,79.19,12.61,2625.04,0.84,0.67,1.72,5,Wheat,Central,Summer,2021-02-24,F0482,5.14
3269,5.49,16.56,20.5,574.07,120.13,11.64,1355.22,2.1,0.88,1.02,2,Wheat,East,Autumn,2021-01-20,F0367,5.15
3270,6.14,22.27,11.52,585.07,257.69,5.26,1943.38,1.33,0.89,1.62,1,Wheat,West,Summer,2021-03-27,F0452,8.08
3271,6.81,18.3,17.3,1042.37,150.58,12.28,2337.39,1.95,0.63,0.89,5,Soybean,West,Spring,2021-09-01,F0480,6.42
3272,6.79,24.91,25.99,896.79,163.09,14.04,2160.96,1.18,0.82,1.57,2,Barley,South,Spring,2021-06-18,F0291,5.43
3273,7.99,31.94,18.8,761.99,207.92,2.51,1718.31,2.38,1.46,0.96,1,Wheat,East,Autumn,2021-09-07,F0024,7.4
3274,5.14,30.25,11.98,1135.77,215.77,14.92,1125.8,2.12,0.36,1.28,3,Rice,West,Autumn,2021-01-14,F0269,5.67
3275,5.06,44.13,24.42,396.82,148.13,6.54,1642.04,0.84,1.44,1.55,1,Wheat,West,Summer,2021-10-11,F0382,6.91
3276,5.54,20.06,23.17,421.4,137.27,13.45,2635.89,1.42,0.34,1.34,2,Soybean,South,Spring,2021-11-14,F0407,5.92
3277,5.21,47.27,12.1,888.27,76.65,8.16,2783.77,2.8,0.64,1.33,5,Rice,North,Summer,2021-10-24,F0004,5.42
3278,8.29,46.43,25.33,994.25,269.83,5.75,1783.55,0.71,1.08,1.25,6,Barley,East,Summer,2021-01-05,F0378,7.64
3279,6.66,41.36,20.69,879.02,289.93,10.35,2658.45,1.09,1.16,0.89,6,Wheat,Central,Spring,2021-12-30,F0124,7.91
3280,4.79,13.17,33.97,1070.26,58.29,14.29,1503.43,2.68,1.15,0.92,4,Rice,South,Summer,2021-04-10,F0061,4.24
3281,5.95,36.69,34.79,122.92,217.12,12.05,1913.65,2.96,0.97,1.21,4,Corn,North,Summer,2021-09-24,F0310,7.47
3282,7.1,24.58,25.04,480.74,90.86,12.55,1208.31,2.09,0.58,1.18,5,Barley,North,Autumn,2021-02-13,F0038,4.14
3283,6.65,37.32,14.67,192.63,230.63,6.18,2916.99,2.11,1.43,1.66,4,Soybean,East,Spring,2021-01-07,F0024,8.04
3284,7.0,11.88,26.86,1195.67,110.59,9.89,1609.26,2.56,0.93,1.46,3,Corn,East,Spring,2021-07-01,F0112,5.0
3285,8.17,36.52,17.45,424.64,185.15,10.36,1645.8,2.23,0.45,0.93,4,Barley,South,Spring,2021-09-16,F0462,6.02
3286,7.63,10.23,30.29,462.66,117.73,10.74,1509.79,1.74,0.44,1.03,6,Rice,West,Autumn,2021-05-29,F0097,4.51
3287,4.62,45.87,34.0,952.29,119.9,3.23,2128.97,2.59,0.58,1.55,1,Rice,Central,Autumn,2021-06-11,F0100,5.67
3288,8.16,15.95,16.62,1046.23,86.5,14.17,1394.6,1.01,0.35,1.52,3,Wheat,Central,Spring,2021-08-26,F0268,5.02
3289,4.63,44.51,14.24,170.21,185.16,2.57,2187.01,1.19,1.09,0.63,1,Barley,East,Summer,2021-12-14,F0158,5.85
3290,8.39,45.63,29.94,762.7,198.25,8.51,2843.28,0.54,0.22,0.73,3,Soybean,East,Spring,2021-03-05,F0130,6.39
3291,7.01,22.77,19.85,767.35,85.4,10.71,2158.71,1.09,0.31,1.38,4,Rice,Central,Autumn,2021-07-26,F0472,4.53
3292,7.9,10.01,34.14,850.52,111.2,3.72,2261.47,1.5,0.43,1.66,3,Barley,Central,Autumn,2021-10-25,F0424,6.03
3293,7.56,18.27,18.81,398.82,166.19,3.19,1940.13,2.34,0.66,1.9,2,Rice,North,Autumn,2021-05-15,F0485,7.32
3294,4.71,48.63,28.89,1111.88,264.39,0.85,2103.87,2.65,1.35,1.64,1,Soybean,South,Autumn,2021-02-25,F0202,8.5
3295,8.44,19.76,13.17,1124.11,254.47,3.07,1014.83,2.51,0.86,1.11,4,Barley,West,Spring,2021-03-17,F0130,6.8
3296,5.2,12.89,22.26,170.03,263.91,4.01,2673.4,2.88,1.4,1.0,4,Barley,North,Spring,2021-04-06,F0394,7.73
3297,7.06,37.15,26.04,471.12,291.62,5.81,1425.52,1.97,0.49,1.71,3,Wheat,South,Autumn,2021-04-10,F0181,6.89
3298,4.82,41.28,19.48,1085.12,236.77,10.05,2848.94,1.78,0.78,1.03,1,Corn,Central,Spring,2021-04-04,F0436,7.61
3299,5.01,44.72,16.41,1018.03,126.27,13.45,1955.5,1.86,0.3,0.84,6,Wheat,East,Summer,2021-03-12,F0103,5.48
3300,6.7,20.1,23.82,562.14,279.92,13.15,1557.8,2.31,0.51,0.62,2,Wheat,South,Summer,2021-08-14,F0137,7.06
3301,8.13,35.47,16.36,249.5,86.25,0.74,2225.4,1.23,1.08,1.35,6,Soybean,West,Spring,2021-01-15,F0245,5.27
3302,5.01,17.64,33.7,922.93,189.17,12.17,2959.87,1.91,1.36,0.73,5,Wheat,South,Summer,2021-08-01,F0206,6.43
3303,7.18,42.39,22.2,1096.25,294.31,8.29,2894.8,2.83,0.6,1.13,5,Rice,Central,Autumn,2021-05-12,F0168,8.49
3304,5.74,31.54,29.73,880.19,158.59,1.7,2676.88,2.11,1.14,1.62,4,Corn,West,Spring,2021-11-04,F0449,5.88
3305,6.21,19.34,17.0,835.2,248.93,2.61,2658.03,1.2,0.91,0.76,6,Soybean,Central,Summer,2021-01-18,F0050,7.08
3306,6.62,25.9,28.63,956.76,58.62,11.35,1868.64,2.62,1.26,2.0,3,Rice,South,Autumn,2021-06-04,F0338,4.04
3307,6.04,32.15,14.52,1164.43,143.36,13.25,1398.14,2.34,1.39,1.51,6,Corn,Central,Autumn,2021-06-11,F0036,6.98
3308,7.77,11.32,27.82,421.62,192.4,15.0,1079.38,1.7,1.38,0.62,3,Barley,North,Summer,2021-11-18,F0209,6.23
3309,7.89,21.53,21.97,832.8,184.42,7.81,1231.04,1.11,0.29,1.13,4,Wheat,Central,Summer,2021-12-23,F0015,6.53
3310,4.59,29.83,18.59,614.33,214.58,9.1,2261.05,1.39,0.95,1.11,5,Soybean,South,Summer,2021-05-23,F0029,6.99
3311,5.47,13.25,15.75,374.29,78.16,7.35,1559.22,0.91,0.76,1.69,6,Rice,West,Autumn,2021-08-12,F0427,5.27
3312,7.93,37.45,10.48,517.97,208.38,3.06,2307.85,1.83,1.18,1.38,2,Corn,Central,Summer,2021-06-13,F0417,6.76
3313,5.04,24.65,27.07,222.29,98.11,11.06,2825.16,2.94,0.58,1.82,4,Corn,East,Summer,2021-04-11,F0451,4.01
3314,6.67,10.61,15.37,249.2,151.38,4.29,2211.75,1.43,0.8,1.13,2,Soybean,North,Spring,2021-01-07,F0433,5.73
3315,7.52,22.47,18.49,352.8,161.11,0.32,2078.13,1.06,0.43,1.59,6,Rice,West,Spring,2021-02-24,F0349,6.08
3316,7.99,27.11,34.82,1006.77,216.39,9.79,2774.29,2.94,0.72,1.44,2,Soybean,West,Spring,2021-10-29,F0088,6.13
3317,8.35,18.36,14.1,1063.59,203.49,5.89,2789.08,2.46,0.8,1.05,6,Wheat,South,Autumn,2021-08-26,F0214,6.24
3318,4.73,18.93,23.92,126.72,101.51,6.3,1962.0,0.72,0.93,1.51,4,Corn,East,Spring,2021-08-11,F0397,3.95
3319,4.5,28.06,29.2,532.23,257.33,12.96,1472.62,1.8,0.67,1.38,6,Corn,South,Autumn,2021-06-10,F0043,6.58
3320,5.95,22.8,21.98,801.04,197.07,10.35,1476.79,1.79,0.39,0.94,1,Soybean,East,Autumn,2021-06-24,F0064,6.47
3321,6.26,11.97,21.87,1175.63,147.93,7.81,2469.35,0.63,1.07,0.78,4,Rice,Central,Spring,2021-09-11,F0361,6.25
3322,7.93,21.52,24.2,453.85,64.19,5.12,2453.1,1.24,1.41,0.87,3,Corn,Central,Autumn,2021-09-24,F0208,4.65
3323,6.73,37.6,10.43,538.7,111.4,8.73,2221.78,2.99,0.26,0.52,6,Wheat,North,Spring,2021-09-08,F0281,6.21
3324,6.22,44.1,13.73,497.25,131.92,6.86,1968.97,1.73,0.35,0.73,3,Corn,Central,Summer,2021-03-11,F0097,6.1
3325,8.26,21.25,32.86,790.86,198.76,8.97,2889.63,1.27,0.67,0.99,2,Wheat,West,Summer,2021-10-18,F0087,5.81
3326,6.57,30.16,33.92,947.04,103.91,11.12,2934.54,1.57,1.11,0.89,2,Soybean,East,Summer,2021-12-19,F0076,5.17
3327,4.93,14.16,28.83,821.61,177.51,7.17,1576.81,2.27,1.18,1.18,4,Wheat,East,Summer,2021-05-16,F0484,5.89
3328,8.41,46.88,15.7,101.82,64.68,14.21,1585.59,2.91,0.96,1.65,4,Rice,West,Spring,2021-10-15,F0159,3.22
3329,8.25,42.93,10.98,888.03,167.7,7.92,1286.4,1.81,0.67,0.56,3,Corn,South,Spring,2021-07-31,F0246,6.68
3330,6.96,13.61,19.57,870.52,223.83,9.25,1069.27,1.37,0.47,0.57,3,Barley,North,Autumn,2021-02-01,F0138,6.96
3331,8.47,43.6,20.55,271.32,245.38,11.26,2294.9,2.65,0.31,0.68,4,Soybean,Central,Autumn,2021-04-29,F0348,6.7
3332,5.84,14.33,24.6,161.14,176.97,2.7,1214.91,0.57,0.79,1.58,3,Wheat,East,Spring,2021-08-15,F0117,5.95
3333,5.91,26.83,27.82,842.22,222.56,6.25,2555.92,1.99,0.94,1.55,5,Wheat,Central,Summer,2021-05-13,F0106,7.55
3334,5.12,33.59,33.17,229.32,134.77,12.34,2338.76,2.89,0.61,0.94,5,Wheat,North,Summer,2021-03-23,F0344,5.69
3335,5.19,33.09,14.7,1198.84,79.0,4.6,1464.16,1.42,0.84,1.56,5,Corn,West,Summer,2021-06-10,F0230,5.29
3336,4.54,37.55,22.52,1108.29,285.59,1.42,1082.84,1.1,1.23,1.98,4,Corn,South,Summer,2021-11-05,F0458,7.66
3337,5.47,31.11,28.61,117.15,294.21,2.53,2459.77,0.87,0.8,1.85,4,Barley,South,Summer,2021-01-28,F0335,7.63
3338,8.41,45.75,19.55,673.97,208.25,1.38,2659.55,1.72,0.49,1.32,5,Soybean,West,Spring,2021-03-16,F0460,8.93
3339,7.99,21.42,33.81,738.8,154.05,13.38,2762.49,2.99,0.67,1.89,6,Rice,Central,Summer,2021-02-18,F0351,5.42
3340,5.64,20.9,16.81,475.15,155.18,12.96,1616.0,2.77,0.42,1.81,6,Rice,North,Spring,2021-01-26,F0364,6.64
3341,4.75,24.67,13.78,233.56,72.83,13.43,1625.76,2.36,0.73,0.54,6,Rice,East,Spring,2021-12-08,F0215,3.95
3342,6.73,20.64,16.29,104.81,205.31,12.04,2347.82,0.86,1.46,0.61,3,Barley,West,Summer,2021-12-26,F0135,6.91
3343,5.72,38.55,15.96,611.76,69.37,14.57,2030.16,0.98,0.49,1.35,3,Soybean,Central,Spring,2021-12-05,F0392,5.02
3344,6.14,18.61,12.91,808.6,67.97,11.65,1427.96,1.83,1.0,0.74,3,Barley,North,Summer,2021-08-08,F0395,5.83
3345,5.6,48.28,33.34,1166.95,238.26,1.87,1655.14,0.62,1.01,1.1,5,Rice,East,Autumn,2021-10-31,F0147,7.59
3346,7.03,28.41,11.42,513.27,299.26,14.21,2469.68,2.27,0.69,1.17,5,Soybean,West,Spring,2021-10-15,F0287,7.45
3347,4.62,31.86,34.56,493.76,271.84,10.17,2980.22,1.33,0.27,0.65,6,Wheat,North,Spring,2021-01-08,F0099,6.53
3348,4.8,43.4,33.02,511.52,175.6,1.41,2136.23,0.95,0.96,0.54,1,Corn,West,Summer,2021-09-08,F0357,7.47
3349,5.22,25.35,30.81,846.77,64.92,6.39,1674.67,2.52,1.13,1.58,4,Rice,North,Autumn,2021-11-06,F0249,5.64
3350,6.31,13.44,31.97,303.24,191.61,0.73,2022.55,2.84,1.33,1.39,3,Barley,East,Spring,2021-03-24,F0303,5.92
3351,5.91,39.42,11.6,486.49,245.01,4.0,1357.0,1.16,0.58,1.66,4,Rice,East,Summer,2021-03-15,F0302,7.62
3352,4.56,10.58,21.92,438.46,95.58,5.14,2786.3,1.51,1.5,1.3,1,Barley,South,Spring,2021-10-23,F0240,5.79
3353,6.27,11.68,29.55,705.15,137.39,2.01,1247.05,2.0,1.16,1.51,2,Corn,East,Spring,2021-02-01,F0095,6.84
3354,7.99,40.42,28.12,1028.46,67.23,13.24,2194.45,2.45,0.26,1.21,6,Wheat,West,Autumn,2021-10-18,F0159,4.75
3355,5.13,32.83,17.2,319.3,210.66,6.34,1128.3,2.41,1.47,1.23,2,Soybean,West,Spring,2021-11-04,F0336,6.92
3356,6.24,28.83,10.15,254.29,148.4,5.01,2238.34,1.38,0.28,0.75,1,Barley,Central,Autumn,2021-05-07,F0145,6.63
3357,4.56,17.05,27.92,625.98,120.03,3.06,2326.97,2.78,1.11,1.15,4,Corn,East,Autumn,2021-02-13,F0040,6.56
3358,6.66,28.0,22.82,368.72,71.19,13.46,1462.6,1.25,1.07,1.28,1,Wheat,West,Summer,2021-10-23,F0019,4.46
3359,6.09,38.89,23.31,916.06,59.34,8.14,1754.25,2.33,0.81,1.54,5,Soybean,North,Summer,2021-06-17,F0015,5.55
3360,5.0,10.96,10.24,1001.68,87.38,1.86,1125.87,1.44,0.34,1.25,6,Wheat,North,Spring,2021-11-01,F0090,5.97
3361,5.15,27.24,12.1,748.05,57.76,12.39,1010.18,0.52,0.73,1.72,6,Soybean,East,Spring,2021-07-05,F0246,3.95
3362,6.91,23.49,34.51,911.37,201.9,6.71,1942.58,0.86,1.27,1.29,1,Wheat,East,Spring,2021-06-20,F0144,6.8
3363,6.91,38.52,24.33,455.66,101.7,3.91,2568.46,2.42,1.13,1.42,4,Corn,East,Autumn,2021-07-03,F0415,6.31
3364,6.28,46.36,21.04,171.76,148.71,5.67,1105.5,0.68,1.08,1.96,1,Barley,North,Autumn,2021-10-27,F0281,6.9
3365,5.29,24.14,20.47,963.99,203.03,6.22,2404.38,2.56,1.04,1.91,4,Barley,West,Spring,2021-04-05,F0371,8.1
3366,7.82,47.2,14.18,647.79,86.09,6.17,2139.54,2.3,1.21,1.13,2,Corn,North,Summer,2021-08-24,F0270,6.67
3367,7.89,45.76,11.58,277.33,232.47,10.92,2939.47,0.66,1.19,1.82,6,Corn,North,Autumn,2021-08-30,F0484,6.87
3368,7.13,10.47,34.91,152.81,117.09,5.13,1232.27,1.45,0.43,1.29,3,Wheat,West,Autumn,2021-12-23,F0107,4.71
3369,7.43,44.9,16.06,619.1,63.93,14.47,1008.82,1.09,0.56,1.87,5,Corn,Central,Summer,2021-02-26,F0417,4.44
3370,8.43,40.82,12.76,604.26,227.92,4.38,1671.45,1.05,1.44,0.6,6,Barley,East,Summer,2021-02-18,F0233,7.03
3371,6.88,12.87,22.92,854.24,120.31,6.06,2332.93,1.2,1.05,1.95,1,Wheat,West,Spring,2021-09-08,F0492,6.75
3372,6.68,13.2,32.2,140.42,204.6,5.18,1828.65,0.68,1.13,1.55,2,Wheat,Central,Spring,2021-12-30,F0066,5.31
3373,6.08,27.47,17.8,384.38,89.7,10.19,2085.98,2.71,1.21,0.8,5,Barley,North,Summer,2021-05-03,F0125,6.34
3374,6.29,10.09,21.84,194.22,297.81,6.7,2333.41,0.98,1.45,1.65,5,Rice,Central,Spring,2021-05-28,F0410,7.83
3375,5.6,18.38,23.88,1197.69,87.42,1.3,2015.89,1.07,0.59,0.68,2,Barley,West,Summer,2021-03-29,F0010,5.64
3376,5.97,11.97,32.2,499.11,206.67,0.46,1967.11,1.37,0.88,1.8,5,Wheat,South,Autumn,2021-08-09,F0152,6.48
3377,5.32,12.96,24.2,604.61,156.93,7.3,1616.45,2.26,1.04,0.95,6,Corn,South,Spring,2021-08-16,F0143,6.24
3378,8.47,25.64,11.55,597.81,292.86,5.65,1425.64,1.71,1.42,1.4,1,Corn,East,Spring,2021-01-01,F0074,7.03
3379,5.06,23.49,30.29,133.69,220.9,9.93,1840.28,0.78,1.33,1.86,2,Barley,West,Autumn,2021-01-27,F0408,5.61
3380,8.08,25.77,28.92,879.58,64.58,14.6,1728.14,1.68,0.9,0.8,2,Barley,East,Autumn,2021-06-19,F0429,4.11
3381,7.37,47.47,34.12,923.91,233.38,13.09,1306.34,0.87,0.89,1.78,5,Soybean,North,Autumn,2021-03-02,F0269,7.23
3382,7.13,26.27,24.73,1039.86,222.7,5.79,2875.68,1.35,1.4,1.96,2,Rice,East,Autumn,2021-01-02,F0019,6.68
3383,8.29,26.53,31.27,718.15,65.02,5.08,1173.66,2.79,0.97,1.67,4,Corn,Central,Spring,2021-11-21,F0479,5.5
3384,7.67,40.54,34.14,677.73,245.33,5.72,2855.34,2.92,0.97,1.64,6,Soybean,North,Autumn,2021-11-25,F0130,7.63
3385,4.57,22.69,23.95,893.05,231.25,0.02,2133.01,0.57,0.24,1.23,5,Soybean,Central,Spring,2021-03-03,F0347,8.29
3386,6.23,36.47,10.89,744.15,122.41,6.47,1650.7,1.44,0.38,1.75,3,Barley,Central,Spring,2021-03-02,F0249,6.78
3387,6.65,18.61,33.33,845.05,215.2,7.39,1146.66,0.65,0.75,1.06,5,Rice,Central,Summer,2021-05-04,F0368,7.02
3388,8.24,20.13,32.77,1178.1,293.48,0.02,1015.96,2.25,0.58,1.52,4,Rice,East,Spring,2021-12-13,F0066,9.03
3389,4.88,21.76,13.82,903.65,181.65,4.94,2207.74,2.15,1.08,1.46,4,Corn,South,Spring,2021-08-11,F0158,6.47
3390,6.32,26.95,14.34,594.38,263.36,14.27,1433.79,1.57,0.67,0.9,3,Barley,East,Spring,2021-11-07,F0182,7.68
3391,6.33,25.17,16.68,252.48,145.28,8.54,1480.4,1.73,0.59,1.77,1,Rice,South,Autumn,2021-04-04,F0465,5.12
3392,7.7,47.73,12.85,1020.39,242.76,1.43,2831.81,0.82,0.89,1.44,5,Wheat,Central,Spring,2021-12-08,F0072,8.07
3393,5.03,24.31,25.45,819.31,194.88,1.32,2091.47,1.68,1.12,1.96,3,Barley,South,Summer,2021-03-14,F0465,7.53
3394,4.58,42.15,34.0,830.06,164.02,6.53,1910.87,1.69,1.05,1.52,1,Rice,Central,Summer,2021-09-03,F0349,6.02
3395,6.76,12.83,28.82,497.17,57.22,4.86,1931.34,1.22,1.29,1.27,2,Barley,South,Spring,2021-03-16,F0311,4.99
3396,7.13,24.73,28.82,772.02,155.69,7.85,1646.82,1.72,0.36,1.08,5,Barley,Central,Summer,2021-09-13,F0197,6.62
3397,8.24,39.58,15.93,1184.4,185.72,9.43,1177.6,2.16,1.35,1.72,6,Rice,Central,Autumn,2021-06-30,F0336,7.59
3398,5.78,11.5,33.18,187.89,80.51,3.9,1296.79,0.82,1.03,1.0,1,Wheat,East,Spring,2021-01-13,F0134,4.16
3399,7.2,30.14,12.32,1112.74,197.24,0.43,1854.47,2.03,0.98,1.35,3,Rice,West,Spring,2021-10-03,F0278,7.53
3400,5.61,39.69,30.42,817.27,201.25,5.17,1183.7,2.79,1.11,1.98,4,Corn,North,Spring,2021-02-13,F0161,6.47
3401,6.51,44.45,32.37,467.86,159.64,11.64,2893.64,1.12,0.21,1.7,4,Rice,North,Autumn,2021-01-06,F0222,5.83
3402,5.85,23.36,20.18,707.61,86.3,10.89,2398.16,2.52,0.51,0.71,5,Barley,South,Spring,2021-10-09,F0037,5.79
3403,7.17,13.88,33.22,409.8,289.28,3.08,1208.91,2.05,0.62,1.03,4,Corn,North,Spring,2021-06-04,F0381,7.35
3404,6.06,35.68,14.99,310.48,271.45,0.85,2258.12,0.71,1.07,0.71,2,Rice,East,Spring,2021-10-25,F0248,7.82
3405,7.44,34.49,12.43,566.88,148.07,14.46,2161.17,1.33,0.97,0.58,3,Rice,North,Autumn,2021-01-23,F0120,5.32
3406,4.52,11.39,14.77,1028.96,207.58,8.63,1511.37,2.69,0.48,0.62,1,Soybean,Central,Autumn,2021-08-28,F0237,5.93
3407,4.75,28.37,13.52,149.62,215.54,14.66,2087.02,2.13,0.46,1.26,6,Rice,East,Summer,2021-04-06,F0434,6.7
3408,7.55,47.65,11.23,925.54,161.89,11.77,2279.28,0.65,0.34,1.78,3,Corn,South,Summer,2021-09-12,F0130,6.42
3409,4.89,44.73,18.63,1132.65,134.84,4.42,2225.64,2.67,0.34,0.73,6,Rice,South,Autumn,2021-08-07,F0095,7.03
3410,4.65,16.72,26.21,510.98,150.0,4.51,2660.77,1.58,0.68,0.6,3,Barley,North,Summer,2021-05-19,F0458,5.96
3411,8.39,14.37,16.12,524.22,72.47,6.24,1448.08,1.41,1.06,1.83,3,Rice,West,Autumn,2021-08-08,F0324,5.06
3412,5.71,20.92,22.91,345.63,231.68,12.37,2393.46,0.87,0.78,1.39,5,Rice,South,Summer,2021-10-15,F0072,6.32
3413,7.77,12.08,11.28,962.5,256.02,9.94,1966.72,2.28,0.82,1.5,5,Wheat,East,Autumn,2021-05-06,F0123,8.45
3414,5.65,30.67,34.02,443.93,293.0,11.56,1036.84,2.85,1.19,0.81,1,Rice,North,Spring,2021-02-04,F0243,5.82
3415,6.33,15.09,26.34,147.9,55.9,10.21,1821.13,1.04,0.7,1.18,2,Corn,West,Spring,2021-02-04,F0451,3.28
3416,4.98,47.01,12.68,1150.82,210.47,4.68,1015.38,2.72,1.24,0.97,2,Barley,North,Autumn,2021-03-22,F0482,7.92
3417,6.01,10.82,21.61,528.35,150.96,13.72,1060.66,2.79,0.58,1.81,4,Soybean,West,Summer,2021-08-08,F0453,5.94
3418,5.34,11.98,19.56,834.78,241.91,7.48,2803.42,0.82,0.3,0.65,1,Barley,West,Autumn,2021-05-29,F0309,7.25
3419,5.62,24.53,26.53,1090.17,291.35,12.19,2510.27,1.6,0.64,1.98,6,Barley,West,Summer,2021-09-02,F0498,6.55
3420,5.46,41.77,20.42,937.12,267.94,3.3,2607.63,2.77,1.16,0.57,5,Rice,Central,Summer,2021-11-16,F0353,8.57
3421,7.99,49.7,13.51,830.29,241.21,13.15,1644.9,2.06,0.53,1.15,2,Rice,South,Autumn,2021-10-23,F0313,5.79
3422,6.92,45.51,16.51,957.33,209.46,5.05,1209.04,1.79,0.76,0.89,2,Soybean,North,Summer,2021-07-17,F0083,4.93
3423,5.66,15.21,19.51,1119.31,253.75,9.55,1070.38,0.64,1.2,1.89,5,Wheat,South,Autumn,2021-08-28,F0055,8.11
3424,5.74,36.8,26.71,290.69,115.61,10.39,1636.87,2.98,0.35,1.5,3,Wheat,Central,Summer,2021-10-18,F0188,5.53
3425,7.64,38.35,30.36,1119.63,274.36,2.59,1527.32,1.0,0.23,0.67,6,Corn,East,Spring,2021-08-18,F0314,8.18
3426,4.77,31.29,29.45,1013.08,138.16,1.38,1294.41,1.96,1.32,1.72,2,Corn,West,Autumn,2021-03-08,F0324,6.44
3427,7.74,47.13,11.94,555.82,62.6,5.77,2709.94,1.99,1.11,1.35,2,Corn,North,Spring,2021-12-25,F0041,5.31
3428,4.56,40.28,12.26,419.55,146.66,14.15,2375.21,1.03,0.71,1.41,5,Corn,West,Autumn,2021-04-03,F0151,5.54
3429,7.87,46.89,30.43,516.32,269.08,7.07,1904.76,2.3,1.29,1.34,1,Wheat,South,Spring,2021-04-04,F0124,7.01
3430,5.46,21.87,32.4,696.52,205.67,11.92,1019.74,1.07,1.19,1.34,5,Soybean,West,Summer,2021-07-06,F0296,5.58
3431,6.36,19.83,32.2,896.65,181.76,9.4,1246.58,0.71,1.34,1.37,4,Rice,Central,Spring,2021-01-05,F0255,6.06
3432,7.37,16.62,22.92,838.68,141.95,5.46,1179.44,0.82,0.88,1.43,3,Corn,North,Spring,2021-09-25,F0428,5.69
3433,8.18,41.82,11.39,178.13,146.67,3.92,2823.55,1.48,0.92,1.78,2,Soybean,East,Autumn,2021-07-17,F0443,6.0
3434,7.27,14.52,12.84,112.36,168.23,12.32,2915.19,2.46,1.22,1.95,1,Corn,South,Autumn,2021-02-14,F0310,6.6
3435,6.89,31.0,15.34,1008.92,256.84,3.35,1428.43,0.88,1.2,1.46,6,Rice,West,Spring,2021-06-21,F0142,7.96
3436,5.9,14.61,29.95,372.42,177.32,7.89,1837.83,1.03,1.18,0.82,1,Barley,South,Spring,2021-05-13,F0307,7.07
3437,7.7,29.52,19.0,255.35,115.9,3.07,2991.35,0.71,0.22,1.92,3,Rice,Central,Summer,2021-06-15,F0011,5.45
3438,8.02,46.06,29.34,241.24,51.07,0.69,1552.06,1.16,0.71,1.86,1,Corn,North,Autumn,2021-11-30,F0174,5.26
3439,5.93,13.44,12.52,846.0,248.85,5.67,2370.56,2.43,0.95,1.52,1,Wheat,West,Autumn,2021-12-11,F0184,7.73
3440,6.22,37.82,23.59,529.43,274.83,3.02,2333.36,0.87,0.34,0.5,5,Corn,North,Summer,2021-11-29,F0245,7.26
3441,6.26,19.52,33.08,1108.05,292.91,3.95,2967.86,2.17,1.22,0.86,6,Corn,South,Autumn,2021-09-28,F0126,8.14
3442,6.26,24.47,25.36,499.72,217.53,9.35,2299.1,1.73,1.46,0.75,6,Barley,South,Spring,2021-12-02,F0329,7.58
3443,6.38,34.42,34.74,1174.72,272.1,1.58,2376.47,1.19,0.63,1.61,1,Corn,North,Summer,2021-04-04,F0199,7.81
3444,6.48,28.43,14.56,801.85,286.57,14.41,2059.35,0.68,0.2,0.94,1,Soybean,North,Summer,2021-11-08,F0293,7.07
3445,6.29,41.2,19.87,678.46,93.91,0.11,1347.08,0.68,0.25,1.82,3,Rice,West,Spring,2021-12-31,F0054,5.89
3446,6.5,11.43,15.75,1123.26,131.6,12.26,1224.62,1.21,0.22,0.61,2,Barley,West,Summer,2021-10-09,F0270,5.57
3447,7.22,16.81,11.63,250.46,214.2,11.83,2827.19,1.07,0.67,1.95,4,Barley,South,Summer,2021-12-03,F0370,6.85
3448,7.97,47.38,31.77,602.83,296.09,8.86,2064.66,1.29,1.44,0.88,3,Wheat,West,Spring,2021-12-26,F0090,8.18
3449,7.55,26.26,19.91,813.33,235.23,14.3,2430.21,2.93,1.1,0.56,1,Soybean,South,Autumn,2021-12-19,F0154,7.72
3450,4.66,19.36,11.49,1184.03,101.88,3.26,2503.07,1.46,0.91,1.2,3,Wheat,North,Autumn,2021-01-07,F0310,6.55
3451,7.24,15.07,23.93,910.73,171.3,0.61,1565.28,1.31,0.7,1.26,4,Soybean,East,Spring,2021-05-01,F0269,5.77
3452,6.69,30.96,26.85,1167.52,132.77,1.21,1470.65,0.84,0.28,0.93,1,Rice,West,Summer,2021-05-09,F0328,6.42
3453,5.01,24.42,14.41,848.9,78.48,9.72,2804.54,2.62,1.24,1.68,6,Wheat,West,Spring,2021-06-18,F0141,5.11
3454,7.77,32.14,19.36,946.26,212.8,4.75,1571.65,2.19,0.76,0.76,2,Wheat,West,Autumn,2021-05-07,F0289,7.31
3455,4.56,33.57,21.98,491.82,201.93,7.28,1440.56,2.36,1.45,1.0,1,Barley,Central,Spring,2021-09-07,F0084,5.75
3456,7.11,17.1,23.83,606.01,211.32,12.95,2740.86,0.91,0.27,1.82,2,Wheat,Central,Spring,2021-08-29,F0446,6.39
3457,4.58,20.66,33.98,846.16,84.5,0.15,2053.46,2.01,0.7,1.46,6,Corn,South,Spring,2021-01-30,F0273,5.44
3458,7.03,41.2,12.79,1093.65,246.26,0.31,2917.76,1.92,0.45,1.32,5,Barley,Central,Autumn,2021-10-09,F0443,8.87
3459,7.99,14.07,32.73,951.64,209.94,14.72,2317.16,2.88,1.24,1.16,6,Rice,Central,Spring,2021-06-14,F0454,6.63
3460,6.3,25.92,29.22,513.59,135.17,0.26,2865.29,2.58,0.75,1.68,1,Barley,South,Autumn,2021-06-21,F0155,6.18
3461,8.41,43.46,23.25,1073.56,73.69,14.15,1085.24,2.84,0.87,1.46,2,Wheat,East,Autumn,2021-10-14,F0465,4.13
3462,5.03,33.6,13.07,1173.22,197.44,11.83,2949.55,2.28,0.33,0.57,6,Rice,West,Summer,2021-04-07,F0449,6.61
3463,4.95,49.04,13.96,1184.87,184.05,10.5,2158.68,1.17,1.09,1.39,1,Wheat,East,Autumn,2021-02-04,F0464,6.39
3464,5.19,47.9,26.45,340.76,117.06,5.03,2800.32,0.97,0.99,1.82,5,Rice,Central,Spring,2021-06-18,F0021,5.85
3465,6.05,15.99,14.93,453.58,250.28,6.14,2928.67,2.95,0.55,1.81,6,Barley,East,Summer,2021-10-31,F0243,8.68
3466,5.59,26.67,18.73,476.12,137.31,6.3,1350.63,1.79,0.29,1.56,4,Soybean,South,Summer,2021-07-24,F0252,6.16
3467,5.08,38.35,27.19,816.82,212.84,10.0,2495.57,1.23,0.28,1.93,2,Rice,North,Spring,2021-03-06,F0338,6.39
3468,5.89,17.89,29.11,876.12,157.79,4.5,2861.15,2.12,0.52,0.56,2,Corn,Central,Autumn,2021-10-11,F0085,6.68
3469,8.24,30.23,16.08,853.87,110.42,6.16,1647.29,2.48,0.33,1.74,4,Corn,West,Summer,2021-04-25,F0380,6.86
3470,6.86,25.75,13.18,792.03,263.7,9.56,2891.44,2.26,0.43,0.59,5,Wheat,East,Spring,2021-10-14,F0346,7.13
3471,5.93,44.42,27.99,301.44,165.27,6.07,1006.73,2.7,0.76,2.0,1,Wheat,West,Spring,2021-11-13,F0013,7.17
3472,4.65,32.23,24.38,1173.13,284.35,13.1,2563.67,2.97,1.21,1.79,1,Corn,East,Autumn,2021-09-29,F0374,7.0
3473,7.21,16.11,17.27,684.92,91.17,0.9,1253.46,0.87,0.98,0.71,1,Soybean,South,Autumn,2021-04-10,F0201,5.36
3474,8.25,32.96,32.6,433.67,243.45,13.47,1557.08,2.08,0.74,1.44,6,Corn,North,Autumn,2021-12-07,F0096,6.57
3475,8.46,13.53,27.07,281.66,256.04,10.01,2012.48,1.5,0.26,1.3,2,Rice,Central,Autumn,2021-07-06,F0333,5.62
3476,5.91,27.38,23.06,125.24,149.67,3.41,1444.11,2.23,1.27,0.53,4,Corn,South,Summer,2021-04-16,F0427,6.52
3477,5.15,21.52,28.66,751.85,141.77,5.12,2802.24,2.15,0.62,1.11,6,Rice,North,Summer,2021-03-20,F0450,6.59
3478,4.83,28.02,25.21,829.3,127.83,5.02,1322.81,1.78,0.56,0.88,3,Soybean,Central,Spring,2021-06-12,F0495,5.36
3479,4.91,37.37,28.59,977.74,251.42,13.95,1919.84,2.06,0.73,0.97,2,Soybean,North,Summer,2021-03-17,F0351,7.68
3480,7.14,37.47,17.98,1062.44,211.56,0.19,1729.69,0.93,1.07,1.76,1,Wheat,Central,Summer,2021-01-12,F0423,7.29
3481,5.75,14.23,19.9,1034.18,98.74,2.45,1615.66,1.72,1.35,1.3,6,Wheat,North,Spring,2021-01-13,F0130,5.48
3482,7.62,18.62,20.39,657.0,197.3,12.35,1646.79,1.8,0.44,1.14,3,Corn,Central,Summer,2021-04-23,F0375,5.65
3483,5.16,10.44,21.57,919.75,107.18,12.84,1591.84,1.35,1.07,0.62,2,Wheat,East,Autumn,2021-10-03,F0364,4.99
3484,6.37,22.87,32.43,360.98,239.22,2.88,1584.67,1.76,0.55,1.25,4,Barley,East,Spring,2021-05-24,F0249,6.28
3485,4.75,42.84,21.98,809.17,120.07,0.0,2783.87,1.27,1.03,1.23,6,Barley,North,Summer,2021-04-25,F0071,7.26
3486,5.2,42.72,12.87,137.62,54.49,1.19,2593.47,2.24,0.98,1.03,6,Barley,East,Spring,2021-04-02,F0262,5.15
3487,4.59,20.15,23.46,989.24,114.12,4.05,1821.64,1.76,0.97,0.54,6,Corn,North,Autumn,2021-05-17,F0083,4.45
3488,6.64,16.33,11.97,1159.91,273.78,4.37,1810.32,2.71,0.56,0.75,2,Wheat,North,Summer,2021-01-22,F0404,8.37
3489,8.36,15.3,17.96,949.58,217.04,11.19,1116.82,2.35,1.26,1.02,1,Barley,South,Spring,2021-11-05,F0069,6.45
3490,5.32,26.58,11.56,1090.5,258.27,2.43,1786.65,2.65,0.26,1.12,5,Wheat,South,Autumn,2021-06-03,F0380,7.96
3491,7.56,33.33,13.04,345.61,186.41,8.73,1010.92,1.04,0.6,1.03,2,Barley,West,Spring,2021-03-26,F0211,6.11
3492,6.4,28.43,29.83,522.61,208.31,6.89,1522.77,1.76,0.6,1.29,5,Rice,West,Spring,2021-10-07,F0454,6.47
3493,5.45,42.13,21.07,458.76,193.31,0.59,2963.84,0.65,0.58,1.29,3,Soybean,East,Summer,2021-10-27,F0380,5.88
3494,4.64,11.57,19.47,943.28,83.03,13.6,2833.92,1.84,0.57,0.65,1,Corn,North,Spring,2021-03-16,F0128,5.66
3495,6.35,25.85,11.11,808.98,252.13,0.8,2994.03,0.57,0.24,1.39,6,Barley,South,Summer,2021-04-29,F0326,7.46
3496,7.27,16.62,31.7,415.11,63.26,4.12,1381.26,0.81,0.4,1.08,6,Barley,Central,Autumn,2021-07-02,F0447,3.77
3497,7.43,39.18,16.92,826.3,122.04,10.0,2135.78,2.38,0.81,1.51,2,Wheat,South,Summer,2021-03-07,F0405,6.4
3498,5.45,29.34,21.51,1167.17,143.24,2.56,2468.12,2.21,0.36,1.16,4,Barley,South,Summer,2021-08-31,F0178,6.6
3499,5.49,12.11,14.87,846.75,110.25,4.45,2964.39,2.55,0.87,0.88,6,Corn,Central,Autumn,2021-03-09,F0136,6.22
3500,6.79,35.2,14.64,310.75,177.06,6.3,1008.16,1.37,0.9,1.92,3,Barley,West,Summer,2021-08-12,F0253,6.31
3501,5.92,18.35,24.97,456.9,135.58,3.72,1048.21,1.44,1.25,1.92,1,Wheat,Central,Spring,2021-05-08,F0116,5.91
3502,8.01,29.03,30.68,265.72,151.12,4.04,1751.83,2.91,0.83,0.58,5,Soybean,North,Spring,2021-08-09,F0272,5.99
3503,4.9,24.55,33.59,524.82,176.0,2.12,2664.98,0.97,0.34,0.9,6,Soybean,North,Autumn,2021-05-04,F0403,5.42
3504,6.93,18.24,25.71,520.44,129.8,12.81,2659.91,2.3,0.42,0.9,4,Corn,South,Spring,2021-10-28,F0458,4.8
3505,5.64,40.51,11.41,526.09,193.45,13.65,1645.09,2.08,0.76,1.17,5,Rice,South,Autumn,2021-02-25,F0399,7.01
3506,6.75,48.18,30.22,842.68,227.47,11.47,2370.33,1.33,1.33,1.26,1,Wheat,North,Summer,2021-11-30,F0340,7.71
3507,5.36,19.01,34.76,376.39,90.62,10.7,2888.6,2.86,0.61,1.44,4,Rice,West,Summer,2021-12-17,F0279,5.7
3508,4.57,35.03,31.99,1117.21,179.74,14.12,1756.5,2.13,0.34,0.87,1,Soybean,South,Autumn,2021-10-26,F0333,5.48
3509,8.35,22.86,34.38,1019.43,247.39,5.78,2178.62,2.85,1.49,0.57,3,Barley,North,Autumn,2021-09-25,F0475,7.8
3510,7.17,38.11,17.14,906.04,239.74,8.54,2238.57,0.58,1.37,1.13,5,Soybean,North,Spring,2021-11-25,F0257,6.82
3511,7.95,42.99,21.33,1049.64,269.18,8.79,1394.69,0.53,1.25,0.72,6,Rice,East,Autumn,2021-03-07,F0212,8.09
3512,5.96,38.27,13.59,1049.63,197.14,12.4,1922.92,1.69,1.18,1.54,1,Rice,North,Summer,2021-03-24,F0437,7.33
3513,4.6,42.77,16.35,899.41,271.99,2.32,2320.26,2.43,1.1,0.63,3,Wheat,South,Summer,2021-04-14,F0369,8.2
3514,8.14,46.18,16.18,244.59,171.18,14.52,2566.59,1.22,0.32,1.67,5,Barley,Central,Spring,2021-01-30,F0370,4.97
3515,4.97,29.92,14.25,137.2,92.51,4.29,2240.08,2.02,1.48,1.35,1,Barley,North,Autumn,2021-08-24,F0079,4.5
3516,6.05,26.14,33.81,190.5,234.72,8.42,2264.0,2.88,1.36,1.66,2,Soybean,East,Summer,2021-10-08,F0104,6.26
3517,7.97,42.78,15.87,851.77,226.73,5.2,2831.73,1.14,0.84,1.0,1,Wheat,South,Spring,2021-09-15,F0035,6.62
3518,6.22,24.28,27.88,1132.76,56.98,6.91,2377.28,1.79,0.27,1.23,6,Corn,Central,Autumn,2021-02-25,F0142,4.85
3519,7.71,21.6,26.56,865.41,211.97,12.26,2190.15,1.52,1.07,0.69,1,Barley,South,Autumn,2021-01-05,F0287,7.62
3520,6.44,24.19,23.96,911.74,264.97,9.8,1342.46,1.14,0.8,1.41,2,Barley,South,Spring,2021-01-15,F0302,6.65
3521,6.46,12.52,26.83,283.08,198.19,2.9,1980.85,2.84,0.26,1.11,4,Wheat,Central,Summer,2021-01-13,F0069,6.87
3522,7.28,29.3,31.33,1189.77,107.71,1.08,1641.3,2.25,1.29,1.8,4,Rice,East,Autumn,2021-08-16,F0184,5.93
3523,6.11,30.2,11.08,738.13,154.48,1.58,2479.21,2.42,1.44,1.21,5,Soybean,East,Spring,2021-08-02,F0283,7.31
3524,8.29,21.11,32.25,266.07,100.11,11.91,2252.16,2.09,1.36,0.74,1,Soybean,East,Spring,2021-02-10,F0434,3.84
3525,4.89,25.66,11.4,1086.66,140.1,4.09,2696.33,1.09,0.86,1.37,5,Barley,Central,Spring,2021-01-24,F0097,5.99
3526,4.97,21.5,10.71,155.67,196.8,0.59,1269.34,2.94,1.23,1.15,2,Barley,North,Spring,2021-10-08,F0102,5.61
3527,8.08,29.57,15.56,736.29,256.02,14.37,1090.07,2.52,1.33,1.06,1,Corn,East,Spring,2021-01-13,F0116,6.99
3528,6.55,11.05,27.85,220.49,218.75,4.7,1853.27,1.5,1.21,0.59,4,Soybean,West,Spring,2021-03-18,F0120,5.21
3529,6.57,21.58,11.31,380.94,284.32,1.86,1324.14,1.14,0.63,1.85,4,Corn,North,Autumn,2021-05-17,F0142,9.22
3530,6.07,44.21,26.97,385.42,167.84,12.09,1346.86,2.2,0.49,1.62,3,Soybean,South,Spring,2021-11-18,F0184,6.53
3531,7.42,45.55,25.7,389.92,72.11,4.2,2524.02,0.56,0.73,1.69,4,Barley,Central,Autumn,2021-04-19,F0334,6.46
3532,8.49,30.74,31.58,1092.32,284.8,2.24,2100.91,1.87,0.25,0.63,6,Rice,East,Spring,2021-03-20,F0457,7.21
3533,8.28,32.63,34.74,1151.27,139.8,9.65,1382.77,0.81,0.37,1.22,3,Barley,South,Autumn,2021-04-02,F0220,6.16
3534,4.91,29.27,21.71,1110.54,102.46,12.07,2266.6,1.09,0.76,1.73,5,Barley,West,Autumn,2021-02-09,F0309,5.12
3535,7.77,41.52,27.57,172.26,62.13,0.9,2954.98,1.09,1.07,0.79,2,Corn,North,Summer,2021-03-27,F0077,3.45
3536,7.9,44.67,33.45,403.32,166.12,5.95,2071.05,2.77,0.36,0.55,4,Barley,North,Autumn,2021-06-24,F0262,5.53
3537,7.1,29.23,20.15,1104.17,294.74,12.97,2862.72,0.91,0.76,1.28,6,Corn,Central,Autumn,2021-08-26,F0235,7.8
3538,8.31,46.27,21.72,404.68,111.01,1.73,2445.41,0.64,0.85,0.85,4,Wheat,North,Summer,2021-01-24,F0350,5.85
3539,4.71,35.0,13.24,792.51,82.26,7.85,2909.72,0.71,0.46,0.75,1,Wheat,East,Spring,2021-03-06,F0244,5.21
3540,7.67,12.92,22.67,944.76,199.89,9.24,2913.37,1.86,1.33,0.72,2,Rice,North,Spring,2021-02-11,F0327,5.82
3541,5.56,17.76,12.06,419.28,89.85,14.0,1512.77,1.64,0.57,0.54,3,Wheat,South,Spring,2021-06-21,F0077,4.62
3542,6.57,26.72,26.89,1068.68,224.4,5.28,2943.29,1.26,1.25,1.69,3,Wheat,North,Spring,2021-01-08,F0471,8.01
3543,7.78,31.5,32.92,1182.32,90.31,9.29,1306.62,1.53,1.22,1.58,6,Corn,East,Summer,2021-09-01,F0022,4.95
3544,7.59,13.79,25.18,589.46,212.92,14.83,1586.06,1.76,0.89,1.81,6,Rice,Central,Spring,2021-10-30,F0136,5.91
3545,5.64,15.78,27.78,960.31,280.33,8.66,2038.65,0.62,0.85,1.56,4,Corn,South,Summer,2021-02-02,F0199,7.77
3546,7.5,44.12,32.79,434.37,72.01,11.72,1193.4,2.51,0.72,1.62,2,Corn,East,Spring,2021-09-20,F0217,5.25
3547,7.01,25.42,12.71,1103.81,119.1,1.9,1116.45,1.24,0.65,1.31,5,Wheat,East,Summer,2021-07-02,F0479,5.87
3548,4.87,40.55,19.49,541.78,156.9,2.81,2480.26,1.38,1.26,0.83,2,Wheat,South,Spring,2021-10-27,F0074,5.82
3549,7.19,49.88,22.19,383.61,299.88,5.03,2984.82,0.87,0.25,1.5,1,Wheat,East,Spring,2021-11-07,F0098,7.27
3550,6.49,12.67,25.07,654.81,138.04,12.22,2701.98,1.36,1.15,1.44,3,Wheat,West,Autumn,2021-07-10,F0478,6.24
3551,6.24,19.13,21.7,1093.55,222.23,7.3,2596.04,2.35,0.71,1.34,3,Corn,South,Summer,2021-06-23,F0408,7.57
3552,6.98,31.5,34.43,183.84,154.35,5.79,1989.08,2.63,0.25,1.41,5,Wheat,East,Spring,2021-05-05,F0358,5.82
3553,6.35,32.59,18.31,791.96,102.47,3.44,1227.67,2.17,0.55,1.8,1,Wheat,West,Spring,2021-07-22,F0223,6.71
3554,4.94,46.27,17.51,1058.25,188.83,6.59,2485.46,1.66,0.51,1.17,2,Wheat,North,Spring,2021-12-29,F0015,6.98
3555,7.26,22.33,32.26,683.76,287.6,1.85,2864.34,1.44,1.26,1.1,3,Wheat,South,Autumn,2021-07-03,F0481,8.19
3556,6.05,47.69,24.98,116.74,99.69,6.72,1560.19,0.55,0.8,1.31,2,Rice,West,Summer,2021-12-31,F0498,4.37
3557,4.92,23.18,26.07,968.14,185.68,2.93,1153.65,1.53,0.45,0.52,3,Soybean,Central,Spring,2021-01-23,F0134,7.95
3558,8.02,43.33,13.65,979.21,294.34,4.31,1694.42,2.61,0.44,0.98,6,Barley,West,Summer,2021-03-28,F0250,8.14
3559,7.79,46.15,25.62,615.27,111.75,8.91,2939.86,1.07,0.65,1.89,2,Barley,South,Autumn,2021-06-17,F0164,5.83
3560,5.45,21.24,31.33,865.36,82.38,13.11,1126.06,1.41,0.52,1.5,4,Rice,North,Spring,2021-02-22,F0226,3.85
3561,6.75,16.29,31.13,413.02,168.69,8.21,1512.16,2.41,1.1,0.52,1,Corn,West,Spring,2021-07-19,F0348,6.13
3562,5.69,39.27,32.12,380.28,210.83,2.25,1326.21,0.72,0.22,1.18,2,Barley,East,Autumn,2021-01-29,F0268,7.68
3563,7.29,45.88,20.67,1092.94,58.72,1.0,1771.84,0.73,0.23,0.98,6,Soybean,South,Summer,2021-12-22,F0443,5.72
3564,4.99,33.74,25.59,701.83,156.7,6.97,2823.85,1.87,0.48,1.68,5,Wheat,East,Summer,2021-06-03,F0414,7.14
3565,6.02,45.37,23.53,649.52,80.13,6.25,2804.32,1.9,1.32,1.53,1,Corn,East,Autumn,2021-02-16,F0227,7.28
3566,8.46,31.28,10.37,890.96,294.97,7.37,1516.93,0.72,1.28,0.77,1,Wheat,Central,Spring,2021-09-30,F0226,7.18
3567,7.85,21.53,31.91,244.15,245.49,5.78,2176.59,1.7,0.52,0.58,1,Rice,East,Autumn,2021-12-11,F0173,5.52
3568,7.33,22.28,20.11,170.1,207.55,7.01,1836.8,0.63,1.11,0.82,2,Wheat,Central,Spring,2021-04-17,F0032,5.53
3569,7.37,44.84,29.55,482.39,93.9,13.93,2748.24,2.74,0.31,0.61,4,Soybean,West,Summer,2021-09-29,F0080,5.46
3570,8.44,44.96,19.26,699.2,242.43,1.73,2664.51,2.24,0.77,0.9,2,Rice,South,Autumn,2021-05-02,F0130,8.47
3571,7.9,18.14,27.11,635.51,235.36,6.38,1886.76,0.95,0.69,1.63,5,Corn,South,Spring,2021-11-29,F0306,7.38
3572,4.94,27.17,12.94,269.47,299.6,3.54,1865.23,1.56,0.72,1.31,3,Rice,North,Spring,2021-11-14,F0323,6.16
3573,5.46,34.38,24.82,281.76,234.89,6.0,1456.79,1.48,0.3,0.8,1,Barley,East,Spring,2021-06-03,F0289,5.99
3574,8.45,10.84,25.36,269.25,57.66,11.45,1030.81,1.7,0.68,1.77,4,Soybean,East,Autumn,2021-10-17,F0471,4.29
3575,6.44,17.03,19.61,942.38,157.94,6.2,2331.58,1.21,1.1,1.75,2,Barley,West,Summer,2021-03-15,F0340,6.11
3576,7.56,36.97,24.95,168.94,233.4,1.49,1099.58,1.1,1.28,1.06,2,Wheat,Central,Summer,2021-05-11,F0042,6.84
3577,8.24,27.21,15.34,892.97,165.22,13.23,1652.35,1.81,1.21,0.64,4,Barley,North,Summer,2021-07-09,F0043,5.68
3578,6.82,42.92,25.38,1112.31,124.31,2.32,2174.46,1.18,0.51,1.1,6,Rice,South,Summer,2021-02-27,F0365,6.28
3579,7.34,11.62,25.39,909.0,235.35,5.57,2117.27,2.98,1.08,0.84,5,Corn,South,Autumn,2021-08-18,F0190,7.36
3580,5.62,35.77,29.3,429.67,241.06,10.03,1764.35,2.79,0.89,1.9,3,Rice,South,Spring,2021-12-21,F0155,6.67
3581,8.09,24.38,17.93,191.96,216.8,6.52,1589.91,2.6,1.35,1.76,2,Soybean,East,Spring,2021-09-19,F0398,6.96
3582,5.04,36.22,34.77,1167.72,139.94,7.29,2357.99,1.98,1.38,1.63,2,Barley,West,Autumn,2021-01-25,F0011,5.46
3583,7.74,47.16,14.55,1062.4,89.98,7.02,2076.03,1.45,1.34,0.64,6,Wheat,West,Summer,2021-12-08,F0158,5.3
3584,6.41,20.74,31.31,755.82,112.35,5.64,1260.57,2.52,1.1,0.58,5,Rice,West,Autumn,2021-08-13,F0336,6.34
3585,6.31,26.72,33.4,403.84,244.28,7.5,1207.51,2.42,1.36,1.4,5,Barley,East,Autumn,2021-11-01,F0465,7.57
3586,5.93,39.14,20.59,659.0,119.38,8.7,1582.96,1.23,1.44,1.01,3,Barley,Central,Spring,2021-11-30,F0064,5.98
3587,5.04,20.05,17.99,1098.54,102.05,14.8,1672.0,0.8,1.37,1.28,1,Corn,North,Summer,2021-11-15,F0038,5.36
3588,6.5,25.94,14.98,802.1,191.06,13.4,2433.56,0.91,0.63,1.3,3,Rice,Central,Spring,2021-01-11,F0149,6.29
3589,7.74,20.42,22.93,794.37,125.63,2.17,2760.92,0.62,1.06,1.39,4,Rice,Central,Summer,2021-10-13,F0388,6.35
3590,7.93,17.94,24.07,1070.58,51.34,2.3,2623.76,2.51,0.61,1.64,2,Barley,East,Autumn,2021-06-28,F0088,5.27
3591,6.56,15.75,31.81,143.63,145.24,7.56,2053.6,2.74,1.26,1.58,5,Soybean,West,Summer,2021-10-10,F0463,5.65
3592,4.53,36.85,32.1,195.68,162.41,9.14,1245.64,2.43,1.21,1.69,4,Soybean,South,Summer,2021-07-06,F0046,4.94
3593,6.68,41.95,23.62,275.86,160.82,5.36,1105.02,1.53,0.55,0.97,5,Rice,East,Autumn,2021-07-21,F0188,6.84
3594,5.02,49.03,14.63,658.43,170.95,9.04,2894.81,1.42,0.63,1.45,5,Soybean,North,Autumn,2021-04-29,F0403,6.98
3595,6.83,46.43,22.42,265.68,212.65,3.49,2028.8,2.72,1.33,1.14,4,Wheat,North,Summer,2021-11-17,F0420,7.86
3596,8.43,14.01,13.69,156.61,62.63,5.73,2788.32,0.8,1.15,1.47,5,Rice,North,Autumn,2021-11-21,F0275,4.06
3597,6.5,34.24,31.35,548.65,177.19,14.94,2194.78,1.15,0.73,1.03,6,Corn,North,Summer,2021-08-20,F0190,5.8
3598,6.45,44.25,20.48,781.0,52.1,13.9,2123.42,2.12,0.97,1.76,4,Soybean,South,Summer,2021-11-22,F0348,4.92
3599,5.35,27.98,19.99,645.09,249.3,7.96,1825.66,2.59,0.44,1.12,1,Barley,South,Summer,2021-10-21,F0362,6.41
3600,8.4,47.68,17.39,565.08,108.65,9.69,1287.9,2.98,1.25,0.78,1,Rice,West,Spring,2021-08-20,F0126,5.07
3601,5.73,46.16,34.48,441.58,124.77,1.86,2671.86,2.06,1.34,1.26,5,Barley,Central,Spring,2021-09-24,F0115,6.21
3602,5.52,44.01,23.1,142.18,258.85,4.24,1886.11,1.93,1.0,1.09,4,Corn,Central,Spring,2021-01-19,F0247,5.87
3603,8.14,12.67,30.7,669.16,245.5,5.62,1681.67,2.81,1.16,0.95,1,Soybean,North,Spring,2021-12-20,F0487,7.51
3604,6.25,40.42,26.12,873.02,155.26,0.26,1528.53,0.92,1.47,0.91,4,Barley,East,Summer,2021-02-13,F0222,6.87
3605,6.46,20.52,12.86,820.78,233.26,0.46,2956.88,1.21,1.43,0.65,6,Corn,West,Spring,2021-01-10,F0327,7.21
3606,7.28,35.91,14.33,472.87,155.03,0.71,1227.75,0.68,0.71,1.51,4,Rice,Central,Spring,2021-07-19,F0090,6.1
3607,7.96,41.96,22.91,1097.18,109.6,0.76,1471.93,2.77,0.87,0.58,5,Barley,South,Autumn,2021-10-07,F0283,6.6
3608,7.75,27.1,21.27,152.24,108.42,3.42,1875.56,1.88,1.2,0.66,5,Corn,Central,Summer,2021-11-24,F0095,4.92
3609,5.86,41.57,33.3,1085.47,164.48,9.16,2472.79,1.85,0.46,1.34,2,Soybean,East,Summer,2021-01-23,F0357,6.71
3610,6.71,21.67,31.24,863.69,223.4,8.27,2450.22,0.9,1.04,1.75,2,Soybean,North,Summer,2021-12-24,F0317,6.65
3611,7.21,15.85,34.72,214.59,256.47,3.71,2040.22,0.92,1.32,1.58,5,Rice,South,Summer,2021-01-02,F0367,7.33
3612,4.62,32.08,23.01,1168.18,81.08,8.55,2170.61,1.27,1.29,0.81,4,Corn,West,Autumn,2021-12-29,F0235,5.05
3613,7.53,29.02,17.57,1114.64,143.68,5.78,1176.88,0.81,0.26,1.24,3,Rice,North,Summer,2021-07-20,F0297,7.03
3614,8.25,47.31,16.19,718.78,185.79,4.85,1040.66,2.05,1.15,1.71,2,Wheat,Central,Autumn,2021-06-06,F0372,6.24
3615,6.69,33.09,28.1,976.81,280.34,4.43,2506.28,1.94,1.1,0.75,3,Wheat,South,Spring,2021-10-06,F0066,8.31
3616,7.69,27.19,21.7,443.4,61.12,6.92,2354.76,3.0,0.91,1.3,5,Barley,West,Summer,2021-09-29,F0405,4.23
3617,6.07,43.62,27.08,155.86,237.9,6.53,1214.24,1.8,1.05,0.5,3,Wheat,East,Spring,2021-10-06,F0260,6.53
3618,7.82,11.88,28.89,1136.36,292.73,12.32,1210.51,2.91,1.04,1.67,5,Wheat,West,Spring,2021-11-30,F0309,7.93
3619,5.83,49.01,13.62,588.29,185.78,2.79,2444.9,2.71,1.19,1.3,4,Corn,South,Autumn,2021-08-01,F0333,7.12
3620,5.85,43.21,23.3,1196.82,178.35,3.1,1756.56,1.75,1.49,1.9,4,Corn,Central,Summer,2021-03-27,F0103,7.89
3621,4.86,20.19,18.6,850.4,185.87,8.6,1319.79,0.7,0.21,1.21,1,Soybean,Central,Autumn,2021-06-05,F0123,5.55
3622,7.1,44.62,11.37,591.87,196.66,11.1,2946.68,2.64,1.46,0.98,6,Rice,South,Spring,2021-08-03,F0259,7.06
3623,5.4,46.39,26.09,764.2,126.12,5.44,1015.78,2.1,0.9,0.63,1,Wheat,North,Spring,2021-09-23,F0185,6.8
3624,7.51,28.83,31.69,119.57,107.4,14.36,1274.74,1.14,0.51,1.97,5,Soybean,Central,Autumn,2021-03-18,F0304,5.24
3625,5.02,32.78,28.54,459.43,268.43,4.91,1134.17,1.11,0.9,0.62,5,Corn,South,Summer,2021-03-10,F0339,7.56
3626,8.08,31.06,21.49,699.88,84.01,13.5,2264.11,0.83,1.1,1.26,4,Wheat,East,Summer,2021-03-06,F0251,4.4
3627,6.92,13.73,29.71,1004.18,266.06,11.16,1363.46,0.56,0.68,0.69,4,Soybean,East,Summer,2021-11-23,F0136,7.8
3628,5.81,37.95,26.53,1050.48,253.29,7.95,2535.23,1.16,0.96,1.79,1,Barley,South,Autumn,2021-05-19,F0257,8.07
3629,7.85,14.01,29.6,847.87,80.57,9.73,2841.81,1.75,1.29,0.76,3,Corn,South,Summer,2021-08-05,F0420,5.05
3630,6.23,20.6,34.74,654.12,77.1,2.4,1898.95,1.31,0.43,0.6,2,Corn,East,Summer,2021-10-17,F0143,5.14
3631,7.39,20.59,34.83,707.65,223.74,14.66,1693.85,1.62,0.98,0.86,1,Rice,West,Summer,2021-11-01,F0426,6.66
3632,6.95,26.35,12.82,289.0,64.98,14.72,2980.02,1.0,1.19,0.89,4,Barley,East,Autumn,2021-09-11,F0263,3.99
3633,5.64,42.41,31.75,1170.16,181.06,11.66,1544.15,1.82,0.41,1.18,2,Barley,North,Spring,2021-03-30,F0472,6.89
3634,4.91,32.07,10.82,1007.03,151.5,9.01,2993.29,2.26,1.23,1.45,4,Barley,South,Summer,2021-02-13,F0250,6.07
3635,6.03,34.41,22.41,185.77,108.64,2.12,2540.38,0.85,0.58,1.78,2,Corn,Central,Spring,2021-01-25,F0266,5.75
3636,5.06,30.46,19.33,405.02,267.59,14.37,1326.13,2.12,0.85,0.72,1,Barley,West,Summer,2021-07-13,F0346,7.34
3637,8.28,18.18,19.82,580.41,199.71,9.71,2744.09,2.82,1.08,0.55,3,Corn,Central,Spring,2021-02-12,F0370,6.67
3638,7.04,39.43,19.22,942.86,125.68,13.2,1089.24,0.7,0.35,1.96,2,Wheat,East,Autumn,2021-03-05,F0212,5.87
3639,4.83,46.07,18.37,589.73,59.78,2.42,2381.8,2.17,1.36,1.44,2,Wheat,West,Spring,2021-12-27,F0121,4.7
3640,6.89,43.93,28.74,244.39,88.44,0.41,1992.48,1.08,1.17,1.96,5,Corn,North,Spring,2021-07-17,F0461,5.84
3641,7.96,15.93,11.33,890.07,255.34,7.53,2620.8,1.01,0.56,1.39,1,Corn,West,Summer,2021-08-19,F0117,7.53
3642,7.2,35.05,15.95,901.64,129.75,12.97,2859.19,2.48,1.37,0.59,4,Wheat,South,Summer,2021-11-19,F0013,4.86
3643,4.52,18.85,30.34,217.22,136.37,2.84,2144.02,0.58,1.03,1.92,4,Rice,South,Spring,2021-12-28,F0169,5.37
3644,4.98,15.53,10.2,236.06,72.38,14.24,2501.79,2.34,0.4,0.86,2,Soybean,South,Spring,2021-08-18,F0445,3.77
3645,4.97,45.55,34.4,793.08,126.99,9.97,1513.13,1.86,0.52,0.57,4,Soybean,South,Summer,2021-03-02,F0012,5.27
3646,7.5,18.45,30.87,824.85,86.0,1.05,2330.38,2.68,1.45,1.12,3,Wheat,North,Summer,2021-02-14,F0142,4.8
3647,5.05,15.46,23.2,162.52,59.55,1.33,1796.46,1.01,1.1,1.65,3,Barley,North,Autumn,2021-06-05,F0011,4.71
3648,6.67,32.6,27.28,308.55,231.08,6.69,1578.34,0.97,0.63,1.02,2,Soybean,South,Spring,2021-10-11,F0354,6.72
3649,6.98,15.07,12.31,1140.31,139.39,8.5,1232.47,1.08,0.5,1.58,2,Wheat,North,Summer,2021-02-25,F0298,6.97
3650,6.96,26.33,13.58,655.71,79.44,0.98,1331.99,1.35,1.33,1.0,2,Barley,East,Spring,2021-08-12,F0260,4.99
3651,4.81,19.13,26.77,707.4,154.24,2.16,2082.6,1.3,0.66,0.89,4,Barley,South,Summer,2021-01-12,F0017,5.62
3652,5.87,45.25,17.48,870.74,138.14,3.39,2905.68,1.71,1.21,0.84,5,Soybean,North,Spring,2021-11-19,F0490,7.87
3653,6.79,49.45,16.97,255.86,96.3,10.58,1612.16,2.41,0.54,1.2,2,Wheat,North,Summer,2021-11-11,F0257,5.23
3654,5.34,28.57,30.24,862.53,254.87,7.36,1492.89,2.7,1.33,1.24,6,Rice,East,Spring,2021-02-15,F0356,7.81
3655,4.64,32.75,29.13,707.17,153.5,3.72,2179.65,2.47,0.44,0.89,5,Wheat,West,Summer,2021-09-04,F0449,5.92
3656,7.61,10.17,14.16,379.04,118.72,0.37,1157.62,2.71,0.57,1.49,4,Barley,North,Spring,2021-11-21,F0279,5.65
3657,7.74,26.51,23.86,924.22,78.97,13.33,1791.91,2.26,1.15,1.34,3,Barley,South,Summer,2021-12-15,F0240,4.04
3658,4.85,45.46,14.25,914.01,147.04,1.68,1932.63,1.45,1.12,1.08,6,Barley,Central,Autumn,2021-07-07,F0195,6.4
3659,6.92,42.12,12.85,942.0,123.75,8.19,2996.47,2.3,0.62,1.88,2,Wheat,North,Autumn,2021-05-23,F0488,6.33
3660,8.4,37.66,32.36,545.41,172.78,9.44,1239.51,2.07,0.25,1.73,1,Wheat,South,Autumn,2021-01-26,F0117,6.49
3661,7.59,29.44,24.07,554.15,283.66,8.49,1969.62,0.57,1.49,1.65,6,Corn,South,Summer,2021-12-21,F0063,7.64
3662,7.17,31.97,32.45,338.87,110.08,9.66,1928.35,1.13,1.2,1.74,5,Soybean,South,Summer,2021-10-08,F0473,4.78
3663,4.77,43.1,32.59,1179.96,169.39,6.38,2250.95,1.67,1.1,0.86,3,Corn,North,Summer,2021-03-05,F0177,6.04
3664,7.16,28.95,31.24,242.62,287.05,5.92,2951.94,1.22,1.4,1.82,1,Rice,Central,Summer,2021-05-06,F0143,6.91
3665,7.31,38.6,28.31,581.46,76.66,12.88,2414.17,2.53,0.68,0.88,1,Barley,South,Autumn,2021-12-22,F0117,4.07
3666,8.07,40.34,21.84,674.49,135.21,1.31,2766.41,2.65,0.55,1.72,6,Wheat,West,Spring,2021-05-21,F0058,7.02
3667,7.78,11.24,10.62,206.95,280.06,13.56,1768.1,1.15,0.27,0.78,2,Soybean,East,Summer,2021-12-19,F0244,6.03
3668,5.22,12.57,31.45,876.6,166.05,10.27,2294.27,1.77,1.42,1.78,5,Barley,East,Spring,2021-07-20,F0401,6.03
3669,6.69,17.86,21.62,446.7,97.62,13.08,1921.65,2.43,0.81,0.8,2,Barley,Central,Autumn,2021-09-26,F0458,4.6
3670,5.86,21.0,30.56,895.94,203.45,14.81,2052.55,1.13,0.74,1.06,4,Wheat,Central,Autumn,2021-11-16,F0476,5.39
3671,6.9,34.04,16.13,808.39,136.98,4.63,2417.96,1.77,0.58,1.46,4,Rice,East,Summer,2021-10-19,F0145,6.8
3672,7.27,46.12,33.68,395.96,192.69,4.33,1007.01,1.14,0.79,1.79,5,Corn,South,Spring,2021-05-23,F0025,6.36
3673,6.39,35.81,18.09,615.0,121.78,13.36,1804.5,2.78,0.88,1.91,4,Rice,East,Autumn,2021-11-12,F0342,6.3
3674,7.21,18.6,12.98,1180.3,293.14,0.48,1304.92,0.87,1.04,0.63,2,Soybean,West,Spring,2021-06-22,F0471,9.21
3675,6.32,22.73,15.01,880.0,133.86,4.29,2793.24,1.4,0.86,1.44,2,Barley,East,Summer,2021-02-25,F0314,6.59
3676,7.58,31.74,27.07,614.51,244.59,0.28,1567.77,0.84,1.14,1.02,5,Wheat,North,Spring,2021-10-30,F0393,8.17
3677,7.53,38.05,24.89,631.69,84.18,14.39,1872.57,1.6,0.43,0.59,6,Wheat,Central,Spring,2021-10-13,F0041,4.41
3678,7.38,43.7,20.65,124.22,107.04,3.49,2473.43,1.91,1.24,1.81,1,Soybean,Central,Spring,2021-01-20,F0433,5.17
3679,7.31,32.97,22.65,668.56,180.35,4.55,1261.8,0.5,0.49,0.92,6,Barley,Central,Summer,2021-09-23,F0445,5.23
3680,4.67,25.09,30.3,261.12,161.81,2.98,1898.25,2.06,0.49,1.7,3,Barley,North,Autumn,2021-07-11,F0126,4.78
3681,5.99,27.06,17.68,667.95,168.14,3.93,1795.73,0.73,0.58,1.33,1,Rice,Central,Autumn,2021-05-05,F0101,6.83
3682,7.61,40.02,32.48,1181.08,173.52,13.11,1446.18,2.42,0.29,0.57,4,Soybean,North,Autumn,2021-04-15,F0187,5.74
3683,7.12,22.27,14.51,517.17,136.09,8.7,1236.46,1.11,1.25,1.1,1,Barley,North,Autumn,2021-03-06,F0416,5.0
3684,4.58,19.58,25.45,482.85,261.82,10.38,2385.88,2.0,0.47,1.76,6,Corn,West,Autumn,2021-01-31,F0019,7.76
3685,7.86,12.46,31.96,817.19,105.76,13.04,2840.97,2.38,0.5,1.21,6,Corn,North,Summer,2021-03-28,F0499,4.86
3686,6.68,13.54,34.18,695.29,148.87,14.8,2793.45,1.43,1.07,1.72,4,Corn,South,Summer,2021-01-13,F0405,4.57
3687,7.56,36.19,11.94,732.04,260.89,10.23,1811.7,1.65,0.89,1.3,5,Soybean,West,Spring,2021-08-17,F0108,6.91
3688,5.67,10.82,30.75,1020.89,156.54,2.23,2480.39,2.43,1.32,0.57,1,Corn,North,Summer,2021-08-01,F0282,8.12
3689,8.46,38.4,22.65,797.45,163.39,12.17,2075.69,1.96,1.37,1.41,1,Wheat,North,Summer,2021-01-07,F0248,6.44
3690,5.16,44.36,11.02,853.05,146.01,9.29,1245.37,2.88,1.44,0.73,6,Rice,East,Summer,2021-06-22,F0426,5.3
3691,6.94,37.17,28.35,281.3,294.61,8.76,1706.63,1.09,1.45,1.54,1,Barley,West,Summer,2021-11-30,F0052,7.88
3692,8.16,17.32,28.1,891.93,168.5,11.58,2891.55,2.49,0.65,1.16,4,Wheat,West,Spring,2021-02-18,F0463,6.03
3693,5.06,10.77,18.53,1152.06,106.2,14.67,1754.84,2.37,0.29,0.58,1,Soybean,North,Spring,2021-12-02,F0289,5.1
3694,4.74,49.94,21.88,1065.21,50.51,1.63,2112.98,1.49,0.75,1.88,6,Corn,West,Autumn,2021-04-27,F0063,6.18
3695,5.3,22.83,26.03,687.07,260.57,14.67,1261.27,0.97,1.46,1.57,1,Barley,Central,Spring,2021-08-20,F0115,7.24
3696,7.55,11.03,31.89,231.06,179.87,4.35,2576.71,0.96,1.01,1.51,3,Corn,North,Summer,2021-01-20,F0401,6.65
3697,7.71,35.14,15.14,938.24,244.86,4.38,1448.8,1.75,0.55,1.83,1,Soybean,East,Summer,2021-03-07,F0044,8.05
3698,5.11,20.68,23.14,252.7,78.14,9.32,2194.07,2.67,0.39,1.97,6,Soybean,West,Summer,2021-02-20,F0205,4.25
3699,4.54,38.12,18.56,510.88,173.65,12.17,2694.82,2.92,0.73,1.12,4,Barley,North,Summer,2021-10-09,F0473,5.84
3700,7.9,36.77,26.54,276.4,159.07,2.99,2002.1,1.01,0.73,0.6,3,Wheat,South,Autumn,2021-03-11,F0161,6.08
3701,8.14,20.96,25.2,935.2,259.18,13.74,1042.42,1.75,0.71,1.86,3,Wheat,Central,Spring,2021-03-24,F0151,7.1
3702,6.68,14.75,22.44,251.58,79.69,13.51,2918.12,1.21,0.72,1.07,3,Barley,South,Autumn,2021-05-01,F0354,5.03
3703,6.36,34.36,19.48,860.63,77.06,10.43,2563.72,1.08,1.31,1.94,4,Rice,Central,Autumn,2021-05-20,F0399,4.25
3704,4.84,26.1,29.81,784.84,87.27,6.47,2501.48,2.33,0.27,1.17,4,Wheat,Central,Spring,2021-07-30,F0386,5.11
3705,5.41,47.69,22.75,750.18,105.75,8.16,2471.64,1.25,0.76,0.88,6,Barley,North,Summer,2021-10-07,F0025,4.82
3706,8.49,32.27,19.11,1009.35,272.81,10.5,2209.5,2.49,0.48,1.2,6,Wheat,East,Spring,2021-02-15,F0043,6.66
3707,4.57,12.71,16.72,684.17,161.32,3.09,2834.2,2.5,1.28,1.49,1,Soybean,East,Autumn,2021-02-13,F0194,6.34
3708,6.34,45.28,31.73,916.07,262.42,5.51,1434.97,2.35,0.84,1.91,2,Rice,Central,Summer,2021-05-04,F0160,7.83
3709,5.46,11.14,27.41,560.93,274.87,2.64,2990.96,1.33,0.79,1.56,5,Corn,Central,Summer,2021-04-03,F0025,8.15
3710,8.18,29.83,17.14,400.65,148.32,13.9,1981.55,1.12,0.67,0.74,6,Barley,North,Autumn,2021-01-21,F0135,6.06
3711,7.91,40.05,30.13,1009.48,213.37,11.58,1478.43,2.6,0.46,1.3,5,Barley,South,Autumn,2021-01-20,F0445,5.96
3712,8.07,36.86,19.61,176.39,196.91,8.22,2575.78,2.26,0.23,1.95,6,Rice,Central,Spring,2021-10-02,F0216,6.72
3713,5.3,23.93,26.14,439.93,263.43,2.04,1433.22,2.75,0.67,1.03,5,Soybean,Central,Autumn,2021-11-12,F0243,6.29
3714,7.58,17.34,32.91,938.42,52.76,12.65,2755.38,1.79,0.51,1.79,5,Rice,Central,Summer,2021-01-29,F0095,3.79
3715,7.52,37.57,25.32,1146.7,275.8,2.91,2011.19,1.64,0.23,1.8,3,Barley,North,Spring,2021-04-09,F0414,7.99
3716,7.12,20.58,20.01,1196.8,180.22,14.9,1008.68,1.9,1.29,1.61,3,Barley,Central,Spring,2021-09-13,F0349,6.7
3717,8.34,49.15,28.4,450.16,153.57,2.86,1073.89,1.87,0.79,1.65,6,Barley,East,Spring,2021-05-09,F0179,6.87
3718,5.63,42.68,24.39,591.53,198.12,6.99,1520.97,2.93,0.98,1.82,5,Wheat,Central,Summer,2021-02-14,F0236,7.35
3719,6.55,27.16,25.72,646.98,141.54,4.42,2356.75,1.94,0.98,0.82,6,Wheat,West,Spring,2021-01-19,F0118,6.32
3720,4.91,35.81,32.01,1119.67,210.41,6.88,2424.65,2.56,0.38,1.72,3,Soybean,Central,Summer,2021-08-07,F0489,6.92
3721,5.26,41.65,10.1,841.91,204.78,8.32,2684.48,2.12,1.4,0.58,4,Soybean,Central,Summer,2021-05-31,F0282,7.25
3722,5.58,42.22,21.28,950.87,285.39,10.83,2575.73,2.13,1.3,1.72,4,Soybean,South,Autumn,2021-09-23,F0254,7.17
3723,5.7,43.79,12.33,1110.64,139.95,3.69,1235.06,2.22,0.88,1.78,3,Rice,West,Spring,2021-07-01,F0076,5.18
3724,8.01,20.99,28.78,825.03,225.35,2.19,1807.66,1.25,0.59,1.81,5,Rice,West,Autumn,2021-02-18,F0406,8.02
3725,4.71,22.75,18.97,514.38,99.19,14.82,2367.28,0.56,1.16,0.94,3,Corn,North,Autumn,2021-02-24,F0332,3.98
3726,4.85,42.28,19.71,806.96,269.73,5.5,1692.04,1.26,0.34,1.9,3,Corn,West,Spring,2021-10-11,F0047,8.1
3727,6.91,44.37,13.5,1156.12,96.43,3.16,2772.73,1.03,1.3,1.16,6,Rice,Central,Autumn,2021-09-30,F0489,5.91
3728,5.8,36.45,25.55,744.72,272.71,1.24,2897.32,1.52,1.2,1.88,2,Barley,North,Summer,2021-08-28,F0044,8.15
3729,7.77,30.39,16.73,855.33,157.54,11.49,1182.23,0.6,0.24,1.47,2,Corn,North,Summer,2021-04-17,F0437,6.02
3730,5.17,12.33,14.2,850.34,299.92,13.34,1010.0,1.91,1.47,0.58,2,Corn,East,Autumn,2021-04-29,F0109,7.97
3731,5.17,35.74,33.59,215.59,226.27,13.08,2494.29,2.14,1.11,1.79,1,Corn,West,Autumn,2021-02-23,F0452,7.03
3732,6.81,48.1,13.95,561.95,89.72,1.12,2814.2,0.56,0.39,1.02,6,Barley,East,Spring,2021-10-21,F0425,6.56
3733,7.69,47.34,26.4,275.44,201.0,5.85,2012.23,2.57,1.47,0.66,1,Rice,East,Autumn,2021-02-07,F0464,8.05
3734,7.49,17.04,34.23,1146.17,195.99,3.55,1310.68,1.27,0.25,1.18,3,Rice,West,Autumn,2021-07-14,F0382,6.08
3735,5.89,18.54,10.59,1011.7,63.09,14.21,1149.0,1.1,0.61,0.7,1,Barley,South,Autumn,2021-12-01,F0139,4.33
3736,8.21,10.96,27.21,349.94,85.08,3.05,1850.63,1.37,1.05,1.5,1,Soybean,West,Autumn,2021-06-29,F0462,4.63
3737,7.41,43.7,18.6,827.47,133.69,3.95,2030.9,1.96,1.02,1.07,5,Corn,Central,Autumn,2021-10-24,F0171,7.18
3738,5.23,47.72,31.2,882.89,148.88,14.91,1054.8,1.81,1.19,1.94,4,Barley,South,Summer,2021-01-13,F0183,5.19
3739,6.13,22.39,20.85,577.83,52.39,2.29,1582.09,0.61,1.18,1.59,4,Soybean,Central,Spring,2021-04-08,F0057,4.68
3740,7.65,30.81,17.4,879.45,259.7,5.4,2809.24,0.76,0.66,1.4,1,Corn,Central,Autumn,2021-05-03,F0044,7.82
3741,6.33,12.78,30.96,201.63,232.98,1.61,1236.27,1.36,1.04,0.57,1,Corn,Central,Spring,2021-04-21,F0414,6.47
3742,7.83,26.65,30.78,837.56,227.26,12.52,1182.6,0.99,0.97,1.17,5,Rice,North,Summer,2021-03-29,F0168,5.71
3743,6.33,19.61,25.83,494.92,257.93,0.25,2420.0,2.56,0.73,1.76,4,Corn,North,Spring,2021-01-16,F0151,9.05
3744,4.54,35.86,19.1,683.24,62.97,4.93,1197.1,1.18,0.32,1.63,4,Corn,West,Summer,2021-02-01,F0066,4.78
3745,6.96,12.92,30.3,1039.87,163.93,4.39,1427.61,0.72,1.16,1.36,5,Barley,West,Summer,2021-02-17,F0471,6.59
3746,7.98,29.09,10.06,641.69,271.14,14.94,1883.73,2.22,0.33,0.97,4,Wheat,North,Autumn,2021-11-14,F0324,7.16
3747,8.32,24.9,33.76,419.73,273.08,7.56,1057.04,1.84,1.16,0.99,2,Soybean,West,Summer,2021-07-18,F0065,7.49
3748,7.85,13.04,20.03,199.57,203.16,2.5,1773.95,2.63,0.44,0.91,6,Corn,Central,Spring,2021-08-01,F0421,7.09
3749,4.7,26.64,11.91,732.86,190.25,3.99,1610.87,1.4,0.81,1.81,3,Rice,South,Spring,2021-10-06,F0050,6.3
3750,7.25,14.57,19.24,745.45,103.44,4.45,1760.37,1.9,1.1,0.52,5,Soybean,Central,Summer,2021-11-05,F0177,5.28
3751,7.51,47.69,23.83,683.94,122.65,14.78,2773.43,1.96,0.42,1.27,3,Rice,North,Autumn,2021-03-24,F0216,5.9
3752,8.36,20.45,21.8,169.33,159.12,14.06,1731.28,1.3,0.69,1.0,2,Rice,North,Summer,2021-04-12,F0460,5.88
3753,6.26,39.24,18.79,464.07,81.2,3.45,2571.04,1.57,0.93,1.8,2,Corn,West,Autumn,2021-11-08,F0167,5.22
3754,7.75,16.33,19.89,450.57,149.12,7.4,2827.33,1.89,1.4,0.74,4,Corn,Central,Summer,2021-02-03,F0461,6.09
3755,6.95,22.68,33.89,1164.57,167.58,1.18,1627.76,0.71,0.94,1.91,5,Soybean,East,Summer,2021-10-24,F0032,5.99
3756,7.43,17.42,29.67,439.13,150.08,12.47,2479.24,0.91,0.31,0.97,3,Barley,Central,Autumn,2021-09-20,F0196,5.95
3757,8.06,12.4,14.27,1032.75,291.78,5.88,1455.73,2.21,0.42,1.02,2,Rice,East,Spring,2021-05-15,F0036,7.35
3758,7.58,18.2,25.41,701.74,242.27,13.87,1023.06,2.86,0.41,1.94,1,Barley,East,Summer,2021-02-21,F0444,6.59
3759,7.42,31.82,33.63,945.8,201.13,6.81,1123.34,0.78,1.05,0.6,4,Wheat,Central,Summer,2021-09-05,F0016,6.94
3760,5.24,19.71,26.63,1023.47,132.74,14.85,2682.06,1.34,1.21,0.54,5,Wheat,East,Autumn,2021-01-14,F0426,4.76
3761,7.27,43.27,21.7,838.83,277.41,4.78,2468.36,2.06,1.0,1.23,6,Corn,West,Summer,2021-06-20,F0363,8.15
3762,7.88,27.48,27.66,557.81,131.46,8.96,1912.31,1.14,1.36,1.79,2,Wheat,East,Summer,2021-03-07,F0492,5.25
3763,5.36,16.64,27.14,217.19,190.28,14.29,1592.23,2.4,0.44,0.79,3,Barley,West,Spring,2021-01-29,F0042,5.77
3764,7.84,43.32,23.23,354.85,291.94,5.75,2639.83,0.65,0.93,1.88,3,Wheat,North,Spring,2021-09-26,F0035,7.45
3765,4.92,25.36,30.75,220.76,250.94,6.58,1229.71,2.35,0.62,1.88,4,Rice,West,Summer,2021-10-31,F0118,7.46
3766,4.87,25.32,29.81,1090.64,68.71,0.4,1798.22,0.69,0.37,1.07,6,Barley,South,Summer,2021-12-26,F0487,5.16
3767,8.17,37.59,14.9,1166.4,216.25,14.15,2700.69,1.85,0.29,1.61,2,Soybean,Central,Summer,2021-01-13,F0095,6.89
3768,7.42,44.9,28.49,910.44,192.43,6.91,1812.26,2.27,1.01,1.07,5,Rice,West,Autumn,2021-03-28,F0275,7.1
3769,8.25,48.93,26.74,899.23,88.09,8.12,2504.42,2.02,0.94,1.76,6,Rice,South,Spring,2021-01-30,F0421,5.59
3770,6.44,15.6,15.8,951.8,119.03,10.31,1863.2,1.22,0.52,1.19,5,Soybean,Central,Summer,2021-01-24,F0028,5.77
3771,6.34,19.25,31.9,1026.78,148.6,13.79,2467.8,1.54,0.59,0.87,6,Barley,East,Spring,2021-06-24,F0105,6.56
3772,5.94,27.97,18.36,1021.6,116.5,10.34,2518.28,2.04,1.38,0.52,1,Rice,Central,Spring,2021-04-16,F0115,5.85
3773,8.48,26.47,20.83,957.05,242.8,14.39,1368.29,2.33,1.13,1.57,3,Barley,West,Summer,2021-10-02,F0151,7.24
3774,6.32,47.64,24.46,933.95,262.84,12.76,2905.91,0.87,0.49,1.87,4,Corn,South,Spring,2021-10-05,F0263,6.06
3775,6.9,40.11,21.11,1167.93,64.06,7.51,2502.05,1.43,0.65,1.96,5,Rice,South,Summer,2021-07-07,F0098,5.11
3776,5.5,11.22,13.52,447.41,230.76,4.22,1515.01,0.85,0.21,0.78,5,Wheat,East,Summer,2021-12-31,F0447,6.74
3777,8.05,46.3,26.37,268.11,126.87,14.29,2270.66,0.88,1.17,0.8,1,Wheat,West,Autumn,2021-06-11,F0087,3.74
3778,6.49,23.91,34.73,644.32,155.01,10.46,1822.83,0.95,1.07,0.94,6,Wheat,Central,Spring,2021-11-20,F0157,5.77
3779,7.46,36.56,30.33,1054.48,208.47,3.32,2837.71,1.49,0.63,1.82,1,Rice,Central,Autumn,2021-02-28,F0404,6.89
3780,7.51,30.2,19.17,1159.07,116.65,10.8,1880.0,1.46,0.72,1.96,5,Corn,South,Spring,2021-02-12,F0142,6.32
3781,8.08,18.41,20.66,850.84,78.11,7.89,1515.7,2.08,1.13,0.91,4,Soybean,West,Autumn,2021-10-25,F0429,5.12
3782,7.24,22.83,15.29,261.56,114.52,8.07,2681.89,1.25,0.59,1.37,2,Rice,South,Summer,2021-10-23,F0386,5.11
3783,6.72,14.68,19.36,388.1,253.52,7.52,2173.11,1.15,1.43,1.3,6,Rice,North,Summer,2021-09-02,F0376,8.42
3784,5.9,13.96,29.21,994.0,255.51,4.43,2714.4,1.28,0.71,1.4,3,Corn,East,Summer,2021-01-25,F0093,7.18
3785,4.59,30.74,23.89,1051.91,194.88,14.81,2759.91,0.77,0.76,0.97,4,Rice,Central,Spring,2021-10-30,F0067,7.33
3786,4.86,21.08,18.32,1124.07,269.01,11.56,2025.8,0.63,0.53,1.98,4,Wheat,West,Autumn,2021-06-03,F0244,6.92
3787,7.38,18.85,14.63,503.86,174.5,1.24,2094.57,1.99,0.61,0.69,6,Barley,North,Summer,2021-10-11,F0455,6.92
3788,4.6,49.31,15.11,454.1,154.9,12.89,1398.69,1.12,0.58,0.99,6,Barley,North,Summer,2021-01-23,F0290,5.38
3789,7.05,47.73,29.14,1103.96,284.57,8.08,2316.41,1.71,0.92,0.76,1,Rice,East,Spring,2021-09-16,F0259,7.86
3790,5.69,14.03,34.83,1156.06,279.13,13.13,1017.81,2.92,0.21,0.5,3,Corn,East,Summer,2021-09-08,F0449,6.01
3791,5.2,42.95,31.82,161.48,149.84,10.47,1016.8,1.18,0.56,0.79,4,Corn,East,Spring,2021-11-14,F0398,4.27
3792,6.05,21.92,12.95,1158.92,122.78,2.97,1026.9,0.84,1.49,1.28,6,Rice,South,Spring,2021-08-09,F0351,4.98
3793,5.81,14.26,21.27,1173.2,117.96,12.55,2683.48,1.03,0.2,1.68,5,Wheat,West,Summer,2021-07-23,F0113,5.8
3794,4.78,28.21,22.45,434.07,224.77,11.44,2218.62,0.62,1.17,1.56,3,Soybean,North,Spring,2021-03-03,F0294,5.88
3795,8.47,45.8,20.45,1184.38,52.54,0.15,2189.24,2.86,0.38,1.99,5,Barley,East,Summer,2021-11-12,F0231,5.4
3796,8.48,10.01,26.37,1055.98,296.38,4.84,2757.87,2.54,1.32,0.66,6,Wheat,North,Spring,2021-03-01,F0056,8.06
3797,7.13,33.02,21.79,733.35,237.13,11.64,1001.38,0.93,1.11,1.76,4,Corn,Central,Spring,2021-07-25,F0098,6.63
3798,8.18,16.52,24.52,1148.6,107.64,1.68,2837.87,0.97,0.48,0.52,6,Wheat,Central,Summer,2021-12-26,F0182,5.36
3799,7.18,23.4,22.23,806.26,273.83,6.8,2471.32,0.94,0.58,0.96,2,Wheat,East,Spring,2021-06-28,F0207,5.95
3800,5.89,36.57,23.76,579.18,179.43,3.81,2855.58,0.59,0.23,0.54,6,Soybean,West,Spring,2021-05-11,F0460,6.73
3801,5.59,19.6,11.87,1088.1,278.95,12.15,2759.21,1.62,0.44,1.42,5,Wheat,West,Autumn,2021-04-04,F0335,8.35
3802,5.54,44.94,20.5,156.5,210.74,5.45,2841.41,1.01,0.5,1.76,3,Barley,Central,Spring,2021-09-06,F0092,6.49
3803,5.95,46.36,24.68,1167.11,70.81,2.18,2120.56,1.03,0.22,0.74,1,Rice,South,Spring,2021-05-17,F0449,5.53
3804,6.63,48.83,23.79,678.83,136.38,6.35,1109.69,1.71,1.34,0.6,4,Corn,Central,Summer,2021-06-17,F0483,5.6
3805,6.71,23.72,31.07,1178.72,260.4,2.13,2692.22,1.96,0.28,0.76,3,Corn,North,Spring,2021-10-12,F0218,7.42
3806,6.33,21.49,18.21,703.7,104.93,11.12,1626.08,1.67,1.48,1.22,5,Rice,West,Summer,2021-05-14,F0253,4.63
3807,4.83,27.71,32.19,1178.51,75.88,1.14,1356.31,2.53,0.72,0.6,6,Corn,South,Summer,2021-02-08,F0384,4.37
3808,6.68,35.09,32.12,1194.02,81.08,4.89,2104.9,2.64,1.27,0.64,5,Wheat,Central,Autumn,2021-12-11,F0145,4.84
3809,5.92,28.71,33.63,169.28,102.03,5.11,1490.4,2.12,0.92,0.5,5,Corn,Central,Summer,2021-12-15,F0183,5.86
3810,5.87,41.43,33.91,1114.09,286.51,12.07,1408.12,1.37,0.33,1.6,1,Corn,West,Autumn,2021-08-13,F0298,7.03
3811,4.82,25.85,17.88,376.93,211.55,8.41,1900.64,1.23,0.46,1.87,6,Corn,Central,Summer,2021-01-09,F0406,6.21
3812,7.45,34.04,25.03,307.11,119.66,14.84,2725.77,0.57,0.37,0.96,2,Barley,East,Autumn,2021-04-26,F0395,4.49
3813,5.09,49.73,29.02,1074.41,66.08,0.62,2300.22,2.32,1.14,1.45,6,Wheat,North,Spring,2021-03-20,F0397,5.8
3814,7.06,41.62,32.58,501.3,207.67,6.57,1275.22,2.61,0.93,1.34,6,Rice,South,Summer,2021-11-05,F0238,6.2
3815,8.07,17.2,18.66,1072.51,104.52,12.28,1029.3,1.88,0.99,1.43,5,Soybean,North,Summer,2021-08-22,F0099,6.06
3816,4.8,31.76,23.7,518.49,114.71,3.91,1661.84,1.18,0.42,1.09,5,Soybean,North,Summer,2021-08-02,F0467,5.16
3817,6.2,13.0,10.19,344.24,137.56,14.67,2170.62,2.95,1.06,0.57,1,Wheat,North,Summer,2021-03-15,F0343,5.98
3818,5.64,29.76,15.16,275.39,145.61,3.35,1003.71,2.89,1.05,1.86,2,Wheat,East,Spring,2021-05-28,F0244,6.15
3819,6.31,12.66,22.5,519.69,194.09,14.18,1994.0,1.44,1.4,0.7,5,Soybean,South,Spring,2021-09-03,F0136,5.46
3820,6.18,34.39,25.29,305.28,160.78,2.39,1746.58,0.51,0.57,0.77,1,Wheat,North,Autumn,2021-04-09,F0039,5.88
3821,7.08,34.8,19.28,868.88,72.41,10.14,1499.3,1.92,0.22,1.08,5,Corn,South,Autumn,2021-05-06,F0300,5.07
3822,6.17,35.84,14.42,149.48,210.29,10.17,2466.14,2.41,0.68,0.52,3,Rice,North,Spring,2021-05-08,F0395,6.7
3823,4.87,45.47,34.16,1024.12,176.94,9.07,2565.97,2.83,0.54,1.9,3,Corn,East,Autumn,2021-05-09,F0086,7.47
3824,7.3,36.46,29.4,470.47,103.52,11.56,2894.12,1.09,0.8,0.54,5,Corn,West,Autumn,2021-04-26,F0354,4.23
3825,8.09,49.94,30.65,147.37,268.19,10.74,2114.48,1.87,0.33,1.49,1,Corn,East,Spring,2021-10-20,F0311,7.04
3826,7.68,16.82,28.04,253.68,98.09,4.24,1701.93,2.9,1.48,0.77,1,Soybean,West,Summer,2021-07-11,F0232,5.11
3827,7.97,42.12,15.94,474.93,246.44,9.4,1423.43,1.26,0.93,1.48,3,Soybean,North,Summer,2021-02-21,F0027,7.05
3828,7.17,42.36,14.61,530.34,288.01,8.57,1324.75,2.42,0.63,1.35,5,Soybean,East,Summer,2021-03-15,F0473,7.17
3829,5.61,13.13,12.19,533.93,103.17,14.87,2704.32,0.79,1.01,1.45,2,Barley,North,Autumn,2021-05-17,F0009,4.7
3830,5.78,11.58,28.77,1187.94,229.29,10.78,2722.19,0.51,1.09,1.77,1,Rice,West,Spring,2021-07-19,F0137,6.45
3831,5.81,25.79,31.4,1057.27,174.98,6.26,2981.96,2.0,0.21,1.45,2,Rice,West,Autumn,2021-05-26,F0079,6.48
3832,7.69,43.51,24.92,437.44,229.1,0.33,2343.81,1.03,0.36,1.56,4,Soybean,West,Summer,2021-01-21,F0235,7.74
3833,5.03,41.82,21.54,278.18,183.58,5.42,2020.89,2.39,0.98,0.75,3,Wheat,West,Summer,2021-10-27,F0097,6.22
3834,8.42,19.24,11.97,827.85,175.21,9.26,2696.06,0.53,0.43,1.55,1,Corn,North,Autumn,2021-05-10,F0424,5.83
3835,5.13,45.71,28.64,681.67,131.2,13.18,1504.65,2.08,1.44,1.61,5,Soybean,South,Autumn,2021-02-01,F0015,5.64
3836,4.78,22.81,10.46,1198.08,231.8,13.16,1051.18,0.77,0.22,0.73,5,Rice,East,Summer,2021-05-05,F0189,7.04
3837,5.56,37.7,33.97,712.27,175.99,7.64,1194.91,2.88,1.08,1.04,1,Corn,East,Summer,2021-12-27,F0446,6.73
3838,6.02,12.75,24.67,612.88,153.6,7.72,2581.89,2.81,1.47,1.36,5,Barley,South,Spring,2021-06-27,F0257,5.9
3839,4.84,30.05,22.46,836.72,179.05,0.13,2895.65,2.85,1.11,1.45,6,Barley,West,Summer,2021-03-31,F0040,6.6
3840,6.88,14.0,15.85,745.57,110.3,4.96,2300.5,2.91,0.77,0.99,3,Corn,East,Summer,2021-07-08,F0457,7.33
3841,5.6,34.37,25.21,448.21,163.19,0.28,2196.04,2.6,1.11,0.5,1,Barley,North,Spring,2021-05-15,F0371,6.14
3842,7.51,14.67,31.55,1091.14,72.65,6.43,2518.22,2.8,0.76,0.63,3,Wheat,East,Summer,2021-05-12,F0436,5.73
3843,5.87,43.05,17.67,935.13,79.31,2.59,2113.25,2.04,0.32,0.88,5,Barley,South,Summer,2021-04-20,F0295,6.08
3844,7.71,41.07,22.86,343.65,123.14,9.82,2340.19,1.01,1.1,0.95,5,Wheat,Central,Spring,2021-09-01,F0364,5.18
3845,5.73,16.83,31.1,739.86,238.63,3.6,2208.46,0.59,0.24,1.21,5,Corn,West,Spring,2021-02-05,F0445,6.9
3846,7.97,37.75,17.71,981.44,145.02,1.25,1421.36,1.8,0.96,1.66,3,Rice,North,Spring,2021-12-03,F0328,6.47
3847,6.7,34.72,20.79,360.88,186.57,10.66,2668.88,1.91,0.36,0.79,6,Barley,North,Autumn,2021-09-10,F0284,5.83
3848,7.42,27.52,10.84,978.24,232.74,4.17,2417.12,1.65,0.36,1.69,5,Barley,South,Autumn,2021-01-30,F0158,7.81
3849,6.99,19.06,31.37,151.65,137.25,4.54,2783.44,0.9,0.67,1.74,1,Rice,East,Summer,2021-11-26,F0367,6.03
3850,4.75,35.27,29.26,581.78,165.13,2.94,1895.8,1.89,0.63,1.5,2,Corn,North,Summer,2021-11-06,F0280,7.54
3851,4.95,39.34,22.21,1173.9,225.62,3.2,2217.29,0.82,1.33,1.56,1,Wheat,North,Spring,2021-01-24,F0465,7.54
3852,7.72,31.11,17.16,757.45,171.8,0.34,2102.32,2.54,0.99,1.15,4,Wheat,East,Summer,2021-12-05,F0277,6.99
3853,6.96,14.82,34.54,549.26,190.81,2.08,1526.76,0.9,0.2,1.02,6,Wheat,Central,Spring,2021-03-26,F0318,6.55
3854,5.24,22.72,30.24,382.07,205.44,11.09,2519.7,2.91,0.32,0.74,5,Wheat,South,Autumn,2021-01-10,F0377,5.49
3855,5.5,48.92,13.37,149.78,147.22,2.04,2641.76,0.88,0.78,1.11,6,Corn,North,Autumn,2021-03-04,F0169,4.5
3856,6.01,13.4,24.71,388.0,105.94,7.87,1302.46,1.29,1.14,1.26,3,Wheat,Central,Spring,2021-07-18,F0252,6.66
3857,4.61,17.98,16.79,640.14,231.48,5.83,2622.21,1.42,1.18,1.54,5,Rice,Central,Summer,2021-05-11,F0067,6.66
3858,4.53,20.61,21.79,422.02,69.94,14.23,2591.15,0.97,0.62,0.65,6,Barley,West,Summer,2021-07-28,F0300,3.55
3859,7.42,43.05,26.43,264.0,114.87,0.79,2248.3,1.0,0.62,1.68,4,Corn,North,Summer,2021-09-07,F0239,7.05
3860,4.58,41.98,27.86,262.9,246.5,8.24,2992.25,2.88,0.6,1.35,4,Wheat,East,Spring,2021-03-09,F0261,6.3
3861,6.87,14.85,28.41,340.07,184.63,5.9,2475.51,1.67,1.29,1.65,5,Rice,West,Summer,2021-03-30,F0362,7.29
3862,7.69,32.43,10.87,1125.25,125.87,7.74,1051.8,1.1,0.94,0.5,4,Soybean,North,Summer,2021-06-24,F0090,5.24
3863,7.95,39.85,23.17,600.31,131.38,2.04,1546.41,1.48,0.91,0.88,5,Wheat,West,Spring,2021-10-13,F0442,6.69
3864,6.46,43.03,20.06,262.96,164.01,5.5,2562.55,2.36,0.37,1.7,5,Soybean,West,Summer,2021-08-02,F0451,6.73
3865,7.71,10.61,14.57,462.03,79.27,6.76,1983.81,1.29,0.49,0.89,2,Soybean,South,Summer,2021-09-16,F0033,5.27
3866,5.32,20.92,29.01,1175.59,267.18,14.3,2334.57,2.76,1.49,1.43,5,Corn,East,Spring,2021-12-12,F0224,6.84
3867,6.03,25.29,31.78,905.58,279.53,8.33,1780.55,2.58,0.79,1.67,3,Wheat,West,Spring,2021-06-13,F0217,7.63
3868,4.84,11.14,27.23,735.84,88.71,4.11,2981.35,0.52,0.63,0.92,3,Corn,East,Summer,2021-01-31,F0078,5.2
3869,6.5,31.01,28.33,460.02,225.65,8.26,2897.03,2.77,0.75,1.72,3,Barley,West,Summer,2021-05-02,F0034,6.42
3870,5.56,14.23,29.62,289.38,172.22,7.28,1962.55,1.81,0.6,0.62,4,Wheat,East,Summer,2021-01-11,F0207,6.34
3871,7.46,27.11,32.68,987.2,151.17,11.61,1487.53,2.07,0.62,1.68,2,Rice,East,Autumn,2021-12-29,F0022,5.98
3872,7.74,19.11,34.14,743.41,82.56,14.94,2978.91,0.6,0.24,1.32,1,Barley,West,Spring,2021-05-06,F0353,4.2
3873,5.89,15.3,17.05,888.18,204.25,9.48,2228.1,1.08,0.36,1.08,2,Corn,North,Summer,2021-12-09,F0210,7.44
3874,7.02,30.93,10.43,616.61,267.7,1.36,1514.66,2.57,0.74,1.44,1,Soybean,Central,Autumn,2021-07-15,F0489,8.14
3875,4.84,26.65,33.58,953.49,264.46,8.63,1636.5,2.44,0.29,1.07,6,Soybean,North,Summer,2021-06-20,F0178,7.87
3876,7.71,15.75,10.43,525.95,130.64,9.85,2891.24,0.69,0.68,1.57,4,Wheat,Central,Spring,2021-03-22,F0054,5.05
3877,5.27,46.97,15.38,875.1,156.65,6.6,2693.46,2.14,0.45,1.95,1,Wheat,North,Autumn,2021-08-04,F0277,6.05
3878,4.94,13.64,13.16,630.29,158.24,12.37,1122.69,2.63,0.99,1.7,6,Soybean,North,Summer,2021-04-20,F0363,5.23
3879,7.52,14.94,13.19,153.35,116.19,8.53,1554.35,1.92,1.32,0.64,1,Corn,North,Autumn,2021-02-06,F0291,6.05
3880,5.25,49.57,30.05,1106.65,189.7,5.9,2280.14,0.81,0.26,1.77,3,Rice,South,Spring,2021-10-11,F0053,6.25
3881,8.06,26.42,20.28,639.22,261.01,3.27,1070.39,2.19,0.68,1.53,4,Rice,South,Summer,2021-06-15,F0239,7.93
3882,6.89,34.52,29.34,888.4,279.63,3.28,1634.15,1.16,1.0,1.03,4,Corn,South,Autumn,2021-04-12,F0101,9.54
3883,5.21,30.76,11.26,438.4,129.98,1.89,1154.59,1.19,0.74,1.44,5,Barley,Central,Summer,2021-05-05,F0218,5.83
3884,7.97,12.82,13.42,219.51,70.45,1.5,1421.86,2.58,0.63,1.28,4,Wheat,North,Spring,2021-01-26,F0061,4.75
3885,5.12,48.49,33.2,399.44,157.76,10.5,2072.89,1.09,0.53,1.44,3,Soybean,East,Summer,2021-03-18,F0122,6.31
3886,5.06,26.48,22.66,1194.16,165.43,14.88,2938.28,0.51,0.42,0.93,3,Wheat,West,Summer,2021-12-29,F0253,5.52
3887,7.6,31.71,30.88,296.49,105.16,13.33,2505.91,1.35,0.47,1.05,2,Soybean,West,Summer,2021-12-21,F0398,5.49
3888,7.74,17.99,32.65,733.16,296.99,6.67,2231.12,1.68,1.48,0.85,1,Wheat,North,Autumn,2021-07-28,F0244,7.16
3889,6.17,41.14,34.35,592.74,117.34,8.76,2451.62,0.74,0.83,1.1,3,Barley,North,Summer,2021-02-04,F0473,5.5
3890,7.79,43.89,28.35,688.99,273.25,7.55,1539.66,1.0,0.43,0.52,4,Wheat,North,Summer,2021-08-21,F0147,7.55
3891,8.16,31.77,31.39,122.73,152.69,13.02,2771.22,2.55,0.35,0.93,6,Barley,West,Autumn,2021-01-19,F0365,3.95
3892,7.52,11.76,12.01,450.93,298.5,2.83,1312.45,2.09,0.33,1.85,6,Wheat,North,Spring,2021-08-09,F0385,7.77
3893,7.8,39.2,23.44,806.56,153.52,3.5,1463.87,2.26,0.22,1.53,1,Wheat,East,Spring,2021-05-20,F0185,6.06
3894,8.08,46.68,14.86,825.72,147.42,0.12,2804.21,2.54,1.13,1.37,1,Wheat,Central,Summer,2021-08-13,F0242,6.22
3895,6.38,34.18,19.08,605.58,218.76,9.05,1284.66,0.57,0.37,1.24,3,Wheat,South,Summer,2021-01-10,F0450,6.92
3896,4.6,28.0,10.79,558.52,178.28,3.21,2813.68,0.87,0.52,1.67,2,Corn,Central,Summer,2021-07-02,F0053,7.43
3897,6.04,38.81,19.36,254.68,273.45,5.07,2777.0,1.85,0.97,1.37,6,Rice,East,Spring,2021-07-03,F0378,7.85
3898,6.99,31.96,27.16,321.39,185.33,2.71,1044.73,2.93,1.07,0.92,1,Soybean,South,Summer,2021-11-15,F0068,7.04
3899,4.79,45.27,30.69,973.36,268.18,11.03,2437.63,2.18,0.74,0.62,3,Wheat,East,Spring,2021-06-12,F0460,6.11
3900,6.58,36.81,13.7,494.47,243.41,13.69,2663.0,2.73,1.39,1.68,2,Wheat,Central,Summer,2021-03-13,F0422,7.35
3901,8.14,44.83,17.12,1172.47,130.3,1.04,1526.47,1.65,0.24,1.14,4,Wheat,South,Autumn,2021-03-10,F0413,5.28
3902,7.8,12.6,34.67,368.36,265.21,5.51,1946.99,1.92,1.34,0.92,6,Rice,West,Spring,2021-09-20,F0162,7.35
3903,5.67,38.94,11.4,1090.57,217.23,5.87,1460.04,1.39,1.04,0.65,4,Corn,Central,Autumn,2021-06-06,F0249,7.12
3904,6.55,45.8,14.43,229.86,57.4,1.34,2102.57,0.71,0.82,1.71,2,Rice,West,Spring,2021-01-09,F0120,4.75
3905,6.69,22.13,14.66,341.97,226.46,7.05,1629.09,0.76,0.8,1.41,5,Barley,Central,Spring,2021-11-02,F0236,6.69
3906,6.87,22.93,20.95,1056.81,52.3,11.5,2085.32,2.14,1.27,1.25,4,Corn,West,Spring,2021-01-24,F0443,5.12
3907,5.41,20.07,25.21,465.98,265.56,8.11,2487.48,1.85,0.47,1.81,1,Barley,West,Spring,2021-06-16,F0076,6.71
3908,4.66,14.36,22.53,205.55,298.19,9.45,1644.37,0.58,1.42,1.5,2,Barley,North,Summer,2021-11-14,F0030,7.27
3909,5.68,19.34,26.49,456.1,239.46,1.19,1833.51,1.55,0.73,1.41,4,Barley,West,Spring,2021-03-15,F0055,6.41
3910,8.26,16.15,14.88,1055.43,299.5,2.29,2719.22,0.59,0.89,1.64,5,Corn,Central,Autumn,2021-11-11,F0109,7.23
3911,7.91,34.95,21.63,760.39,62.19,1.78,2504.5,1.13,0.86,1.75,2,Barley,West,Summer,2021-02-19,F0265,5.73
3912,7.88,13.51,22.04,1172.63,200.81,14.22,1362.39,0.8,1.46,1.67,4,Soybean,West,Summer,2021-01-24,F0038,6.12
3913,4.8,33.63,18.93,334.44,222.83,3.56,2009.08,2.73,0.98,1.06,6,Corn,East,Autumn,2021-07-28,F0425,7.13
3914,6.38,11.78,23.98,1123.92,126.36,6.89,2315.15,0.88,0.38,1.12,6,Corn,East,Autumn,2021-05-12,F0260,5.6
3915,8.14,27.74,12.17,320.24,142.17,10.93,1499.71,2.0,0.87,1.46,2,Soybean,East,Autumn,2021-11-10,F0317,6.63
3916,6.13,35.75,11.53,1097.64,286.84,3.51,1911.43,2.58,0.32,0.63,4,Corn,North,Summer,2021-07-02,F0293,8.0
3917,6.24,10.45,17.44,204.38,60.9,5.73,2008.17,0.87,0.65,1.95,3,Corn,Central,Autumn,2021-12-27,F0445,4.14
3918,4.79,32.78,21.14,446.26,157.1,0.32,2224.94,1.0,1.13,1.24,2,Corn,South,Summer,2021-10-15,F0326,5.95
3919,6.84,41.54,33.41,530.18,116.41,10.4,1298.69,2.73,0.86,1.57,2,Corn,Central,Summer,2021-08-15,F0026,4.93
3920,6.3,26.09,31.52,373.41,299.35,7.71,1787.64,2.05,0.61,0.53,4,Barley,East,Summer,2021-10-16,F0077,7.45
3921,5.65,19.67,27.32,971.32,56.31,10.98,1202.69,1.57,0.52,1.44,4,Wheat,East,Autumn,2021-11-07,F0236,4.2
3922,6.05,22.22,33.0,872.59,193.04,11.51,2193.6,1.3,1.41,1.0,1,Rice,Central,Spring,2021-04-08,F0269,6.3
3923,6.81,32.16,12.78,915.19,91.89,12.38,1253.16,1.28,0.28,1.89,4,Barley,Central,Spring,2021-03-26,F0116,4.87
3924,5.06,29.46,18.28,322.94,84.17,2.06,1723.32,2.62,1.39,1.87,4,Barley,North,Autumn,2021-01-08,F0380,4.8
3925,5.92,46.16,22.29,870.34,115.05,11.57,2979.21,0.71,0.36,1.8,2,Corn,South,Spring,2021-08-12,F0279,4.97
3926,8.03,13.53,21.23,1030.34,178.35,13.18,2912.95,2.82,0.81,1.39,6,Barley,East,Summer,2021-07-21,F0126,6.63
3927,5.42,29.91,13.24,1035.39,68.48,8.98,2795.27,2.07,0.68,1.11,2,Rice,Central,Autumn,2021-05-10,F0465,5.51
3928,7.71,18.8,22.23,1184.05,145.69,14.89,1302.34,1.2,1.29,0.6,5,Corn,South,Spring,2021-02-20,F0277,6.34
3929,6.21,41.47,33.08,299.81,208.64,12.24,2871.83,2.51,0.65,1.47,4,Rice,West,Spring,2021-08-30,F0055,6.08
3930,5.17,16.34,34.28,647.5,254.2,1.14,2328.28,2.55,0.52,0.73,1,Corn,South,Autumn,2021-04-09,F0283,6.23
3931,5.54,46.87,24.99,122.18,179.39,7.08,2405.09,2.41,0.92,0.78,4,Corn,Central,Spring,2021-12-31,F0235,6.33
3932,5.91,47.02,23.26,1039.42,121.63,1.48,1765.4,2.6,0.97,1.5,3,Barley,North,Summer,2021-10-31,F0038,6.68
3933,7.63,27.32,27.04,881.78,60.58,5.8,1581.55,1.02,0.71,1.62,4,Wheat,East,Autumn,2021-06-23,F0216,4.8
3934,7.98,20.0,25.81,642.66,144.89,7.31,2045.67,2.57,0.96,0.53,1,Wheat,North,Spring,2021-09-11,F0333,5.58
3935,8.24,26.39,27.46,751.2,60.15,13.6,2151.0,1.63,0.9,1.55,5,Soybean,Central,Summer,2021-07-22,F0268,5.16
3936,6.13,25.96,30.19,1193.46,243.71,9.34,2445.05,0.89,1.04,1.96,2,Corn,South,Summer,2021-08-05,F0342,6.12
3937,7.45,43.41,12.58,487.86,268.36,9.26,1864.89,2.1,0.57,0.71,2,Rice,West,Summer,2021-09-09,F0261,7.43
3938,7.37,49.94,30.85,803.83,230.37,12.23,2638.24,0.73,1.03,1.27,5,Rice,Central,Summer,2021-08-23,F0055,7.25
3939,8.22,40.26,31.22,853.7,144.28,5.66,1442.67,1.24,0.86,0.59,5,Rice,East,Spring,2021-05-30,F0313,6.84
3940,6.99,30.27,14.67,504.55,77.34,6.93,2568.51,2.36,0.42,1.15,2,Wheat,East,Autumn,2021-03-28,F0309,4.79
3941,7.55,34.61,11.4,644.43,235.08,4.8,1023.99,1.29,1.17,1.21,2,Wheat,North,Summer,2021-07-07,F0008,7.79
3942,5.01,30.58,27.98,223.42,284.96,6.33,1519.05,1.65,1.1,1.66,2,Rice,North,Autumn,2021-05-13,F0077,6.71
3943,4.72,24.84,14.25,297.38,108.4,9.71,2184.35,1.52,1.42,1.58,1,Soybean,South,Autumn,2021-02-20,F0155,4.73
3944,6.69,43.42,13.68,200.92,118.55,10.78,1546.84,0.75,1.47,1.41,5,Soybean,West,Summer,2021-03-27,F0416,5.9
3945,4.5,28.32,12.49,880.54,200.73,5.45,1012.61,1.77,1.15,0.93,4,Corn,East,Spring,2021-06-15,F0281,7.1
3946,7.56,21.63,30.37,1134.62,170.14,7.13,1426.46,2.62,0.68,1.13,5,Barley,South,Summer,2021-11-22,F0385,7.01
3947,8.27,28.22,25.22,455.12,210.05,5.65,1649.74,0.51,1.49,1.34,6,Wheat,West,Summer,2021-11-06,F0004,5.98
3948,7.71,42.81,32.27,534.51,199.42,2.56,1586.82,1.37,0.85,0.83,3,Barley,South,Summer,2021-12-07,F0319,6.21
3949,7.17,10.01,28.23,304.29,68.5,12.92,1811.02,2.97,0.73,1.32,1,Barley,North,Autumn,2021-05-08,F0307,4.18
3950,8.1,38.74,19.42,955.9,120.8,8.52,2400.09,2.66,1.31,1.43,3,Barley,Central,Spring,2021-04-18,F0483,6.48
3951,7.94,33.61,17.47,581.32,79.32,8.72,1837.68,0.71,0.52,0.74,2,Wheat,West,Spring,2021-03-11,F0331,4.22
3952,6.37,49.94,24.79,1092.7,220.8,5.31,2234.89,1.22,1.3,1.98,3,Corn,Central,Autumn,2021-02-02,F0143,7.48
3953,5.66,12.21,23.19,858.73,278.41,3.71,2635.73,1.73,1.21,0.71,2,Soybean,East,Autumn,2021-01-18,F0393,6.97
3954,8.19,29.72,22.75,834.14,286.91,10.92,2459.25,1.1,0.4,1.32,1,Corn,South,Summer,2021-02-26,F0268,7.32
3955,5.58,13.42,20.3,1009.9,259.09,1.23,2710.79,2.31,1.45,1.73,3,Corn,East,Autumn,2021-01-16,F0108,8.58
3956,6.66,29.41,18.61,287.81,268.61,3.3,1369.66,2.41,0.51,0.7,6,Wheat,North,Spring,2021-07-19,F0137,7.45
3957,6.62,41.68,21.47,1124.52,91.9,14.69,1901.56,0.81,0.88,1.78,6,Soybean,West,Summer,2021-11-05,F0178,5.58
3958,5.47,22.06,23.49,1113.5,138.1,4.84,2873.03,1.35,0.53,1.34,3,Wheat,North,Autumn,2021-03-21,F0245,5.99
3959,5.88,37.15,17.85,746.5,80.91,7.86,1150.98,1.36,0.92,1.05,2,Corn,West,Spring,2021-05-15,F0280,6.13
3960,7.18,25.91,31.18,1162.41,104.88,3.14,1561.97,1.49,1.21,1.15,1,Wheat,West,Spring,2021-05-19,F0450,5.2
3961,8.02,36.83,26.75,731.79,295.0,3.05,1530.5,2.07,1.24,1.74,2,Soybean,East,Spring,2021-12-02,F0279,9.02
3962,6.4,35.67,30.15,121.36,156.52,13.33,2195.48,2.06,1.07,1.8,5,Soybean,Central,Spring,2021-03-30,F0321,5.35
3963,7.54,25.06,16.23,341.0,79.27,10.17,1916.44,0.8,1.34,0.94,4,Corn,South,Autumn,2021-07-15,F0156,4.98
3964,7.83,25.9,34.11,1013.16,96.39,9.36,1101.63,2.61,0.32,1.63,4,Rice,West,Summer,2021-07-11,F0173,5.72
3965,6.86,24.94,27.16,1133.81,212.51,1.91,1200.3,0.8,0.25,1.36,4,Soybean,East,Autumn,2021-10-03,F0378,6.01
3966,5.0,22.22,15.66,238.56,52.73,12.68,2888.9,2.83,1.13,1.4,1,Barley,East,Spring,2021-01-09,F0091,3.82
3967,8.39,27.65,11.74,1083.13,133.06,0.16,1703.31,2.47,0.76,1.76,5,Soybean,South,Spring,2021-06-18,F0393,7.13
3968,6.91,17.34,30.71,1052.34,266.85,1.73,2791.18,1.01,0.83,0.89,6,Soybean,South,Autumn,2021-05-17,F0250,7.89
3969,5.38,34.71,30.34,879.61,193.61,8.34,2079.05,1.73,0.87,0.87,3,Rice,West,Summer,2021-02-23,F0399,6.46
3970,5.46,27.01,15.86,737.04,94.02,12.21,2100.04,0.71,1.41,1.14,2,Wheat,East,Autumn,2021-02-02,F0497,5.68
3971,5.84,26.81,29.06,786.25,144.53,13.36,2017.5,2.17,0.67,1.16,4,Corn,North,Summer,2021-06-15,F0165,5.6
3972,7.07,34.26,20.46,1128.02,95.97,3.46,2223.56,0.54,0.38,1.25,3,Rice,South,Summer,2021-09-24,F0471,5.29
3973,4.55,49.44,32.36,982.58,277.29,8.96,1405.42,2.43,0.33,1.69,3,Barley,North,Autumn,2021-06-05,F0431,7.21
3974,5.07,38.63,25.77,1048.21,234.95,11.84,1749.03,1.83,0.98,0.78,5,Wheat,Central,Summer,2021-12-12,F0492,6.86
3975,7.87,17.48,20.1,1151.03,280.73,8.71,1836.38,1.68,1.13,1.67,6,Wheat,West,Summer,2021-04-30,F0360,8.59
3976,6.23,10.92,18.13,702.12,163.71,0.65,2943.88,1.31,1.37,1.5,5,Rice,Central,Summer,2021-09-06,F0262,7.69
3977,8.37,14.7,28.36,1192.96,84.72,1.88,2864.28,1.03,1.19,1.85,4,Wheat,South,Summer,2021-05-17,F0013,5.01
3978,8.43,24.83,11.99,1113.78,257.29,14.46,1889.43,1.1,1.03,1.98,5,Soybean,Central,Spring,2021-12-03,F0198,7.24
3979,8.16,29.3,33.29,805.93,157.21,2.02,1730.44,1.04,1.39,1.46,2,Corn,North,Summer,2021-08-27,F0393,5.48
3980,4.75,36.3,22.84,665.67,133.49,1.62,1097.26,1.09,1.09,0.9,6,Rice,South,Spring,2021-08-05,F0052,6.17
3981,6.66,19.16,17.55,895.52,76.05,8.92,2751.41,1.7,0.55,1.01,5,Corn,West,Autumn,2021-01-11,F0067,3.57
3982,4.6,45.8,23.01,865.33,287.2,6.82,2919.93,1.83,0.93,0.76,5,Wheat,North,Spring,2021-05-13,F0195,7.99
3983,8.09,42.31,12.36,1190.39,159.94,8.63,2162.19,0.84,1.3,1.59,6,Rice,North,Spring,2021-05-25,F0001,6.4
3984,7.27,16.82,26.78,1114.56,178.46,2.36,1391.38,2.18,0.43,1.13,2,Soybean,South,Autumn,2021-01-07,F0389,7.19
3985,5.48,23.28,30.9,772.33,175.0,2.09,1192.07,1.09,0.7,1.78,4,Soybean,North,Spring,2021-02-13,F0158,6.93
3986,7.27,46.05,21.7,355.29,126.08,11.98,1557.85,2.5,0.46,1.64,3,Soybean,East,Autumn,2021-08-24,F0053,5.58
3987,5.49,25.76,10.34,922.44,128.26,4.87,1025.35,2.89,0.62,1.18,1,Barley,East,Summer,2021-03-25,F0290,7.31
3988,6.4,21.86,14.56,196.64,198.36,6.83,2121.3,2.95,0.49,0.97,1,Wheat,South,Spring,2021-02-07,F0231,7.45
3989,8.06,43.07,22.2,1147.84,67.39,0.48,1924.96,2.49,0.56,0.54,3,Soybean,East,Autumn,2021-03-24,F0024,5.03
3990,5.46,49.42,12.12,328.44,246.85,1.71,1966.44,0.74,1.31,1.12,6,Corn,Central,Spring,2021-07-15,F0221,7.74
3991,6.54,47.23,21.03,301.48,69.27,10.51,2071.74,1.88,0.75,1.74,1,Barley,South,Summer,2021-07-02,F0361,5.81
3992,4.74,28.37,34.71,747.87,268.22,10.19,1770.01,1.55,0.91,0.91,2,Soybean,East,Summer,2021-12-23,F0223,6.34
3993,4.84,26.87,10.27,624.66,58.61,12.79,1502.64,1.43,0.7,0.86,4,Corn,South,Summer,2021-12-08,F0193,3.42
3994,4.78,19.62,25.17,308.09,138.38,10.28,1182.46,2.89,1.45,0.8,6,Corn,East,Summer,2021-01-29,F0422,4.92
3995,5.11,21.22,13.77,119.36,108.27,14.33,1870.22,2.52,0.48,1.25,2,Wheat,South,Spring,2021-10-23,F0394,4.36
3996,8.33,15.21,33.05,452.95,255.8,14.13,2844.73,2.36,0.43,0.85,1,Wheat,West,Summer,2021-12-08,F0228,7.61
3997,6.37,19.0,10.89,885.54,152.46,12.52,2336.12,1.09,0.99,1.43,5,Rice,Central,Autumn,2021-02-21,F0461,6.4
3998,5.81,17.94,24.37,170.02,263.29,10.19,1973.92,0.82,1.01,0.91,6,Rice,Central,Spring,2021-02-01,F0127,6.23
3999,7.16,32.69,33.62,804.45,76.39,1.5,1097.13,1.33,0.26,1.21,5,Wheat,South,Spring,2021-10-21,F0446,5.35
4000,7.78,24.58,11.62,1198.52,218.99,5.33,1403.59,2.51,0.34,1.88,5,Barley,North,Autumn,2021-11-04,F0317,7.48
4001,4.82,46.45,20.39,409.42,221.09,12.72,1438.05,0.83,0.33,1.71,6,Corn,South,Summer,2021-02-09,F0089,7.35
4002,6.58,46.29,23.89,849.71,232.21,3.23,1725.36,1.52,0.48,1.06,5,Soybean,West,Autumn,2021-01-25,F0252,7.78
4003,6.93,46.62,20.53,322.09,258.47,1.68,2685.13,1.94,0.48,0.93,1,Corn,South,Autumn,2021-11-06,F0035,6.43
4004,6.17,38.41,33.69,1028.49,66.67,10.81,1968.29,2.87,0.4,0.72,2,Rice,South,Summer,2021-11-09,F0016,4.79
4005,6.47,18.84,28.78,199.69,54.74,7.72,2588.66,1.48,0.86,1.03,4,Soybean,West,Summer,2021-06-26,F0092,3.95
4006,4.97,38.82,30.26,1189.41,145.95,7.57,1666.22,1.64,0.66,0.67,4,Soybean,South,Spring,2021-07-05,F0209,7.25
4007,6.94,45.36,25.34,813.5,101.41,14.72,1894.84,0.66,1.32,1.32,4,Barley,North,Summer,2021-01-23,F0402,6.28
4008,7.31,47.33,25.2,1071.17,198.19,13.56,2710.77,0.63,0.29,0.82,4,Corn,Central,Autumn,2021-10-07,F0419,6.31
4009,6.94,43.38,10.19,819.11,210.07,13.65,1540.74,1.37,1.23,1.49,5,Corn,South,Autumn,2021-06-03,F0140,5.4
4010,5.72,10.27,12.36,1124.69,208.26,9.36,2408.29,2.05,1.01,1.84,4,Wheat,Central,Summer,2021-01-01,F0018,7.54
4011,8.03,44.69,26.42,413.15,204.65,9.27,2595.5,2.07,1.43,1.67,2,Corn,East,Summer,2021-01-18,F0077,6.26
4012,8.03,41.92,17.24,874.16,121.1,0.24,1637.35,2.84,1.31,1.69,2,Soybean,West,Summer,2021-05-05,F0271,7.14
4013,7.01,21.22,27.66,493.11,122.78,2.03,1414.61,1.6,1.15,0.99,3,Barley,North,Summer,2021-11-03,F0059,5.96
4014,7.15,40.2,11.9,247.49,145.59,9.34,1503.92,1.73,0.27,1.11,4,Wheat,Central,Summer,2021-07-04,F0451,5.78
4015,7.02,45.06,19.96,183.59,58.03,1.95,1992.47,2.04,0.52,1.53,3,Barley,North,Spring,2021-11-26,F0295,3.33
4016,5.92,46.61,24.91,342.41,72.81,11.95,2340.25,1.57,0.78,1.3,4,Wheat,West,Spring,2021-07-18,F0373,4.11
4017,8.03,37.2,29.67,746.12,67.58,0.28,2552.41,1.33,0.79,0.85,5,Barley,West,Summer,2021-04-06,F0368,4.7
4018,6.85,46.2,18.63,386.92,210.45,11.16,1579.89,1.58,0.51,1.25,2,Wheat,Central,Summer,2021-09-19,F0329,6.29
4019,7.38,44.46,17.78,1045.48,236.52,12.04,1624.98,2.4,1.4,0.52,6,Soybean,Central,Autumn,2021-06-25,F0132,7.63
4020,8.1,34.71,10.48,1169.4,277.85,6.79,1349.23,2.29,1.24,1.25,6,Barley,North,Autumn,2021-02-26,F0306,8.68
4021,5.36,39.52,28.96,601.52,286.55,14.76,1649.53,1.63,1.29,1.42,4,Rice,West,Autumn,2021-10-29,F0064,7.08
4022,8.28,47.11,10.34,1043.72,75.61,0.99,2517.66,0.6,1.33,1.39,2,Barley,North,Summer,2021-02-02,F0391,6.57
4023,5.61,17.88,31.82,455.15,131.95,11.12,1006.72,2.01,0.95,1.82,6,Soybean,West,Autumn,2021-03-15,F0423,5.29
4024,6.49,32.94,34.02,415.04,155.79,1.75,2421.87,2.33,0.45,0.71,2,Rice,South,Autumn,2021-03-26,F0099,6.54
4025,5.38,27.2,24.46,732.55,111.53,14.6,1848.53,1.31,0.52,1.25,4,Wheat,West,Summer,2021-06-18,F0055,4.66
4026,5.84,31.37,25.98,185.68,293.42,2.91,2456.22,1.59,0.23,0.58,5,Wheat,West,Spring,2021-05-04,F0237,6.7
4027,5.58,39.94,28.75,295.99,239.04,13.74,1803.28,1.23,1.07,0.54,5,Rice,Central,Autumn,2021-10-28,F0454,5.46
4028,8.37,14.72,26.15,1159.37,189.34,6.23,1137.46,2.38,1.08,1.53,4,Rice,East,Autumn,2021-02-13,F0452,6.84
4029,4.95,17.26,28.72,720.34,125.65,0.02,2781.3,1.08,0.99,0.65,2,Barley,Central,Spring,2021-05-21,F0323,6.14
4030,7.72,34.13,31.75,562.6,145.17,3.93,1210.61,0.91,0.55,0.82,5,Wheat,West,Summer,2021-08-22,F0255,5.01
4031,4.97,20.61,18.47,451.64,130.9,10.11,2185.46,1.33,0.51,1.97,6,Barley,West,Summer,2021-09-23,F0193,5.56
4032,5.83,10.95,18.9,328.28,280.22,14.04,2841.53,1.82,1.05,0.6,6,Corn,North,Autumn,2021-12-25,F0248,7.48
4033,7.76,13.02,11.01,711.79,58.31,3.87,1763.75,1.6,0.92,2.0,5,Soybean,Central,Autumn,2021-10-28,F0132,5.32
4034,6.76,36.18,24.75,252.67,251.56,12.29,1513.64,1.71,0.74,0.54,5,Wheat,East,Summer,2021-01-27,F0098,6.12
4035,8.18,19.69,21.03,527.31,73.46,8.04,1771.85,1.94,1.04,1.56,5,Barley,West,Autumn,2021-04-07,F0062,4.9
4036,8.05,14.74,23.28,110.87,293.08,1.17,2245.58,2.92,1.38,0.94,2,Rice,North,Autumn,2021-04-29,F0224,7.07
4037,8.17,42.56,30.68,260.52,149.46,8.23,2530.02,2.31,0.89,0.71,4,Soybean,West,Summer,2021-01-20,F0302,5.03
4038,8.42,43.84,21.8,324.07,104.01,5.3,1162.23,2.43,0.24,1.17,3,Barley,Central,Autumn,2021-08-18,F0322,6.32
4039,7.5,21.19,33.96,909.86,295.57,3.14,2006.4,0.81,0.5,1.39,3,Barley,North,Spring,2021-12-06,F0424,7.98
4040,7.39,43.73,34.22,888.42,290.45,0.78,2514.1,2.22,1.31,1.75,5,Wheat,North,Summer,2021-01-01,F0365,8.8
4041,7.22,35.5,26.34,218.65,142.04,14.6,2553.12,0.63,1.15,1.92,2,Rice,East,Summer,2021-05-06,F0061,5.44
4042,5.03,27.55,34.0,473.53,289.85,12.23,1213.06,2.23,0.96,1.1,4,Corn,West,Summer,2021-05-10,F0341,6.35
4043,6.59,44.71,19.37,931.1,107.64,12.04,2943.56,2.86,1.33,1.31,3,Corn,North,Summer,2021-04-02,F0491,6.16
4044,4.61,29.37,24.35,363.0,54.03,12.28,1288.76,2.8,0.47,1.74,4,Barley,South,Spring,2021-11-22,F0175,4.77
4045,4.94,14.51,27.94,754.31,124.73,2.56,2632.03,1.81,0.43,1.33,3,Soybean,South,Spring,2021-02-24,F0364,5.85
4046,8.42,24.53,21.82,399.48,116.28,7.5,2558.9,1.53,1.46,0.72,2,Rice,Central,Autumn,2021-04-28,F0163,4.92
4047,5.73,12.17,14.02,771.86,239.63,7.19,1728.13,2.17,1.45,1.38,3,Corn,South,Spring,2021-06-04,F0242,6.65
4048,6.6,12.53,11.29,1037.02,201.76,5.73,2868.8,2.19,0.52,1.81,5,Rice,East,Spring,2021-11-25,F0403,6.97
4049,7.91,13.45,34.25,332.78,229.2,9.59,1631.41,2.22,0.69,1.28,1,Corn,West,Autumn,2021-01-17,F0181,5.53
4050,5.37,10.33,23.45,952.66,55.29,14.61,2754.43,2.04,1.02,1.97,5,Soybean,North,Autumn,2021-08-31,F0239,5.11
4051,4.56,30.7,18.89,697.09,291.35,7.87,1715.48,1.77,0.75,0.64,2,Barley,West,Autumn,2021-01-08,F0375,7.78
4052,4.76,15.67,30.02,657.94,55.32,14.82,1859.89,1.62,0.87,1.55,4,Rice,East,Summer,2021-04-13,F0122,4.64
4053,7.6,39.1,19.93,661.45,52.97,10.85,2243.21,0.7,0.6,1.32,2,Rice,North,Spring,2021-05-14,F0144,4.71
4054,5.54,17.21,20.29,1032.09,106.4,6.01,1684.31,1.31,0.27,1.14,2,Corn,South,Autumn,2021-08-30,F0378,5.53
4055,4.66,38.56,18.34,548.37,216.77,1.52,1077.08,2.05,1.49,1.66,1,Corn,South,Autumn,2021-08-15,F0079,8.16
4056,6.1,46.21,26.29,1006.3,65.86,8.67,2009.89,2.79,0.35,1.56,2,Rice,East,Autumn,2021-01-07,F0484,4.96
4057,7.82,13.57,11.81,689.05,145.7,3.7,2738.82,1.68,1.42,1.33,2,Rice,Central,Summer,2021-08-18,F0116,5.72
4058,8.34,24.53,21.11,964.95,81.87,4.87,1470.48,0.88,0.54,0.98,5,Wheat,Central,Spring,2021-05-01,F0412,5.89
4059,7.36,36.25,29.41,482.86,86.23,13.79,2457.2,1.38,0.87,1.82,2,Corn,Central,Summer,2021-08-09,F0439,5.12
4060,6.67,44.81,32.78,667.67,112.14,12.61,2879.67,1.67,1.12,1.35,4,Barley,West,Spring,2021-07-22,F0343,5.18
4061,5.81,35.07,24.1,1052.13,96.92,1.14,1502.96,1.67,1.1,1.43,2,Soybean,West,Autumn,2021-05-11,F0024,6.36
4062,7.94,33.84,11.77,976.2,292.32,1.38,1904.65,1.01,0.24,1.53,3,Soybean,Central,Spring,2021-06-04,F0462,8.18
4063,6.09,44.63,32.89,142.09,252.91,6.47,2467.13,2.94,0.81,0.9,1,Barley,Central,Spring,2021-07-27,F0466,6.1
4064,5.27,38.16,33.05,557.21,214.87,12.39,2188.14,1.49,0.7,0.68,1,Barley,North,Spring,2021-12-30,F0480,6.39
4065,6.08,29.18,34.39,469.97,235.29,0.6,2096.99,0.86,1.43,1.29,4,Corn,North,Autumn,2021-07-28,F0180,6.53
4066,4.97,44.84,32.4,287.55,166.72,8.03,2333.21,2.33,0.3,0.5,5,Soybean,East,Autumn,2021-03-19,F0277,6.3
4067,6.38,19.22,22.92,734.5,207.84,13.86,2381.39,0.66,0.35,1.92,6,Soybean,East,Summer,2021-05-27,F0382,6.57
4068,5.55,38.81,11.83,903.0,65.14,0.4,1539.97,1.96,1.3,1.21,3,Rice,East,Summer,2021-08-16,F0305,5.81
4069,7.2,43.82,14.57,1182.69,233.47,0.21,2191.62,0.96,0.65,0.86,5,Corn,East,Summer,2021-03-14,F0289,7.97
4070,4.94,23.93,11.19,100.56,274.34,6.57,1450.19,2.26,1.38,0.52,3,Rice,North,Summer,2021-09-17,F0077,7.48
4071,5.78,12.39,34.97,160.92,250.76,12.87,1300.45,2.48,1.17,1.79,4,Soybean,South,Summer,2021-11-28,F0337,5.74
4072,7.44,28.38,21.4,516.19,238.48,5.35,1258.04,1.26,1.47,1.71,5,Corn,East,Spring,2021-06-18,F0310,6.7
4073,6.54,29.26,29.3,185.56,173.84,6.39,2857.85,0.86,0.24,1.83,2,Barley,East,Summer,2021-03-08,F0148,6.89
4074,7.35,14.13,20.24,356.63,105.01,12.83,1204.73,1.96,0.87,0.95,6,Wheat,South,Spring,2021-12-02,F0194,5.03
4075,7.68,49.34,26.53,658.5,155.97,13.51,1421.77,1.98,1.42,1.47,6,Rice,South,Autumn,2021-11-20,F0132,6.12
4076,6.4,31.84,16.64,1183.17,99.5,7.78,2756.56,2.67,1.41,1.09,3,Wheat,North,Autumn,2021-07-22,F0491,5.57
4077,6.17,38.9,22.36,424.21,143.48,7.76,2188.92,1.26,0.64,0.79,2,Barley,Central,Autumn,2021-01-05,F0020,6.57
4078,4.6,13.67,31.98,421.04,104.02,10.31,1218.15,1.88,0.64,1.13,1,Corn,West,Spring,2021-05-25,F0054,6.19
4079,8.33,46.06,16.32,635.34,109.27,1.53,1616.54,0.85,0.98,1.5,1,Wheat,North,Summer,2021-11-15,F0128,5.91
4080,7.72,18.9,11.97,469.74,74.36,11.0,1891.82,2.12,0.33,1.33,3,Wheat,Central,Autumn,2021-03-02,F0494,3.93
4081,5.97,24.67,22.13,1037.88,265.28,1.05,1070.27,2.42,0.58,1.33,6,Corn,West,Autumn,2021-01-15,F0443,7.86
4082,6.74,18.29,30.33,831.79,233.02,8.96,2918.89,2.82,1.04,1.02,3,Corn,West,Autumn,2021-02-15,F0475,7.22
4083,7.47,36.44,10.69,1169.4,223.37,6.08,2546.72,1.7,1.28,1.01,1,Corn,Central,Summer,2021-04-08,F0011,8.22
4084,8.02,30.96,15.94,812.92,76.98,4.33,2749.87,1.18,0.53,1.22,1,Corn,South,Spring,2021-08-18,F0401,6.13
4085,7.08,28.07,24.97,614.15,209.37,11.66,1200.77,2.46,1.11,1.06,2,Soybean,West,Spring,2021-03-28,F0026,7.78
4086,6.36,23.41,31.32,503.67,207.79,1.35,2368.92,1.46,1.1,0.9,4,Soybean,North,Spring,2021-04-29,F0033,7.46
4087,8.15,10.73,22.11,113.18,146.31,4.18,1313.59,0.74,0.57,1.61,3,Rice,North,Spring,2021-02-24,F0098,5.61
4088,6.6,19.86,27.42,166.45,208.22,6.25,2073.56,0.68,0.95,1.48,1,Corn,East,Summer,2021-04-14,F0382,6.21
4089,6.76,22.51,22.03,1079.11,295.88,10.88,2037.6,2.43,0.72,1.42,2,Wheat,South,Summer,2021-06-26,F0164,7.37
4090,8.29,15.36,20.39,719.7,99.5,14.18,2055.89,0.73,0.41,0.62,4,Soybean,Central,Autumn,2021-12-06,F0225,4.4
4091,7.33,20.13,34.48,296.86,69.33,4.55,1717.97,1.34,0.48,1.02,2,Corn,Central,Summer,2021-03-05,F0191,4.29
4092,7.65,25.26,15.97,579.42,233.59,4.23,1665.8,0.64,0.43,1.46,6,Corn,Central,Summer,2021-05-14,F0102,5.86
4093,8.21,25.32,21.59,275.53,226.73,11.04,1661.31,0.82,0.36,0.67,4,Rice,West,Spring,2021-07-18,F0018,5.96
4094,7.79,49.45,32.07,1106.16,276.31,14.96,2004.8,1.89,0.93,1.64,5,Soybean,South,Summer,2021-08-06,F0387,7.58
4095,6.73,32.0,24.9,208.78,209.42,9.14,2855.39,2.4,1.44,1.13,5,Barley,South,Spring,2021-02-14,F0106,7.43
4096,7.47,43.95,26.19,814.8,152.42,3.16,2595.21,2.8,1.28,1.24,5,Wheat,South,Summer,2021-02-25,F0162,6.06
4097,8.33,45.25,11.64,684.88,289.81,2.05,1396.2,2.54,0.32,0.75,2,Wheat,North,Spring,2021-08-11,F0177,8.82
4098,6.06,25.77,13.33,639.1,255.31,9.29,2785.77,1.12,0.31,1.63,3,Barley,East,Spring,2021-10-16,F0154,7.43
4099,7.42,35.8,32.23,865.19,175.46,11.29,1650.88,1.28,0.74,1.98,5,Wheat,South,Summer,2021-03-31,F0466,5.32
4100,6.2,34.62,20.71,375.55,55.71,11.28,2134.34,0.58,0.86,1.77,6,Soybean,East,Autumn,2021-10-23,F0066,2.34
4101,4.7,47.8,22.35,1164.27,186.16,6.7,1092.02,2.96,0.96,1.53,3,Soybean,West,Autumn,2021-03-10,F0409,5.93
4102,7.89,46.64,33.31,326.75,134.95,7.87,1187.18,1.92,0.62,1.47,5,Wheat,Central,Autumn,2021-12-28,F0189,6.17
4103,8.22,28.41,29.73,517.84,234.02,5.36,2942.28,1.72,0.85,1.35,3,Corn,West,Autumn,2021-01-17,F0073,6.41
4104,8.23,28.59,26.19,672.53,146.12,0.85,1100.75,2.62,1.21,1.77,5,Corn,West,Spring,2021-07-05,F0110,5.64
4105,4.85,48.66,13.28,909.19,61.21,5.5,2645.27,2.15,0.47,1.23,4,Barley,North,Spring,2021-11-29,F0376,6.03
4106,7.42,14.77,20.79,331.08,203.4,6.7,1430.19,0.77,1.12,1.33,3,Rice,Central,Autumn,2021-04-27,F0239,6.3
4107,6.43,45.66,30.68,149.91,137.24,14.99,2080.29,2.82,0.32,0.73,2,Barley,West,Autumn,2021-11-22,F0021,5.74
4108,5.34,23.56,31.47,1130.87,155.74,14.52,1861.78,1.4,0.48,0.79,1,Rice,Central,Autumn,2021-03-30,F0015,5.46
4109,5.02,34.28,12.23,904.24,241.14,3.18,1127.93,0.73,0.34,0.5,6,Rice,West,Summer,2021-02-24,F0322,7.04
4110,7.63,30.19,20.84,1180.87,244.91,10.38,1758.06,1.89,1.46,1.69,2,Wheat,Central,Spring,2021-06-26,F0461,6.07
4111,6.78,16.79,31.63,390.71,127.56,13.73,2261.56,1.23,0.72,1.04,2,Soybean,South,Spring,2021-04-30,F0350,5.03
4112,5.82,34.39,19.0,441.27,259.64,3.97,2768.15,2.08,1.48,1.04,6,Corn,East,Summer,2021-03-13,F0031,7.23
4113,8.01,38.8,28.17,308.16,97.48,0.38,2885.87,1.46,1.45,0.92,2,Corn,Central,Autumn,2021-08-20,F0249,5.06
4114,5.5,25.97,18.11,453.64,104.52,8.7,2369.39,2.65,0.62,0.86,3,Soybean,South,Autumn,2021-05-21,F0199,5.83
4115,8.3,41.94,28.24,472.8,256.69,4.24,2379.38,1.91,1.31,0.7,6,Wheat,North,Autumn,2021-06-13,F0319,7.72
4116,5.14,39.78,28.96,1197.47,224.36,2.64,2906.36,2.99,0.46,0.97,2,Corn,West,Autumn,2021-07-01,F0046,7.92
4117,7.64,36.36,27.21,1138.19,265.68,6.63,2446.13,2.53,0.9,0.94,3,Soybean,South,Spring,2021-02-07,F0403,7.36
4118,6.84,28.33,29.34,654.29,112.62,1.6,2575.29,2.71,0.4,1.74,2,Rice,East,Spring,2021-11-16,F0302,5.58
4119,5.81,42.52,10.82,793.46,99.51,7.37,1075.38,2.16,0.86,0.64,6,Barley,South,Summer,2021-06-30,F0084,6.29
4120,7.15,26.43,22.98,689.96,297.73,5.56,1904.11,0.71,0.23,1.11,3,Rice,South,Autumn,2021-09-23,F0248,7.51
4121,7.67,36.35,24.5,930.06,60.1,9.54,2134.93,2.98,0.86,1.99,1,Wheat,East,Spring,2021-01-05,F0486,4.77
4122,7.4,31.78,26.11,538.2,256.95,10.42,2706.71,2.73,0.48,1.21,3,Soybean,East,Summer,2021-05-10,F0430,5.87
4123,6.56,21.53,15.57,377.94,294.96,11.55,1747.38,2.06,0.74,0.59,4,Barley,South,Autumn,2021-05-14,F0260,7.71
4124,4.55,36.32,27.64,669.21,142.68,8.18,1654.22,1.11,1.47,0.67,3,Barley,South,Spring,2021-06-29,F0211,6.27
4125,4.57,19.49,24.34,1096.9,106.53,5.97,1463.13,2.4,0.88,0.76,6,Rice,South,Spring,2021-07-24,F0447,5.93
4126,6.98,37.83,11.44,544.74,67.55,10.28,2423.41,0.9,0.5,0.98,4,Wheat,South,Autumn,2021-01-19,F0494,4.47
4127,4.66,10.74,12.4,274.14,110.26,13.57,2368.74,1.07,1.05,0.99,5,Corn,West,Autumn,2021-07-10,F0285,4.79
4128,6.22,16.5,23.72,964.46,213.37,6.34,1816.98,1.24,0.41,1.29,1,Wheat,Central,Summer,2021-09-14,F0067,6.65
4129,6.13,47.75,12.77,246.58,128.96,7.74,2983.96,2.84,1.42,1.37,4,Barley,West,Summer,2021-08-24,F0164,5.3
4130,5.45,17.97,16.05,194.78,265.18,5.76,1082.35,2.65,0.57,1.57,3,Corn,North,Autumn,2021-02-13,F0196,6.6
4131,6.73,34.49,28.79,608.14,109.69,8.78,1701.28,2.83,0.69,0.55,4,Corn,West,Spring,2021-05-24,F0050,4.96
4132,7.54,37.81,31.05,332.55,68.72,13.31,1803.61,2.03,1.5,1.28,3,Rice,East,Autumn,2021-07-11,F0327,4.57
4133,5.3,12.02,12.37,1043.38,218.23,12.92,1135.2,1.03,1.42,0.73,5,Rice,West,Summer,2021-10-06,F0463,8.41
4134,8.4,13.03,32.35,287.99,134.7,6.49,2334.02,2.71,1.21,0.53,1,Wheat,South,Summer,2021-11-22,F0289,6.21
4135,7.69,44.14,28.22,980.98,244.46,3.7,2080.73,2.93,0.31,1.18,5,Soybean,East,Autumn,2021-02-21,F0061,8.33
4136,8.26,32.61,18.74,1193.81,218.71,5.23,2678.91,1.21,1.37,0.51,5,Corn,North,Summer,2021-10-14,F0431,6.43
4137,6.23,11.82,22.57,324.2,86.25,7.43,1514.65,2.83,1.27,1.44,3,Wheat,East,Spring,2021-03-07,F0127,5.48
4138,6.37,43.85,23.41,425.22,59.82,0.46,1844.57,2.43,1.27,0.82,1,Soybean,North,Autumn,2021-08-22,F0295,6.15
4139,6.68,36.7,18.44,889.01,59.01,12.37,2148.15,2.99,0.34,1.82,2,Barley,West,Autumn,2021-03-13,F0215,4.43
4140,8.48,12.59,17.05,805.19,217.42,7.24,2700.71,2.97,1.0,0.67,3,Soybean,West,Spring,2021-06-02,F0324,6.43
4141,7.93,47.31,17.98,707.77,173.3,9.32,1277.7,2.26,1.38,0.84,2,Soybean,East,Summer,2021-01-08,F0207,6.83
4142,8.04,10.23,33.82,547.85,148.04,9.35,2349.99,1.29,0.92,1.29,6,Wheat,North,Summer,2021-07-08,F0085,5.48
4143,7.95,41.61,34.63,171.07,185.54,3.25,2155.73,1.88,0.26,0.51,3,Soybean,North,Autumn,2021-04-24,F0308,6.3
4144,7.79,18.26,28.91,795.12,207.83,4.08,2087.14,2.88,0.4,1.27,4,Corn,South,Spring,2021-04-18,F0136,6.82
4145,5.08,33.75,10.24,187.82,164.28,1.19,1682.7,2.67,0.93,1.61,2,Rice,Central,Autumn,2021-07-19,F0358,7.35
4146,5.77,34.18,17.42,244.35,83.31,1.7,2346.96,2.12,1.2,0.66,4,Barley,East,Autumn,2021-04-30,F0037,5.11
4147,5.85,13.1,12.84,655.09,233.11,4.62,2777.68,0.78,0.45,1.53,5,Wheat,North,Autumn,2021-06-02,F0181,7.59
4148,7.27,31.16,15.4,604.09,179.39,11.34,1412.76,2.66,1.21,1.29,2,Corn,South,Autumn,2021-01-02,F0398,7.89
4149,4.99,10.62,18.12,256.36,156.87,14.75,1137.78,2.77,0.96,1.65,4,Barley,North,Spring,2021-06-02,F0169,4.22
4150,7.03,37.92,25.8,131.51,189.68,10.59,2314.92,1.54,0.87,1.4,4,Rice,South,Autumn,2021-01-21,F0297,6.19
4151,6.09,48.63,25.28,1088.47,125.46,9.92,2331.45,2.37,0.5,1.12,2,Soybean,West,Spring,2021-06-28,F0342,6.7
4152,5.89,45.84,13.49,670.08,281.09,7.89,2573.89,1.01,1.3,0.94,1,Rice,North,Spring,2021-01-17,F0242,8.76
4153,6.94,14.77,20.11,335.74,201.47,8.1,1693.45,1.9,1.4,1.9,5,Wheat,South,Summer,2021-04-03,F0140,6.45
4154,7.27,15.9,10.81,658.05,68.09,0.93,1818.79,1.44,1.18,1.59,5,Rice,North,Autumn,2021-10-11,F0332,5.63
4155,7.24,13.39,19.39,790.37,289.12,11.63,1493.83,0.83,1.4,1.37,4,Corn,West,Spring,2021-02-17,F0258,7.9
4156,6.88,14.32,26.17,1024.19,289.4,3.9,1614.8,0.9,0.38,1.51,2,Corn,North,Summer,2021-08-03,F0400,8.17
4157,8.33,18.38,32.89,151.5,288.01,12.59,2335.58,1.56,0.49,1.46,4,Wheat,East,Summer,2021-10-24,F0214,5.34
4158,5.75,26.91,25.36,146.34,172.76,7.16,1357.0,2.75,0.91,0.76,1,Wheat,North,Autumn,2021-12-12,F0255,5.91
4159,7.04,16.01,26.16,555.73,263.72,9.83,1971.05,2.82,1.08,0.57,3,Barley,Central,Spring,2021-11-24,F0247,6.84
4160,7.13,37.5,21.15,1055.49,190.42,5.96,2274.72,1.3,1.12,1.23,6,Soybean,North,Spring,2021-04-07,F0296,6.14
4161,7.17,29.67,19.38,430.69,82.85,10.21,1815.2,2.71,0.22,1.5,3,Rice,East,Autumn,2021-01-10,F0004,4.44
4162,4.7,40.01,20.63,452.25,237.75,5.31,1798.49,1.69,0.75,0.9,5,Rice,South,Summer,2021-08-14,F0001,7.68
4163,6.47,17.65,13.74,303.65,57.4,4.44,2117.94,2.39,1.3,1.33,6,Wheat,North,Autumn,2021-04-30,F0104,3.98
4164,5.6,14.89,27.27,543.2,256.84,8.87,1968.88,2.66,0.76,0.58,1,Corn,West,Spring,2021-03-15,F0136,6.94
4165,8.35,32.2,23.74,1051.5,57.59,14.01,1981.34,1.18,0.23,1.12,1,Soybean,Central,Autumn,2021-12-04,F0298,3.92
4166,7.68,15.04,32.66,1108.81,210.86,0.47,1521.23,0.79,0.73,1.71,1,Barley,East,Autumn,2021-03-26,F0290,7.95
4167,4.93,12.15,19.4,714.09,215.35,11.25,2306.8,2.06,0.42,0.51,2,Barley,North,Autumn,2021-07-02,F0346,5.66
4168,6.07,28.04,29.87,538.14,90.73,13.63,1426.06,0.63,0.54,1.88,2,Corn,North,Summer,2021-11-15,F0258,4.29
4169,7.75,22.41,27.05,577.65,224.11,13.16,1599.01,1.03,1.36,1.4,6,Rice,East,Autumn,2021-06-12,F0471,6.04
4170,5.57,47.56,19.1,318.38,103.87,6.12,2827.36,0.64,0.9,1.73,5,Rice,South,Summer,2021-06-29,F0090,4.85
4171,6.87,11.58,15.14,484.84,152.09,6.24,2944.63,0.71,1.48,1.49,6,Rice,South,Autumn,2021-07-29,F0427,5.78
4172,5.24,16.84,24.85,900.34,109.32,12.11,2561.93,1.41,1.5,1.04,2,Barley,Central,Autumn,2021-09-22,F0226,5.07
4173,6.15,42.95,23.76,992.22,116.26,3.08,1237.34,0.94,1.04,1.85,1,Rice,Central,Summer,2021-03-25,F0072,7.36
4174,5.01,43.97,17.81,548.08,245.16,7.07,2165.46,2.91,0.64,0.72,2,Wheat,North,Autumn,2021-09-01,F0493,7.24
4175,7.41,25.18,19.72,1016.46,249.28,8.76,1727.96,1.55,1.27,1.44,4,Rice,North,Summer,2021-12-25,F0382,7.32
4176,4.54,17.91,23.68,407.66,115.34,11.62,2072.77,1.59,0.71,0.82,1,Wheat,Central,Spring,2021-08-27,F0490,4.8
4177,5.23,43.12,23.38,454.55,123.94,3.71,2344.6,1.13,0.83,1.03,6,Barley,West,Autumn,2021-06-19,F0453,5.57
4178,7.14,18.92,30.14,315.63,221.8,4.5,2554.87,0.92,1.4,0.78,6,Barley,North,Autumn,2021-10-18,F0177,6.69
4179,5.92,10.23,31.34,779.8,195.19,12.57,1797.32,1.82,0.42,1.32,5,Wheat,West,Autumn,2021-01-30,F0043,6.34
4180,8.18,17.93,34.54,187.68,80.14,4.34,2215.79,2.45,1.34,1.64,5,Corn,Central,Spring,2021-12-31,F0417,5.83
4181,8.37,23.44,11.85,457.27,238.25,4.75,2316.38,2.5,0.61,1.45,2,Barley,East,Spring,2021-08-05,F0357,7.07
4182,7.51,42.91,11.56,392.76,282.5,0.27,2272.11,2.99,1.37,1.25,2,Barley,North,Summer,2021-10-15,F0176,8.29
4183,8.4,12.72,26.48,346.78,191.35,12.82,2445.34,1.19,1.13,1.27,3,Wheat,West,Autumn,2021-09-13,F0387,4.97
4184,5.0,48.14,10.9,235.02,197.09,0.41,2083.01,1.15,0.63,1.48,5,Wheat,West,Spring,2021-05-02,F0066,6.13
4185,6.95,12.09,18.03,700.35,141.5,4.14,1425.5,1.29,0.71,0.85,4,Soybean,South,Autumn,2021-01-04,F0300,6.43
4186,5.88,47.5,33.53,1029.3,161.66,2.88,2858.7,1.13,0.53,1.77,5,Corn,East,Autumn,2021-09-11,F0399,6.17
4187,8.44,41.22,31.0,243.36,223.13,5.0,2969.4,1.79,0.29,1.26,4,Corn,North,Spring,2021-12-10,F0494,6.73
4188,7.87,47.22,25.15,458.4,78.3,8.91,1747.36,1.15,0.95,1.57,6,Rice,South,Spring,2021-08-22,F0066,3.93
4189,7.52,26.42,11.81,108.86,183.74,6.21,1262.55,1.57,0.44,0.58,3,Wheat,Central,Summer,2021-03-28,F0398,6.24
4190,8.38,21.45,25.67,557.33,224.31,10.64,1783.94,1.74,1.42,1.58,5,Rice,North,Summer,2021-02-06,F0190,5.34
4191,5.54,38.74,28.46,672.63,79.03,7.24,2593.41,1.36,0.22,1.88,6,Barley,Central,Summer,2021-02-26,F0029,6.35
4192,5.98,49.02,30.36,1112.37,157.32,14.66,1001.19,1.35,0.35,1.28,4,Barley,South,Spring,2021-07-29,F0497,4.38
4193,5.38,10.76,19.39,858.75,284.95,5.23,1777.79,0.8,0.44,1.56,4,Rice,Central,Summer,2021-07-07,F0353,8.31
4194,7.34,17.67,21.73,1118.75,208.91,6.09,2552.11,1.26,0.58,1.11,5,Corn,Central,Spring,2021-02-27,F0080,6.96
4195,7.22,38.59,26.63,493.69,238.94,4.8,2077.11,0.8,1.41,0.79,2,Wheat,East,Summer,2021-07-10,F0209,6.71
4196,7.84,42.33,10.56,540.81,192.01,12.4,2994.64,1.28,0.52,0.72,2,Soybean,Central,Spring,2021-04-17,F0277,5.97
4197,6.09,29.06,19.97,136.68,233.12,3.06,1944.36,0.82,0.85,1.56,6,Soybean,North,Summer,2021-03-13,F0032,6.76
4198,6.83,29.46,19.1,1183.92,294.08,0.14,1341.19,0.99,0.98,0.62,2,Rice,South,Summer,2021-08-19,F0324,8.3
4199,4.59,39.23,32.08,1028.24,298.11,1.19,1934.07,1.61,1.33,1.92,4,Corn,East,Autumn,2021-05-30,F0033,7.21
4200,6.77,33.64,11.32,215.16,213.72,9.22,2050.71,2.51,0.99,0.71,5,Soybean,Central,Summer,2021-06-26,F0060,5.79
4201,8.49,29.8,21.97,995.96,210.15,0.13,1940.8,1.78,1.27,0.66,4,Rice,South,Spring,2021-03-10,F0057,7.75
4202,7.63,17.29,15.68,867.76,224.71,7.7,2689.1,2.81,1.09,1.37,1,Corn,South,Autumn,2021-07-14,F0291,6.51
4203,7.58,45.12,18.18,924.45,129.94,13.92,2349.36,1.12,0.79,0.87,2,Wheat,East,Spring,2021-03-12,F0383,5.58
4204,8.16,10.28,17.31,860.36,125.68,4.48,1223.3,1.02,0.69,1.84,2,Soybean,West,Summer,2021-04-14,F0269,6.93
4205,8.29,33.5,30.16,1034.35,278.91,9.18,2534.15,2.06,0.36,1.82,2,Soybean,West,Autumn,2021-03-26,F0006,7.61
4206,5.62,38.48,14.67,1009.68,258.88,13.6,1197.26,1.46,1.12,1.82,2,Soybean,Central,Spring,2021-08-12,F0067,7.05
4207,7.16,47.34,25.71,777.82,174.8,10.95,1986.27,0.69,0.34,1.4,6,Corn,West,Spring,2021-05-04,F0041,6.66
4208,6.67,16.22,31.77,549.93,244.27,13.54,2232.73,2.18,0.89,1.2,1,Rice,North,Spring,2021-09-14,F0461,7.09
4209,5.13,30.73,14.49,426.17,231.29,0.77,2466.47,1.34,1.05,1.48,2,Rice,East,Summer,2021-04-02,F0317,6.61
4210,7.44,42.87,13.85,354.25,228.42,0.11,2720.44,2.16,0.29,1.59,2,Barley,West,Summer,2021-02-14,F0143,8.72
4211,8.37,47.95,18.15,987.54,119.58,14.05,1075.26,2.77,0.91,0.81,5,Barley,North,Spring,2021-07-25,F0478,5.88
4212,7.32,35.5,34.76,255.19,62.16,13.24,1093.26,1.07,0.7,0.74,4,Corn,North,Spring,2021-02-24,F0368,4.2
4213,6.64,12.05,11.49,568.61,188.18,10.33,1322.99,0.78,0.58,1.83,3,Rice,North,Spring,2021-10-11,F0175,7.15
4214,4.66,22.99,25.85,447.69,275.26,11.13,1578.55,2.43,1.15,0.8,4,Soybean,South,Summer,2021-07-10,F0214,8.05
4215,5.07,38.48,32.01,604.68,240.57,6.17,1979.33,2.1,0.33,1.92,2,Corn,South,Autumn,2021-07-21,F0376,7.68
4216,7.57,37.08,14.86,1088.1,235.42,6.49,2161.29,0.73,1.33,0.56,4,Wheat,South,Autumn,2021-07-28,F0191,7.57
4217,5.94,48.33,16.3,423.12,228.46,10.02,1521.22,2.78,0.48,1.48,6,Rice,West,Summer,2021-01-27,F0186,6.65
4218,6.53,28.33,14.71,521.87,107.28,5.63,1698.04,1.75,0.41,1.93,4,Soybean,East,Autumn,2021-02-15,F0007,6.28
4219,4.83,31.28,34.82,1036.21,206.12,3.3,2290.01,1.9,1.35,1.02,3,Barley,North,Spring,2021-01-03,F0280,7.18
4220,8.18,47.45,24.13,109.55,61.86,7.61,1604.15,2.75,1.1,1.07,1,Wheat,West,Spring,2021-05-14,F0377,4.34
4221,8.31,25.57,19.17,182.85,168.56,14.28,1558.07,2.23,0.75,0.78,4,Corn,West,Spring,2021-07-05,F0392,5.19
4222,7.28,10.36,14.14,419.17,121.17,7.15,2775.01,2.41,1.3,1.24,2,Corn,East,Spring,2021-08-01,F0120,5.72
4223,5.98,26.2,27.77,961.59,188.92,11.04,2095.87,1.0,1.18,1.61,2,Barley,West,Summer,2021-02-20,F0096,6.32
4224,8.41,37.7,29.78,902.71,166.9,3.48,1238.82,2.83,0.57,1.66,5,Wheat,Central,Autumn,2021-02-15,F0176,6.21
4225,5.7,45.04,14.38,435.17,106.32,6.28,1065.63,2.79,0.21,1.95,3,Soybean,Central,Spring,2021-09-07,F0344,5.66
4226,6.46,39.71,26.5,572.99,129.64,9.42,2888.99,0.82,0.84,1.05,3,Barley,North,Autumn,2021-07-22,F0376,4.74
4227,6.99,12.33,31.76,797.27,189.81,6.12,2761.19,2.39,1.34,1.27,4,Corn,North,Autumn,2021-12-19,F0181,6.88
4228,8.42,22.35,31.99,285.98,229.75,5.6,1635.6,0.71,1.23,1.41,3,Rice,North,Autumn,2021-08-12,F0244,6.38
4229,8.36,27.51,28.59,118.08,252.2,5.9,2936.51,1.87,0.34,0.75,2,Soybean,West,Autumn,2021-01-06,F0025,6.33
4230,6.03,32.67,13.03,986.14,187.25,2.81,1850.52,1.5,0.44,1.1,3,Rice,South,Autumn,2021-07-22,F0245,7.34
4231,6.79,21.23,11.24,170.96,152.69,10.49,2319.43,2.76,1.29,1.6,5,Barley,North,Autumn,2021-12-26,F0174,5.12
4232,4.74,45.21,19.03,743.86,200.51,1.53,1593.29,2.03,1.34,0.67,4,Corn,Central,Summer,2021-01-15,F0045,6.86
4233,8.45,15.6,26.33,638.2,85.59,6.59,2829.97,1.74,0.25,1.05,2,Barley,North,Spring,2021-02-08,F0294,5.46
4234,8.22,21.12,19.0,763.61,51.42,12.47,2401.09,2.51,1.48,0.6,4,Soybean,Central,Summer,2021-12-14,F0310,3.36
4235,8.41,29.07,25.27,588.39,103.56,13.61,2695.94,2.65,0.89,1.76,5,Barley,Central,Spring,2021-02-05,F0109,3.69
4236,6.77,19.42,19.88,1056.75,215.33,1.58,1259.56,2.32,0.7,1.54,2,Barley,Central,Summer,2021-08-31,F0057,7.79
4237,5.03,24.93,25.53,517.9,233.73,14.45,1002.72,1.17,0.99,1.29,3,Barley,South,Summer,2021-05-08,F0250,7.4
4238,7.03,12.6,11.43,860.2,194.6,7.71,2675.9,2.74,1.26,1.53,5,Rice,North,Autumn,2021-01-04,F0420,6.7
4239,6.4,20.89,10.79,1118.0,233.35,7.43,1611.45,2.16,1.18,1.31,2,Barley,North,Spring,2021-11-02,F0377,7.02
4240,8.4,25.49,18.37,770.67,179.31,10.68,1448.52,2.2,1.32,0.76,5,Rice,West,Summer,2021-12-16,F0186,5.8
4241,7.97,36.1,31.97,899.94,129.02,14.1,1019.9,2.18,1.32,1.78,3,Rice,East,Summer,2021-02-13,F0278,5.24
4242,8.33,36.3,28.6,310.08,128.09,11.39,2853.42,1.28,1.03,0.97,6,Rice,East,Autumn,2021-10-22,F0441,5.26
4243,5.4,13.35,19.8,645.89,189.29,2.73,1011.14,2.5,0.86,1.65,6,Rice,West,Autumn,2021-06-09,F0209,7.6
4244,7.78,15.04,20.27,234.65,134.77,9.08,2694.23,0.6,0.4,1.72,2,Barley,West,Autumn,2021-04-30,F0161,4.95
4245,6.88,35.36,25.8,1197.25,140.18,5.19,2695.51,2.9,0.32,1.73,6,Barley,North,Spring,2021-05-04,F0238,7.3
4246,5.87,16.85,31.56,623.03,227.32,10.16,2595.04,2.9,1.12,1.97,6,Barley,Central,Autumn,2021-05-30,F0087,5.96
4247,4.97,48.92,26.55,132.11,169.34,14.77,1916.48,2.17,0.41,1.45,3,Wheat,West,Spring,2021-03-18,F0209,4.77
4248,7.15,34.96,32.69,558.64,169.34,1.46,2816.06,2.97,0.42,0.98,1,Rice,Central,Spring,2021-06-03,F0497,6.61
4249,7.03,49.97,33.36,624.45,92.27,9.59,1291.73,0.56,1.06,1.79,4,Soybean,South,Autumn,2021-09-27,F0464,5.41
4250,5.76,24.96,21.73,856.84,268.18,11.23,1225.05,0.64,0.7,0.64,3,Corn,Central,Summer,2021-03-28,F0493,6.57
4251,7.33,27.45,26.92,1072.11,119.98,3.9,1076.87,2.69,1.05,1.2,6,Soybean,West,Autumn,2021-04-22,F0055,8.36
4252,4.84,11.82,18.04,941.38,50.54,11.04,2115.41,0.82,1.28,1.01,3,Barley,East,Summer,2021-10-23,F0389,4.73
4253,5.17,31.69,10.74,1175.75,213.41,7.59,2437.44,1.75,0.99,1.58,1,Wheat,South,Spring,2021-09-03,F0011,7.2
4254,5.41,49.14,11.75,471.68,297.22,8.11,2930.43,0.51,1.07,1.74,2,Soybean,East,Spring,2021-07-24,F0110,6.67
4255,7.95,31.36,11.66,371.49,283.71,14.79,2762.48,1.38,0.22,0.81,5,Rice,North,Spring,2021-08-02,F0251,6.48
4256,8.34,29.83,28.5,652.27,128.8,7.72,2807.61,2.01,0.59,0.8,2,Rice,North,Spring,2021-10-15,F0173,6.28
4257,6.75,39.45,18.31,631.16,270.23,14.01,1294.76,1.3,0.96,1.65,1,Rice,South,Autumn,2021-05-01,F0404,6.26
4258,5.3,16.13,10.82,568.95,259.12,12.99,2923.14,2.87,1.26,0.86,4,Rice,Central,Spring,2021-02-15,F0340,6.97
4259,7.32,48.19,25.96,1103.61,97.0,2.5,2968.71,2.34,1.21,1.08,2,Corn,North,Autumn,2021-06-09,F0047,6.41
4260,8.43,44.35,28.83,656.42,156.87,9.1,1546.58,2.01,0.44,1.69,6,Soybean,East,Summer,2021-12-12,F0113,5.97
4261,6.41,11.62,26.8,625.67,65.0,2.74,1245.45,2.54,0.44,1.64,6,Corn,Central,Spring,2021-06-17,F0464,5.33
4262,5.76,36.05,15.69,1022.29,113.91,6.1,2414.51,1.16,1.38,1.26,1,Barley,West,Autumn,2021-02-02,F0189,6.34
4263,5.31,48.46,24.24,340.72,289.81,0.35,2577.59,2.78,1.26,0.9,2,Barley,North,Summer,2021-10-23,F0446,6.96
4264,8.3,44.26,15.35,1144.96,251.6,11.47,1541.79,0.82,1.15,1.89,3,Corn,South,Autumn,2021-05-08,F0425,7.15
4265,8.08,24.21,27.75,532.87,289.33,3.87,2067.76,2.22,0.22,1.02,4,Soybean,South,Spring,2021-06-25,F0173,7.73
4266,7.09,21.41,21.67,1029.78,289.54,12.22,1259.26,2.68,1.43,1.82,1,Wheat,South,Summer,2021-02-01,F0411,8.24
4267,8.18,42.44,14.89,779.84,129.8,5.8,2320.11,0.78,0.61,0.51,4,Rice,North,Spring,2021-06-14,F0104,5.22
4268,6.74,21.21,25.41,883.8,244.65,12.97,1785.84,2.75,0.41,1.49,6,Barley,East,Spring,2021-05-06,F0013,7.64
4269,5.59,27.73,27.52,806.6,103.5,12.76,1715.16,1.36,0.83,1.47,5,Corn,South,Summer,2021-06-11,F0068,6.57
4270,4.74,17.99,12.04,643.97,94.43,9.37,2972.13,0.52,1.25,1.05,2,Barley,East,Summer,2021-02-14,F0398,4.53
4271,7.03,20.79,34.89,372.69,124.53,8.33,1140.91,2.4,0.74,0.99,5,Corn,West,Summer,2021-12-31,F0444,5.72
4272,5.81,46.62,24.33,1014.11,191.01,12.07,2826.62,2.19,1.12,0.79,6,Soybean,West,Summer,2021-08-01,F0058,7.08
4273,7.2,15.27,33.63,772.78,190.13,6.18,1123.6,0.77,0.79,0.71,6,Soybean,South,Autumn,2021-09-20,F0036,6.23
4274,7.26,36.02,20.2,418.74,86.64,5.61,2974.45,1.95,0.91,1.24,4,Corn,South,Summer,2021-08-28,F0370,5.42
4275,5.63,29.37,31.98,402.71,149.8,3.67,2114.63,1.05,0.35,0.95,2,Barley,West,Summer,2021-08-08,F0346,6.16
4276,7.03,29.79,27.09,507.78,152.01,13.93,2934.24,2.61,0.36,1.84,3,Rice,Central,Spring,2021-08-22,F0313,6.11
4277,6.66,22.88,23.43,995.6,70.33,4.77,1153.56,1.73,1.38,0.99,6,Corn,North,Autumn,2021-04-24,F0488,4.35
4278,5.0,48.0,13.1,403.8,138.92,10.09,1022.41,2.34,0.57,0.8,5,Rice,North,Summer,2021-02-21,F0047,5.66
4279,6.36,18.55,34.3,365.35,56.98,10.48,2749.17,1.6,1.37,1.85,6,Corn,South,Autumn,2021-08-24,F0082,4.11
4280,5.84,13.46,11.36,247.04,93.96,8.54,2760.26,1.93,1.03,1.46,6,Wheat,West,Summer,2021-04-17,F0211,5.05
4281,4.81,42.12,23.12,966.69,281.94,10.44,2524.79,1.65,0.72,1.75,1,Rice,North,Autumn,2021-04-25,F0420,7.61
4282,6.09,15.44,27.97,851.66,288.1,7.83,1930.65,0.84,1.0,1.04,5,Wheat,Central,Autumn,2021-05-30,F0156,8.16
4283,7.15,44.95,22.19,186.13,151.12,3.69,1770.4,0.71,0.38,0.66,2,Corn,West,Summer,2021-08-02,F0250,5.73
4284,4.7,30.48,29.97,674.44,151.52,8.89,1486.28,2.0,1.09,1.51,2,Wheat,East,Summer,2021-05-29,F0086,6.88
4285,6.26,17.19,18.72,339.61,289.59,13.74,1384.78,1.44,0.4,0.89,4,Wheat,East,Spring,2021-07-08,F0044,8.35
4286,4.75,41.54,11.83,603.88,297.8,10.04,2614.46,2.21,1.22,0.67,5,Barley,South,Spring,2021-03-23,F0307,7.5
4287,5.46,11.37,25.25,173.23,147.15,1.52,1350.76,1.22,1.29,1.17,2,Wheat,East,Autumn,2021-05-05,F0104,3.74
4288,8.41,34.26,12.62,160.24,205.83,13.63,1227.95,0.91,0.83,1.98,1,Barley,South,Autumn,2021-02-26,F0067,5.28
4289,4.7,23.69,15.8,614.04,139.59,1.09,2025.42,0.98,1.13,1.26,4,Rice,North,Spring,2021-12-25,F0442,6.96
4290,8.37,42.7,21.9,1186.48,228.89,7.49,1729.88,1.96,0.44,1.17,5,Wheat,East,Spring,2021-08-18,F0209,6.9
4291,5.29,48.24,11.45,297.5,295.34,6.61,1025.58,1.94,1.41,1.67,4,Soybean,South,Summer,2021-04-17,F0109,7.88
4292,8.35,13.59,31.72,386.48,145.07,12.47,2055.54,0.91,0.77,1.12,4,Rice,East,Autumn,2021-06-06,F0301,5.32
4293,5.24,36.18,15.09,744.11,220.84,6.99,2988.08,1.17,1.04,1.67,6,Wheat,West,Summer,2021-09-19,F0332,7.08
4294,6.79,24.95,10.11,941.1,236.47,8.0,1597.82,1.52,0.27,1.45,2,Soybean,West,Spring,2021-06-21,F0002,7.4
4295,7.0,42.83,33.83,191.02,141.94,14.31,2396.93,2.86,1.37,1.81,2,Wheat,South,Summer,2021-03-14,F0144,7.13
4296,8.32,49.43,11.0,146.22,293.39,9.78,2917.23,1.21,0.74,1.78,4,Corn,South,Spring,2021-11-08,F0466,6.03
4297,7.15,41.7,26.02,420.92,86.32,11.02,2749.36,2.11,0.58,1.33,4,Soybean,Central,Summer,2021-02-23,F0294,4.82
4298,8.49,20.15,25.43,1038.92,116.46,0.57,2789.05,2.25,0.27,1.36,3,Corn,Central,Autumn,2021-05-05,F0028,6.69
4299,6.45,22.47,34.6,551.23,118.29,10.25,2165.64,0.92,0.52,0.88,1,Rice,North,Autumn,2021-02-21,F0273,5.72
4300,7.5,47.26,20.27,163.13,275.37,0.0,2998.17,1.18,0.85,1.22,2,Wheat,Central,Autumn,2021-02-21,F0332,8.59
4301,4.83,15.83,26.09,879.1,136.5,9.02,2698.61,1.89,1.22,1.05,3,Corn,North,Summer,2021-01-26,F0455,5.37
4302,5.32,45.85,12.67,833.99,150.31,13.15,2269.87,0.95,0.98,1.21,5,Wheat,North,Spring,2021-03-06,F0474,7.29
4303,6.52,26.37,26.33,638.76,132.49,10.32,1583.99,2.25,0.37,1.47,4,Wheat,South,Spring,2021-02-08,F0481,6.57
4304,4.66,39.79,12.64,1155.98,216.99,4.67,1047.53,0.62,0.51,0.95,4,Corn,East,Autumn,2021-08-30,F0148,6.8
4305,5.99,11.97,18.46,742.69,245.19,10.06,2377.61,2.4,0.25,1.36,2,Corn,South,Autumn,2021-11-17,F0100,6.75
4306,4.56,49.2,13.38,1057.02,80.83,6.05,1855.96,2.68,0.49,1.75,2,Wheat,West,Autumn,2021-01-14,F0322,5.56
4307,4.75,40.08,23.15,882.22,251.49,4.65,1085.67,2.42,0.37,1.96,1,Rice,Central,Autumn,2021-03-31,F0187,7.74
4308,8.45,38.27,20.77,845.18,107.29,4.21,2720.73,2.28,0.67,1.74,3,Rice,East,Summer,2021-07-26,F0227,5.07
4309,8.2,44.63,25.97,416.97,196.62,9.4,1428.11,2.89,0.47,1.71,6,Wheat,North,Spring,2021-06-21,F0285,6.87
4310,6.5,33.45,21.17,626.93,214.21,2.05,2315.05,0.78,0.78,0.76,4,Rice,West,Spring,2021-12-05,F0147,7.35
4311,5.89,34.13,13.01,210.19,177.58,12.8,2474.96,2.93,0.52,1.99,5,Wheat,South,Summer,2021-04-22,F0285,5.7
4312,6.0,17.25,18.21,352.61,225.4,3.58,2915.54,0.79,1.27,1.32,2,Soybean,South,Summer,2021-11-26,F0221,7.01
4313,5.1,15.54,28.98,1022.42,98.71,1.25,2184.67,1.78,0.25,0.53,4,Corn,Central,Summer,2021-03-26,F0073,6.03
4314,4.96,35.34,22.93,106.62,222.45,3.85,2420.54,2.69,1.49,1.64,3,Corn,West,Autumn,2021-07-12,F0133,6.53
4315,7.34,32.59,16.29,822.56,255.54,11.9,2104.54,2.37,0.77,0.68,5,Rice,South,Summer,2021-05-11,F0063,6.87
4316,7.53,27.42,23.64,561.98,206.03,1.96,2017.85,2.59,1.33,1.28,6,Barley,South,Spring,2021-03-22,F0376,7.15
4317,7.83,43.4,10.54,522.75,196.63,8.37,1236.57,1.78,0.91,0.54,3,Corn,North,Autumn,2021-07-25,F0025,6.09
4318,4.58,41.69,20.17,297.54,225.86,14.22,1765.73,0.93,1.42,1.85,5,Barley,North,Summer,2021-06-29,F0266,5.4
4319,5.78,30.24,12.76,451.31,118.56,9.86,1892.89,2.84,0.68,1.97,6,Soybean,West,Autumn,2021-10-20,F0410,5.51
4320,5.44,11.75,31.2,747.71,295.52,14.85,2750.71,2.18,0.89,1.81,1,Rice,North,Autumn,2021-09-07,F0447,7.37
4321,7.21,45.66,33.68,1170.74,260.03,11.9,1258.07,1.06,0.79,1.75,5,Soybean,South,Summer,2021-03-29,F0313,7.71
4322,7.68,48.25,15.32,478.28,233.4,7.75,2143.21,2.22,0.34,0.61,4,Barley,East,Autumn,2021-01-11,F0390,5.59
4323,7.03,10.56,15.24,224.55,119.61,2.58,1610.56,2.11,0.58,1.28,6,Barley,North,Spring,2021-07-20,F0211,5.39
4324,7.73,44.13,19.71,467.15,109.43,10.86,2697.34,2.67,1.43,1.23,3,Corn,West,Autumn,2021-06-06,F0373,5.69
4325,8.5,11.87,10.74,858.56,297.64,14.79,2037.62,2.4,0.59,1.25,3,Wheat,North,Autumn,2021-06-15,F0293,6.52
4326,7.06,19.32,27.81,864.15,115.23,11.5,2476.01,2.69,1.19,0.88,1,Barley,South,Summer,2021-03-01,F0354,5.84
4327,8.31,18.05,20.96,451.8,151.62,7.26,2343.61,2.52,0.24,1.87,4,Soybean,South,Autumn,2021-11-23,F0369,6.4
4328,4.84,42.09,10.78,857.56,268.97,2.13,2219.08,2.62,1.04,0.59,3,Corn,East,Summer,2021-05-24,F0144,8.11
4329,6.66,38.14,27.63,291.23,109.64,12.16,1304.44,1.68,0.82,1.95,6,Wheat,West,Summer,2021-05-21,F0014,4.47
4330,5.76,39.36,11.92,535.33,266.74,12.98,1757.95,1.11,1.44,1.92,4,Corn,North,Spring,2021-07-04,F0189,7.25
4331,5.49,47.51,11.43,409.96,276.04,1.34,2562.32,2.59,1.08,1.97,6,Rice,North,Autumn,2021-03-05,F0039,7.77
4332,8.25,21.34,10.02,172.86,210.32,4.61,2257.74,2.69,0.98,1.82,2,Rice,South,Summer,2021-06-23,F0304,6.11
4333,6.97,41.27,26.25,782.32,121.07,1.18,1697.16,2.45,0.92,1.34,2,Corn,North,Spring,2021-01-14,F0111,6.31
4334,6.21,34.77,25.98,258.12,52.56,13.71,2898.51,0.86,1.09,1.55,1,Rice,West,Autumn,2021-01-21,F0294,3.99
4335,7.28,43.42,24.94,910.39,218.17,0.95,1867.95,0.56,1.05,0.69,2,Rice,West,Autumn,2021-02-19,F0044,6.65
4336,6.99,30.66,12.83,808.44,174.76,3.19,1434.14,1.33,0.9,0.95,6,Rice,Central,Summer,2021-10-30,F0428,8.14
4337,7.84,11.6,34.06,610.94,156.45,11.22,1565.6,1.92,0.77,1.91,3,Wheat,South,Summer,2021-12-26,F0021,5.63
4338,8.39,13.54,29.15,1073.19,177.3,7.71,2318.67,2.38,0.9,1.09,1,Corn,West,Summer,2021-06-08,F0458,4.83
4339,7.28,12.14,17.88,1148.91,294.44,10.2,2887.11,1.08,0.56,1.26,6,Corn,South,Summer,2021-05-29,F0339,6.53
4340,8.38,10.8,11.15,131.49,88.59,13.71,2463.37,2.1,0.99,1.82,2,Corn,West,Autumn,2021-08-22,F0376,4.68
4341,7.17,26.29,29.04,951.29,213.04,13.96,2234.6,2.24,1.05,1.87,4,Wheat,South,Summer,2021-01-23,F0410,7.35
4342,4.52,40.85,29.51,458.55,190.63,3.66,1692.15,1.64,1.35,1.49,5,Rice,South,Autumn,2021-08-23,F0285,5.89
4343,6.34,45.27,30.05,452.1,176.01,6.18,1517.27,2.28,0.31,1.03,2,Soybean,Central,Autumn,2021-01-23,F0447,6.44
4344,6.77,42.72,13.89,207.9,87.0,9.03,2862.63,0.71,0.23,1.75,1,Rice,North,Autumn,2021-07-25,F0039,5.55
4345,7.04,13.88,32.55,413.58,166.93,1.9,1773.38,2.48,0.43,1.83,6,Rice,East,Autumn,2021-06-16,F0042,6.97
4346,5.8,47.45,16.69,434.32,114.82,14.2,2762.37,0.53,0.99,1.72,1,Rice,East,Summer,2021-08-09,F0406,5.32
4347,8.05,38.34,10.03,623.66,263.44,1.03,2306.94,2.97,0.91,1.0,2,Rice,East,Spring,2021-01-28,F0040,8.24
4348,5.13,40.47,10.08,744.34,280.32,6.36,1669.41,1.92,0.87,1.49,5,Corn,South,Summer,2021-09-04,F0184,8.93
4349,5.87,43.97,23.71,103.98,75.89,4.72,2941.06,2.59,0.2,1.58,2,Wheat,South,Spring,2021-12-31,F0406,4.82
4350,7.56,32.15,30.45,954.56,254.49,11.55,1808.2,2.59,0.44,1.79,3,Corn,Central,Spring,2021-11-29,F0486,6.96
4351,7.4,25.52,14.94,835.53,228.97,13.46,1452.88,1.37,0.82,1.35,2,Rice,West,Autumn,2021-01-03,F0070,6.71
4352,6.98,48.21,24.65,1127.76,169.92,6.28,2455.81,1.79,1.06,0.85,4,Soybean,South,Autumn,2021-12-23,F0342,6.63
4353,7.15,45.05,20.11,893.41,148.95,2.46,1873.62,0.74,0.29,1.81,1,Rice,South,Spring,2021-04-06,F0320,5.57
4354,6.93,19.95,19.55,511.41,61.64,14.93,1276.99,2.21,0.53,0.98,1,Wheat,West,Spring,2021-07-10,F0278,3.82
4355,5.93,11.8,19.99,346.73,68.48,0.55,1351.82,0.62,0.99,1.69,6,Rice,East,Summer,2021-06-08,F0189,6.04
4356,8.23,43.82,13.94,1090.86,126.42,3.18,1659.71,1.72,0.64,1.4,5,Corn,South,Summer,2021-08-25,F0497,7.35
4357,5.17,35.36,23.33,251.11,239.23,1.31,2038.2,2.92,0.52,1.75,5,Barley,South,Autumn,2021-11-06,F0210,7.95
4358,4.86,40.6,14.24,943.05,294.05,8.63,1439.36,2.13,0.8,1.6,6,Soybean,North,Spring,2021-05-16,F0473,7.48
4359,8.47,24.3,21.78,761.21,293.97,13.07,2982.76,1.93,1.2,0.71,4,Soybean,Central,Summer,2021-09-27,F0345,6.98
4360,8.28,21.19,28.49,515.83,217.73,0.38,1460.02,1.96,1.25,1.89,1,Barley,North,Summer,2021-12-18,F0080,7.86
4361,6.75,40.77,32.36,929.62,143.94,10.97,2832.38,2.09,0.73,1.42,3,Wheat,East,Summer,2021-01-24,F0176,6.0
4362,7.33,40.8,16.57,675.06,183.62,9.88,1707.42,2.8,1.16,0.57,6,Corn,East,Spring,2021-05-13,F0223,6.02
4363,7.54,46.81,14.37,936.5,242.97,0.28,1975.88,0.97,0.69,0.96,4,Corn,South,Summer,2021-05-14,F0046,7.79
4364,7.71,36.36,21.83,566.3,102.71,2.94,2372.08,2.18,0.45,0.97,3,Corn,West,Summer,2021-09-24,F0021,5.16
4365,6.35,16.84,26.66,653.74,121.96,3.0,1790.49,2.11,0.95,1.69,3,Barley,Central,Spring,2021-06-13,F0078,6.2
4366,8.24,14.47,30.34,392.24,164.01,6.5,1244.12,1.94,1.0,1.56,1,Soybean,West,Summer,2021-10-05,F0037,5.83
4367,4.85,49.08,17.81,434.68,68.94,9.55,2727.78,1.3,0.33,0.8,3,Soybean,North,Autumn,2021-10-20,F0185,5.14
4368,5.62,33.2,30.33,1080.01,64.6,12.98,2264.44,1.56,1.38,1.93,5,Corn,South,Autumn,2021-07-11,F0082,3.53
4369,5.4,47.26,18.81,1079.01,56.06,14.24,2335.45,1.94,0.89,1.25,5,Wheat,North,Spring,2021-03-11,F0459,5.06
4370,6.66,36.88,29.0,997.18,202.17,2.6,2893.48,0.7,0.3,1.17,2,Wheat,South,Summer,2021-03-21,F0208,6.98
4371,7.2,32.31,14.83,1034.76,299.36,1.01,1798.78,1.22,0.95,0.53,6,Rice,West,Summer,2021-09-17,F0141,8.69
4372,5.17,15.08,23.54,499.15,61.91,0.46,2585.24,2.61,0.83,0.57,2,Corn,South,Spring,2021-04-11,F0144,5.32
4373,6.48,19.47,29.33,1192.64,112.94,8.19,2874.9,2.62,1.09,1.52,5,Wheat,North,Autumn,2021-11-12,F0036,5.93
4374,6.96,28.63,19.89,209.74,159.31,12.54,1302.95,0.65,0.38,1.75,1,Rice,Central,Summer,2021-03-03,F0365,5.64
4375,6.29,23.52,15.38,705.9,174.5,13.48,1623.73,2.84,0.66,1.25,3,Rice,Central,Summer,2021-09-16,F0098,5.21
4376,6.08,24.76,11.71,124.14,104.45,13.42,2445.21,2.22,0.43,1.58,3,Soybean,North,Autumn,2021-06-27,F0020,5.32
4377,5.41,10.09,10.42,841.95,51.48,12.11,2925.71,2.07,1.3,1.78,2,Soybean,Central,Summer,2021-07-01,F0232,3.71
4378,4.88,46.98,32.35,275.08,156.68,6.3,2920.06,2.2,0.69,1.12,1,Barley,East,Autumn,2021-08-19,F0217,6.4
4379,7.28,19.63,22.96,116.62,103.74,14.58,1595.39,2.11,0.35,1.93,1,Soybean,Central,Spring,2021-03-19,F0410,5.68
4380,7.36,17.71,25.58,215.49,295.32,7.63,1998.94,0.82,1.48,1.63,2,Soybean,East,Summer,2021-01-08,F0224,9.33
4381,7.76,24.74,26.67,240.33,296.2,9.58,1348.81,0.9,0.45,1.85,1,Soybean,North,Autumn,2021-06-16,F0271,8.18
4382,6.31,41.18,28.13,1121.78,57.06,5.61,2264.4,0.89,0.89,1.71,3,Soybean,South,Spring,2021-07-18,F0016,5.15
4383,5.17,40.59,33.08,203.56,102.23,14.58,1447.29,1.7,0.85,1.41,5,Corn,Central,Autumn,2021-10-15,F0322,4.28
4384,5.12,16.29,23.22,1063.94,295.08,8.82,2674.76,2.95,1.16,0.97,6,Corn,South,Spring,2021-12-01,F0127,8.37
4385,6.43,31.89,29.4,339.8,63.08,2.45,1679.54,1.84,1.17,0.82,5,Barley,South,Spring,2021-11-01,F0134,4.89
4386,7.43,25.72,14.78,1015.74,108.22,1.46,2531.86,2.24,1.36,0.7,5,Wheat,Central,Spring,2021-03-20,F0385,7.35
4387,6.39,27.35,31.04,907.76,297.19,10.08,2809.02,0.88,1.19,0.83,6,Corn,Central,Autumn,2021-09-10,F0088,6.53
4388,5.31,15.4,28.66,192.94,145.54,13.37,1539.34,0.69,0.48,1.75,1,Rice,East,Spring,2021-08-08,F0217,4.95
4389,4.64,37.74,14.7,956.32,250.46,4.9,1194.68,2.32,1.21,1.48,1,Wheat,North,Autumn,2021-04-28,F0302,7.26
4390,7.15,44.52,15.77,916.79,291.62,3.08,1407.64,2.59,1.12,1.36,4,Rice,East,Spring,2021-11-09,F0371,8.3
4391,6.28,41.01,11.0,1132.98,52.05,10.6,2015.25,0.79,1.03,0.61,2,Corn,South,Summer,2021-11-29,F0208,3.93
4392,5.73,39.96,32.71,591.63,106.83,10.82,2600.25,0.56,0.78,1.44,2,Barley,East,Summer,2021-09-21,F0238,5.29
4393,8.48,48.17,15.29,216.31,273.62,5.75,1390.77,1.74,0.65,1.13,3,Soybean,East,Spring,2021-01-26,F0026,8.17
4394,7.9,27.72,27.9,290.27,88.42,5.31,2750.32,1.46,0.85,0.9,1,Corn,North,Summer,2021-07-31,F0358,3.9
4395,6.53,30.28,30.81,510.0,79.77,13.77,2737.01,0.93,0.55,0.72,4,Rice,East,Summer,2021-09-27,F0135,5.3
4396,7.95,13.12,24.86,276.25,204.7,8.01,1317.07,0.93,0.66,1.18,3,Rice,North,Autumn,2021-08-25,F0442,5.45
4397,4.97,17.22,16.26,643.88,65.89,4.35,2289.12,2.46,0.78,1.53,6,Corn,West,Summer,2021-01-12,F0202,5.06
4398,7.15,37.45,16.43,464.55,131.61,5.19,1148.06,0.51,0.75,1.14,4,Rice,North,Summer,2021-03-11,F0198,6.63
4399,4.91,41.36,29.63,420.05,278.83,13.81,2758.99,2.05,0.55,1.95,3,Rice,North,Spring,2021-07-08,F0133,7.33
4400,8.09,41.25,23.19,596.6,188.31,0.12,1509.47,2.35,0.87,0.59,4,Barley,West,Spring,2021-07-23,F0001,6.5
4401,6.33,37.53,16.46,1034.68,97.98,14.91,1813.33,1.54,0.98,0.59,4,Wheat,Central,Summer,2021-03-31,F0182,5.32
4402,6.69,47.91,30.9,1026.89,89.64,13.22,1654.25,1.85,0.89,0.69,6,Wheat,Central,Summer,2021-01-11,F0180,6.35
4403,8.18,44.92,29.89,647.1,63.57,10.07,1475.56,1.2,0.46,1.71,6,Barley,North,Summer,2021-06-07,F0491,5.17
4404,5.38,38.42,13.6,383.58,289.55,13.08,1556.88,1.98,1.48,1.77,6,Corn,East,Summer,2021-01-24,F0304,6.78
4405,7.83,44.39,19.89,123.75,232.2,0.51,2993.26,1.83,1.17,1.48,6,Rice,West,Spring,2021-09-10,F0075,6.47
4406,8.25,34.07,33.16,372.46,62.42,3.93,2764.41,0.83,1.05,1.33,1,Rice,South,Summer,2021-07-10,F0438,4.44
4407,8.4,43.14,10.3,462.01,81.63,6.95,2709.84,2.75,1.03,1.09,1,Wheat,East,Spring,2021-01-10,F0040,6.02
4408,6.94,16.66,20.82,881.58,235.25,14.69,2892.93,2.67,0.77,1.01,6,Wheat,South,Spring,2021-03-21,F0374,6.84
4409,6.75,24.71,29.34,834.59,87.69,1.6,1760.63,2.68,0.52,1.38,5,Corn,West,Summer,2021-03-24,F0135,5.58
4410,5.87,34.73,34.05,102.77,128.67,1.84,2589.44,2.41,0.67,0.7,3,Wheat,Central,Summer,2021-05-02,F0062,6.38
4411,5.86,16.87,32.1,1171.78,149.29,7.25,2560.24,0.58,0.79,0.85,2,Soybean,Central,Spring,2021-08-04,F0356,5.32
4412,4.77,48.36,19.71,461.39,238.41,5.82,1824.29,1.68,1.22,1.15,3,Corn,Central,Spring,2021-01-13,F0102,6.45
4413,5.37,19.29,33.26,196.07,135.52,6.11,1638.69,2.1,0.81,0.77,1,Soybean,Central,Summer,2021-01-10,F0398,5.33
4414,7.81,20.98,24.28,1172.87,50.06,6.63,1174.44,2.89,1.46,0.58,1,Corn,East,Summer,2021-10-18,F0328,5.23
4415,7.85,12.67,10.4,444.75,286.76,7.42,1494.75,1.16,0.39,1.87,4,Soybean,North,Autumn,2021-05-04,F0480,7.17
4416,5.06,15.66,19.29,785.1,206.32,0.14,1863.12,2.73,0.27,1.89,6,Barley,East,Spring,2021-04-30,F0409,6.59
4417,4.67,36.82,17.99,963.37,194.5,3.29,2530.07,1.61,0.32,1.85,2,Wheat,East,Autumn,2021-07-18,F0305,6.44
4418,6.23,27.58,22.8,725.44,183.71,10.02,2969.8,2.31,1.1,0.72,5,Wheat,North,Autumn,2021-10-23,F0208,7.06
4419,5.49,45.53,28.03,1083.91,207.66,6.73,2565.01,2.84,1.08,1.22,2,Soybean,South,Autumn,2021-04-22,F0362,6.8
4420,7.53,26.59,17.26,1098.65,93.22,5.03,1712.52,1.93,1.04,1.49,6,Soybean,Central,Spring,2021-02-12,F0462,6.81
4421,5.92,30.6,14.57,106.43,82.34,5.42,2592.25,2.63,0.62,0.53,5,Wheat,West,Autumn,2021-11-09,F0322,4.07
4422,4.69,32.63,28.29,533.97,202.54,9.45,1848.1,1.81,0.83,1.97,4,Barley,West,Summer,2021-10-07,F0045,5.68
4423,5.24,17.99,27.86,898.12,220.24,2.97,2169.29,2.75,1.39,0.77,6,Barley,East,Spring,2021-06-24,F0058,7.8
4424,5.23,39.17,23.57,1074.89,117.18,9.29,1153.01,1.3,0.34,0.97,6,Barley,North,Autumn,2021-01-10,F0486,6.59
4425,4.66,41.01,34.92,1112.49,256.21,2.24,1242.26,2.25,0.45,0.58,4,Soybean,North,Autumn,2021-06-30,F0326,7.73
4426,7.97,33.88,31.01,476.36,213.43,0.52,1276.42,1.65,0.53,0.58,2,Barley,North,Summer,2021-06-22,F0348,6.02
4427,5.07,45.5,15.99,466.76,283.03,0.66,2107.0,2.13,0.73,0.59,6,Corn,North,Summer,2021-07-02,F0249,7.4
4428,8.44,17.49,24.9,450.82,240.33,12.13,2001.27,2.36,0.3,1.18,6,Soybean,South,Summer,2021-03-31,F0497,6.56
4429,4.71,33.18,15.08,272.21,220.81,1.66,1964.85,2.1,0.47,1.54,6,Wheat,Central,Autumn,2021-10-23,F0008,7.7
4430,8.19,39.89,24.33,601.87,213.85,3.42,1825.96,1.99,1.32,1.71,3,Rice,South,Autumn,2021-11-12,F0315,7.51
4431,7.56,46.5,14.01,262.23,92.49,8.99,2010.74,1.74,0.65,1.06,1,Barley,North,Autumn,2021-03-27,F0098,5.32
4432,5.46,13.74,34.11,410.5,96.85,11.3,1751.43,1.41,1.46,1.06,3,Corn,West,Autumn,2021-06-17,F0315,3.84
4433,4.72,19.24,19.36,735.98,157.64,2.47,2072.06,1.47,1.13,0.88,6,Barley,North,Autumn,2021-12-27,F0052,6.58
4434,5.52,42.24,16.41,1119.12,203.61,11.76,1360.86,1.68,0.65,1.37,2,Wheat,North,Spring,2021-06-22,F0105,7.02
4435,8.33,28.17,26.92,594.05,252.13,11.36,2261.8,2.46,1.25,0.85,3,Barley,East,Autumn,2021-06-14,F0454,8.1
4436,7.43,43.95,27.41,919.15,275.11,8.48,1124.49,0.8,1.01,1.8,1,Barley,Central,Summer,2021-12-06,F0214,6.9
4437,5.04,18.96,32.41,1172.09,155.68,9.78,1551.21,1.88,1.32,0.5,5,Wheat,Central,Summer,2021-07-08,F0456,6.51
4438,5.89,26.81,13.25,657.75,105.81,11.15,2466.14,2.85,1.02,0.57,4,Soybean,Central,Spring,2021-11-14,F0233,5.43
4439,5.68,20.14,16.47,953.05,227.42,9.39,2394.24,1.82,0.45,1.05,4,Wheat,North,Spring,2021-05-28,F0405,7.8
4440,7.65,10.59,32.01,569.53,248.49,7.79,1176.4,0.76,0.43,0.61,4,Rice,Central,Spring,2021-04-25,F0413,6.34
4441,7.94,22.0,34.73,1194.44,54.65,4.64,1175.32,2.26,1.05,1.83,4,Barley,Central,Summer,2021-10-05,F0324,5.56
4442,8.1,25.12,33.01,1016.15,126.95,4.73,2257.77,0.51,0.52,0.89,2,Wheat,North,Summer,2021-05-05,F0316,5.28
4443,6.57,18.32,14.22,1093.45,254.06,5.1,1157.88,2.12,0.3,1.6,5,Barley,Central,Spring,2021-07-01,F0463,7.06
4444,5.1,46.68,14.57,1187.07,220.05,0.6,2950.58,2.98,1.03,1.04,1,Soybean,North,Spring,2021-03-03,F0106,9.0
4445,4.6,32.17,23.97,508.77,226.6,8.67,1347.69,0.75,1.23,0.79,4,Rice,South,Spring,2021-10-13,F0367,6.71
4446,5.84,17.77,14.59,1051.91,193.63,10.95,1576.61,1.93,1.28,1.24,3,Wheat,North,Autumn,2021-08-26,F0092,6.51
4447,7.71,41.53,13.89,1028.06,159.61,4.22,2691.2,1.3,0.42,0.7,4,Barley,South,Autumn,2021-08-10,F0127,5.11
4448,4.87,37.9,24.83,504.8,192.44,5.44,1562.42,2.98,1.32,0.95,4,Corn,North,Summer,2021-10-23,F0094,6.48
4449,6.87,15.05,11.66,1071.53,269.37,10.21,2509.92,2.66,0.7,1.86,3,Barley,South,Spring,2021-10-24,F0215,9.27
4450,6.81,28.02,23.23,1018.76,132.31,13.64,1920.96,1.46,1.49,1.5,4,Barley,West,Autumn,2021-11-18,F0422,7.2
4451,6.42,21.79,13.42,917.65,84.89,9.67,1229.69,0.67,0.9,1.81,4,Wheat,Central,Spring,2021-07-25,F0099,4.94
4452,8.19,14.15,25.36,548.88,187.46,12.4,1257.27,0.94,1.08,1.55,1,Corn,Central,Spring,2021-12-12,F0358,6.25
4453,5.33,15.16,25.09,1017.41,163.93,12.52,2556.69,1.57,0.72,0.81,3,Wheat,West,Autumn,2021-07-27,F0262,5.99
4454,6.11,34.95,15.3,427.37,205.03,7.27,2753.12,2.48,1.48,1.9,2,Soybean,North,Summer,2021-09-21,F0454,8.24
4455,6.63,27.71,24.74,306.28,207.34,2.66,2860.31,1.91,0.69,0.79,4,Corn,East,Autumn,2021-02-15,F0122,7.65
4456,7.56,46.97,18.05,969.61,90.03,10.43,1248.44,0.63,1.0,1.08,4,Soybean,West,Summer,2021-12-06,F0477,5.88
4457,6.0,22.24,27.93,360.63,289.51,3.88,2548.74,2.48,1.01,1.6,1,Soybean,North,Autumn,2021-03-05,F0212,7.96
4458,7.99,47.73,29.91,793.06,67.73,5.79,2618.36,2.24,1.12,0.73,5,Barley,West,Autumn,2021-01-20,F0124,5.13
4459,5.68,31.68,13.73,732.45,252.12,1.58,2158.75,1.61,1.36,1.63,1,Corn,West,Summer,2021-10-21,F0144,8.36
4460,7.16,40.99,27.72,479.03,166.45,7.07,1437.93,1.22,1.37,0.84,4,Barley,West,Summer,2021-08-05,F0348,6.57
4461,5.65,17.32,26.86,230.02,179.0,8.92,1263.68,1.76,0.76,1.64,1,Corn,South,Summer,2021-05-10,F0012,5.52
4462,7.72,31.5,22.4,1000.84,80.67,3.69,2232.68,0.77,1.15,1.87,1,Rice,North,Summer,2021-04-03,F0497,4.38
4463,8.17,20.2,26.07,412.56,163.13,12.69,1021.24,2.16,0.37,0.57,6,Soybean,North,Summer,2021-07-18,F0172,5.6
4464,7.88,31.28,27.55,792.14,152.61,14.73,2490.68,0.68,0.69,0.75,3,Barley,East,Autumn,2021-10-14,F0125,6.75
4465,5.72,15.3,11.82,678.37,95.81,0.39,2929.98,1.88,0.67,1.87,4,Rice,Central,Autumn,2021-07-03,F0307,6.12
4466,5.58,45.57,24.23,552.27,151.65,13.79,1624.84,1.33,0.56,1.25,1,Rice,East,Spring,2021-11-22,F0107,4.13
4467,6.8,21.0,29.99,1028.85,207.22,12.16,1824.27,1.38,1.0,0.87,5,Wheat,Central,Autumn,2021-08-16,F0079,6.87
4468,7.93,29.01,31.13,332.28,259.72,8.02,1590.85,1.7,0.96,1.28,2,Corn,North,Spring,2021-01-17,F0209,8.0
4469,7.95,16.16,27.05,1185.47,103.07,7.69,2645.21,2.47,0.96,0.84,6,Soybean,Central,Spring,2021-12-09,F0308,5.14
4470,6.58,15.24,12.53,194.01,263.46,2.34,1489.24,1.53,1.31,1.0,4,Corn,West,Spring,2021-03-24,F0474,6.52
4471,8.36,30.2,25.44,487.0,172.62,9.17,2996.95,1.53,1.12,0.86,2,Barley,Central,Summer,2021-10-13,F0244,6.27
4472,6.5,11.51,23.63,1158.83,80.83,8.26,2315.4,1.21,0.25,1.96,1,Corn,South,Summer,2021-11-10,F0446,4.68
4473,5.57,25.4,18.18,695.16,115.11,1.37,2819.07,1.02,1.16,0.9,5,Barley,East,Summer,2021-02-23,F0494,6.56
4474,7.45,48.24,34.95,1036.02,230.37,12.44,2500.48,2.8,1.19,0.6,6,Soybean,Central,Spring,2021-07-06,F0443,6.74
4475,5.46,24.43,30.75,425.3,153.98,9.17,1555.67,0.63,1.48,0.67,3,Wheat,South,Autumn,2021-12-09,F0164,5.64
4476,5.48,35.13,22.14,634.91,90.98,4.86,2769.61,0.85,0.63,0.61,5,Wheat,Central,Spring,2021-11-18,F0464,5.49
4477,5.25,13.13,19.53,381.6,91.17,12.37,2126.15,2.98,0.93,0.64,1,Soybean,Central,Autumn,2021-10-31,F0477,4.62
4478,8.42,40.63,20.13,449.81,118.89,11.56,2865.86,0.88,0.25,1.25,5,Wheat,West,Spring,2021-03-05,F0229,5.08
4479,5.05,17.35,26.95,228.49,127.2,6.65,1763.06,0.81,0.71,1.19,6,Barley,West,Spring,2021-07-28,F0199,5.04
4480,5.42,39.02,29.94,699.0,261.68,5.62,2928.69,0.84,1.47,1.28,2,Soybean,Central,Spring,2021-10-30,F0386,6.88
4481,5.09,33.72,14.21,550.06,175.91,9.66,2842.19,1.22,0.44,1.42,2,Barley,West,Autumn,2021-04-09,F0017,6.24
4482,6.96,25.32,26.12,250.71,89.03,11.26,1638.46,1.64,0.52,2.0,5,Soybean,Central,Autumn,2021-04-11,F0478,4.95
4483,7.72,48.82,21.7,1095.14,275.6,2.32,2730.62,0.76,0.83,1.45,4,Barley,South,Autumn,2021-11-03,F0427,8.49
4484,8.09,38.2,32.71,929.99,295.45,5.04,2166.62,0.89,0.29,1.4,5,Barley,West,Spring,2021-02-16,F0325,8.02
4485,6.18,42.78,20.52,384.9,172.74,7.29,1177.05,2.4,0.76,1.84,5,Wheat,East,Spring,2021-09-08,F0413,6.48
4486,4.7,27.9,23.49,439.06,80.53,0.66,1369.26,1.66,0.56,1.15,5,Rice,West,Autumn,2021-08-24,F0250,4.31
4487,7.64,49.28,10.46,687.07,211.76,12.8,2655.06,2.43,1.49,1.65,2,Soybean,West,Summer,2021-08-07,F0257,7.03
4488,6.42,38.73,14.73,278.54,85.43,14.65,2605.27,1.94,0.25,1.64,3,Soybean,East,Summer,2021-05-17,F0049,5.3
4489,4.98,18.4,32.92,130.33,122.86,6.36,2449.18,1.35,0.65,1.34,4,Rice,North,Summer,2021-06-02,F0194,4.72
4490,7.79,44.32,18.86,601.46,182.84,11.41,2600.51,1.6,0.48,1.8,5,Soybean,Central,Summer,2021-10-22,F0044,6.44
4491,7.12,47.51,30.99,788.65,130.39,3.87,1253.23,2.25,0.94,1.63,6,Soybean,North,Autumn,2021-11-30,F0325,5.67
4492,7.95,23.14,24.14,181.12,287.32,0.45,2576.31,2.32,1.47,1.12,1,Corn,South,Spring,2021-09-11,F0484,8.33
4493,8.21,33.93,20.02,506.05,53.62,9.89,1029.17,2.74,0.85,1.11,2,Corn,Central,Spring,2021-09-08,F0479,4.49
4494,5.73,31.9,17.05,420.61,273.29,8.69,2099.06,1.88,0.28,0.96,3,Soybean,South,Spring,2021-05-16,F0003,6.13
4495,6.3,21.74,17.99,531.27,256.44,14.27,1610.36,2.78,0.8,0.55,6,Barley,North,Spring,2021-04-06,F0099,6.78
4496,6.84,43.69,32.05,883.09,118.86,1.54,1290.6,1.19,1.46,1.02,1,Barley,North,Autumn,2021-10-19,F0365,7.0
4497,4.63,15.16,22.92,938.66,190.28,1.71,2302.88,1.63,0.69,1.68,6,Wheat,South,Summer,2021-08-09,F0025,6.78
4498,6.85,35.19,20.16,389.57,76.09,11.91,1849.58,1.93,0.82,1.29,2,Soybean,East,Autumn,2021-11-01,F0302,4.16
4499,5.97,16.19,19.42,837.94,299.38,0.13,2976.38,2.32,1.45,1.37,4,Wheat,Central,Spring,2021-02-19,F0422,8.17
4500,8.42,40.09,15.08,1039.99,180.25,11.83,1666.91,1.28,0.76,0.85,1,Barley,South,Autumn,2021-01-31,F0195,6.26
4501,6.58,31.63,34.33,572.22,216.88,2.93,2300.67,1.26,0.21,1.92,1,Corn,East,Autumn,2021-04-30,F0367,7.96
4502,4.77,30.7,21.46,233.77,274.74,7.4,1677.19,2.63,0.45,1.43,2,Barley,South,Autumn,2021-03-18,F0286,6.8
4503,6.06,39.38,12.59,897.96,130.73,8.1,2195.78,0.87,0.41,1.1,1,Barley,North,Spring,2021-03-03,F0325,7.1
4504,5.91,24.01,20.5,662.07,255.26,14.58,2607.47,1.13,0.48,1.5,1,Barley,East,Autumn,2021-03-21,F0356,7.96
4505,6.77,49.81,26.07,675.37,255.17,10.09,1640.82,1.87,1.25,1.87,1,Corn,North,Spring,2021-05-09,F0495,7.79
4506,8.19,28.88,16.5,410.72,272.35,7.59,1294.19,2.49,0.56,0.55,3,Rice,East,Summer,2021-06-16,F0479,7.75
4507,7.33,36.73,33.43,756.39,254.22,6.91,2707.16,1.82,0.21,2.0,2,Rice,Central,Summer,2021-06-19,F0460,7.84
4508,5.88,30.78,29.22,264.84,191.41,10.84,2001.3,0.76,0.35,1.3,3,Soybean,North,Autumn,2021-01-03,F0465,6.28
4509,8.41,17.65,21.71,166.04,109.9,13.81,2937.37,1.3,0.2,1.55,6,Corn,East,Autumn,2021-01-13,F0018,4.54
4510,4.6,17.93,28.57,402.91,115.95,13.08,1789.05,2.33,0.63,1.09,1,Corn,West,Summer,2021-08-22,F0008,5.52
4511,7.69,31.33,20.72,423.68,145.57,13.93,2495.02,2.79,0.29,0.6,2,Barley,West,Summer,2021-10-16,F0371,4.57
4512,5.7,33.75,23.33,851.94,233.57,6.34,1356.92,1.23,0.44,1.03,3,Wheat,East,Spring,2021-09-30,F0176,8.28
4513,5.5,37.05,22.85,418.82,245.12,7.22,2199.33,1.75,0.3,1.49,4,Barley,South,Autumn,2021-12-21,F0422,6.79
4514,5.77,10.72,23.38,609.74,275.3,8.44,2824.49,2.05,0.2,0.51,2,Wheat,North,Spring,2021-11-06,F0472,6.63
4515,5.56,34.56,20.6,182.84,152.32,10.16,1015.85,1.5,0.5,1.92,6,Wheat,Central,Spring,2021-06-01,F0384,6.1
4516,6.97,19.37,29.12,419.95,263.05,1.9,1253.31,2.56,0.9,1.95,5,Soybean,North,Autumn,2021-03-13,F0027,7.46
4517,5.21,38.32,32.21,573.82,108.25,2.06,1859.71,2.93,1.29,0.57,4,Barley,West,Autumn,2021-08-23,F0357,4.91
4518,6.37,38.33,19.03,803.6,173.64,2.61,2767.95,1.82,0.43,1.93,5,Barley,Central,Autumn,2021-05-02,F0204,9.04
4519,7.63,22.78,22.99,742.42,263.23,9.71,2043.87,1.76,0.43,1.45,2,Soybean,North,Autumn,2021-02-17,F0125,6.91
4520,8.27,19.89,12.1,1005.14,153.9,7.58,1503.02,2.35,0.24,1.3,5,Soybean,Central,Autumn,2021-05-01,F0178,5.57
4521,6.17,45.51,29.06,472.54,251.73,6.59,2148.47,1.97,1.21,0.95,6,Wheat,Central,Autumn,2021-08-23,F0391,6.82
4522,5.34,23.01,19.84,520.53,193.84,5.66,2121.8,2.85,1.01,0.66,2,Barley,East,Spring,2021-04-02,F0259,6.99
4523,4.6,26.58,33.67,811.12,223.63,5.02,2597.35,0.8,1.18,0.96,6,Corn,South,Autumn,2021-01-26,F0238,6.68
4524,8.16,10.63,11.84,496.51,146.84,11.44,1883.69,1.85,0.9,0.53,6,Barley,West,Summer,2021-01-11,F0127,6.28
4525,6.18,11.4,32.16,457.86,75.68,1.75,1874.74,2.48,1.05,1.22,3,Soybean,North,Spring,2021-06-11,F0477,5.69
4526,6.97,20.81,16.04,1154.37,184.64,7.1,1803.18,2.22,0.97,1.21,2,Corn,Central,Spring,2021-07-28,F0390,6.7
4527,6.79,44.39,32.9,777.04,138.81,12.27,2984.3,2.37,1.06,1.71,3,Soybean,West,Summer,2021-03-26,F0319,6.49
4528,7.06,34.6,31.09,778.1,89.17,11.69,2862.2,1.34,0.69,0.64,6,Rice,South,Autumn,2021-04-09,F0406,6.41
4529,7.12,20.84,14.23,1139.02,165.71,12.32,2438.6,1.6,0.32,0.98,6,Barley,South,Summer,2021-01-08,F0192,6.86
4530,6.35,23.45,22.3,352.13,67.64,0.57,1098.17,2.22,0.82,1.23,6,Barley,East,Summer,2021-11-13,F0428,4.25
4531,7.44,18.85,17.03,558.4,66.85,5.35,1602.36,1.6,1.13,1.28,4,Rice,North,Spring,2021-10-27,F0488,5.93
4532,7.96,40.31,21.58,1198.67,106.46,14.61,2652.12,1.32,0.86,1.0,3,Corn,East,Summer,2021-04-27,F0273,4.63
4533,6.86,18.91,24.58,278.01,238.72,0.67,1890.08,1.29,0.78,0.88,5,Wheat,West,Spring,2021-07-15,F0031,6.77
4534,7.18,21.86,22.28,822.0,244.7,0.48,2953.95,1.79,1.15,1.39,1,Rice,East,Spring,2021-12-12,F0243,7.08
4535,5.24,39.44,11.78,945.33,122.17,11.12,1339.45,1.49,0.3,0.84,6,Corn,West,Summer,2021-03-08,F0134,6.32
4536,6.14,31.2,34.39,969.69,185.28,7.47,2882.26,1.84,0.88,1.37,2,Soybean,South,Summer,2021-02-25,F0291,5.68
4537,4.83,15.55,10.48,1101.25,180.39,7.67,1968.22,0.96,1.21,0.95,1,Soybean,North,Spring,2021-10-16,F0268,6.73
4538,4.99,47.5,16.11,987.88,67.42,13.06,2623.56,1.7,1.17,1.87,1,Corn,North,Summer,2021-10-25,F0207,4.47
4539,6.37,15.29,17.21,646.84,123.77,10.54,1712.36,2.92,1.39,0.7,5,Soybean,South,Summer,2021-11-02,F0014,5.52
4540,6.57,46.6,12.66,381.41,212.11,5.43,1526.88,1.56,0.26,1.6,2,Barley,West,Summer,2021-07-21,F0390,5.68
4541,6.44,31.63,15.04,635.27,278.41,2.82,2578.56,1.8,1.03,1.62,6,Corn,Central,Autumn,2021-07-30,F0037,7.98
4542,5.06,16.26,29.08,188.25,157.46,9.84,1819.66,1.42,1.13,0.95,4,Soybean,North,Summer,2021-11-30,F0263,5.76
4543,7.79,38.41,22.0,1085.27,298.61,5.11,2948.11,2.02,0.55,1.43,6,Soybean,West,Summer,2021-01-30,F0109,8.63
4544,7.28,33.25,20.04,423.9,231.41,1.91,2718.02,1.53,1.07,0.55,4,Barley,North,Spring,2021-07-12,F0369,6.99
4545,5.34,11.51,13.19,516.28,80.66,11.47,2557.58,2.0,1.33,1.35,6,Corn,South,Autumn,2021-09-18,F0208,5.17
4546,5.15,25.72,33.27,219.92,158.14,3.48,1649.04,0.7,1.38,1.86,4,Rice,Central,Autumn,2021-06-21,F0454,6.7
4547,5.91,49.45,34.15,634.83,181.66,6.11,2950.86,1.95,0.21,0.63,6,Soybean,South,Autumn,2021-05-16,F0296,6.34
4548,6.55,41.05,22.51,710.22,217.13,0.1,1712.65,0.82,0.8,1.28,4,Corn,Central,Autumn,2021-08-07,F0147,7.6
4549,6.77,21.03,21.34,389.79,207.16,9.57,1130.82,1.09,0.46,1.72,6,Wheat,Central,Autumn,2021-04-30,F0278,6.19
4550,6.83,29.66,30.91,353.89,120.12,7.16,1403.03,0.86,0.23,1.19,4,Soybean,East,Summer,2021-05-03,F0442,5.61
4551,7.64,11.54,18.77,652.34,235.51,1.5,2598.36,2.98,0.75,0.82,2,Barley,Central,Spring,2021-08-11,F0320,7.34
4552,7.86,23.15,23.61,212.34,226.67,3.67,1782.76,1.36,0.84,0.71,5,Wheat,North,Autumn,2021-11-21,F0304,6.91
4553,8.3,26.97,15.66,951.36,114.55,0.25,1944.29,2.7,1.18,0.62,2,Corn,West,Spring,2021-02-06,F0157,5.4
4554,6.95,28.59,14.03,1044.94,69.7,2.68,2268.8,1.9,0.45,0.92,4,Rice,Central,Summer,2021-05-27,F0304,5.58
4555,5.02,13.5,28.1,532.18,114.39,12.66,2604.53,2.66,1.26,1.02,5,Rice,East,Spring,2021-09-24,F0190,5.86
4556,4.51,41.08,23.6,1192.01,266.21,10.57,1850.95,1.24,0.96,1.92,2,Rice,South,Spring,2021-11-22,F0053,7.72
4557,7.43,15.1,20.16,1058.84,291.39,10.07,1400.93,1.17,0.42,0.61,5,Rice,East,Spring,2021-01-15,F0337,7.72
4558,6.94,30.49,10.71,893.61,228.19,11.31,1888.66,0.7,0.35,1.22,1,Barley,East,Summer,2021-12-11,F0355,7.44
4559,7.53,47.16,28.66,693.11,274.09,7.16,2278.56,2.99,0.28,1.09,4,Wheat,Central,Summer,2021-06-19,F0458,7.36
4560,7.41,41.36,10.24,568.4,124.06,14.84,1049.48,1.33,0.95,1.84,1,Barley,North,Autumn,2021-11-20,F0207,6.34
4561,5.45,46.04,21.91,440.6,263.87,3.95,2348.32,1.81,1.08,1.81,2,Rice,West,Spring,2021-11-21,F0097,8.22
4562,7.06,26.08,22.14,714.52,101.03,8.36,2109.5,1.23,1.29,1.22,2,Corn,Central,Spring,2021-05-17,F0238,5.3
4563,6.78,21.85,29.84,1157.24,80.14,1.86,1072.37,0.85,1.49,1.56,5,Barley,West,Autumn,2021-12-27,F0381,6.24
4564,4.67,39.09,31.91,767.55,135.35,2.67,2747.65,1.55,0.9,1.58,1,Soybean,North,Autumn,2021-03-29,F0174,7.26
4565,8.03,36.07,28.93,822.93,198.46,0.32,1630.47,2.36,0.95,1.83,2,Corn,Central,Autumn,2021-10-19,F0387,7.53
4566,7.88,28.42,30.06,115.8,285.74,4.19,2433.45,1.51,0.61,1.76,5,Barley,South,Summer,2021-04-01,F0494,7.52
4567,5.34,47.02,30.2,1077.14,138.35,11.33,2187.99,2.37,1.28,1.59,6,Corn,East,Spring,2021-03-08,F0259,6.83
4568,7.13,18.76,25.27,1079.17,287.49,14.74,2933.79,1.63,1.01,1.73,3,Soybean,West,Spring,2021-07-23,F0361,6.86
4569,7.39,36.55,19.05,797.17,297.27,10.31,2436.01,2.52,1.48,1.24,6,Barley,North,Autumn,2021-06-01,F0220,8.46
4570,6.51,47.46,31.66,1123.96,179.9,6.38,2160.74,1.79,0.27,1.47,5,Barley,South,Autumn,2021-12-29,F0266,6.26
4571,5.95,15.78,15.16,302.38,98.86,11.07,1464.45,1.85,0.55,0.54,6,Rice,North,Spring,2021-07-12,F0352,5.36
4572,6.82,42.87,18.95,396.07,105.25,1.33,1349.48,1.73,0.37,1.36,4,Barley,West,Spring,2021-09-01,F0409,5.97
4573,8.09,43.69,14.04,933.59,182.83,10.77,2763.41,0.57,0.89,0.52,5,Corn,Central,Summer,2021-12-21,F0019,7.09
4574,7.14,19.1,22.56,742.61,55.73,6.6,2773.1,1.84,1.35,0.77,5,Rice,South,Autumn,2021-02-16,F0125,4.98
4575,4.51,46.12,19.29,935.03,200.88,1.17,1683.34,1.23,0.96,0.55,5,Corn,East,Summer,2021-09-07,F0313,8.28
4576,4.68,45.73,10.44,112.0,106.89,12.89,1570.65,1.03,1.02,1.82,5,Wheat,West,Spring,2021-04-20,F0236,3.84
4577,7.55,49.0,25.69,788.48,95.65,5.84,1198.62,2.26,0.74,0.7,1,Wheat,South,Summer,2021-03-01,F0412,5.79
4578,6.45,31.15,18.45,1054.46,106.2,6.39,2669.25,2.31,0.49,0.54,2,Rice,South,Summer,2021-09-24,F0344,5.73
4579,7.26,31.68,34.51,899.15,85.19,12.03,1995.49,2.51,1.35,1.87,2,Wheat,North,Autumn,2021-05-18,F0378,5.85
4580,5.07,23.09,33.09,201.59,276.83,12.86,1067.54,1.95,0.28,1.95,4,Wheat,Central,Spring,2021-12-05,F0090,6.66
4581,5.15,46.8,13.26,1189.22,295.41,13.56,2120.36,1.53,1.37,1.29,6,Corn,Central,Summer,2021-03-21,F0192,8.04
4582,5.84,31.78,17.3,165.34,144.41,4.76,1057.06,2.47,1.25,1.35,2,Wheat,South,Spring,2021-06-27,F0010,6.2
4583,5.87,24.86,17.87,173.09,154.9,12.99,1709.28,1.29,0.34,1.68,3,Soybean,East,Autumn,2021-04-21,F0017,5.38
4584,4.92,44.06,32.39,361.9,249.69,5.18,2040.79,1.75,0.74,1.05,5,Corn,North,Autumn,2021-09-17,F0045,7.23
4585,6.2,42.41,29.73,580.73,188.42,14.27,1936.41,2.15,0.48,1.49,3,Wheat,East,Spring,2021-05-13,F0301,6.31
4586,5.16,19.23,10.42,599.04,267.68,8.3,1987.15,1.93,0.9,0.68,3,Soybean,North,Spring,2021-08-07,F0129,7.34
4587,5.36,40.48,16.17,610.69,87.38,6.92,2399.86,1.46,0.28,1.75,6,Barley,West,Summer,2021-07-29,F0207,5.67
4588,4.58,47.75,10.1,914.83,188.75,3.52,1422.52,0.6,1.17,1.58,3,Corn,South,Summer,2021-03-30,F0135,7.23
4589,6.4,44.09,34.14,454.87,208.06,8.36,1825.34,2.97,1.17,1.68,3,Barley,South,Spring,2021-08-27,F0249,5.97
4590,6.22,43.56,25.3,147.91,106.89,10.73,2391.21,2.83,1.13,1.32,2,Wheat,North,Summer,2021-02-20,F0285,4.54
4591,7.85,46.73,22.71,707.05,51.34,0.27,1266.89,0.63,0.22,1.61,5,Corn,West,Autumn,2021-03-08,F0070,4.73
4592,5.32,10.78,18.36,523.37,133.0,11.61,1367.77,0.85,0.32,1.48,5,Corn,Central,Spring,2021-01-02,F0350,4.98
4593,7.54,28.55,34.23,404.14,69.25,5.32,2459.74,2.18,0.39,0.73,5,Soybean,North,Autumn,2021-10-30,F0316,3.32
4594,5.9,29.46,23.64,286.44,257.03,2.0,1434.71,1.06,0.97,0.56,3,Soybean,South,Autumn,2021-02-23,F0406,7.2
4595,4.83,38.83,19.77,771.9,105.52,11.92,1083.19,2.84,1.32,1.94,1,Wheat,South,Summer,2021-06-21,F0402,6.67
4596,7.1,48.51,12.68,774.92,186.07,6.87,2854.39,2.34,1.06,0.61,1,Rice,North,Summer,2021-01-05,F0078,6.61
4597,5.12,42.35,33.4,385.3,252.56,0.99,1150.28,0.93,1.32,0.75,1,Wheat,West,Spring,2021-12-09,F0288,7.32
4598,7.24,41.69,26.41,730.63,277.81,11.03,2640.7,0.78,1.25,1.25,3,Barley,Central,Spring,2021-02-04,F0085,5.83
4599,7.99,47.28,16.28,571.63,75.24,3.11,2613.82,2.63,0.58,0.72,2,Rice,South,Spring,2021-05-06,F0491,4.67
4600,8.35,19.24,31.31,669.03,283.33,9.58,1297.55,2.71,0.98,0.62,2,Wheat,West,Autumn,2021-06-07,F0340,7.29
4601,6.1,23.06,28.8,312.07,253.23,12.14,1722.54,2.95,1.14,0.96,1,Rice,Central,Summer,2021-02-04,F0293,6.57
4602,7.26,44.85,10.55,799.19,178.18,12.86,1528.0,1.83,1.46,1.99,5,Corn,West,Autumn,2021-04-16,F0424,6.51
4603,7.85,31.9,19.96,788.21,247.21,8.41,1370.03,2.78,1.49,0.86,2,Corn,East,Summer,2021-12-28,F0051,7.42
4604,5.03,13.12,12.86,1196.21,109.27,12.95,1026.18,2.3,1.11,1.94,2,Wheat,North,Autumn,2021-04-11,F0332,5.32
4605,7.38,32.59,10.62,602.59,205.55,8.69,1841.92,2.51,0.48,1.81,6,Wheat,North,Summer,2021-03-03,F0490,6.17
4606,8.01,22.85,20.58,325.59,117.43,4.63,2413.83,2.63,1.05,1.07,4,Soybean,North,Spring,2021-06-27,F0327,5.4
4607,7.89,21.83,12.41,682.85,241.57,11.23,2554.73,1.45,1.09,0.97,2,Wheat,South,Spring,2021-07-08,F0432,6.83
4608,7.3,14.42,28.22,648.41,196.86,4.79,1101.26,1.73,0.65,0.59,6,Corn,East,Summer,2021-04-09,F0222,6.76
4609,5.65,47.9,11.6,490.77,105.55,10.51,1964.57,0.71,1.13,0.82,2,Wheat,Central,Summer,2021-09-09,F0262,5.54
4610,5.38,39.92,26.35,211.24,290.14,8.01,2044.2,1.13,0.56,2.0,4,Corn,South,Summer,2021-07-21,F0187,7.03
4611,8.16,12.68,12.62,767.49,110.74,2.23,2497.9,2.16,0.45,0.87,5,Wheat,North,Summer,2021-07-24,F0247,5.56
4612,4.89,39.81,13.61,181.43,54.0,5.73,1551.17,2.18,0.57,0.51,3,Corn,East,Summer,2021-06-04,F0001,5.19
4613,4.72,37.36,26.67,707.28,255.96,10.12,2938.36,2.77,0.53,1.32,2,Soybean,South,Spring,2021-10-14,F0224,7.86
4614,7.1,11.78,18.52,430.49,152.22,11.94,2646.27,2.96,1.32,0.86,2,Corn,West,Spring,2021-09-09,F0475,6.27
4615,4.73,46.34,19.97,587.65,238.73,1.78,2426.73,2.0,0.88,1.64,1,Rice,East,Summer,2021-07-10,F0327,8.34
4616,5.45,39.86,26.38,681.24,287.26,12.5,2138.9,0.66,0.45,1.09,6,Soybean,South,Spring,2021-01-05,F0103,7.46
4617,5.43,18.1,17.86,878.77,250.18,13.17,1119.69,2.38,0.26,0.79,3,Rice,North,Summer,2021-12-27,F0031,6.02
4618,6.65,33.91,13.88,415.28,205.58,11.78,2583.2,0.88,1.0,1.01,2,Corn,Central,Spring,2021-06-16,F0133,6.36
4619,6.11,11.44,12.39,213.6,265.61,4.57,1729.54,2.35,1.05,1.04,3,Barley,North,Spring,2021-10-14,F0005,6.18
4620,7.07,21.55,29.47,736.14,223.34,12.78,2800.28,0.74,1.11,1.29,2,Wheat,Central,Summer,2021-05-23,F0340,7.09
4621,5.43,28.06,15.46,620.69,98.07,8.53,1612.8,2.71,0.32,1.88,4,Barley,South,Autumn,2021-06-15,F0066,5.23
4622,6.68,48.86,26.08,102.29,216.51,13.64,1354.29,2.81,0.62,0.94,5,Barley,Central,Summer,2021-05-06,F0359,6.63
4623,5.01,16.06,29.69,1105.8,215.58,6.92,1863.94,0.62,1.38,1.17,3,Wheat,East,Summer,2021-07-09,F0180,7.84
4624,7.23,46.13,18.21,606.97,249.07,6.64,1733.66,1.4,0.41,0.63,6,Soybean,North,Autumn,2021-07-26,F0254,7.25
4625,6.74,15.62,25.53,759.12,167.95,3.43,1711.66,2.65,0.22,1.56,3,Barley,South,Summer,2021-10-05,F0329,6.6
4626,8.18,30.37,28.69,1069.0,190.63,9.16,1716.21,0.65,0.58,1.27,4,Barley,East,Spring,2021-03-30,F0466,6.6
4627,5.65,23.02,10.92,266.21,58.93,12.41,1471.81,2.7,1.09,1.04,6,Wheat,North,Autumn,2021-04-08,F0042,3.95
4628,5.94,36.89,31.89,1165.15,278.18,13.13,1761.29,2.16,1.44,1.39,6,Rice,East,Spring,2021-05-20,F0183,7.42
4629,7.36,43.32,23.53,444.29,203.93,4.76,1791.65,0.83,0.88,0.58,6,Corn,West,Spring,2021-08-29,F0363,5.91
4630,6.82,12.13,22.0,885.8,121.71,6.32,1466.72,2.65,0.57,1.98,3,Wheat,West,Spring,2021-11-25,F0135,5.61
4631,5.74,31.74,25.24,173.89,171.26,2.12,1912.82,1.85,1.43,0.71,6,Rice,East,Spring,2021-06-11,F0191,6.68
4632,5.24,41.71,16.8,1065.04,271.43,3.11,1433.75,0.94,0.81,1.91,2,Barley,North,Spring,2021-04-08,F0404,7.95
4633,6.74,43.86,15.71,1001.21,288.47,4.28,1648.45,2.33,1.22,0.83,2,Corn,East,Spring,2021-03-03,F0110,9.28
4634,4.76,23.45,15.73,474.01,135.39,2.38,1914.34,2.38,0.38,1.35,2,Corn,Central,Autumn,2021-02-16,F0138,5.93
4635,5.4,23.86,23.1,1084.15,132.36,5.86,1086.8,2.59,0.64,1.36,2,Rice,West,Spring,2021-10-06,F0336,5.64
4636,6.66,20.38,12.08,707.07,207.41,2.45,1351.75,0.79,1.0,1.32,1,Corn,East,Spring,2021-11-18,F0393,7.6
4637,6.49,30.01,27.19,518.74,124.22,11.69,2394.24,2.61,0.41,1.03,5,Soybean,South,Autumn,2021-07-30,F0348,5.43
4638,5.66,16.97,34.56,161.85,156.27,3.12,1525.1,0.92,1.48,1.18,2,Barley,Central,Spring,2021-06-03,F0005,5.8
4639,8.36,19.24,33.52,123.08,130.91,3.52,1534.37,1.08,0.54,1.49,6,Barley,North,Spring,2021-04-10,F0380,5.46
4640,8.02,44.38,24.39,143.06,256.64,3.58,2933.63,1.12,1.11,0.86,1,Rice,West,Spring,2021-08-23,F0277,6.45
4641,7.98,44.89,31.91,1054.78,228.2,0.65,1477.6,2.45,0.29,2.0,1,Corn,East,Autumn,2021-06-23,F0183,7.12
4642,6.32,21.7,17.59,1003.66,173.38,12.69,2755.44,2.57,0.94,1.56,5,Soybean,West,Summer,2021-03-06,F0248,6.8
4643,8.1,23.87,15.85,543.69,281.73,11.19,2795.72,1.46,1.17,0.55,2,Rice,Central,Spring,2021-06-27,F0490,6.77
4644,4.72,13.68,23.07,237.01,237.35,5.0,2914.31,1.9,0.98,0.89,5,Barley,Central,Autumn,2021-08-11,F0383,6.95
4645,6.36,10.48,26.44,1180.85,62.87,11.71,1277.26,2.45,1.35,0.79,2,Soybean,West,Autumn,2021-12-12,F0074,5.31
4646,5.69,46.9,10.42,581.91,165.85,8.09,1275.69,1.05,1.48,1.79,3,Barley,West,Autumn,2021-11-19,F0318,5.5
4647,4.82,10.47,16.09,574.09,259.4,3.59,1461.68,2.74,0.78,0.98,5,Soybean,North,Autumn,2021-03-30,F0376,5.75
4648,6.44,21.36,33.31,652.51,292.68,1.88,2096.09,1.57,0.51,0.86,2,Soybean,South,Summer,2021-10-30,F0393,6.96
4649,8.36,34.18,22.9,132.0,99.87,0.65,2551.35,0.52,0.27,1.27,4,Corn,West,Autumn,2021-11-03,F0430,5.27
4650,4.76,34.2,25.01,870.14,270.57,8.46,1811.78,1.27,0.65,1.89,3,Rice,East,Summer,2021-09-18,F0234,7.54
4651,5.37,32.21,14.28,774.19,55.89,2.88,1291.42,2.89,0.74,1.73,6,Barley,Central,Autumn,2021-07-08,F0398,4.89
4652,5.71,10.21,15.54,642.94,102.66,2.02,1417.61,2.07,1.3,1.68,1,Wheat,North,Spring,2021-04-04,F0036,5.51
4653,5.87,40.45,15.54,694.65,204.17,0.16,2557.13,2.81,0.53,1.43,3,Rice,North,Autumn,2021-04-25,F0250,8.18
4654,7.01,46.43,16.89,1107.72,77.21,8.25,1206.83,0.98,0.75,0.94,2,Wheat,East,Summer,2021-02-07,F0244,5.12
4655,5.82,27.76,30.67,920.56,237.44,3.84,2660.43,1.41,1.32,1.3,5,Rice,West,Autumn,2021-07-14,F0100,7.38
4656,6.66,37.95,21.84,112.4,70.43,4.36,1977.04,2.17,0.6,1.89,3,Corn,North,Autumn,2021-11-07,F0401,4.59
4657,5.19,12.94,21.33,120.44,225.81,2.12,2126.73,1.15,0.69,0.52,3,Rice,North,Spring,2021-12-06,F0163,6.08
4658,6.45,45.27,30.51,673.7,218.54,6.08,1685.46,1.4,1.3,0.98,5,Rice,West,Spring,2021-10-31,F0140,6.61
4659,7.99,22.05,11.14,303.5,169.42,13.08,1355.39,1.37,0.66,2.0,2,Soybean,East,Spring,2021-02-04,F0436,6.35
4660,6.32,47.13,12.09,690.49,235.86,9.22,1397.66,1.23,0.87,1.22,3,Wheat,North,Summer,2021-10-14,F0198,7.88
4661,4.56,33.08,32.55,511.11,225.17,12.11,2059.7,1.24,0.25,1.79,2,Corn,North,Summer,2021-01-06,F0183,5.9
4662,7.35,45.83,21.39,158.27,225.75,0.1,1628.9,2.39,0.38,1.96,1,Rice,West,Spring,2021-01-07,F0294,6.88
4663,6.26,13.11,20.02,264.65,235.62,0.99,1093.81,2.06,0.75,0.59,3,Wheat,North,Summer,2021-10-25,F0152,7.98
4664,5.8,26.15,29.52,355.56,103.49,8.88,2349.12,2.64,1.16,1.1,4,Wheat,West,Spring,2021-03-04,F0043,5.17
4665,8.35,32.53,34.71,1168.09,261.72,2.53,2788.38,1.16,1.2,1.79,4,Wheat,North,Summer,2021-12-26,F0129,7.02
4666,4.91,20.34,32.46,729.06,76.68,9.87,1565.83,1.05,1.26,0.78,1,Wheat,West,Spring,2021-12-12,F0199,4.36
4667,7.62,35.1,34.67,975.93,192.24,2.33,2392.08,1.27,0.95,1.2,5,Soybean,West,Autumn,2021-01-06,F0074,7.35
4668,5.99,30.12,27.82,125.37,228.59,8.63,2832.55,2.3,0.99,1.31,6,Barley,East,Summer,2021-05-17,F0245,5.75
4669,7.68,15.51,17.91,922.34,78.07,1.6,1102.75,1.08,0.39,1.73,1,Barley,West,Spring,2021-12-14,F0012,4.92
4670,5.74,28.98,14.67,906.65,216.95,0.3,2155.36,2.98,0.78,0.72,2,Barley,East,Autumn,2021-08-13,F0006,8.42
4671,5.78,25.34,14.65,242.54,75.86,11.7,2975.36,2.57,1.43,1.26,6,Rice,West,Spring,2021-11-03,F0471,3.35
4672,6.63,44.36,24.41,558.56,250.27,3.9,1960.07,1.07,0.27,1.0,1,Soybean,South,Autumn,2021-02-27,F0195,7.29
4673,6.62,27.12,30.74,465.5,194.59,6.33,1839.31,1.27,0.49,1.95,2,Corn,East,Autumn,2021-06-02,F0389,7.1
4674,5.95,20.03,19.22,1193.07,146.85,2.91,1840.86,0.88,0.84,0.63,1,Soybean,Central,Summer,2021-12-25,F0139,6.31
4675,6.25,33.98,21.73,1096.1,191.35,3.15,2713.05,1.37,0.83,1.04,2,Rice,South,Spring,2021-06-30,F0136,6.68
4676,6.85,24.69,13.63,630.08,200.88,12.83,2679.98,2.81,1.14,0.96,4,Wheat,Central,Summer,2021-02-02,F0215,6.23
4677,6.34,26.46,22.86,227.12,213.0,13.51,1414.99,1.16,0.58,0.53,4,Soybean,North,Spring,2021-03-24,F0011,6.43
4678,6.4,39.73,13.13,655.53,166.49,10.17,2096.58,1.13,1.31,1.48,6,Soybean,East,Summer,2021-10-27,F0061,6.46
4679,6.2,27.33,30.43,378.68,205.77,14.0,2185.2,1.63,0.42,1.31,1,Wheat,South,Autumn,2021-10-11,F0139,6.97
4680,7.44,42.56,18.85,992.53,64.33,14.87,2559.74,2.8,0.42,1.73,6,Soybean,West,Spring,2021-04-05,F0174,4.58
4681,5.12,36.89,33.48,1182.37,114.38,8.22,2359.74,1.78,0.4,1.44,1,Rice,West,Summer,2021-08-03,F0058,5.3
4682,6.82,47.8,19.31,787.53,232.39,3.42,2623.19,2.53,1.35,1.63,2,Rice,East,Autumn,2021-05-21,F0180,7.72
4683,6.12,13.64,26.03,898.4,266.28,5.83,1366.75,1.94,1.35,1.86,1,Corn,South,Spring,2021-04-25,F0450,7.8
4684,5.53,15.42,31.65,172.65,211.86,8.37,2016.1,1.57,0.26,1.76,5,Rice,North,Autumn,2021-07-27,F0016,5.83
4685,7.07,22.16,25.53,816.57,200.05,5.86,1830.89,2.51,0.74,1.08,6,Rice,South,Autumn,2021-03-15,F0100,7.86
4686,7.07,38.13,17.89,1079.7,248.13,13.65,1702.5,2.88,1.02,1.12,2,Soybean,West,Spring,2021-04-05,F0132,7.14
4687,6.23,25.13,10.67,801.66,166.03,3.69,1407.02,2.53,0.77,1.21,1,Wheat,North,Autumn,2021-11-10,F0470,6.57
4688,7.04,25.92,29.95,1027.59,238.39,1.67,2451.64,0.58,0.76,0.62,3,Barley,East,Autumn,2021-11-14,F0394,8.3
4689,7.79,12.89,15.49,292.72,105.87,13.33,1464.11,1.8,1.1,1.91,3,Wheat,North,Autumn,2021-09-01,F0437,5.05
4690,7.18,38.56,30.39,997.5,164.36,10.29,2495.28,1.95,0.3,1.51,3,Soybean,East,Summer,2021-11-23,F0112,5.4
4691,6.7,35.88,31.81,627.66,91.74,12.73,1837.38,1.63,0.95,1.97,2,Barley,South,Spring,2021-09-30,F0076,4.51
4692,6.51,28.81,32.74,311.62,274.66,0.92,2872.17,1.21,0.46,1.77,6,Wheat,East,Autumn,2021-11-25,F0082,7.69
4693,6.15,26.55,33.52,1152.33,226.41,13.46,1555.26,2.72,0.79,1.19,4,Wheat,East,Spring,2021-11-28,F0324,6.05
4694,6.7,46.71,33.77,607.21,140.04,13.58,2155.83,1.8,0.21,1.05,3,Wheat,North,Autumn,2021-01-05,F0352,5.76
4695,6.17,45.83,30.25,249.39,105.37,2.24,2335.31,1.32,0.82,1.47,1,Rice,East,Spring,2021-07-18,F0406,5.33
4696,7.17,13.13,19.4,366.54,182.34,12.17,2118.76,0.59,1.23,0.51,6,Soybean,South,Spring,2021-12-04,F0137,6.05
4697,6.58,34.23,17.56,516.05,75.52,5.88,2837.06,2.85,0.89,0.86,1,Wheat,West,Summer,2021-04-18,F0482,5.73
4698,8.43,19.11,10.39,124.35,163.53,3.79,1503.77,1.22,1.01,1.59,6,Wheat,South,Summer,2021-12-18,F0438,5.52
4699,6.33,24.44,30.5,1099.53,61.41,7.64,2987.77,1.5,0.79,1.36,6,Corn,Central,Autumn,2021-09-16,F0427,4.67
4700,5.77,23.45,11.69,324.53,92.25,11.45,2158.84,2.61,1.03,1.89,3,Soybean,Central,Autumn,2021-12-06,F0132,5.06
4701,7.71,27.93,29.28,498.15,175.25,1.08,1160.53,2.55,1.06,1.29,6,Soybean,Central,Autumn,2021-01-02,F0193,6.34
4702,5.62,19.53,33.26,743.7,71.99,12.26,2045.77,0.99,0.82,0.96,4,Corn,South,Autumn,2021-03-14,F0344,3.86
4703,8.04,12.2,28.75,260.06,118.29,8.53,2463.85,0.57,0.77,1.44,4,Corn,South,Spring,2021-02-04,F0240,3.3
4704,7.73,47.95,22.86,920.18,212.12,9.99,1935.03,2.14,1.19,1.54,3,Barley,North,Autumn,2021-05-28,F0217,6.47
4705,5.16,21.27,22.89,306.59,114.43,8.41,2704.38,1.11,1.06,1.52,5,Rice,North,Autumn,2021-01-16,F0429,5.14
4706,5.61,26.43,18.4,659.18,58.53,6.6,2790.87,2.19,0.37,0.9,2,Corn,South,Summer,2021-01-19,F0110,5.34
4707,5.63,45.59,32.52,813.71,223.67,1.91,2306.1,0.6,0.41,0.5,4,Wheat,West,Summer,2021-11-27,F0169,7.57
4708,8.05,34.24,17.12,791.95,141.26,7.66,2255.08,2.8,1.05,0.51,4,Wheat,Central,Summer,2021-04-20,F0114,5.19
4709,4.71,42.75,24.29,482.84,146.36,13.94,1904.76,2.28,0.87,1.11,3,Barley,North,Autumn,2021-10-03,F0155,5.53
4710,7.24,21.38,24.0,186.85,118.72,9.02,2563.79,0.57,0.66,0.58,3,Soybean,North,Spring,2021-10-01,F0323,5.49
4711,6.04,32.96,30.42,1130.91,296.41,8.13,1222.13,2.83,0.36,1.06,5,Barley,West,Autumn,2021-10-17,F0259,8.33
4712,4.61,40.75,23.66,427.28,190.59,13.54,2596.52,2.28,0.44,1.87,6,Barley,North,Summer,2021-08-16,F0190,6.52
4713,7.31,17.6,22.51,328.9,161.16,10.63,1754.1,0.7,0.95,1.93,5,Barley,South,Spring,2021-07-18,F0461,4.69
4714,5.22,19.65,31.18,110.14,271.82,1.98,2215.14,2.87,1.21,1.84,3,Wheat,West,Autumn,2021-05-17,F0186,8.03
4715,4.92,45.0,17.93,594.76,290.86,15.0,1695.98,2.14,1.21,1.17,1,Barley,East,Spring,2021-11-03,F0280,6.58
4716,5.19,26.59,13.29,872.27,258.3,2.94,2712.04,2.53,0.61,1.48,6,Soybean,West,Autumn,2021-08-08,F0180,6.68
4717,4.58,26.08,19.58,574.75,187.65,14.88,1991.38,2.8,0.83,0.9,4,Rice,West,Autumn,2021-09-11,F0448,6.87
4718,7.03,43.74,16.82,707.4,171.76,1.32,2533.34,1.97,0.66,1.59,6,Corn,South,Summer,2021-07-13,F0072,7.49
4719,6.72,36.05,26.61,471.05,58.13,7.03,2872.86,1.22,0.23,1.22,4,Soybean,South,Spring,2021-07-18,F0318,4.19
4720,4.87,33.19,33.51,165.9,131.87,11.3,1289.8,1.66,1.09,1.28,2,Wheat,Central,Spring,2021-06-05,F0190,4.26
4721,7.71,18.44,31.07,614.29,146.64,5.67,2240.42,2.4,0.34,0.96,3,Soybean,North,Spring,2021-03-29,F0316,6.67
4722,5.11,24.36,32.71,881.94,145.72,9.72,2556.77,2.51,0.9,1.19,6,Rice,Central,Autumn,2021-12-07,F0323,6.01
4723,7.03,22.05,25.7,904.91,294.65,7.97,2731.13,1.41,0.43,1.45,3,Rice,West,Summer,2021-11-25,F0039,7.37
4724,4.63,18.79,24.21,569.89,135.82,4.51,1148.45,2.42,0.22,1.94,4,Soybean,East,Spring,2021-02-27,F0465,5.99
4725,4.99,40.55,11.14,971.78,61.32,13.67,2135.6,2.17,1.07,0.53,4,Soybean,East,Spring,2021-08-29,F0331,4.58
4726,6.58,31.72,15.65,282.11,212.59,3.35,2005.86,2.41,0.87,1.97,3,Barley,West,Summer,2021-05-13,F0096,7.35
4727,6.13,38.41,19.14,425.18,226.46,12.83,1141.86,1.2,1.23,1.04,2,Wheat,Central,Spring,2021-04-04,F0490,7.82
4728,4.73,26.94,13.41,1128.91,137.81,5.72,2663.69,0.82,1.34,1.3,1,Wheat,West,Autumn,2021-12-04,F0296,6.19
4729,7.46,14.24,27.45,794.74,191.33,1.83,2250.53,1.01,1.26,1.47,4,Corn,Central,Summer,2021-02-14,F0475,7.8
4730,5.12,10.79,30.44,825.47,73.53,8.59,1488.93,1.06,0.9,0.53,3,Rice,East,Spring,2021-05-11,F0101,5.24
4731,5.69,42.67,31.67,1086.08,100.49,5.34,2496.08,0.69,0.93,0.63,5,Corn,Central,Spring,2021-12-12,F0022,6.13
4732,5.58,30.69,10.7,179.87,217.49,5.8,2194.6,1.22,0.4,0.89,6,Soybean,South,Spring,2021-08-26,F0437,5.44
4733,6.07,36.45,13.55,481.6,148.69,4.67,2334.92,0.58,0.89,1.68,5,Barley,South,Spring,2021-06-27,F0001,6.01
4734,5.05,37.01,10.53,908.9,275.68,0.15,1819.15,1.43,1.3,1.84,1,Wheat,West,Summer,2021-04-28,F0058,7.63
4735,8.23,31.19,27.68,1196.14,115.34,6.66,2173.27,2.77,0.94,1.09,1,Corn,West,Summer,2021-09-04,F0130,5.74
4736,7.32,15.39,33.86,854.92,83.32,3.13,1767.7,2.78,1.03,0.53,6,Wheat,West,Summer,2021-02-06,F0431,6.57
4737,8.36,35.57,31.92,990.54,62.43,14.79,1469.79,2.26,1.38,0.77,5,Wheat,East,Summer,2021-09-21,F0338,4.66
4738,7.07,30.13,15.2,511.93,270.44,12.4,1326.27,2.21,1.42,1.37,1,Rice,South,Spring,2021-11-14,F0344,7.65
4739,5.1,21.49,20.48,920.36,224.57,8.14,2405.27,1.83,1.31,1.07,4,Rice,Central,Summer,2021-07-20,F0145,5.45
4740,6.59,12.68,22.46,544.27,267.03,9.18,1887.53,2.71,1.2,0.55,5,Barley,West,Autumn,2021-04-10,F0048,6.74
4741,7.69,44.86,20.72,421.64,127.79,6.6,1813.44,1.47,1.17,1.82,2,Rice,North,Summer,2021-10-16,F0050,6.27
4742,5.4,23.74,21.35,584.53,246.04,1.64,2031.89,2.33,0.45,1.81,4,Rice,North,Autumn,2021-11-05,F0457,7.51
4743,7.03,43.98,19.31,868.48,250.64,11.64,1104.5,1.82,0.29,1.38,6,Rice,East,Summer,2021-05-13,F0495,6.54
4744,5.49,49.73,26.93,1095.66,182.74,2.59,2120.33,0.76,0.98,1.39,5,Wheat,Central,Spring,2021-11-25,F0131,7.68
4745,5.79,45.14,19.84,780.84,252.77,12.05,2189.84,0.97,1.36,1.74,4,Wheat,East,Spring,2021-03-29,F0287,6.84
4746,6.74,20.73,13.82,927.25,83.81,11.82,1113.5,1.15,1.11,1.81,5,Wheat,South,Autumn,2021-06-29,F0485,5.33
4747,8.32,13.79,11.32,494.24,167.08,5.19,2289.97,0.78,0.44,1.52,3,Soybean,North,Spring,2021-11-05,F0371,6.34
4748,6.55,20.28,34.15,730.59,213.27,6.9,2901.15,0.6,0.48,0.66,5,Soybean,East,Summer,2021-03-15,F0211,7.04
4749,6.44,28.13,31.41,1188.66,148.03,3.87,2476.1,0.74,1.22,1.96,3,Barley,Central,Autumn,2021-03-23,F0373,7.1
4750,5.18,31.34,16.93,467.49,192.48,7.24,2958.89,2.84,0.82,0.67,5,Corn,Central,Summer,2021-05-07,F0080,7.24
4751,6.06,19.87,18.84,770.45,201.96,4.3,2493.36,2.43,0.61,1.47,2,Barley,East,Spring,2021-11-15,F0173,7.63
4752,6.83,34.48,29.59,1021.01,251.5,0.48,2603.54,2.52,1.03,1.24,4,Corn,East,Spring,2021-02-08,F0267,8.5
4753,7.74,22.44,33.67,1072.66,183.52,8.6,1620.05,1.65,0.96,1.19,5,Corn,South,Summer,2021-07-17,F0445,6.52
4754,6.87,45.94,14.14,371.01,229.17,3.4,1379.83,1.89,1.22,1.47,3,Corn,Central,Autumn,2021-03-14,F0249,5.87
4755,7.51,38.68,10.93,1146.7,227.09,2.92,2750.95,2.22,0.71,0.86,1,Wheat,Central,Summer,2021-03-04,F0172,6.87
4756,5.59,14.28,32.97,235.18,232.41,7.6,1747.02,2.55,1.28,1.72,6,Soybean,West,Spring,2021-08-03,F0370,7.12
4757,5.28,33.97,20.85,1049.45,226.28,8.11,1465.01,2.71,0.84,1.71,4,Corn,West,Summer,2021-12-25,F0204,7.47
4758,7.71,35.62,23.69,1117.67,80.43,4.69,1127.83,2.76,0.71,0.97,6,Barley,Central,Autumn,2021-05-16,F0497,5.54
4759,6.42,25.45,28.47,926.88,92.61,6.74,1233.87,1.55,0.79,1.15,6,Wheat,North,Spring,2021-11-17,F0239,5.73
4760,7.64,45.4,13.07,448.12,86.42,13.51,1448.63,2.24,1.4,1.5,2,Corn,East,Summer,2021-09-08,F0474,6.54
4761,5.26,27.84,15.39,228.05,80.52,12.12,2334.62,1.98,0.46,0.72,6,Corn,South,Spring,2021-04-06,F0073,3.98
4762,7.83,23.62,15.48,706.69,83.07,14.39,1778.06,2.28,1.3,0.87,3,Wheat,Central,Autumn,2021-08-16,F0251,5.07
4763,8.27,25.43,23.54,468.36,203.17,11.11,1898.28,1.06,1.42,1.82,3,Corn,East,Summer,2021-10-02,F0332,6.83
4764,5.47,15.83,20.84,1105.31,212.18,9.23,2690.2,0.88,0.99,1.7,2,Barley,West,Summer,2021-04-10,F0081,6.84
4765,7.15,38.78,19.9,789.59,298.72,7.0,2438.83,1.8,0.91,1.77,5,Rice,West,Autumn,2021-08-12,F0203,6.67
4766,5.55,27.44,27.72,1069.29,81.37,10.92,2970.03,1.06,1.11,1.37,4,Rice,North,Spring,2021-02-02,F0190,5.44
4767,5.09,14.15,23.77,304.89,295.83,14.15,2951.76,0.7,0.82,1.44,2,Corn,East,Spring,2021-10-19,F0134,6.29
4768,7.33,11.25,14.79,315.28,187.26,13.64,2733.89,0.79,0.75,1.5,4,Barley,Central,Autumn,2021-10-16,F0407,6.86
4769,4.81,40.88,26.49,211.55,55.42,1.45,1736.54,0.84,1.16,1.14,6,Rice,Central,Spring,2021-05-22,F0049,4.8
4770,6.17,27.31,22.1,336.96,226.8,2.03,2627.68,1.02,0.66,1.05,5,Corn,North,Autumn,2021-04-19,F0047,7.43
4771,6.61,38.56,27.04,1095.89,276.07,7.1,1586.88,1.42,0.42,1.68,2,Barley,South,Autumn,2021-07-22,F0324,8.94
4772,6.59,34.27,27.89,1046.65,132.86,9.91,2227.03,0.58,0.8,0.81,1,Rice,South,Summer,2021-02-12,F0460,5.54
4773,4.67,21.66,28.62,1000.96,256.85,2.93,1389.71,2.81,0.32,1.41,2,Rice,East,Spring,2021-03-26,F0388,6.37
4774,6.13,34.5,18.52,449.15,283.51,4.45,2927.3,2.67,0.64,1.68,6,Rice,Central,Spring,2021-06-14,F0090,7.3
4775,8.02,45.06,26.39,527.22,63.55,3.88,1971.56,1.12,0.9,1.58,2,Corn,West,Spring,2021-09-20,F0007,5.49
4776,6.76,30.4,18.4,919.74,141.63,2.19,1464.39,0.75,1.27,1.82,1,Wheat,South,Summer,2021-08-01,F0187,7.11
4777,4.91,19.12,22.6,1111.23,146.62,11.46,1480.52,0.61,0.93,1.77,5,Rice,North,Autumn,2021-08-31,F0335,5.37
4778,7.72,15.34,12.28,365.43,123.34,13.63,1212.43,2.3,0.67,1.95,3,Corn,South,Spring,2021-06-15,F0193,4.31
4779,6.96,30.36,24.89,888.7,212.17,0.46,1114.12,1.73,0.81,1.73,5,Soybean,South,Autumn,2021-06-07,F0389,8.67
4780,5.65,44.5,31.47,1029.93,57.11,2.53,1849.15,2.71,0.4,0.55,6,Soybean,East,Autumn,2021-07-14,F0432,4.61
4781,7.18,19.56,19.04,810.74,177.58,2.37,1235.28,2.9,0.35,1.11,2,Wheat,North,Spring,2021-10-23,F0221,6.72
4782,5.17,13.59,30.84,125.09,260.47,6.81,1576.71,0.95,1.02,1.0,6,Corn,North,Spring,2021-03-21,F0395,6.14
4783,7.79,23.13,18.98,1028.0,295.13,7.38,1170.77,2.58,1.48,1.74,6,Soybean,Central,Autumn,2021-08-12,F0072,7.77
4784,7.95,40.72,14.48,653.33,155.97,6.21,1479.69,2.55,1.22,1.29,4,Soybean,North,Summer,2021-05-17,F0315,5.93
4785,6.17,25.04,25.33,644.6,137.43,1.87,2834.28,0.69,0.55,1.08,2,Wheat,South,Summer,2021-02-14,F0148,6.45
4786,5.71,32.83,22.82,345.7,240.15,1.4,1345.75,0.86,0.67,1.49,4,Barley,North,Spring,2021-07-27,F0134,6.9
4787,5.54,44.22,12.71,732.06,175.72,8.86,2008.97,2.53,0.45,0.56,4,Barley,North,Autumn,2021-06-14,F0279,5.56
4788,8.42,29.04,21.44,646.01,200.34,8.47,1742.55,1.41,0.34,1.25,5,Wheat,East,Summer,2021-12-20,F0187,5.71
4789,8.15,37.19,11.68,807.63,66.26,7.33,1034.75,2.19,1.01,0.74,6,Soybean,North,Spring,2021-03-17,F0229,5.58
4790,5.45,22.94,16.74,770.34,131.7,3.54,1238.11,2.36,0.28,0.7,5,Soybean,Central,Autumn,2021-07-30,F0374,5.87
4791,8.37,16.59,15.02,1166.2,226.41,3.15,2982.6,1.53,0.42,0.89,1,Soybean,Central,Spring,2021-02-06,F0347,8.08
4792,5.64,31.52,15.44,725.19,195.9,3.39,1490.15,2.68,0.3,1.31,6,Wheat,North,Summer,2021-03-11,F0311,7.14
4793,7.21,27.97,26.45,934.85,218.58,12.19,2018.3,2.68,0.93,0.6,1,Corn,East,Spring,2021-07-19,F0356,7.25
4794,6.1,29.52,21.43,320.05,266.14,0.87,2690.41,0.88,0.23,1.02,4,Wheat,Central,Spring,2021-11-03,F0494,7.99
4795,5.88,17.03,15.66,878.54,158.7,3.26,1285.43,1.11,0.2,0.77,6,Barley,East,Summer,2021-12-23,F0223,6.55
4796,7.3,16.14,27.93,273.48,151.22,3.96,1333.15,1.82,1.49,0.67,5,Wheat,Central,Summer,2021-10-01,F0091,7.0
4797,6.83,38.11,24.21,575.76,184.38,13.94,2009.72,0.98,0.86,0.59,2,Barley,North,Summer,2021-08-16,F0164,5.83
4798,5.06,10.44,28.84,946.63,109.66,14.14,1155.12,1.54,0.45,0.91,5,Corn,North,Autumn,2021-11-15,F0391,4.76
4799,7.6,12.88,18.36,402.22,75.92,2.46,1883.72,1.29,0.49,1.3,1,Rice,South,Autumn,2021-10-16,F0021,4.09
