id,soil_ph,soil_moisture,avg_temperature,total_rainfall,fertilizer_amount,pesticide_usage,sunlight_hours,nitrogen_content,phosphorus_content,potassium_content,irrigation_frequency,yield_tpha,harvest_month,rainfall_to_temp_ratio,fertilizer_nitrogen_interaction,crop_type_Barley,crop_type_Corn,crop_type_Rice,crop_type_Soybean,crop_type_Wheat,region_Central,region_East,region_North,region_South,region_West,season_Autumn,season_Spring,season_Summer
3813,5.09,49.73,29.02,1074.41,66.08,0.62,2300.22,2.32,1.14,1.45,6,5.8,3,37.02308752584425,153.3056,False,False,False,False,True,False,False,True,False,False,False,True,False
2354,6.52,40.22,28.88,701.72,227.68,12.94,1358.22,2.17,1.22,1.0,1,7.17,12,24.29778393351801,494.0656,True,False,False,False,False,False,False,False,False,True,False,False,True
2629,6.47,14.98,33.44,358.92,264.38,10.74,2849.4,0.72,0.26,1.14,2,6.97,1,10.733253588516748,190.3536,False,False,True,False,False,True,False,False,False,False,False,True,False
2117,7.94,15.36,23.77,718.84,283.31,1.22,1119.5,0.73,1.48,1.3,5,8.05,12,30.241480858224655,206.81629999999998,False,False,False,False,True,False,False,False,True,False,True,False,False
3139,4.73,11.64,20.62,615.63,52.43,14.05,2005.41,2.39,0.48,0.85,2,4.25,6,29.85596508244423,125.30770000000001,False,False,False,True,False,False,True,False,False,False,False,False,True
1767,8.0,45.3,32.11,739.12,95.29,4.6,2098.26,1.3,0.62,1.56,5,5.72,10,23.018374338212396,123.87700000000001,True,False,False,False,False,False,False,False,True,False,False,False,True
1237,7.37,12.97,15.93,928.94,151.85,12.01,1674.57,1.25,1.0,0.72,1,5.21,4,58.313873195229135,189.8125,False,False,False,True,False,False,True,False,False,False,False,False,True
103,5.37,31.8,27.34,1009.75,160.04,12.84,1197.48,2.06,1.04,1.0,6,6.88,11,36.93306510607169,329.6824,True,False,False,False,False,True,False,False,False,False,False,False,True
2471,5.47,31.33,28.46,1024.54,282.24,10.3,1015.5,2.83,0.45,1.83,5,7.32,6,35.99929725931131,798.7392000000001,False,False,True,False,False,False,True,False,False,False,False,True,False
2615,6.66,30.89,18.01,226.13,199.2,12.38,2528.34,0.78,0.31,0.8,4,6.59,10,12.555802332037755,155.376,False,True,False,False,False,True,False,False,False,False,False,False,True
508,5.99,29.81,18.29,1131.56,118.53,8.28,1367.48,2.46,0.48,1.29,2,5.2,1,61.86768726079825,291.5838,True,False,False,False,False,False,True,False,False,False,True,False,False
2240,5.6,37.35,14.24,892.27,129.58,3.69,2067.45,1.3,1.04,1.74,6,6.28,2,62.659410112359545,168.45400000000004,False,False,True,False,False,False,False,True,False,False,True,False,False
4735,8.23,31.19,27.68,1196.14,115.34,6.66,2173.27,2.77,0.94,1.09,1,5.74,9,43.21315028901734,319.4918,False,True,False,False,False,False,False,False,False,True,False,False,True
2654,4.67,17.75,29.97,497.2,94.95,7.25,2658.57,0.59,0.91,0.63,3,4.79,3,16.589923256589923,56.0205,False,False,False,True,False,False,False,True,False,False,False,False,True
865,5.53,18.59,33.12,577.89,242.86,12.03,2569.58,1.43,0.96,1.45,2,7.42,5,17.44836956521739,347.2898,False,False,False,False,True,False,False,False,True,False,True,False,False
2281,7.63,34.2,15.95,606.78,262.61,9.83,1974.09,2.54,1.17,0.73,6,8.1,1,38.042633228840124,667.0294,False,False,False,False,True,True,False,False,False,False,False,True,False
908,5.56,30.13,21.79,593.37,129.65,12.02,2841.68,0.9,1.21,1.43,2,6.13,11,27.231298760899495,116.685,False,True,False,False,False,False,False,True,False,False,True,False,False
1909,7.96,12.92,31.75,1123.81,162.57,6.1,2706.65,2.12,1.03,1.1,6,6.23,8,35.3955905511811,344.6484,False,False,True,False,False,False,False,False,False,True,False,True,False
3618,7.82,11.88,28.89,1136.36,292.73,12.32,1210.51,2.91,1.04,1.67,5,7.93,11,39.334025614399444,851.8443000000001,False,False,False,False,True,False,False,False,False,True,False,True,False
3554,4.94,46.27,17.51,1058.25,188.83,6.59,2485.46,1.66,0.51,1.17,2,6.98,12,60.43689320388349,313.4578,False,False,False,False,True,False,False,True,False,False,False,True,False
835,5.24,44.33,22.27,542.33,78.01,13.0,2476.2,1.24,0.97,1.5,3,5.19,1,24.352492141894928,96.73240000000001,False,False,False,False,True,False,False,True,False,False,False,False,True
358,7.36,18.98,19.84,478.44,145.78,2.94,1687.46,1.08,0.2,1.47,3,6.65,10,24.114919354838708,157.44240000000002,True,False,False,False,False,False,False,False,True,False,True,False,False
4035,8.18,19.69,21.03,527.31,73.46,8.04,1771.85,1.94,1.04,1.56,5,4.9,4,25.07417974322396,142.51239999999999,True,False,False,False,False,False,False,False,False,True,True,False,False
299,7.51,40.48,32.9,1104.0,138.82,5.66,2119.79,2.72,0.78,1.2,6,6.74,5,33.556231003039514,377.5904,False,True,False,False,False,True,False,False,False,False,False,False,True
1003,7.72,30.07,13.89,514.83,134.46,0.31,2356.15,1.32,1.46,1.27,4,7.1,10,37.06479481641469,177.48720000000003,True,False,False,False,False,False,False,False,False,True,False,False,True
382,6.32,17.23,15.2,793.57,254.74,4.43,2042.11,2.73,0.32,1.46,2,8.08,11,52.208552631578954,695.4402,False,False,False,True,False,False,True,False,False,False,False,False,True
941,8.33,42.16,18.83,358.99,72.93,2.28,2360.01,0.97,1.19,0.88,2,4.7,6,19.064790228359005,70.74210000000001,True,False,False,False,False,False,True,False,False,False,False,True,False
1684,4.99,41.59,21.23,1118.17,150.27,9.9,1034.51,2.72,0.6,1.21,4,5.66,4,52.66933584550165,408.73440000000005,False,False,True,False,False,False,False,False,True,False,False,True,False
761,7.11,33.56,18.95,1197.08,79.52,3.34,2845.7,2.4,0.51,1.29,6,6.18,11,63.170448548812665,190.84799999999998,False,False,True,False,False,True,False,False,False,False,True,False,False
1650,4.99,20.8,22.05,1006.51,234.12,11.58,1871.9,2.65,0.4,1.05,4,5.7,4,45.64671201814059,620.418,False,False,False,False,True,False,False,True,False,False,False,False,True
2387,6.04,33.29,13.82,285.84,60.06,1.6,2793.36,0.7,0.72,0.5,3,4.39,5,20.683068017366132,42.042,False,False,False,False,True,True,False,False,False,False,True,False,False
1864,5.53,19.58,17.14,770.29,143.51,3.81,1940.78,1.38,1.13,1.56,4,6.76,8,44.94107351225204,198.04379999999998,False,False,False,True,False,False,True,False,False,False,False,True,False
1839,7.82,12.46,14.42,755.11,145.27,12.05,2014.04,1.51,1.03,1.69,5,5.28,2,52.36546463245492,219.35770000000002,False,False,False,True,False,False,False,False,True,False,False,True,False
1840,8.01,43.7,29.42,703.39,277.21,4.25,2590.73,1.5,1.31,0.76,1,8.33,9,23.90856560163154,415.81499999999994,False,True,False,False,False,False,False,True,False,False,False,False,True
3628,5.81,37.95,26.53,1050.48,253.29,7.95,2535.23,1.16,0.96,1.79,1,8.07,5,39.595929136826236,293.8164,True,False,False,False,False,False,False,False,True,False,True,False,False
1402,6.19,44.59,17.68,298.81,82.34,12.88,2732.59,2.77,1.25,0.85,1,5.35,8,16.90101809954751,228.08180000000002,False,False,False,False,True,False,False,False,True,False,False,False,True
4661,4.56,33.08,32.55,511.11,225.17,12.11,2059.7,1.24,0.25,1.79,2,5.9,1,15.702304147465439,279.2108,False,True,False,False,False,False,False,True,False,False,False,False,True
4094,7.79,49.45,32.07,1106.16,276.31,14.96,2004.8,1.89,0.93,1.64,5,7.58,8,34.49204864359214,522.2259,False,False,False,True,False,False,False,False,True,False,False,False,True
4212,7.32,35.5,34.76,255.19,62.16,13.24,1093.26,1.07,0.7,0.74,4,4.2,2,7.341484464902186,66.5112,False,True,False,False,False,False,False,True,False,False,False,True,False
3985,5.48,23.28,30.9,772.33,175.0,2.09,1192.07,1.09,0.7,1.78,4,6.93,2,24.994498381877026,190.75,False,False,False,True,False,False,False,True,False,False,False,True,False
1188,7.01,18.67,30.19,851.28,299.93,5.98,1820.5,1.07,0.38,0.78,3,7.37,10,28.197416363034115,320.92510000000004,False,True,False,False,False,False,False,True,False,False,True,False,False
2787,5.85,23.48,29.73,402.49,214.54,11.38,1950.17,1.7,1.28,1.94,1,6.21,3,13.538176925664311,364.71799999999996,False,False,False,True,False,False,False,False,False,True,True,False,False
4280,5.84,13.46,11.36,247.04,93.96,8.54,2760.26,1.93,1.03,1.46,6,5.05,4,21.746478873239436,181.34279999999998,False,False,False,False,True,False,False,False,False,True,False,False,True
3599,5.35,27.98,19.99,645.09,249.3,7.96,1825.66,2.59,0.44,1.12,1,6.41,10,32.27063531765884,645.687,True,False,False,False,False,False,False,False,True,False,False,False,True
3201,7.08,15.67,21.55,180.1,105.79,7.95,1809.02,1.3,1.47,1.69,4,5.17,2,8.357308584686775,137.52700000000002,False,False,False,False,True,False,True,False,False,False,False,False,True
108,7.86,15.16,33.34,858.44,154.04,11.3,2775.08,1.95,0.89,1.89,6,5.21,9,25.748050389922014,300.378,False,False,False,False,True,False,False,False,False,True,False,False,True
4182,7.51,42.91,11.56,392.76,282.5,0.27,2272.11,2.99,1.37,1.25,2,8.29,10,33.9757785467128,844.6750000000001,True,False,False,False,False,False,False,True,False,False,False,False,True
1634,7.61,20.29,24.91,228.2,215.12,10.59,1599.73,2.14,1.02,1.62,4,6.04,3,9.16097952629466,460.3568,False,False,False,False,True,False,True,False,False,False,False,True,False
58,4.65,35.12,30.01,276.68,253.81,7.86,2212.16,1.81,0.47,1.62,1,7.12,5,9.219593468843719,459.3961,False,False,False,True,False,True,False,False,False,False,False,False,True
76,7.25,27.27,16.01,493.68,63.49,13.66,2737.82,0.91,1.19,1.87,2,5.18,8,30.83572767020612,57.77590000000001,False,False,False,True,False,False,False,False,False,True,True,False,False
796,6.32,10.02,27.92,260.03,195.01,10.15,1925.5,0.77,0.37,1.16,3,6.27,4,9.313395415472778,150.1577,False,False,False,False,True,True,False,False,False,False,False,True,False
368,4.81,27.83,11.06,460.56,248.9,6.36,2537.19,1.86,0.91,1.24,6,6.7,2,41.64195298372513,462.954,True,False,False,False,False,True,False,False,False,False,False,True,False
2086,6.81,13.32,24.07,563.72,177.45,2.75,2107.01,1.03,0.39,1.05,1,6.47,10,23.42002492729539,182.77349999999998,False,False,False,False,True,False,True,False,False,False,True,False,False
785,7.85,47.96,33.38,276.23,188.07,4.14,2006.25,2.2,0.97,0.79,6,6.81,9,8.275314559616536,413.754,False,True,False,False,False,True,False,False,False,False,True,False,False
4072,7.44,28.38,21.4,516.19,238.48,5.35,1258.04,1.26,1.47,1.71,5,6.7,6,24.12102803738318,300.4848,False,True,False,False,False,False,True,False,False,False,False,True,False
1721,5.73,10.01,13.6,367.48,127.42,10.17,2029.63,1.46,1.33,1.15,1,5.01,3,27.02058823529412,186.0332,False,False,False,True,False,False,False,False,False,True,True,False,False
1765,4.98,23.89,17.22,649.34,218.47,11.03,1951.42,2.32,0.29,0.93,5,6.21,1,37.70847851335657,506.8504,False,False,False,False,True,False,False,False,False,True,False,False,True
2951,7.32,20.31,12.48,1030.3,86.02,2.77,2224.2,1.5,1.44,1.39,4,5.66,9,82.55608974358974,129.03,True,False,False,False,False,False,False,False,True,False,True,False,False
3291,7.01,22.77,19.85,767.35,85.4,10.71,2158.71,1.09,0.31,1.38,4,4.53,7,38.65743073047859,93.08600000000001,False,False,True,False,False,True,False,False,False,False,True,False,False
1505,6.99,45.25,13.04,897.4,160.25,0.89,2863.59,2.26,1.15,1.04,2,7.35,2,68.81901840490798,362.16499999999996,False,False,False,False,True,True,False,False,False,False,False,False,True
121,6.59,15.07,12.21,733.5,149.78,10.24,1603.19,1.49,0.67,0.98,6,5.78,11,60.07371007371007,223.1722,False,True,False,False,False,False,False,False,False,True,False,True,False
3867,6.03,25.29,31.78,905.58,279.53,8.33,1780.55,2.58,0.79,1.67,3,7.63,6,28.49528005034613,721.1873999999999,False,False,False,False,True,False,False,False,False,True,False,True,False
2222,5.86,20.6,23.43,876.65,103.67,8.2,2277.33,0.71,0.22,0.78,5,5.94,4,37.41570635936833,73.6057,False,False,True,False,False,False,False,False,True,False,False,True,False
3390,6.32,26.95,14.34,594.38,263.36,14.27,1433.79,1.57,0.67,0.9,3,7.68,11,41.449093444909344,413.47520000000003,True,False,False,False,False,False,True,False,False,False,False,True,False
910,7.81,46.33,19.21,1172.21,223.74,1.18,2897.62,0.6,0.34,0.78,6,8.06,1,61.02082248828735,134.244,False,False,False,False,True,False,False,True,False,False,False,True,False
124,6.95,39.0,18.99,916.4,65.5,11.69,2485.97,1.28,1.14,0.6,5,5.58,9,48.25697735650343,83.84,False,False,False,False,True,False,False,False,True,False,True,False,False
1935,6.09,48.12,18.88,1152.34,243.49,11.18,2456.6,1.79,1.21,1.62,3,8.1,4,61.034957627118644,435.8471,False,False,False,True,False,False,False,False,False,True,True,False,False
1257,5.0,24.22,12.78,742.07,279.4,7.8,2113.19,2.69,1.3,1.01,3,7.66,12,58.06494522691707,751.5859999999999,False,True,False,False,False,False,False,False,True,False,False,False,True
3864,6.46,43.03,20.06,262.96,164.01,5.5,2562.55,2.36,0.37,1.7,5,6.73,8,13.108673978065802,387.06359999999995,False,False,False,True,False,False,False,False,False,True,False,False,True
3407,4.75,28.37,13.52,149.62,215.54,14.66,2087.02,2.13,0.46,1.26,6,6.7,4,11.06656804733728,459.1002,False,False,True,False,False,False,True,False,False,False,False,False,True
3150,7.19,15.1,20.89,1073.31,199.79,5.91,2052.71,2.65,0.93,1.63,3,6.84,4,51.37912876974629,529.4435,False,False,True,False,False,False,False,False,False,True,False,False,True
1178,5.2,20.28,17.29,769.21,198.18,4.76,1206.28,1.14,0.36,1.65,5,6.6,9,44.488721804511286,225.9252,False,False,False,False,True,False,True,False,False,False,False,False,True
3231,5.24,18.01,12.83,1078.96,158.99,11.06,1812.32,2.4,0.48,1.49,3,5.99,3,84.09664848012471,381.576,False,False,False,True,False,False,False,False,True,False,True,False,False
4665,8.35,32.53,34.71,1168.09,261.72,2.53,2788.38,1.16,1.2,1.79,4,7.02,12,33.65283779890521,303.59520000000003,False,False,False,False,True,False,False,True,False,False,False,False,True
442,5.13,20.53,26.29,615.28,141.98,8.65,1478.31,1.62,1.1,1.23,5,4.58,3,23.403575503993913,230.0076,False,False,False,True,False,False,True,False,False,False,False,False,True
4036,8.05,14.74,23.28,110.87,293.08,1.17,2245.58,2.92,1.38,0.94,2,7.07,4,4.76245704467354,855.7936,False,False,True,False,False,False,False,True,False,False,True,False,False
3116,6.04,28.5,34.04,483.67,254.15,14.37,1587.64,0.65,0.76,1.04,4,6.69,6,14.208871915393654,165.19750000000002,True,False,False,False,False,False,False,False,True,False,False,True,False
925,7.74,24.0,33.1,270.91,229.03,3.6,2505.03,2.7,0.63,1.48,3,6.74,8,8.184592145015106,618.3810000000001,False,False,False,False,True,False,False,False,False,True,False,True,False
1921,6.09,16.59,19.4,728.91,87.68,4.85,1587.79,0.87,1.35,0.75,6,5.56,3,37.572680412371135,76.28160000000001,False,False,False,True,False,True,False,False,False,False,False,True,False
2753,6.58,16.67,13.43,1122.83,59.89,5.96,2894.36,2.48,0.81,0.89,1,5.51,4,83.60610573343261,148.5272,False,False,False,False,True,False,True,False,False,False,True,False,False
1411,5.14,46.36,32.7,549.11,67.69,1.35,2382.61,0.74,0.39,1.59,3,5.56,3,16.79235474006116,50.090599999999995,False,False,False,False,True,False,False,False,True,False,False,True,False
3886,5.06,26.48,22.66,1194.16,165.43,14.88,2938.28,0.51,0.42,0.93,3,5.52,12,52.699029126213595,84.36930000000001,False,False,False,False,True,False,False,False,False,True,False,False,True
1545,6.84,23.25,12.54,445.96,77.21,0.68,2255.17,0.6,0.6,0.62,4,4.86,8,35.56299840510367,46.32599999999999,True,False,False,False,False,False,False,False,True,False,True,False,False
1964,6.24,42.98,26.55,944.37,160.05,13.85,2178.14,1.92,0.56,0.57,6,5.8,6,35.56949152542373,307.296,False,False,False,False,True,False,True,False,False,False,False,True,False
1227,6.91,27.8,13.86,153.78,154.17,13.85,2324.82,0.8,0.8,0.62,6,3.92,7,11.095238095238095,123.336,False,False,True,False,False,True,False,False,False,False,True,False,False
3353,6.27,11.68,29.55,705.15,137.39,2.01,1247.05,2.0,1.16,1.51,2,6.84,2,23.86294416243655,274.78,False,True,False,False,False,False,True,False,False,False,False,True,False
4108,5.34,23.56,31.47,1130.87,155.74,14.52,1861.78,1.4,0.48,0.79,1,5.46,3,35.93485859548776,218.036,False,False,True,False,False,True,False,False,False,False,True,False,False
3119,5.54,32.4,20.87,277.19,148.66,4.19,1532.52,2.75,1.19,0.75,5,6.23,12,13.281744130330617,408.815,False,False,False,True,False,False,False,False,True,False,False,False,True
324,5.25,29.62,13.07,791.49,267.28,2.07,2080.26,1.29,0.93,1.28,2,7.25,5,60.557765876052024,344.79119999999995,False,False,True,False,False,False,False,False,True,False,False,True,False
2874,7.73,19.43,23.59,1145.36,213.73,5.08,2377.06,2.91,1.33,0.9,3,6.33,2,48.55277660025434,621.9543,False,True,False,False,False,False,False,False,True,False,False,False,True
1739,5.6,35.6,14.93,603.21,86.11,11.57,2489.45,1.83,1.24,1.46,5,5.48,5,40.4025452109846,157.5813,True,False,False,False,False,False,False,False,True,False,False,False,True
1675,7.33,35.58,12.32,1023.34,216.09,5.08,1908.69,0.9,0.47,1.86,6,7.59,12,83.06331168831169,194.481,False,False,True,False,False,True,False,False,False,False,True,False,False
3074,5.15,42.56,18.87,259.49,263.4,0.08,1537.64,1.88,0.51,1.52,4,7.85,7,13.751457339692633,495.19199999999995,True,False,False,False,False,True,False,False,False,False,False,True,False
4011,8.03,44.69,26.42,413.15,204.65,9.27,2595.5,2.07,1.43,1.67,2,6.26,1,15.637774413323237,423.6255,False,True,False,False,False,False,True,False,False,False,False,False,True
1498,8.4,19.73,22.29,620.28,91.45,0.53,2556.89,2.56,0.97,1.65,4,5.55,9,27.827725437415882,234.11200000000002,True,False,False,False,False,True,False,False,False,False,True,False,False
1502,4.87,17.62,14.9,1014.89,125.57,11.46,2248.04,1.05,0.55,1.87,2,5.58,1,68.11342281879195,131.8485,False,False,False,True,False,False,True,False,False,False,False,True,False
1006,7.42,36.01,22.69,1163.37,81.7,9.19,2067.69,2.47,0.83,0.92,1,4.86,4,51.27236668135742,201.79900000000004,False,False,True,False,False,False,False,True,False,False,False,False,True
4147,5.85,13.1,12.84,655.09,233.11,4.62,2777.68,0.78,0.45,1.53,5,7.59,6,51.019470404984425,181.82580000000002,False,False,False,False,True,False,False,True,False,False,True,False,False
3114,6.25,39.78,30.44,1024.45,210.69,5.41,2868.59,2.24,1.34,1.74,6,7.57,2,33.65473061760841,471.9456,False,False,False,False,True,False,False,True,False,False,False,False,True
3276,5.54,20.06,23.17,421.4,137.27,13.45,2635.89,1.42,0.34,1.34,2,5.92,11,18.187311178247732,194.92340000000002,False,False,False,True,False,False,False,False,True,False,False,True,False
1467,6.42,48.1,29.56,1067.47,291.22,9.87,2686.31,0.81,0.76,1.09,5,8.0,5,36.11197564276049,235.88820000000004,False,False,False,False,True,False,False,False,True,False,False,False,True
1225,6.67,16.69,17.24,406.44,52.7,11.04,2699.05,2.27,0.5,1.85,3,4.14,6,23.5754060324826,119.629,False,True,False,False,False,False,False,True,False,False,False,False,True
2123,6.9,11.72,17.03,164.4,153.05,8.7,1979.85,1.9,0.22,0.63,6,6.11,5,9.653552554315914,290.795,False,False,False,True,False,True,False,False,False,False,False,False,True
1844,5.53,35.53,30.02,778.53,110.02,11.97,1030.68,1.67,0.54,0.92,5,4.94,7,25.93371085942705,183.7334,False,False,True,False,False,False,False,False,False,True,False,True,False
1216,7.82,33.02,10.4,501.35,172.88,12.42,1365.2,2.49,0.73,1.24,3,5.87,8,48.20673076923077,430.4712,True,False,False,False,False,False,False,False,False,True,False,False,True
3849,6.99,19.06,31.37,151.65,137.25,4.54,2783.44,0.9,0.67,1.74,1,6.03,11,4.834236531718203,123.525,False,False,True,False,False,False,True,False,False,False,False,False,True
420,5.38,20.02,24.14,930.88,276.22,12.65,2594.89,1.82,1.23,1.53,4,7.34,2,38.56172328086164,502.72040000000004,False,False,False,False,True,False,True,False,False,False,False,False,True
3609,5.86,41.57,33.3,1085.47,164.48,9.16,2472.79,1.85,0.46,1.34,2,6.71,1,32.596696696696704,304.288,False,False,False,True,False,False,True,False,False,False,False,False,True
6,8.13,45.11,31.06,347.48,122.62,12.78,2507.66,1.17,1.07,0.86,2,4.07,10,11.187379265936897,143.4654,False,False,False,False,True,False,False,True,False,False,True,False,False
932,7.13,41.94,11.88,504.88,243.75,11.13,2637.92,0.64,1.4,1.65,5,7.0,1,42.4983164983165,156.0,False,False,False,False,True,False,False,True,False,False,False,False,True
439,7.6,48.01,18.25,990.62,127.81,14.74,2170.57,1.54,0.74,1.51,2,5.05,3,54.28054794520548,196.8274,False,False,False,True,False,False,True,False,False,False,False,True,False
1313,6.02,16.66,26.17,1178.07,81.78,6.61,1908.24,2.85,0.46,0.79,1,5.31,9,45.01604891096675,233.073,False,False,True,False,False,False,False,False,True,False,True,False,False
678,6.69,13.32,27.89,667.93,114.23,13.84,2223.72,0.52,0.29,1.43,5,5.46,9,23.948727142344925,59.39960000000001,False,False,False,True,False,False,False,True,False,False,True,False,False
3138,7.15,23.49,24.53,893.62,190.1,12.72,1491.0,1.88,0.8,0.68,6,5.34,7,36.42967794537301,357.388,True,False,False,False,False,True,False,False,False,False,False,True,False
1609,8.3,20.77,15.97,815.19,278.83,6.07,2540.55,1.04,1.43,1.36,3,8.26,12,51.045084533500315,289.9832,True,False,False,False,False,False,False,False,True,False,True,False,False
2124,4.94,30.55,23.49,1196.52,246.51,8.83,1785.06,2.16,1.2,0.6,6,7.31,3,50.93742017879949,532.4616,False,False,False,False,True,True,False,False,False,False,False,True,False
4451,6.42,21.79,13.42,917.65,84.89,9.67,1229.69,0.67,0.9,1.81,4,4.94,7,68.37928464977645,56.8763,False,False,False,False,True,True,False,False,False,False,False,True,False
3832,7.69,43.51,24.92,437.44,229.1,0.33,2343.81,1.03,0.36,1.56,4,7.74,1,17.553772070626003,235.973,False,False,False,True,False,False,False,False,False,True,False,False,True
4701,7.71,27.93,29.28,498.15,175.25,1.08,1160.53,2.55,1.06,1.29,6,6.34,1,17.013319672131146,446.8875,False,False,False,True,False,True,False,False,False,False,True,False,False
4151,6.09,48.63,25.28,1088.47,125.46,9.92,2331.45,2.37,0.5,1.12,2,6.7,6,43.0565664556962,297.3402,False,False,False,True,False,False,False,False,False,True,False,True,False
2284,4.88,46.86,12.43,1017.07,60.48,0.45,1829.87,1.11,1.42,0.85,3,5.52,4,81.82381335478681,67.1328,False,False,True,False,False,False,False,True,False,False,False,True,False
2379,7.23,40.51,14.52,511.91,255.06,14.01,1587.55,1.23,1.38,2.0,1,7.14,9,35.25550964187328,313.7238,False,False,False,False,True,False,False,True,False,False,False,True,False
4603,7.85,31.9,19.96,788.21,247.21,8.41,1370.03,2.78,1.49,0.86,2,7.42,12,39.48947895791583,687.2438,False,True,False,False,False,False,True,False,False,False,False,False,True
4081,5.97,24.67,22.13,1037.88,265.28,1.05,1070.27,2.42,0.58,1.33,6,7.86,1,46.89923181201989,641.9775999999999,False,True,False,False,False,False,False,False,False,True,True,False,False
2468,8.24,33.35,17.63,295.83,83.66,11.85,2762.29,1.13,0.25,1.64,6,4.94,9,16.779920589903572,94.53579999999998,True,False,False,False,False,False,False,False,True,False,True,False,False
194,7.81,48.69,14.43,1122.67,230.95,12.09,1688.49,1.83,1.39,1.63,2,7.31,8,77.80110880110881,422.6385,True,False,False,False,False,False,False,False,False,True,True,False,False
1474,8.38,32.21,28.64,852.11,243.39,6.39,1848.18,1.78,1.01,1.44,3,6.55,5,29.75244413407821,433.2342,False,False,False,False,True,True,False,False,False,False,False,False,True
3876,7.71,15.75,10.43,525.95,130.64,9.85,2891.24,0.69,0.68,1.57,4,5.05,3,50.42665388302973,90.14159999999998,False,False,False,False,True,True,False,False,False,False,False,True,False
1211,6.1,47.3,34.04,238.58,118.23,10.88,1500.15,2.04,0.53,1.39,6,5.32,11,7.008813160987074,241.1892,False,True,False,False,False,False,True,False,False,False,False,False,True
2312,6.85,49.92,18.49,904.7,108.4,13.2,2376.63,2.71,1.36,1.95,4,4.43,5,48.92915089237426,293.764,False,False,True,False,False,True,False,False,False,False,False,False,True
3752,8.36,20.45,21.8,169.33,159.12,14.06,1731.28,1.3,0.69,1.0,2,5.88,4,7.767431192660551,206.85600000000002,False,False,True,False,False,False,False,True,False,False,False,False,True
4422,4.69,32.63,28.29,533.97,202.54,9.45,1848.1,1.81,0.83,1.97,4,5.68,10,18.87486744432662,366.5974,True,False,False,False,False,False,False,False,False,True,False,False,True
2528,6.53,29.07,15.66,455.9,79.57,5.39,1449.43,1.64,0.45,1.14,5,5.26,10,29.112388250319285,130.49479999999997,False,True,False,False,False,False,False,False,False,True,True,False,False
2078,4.53,42.36,17.31,808.5,106.63,3.22,2787.94,2.12,1.35,1.01,3,5.44,4,46.70710571923744,226.0556,False,True,False,False,False,False,False,False,False,True,True,False,False
4050,5.37,10.33,23.45,952.66,55.29,14.61,2754.43,2.04,1.02,1.97,5,5.11,8,40.62515991471216,112.7916,False,False,False,True,False,False,False,True,False,False,True,False,False
1130,5.69,43.09,23.31,467.6,174.79,6.89,1474.14,1.68,0.54,1.6,4,7.16,6,20.060060060060064,293.6472,True,False,False,False,False,False,False,False,False,True,False,True,False
1461,5.34,12.47,26.69,785.71,72.53,3.48,2599.22,2.14,0.65,1.03,1,3.6,12,29.438366429374298,155.2142,False,False,False,True,False,False,False,False,True,False,True,False,False
276,8.18,11.68,20.87,546.16,148.16,8.18,2676.69,0.66,1.4,0.97,5,6.27,8,26.16962146621945,97.7856,True,False,False,False,False,False,False,False,False,True,True,False,False
4651,5.37,32.21,14.28,774.19,55.89,2.88,1291.42,2.89,0.74,1.73,6,4.89,7,54.214985994397765,161.5221,True,False,False,False,False,True,False,False,False,False,True,False,False
4044,4.61,29.37,24.35,363.0,54.03,12.28,1288.76,2.8,0.47,1.74,4,4.77,11,14.90759753593429,151.284,True,False,False,False,False,False,False,False,True,False,False,True,False
3938,7.37,49.94,30.85,803.83,230.37,12.23,2638.24,0.73,1.03,1.27,5,7.25,8,26.056077795786063,168.1701,False,False,True,False,False,True,False,False,False,False,False,False,True
1302,7.76,11.25,22.82,755.0,231.07,7.39,2412.82,1.17,0.39,1.94,4,7.43,11,33.08501314636284,270.3519,False,False,False,True,False,False,False,False,True,False,False,False,True
2804,6.49,44.36,32.93,860.79,78.25,1.12,1056.41,2.09,0.2,0.94,5,6.26,10,26.13999392651078,163.5425,False,False,True,False,False,False,True,False,False,False,False,True,False
222,8.37,14.6,14.24,1165.63,98.7,11.79,1699.07,2.35,1.03,1.12,4,5.27,9,81.8560393258427,231.94500000000002,True,False,False,False,False,False,False,False,True,False,False,True,False
4479,5.05,17.35,26.95,228.49,127.2,6.65,1763.06,0.81,0.71,1.19,6,5.04,7,8.478293135435994,103.03200000000001,True,False,False,False,False,False,False,False,False,True,False,True,False
1694,7.33,45.9,11.55,150.08,155.65,14.82,1682.68,2.08,0.73,0.93,2,6.13,11,12.993939393939394,323.752,False,False,False,True,False,False,True,False,False,False,False,True,False
573,7.67,42.05,29.57,789.0,186.07,0.87,1012.64,1.58,0.81,0.58,2,6.91,11,26.682448427460262,293.99060000000003,True,False,False,False,False,False,False,False,False,True,True,False,False
1236,7.81,19.97,29.35,811.62,160.04,6.44,2163.7,2.11,1.07,1.38,5,6.0,10,27.653151618398635,337.6844,False,False,True,False,False,False,True,False,False,False,False,False,True
4332,8.25,21.34,10.02,172.86,210.32,4.61,2257.74,2.69,0.98,1.82,2,6.11,6,17.251497005988025,565.7608,False,False,True,False,False,False,False,False,True,False,False,False,True
4244,7.78,15.04,20.27,234.65,134.77,9.08,2694.23,0.6,0.4,1.72,2,4.95,4,11.576221016280218,80.86200000000001,True,False,False,False,False,False,False,False,False,True,True,False,False
1334,6.99,48.62,25.64,614.55,82.98,13.86,2418.07,1.2,0.83,1.94,2,5.99,5,23.968408736349453,99.57600000000001,False,False,True,False,False,False,False,False,True,False,False,False,True
2303,7.01,15.1,30.85,871.09,132.7,10.82,2861.41,1.96,1.08,1.88,5,5.4,10,28.236304700162073,260.092,False,False,True,False,False,False,False,False,True,False,False,True,False
418,6.35,38.82,11.83,1020.86,198.77,0.42,2678.42,0.57,1.46,1.75,2,7.36,4,86.29416737109045,113.29889999999999,False,True,False,False,False,False,False,True,False,False,True,False,False
2823,4.93,16.39,34.88,823.65,114.87,13.72,2045.8,1.6,0.98,1.18,3,4.21,8,23.61381880733945,183.79200000000003,False,False,False,False,True,False,False,False,False,True,False,False,True
1104,7.13,46.8,30.89,385.64,170.17,3.45,1754.79,2.79,0.22,1.93,6,5.97,7,12.484299125930722,474.7743,False,False,False,False,True,True,False,False,False,False,False,True,False
257,6.74,48.84,20.84,1015.06,254.05,3.29,2865.4,1.2,1.13,1.08,2,7.16,11,48.70729366602687,304.86,False,False,True,False,False,False,False,False,True,False,True,False,False
295,5.98,29.45,34.69,137.1,108.86,12.32,2753.25,1.2,0.84,0.77,6,5.07,3,3.9521475929662726,130.632,False,False,False,False,True,True,False,False,False,False,False,False,True
4308,8.45,38.27,20.77,845.18,107.29,4.21,2720.73,2.28,0.67,1.74,3,5.07,7,40.69234472797304,244.6212,False,False,True,False,False,False,True,False,False,False,False,False,True
2815,7.35,26.48,22.25,1106.55,153.15,10.5,1176.83,1.33,0.27,0.61,4,6.08,7,49.73258426966292,203.6895,False,False,False,True,False,False,False,False,False,True,False,False,True
2099,6.79,20.36,26.24,422.62,265.0,0.15,1726.85,0.72,1.43,1.58,4,7.64,7,16.10594512195122,190.79999999999998,False,False,False,True,False,False,False,True,False,False,True,False,False
3613,7.53,29.02,17.57,1114.64,143.68,5.78,1176.88,0.81,0.26,1.24,3,7.03,7,63.43995446784292,116.38080000000001,False,False,True,False,False,False,False,True,False,False,False,False,True
4165,8.35,32.2,23.74,1051.5,57.59,14.01,1981.34,1.18,0.23,1.12,1,3.92,12,44.29233361415333,67.9562,False,False,False,True,False,True,False,False,False,False,True,False,False
1904,6.84,17.79,28.47,691.08,264.87,7.09,2566.32,2.53,0.74,1.45,1,7.86,2,24.27397260273973,670.1211,False,False,False,False,True,True,False,False,False,False,True,False,False
1623,5.15,42.29,17.65,653.91,94.41,8.23,2620.7,1.36,1.31,1.02,6,5.72,6,37.04872521246459,128.3976,False,False,False,False,True,False,False,False,False,True,False,False,True
4210,7.44,42.87,13.85,354.25,228.42,0.11,2720.44,2.16,0.29,1.59,2,8.72,2,25.577617328519857,493.3872,True,False,False,False,False,False,False,False,False,True,False,False,True
1563,6.89,34.12,34.27,764.28,93.79,6.6,1347.4,1.63,0.53,1.74,6,6.72,10,22.30172162241027,152.8777,False,True,False,False,False,False,True,False,False,False,False,False,True
4395,6.53,30.28,30.81,510.0,79.77,13.77,2737.01,0.93,0.55,0.72,4,5.3,9,16.55306718597858,74.1861,False,False,True,False,False,False,True,False,False,False,False,False,True
4607,7.89,21.83,12.41,682.85,241.57,11.23,2554.73,1.45,1.09,0.97,2,6.83,7,55.02417405318292,350.2765,False,False,False,False,True,False,False,False,True,False,False,True,False
712,6.19,44.31,31.95,241.43,218.38,7.43,1039.75,1.19,0.67,1.85,5,7.7,4,7.556494522691706,259.87219999999996,True,False,False,False,False,False,False,False,False,True,False,True,False
2447,6.0,14.12,28.97,938.16,146.84,10.63,2660.78,0.61,0.25,1.58,3,5.51,2,32.38384535726614,89.5724,False,True,False,False,False,False,False,False,True,False,False,True,False
2566,5.61,11.76,30.03,182.92,224.98,3.14,1269.09,1.16,0.66,1.72,5,5.47,8,6.091242091242091,260.97679999999997,True,False,False,False,False,False,True,False,False,False,True,False,False
1873,6.97,23.51,14.63,336.95,297.12,14.73,2129.36,0.6,1.16,0.6,2,6.33,8,23.031442241968556,178.272,False,False,False,True,False,False,False,True,False,False,False,True,False
3663,4.77,43.1,32.59,1179.96,169.39,6.38,2250.95,1.67,1.1,0.86,3,6.04,3,36.20619822031298,282.88129999999995,False,True,False,False,False,False,False,True,False,False,False,False,True
1289,6.4,25.12,24.81,210.35,277.82,0.4,1132.21,0.89,0.87,0.52,4,6.73,4,8.478436114469972,247.25979999999998,False,False,False,True,False,False,False,True,False,False,False,False,True
449,5.9,16.23,21.24,716.71,158.08,12.19,1054.14,2.47,0.23,0.89,6,4.95,7,33.743408662900194,390.45760000000007,True,False,False,False,False,False,False,False,True,False,True,False,False
3801,5.59,19.6,11.87,1088.1,278.95,12.15,2759.21,1.62,0.44,1.42,5,8.35,4,91.66807076663858,451.899,False,False,False,False,True,False,False,False,False,True,True,False,False
2405,6.27,16.79,19.04,594.71,75.71,1.92,2046.51,2.25,1.17,1.76,2,5.46,4,31.23476890756303,170.3475,False,False,False,True,False,False,True,False,False,False,False,False,True
958,8.39,22.01,24.26,649.41,203.37,9.21,2158.81,1.86,0.72,1.58,5,8.33,4,26.768755152514423,378.26820000000004,True,False,False,False,False,False,False,True,False,False,False,False,True
4278,5.0,48.0,13.1,403.8,138.92,10.09,1022.41,2.34,0.57,0.8,5,5.66,2,30.824427480916032,325.0728,False,False,True,False,False,False,False,True,False,False,False,False,True
654,7.05,30.21,10.27,470.75,231.89,0.43,2181.56,0.59,0.7,1.55,3,6.75,9,45.83739045764362,136.81509999999997,False,False,True,False,False,False,False,False,True,False,False,True,False
3576,7.56,36.97,24.95,168.94,233.4,1.49,1099.58,1.1,1.28,1.06,2,6.84,5,6.771142284569138,256.74,False,False,False,False,True,True,False,False,False,False,False,False,True
2267,4.94,29.9,24.01,307.61,276.61,12.51,1394.07,0.82,0.75,1.35,2,7.02,5,12.811745106205747,226.8202,False,False,False,False,True,False,True,False,False,False,False,False,True
2339,7.05,31.98,26.36,903.94,215.43,1.44,1924.19,1.39,0.23,0.88,4,7.75,9,34.292109256449166,299.4477,False,False,True,False,False,False,False,False,False,True,True,False,False
4643,8.1,23.87,15.85,543.69,281.73,11.19,2795.72,1.46,1.17,0.55,2,6.77,6,34.302208201892746,411.3258,False,False,True,False,False,True,False,False,False,False,False,True,False
1815,8.39,21.77,13.97,171.37,262.37,5.86,2575.87,1.93,0.46,0.87,5,6.23,9,12.267000715819613,506.3741,False,False,False,False,True,True,False,False,False,False,False,True,False
411,5.48,21.84,19.19,672.35,235.65,7.5,1003.69,0.74,0.94,1.57,5,8.17,10,35.03647733194372,174.381,True,False,False,False,False,True,False,False,False,False,False,True,False
4597,5.12,42.35,33.4,385.3,252.56,0.99,1150.28,0.93,1.32,0.75,1,7.32,12,11.535928143712576,234.88080000000002,False,False,False,False,True,False,False,False,False,True,False,True,False
2231,6.65,48.06,26.48,275.92,79.11,12.47,2361.58,2.22,0.91,1.11,5,4.17,11,10.419939577039276,175.6242,False,False,False,False,True,False,False,True,False,False,False,True,False
4707,5.63,45.59,32.52,813.71,223.67,1.91,2306.1,0.6,0.41,0.5,4,7.57,11,25.021832718327182,134.202,False,False,False,False,True,False,False,False,False,True,False,False,True
4149,4.99,10.62,18.12,256.36,156.87,14.75,1137.78,2.77,0.96,1.65,4,4.22,6,14.147902869757175,434.5299,True,False,False,False,False,False,False,True,False,False,False,True,False
3521,6.46,12.52,26.83,283.08,198.19,2.9,1980.85,2.84,0.26,1.11,4,6.87,1,10.550875885203132,562.8596,False,False,False,False,True,True,False,False,False,False,False,False,True
2876,7.17,40.12,11.12,725.43,95.11,7.17,2961.31,1.89,0.25,0.74,6,5.97,6,65.23651079136691,179.75789999999998,True,False,False,False,False,False,False,False,False,True,True,False,False
3519,7.71,21.6,26.56,865.41,211.97,12.26,2190.15,1.52,1.07,0.69,1,7.62,1,32.5832078313253,322.19440000000003,True,False,False,False,False,False,False,False,True,False,True,False,False
3326,6.57,30.16,33.92,947.04,103.91,11.12,2934.54,1.57,1.11,0.89,2,5.17,12,27.919811320754715,163.1387,False,False,False,True,False,False,True,False,False,False,False,False,True
430,8.31,28.85,31.26,1055.24,209.79,4.65,1069.0,1.02,0.51,1.85,6,6.8,11,33.75687779910429,213.98579999999998,False,False,False,True,False,False,True,False,False,False,False,False,True
2728,4.67,33.96,21.48,615.51,265.47,4.11,1211.88,0.83,0.3,1.84,3,8.18,6,28.65502793296089,220.3401,False,False,False,False,True,False,False,False,False,True,False,True,False
1366,6.47,18.92,33.86,1013.22,166.33,5.98,2610.99,2.31,1.01,1.08,4,6.71,7,29.9238038984052,384.2223,False,False,False,False,True,False,False,False,False,True,True,False,False
4198,6.83,29.46,19.1,1183.92,294.08,0.14,1341.19,0.99,0.98,0.62,2,8.3,8,61.985340314136124,291.13919999999996,False,False,True,False,False,False,False,False,True,False,False,False,True
2661,6.28,30.53,31.29,347.08,287.31,2.44,1192.97,1.45,1.27,1.45,1,7.72,9,11.092361776925536,416.5995,False,False,True,False,False,False,True,False,False,False,True,False,False
1176,6.57,17.63,24.86,325.38,201.63,6.98,1853.39,1.81,0.95,0.96,3,7.15,8,13.08849557522124,364.9503,False,True,False,False,False,True,False,False,False,False,False,True,False
3107,5.06,10.06,26.42,949.0,230.73,7.61,1510.59,0.97,0.85,1.71,4,7.64,3,35.919757759273274,223.8081,False,False,True,False,False,False,False,False,True,False,True,False,False
1476,5.86,18.6,10.49,414.73,263.18,11.73,2981.68,2.41,0.59,1.49,2,6.4,2,39.53574833174452,634.2638000000001,False,True,False,False,False,True,False,False,False,False,False,True,False
2939,6.41,14.5,25.18,457.49,199.24,9.81,1237.06,1.73,0.72,1.78,5,7.04,8,18.16878474980143,344.6852,False,False,False,True,False,False,True,False,False,False,False,False,True
3329,8.25,42.93,10.98,888.03,167.7,7.92,1286.4,1.81,0.67,0.56,3,6.68,7,80.87704918032786,303.537,False,True,False,False,False,False,False,False,True,False,False,True,False
102,6.1,13.36,27.98,938.93,91.62,10.65,2126.59,2.74,1.06,1.41,5,5.07,5,33.55718370264474,251.03880000000004,False,False,False,True,False,False,True,False,False,False,False,False,True
4379,7.28,19.63,22.96,116.62,103.74,14.58,1595.39,2.11,0.35,1.93,1,5.68,3,5.079268292682927,218.89139999999998,False,False,False,True,False,True,False,False,False,False,False,True,False
2792,4.6,38.25,25.47,334.26,102.08,9.81,2942.73,2.05,0.75,1.67,5,5.63,1,13.123674911660778,209.26399999999998,True,False,False,False,False,False,False,False,False,True,False,True,False
1263,7.42,14.52,29.49,512.56,256.28,13.34,1315.63,1.07,0.83,1.72,3,6.99,1,17.380807053238385,274.2196,False,True,False,False,False,False,False,False,False,True,False,True,False
2689,7.37,41.51,20.2,962.69,74.76,10.68,1133.71,0.61,0.59,0.93,4,3.32,12,47.65792079207921,45.6036,False,True,False,False,False,True,False,False,False,False,True,False,False
2985,7.5,47.3,18.63,696.07,251.69,4.0,1827.69,2.86,1.06,0.79,4,8.2,5,37.362855609232426,719.8334,False,False,False,True,False,False,True,False,False,False,False,True,False
3366,7.82,47.2,14.18,647.79,86.09,6.17,2139.54,2.3,1.21,1.13,2,6.67,8,45.68335684062059,198.007,False,True,False,False,False,False,False,True,False,False,False,False,True
2857,6.12,47.09,29.91,911.22,124.04,13.19,2539.57,1.63,0.78,1.49,1,4.71,3,30.4653961885657,202.1852,False,False,False,True,False,False,False,False,False,True,False,False,True
2561,7.73,32.6,16.52,905.44,286.72,13.86,1603.97,0.71,1.49,1.73,3,6.69,7,54.808716707021794,203.5712,False,False,True,False,False,False,True,False,False,False,False,False,True
3075,5.93,46.84,17.22,351.38,76.0,0.31,2600.48,2.34,0.98,1.99,3,5.35,12,20.40534262485482,177.83999999999997,False,False,True,False,False,False,True,False,False,False,False,False,True
2957,5.11,34.93,21.24,245.8,275.93,2.13,1869.17,1.83,0.68,0.79,2,7.58,1,11.572504708097929,504.9519,False,True,False,False,False,False,False,True,False,False,False,False,True
2772,7.45,20.09,26.22,786.19,174.25,3.28,2560.68,2.69,0.84,1.78,5,7.8,10,29.98436308161709,468.7325,False,False,True,False,False,True,False,False,False,False,False,True,False
1643,5.44,15.16,19.3,1171.38,194.47,1.78,2156.31,0.59,0.65,1.23,5,7.02,12,60.693264248704665,114.73729999999999,False,True,False,False,False,True,False,False,False,False,False,True,False
4018,6.85,46.2,18.63,386.92,210.45,11.16,1579.89,1.58,0.51,1.25,2,6.29,9,20.7686527106817,332.511,False,False,False,False,True,True,False,False,False,False,False,False,True
2174,4.66,49.57,10.9,605.98,172.0,2.41,2058.21,1.15,0.85,0.51,2,7.86,7,55.59449541284404,197.79999999999998,False,False,False,True,False,False,False,False,True,False,False,False,True
1580,5.09,38.71,27.01,179.96,140.62,12.35,2304.54,0.71,0.9,0.91,2,4.62,3,6.662717512032581,99.8402,False,True,False,False,False,False,True,False,False,False,True,False,False
4248,7.15,34.96,32.69,558.64,169.34,1.46,2816.06,2.97,0.42,0.98,1,6.61,6,17.089018048332825,502.93980000000005,False,False,True,False,False,True,False,False,False,False,False,True,False
3837,5.56,37.7,33.97,712.27,175.99,7.64,1194.91,2.88,1.08,1.04,1,6.73,12,20.967618486900207,506.8512,False,True,False,False,False,False,True,False,False,False,False,False,True
1356,5.51,20.28,10.51,1045.29,190.51,11.68,1848.22,2.55,0.77,0.92,2,6.27,4,99.45670789724072,485.80049999999994,False,True,False,False,False,False,False,False,False,True,True,False,False
3158,8.05,40.67,24.84,511.52,266.59,11.93,2760.27,2.4,1.42,1.87,6,6.94,2,20.59259259259259,639.8159999999999,False,True,False,False,False,True,False,False,False,False,False,False,True
2093,7.23,14.65,14.71,392.7,298.29,2.94,1148.82,1.44,0.47,0.77,1,8.05,6,26.696125084976206,429.5376,False,False,True,False,False,False,False,False,False,True,True,False,False
1779,6.01,27.99,28.66,1016.16,268.15,4.42,2566.0,1.36,1.23,1.38,2,6.93,12,35.45568736915562,364.68399999999997,False,False,True,False,False,True,False,False,False,False,False,True,False
396,6.29,22.67,11.74,986.54,263.63,5.86,1870.18,2.31,0.23,1.2,1,7.49,4,84.03236797274276,608.9853,False,False,True,False,False,False,False,True,False,False,True,False,False
3434,7.27,14.52,12.84,112.36,168.23,12.32,2915.19,2.46,1.22,1.95,1,6.6,2,8.750778816199377,413.8458,False,True,False,False,False,False,False,False,True,False,True,False,False
1064,4.9,30.61,24.06,942.17,182.96,0.43,2748.8,1.25,0.96,1.84,6,7.3,10,39.15918536990856,228.70000000000002,False,False,False,True,False,False,True,False,False,False,False,False,True
2213,7.43,26.86,32.44,593.82,256.88,4.0,1785.02,0.65,0.68,0.67,3,8.25,1,18.305178791615294,166.972,False,False,False,False,True,True,False,False,False,False,False,True,False
3804,6.63,48.83,23.79,678.83,136.38,6.35,1109.69,1.71,1.34,0.6,4,5.6,6,28.534258091635145,233.2098,False,True,False,False,False,True,False,False,False,False,False,False,True
818,7.26,29.71,10.03,1012.07,201.5,11.22,2260.99,0.88,0.34,1.84,2,6.49,6,100.90428713858425,177.32,False,False,True,False,False,False,True,False,False,False,False,True,False
4203,7.58,45.12,18.18,924.45,129.94,13.92,2349.36,1.12,0.79,0.87,2,5.58,3,50.849834983498354,145.5328,False,False,False,False,True,False,True,False,False,False,False,True,False
1552,7.37,14.92,34.27,996.17,205.18,5.2,1947.01,2.7,0.56,1.21,2,5.97,8,29.06828129559381,553.9860000000001,False,False,False,True,False,False,False,False,True,False,False,False,True
2910,7.3,15.45,26.14,861.82,197.98,10.63,2620.03,1.62,0.64,1.7,6,6.9,10,32.969395562356546,320.7276,True,False,False,False,False,False,False,False,False,True,False,True,False
816,8.41,43.65,23.94,296.12,289.38,2.97,2042.38,2.86,1.02,1.16,6,8.43,9,12.369256474519633,827.6268,False,False,False,False,True,False,False,True,False,False,False,True,False
1572,8.1,49.4,10.89,910.68,75.12,4.44,1953.91,0.9,0.33,0.72,4,5.07,12,83.62534435261708,67.608,True,False,False,False,False,False,True,False,False,False,True,False,False
4145,5.08,33.75,10.24,187.82,164.28,1.19,1682.7,2.67,0.93,1.61,2,7.35,7,18.341796875,438.6276,False,False,True,False,False,True,False,False,False,False,True,False,False
4119,5.81,42.52,10.82,793.46,99.51,7.37,1075.38,2.16,0.86,0.64,6,6.29,6,73.33271719038817,214.94160000000002,True,False,False,False,False,False,False,False,True,False,False,False,True
381,7.67,13.19,34.09,329.17,70.14,2.9,2776.93,2.27,1.21,1.2,3,4.88,6,9.655910824288647,159.2178,False,False,False,False,True,False,False,False,False,True,False,False,True
3549,7.19,49.88,22.19,383.61,299.88,5.03,2984.82,0.87,0.25,1.5,1,7.27,11,17.28751689950428,260.8956,False,False,False,False,True,False,True,False,False,False,False,True,False
3174,5.59,29.01,27.94,937.07,255.14,7.29,1972.44,1.77,1.21,1.58,4,7.05,12,33.5386542591267,451.5978,False,True,False,False,False,False,True,False,False,False,False,True,False
3264,5.09,23.15,27.56,163.06,177.63,8.96,1272.16,0.75,1.34,0.88,1,6.78,8,5.916545718432511,133.2225,False,False,False,True,False,False,False,True,False,False,False,False,True
4211,8.37,47.95,18.15,987.54,119.58,14.05,1075.26,2.77,0.91,0.81,5,5.88,7,54.4099173553719,331.2366,True,False,False,False,False,False,False,True,False,False,False,True,False
3720,4.91,35.81,32.01,1119.67,210.41,6.88,2424.65,2.56,0.38,1.72,3,6.92,8,34.97875663855046,538.6496,False,False,False,True,False,True,False,False,False,False,False,False,True
2186,4.76,25.32,15.8,816.75,111.27,12.49,2018.9,2.1,0.95,0.94,4,5.06,8,51.69303797468354,233.667,False,True,False,False,False,False,False,False,True,False,True,False,False
864,6.44,24.01,25.26,768.61,299.9,6.25,1953.65,2.85,0.62,1.97,2,7.32,2,30.427949326999208,854.7149999999999,True,False,False,False,False,True,False,False,False,False,True,False,False
2817,6.97,42.5,22.09,773.93,106.89,2.29,2532.49,1.37,1.33,1.56,2,6.43,8,35.03531009506564,146.4393,True,False,False,False,False,False,False,True,False,False,False,True,False
4497,4.63,15.16,22.92,938.66,190.28,1.71,2302.88,1.63,0.69,1.68,6,6.78,8,40.95375218150087,310.15639999999996,False,False,False,False,True,False,False,False,True,False,False,False,True
554,6.59,45.25,32.28,825.43,231.88,14.76,2890.6,1.98,0.86,1.84,3,6.38,3,25.570941759603468,459.12239999999997,False,False,True,False,False,False,False,True,False,False,True,False,False
1159,8.38,38.37,14.84,1183.61,237.44,10.1,1630.19,2.05,0.42,1.52,1,6.79,6,79.75808625336927,486.75199999999995,False,False,False,False,True,False,False,False,True,False,False,False,True
1213,4.59,40.16,32.07,906.08,202.45,3.32,2220.62,2.79,0.62,1.5,3,7.19,2,28.25319613345806,564.8355,False,True,False,False,False,True,False,False,False,False,False,False,True
1784,7.79,29.3,22.81,1115.56,121.86,5.66,2473.24,2.27,0.83,1.96,5,6.16,7,48.906619903551075,276.6222,False,False,True,False,False,True,False,False,False,False,False,False,True
4101,4.7,47.8,22.35,1164.27,186.16,6.7,1092.02,2.96,0.96,1.53,3,5.93,3,52.092617449664424,551.0336,False,False,False,True,False,False,False,False,False,True,True,False,False
48,6.07,39.16,18.38,876.13,217.38,8.62,2106.28,2.36,0.4,1.01,3,6.8,2,47.66757344940152,513.0168,False,False,False,False,True,False,False,False,True,False,False,False,True
4056,6.1,46.21,26.29,1006.3,65.86,8.67,2009.89,2.79,0.35,1.56,2,4.96,1,38.27691137314568,183.7494,False,False,True,False,False,False,True,False,False,False,True,False,False
2819,6.32,34.9,15.49,1070.08,114.24,12.75,2080.57,2.27,1.24,0.56,4,5.95,6,69.08198837959974,259.3248,True,False,False,False,False,False,False,False,False,True,True,False,False
652,8.02,28.47,13.11,317.36,116.14,0.24,1045.8,2.58,1.42,1.55,5,5.71,2,24.20747520976354,299.6412,False,False,False,False,True,False,True,False,False,False,True,False,False
748,8.12,25.46,24.54,817.48,295.8,8.87,2841.48,1.28,0.68,1.51,3,7.67,9,33.312143439282806,378.624,False,False,False,True,False,False,True,False,False,False,True,False,False
1455,8.25,31.74,21.49,564.79,102.46,7.57,1297.57,1.22,1.33,0.87,6,5.85,10,26.281526291298277,125.00119999999998,False,False,False,False,True,True,False,False,False,False,True,False,False
3975,7.87,17.48,20.1,1151.03,280.73,8.71,1836.38,1.68,1.13,1.67,6,8.59,4,57.26517412935323,471.6264,False,False,False,False,True,False,False,False,False,True,False,False,True
3710,8.18,29.83,17.14,400.65,148.32,13.9,1981.55,1.12,0.67,0.74,6,6.06,1,23.375145857642938,166.1184,True,False,False,False,False,False,False,True,False,False,True,False,False
4075,7.68,49.34,26.53,658.5,155.97,13.51,1421.77,1.98,1.42,1.47,6,6.12,11,24.820957406709386,308.8206,False,False,True,False,False,False,False,False,True,False,True,False,False
866,6.38,13.23,30.31,855.51,229.34,14.8,2394.05,0.92,0.53,1.11,4,5.4,6,28.22533817222039,210.99280000000002,False,False,False,False,True,False,False,False,True,False,True,False,False
752,7.81,20.09,13.92,1072.39,184.55,11.7,2349.65,1.97,0.22,1.23,1,6.75,10,77.03951149425288,363.56350000000003,False,True,False,False,False,False,False,True,False,False,False,True,False
1644,4.99,43.29,27.47,273.4,200.04,4.19,2089.95,2.43,0.32,1.09,4,6.03,10,9.952675646159447,486.0972,False,False,False,False,True,False,False,False,False,True,True,False,False
92,5.9,15.56,11.9,979.65,284.52,9.49,2827.91,1.4,0.78,1.13,5,5.87,11,82.3235294117647,398.328,False,False,False,False,True,False,False,False,False,True,False,True,False
2640,4.62,31.34,18.91,632.69,283.79,4.46,1542.88,2.37,1.41,1.42,5,7.78,9,33.45795875198308,672.5823,True,False,False,False,False,False,False,True,False,False,False,False,True
4032,5.83,10.95,18.9,328.28,280.22,14.04,2841.53,1.82,1.05,0.6,6,7.48,12,17.36931216931217,510.00040000000007,False,True,False,False,False,False,False,True,False,False,True,False,False
2395,5.08,35.81,18.72,584.31,229.04,7.4,2949.96,1.89,1.5,0.89,5,6.66,5,31.213141025641026,432.88559999999995,False,False,False,False,True,False,False,False,True,False,False,True,False
2457,8.2,14.65,23.75,141.78,161.47,2.62,2048.25,2.03,1.37,0.65,2,5.83,5,5.9696842105263155,327.78409999999997,False,False,False,False,True,False,False,False,True,False,False,True,False
1490,6.74,43.67,16.9,451.82,198.05,4.53,1927.78,2.76,1.15,1.99,3,7.18,8,26.734911242603552,546.6179999999999,False,False,True,False,False,False,True,False,False,False,True,False,False
2702,5.09,26.63,27.25,237.34,50.82,13.14,2613.57,1.52,0.53,1.52,4,4.71,10,8.709724770642202,77.24640000000001,False,True,False,False,False,False,True,False,False,False,True,False,False
3598,6.45,44.25,20.48,781.0,52.1,13.9,2123.42,2.12,0.97,1.76,4,4.92,11,38.134765625,110.45200000000001,False,False,False,True,False,False,False,False,True,False,False,False,True
729,6.43,18.79,17.12,459.9,290.99,9.94,1294.99,0.67,1.32,0.75,4,7.04,9,26.863317757009344,194.9633,False,False,True,False,False,False,False,True,False,False,False,True,False
2540,8.3,39.53,33.61,1038.09,209.37,7.21,1615.12,1.21,0.54,1.29,2,6.61,1,30.886343350193393,253.33769999999998,False,False,False,False,True,False,True,False,False,False,False,False,True
3978,8.43,24.83,11.99,1113.78,257.29,14.46,1889.43,1.1,1.03,1.98,5,7.24,12,92.89241034195162,283.01900000000006,False,False,False,True,False,True,False,False,False,False,False,True,False
2101,6.58,27.53,26.13,683.84,160.47,4.9,1997.75,0.6,0.25,0.53,4,5.65,4,26.17068503635668,96.282,False,False,False,True,False,True,False,False,False,False,False,True,False
2330,5.58,29.04,33.26,1061.35,184.59,0.24,2988.3,1.8,1.4,1.14,1,6.96,3,31.91070354780517,332.262,False,False,True,False,False,False,True,False,False,False,False,True,False
3678,7.38,43.7,20.65,124.22,107.04,3.49,2473.43,1.91,1.24,1.81,1,5.17,1,6.015496368038741,204.4464,False,False,False,True,False,True,False,False,False,False,False,True,False
3252,6.81,10.76,29.95,1149.61,233.68,13.42,1418.17,2.23,0.9,0.63,1,5.8,12,38.38430717863105,521.1064,False,False,False,True,False,False,False,False,True,False,False,True,False
1110,8.32,17.54,11.97,957.91,141.1,13.97,1317.72,1.49,0.39,1.72,5,5.74,6,80.02589807852965,210.239,False,False,False,True,False,False,False,False,False,True,False,True,False
3112,8.45,27.67,25.08,1137.72,294.77,1.35,2409.55,2.71,0.86,0.56,4,8.87,3,45.36363636363637,798.8267,False,False,False,True,False,False,False,False,False,True,False,False,True
4296,8.32,49.43,11.0,146.22,293.39,9.78,2917.23,1.21,0.74,1.78,4,6.03,11,13.292727272727273,355.0019,False,True,False,False,False,False,False,False,True,False,False,True,False
3982,4.6,45.8,23.01,865.33,287.2,6.82,2919.93,1.83,0.93,0.76,5,7.99,5,37.606692742285965,525.576,False,False,False,False,True,False,False,True,False,False,False,True,False
346,6.41,48.17,14.23,1186.86,109.66,14.84,2699.07,2.67,1.14,0.63,1,5.73,5,83.40548137737174,292.7922,True,False,False,False,False,False,False,False,True,False,True,False,False
1992,5.23,25.36,19.69,502.46,275.01,3.99,1866.46,2.64,0.27,0.55,1,7.56,5,25.51853732859319,726.0264,False,False,False,False,True,False,True,False,False,False,False,True,False
3721,5.26,41.65,10.1,841.91,204.78,8.32,2684.48,2.12,1.4,0.58,4,7.25,5,83.35742574257425,434.1336,False,False,False,True,False,True,False,False,False,False,False,False,True
1515,6.43,31.15,17.27,813.55,114.68,3.45,2148.55,1.65,1.39,1.31,5,6.88,2,47.10770121598147,189.222,False,False,False,True,False,False,False,True,False,False,False,True,False
4487,7.64,49.28,10.46,687.07,211.76,12.8,2655.06,2.43,1.49,1.65,2,7.03,8,65.68546845124283,514.5768,False,False,False,True,False,False,False,False,False,True,False,False,True
578,4.76,35.36,15.44,571.82,208.6,8.06,1336.55,1.78,0.95,0.57,4,6.85,7,37.03497409326425,371.308,False,True,False,False,False,False,False,True,False,False,False,False,True
75,4.97,23.18,23.49,221.97,259.16,13.76,1628.27,2.81,1.01,0.69,6,6.74,9,9.44955300127714,728.2396000000001,False,True,False,False,False,False,False,False,False,True,False,False,True
1429,7.4,43.25,26.54,106.91,136.44,14.13,2981.44,2.44,0.71,1.04,4,4.0,5,4.028259231348907,332.9136,False,False,True,False,False,False,False,False,False,True,False,False,True
4367,4.85,49.08,17.81,434.68,68.94,9.55,2727.78,1.3,0.33,0.8,3,5.14,10,24.406513194834364,89.622,False,False,False,True,False,False,False,True,False,False,True,False,False
4256,8.34,29.83,28.5,652.27,128.8,7.72,2807.61,2.01,0.59,0.8,2,6.28,10,22.886666666666667,258.888,False,False,True,False,False,False,False,True,False,False,False,True,False
2572,7.78,42.84,23.07,598.23,277.2,11.72,1921.04,0.97,0.54,1.35,5,6.92,11,25.93107932379714,268.88399999999996,False,True,False,False,False,False,True,False,False,False,True,False,False
4753,7.74,22.44,33.67,1072.66,183.52,8.6,1620.05,1.65,0.96,1.19,5,6.52,7,31.85803385803386,302.808,False,True,False,False,False,False,False,False,True,False,False,False,True
3966,5.0,22.22,15.66,238.56,52.73,12.68,2888.9,2.83,1.13,1.4,1,3.82,1,15.233716475095786,149.2259,True,False,False,False,False,False,True,False,False,False,False,True,False
178,7.0,25.08,24.59,244.55,97.96,13.34,2359.28,2.28,0.83,1.23,2,4.0,5,9.945099633997561,223.34879999999995,True,False,False,False,False,True,False,False,False,False,False,True,False
2705,6.61,32.82,14.63,205.39,102.78,8.47,2706.37,2.79,1.05,0.96,3,3.93,8,14.038961038961038,286.7562,False,False,True,False,False,False,False,False,True,False,False,True,False
4291,5.29,48.24,11.45,297.5,295.34,6.61,1025.58,1.94,1.41,1.67,4,7.88,4,25.982532751091703,572.9595999999999,False,False,False,True,False,False,False,False,True,False,False,False,True
4401,6.33,37.53,16.46,1034.68,97.98,14.91,1813.33,1.54,0.98,0.59,4,5.32,3,62.86026731470231,150.88920000000002,False,False,False,False,True,True,False,False,False,False,False,False,True
3184,7.38,49.57,29.06,985.0,219.22,13.24,1536.79,2.05,0.35,1.64,5,6.96,1,33.89538885065382,449.40099999999995,False,False,False,True,False,False,False,False,False,True,False,True,False
4655,5.82,27.76,30.67,920.56,237.44,3.84,2660.43,1.41,1.32,1.3,5,7.38,7,30.014998369742415,334.7904,False,False,True,False,False,False,False,False,False,True,True,False,False
2226,5.47,33.69,18.87,1002.16,67.01,3.33,1035.22,2.13,0.78,1.35,4,5.22,6,53.108638049814516,142.7313,True,False,False,False,False,False,False,False,True,False,False,True,False
604,5.58,20.25,28.67,543.38,181.9,2.05,1919.82,2.84,1.36,1.5,4,7.19,5,18.952912452040458,516.596,False,True,False,False,False,False,False,False,False,True,False,True,False
1808,6.18,39.16,31.17,413.04,144.25,13.11,1741.72,1.21,1.46,1.12,6,5.96,10,13.251203079884505,174.5425,True,False,False,False,False,False,True,False,False,False,False,False,True
25,5.88,33.89,24.11,578.8,61.59,11.05,1730.9,2.26,0.28,0.98,4,4.23,10,24.006636250518454,139.1934,False,False,False,False,True,False,False,True,False,False,False,True,False
658,6.55,43.33,19.32,620.21,256.3,14.91,1506.64,1.7,0.73,0.55,1,7.16,12,32.101966873706004,435.71,False,False,True,False,False,True,False,False,False,False,False,True,False
4797,6.83,38.11,24.21,575.76,184.38,13.94,2009.72,0.98,0.86,0.59,2,5.83,8,23.7819083023544,180.6924,True,False,False,False,False,False,False,True,False,False,False,False,True
4778,7.72,15.34,12.28,365.43,123.34,13.63,1212.43,2.3,0.67,1.95,3,4.31,6,29.758143322475572,283.68199999999996,False,True,False,False,False,False,False,False,True,False,False,True,False
173,6.6,25.75,17.6,340.97,179.87,7.86,2205.63,2.89,1.19,1.48,5,5.98,5,19.373295454545456,519.8243,False,False,True,False,False,False,True,False,False,False,False,False,True
1611,8.22,49.96,30.82,366.02,58.87,13.43,2688.98,2.47,1.5,1.47,1,4.72,2,11.876054510058403,145.40890000000002,False,True,False,False,False,False,False,False,False,True,False,True,False
437,8.4,24.09,20.42,857.19,171.6,11.8,2118.81,1.64,1.04,1.92,6,6.59,1,41.977962781586676,281.424,True,False,False,False,False,False,False,False,False,True,False,True,False
331,6.83,10.74,11.14,485.93,110.09,11.93,1851.71,2.29,0.73,1.83,1,5.66,8,43.62028725314183,252.1061,False,True,False,False,False,False,False,False,True,False,False,False,True
3883,5.21,30.76,11.26,438.4,129.98,1.89,1154.59,1.19,0.74,1.44,5,5.83,5,38.93428063943161,154.6762,True,False,False,False,False,True,False,False,False,False,False,False,True
1454,7.45,28.25,27.92,1056.48,231.27,12.66,2848.69,2.89,0.25,0.63,1,8.17,10,37.83954154727793,668.3703,False,False,True,False,False,False,False,True,False,False,False,True,False
342,7.54,22.14,13.44,908.88,107.17,0.41,2689.53,1.82,0.56,0.57,6,5.81,11,67.625,195.04940000000002,False,False,False,False,True,False,True,False,False,False,False,True,False
3426,4.77,31.29,29.45,1013.08,138.16,1.38,1294.41,1.96,1.32,1.72,2,6.44,3,34.400000000000006,270.79359999999997,False,True,False,False,False,False,False,False,False,True,True,False,False
2384,7.3,32.49,33.87,110.7,74.06,13.36,2498.88,1.28,1.36,1.06,1,4.08,5,3.268379096545616,94.7968,False,False,False,True,False,True,False,False,False,False,True,False,False
1088,8.46,39.16,34.17,723.48,66.89,1.6,1492.04,0.74,0.54,1.92,6,5.4,4,21.172958735733097,49.4986,False,False,True,False,False,False,False,False,True,False,True,False,False
479,8.01,30.25,31.25,1195.77,128.03,4.79,1997.29,0.81,0.46,1.59,4,5.42,3,38.26464,103.7043,False,False,False,False,True,False,False,False,False,True,True,False,False
727,8.28,37.73,24.72,567.99,95.5,3.86,1083.89,2.3,1.28,0.81,5,5.94,1,22.976941747572816,219.64999999999998,False,False,False,False,True,False,True,False,False,False,True,False,False
3515,4.97,29.92,14.25,137.2,92.51,4.29,2240.08,2.02,1.48,1.35,1,4.5,8,9.628070175438596,186.8702,True,False,False,False,False,False,False,True,False,False,True,False,False
976,8.44,16.57,21.45,142.14,95.54,2.83,1379.19,2.89,1.11,0.72,3,6.17,9,6.626573426573426,276.11060000000003,False,False,False,True,False,False,True,False,False,False,False,True,False
1780,8.36,49.68,19.8,549.58,238.5,4.74,1194.2,0.71,0.51,1.44,3,7.36,6,27.75656565656566,169.33499999999998,False,False,False,False,True,False,False,False,False,True,False,False,True
2776,6.7,29.28,10.56,755.45,271.04,9.17,1717.67,2.01,0.39,1.69,6,6.41,12,71.53882575757576,544.7904,False,True,False,False,False,False,True,False,False,False,False,False,True
1468,5.2,34.88,31.06,857.46,216.08,8.4,1189.85,2.19,0.35,1.06,1,6.19,8,27.606567933032842,473.21520000000004,False,False,False,False,True,False,False,True,False,False,False,True,False
1224,7.0,25.28,12.86,698.11,134.69,12.71,1642.15,0.96,0.38,1.92,3,5.81,4,54.28538102643857,129.3024,False,True,False,False,False,False,False,False,True,False,False,False,True
4635,5.4,23.86,23.1,1084.15,132.36,5.86,1086.8,2.59,0.64,1.36,2,5.64,10,46.93290043290043,342.8124,False,False,True,False,False,False,False,False,False,True,False,True,False
4640,8.02,44.38,24.39,143.06,256.64,3.58,2933.63,1.12,1.11,0.86,1,6.45,8,5.865518655186552,287.4368,False,False,True,False,False,False,False,False,False,True,False,True,False
1299,8.0,20.83,19.88,377.72,200.46,12.81,1258.99,1.8,0.5,0.59,5,5.21,6,19.000000000000004,360.82800000000003,False,False,True,False,False,True,False,False,False,False,False,False,True
2788,5.32,15.13,13.72,538.96,133.12,3.63,1712.09,0.68,0.95,1.6,2,5.26,11,39.28279883381924,90.5216,False,False,False,False,True,True,False,False,False,False,False,False,True
4420,7.53,26.59,17.26,1098.65,93.22,5.03,1712.52,1.93,1.04,1.49,6,6.81,2,63.65295480880649,179.91459999999998,False,False,False,True,False,True,False,False,False,False,False,True,False
660,6.52,18.14,20.28,1184.71,112.23,0.12,1035.97,2.0,1.12,1.33,6,5.3,11,58.41765285996055,224.46,True,False,False,False,False,False,False,False,False,True,False,True,False
2244,5.33,16.76,14.52,401.63,60.11,5.15,1051.51,1.93,0.64,1.65,6,4.46,8,27.66046831955923,116.0123,False,False,True,False,False,False,False,False,True,False,True,False,False
2623,6.59,29.25,16.73,280.77,166.82,10.98,1185.06,1.78,0.9,0.67,5,4.88,3,16.782426778242677,296.9396,False,False,True,False,False,False,False,False,False,True,False,True,False
2775,4.72,38.57,16.34,447.16,164.86,8.59,1384.6,2.24,1.25,1.91,5,6.67,12,27.365973072215425,369.28640000000007,False,False,True,False,False,False,True,False,False,False,False,True,False
3553,6.35,32.59,18.31,791.96,102.47,3.44,1227.67,2.17,0.55,1.8,1,6.71,7,43.25286728563627,222.35989999999998,False,False,False,False,True,False,False,False,False,True,False,True,False
2053,7.03,19.96,23.68,992.99,244.71,14.29,2775.15,2.97,0.52,1.41,2,6.7,6,41.93369932432432,726.7887000000001,False,True,False,False,False,False,False,False,False,True,False,False,True
3955,5.58,13.42,20.3,1009.9,259.09,1.23,2710.79,2.31,1.45,1.73,3,8.58,1,49.7487684729064,598.4979,False,True,False,False,False,False,True,False,False,False,True,False,False
267,7.04,12.09,17.77,599.69,281.41,3.8,1445.69,1.28,1.05,0.64,1,7.0,6,33.74732695554305,360.20480000000003,False,False,True,False,False,True,False,False,False,False,False,False,True
2526,7.52,44.28,15.76,110.52,275.42,13.83,2361.94,1.07,0.2,0.83,6,5.92,11,7.012690355329949,294.6994,False,True,False,False,False,False,False,True,False,False,True,False,False
3323,6.73,37.6,10.43,538.7,111.4,8.73,2221.78,2.99,0.26,0.52,6,6.21,9,51.64908916586769,333.086,False,False,False,False,True,False,False,True,False,False,False,True,False
2217,5.95,49.04,25.91,1095.41,148.03,4.97,2872.43,1.9,0.45,1.23,3,6.31,11,42.27749903512158,281.257,True,False,False,False,False,False,True,False,False,False,False,False,True
3350,6.31,13.44,31.97,303.24,191.61,0.73,2022.55,2.84,1.33,1.39,3,5.92,3,9.485142320925869,544.1724,True,False,False,False,False,False,True,False,False,False,False,True,False
3392,7.7,47.73,12.85,1020.39,242.76,1.43,2831.81,0.82,0.89,1.44,5,8.07,12,79.40778210116731,199.0632,False,False,False,False,True,True,False,False,False,False,False,True,False
4508,5.88,30.78,29.22,264.84,191.41,10.84,2001.3,0.76,0.35,1.3,3,6.28,1,9.06365503080082,145.4716,False,False,False,True,False,False,False,True,False,False,True,False,False
4608,7.3,14.42,28.22,648.41,196.86,4.79,1101.26,1.73,0.65,0.59,6,6.76,4,22.976966690290574,340.56780000000003,False,True,False,False,False,False,True,False,False,False,False,False,True
1278,6.06,16.99,14.02,114.0,266.16,12.11,1606.88,2.15,0.89,1.52,5,5.47,4,8.131241084165477,572.244,True,False,False,False,False,False,False,False,False,True,True,False,False
4458,7.99,47.73,29.91,793.06,67.73,5.79,2618.36,2.24,1.12,0.73,5,5.13,1,26.514877967235037,151.7152,True,False,False,False,False,False,False,False,False,True,True,False,False
3548,4.87,40.55,19.49,541.78,156.9,2.81,2480.26,1.38,1.26,0.83,2,5.82,10,27.797845048742946,216.522,False,False,False,False,True,False,False,False,True,False,False,True,False
1621,5.45,14.37,31.4,1125.59,163.07,3.46,2656.92,1.44,1.11,0.63,4,5.06,2,35.8468152866242,234.8208,False,False,True,False,False,False,False,False,True,False,True,False,False
4500,8.42,40.09,15.08,1039.99,180.25,11.83,1666.91,1.28,0.76,0.85,1,6.26,1,68.96485411140584,230.72,True,False,False,False,False,False,False,False,True,False,True,False,False
2725,4.99,25.25,16.18,536.24,173.63,12.35,1923.93,1.45,0.24,1.8,2,5.13,3,33.142150803461064,251.7635,False,True,False,False,False,False,False,False,False,True,True,False,False
3646,7.5,18.45,30.87,824.85,86.0,1.05,2330.38,2.68,1.45,1.12,3,4.8,2,26.720116618075803,230.48000000000002,False,False,False,False,True,False,False,True,False,False,False,False,True
2644,7.19,15.37,32.82,279.23,143.58,10.65,1283.58,2.09,1.04,1.6,3,6.13,7,8.507921998781232,300.0822,False,True,False,False,False,False,False,False,False,True,False,True,False
67,5.05,38.28,13.65,1067.94,272.73,9.68,1748.83,1.73,1.18,1.81,4,8.86,7,78.23736263736264,471.8229,False,False,False,False,True,False,False,False,False,True,False,False,True
2415,5.93,32.07,10.6,162.17,237.19,6.02,1996.69,2.54,0.9,1.93,4,6.4,3,15.299056603773584,602.4626,False,False,False,True,False,False,False,False,True,False,False,True,False
4669,7.68,15.51,17.91,922.34,78.07,1.6,1102.75,1.08,0.39,1.73,1,4.92,12,51.49860413176996,84.3156,True,False,False,False,False,False,False,False,False,True,False,True,False
221,7.38,14.41,30.72,462.6,68.71,14.45,1645.78,1.14,1.17,0.62,4,4.7,7,15.058593750000002,78.32939999999999,False,False,True,False,False,False,False,False,False,True,False,True,False
3996,8.33,15.21,33.05,452.95,255.8,14.13,2844.73,2.36,0.43,0.85,1,7.61,12,13.704992435703481,603.688,False,False,False,False,True,False,False,False,False,True,False,False,True
2770,7.23,49.32,31.9,1057.91,240.13,13.74,2802.18,2.43,1.17,0.82,3,7.25,7,33.163322884012544,583.5159,False,False,True,False,False,True,False,False,False,False,False,False,True
3520,6.44,24.19,23.96,911.74,264.97,9.8,1342.46,1.14,0.8,1.41,2,6.65,1,38.052587646076795,302.0658,True,False,False,False,False,False,False,False,True,False,False,True,False
3940,6.99,30.27,14.67,504.55,77.34,6.93,2568.51,2.36,0.42,1.15,2,4.79,3,34.39331970006817,182.5224,False,False,False,False,True,False,True,False,False,False,True,False,False
1226,6.29,42.3,20.94,363.62,223.15,4.0,2985.0,2.94,1.14,1.46,5,6.98,12,17.364851957975166,656.061,False,False,True,False,False,False,False,True,False,False,False,False,True
1881,7.31,24.6,11.52,489.47,184.66,9.18,2827.12,1.88,1.02,0.87,2,5.95,7,42.48871527777778,347.1608,False,False,True,False,False,False,True,False,False,False,False,False,True
88,6.72,46.68,11.84,391.34,204.91,5.13,1844.71,1.23,1.19,0.64,3,5.55,9,33.05236486486486,252.0393,False,True,False,False,False,False,True,False,False,False,False,False,True
4587,5.36,40.48,16.17,610.69,87.38,6.92,2399.86,1.46,0.28,1.75,6,5.67,7,37.766852195423624,127.5748,True,False,False,False,False,False,False,False,False,True,False,False,True
3614,8.25,47.31,16.19,718.78,185.79,4.85,1040.66,2.05,1.15,1.71,2,6.24,6,44.396541074737485,380.86949999999996,False,False,False,False,True,True,False,False,False,False,True,False,False
2648,7.88,18.49,34.64,1072.82,218.52,10.82,1931.81,1.2,0.7,1.54,1,6.95,12,30.97055427251732,262.224,False,False,True,False,False,False,False,True,False,False,True,False,False
4039,7.5,21.19,33.96,909.86,295.57,3.14,2006.4,0.81,0.5,1.39,3,7.98,12,26.79210836277974,239.4117,True,False,False,False,False,False,False,True,False,False,False,True,False
1966,8.35,34.57,18.54,407.26,59.08,5.44,2653.87,2.37,1.26,1.01,2,3.86,4,21.96655879180151,140.0196,False,False,False,False,True,False,True,False,False,False,True,False,False
4537,4.83,15.55,10.48,1101.25,180.39,7.67,1968.22,0.96,1.21,0.95,1,6.73,10,105.08110687022901,173.1744,False,False,False,True,False,False,False,True,False,False,False,True,False
3384,7.67,40.54,34.14,677.73,245.33,5.72,2855.34,2.92,0.97,1.64,6,7.63,11,19.851493848857647,716.3636,False,False,False,True,False,False,False,True,False,False,True,False,False
3995,5.11,21.22,13.77,119.36,108.27,14.33,1870.22,2.52,0.48,1.25,2,4.36,10,8.66811909949165,272.8404,False,False,False,False,True,False,False,False,True,False,False,True,False
4377,5.41,10.09,10.42,841.95,51.48,12.11,2925.71,2.07,1.3,1.78,2,3.71,7,80.80134357005758,106.56359999999998,False,False,False,True,False,True,False,False,False,False,False,False,True
4102,7.89,46.64,33.31,326.75,134.95,7.87,1187.18,1.92,0.62,1.47,5,6.17,12,9.809366556589612,259.104,False,False,False,False,True,True,False,False,False,False,True,False,False
3680,4.67,25.09,30.3,261.12,161.81,2.98,1898.25,2.06,0.49,1.7,3,4.78,7,8.617821782178218,333.3286,True,False,False,False,False,False,False,True,False,False,True,False,False
1143,5.69,35.89,26.81,642.79,182.63,10.53,1962.4,2.2,1.4,1.5,2,5.88,10,23.9757553151809,401.786,False,False,False,False,True,False,False,True,False,False,False,False,True
397,6.57,18.47,20.37,365.51,291.78,0.46,2536.8,1.93,0.25,1.67,6,7.52,9,17.94354442808051,563.1353999999999,True,False,False,False,False,False,False,False,False,True,False,False,True
2059,5.12,27.39,20.88,1100.45,142.89,4.14,1263.7,1.55,0.66,1.35,1,5.85,6,52.703544061302686,221.47949999999997,False,True,False,False,False,False,True,False,False,False,False,True,False
3357,4.56,17.05,27.92,625.98,120.03,3.06,2326.97,2.78,1.11,1.15,4,6.56,2,22.42048710601719,333.6834,False,True,False,False,False,False,True,False,False,False,True,False,False
3946,7.56,21.63,30.37,1134.62,170.14,7.13,1426.46,2.62,0.68,1.13,5,7.01,11,37.35989463286137,445.7668,True,False,False,False,False,False,False,False,True,False,False,False,True
4133,5.3,12.02,12.37,1043.38,218.23,12.92,1135.2,1.03,1.42,0.73,5,8.41,10,84.34761519805984,224.77689999999998,False,False,True,False,False,False,False,False,False,True,False,False,True
2580,5.09,34.59,20.58,364.49,251.73,10.59,1849.94,2.65,0.52,1.69,2,6.78,9,17.7108843537415,667.0844999999999,False,False,False,True,False,False,True,False,False,False,False,False,True
1398,7.43,40.67,19.22,187.44,291.53,8.6,2490.69,2.73,1.27,0.89,3,7.73,9,9.752341311134236,795.8768999999999,False,True,False,False,False,False,False,False,True,False,False,False,True
1659,5.51,19.2,17.04,854.81,106.57,1.64,2498.17,2.18,1.04,1.6,1,6.41,4,50.164906103286384,232.3226,False,False,True,False,False,False,False,False,False,True,True,False,False
3165,6.39,10.85,23.73,222.15,229.32,3.01,2924.0,2.99,0.67,1.99,5,7.65,4,9.361567635903919,685.6668000000001,False,False,False,True,False,False,False,False,True,False,True,False,False
1096,5.4,36.88,17.36,294.81,164.83,8.54,1147.67,0.91,1.24,0.89,5,6.37,6,16.982142857142858,149.99530000000001,False,False,False,True,False,False,True,False,False,False,False,False,True
3751,7.51,47.69,23.83,683.94,122.65,14.78,2773.43,1.96,0.42,1.27,3,5.9,3,28.7007973143097,240.394,False,False,True,False,False,False,False,True,False,False,True,False,False
1741,7.88,41.43,33.35,816.47,129.63,14.25,1891.25,2.9,1.35,1.63,2,4.55,4,24.48185907046477,375.92699999999996,True,False,False,False,False,False,False,False,False,True,False,True,False
1350,4.94,25.11,12.47,509.07,87.19,6.11,1294.74,2.4,1.22,0.76,3,4.79,11,40.82357658380112,209.256,False,True,False,False,False,False,False,False,True,False,True,False,False
4410,5.87,34.73,34.05,102.77,128.67,1.84,2589.44,2.41,0.67,0.7,3,6.38,5,3.018208516886931,310.0947,False,False,False,False,True,True,False,False,False,False,False,False,True
979,4.92,40.74,20.91,713.96,232.9,11.67,1513.2,2.06,0.91,1.86,3,5.84,9,34.144428503108564,479.774,False,False,False,False,True,True,False,False,False,False,True,False,False
283,4.73,20.08,14.01,619.06,185.7,8.65,2948.97,0.96,0.84,1.22,3,5.43,8,44.18700927908636,178.272,True,False,False,False,False,False,False,True,False,False,True,False,False
1736,4.92,39.6,26.74,290.45,193.79,7.59,1157.22,1.52,0.91,1.26,4,5.17,6,10.862004487658938,294.5608,False,True,False,False,False,True,False,False,False,False,False,True,False
1298,8.22,46.93,16.69,151.17,166.16,10.19,2288.32,2.02,1.23,1.62,3,5.73,11,9.057519472738164,335.6432,False,False,False,True,False,False,False,True,False,False,False,True,False
3511,7.95,42.99,21.33,1049.64,269.18,8.79,1394.69,0.53,1.25,0.72,6,8.09,3,49.20956399437413,142.6654,False,False,True,False,False,False,True,False,False,False,True,False,False
898,6.49,28.13,17.1,968.74,111.29,12.32,1210.93,1.09,0.81,1.32,4,4.35,1,56.65146198830409,121.30610000000001,False,True,False,False,False,False,True,False,False,False,False,False,True
3714,7.58,17.34,32.91,938.42,52.76,12.65,2755.38,1.79,0.51,1.79,5,3.79,1,28.514737161956855,94.4404,False,False,True,False,False,True,False,False,False,False,False,False,True
3817,6.2,13.0,10.19,344.24,137.56,14.67,2170.62,2.95,1.06,0.57,1,5.98,3,33.78213935230619,405.802,False,False,False,False,True,False,False,True,False,False,False,False,True
82,8.06,16.68,21.88,787.51,203.02,3.98,1795.03,2.06,1.23,0.66,3,7.08,10,35.99223034734918,418.2212,False,False,True,False,False,False,False,False,True,False,True,False,False
2304,7.47,24.37,17.56,1083.51,147.23,6.1,1963.08,0.98,0.34,1.11,6,7.26,6,61.70330296127563,144.28539999999998,True,False,False,False,False,False,False,False,True,False,True,False,False
3819,6.31,12.66,22.5,519.69,194.09,14.18,1994.0,1.44,1.4,0.7,5,5.46,9,23.097333333333335,279.4896,False,False,False,True,False,False,False,False,True,False,False,True,False
613,7.78,38.01,11.56,257.82,209.95,7.34,2571.23,1.79,0.4,1.66,2,6.55,8,22.302768166089965,375.8105,True,False,False,False,False,False,True,False,False,False,True,False,False
3513,4.6,42.77,16.35,899.41,271.99,2.32,2320.26,2.43,1.1,0.63,3,8.2,4,55.009785932721705,660.9357000000001,False,False,False,False,True,False,False,False,True,False,False,False,True
3679,7.31,32.97,22.65,668.56,180.35,4.55,1261.8,0.5,0.49,0.92,6,5.23,9,29.516997792494482,90.175,True,False,False,False,False,True,False,False,False,False,False,False,True
2388,6.84,38.52,15.37,301.08,72.67,12.02,2796.65,2.9,0.63,1.68,2,3.77,7,19.588809368900456,210.743,False,False,False,True,False,False,False,False,True,False,False,False,True
423,7.45,37.04,19.39,1065.44,298.13,7.62,1831.38,1.97,0.62,1.89,5,7.64,2,54.94791129448169,587.3161,False,False,True,False,False,True,False,False,False,False,True,False,False
4169,7.75,22.41,27.05,577.65,224.11,13.16,1599.01,1.03,1.36,1.4,6,6.04,6,21.354898336414045,230.8333,False,False,True,False,False,False,True,False,False,False,True,False,False
4360,8.28,21.19,28.49,515.83,217.73,0.38,1460.02,1.96,1.25,1.89,1,7.86,12,18.10565110565111,426.75079999999997,True,False,False,False,False,False,False,True,False,False,False,False,True
4476,5.48,35.13,22.14,634.91,90.98,4.86,2769.61,0.85,0.63,0.61,5,5.49,11,28.67705510388437,77.333,False,False,False,False,True,True,False,False,False,False,False,True,False
1565,6.53,18.07,32.95,333.05,233.6,1.05,2696.63,2.7,0.7,0.86,2,6.59,5,10.10773899848255,630.72,False,True,False,False,False,False,False,False,False,True,True,False,False
3127,4.61,18.56,28.83,406.58,80.61,5.71,1260.82,2.92,1.05,1.25,6,4.45,5,14.102670828997573,235.38119999999998,False,False,True,False,False,False,True,False,False,False,True,False,False
3990,5.46,49.42,12.12,328.44,246.85,1.71,1966.44,0.74,1.31,1.12,6,7.74,7,27.0990099009901,182.66899999999998,False,True,False,False,False,True,False,False,False,False,False,True,False
3555,7.26,22.33,32.26,683.76,287.6,1.85,2864.34,1.44,1.26,1.1,3,8.19,7,21.19528828270304,414.144,False,False,False,False,True,False,False,False,True,False,True,False,False
839,8.09,35.71,15.83,837.67,226.89,2.88,1864.09,2.67,0.94,0.83,2,6.44,6,52.91661402400505,605.7963,False,False,False,True,False,False,False,False,True,False,False,True,False
500,7.67,46.21,27.98,734.64,219.24,7.97,1291.28,2.82,1.04,1.72,6,7.21,5,26.255897069335237,618.2568,True,False,False,False,False,True,False,False,False,False,True,False,False
611,6.36,18.45,18.36,692.89,190.06,1.33,2010.31,1.46,1.4,1.15,4,6.74,3,37.739106753812635,277.4876,False,False,True,False,False,False,False,True,False,False,False,False,True
141,5.38,12.53,28.83,1148.09,195.82,1.85,1082.77,1.68,1.12,1.96,6,6.86,3,39.82275407561568,328.9776,False,False,False,True,False,False,False,False,True,False,False,True,False
549,4.83,37.88,33.0,1037.19,159.31,14.91,2934.07,1.07,1.13,1.52,5,4.85,6,31.430000000000003,170.4617,False,True,False,False,False,False,False,True,False,False,True,False,False
557,6.99,38.98,12.39,262.56,216.92,6.22,2177.34,2.17,0.62,0.64,1,6.98,6,21.19128329297821,470.71639999999996,False,False,False,False,True,True,False,False,False,False,False,True,False
887,4.54,47.91,10.31,452.65,202.84,0.59,2744.24,0.86,0.82,1.23,4,8.56,2,43.90397672162948,174.4424,False,False,True,False,False,False,False,False,True,False,True,False,False
1377,4.51,46.43,12.44,1182.59,133.04,0.64,1421.38,2.12,0.71,1.29,3,6.88,1,95.06350482315112,282.0448,False,False,False,True,False,False,False,False,True,False,True,False,False
1626,7.66,49.84,32.23,648.46,258.31,4.33,2474.64,2.11,1.48,1.57,1,7.14,10,20.119764194849523,545.0341,False,False,False,True,False,False,False,False,True,False,True,False,False
3438,8.02,46.06,29.34,241.24,51.07,0.69,1552.06,1.16,0.71,1.86,1,5.26,11,8.222222222222223,59.2412,False,True,False,False,False,False,False,True,False,False,True,False,False
2726,6.91,44.44,27.81,543.84,68.5,1.94,1112.87,2.24,0.66,1.9,1,5.18,1,19.555555555555557,153.44000000000003,False,False,False,True,False,False,False,False,False,True,False,False,True
218,6.47,39.58,28.91,225.12,148.12,11.5,2902.97,2.92,0.37,0.76,6,4.82,4,7.786924939467313,432.5104,False,False,False,True,False,False,False,False,False,True,False,False,True
2833,5.45,42.79,28.99,114.23,282.01,11.58,2775.08,1.24,1.37,0.83,2,6.66,11,3.9403242497412903,349.69239999999996,False,False,True,False,False,False,False,False,True,False,False,True,False
1962,7.13,41.75,34.49,113.33,175.97,2.56,2133.19,2.3,0.29,1.58,3,7.11,1,3.285879965207306,404.731,False,False,False,True,False,True,False,False,False,False,False,True,False
1760,6.22,49.24,33.74,1143.03,106.01,2.11,1562.56,2.51,0.26,1.34,3,6.21,10,33.877593360995846,266.0851,False,True,False,False,False,False,False,False,True,False,True,False,False
1138,7.72,27.36,29.47,586.16,83.29,4.98,2575.56,0.62,1.36,1.66,6,4.47,12,19.89005768578215,51.6398,False,True,False,False,False,False,True,False,False,False,False,True,False
209,4.58,28.6,11.37,127.32,260.7,4.26,1389.23,2.8,0.23,1.55,1,5.92,4,11.197889182058047,729.9599999999999,True,False,False,False,False,False,False,True,False,False,True,False,False
2960,7.38,14.71,10.01,1000.21,58.21,11.2,2409.63,2.87,0.24,1.89,2,5.38,5,99.92107892107893,167.0627,False,False,False,False,True,False,True,False,False,False,True,False,False
2638,5.98,39.62,33.18,206.6,108.25,14.4,2117.18,2.25,0.7,0.87,4,4.15,7,6.22664255575648,243.5625,True,False,False,False,False,False,True,False,False,False,False,True,False
1787,6.49,33.59,25.96,1196.49,235.04,1.75,2317.03,2.24,0.57,1.68,4,8.36,12,46.08975346687211,526.4896,False,True,False,False,False,True,False,False,False,False,False,False,True
2402,4.54,30.88,25.21,306.05,220.6,0.83,1195.28,2.1,1.29,0.6,6,6.61,11,12.140023800079334,463.26,False,False,True,False,False,False,False,True,False,False,True,False,False
550,7.53,17.19,25.38,628.95,281.99,7.76,1632.38,1.26,0.82,0.56,1,7.58,8,24.781323877068562,355.30740000000003,False,True,False,False,False,False,False,True,False,False,False,True,False
1424,8.13,44.99,29.98,815.92,159.99,3.6,1389.49,2.57,0.21,1.46,2,8.24,12,27.215476984656437,411.1743,True,False,False,False,False,False,False,False,False,True,True,False,False
4095,6.73,32.0,24.9,208.78,209.42,9.14,2855.39,2.4,1.44,1.13,5,7.43,2,8.384738955823293,502.60799999999995,True,False,False,False,False,False,False,False,True,False,False,True,False
2789,7.07,38.58,22.05,182.08,66.37,6.88,1281.58,2.49,0.34,1.57,4,4.34,9,8.257596371882087,165.26130000000003,False,False,False,True,False,False,False,True,False,False,False,False,True
3352,4.56,10.58,21.92,438.46,95.58,5.14,2786.3,1.51,1.5,1.3,1,5.79,10,20.002737226277368,144.3258,True,False,False,False,False,False,False,False,True,False,False,True,False
948,6.52,15.34,25.33,786.42,148.79,14.55,1027.77,2.41,0.75,1.67,3,5.02,11,31.046979865771814,358.5839,False,False,True,False,False,True,False,False,False,False,True,False,False
1652,6.07,27.22,25.87,549.28,212.28,8.75,1073.85,2.07,0.81,1.06,4,7.0,10,21.232315423270194,439.41959999999995,False,False,False,True,False,False,False,False,True,False,False,True,False
2118,6.11,23.28,10.6,665.97,193.54,4.77,2587.42,1.49,0.46,1.27,1,6.48,12,62.82735849056604,288.3746,True,False,False,False,False,True,False,False,False,False,True,False,False
3936,6.13,25.96,30.19,1193.46,243.71,9.34,2445.05,0.89,1.04,1.96,2,6.12,8,39.53163299105664,216.9019,False,True,False,False,False,False,False,False,True,False,False,False,True
532,7.76,10.4,26.37,546.02,266.1,14.36,1132.82,2.68,1.24,1.2,5,7.11,12,20.70610542282897,713.1480000000001,False,True,False,False,False,False,False,True,False,False,True,False,False
4290,8.37,42.7,21.9,1186.48,228.89,7.49,1729.88,1.96,0.44,1.17,5,6.9,8,54.17716894977169,448.6244,False,False,False,False,True,False,True,False,False,False,False,True,False
3024,6.66,27.42,22.88,913.57,258.34,8.8,2358.52,2.55,1.13,1.84,3,7.97,3,39.92875874125875,658.7669999999999,True,False,False,False,False,False,False,True,False,False,False,False,True
1829,6.18,37.5,24.35,1125.18,237.06,2.99,2651.34,1.86,1.05,1.22,3,7.9,7,46.20862422997946,440.9316,False,False,False,True,False,False,False,False,False,True,False,True,False
2722,5.27,23.31,34.75,141.23,281.01,0.53,2848.48,0.7,0.52,1.27,6,7.32,11,4.064172661870503,196.707,True,False,False,False,False,False,False,False,False,True,True,False,False
3641,7.96,15.93,11.33,890.07,255.34,7.53,2620.8,1.01,0.56,1.39,1,7.53,8,78.55869373345102,257.8934,False,True,False,False,False,False,False,False,False,True,False,False,True
2948,7.49,10.85,24.24,818.74,139.91,9.93,2260.74,1.21,0.7,1.61,5,5.71,12,33.77640264026403,169.2911,True,False,False,False,False,False,False,False,False,True,False,False,True
1602,5.85,17.75,11.26,1139.83,226.4,8.67,2667.93,0.74,0.93,1.69,6,7.19,10,101.22824156305506,167.536,False,True,False,False,False,True,False,False,False,False,False,True,False
3973,4.55,49.44,32.36,982.58,277.29,8.96,1405.42,2.43,0.33,1.69,3,7.21,6,30.364029666254638,673.8147000000001,True,False,False,False,False,False,False,True,False,False,True,False,False
639,7.79,46.61,33.91,693.45,250.85,4.62,2357.63,1.86,0.48,1.41,4,8.3,2,20.449719846652908,466.581,False,False,True,False,False,False,True,False,False,False,False,True,False
4642,6.32,21.7,17.59,1003.66,173.38,12.69,2755.44,2.57,0.94,1.56,5,6.8,3,57.05855599772598,445.5866,False,False,False,True,False,False,False,False,False,True,False,False,True
1782,6.4,11.97,23.65,700.9,137.39,10.03,1697.78,2.12,1.0,0.62,3,6.49,11,29.636363636363637,291.2668,False,False,False,True,False,False,False,False,True,False,False,False,True
967,8.22,37.77,23.03,224.47,98.78,4.71,1470.34,2.47,1.16,1.72,4,5.27,1,9.746851932262267,243.9866,False,False,True,False,False,True,False,False,False,False,True,False,False
0,7.83,37.19,32.27,145.63,124.83,11.13,1911.12,1.45,0.7,1.07,3,3.79,3,4.512860241710566,181.0035,False,False,False,True,False,False,False,False,True,False,True,False,False
2575,7.31,29.7,13.9,648.82,82.71,4.43,1381.44,2.01,1.2,0.65,1,5.79,1,46.67769784172662,166.24709999999996,False,False,False,True,False,True,False,False,False,False,False,True,False
3870,5.56,14.23,29.62,289.38,172.22,7.28,1962.55,1.81,0.6,0.62,4,6.34,1,9.769750168804862,311.7182,False,False,False,False,True,False,True,False,False,False,False,False,True
4710,7.24,21.38,24.0,186.85,118.72,9.02,2563.79,0.57,0.66,0.58,3,5.49,10,7.785416666666666,67.67039999999999,False,False,False,True,False,False,False,True,False,False,False,True,False
3275,5.06,44.13,24.42,396.82,148.13,6.54,1642.04,0.84,1.44,1.55,1,6.91,10,16.24979524979525,124.4292,False,False,False,False,True,False,False,False,False,True,False,False,True
2195,6.3,18.86,20.47,346.1,74.96,12.0,1439.84,2.29,0.42,1.16,1,4.08,4,16.907669760625307,171.6584,False,False,False,True,False,False,False,False,False,True,True,False,False
4023,5.61,17.88,31.82,455.15,131.95,11.12,1006.72,2.01,0.95,1.82,6,5.29,3,14.303896920175989,265.2194999999999,False,False,False,True,False,False,False,False,False,True,True,False,False
247,5.21,14.85,21.38,1070.36,267.39,11.33,2631.13,2.42,0.48,1.8,4,6.47,12,50.06361085126286,647.0838,True,False,False,False,False,True,False,False,False,False,True,False,False
4593,7.54,28.55,34.23,404.14,69.25,5.32,2459.74,2.18,0.39,0.73,5,3.32,10,11.806602395559452,150.965,False,False,False,True,False,False,False,True,False,False,True,False,False
2650,6.45,21.2,33.84,123.08,238.06,5.91,2315.48,2.28,1.12,1.74,6,6.41,3,3.6371158392434983,542.7768,False,True,False,False,False,False,False,False,False,True,False,True,False
1089,7.01,10.4,11.62,924.54,140.41,12.44,1919.97,1.63,0.54,1.41,6,6.83,3,79.5645438898451,228.86829999999998,False,False,False,False,True,False,False,True,False,False,True,False,False
3387,6.65,18.61,33.33,845.05,215.2,7.39,1146.66,0.65,0.75,1.06,5,7.02,5,25.354035403540355,139.88,False,False,True,False,False,True,False,False,False,False,False,False,True
3307,6.04,32.15,14.52,1164.43,143.36,13.25,1398.14,2.34,1.39,1.51,6,6.98,6,80.19490358126723,335.4624,False,True,False,False,False,True,False,False,False,False,True,False,False
4048,6.6,12.53,11.29,1037.02,201.76,5.73,2868.8,2.19,0.52,1.81,5,6.97,11,91.85296722763508,441.85439999999994,False,False,True,False,False,False,True,False,False,False,False,True,False
288,6.68,10.71,18.03,999.9,60.17,8.6,2167.79,2.88,0.91,1.3,4,5.1,12,55.457570715474205,173.2896,False,False,False,False,True,False,True,False,False,False,False,True,False
930,5.14,25.05,28.07,193.74,112.25,2.84,2827.45,2.29,0.24,1.16,6,5.02,1,6.902030637691486,257.0525,False,False,False,False,True,False,True,False,False,False,False,True,False
2344,6.52,17.47,29.27,984.26,193.48,0.27,1918.52,2.44,0.9,1.22,6,7.03,2,33.62692176289716,472.09119999999996,True,False,False,False,False,False,False,True,False,False,False,True,False
2671,5.38,12.86,31.06,313.4,211.98,4.14,1467.22,1.96,1.25,1.63,6,6.03,9,10.09014810045074,415.4808,False,False,True,False,False,False,False,False,False,True,False,True,False
2881,8.12,22.05,16.45,1141.8,275.56,4.78,1207.7,1.83,0.61,1.2,3,6.33,6,69.41033434650456,504.2748,False,False,False,False,True,False,True,False,False,False,True,False,False
4053,7.6,39.1,19.93,661.45,52.97,10.85,2243.21,0.7,0.6,1.32,2,4.71,5,33.18866031108881,37.07899999999999,False,False,True,False,False,False,False,True,False,False,False,True,False
2859,7.98,42.63,23.3,872.75,253.65,11.98,2970.49,1.87,0.76,1.79,6,7.55,9,37.457081545064376,474.32550000000003,False,False,False,False,True,False,False,True,False,False,True,False,False
4760,7.64,45.4,13.07,448.12,86.42,13.51,1448.63,2.24,1.4,1.5,2,6.54,9,34.286151491966336,193.5808,False,True,False,False,False,False,True,False,False,False,False,False,True
272,8.16,24.9,10.8,480.9,229.26,1.67,2642.3,1.82,0.79,0.54,5,6.37,4,44.52777777777777,417.2532,False,False,False,False,True,False,True,False,False,False,True,False,False
4790,5.45,22.94,16.74,770.34,131.7,3.54,1238.11,2.36,0.28,0.7,5,5.87,7,46.01792114695341,310.81199999999995,False,False,False,True,False,True,False,False,False,False,True,False,False
2119,5.69,24.6,20.09,283.41,109.53,5.63,1527.76,1.01,0.2,1.95,4,5.15,5,14.107018417122948,110.6253,False,False,True,False,False,False,True,False,False,False,True,False,False
4200,6.77,33.64,11.32,215.16,213.72,9.22,2050.71,2.51,0.99,0.71,5,5.79,6,19.007067137809187,536.4372,False,False,False,True,False,True,False,False,False,False,False,False,True
278,6.66,43.24,11.03,211.94,208.62,10.57,1765.42,2.76,1.25,0.8,5,6.93,3,19.214868540344515,575.7912,False,True,False,False,False,True,False,False,False,False,False,True,False
952,7.68,47.62,23.95,169.46,208.52,1.18,2871.62,2.34,0.44,1.57,3,7.39,12,7.075574112734865,487.9368,False,False,False,True,False,False,False,False,False,True,True,False,False
4316,7.53,27.42,23.64,561.98,206.03,1.96,2017.85,2.59,1.33,1.28,6,7.15,3,23.772419627749578,533.6177,True,False,False,False,False,False,False,False,True,False,False,True,False
2221,4.66,22.19,11.94,412.65,154.13,6.71,2821.22,1.93,0.25,1.09,3,5.9,8,34.56030150753769,297.4709,True,False,False,False,False,False,True,False,False,False,False,True,False
3551,6.24,19.13,21.7,1093.55,222.23,7.3,2596.04,2.35,0.71,1.34,3,7.57,6,50.394009216589865,522.2405,False,True,False,False,False,False,False,False,True,False,False,False,True
2168,7.2,48.01,11.54,354.6,270.92,5.7,2794.49,2.33,0.77,1.08,3,8.43,7,30.727902946273833,631.2436,True,False,False,False,False,True,False,False,False,False,False,False,True
4647,4.82,10.47,16.09,574.09,259.4,3.59,1461.68,2.74,0.78,0.98,5,5.75,3,35.67992541951523,710.756,False,False,False,True,False,False,False,True,False,False,True,False,False
3583,7.74,47.16,14.55,1062.4,89.98,7.02,2076.03,1.45,1.34,0.64,6,5.3,12,73.01718213058419,130.471,False,False,False,False,True,False,False,False,False,True,False,False,True
2414,7.0,27.44,12.08,180.86,126.44,3.42,1189.56,2.6,0.87,0.58,2,5.03,9,14.971854304635762,328.744,False,False,True,False,False,True,False,False,False,False,False,True,False
4480,5.42,39.02,29.94,699.0,261.68,5.62,2928.69,0.84,1.47,1.28,2,6.88,10,23.346693386773545,219.81119999999999,False,False,False,True,False,True,False,False,False,False,False,True,False
1698,7.0,36.23,16.09,680.02,121.09,8.5,2583.81,0.8,0.5,0.84,1,5.92,3,42.26351771286513,96.87200000000001,False,False,True,False,False,False,False,False,True,False,False,True,False
4525,6.18,11.4,32.16,457.86,75.68,1.75,1874.74,2.48,1.05,1.22,3,5.69,6,14.236940298507465,187.68640000000002,False,False,False,True,False,False,False,True,False,False,False,True,False
2757,7.74,31.8,29.93,998.35,231.04,8.38,1355.28,2.67,1.25,0.67,4,7.69,12,33.35616438356165,616.8768,False,True,False,False,False,True,False,False,False,False,True,False,False
2627,6.99,44.5,19.28,1173.2,180.59,5.11,2236.18,2.13,0.47,1.62,4,6.96,6,60.850622406639005,384.6567,False,False,False,True,False,False,False,True,False,False,False,True,False
3049,6.14,35.11,29.03,507.07,289.25,8.37,2175.27,1.53,1.37,1.42,3,9.2,9,17.467102996899758,442.5525,False,True,False,False,False,False,True,False,False,False,False,False,True
3209,7.82,34.91,30.68,466.65,213.82,10.88,1588.8,1.72,0.95,1.72,2,6.79,2,15.210234680573663,367.7704,False,True,False,False,False,False,False,False,True,False,False,True,False
155,4.89,21.45,13.75,698.41,209.15,8.35,2269.22,1.78,0.81,1.77,2,6.82,9,50.793454545454544,372.28700000000003,False,False,False,False,True,False,True,False,False,False,False,True,False
3878,4.94,13.64,13.16,630.29,158.24,12.37,1122.69,2.63,0.99,1.7,6,5.23,4,47.89437689969605,416.1712,False,False,False,True,False,False,False,True,False,False,False,False,True
985,6.18,41.4,21.44,1166.48,263.97,3.18,1978.32,2.63,1.47,0.98,5,8.51,10,54.406716417910445,694.2411000000001,False,False,False,False,True,False,False,True,False,False,False,True,False
2591,5.73,36.25,18.9,1166.17,125.78,13.79,1392.5,1.09,1.07,1.19,2,5.99,3,61.70211640211641,137.1002,False,True,False,False,False,False,False,True,False,False,False,True,False
4140,8.48,12.59,17.05,805.19,217.42,7.24,2700.71,2.97,1.0,0.67,3,6.43,6,47.225219941348975,645.7374,False,False,False,True,False,False,False,False,False,True,False,True,False
2083,5.76,29.93,20.99,270.42,260.33,10.97,1477.63,0.66,0.41,1.28,4,6.14,1,12.88327775131015,171.8178,False,False,False,False,True,False,False,True,False,False,False,False,True
4588,4.58,47.75,10.1,914.83,188.75,3.52,1422.52,0.6,1.17,1.58,3,7.23,3,90.57722772277228,113.25,False,True,False,False,False,False,False,False,True,False,False,False,True
981,5.3,45.59,22.43,302.34,247.97,2.5,1046.57,2.67,1.01,1.35,6,8.28,10,13.479268836379848,662.0799,True,False,False,False,False,False,True,False,False,False,False,False,True
2337,5.84,45.9,24.32,855.08,252.56,11.26,2529.05,1.16,0.58,0.86,3,6.73,2,35.15953947368421,292.96959999999996,False,True,False,False,False,False,False,True,False,False,True,False,False
1751,7.88,49.99,18.73,1032.16,274.2,9.28,2214.35,1.0,0.39,0.9,1,6.49,2,55.10731446876669,274.2,True,False,False,False,False,False,True,False,False,False,False,False,True
4386,7.43,25.72,14.78,1015.74,108.22,1.46,2531.86,2.24,1.36,0.7,5,7.35,3,68.72395128552098,242.41280000000003,False,False,False,False,True,True,False,False,False,False,False,True,False
4679,6.2,27.33,30.43,378.68,205.77,14.0,2185.2,1.63,0.42,1.31,1,6.97,10,12.44429838974696,335.4051,False,False,False,False,True,False,False,False,True,False,True,False,False
2277,5.4,35.15,22.66,818.11,148.24,5.76,2062.36,1.41,0.26,0.51,4,5.81,2,36.10370697263901,209.0184,False,False,False,True,False,False,False,True,False,False,True,False,False
3094,6.03,24.39,27.67,1091.84,145.18,5.02,2555.09,2.19,0.73,1.19,1,5.58,8,39.45934224792193,317.9442,False,False,True,False,False,False,True,False,False,False,True,False,False
942,8.44,31.36,34.27,1130.44,141.74,12.82,1194.16,2.33,0.98,1.16,6,5.21,6,32.98628538079953,330.2542,False,False,False,True,False,True,False,False,False,False,True,False,False
2746,5.39,12.89,16.97,662.49,62.41,3.12,1005.02,2.42,0.91,1.76,3,4.31,8,39.038892162639954,151.0322,False,False,True,False,False,False,True,False,False,False,False,True,False
3286,7.63,10.23,30.29,462.66,117.73,10.74,1509.79,1.74,0.44,1.03,6,4.51,5,15.274347969626941,204.8502,False,False,True,False,False,False,False,False,False,True,True,False,False
1400,6.98,19.08,34.85,353.2,179.81,1.98,2991.78,0.57,1.19,0.6,4,6.46,6,10.134863701578192,102.4917,False,False,False,False,True,False,False,True,False,False,False,True,False
1595,5.71,10.6,24.14,1172.49,229.65,0.52,1515.3,2.14,1.42,0.92,5,7.98,9,48.570422535211264,491.451,False,False,False,True,False,True,False,False,False,False,True,False,False
210,4.62,40.43,34.23,1080.21,156.48,8.0,1862.15,2.33,0.59,1.69,6,5.11,9,31.557405784399652,364.59839999999997,True,False,False,False,False,False,True,False,False,False,False,True,False
3570,8.44,44.96,19.26,699.2,242.43,1.73,2664.51,2.24,0.77,0.9,2,8.47,5,36.30321910695742,543.0432000000001,False,False,True,False,False,False,False,False,True,False,True,False,False
1457,7.57,23.31,33.3,1103.17,79.14,4.39,2822.2,2.07,0.93,1.84,5,5.27,9,33.12822822822823,163.8198,False,True,False,False,False,False,False,False,True,False,True,False,False
1509,7.95,26.28,15.88,362.04,283.22,11.64,1308.99,2.11,1.25,1.87,4,8.13,12,22.798488664987406,597.5942,False,False,False,False,True,True,False,False,False,False,False,True,False
1395,5.95,35.5,12.56,350.47,243.8,13.86,1712.15,2.98,0.67,0.95,1,7.8,12,27.903662420382165,726.524,True,False,False,False,False,True,False,False,False,False,False,True,False
264,5.01,37.42,31.76,987.85,122.75,11.38,2062.09,0.78,1.12,0.61,5,5.14,8,31.10358942065491,95.745,False,False,True,False,False,False,True,False,False,False,False,False,True
4557,7.43,15.1,20.16,1058.84,291.39,10.07,1400.93,1.17,0.42,0.61,5,7.72,1,52.52182539682539,340.92629999999997,False,False,True,False,False,False,True,False,False,False,False,True,False
1499,6.93,17.71,33.09,1090.24,86.76,14.89,2016.9,2.03,0.22,1.01,3,5.18,4,32.947718343910545,176.12279999999998,False,False,False,True,False,False,False,True,False,False,False,True,False
700,7.36,30.38,34.23,861.69,157.55,14.05,2909.08,1.61,0.36,1.14,4,6.13,2,25.173531989482914,253.65550000000005,False,False,True,False,False,False,False,False,False,True,False,False,True
3102,5.45,15.44,19.79,447.36,283.8,3.4,1963.43,2.2,1.08,0.89,3,7.47,1,22.60535624052552,624.3600000000001,False,False,False,False,True,False,True,False,False,False,True,False,False
644,6.5,35.2,18.12,359.0,146.6,13.69,1173.51,2.27,0.59,1.92,3,6.27,2,19.812362030905078,332.782,False,True,False,False,False,False,False,False,True,False,False,False,True
4743,7.03,43.98,19.31,868.48,250.64,11.64,1104.5,1.82,0.29,1.38,6,6.54,5,44.975660279647855,456.1648,False,False,True,False,False,False,True,False,False,False,False,False,True
1405,5.06,45.56,26.56,314.27,147.95,12.38,2167.32,2.81,1.4,1.84,1,5.67,7,11.832454819277109,415.73949999999996,True,False,False,False,False,False,True,False,False,False,True,False,False
4686,7.07,38.13,17.89,1079.7,248.13,13.65,1702.5,2.88,1.02,1.12,2,7.14,4,60.35215204024595,714.6143999999999,False,False,False,True,False,False,False,False,False,True,False,True,False
929,4.85,14.59,21.47,898.27,263.01,1.01,2296.77,0.88,0.85,1.22,4,8.17,1,41.8383791336749,231.4488,True,False,False,False,False,False,False,True,False,False,False,False,True
2856,7.18,27.07,16.55,898.46,243.55,14.92,1975.85,2.47,0.58,0.69,3,7.29,3,54.28761329305136,601.5685000000001,False,False,False,False,True,False,False,False,True,False,False,True,False
4518,6.37,38.33,19.03,803.6,173.64,2.61,2767.95,1.82,0.43,1.93,5,9.04,5,42.22806095638465,316.02479999999997,True,False,False,False,False,True,False,False,False,False,True,False,False
195,7.69,16.37,12.29,529.53,252.2,0.32,1509.34,0.95,0.65,1.54,3,6.77,10,43.08624898291294,239.58999999999997,False,False,False,False,True,False,True,False,False,False,False,True,False
4343,6.34,45.27,30.05,452.1,176.01,6.18,1517.27,2.28,0.31,1.03,2,6.44,1,15.044925124792014,401.30279999999993,False,False,False,True,False,True,False,False,False,False,True,False,False
3429,7.87,46.89,30.43,516.32,269.08,7.07,1904.76,2.3,1.29,1.34,1,7.01,4,16.967466316135393,618.8839999999999,False,False,False,False,True,False,False,False,True,False,False,True,False
3664,7.16,28.95,31.24,242.62,287.05,5.92,2951.94,1.22,1.4,1.82,1,6.91,5,7.766325224071704,350.201,False,False,True,False,False,True,False,False,False,False,False,False,True
1860,5.72,45.23,31.22,683.7,208.62,13.37,1817.53,1.29,0.87,1.91,6,6.93,4,21.89942344650865,269.1198,True,False,False,False,False,False,False,False,True,False,False,False,True
1818,5.63,47.65,29.76,189.3,226.65,9.63,1506.2,1.78,1.18,0.68,5,6.25,7,6.360887096774194,403.437,False,False,False,False,True,False,False,False,False,True,False,True,False
4672,6.63,44.36,24.41,558.56,250.27,3.9,1960.07,1.07,0.27,1.0,1,7.29,2,22.882425235559193,267.7889,False,False,False,True,False,False,False,False,True,False,True,False,False
246,7.87,21.61,20.18,703.6,129.09,13.75,2477.55,1.85,1.11,1.49,2,5.7,9,34.866204162537166,238.81650000000002,False,False,True,False,False,False,False,True,False,False,False,False,True
3344,6.14,18.61,12.91,808.6,67.97,11.65,1427.96,1.83,1.0,0.74,3,5.83,8,62.63361735089078,124.38510000000001,True,False,False,False,False,False,False,True,False,False,False,False,True
1758,7.74,25.94,28.31,160.46,133.66,0.65,2919.25,2.54,0.46,1.73,5,6.06,12,5.667961850936066,339.4964,False,False,False,False,True,False,True,False,False,False,True,False,False
4671,5.78,25.34,14.65,242.54,75.86,11.7,2975.36,2.57,1.43,1.26,6,3.35,11,16.555631399317406,194.9602,False,False,True,False,False,False,False,False,False,True,False,True,False
3378,8.47,25.64,11.55,597.81,292.86,5.65,1425.64,1.71,1.42,1.4,1,7.03,1,51.758441558441554,500.79060000000004,False,True,False,False,False,False,True,False,False,False,False,True,False
923,5.53,47.61,22.33,1096.78,232.22,12.63,1207.73,2.96,0.84,1.06,3,5.81,6,49.116883116883116,687.3712,True,False,False,False,False,False,False,False,False,True,False,True,False
4010,5.72,10.27,12.36,1124.69,208.26,9.36,2408.29,2.05,1.01,1.84,4,7.54,1,90.9943365695793,426.93299999999994,False,False,False,False,True,True,False,False,False,False,False,False,True
1185,6.27,18.06,25.79,787.56,194.37,4.42,1903.45,2.32,1.11,1.35,3,6.14,9,30.53741760372237,450.9384,False,False,True,False,False,False,False,True,False,False,False,False,True
268,7.76,18.94,18.18,1048.16,60.9,1.18,1175.51,1.66,0.82,1.38,5,4.76,6,57.65456545654566,101.094,False,True,False,False,False,False,True,False,False,False,False,True,False
669,7.1,24.93,12.54,209.22,264.44,3.93,2010.24,1.86,1.26,1.17,3,5.81,7,16.68421052631579,491.8584,True,False,False,False,False,False,False,False,True,False,False,True,False
1556,7.36,29.73,14.11,1153.92,296.3,14.74,2878.34,2.85,0.86,0.83,2,7.45,1,81.78029766123318,844.455,False,False,False,True,False,False,False,True,False,False,False,False,True
4577,7.55,49.0,25.69,788.48,95.65,5.84,1198.62,2.26,0.74,0.7,1,5.79,3,30.69209809264305,216.16899999999998,False,False,False,False,True,False,False,False,True,False,False,False,True
2002,6.16,37.91,34.18,1192.92,124.28,6.31,2819.37,2.04,1.15,1.39,1,5.86,3,34.9011117612639,253.5312,False,False,False,False,True,False,True,False,False,False,False,True,False
4484,8.09,38.2,32.71,929.99,295.45,5.04,2166.62,0.89,0.29,1.4,5,8.02,2,28.431366554570467,262.9505,True,False,False,False,False,False,False,False,False,True,False,True,False
4265,8.08,24.21,27.75,532.87,289.33,3.87,2067.76,2.22,0.22,1.02,4,7.73,6,19.20252252252252,642.3126,False,False,False,True,False,False,False,False,True,False,False,True,False
2242,6.1,48.71,16.14,782.23,65.45,5.61,1221.9,1.8,0.67,1.33,6,5.43,3,48.46530359355638,117.81,True,False,False,False,False,False,True,False,False,False,True,False,False
3697,7.71,35.14,15.14,938.24,244.86,4.38,1448.8,1.75,0.55,1.83,1,8.05,3,61.97093791281374,428.505,False,False,False,True,False,False,True,False,False,False,False,False,True
1910,5.03,21.95,27.98,103.96,299.39,4.47,1127.32,0.82,1.45,1.66,2,6.85,1,3.715511079342387,245.49979999999996,False,True,False,False,False,True,False,False,False,False,False,True,False
2818,6.92,26.67,31.78,1101.57,273.79,4.96,1063.38,2.62,1.22,0.93,2,8.5,8,34.66236626809314,717.3298000000001,True,False,False,False,False,False,False,False,False,True,False,True,False
4627,5.65,23.02,10.92,266.21,58.93,12.41,1471.81,2.7,1.09,1.04,6,3.95,4,24.378205128205128,159.11100000000002,False,False,False,False,True,False,False,True,False,False,True,False,False
3250,7.62,19.47,18.24,218.96,204.36,9.25,2619.25,2.71,0.24,1.38,2,6.3,5,12.004385964912283,553.8156,False,True,False,False,False,False,False,False,False,True,True,False,False
648,6.41,24.12,14.81,1138.92,212.2,8.1,1182.16,2.63,0.72,1.18,5,7.48,12,76.9020931802836,558.0859999999999,False,False,False,True,False,False,False,False,True,False,True,False,False
543,4.99,27.89,34.73,1129.39,262.45,7.41,2857.51,1.28,0.44,0.92,1,7.53,4,32.51914771091276,335.936,False,True,False,False,False,False,False,True,False,False,True,False,False
4049,7.91,13.45,34.25,332.78,229.2,9.59,1631.41,2.22,0.69,1.28,1,5.53,1,9.716204379562043,508.824,False,True,False,False,False,False,False,False,False,True,True,False,False
3785,4.59,30.74,23.89,1051.91,194.88,14.81,2759.91,0.77,0.76,0.97,4,7.33,10,44.031393888656346,150.0576,False,False,True,False,False,True,False,False,False,False,False,True,False
2374,5.01,35.44,14.46,924.02,178.91,5.53,1755.74,1.53,0.42,1.87,4,6.84,11,63.90179806362379,273.7323,False,False,False,False,True,False,False,False,False,True,False,True,False
3885,5.12,48.49,33.2,399.44,157.76,10.5,2072.89,1.09,0.53,1.44,3,6.31,3,12.031325301204818,171.9584,False,False,False,True,False,False,True,False,False,False,False,False,True
3443,6.38,34.42,34.74,1174.72,272.1,1.58,2376.47,1.19,0.63,1.61,1,7.81,4,33.814622913068504,323.79900000000004,False,True,False,False,False,False,False,True,False,False,False,False,True
259,4.68,19.72,18.56,527.25,202.96,9.63,1506.51,2.01,1.35,1.79,4,7.14,2,28.407866379310345,407.9496,False,True,False,False,False,False,True,False,False,False,False,False,True
2019,7.16,24.59,25.68,144.49,170.14,9.18,1367.16,2.64,0.56,1.38,6,5.88,8,5.626557632398755,449.1696,False,False,False,True,False,False,False,False,False,True,True,False,False
2131,5.28,38.66,27.48,828.55,286.42,0.37,2512.7,2.96,0.51,1.21,4,6.66,9,30.15101892285298,847.8032000000001,False,False,False,True,False,False,True,False,False,False,False,True,False
2780,7.68,23.58,14.66,504.13,170.03,9.87,1416.37,0.86,0.23,1.81,1,6.7,2,34.3881309686221,146.2258,False,False,True,False,False,False,False,False,True,False,True,False,False
1915,6.49,31.46,29.61,522.42,239.11,1.4,2488.81,1.54,1.04,1.47,1,8.03,6,17.64336372847011,368.22940000000006,False,True,False,False,False,True,False,False,False,False,False,True,False
927,4.82,16.12,26.55,364.41,187.24,0.09,2541.02,2.11,0.97,1.22,6,6.68,3,13.72542372881356,395.0764,True,False,False,False,False,False,False,True,False,False,True,False,False
612,4.65,36.67,17.62,1124.68,184.39,4.67,1337.21,1.47,1.4,0.85,5,7.24,1,63.82973893303065,271.0533,False,True,False,False,False,False,False,False,False,True,True,False,False
1543,6.11,23.2,29.25,586.79,201.12,1.12,2309.47,1.76,1.06,1.42,3,7.03,1,20.06119658119658,353.9712,False,False,False,False,True,False,False,True,False,False,False,True,False
1023,5.53,32.76,12.53,446.28,60.47,10.68,2903.59,2.21,0.34,1.19,3,5.57,4,35.6169193934557,133.6387,False,False,False,True,False,False,False,False,True,False,False,True,False
4152,5.89,45.84,13.49,670.08,281.09,7.89,2573.89,1.01,1.3,0.94,1,8.76,1,49.67234988880652,283.9009,False,False,True,False,False,False,False,True,False,False,False,True,False
1152,4.68,48.95,16.63,502.98,185.47,13.91,2588.65,1.34,0.54,1.12,3,5.55,10,30.24533974744438,248.52980000000002,False,False,False,True,False,True,False,False,False,False,True,False,False
219,4.59,35.52,23.23,185.75,216.25,7.36,1993.05,2.86,1.44,1.5,4,7.23,9,7.996125699526474,618.475,False,False,True,False,False,True,False,False,False,False,True,False,False
4286,4.75,41.54,11.83,603.88,297.8,10.04,2614.46,2.21,1.22,0.67,5,7.5,3,51.04649196956889,658.138,True,False,False,False,False,False,False,False,True,False,False,True,False
485,7.09,12.46,15.49,890.23,164.09,8.78,2151.86,1.64,0.32,1.27,5,6.12,10,57.47127178825048,269.1076,False,False,False,False,True,False,False,False,False,True,True,False,False
3288,8.16,15.95,16.62,1046.23,86.5,14.17,1394.6,1.01,0.35,1.52,3,5.02,8,62.950060168471715,87.365,False,False,False,False,True,True,False,False,False,False,False,True,False
1898,6.13,21.13,24.12,589.81,152.31,0.57,2447.63,0.64,0.83,0.68,6,7.14,8,24.453150912106132,97.47840000000001,False,False,False,False,True,False,False,False,False,True,False,True,False
1649,7.17,45.64,18.05,334.71,205.58,0.76,1565.57,0.66,1.21,1.35,2,7.02,4,18.543490304709138,135.68280000000001,False,True,False,False,False,False,True,False,False,False,True,False,False
2298,5.71,39.19,32.63,661.23,121.54,12.86,2845.54,2.31,1.48,1.68,2,6.44,1,20.264480539380937,280.7574,False,False,False,False,True,False,False,False,True,False,False,True,False
258,4.87,18.18,28.08,1100.6,59.78,4.88,1427.51,2.09,0.66,1.02,6,5.14,2,39.1951566951567,124.94019999999999,True,False,False,False,False,False,False,True,False,False,True,False,False
4106,7.42,14.77,20.79,331.08,203.4,6.7,1430.19,0.77,1.12,1.33,3,6.3,4,15.924963924963924,156.618,False,False,True,False,False,True,False,False,False,False,True,False,False
386,8.48,22.82,12.75,766.44,77.02,7.06,2217.08,1.88,1.02,0.7,5,4.96,6,60.11294117647059,144.7976,False,True,False,False,False,True,False,False,False,False,True,False,False
847,8.15,38.18,16.44,163.97,166.56,13.68,1554.0,2.77,0.83,0.84,5,5.68,4,9.973844282238442,461.3712,False,True,False,False,False,False,False,False,False,True,False,True,False
3656,7.61,10.17,14.16,379.04,118.72,0.37,1157.62,2.71,0.57,1.49,4,5.65,11,26.768361581920907,321.7312,True,False,False,False,False,False,False,True,False,False,False,True,False
2440,8.45,26.11,17.54,406.72,65.01,13.06,2802.61,1.01,1.14,1.02,4,4.01,7,23.188141391106047,65.6601,False,False,False,True,False,False,True,False,False,False,True,False,False
3654,5.34,28.57,30.24,862.53,254.87,7.36,1492.89,2.7,1.33,1.24,6,7.81,2,28.522817460317462,688.149,False,False,True,False,False,False,True,False,False,False,False,True,False
1477,7.84,37.43,24.03,620.49,194.85,6.11,2840.24,2.89,0.63,0.62,6,5.95,8,25.82147315855181,563.1165,False,False,True,False,False,False,False,False,True,False,False,True,False
4076,6.4,31.84,16.64,1183.17,99.5,7.78,2756.56,2.67,1.41,1.09,3,5.57,7,71.10396634615385,265.665,False,False,False,False,True,False,False,True,False,False,True,False,False
4565,8.03,36.07,28.93,822.93,198.46,0.32,1630.47,2.36,0.95,1.83,2,7.53,10,28.44555824403733,468.3656,False,True,False,False,False,True,False,False,False,False,True,False,False
553,6.12,32.46,24.18,362.59,291.79,7.99,2911.66,2.77,1.45,1.53,5,7.83,5,14.995450785773366,808.2583000000001,False,False,False,False,True,False,False,True,False,False,False,False,True
1233,6.34,45.8,25.24,977.21,241.82,8.37,1924.32,2.6,1.12,0.78,2,8.7,3,38.716719492868464,628.732,False,False,True,False,False,True,False,False,False,False,True,False,False
1127,5.86,27.06,30.2,948.32,189.73,7.93,1297.57,2.72,1.27,1.99,5,7.22,9,31.401324503311262,516.0656,False,False,True,False,False,False,False,True,False,False,False,False,True
2505,5.32,29.62,17.28,779.75,233.6,3.83,1994.46,1.43,0.44,1.31,1,6.7,1,45.12442129629629,334.048,False,False,False,True,False,False,False,False,False,True,False,True,False
1967,6.63,46.27,28.05,790.16,96.29,13.21,2774.19,1.33,1.35,0.51,6,5.76,4,28.169696969696968,128.06570000000002,True,False,False,False,False,False,True,False,False,False,False,True,False
3807,4.83,27.71,32.19,1178.51,75.88,1.14,1356.31,2.53,0.72,0.6,6,4.37,2,36.61105933519727,191.97639999999998,False,True,False,False,False,False,False,False,True,False,False,False,True
4043,6.59,44.71,19.37,931.1,107.64,12.04,2943.56,2.86,1.33,1.31,3,6.16,4,48.06917914300465,307.8504,False,True,False,False,False,False,False,True,False,False,False,False,True
4283,7.15,44.95,22.19,186.13,151.12,3.69,1770.4,0.71,0.38,0.66,2,5.73,8,8.388012618296528,107.2952,False,True,False,False,False,False,False,False,False,True,False,False,True
484,8.19,42.17,28.07,889.5,206.5,2.99,1090.04,2.47,1.14,1.51,1,7.42,12,31.68863555397221,510.05500000000006,False,False,False,True,False,False,False,True,False,False,False,True,False
1320,5.88,28.2,23.5,319.61,219.47,2.05,2598.06,1.84,1.16,0.62,5,7.93,10,13.600425531914894,403.82480000000004,False,False,False,True,False,False,True,False,False,False,False,True,False
2229,7.83,24.16,26.44,310.22,206.91,14.38,2138.57,1.23,0.27,1.41,2,6.47,7,11.732980332829047,254.4993,False,True,False,False,False,False,True,False,False,False,False,True,False
7,6.92,19.94,14.92,239.89,70.09,3.85,1306.51,2.48,0.78,1.22,3,5.46,2,16.078418230563003,173.8232,False,False,True,False,False,False,False,False,True,False,False,True,False
3842,7.51,14.67,31.55,1091.14,72.65,6.43,2518.22,2.8,0.76,0.63,3,5.73,5,34.58446909667195,203.42000000000002,False,False,False,False,True,False,True,False,False,False,False,False,True
2974,6.21,26.57,26.31,644.83,125.09,11.56,2236.96,0.72,0.44,1.24,4,5.74,10,24.50893196503231,90.0648,True,False,False,False,False,True,False,False,False,False,False,True,False
1450,5.08,22.46,25.22,207.39,179.58,8.11,1834.21,2.89,1.07,1.83,4,6.22,12,8.223235527359238,518.9862,False,False,False,True,False,False,True,False,False,False,False,False,True
3698,5.11,20.68,23.14,252.7,78.14,9.32,2194.07,2.67,0.39,1.97,6,4.25,2,10.92048401037165,208.6338,False,False,False,True,False,False,False,False,False,True,False,False,True
1814,8.5,27.19,16.06,273.28,232.58,8.02,2738.54,1.34,1.22,1.83,5,6.34,2,17.016189290161893,311.65720000000005,False,False,False,True,False,False,False,True,False,False,False,False,True
773,7.05,23.59,15.44,951.93,181.69,4.07,1879.68,2.21,0.79,1.73,4,6.69,4,61.65349740932643,401.5349,True,False,False,False,False,False,True,False,False,False,False,False,True
1011,4.94,26.3,32.21,530.49,178.3,6.18,1370.96,2.63,0.57,1.84,3,7.42,11,16.469729897547346,468.92900000000003,False,False,True,False,False,False,False,False,True,False,False,True,False
2665,5.74,30.37,14.08,165.92,62.86,5.75,2462.96,0.8,0.88,1.64,4,4.05,4,11.784090909090908,50.288000000000004,False,True,False,False,False,False,False,False,True,False,True,False,False
4445,4.6,32.17,23.97,508.77,226.6,8.67,1347.69,0.75,1.23,0.79,4,6.71,10,21.225281602002504,169.95,False,False,True,False,False,False,False,False,True,False,False,True,False
1991,4.78,11.79,17.45,868.85,92.89,5.51,1533.74,2.87,0.52,1.8,2,5.86,4,49.790830945558746,266.59430000000003,False,True,False,False,False,False,False,True,False,False,True,False,False
3909,5.68,19.34,26.49,456.1,239.46,1.19,1833.51,1.55,0.73,1.41,4,6.41,3,17.217818044545112,371.163,True,False,False,False,False,False,False,False,False,True,False,True,False
1783,7.36,44.39,33.58,532.81,208.75,11.05,1655.74,2.86,1.5,0.71,4,7.72,7,15.866885050625372,597.025,False,False,True,False,False,False,False,False,False,True,True,False,False
446,8.02,18.6,17.77,958.87,104.47,0.9,1879.81,0.87,1.18,1.06,3,6.84,6,53.96004501969612,90.88889999999999,False,False,False,True,False,False,True,False,False,False,True,False,False
880,4.55,31.29,31.25,256.36,260.72,6.08,2913.16,1.56,0.32,1.0,5,6.02,2,8.203520000000001,406.7232000000001,False,False,True,False,False,False,False,False,False,True,True,False,False
781,7.04,13.87,15.48,302.94,205.78,1.46,2727.12,2.73,1.06,1.33,3,7.68,9,19.569767441860463,561.7794,True,False,False,False,False,False,True,False,False,False,True,False,False
1749,7.19,10.21,21.5,160.83,299.73,2.09,1901.45,2.04,0.91,1.3,2,7.7,1,7.4804651162790705,611.4492,False,True,False,False,False,False,False,False,False,True,True,False,False
4687,6.23,25.13,10.67,801.66,166.03,3.69,1407.02,2.53,0.77,1.21,1,6.57,11,75.13214620431116,420.05589999999995,False,False,False,False,True,False,False,True,False,False,True,False,False
883,7.15,10.23,21.68,572.44,125.68,5.98,1192.54,1.69,0.97,1.64,5,5.65,6,26.404059040590408,212.3992,False,True,False,False,False,False,False,False,False,True,False,True,False
2227,8.4,19.89,14.82,1181.84,248.01,0.16,1303.52,1.72,0.52,1.18,1,6.98,8,79.74628879892038,426.5772,True,False,False,False,False,False,False,False,True,False,False,True,False
1091,6.08,15.44,31.89,541.18,81.24,8.22,2384.43,1.26,0.28,1.1,4,4.67,7,16.970210097209154,102.3624,False,False,False,False,True,True,False,False,False,False,False,True,False
2742,8.15,11.23,30.81,609.27,97.27,12.96,2333.17,2.32,0.89,0.81,3,3.97,12,19.775073028237586,225.66639999999998,False,False,False,False,True,False,True,False,False,False,True,False,False
4046,8.42,24.53,21.82,399.48,116.28,7.5,2558.9,1.53,1.46,0.72,2,4.92,4,18.307974335472046,177.9084,False,False,True,False,False,True,False,False,False,False,True,False,False
4711,6.04,32.96,30.42,1130.91,296.41,8.13,1222.13,2.83,0.36,1.06,5,8.33,10,37.176528599605525,838.8403000000001,True,False,False,False,False,False,False,False,False,True,True,False,False
3811,4.82,25.85,17.88,376.93,211.55,8.41,1900.64,1.23,0.46,1.87,6,6.21,1,21.08109619686801,260.2065,False,True,False,False,False,True,False,False,False,False,False,False,True
1727,4.74,34.78,13.31,816.29,152.32,13.01,2796.26,1.7,1.44,0.95,3,5.43,4,61.32907588279489,258.94399999999996,False,True,False,False,False,False,True,False,False,False,False,False,True
610,4.97,23.29,17.51,1091.45,282.99,7.17,1865.56,0.88,0.43,1.81,1,6.73,1,62.33295259851513,249.0312,True,False,False,False,False,False,False,False,False,True,False,False,True
570,7.71,39.44,27.21,243.18,85.57,9.62,2261.98,1.93,0.81,0.55,3,4.08,12,8.93715545755237,165.15009999999998,False,False,False,True,False,False,False,False,True,False,False,True,False
2497,7.03,38.16,12.54,930.69,188.22,2.68,2456.47,1.61,1.13,1.56,4,7.13,11,74.2177033492823,303.0342,False,True,False,False,False,False,False,False,False,True,False,False,True
2825,5.22,15.81,23.37,877.66,122.16,13.7,1948.05,2.56,1.0,0.64,2,4.31,8,37.55498502353444,312.7296,False,False,True,False,False,False,True,False,False,False,False,False,True
343,7.39,43.85,20.84,646.45,120.83,6.28,1346.54,0.92,1.31,1.66,6,6.1,11,31.01967370441459,111.1636,False,False,False,True,False,False,False,True,False,False,False,True,False
4304,4.66,39.79,12.64,1155.98,216.99,4.67,1047.53,0.62,0.51,0.95,4,6.8,8,91.45411392405063,134.5338,False,True,False,False,False,False,True,False,False,False,True,False,False
2927,6.83,34.62,27.26,1155.27,50.06,2.02,1229.36,1.52,0.44,0.55,3,4.17,10,42.37967718268525,76.0912,False,False,True,False,False,False,False,False,True,False,True,False,False
434,5.58,20.17,10.93,660.73,254.31,5.91,2943.47,2.59,0.88,0.6,3,7.04,8,60.45105215004575,658.6628999999999,False,False,False,False,True,True,False,False,False,False,True,False,False
1903,5.77,19.32,23.4,537.96,69.71,11.75,2832.24,0.6,0.59,1.57,1,4.93,2,22.989743589743593,41.82599999999999,False,True,False,False,False,True,False,False,False,False,False,True,False
3532,8.49,30.74,31.58,1092.32,284.8,2.24,2100.91,1.87,0.25,0.63,6,7.21,3,34.58898036732109,532.576,False,False,True,False,False,False,True,False,False,False,False,True,False
4668,5.99,30.12,27.82,125.37,228.59,8.63,2832.55,2.3,0.99,1.31,6,5.75,5,4.50647016534867,525.757,True,False,False,False,False,False,True,False,False,False,False,False,True
2069,6.76,14.26,19.53,1135.1,150.46,8.09,2459.65,2.19,0.33,1.6,5,5.79,5,58.120839733742955,329.5074,False,False,True,False,False,False,False,False,True,False,False,True,False
1537,7.79,12.08,10.5,653.23,252.47,12.29,2490.36,1.81,1.45,1.56,1,6.62,7,62.212380952380954,456.9707,False,False,False,True,False,False,False,False,False,True,True,False,False
2110,5.61,33.86,21.9,701.48,173.03,13.71,1846.8,1.38,0.32,1.35,5,5.8,8,32.031050228310505,238.7814,False,False,False,True,False,False,True,False,False,False,False,False,True
2664,5.98,49.26,34.82,115.81,156.82,0.7,1739.21,2.91,0.42,1.27,2,4.59,3,3.325962090752441,456.3462,False,False,False,False,True,False,False,True,False,False,False,True,False
1517,5.63,32.29,28.89,676.97,210.66,3.28,2103.83,1.76,0.56,1.96,4,7.15,11,23.432675666320527,370.7616,True,False,False,False,False,False,False,False,True,False,False,True,False
965,5.1,22.68,30.54,799.33,114.35,9.1,2132.74,1.34,1.06,1.28,5,5.08,4,26.173215455140802,153.229,False,False,False,False,True,False,True,False,False,False,False,True,False
4232,4.74,45.21,19.03,743.86,200.51,1.53,1593.29,2.03,1.34,0.67,4,6.86,1,39.08880714661061,407.03529999999995,False,True,False,False,False,True,False,False,False,False,False,False,True
528,7.36,33.08,15.92,785.9,294.87,11.2,2098.9,1.95,1.03,1.71,4,8.85,3,49.36557788944724,574.9965,True,False,False,False,False,False,False,False,True,False,False,False,True
176,8.14,42.69,19.41,926.72,195.34,14.17,1160.86,1.92,0.81,0.51,6,5.85,12,47.74446161772283,375.0528,False,False,False,True,False,True,False,False,False,False,False,False,True
3243,7.27,39.04,32.24,187.37,231.23,13.94,1806.92,0.71,0.88,0.57,4,5.79,8,5.8117245657568235,164.17329999999998,False,True,False,False,False,False,False,False,True,False,False,False,True
2855,6.95,26.79,28.18,360.55,61.03,2.22,1837.96,1.06,0.54,1.12,3,4.76,4,12.794535131298794,64.6918,False,False,True,False,False,True,False,False,False,False,False,False,True
4129,6.13,47.75,12.77,246.58,128.96,7.74,2983.96,2.84,1.42,1.37,4,5.3,8,19.309318715740016,366.2464,True,False,False,False,False,False,False,False,False,True,False,False,True
572,7.61,15.34,20.55,898.61,87.68,7.89,1788.42,1.11,0.91,1.55,2,4.42,10,43.727980535279805,97.32480000000001,False,True,False,False,False,False,True,False,False,False,True,False,False
2154,4.98,32.79,21.79,477.13,96.09,4.0,2916.14,1.33,0.45,1.11,5,4.77,4,21.89674162459844,127.79970000000002,False,False,True,False,False,False,False,True,False,False,False,False,True
3269,5.49,16.56,20.5,574.07,120.13,11.64,1355.22,2.1,0.88,1.02,2,5.15,1,28.003414634146345,252.273,False,False,False,False,True,False,True,False,False,False,True,False,False
2305,4.93,39.12,10.44,894.03,176.82,0.55,1305.21,1.74,0.88,0.63,1,6.57,8,85.63505747126437,307.66679999999997,True,False,False,False,False,False,False,True,False,False,True,False,False
2992,5.79,16.42,27.36,862.51,262.17,0.96,1469.17,1.32,1.39,1.25,6,8.3,6,31.524488304093566,346.06440000000003,True,False,False,False,False,False,False,False,True,False,False,False,True
2416,6.71,23.62,15.94,938.98,264.48,6.48,2490.68,2.91,0.47,0.84,2,8.79,3,58.907151819322465,769.6368000000001,False,False,False,True,False,False,False,True,False,False,False,True,False
4162,4.7,40.01,20.63,452.25,237.75,5.31,1798.49,1.69,0.75,0.9,5,7.68,8,21.921958313136212,401.7975,False,False,True,False,False,False,False,False,True,False,False,False,True
2576,4.7,48.02,14.44,1148.18,128.45,1.35,2936.08,0.91,0.56,0.63,2,6.03,9,79.51385041551248,116.8895,True,False,False,False,False,False,True,False,False,False,False,False,True
383,6.27,24.65,16.36,203.58,169.41,1.77,2561.56,2.7,0.77,0.78,6,7.07,12,12.443765281173595,457.40700000000004,True,False,False,False,False,True,False,False,False,False,False,True,False
852,6.43,20.97,33.56,1123.02,271.22,4.16,1503.62,1.59,0.43,1.79,2,7.84,11,33.463051251489865,431.23980000000006,False,False,True,False,False,False,False,True,False,False,False,True,False
1880,7.73,26.29,16.26,1169.88,279.55,8.5,1040.66,2.56,1.35,0.98,5,8.03,10,71.94833948339483,715.648,False,False,False,True,False,True,False,False,False,False,False,True,False
370,6.44,14.44,23.34,1072.27,124.13,10.89,2266.06,2.93,1.28,0.97,2,5.54,11,45.941302485004286,363.7009,False,False,False,False,True,False,True,False,False,False,False,True,False
2331,7.26,11.03,24.68,783.06,191.14,13.51,1733.36,2.1,1.38,0.88,1,6.29,10,31.728525121555915,401.394,False,False,True,False,False,False,False,True,False,False,False,False,True
4154,7.27,15.9,10.81,658.05,68.09,0.93,1818.79,1.44,1.18,1.59,5,5.63,10,60.87419056429231,98.0496,False,False,True,False,False,False,False,True,False,False,True,False,False
1105,4.7,45.38,16.85,1123.19,86.38,1.16,1026.17,1.98,1.05,1.38,4,5.45,11,66.65816023738873,171.0324,False,False,True,False,False,False,False,False,False,True,False,True,False
2406,7.76,44.9,33.44,1090.11,83.48,5.58,2109.7,1.14,0.29,0.76,2,5.44,4,32.598983253588514,95.1672,False,True,False,False,False,False,False,False,True,False,False,False,True
3666,8.07,40.34,21.84,674.49,135.21,1.31,2766.41,2.65,0.55,1.72,6,7.02,5,30.88324175824176,358.3065,False,False,False,False,True,False,False,False,False,True,False,True,False
1336,4.73,12.9,14.73,541.96,143.31,3.79,2374.87,2.34,1.12,1.21,4,7.9,1,36.792939579090294,335.3454,False,False,False,True,False,True,False,False,False,False,True,False,False
4416,5.06,15.66,19.29,785.1,206.32,0.14,1863.12,2.73,0.27,1.89,6,6.59,4,40.69984447900467,563.2536,True,False,False,False,False,False,True,False,False,False,False,True,False
2173,4.73,43.16,21.59,630.75,173.03,8.78,1064.75,2.94,1.17,1.0,6,6.36,8,29.214914312181566,508.7082,False,False,True,False,False,False,False,False,False,True,False,True,False
3970,5.46,27.01,15.86,737.04,94.02,12.21,2100.04,0.71,1.41,1.14,2,5.68,2,46.471626733921816,66.7542,False,False,False,False,True,False,True,False,False,False,True,False,False
4656,6.66,37.95,21.84,112.4,70.43,4.36,1977.04,2.17,0.6,1.89,3,4.59,11,5.146520146520147,152.8331,False,True,False,False,False,False,False,True,False,False,True,False,False
1171,5.72,33.12,23.96,571.08,253.84,14.48,1069.7,2.91,0.34,1.02,1,7.24,2,23.834724540901504,738.6744,True,False,False,False,False,True,False,False,False,False,False,False,True
2426,6.93,25.93,32.78,486.45,279.11,7.41,1313.07,2.86,1.15,1.32,6,8.04,12,14.839841366687004,798.2546,False,False,False,True,False,False,True,False,False,False,False,False,True
2518,6.48,22.84,13.52,643.09,130.61,3.26,2069.03,2.71,0.71,1.63,2,7.21,1,47.56582840236687,353.9531,False,False,False,False,True,False,False,True,False,False,False,False,True
1422,8.37,37.86,21.32,186.36,261.43,9.11,2951.05,2.2,0.73,1.14,5,5.64,2,8.741088180112571,575.1460000000001,False,False,True,False,False,False,False,False,True,False,False,False,True
2194,4.66,17.66,14.53,185.16,66.79,3.53,1620.19,2.41,0.4,1.84,1,4.6,12,12.74328974535444,160.96390000000002,False,False,False,False,True,False,False,False,True,False,True,False,False
4431,7.56,46.5,14.01,262.23,92.49,8.99,2010.74,1.74,0.65,1.06,1,5.32,3,18.717344753747327,160.93259999999998,True,False,False,False,False,False,False,True,False,False,True,False,False
4063,6.09,44.63,32.89,142.09,252.91,6.47,2467.13,2.94,0.81,0.9,1,6.1,7,4.320158102766799,743.5554,True,False,False,False,False,True,False,False,False,False,False,True,False
874,7.07,39.22,24.66,125.46,98.01,7.75,2252.75,1.89,0.7,0.96,6,5.25,3,5.087591240875912,185.2389,False,False,True,False,False,False,False,False,True,False,True,False,False
2177,5.17,12.99,23.37,734.67,83.6,8.62,2907.87,0.61,1.15,0.51,1,6.16,5,31.436456996148905,50.995999999999995,False,False,False,True,False,False,False,True,False,False,False,True,False
4170,5.57,47.56,19.1,318.38,103.87,6.12,2827.36,0.64,0.9,1.73,5,4.85,6,16.669109947643978,66.4768,False,False,True,False,False,False,False,False,True,False,False,False,True
1251,7.27,17.68,15.88,927.25,277.9,13.43,2055.48,0.54,0.68,0.63,5,5.86,10,58.391057934508815,150.066,False,True,False,False,False,False,False,False,False,True,True,False,False
2201,6.82,24.22,30.9,463.94,211.99,2.92,2675.83,1.09,0.87,0.69,1,6.68,8,15.014239482200647,231.06910000000002,False,False,True,False,False,False,True,False,False,False,True,False,False
840,6.71,20.8,18.06,310.76,277.0,4.57,2360.81,1.69,1.1,1.15,4,7.86,7,17.207087486157253,468.13,False,False,False,False,True,False,False,True,False,False,False,False,True
2865,4.76,27.75,34.75,731.57,298.02,0.42,2317.41,0.9,0.68,1.7,4,6.96,1,21.052374100719426,268.218,False,True,False,False,False,False,False,False,True,False,False,True,False
581,6.3,17.09,25.85,447.51,200.21,0.27,2669.58,2.79,0.57,1.44,1,7.51,10,17.31179883945841,558.5859,False,True,False,False,False,False,False,False,False,True,True,False,False
204,5.69,33.57,10.04,689.07,212.03,10.13,2720.9,2.22,0.4,0.87,6,6.13,8,68.63247011952193,470.70660000000004,True,False,False,False,False,False,False,False,True,False,False,False,True
1641,6.01,46.62,23.1,903.95,185.26,1.8,1487.71,1.42,1.35,1.12,4,6.46,8,39.13203463203463,263.06919999999997,False,False,True,False,False,False,False,False,False,True,False,False,True
2014,5.2,12.68,25.87,415.7,287.85,13.93,1009.91,2.32,0.89,0.96,4,7.53,2,16.068805566293,667.812,False,False,False,False,True,False,False,True,False,False,True,False,False
905,6.18,43.26,20.05,1064.92,178.71,12.94,1180.96,2.04,1.13,1.03,3,7.04,10,53.113216957605985,364.5684,True,False,False,False,False,False,False,False,False,True,False,True,False
631,7.58,38.22,24.62,611.45,260.24,11.0,1322.64,1.85,1.37,0.61,5,6.07,4,24.835499593826157,481.444,False,False,True,False,False,False,False,True,False,False,True,False,False
2886,6.54,17.82,34.58,110.92,98.74,9.93,1376.97,2.24,1.42,0.92,2,3.98,5,3.2076344707923656,221.1776,False,False,False,True,False,False,False,False,False,True,False,True,False
1974,5.82,32.83,15.27,754.06,271.8,9.95,2357.34,2.41,1.48,1.87,5,8.2,5,49.38179436804191,655.038,True,False,False,False,False,False,False,True,False,False,False,True,False
162,7.81,47.52,19.8,1139.9,279.73,11.0,1591.56,1.87,1.23,1.63,5,7.34,3,57.57070707070707,523.0951000000001,False,False,False,True,False,False,False,True,False,False,False,False,True
4008,7.31,47.33,25.2,1071.17,198.19,13.56,2710.77,0.63,0.29,0.82,4,6.31,10,42.50674603174603,124.8597,False,True,False,False,False,True,False,False,False,False,True,False,False
2673,5.63,34.12,19.63,782.98,213.56,3.29,2348.26,1.49,0.41,0.69,1,7.82,11,39.88690779419257,318.2044,False,False,False,True,False,False,False,True,False,False,True,False,False
4320,5.44,11.75,31.2,747.71,295.52,14.85,2750.71,2.18,0.89,1.81,1,7.37,9,23.965064102564103,644.2336,False,False,True,False,False,False,False,True,False,False,True,False,False
617,4.88,38.54,20.45,623.13,65.54,6.65,1102.03,0.54,1.32,0.57,3,5.07,4,30.470904645476775,35.391600000000004,False,False,False,True,False,True,False,False,False,False,False,True,False
3781,8.08,18.41,20.66,850.84,78.11,7.89,1515.7,2.08,1.13,0.91,4,5.12,10,41.18296224588577,162.46880000000002,False,False,False,True,False,False,False,False,False,True,True,False,False
1431,5.37,41.23,14.67,681.62,120.66,9.21,2841.06,0.54,0.33,0.54,4,4.73,8,46.46353101567826,65.1564,False,True,False,False,False,False,True,False,False,False,False,True,False
547,8.11,26.16,27.91,204.79,269.42,0.39,2873.45,1.28,1.03,1.56,2,7.32,5,7.3375134360444285,344.85760000000005,False,False,False,True,False,False,False,True,False,False,True,False,False
3109,7.67,13.8,11.19,1188.54,156.1,0.23,1353.99,1.4,1.2,0.89,6,7.43,3,106.21447721179625,218.54,False,False,False,True,False,True,False,False,False,False,False,False,True
4368,5.62,33.2,30.33,1080.01,64.6,12.98,2264.44,1.56,1.38,1.93,5,3.53,7,35.60863831190241,100.776,False,True,False,False,False,False,False,False,True,False,True,False,False
4016,5.92,46.61,24.91,342.41,72.81,11.95,2340.25,1.57,0.78,1.3,4,4.11,7,13.74588518667202,114.3117,False,False,False,False,True,False,False,False,False,True,False,True,False
2238,5.92,13.18,13.58,906.79,74.38,10.33,1284.92,2.84,1.17,1.39,2,3.7,4,66.77393225331369,211.23919999999998,False,False,True,False,False,False,False,False,True,False,False,True,False
4478,8.42,40.63,20.13,449.81,118.89,11.56,2865.86,0.88,0.25,1.25,5,5.08,3,22.345255837059117,104.6232,False,False,False,False,True,False,False,False,False,True,False,True,False
2323,6.55,49.9,12.21,1042.58,138.28,0.32,1547.62,1.52,1.42,0.75,6,5.34,5,85.38738738738738,210.1856,False,False,True,False,False,False,True,False,False,False,True,False,False
3778,6.49,23.91,34.73,644.32,155.01,10.46,1822.83,0.95,1.07,0.94,6,5.77,11,18.552260293694214,147.25949999999997,False,False,False,False,True,True,False,False,False,False,False,True,False
1861,5.69,30.21,21.48,1079.36,189.0,14.55,1540.3,1.08,1.47,0.74,3,5.6,5,50.249534450651765,204.12,True,False,False,False,False,False,False,False,False,True,False,False,True
640,7.64,46.05,12.34,1175.91,295.65,4.19,2729.37,1.27,0.68,1.96,1,7.91,5,95.29254457050244,375.47549999999995,False,False,False,True,False,False,True,False,False,False,False,True,False
3716,7.12,20.58,20.01,1196.8,180.22,14.9,1008.68,1.9,1.29,1.61,3,6.7,9,59.810094952523734,342.418,True,False,False,False,False,True,False,False,False,False,False,True,False
637,5.57,36.88,21.62,320.71,60.36,12.78,1893.73,0.56,1.09,0.54,3,3.59,9,14.833950046253467,33.8016,False,False,False,True,False,True,False,False,False,False,False,False,True
3277,5.21,47.27,12.1,888.27,76.65,8.16,2783.77,2.8,0.64,1.33,5,5.42,10,73.4107438016529,214.62,False,False,True,False,False,False,False,True,False,False,False,False,True
2784,6.58,31.01,30.95,1003.31,151.43,12.97,1454.34,1.37,1.24,0.94,5,6.68,10,32.417124394184164,207.45910000000003,True,False,False,False,False,False,True,False,False,False,False,False,True
2096,6.72,33.08,16.37,338.86,130.63,10.49,2858.09,1.06,1.35,1.33,3,5.46,8,20.700061087354918,138.4678,True,False,False,False,False,True,False,False,False,False,False,False,True
2325,5.51,30.13,13.4,209.7,216.46,2.75,2225.77,2.01,0.22,1.46,4,6.26,11,15.649253731343283,435.08459999999997,True,False,False,False,False,False,False,True,False,False,True,False,False
4242,8.33,36.3,28.6,310.08,128.09,11.39,2853.42,1.28,1.03,0.97,6,5.26,10,10.84195804195804,163.95520000000002,False,False,True,False,False,False,True,False,False,False,True,False,False
4215,5.07,38.48,32.01,604.68,240.57,6.17,1979.33,2.1,0.33,1.92,2,7.68,7,18.890346766635425,505.197,False,True,False,False,False,False,False,False,True,False,True,False,False
2759,7.84,34.28,33.03,330.1,163.64,3.72,1286.56,1.17,1.3,1.63,1,5.23,12,9.993944898577052,191.45879999999997,False,False,False,True,False,False,False,True,False,False,True,False,False
921,4.65,48.11,12.24,904.17,261.78,8.86,2093.38,2.53,0.89,1.83,6,7.47,1,73.87009803921568,662.3033999999999,False,False,True,False,False,False,True,False,False,False,False,False,True
546,5.62,37.73,10.32,995.31,124.08,7.77,2108.23,1.87,1.24,1.0,3,5.72,10,96.44476744186046,232.02960000000002,False,False,True,False,False,False,False,False,False,True,True,False,False
3412,5.71,20.92,22.91,345.63,231.68,12.37,2393.46,0.87,0.78,1.39,5,6.32,10,15.08642514185945,201.5616,False,False,True,False,False,False,False,False,True,False,False,False,True
3894,8.08,46.68,14.86,825.72,147.42,0.12,2804.21,2.54,1.13,1.37,1,6.22,8,55.56662180349933,374.4468,False,False,False,False,True,True,False,False,False,False,False,False,True
2028,4.7,49.46,32.15,262.16,123.47,10.1,1540.29,1.63,0.48,1.21,4,4.12,3,8.154276827371696,201.25609999999998,False,True,False,False,False,True,False,False,False,False,False,True,False
1885,5.92,20.31,34.08,1109.15,59.74,3.35,1136.75,2.7,0.68,1.73,6,5.69,3,32.54548122065728,161.298,False,False,False,False,True,False,False,False,True,False,False,False,True
1642,5.88,38.16,23.17,579.76,103.32,1.42,1078.5,2.15,0.62,1.94,3,5.52,1,25.022011221406988,222.13799999999998,False,True,False,False,False,False,False,False,True,False,False,True,False
3270,6.14,22.27,11.52,585.07,257.69,5.26,1943.38,1.33,0.89,1.62,1,8.08,3,50.78732638888889,342.7277,False,False,False,False,True,False,False,False,False,True,False,False,True
4619,6.11,11.44,12.39,213.6,265.61,4.57,1729.54,2.35,1.05,1.04,3,6.18,10,17.239709443099272,624.1835000000001,True,False,False,False,False,False,False,True,False,False,False,True,False
2097,8.06,23.1,25.24,1102.53,244.77,9.36,2314.47,2.52,0.33,1.31,2,7.81,4,43.681854199683045,616.8204000000001,True,False,False,False,False,False,False,False,False,True,True,False,False
4307,4.75,40.08,23.15,882.22,251.49,4.65,1085.67,2.42,0.37,1.96,1,7.74,3,38.108855291576674,608.6058,False,False,True,False,False,True,False,False,False,False,True,False,False
3319,4.5,28.06,29.2,532.23,257.33,12.96,1472.62,1.8,0.67,1.38,6,6.58,6,18.227054794520548,463.19399999999996,False,True,False,False,False,False,False,False,True,False,True,False,False
4319,5.78,30.24,12.76,451.31,118.56,9.86,1892.89,2.84,0.68,1.97,6,5.51,10,35.36912225705329,336.7104,False,False,False,True,False,False,False,False,False,True,True,False,False
4768,7.33,11.25,14.79,315.28,187.26,13.64,2733.89,0.79,0.75,1.5,4,6.86,10,21.31710615280595,147.9354,True,False,False,False,False,True,False,False,False,False,True,False,False
836,7.0,43.07,30.12,408.85,75.52,4.91,2056.15,2.94,1.25,0.91,1,4.89,5,13.574037184594953,222.0288,True,False,False,False,False,True,False,False,False,False,True,False,False
601,6.67,35.97,22.99,643.66,175.89,6.9,1987.69,1.5,0.5,1.48,5,6.43,3,27.997390169638972,263.835,False,False,False,True,False,False,False,True,False,False,False,False,True
2184,6.49,36.43,21.37,677.38,76.67,5.28,1568.24,1.16,0.66,0.81,5,5.29,9,31.697707065980346,88.93719999999999,False,False,True,False,False,False,False,False,True,False,True,False,False
3589,7.74,20.42,22.93,794.37,125.63,2.17,2760.92,0.62,1.06,1.39,4,6.35,10,34.64326210204972,77.89059999999999,False,False,True,False,False,True,False,False,False,False,False,False,True
4363,7.54,46.81,14.37,936.5,242.97,0.28,1975.88,0.97,0.69,0.96,4,7.79,5,65.1704940848991,235.68089999999998,False,True,False,False,False,False,False,False,True,False,False,False,True
4139,6.68,36.7,18.44,889.01,59.01,12.37,2148.15,2.99,0.34,1.82,2,4.43,3,48.21095444685466,176.4399,True,False,False,False,False,False,False,False,False,True,True,False,False
1582,6.87,19.42,29.81,387.97,199.71,10.81,1798.35,2.77,0.37,1.49,1,6.61,8,13.014760147601477,553.1967000000001,False,True,False,False,False,True,False,False,False,False,True,False,False
4099,7.42,35.8,32.23,865.19,175.46,11.29,1650.88,1.28,0.74,1.98,5,5.32,3,26.84424449270866,224.58880000000002,False,False,False,False,True,False,False,False,True,False,False,False,True
4400,8.09,41.25,23.19,596.6,188.31,0.12,1509.47,2.35,0.87,0.59,4,6.5,7,25.726606295817163,442.5285,True,False,False,False,False,False,False,False,False,True,False,True,False
3695,5.3,22.83,26.03,687.07,260.57,14.67,1261.27,0.97,1.46,1.57,1,7.24,8,26.395313100268922,252.75289999999998,True,False,False,False,False,True,False,False,False,False,False,True,False
1070,5.53,47.47,24.46,725.51,294.41,7.03,2868.73,1.57,1.07,1.24,2,6.18,9,29.661079313164347,462.22370000000006,False,False,False,False,True,False,False,True,False,False,False,False,True
1775,5.85,18.56,23.73,1041.85,114.17,1.96,2159.86,2.33,0.94,1.09,1,6.04,9,43.90434049726085,266.0161,False,True,False,False,False,True,False,False,False,False,False,True,False
4618,6.65,33.91,13.88,415.28,205.58,11.78,2583.2,0.88,1.0,1.01,2,6.36,6,29.9193083573487,180.9104,False,True,False,False,False,True,False,False,False,False,False,True,False
1283,5.28,45.6,14.99,551.31,262.09,10.17,1544.46,1.73,1.18,1.63,2,7.04,1,36.77851901267511,453.41569999999996,False,False,True,False,False,False,True,False,False,False,False,False,True
2846,6.9,11.53,29.32,1170.22,130.9,1.76,2939.27,1.89,1.38,1.21,4,7.42,12,39.91200545702592,247.401,False,False,False,True,False,False,False,True,False,False,False,False,True
4566,7.88,28.42,30.06,115.8,285.74,4.19,2433.45,1.51,0.61,1.76,5,7.52,4,3.852295409181637,431.4674,True,False,False,False,False,False,False,False,True,False,False,False,True
1836,5.06,24.81,28.84,1131.79,57.61,9.01,1137.09,0.53,0.63,0.95,5,4.57,4,39.24375866851595,30.5333,False,False,True,False,False,False,False,False,True,False,False,True,False
4160,7.13,37.5,21.15,1055.49,190.42,5.96,2274.72,1.3,1.12,1.23,6,6.14,4,49.904964539007096,247.546,False,False,False,True,False,False,False,True,False,False,False,True,False
1019,6.33,40.0,33.67,995.47,193.5,4.36,2058.71,1.16,1.04,0.52,6,7.92,8,29.565488565488565,224.45999999999998,False,False,False,True,False,True,False,False,False,False,True,False,False
3624,7.51,28.83,31.69,119.57,107.4,14.36,1274.74,1.14,0.51,1.97,5,5.24,3,3.7731145471757648,122.43599999999999,False,False,False,True,False,True,False,False,False,False,True,False,False
1326,6.83,40.51,24.38,474.81,260.41,10.4,1342.54,1.27,0.67,1.47,5,7.41,8,19.47538966365874,330.7207,False,True,False,False,False,True,False,False,False,False,False,True,False
475,5.3,27.19,30.44,1097.47,162.66,4.0,1893.95,2.13,0.44,1.56,4,6.26,12,36.053547963206306,346.4658,False,False,False,False,True,False,False,False,False,True,False,True,False
3361,5.15,27.24,12.1,748.05,57.76,12.39,1010.18,0.52,0.73,1.72,6,3.95,7,61.82231404958677,30.0352,False,False,False,True,False,False,True,False,False,False,False,True,False
1651,5.55,23.21,18.1,306.23,129.64,13.48,1513.77,1.43,0.87,1.75,4,5.39,1,16.91878453038674,185.38519999999997,False,False,True,False,False,False,False,False,False,True,False,True,False
4017,8.03,37.2,29.67,746.12,67.58,0.28,2552.41,1.33,0.79,0.85,5,4.7,4,25.147286821705425,89.8814,True,False,False,False,False,False,False,False,False,True,False,False,True
4783,7.79,23.13,18.98,1028.0,295.13,7.38,1170.77,2.58,1.48,1.74,6,7.77,8,54.1622760800843,761.4354,False,False,False,True,False,True,False,False,False,False,True,False,False
2441,7.38,29.38,10.54,343.4,234.47,7.14,1429.07,0.76,1.41,1.81,4,6.53,5,32.58064516129032,178.1972,False,False,False,False,True,False,False,True,False,False,False,True,False
3491,7.56,33.33,13.04,345.61,186.41,8.73,1010.92,1.04,0.6,1.03,2,6.11,3,26.503834355828225,193.8664,True,False,False,False,False,False,False,False,False,True,False,True,False
2417,7.83,33.63,28.83,356.86,223.84,10.47,2938.08,0.9,1.03,0.63,6,7.09,12,12.378078390565385,201.45600000000002,True,False,False,False,False,False,True,False,False,False,True,False,False
1373,7.84,36.91,12.9,1042.44,180.63,5.8,2492.19,1.07,1.0,0.77,6,6.78,8,80.8093023255814,193.2741,False,False,False,True,False,False,False,True,False,False,False,False,True
739,4.83,32.51,25.33,1107.86,174.45,5.1,1534.77,1.45,1.44,1.15,4,5.55,1,43.73707066719305,252.9525,False,True,False,False,False,False,False,False,True,False,False,False,True
4602,7.26,44.85,10.55,799.19,178.18,12.86,1528.0,1.83,1.46,1.99,5,6.51,4,75.75260663507109,326.06940000000003,False,True,False,False,False,False,False,False,False,True,True,False,False
2287,6.92,23.87,26.72,541.58,192.99,14.15,2545.86,2.64,1.04,1.08,6,6.71,9,20.2687125748503,509.4936000000001,True,False,False,False,False,False,False,True,False,False,False,True,False
867,4.55,15.13,16.22,157.73,283.98,5.86,1826.02,1.23,1.27,1.22,4,5.61,2,9.724414303329223,349.29540000000003,False,False,True,False,False,False,True,False,False,False,False,False,True
1140,6.98,49.82,34.64,1177.63,114.55,7.14,1265.29,1.02,0.78,1.63,5,6.21,9,33.996247113163975,116.841,False,False,False,False,True,False,True,False,False,False,False,False,True
997,6.95,38.7,13.68,688.76,188.6,13.59,2848.69,0.94,0.61,1.54,4,6.58,5,50.34795321637427,177.284,False,False,True,False,False,False,False,False,False,True,False,True,False
1337,6.84,48.47,27.79,255.16,163.68,10.29,2236.61,1.69,1.41,0.77,1,6.3,6,9.181720043181,276.6192,False,True,False,False,False,False,False,False,True,False,False,False,True
541,5.25,47.17,23.43,824.36,123.91,14.0,2561.87,2.29,1.03,0.97,5,4.13,6,35.18395219803671,283.7539,False,False,True,False,False,False,False,True,False,False,True,False,False
1099,7.05,48.27,11.3,785.38,185.72,3.27,2673.54,2.81,0.51,0.5,3,6.82,8,69.50265486725664,521.8732,False,False,False,True,False,False,False,True,False,False,True,False,False
1132,4.69,45.0,25.45,490.68,179.13,7.32,2129.56,2.49,0.86,1.16,5,6.34,12,19.28015717092338,446.0337,True,False,False,False,False,False,False,True,False,False,True,False,False
4572,6.82,42.87,18.95,396.07,105.25,1.33,1349.48,1.73,0.37,1.36,4,5.97,9,20.900791556728233,182.0825,True,False,False,False,False,False,False,False,False,True,False,True,False
3669,6.69,17.86,21.62,446.7,97.62,13.08,1921.65,2.43,0.81,0.8,2,4.6,9,20.66142460684551,237.21660000000003,True,False,False,False,False,True,False,False,False,False,True,False,False
3705,5.41,47.69,22.75,750.18,105.75,8.16,2471.64,1.25,0.76,0.88,6,4.82,10,32.97494505494505,132.1875,True,False,False,False,False,False,False,True,False,False,False,False,True
59,8.24,38.56,28.87,849.5,275.48,1.3,1730.71,1.17,0.25,1.84,2,7.15,9,29.42500865950814,322.3116,False,False,False,True,False,False,False,True,False,False,True,False,False
2696,7.69,14.17,18.82,1047.63,236.96,3.38,1380.2,2.04,0.55,1.7,1,7.63,10,55.66578108395325,483.39840000000004,False,False,False,True,False,False,False,False,False,True,False,True,False
1938,4.78,47.44,14.42,836.22,119.43,5.03,2506.51,0.97,0.47,1.6,3,5.11,3,57.990291262135926,115.8471,False,False,False,True,False,True,False,False,False,False,False,True,False
4704,7.73,47.95,22.86,920.18,212.12,9.99,1935.03,2.14,1.19,1.54,3,6.47,5,40.25284339457568,453.93680000000006,True,False,False,False,False,False,False,True,False,False,True,False,False
4738,7.07,30.13,15.2,511.93,270.44,12.4,1326.27,2.21,1.42,1.37,1,7.65,11,33.679605263157896,597.6724,False,False,True,False,False,False,False,False,True,False,False,True,False
1078,5.86,37.68,17.78,732.18,290.59,9.69,2694.92,1.68,0.85,0.93,5,8.3,4,41.17997750281214,488.1911999999999,False,True,False,False,False,False,False,False,True,False,True,False,False
3539,4.71,35.0,13.24,792.51,82.26,7.85,2909.72,0.71,0.46,0.75,1,5.21,3,59.857250755287005,58.4046,False,False,False,False,True,False,True,False,False,False,False,True,False
2916,6.0,34.24,10.21,476.87,296.39,10.26,1017.88,2.16,1.4,1.72,2,7.24,1,46.706170421155726,640.2024,True,False,False,False,False,False,True,False,False,False,False,True,False
940,6.26,45.31,29.57,922.62,185.23,12.65,1352.6,2.49,0.88,0.94,5,6.61,1,31.201217450118364,461.22270000000003,False,False,False,True,False,False,False,False,True,False,True,False,False
1080,5.81,45.79,34.8,519.58,198.72,9.13,1068.08,0.75,0.41,1.42,3,5.58,11,14.930459770114945,149.04,False,False,False,False,True,False,False,False,False,True,False,True,False
187,8.29,16.8,27.34,731.37,276.7,14.9,2390.99,1.69,0.84,1.03,5,6.8,1,26.75091441111924,467.623,True,False,False,False,False,False,False,True,False,False,False,True,False
2462,7.55,36.16,13.64,410.54,132.74,5.98,1541.04,1.57,0.38,0.96,1,6.47,4,30.09824046920821,208.4018,False,False,True,False,False,False,False,False,True,False,False,False,True
2085,5.81,25.71,27.07,1110.05,156.27,1.12,1694.94,2.4,0.36,0.75,6,6.49,11,41.006649427410416,375.048,False,True,False,False,False,False,True,False,False,False,True,False,False
4696,7.17,13.13,19.4,366.54,182.34,12.17,2118.76,0.59,1.23,0.51,6,6.05,12,18.893814432989693,107.58059999999999,False,False,False,True,False,False,False,False,True,False,False,True,False
2023,4.75,18.65,11.01,678.32,254.36,13.69,2554.03,1.45,1.3,0.95,4,6.55,9,61.60944595821981,368.822,False,False,False,True,False,False,False,False,True,False,False,False,True
2630,7.98,20.71,32.33,584.04,151.33,11.15,2604.76,1.04,1.2,1.92,4,5.76,1,18.064955150015464,157.38320000000002,False,True,False,False,False,False,True,False,False,False,False,False,True
3954,8.19,29.72,22.75,834.14,286.91,10.92,2459.25,1.1,0.4,1.32,1,7.32,2,36.66549450549451,315.60100000000006,False,True,False,False,False,False,False,False,True,False,False,False,True
3928,7.71,18.8,22.23,1184.05,145.69,14.89,1302.34,1.2,1.29,0.6,5,6.34,2,53.26360773729194,174.828,False,True,False,False,False,False,False,False,True,False,False,True,False
226,4.55,34.34,20.37,154.83,146.78,6.4,1590.26,2.24,0.29,1.01,4,6.34,1,7.600883652430045,328.78720000000004,False,False,True,False,False,False,False,False,False,True,False,True,False
3080,7.96,43.66,14.73,839.76,291.39,2.52,1849.34,1.19,1.16,1.73,6,7.83,1,57.010183299389,346.7541,False,False,False,False,True,False,False,False,True,False,False,True,False
1929,6.52,26.12,15.9,862.73,81.45,2.1,2448.13,2.66,0.85,0.52,4,5.13,1,54.25974842767295,216.657,False,False,True,False,False,True,False,False,False,False,False,True,False
2851,8.09,28.12,29.92,636.76,62.62,0.48,2784.99,1.99,1.19,1.56,5,5.15,11,21.282085561497325,124.6138,True,False,False,False,False,True,False,False,False,False,False,True,False
4314,4.96,35.34,22.93,106.62,222.45,3.85,2420.54,2.69,1.49,1.64,3,6.53,7,4.6498037505451375,598.3905,False,True,False,False,False,False,False,False,False,True,True,False,False
1404,7.99,17.37,34.93,957.15,108.75,2.5,2396.24,2.49,0.56,0.9,5,4.25,8,27.401946750644147,270.7875,False,False,False,True,False,False,False,False,True,False,True,False,False
2179,5.6,42.48,17.07,847.07,79.85,12.3,1770.98,2.27,1.21,1.79,5,4.88,5,49.62331575864089,181.25949999999997,True,False,False,False,False,True,False,False,False,False,False,True,False
697,5.32,23.32,33.28,434.45,200.59,2.09,1122.34,1.61,0.22,1.34,4,7.09,8,13.054387019230768,322.9499,False,False,True,False,False,False,False,True,False,False,False,True,False
1124,4.8,49.85,21.44,777.18,143.53,9.77,1560.75,2.53,0.9,1.29,3,5.93,3,36.2490671641791,363.1309,False,False,False,False,True,True,False,False,False,False,False,False,True
3346,7.03,28.41,11.42,513.27,299.26,14.21,2469.68,2.27,0.69,1.17,5,7.45,10,44.94483362521891,679.3202,False,False,False,True,False,False,False,False,False,True,False,True,False
4222,7.28,10.36,14.14,419.17,121.17,7.15,2775.01,2.41,1.3,1.24,2,5.72,8,29.644271570014144,292.0197,False,True,False,False,False,False,True,False,False,False,False,True,False
1778,4.82,35.16,22.74,1020.22,68.77,9.11,2158.38,2.04,1.34,1.65,6,5.76,6,44.86455584872472,140.2908,False,False,False,True,False,False,False,False,False,True,False,False,True
3757,8.06,12.4,14.27,1032.75,291.78,5.88,1455.73,2.21,0.42,1.02,2,7.35,5,72.37210932025228,644.8337999999999,False,False,True,False,False,False,True,False,False,False,False,True,False
1037,6.21,36.57,25.04,378.55,203.59,2.96,1079.01,0.89,1.22,1.54,4,7.17,1,15.117811501597446,181.1951,False,True,False,False,False,False,False,True,False,False,True,False,False
3941,7.55,34.61,11.4,644.43,235.08,4.8,1023.99,1.29,1.17,1.21,2,7.79,7,56.52894736842104,303.25320000000005,False,False,False,False,True,False,False,True,False,False,False,False,True
2256,5.67,44.25,31.37,886.75,268.53,6.44,1605.64,1.7,0.7,1.34,4,7.47,6,28.26745298055467,456.5009999999999,False,True,False,False,False,False,False,False,True,False,False,False,True
313,7.78,15.68,28.79,605.9,155.79,6.19,2854.73,1.35,0.93,1.01,5,5.45,3,21.04550191038555,210.3165,False,False,False,True,False,False,False,False,True,False,False,False,True
1416,6.08,21.44,18.14,756.85,77.18,3.23,1443.1,1.85,0.83,1.22,3,6.18,3,41.72271223814774,142.78300000000002,True,False,False,False,False,False,False,False,True,False,True,False,False
1036,4.77,46.09,29.64,403.21,224.89,6.94,2016.87,2.75,1.28,1.94,6,6.63,8,13.60357624831309,618.4475,False,False,True,False,False,False,False,True,False,False,True,False,False
2159,5.8,43.28,24.11,587.14,65.45,12.03,2847.71,1.75,0.42,1.02,2,4.02,7,24.352550808793033,114.53750000000001,False,False,False,False,True,False,False,False,False,True,False,True,False
3920,6.3,26.09,31.52,373.41,299.35,7.71,1787.64,2.05,0.61,0.53,4,7.45,10,11.846763959390865,613.6675,True,False,False,False,False,False,True,False,False,False,False,False,True
1754,6.56,26.11,34.25,739.14,267.2,0.64,1852.68,0.83,1.5,1.52,1,7.82,3,21.580729927007297,221.77599999999998,False,False,False,False,True,False,False,False,True,False,False,False,True
2521,8.47,12.25,25.32,546.08,57.41,10.59,1441.94,2.21,0.34,0.84,4,4.13,8,21.567140600315955,126.8761,True,False,False,False,False,False,True,False,False,False,True,False,False
2989,7.32,30.17,33.98,113.31,63.53,5.0,1879.3,2.17,0.45,0.99,1,3.35,1,3.334608593290171,137.8601,True,False,False,False,False,True,False,False,False,False,False,False,True
3761,7.27,43.27,21.7,838.83,277.41,4.78,2468.36,2.06,1.0,1.23,6,8.15,6,38.6557603686636,571.4646,False,True,False,False,False,False,False,False,False,True,False,False,True
4122,7.4,31.78,26.11,538.2,256.95,10.42,2706.71,2.73,0.48,1.21,3,5.87,5,20.612792033703563,701.4735,False,False,False,True,False,False,True,False,False,False,False,False,True
1506,7.96,34.53,15.92,678.15,208.81,4.51,1333.45,2.71,0.58,1.21,1,6.79,1,42.597361809045225,565.8751,False,False,False,False,True,False,False,False,False,True,True,False,False
1923,8.45,42.24,25.93,893.4,178.89,1.33,1687.76,1.94,0.94,1.27,5,6.24,3,34.45430003856537,347.04659999999996,False,False,False,True,False,False,False,False,False,True,True,False,False
448,8.49,48.96,14.24,994.42,71.66,7.55,1915.89,1.19,1.19,1.44,1,6.78,7,69.83286516853933,85.27539999999999,False,True,False,False,False,False,False,False,False,True,False,True,False
2290,8.46,17.55,34.48,1068.07,212.53,12.97,1026.94,1.75,1.17,1.64,6,7.12,10,30.976508120649655,371.9275,False,False,False,True,False,False,False,False,True,False,False,True,False
2367,6.82,47.88,20.04,422.09,176.91,0.44,2000.05,2.24,1.41,0.79,4,7.13,7,21.062375249501,396.27840000000003,False,False,True,False,False,False,True,False,False,False,False,False,True
4770,6.17,27.31,22.1,336.96,226.8,2.03,2627.68,1.02,0.66,1.05,5,7.43,4,15.247058823529409,231.336,False,True,False,False,False,False,False,True,False,False,True,False,False
4596,7.1,48.51,12.68,774.92,186.07,6.87,2854.39,2.34,1.06,0.61,1,6.61,1,61.11356466876971,435.40379999999993,False,False,True,False,False,False,False,True,False,False,False,False,True
361,6.4,18.67,18.62,398.67,139.8,8.23,2184.5,2.41,0.24,1.2,5,5.52,10,21.410848549946294,336.91800000000006,False,False,False,False,True,False,False,True,False,False,False,False,True
2183,5.48,48.79,19.22,221.47,225.76,1.51,1240.29,0.51,0.68,1.18,2,7.74,11,11.52289281997919,115.13759999999999,False,False,True,False,False,True,False,False,False,False,False,False,True
1134,6.41,13.55,25.72,1126.75,98.79,9.51,2361.19,2.11,0.38,1.49,5,4.62,1,43.80832037325039,208.4469,False,False,False,True,False,False,True,False,False,False,False,False,True
3603,8.14,12.67,30.7,669.16,245.5,5.62,1681.67,2.81,1.16,0.95,1,7.51,12,21.79674267100977,689.855,False,False,False,True,False,False,False,True,False,False,False,True,False
2155,7.19,10.84,11.22,367.69,279.84,9.46,2310.53,2.04,0.25,1.71,5,8.11,9,32.77094474153297,570.8736,False,False,True,False,False,True,False,False,False,False,False,True,False
1830,8.41,46.2,11.62,369.9,219.99,5.07,2705.35,0.85,0.49,0.6,1,7.91,5,31.83304647160069,186.9915,False,True,False,False,False,False,False,True,False,False,False,True,False
1053,5.45,20.95,19.35,752.2,161.16,4.58,1109.12,2.96,0.48,1.62,6,6.87,4,38.8733850129199,477.0336,False,False,False,True,False,False,False,True,False,False,False,True,False
22,7.68,30.8,32.18,713.44,145.93,5.14,1687.09,2.53,0.71,1.66,5,6.45,5,22.170292106898696,369.2029,False,False,True,False,False,False,False,True,False,False,False,False,True
2066,5.84,26.25,23.15,540.7,206.36,1.44,2969.06,2.79,1.21,0.69,1,6.78,3,23.356371490280782,575.7444,False,False,False,False,True,True,False,False,False,False,True,False,False
1653,5.98,19.11,19.28,511.82,100.36,7.16,1880.56,2.57,0.86,0.96,2,5.89,9,26.54668049792531,257.92519999999996,True,False,False,False,False,False,False,True,False,False,True,False,False
4641,7.98,44.89,31.91,1054.78,228.2,0.65,1477.6,2.45,0.29,2.0,1,7.12,6,33.0548417424005,559.09,False,True,False,False,False,False,True,False,False,False,True,False,False
2991,7.43,29.21,17.96,473.64,234.63,4.68,2855.24,2.49,0.99,1.77,4,7.18,5,26.371937639198215,584.2287,True,False,False,False,False,False,False,False,True,False,False,False,True
4741,7.69,44.86,20.72,421.64,127.79,6.6,1813.44,1.47,1.17,1.82,2,6.27,10,20.34942084942085,187.8513,False,False,True,False,False,False,False,True,False,False,False,False,True
3750,7.25,14.57,19.24,745.45,103.44,4.45,1760.37,1.9,1.1,0.52,5,5.28,11,38.7448024948025,196.53599999999997,False,False,False,True,False,True,False,False,False,False,False,False,True
460,4.5,33.81,25.22,1011.53,154.5,0.61,2856.1,2.22,1.48,1.72,3,6.01,10,40.108247422680414,342.99,False,False,True,False,False,False,False,False,False,True,False,True,False
1067,5.54,10.56,23.62,721.99,122.08,7.6,1855.75,1.43,0.95,1.14,3,5.23,12,30.56689246401355,174.5744,True,False,False,False,False,False,True,False,False,False,False,True,False
87,6.21,25.66,25.75,747.77,298.53,3.84,1334.45,2.77,1.3,0.55,2,8.84,10,29.039611650485437,826.9281,False,False,True,False,False,False,False,False,True,False,False,False,True
4177,5.23,43.12,23.38,454.55,123.94,3.71,2344.6,1.13,0.83,1.03,6,5.57,6,19.441830624465357,140.05219999999997,True,False,False,False,False,False,False,False,False,True,True,False,False
2605,5.55,21.92,17.4,1147.59,88.36,9.84,2507.05,1.17,0.77,0.56,4,4.16,3,65.95344827586207,103.38119999999999,False,False,True,False,False,False,False,False,True,False,False,False,True
282,7.62,18.8,18.86,1153.4,91.95,1.01,1238.36,2.11,1.46,1.72,6,6.95,8,61.1558854718982,194.0145,False,True,False,False,False,True,False,False,False,False,True,False,False
462,7.93,19.29,28.35,1042.83,189.68,1.18,1696.72,1.43,1.41,1.41,5,6.41,5,36.78412698412698,271.2424,True,False,False,False,False,False,True,False,False,False,False,True,False
212,7.03,21.41,19.88,956.4,93.56,6.47,1173.49,2.24,1.39,0.64,3,5.39,12,48.10865191146881,209.57440000000003,True,False,False,False,False,False,False,False,False,True,False,True,False
2342,7.45,14.92,10.29,178.92,174.4,6.58,1575.5,0.53,0.31,1.38,5,6.26,2,17.387755102040817,92.432,False,False,False,True,False,False,False,False,False,True,False,False,True
1368,5.31,22.21,25.07,1013.82,281.67,9.53,1901.75,1.78,0.4,0.98,4,8.98,2,40.43956920622258,501.37260000000003,False,False,False,False,True,False,False,True,False,False,True,False,False
234,6.14,22.6,24.43,313.5,270.9,12.48,1209.42,2.37,0.23,1.92,6,7.61,2,12.83258288988948,642.033,False,False,False,False,True,True,False,False,False,False,False,True,False
2589,7.21,46.38,23.09,370.68,60.8,9.61,2639.51,2.16,1.14,0.56,4,4.9,7,16.053702901689043,131.328,True,False,False,False,False,False,False,True,False,False,False,True,False
597,5.79,21.47,23.31,114.33,242.45,11.52,1595.03,1.49,1.38,1.08,6,6.55,6,4.904761904761905,361.2505,False,True,False,False,False,False,False,True,False,False,False,False,True
4246,5.87,16.85,31.56,623.03,227.32,10.16,2595.04,2.9,1.12,1.97,6,5.96,5,19.741128010139416,659.228,True,False,False,False,False,True,False,False,False,False,True,False,False
2250,6.82,18.86,25.68,430.27,145.57,13.29,1954.83,1.48,0.67,0.79,5,5.68,6,16.75506230529595,215.44359999999998,False,False,False,True,False,False,False,True,False,False,False,True,False
3745,6.96,12.92,30.3,1039.87,163.93,4.39,1427.61,0.72,1.16,1.36,5,6.59,2,34.31914191419141,118.0296,True,False,False,False,False,False,False,False,False,True,False,False,True
2283,5.04,10.45,25.23,634.41,215.01,7.83,2571.87,2.98,0.68,1.35,3,6.45,2,25.145065398335312,640.7298,True,False,False,False,False,False,False,True,False,False,True,False,False
662,5.0,45.59,14.81,665.45,175.88,7.1,2162.14,1.12,0.4,0.88,5,5.35,2,44.932478055367994,196.9856,False,False,False,False,True,False,False,False,True,False,True,False,False
4764,5.47,15.83,20.84,1105.31,212.18,9.23,2690.2,0.88,0.99,1.7,2,6.84,4,53.037907869481764,186.7184,True,False,False,False,False,False,False,False,False,True,False,False,True
2285,6.16,43.02,28.29,897.03,188.62,6.24,1109.04,1.92,0.71,1.16,3,6.59,1,31.708377518557793,362.1504,False,True,False,False,False,False,False,True,False,False,False,True,False
4533,6.86,18.91,24.58,278.01,238.72,0.67,1890.08,1.29,0.78,0.88,5,6.77,7,11.310414971521563,307.9488,False,False,False,False,True,False,False,False,False,True,False,True,False
2978,6.34,21.85,23.37,1167.98,145.79,12.69,2608.44,1.48,1.39,1.78,1,6.7,10,49.97774925117672,215.76919999999998,True,False,False,False,False,False,False,True,False,False,True,False,False
2346,8.07,20.6,29.72,896.61,287.45,1.51,1535.82,2.99,1.17,1.16,6,8.75,7,30.168573351278603,859.4755,True,False,False,False,False,False,False,True,False,False,False,False,True
3196,4.88,23.78,34.69,550.15,288.75,7.32,1500.92,2.52,0.95,0.72,6,7.23,10,15.859037186509081,727.65,False,False,False,False,True,True,False,False,False,False,False,False,True
779,6.5,13.65,25.37,428.57,256.08,2.23,2690.82,1.03,1.04,1.11,2,7.54,11,16.892786756011034,263.7624,False,False,False,False,True,False,False,True,False,False,False,False,True
3145,4.78,14.33,16.71,459.01,117.05,5.4,1580.97,3.0,1.08,1.93,5,5.88,2,27.469180131657687,351.15,False,False,True,False,False,False,False,True,False,False,False,False,True
3635,6.03,34.41,22.41,185.77,108.64,2.12,2540.38,0.85,0.58,1.78,2,5.75,1,8.289602855867917,92.344,False,True,False,False,False,True,False,False,False,False,False,True,False
3063,5.35,30.07,31.19,920.32,195.53,10.78,2549.98,1.28,0.61,0.52,3,6.19,1,29.506893235011223,250.2784,False,False,False,False,True,False,False,True,False,False,False,True,False
4034,6.76,36.18,24.75,252.67,251.56,12.29,1513.64,1.71,0.74,0.54,5,6.12,1,10.208888888888888,430.1676,False,False,False,False,True,False,True,False,False,False,False,False,True
4644,4.72,13.68,23.07,237.01,237.35,5.0,2914.31,1.9,0.98,0.89,5,6.95,8,10.273515387949718,450.965,True,False,False,False,False,True,False,False,False,False,True,False,False
685,8.16,24.26,20.36,561.45,269.45,3.06,2190.92,0.59,0.93,1.33,4,8.37,4,27.57612966601179,158.97549999999998,False,False,False,True,False,False,True,False,False,False,False,True,False
2955,6.4,43.78,19.89,668.44,202.49,2.62,2015.07,2.5,0.68,1.86,3,7.46,11,33.60683760683761,506.225,False,False,True,False,False,False,False,False,False,True,False,True,False
2569,5.99,15.53,33.05,539.97,252.33,0.95,1548.39,1.94,0.9,0.98,6,6.61,1,16.337972768532527,489.5202,False,False,False,False,True,False,False,False,True,False,True,False,False
2171,6.4,42.05,14.59,173.95,284.76,8.86,2997.52,1.77,0.69,0.53,5,7.22,11,11.922549691569568,504.0252,True,False,False,False,False,False,False,True,False,False,False,True,False
2581,7.93,32.27,19.62,1119.06,132.33,14.91,2135.5,1.09,1.02,1.09,4,5.49,11,57.036697247706414,144.23970000000003,False,True,False,False,False,False,True,False,False,False,True,False,False
1850,6.21,16.67,10.83,208.37,182.01,13.42,2102.29,1.94,0.81,1.1,6,5.48,10,19.24007386888273,353.09939999999995,False,False,False,False,True,False,False,True,False,False,False,True,False
487,6.88,10.6,15.0,392.26,99.52,1.07,1022.31,1.57,1.09,1.65,6,5.6,10,26.150666666666666,156.2464,False,False,False,False,True,True,False,False,False,False,False,False,True
1688,6.37,10.73,10.1,799.03,238.94,11.51,1477.64,2.39,1.33,1.3,5,6.57,5,79.11188118811882,571.0666,False,False,False,False,True,False,False,False,True,False,True,False,False
2230,7.79,28.42,33.38,754.51,63.89,8.49,2280.05,2.85,0.37,1.76,5,4.41,7,22.603654883163568,182.0865,False,False,False,True,False,False,False,False,True,False,False,True,False
3041,5.32,30.95,29.15,1158.02,225.99,6.97,2348.71,2.78,0.42,0.58,3,7.13,7,39.726243567753,628.2522,False,True,False,False,False,True,False,False,False,False,True,False,False
2320,6.93,22.25,17.27,1019.15,62.74,2.92,2402.66,0.94,0.36,1.76,4,5.81,5,59.01273885350319,58.9756,True,False,False,False,False,False,True,False,False,False,False,True,False
782,5.81,24.53,32.78,293.71,288.64,11.87,2965.64,0.6,0.76,0.65,3,7.95,11,8.960036607687613,173.184,False,False,False,True,False,True,False,False,False,False,False,False,True
521,4.53,28.9,31.4,596.37,278.59,0.69,1835.76,2.07,0.42,1.84,5,7.5,1,18.99267515923567,576.6812999999999,False,False,True,False,False,False,False,False,True,False,False,True,False
522,8.25,40.89,24.01,1118.67,167.46,8.59,2386.91,2.64,0.26,1.06,3,7.51,3,46.59183673469388,442.09440000000006,False,False,False,True,False,False,False,False,True,False,False,False,True
2649,7.56,43.51,29.86,518.71,143.32,12.63,1420.42,1.73,1.14,1.34,5,5.59,1,17.37139986604153,247.94359999999998,True,False,False,False,False,False,False,False,False,True,True,False,False
4450,6.81,28.02,23.23,1018.76,132.31,13.64,1920.96,1.46,1.49,1.5,4,7.2,11,43.855359448988374,193.1726,True,False,False,False,False,False,False,False,False,True,True,False,False
2207,7.35,21.57,25.07,247.81,285.49,0.34,2632.83,1.1,1.2,0.74,3,7.84,5,9.884722776226566,314.03900000000004,False,False,True,False,False,True,False,False,False,False,False,False,True
3248,6.51,27.72,23.05,753.41,64.63,1.29,2655.33,2.49,0.52,1.53,3,5.43,2,32.685900216919734,160.9287,True,False,False,False,False,False,False,True,False,False,True,False,False
3309,7.89,21.53,21.97,832.8,184.42,7.81,1231.04,1.11,0.29,1.13,4,6.53,12,37.90623577605826,204.7062,False,False,False,False,True,True,False,False,False,False,False,False,True
3050,7.8,10.33,21.03,982.75,170.13,3.64,2160.02,0.85,1.15,1.95,6,7.97,12,46.73086067522586,144.6105,False,False,True,False,False,True,False,False,False,False,False,False,True
1511,7.57,12.27,29.46,1033.1,71.87,7.45,1184.03,2.32,1.09,1.83,3,5.03,7,35.06788866259334,166.7384,False,False,False,True,False,False,False,True,False,False,False,True,False
1882,4.93,39.47,24.37,1091.84,280.32,9.41,1909.4,2.72,0.74,0.58,5,7.22,11,44.80262617972917,762.4704,True,False,False,False,False,False,False,False,True,False,True,False,False
651,5.26,45.09,31.06,1075.78,206.8,7.16,2983.38,2.97,0.99,1.59,1,7.66,5,34.63554410817772,614.196,False,False,False,True,False,False,False,False,False,True,False,False,True
2603,7.44,26.12,27.99,230.91,114.44,9.25,1350.91,0.73,1.23,1.49,5,4.3,5,8.2497320471597,83.54119999999999,True,False,False,False,False,False,False,False,True,False,False,False,True
2882,4.62,30.78,28.23,934.29,64.52,10.37,1982.26,2.51,1.06,1.79,6,5.63,1,33.095642933049945,161.94519999999997,False,False,True,False,False,False,True,False,False,False,False,True,False
369,4.72,27.53,19.67,298.7,56.02,4.84,1593.02,2.45,1.0,1.52,4,3.82,5,15.185561769191661,137.24900000000002,True,False,False,False,False,False,False,True,False,False,False,False,True
2940,4.88,22.99,34.5,1106.61,191.55,7.57,1148.87,1.79,1.1,1.87,4,5.68,8,32.07565217391304,342.8745,False,False,True,False,False,True,False,False,False,False,False,False,True
118,5.12,33.03,13.89,917.38,94.28,14.69,1962.93,0.55,1.08,1.05,4,5.15,6,66.04607631389489,51.854000000000006,True,False,False,False,False,True,False,False,False,False,True,False,False
3095,5.4,44.12,13.92,344.83,217.55,8.35,2692.44,0.95,1.0,0.86,3,6.95,7,24.77227011494253,206.6725,False,True,False,False,False,False,True,False,False,False,False,False,True
4264,8.3,44.26,15.35,1144.96,251.6,11.47,1541.79,0.82,1.15,1.89,3,7.15,5,74.59022801302932,206.31199999999998,False,True,False,False,False,False,False,False,True,False,True,False,False
2216,6.33,18.55,23.66,865.19,232.65,3.68,2139.53,1.29,1.08,0.94,4,6.85,3,36.5676246830093,300.11850000000004,False,False,False,True,False,True,False,False,False,False,False,False,True
3299,5.01,44.72,16.41,1018.03,126.27,13.45,1955.5,1.86,0.3,0.84,6,5.48,3,62.03717245581962,234.8622,False,False,False,False,True,False,True,False,False,False,False,False,True
1613,6.19,11.0,27.88,608.38,136.67,13.9,1692.18,1.34,0.47,1.98,2,5.69,4,21.821377331420372,183.1378,False,False,False,True,False,False,True,False,False,False,False,False,True
3225,7.78,17.76,11.61,657.44,265.08,8.18,1678.94,0.68,0.25,0.72,1,7.05,1,56.62704565030147,180.2544,True,False,False,False,False,True,False,False,False,False,False,True,False
962,5.42,10.94,23.16,771.59,90.18,11.9,1530.5,1.33,0.59,1.49,2,5.33,10,33.31563039723662,119.93940000000002,False,False,False,False,True,False,False,True,False,False,False,False,True
2697,4.87,20.11,16.07,433.29,200.29,14.72,1509.47,1.29,0.42,1.86,6,6.66,1,26.962663347853145,258.3741,False,False,False,True,False,False,False,False,True,False,False,True,False
3802,5.54,44.94,20.5,156.5,210.74,5.45,2841.41,1.01,0.5,1.76,3,6.49,9,7.634146341463414,212.84740000000002,True,False,False,False,False,True,False,False,False,False,False,True,False
2829,7.72,25.49,11.61,417.87,113.71,5.5,1364.05,1.16,1.14,0.55,4,5.21,3,35.992248062015506,131.90359999999998,False,False,True,False,False,False,False,False,False,True,False,False,True
4472,6.5,11.51,23.63,1158.83,80.83,8.26,2315.4,1.21,0.25,1.96,1,4.68,11,49.04062632247143,97.8043,False,True,False,False,False,False,False,False,True,False,False,False,True
4038,8.42,43.84,21.8,324.07,104.01,5.3,1162.23,2.43,0.24,1.17,3,6.32,8,14.86559633027523,252.74430000000004,True,False,False,False,False,True,False,False,False,False,True,False,False
2185,4.96,41.91,34.89,525.66,150.76,4.74,1995.61,1.16,0.4,1.74,6,6.05,1,15.06620808254514,174.88159999999996,True,False,False,False,False,True,False,False,False,False,True,False,False
2634,7.32,19.61,29.47,958.22,196.59,6.29,1511.4,0.67,0.91,1.68,1,6.93,6,32.51510010179844,131.7153,False,False,True,False,False,False,False,False,True,False,False,False,True
2037,4.65,35.78,10.11,693.29,70.47,6.77,2083.05,1.6,1.41,1.69,5,4.18,11,68.57467853610287,112.75200000000001,False,False,False,True,False,False,False,False,False,True,False,False,True
772,6.11,20.27,26.04,1199.89,217.74,10.95,2390.47,2.05,0.57,1.98,5,6.6,2,46.07872503840246,446.36699999999996,False,False,False,False,True,True,False,False,False,False,True,False,False
1284,7.41,33.07,13.72,1121.4,219.71,11.29,2937.06,1.83,0.73,1.37,1,5.96,12,81.73469387755102,402.06930000000006,True,False,False,False,False,False,False,False,False,True,False,True,False
4733,6.07,36.45,13.55,481.6,148.69,4.67,2334.92,0.58,0.89,1.68,5,6.01,6,35.542435424354245,86.24019999999999,True,False,False,False,False,False,False,False,True,False,False,True,False
1414,7.57,40.86,25.91,1081.88,168.49,9.79,2127.65,1.66,1.03,1.59,2,5.98,6,41.755306831339254,279.6934,False,False,False,False,True,False,True,False,False,False,True,False,False
1234,5.15,30.46,22.29,782.37,174.22,2.8,2970.5,2.43,1.3,1.14,2,7.69,4,35.09959623149395,423.3546,False,True,False,False,False,True,False,False,False,False,True,False,False
2522,4.84,10.03,31.3,989.16,136.82,12.88,2721.44,1.37,0.73,1.25,1,6.74,1,31.602555910543128,187.4434,False,False,True,False,False,False,True,False,False,False,False,True,False
435,6.07,37.88,28.12,924.58,139.12,14.41,1030.7,2.29,0.97,0.61,5,5.62,7,32.879800853485065,318.58480000000003,False,False,False,False,True,False,True,False,False,False,False,False,True
1674,7.55,37.77,26.02,359.63,285.12,6.11,1326.67,2.58,1.49,1.7,4,7.9,10,13.821291314373559,735.6096,True,False,False,False,False,False,True,False,False,False,False,True,False
365,7.92,27.72,15.01,791.25,108.73,1.66,2739.51,1.33,0.42,1.64,2,5.81,7,52.71485676215856,144.61090000000002,False,False,False,False,True,False,True,False,False,False,True,False,False
4621,5.43,28.06,15.46,620.69,98.07,8.53,1612.8,2.71,0.32,1.88,4,5.23,6,40.14812419146184,265.7697,True,False,False,False,False,False,False,False,True,False,True,False,False
231,5.43,27.3,31.56,590.4,98.3,6.02,2442.07,2.38,0.72,1.54,3,6.21,1,18.70722433460076,233.95399999999998,False,True,False,False,False,False,True,False,False,False,False,True,False
4100,6.2,34.62,20.71,375.55,55.71,11.28,2134.34,0.58,0.86,1.77,6,2.34,10,18.13375181071946,32.3118,False,False,False,True,False,False,True,False,False,False,True,False,False
3755,6.95,22.68,33.89,1164.57,167.58,1.18,1627.76,0.71,0.94,1.91,5,5.99,10,34.36323399232812,118.9818,False,False,False,True,False,False,True,False,False,False,False,False,True
4054,5.54,17.21,20.29,1032.09,106.4,6.01,1684.31,1.31,0.27,1.14,2,5.53,8,50.866929521931986,139.38400000000001,False,True,False,False,False,False,False,False,True,False,True,False,False
407,7.59,32.94,26.1,789.39,160.61,5.26,1766.51,2.15,0.93,1.58,2,5.96,3,30.244827586206895,345.3115,False,False,True,False,False,False,True,False,False,False,True,False,False
2090,7.19,46.37,12.76,634.59,139.62,4.56,2545.92,1.91,1.42,1.13,2,5.76,8,49.73275862068966,266.6742,False,False,False,True,False,False,False,True,False,False,False,False,True
86,7.45,35.36,17.78,855.47,216.23,14.51,2895.16,1.98,0.21,0.9,4,5.7,9,48.11417322834645,428.1354,False,True,False,False,False,False,True,False,False,False,False,False,True
844,8.13,45.06,26.11,1131.42,226.95,10.11,1951.74,1.35,1.33,1.54,6,7.03,6,43.33282267330525,306.3825,False,False,True,False,False,False,True,False,False,False,False,False,True
1031,4.87,42.17,18.27,403.58,51.12,4.66,2714.11,2.88,1.35,0.8,1,4.62,5,22.089764641488777,147.2256,False,False,False,True,False,False,True,False,False,False,False,True,False
2459,4.98,22.69,20.7,1042.36,92.56,8.87,1145.35,0.79,1.19,0.88,2,4.34,11,50.355555555555554,73.1224,False,False,False,True,False,False,False,False,True,False,False,True,False
2986,7.19,28.82,32.74,626.45,274.86,8.82,2174.23,1.49,0.43,1.12,5,7.11,9,19.134086744043984,409.5414,False,False,False,False,True,False,False,False,True,False,False,True,False
3010,7.86,40.85,16.45,923.96,68.64,11.44,2987.18,0.65,1.14,0.78,3,3.39,2,56.167781155015206,44.616,False,True,False,False,False,False,True,False,False,False,False,False,True
855,6.34,45.19,18.1,1091.81,95.38,12.91,2858.17,1.05,0.79,1.57,6,5.4,3,60.320994475138114,100.149,True,False,False,False,False,False,False,False,True,False,False,True,False
78,5.83,43.12,31.99,1048.23,88.98,12.85,1121.02,1.92,1.31,1.24,2,4.62,7,32.76742732103783,170.8416,False,False,False,False,True,False,False,False,False,True,True,False,False
2247,7.23,29.46,26.34,435.5,78.22,10.46,1106.69,2.2,0.98,1.19,2,4.79,11,16.533788914198936,172.084,False,False,False,True,False,False,False,False,True,False,True,False,False
4392,5.73,39.96,32.71,591.63,106.83,10.82,2600.25,0.56,0.78,1.44,2,5.29,9,18.0871293182513,59.8248,True,False,False,False,False,False,True,False,False,False,False,False,True
3403,7.17,13.88,33.22,409.8,289.28,3.08,1208.91,2.05,0.62,1.03,4,7.35,6,12.335942203491873,593.0239999999999,False,True,False,False,False,False,False,True,False,False,False,True,False
2718,7.81,26.98,28.71,576.24,147.07,0.18,2353.62,3.0,1.4,1.17,3,5.99,8,20.07105538140021,441.21,False,True,False,False,False,False,True,False,False,False,False,True,False
2715,4.96,41.43,17.67,981.48,180.19,12.73,2408.72,2.39,0.37,0.57,5,6.58,4,55.54499151103565,430.6541,False,False,False,False,True,False,False,False,True,False,False,True,False
2279,5.22,17.56,30.31,951.1,211.18,1.7,1204.25,2.6,0.47,1.63,6,7.59,4,31.379082810953484,549.068,False,False,False,True,False,False,True,False,False,False,False,True,False
3000,7.13,46.43,31.86,617.52,171.45,9.31,1372.01,0.86,0.69,0.63,3,5.2,6,19.382297551789076,147.44699999999997,False,False,True,False,False,True,False,False,False,False,False,False,True
3915,8.14,27.74,12.17,320.24,142.17,10.93,1499.71,2.0,0.87,1.46,2,6.63,11,26.313886606409206,284.34,False,False,False,True,False,False,True,False,False,False,True,False,False
3905,6.69,22.13,14.66,341.97,226.46,7.05,1629.09,0.76,0.8,1.41,5,6.69,11,23.32673942701228,172.1096,True,False,False,False,False,True,False,False,False,False,False,True,False
3192,6.8,41.07,19.5,646.7,259.62,1.96,1098.91,1.94,1.48,1.7,4,8.05,9,33.16410256410256,503.6628,False,False,True,False,False,False,False,False,False,True,False,True,False
2176,4.78,43.49,27.5,985.49,140.0,10.04,1301.54,1.01,1.39,1.5,4,6.15,1,35.836,141.4,False,True,False,False,False,False,False,False,False,True,True,False,False
424,4.98,39.76,23.59,952.24,127.61,14.27,2148.74,1.62,0.87,1.06,4,5.68,5,40.36625688851208,206.72820000000002,False,True,False,False,False,False,False,False,True,False,True,False,False
392,7.17,14.7,27.39,164.49,175.47,8.71,2306.55,2.96,0.43,1.58,4,5.8,10,6.005476451259584,519.3912,True,False,False,False,False,False,False,True,False,False,False,True,False
4543,7.79,38.41,22.0,1085.27,298.61,5.11,2948.11,2.02,0.55,1.43,6,8.63,1,49.33045454545454,603.1922000000001,False,False,False,True,False,False,False,False,False,True,False,False,True
3592,4.53,36.85,32.1,195.68,162.41,9.14,1245.64,2.43,1.21,1.69,4,4.94,7,6.09595015576324,394.65630000000004,False,False,False,True,False,False,False,False,True,False,False,False,True
104,6.52,13.73,19.47,309.35,147.13,14.83,1587.56,1.71,0.81,1.66,1,5.52,9,15.888546481766824,251.5923,True,False,False,False,False,True,False,False,False,False,False,False,True
2924,4.93,40.82,20.48,158.66,252.02,7.42,2215.2,0.83,0.51,1.36,6,6.65,1,7.7470703125,209.1766,True,False,False,False,False,False,False,True,False,False,True,False,False
1948,7.1,46.93,18.9,978.86,272.51,11.91,2112.22,1.38,1.27,1.5,6,8.89,4,51.7915343915344,376.06379999999996,False,True,False,False,False,False,False,False,False,True,False,True,False
1459,7.23,10.31,34.75,218.17,95.62,1.07,1429.46,0.9,0.74,0.91,6,3.97,5,6.278273381294964,86.058,False,False,False,True,False,False,False,False,True,False,True,False,False
3034,7.76,32.53,23.09,553.39,70.29,11.95,1453.48,2.22,0.69,0.69,2,4.44,9,23.966652230402772,156.04380000000003,False,False,False,True,False,False,False,True,False,False,True,False,False
3245,7.27,44.51,12.87,737.49,211.9,1.18,2562.77,2.89,1.17,1.83,6,8.87,8,57.303030303030305,612.3910000000001,False,False,False,False,True,False,True,False,False,False,False,True,False
2529,4.58,22.87,23.82,792.79,82.4,8.2,1879.11,1.6,1.4,1.75,5,5.01,7,33.28253568429891,131.84,False,True,False,False,False,False,False,False,True,False,True,False,False
4600,8.35,19.24,31.31,669.03,283.33,9.58,1297.55,2.71,0.98,0.62,2,7.29,6,21.367933567550303,767.8243,False,False,False,False,True,False,False,False,False,True,True,False,False
1587,6.73,16.68,27.99,338.7,127.63,10.11,2832.88,1.66,1.31,0.91,3,4.61,7,12.10075026795284,211.86579999999998,True,False,False,False,False,False,False,False,False,True,False,True,False
3406,4.52,11.39,14.77,1028.96,207.58,8.63,1511.37,2.69,0.48,0.62,1,5.93,8,69.66553825321598,558.3902,False,False,False,True,False,True,False,False,False,False,True,False,False
1731,4.87,33.06,21.65,855.44,65.07,2.29,1760.27,1.91,1.05,1.62,1,5.07,6,39.51224018475751,124.28369999999998,False,True,False,False,False,False,False,False,True,False,False,True,False
3453,5.01,24.42,14.41,848.9,78.48,9.72,2804.54,2.62,1.24,1.68,6,5.11,6,58.91047883414296,205.6176,False,False,False,False,True,False,False,False,False,True,False,True,False
3424,5.74,36.8,26.71,290.69,115.61,10.39,1636.87,2.98,0.35,1.5,3,5.53,10,10.883189816548109,344.5178,False,False,False,False,True,True,False,False,False,False,False,False,True
1791,4.9,36.87,31.2,221.35,211.22,10.11,2428.36,1.79,1.11,1.23,5,5.32,1,7.094551282051282,378.0838,True,False,False,False,False,False,True,False,False,False,False,False,True
2355,5.48,48.15,30.6,814.63,163.46,10.31,1420.02,2.62,1.06,0.64,2,5.03,5,26.621895424836598,428.26520000000005,False,False,True,False,False,False,False,True,False,False,True,False,False
1940,7.04,15.08,27.26,864.84,109.06,3.27,1291.65,2.85,0.65,1.3,3,5.27,12,31.72560528246515,310.821,False,False,True,False,False,False,False,False,True,False,False,True,False
702,4.73,25.24,21.44,503.19,291.67,12.11,1306.46,1.25,1.48,1.23,1,6.79,11,23.469682835820894,364.58750000000003,False,False,True,False,False,True,False,False,False,False,False,True,False
2628,5.39,39.47,32.32,812.27,299.33,2.58,1492.61,0.85,0.51,1.91,1,8.41,6,25.13211633663366,254.43049999999997,True,False,False,False,False,False,False,False,True,False,True,False,False
496,8.21,41.38,19.06,1086.26,146.8,10.93,1967.25,0.52,0.24,0.92,6,6.67,3,56.99160545645331,76.33600000000001,False,False,True,False,False,False,False,False,True,False,False,False,True
464,4.98,20.71,18.63,1014.51,140.25,9.7,1410.87,2.08,0.26,1.0,6,6.59,10,54.45571658615137,291.72,False,False,False,False,True,False,False,True,False,False,True,False,False
4620,7.07,21.55,29.47,736.14,223.34,12.78,2800.28,0.74,1.11,1.29,2,7.09,5,24.97930098405158,165.2716,False,False,False,False,True,True,False,False,False,False,False,False,True
4181,8.37,23.44,11.85,457.27,238.25,4.75,2316.38,2.5,0.61,1.45,2,7.07,8,38.58818565400844,595.625,True,False,False,False,False,False,True,False,False,False,False,True,False
172,6.95,30.86,34.63,770.41,255.07,8.59,1499.78,1.37,0.95,1.81,2,6.83,12,22.24689575512561,349.4459,False,True,False,False,False,True,False,False,False,False,True,False,False
4571,5.95,15.78,15.16,302.38,98.86,11.07,1464.45,1.85,0.55,0.54,6,5.36,7,19.945910290237467,182.89100000000002,False,False,True,False,False,False,False,True,False,False,False,True,False
4606,8.01,22.85,20.58,325.59,117.43,4.63,2413.83,2.63,1.05,1.07,4,5.4,6,15.82069970845481,308.84090000000003,False,False,False,True,False,False,False,True,False,False,False,True,False
3039,6.97,32.81,29.29,558.14,188.14,5.14,2575.77,1.44,0.49,0.63,3,7.45,5,19.05565039262547,270.92159999999996,False,True,False,False,False,False,True,False,False,False,False,False,True
2751,6.11,29.41,21.28,771.45,164.02,14.57,2027.72,0.6,1.06,0.8,2,6.84,1,36.25234962406015,98.412,False,False,True,False,False,False,False,True,False,False,True,False,False
2260,5.03,33.2,25.92,291.58,270.09,1.31,2930.63,1.7,1.39,1.25,5,8.4,9,11.249228395061728,459.15299999999996,False,True,False,False,False,True,False,False,False,False,True,False,False
2112,7.33,29.3,28.99,699.1,189.23,4.75,2315.9,0.88,0.64,0.96,3,6.69,5,24.115212142117972,166.5224,False,False,False,True,False,False,False,True,False,False,False,False,True
900,4.63,49.66,33.35,1011.16,278.64,0.51,2200.17,2.62,1.12,1.68,6,7.42,11,30.319640179910042,730.0368,False,True,False,False,False,False,False,False,False,True,False,False,True
1446,6.0,38.91,32.83,1174.06,81.42,0.16,1842.33,1.33,1.47,1.91,5,5.49,11,35.76180322875419,108.2886,False,True,False,False,False,True,False,False,False,False,False,True,False
4269,5.59,27.73,27.52,806.6,103.5,12.76,1715.16,1.36,0.83,1.47,5,6.57,6,29.309593023255815,140.76000000000002,False,True,False,False,False,False,False,False,True,False,False,False,True
741,7.57,42.11,16.86,841.02,284.72,4.53,2775.49,2.04,1.11,1.83,5,8.06,11,49.88256227758007,580.8288000000001,True,False,False,False,False,True,False,False,False,False,False,False,True
2293,7.21,32.16,29.04,298.15,147.99,11.26,2591.0,2.33,1.4,1.52,1,5.92,2,10.266873278236915,344.8167,False,False,False,True,False,True,False,False,False,False,False,False,True
2450,7.73,45.82,17.48,439.22,110.85,8.38,1906.95,0.98,1.27,1.03,3,5.8,5,25.12700228832952,108.633,False,False,True,False,False,True,False,False,False,False,True,False,False
3790,5.69,14.03,34.83,1156.06,279.13,13.13,1017.81,2.92,0.21,0.5,3,6.01,9,33.19150157909848,815.0595999999999,False,True,False,False,False,False,True,False,False,False,False,False,True
1206,7.33,21.9,21.13,458.07,64.76,10.23,1638.84,2.04,1.36,1.0,6,4.61,2,21.678655939422622,132.11040000000003,False,False,False,False,True,True,False,False,False,False,True,False,False
509,7.16,19.27,18.17,154.21,287.48,10.92,2491.69,1.0,1.37,1.07,1,5.9,12,8.487066593285636,287.48,False,False,False,False,True,True,False,False,False,False,False,False,True
3844,7.71,41.07,22.86,343.65,123.14,9.82,2340.19,1.01,1.1,0.95,5,5.18,9,15.03280839895013,124.37140000000001,False,False,False,False,True,True,False,False,False,False,False,True,False
2617,7.06,36.55,16.56,505.93,137.23,14.04,1005.71,2.18,1.17,1.99,1,5.63,10,30.551328502415462,299.1614,False,False,False,True,False,True,False,False,False,False,False,True,False
1549,5.09,40.14,17.43,733.01,286.19,3.46,2695.42,2.53,1.04,1.06,3,8.39,11,42.05450372920252,724.0606999999999,False,False,False,False,True,False,True,False,False,False,False,True,False
4405,7.83,44.39,19.89,123.75,232.2,0.51,2993.26,1.83,1.17,1.48,6,6.47,9,6.221719457013575,424.926,False,False,True,False,False,False,False,False,False,True,False,True,False
2202,7.12,26.4,12.62,1011.63,180.61,9.74,1786.84,1.6,0.39,1.08,1,8.22,12,80.1608557844691,288.97600000000006,False,True,False,False,False,False,False,False,True,False,False,True,False
2044,6.36,17.75,12.09,678.14,89.72,3.26,2294.89,1.42,1.04,0.76,1,5.14,2,56.090984284532674,127.40239999999999,False,False,False,True,False,False,False,False,False,True,False,False,True
767,8.09,39.96,11.88,911.72,98.47,12.16,2930.63,1.81,0.53,1.93,4,6.03,12,76.74410774410774,178.2307,False,True,False,False,False,False,False,True,False,False,False,False,True
4678,6.4,39.73,13.13,655.53,166.49,10.17,2096.58,1.13,1.31,1.48,6,6.46,10,49.92612338156892,188.1337,False,False,False,True,False,False,True,False,False,False,False,False,True
3475,8.46,13.53,27.07,281.66,256.04,10.01,2012.48,1.5,0.26,1.3,2,5.62,7,10.40487624676764,384.06000000000006,False,False,True,False,False,True,False,False,False,False,True,False,False
421,7.82,16.09,16.37,102.29,119.93,13.54,1171.76,2.45,0.66,1.37,3,5.09,3,6.248625534514355,293.8285,False,True,False,False,False,False,True,False,False,False,True,False,False
123,7.29,13.92,26.85,1061.52,217.46,6.68,1009.23,1.71,0.64,1.99,4,6.81,11,39.535195530726256,371.8566,False,False,False,False,True,False,False,False,True,False,False,True,False
3919,6.84,41.54,33.41,530.18,116.41,10.4,1298.69,2.73,0.86,1.57,2,4.93,8,15.868901526489076,317.7993,False,True,False,False,False,True,False,False,False,False,False,False,True
2456,7.4,18.18,34.98,410.85,240.83,8.02,2894.37,0.55,1.31,1.76,2,6.85,6,11.745283018867926,132.4565,False,False,True,False,False,False,False,False,False,True,True,False,False
819,7.34,17.99,22.55,738.58,202.54,10.16,2211.13,1.68,0.44,1.13,2,7.12,5,32.7529933481153,340.26719999999995,False,False,False,False,True,False,True,False,False,False,False,True,False
1403,8.18,23.57,24.78,672.07,108.25,8.69,2753.2,2.0,0.87,1.95,3,5.07,10,27.121468926553675,216.5,False,False,True,False,False,False,False,False,False,True,False,False,True
1382,7.9,30.85,29.46,171.8,147.44,4.45,2576.08,1.4,1.33,1.73,2,6.51,9,5.8316361167685,206.416,False,False,True,False,False,False,False,False,True,False,True,False,False
2148,7.8,47.83,33.83,1167.88,80.07,1.42,1291.0,1.33,0.65,1.87,4,4.87,12,34.522021874076266,106.4931,True,False,False,False,False,True,False,False,False,False,False,False,True
1575,5.67,26.07,18.34,137.01,86.91,13.66,1500.4,1.49,0.85,1.14,2,4.39,1,7.470556161395856,129.4959,False,False,True,False,False,False,False,False,True,False,True,False,False
1638,6.17,36.2,18.91,711.3,153.1,6.42,2505.28,0.56,0.61,1.71,2,5.96,12,37.61501850872554,85.736,False,False,False,True,False,False,False,False,False,True,False,True,False
1795,6.14,29.8,12.0,1183.39,261.21,3.84,2031.17,2.87,0.32,0.69,4,8.45,8,98.61583333333334,749.6727,False,False,True,False,False,False,False,False,False,True,False,True,False
4625,6.74,15.62,25.53,759.12,167.95,3.43,1711.66,2.65,0.22,1.56,3,6.6,10,29.734430082256168,445.06749999999994,True,False,False,False,False,False,False,False,True,False,False,False,True
399,5.92,45.61,18.72,242.79,68.49,11.23,2361.02,0.91,0.5,0.59,4,5.09,1,12.969551282051283,62.3259,False,False,False,False,True,False,False,True,False,False,True,False,False
2310,7.29,38.16,33.87,487.58,291.06,1.46,2506.74,2.98,0.64,1.25,3,7.09,7,14.395630351343373,867.3588,False,False,False,True,False,False,False,True,False,False,False,False,True
882,5.58,42.35,27.99,416.12,153.07,3.72,1237.97,2.96,0.96,1.63,3,5.76,3,14.866738120757415,453.0872,False,False,True,False,False,True,False,False,False,False,True,False,False
4774,6.13,34.5,18.52,449.15,283.51,4.45,2927.3,2.67,0.64,1.68,6,7.3,6,24.252159827213823,756.9716999999999,False,False,True,False,False,True,False,False,False,False,False,True,False
2704,6.85,40.2,12.98,1117.29,176.8,1.77,1233.09,2.47,1.49,0.94,1,7.23,3,86.07781201848998,436.6960000000001,False,False,True,False,False,True,False,False,False,False,False,True,False
1352,6.3,20.9,30.79,836.79,245.8,13.0,2737.43,2.63,1.02,0.55,2,7.91,3,27.17733030204612,646.454,False,True,False,False,False,False,False,False,False,True,True,False,False
2743,6.06,25.52,31.02,143.21,52.21,3.44,1134.34,1.38,0.94,0.9,6,3.79,8,4.616698903932947,72.04979999999999,False,False,True,False,False,False,False,True,False,False,True,False,False
4372,5.17,15.08,23.54,499.15,61.91,0.46,2585.24,2.61,0.83,0.57,2,5.32,4,21.204333050127442,161.58509999999998,False,True,False,False,False,False,False,False,True,False,False,True,False
2130,5.23,18.58,22.33,115.14,61.81,5.52,2417.21,1.83,1.42,1.77,1,5.13,11,5.156291983878191,113.1123,False,False,False,False,True,False,False,True,False,False,False,True,False
982,4.81,41.75,18.06,970.31,258.49,9.4,2227.84,1.19,0.97,1.8,5,5.64,1,53.72702104097453,307.6031,True,False,False,False,False,False,False,True,False,False,True,False,False
456,7.63,30.03,27.6,1195.73,165.04,9.81,1293.9,2.66,1.42,0.71,4,7.57,8,43.32355072463768,439.0064,False,False,True,False,False,False,False,False,False,True,False,True,False
3289,4.63,44.51,14.24,170.21,185.16,2.57,2187.01,1.19,1.09,0.63,1,5.85,12,11.952949438202248,220.3404,True,False,False,False,False,False,True,False,False,False,False,False,True
1079,8.18,39.14,26.23,766.5,196.31,9.9,2090.77,1.98,0.4,0.81,3,7.21,12,29.222264582539076,388.6938,False,False,False,False,True,False,False,True,False,False,False,True,False
1950,5.87,27.92,20.25,791.03,103.53,9.42,1194.85,0.77,0.38,1.78,3,4.19,1,39.06320987654321,79.7181,False,True,False,False,False,False,False,False,False,True,True,False,False
4219,4.83,31.28,34.82,1036.21,206.12,3.3,2290.01,1.9,1.35,1.02,3,7.18,1,29.759046524985642,391.628,True,False,False,False,False,False,False,True,False,False,False,True,False
4027,5.58,39.94,28.75,295.99,239.04,13.74,1803.28,1.23,1.07,0.54,5,5.46,10,10.295304347826088,294.0192,False,False,True,False,False,True,False,False,False,False,True,False,False
2429,7.78,18.09,28.13,495.09,77.32,5.74,1176.24,1.13,0.42,0.99,4,4.88,12,17.600071098471382,87.37159999999999,False,False,False,False,True,False,False,True,False,False,True,False,False
641,4.93,44.98,26.48,117.8,110.08,9.87,2460.91,2.46,1.39,1.71,5,4.79,9,4.448640483383685,270.7968,True,False,False,False,False,True,False,False,False,False,True,False,False
2392,5.66,36.97,17.31,363.83,250.17,14.97,1104.89,0.55,1.47,1.45,6,6.96,12,21.018486424032353,137.5935,False,True,False,False,False,True,False,False,False,False,True,False,False
1953,6.67,35.63,26.38,282.41,199.88,14.31,2583.28,1.02,1.49,1.65,1,4.78,2,10.705458680818804,203.8776,False,False,False,True,False,False,False,True,False,False,True,False,False
2570,7.35,41.03,16.11,731.31,165.02,10.27,2715.53,2.94,1.43,1.35,6,8.44,6,45.394785847299815,485.15880000000004,False,True,False,False,False,False,True,False,False,False,True,False,False
2585,4.82,39.97,19.33,865.48,107.63,5.75,2921.95,3.0,0.57,0.71,3,5.84,7,44.773926539058465,322.89,True,False,False,False,False,False,False,False,True,False,False,False,True
3258,6.78,34.16,14.3,531.69,188.8,4.69,2768.95,2.97,0.34,1.29,1,6.87,11,37.181118881118884,560.7360000000001,True,False,False,False,False,False,False,True,False,False,False,False,True
4579,7.26,31.68,34.51,899.15,85.19,12.03,1995.49,2.51,1.35,1.87,2,5.85,5,26.05476673427992,213.82689999999997,False,False,False,False,True,False,False,True,False,False,True,False,False
3868,4.84,11.14,27.23,735.84,88.71,4.11,2981.35,0.52,0.63,0.92,3,5.2,1,27.023136246786635,46.1292,False,True,False,False,False,False,True,False,False,False,False,False,True
1884,6.26,44.66,15.17,828.47,289.45,0.49,2857.52,0.87,1.41,1.43,2,9.54,9,54.61239288068557,251.8215,False,False,True,False,False,True,False,False,False,False,True,False,False
389,7.9,32.77,33.53,1040.15,223.91,2.37,1234.5,2.28,0.64,0.56,2,6.86,11,31.021473307485834,510.5147999999999,False,False,True,False,False,False,True,False,False,False,False,False,True
2907,5.9,44.28,13.05,185.23,146.11,7.91,1561.38,1.2,0.56,1.65,5,5.1,1,14.193869731800765,175.33200000000002,False,False,True,False,False,False,False,True,False,False,False,False,True
2699,7.07,14.58,26.36,747.47,73.48,6.93,1590.13,2.09,0.68,1.44,3,5.84,10,28.3562215477997,153.57319999999999,False,False,False,True,False,False,False,True,False,False,True,False,False
845,6.34,14.75,30.06,955.74,268.0,6.13,2005.75,2.15,1.25,1.78,3,8.21,9,31.79441117764471,576.1999999999999,False,False,True,False,False,False,False,False,True,False,True,False,False
542,5.64,33.42,30.78,767.76,104.63,13.34,1102.71,2.48,1.41,1.2,5,5.94,5,24.943469785575047,259.4824,False,False,False,False,True,False,True,False,False,False,False,False,True
91,5.41,49.71,10.03,159.37,177.79,2.05,1766.81,1.42,0.47,0.98,3,6.69,5,15.889332003988038,252.46179999999998,False,False,False,False,True,False,False,False,True,False,True,False,False
3612,4.62,32.08,23.01,1168.18,81.08,8.55,2170.61,1.27,1.29,0.81,4,5.05,12,50.76836158192091,102.9716,False,True,False,False,False,False,False,False,False,True,True,False,False
1979,6.83,27.15,32.31,1161.75,134.67,2.09,2261.43,1.65,0.55,1.62,2,5.94,1,35.95636025998143,222.20549999999997,False,False,False,False,True,False,True,False,False,False,False,True,False
3681,5.99,27.06,17.68,667.95,168.14,3.93,1795.73,0.73,0.58,1.33,1,6.83,5,37.779977375565615,122.74219999999998,False,False,True,False,False,True,False,False,False,False,True,False,False
3793,5.81,14.26,21.27,1173.2,117.96,12.55,2683.48,1.03,0.2,1.68,5,5.8,7,55.15749882463564,121.4988,False,False,False,False,True,False,False,False,False,True,False,False,True
3478,4.83,28.02,25.21,829.3,127.83,5.02,1322.81,1.78,0.56,0.88,3,5.36,6,32.89567631892106,227.5374,False,False,False,True,False,True,False,False,False,False,False,True,False
1676,6.63,19.7,33.56,159.15,296.49,11.27,1968.69,1.93,1.21,0.63,1,5.48,10,4.742252681764005,572.2257,False,False,False,False,True,True,False,False,False,False,False,False,True
1048,5.01,39.0,33.01,280.64,230.73,10.76,1657.37,1.96,1.43,1.99,1,6.64,6,8.501666161769162,452.2308,False,True,False,False,False,False,True,False,False,False,False,True,False
1960,4.66,44.78,16.75,1115.22,212.35,13.66,1215.8,1.91,0.92,1.85,5,7.12,4,66.58029850746269,405.58849999999995,False,False,False,True,False,False,False,False,False,True,False,True,False
3605,6.46,20.52,12.86,820.78,233.26,0.46,2956.88,1.21,1.43,0.65,6,7.21,1,63.824261275272164,282.2446,False,True,False,False,False,False,False,False,False,True,False,True,False
237,8.16,22.97,14.66,560.46,107.16,9.23,2091.6,0.67,0.85,1.26,2,5.53,8,38.23055934515689,71.7972,False,True,False,False,False,False,False,False,False,True,False,False,True
2765,6.98,17.14,16.16,737.59,108.55,2.44,2582.25,1.15,0.2,1.6,4,6.21,4,45.64294554455446,124.83249999999998,True,False,False,False,False,False,False,False,True,False,False,True,False
3249,5.6,29.01,31.38,208.16,58.84,13.13,2191.38,1.8,0.92,1.45,3,3.29,12,6.633524537922243,105.912,False,True,False,False,False,False,True,False,False,False,False,False,True
1133,8.08,12.72,17.06,811.77,106.02,8.83,2130.29,1.88,0.98,1.68,1,5.58,8,47.58323563892146,199.31759999999997,True,False,False,False,False,False,False,True,False,False,False,False,True
1805,6.56,13.72,31.65,432.39,104.11,3.2,1570.07,0.97,0.48,1.76,6,4.59,6,13.661611374407583,100.9867,False,True,False,False,False,False,False,False,False,True,True,False,False
3879,7.52,14.94,13.19,153.35,116.19,8.53,1554.35,1.92,1.32,0.64,1,6.05,2,11.626231993934798,223.0848,False,True,False,False,False,False,False,True,False,False,True,False,False
163,5.83,22.22,29.33,345.03,133.5,3.2,2864.53,1.07,1.23,1.91,3,5.97,1,11.763723150357995,142.845,True,False,False,False,False,False,False,True,False,False,False,True,False
3253,7.11,18.27,18.49,485.18,107.46,12.91,2274.34,2.28,0.65,1.4,1,5.52,2,26.240129799891836,245.00879999999995,False,False,False,True,False,False,False,True,False,False,False,True,False
4526,6.97,20.81,16.04,1154.37,184.64,7.1,1803.18,2.22,0.97,1.21,2,6.7,7,71.96820448877806,409.9008,False,True,False,False,False,True,False,False,False,False,False,True,False
4522,5.34,23.01,19.84,520.53,193.84,5.66,2121.8,2.85,1.01,0.66,2,6.99,4,26.236391129032256,552.4440000000001,True,False,False,False,False,False,True,False,False,False,False,True,False
3313,5.04,24.65,27.07,222.29,98.11,11.06,2825.16,2.94,0.58,1.82,4,4.01,4,8.211673439231621,288.4434,False,True,False,False,False,False,True,False,False,False,False,False,True
2984,7.81,18.39,23.37,207.47,297.52,8.22,2734.8,1.01,0.98,0.64,5,7.85,10,8.877620881471973,300.4952,False,False,True,False,False,False,False,False,False,True,False,True,False
3525,4.89,25.66,11.4,1086.66,140.1,4.09,2696.33,1.09,0.86,1.37,5,5.99,1,95.32105263157895,152.709,True,False,False,False,False,True,False,False,False,False,False,True,False
3659,6.92,42.12,12.85,942.0,123.75,8.19,2996.47,2.3,0.62,1.88,2,6.33,5,73.30739299610894,284.625,False,False,False,False,True,False,False,True,False,False,True,False,False
1811,7.11,36.92,10.46,551.66,183.27,9.86,1222.62,2.95,0.36,0.74,3,6.75,8,52.73996175908221,540.6465000000001,False,False,False,True,False,True,False,False,False,False,False,True,False
2900,5.76,41.24,23.03,123.05,211.14,5.21,1222.15,1.45,0.38,1.78,3,7.5,9,5.343030829353017,306.15299999999996,False,False,False,False,True,False,True,False,False,False,False,True,False
1428,5.62,33.16,10.09,551.16,239.8,5.61,1228.18,1.91,1.15,1.05,1,7.53,7,54.62438057482656,458.01800000000003,False,False,False,False,True,False,False,False,False,True,True,False,False
3364,6.28,46.36,21.04,171.76,148.71,5.67,1105.5,0.68,1.08,1.96,1,6.9,10,8.163498098859316,101.12280000000001,True,False,False,False,False,False,False,True,False,False,True,False,False
2614,8.39,35.52,21.31,963.1,134.46,9.81,2227.71,1.49,0.56,1.95,5,5.18,12,45.19474425152511,200.3454,False,False,True,False,False,False,False,False,False,True,True,False,False
3163,5.8,17.79,18.81,1031.4,137.59,12.24,1189.02,1.75,1.45,1.58,5,5.34,10,54.832535885167474,240.7825,False,True,False,False,False,True,False,False,False,False,True,False,False
4292,8.35,13.59,31.72,386.48,145.07,12.47,2055.54,0.91,0.77,1.12,4,5.32,6,12.184110970996217,132.0137,False,False,True,False,False,False,True,False,False,False,True,False,False
4467,6.8,21.0,29.99,1028.85,207.22,12.16,1824.27,1.38,1.0,0.87,5,6.87,8,34.30643547849283,285.9636,False,False,False,False,True,True,False,False,False,False,True,False,False
2633,6.48,15.08,18.94,1069.81,139.12,1.25,2026.27,2.75,0.38,1.32,2,6.67,1,56.48416050686377,382.58000000000004,False,False,True,False,False,False,True,False,False,False,False,False,True
1452,5.76,42.43,19.75,514.44,82.09,9.55,1290.66,2.83,1.31,1.66,4,5.31,4,26.047594936708865,232.31470000000002,True,False,False,False,False,False,False,False,False,True,False,True,False
593,5.8,43.39,24.73,980.76,225.34,12.84,1778.4,1.09,1.37,0.88,2,7.85,12,39.658714112414074,245.62060000000002,True,False,False,False,False,False,False,False,False,True,False,True,False
41,8.47,35.23,15.39,691.12,95.15,4.79,1979.34,0.76,0.66,1.57,2,4.2,5,44.90708252111761,72.31400000000001,False,True,False,False,False,False,True,False,False,False,False,False,True
560,6.07,47.75,15.83,599.47,178.32,10.95,1138.74,1.95,1.24,0.61,2,6.26,10,37.86923562855338,347.724,False,True,False,False,False,True,False,False,False,False,False,False,True
2836,5.24,47.45,14.0,1127.81,117.7,13.72,2492.38,2.98,0.96,1.94,4,4.04,5,80.55785714285715,350.746,False,False,False,False,True,False,False,True,False,False,True,False,False
4459,5.68,31.68,13.73,732.45,252.12,1.58,2158.75,1.61,1.36,1.63,1,8.36,10,53.34668608885652,405.9132,False,True,False,False,False,False,False,False,False,True,False,False,True
243,6.52,14.97,31.55,518.84,139.24,14.04,2085.01,2.94,1.05,1.7,3,5.15,9,16.44500792393027,409.36560000000003,False,True,False,False,False,False,False,False,True,False,False,True,False
1339,6.26,35.0,11.95,407.48,233.87,8.51,1493.74,2.31,0.78,1.73,2,7.88,5,34.09874476987448,540.2397,False,True,False,False,False,False,False,True,False,False,False,True,False
3865,7.71,10.61,14.57,462.03,79.27,6.76,1983.81,1.29,0.49,0.89,2,5.27,9,31.711050102951265,102.25829999999999,False,False,False,True,False,False,False,False,True,False,False,False,True
3616,7.69,27.19,21.7,443.4,61.12,6.92,2354.76,3.0,0.91,1.3,5,4.23,9,20.433179723502302,183.35999999999999,True,False,False,False,False,False,False,False,False,True,False,False,True
3527,8.08,29.57,15.56,736.29,256.02,14.37,1090.07,2.52,1.33,1.06,1,6.99,1,47.31940874035989,645.1704,False,True,False,False,False,False,True,False,False,False,False,True,False
1442,8.03,37.78,20.68,956.95,53.45,11.55,1441.13,2.08,0.25,0.68,4,3.85,9,46.274177949709866,111.17600000000002,False,False,False,False,True,False,False,False,True,False,True,False,False
261,4.56,31.52,32.06,500.22,243.94,3.78,1494.37,1.27,0.23,0.82,5,7.15,5,15.602620087336245,309.8038,True,False,False,False,False,False,True,False,False,False,False,True,False
2583,8.49,35.41,21.3,645.64,146.14,5.74,1671.75,2.17,1.36,1.29,1,6.02,3,30.311737089201877,317.12379999999996,False,False,False,False,True,True,False,False,False,False,True,False,False
1689,7.75,35.19,34.33,928.72,255.68,3.8,2281.91,2.94,1.02,1.96,1,8.55,5,27.0527235653947,751.6992,False,False,False,True,False,True,False,False,False,False,False,True,False
1725,7.31,44.85,27.54,363.83,242.97,12.57,1707.41,2.19,1.45,1.88,3,6.87,10,13.210965867828612,532.1043,False,False,False,True,False,False,False,False,False,True,False,True,False
3774,6.32,47.64,24.46,933.95,262.84,12.76,2905.91,0.87,0.49,1.87,4,6.06,10,38.182747342600166,228.67079999999999,False,True,False,False,False,False,False,False,True,False,False,True,False
834,7.26,28.41,23.14,356.93,168.68,14.06,1215.8,3.0,1.17,0.6,1,5.89,3,15.424805531547104,506.04,False,False,True,False,False,False,False,False,True,False,False,True,False
1866,7.21,48.51,13.29,408.95,69.48,1.01,1079.07,2.5,1.1,0.8,4,6.91,5,30.771256583897667,173.70000000000002,False,False,False,False,True,True,False,False,False,False,False,False,True
2496,4.85,35.1,34.9,646.47,294.12,6.1,2042.05,2.73,0.26,0.98,4,8.26,10,18.523495702005732,802.9476,False,False,False,False,True,True,False,False,False,False,False,False,True
2010,6.73,23.22,10.95,496.88,185.13,8.62,1165.69,2.66,0.8,1.01,5,5.46,2,45.37716894977169,492.4458,False,False,False,True,False,False,True,False,False,False,False,False,True
340,7.54,23.55,13.43,240.59,116.32,3.99,1289.48,2.67,0.71,1.62,1,5.42,7,17.914370811615786,310.57439999999997,False,True,False,False,False,True,False,False,False,False,True,False,False
4373,6.48,19.47,29.33,1192.64,112.94,8.19,2874.9,2.62,1.09,1.52,5,5.93,11,40.66280259120355,295.9028,False,False,False,False,True,False,False,True,False,False,True,False,False
1601,4.82,45.11,31.64,849.41,171.08,4.25,1175.58,2.6,0.48,1.39,1,5.89,3,26.8460809102402,444.80800000000005,True,False,False,False,False,True,False,False,False,False,False,False,True
3333,5.91,26.83,27.82,842.22,222.56,6.25,2555.92,1.99,0.94,1.55,5,7.55,5,30.27390366642703,442.8944,False,False,False,False,True,True,False,False,False,False,False,False,True
4511,7.69,31.33,20.72,423.68,145.57,13.93,2495.02,2.79,0.29,0.6,2,4.57,10,20.44787644787645,406.14029999999997,True,False,False,False,False,False,False,False,False,True,False,False,True
480,7.09,41.26,21.48,1131.4,167.75,1.94,1602.0,1.93,0.39,0.64,3,6.62,6,52.672253258845444,323.7575,True,False,False,False,False,False,False,False,False,True,False,False,True
3622,7.1,44.62,11.37,591.87,196.66,11.1,2946.68,2.64,1.46,0.98,6,7.06,8,52.05540897097626,519.1824,False,False,True,False,False,False,False,False,True,False,False,True,False
3161,8.38,22.65,10.5,736.32,103.36,1.1,2911.4,1.75,0.59,1.18,3,4.45,8,70.1257142857143,180.88,True,False,False,False,False,False,False,False,False,True,False,True,False
4456,7.56,46.97,18.05,969.61,90.03,10.43,1248.44,0.63,1.0,1.08,4,5.88,12,53.7180055401662,56.7189,False,False,False,True,False,False,False,False,False,True,False,False,True
2843,6.02,12.64,24.13,1148.37,112.21,12.18,2322.38,1.46,0.54,1.8,1,4.71,11,47.590965602983836,163.82659999999998,False,False,True,False,False,False,False,False,True,False,False,False,True
3953,5.66,12.21,23.19,858.73,278.41,3.71,2635.73,1.73,1.21,0.71,2,6.97,1,37.03018542475205,481.64930000000004,False,False,False,True,False,False,True,False,False,False,True,False,False
1766,7.16,45.76,13.73,365.89,89.33,0.01,2274.49,0.56,0.61,1.58,1,5.08,12,26.648943918426802,50.024800000000006,False,False,False,True,False,False,False,True,False,False,True,False,False
4298,8.49,20.15,25.43,1038.92,116.46,0.57,2789.05,2.25,0.27,1.36,3,6.69,5,40.854109319701145,262.03499999999997,False,True,False,False,False,True,False,False,False,False,True,False,False
2453,7.75,20.62,30.57,230.4,70.19,10.61,2351.78,1.25,0.55,1.25,3,4.78,6,7.5368007850834156,87.7375,False,False,False,True,False,False,False,False,True,False,False,False,True
2685,4.81,46.14,11.13,121.93,180.17,4.26,1440.43,1.14,0.65,1.76,1,6.09,6,10.95507637017071,205.39379999999997,True,False,False,False,False,True,False,False,False,False,True,False,False
3542,6.57,26.72,26.89,1068.68,224.4,5.28,2943.29,1.26,1.25,1.69,3,8.01,1,39.74265526217925,282.744,False,False,False,False,True,False,False,True,False,False,False,True,False
3731,5.17,35.74,33.59,215.59,226.27,13.08,2494.29,2.14,1.11,1.79,1,7.03,2,6.4182792497767185,484.21780000000007,False,True,False,False,False,False,False,False,False,True,True,False,False
4494,5.73,31.9,17.05,420.61,273.29,8.69,2099.06,1.88,0.28,0.96,3,6.13,5,24.669208211143694,513.7852,False,False,False,True,False,False,False,False,True,False,False,True,False
3422,6.92,45.51,16.51,957.33,209.46,5.05,1209.04,1.79,0.76,0.89,2,4.93,7,57.98485766202301,374.9334,False,False,False,True,False,False,False,True,False,False,False,False,True
1271,7.15,18.6,30.96,328.02,239.69,7.68,2433.22,2.53,1.42,1.04,1,5.99,10,10.594961240310077,606.4156999999999,False,False,False,True,False,False,False,False,True,False,False,True,False
2873,5.41,27.18,25.35,105.07,83.79,11.55,1174.42,1.76,0.51,1.57,4,3.87,8,4.144773175542406,147.4704,True,False,False,False,False,True,False,False,False,False,False,True,False
4326,7.06,19.32,27.81,864.15,115.23,11.5,2476.01,2.69,1.19,0.88,1,5.84,3,31.073354908306364,309.9687,True,False,False,False,False,False,False,False,True,False,False,False,True
2887,7.24,10.23,11.98,437.93,256.53,0.35,2929.37,2.05,0.84,0.62,4,7.42,9,36.5550918196995,525.8864999999998,True,False,False,False,False,False,True,False,False,False,True,False,False
347,8.22,38.61,10.57,309.1,267.61,6.36,2332.24,0.65,1.31,1.78,1,8.49,8,29.24314096499527,173.94650000000001,False,False,False,False,True,False,False,True,False,False,False,False,True
3604,6.25,40.42,26.12,873.02,155.26,0.26,1528.53,0.92,1.47,0.91,4,6.87,2,33.42343032159265,142.8392,True,False,False,False,False,False,True,False,False,False,False,False,True
4442,8.1,25.12,33.01,1016.15,126.95,4.73,2257.77,0.51,0.52,0.89,2,5.28,5,30.783096031505604,64.7445,False,False,False,False,True,False,False,True,False,False,False,False,True
2562,6.55,17.43,27.89,895.01,266.9,0.9,2649.11,0.66,1.01,1.36,6,8.08,2,32.090713517389744,176.154,False,False,True,False,False,False,True,False,False,False,False,True,False
4412,4.77,48.36,19.71,461.39,238.41,5.82,1824.29,1.68,1.22,1.15,3,6.45,1,23.408929477422625,400.5288,False,True,False,False,False,True,False,False,False,False,False,True,False
1423,4.69,49.02,26.81,367.13,101.44,1.11,1416.01,1.63,1.35,1.87,3,5.69,12,13.693770980977249,165.3472,True,False,False,False,False,False,True,False,False,False,True,False,False
656,7.32,19.1,29.46,129.88,113.98,4.44,1916.07,2.76,1.42,1.32,2,5.34,12,4.408689748811948,314.5848,False,False,False,True,False,True,False,False,False,False,True,False,False
2102,7.43,12.43,30.38,853.68,259.19,6.74,2065.25,0.59,1.43,0.81,6,7.37,1,28.100065832784725,152.9221,True,False,False,False,False,False,True,False,False,False,False,False,True
632,5.89,35.01,30.53,445.4,92.31,6.35,1192.32,0.89,0.34,1.17,1,5.07,11,14.588928922371437,82.1559,False,False,False,True,False,False,False,True,False,False,False,False,True
2493,4.89,27.61,27.97,1143.4,213.36,0.71,2659.21,1.22,0.5,0.63,5,6.5,9,40.87951376474795,260.2992,False,False,True,False,False,False,False,True,False,False,True,False,False
3827,7.97,42.12,15.94,474.93,246.44,9.4,1423.43,1.26,0.93,1.48,3,7.05,2,29.794855708908408,310.5144,False,False,False,True,False,False,False,True,False,False,False,False,True
3409,4.89,44.73,18.63,1132.65,134.84,4.42,2225.64,2.67,0.34,0.73,6,7.03,8,60.797101449275374,360.0228,False,False,True,False,False,False,False,False,True,False,True,False,False
3083,7.44,24.99,29.79,557.42,104.28,1.03,1824.41,0.58,0.62,1.04,1,4.97,3,18.711648204095333,60.4824,False,False,True,False,False,False,True,False,False,False,False,False,True
4763,8.27,25.43,23.54,468.36,203.17,11.11,1898.28,1.06,1.42,1.82,3,6.83,10,19.896346644010197,215.3602,False,True,False,False,False,False,True,False,False,False,False,False,True
3349,5.22,25.35,30.81,846.77,64.92,6.39,1674.67,2.52,1.13,1.58,4,5.64,11,27.483609217786434,163.5984,False,False,True,False,False,False,False,True,False,False,True,False,False
2500,6.19,47.48,29.17,636.27,237.72,13.33,2086.52,0.56,0.32,0.63,2,6.71,10,21.812478573877268,133.12320000000003,False,False,False,True,False,False,True,False,False,False,True,False,False
1465,4.75,27.93,32.79,136.15,260.24,3.72,1749.38,1.05,0.76,1.5,3,6.59,6,4.15218054284843,273.252,False,False,False,True,False,False,False,False,True,False,True,False,False
2646,4.53,13.88,29.74,999.63,193.96,0.59,2312.82,2.7,1.31,1.41,6,6.55,7,33.61230665770007,523.692,False,False,False,False,True,False,False,False,False,True,False,True,False
115,7.9,23.5,29.4,838.46,146.32,10.16,2158.69,1.94,0.27,1.46,4,5.17,12,28.519047619047623,283.8608,False,False,False,False,True,False,False,False,False,True,False,False,True
1821,5.29,45.0,17.29,275.24,208.75,2.5,1675.12,0.71,0.73,1.1,3,5.99,6,15.919028340080972,148.2125,False,False,False,False,True,False,False,False,False,True,True,False,False
1494,4.66,30.81,32.65,1080.42,299.78,2.3,2051.12,2.4,0.85,0.57,5,9.0,6,33.09096477794794,719.4719999999999,False,True,False,False,False,False,False,False,False,True,True,False,False
2401,5.28,38.72,21.58,617.44,294.06,10.22,1991.14,2.62,0.57,0.87,3,8.89,3,28.611677479147364,770.4372000000001,False,True,False,False,False,True,False,False,False,False,False,True,False
1232,8.26,31.43,26.26,1005.53,177.17,8.64,2446.58,2.4,0.37,1.71,2,6.7,12,38.29131759329779,425.20799999999997,False,False,False,False,True,False,False,False,True,False,True,False,False
2680,5.89,27.66,34.28,843.4,76.13,3.87,1844.09,1.57,0.39,0.99,2,4.22,11,24.603267211201864,119.5241,True,False,False,False,False,False,False,False,False,True,False,False,True
1153,5.28,20.58,22.58,1040.2,292.6,11.6,1938.54,1.21,1.34,1.75,5,8.16,11,46.06731620903455,354.046,True,False,False,False,False,False,False,True,False,False,False,True,False
3573,5.46,34.38,24.82,281.76,234.89,6.0,1456.79,1.48,0.3,0.8,1,5.99,6,11.352135374697824,347.63719999999995,True,False,False,False,False,False,True,False,False,False,False,True,False
57,5.52,41.82,24.61,1197.12,171.42,4.89,2852.55,2.99,0.2,1.78,4,6.37,2,48.643640796424215,512.5458,True,False,False,False,False,False,False,True,False,False,False,True,False
3162,7.31,43.26,21.31,972.56,243.27,5.83,2846.07,0.8,0.24,1.19,2,7.66,10,45.63866729235101,194.616,False,False,False,True,False,False,True,False,False,False,False,True,False
4120,7.15,26.43,22.98,689.96,297.73,5.56,1904.11,0.71,0.23,1.11,3,7.51,9,30.02436901653612,211.38830000000002,False,False,True,False,False,False,False,False,True,False,True,False,False
4746,6.74,20.73,13.82,927.25,83.81,11.82,1113.5,1.15,1.11,1.81,5,5.33,6,67.09479015918959,96.38149999999999,False,False,False,False,True,False,False,False,True,False,True,False,False
1735,5.25,45.39,25.99,699.32,203.24,3.96,2620.09,2.46,1.34,0.89,3,7.04,11,26.907272027702966,499.97040000000004,False,False,False,False,True,False,False,False,True,False,True,False,False
2196,4.76,16.75,24.79,1145.19,297.91,1.49,2761.79,2.27,0.34,1.57,3,8.1,8,46.195643404598634,676.2557,True,False,False,False,False,True,False,False,False,False,True,False,False
3683,7.12,22.27,14.51,517.17,136.09,8.7,1236.46,1.11,1.25,1.1,1,5.0,3,35.64231564438318,151.05990000000003,True,False,False,False,False,False,False,True,False,False,True,False,False
2475,6.45,11.59,34.54,353.38,65.76,13.69,2763.29,2.44,0.63,1.43,1,4.29,4,10.231036479444123,160.45440000000002,False,False,False,True,False,False,False,False,True,False,False,True,False
2564,6.23,14.3,19.6,659.12,160.67,4.52,2251.72,1.08,0.28,0.64,2,7.19,10,33.628571428571426,173.5236,False,False,False,False,True,True,False,False,False,False,False,True,False
2944,7.1,14.86,29.48,839.5,153.24,2.64,2594.18,1.59,1.13,1.85,2,6.42,9,28.476933514246948,243.65160000000003,False,False,False,False,True,False,False,True,False,False,False,False,True
3402,5.85,23.36,20.18,707.61,86.3,10.89,2398.16,2.52,0.51,0.71,5,5.79,10,35.06491575817641,217.476,True,False,False,False,False,False,False,False,True,False,False,True,False
707,7.32,33.8,19.15,1112.02,291.06,14.74,1881.86,2.35,0.32,0.83,5,7.74,1,58.06892950391645,683.991,False,False,False,False,True,True,False,False,False,False,False,True,False
4113,8.01,38.8,28.17,308.16,97.48,0.38,2885.87,1.46,1.45,0.92,2,5.06,8,10.939297124600639,142.3208,False,True,False,False,False,True,False,False,False,False,True,False,False
1093,7.22,17.53,10.72,842.24,289.13,5.62,1818.92,0.7,1.23,0.72,2,7.4,3,78.56716417910448,202.391,True,False,False,False,False,False,False,False,True,False,True,False,False
3318,4.73,18.93,23.92,126.72,101.51,6.3,1962.0,0.72,0.93,1.51,4,3.95,8,5.297658862876253,73.0872,False,True,False,False,False,False,True,False,False,False,False,True,False
1376,6.07,15.14,13.02,923.44,194.4,4.37,1879.79,1.12,1.32,0.88,2,7.51,10,70.92473118279571,217.72800000000004,True,False,False,False,False,False,True,False,False,False,True,False,False
72,6.41,18.21,11.89,170.97,254.14,3.66,1142.85,1.04,0.25,1.41,1,6.95,3,14.379310344827585,264.30559999999997,False,True,False,False,False,False,True,False,False,False,False,True,False
1922,8.3,30.83,14.82,965.57,168.93,3.22,1165.54,0.95,1.45,1.62,2,6.54,4,65.1531713900135,160.4835,False,False,False,False,True,False,False,False,False,True,False,True,False
4573,8.09,43.69,14.04,933.59,182.83,10.77,2763.41,0.57,0.89,0.52,5,7.09,12,66.49501424501425,104.2131,False,True,False,False,False,True,False,False,False,False,False,False,True
1764,6.58,23.36,22.16,1070.16,52.78,6.88,2514.73,1.23,0.26,1.65,1,5.59,1,48.29241877256318,64.9194,False,False,True,False,False,False,False,False,True,False,True,False,False
743,5.45,24.33,17.77,907.74,52.12,13.0,1514.78,1.34,0.52,0.92,5,5.0,11,51.08272369161509,69.8408,False,False,True,False,False,False,False,True,False,False,False,False,True
2686,6.68,28.79,11.26,215.71,102.88,2.4,1513.2,2.83,0.56,0.9,4,5.82,7,19.157193605683837,291.1504,True,False,False,False,False,True,False,False,False,False,False,False,True
1005,6.05,37.47,13.0,1138.06,52.38,6.9,1893.85,1.52,1.31,1.89,4,5.6,3,87.54307692307692,79.61760000000001,False,False,False,False,True,True,False,False,False,False,False,False,True
1190,4.72,47.81,22.6,242.54,201.54,5.32,2819.81,2.64,0.77,0.55,2,6.5,2,10.731858407079645,532.0656,False,False,True,False,False,False,False,False,True,False,False,False,True
4524,8.16,10.63,11.84,496.51,146.84,11.44,1883.69,1.85,0.9,0.53,6,6.28,1,41.93496621621622,271.654,True,False,False,False,False,False,False,False,False,True,False,False,True
3930,5.17,16.34,34.28,647.5,254.2,1.14,2328.28,2.55,0.52,0.73,1,6.23,4,18.888564760793464,648.2099999999999,False,True,False,False,False,False,False,False,True,False,True,False,False
1125,8.34,49.68,13.52,410.32,157.16,5.57,2812.33,1.05,1.07,1.43,6,5.99,10,30.349112426035504,165.018,True,False,False,False,False,True,False,False,False,False,False,True,False
1241,8.23,17.01,31.29,774.71,72.64,14.47,2549.99,2.34,1.44,1.95,5,3.94,1,24.759028443592204,169.9776,False,True,False,False,False,False,False,True,False,False,False,True,False
2659,5.22,14.12,18.17,1074.49,96.81,3.96,2916.74,2.16,0.4,0.76,4,5.5,12,59.135388002201424,209.10960000000003,False,True,False,False,False,False,False,False,False,True,False,True,False
3859,7.42,43.05,26.43,264.0,114.87,0.79,2248.3,1.0,0.62,1.68,4,7.05,9,9.988649262202044,114.87,False,True,False,False,False,False,False,True,False,False,False,False,True
3206,6.67,31.74,11.67,289.89,97.24,13.67,1173.78,0.76,0.25,1.03,6,4.78,12,24.840616966580974,73.9024,False,True,False,False,False,False,True,False,False,False,False,False,True
998,4.75,29.68,10.63,745.49,143.83,10.27,2283.39,2.08,0.59,1.53,6,6.75,9,70.1307619943556,299.1664,True,False,False,False,False,False,False,False,True,False,False,True,False
3153,8.47,49.4,31.13,346.23,204.03,8.39,1242.22,1.93,0.82,1.32,2,6.47,5,11.122068743976872,393.7779,False,False,False,True,False,False,False,False,False,True,False,True,False
1577,4.6,30.52,18.77,960.01,92.39,13.37,1924.49,2.31,0.89,1.01,5,5.25,9,51.14597762386788,213.42090000000002,False,True,False,False,False,False,False,True,False,False,False,True,False
4601,6.1,23.06,28.8,312.07,253.23,12.14,1722.54,2.95,1.14,0.96,1,6.57,2,10.835763888888888,747.0285,False,False,True,False,False,True,False,False,False,False,False,False,True
1826,5.29,17.7,14.14,537.32,246.34,2.6,1855.44,1.31,0.46,0.82,5,7.58,11,38.0,322.7054,False,True,False,False,False,False,False,True,False,False,False,True,False
3914,6.38,11.78,23.98,1123.92,126.36,6.89,2315.15,0.88,0.38,1.12,6,5.6,5,46.869057547956636,111.1968,False,True,False,False,False,False,True,False,False,False,True,False,False
4789,8.15,37.19,11.68,807.63,66.26,7.33,1034.75,2.19,1.01,0.74,6,5.58,3,69.14640410958904,145.1094,False,False,False,True,False,False,False,True,False,False,False,True,False
4538,4.99,47.5,16.11,987.88,67.42,13.06,2623.56,1.7,1.17,1.87,1,4.47,10,61.32091868404718,114.614,False,True,False,False,False,False,False,True,False,False,False,False,True
440,6.46,11.61,24.27,626.41,135.33,7.34,1048.66,1.09,1.16,1.73,1,6.95,1,25.81005356407087,147.50970000000004,True,False,False,False,False,False,True,False,False,False,True,False,False
4752,6.83,34.48,29.59,1021.01,251.5,0.48,2603.54,2.52,1.03,1.24,4,8.5,2,34.50523825616762,633.78,False,True,False,False,False,False,True,False,False,False,False,True,False
1100,6.67,18.27,20.61,394.51,72.94,0.54,1471.27,0.93,1.18,0.72,2,5.72,10,19.14167879670063,67.8342,False,False,True,False,False,True,False,False,False,False,False,True,False
3725,4.71,22.75,18.97,514.38,99.19,14.82,2367.28,0.56,1.16,0.94,3,3.98,2,27.11544544016869,55.546400000000006,False,True,False,False,False,False,False,True,False,False,True,False,False
3536,7.9,44.67,33.45,403.32,166.12,5.95,2071.05,2.77,0.36,0.55,4,5.53,6,12.057399103139012,460.1524,True,False,False,False,False,False,False,True,False,False,True,False,False
649,7.59,22.52,10.09,826.91,177.3,2.24,2402.75,2.29,1.09,1.38,3,7.77,7,81.95341922695738,406.01700000000005,False,False,True,False,False,True,False,False,False,False,True,False,False
1546,4.94,41.09,32.63,208.84,176.44,13.85,1333.38,2.36,1.01,1.29,3,6.66,1,6.4002451731535395,416.3984,False,False,False,False,True,False,False,True,False,False,True,False,False
3296,5.2,12.89,22.26,170.03,263.91,4.01,2673.4,2.88,1.4,1.0,4,7.73,4,7.638364779874213,760.0608000000001,True,False,False,False,False,False,False,True,False,False,False,True,False
3317,8.35,18.36,14.1,1063.59,203.49,5.89,2789.08,2.46,0.8,1.05,6,6.24,8,75.43191489361702,500.5854,False,False,False,False,True,False,False,False,True,False,True,False,False
2971,4.95,16.4,30.48,709.64,211.43,1.5,1168.25,1.52,1.28,1.59,3,6.68,2,23.28215223097113,321.3736,False,False,True,False,False,True,False,False,False,False,False,True,False
630,7.93,49.95,32.97,515.13,238.26,7.88,2384.12,0.87,0.93,1.6,1,6.92,12,15.624203821656051,207.28619999999998,False,False,False,True,False,False,False,False,False,True,False,True,False
672,6.65,14.1,24.26,121.13,58.96,0.16,2305.49,2.66,1.34,1.24,1,4.1,11,4.992992580379225,156.83360000000002,True,False,False,False,False,False,False,False,True,False,False,True,False
1249,6.21,30.87,10.24,729.19,72.69,9.8,2783.94,1.94,0.84,0.74,3,5.19,1,71.2099609375,141.0186,False,False,False,False,True,False,False,True,False,False,True,False,False
482,5.99,20.1,25.09,232.28,275.73,13.84,2300.62,2.14,1.1,1.55,4,6.93,12,9.25787166201674,590.0622000000001,False,False,False,False,True,False,True,False,False,False,False,False,True
1584,4.98,24.57,24.45,614.09,245.01,11.89,1650.64,2.47,0.51,0.76,3,6.16,7,25.116155419222906,605.1747,False,True,False,False,False,False,True,False,False,False,True,False,False
4446,5.84,17.77,14.59,1051.91,193.63,10.95,1576.61,1.93,1.28,1.24,3,6.51,8,72.09801233721728,373.7059,False,False,False,False,True,False,False,True,False,False,True,False,False
2835,7.25,14.79,16.1,261.63,50.73,2.59,1183.2,1.25,0.38,1.03,5,4.37,4,16.25031055900621,63.412499999999994,False,False,True,False,False,False,False,False,False,True,False,False,True
1462,4.6,15.0,14.11,794.65,290.48,5.43,1603.94,1.83,0.74,1.3,6,7.38,10,56.31821403260099,531.5784000000001,False,False,False,False,True,True,False,False,False,False,False,False,True
3651,4.81,19.13,26.77,707.4,154.24,2.16,2082.6,1.3,0.66,0.89,4,5.62,1,26.425102726933133,200.51200000000003,True,False,False,False,False,False,False,False,True,False,False,False,True
3372,6.68,13.2,32.2,140.42,204.6,5.18,1828.65,0.68,1.13,1.55,2,5.31,12,4.36086956521739,139.12800000000001,False,False,False,False,True,True,False,False,False,False,False,True,False
2578,4.52,30.58,17.14,224.6,50.78,14.65,1333.34,1.03,1.47,0.99,2,3.58,12,13.103850641773628,52.3034,False,False,True,False,False,True,False,False,False,False,False,True,False
49,5.7,40.77,21.23,917.28,126.37,8.0,2953.07,0.96,1.39,1.78,5,4.4,11,43.20678285445125,121.3152,False,False,False,False,True,False,False,True,False,False,False,False,True
4121,7.67,36.35,24.5,930.06,60.1,9.54,2134.93,2.98,0.86,1.99,1,4.77,1,37.96163265306122,179.098,False,False,False,False,True,False,True,False,False,False,False,True,False
2949,4.52,30.81,23.78,406.42,75.7,10.0,1420.78,2.11,0.78,1.78,5,4.42,12,17.090832632464256,159.727,False,True,False,False,False,True,False,False,False,False,False,False,True
858,5.78,26.3,31.52,1181.96,273.78,12.91,2642.88,2.12,0.25,0.93,1,7.0,5,37.49873096446701,580.4136,False,False,False,True,False,False,False,False,True,False,False,True,False
1072,5.19,14.18,10.66,1057.12,141.98,8.85,2078.51,0.73,0.94,0.67,3,4.47,1,99.1669793621013,103.6454,True,False,False,False,False,False,False,True,False,False,True,False,False
719,4.52,14.02,18.66,108.93,59.98,12.08,2000.59,2.66,0.61,1.61,5,3.13,1,5.837620578778135,159.5468,False,False,True,False,False,False,True,False,False,False,False,False,True
2943,4.68,19.08,33.65,662.97,219.7,7.54,2448.14,1.61,0.67,1.75,3,7.18,4,19.701931649331353,353.717,False,False,False,True,False,False,True,False,False,False,True,False,False
2631,5.88,44.18,20.64,973.03,247.42,12.28,1501.05,2.42,0.41,1.99,5,7.96,6,47.14292635658914,598.7564,False,False,False,False,True,False,True,False,False,False,True,False,False
1660,6.66,17.7,34.66,1048.58,148.14,10.47,2188.49,1.72,0.49,0.63,1,5.61,3,30.253317945758802,254.80079999999998,False,False,False,True,False,False,False,True,False,False,False,True,False
1656,7.08,15.4,23.48,758.65,74.27,10.47,2114.15,0.6,0.37,1.07,4,5.93,8,32.310477001703575,44.562,False,False,False,True,False,False,False,False,False,True,True,False,False
2425,4.78,11.06,24.22,130.02,94.86,5.47,1078.22,1.98,1.1,1.75,5,5.57,8,5.368290668868704,187.8228,False,True,False,False,False,True,False,False,False,False,False,True,False
4279,6.36,18.55,34.3,365.35,56.98,10.48,2749.17,1.6,1.37,1.85,6,4.11,8,10.651603498542276,91.168,False,True,False,False,False,False,False,False,True,False,True,False,False
4025,5.38,27.2,24.46,732.55,111.53,14.6,1848.53,1.31,0.52,1.25,4,4.66,6,29.948896156991,146.1043,False,False,False,False,True,False,False,False,False,True,False,False,True
4775,8.02,45.06,26.39,527.22,63.55,3.88,1971.56,1.12,0.9,1.58,2,5.49,9,19.978021978021978,71.176,False,True,False,False,False,False,False,False,False,True,False,True,False
3085,4.73,40.38,19.5,979.76,95.83,2.8,1617.76,0.73,0.26,1.05,4,4.79,12,50.24410256410256,69.9559,False,False,False,False,True,False,False,True,False,False,False,True,False
4301,4.83,15.83,26.09,879.1,136.5,9.02,2698.61,1.89,1.22,1.05,3,5.37,1,33.69490226140284,257.985,False,True,False,False,False,False,False,True,False,False,False,False,True
4564,4.67,39.09,31.91,767.55,135.35,2.67,2747.65,1.55,0.9,1.58,1,7.26,3,24.053588216859918,209.7925,False,False,False,True,False,False,False,True,False,False,True,False,False
3855,5.5,48.92,13.37,149.78,147.22,2.04,2641.76,0.88,0.78,1.11,6,4.5,3,11.202692595362754,129.5536,False,True,False,False,False,False,False,True,False,False,True,False,False
2606,4.59,26.56,14.94,776.64,286.61,12.63,2620.58,0.97,0.46,1.21,1,7.27,4,51.98393574297189,278.0117,True,False,False,False,False,True,False,False,False,False,False,True,False
1385,7.98,19.64,21.47,313.1,192.97,6.95,1318.21,2.21,1.2,0.66,1,5.51,5,14.583139264089429,426.4637,False,False,False,True,False,False,False,True,False,False,False,True,False
3560,5.45,21.24,31.33,865.36,82.38,13.11,1126.06,1.41,0.52,1.5,4,3.85,2,27.620810724545166,116.15579999999999,False,False,True,False,False,False,False,True,False,False,False,True,False
1399,7.02,11.11,22.52,1157.62,166.59,13.36,2651.6,0.68,0.5,1.23,6,5.75,11,51.40408525754884,113.28120000000001,False,False,False,True,False,False,False,False,True,False,False,False,True
1195,7.27,16.59,11.15,302.94,275.15,13.06,1650.46,1.23,0.31,1.29,6,8.28,3,27.1695067264574,338.43449999999996,False,False,False,True,False,True,False,False,False,False,True,False,False
1408,6.84,45.74,30.97,270.35,253.5,12.45,1482.21,1.18,1.33,1.92,6,6.63,4,8.7294155634485,299.13,False,False,False,True,False,True,False,False,False,False,True,False,False
3550,6.49,12.67,25.07,654.81,138.04,12.22,2701.98,1.36,1.15,1.44,3,6.24,7,26.11926605504587,187.7344,False,False,False,False,True,False,False,False,False,True,True,False,False
1798,5.65,48.66,12.03,1011.51,136.49,7.39,1704.12,2.06,0.67,1.72,2,6.0,2,84.08229426433915,281.16940000000005,False,True,False,False,False,True,False,False,False,False,False,True,False
1475,7.33,16.56,15.27,1005.25,262.32,8.85,1442.55,2.55,1.31,2.0,6,8.0,5,65.8316961362148,668.9159999999999,False,True,False,False,False,False,True,False,False,False,False,False,True
2997,5.0,47.68,33.96,532.54,215.12,13.09,2600.93,2.29,0.27,1.51,4,5.92,8,15.681389870435805,492.6248,True,False,False,False,False,False,True,False,False,False,False,False,True
35,4.95,31.35,20.13,545.32,245.51,13.99,2557.82,2.19,0.92,0.78,6,6.9,7,27.089915548931945,537.6668999999999,False,False,False,False,True,False,True,False,False,False,True,False,False
3298,4.82,41.28,19.48,1085.12,236.77,10.05,2848.94,1.78,0.78,1.03,1,7.61,4,55.704312114989726,421.4506,False,True,False,False,False,True,False,False,False,False,False,True,False
2345,8.37,39.93,29.61,1188.29,117.09,1.15,2734.29,2.06,0.44,1.01,1,6.01,4,40.13137453562985,241.20540000000003,False,False,False,False,True,False,False,False,False,True,False,False,True
4238,7.03,12.6,11.43,860.2,194.6,7.71,2675.9,2.74,1.26,1.53,5,6.7,1,75.25809273840771,533.2040000000001,False,False,True,False,False,False,False,True,False,False,True,False,False
2359,4.7,19.24,22.74,884.09,213.05,11.08,2706.22,0.77,1.2,1.08,5,7.02,1,38.87818821459983,164.04850000000002,False,False,False,True,False,False,False,False,True,False,False,False,True
2206,5.52,45.89,29.77,457.09,214.49,9.95,2522.26,2.22,1.31,1.48,2,7.3,10,15.354047699025864,476.16780000000006,True,False,False,False,False,False,False,True,False,False,True,False,False
3500,6.79,35.2,14.64,310.75,177.06,6.3,1008.16,1.37,0.9,1.92,3,6.31,8,21.226092896174862,242.5722,True,False,False,False,False,False,False,False,False,True,False,False,True
1286,6.76,19.75,17.95,476.51,92.68,7.18,2144.46,0.54,1.01,0.97,2,5.01,2,26.546518105849582,50.047200000000004,False,True,False,False,False,False,False,True,False,False,False,True,False
349,6.59,11.64,25.67,880.32,112.71,10.14,1832.56,1.24,0.24,1.8,6,5.66,1,34.29372808726139,139.7604,False,False,False,True,False,False,False,True,False,False,True,False,False
4041,7.22,35.5,26.34,218.65,142.04,14.6,2553.12,0.63,1.15,1.92,2,5.44,5,8.301063022019742,89.48519999999999,False,False,True,False,False,False,True,False,False,False,False,False,True
2691,7.54,12.0,34.74,179.24,193.05,0.04,1557.35,1.17,1.27,1.92,1,6.74,7,5.159470351180196,225.8685,True,False,False,False,False,False,False,True,False,False,False,False,True
2778,7.68,21.66,30.25,277.68,201.67,8.5,2885.78,1.2,0.31,0.98,4,7.55,1,9.179504132231406,242.00399999999996,True,False,False,False,False,False,False,True,False,False,True,False,False
4309,8.2,44.63,25.97,416.97,196.62,9.4,1428.11,2.89,0.47,1.71,6,6.87,6,16.055833654216407,568.2318,False,False,False,False,True,False,False,True,False,False,False,True,False
1681,8.45,16.51,13.25,959.53,215.13,8.28,1850.71,1.58,0.63,1.31,1,7.48,10,72.41735849056603,339.9054,True,False,False,False,False,False,False,False,True,False,False,True,False
1443,7.54,18.42,17.43,886.36,167.17,11.52,2723.07,1.67,1.28,0.66,3,5.52,5,50.852553069420544,279.17389999999995,False,True,False,False,False,False,False,False,False,True,False,False,True
3473,7.21,16.11,17.27,684.92,91.17,0.9,1253.46,0.87,0.98,0.71,1,5.36,4,39.65952518818761,79.3179,False,False,False,True,False,False,False,False,True,False,True,False,False
1671,4.84,34.64,25.04,238.72,250.69,13.09,2827.6,1.38,1.2,1.6,6,6.77,9,9.533546325878595,345.95219999999995,True,False,False,False,False,False,False,True,False,False,True,False,False
2754,6.73,32.14,12.81,1111.33,62.54,2.23,2635.67,2.33,0.56,1.74,2,4.91,9,86.75487900078063,145.7182,False,True,False,False,False,False,False,False,True,False,False,False,True
1179,7.54,13.78,27.75,1035.69,206.56,11.97,2111.48,1.06,1.1,1.34,5,5.55,2,37.322162162162165,218.95360000000002,False,True,False,False,False,True,False,False,False,False,False,True,False
4234,8.22,21.12,19.0,763.61,51.42,12.47,2401.09,2.51,1.48,0.6,4,3.36,12,40.19,129.0642,False,False,False,True,False,True,False,False,False,False,False,False,True
3956,6.66,29.41,18.61,287.81,268.61,3.3,1369.66,2.41,0.51,0.7,6,7.45,7,15.46534121440086,647.3501000000001,False,False,False,False,True,False,False,True,False,False,False,True,False
372,7.84,13.74,30.44,1114.02,239.02,6.86,2777.38,1.7,0.57,0.93,1,7.53,8,36.59724047306176,406.334,True,False,False,False,False,False,False,False,True,False,False,False,True
3362,6.91,23.49,34.51,911.37,201.9,6.71,1942.58,0.86,1.27,1.29,1,6.8,6,26.408866995073893,173.63400000000001,False,False,False,False,True,False,True,False,False,False,False,True,False
1916,4.6,15.42,22.73,470.68,168.14,4.35,1139.42,1.52,0.44,1.52,4,6.49,2,20.707435107787067,255.57279999999997,False,False,True,False,False,False,False,True,False,False,False,True,False
1357,6.28,26.27,31.01,1184.02,134.01,6.24,2512.53,1.78,0.2,1.13,2,5.8,3,38.18187681393099,238.53779999999998,False,False,False,True,False,False,False,False,False,True,False,False,True
1825,6.46,42.82,13.97,457.14,295.09,3.59,2190.23,2.31,1.44,1.09,1,8.45,4,32.72297780959198,681.6578999999999,True,False,False,False,False,True,False,False,False,False,True,False,False
786,5.4,26.32,12.28,693.31,136.75,8.88,1521.27,1.88,1.28,1.48,6,5.79,6,56.45846905537459,257.09,False,True,False,False,False,False,False,False,False,True,False,False,True
469,7.9,19.27,11.68,729.66,231.34,8.39,1789.8,2.44,0.64,1.85,6,7.23,11,62.4708904109589,564.4696,True,False,False,False,False,False,False,False,True,False,False,True,False
140,8.48,17.82,15.81,380.57,293.03,10.41,1502.19,2.98,0.65,1.1,6,7.1,7,24.071473750790638,873.2293999999999,False,False,True,False,False,False,True,False,False,False,True,False,False
788,6.93,46.67,34.22,482.9,200.66,7.95,1629.63,1.02,0.71,1.63,4,5.97,10,14.111630625365283,204.6732,False,False,True,False,False,True,False,False,False,False,True,False,False
323,7.4,25.29,32.76,561.66,182.56,11.82,2929.39,1.43,0.72,1.01,5,6.97,5,17.144688644688646,261.0608,False,False,False,True,False,False,False,True,False,False,False,True,False
3830,5.78,11.58,28.77,1187.94,229.29,10.78,2722.19,0.51,1.09,1.77,1,6.45,7,41.29092805005214,116.9379,False,False,True,False,False,False,False,False,False,True,False,True,False
714,6.8,40.68,27.5,386.74,268.69,0.1,1479.37,0.68,1.47,1.34,4,7.16,5,14.063272727272727,182.7092,True,False,False,False,False,False,False,True,False,False,False,True,False
4313,5.1,15.54,28.98,1022.42,98.71,1.25,2184.67,1.78,0.25,0.53,4,6.03,3,35.28019323671497,175.7038,False,True,False,False,False,True,False,False,False,False,False,False,True
2446,7.14,20.28,17.01,200.75,246.76,5.95,2829.15,1.18,0.32,1.27,4,5.36,10,11.80188124632569,291.17679999999996,False,False,True,False,False,False,True,False,False,False,True,False,False
4623,5.01,16.06,29.69,1105.8,215.58,6.92,1863.94,0.62,1.38,1.17,3,7.84,7,37.244863590434484,133.6596,False,False,False,False,True,False,True,False,False,False,False,False,True
4245,6.88,35.36,25.8,1197.25,140.18,5.19,2695.51,2.9,0.32,1.73,6,7.3,5,46.40503875968992,406.522,True,False,False,False,False,False,False,True,False,False,False,True,False
4417,4.67,36.82,17.99,963.37,194.5,3.29,2530.07,1.61,0.32,1.85,2,6.44,7,53.55030572540301,313.14500000000004,False,False,False,False,True,False,True,False,False,False,True,False,False
2812,4.62,47.16,33.47,102.74,132.18,7.09,2156.82,2.26,1.31,1.61,2,4.45,9,3.0696145802210935,298.72679999999997,False,True,False,False,False,False,False,False,False,True,True,False,False
2666,7.02,33.7,30.75,536.54,278.86,11.35,2861.05,2.92,1.14,1.67,5,6.95,11,17.448455284552843,814.2712,False,True,False,False,False,False,True,False,False,False,False,True,False
406,6.67,48.99,19.52,1124.67,212.24,3.27,1630.69,2.21,1.23,1.87,4,7.87,11,57.61629098360656,469.0504,False,False,False,False,True,False,True,False,False,False,True,False,False
3131,4.68,30.34,29.82,1004.11,172.04,7.75,2986.34,2.99,0.98,0.77,3,7.17,2,33.67236753856472,514.3996,False,False,False,False,True,False,False,False,True,False,True,False,False
1004,6.74,41.03,29.25,1023.57,274.11,12.84,2976.46,1.41,1.45,1.89,5,7.93,10,34.99384615384616,386.4951,False,False,False,True,False,False,True,False,False,False,False,True,False
3877,5.27,46.97,15.38,875.1,156.65,6.6,2693.46,2.14,0.45,1.95,1,6.05,8,56.89856957087126,335.23100000000005,False,False,False,False,True,False,False,True,False,False,True,False,False
890,7.95,33.12,24.62,202.63,104.37,5.14,1226.21,2.99,1.07,0.92,4,6.21,4,8.23030056864338,312.0663,False,False,True,False,False,False,False,False,False,True,False,True,False
2411,7.26,40.74,19.6,315.28,282.3,14.98,2147.28,1.42,1.16,0.52,5,6.76,4,16.085714285714282,400.866,False,True,False,False,False,False,False,False,True,False,True,False,False
2545,5.79,41.77,26.96,983.77,90.23,0.32,2979.6,1.67,1.37,0.64,6,6.53,8,36.48998516320474,150.6841,False,False,False,True,False,False,True,False,False,False,False,False,True
3200,5.82,13.46,30.56,1011.98,274.19,14.52,1952.11,2.57,0.84,0.86,6,6.58,10,33.11452879581152,704.6682999999999,False,False,False,True,False,False,True,False,False,False,False,False,True
2390,6.78,40.66,25.82,927.08,265.99,5.77,1623.07,0.79,1.18,1.33,6,7.19,4,35.90549961270333,210.1321,False,False,True,False,False,False,False,False,False,True,True,False,False
3660,8.4,37.66,32.36,545.41,172.78,9.44,1239.51,2.07,0.25,1.73,1,6.49,1,16.8544499381953,357.65459999999996,False,False,False,False,True,False,False,False,True,False,True,False,False
42,6.93,42.68,28.24,171.21,187.26,2.34,2339.38,0.54,1.28,0.93,6,6.57,5,6.0626770538243635,101.1204,False,False,True,False,False,False,False,False,True,False,False,True,False
3927,5.42,29.91,13.24,1035.39,68.48,8.98,2795.27,2.07,0.68,1.11,2,5.51,5,78.20166163141995,141.7536,False,False,True,False,False,True,False,False,False,False,True,False,False
303,4.99,47.23,28.7,405.75,99.14,12.33,1850.3,0.69,0.34,1.97,2,4.32,6,14.137630662020907,68.4066,False,False,True,False,False,False,False,True,False,False,False,False,True
4338,8.39,13.54,29.15,1073.19,177.3,7.71,2318.67,2.38,0.9,1.09,1,4.83,6,36.81612349914237,421.974,False,True,False,False,False,False,False,False,False,True,False,False,True
3483,5.16,10.44,21.57,919.75,107.18,12.84,1591.84,1.35,1.07,0.62,2,4.99,10,42.64024107556792,144.693,False,False,False,False,True,False,True,False,False,False,True,False,False
664,7.87,44.32,33.91,163.35,181.11,9.62,2846.14,0.63,0.52,1.61,5,5.34,6,4.817163078737836,114.09930000000001,False,True,False,False,False,False,False,False,False,True,True,False,False
1177,5.07,38.86,34.65,1134.82,203.77,1.62,2997.68,2.79,0.54,1.25,4,6.68,6,32.75093795093795,568.5183000000001,True,False,False,False,False,False,False,False,True,False,True,False,False
2676,8.19,31.07,20.87,1175.8,265.95,11.31,1066.62,1.77,1.15,1.06,5,7.22,10,56.3392429324389,470.7315,False,False,True,False,False,False,False,False,True,False,False,False,True
1947,6.03,16.51,33.18,547.22,53.0,9.05,1745.63,1.05,1.08,1.53,6,4.15,11,16.492465340566607,55.650000000000006,False,True,False,False,False,False,False,False,True,False,False,True,False
2501,5.43,46.76,34.63,848.69,245.74,4.2,2240.37,0.69,1.42,1.81,6,7.12,4,24.507363557609008,169.5606,False,False,True,False,False,False,True,False,False,False,False,False,True
1473,7.95,30.56,30.88,926.77,151.34,7.59,2719.19,2.65,0.61,1.82,5,6.77,7,30.011981865284973,401.051,False,True,False,False,False,False,False,True,False,False,False,False,True
3608,7.75,27.1,21.27,152.24,108.42,3.42,1875.56,1.88,1.2,0.66,5,4.92,11,7.1574988246356375,203.8296,False,True,False,False,False,True,False,False,False,False,False,False,True
2132,8.47,46.99,18.74,733.8,160.22,11.87,2427.22,1.19,1.12,1.04,4,5.96,1,39.156883671291354,190.6618,False,False,True,False,False,False,True,False,False,False,False,True,False
1026,6.6,48.31,23.0,164.49,194.38,1.0,2730.1,2.35,0.25,1.69,6,7.94,5,7.151739130434783,456.793,False,False,False,True,False,False,False,True,False,False,True,False,False
961,4.92,37.72,24.09,673.19,159.71,4.69,2856.56,1.14,0.27,1.82,1,7.35,6,27.944790369447905,182.0694,False,True,False,False,False,False,False,False,True,False,False,True,False
2009,7.27,26.77,13.41,478.38,61.1,8.33,1672.43,2.03,0.37,1.2,4,4.18,6,35.67337807606264,124.03299999999999,False,False,True,False,False,True,False,False,False,False,False,False,True
2149,5.05,46.46,31.69,385.32,280.82,6.57,1600.63,1.53,0.71,1.73,4,8.01,1,12.159040706847586,429.6546,False,True,False,False,False,False,False,True,False,False,False,False,True
3098,7.81,44.93,16.72,748.39,254.77,1.57,1655.75,0.97,0.49,1.02,2,7.64,1,44.760167464114836,247.1269,False,False,False,True,False,False,False,False,False,True,False,True,False
2338,7.37,49.82,33.64,396.21,135.3,8.02,2627.97,0.92,0.37,1.07,2,6.1,5,11.777942925089178,124.47600000000001,False,False,False,True,False,True,False,False,False,False,True,False,False
3611,7.21,15.85,34.72,214.59,256.47,3.71,2040.22,0.92,1.32,1.58,5,7.33,1,6.180587557603687,235.95240000000004,False,False,True,False,False,False,False,False,True,False,False,False,True
304,7.21,28.18,23.24,563.98,185.33,9.69,2764.73,2.17,0.33,1.92,5,7.01,5,24.26764199655766,402.16610000000003,False,False,False,True,False,True,False,False,False,False,False,False,True
1440,6.47,49.12,19.77,1156.97,221.44,10.23,2454.08,2.73,0.54,0.73,4,8.1,1,58.521497218007084,604.5312,False,True,False,False,False,False,False,False,False,True,False,True,False
1496,7.39,21.31,26.71,364.34,169.77,6.36,1600.1,2.63,0.53,0.92,4,6.46,4,13.640584050917258,446.49510000000004,False,False,False,False,True,False,False,True,False,False,True,False,False
2652,5.79,14.5,30.62,147.82,104.85,14.25,1662.75,2.99,1.2,0.7,1,4.88,6,4.827563683866753,313.5015,False,False,True,False,False,False,False,False,True,False,False,True,False
916,4.77,30.48,18.71,1152.45,188.47,13.74,2299.19,2.68,0.52,1.01,1,6.86,9,61.595403527525384,505.0996,True,False,False,False,False,False,True,False,False,False,False,False,True
3948,7.71,42.81,32.27,534.51,199.42,2.56,1586.82,1.37,0.85,0.83,3,6.21,12,16.563681437867988,273.2054,True,False,False,False,False,False,False,False,True,False,False,False,True
4742,5.4,23.74,21.35,584.53,246.04,1.64,2031.89,2.33,0.45,1.81,4,7.51,11,27.37845433255269,573.2732,False,False,True,False,False,False,False,True,False,False,True,False,False
1624,7.63,28.89,26.67,199.41,272.27,9.07,2240.76,2.84,0.74,1.39,4,6.73,1,7.4769403824521925,773.2467999999999,False,False,False,True,False,False,False,False,True,False,False,False,True
3562,5.69,39.27,32.12,380.28,210.83,2.25,1326.21,0.72,0.22,1.18,2,7.68,1,11.839352428393525,151.79760000000002,True,False,False,False,False,False,True,False,False,False,True,False,False
821,5.47,11.5,24.1,607.21,187.21,3.7,2744.02,2.72,0.87,1.95,6,7.3,5,25.195435684647304,509.2112000000001,True,False,False,False,False,False,False,True,False,False,False,True,False
3076,5.2,15.11,25.26,162.16,95.65,8.12,1465.58,2.25,1.24,1.07,4,4.38,4,6.419635787806809,215.2125,False,False,False,True,False,False,True,False,False,False,False,False,True
1354,4.62,12.12,25.93,749.24,156.12,11.74,1891.34,1.66,0.65,1.42,3,6.37,1,28.894716544543,259.1592,False,False,False,True,False,False,True,False,False,False,False,True,False
4322,7.68,48.25,15.32,478.28,233.4,7.75,2143.21,2.22,0.34,0.61,4,5.59,1,31.219321148825063,518.148,True,False,False,False,False,False,True,False,False,False,True,False,False
850,6.17,10.49,31.52,1090.15,220.25,5.37,2839.01,3.0,0.41,1.69,3,7.5,10,34.58597715736041,660.75,False,False,False,True,False,True,False,False,False,False,False,False,True
1000,7.57,24.86,21.89,892.35,219.46,0.44,2538.13,0.59,1.37,1.92,5,6.57,1,40.76518958428506,129.4814,False,False,False,True,False,False,False,False,False,True,False,True,False
4382,6.31,41.18,28.13,1121.78,57.06,5.61,2264.4,0.89,0.89,1.71,3,5.15,7,39.8784216139353,50.7834,False,False,False,True,False,False,False,False,True,False,False,True,False
18,7.01,34.94,26.99,1149.15,75.33,12.18,2472.43,2.7,0.45,1.54,2,4.2,3,42.57688032604669,203.39100000000002,False,False,False,True,False,False,False,False,False,True,False,False,True
1637,6.47,24.82,19.7,248.75,73.37,12.22,1811.52,2.78,0.66,1.75,6,4.45,4,12.626903553299492,203.9686,False,True,False,False,False,True,False,False,False,False,False,False,True
1667,7.68,13.59,30.71,203.52,262.76,1.43,2236.35,0.55,0.23,0.73,1,7.89,6,6.627157277759688,144.518,True,False,False,False,False,False,True,False,False,False,True,False,False
493,8.04,28.59,15.41,589.13,273.17,9.79,2526.67,2.39,1.2,1.0,3,7.41,7,38.230369889682024,652.8763000000001,False,False,False,False,True,False,False,False,False,True,False,False,True
3841,5.6,34.37,25.21,448.21,163.19,0.28,2196.04,2.6,1.11,0.5,1,6.14,5,17.779055930186434,424.294,True,False,False,False,False,False,False,True,False,False,False,True,False
3467,5.08,38.35,27.19,816.82,212.84,10.0,2495.57,1.23,0.28,1.93,2,6.39,3,30.041191614564177,261.7932,False,False,True,False,False,False,False,True,False,False,False,True,False
3032,4.57,10.63,16.93,364.78,130.81,7.65,2325.62,0.76,0.48,0.9,6,3.52,1,21.546367395156526,99.4156,False,False,False,True,False,False,True,False,False,False,True,False,False
3365,5.29,24.14,20.47,963.99,203.03,6.22,2404.38,2.56,1.04,1.91,4,8.1,4,47.09281875915975,519.7568,True,False,False,False,False,False,False,False,False,True,False,True,False
687,4.94,39.33,21.71,883.8,70.86,4.67,2214.38,2.38,1.45,1.54,6,5.0,7,40.70935052970981,168.64679999999998,False,False,True,False,False,True,False,False,False,False,True,False,False
3469,8.24,30.23,16.08,853.87,110.42,6.16,1647.29,2.48,0.33,1.74,4,6.86,4,53.101368159203986,273.8416,False,True,False,False,False,False,False,False,False,True,False,False,True
1608,5.29,29.76,21.41,178.09,55.8,10.29,1570.13,0.82,1.06,1.42,2,4.53,2,8.318075665576833,45.75599999999999,False,False,False,False,True,False,True,False,False,False,True,False,False
3795,8.47,45.8,20.45,1184.38,52.54,0.15,2189.24,2.86,0.38,1.99,5,5.4,11,57.91589242053791,150.2644,True,False,False,False,False,False,True,False,False,False,False,False,True
3169,6.24,21.15,32.47,609.85,164.02,8.38,2163.23,2.26,1.48,1.36,1,6.34,11,18.78195257160456,370.6852,False,True,False,False,False,True,False,False,False,False,False,False,True
1009,6.76,26.63,18.47,261.07,167.19,8.42,1156.65,0.81,1.28,0.98,4,5.86,1,14.134813210611803,135.4239,False,True,False,False,False,False,False,False,True,False,False,True,False
2408,6.52,47.7,29.23,702.16,57.2,7.89,1616.04,2.58,1.3,1.82,3,5.55,11,24.021895313034552,147.57600000000002,False,False,False,True,False,False,False,True,False,False,False,False,True
1092,6.68,32.07,34.62,835.85,138.47,0.38,1504.15,1.49,0.7,1.75,2,6.3,12,24.14355863662623,206.3203,True,False,False,False,False,False,False,False,True,False,False,True,False
1327,4.97,22.17,28.95,691.76,109.13,8.75,2457.98,0.81,0.68,1.77,3,5.33,6,23.894991364421415,88.3953,False,False,True,False,False,True,False,False,False,False,False,False,True
1677,5.53,23.58,14.32,717.59,297.61,1.58,1561.61,2.97,1.31,1.73,6,9.2,11,50.111033519553075,883.9017000000001,True,False,False,False,False,False,False,False,True,False,True,False,False
1999,6.26,13.56,28.66,554.6,175.33,6.17,2970.25,1.07,1.47,0.81,6,6.84,10,19.351011863224006,187.6031,False,False,True,False,False,False,False,False,True,False,False,True,False
1310,7.49,45.06,34.82,1168.54,85.34,9.83,1653.02,0.5,1.24,1.09,6,5.13,4,33.55944859276278,42.67,False,True,False,False,False,True,False,False,False,False,False,True,False
1987,7.15,25.94,15.04,949.55,151.38,14.28,2787.31,2.44,0.61,1.58,3,5.89,6,63.13497340425532,369.36719999999997,False,False,True,False,False,False,False,True,False,False,False,True,False
3396,7.13,24.73,28.82,772.02,155.69,7.85,1646.82,1.72,0.36,1.08,5,6.62,9,26.78764746703678,267.78679999999997,True,False,False,False,False,True,False,False,False,False,False,False,True
344,5.6,20.53,31.71,213.54,216.87,9.83,2018.31,1.68,1.16,1.68,6,6.43,9,6.734153263954588,364.34159999999997,False,True,False,False,False,False,False,True,False,False,False,True,False
3838,6.02,12.75,24.67,612.88,153.6,7.72,2581.89,2.81,1.47,1.36,5,5.9,6,24.843129306850425,431.616,True,False,False,False,False,False,False,False,True,False,False,True,False
986,6.88,49.28,24.42,1196.6,63.93,12.43,2852.9,0.57,0.79,1.92,2,5.59,1,49.00081900081899,36.440099999999994,False,False,True,False,False,False,False,False,True,False,False,True,False
3575,6.44,17.03,19.61,942.38,157.94,6.2,2331.58,1.21,1.1,1.75,2,6.11,3,48.05609382967874,191.10739999999998,True,False,False,False,False,False,False,False,False,True,False,False,True
3535,7.77,41.52,27.57,172.26,62.13,0.9,2954.98,1.09,1.07,0.79,2,3.45,3,6.2480957562568005,67.72170000000001,False,True,False,False,False,False,False,True,False,False,False,False,True
4144,7.79,18.26,28.91,795.12,207.83,4.08,2087.14,2.88,0.4,1.27,4,6.82,4,27.503286060186788,598.5504,False,True,False,False,False,False,False,False,True,False,False,True,False
3717,8.34,49.15,28.4,450.16,153.57,2.86,1073.89,1.87,0.79,1.65,6,6.87,5,15.850704225352114,287.1759,True,False,False,False,False,False,True,False,False,False,False,True,False
4612,4.89,39.81,13.61,181.43,54.0,5.73,1551.17,2.18,0.57,0.51,3,5.19,6,13.330639235855989,117.72000000000001,False,True,False,False,False,False,True,False,False,False,False,False,True
2827,5.18,35.77,27.04,593.93,229.46,6.78,1381.78,2.2,1.02,1.27,3,7.25,9,21.964866863905325,504.81200000000007,False,False,False,False,True,False,True,False,False,False,False,True,False
1142,8.39,15.24,34.9,294.94,56.06,12.0,1721.68,1.55,1.13,1.21,1,4.32,7,8.451002865329514,86.893,False,False,False,False,True,False,False,True,False,False,False,True,False
2358,4.87,26.73,31.85,795.68,267.85,12.57,1782.11,2.03,1.43,1.18,6,7.37,5,24.982103610675036,543.7355,False,True,False,False,False,False,False,False,True,False,False,False,True
1198,6.79,14.01,18.73,1186.47,89.54,6.6,2786.84,2.53,1.34,1.23,2,5.09,7,63.34596903363588,226.5362,False,False,True,False,False,False,False,False,True,False,True,False,False
85,7.76,28.43,33.95,1055.56,65.6,12.54,2204.76,2.21,0.49,1.97,2,5.16,5,31.091605301914576,144.976,False,True,False,False,False,False,True,False,False,False,False,True,False
1518,6.23,40.03,27.8,613.27,60.84,1.33,2044.33,2.09,0.62,0.67,1,5.57,7,22.060071942446044,127.15559999999999,True,False,False,False,False,False,False,False,True,False,True,False,False
3904,6.55,45.8,14.43,229.86,57.4,1.34,2102.57,0.71,0.82,1.71,2,4.75,1,15.929313929313931,40.754,False,False,True,False,False,False,False,False,False,True,False,True,False
1381,5.5,17.37,31.29,183.31,116.59,0.1,2789.48,0.66,1.4,1.07,4,5.42,2,5.858421220837329,76.94940000000001,False,True,False,False,False,False,False,False,False,True,True,False,False
2716,5.71,28.81,10.56,698.2,189.57,3.69,1237.24,1.05,0.46,0.88,5,6.95,10,66.11742424242425,199.0485,False,False,False,False,True,True,False,False,False,False,True,False,False
4150,7.03,37.92,25.8,131.51,189.68,10.59,2314.92,1.54,0.87,1.4,4,6.19,1,5.097286821705426,292.10720000000003,False,False,True,False,False,False,False,False,True,False,True,False,False
1014,8.28,48.32,26.63,581.22,296.48,1.98,2062.98,1.69,1.03,1.61,2,9.01,11,21.8257604205783,501.0512,False,False,False,True,False,True,False,False,False,False,False,False,True
128,7.96,39.63,23.07,121.48,146.48,6.75,1086.65,0.75,1.13,1.01,6,4.63,11,5.265713047247508,109.85999999999999,False,False,True,False,False,False,False,False,True,False,False,False,True
1364,5.38,27.36,25.2,129.79,153.28,10.19,1162.5,1.07,0.2,1.51,2,4.7,12,5.150396825396825,164.0096,False,False,True,False,False,False,True,False,False,False,False,True,False
4201,8.49,29.8,21.97,995.96,210.15,0.13,1940.8,1.78,1.27,0.66,4,7.75,3,45.33272644515248,374.067,False,False,True,False,False,False,False,False,True,False,False,True,False
4347,8.05,38.34,10.03,623.66,263.44,1.03,2306.94,2.97,0.91,1.0,2,8.24,1,62.17946161515454,782.4168000000001,False,False,True,False,False,False,True,False,False,False,False,True,False
891,8.4,27.73,16.85,820.03,103.66,5.59,1239.01,1.48,1.02,1.63,3,6.3,1,48.66646884272996,153.4168,False,True,False,False,False,False,False,False,True,False,True,False,False
2793,7.83,22.3,26.71,433.21,221.45,14.06,2613.07,0.85,0.94,1.56,6,6.4,12,16.219019093972292,188.2325,False,True,False,False,False,True,False,False,False,False,False,True,False
3997,6.37,19.0,10.89,885.54,152.46,12.52,2336.12,1.09,0.99,1.43,5,6.4,2,81.31680440771349,166.18140000000002,False,False,True,False,False,True,False,False,False,False,True,False,False
1359,4.73,30.71,12.5,1030.85,56.78,3.79,1077.61,1.77,1.22,0.77,6,4.55,6,82.46799999999999,100.5006,False,False,False,False,True,False,False,True,False,False,True,False,False
307,5.97,15.75,14.64,503.84,220.06,2.23,2536.02,0.79,1.03,1.35,3,7.56,6,34.41530054644809,173.84740000000002,True,False,False,False,False,False,True,False,False,False,False,False,True
1661,7.35,31.36,25.66,1060.16,260.83,0.18,1328.99,0.97,0.3,0.83,3,6.87,4,41.31566640685893,253.00509999999997,False,False,False,False,True,False,False,True,False,False,False,False,True
2431,6.68,22.6,25.2,452.77,230.11,2.7,1612.9,0.89,1.08,1.96,6,7.26,1,17.96706349206349,204.79790000000003,False,True,False,False,False,False,False,True,False,False,True,False,False
3655,4.64,32.75,29.13,707.17,153.5,3.72,2179.65,2.47,0.44,0.89,5,5.92,9,24.27634740817027,379.14500000000004,False,False,False,False,True,False,False,False,False,True,False,False,True
1317,5.65,24.68,14.29,538.89,127.07,13.74,2078.08,2.4,1.16,1.44,4,5.76,10,37.7109867039888,304.96799999999996,False,True,False,False,False,False,False,True,False,False,False,False,True
4135,7.69,44.14,28.22,980.98,244.46,3.7,2080.73,2.93,0.31,1.18,5,8.33,2,34.76187101346563,716.2678000000001,False,False,False,True,False,False,True,False,False,False,True,False,False
2474,4.53,20.9,24.35,961.95,70.7,0.91,2184.85,1.07,0.51,1.91,5,5.33,12,39.50513347022587,75.649,False,False,False,False,True,False,False,True,False,False,True,False,False
2542,6.4,36.51,27.42,474.32,71.93,7.67,1462.48,0.79,0.21,1.85,1,5.8,12,17.298322392414295,56.82470000000001,False,False,True,False,False,False,False,True,False,False,True,False,False
4371,7.2,32.31,14.83,1034.76,299.36,1.01,1798.78,1.22,0.95,0.53,6,8.69,9,69.77478084962912,365.2192,False,False,True,False,False,False,False,False,False,True,False,False,True
1208,7.79,31.49,26.95,252.46,226.2,10.74,1983.13,1.47,1.25,1.86,5,5.98,6,9.367717996289425,332.51399999999995,False,False,False,False,True,False,False,False,True,False,False,False,True
216,4.63,47.94,17.29,1061.45,120.05,6.31,2713.45,2.34,0.52,1.14,2,7.1,9,61.39097744360903,280.917,False,True,False,False,False,True,False,False,False,False,True,False,False
4124,4.55,36.32,27.64,669.21,142.68,8.18,1654.22,1.11,1.47,0.67,3,6.27,6,24.2116497829233,158.37480000000002,True,False,False,False,False,False,False,False,True,False,False,True,False
2858,7.66,42.57,23.79,1126.99,274.62,6.13,1622.01,2.56,0.32,1.5,3,8.06,10,47.37242538881883,703.0272,False,False,False,True,False,False,False,False,True,False,True,False,False
1239,7.63,23.37,21.06,545.89,246.55,4.77,1590.43,0.83,0.67,1.42,1,7.25,10,25.92070275403609,204.6365,False,True,False,False,False,False,False,True,False,False,False,True,False
2289,5.61,43.89,27.23,1048.88,273.76,3.79,2282.53,1.75,1.49,1.97,2,7.36,1,38.519280205655534,479.08,False,False,True,False,False,False,False,True,False,False,False,False,True
2740,5.38,47.45,14.51,790.0,246.55,0.93,1705.22,1.36,0.77,0.59,1,8.85,4,54.44521019986217,335.30800000000005,False,False,False,True,False,False,False,False,True,False,False,False,True
275,6.72,10.36,17.84,464.1,215.2,7.52,1735.55,1.88,0.55,1.52,6,5.4,6,26.01457399103139,404.57599999999996,False,True,False,False,False,False,True,False,False,False,False,False,True
489,7.99,21.8,16.25,963.36,174.68,13.9,2697.86,2.12,0.43,0.68,6,5.99,4,59.283692307692306,370.32160000000005,False,False,False,False,True,False,False,False,True,False,True,False,False
1035,4.96,38.37,33.32,746.13,263.06,7.28,2118.71,1.1,1.36,0.61,3,7.4,11,22.392857142857142,289.36600000000004,False,True,False,False,False,True,False,False,False,False,False,False,True
1229,5.49,13.1,24.3,150.24,281.43,9.66,2198.13,1.31,0.53,1.1,4,6.88,1,6.182716049382717,368.67330000000004,True,False,False,False,False,True,False,False,False,False,False,False,True
4407,8.4,43.14,10.3,462.01,81.63,6.95,2709.84,2.75,1.03,1.09,1,6.02,1,44.85533980582524,224.4825,False,False,False,False,True,False,True,False,False,False,False,True,False
1008,5.7,31.01,12.44,1189.36,64.73,4.0,1440.96,2.82,1.41,1.21,1,5.58,5,95.60771704180064,182.5386,False,True,False,False,False,False,True,False,False,False,False,False,True
3770,6.44,15.6,15.8,951.8,119.03,10.31,1863.2,1.22,0.52,1.19,5,5.77,1,60.24050632911392,145.2166,False,False,False,True,False,True,False,False,False,False,False,False,True
4374,6.96,28.63,19.89,209.74,159.31,12.54,1302.95,0.65,0.38,1.75,1,5.64,3,10.544997486173957,103.5515,False,False,True,False,False,True,False,False,False,False,False,False,True
2532,6.67,30.06,21.76,697.62,230.93,10.89,1860.21,2.44,0.22,1.73,3,7.55,3,32.05974264705882,563.4692,False,True,False,False,False,False,False,False,True,False,False,True,False
3935,8.24,26.39,27.46,751.2,60.15,13.6,2151.0,1.63,0.9,1.55,5,5.16,7,27.356154406409324,98.04449999999999,False,False,False,True,False,True,False,False,False,False,False,False,True
1058,7.64,20.51,11.51,1075.63,183.6,7.13,1837.22,1.87,0.9,1.05,5,7.53,3,93.45178105994788,343.332,False,True,False,False,False,False,False,False,True,False,True,False,False
2166,5.15,23.85,15.98,502.27,59.32,12.98,2011.59,2.06,1.38,1.73,2,4.22,5,31.431163954943678,122.1992,False,False,False,False,True,False,True,False,False,False,True,False,False
3143,5.63,27.57,16.89,808.25,224.78,0.77,2698.52,0.67,0.49,1.76,3,7.17,1,47.85375962107756,150.60260000000002,False,False,False,True,False,False,True,False,False,False,True,False,False
281,6.22,32.09,16.64,492.77,281.99,0.71,2838.39,2.64,1.14,1.55,5,9.11,11,29.61358173076923,744.4536,False,False,True,False,False,False,True,False,False,False,True,False,False
3322,7.93,21.52,24.2,453.85,64.19,5.12,2453.1,1.24,1.41,0.87,3,4.65,9,18.75413223140496,79.59559999999999,False,True,False,False,False,True,False,False,False,False,True,False,False
1316,4.54,37.83,16.32,1196.21,252.85,7.36,1951.55,1.73,1.07,1.6,2,7.99,2,73.29718137254902,437.4305,False,False,False,False,True,False,False,True,False,False,False,True,False
4779,6.96,30.36,24.89,888.7,212.17,0.46,1114.12,1.73,0.81,1.73,5,8.67,6,35.70510245078345,367.05409999999995,False,False,False,True,False,False,False,False,True,False,True,False,False
968,8.28,12.05,20.33,643.97,71.59,3.44,2676.0,2.51,0.65,1.7,4,4.48,2,31.67584849975406,179.6909,False,False,False,True,False,False,False,False,False,True,True,False,False
2915,6.45,30.55,18.84,954.0,166.85,3.12,2667.81,2.71,1.47,0.53,4,5.23,2,50.63694267515923,452.1635,False,False,True,False,False,False,True,False,False,False,False,True,False
3642,7.2,35.05,15.95,901.64,129.75,12.97,2859.19,2.48,1.37,0.59,4,4.86,11,56.52915360501567,321.78,False,False,False,False,True,False,False,False,True,False,False,False,True
2952,6.44,47.54,27.3,354.45,150.25,3.5,2206.59,0.72,0.64,1.11,5,6.58,5,12.983516483516484,108.17999999999999,False,True,False,False,False,False,False,False,False,True,False,True,False
3279,6.66,41.36,20.69,879.02,289.93,10.35,2658.45,1.09,1.16,0.89,6,7.91,12,42.48525857902368,316.0237,False,False,False,False,True,True,False,False,False,False,False,True,False
619,5.6,10.12,12.01,1029.77,292.78,0.11,1387.63,0.72,0.36,1.92,2,8.17,10,85.74271440466278,210.80159999999998,False,True,False,False,False,False,False,True,False,False,True,False,False
3014,5.85,32.51,34.75,390.52,196.08,9.09,1837.15,2.5,1.03,0.83,3,5.74,12,11.23798561151079,490.20000000000005,False,False,False,True,False,False,False,True,False,False,True,False,False
1742,5.75,13.39,32.88,969.54,103.38,5.18,1226.05,2.47,1.21,0.55,1,5.59,7,29.487226277372258,255.3486,False,True,False,False,False,False,True,False,False,False,False,True,False
1390,5.76,43.46,26.45,423.23,101.1,10.32,1676.29,2.78,1.1,2.0,6,5.83,11,16.001134215500947,281.058,False,True,False,False,False,True,False,False,False,False,False,True,False
4654,7.01,46.43,16.89,1107.72,77.21,8.25,1206.83,0.98,0.75,0.94,2,5.12,2,65.58436944937833,75.66579999999999,False,False,False,False,True,False,True,False,False,False,False,False,True
1847,5.86,29.96,10.95,910.43,168.25,7.19,1058.53,0.94,1.14,1.4,1,6.62,4,83.14429223744293,158.155,False,False,False,False,True,False,False,True,False,False,False,False,True
1579,5.56,14.14,17.81,1086.88,134.08,1.53,2915.74,1.36,0.28,0.51,1,6.07,1,61.02638966872544,182.34880000000004,False,False,True,False,False,False,False,True,False,False,False,False,True
1655,8.01,37.44,33.28,860.01,159.83,14.3,1137.99,1.25,0.26,1.27,5,6.48,5,25.841646634615383,199.78750000000002,False,True,False,False,False,False,True,False,False,False,True,False,False
2352,4.78,22.79,21.67,651.53,54.42,3.21,1080.56,2.04,1.25,1.77,1,5.86,3,30.065989847715734,111.0168,False,True,False,False,False,True,False,False,False,False,True,False,False
2212,6.57,20.07,17.45,177.32,294.16,11.08,2698.94,2.61,1.49,1.88,5,7.16,5,10.16160458452722,767.7576,False,False,False,False,True,False,False,True,False,False,False,False,True
2020,5.43,37.05,33.02,905.52,170.25,14.95,1491.34,2.18,1.07,0.57,4,4.8,7,27.42337976983646,371.14500000000004,False,False,False,True,False,False,False,False,True,False,True,False,False
4773,4.67,21.66,28.62,1000.96,256.85,2.93,1389.71,2.81,0.32,1.41,2,6.37,3,34.974143955276034,721.7485,False,False,True,False,False,False,True,False,False,False,False,True,False
1956,7.97,23.98,30.26,288.23,124.72,6.94,2189.18,0.83,0.36,0.53,4,4.62,4,9.525115664243225,103.51759999999999,False,True,False,False,False,False,False,False,False,True,False,True,False
1307,7.69,20.23,28.52,263.95,164.7,5.21,1574.82,1.8,0.96,0.8,1,5.18,6,9.254908835904628,296.46,False,False,True,False,False,False,False,True,False,False,True,False,False
2003,7.55,28.75,15.48,175.35,69.16,7.94,2408.59,0.89,0.64,1.75,3,4.78,5,11.327519379844961,61.5524,True,False,False,False,False,False,True,False,False,False,False,False,True
575,4.9,41.8,28.92,385.87,93.26,7.11,1013.07,1.48,0.23,1.25,1,4.15,5,13.342669432918395,138.0248,False,False,False,True,False,True,False,False,False,False,False,False,True
3799,7.18,23.4,22.23,806.26,273.83,6.8,2471.32,0.94,0.58,0.96,2,5.95,6,36.26900584795322,257.4002,False,False,False,False,True,False,True,False,False,False,False,True,False
3989,8.06,43.07,22.2,1147.84,67.39,0.48,1924.96,2.49,0.56,0.54,3,5.03,3,51.704504504504506,167.80110000000002,False,False,False,True,False,False,True,False,False,False,True,False,False
1706,7.33,37.03,29.92,679.33,254.85,2.96,2095.12,0.51,0.67,0.71,3,7.77,12,22.704879679144383,129.9735,True,False,False,False,False,True,False,False,False,False,False,False,True
3479,4.91,37.37,28.59,977.74,251.42,13.95,1919.84,2.06,0.73,0.97,2,7.68,3,34.19867086393844,517.9252,False,False,False,True,False,False,False,True,False,False,False,False,True
3415,6.33,15.09,26.34,147.9,55.9,10.21,1821.13,1.04,0.7,1.18,2,3.28,2,5.615034168564921,58.136,False,True,False,False,False,False,False,False,False,True,False,True,False
1280,6.79,25.84,34.3,1182.22,183.49,14.03,1837.94,2.34,0.54,0.73,1,6.84,9,34.46705539358601,429.3666,True,False,False,False,False,False,False,False,False,True,False,False,True
861,8.02,26.51,30.43,584.15,106.09,0.16,2128.93,2.8,0.69,0.62,3,6.28,4,19.196516595465003,297.05199999999996,True,False,False,False,False,False,False,False,True,False,False,False,True
1801,5.81,42.17,17.22,119.31,223.05,9.26,2739.74,0.96,0.91,0.99,3,6.96,7,6.928571428571429,214.12800000000001,False,False,False,False,True,False,False,True,False,False,True,False,False
1628,6.04,38.97,12.7,432.18,199.51,5.94,2286.58,2.99,0.31,1.79,4,7.64,12,34.029921259842524,596.5349,False,False,False,False,True,True,False,False,False,False,False,True,False
1993,5.51,39.61,14.14,888.74,57.17,9.9,2822.63,0.56,0.42,1.2,5,5.01,10,62.85289957567185,32.01520000000001,False,False,False,True,False,False,False,False,True,False,False,False,True
2639,5.14,11.28,28.73,236.3,100.86,7.78,2809.92,1.11,0.9,0.71,6,5.34,1,8.224852071005918,111.95460000000001,False,False,False,True,False,False,False,True,False,False,True,False,False
269,4.77,37.12,12.14,324.09,98.33,7.17,1443.25,1.69,1.45,0.91,3,4.01,9,26.69604612850082,166.1777,False,False,False,False,True,True,False,False,False,False,False,True,False
629,8.03,31.19,10.79,493.08,121.73,5.23,2635.58,1.38,0.48,1.45,6,5.96,12,45.69786839666358,167.98739999999998,True,False,False,False,False,False,False,False,False,True,True,False,False
2334,5.29,39.59,27.99,346.04,122.88,12.64,2665.47,2.44,1.32,1.17,6,6.4,12,12.362986780993213,299.8272,False,False,False,False,True,False,False,True,False,False,True,False,False
300,5.5,36.29,34.72,342.67,276.35,10.61,1096.69,2.5,1.06,1.13,2,7.34,8,9.869527649769585,690.875,True,False,False,False,False,False,False,False,False,True,True,False,False
459,7.42,44.32,18.87,952.86,56.9,14.46,2928.74,2.07,0.48,0.57,4,4.35,12,50.49602543720191,117.78299999999999,False,True,False,False,False,False,True,False,False,False,False,False,True
1447,5.0,37.25,11.85,967.91,74.66,7.6,2253.76,1.15,0.88,0.59,6,4.84,9,81.6801687763713,85.859,False,False,False,False,True,False,False,True,False,False,True,False,False
1472,4.73,30.73,20.72,476.28,203.42,12.38,2615.02,2.88,0.59,0.99,1,5.67,11,22.986486486486488,585.8495999999999,False,True,False,False,False,False,True,False,False,False,True,False,False
2046,6.93,13.62,11.71,148.74,168.08,13.05,1455.75,0.95,1.24,1.67,2,5.54,8,12.701964133219471,159.67600000000002,False,True,False,False,False,False,False,False,False,True,False,False,True
4024,6.49,32.94,34.02,415.04,155.79,1.75,2421.87,2.33,0.45,0.71,2,6.54,3,12.199882422104643,362.9907,False,False,True,False,False,False,False,False,True,False,True,False,False
4406,8.25,34.07,33.16,372.46,62.42,3.93,2764.41,0.83,1.05,1.33,1,4.44,7,11.23220747889023,51.8086,False,False,True,False,False,False,False,False,True,False,False,False,True
2113,4.84,28.78,11.42,318.53,116.15,13.39,1733.93,2.57,0.4,1.88,4,4.33,7,27.892294220665498,298.5055,False,False,False,False,True,True,False,False,False,False,True,False,False
27,7.83,49.16,32.15,1005.8,54.26,14.25,1734.32,1.32,0.8,1.37,1,4.76,2,31.2846034214619,71.6232,True,False,False,False,False,True,False,False,False,False,False,True,False
3564,4.99,33.74,25.59,701.83,156.7,6.97,2823.85,1.87,0.48,1.68,5,7.14,6,27.425947635795236,293.029,False,False,False,False,True,False,True,False,False,False,False,False,True
837,6.52,47.61,26.08,491.21,294.36,12.37,2310.89,2.98,0.52,1.92,4,7.19,6,18.83473926380368,877.1928,False,False,True,False,False,True,False,False,False,False,True,False,False
3552,6.98,31.5,34.43,183.84,154.35,5.79,1989.08,2.63,0.25,1.41,5,5.82,5,5.33952948010456,405.9405,False,False,False,False,True,False,True,False,False,False,False,True,False
2008,4.9,36.56,11.25,812.53,260.1,12.62,1071.78,1.42,0.21,0.77,2,7.52,2,72.22488888888888,369.34200000000004,False,False,False,True,False,True,False,False,False,False,False,True,False
4712,4.61,40.75,23.66,427.28,190.59,13.54,2596.52,2.28,0.44,1.87,6,6.52,8,18.059171597633135,434.54519999999997,True,False,False,False,False,False,False,True,False,False,False,False,True
503,6.31,16.83,14.26,920.51,51.82,3.19,2818.27,1.53,1.19,1.05,4,5.14,11,64.55189340813465,79.2846,True,False,False,False,False,True,False,False,False,False,True,False,False
2988,4.55,20.54,30.21,476.8,251.91,13.26,1717.48,1.65,0.58,1.68,1,8.08,1,15.78285335981463,415.6515,False,False,False,True,False,False,False,True,False,False,False,True,False
3926,8.03,13.53,21.23,1030.34,178.35,13.18,2912.95,2.82,0.81,1.39,6,6.63,7,48.532265661799336,502.94699999999995,True,False,False,False,False,False,True,False,False,False,False,False,True
380,7.05,44.57,17.42,755.1,104.85,12.69,1712.58,0.63,0.25,0.77,5,4.39,12,43.346727898966705,66.0555,False,True,False,False,False,False,False,False,False,True,True,False,False
3977,8.37,14.7,28.36,1192.96,84.72,1.88,2864.28,1.03,1.19,1.85,4,5.01,5,42.064880112834985,87.2616,False,False,False,False,True,False,False,False,True,False,False,False,True
1525,7.47,12.03,29.87,730.38,183.12,2.45,1046.41,1.96,1.3,0.77,1,5.86,9,24.45195848677603,358.9152,False,False,False,False,True,True,False,False,False,False,False,False,True
3999,7.16,32.69,33.62,804.45,76.39,1.5,1097.13,1.33,0.26,1.21,5,5.35,10,23.927721594289117,101.59870000000001,False,False,False,False,True,False,False,False,True,False,False,True,False
4510,4.6,17.93,28.57,402.91,115.95,13.08,1789.05,2.33,0.63,1.09,1,5.52,8,14.10255512775639,270.1635,False,True,False,False,False,False,False,False,False,True,False,False,True
2884,8.43,19.31,10.16,652.46,75.96,11.77,2863.7,0.87,0.78,1.84,3,4.83,6,64.21850393700788,66.0852,False,False,False,True,False,False,False,False,False,True,True,False,False
2340,6.65,44.6,14.5,386.72,94.47,8.59,2797.68,2.31,0.41,1.15,2,5.66,6,26.67034482758621,218.2257,False,True,False,False,False,False,True,False,False,False,False,True,False
374,5.06,23.51,34.41,663.2,89.19,8.15,2922.58,1.66,1.35,0.72,1,5.79,7,19.273467015402503,148.0554,False,False,False,False,True,False,True,False,False,False,False,False,True
4204,8.16,10.28,17.31,860.36,125.68,4.48,1223.3,1.02,0.69,1.84,2,6.93,4,49.70306181398036,128.1936,False,False,False,True,False,False,False,False,False,True,False,False,True
2381,6.62,29.41,32.93,688.13,200.79,13.48,1821.17,1.26,0.8,1.59,4,6.27,4,20.896750683267538,252.9954,False,False,False,False,True,False,False,False,True,False,False,False,True
4141,7.93,47.31,17.98,707.77,173.3,9.32,1277.7,2.26,1.38,0.84,2,6.83,1,39.3642936596218,391.658,False,False,False,True,False,False,True,False,False,False,False,False,True
939,7.55,32.98,22.74,1162.2,245.02,12.31,2143.91,0.76,0.65,1.52,2,7.08,10,51.10817941952507,186.2152,False,False,False,True,False,False,False,False,True,False,False,False,True
3574,8.45,10.84,25.36,269.25,57.66,11.45,1030.81,1.7,0.68,1.77,4,4.29,10,10.61711356466877,98.02199999999999,False,False,False,True,False,False,True,False,False,False,True,False,False
3922,6.05,22.22,33.0,872.59,193.04,11.51,2193.6,1.3,1.41,1.0,1,6.3,4,26.44212121212121,250.952,False,False,True,False,False,True,False,False,False,False,False,True,False
2799,4.84,20.75,30.82,568.0,114.42,9.36,1213.38,0.62,1.34,0.72,3,4.58,9,18.429591174561974,70.9404,False,False,False,False,True,True,False,False,False,False,True,False,False
2147,6.04,27.18,11.06,423.43,213.49,7.69,2496.09,1.1,0.62,1.4,6,6.7,8,38.28481012658228,234.83900000000003,False,False,False,True,False,False,True,False,False,False,False,False,True
3544,7.59,13.79,25.18,589.46,212.92,14.83,1586.06,1.76,0.89,1.81,6,5.91,10,23.40984908657665,374.7392,False,False,True,False,False,True,False,False,False,False,False,True,False
4362,7.33,40.8,16.57,675.06,183.62,9.88,1707.42,2.8,1.16,0.57,6,6.02,5,40.73989136994568,514.136,False,True,False,False,False,False,True,False,False,False,False,True,False
2068,6.16,14.21,16.68,343.59,95.61,9.18,1663.9,2.45,1.47,0.54,1,3.96,3,20.598920863309353,234.24450000000002,False,False,True,False,False,True,False,False,False,False,True,False,False
529,7.68,28.0,30.38,694.1,123.24,13.88,2108.88,1.06,0.2,1.36,2,5.25,3,22.847267939433838,130.6344,False,False,False,False,True,False,False,False,False,True,False,False,True
3468,5.89,17.89,29.11,876.12,157.79,4.5,2861.15,2.12,0.52,0.56,2,6.68,10,30.096873926485745,334.5148,False,True,False,False,False,True,False,False,False,False,True,False,False
636,7.12,42.24,12.49,218.22,272.66,14.27,2628.69,2.97,0.62,1.98,2,7.34,1,17.471577261809447,809.8002000000001,False,False,False,False,True,False,False,False,False,True,False,True,False
1269,5.07,24.25,32.44,711.04,55.15,0.22,1993.17,2.06,1.31,1.01,4,5.48,8,21.91861898890259,113.609,False,False,False,False,True,False,False,False,False,True,False,True,False
185,7.47,47.16,33.49,336.83,126.76,6.51,1150.03,1.24,1.32,0.78,5,4.8,9,10.057629143027768,157.1824,False,True,False,False,False,False,False,True,False,False,False,False,True
3545,5.64,15.78,27.78,960.31,280.33,8.66,2038.65,0.62,0.85,1.56,4,7.77,2,34.56839452843772,173.8046,False,True,False,False,False,False,False,False,True,False,False,False,True
3986,7.27,46.05,21.7,355.29,126.08,11.98,1557.85,2.5,0.46,1.64,3,5.58,8,16.372811059907836,315.2,False,False,False,True,False,False,True,False,False,False,True,False,False
3587,5.04,20.05,17.99,1098.54,102.05,14.8,1672.0,0.8,1.37,1.28,1,5.36,11,61.06392440244581,81.64,False,True,False,False,False,False,False,True,False,False,False,False,True
1797,7.46,46.46,23.86,530.32,215.29,7.11,1633.64,2.15,1.16,1.51,2,7.66,7,22.226320201173515,462.8735,False,False,False,True,False,False,True,False,False,False,False,True,False
1441,7.95,31.37,14.44,602.1,217.32,1.94,1661.36,2.37,0.65,0.75,2,6.9,10,41.696675900277015,515.0484,False,False,False,True,False,True,False,False,False,False,False,False,True
3308,7.77,11.32,27.82,421.62,192.4,15.0,1079.38,1.7,1.38,0.62,3,6.23,11,15.15528396836808,327.08,True,False,False,False,False,False,False,True,False,False,False,False,True
4680,7.44,42.56,18.85,992.53,64.33,14.87,2559.74,2.8,0.42,1.73,6,4.58,4,52.654111405835536,180.124,False,False,False,True,False,False,False,False,False,True,False,True,False
1535,5.17,38.11,18.56,527.72,201.61,10.1,1506.72,0.86,0.85,0.83,5,5.43,10,28.433189655172416,173.3846,False,False,True,False,False,False,True,False,False,False,False,True,False
3207,7.65,32.62,19.04,1162.94,95.81,13.57,1473.89,2.08,1.28,1.72,6,4.57,5,61.07878151260505,199.28480000000002,False,True,False,False,False,False,False,False,False,True,False,True,False
1273,7.77,24.5,25.91,471.3,279.96,3.6,2566.45,1.65,0.29,1.12,5,7.61,2,18.189888074102665,461.93399999999997,False,False,True,False,False,True,False,False,False,False,False,False,True
3816,4.8,31.76,23.7,518.49,114.71,3.91,1661.84,1.18,0.42,1.09,5,5.16,8,21.877215189873418,135.3578,False,False,False,True,False,False,False,True,False,False,False,False,True
607,8.12,29.79,16.23,1011.41,120.15,14.85,1537.82,1.1,0.89,1.68,1,5.58,1,62.31731361675909,132.16500000000002,False,True,False,False,False,False,False,False,True,False,False,True,False
1712,6.29,38.5,12.59,1193.87,120.86,9.94,1692.3,1.19,1.12,1.8,6,5.71,8,94.82684670373311,143.8234,False,False,False,False,True,True,False,False,False,False,False,False,True
2199,7.16,24.54,16.66,955.33,226.8,12.54,1056.55,1.49,0.83,1.73,4,6.58,3,57.342737094837936,337.932,False,True,False,False,False,False,False,True,False,False,False,False,True
955,7.84,21.1,27.11,1128.07,145.65,0.54,1291.36,1.75,0.74,0.85,3,7.79,12,41.61084470675028,254.88750000000002,True,False,False,False,False,False,False,False,True,False,False,False,True
2579,5.68,38.12,29.46,190.55,75.69,1.17,2524.56,0.67,0.26,1.82,5,5.66,3,6.468092328581127,50.7123,False,False,True,False,False,False,False,True,False,False,False,False,True
3619,5.83,49.01,13.62,588.29,185.78,2.79,2444.9,2.71,1.19,1.3,4,7.12,8,43.19309838472834,503.4638,False,True,False,False,False,False,False,False,True,False,True,False,False
4251,7.33,27.45,26.92,1072.11,119.98,3.9,1076.87,2.69,1.05,1.2,6,8.36,4,39.82578008915304,322.7462,False,False,False,True,False,False,False,False,False,True,True,False,False
3148,8.22,26.6,12.82,884.61,54.35,11.7,2010.71,2.41,1.4,1.0,4,4.77,4,69.00234009360375,130.98350000000002,True,False,False,False,False,False,False,True,False,False,False,True,False
3428,4.56,40.28,12.26,419.55,146.66,14.15,2375.21,1.03,0.71,1.41,5,5.54,4,34.221044045677,151.0598,False,True,False,False,False,False,False,False,False,True,True,False,False
403,5.02,18.35,34.3,1087.75,246.53,6.66,1512.26,2.55,1.3,1.31,3,7.42,7,31.712827988338194,628.6514999999999,True,False,False,False,False,False,True,False,False,False,False,True,False
2071,5.38,18.57,22.6,666.96,245.64,14.98,2338.17,1.11,1.12,1.99,2,6.68,5,29.51150442477876,272.6604,False,True,False,False,False,False,True,False,False,False,False,True,False
4568,7.13,18.76,25.27,1079.17,287.49,14.74,2933.79,1.63,1.01,1.73,3,6.86,7,42.70557973882074,468.6087,False,False,False,True,False,False,False,False,False,True,False,True,False
1977,4.56,48.12,34.8,1134.46,264.32,10.36,1591.53,2.07,0.93,1.12,3,7.21,9,32.599425287356325,547.1424,False,True,False,False,False,False,False,False,False,True,False,True,False
158,5.21,39.71,21.28,114.48,284.61,12.36,1503.45,2.46,0.83,1.02,3,6.92,12,5.379699248120301,700.1406000000001,False,False,False,True,False,False,False,False,False,True,True,False,False
1748,7.29,18.05,30.17,849.29,104.45,14.47,2626.61,0.67,0.32,0.89,3,4.67,5,28.150149154789524,69.98150000000001,True,False,False,False,False,True,False,False,False,False,False,False,True
2909,7.97,31.82,34.51,284.11,178.34,13.75,1351.25,2.83,1.48,1.18,5,5.61,10,8.232686177919444,504.7022,False,True,False,False,False,False,True,False,False,False,True,False,False
3292,7.9,10.01,34.14,850.52,111.2,3.72,2261.47,1.5,0.43,1.66,3,6.03,10,24.91271236086702,166.8,True,False,False,False,False,True,False,False,False,False,True,False,False
902,8.45,20.5,19.49,374.43,116.74,1.61,2906.47,1.78,1.11,1.06,6,6.4,2,19.211390456644434,207.7972,False,False,False,True,False,False,True,False,False,False,True,False,False
352,4.91,48.02,32.13,232.36,175.17,12.66,2084.37,0.86,1.41,0.92,5,5.55,1,7.231870525988173,150.6462,False,False,True,False,False,False,False,False,True,False,False,True,False
1230,6.12,17.52,19.29,700.21,251.15,12.44,1523.53,1.42,1.31,1.48,3,6.92,2,36.29911871435978,356.633,False,False,True,False,False,False,False,True,False,False,False,False,True
4695,6.17,45.83,30.25,249.39,105.37,2.24,2335.31,1.32,0.82,1.47,1,5.33,7,8.244297520661156,139.0884,False,False,True,False,False,False,True,False,False,False,False,True,False
2140,8.27,20.94,12.91,435.29,249.46,4.99,1094.09,0.7,0.34,1.13,5,6.88,2,33.71727343144849,174.62199999999999,False,False,True,False,False,False,False,False,False,True,True,False,False
444,8.1,49.78,16.21,1089.83,202.47,14.18,1442.9,1.1,0.3,1.69,4,5.64,8,67.23195558297347,222.717,False,True,False,False,False,False,True,False,False,False,True,False,False
4749,6.44,28.13,31.41,1188.66,148.03,3.87,2476.1,0.74,1.22,1.96,3,7.1,3,37.843361986628466,109.5422,True,False,False,False,False,True,False,False,False,False,True,False,False
754,6.64,11.69,26.33,1177.37,152.94,0.05,1749.55,1.79,0.45,0.71,5,7.21,2,44.71591340676035,273.7626,False,True,False,False,False,True,False,False,False,False,True,False,False
1737,6.17,40.22,15.13,882.36,157.73,3.2,2734.98,1.42,0.27,0.85,6,6.27,3,58.31857237276933,223.97659999999996,False,False,False,True,False,False,False,False,True,False,False,True,False
4780,5.65,44.5,31.47,1029.93,57.11,2.53,1849.15,2.71,0.4,0.55,6,4.61,7,32.72735938989514,154.7681,False,False,False,True,False,False,True,False,False,False,True,False,False
2920,6.88,17.67,25.61,1024.14,197.25,12.15,1470.14,2.22,0.64,0.92,3,7.32,3,39.98984771573605,437.89500000000004,False,False,True,False,False,True,False,False,False,False,True,False,False
311,4.72,35.07,30.22,1129.12,196.35,5.01,2319.2,0.9,1.42,1.92,5,6.44,1,37.36333553937789,176.715,False,False,True,False,False,False,True,False,False,False,False,False,True
548,6.18,13.56,32.69,189.6,159.7,10.41,2945.08,1.73,0.61,1.48,1,5.37,1,5.799938819210768,276.281,False,False,True,False,False,False,True,False,False,False,False,True,False
3765,4.92,25.36,30.75,220.76,250.94,6.58,1229.71,2.35,0.62,1.88,4,7.46,10,7.179186991869918,589.7090000000001,False,False,True,False,False,False,False,False,False,True,False,False,True
4574,7.14,19.1,22.56,742.61,55.73,6.6,2773.1,1.84,1.35,0.77,5,4.98,2,32.917109929078016,102.5432,False,False,True,False,False,False,False,False,True,False,True,False,False
1989,6.27,15.21,11.55,429.12,258.84,3.37,1722.62,2.76,0.81,1.95,5,7.85,1,37.15324675324675,714.3983999999999,False,True,False,False,False,False,False,True,False,False,False,True,False
306,6.46,40.31,23.38,638.88,50.82,9.35,1052.21,1.5,0.23,1.96,3,4.63,7,27.325919589392644,76.23,False,False,True,False,False,True,False,False,False,False,False,True,False
2335,7.28,24.2,27.0,620.21,207.45,2.71,1269.81,2.69,0.25,0.86,2,7.5,1,22.97074074074074,558.0405,False,False,True,False,False,False,False,False,False,True,False,True,False
694,6.27,15.06,10.04,514.64,55.34,0.04,2983.77,1.69,1.36,0.92,1,5.07,7,51.2589641434263,93.5246,False,True,False,False,False,False,False,False,False,True,True,False,False
2356,6.33,37.52,25.97,554.58,68.28,12.0,1484.02,1.9,0.73,1.42,4,5.67,12,21.354639969195226,129.732,True,False,False,False,False,False,False,False,False,True,False,False,True
1927,8.45,13.78,27.27,716.0,235.07,12.63,1051.68,1.32,0.27,1.55,3,7.92,10,26.255958929226257,310.2924,False,True,False,False,False,False,False,True,False,False,False,False,True
684,8.47,25.83,29.4,495.2,262.02,0.08,1235.22,0.78,0.35,1.72,4,7.39,1,16.843537414965986,204.3756,True,False,False,False,False,True,False,False,False,False,False,False,True
749,6.01,43.81,21.7,889.03,170.93,8.14,2881.02,2.96,1.19,1.83,3,6.01,3,40.96912442396313,505.9528,False,False,False,True,False,False,False,True,False,False,True,False,False
3025,7.58,39.44,26.42,690.19,69.86,7.25,1852.07,0.78,0.49,1.79,3,5.69,3,26.123769871309616,54.4908,False,False,False,True,False,False,False,False,True,False,False,False,True
1266,6.28,11.78,25.56,233.05,133.85,0.03,1023.13,2.53,1.46,1.32,6,6.64,6,9.11776212832551,338.6405,False,False,False,True,False,False,False,False,False,True,False,False,True
3061,7.7,37.08,31.44,865.84,280.38,6.12,1143.79,2.18,0.38,1.23,2,7.97,4,27.53944020356234,611.2284000000001,False,False,False,False,True,False,False,True,False,False,False,True,False
4221,8.31,25.57,19.17,182.85,168.56,14.28,1558.07,2.23,0.75,0.78,4,5.19,7,9.538341158059467,375.8888,False,True,False,False,False,False,False,False,False,True,False,True,False
4443,6.57,18.32,14.22,1093.45,254.06,5.1,1157.88,2.12,0.3,1.6,5,7.06,7,76.89521800281294,538.6072,True,False,False,False,False,True,False,False,False,False,False,True,False
3702,6.68,14.75,22.44,251.58,79.69,13.51,2918.12,1.21,0.72,1.07,3,5.03,5,11.211229946524064,96.4249,True,False,False,False,False,False,False,False,True,False,True,False,False
970,5.72,32.15,10.82,576.98,265.72,10.5,1343.94,1.2,0.96,0.76,2,6.9,6,53.32532347504621,318.86400000000003,False,True,False,False,False,True,False,False,False,False,False,True,False
13,6.65,28.71,20.97,765.66,110.87,14.15,1733.17,2.83,1.35,1.97,3,5.55,4,36.51216022889842,313.76210000000003,False,False,False,False,True,False,False,True,False,False,True,False,False
873,6.49,14.81,29.17,666.82,217.48,11.89,2372.86,0.59,1.19,1.92,4,7.86,7,22.85978745286253,128.3132,True,False,False,False,False,False,False,False,False,True,False,False,True
808,5.37,19.66,25.32,734.05,230.66,10.37,2122.97,2.37,1.02,1.1,2,5.85,10,28.990916271721957,546.6642,False,True,False,False,False,False,False,True,False,False,False,True,False
514,6.1,31.29,23.04,920.38,108.71,0.21,1761.29,2.37,0.76,0.51,5,5.53,8,39.947048611111114,257.6427,True,False,False,False,False,False,False,False,False,True,False,False,True
4737,8.36,35.57,31.92,990.54,62.43,14.79,1469.79,2.26,1.38,0.77,5,4.66,9,31.031954887218042,141.09179999999998,False,False,False,False,True,False,True,False,False,False,False,False,True
409,7.42,11.41,31.88,1030.56,69.68,4.82,1765.49,1.09,1.21,1.43,5,6.54,11,32.326223337515685,75.95120000000001,False,False,True,False,False,False,True,False,False,False,False,False,True
3173,8.11,26.68,18.75,274.21,223.7,13.0,1586.62,2.71,0.58,1.49,5,5.71,8,14.624533333333332,606.227,True,False,False,False,False,False,False,True,False,False,False,False,True
4172,5.24,16.84,24.85,900.34,109.32,12.11,2561.93,1.41,1.5,1.04,2,5.07,9,36.23098591549296,154.14119999999997,True,False,False,False,False,True,False,False,False,False,True,False,False
207,6.93,28.57,11.32,564.55,297.94,7.07,1385.92,0.59,1.33,1.24,2,7.22,5,49.87190812720848,175.78459999999998,False,False,False,True,False,False,False,False,False,True,False,True,False
3487,4.59,20.15,23.46,989.24,114.12,4.05,1821.64,1.76,0.97,0.54,6,4.45,5,42.16709292412617,200.8512,False,True,False,False,False,False,False,True,False,False,True,False,False
458,4.52,26.14,10.35,662.93,234.56,9.53,1554.56,0.55,1.23,1.2,2,6.55,12,64.0512077294686,129.008,False,False,False,True,False,False,True,False,False,False,False,False,True
3233,5.99,19.68,28.67,1173.87,290.22,9.03,2164.13,2.13,1.02,0.85,5,7.86,8,40.944192535751654,618.1686000000001,False,False,True,False,False,False,False,False,True,False,False,True,False
2430,4.6,10.4,34.16,1135.03,95.37,5.12,1113.99,0.94,0.8,1.07,6,4.87,9,33.22687353629977,89.6478,False,False,False,True,False,True,False,False,False,False,False,True,False
3404,6.06,35.68,14.99,310.48,271.45,0.85,2258.12,0.71,1.07,0.71,2,7.82,10,20.712474983322217,192.72949999999997,False,False,True,False,False,False,True,False,False,False,False,True,False
110,6.62,44.27,16.04,839.68,185.4,7.52,1362.02,2.96,1.05,0.56,6,7.68,11,52.34912718204489,548.784,True,False,False,False,False,False,False,False,False,True,True,False,False
3880,5.25,49.57,30.05,1106.65,189.7,5.9,2280.14,0.81,0.26,1.77,3,6.25,10,36.82695507487521,153.657,False,False,True,False,False,False,False,False,True,False,False,True,False
3758,7.58,18.2,25.41,701.74,242.27,13.87,1023.06,2.86,0.41,1.94,1,6.59,2,27.61668634395907,692.8922,True,False,False,False,False,False,True,False,False,False,False,False,True
1883,4.56,41.49,22.2,326.54,247.49,14.9,1361.89,1.33,0.56,1.59,5,6.14,5,14.70900900900901,329.16170000000005,False,True,False,False,False,False,False,False,True,False,False,True,False
1713,6.33,25.54,16.28,330.42,115.45,9.59,1608.69,1.04,1.36,1.9,1,6.64,6,20.296068796068795,120.06800000000001,False,False,False,False,True,False,False,False,True,False,False,True,False
4003,6.93,46.62,20.53,322.09,258.47,1.68,2685.13,1.94,0.48,0.93,1,6.43,11,15.688748173404772,501.43180000000007,False,True,False,False,False,False,False,False,True,False,True,False,False
3166,4.64,37.09,32.21,972.15,202.52,7.13,1177.59,1.59,1.38,1.6,1,6.19,2,30.181620614715925,322.00680000000006,True,False,False,False,False,False,False,False,True,False,False,True,False
552,6.88,21.41,16.56,369.63,226.4,7.02,1453.33,1.69,0.99,1.74,2,7.62,7,22.320652173913047,382.616,False,True,False,False,False,False,False,False,True,False,True,False,False
1439,6.47,11.76,18.67,141.75,250.67,2.56,2167.64,2.57,1.12,1.94,3,6.78,5,7.592394215318692,644.2218999999999,False,True,False,False,False,False,True,False,False,False,True,False,False
2270,6.81,35.51,20.7,215.43,82.1,13.32,2692.18,1.93,0.34,1.84,3,3.55,9,10.407246376811594,158.45299999999997,True,False,False,False,False,True,False,False,False,False,True,False,False
2821,8.15,28.95,17.01,1083.93,132.57,7.38,2921.11,1.93,0.73,1.84,5,6.44,6,63.723104056437386,255.8601,False,False,False,True,False,False,False,False,False,True,False,True,False
4592,5.32,10.78,18.36,523.37,133.0,11.61,1367.77,0.85,0.32,1.48,5,4.98,1,28.505991285403052,113.05,False,True,False,False,False,True,False,False,False,False,False,True,False
1925,7.17,46.37,25.75,503.22,215.22,2.01,2616.73,1.25,0.49,1.13,3,6.47,2,19.542524271844663,269.025,False,False,False,True,False,False,False,False,True,False,False,False,True
634,4.61,49.47,34.3,840.18,203.91,13.73,1816.92,2.71,0.42,1.15,4,6.5,1,24.495043731778427,552.5961,False,False,False,True,False,True,False,False,False,False,True,False,False
4615,4.73,46.34,19.97,587.65,238.73,1.78,2426.73,2.0,0.88,1.64,1,8.34,7,29.42663995993991,477.46,False,False,True,False,False,False,True,False,False,False,False,False,True
316,6.39,25.05,22.41,503.49,132.27,14.29,2171.01,0.87,1.48,1.01,6,5.92,3,22.467202141900938,115.07490000000001,False,True,False,False,False,False,True,False,False,False,False,True,False
4009,6.94,43.38,10.19,819.11,210.07,13.65,1540.74,1.37,1.23,1.49,5,5.4,6,80.38370951913642,287.7959,False,True,False,False,False,False,False,False,True,False,True,False,False
4516,6.97,19.37,29.12,419.95,263.05,1.9,1253.31,2.56,0.9,1.95,5,7.46,3,14.421359890109889,673.408,False,False,False,True,False,False,False,True,False,False,True,False,False
1328,4.75,45.1,27.72,810.13,205.89,14.66,1195.08,2.32,0.87,0.62,2,5.73,8,29.225468975468978,477.66479999999996,False,False,True,False,False,False,False,False,True,False,True,False,False
427,4.85,45.05,30.75,810.89,260.76,12.36,1764.56,2.17,0.26,1.89,2,7.43,12,26.37040650406504,565.8492,False,False,False,False,True,False,False,True,False,False,False,True,False
3144,7.53,19.79,32.73,131.8,195.61,6.81,1602.93,0.56,1.15,0.95,5,5.55,8,4.0268866483348615,109.54160000000002,False,False,True,False,False,True,False,False,False,False,True,False,False
105,6.28,35.71,14.88,261.83,71.93,11.71,2144.7,1.98,1.13,0.69,1,5.49,7,17.596102150537632,142.4214,False,True,False,False,False,False,False,False,False,True,False,False,True
142,8.41,15.09,11.2,621.08,202.9,3.24,1342.38,1.0,0.54,1.65,6,8.14,7,55.453571428571436,202.9,False,True,False,False,False,False,True,False,False,False,True,False,False
2169,5.37,32.27,30.98,209.19,137.88,10.72,2516.25,1.17,1.18,0.52,3,5.44,6,6.752420916720465,161.31959999999998,False,True,False,False,False,False,True,False,False,False,False,False,True
4650,4.76,34.2,25.01,870.14,270.57,8.46,1811.78,1.27,0.65,1.89,3,7.54,9,34.79168332666933,343.6239,False,False,True,False,False,False,True,False,False,False,False,False,True
89,8.36,46.98,19.86,140.22,276.87,8.59,1781.17,2.0,1.43,1.49,4,6.1,2,7.0604229607250755,553.74,False,False,False,False,True,False,True,False,False,False,False,False,True
2918,4.64,27.1,31.11,593.82,299.49,7.68,1516.99,2.22,1.3,1.97,3,8.28,12,19.087753134040504,664.8678000000001,True,False,False,False,False,False,False,False,False,True,False,True,False
2241,5.99,23.49,24.39,770.58,104.94,6.25,1629.14,2.1,0.25,1.61,3,5.14,6,31.59409594095941,220.374,False,False,False,False,True,True,False,False,False,False,True,False,False
3836,4.78,22.81,10.46,1198.08,231.8,13.16,1051.18,0.77,0.22,0.73,5,7.04,5,114.53919694072655,178.48600000000002,False,False,True,False,False,False,True,False,False,False,False,False,True
2163,7.58,21.49,10.65,190.62,178.44,6.43,2867.94,1.68,0.73,1.25,5,5.86,10,17.898591549295773,299.7792,False,True,False,False,False,False,False,False,True,False,True,False,False
2636,5.74,10.89,22.64,959.21,269.47,11.04,2201.37,2.63,0.94,0.96,3,7.49,9,42.36793286219081,708.7061,False,True,False,False,False,False,True,False,False,False,True,False,False
1949,7.78,12.61,33.73,502.0,68.28,7.63,1608.68,1.41,0.26,0.94,3,5.64,9,14.882893566557962,96.2748,False,False,False,False,True,False,False,True,False,False,False,True,False
1768,7.37,43.86,16.01,1096.14,178.96,5.44,2125.56,1.74,0.57,0.54,6,6.35,2,68.46595877576515,311.3904,False,False,True,False,False,False,True,False,False,False,True,False,False
4434,5.52,42.24,16.41,1119.12,203.61,11.76,1360.86,1.68,0.65,1.37,2,7.02,6,68.19744058500913,342.0648,False,False,False,False,True,False,False,True,False,False,False,True,False
2272,5.1,47.29,20.3,632.06,111.14,14.08,2460.63,2.64,1.04,1.24,6,5.18,10,31.135960591133003,293.4096,False,False,True,False,False,True,False,False,False,False,False,False,True
1,6.69,23.72,25.85,599.01,120.17,11.85,2011.49,0.53,1.14,1.72,3,5.66,7,23.172533849129593,63.6901,False,False,False,True,False,False,False,False,True,False,False,True,False
3058,5.16,31.47,31.52,850.84,214.14,5.42,2594.02,1.18,0.98,1.22,1,6.44,2,26.993654822335028,252.68519999999998,False,False,False,True,False,False,False,False,False,True,False,True,False
4758,7.71,35.62,23.69,1117.67,80.43,4.69,1127.83,2.76,0.71,0.97,6,5.54,5,47.178978471929085,221.9868,True,False,False,False,False,True,False,False,False,False,True,False,False
1951,8.5,46.07,26.33,343.17,263.75,8.63,1353.39,2.97,0.69,1.39,6,6.28,5,13.033421952145842,783.3375000000001,True,False,False,False,False,True,False,False,False,False,True,False,False
3808,6.68,35.09,32.12,1194.02,81.08,4.89,2104.9,2.64,1.27,0.64,5,4.84,12,37.173723536737235,214.0512,False,False,False,False,True,True,False,False,False,False,True,False,False
4128,6.22,16.5,23.72,964.46,213.37,6.34,1816.98,1.24,0.41,1.29,1,6.65,9,40.6602023608769,264.5788,False,False,False,False,True,True,False,False,False,False,False,False,True
2720,4.69,25.34,24.53,410.27,259.42,8.34,2278.99,2.13,0.6,0.56,1,7.48,5,16.725234406848756,552.5646,False,True,False,False,False,False,False,False,False,True,False,False,True
3247,7.1,15.05,27.01,688.64,249.7,4.89,2435.38,2.3,1.01,1.47,1,6.94,12,25.495742317660124,574.31,False,False,False,False,True,False,False,True,False,False,False,False,True
1109,7.21,12.11,19.13,862.92,180.54,13.36,1424.25,0.55,0.87,0.6,2,5.33,7,45.10820700470465,99.297,False,False,False,True,False,False,False,True,False,False,False,False,True
4734,5.05,37.01,10.53,908.9,275.68,0.15,1819.15,1.43,1.3,1.84,1,7.63,4,86.31528964862298,394.2224,False,False,False,False,True,False,False,False,False,True,False,False,True
591,7.86,30.73,27.43,784.96,143.1,7.15,2587.67,1.2,1.09,0.83,2,6.52,2,28.616842872767045,171.72,False,True,False,False,False,True,False,False,False,False,True,False,False
1695,7.51,36.85,15.56,185.33,63.36,11.08,1085.78,0.75,1.4,1.05,3,3.47,3,11.910668380462726,47.519999999999996,False,False,True,False,False,False,True,False,False,False,False,False,True
2936,7.31,30.5,13.8,558.6,102.42,11.16,1747.99,2.68,0.97,1.54,4,6.44,11,40.47826086956522,274.48560000000003,False,True,False,False,False,False,True,False,False,False,False,False,True
4584,4.92,44.06,32.39,361.9,249.69,5.18,2040.79,1.75,0.74,1.05,5,7.23,9,11.173201605433775,436.9575,False,True,False,False,False,False,False,True,False,False,True,False,False
3176,8.09,22.53,25.34,1026.22,279.41,7.61,2438.42,2.14,1.12,1.58,5,8.97,5,40.49802683504341,597.9374000000001,False,True,False,False,False,False,True,False,False,False,False,False,True
1576,7.93,29.93,25.0,513.0,84.35,12.54,1981.12,1.19,1.34,1.41,6,5.29,5,20.52,100.3765,False,False,False,False,True,False,False,False,True,False,False,False,True
3674,7.21,18.6,12.98,1180.3,293.14,0.48,1304.92,0.87,1.04,0.63,2,9.21,6,90.9322033898305,255.03179999999998,False,False,False,True,False,False,False,False,False,True,False,True,False
213,6.99,20.51,23.94,631.82,210.51,13.76,2576.12,1.21,1.06,1.09,1,6.74,7,26.391812865497077,254.7171,False,False,False,False,True,True,False,False,False,False,True,False,False
778,6.78,19.79,20.79,140.52,123.62,10.11,2924.61,1.94,0.72,1.03,5,6.01,11,6.75901875901876,239.8228,False,False,True,False,False,False,False,True,False,False,True,False,False
4059,7.36,36.25,29.41,482.86,86.23,13.79,2457.2,1.38,0.87,1.82,2,5.12,8,16.41822509350561,118.9974,False,True,False,False,False,True,False,False,False,False,False,False,True
3494,4.64,11.57,19.47,943.28,83.03,13.6,2833.92,1.84,0.57,0.65,1,5.66,3,48.44786851566513,152.7752,False,True,False,False,False,False,False,True,False,False,False,True,False
2043,4.55,46.59,31.35,1135.69,119.25,10.89,2817.77,0.65,0.65,0.55,2,6.14,10,36.22615629984051,77.5125,False,False,True,False,False,True,False,False,False,False,False,True,False
2848,8.1,22.37,29.23,689.63,163.07,13.09,1594.93,0.78,0.27,0.5,1,5.63,4,23.593226137529935,127.1946,False,False,True,False,False,False,False,False,False,True,False,False,True
4359,8.47,24.3,21.78,761.21,293.97,13.07,2982.76,1.93,1.2,0.71,4,6.98,9,34.949954086317724,567.3621,False,False,False,True,False,True,False,False,False,False,False,False,True
4166,7.68,15.04,32.66,1108.81,210.86,0.47,1521.23,0.79,0.73,1.71,1,7.95,3,33.950091855480714,166.57940000000002,True,False,False,False,False,False,True,False,False,False,True,False,False
3540,7.67,12.92,22.67,944.76,199.89,9.24,2913.37,1.86,1.33,0.72,2,5.82,2,41.67445963828848,371.7954,False,False,True,False,False,False,False,True,False,False,False,True,False
1567,6.73,38.83,11.83,1158.62,91.78,6.26,2713.02,1.05,0.75,1.04,2,5.82,12,97.93913778529162,96.369,False,False,True,False,False,True,False,False,False,False,False,False,True
165,5.54,25.04,31.08,721.82,109.22,12.82,2948.0,0.56,0.88,1.15,3,5.28,8,23.22458172458173,61.1632,False,False,True,False,False,False,False,True,False,False,False,False,True
4531,7.44,18.85,17.03,558.4,66.85,5.35,1602.36,1.6,1.13,1.28,4,5.93,10,32.789195537287135,106.96,False,False,True,False,False,False,False,True,False,False,False,True,False
3339,7.99,21.42,33.81,738.8,154.05,13.38,2762.49,2.99,0.67,1.89,6,5.42,2,21.85152321798284,460.6095000000001,False,False,True,False,False,True,False,False,False,False,False,False,True
4729,7.46,14.24,27.45,794.74,191.33,1.83,2250.53,1.01,1.26,1.47,4,7.8,2,28.952276867030967,193.2433,False,True,False,False,False,True,False,False,False,False,False,False,True
1343,8.02,22.53,23.93,158.28,114.45,9.99,2036.91,1.09,0.44,0.94,5,4.66,7,6.614291684078562,124.75050000000002,True,False,False,False,False,False,False,False,False,True,False,False,True
2013,5.97,48.16,33.45,304.71,277.67,8.39,2394.39,1.97,0.48,1.87,6,6.68,12,9.109417040358743,547.0099,False,False,False,False,True,False,False,False,False,True,False,True,False
273,5.49,19.07,23.21,1026.16,247.84,0.3,2453.62,0.9,1.31,0.75,6,7.95,3,44.21197759586386,223.056,False,False,False,False,True,False,False,False,False,True,False,False,True
71,5.08,46.25,13.46,358.36,240.11,10.07,2608.91,2.41,0.32,1.79,4,8.01,9,26.624071322436848,578.6651,False,False,True,False,False,False,False,True,False,False,True,False,False
3610,6.71,21.67,31.24,863.69,223.4,8.27,2450.22,0.9,1.04,1.75,2,6.65,12,27.64692701664533,201.06,False,False,False,True,False,False,False,True,False,False,False,False,True
1087,4.87,28.44,10.21,181.02,217.35,14.92,1181.39,2.69,0.31,1.55,5,6.41,3,17.72967678746327,584.6714999999999,False,False,True,False,False,False,False,True,False,False,True,False,False
394,6.29,45.95,20.13,927.29,269.69,10.44,1388.16,1.01,1.28,0.67,2,6.63,12,46.065076999503226,272.3869,True,False,False,False,False,False,False,False,False,True,True,False,False
583,5.67,38.27,22.46,244.13,175.36,0.13,2090.33,2.19,1.01,1.69,3,6.91,1,10.86954585930543,384.0384,False,False,False,True,False,False,False,False,True,False,True,False,False
1367,4.77,35.09,25.45,146.12,167.06,14.62,2666.7,2.74,0.62,1.54,5,6.11,12,5.741453831041258,457.74440000000004,False,False,False,True,False,False,True,False,False,False,False,True,False
4787,5.54,44.22,12.71,732.06,175.72,8.86,2008.97,2.53,0.45,0.56,4,5.56,6,57.59716758457906,444.5716,True,False,False,False,False,False,False,True,False,False,True,False,False
4732,5.58,30.69,10.7,179.87,217.49,5.8,2194.6,1.22,0.4,0.89,6,5.44,8,16.810280373831777,265.3378,False,False,False,True,False,False,False,False,True,False,False,True,False
2548,7.44,12.29,29.68,766.35,135.12,12.18,1092.4,1.83,0.59,0.89,1,5.32,10,25.820417789757414,247.26960000000003,True,False,False,False,False,False,False,False,True,False,False,True,False
3831,5.81,25.79,31.4,1057.27,174.98,6.26,2981.96,2.0,0.21,1.45,2,6.48,5,33.671019108280255,349.96,False,False,True,False,False,False,False,False,False,True,True,False,False
4703,8.04,12.2,28.75,260.06,118.29,8.53,2463.85,0.57,0.77,1.44,4,3.3,2,9.045565217391305,67.4253,False,True,False,False,False,False,False,False,True,False,False,True,False
3003,5.24,27.36,34.06,1121.6,147.57,9.3,1557.95,1.09,0.75,1.19,6,5.54,6,32.930123311802696,160.8513,False,False,False,True,False,False,False,False,False,True,True,False,False
4599,7.99,47.28,16.28,571.63,75.24,3.11,2613.82,2.63,0.58,0.72,2,4.67,5,35.112407862407856,197.88119999999998,False,False,True,False,False,False,False,False,True,False,False,True,False
3715,7.52,37.57,25.32,1146.7,275.8,2.91,2011.19,1.64,0.23,1.8,3,7.99,4,45.28830963665087,452.312,True,False,False,False,False,False,False,True,False,False,False,True,False
3290,8.39,45.63,29.94,762.7,198.25,8.51,2843.28,0.54,0.22,0.73,3,6.39,3,25.47428189712759,107.055,False,False,False,True,False,False,True,False,False,False,False,True,False
1763,4.88,21.45,20.18,397.92,181.77,5.1,1730.93,0.78,0.29,0.5,4,5.63,6,19.7185332011893,141.78060000000002,False,False,True,False,False,False,False,False,True,False,False,True,False
1875,5.62,24.07,14.32,255.89,262.7,9.63,2451.1,0.7,0.32,0.88,5,6.86,6,17.869413407821227,183.89,True,False,False,False,False,False,False,False,True,False,True,False,False
1259,4.69,28.07,27.62,460.08,191.51,5.53,2146.69,0.73,0.31,1.6,5,7.02,5,16.657494569152785,139.8023,False,True,False,False,False,False,False,False,False,True,False,True,False
4354,6.93,19.95,19.55,511.41,61.64,14.93,1276.99,2.21,0.53,0.98,1,3.82,7,26.15907928388747,136.2244,False,False,False,False,True,False,False,False,False,True,False,True,False
2253,8.42,18.02,19.97,1009.3,167.8,2.52,2569.96,2.23,0.72,0.96,2,6.01,8,50.54081121682524,374.194,False,False,True,False,False,True,False,False,False,False,True,False,False
2781,7.2,33.22,15.97,299.42,209.94,8.0,2397.91,2.68,0.35,1.51,3,6.99,10,18.74890419536631,562.6392000000001,False,False,False,False,True,False,True,False,False,False,False,False,True
526,5.21,24.64,21.77,212.65,179.48,11.86,1390.9,2.97,1.31,0.74,3,6.49,4,9.768029398254479,533.0556,False,False,True,False,False,False,True,False,False,False,False,True,False
3185,7.95,29.81,20.19,387.92,152.94,13.98,1417.83,2.23,0.76,0.76,3,5.4,11,19.21347201584943,341.0562,False,False,False,True,False,False,False,False,False,True,False,False,True
4086,6.36,23.41,31.32,503.67,207.79,1.35,2368.92,1.46,1.1,0.9,4,7.46,4,16.081417624521073,303.3734,False,False,False,True,False,False,False,True,False,False,False,True,False
377,8.4,18.87,29.14,242.95,209.03,5.66,2311.05,1.54,1.28,1.44,5,7.37,10,8.337336993822923,321.9062,False,False,False,True,False,True,False,False,False,False,True,False,False
1559,5.21,32.37,18.62,666.81,195.02,5.83,1963.43,2.91,0.41,1.6,4,6.91,5,35.81149301825993,567.5082000000001,False,False,False,False,True,False,False,False,True,False,True,False,False
4766,5.55,27.44,27.72,1069.29,81.37,10.92,2970.03,1.06,1.11,1.37,4,5.44,2,38.574675324675326,86.25220000000002,False,False,True,False,False,False,False,True,False,False,False,True,False
1963,7.43,36.2,21.99,1184.23,114.93,11.18,1265.06,0.79,1.04,1.14,3,4.88,8,53.8531150522965,90.7947,False,False,False,False,True,False,False,False,False,True,False,True,False
4547,5.91,49.45,34.15,634.83,181.66,6.11,2950.86,1.95,0.21,0.63,6,6.34,5,18.589458272327967,354.23699999999997,False,False,False,True,False,False,False,False,True,False,True,False,False
348,6.67,17.47,10.43,325.12,65.19,0.63,1543.23,0.94,1.47,0.52,6,5.31,1,31.171620325982744,61.2786,True,False,False,False,False,False,True,False,False,False,False,True,False
2434,5.99,40.01,26.59,346.3,215.83,8.31,2960.02,2.64,0.91,1.36,5,6.54,9,13.023693117713426,569.7912,False,True,False,False,False,False,False,False,False,True,False,False,True
2246,5.72,49.83,18.68,1169.56,64.2,2.51,1771.7,0.67,0.28,1.03,5,4.39,7,62.610278372591004,43.014,False,False,False,False,True,False,False,True,False,False,True,False,False
4580,5.07,23.09,33.09,201.59,276.83,12.86,1067.54,1.95,0.28,1.95,4,6.66,12,6.09217286189181,539.8185,False,False,False,False,True,True,False,False,False,False,False,True,False
1709,6.73,41.59,29.24,662.97,108.19,8.75,1591.64,2.38,1.32,1.97,5,5.7,10,22.6733926128591,257.49219999999997,False,True,False,False,False,True,False,False,False,False,True,False,False
1050,6.58,17.72,14.38,1064.71,144.4,12.01,2746.63,1.9,1.07,1.43,3,7.4,3,74.04102920723227,274.36,False,True,False,False,False,False,True,False,False,False,False,False,True
590,5.69,44.54,13.11,998.74,83.63,11.72,1241.9,1.9,0.49,1.48,5,5.07,1,76.1815408085431,158.897,True,False,False,False,False,False,True,False,False,False,False,False,True
519,7.77,44.82,23.14,421.17,94.1,7.54,1029.48,2.96,1.18,1.06,3,5.49,8,18.2009507346586,278.536,True,False,False,False,False,False,True,False,False,False,False,False,True
4318,4.58,41.69,20.17,297.54,225.86,14.22,1765.73,0.93,1.42,1.85,5,5.4,6,14.751611303916707,210.04980000000003,True,False,False,False,False,False,False,True,False,False,False,False,True
4366,8.24,14.47,30.34,392.24,164.01,6.5,1244.12,1.94,1.0,1.56,1,5.83,10,12.928147659854977,318.1794,False,False,False,True,False,False,False,False,False,True,False,False,True
2477,7.3,23.17,16.12,462.61,64.1,0.78,2757.96,1.88,1.03,1.88,1,4.76,11,28.69789081885856,120.50799999999998,True,False,False,False,False,True,False,False,False,False,False,False,True
1083,6.71,20.71,18.85,841.31,240.18,9.53,2989.99,0.52,0.47,0.65,6,7.16,10,44.631830238726785,124.8936,True,False,False,False,False,True,False,False,False,False,False,True,False
4449,6.87,15.05,11.66,1071.53,269.37,10.21,2509.92,2.66,0.7,1.86,3,9.27,10,91.89794168096054,716.5242000000001,True,False,False,False,False,False,False,False,True,False,False,True,False
4589,6.4,44.09,34.14,454.87,208.06,8.36,1825.34,2.97,1.17,1.68,3,5.97,8,13.323667252489749,617.9382,True,False,False,False,False,False,False,False,True,False,False,True,False
4334,6.21,34.77,25.98,258.12,52.56,13.71,2898.51,0.86,1.09,1.55,1,3.99,1,9.935334872979215,45.2016,False,False,True,False,False,False,False,False,False,True,True,False,False
1294,6.32,13.63,20.99,860.07,151.49,11.51,2736.4,2.23,1.13,0.73,3,6.08,12,40.97522629823726,337.8227,False,True,False,False,False,False,False,False,False,True,False,True,False
1809,6.53,29.12,22.04,1122.92,298.26,9.51,2813.02,2.57,0.72,1.2,2,8.46,6,50.949183303085306,766.5282,False,True,False,False,False,False,False,True,False,False,False,False,True
791,7.8,30.84,24.06,410.2,54.07,7.82,1499.32,2.82,1.21,1.49,2,3.85,11,17.049044056525354,152.4774,False,False,True,False,False,False,False,False,False,True,True,False,False
792,6.2,35.37,13.98,248.76,288.01,13.16,1079.56,1.9,0.26,1.54,5,7.18,11,17.793991416309012,547.2189999999999,False,False,False,True,False,True,False,False,False,False,False,True,False
3835,5.13,45.71,28.64,681.67,131.2,13.18,1504.65,2.08,1.44,1.61,5,5.64,2,23.801326815642454,272.89599999999996,False,False,False,True,False,False,False,False,True,False,True,False,False
3984,7.27,16.82,26.78,1114.56,178.46,2.36,1391.38,2.18,0.43,1.13,2,7.19,1,41.61911874533234,389.04280000000006,False,False,False,True,False,False,False,False,True,False,True,False,False
1980,8.09,19.57,33.2,110.64,197.42,1.7,2255.37,1.58,1.21,0.95,1,5.34,4,3.3325301204819273,311.9236,False,False,False,True,False,False,False,False,False,True,True,False,False
3630,6.23,20.6,34.74,654.12,77.1,2.4,1898.95,1.31,0.43,0.6,2,5.14,10,18.82901554404145,101.00099999999999,False,True,False,False,False,False,True,False,False,False,False,False,True
3477,5.15,21.52,28.66,751.85,141.77,5.12,2802.24,2.15,0.62,1.11,6,6.59,3,26.233426378227495,304.8055,False,False,True,False,False,False,False,True,False,False,False,False,True
1530,6.11,18.94,26.09,813.84,166.0,7.1,2365.38,1.47,1.11,1.04,4,6.42,10,31.19356075124569,244.01999999999998,False,False,False,False,True,False,True,False,False,False,False,False,True
1410,6.74,33.87,11.75,362.65,83.06,3.23,2828.19,0.61,0.88,1.77,5,6.0,3,30.863829787234042,50.6666,False,False,True,False,False,True,False,False,False,False,True,False,False
4126,6.98,37.83,11.44,544.74,67.55,10.28,2423.41,0.9,0.5,0.98,4,4.47,1,47.61713286713287,60.795,False,False,False,False,True,False,False,False,True,False,True,False,False
4466,5.58,45.57,24.23,552.27,151.65,13.79,1624.84,1.33,0.56,1.25,1,4.13,11,22.792818819645067,201.6945,False,False,True,False,False,False,True,False,False,False,False,True,False
83,4.98,47.07,23.4,1030.49,112.63,6.95,1013.95,2.35,0.44,1.57,6,6.45,9,44.03803418803419,264.6805,False,False,False,False,True,True,False,False,False,False,False,False,True
868,6.63,41.97,16.7,204.94,195.01,12.76,1644.14,0.9,0.55,0.71,3,6.26,9,12.27185628742515,175.509,False,True,False,False,False,False,False,False,False,True,False,True,False
2350,8.23,22.39,30.39,580.23,200.55,11.22,2865.2,2.85,0.29,0.76,3,5.64,2,19.09279368213228,571.5675,False,False,True,False,False,False,False,False,True,False,True,False,False
20,5.14,15.26,23.29,967.16,130.38,11.18,2169.94,2.94,1.15,0.76,4,5.47,10,41.52683555173894,383.31719999999996,False,False,True,False,False,False,False,False,False,True,True,False,False
3188,4.62,45.6,20.97,171.0,195.48,13.79,1178.58,0.7,0.59,0.95,4,6.47,9,8.15450643776824,136.83599999999998,False,False,True,False,False,True,False,False,False,False,True,False,False
2795,7.41,29.57,26.99,965.0,259.59,10.48,2310.77,1.95,0.62,1.4,5,6.73,11,35.75398295665061,506.2004999999999,False,False,False,False,True,True,False,False,False,False,True,False,False
4394,7.9,27.72,27.9,290.27,88.42,5.31,2750.32,1.46,0.85,0.9,1,3.9,7,10.403942652329748,129.0932,False,True,False,False,False,False,False,True,False,False,False,False,True
1562,6.41,24.88,27.25,567.32,264.84,14.6,1438.8,1.28,0.8,1.95,1,6.13,1,20.819082568807342,338.99519999999995,False,False,True,False,False,True,False,False,False,False,True,False,False
3093,7.62,19.48,29.63,612.88,89.96,0.28,2046.41,1.16,0.3,1.07,2,6.31,10,20.684441444481944,104.35359999999999,False,False,True,False,False,True,False,False,False,False,False,True,False
973,7.04,20.15,12.9,969.85,162.29,6.49,2992.25,2.42,0.74,1.71,1,6.33,5,75.18217054263566,392.74179999999996,False,True,False,False,False,False,False,True,False,False,True,False,False
1710,7.8,16.09,22.63,206.49,250.56,2.3,2030.79,0.7,1.42,0.61,4,6.34,4,9.124613345117101,175.392,False,False,False,False,True,False,False,False,True,False,False,False,True
3699,4.54,38.12,18.56,510.88,173.65,12.17,2694.82,2.92,0.73,1.12,4,5.84,10,27.52586206896552,507.058,True,False,False,False,False,False,False,True,False,False,False,False,True
4629,7.36,43.32,23.53,444.29,203.93,4.76,1791.65,0.83,0.88,0.58,6,5.91,8,18.88185295367616,169.2619,False,True,False,False,False,False,False,False,False,True,False,True,False
1098,7.97,23.59,15.68,358.69,293.1,5.91,2057.2,1.19,1.0,1.43,2,7.2,1,22.87563775510204,348.789,False,True,False,False,False,False,False,True,False,False,False,False,True
3918,4.79,32.78,21.14,446.26,157.1,0.32,2224.94,1.0,1.13,1.24,2,5.95,10,21.109744560075686,157.1,False,True,False,False,False,False,False,False,True,False,False,False,True
2844,7.32,18.86,29.48,853.06,85.82,4.89,2888.9,2.44,1.29,1.21,5,5.37,9,28.93690637720488,209.40079999999998,False,True,False,False,False,True,False,False,False,False,False,False,True
886,5.91,15.23,34.8,1078.15,241.9,5.11,1456.77,2.46,1.46,1.78,3,6.64,2,30.981321839080465,595.074,False,False,True,False,False,False,False,False,False,True,False,False,True
4096,7.47,43.95,26.19,814.8,152.42,3.16,2595.21,2.8,1.28,1.24,5,6.06,2,31.111111111111107,426.77599999999995,False,False,False,False,True,False,False,False,True,False,False,False,True
4402,6.69,47.91,30.9,1026.89,89.64,13.22,1654.25,1.85,0.89,0.69,6,6.35,1,33.2326860841424,165.834,False,False,False,False,True,True,False,False,False,False,False,False,True
4227,6.99,12.33,31.76,797.27,189.81,6.12,2761.19,2.39,1.34,1.27,4,6.88,12,25.102959697732995,453.64590000000004,False,True,False,False,False,False,False,True,False,False,True,False,False
515,4.85,29.16,30.34,111.99,170.86,12.06,1380.26,1.32,1.11,0.65,4,6.11,6,3.69116677653263,225.53520000000003,False,False,True,False,False,False,False,False,False,True,False,True,False
737,8.32,10.9,28.69,1199.23,201.88,6.02,2923.87,2.99,0.82,1.16,2,7.47,10,41.799581735796444,603.6212,False,False,False,False,True,False,False,False,True,False,False,False,True
1453,7.48,31.91,14.51,1095.25,69.43,13.21,1499.22,0.91,1.23,0.8,5,4.24,12,75.48242591316334,63.18130000000001,False,True,False,False,False,False,False,False,True,False,True,False,False
3689,8.46,38.4,22.65,797.45,163.39,12.17,2075.69,1.96,1.37,1.41,1,6.44,1,35.2075055187638,320.2444,False,False,False,False,True,False,False,True,False,False,False,False,True
4517,5.21,38.32,32.21,573.82,108.25,2.06,1859.71,2.93,1.29,0.57,4,4.91,8,17.814964296802238,317.1725,True,False,False,False,False,False,False,False,False,True,True,False,False
2506,5.56,42.36,22.4,1046.93,215.59,1.39,2387.49,2.84,1.44,1.07,5,7.66,1,46.73794642857143,612.2755999999999,False,False,False,False,True,False,False,True,False,False,False,True,False
2994,5.54,38.67,26.85,446.72,194.32,13.85,1992.31,2.09,0.2,1.37,5,6.04,10,16.637616387337058,406.12879999999996,False,False,False,False,True,False,True,False,False,False,False,True,False
2126,5.01,34.23,34.07,661.97,239.64,7.23,1636.72,2.79,0.45,1.72,1,6.43,11,19.429703551511594,668.5956,False,False,False,False,True,False,True,False,False,False,False,True,False
2926,7.56,22.37,32.56,637.32,232.16,1.66,1094.26,1.37,1.46,1.77,2,7.61,9,19.573710073710075,318.05920000000003,True,False,False,False,False,False,False,True,False,False,False,False,True
4559,7.53,47.16,28.66,693.11,274.09,7.16,2278.56,2.99,0.28,1.09,4,7.36,6,24.183879972086533,819.5291,False,False,False,False,True,True,False,False,False,False,False,False,True
906,7.84,28.49,11.77,464.68,205.03,10.41,2404.09,2.82,0.92,1.82,5,5.92,8,39.480033984706886,578.1845999999999,True,False,False,False,False,False,False,False,False,True,False,True,False
3395,6.76,12.83,28.82,497.17,57.22,4.86,1931.34,1.22,1.29,1.27,2,4.99,3,17.25086745315753,69.80839999999999,True,False,False,False,False,False,False,False,True,False,False,True,False
1030,7.47,12.97,34.41,122.01,156.87,3.24,2292.95,0.62,1.03,0.55,3,5.59,2,3.545771578029643,97.2594,False,True,False,False,False,False,True,False,False,False,False,False,True
2507,6.93,34.27,18.32,1166.41,61.47,12.93,1102.8,2.73,0.82,1.82,1,4.34,4,63.668668122270745,167.8131,True,False,False,False,False,True,False,False,False,False,False,True,False
2428,5.32,39.47,32.59,403.85,198.24,6.84,1561.02,2.11,1.25,0.51,4,5.93,6,12.391837987112611,418.2864,False,False,True,False,False,False,False,True,False,False,True,False,False
947,6.32,25.2,20.94,558.74,210.75,11.74,2286.46,2.89,1.0,1.46,1,6.52,10,26.682903533906398,609.0675,False,False,True,False,False,False,True,False,False,False,True,False,False
3534,4.91,29.27,21.71,1110.54,102.46,12.07,2266.6,1.09,0.76,1.73,5,5.12,2,51.15338553661907,111.6814,True,False,False,False,False,False,False,False,False,True,True,False,False
3780,7.51,30.2,19.17,1159.07,116.65,10.8,1880.0,1.46,0.72,1.96,5,6.32,2,60.462702138758466,170.309,False,True,False,False,False,False,False,False,True,False,False,True,False
715,7.65,21.47,18.13,825.63,277.99,1.26,1136.64,1.06,0.63,0.78,4,8.29,5,45.539437396580254,294.66940000000005,False,True,False,False,False,False,False,False,False,True,False,False,True
3768,7.42,44.9,28.49,910.44,192.43,6.91,1812.26,2.27,1.01,1.07,5,7.1,3,31.95647595647596,436.8161,False,False,True,False,False,False,False,False,False,True,True,False,False
686,4.77,17.52,19.45,1086.0,280.13,5.68,2583.93,1.51,0.66,1.59,3,8.58,8,55.835475578406175,422.9963,True,False,False,False,False,False,True,False,False,False,True,False,False
703,4.61,16.73,31.32,444.37,143.14,5.85,1975.44,0.86,0.92,1.11,2,5.3,1,14.188058748403575,123.1004,False,True,False,False,False,True,False,False,False,False,True,False,False
2353,5.69,49.13,18.14,275.17,110.23,13.15,1177.3,1.96,0.63,0.81,5,5.31,12,15.169239250275634,216.0508,False,False,False,True,False,False,False,True,False,False,False,True,False
2257,5.31,29.25,34.1,422.75,287.91,12.28,1190.18,0.5,1.47,0.86,6,6.77,10,12.397360703812316,143.955,False,True,False,False,False,True,False,False,False,False,False,False,True
473,6.51,26.92,10.83,685.66,106.55,8.8,1287.97,0.57,1.29,0.88,6,6.24,9,63.311172668513386,60.73349999999999,False,True,False,False,False,False,True,False,False,False,False,True,False
21,5.54,39.99,31.04,601.93,151.43,5.59,2530.24,2.99,0.65,1.88,1,7.07,7,19.39207474226804,452.77570000000003,False,False,False,True,False,False,False,True,False,False,False,True,False
2752,6.09,29.36,16.47,226.84,188.01,5.23,1400.4,2.02,0.47,1.74,5,5.65,11,13.772920461445052,379.7802,False,True,False,False,False,False,True,False,False,False,False,False,True
885,6.12,25.73,14.6,883.32,57.79,0.9,1728.94,2.99,0.2,1.74,3,5.33,12,60.5013698630137,172.7921,False,False,True,False,False,False,False,True,False,False,True,False,False
2448,6.0,47.74,25.64,577.1,263.57,14.91,2731.35,1.26,1.43,0.83,2,6.73,4,22.50780031201248,332.0982,False,False,False,False,True,False,True,False,False,False,True,False,False
917,7.31,43.75,26.79,147.2,112.98,3.85,1465.65,2.75,1.49,1.75,5,5.94,2,5.49458753266144,310.695,False,False,True,False,False,False,False,False,True,False,True,False,False
3492,6.4,28.43,29.83,522.61,208.31,6.89,1522.77,1.76,0.6,1.29,5,6.47,10,17.519611129735168,366.6256,False,False,True,False,False,False,False,False,False,True,False,True,False
4273,7.2,15.27,33.63,772.78,190.13,6.18,1123.6,0.77,0.79,0.71,6,6.23,9,22.978887897710376,146.4001,False,False,False,True,False,False,False,False,True,False,True,False,False
2239,6.01,12.54,27.37,311.46,75.07,1.13,1511.74,1.12,1.27,0.83,2,3.96,11,11.379612714651076,84.0784,True,False,False,False,False,False,False,False,True,False,False,True,False
3569,7.37,44.84,29.55,482.39,93.9,13.93,2748.24,2.74,0.31,0.61,4,5.46,9,16.324534686971234,257.28600000000006,False,False,False,True,False,False,False,False,False,True,False,False,True
1265,7.52,19.12,26.8,754.63,112.81,5.24,1699.69,2.38,0.94,0.7,5,5.05,11,28.15783582089552,268.4878,False,True,False,False,False,True,False,False,False,False,False,True,False
483,8.27,10.72,12.85,503.59,78.58,13.76,1085.78,2.2,0.29,0.61,6,4.74,2,39.18988326848249,172.876,False,False,False,True,False,False,True,False,False,False,True,False,False
4167,4.93,12.15,19.4,714.09,215.35,11.25,2306.8,2.06,0.42,0.51,2,5.66,7,36.80876288659794,443.621,True,False,False,False,False,False,False,True,False,False,True,False,False
2963,6.58,29.04,14.67,581.48,65.33,1.36,1611.37,2.58,1.06,1.17,1,5.58,8,39.6373551465576,168.5514,False,False,True,False,False,False,False,True,False,False,False,False,True
1219,5.44,24.69,21.45,322.49,148.42,5.23,2416.3,2.76,1.18,0.61,5,6.5,10,15.034498834498836,409.63919999999996,False,False,False,True,False,False,False,True,False,False,False,False,True
277,5.7,43.81,13.36,918.14,238.85,6.16,2605.28,2.67,1.25,1.56,4,7.63,2,68.72305389221557,637.7294999999999,True,False,False,False,False,True,False,False,False,False,True,False,False
988,7.14,49.98,31.54,1093.03,144.63,11.01,1497.24,0.54,1.36,1.88,4,6.08,6,34.65535827520609,78.1002,False,False,True,False,False,False,True,False,False,False,False,False,True
2084,5.97,26.44,34.99,855.58,208.67,0.01,2848.33,0.97,1.01,0.97,6,7.32,3,24.45212917976565,202.4099,False,True,False,False,False,False,False,True,False,False,True,False,False
1245,7.29,42.96,13.75,1187.12,224.25,12.27,2906.77,1.25,0.76,1.09,6,7.67,1,86.336,280.3125,False,True,False,False,False,False,True,False,False,False,True,False,False
2382,7.11,23.54,26.88,899.12,285.91,5.19,2601.8,1.72,0.75,1.7,4,7.28,1,33.449404761904766,491.76520000000005,False,False,False,False,True,False,False,False,False,True,False,True,False
571,6.52,24.21,22.49,781.07,183.18,1.54,2580.88,2.35,0.51,1.52,2,7.09,12,34.72965762561139,430.473,False,False,False,True,False,False,False,False,False,True,False,True,False
1435,5.2,29.46,26.82,149.95,97.38,1.42,2229.8,2.39,0.35,1.7,4,4.87,10,5.590976882923191,232.7382,False,True,False,False,False,False,False,True,False,False,False,False,True
993,4.74,34.49,30.92,786.46,246.32,10.11,1801.15,0.62,0.58,1.17,6,6.27,9,25.435316946959897,152.7184,False,False,False,False,True,False,True,False,False,False,False,False,True
4425,4.66,41.01,34.92,1112.49,256.21,2.24,1242.26,2.25,0.45,0.58,4,7.73,6,31.85824742268041,576.4725,False,False,False,True,False,False,False,True,False,False,True,False,False
3210,5.16,45.98,10.15,375.62,60.88,7.62,2442.6,2.46,0.36,0.83,2,4.82,5,37.00689655172414,149.7648,False,False,False,True,False,False,True,False,False,False,False,False,True
585,7.7,16.43,18.1,1146.55,101.44,0.08,2771.12,2.47,1.15,1.49,1,6.84,5,63.34530386740331,250.5568,True,False,False,False,False,False,True,False,False,False,False,True,False
3405,7.44,34.49,12.43,566.88,148.07,14.46,2161.17,1.33,0.97,0.58,3,5.32,1,45.60579243765085,196.9331,False,False,True,False,False,False,False,True,False,False,True,False,False
2514,6.06,31.53,27.44,462.89,296.58,13.79,2402.54,0.52,1.35,1.75,5,7.48,6,16.869169096209912,154.2216,False,True,False,False,False,False,False,True,False,False,False,False,True
1349,5.11,40.27,18.66,694.12,158.96,13.68,1810.17,2.72,0.45,1.72,6,5.62,8,37.19828510182208,432.37120000000004,False,False,False,False,True,False,True,False,False,False,False,False,True
1007,8.04,47.71,29.95,146.27,237.26,10.27,2307.3,0.5,1.42,1.99,1,6.35,3,4.883806343906511,118.63,False,True,False,False,False,False,False,False,True,False,False,True,False
674,5.24,45.46,16.28,106.33,111.25,10.33,1294.31,1.24,0.77,1.56,5,5.19,10,6.531326781326781,137.95,False,False,False,True,False,False,False,False,False,True,False,True,False
2412,6.23,10.92,30.74,835.46,139.8,3.12,1587.95,1.52,1.18,1.54,6,7.25,4,27.178269355888098,212.496,False,False,True,False,False,False,False,True,False,False,True,False,False
2903,4.88,47.42,19.25,799.6,61.21,13.01,2977.84,2.23,0.38,1.69,3,4.7,11,41.53766233766234,136.4983,False,False,False,True,False,False,False,False,False,True,True,False,False
447,6.13,36.03,31.09,539.16,190.74,13.64,1758.2,0.62,1.23,1.1,2,5.33,3,17.341910582180766,118.25880000000001,False,False,False,False,True,False,True,False,False,False,False,False,True
4570,6.51,47.46,31.66,1123.96,179.9,6.38,2160.74,1.79,0.27,1.47,5,6.26,12,35.50094756790904,322.021,True,False,False,False,False,False,False,False,True,False,True,False,False
3493,5.45,42.13,21.07,458.76,193.31,0.59,2963.84,0.65,0.58,1.29,3,5.88,10,21.77313716184148,125.65150000000001,False,False,False,True,False,False,True,False,False,False,False,False,True
359,6.55,38.35,12.1,820.34,55.81,13.75,1349.57,0.62,0.49,0.56,6,4.3,1,67.79669421487604,34.6022,False,False,False,False,True,False,False,True,False,False,True,False,False
2064,5.03,34.89,32.53,770.36,204.18,2.57,1991.41,1.04,0.72,1.03,5,5.96,8,23.68152474638795,212.34720000000002,True,False,False,False,False,False,False,False,True,False,False,False,True
4275,5.63,29.37,31.98,402.71,149.8,3.67,2114.63,1.05,0.35,0.95,2,6.16,8,12.592557848655408,157.29000000000002,True,False,False,False,False,False,False,False,False,True,False,False,True
3538,8.31,46.27,21.72,404.68,111.01,1.73,2445.41,0.64,0.85,0.85,4,5.85,1,18.631675874769797,71.0464,False,False,False,False,True,False,False,True,False,False,False,False,True
1690,4.96,32.48,28.05,610.77,221.05,11.17,1541.05,0.81,1.45,1.3,1,7.03,12,21.77433155080214,179.05050000000003,False,False,False,True,False,False,False,False,False,True,False,False,True
4157,8.33,18.38,32.89,151.5,288.01,12.59,2335.58,1.56,0.49,1.46,4,5.34,10,4.606263301915476,449.2956,False,False,False,False,True,False,True,False,False,False,False,False,True
1548,6.02,25.67,19.7,674.11,119.11,8.58,1554.67,1.22,0.62,0.95,1,5.71,1,34.21878172588833,145.3142,False,True,False,False,False,False,True,False,False,False,False,False,True
1247,6.53,38.99,20.93,1114.41,109.79,9.78,2994.35,1.64,0.87,0.88,2,7.1,3,53.24462494027712,180.0556,False,True,False,False,False,False,False,False,False,True,True,False,False
1985,5.41,18.81,32.23,522.65,267.84,1.86,2661.04,2.29,1.11,0.72,3,7.93,5,16.21625814458579,613.3535999999999,False,False,False,True,False,False,False,True,False,False,False,False,True
294,6.14,37.92,11.88,315.94,199.53,1.79,2757.66,2.76,0.94,0.77,2,6.47,7,26.594276094276093,550.7027999999999,False,True,False,False,False,False,False,False,False,True,False,False,True
1547,4.5,19.61,23.95,888.2,162.49,2.52,1050.21,2.71,1.28,0.79,5,6.81,7,37.08559498956159,440.34790000000004,True,False,False,False,False,False,False,False,False,True,True,False,False
2012,6.2,43.73,20.69,949.5,139.4,0.24,1476.16,2.06,1.25,0.99,5,7.08,5,45.8917351377477,287.16400000000004,False,True,False,False,False,False,False,False,False,True,False,False,True
588,6.81,22.55,30.11,309.74,140.8,0.83,2934.71,2.16,1.08,1.15,6,5.12,11,10.286947857854534,304.12800000000004,False,False,True,False,False,False,False,False,True,False,True,False,False
2403,5.09,46.38,21.24,811.63,50.36,13.72,1054.86,1.59,0.81,1.15,1,3.45,5,38.212335216572505,80.0724,False,True,False,False,False,False,False,False,True,False,False,True,False
2129,7.15,17.96,22.58,651.65,113.47,11.63,1453.8,0.83,1.2,0.78,4,4.47,10,28.859610274579275,94.1801,False,False,False,False,True,False,True,False,False,False,False,False,True
4214,4.66,22.99,25.85,447.69,275.26,11.13,1578.55,2.43,1.15,0.8,4,8.05,7,17.318762088974854,668.8818,False,False,False,True,False,False,False,False,True,False,False,False,True
2410,6.48,21.34,26.4,1144.07,56.34,3.23,2611.6,1.33,1.4,1.24,1,5.5,10,43.33598484848485,74.93220000000001,False,False,False,True,False,False,False,False,True,False,True,False,False
2719,5.2,17.62,20.88,624.71,120.75,3.83,1472.6,1.12,0.77,1.61,2,6.78,7,29.919061302681996,135.24,False,True,False,False,False,False,False,False,True,False,True,False,False
425,6.86,36.15,22.9,252.82,242.35,11.41,1042.83,0.6,1.15,1.24,3,5.98,12,11.040174672489083,145.41,False,True,False,False,False,True,False,False,False,False,False,False,True
2582,6.9,29.48,17.35,732.59,228.84,6.27,2243.94,0.64,1.35,1.18,3,7.78,7,42.22420749279539,146.4576,False,True,False,False,False,False,False,False,True,False,True,False,False
1054,7.27,31.34,34.51,898.8,105.3,9.32,2303.7,1.35,1.02,1.22,1,5.46,9,26.044624746450303,142.155,False,False,False,True,False,False,True,False,False,False,False,False,True
3684,4.58,19.58,25.45,482.85,261.82,10.38,2385.88,2.0,0.47,1.76,6,7.76,1,18.972495088408646,523.64,False,True,False,False,False,False,False,False,False,True,True,False,False
4384,5.12,16.29,23.22,1063.94,295.08,8.82,2674.76,2.95,1.16,0.97,6,8.37,12,45.81998277347115,870.486,False,True,False,False,False,False,False,False,True,False,False,True,False
556,4.63,12.76,31.88,1103.23,234.9,9.65,2458.76,2.71,1.35,0.97,1,8.34,6,34.60570890840653,636.579,False,False,True,False,False,True,False,False,False,False,True,False,False
4187,8.44,41.22,31.0,243.36,223.13,5.0,2969.4,1.79,0.29,1.26,4,6.73,12,7.8503225806451615,399.4027,False,True,False,False,False,False,False,True,False,False,False,True,False
3658,4.85,45.46,14.25,914.01,147.04,1.68,1932.63,1.45,1.12,1.08,6,6.4,7,64.14105263157894,213.20799999999997,True,False,False,False,False,True,False,False,False,False,True,False,False
4529,7.12,20.84,14.23,1139.02,165.71,12.32,2438.6,1.6,0.32,0.98,6,6.86,1,80.04356992269852,265.136,True,False,False,False,False,False,False,False,True,False,False,False,True
4361,6.75,40.77,32.36,929.62,143.94,10.97,2832.38,2.09,0.73,1.42,3,6.0,1,28.7274412855377,300.83459999999997,False,False,False,False,True,False,True,False,False,False,False,False,True
4527,6.79,44.39,32.9,777.04,138.81,12.27,2984.3,2.37,1.06,1.71,3,6.49,3,23.61823708206687,328.97970000000004,False,False,False,True,False,False,False,False,False,True,False,False,True
4740,6.59,12.68,22.46,544.27,267.03,9.18,1887.53,2.71,1.2,0.55,5,6.74,4,24.232858414959928,723.6512999999999,True,False,False,False,False,False,False,False,False,True,True,False,False
1193,4.55,24.0,23.05,816.74,124.23,9.09,2644.68,1.25,1.23,0.57,1,5.53,12,35.43340563991323,155.2875,False,False,True,False,False,False,False,False,False,True,False,False,True
1716,4.79,46.32,17.52,158.5,193.33,7.4,1808.17,2.89,0.6,0.54,6,6.9,7,9.046803652968038,558.7237,True,False,False,False,False,False,False,False,False,True,False,True,False
2604,5.22,14.14,21.1,649.63,147.34,11.06,2065.95,0.64,1.47,0.74,3,5.6,7,30.78815165876777,94.2976,False,False,False,True,False,False,False,False,True,False,False,True,False
3858,4.53,20.61,21.79,422.02,69.94,14.23,2591.15,0.97,0.62,0.65,6,3.55,7,19.367599816429554,67.84179999999999,True,False,False,False,False,False,False,False,False,True,False,False,True
2828,5.86,31.46,18.65,654.06,185.73,10.07,1301.86,2.24,0.91,1.3,5,7.4,8,35.07024128686327,416.03520000000003,False,False,False,True,False,False,True,False,False,False,False,False,True
1704,6.09,44.37,20.3,653.38,169.4,5.31,1780.08,0.66,0.85,1.6,5,7.21,1,32.186206896551724,111.804,False,False,False,True,False,False,False,True,False,False,False,False,True
2863,4.69,37.5,29.47,118.18,196.54,10.59,2493.88,0.91,0.49,1.32,1,5.27,4,4.010179843909061,178.8514,False,False,False,True,False,False,False,False,False,True,False,True,False
2618,7.5,27.62,23.39,1009.67,86.63,9.49,2021.44,1.25,0.92,1.82,3,5.56,9,43.166737922188965,108.2875,False,False,False,True,False,False,False,True,False,False,True,False,False
2400,7.42,40.38,25.69,526.56,75.43,11.2,1422.73,2.56,0.8,0.91,2,3.94,4,20.4966913195796,193.10080000000002,True,False,False,False,False,False,False,True,False,False,False,True,False
2139,6.6,27.55,27.06,914.65,254.7,14.85,2156.15,2.09,0.58,1.22,2,6.41,5,33.800813008130085,532.323,False,False,False,True,False,False,True,False,False,False,False,False,True
3239,8.17,14.1,33.43,1088.15,117.07,14.19,2846.06,2.45,0.92,0.87,2,4.73,4,32.5501046963805,286.8215,False,False,False,False,True,False,True,False,False,False,False,True,False
2383,5.72,19.09,24.17,801.52,220.89,12.22,2407.33,0.97,0.46,0.6,2,6.53,4,33.16177079023583,214.2633,True,False,False,False,False,False,True,False,False,False,False,True,False
3218,5.06,28.16,32.04,273.35,152.37,2.3,1888.73,1.36,1.03,1.07,6,5.48,5,8.531523096129838,207.22320000000002,False,True,False,False,False,False,False,False,True,False,True,False,False
3968,6.91,17.34,30.71,1052.34,266.85,1.73,2791.18,1.01,0.83,0.89,6,7.89,5,34.267014001953754,269.5185,False,False,False,True,False,False,False,False,True,False,True,False,False
1285,8.24,34.78,17.86,259.21,213.63,8.61,1443.55,2.16,1.23,1.48,4,7.27,8,14.513437849944008,461.4408,False,False,False,True,False,True,False,False,False,False,False,False,True
3524,8.29,21.11,32.25,266.07,100.11,11.91,2252.16,2.09,1.36,0.74,1,3.84,2,8.250232558139535,209.2299,False,False,False,True,False,False,True,False,False,False,False,True,False
3565,6.02,45.37,23.53,649.52,80.13,6.25,2804.32,1.9,1.32,1.53,1,7.28,2,27.603909902252443,152.24699999999999,False,True,False,False,False,False,True,False,False,False,True,False,False
4293,5.24,36.18,15.09,744.11,220.84,6.99,2988.08,1.17,1.04,1.67,6,7.08,9,49.311464546056996,258.3828,False,False,False,False,True,False,False,False,False,True,False,False,True
2087,7.08,44.18,21.96,1090.37,199.21,11.86,2190.92,2.12,0.25,1.19,4,7.24,1,49.65255009107467,422.32520000000005,False,True,False,False,False,False,True,False,False,False,False,True,False
1889,5.98,16.3,22.79,1114.12,177.02,2.28,1907.14,2.82,1.32,0.83,2,6.7,12,48.88635366388767,499.1964,False,True,False,False,False,True,False,False,False,False,False,True,False
4385,6.43,31.89,29.4,339.8,63.08,2.45,1679.54,1.84,1.17,0.82,5,4.89,11,11.557823129251702,116.0672,True,False,False,False,False,False,False,False,True,False,False,True,False
1591,6.13,10.81,31.23,1055.63,229.33,5.66,1613.68,0.92,1.37,1.84,1,6.45,4,33.801793147614475,210.98360000000002,False,False,True,False,False,False,True,False,False,False,False,True,False
1346,5.19,46.6,14.73,1143.91,201.22,6.42,1516.43,1.64,0.63,1.01,2,7.84,8,77.65852002715548,330.00079999999997,False,False,False,True,False,True,False,False,False,False,False,True,False
4257,6.75,39.45,18.31,631.16,270.23,14.01,1294.76,1.3,0.96,1.65,1,6.26,5,34.470780993992356,351.29900000000004,False,False,True,False,False,False,False,False,True,False,True,False,False
2162,6.49,24.37,20.73,494.44,184.79,9.29,1318.94,2.08,1.05,0.86,6,7.07,7,23.851423058369512,384.3632,False,True,False,False,False,False,False,False,False,True,True,False,False
2396,4.54,22.58,15.43,1025.34,294.07,3.46,1788.57,2.99,0.78,1.83,3,7.75,11,66.45106934543098,879.2693,False,False,True,False,False,True,False,False,False,False,False,False,True
4563,6.78,21.85,29.84,1157.24,80.14,1.86,1072.37,0.85,1.49,1.56,5,6.24,12,38.78150134048258,68.119,True,False,False,False,False,False,False,False,False,True,True,False,False
2271,6.0,40.49,15.35,196.47,201.88,4.67,1026.17,0.82,0.77,1.14,2,6.61,5,12.799348534201954,165.5416,False,False,True,False,False,False,True,False,False,False,True,False,False
4315,7.34,32.59,16.29,822.56,255.54,11.9,2104.54,2.37,0.77,0.68,5,6.87,5,50.49478207489257,605.6298,False,False,True,False,False,False,False,False,True,False,False,False,True
3111,4.81,30.97,26.99,1044.99,172.43,12.03,2492.69,0.77,0.44,0.69,4,5.56,5,38.71767321230085,132.77110000000002,False,True,False,False,False,False,False,False,False,True,False,True,False
1137,4.84,29.65,27.67,118.62,135.51,14.75,1772.14,2.08,0.33,1.52,3,5.56,4,4.28695337911095,281.8608,False,True,False,False,False,False,False,False,False,True,False,False,True
3617,6.07,43.62,27.08,155.86,237.9,6.53,1214.24,1.8,1.05,0.5,3,6.53,10,5.755539143279174,428.22,False,False,False,False,True,False,True,False,False,False,False,True,False
972,6.72,48.03,29.59,757.82,225.64,9.65,1220.06,1.13,1.15,0.64,3,6.15,10,25.61067928354174,254.97319999999996,False,True,False,False,False,False,False,False,False,True,False,False,True
795,8.11,33.77,16.64,1076.23,83.47,6.88,2592.57,2.51,0.25,0.59,6,4.54,9,64.67728365384615,209.50969999999998,False,True,False,False,False,False,True,False,False,False,False,False,True
3020,4.81,29.01,31.54,284.47,92.8,11.16,2493.07,0.65,1.14,1.45,3,4.74,8,9.019340519974637,60.32,False,False,True,False,False,False,False,False,True,False,True,False,False
1711,6.1,44.8,33.2,986.99,222.15,1.05,2240.16,2.18,0.74,1.11,4,7.69,11,29.728614457831323,484.28700000000003,True,False,False,False,False,False,True,False,False,False,False,True,False
36,6.76,22.66,30.33,647.99,233.35,11.98,1953.76,1.87,1.18,0.84,3,6.56,3,21.36465545664359,436.3645,False,False,False,False,True,True,False,False,False,False,False,False,True
453,6.81,18.78,27.41,570.01,257.9,2.68,1972.38,1.58,0.68,1.79,5,8.12,9,20.79569500182415,407.48199999999997,False,False,True,False,False,False,True,False,False,False,False,False,True
913,5.86,33.74,16.95,1064.87,136.87,1.44,2466.68,2.22,0.92,0.9,6,6.07,7,62.82418879056047,303.8514,False,False,True,False,False,False,False,False,True,False,False,True,False
3792,6.05,21.92,12.95,1158.92,122.78,2.97,1026.9,0.84,1.49,1.28,6,4.98,8,89.4918918918919,103.1352,False,False,True,False,False,False,False,False,True,False,False,True,False
1199,5.04,37.58,17.29,855.8,184.1,13.26,2906.4,1.42,0.94,0.63,5,6.07,12,49.49681897050318,261.42199999999997,False,False,False,True,False,True,False,False,False,False,True,False,False
1274,6.14,40.89,15.22,1089.54,107.38,4.62,2564.58,1.04,1.17,1.18,1,6.13,1,71.58607095926412,111.6752,False,True,False,False,False,False,False,True,False,False,False,False,True
2375,5.81,18.31,23.94,884.58,51.5,10.57,2342.6,1.96,0.64,0.93,1,4.81,5,36.94987468671679,100.94,False,False,False,False,True,False,False,True,False,False,True,False,False
37,6.22,42.77,32.9,768.04,290.42,4.13,2802.58,2.46,1.48,0.65,2,7.32,6,23.34468085106383,714.4332,False,False,False,True,False,False,False,True,False,False,False,True,False
974,6.71,26.12,30.48,639.58,234.23,14.41,1309.37,1.57,1.04,1.25,6,6.9,12,20.983595800524935,367.7411,False,True,False,False,False,False,False,True,False,False,False,True,False
3195,7.76,43.96,12.11,816.75,91.39,5.0,1883.45,1.75,0.49,0.53,5,5.61,4,67.44426094137077,159.9325,False,False,True,False,False,False,False,True,False,False,True,False,False
983,5.58,13.32,32.05,481.49,256.52,5.13,2817.29,2.19,1.38,1.92,1,7.74,7,15.023088923556944,561.7787999999999,False,False,False,False,True,False,False,False,True,False,False,True,False
3782,7.24,22.83,15.29,261.56,114.52,8.07,2681.89,1.25,0.59,1.37,2,5.11,10,17.106605624591236,143.15,False,False,True,False,False,False,False,False,True,False,False,False,True
1418,4.68,43.87,13.1,554.87,223.27,8.68,2087.33,0.94,0.55,1.47,3,5.99,7,42.35648854961832,209.8738,False,False,True,False,False,False,True,False,False,False,True,False,False
1560,6.1,48.91,27.31,912.23,210.38,12.61,2684.61,0.61,1.46,1.1,6,6.39,2,33.40278286341999,128.3318,False,False,False,True,False,False,False,False,True,False,False,True,False
39,7.77,34.61,33.03,360.52,117.9,6.78,1874.9,0.79,1.44,0.84,6,5.74,2,10.914925825007568,93.141,False,False,False,False,True,False,False,True,False,False,True,False,False
1486,5.81,25.93,21.78,451.23,156.28,2.75,2061.53,1.32,0.44,1.97,2,6.9,11,20.71763085399449,206.2896,True,False,False,False,False,False,False,True,False,False,False,False,True
3606,7.28,35.91,14.33,472.87,155.03,0.71,1227.75,0.68,0.71,1.51,4,6.1,7,32.99860432658758,105.42040000000001,False,False,True,False,False,True,False,False,False,False,False,True,False
169,6.15,28.01,16.52,298.96,84.62,9.8,1963.47,0.73,1.2,1.3,3,4.54,9,18.09685230024213,61.772600000000004,True,False,False,False,False,False,False,False,False,True,False,True,False
1355,5.18,30.11,11.14,1173.9,86.26,0.53,1460.71,2.32,0.56,1.32,2,4.84,7,105.37701974865351,200.1232,False,False,False,False,True,True,False,False,False,False,True,False,False
2785,5.34,29.76,12.09,425.58,206.81,1.64,1043.95,2.23,1.22,1.87,5,7.09,6,35.20099255583126,461.1863,True,False,False,False,False,False,False,True,False,False,False,False,True
3381,7.37,47.47,34.12,923.91,233.38,13.09,1306.34,0.87,0.89,1.78,5,7.23,3,27.078253223915592,203.04059999999998,False,False,False,True,False,False,False,True,False,False,True,False,False
4561,5.45,46.04,21.91,440.6,263.87,3.95,2348.32,1.81,1.08,1.81,2,8.22,11,20.109539023277044,477.60470000000004,False,False,True,False,False,False,False,False,False,True,False,True,False
4001,4.82,46.45,20.39,409.42,221.09,12.72,1438.05,0.83,0.33,1.71,6,7.35,2,20.079450711132907,183.50469999999999,False,True,False,False,False,False,False,False,True,False,False,False,True
2682,6.99,17.81,23.44,1056.12,190.75,7.41,1163.68,1.81,1.12,1.36,5,7.14,2,45.05631399317405,345.2575,True,False,False,False,False,False,False,False,True,False,True,False,False
3740,7.65,30.81,17.4,879.45,259.7,5.4,2809.24,0.76,0.66,1.4,1,7.82,5,50.54310344827587,197.37199999999999,False,True,False,False,False,True,False,False,False,False,True,False,False
1640,7.89,44.8,25.28,962.91,51.8,10.09,2784.1,2.05,0.65,1.34,1,4.38,9,38.08979430379747,106.18999999999998,False,True,False,False,False,False,False,False,False,True,False,True,False
1290,7.16,18.9,18.21,512.84,205.15,13.56,2178.3,1.53,0.85,1.32,5,7.74,3,28.162548050521693,313.8795,True,False,False,False,False,True,False,False,False,False,False,True,False
1380,6.79,34.59,21.78,839.03,290.49,11.52,2812.37,1.3,0.29,1.49,5,7.85,11,38.52295684113866,377.637,False,False,True,False,False,False,True,False,False,False,False,True,False
1933,4.56,47.85,20.99,494.29,71.96,3.86,2791.58,1.25,1.21,1.85,4,5.32,9,23.548832777513105,89.94999999999999,False,False,False,False,True,False,False,True,False,False,False,True,False
579,6.15,13.48,29.03,447.8,146.67,4.84,2157.53,1.49,0.76,0.67,2,5.73,3,15.425421977264898,218.5383,False,False,False,True,False,False,False,True,False,False,False,True,False
4012,8.03,41.92,17.24,874.16,121.1,0.24,1637.35,2.84,1.31,1.69,2,7.14,5,50.70533642691416,343.924,False,False,False,True,False,False,False,False,False,True,False,False,True
3160,5.5,17.14,31.19,785.04,236.86,3.54,2005.06,0.87,1.24,1.7,3,7.75,11,25.169605642834238,206.06820000000002,True,False,False,False,False,False,False,True,False,False,False,True,False
2030,5.0,22.63,18.64,659.91,298.12,0.9,1198.47,0.87,1.45,1.15,5,8.38,10,35.402896995708154,259.3644,False,True,False,False,False,False,True,False,False,False,False,True,False
892,7.08,10.55,13.66,436.6,124.57,9.94,2196.38,1.1,0.93,0.71,6,4.05,11,31.96193265007321,137.02700000000002,False,False,False,False,True,True,False,False,False,False,True,False,False
3671,6.9,34.04,16.13,808.39,136.98,4.63,2417.96,1.77,0.58,1.46,4,6.8,10,50.117172969621826,242.45459999999997,False,False,True,False,False,False,True,False,False,False,False,False,True
780,6.89,19.19,10.87,985.48,243.57,14.89,2033.93,2.7,0.24,0.77,1,7.42,5,90.66053357865687,657.639,False,True,False,False,False,False,False,False,False,True,False,True,False
159,7.35,21.21,24.14,1156.65,121.07,12.26,1445.85,2.67,0.96,0.57,5,5.67,10,47.91425020712511,323.2569,False,False,False,True,False,True,False,False,False,False,False,True,False
2,8.34,20.48,18.2,333.25,270.8,10.59,1929.73,3.0,1.08,1.39,5,7.1,11,18.310439560439562,812.4000000000001,False,False,False,True,False,False,False,True,False,False,False,False,True
3893,7.8,39.2,23.44,806.56,153.52,3.5,1463.87,2.26,0.22,1.53,1,6.06,5,34.40955631399317,346.9552,False,False,False,False,True,False,True,False,False,False,False,True,False
3216,5.9,36.59,26.95,215.93,144.14,12.04,1484.32,1.76,0.52,0.71,6,5.18,12,8.012244897959183,253.68639999999996,False,True,False,False,False,False,False,False,False,True,False,True,False
2109,8.16,24.67,32.97,144.18,214.43,12.16,2926.41,1.79,0.61,1.71,5,6.17,6,4.373066424021839,383.8297,True,False,False,False,False,True,False,False,False,False,False,False,True
849,4.73,27.65,18.87,814.65,124.99,9.55,2972.69,1.83,0.85,0.74,2,5.38,2,43.17170111287758,228.7317,False,False,True,False,False,False,True,False,False,False,False,True,False
2737,4.83,27.7,23.75,999.47,112.27,2.92,2163.29,2.95,0.33,1.94,3,6.81,11,42.08294736842105,331.1965,False,False,True,False,False,False,False,False,True,False,False,False,True
2466,8.35,42.46,17.4,511.4,146.79,10.93,1484.96,2.46,0.31,0.89,2,5.61,1,29.390804597701152,361.10339999999997,False,True,False,False,False,False,False,False,False,True,False,True,False
3398,5.78,11.5,33.18,187.89,80.51,3.9,1296.79,0.82,1.03,1.0,1,4.16,1,5.662748643761302,66.01820000000001,False,False,False,False,True,False,True,False,False,False,False,True,False
1596,4.77,44.09,11.31,271.53,53.6,3.33,1649.11,1.72,0.76,1.38,5,4.63,12,24.007957559681696,92.19200000000001,True,False,False,False,False,False,False,True,False,False,False,False,True
1776,8.36,28.06,30.91,869.1,255.68,2.41,1228.92,0.82,0.38,0.85,6,6.59,8,28.117114202523457,209.6576,False,False,False,False,True,True,False,False,False,False,True,False,False
1913,5.21,31.28,22.56,358.8,157.04,7.31,2117.88,0.97,1.3,1.2,1,7.24,6,15.904255319148938,152.3288,False,False,False,True,False,False,False,True,False,False,False,False,True
1043,8.14,25.97,12.94,173.88,243.69,5.11,1065.47,1.9,1.38,1.72,5,7.21,7,13.437403400309119,463.01099999999997,False,False,False,False,True,False,True,False,False,False,False,True,False
4530,6.35,23.45,22.3,352.13,67.64,0.57,1098.17,2.22,0.82,1.23,6,4.25,11,15.790582959641254,150.16080000000002,True,False,False,False,False,False,True,False,False,False,False,False,True
1544,7.65,23.37,31.98,881.03,270.19,14.2,1724.9,1.31,0.96,1.11,5,7.32,9,27.549405878674172,353.94890000000004,False,True,False,False,False,False,True,False,False,False,True,False,False
2736,6.43,11.91,11.56,912.87,249.02,3.88,2182.92,2.61,0.71,1.64,5,6.69,6,78.96799307958477,649.9422,False,False,False,False,True,False,True,False,False,False,True,False,False
3447,7.22,16.81,11.63,250.46,214.2,11.83,2827.19,1.07,0.67,1.95,4,6.85,12,21.535683576956146,229.194,True,False,False,False,False,False,False,False,True,False,False,False,True
4436,7.43,43.95,27.41,919.15,275.11,8.48,1124.49,0.8,1.01,1.8,1,6.9,12,33.533381977380515,220.08800000000002,True,False,False,False,False,True,False,False,False,False,False,False,True
53,7.76,47.35,14.7,944.44,81.15,14.79,1944.38,2.37,1.0,0.54,4,4.89,10,64.24761904761905,192.32550000000003,False,False,False,False,True,False,False,False,False,True,False,False,True
1796,5.56,28.49,22.13,996.87,91.71,9.08,2561.15,2.64,0.47,1.29,1,5.98,10,45.046091278807054,242.1144,False,True,False,False,False,False,False,False,True,False,False,False,True
1911,6.43,15.25,28.48,936.79,233.89,6.45,1212.7,2.9,0.45,1.93,5,6.8,6,32.892907303370784,678.281,False,True,False,False,False,True,False,False,False,False,True,False,False
4030,7.72,34.13,31.75,562.6,145.17,3.93,1210.61,0.91,0.55,0.82,5,5.01,8,17.71968503937008,132.10469999999998,False,False,False,False,True,False,False,False,False,True,False,False,True
2553,5.0,24.05,23.52,110.88,156.27,2.54,1711.91,1.61,0.68,1.87,1,6.32,10,4.714285714285714,251.59470000000005,False,False,False,True,False,False,False,False,True,False,False,False,True
2800,6.14,13.63,26.11,977.57,258.88,10.13,2210.37,1.72,0.37,0.86,5,7.76,10,37.44044427422444,445.2736,False,False,False,True,False,False,False,False,False,True,True,False,False
3796,8.48,10.01,26.37,1055.98,296.38,4.84,2757.87,2.54,1.32,0.66,6,8.06,3,40.044747819491846,752.8052,False,False,False,False,True,False,False,True,False,False,False,True,False
3856,6.01,13.4,24.71,388.0,105.94,7.87,1302.46,1.29,1.14,1.26,3,6.66,7,15.702144880615135,136.6626,False,False,False,False,True,True,False,False,False,False,False,True,False
824,5.97,41.84,10.91,877.22,244.64,6.92,1097.42,1.67,1.09,0.91,1,6.78,6,80.4051329055912,408.54879999999997,False,True,False,False,False,True,False,False,False,False,False,True,False
4595,4.83,38.83,19.77,771.9,105.52,11.92,1083.19,2.84,1.32,1.94,1,6.67,6,39.044006069802734,299.67679999999996,False,False,False,False,True,False,False,False,True,False,False,False,True
3178,7.47,43.69,32.44,966.24,229.29,6.86,1738.59,2.34,0.52,1.51,1,6.56,3,29.785450061652284,536.5386,False,False,True,False,False,False,True,False,False,False,True,False,False
1389,6.67,45.51,30.88,385.32,104.93,11.95,1848.14,2.29,1.25,1.87,2,5.84,3,12.4779792746114,240.2897,False,False,False,True,False,False,False,True,False,False,False,False,True
4682,6.82,47.8,19.31,787.53,232.39,3.42,2623.19,2.53,1.35,1.63,2,7.72,5,40.783531848783014,587.9467,False,False,True,False,False,False,True,False,False,False,True,False,False
884,7.81,33.51,32.43,549.23,74.53,8.86,2191.07,0.56,1.14,1.93,4,4.71,1,16.93586185630589,41.7368,False,False,True,False,False,True,False,False,False,False,True,False,False
3828,7.17,42.36,14.61,530.34,288.01,8.57,1324.75,2.42,0.63,1.35,5,7.17,3,36.299794661190965,696.9842,False,False,False,True,False,False,True,False,False,False,False,False,True
1607,8.13,37.09,31.12,240.11,230.75,10.17,2295.85,1.89,1.01,1.06,2,6.73,11,7.715616966580977,436.11749999999995,False,True,False,False,False,True,False,False,False,False,True,False,False
1594,4.55,26.68,20.99,531.37,83.09,7.36,1641.81,0.76,0.81,1.6,1,5.15,7,25.315388280133398,63.1484,False,True,False,False,False,False,False,False,False,True,False,True,False
771,7.61,43.64,31.92,272.88,249.5,9.63,2282.46,0.65,1.38,0.75,3,6.05,5,8.548872180451127,162.175,False,False,False,False,True,False,False,False,False,True,False,False,True
2611,6.34,25.43,21.11,574.36,237.31,12.57,2079.83,1.85,0.22,1.81,2,6.74,8,27.207958313595455,439.0235,False,False,False,False,True,True,False,False,False,False,False,False,True
3578,6.82,42.92,25.38,1112.31,124.31,2.32,2174.46,1.18,0.51,1.1,6,6.28,2,43.826241134751776,146.6858,False,False,True,False,False,False,False,False,True,False,False,False,True
2273,7.48,47.95,34.75,778.76,135.48,2.24,1365.78,0.6,1.43,1.69,6,6.53,9,22.410359712230214,81.288,True,False,False,False,False,False,False,False,True,False,True,False,False
1868,6.44,24.73,25.39,539.77,174.22,7.28,2017.6,1.77,0.51,0.96,5,6.93,6,21.259157148483652,308.3694,False,False,False,True,False,False,False,True,False,False,False,True,False
1085,4.84,41.67,16.83,453.91,251.9,2.88,2813.82,1.91,0.55,1.13,3,7.39,9,26.97029114676174,481.129,False,False,False,False,True,False,False,False,False,True,False,False,True
3869,6.5,31.01,28.33,460.02,225.65,8.26,2897.03,2.77,0.75,1.72,3,6.42,5,16.237910342393224,625.0505,True,False,False,False,False,False,False,False,False,True,False,False,True
1325,7.93,33.5,23.18,107.61,119.88,0.47,2230.11,2.59,1.11,1.57,6,4.93,11,4.642364106988784,310.4892,False,True,False,False,False,True,False,False,False,False,False,True,False
1463,7.15,16.63,13.72,909.26,258.39,11.01,2865.7,1.36,1.14,1.35,2,6.74,9,66.27259475218659,351.4104,False,False,False,False,True,True,False,False,False,False,False,True,False
806,6.78,15.63,25.74,777.4,72.76,1.8,2289.02,2.89,0.88,1.41,3,5.0,3,30.202020202020204,210.27640000000002,False,False,True,False,False,False,True,False,False,False,False,False,True
3559,7.79,46.15,25.62,615.27,111.75,8.91,2939.86,1.07,0.65,1.89,2,5.83,6,24.015222482435597,119.5725,True,False,False,False,False,False,False,False,True,False,True,False,False
3504,6.93,18.24,25.71,520.44,129.8,12.81,2659.91,2.3,0.42,0.9,4,4.8,10,20.242707117852976,298.54,False,True,False,False,False,False,False,False,True,False,False,True,False
2108,7.58,30.44,11.92,821.18,103.89,14.67,1306.56,2.24,0.25,0.94,5,5.44,12,68.89093959731544,232.7136,False,True,False,False,False,True,False,False,False,False,True,False,False
4037,8.17,42.56,30.68,260.52,149.46,8.23,2530.02,2.31,0.89,0.71,4,5.03,1,8.491525423728813,345.25260000000003,False,False,False,True,False,False,False,False,False,True,False,False,True
4757,5.28,33.97,20.85,1049.45,226.28,8.11,1465.01,2.71,0.84,1.71,4,7.47,12,50.33333333333333,613.2188,False,True,False,False,False,False,False,False,False,True,False,False,True
2234,6.89,27.61,12.28,186.94,247.78,11.37,2276.34,2.41,0.56,1.29,1,5.93,1,15.22312703583062,597.1498,False,False,False,False,True,True,False,False,False,False,False,False,True
3211,6.16,10.99,10.32,351.74,102.84,4.65,1265.83,2.95,0.43,0.65,3,5.48,7,34.083333333333336,303.37800000000004,False,False,False,False,True,False,False,False,True,False,False,True,False
963,6.14,47.52,24.1,1145.69,118.15,4.94,2135.24,2.88,0.63,1.98,6,6.21,8,47.53900414937759,340.272,True,False,False,False,False,True,False,False,False,False,False,False,True
3488,6.64,16.33,11.97,1159.91,273.78,4.37,1810.32,2.71,0.56,0.75,2,8.37,1,96.90142021720969,741.9437999999999,False,False,False,False,True,False,False,True,False,False,False,False,True
398,4.66,25.1,10.47,259.56,264.19,5.57,1980.94,2.67,0.98,1.5,1,6.22,6,24.79083094555874,705.3873,False,False,False,False,True,True,False,False,False,False,True,False,False
2632,5.71,38.98,31.31,1059.67,179.57,6.17,2760.38,0.69,1.17,0.68,5,6.29,8,33.84445863941233,123.90329999999999,False,True,False,False,False,True,False,False,False,False,False,False,True
4659,7.99,22.05,11.14,303.5,169.42,13.08,1355.39,1.37,0.66,2.0,2,6.35,2,27.244165170556553,232.1054,False,False,False,True,False,False,True,False,False,False,False,True,False
2996,5.71,26.11,18.78,1165.12,266.49,3.3,1887.7,1.21,1.36,0.99,5,7.66,4,62.04046858359956,322.4529,False,False,False,False,True,True,False,False,False,False,False,True,False
704,4.58,43.42,32.59,426.67,131.06,10.82,1951.27,1.4,1.41,1.86,2,5.75,2,13.092052776925437,183.48399999999998,True,False,False,False,False,False,False,True,False,False,False,False,True
431,7.53,24.76,10.12,124.44,173.67,9.81,1327.16,2.66,0.94,1.27,6,6.0,8,12.296442687747037,461.9622,True,False,False,False,False,False,False,False,False,True,False,False,True
292,7.36,29.01,16.97,320.82,55.38,2.48,2147.63,1.83,0.27,1.33,5,4.92,9,18.905126694166178,101.34540000000001,False,True,False,False,False,False,False,False,True,False,False,False,True
4673,6.62,27.12,30.74,465.5,194.59,6.33,1839.31,1.27,0.49,1.95,2,7.1,6,15.143135979180222,247.1293,False,True,False,False,False,False,True,False,False,False,True,False,False
145,5.96,31.47,32.39,288.22,178.8,9.97,1146.94,2.12,1.38,1.54,5,6.76,3,8.898425439950604,379.05600000000004,False,True,False,False,False,True,False,False,False,False,False,True,False
4722,5.11,24.36,32.71,881.94,145.72,9.72,2556.77,2.51,0.9,1.19,6,6.01,12,26.96239682054418,365.75719999999995,False,False,True,False,False,True,False,False,False,False,True,False,False
2033,5.63,16.47,16.73,929.98,237.35,12.93,1840.1,2.99,0.25,1.88,3,7.41,10,55.58756724447101,709.6765,False,False,False,True,False,False,False,False,False,True,False,False,True
3994,4.78,19.62,25.17,308.09,138.38,10.28,1182.46,2.89,1.45,0.8,6,4.92,1,12.240365514501388,399.9182,False,True,False,False,False,False,True,False,False,False,False,False,True
1165,8.38,41.71,26.88,1127.9,160.88,13.7,2208.31,0.63,1.3,1.36,2,6.71,3,41.96056547619048,101.3544,False,False,False,True,False,False,True,False,False,False,False,True,False
2050,8.08,15.54,10.72,434.25,281.69,9.54,2242.77,0.5,1.02,1.41,5,5.66,9,40.50839552238806,140.845,True,False,False,False,False,False,False,False,False,True,True,False,False
2624,5.53,15.8,27.43,356.53,215.34,7.08,2509.88,0.82,1.42,0.54,1,5.96,1,12.997812613926357,176.5788,False,False,True,False,False,False,True,False,False,False,False,False,True
4205,8.29,33.5,30.16,1034.35,278.91,9.18,2534.15,2.06,0.36,1.82,2,7.61,3,34.29542440318302,574.5546,False,False,False,True,False,False,False,False,False,True,True,False,False
339,7.08,44.67,18.34,262.5,287.9,0.3,2021.11,2.55,0.45,1.71,6,7.71,11,14.312977099236642,734.1449999999999,False,False,False,False,True,False,True,False,False,False,False,False,True
4179,5.92,10.23,31.34,779.8,195.19,12.57,1797.32,1.82,0.42,1.32,5,6.34,1,24.88194001276324,355.24580000000003,False,False,False,False,True,False,False,False,False,True,True,False,False
2973,7.66,39.53,17.4,700.59,70.16,1.04,2159.19,2.11,1.39,1.73,4,6.55,4,40.26379310344828,148.0376,False,False,False,False,True,False,True,False,False,False,True,False,False
265,8.14,49.14,31.39,519.77,218.37,9.19,2831.54,1.55,1.23,0.86,6,6.38,1,16.558458107677602,338.4735,False,False,False,False,True,False,False,False,True,False,True,False,False
2424,6.35,44.02,21.37,1188.01,141.85,4.38,2063.83,1.54,0.3,1.88,5,6.7,12,55.59241927936359,218.44899999999998,False,True,False,False,False,False,False,False,True,False,True,False,False
1262,4.83,32.07,17.71,594.96,124.49,8.98,1949.9,2.57,0.39,0.94,5,5.3,4,33.59457933370977,319.93929999999995,True,False,False,False,False,False,False,False,False,True,False,True,False
1771,6.4,21.76,18.08,611.5,138.53,10.63,2303.39,2.91,1.26,1.62,6,4.53,7,33.82190265486726,403.1223,False,False,False,False,True,False,False,True,False,False,False,False,True
271,5.53,10.88,11.82,414.7,144.45,9.35,2624.81,0.78,0.58,1.25,5,5.17,3,35.08460236886633,112.67099999999999,True,False,False,False,False,False,False,False,True,False,True,False,False
696,5.92,47.48,22.76,884.7,166.81,8.61,1804.06,2.36,0.96,0.51,4,5.9,1,38.87082601054482,393.6716,True,False,False,False,False,False,True,False,False,False,False,True,False
747,7.21,42.85,23.2,189.68,157.55,6.26,1328.28,1.19,0.98,1.15,6,5.27,2,8.175862068965518,187.4845,False,False,False,False,True,True,False,False,False,False,False,True,False
244,6.48,39.68,14.66,686.17,240.5,13.78,2911.32,1.55,1.42,1.68,6,7.21,7,46.80559345156889,372.77500000000003,False,True,False,False,False,False,False,False,True,False,False,False,True
317,6.91,26.54,13.42,398.22,219.04,4.1,1138.2,0.61,0.86,1.72,4,5.8,5,29.67362146050671,133.6144,False,False,True,False,False,False,False,False,True,False,False,True,False
476,5.92,43.49,16.21,989.58,194.63,5.58,2031.95,2.51,1.09,0.58,5,8.37,7,61.04750154225786,488.52129999999994,False,True,False,False,False,False,True,False,False,False,True,False,False
2032,7.72,35.94,28.93,935.54,128.02,8.77,1618.37,2.74,1.1,1.69,3,6.5,9,32.33805737988247,350.7748,False,False,True,False,False,False,True,False,False,False,False,False,True
957,8.31,22.39,29.36,587.58,63.85,4.41,1453.5,2.69,1.19,1.24,6,4.86,11,20.012942779291556,171.7565,False,False,False,True,False,False,True,False,False,False,False,False,True
3543,7.78,31.5,32.92,1182.32,90.31,9.29,1306.62,1.53,1.22,1.58,6,4.95,9,35.914945321992704,138.17430000000002,False,True,False,False,False,False,True,False,False,False,False,False,True
813,6.64,45.21,23.66,382.36,98.32,5.3,1082.0,1.83,1.02,0.53,1,4.2,1,16.160608622147084,179.9256,False,False,False,True,False,False,True,False,False,False,False,True,False
3937,7.45,43.41,12.58,487.86,268.36,9.26,1864.89,2.1,0.57,0.71,2,7.43,9,38.78060413354531,563.556,False,False,True,False,False,False,False,False,False,True,False,False,True
1914,6.38,18.18,23.78,316.05,124.57,11.33,2557.94,1.44,0.86,1.2,4,4.88,9,13.2905803195963,179.3808,False,False,False,True,False,False,False,True,False,False,False,False,True
4423,5.24,17.99,27.86,898.12,220.24,2.97,2169.29,2.75,1.39,0.77,6,7.8,6,32.236898779612346,605.6600000000001,True,False,False,False,False,False,True,False,False,False,False,True,False
1297,6.05,15.02,30.86,1129.18,86.96,3.0,2997.5,1.57,1.39,0.51,2,5.84,9,36.59040829552819,136.5272,False,False,False,False,True,False,False,True,False,False,True,False,False
4666,4.91,20.34,32.46,729.06,76.68,9.87,1565.83,1.05,1.26,0.78,1,4.36,12,22.460258780036966,80.51400000000001,False,False,False,False,True,False,False,False,False,True,False,True,False
1804,5.25,26.38,28.01,919.74,146.94,4.78,2232.66,2.46,0.57,1.35,2,5.93,1,32.836129953588,361.4724,False,False,True,False,False,False,False,False,True,False,True,False,False
4087,8.15,10.73,22.11,113.18,146.31,4.18,1313.59,0.74,0.57,1.61,3,5.61,2,5.118950701040253,108.2694,False,False,True,False,False,False,False,True,False,False,False,True,False
250,6.29,27.93,26.23,1175.68,69.53,11.63,1796.46,1.37,0.85,1.72,6,5.32,3,44.82195958825772,95.2561,False,False,False,False,True,False,False,True,False,False,False,False,True
2461,5.85,25.16,28.86,460.68,262.76,11.51,2579.57,0.65,0.91,0.88,4,5.7,7,15.962577962577964,170.794,True,False,False,False,False,False,False,False,False,True,False,False,True
545,6.56,32.14,23.55,535.33,174.86,13.84,1884.55,1.39,0.44,0.6,1,5.09,10,22.73163481953291,243.0554,True,False,False,False,False,False,False,False,False,True,True,False,False
3241,5.83,43.53,22.29,805.88,209.08,5.53,1180.04,1.73,1.13,1.0,2,7.8,2,36.154329295648274,361.70840000000004,True,False,False,False,False,False,False,True,False,False,True,False,False
738,8.14,43.94,32.22,863.04,73.64,14.09,1651.45,1.55,1.09,1.89,5,5.2,1,26.78584729981378,114.14200000000001,False,False,False,True,False,True,False,False,False,False,False,False,True
310,5.15,17.45,19.83,878.31,53.47,10.19,1234.05,0.75,0.51,0.74,1,3.61,2,44.291981845688355,40.1025,True,False,False,False,False,False,True,False,False,False,True,False,False
2941,5.68,25.17,19.69,489.94,204.43,10.59,1544.78,2.2,0.57,1.22,3,5.59,3,24.882681564245807,449.74600000000004,False,False,False,False,True,False,False,True,False,False,True,False,False
1131,4.89,28.31,26.24,689.38,65.45,6.91,1115.41,2.59,0.82,0.52,5,5.03,4,26.272103658536587,169.5155,False,True,False,False,False,True,False,False,False,False,False,False,True
1449,7.09,45.03,32.51,463.28,226.44,3.06,1977.37,1.63,0.54,1.64,1,8.0,12,14.250384497077823,369.0972,False,True,False,False,False,False,False,True,False,False,False,False,True
4724,4.63,18.79,24.21,569.89,135.82,4.51,1148.45,2.42,0.22,1.94,4,5.99,2,23.539446509706732,328.6844,False,False,False,True,False,False,True,False,False,False,False,True,False
15,4.59,11.58,18.96,489.11,187.47,9.86,1848.29,1.29,0.37,1.76,1,5.64,11,25.796940928270043,241.8363,False,False,False,False,True,False,True,False,False,False,False,False,True
3232,4.73,28.16,21.59,979.26,83.5,13.69,1368.53,1.4,1.11,0.65,3,4.18,6,45.35710977304308,116.89999999999999,True,False,False,False,False,False,False,False,False,True,False,True,False
2769,6.51,44.47,14.66,1194.53,239.13,3.4,1628.41,1.48,0.41,0.59,6,7.39,9,81.48226466575716,353.9124,False,False,True,False,False,True,False,False,False,False,True,False,False
920,6.86,13.34,12.76,679.75,97.37,13.22,1331.35,1.96,1.24,1.25,6,5.18,12,53.27194357366771,190.8452,False,False,False,False,True,False,False,False,True,False,False,True,False
3029,8.25,40.13,34.3,853.14,268.82,6.72,2927.55,0.96,0.54,1.06,6,6.89,2,24.872886297376095,258.06719999999996,True,False,False,False,False,False,True,False,False,False,True,False,False
3983,8.09,42.31,12.36,1190.39,159.94,8.63,2162.19,0.84,1.3,1.59,6,6.4,5,96.30987055016182,134.34959999999998,False,False,True,False,False,False,False,True,False,False,False,True,False
2544,8.05,15.21,12.21,108.16,171.66,4.31,1701.65,1.35,1.45,0.62,6,6.08,3,8.858312858312857,231.741,True,False,False,False,False,False,True,False,False,False,False,True,False
38,7.15,26.04,23.15,492.61,264.87,3.11,2129.15,0.59,1.35,1.96,3,6.25,1,21.27904967602592,156.2733,False,False,True,False,False,False,False,True,False,False,False,False,True
363,6.25,46.39,12.99,440.22,116.09,8.1,1809.1,1.06,0.91,1.36,4,5.35,8,33.8891454965358,123.0554,False,False,True,False,False,True,False,False,False,False,False,False,True
3814,7.06,41.62,32.58,501.3,207.67,6.57,1275.22,2.61,0.93,1.34,6,6.2,11,15.386740331491714,542.0187,False,False,True,False,False,False,False,False,True,False,False,False,True
182,6.26,41.68,13.35,289.78,197.67,10.61,1145.62,1.43,0.57,1.14,1,6.16,10,21.7063670411985,282.6681,False,False,False,True,False,False,True,False,False,False,False,True,False
3033,7.59,17.85,18.97,331.22,191.48,5.44,2533.73,2.66,0.92,1.39,1,6.97,3,17.46020031628888,509.3368,False,False,True,False,False,False,False,True,False,False,False,True,False
2983,6.63,44.93,19.76,582.05,237.43,12.53,2846.35,2.05,1.24,1.78,1,7.21,4,29.455971659919022,486.7315,False,False,True,False,False,False,False,True,False,False,False,True,False
1194,6.08,11.13,19.68,489.54,69.79,14.74,2632.81,1.17,0.52,1.28,4,4.28,12,24.875,81.6543,False,False,False,True,False,False,False,False,False,True,True,False,False
2852,8.46,48.92,31.98,431.28,156.12,4.56,2523.32,0.8,0.76,0.58,4,5.72,6,13.4859287054409,124.89600000000002,False,False,False,True,False,False,False,False,False,True,True,False,False
3499,5.49,12.11,14.87,846.75,110.25,4.45,2964.39,2.55,0.87,0.88,6,6.22,3,56.943510423671825,281.1375,False,True,False,False,False,True,False,False,False,False,True,False,False
1121,6.93,48.47,16.83,1031.17,169.57,8.58,1044.31,1.64,0.72,1.97,1,7.14,2,61.269756387403454,278.09479999999996,False,False,False,False,True,False,True,False,False,False,False,True,False
2235,6.76,22.87,17.56,1095.05,163.19,7.23,1059.32,1.07,1.47,0.61,1,7.15,11,62.36047835990889,174.6133,False,False,True,False,False,False,False,False,True,False,False,False,True
2667,8.21,48.65,11.27,656.42,67.07,14.47,2933.63,0.77,1.03,1.66,2,4.91,12,58.244897959183675,51.643899999999995,False,False,False,True,False,False,True,False,False,False,True,False,False
4288,8.41,34.26,12.62,160.24,205.83,13.63,1227.95,0.91,0.83,1.98,1,5.28,2,12.6973058637084,187.30530000000002,True,False,False,False,False,False,False,False,True,False,True,False,False
3223,7.7,34.99,27.09,520.13,196.23,5.59,1265.71,0.58,0.33,1.89,2,6.27,2,19.200073827980805,113.81339999999999,False,False,False,False,True,False,False,False,True,False,False,True,False
1182,5.11,14.49,25.15,594.02,77.79,9.88,2554.79,2.04,0.92,1.4,6,4.69,5,23.619085487077534,158.69160000000002,False,False,False,False,True,False,True,False,False,False,False,True,False
4125,4.57,19.49,24.34,1096.9,106.53,5.97,1463.13,2.4,0.88,0.76,6,5.93,7,45.06573541495481,255.672,False,False,True,False,False,False,False,False,True,False,False,True,False
614,4.71,41.32,33.61,799.75,293.17,12.45,1496.33,2.01,0.31,0.77,4,7.13,4,23.795001487652485,589.2717,False,True,False,False,False,False,False,False,True,False,False,True,False
1466,4.78,11.0,10.58,377.13,56.94,9.51,2642.56,1.87,0.79,1.76,1,4.25,10,35.64555765595463,106.4778,False,False,True,False,False,False,False,False,True,False,True,False,False
401,8.28,48.49,22.08,176.21,250.51,7.41,1655.47,2.54,1.17,0.62,6,6.57,1,7.980525362318842,636.2954,False,False,False,False,True,False,False,False,False,True,False,True,False
3042,5.04,22.59,19.03,641.93,257.99,5.15,2601.32,1.41,0.51,1.03,5,7.07,7,33.73252758801891,363.7659,False,True,False,False,False,False,False,False,True,False,False,True,False
934,4.75,20.33,15.28,1102.95,148.76,6.59,1194.87,2.49,1.13,1.01,4,5.9,10,72.18259162303666,370.4124,False,False,False,True,False,False,False,False,True,False,False,False,True
2419,6.14,17.31,10.55,1053.72,254.66,3.88,1622.25,0.94,1.44,1.27,5,8.14,5,99.87867298578199,239.38039999999998,False,False,False,False,True,False,False,True,False,False,False,False,True
4657,5.19,12.94,21.33,120.44,225.81,2.12,2126.73,1.15,0.69,0.52,3,6.08,12,5.646507266760431,259.68149999999997,False,False,True,False,False,False,False,True,False,False,False,True,False
4339,7.28,12.14,17.88,1148.91,294.44,10.2,2887.11,1.08,0.56,1.26,6,6.53,5,64.25671140939598,317.9952,False,True,False,False,False,False,False,False,True,False,False,False,True
2641,6.17,28.91,19.27,638.59,277.83,5.8,2547.47,2.94,1.34,0.75,2,8.76,2,33.13907628437987,816.8201999999999,False,True,False,False,False,False,True,False,False,False,False,False,True
3732,6.81,48.1,13.95,561.95,89.72,1.12,2814.2,0.56,0.39,1.02,6,6.56,10,40.2831541218638,50.2432,True,False,False,False,False,False,True,False,False,False,False,True,False
726,5.4,26.75,24.84,758.76,53.46,2.91,1585.34,0.96,1.37,1.71,5,4.86,2,30.545893719806763,51.3216,False,True,False,False,False,False,True,False,False,False,True,False,False
826,5.93,12.12,17.44,281.54,232.11,2.42,2350.55,1.96,0.96,0.76,5,6.88,1,16.14334862385321,454.9356,False,False,False,False,True,False,False,False,False,True,False,False,True
1521,4.51,45.56,23.34,206.39,103.35,8.56,1899.41,1.98,0.94,1.41,5,5.66,10,8.842759211653812,204.63299999999998,False,False,True,False,False,True,False,False,False,False,True,False,False
4558,6.94,30.49,10.71,893.61,228.19,11.31,1888.66,0.7,0.35,1.22,1,7.44,12,83.43697478991596,159.73299999999998,True,False,False,False,False,False,True,False,False,False,False,False,True
2930,7.36,33.64,13.75,164.68,227.47,9.72,2364.19,2.82,0.6,1.12,4,7.04,11,11.976727272727274,641.4653999999999,False,False,False,False,True,True,False,False,False,False,True,False,False
136,6.34,16.79,21.84,950.34,287.47,2.57,1157.22,2.36,0.31,1.47,6,6.88,8,43.51373626373626,678.4292,False,False,False,True,False,False,False,False,True,False,False,True,False
628,4.81,16.85,24.03,797.21,191.47,10.75,1169.59,1.93,0.95,0.6,5,6.05,4,33.175613816063255,369.5371,False,True,False,False,False,False,False,True,False,False,False,True,False
334,6.31,13.56,14.34,688.94,185.31,9.81,1453.02,1.54,0.8,0.77,1,6.0,6,48.04323570432358,285.3774,False,False,True,False,False,True,False,False,False,False,False,False,True
390,7.2,16.47,15.61,1160.42,274.61,11.07,2830.78,2.14,1.01,0.6,3,7.08,1,74.33824471492633,587.6654000000001,False,True,False,False,False,False,False,True,False,False,False,True,False
4213,6.64,12.05,11.49,568.61,188.18,10.33,1322.99,0.78,0.58,1.83,3,7.15,10,49.48738033072237,146.78040000000001,False,False,True,False,False,False,False,True,False,False,False,True,False
4681,5.12,36.89,33.48,1182.37,114.38,8.22,2359.74,1.78,0.4,1.44,1,5.3,8,35.315710872162484,203.5964,False,False,True,False,False,False,False,False,False,True,False,False,True
3557,4.92,23.18,26.07,968.14,185.68,2.93,1153.65,1.53,0.45,0.52,3,7.95,1,37.13617184503261,284.0904,False,False,False,True,False,True,False,False,False,False,False,True,False
1817,4.61,24.1,11.96,935.76,64.81,5.74,1085.48,0.66,0.72,0.94,3,5.64,4,78.24080267558527,42.77460000000001,True,False,False,False,False,True,False,False,False,False,False,False,True
400,6.85,22.82,17.13,1152.16,93.27,5.97,2497.15,0.84,0.79,0.59,1,5.31,3,67.25977816695855,78.34679999999999,False,False,False,False,True,False,False,False,False,True,False,True,False
710,8.13,35.31,10.83,854.68,231.1,7.14,2258.15,0.56,0.52,1.71,5,6.92,1,78.91782086795936,129.416,False,False,True,False,False,False,True,False,False,False,True,False,False
1039,4.9,38.07,21.87,442.09,256.81,12.94,2236.02,2.3,0.96,0.98,1,6.77,5,20.214449016918152,590.663,False,False,False,True,False,False,False,False,True,False,False,False,True
3707,4.57,12.71,16.72,684.17,161.32,3.09,2834.2,2.5,1.28,1.49,1,6.34,2,40.91925837320574,403.29999999999995,False,False,False,True,False,False,True,False,False,False,True,False,False
3359,6.09,38.89,23.31,916.06,59.34,8.14,1754.25,2.33,0.81,1.54,5,5.55,6,39.299013299013296,138.2622,False,False,False,True,False,False,False,True,False,False,False,False,True
46,7.15,14.0,30.95,929.87,79.18,5.83,2305.3,2.59,0.61,0.86,1,5.4,12,30.04426494345719,205.0762,False,False,True,False,False,True,False,False,False,False,False,False,True
1561,7.56,22.29,28.14,515.65,54.86,10.9,2020.41,1.8,1.42,0.96,4,4.1,6,18.324449182658135,98.748,False,False,False,False,True,True,False,False,False,False,False,True,False
4609,5.65,47.9,11.6,490.77,105.55,10.51,1964.57,0.71,1.13,0.82,2,5.54,9,42.307758620689654,74.9405,False,False,False,False,True,True,False,False,False,False,False,False,True
4652,5.71,10.21,15.54,642.94,102.66,2.02,1417.61,2.07,1.3,1.68,1,5.51,4,41.37323037323038,212.50619999999998,False,False,False,False,True,False,False,True,False,False,False,True,False
1112,8.09,18.31,23.79,1173.47,290.43,4.41,1530.79,2.63,0.44,0.8,5,8.32,8,49.32618747372846,763.8309,False,True,False,False,False,False,False,False,False,True,True,False,False
2513,5.75,29.95,32.06,327.44,84.7,8.83,1724.4,2.91,0.51,0.75,2,5.68,12,10.213349968808483,246.47700000000003,False,False,False,True,False,False,True,False,False,False,False,True,False
1223,5.72,20.58,20.61,1060.5,246.96,8.82,1265.68,1.72,0.26,1.54,3,7.06,9,51.45560407569141,424.7712,False,False,False,False,True,False,False,True,False,False,False,True,False
3773,8.48,26.47,20.83,957.05,242.8,14.39,1368.29,2.33,1.13,1.57,3,7.24,10,45.94575132021124,565.724,True,False,False,False,False,False,False,False,False,True,False,False,True
3023,7.49,39.02,25.76,341.98,156.88,2.88,1523.35,1.87,1.42,1.45,3,5.88,10,13.275621118012422,293.36560000000003,False,False,True,False,False,False,False,False,False,True,False,False,True
2421,8.08,49.97,15.33,745.44,69.25,7.15,1475.41,1.11,1.48,1.38,1,5.06,11,48.62622309197652,76.8675,False,False,False,False,True,False,False,True,False,False,True,False,False
1508,4.73,30.62,13.08,1141.12,220.47,12.28,2732.23,0.83,1.11,0.6,6,5.87,9,87.24159021406727,182.99009999999998,False,False,False,False,True,False,False,False,True,False,True,False,False
1750,5.51,24.47,34.02,440.24,278.09,14.26,2029.02,1.46,0.39,1.72,5,7.13,9,12.940623162845384,406.0114,False,False,False,False,True,False,True,False,False,False,False,True,False
4646,5.69,46.9,10.42,581.91,165.85,8.09,1275.69,1.05,1.48,1.79,3,5.5,11,55.84548944337811,174.1425,True,False,False,False,False,False,False,False,False,True,True,False,False
3806,6.33,21.49,18.21,703.7,104.93,11.12,1626.08,1.67,1.48,1.22,5,4.63,5,38.64360241625481,175.2331,False,False,True,False,False,False,False,False,False,True,False,False,True
1799,5.06,22.82,21.3,552.58,189.21,5.64,1602.91,2.38,0.91,1.09,5,5.73,1,25.942723004694837,450.3198,False,True,False,False,False,False,True,False,False,False,True,False,False
338,6.5,29.57,30.2,1135.14,299.85,14.46,2086.63,1.23,0.84,0.57,2,6.35,6,37.58741721854305,368.81550000000004,False,False,False,False,True,False,False,False,False,True,False,True,False
215,6.28,47.62,10.1,1014.31,102.79,4.23,1551.26,2.1,1.3,0.67,1,5.61,7,100.42673267326732,215.859,False,False,False,True,False,False,False,False,True,False,False,False,True
1341,5.37,11.28,28.92,368.08,102.6,4.82,2786.12,0.51,0.98,1.92,2,4.91,2,12.727524204702627,52.326,False,True,False,False,False,False,False,True,False,False,False,True,False
11,7.32,15.05,14.54,598.03,61.73,0.72,1426.29,0.82,1.21,0.67,4,5.29,11,41.12998624484182,50.618599999999994,True,False,False,False,False,False,False,False,True,False,False,False,True
1520,6.71,47.83,25.92,123.8,151.75,9.71,2931.34,1.02,1.04,0.71,1,6.84,12,4.776234567901234,154.785,False,False,True,False,False,False,False,False,False,True,True,False,False
3657,7.74,26.51,23.86,924.22,78.97,13.33,1791.91,2.26,1.15,1.34,3,4.04,12,38.73512154233026,178.4722,True,False,False,False,False,False,False,False,True,False,False,False,True
3508,4.57,35.03,31.99,1117.21,179.74,14.12,1756.5,2.13,0.34,0.87,1,5.48,10,34.923726164426384,382.8462,False,False,False,True,False,False,False,False,True,False,True,False,False
3004,5.28,30.42,16.13,1018.06,249.34,14.91,2977.08,0.52,0.44,1.98,3,6.53,12,63.11593304401736,129.6568,True,False,False,False,False,False,True,False,False,False,False,True,False
2864,5.8,23.02,17.72,1071.01,155.22,14.77,2167.57,1.75,1.46,1.69,1,6.0,10,60.44074492099323,271.635,False,True,False,False,False,False,False,True,False,False,True,False,False
3115,6.57,25.05,22.63,654.48,73.55,5.37,1798.36,2.41,1.02,1.56,5,4.92,7,28.920901458241275,177.2555,True,False,False,False,False,False,True,False,False,False,False,True,False
3820,6.18,34.39,25.29,305.28,160.78,2.39,1746.58,0.51,0.57,0.77,1,5.88,4,12.0711743772242,81.9978,False,False,False,False,True,False,False,True,False,False,True,False,False
2322,7.3,18.28,11.74,1161.35,194.27,1.8,2143.21,2.89,1.01,1.88,2,8.59,6,98.92248722316864,561.4403000000001,False,False,False,True,False,True,False,False,False,False,True,False,False
2571,6.07,23.16,18.02,166.96,154.51,1.58,2937.25,1.13,0.27,1.07,2,6.68,2,9.265260821309656,174.59629999999999,False,False,False,True,False,True,False,False,False,False,True,False,False
2913,7.73,24.03,10.25,936.05,175.68,12.22,2503.87,2.03,1.3,1.82,5,6.16,12,91.32195121951219,356.63039999999995,False,False,False,False,True,False,True,False,False,False,False,False,True
101,7.57,46.2,29.86,494.68,274.78,14.42,2182.79,0.88,1.35,1.68,1,7.86,6,16.566644340254523,241.80639999999997,False,False,True,False,False,False,True,False,False,False,True,False,False
4506,8.19,28.88,16.5,410.72,272.35,7.59,1294.19,2.49,0.56,0.55,3,7.75,6,24.892121212121214,678.1515000000002,False,False,True,False,False,False,True,False,False,False,False,False,True
171,6.09,20.13,29.08,1141.73,221.73,7.76,2598.89,1.62,1.02,1.3,2,7.06,11,39.261691884456674,359.2026,False,False,False,True,False,False,False,True,False,False,False,False,True
107,5.4,44.76,28.44,1077.41,130.55,4.72,2062.69,1.39,0.74,0.56,6,5.84,9,37.88361462728552,181.46450000000002,True,False,False,False,False,False,False,False,True,False,False,False,True
3979,8.16,29.3,33.29,805.93,157.21,2.02,1730.44,1.04,1.39,1.46,2,5.48,8,24.20937218383899,163.4984,False,True,False,False,False,False,False,True,False,False,False,False,True
4791,8.37,16.59,15.02,1166.2,226.41,3.15,2982.6,1.53,0.42,0.89,1,8.08,2,77.64314247669775,346.4073,False,False,False,True,False,True,False,False,False,False,False,True,False
4127,4.66,10.74,12.4,274.14,110.26,13.57,2368.74,1.07,1.05,0.99,5,4.79,7,22.10806451612903,117.97820000000002,False,True,False,False,False,False,False,False,False,True,True,False,False
3776,5.5,11.22,13.52,447.41,230.76,4.22,1515.01,0.85,0.21,0.78,5,6.74,12,33.09245562130178,196.146,False,False,False,False,True,False,True,False,False,False,False,False,True
3585,6.31,26.72,33.4,403.84,244.28,7.5,1207.51,2.42,1.36,1.4,5,7.57,11,12.091017964071856,591.1576,True,False,False,False,False,False,True,False,False,False,True,False,False
3848,7.42,27.52,10.84,978.24,232.74,4.17,2417.12,1.65,0.36,1.69,5,7.81,1,90.24354243542436,384.021,True,False,False,False,False,False,False,False,True,False,True,False,False
3783,6.72,14.68,19.36,388.1,253.52,7.52,2173.11,1.15,1.43,1.3,6,8.42,9,20.04648760330579,291.548,False,False,True,False,False,False,False,True,False,False,False,False,True
60,8.21,20.09,14.25,550.92,233.95,9.42,1205.73,1.92,0.57,1.16,5,4.99,11,38.66105263157895,449.18399999999997,False,False,False,False,True,False,True,False,False,False,False,True,False
1240,6.28,40.91,21.99,882.83,137.58,6.71,1985.74,1.9,1.48,1.61,6,5.83,5,40.146884947703505,261.402,False,False,True,False,False,False,True,False,False,False,False,False,True
4455,6.63,27.71,24.74,306.28,207.34,2.66,2860.31,1.91,0.69,0.79,4,7.65,2,12.379951495553758,396.01939999999996,False,True,False,False,False,False,True,False,False,False,True,False,False
1040,5.89,32.85,21.14,928.6,148.44,4.54,1049.54,2.84,0.92,1.11,4,7.02,2,43.92620624408704,421.5696,True,False,False,False,False,False,True,False,False,False,False,True,False
3960,7.18,25.91,31.18,1162.41,104.88,3.14,1561.97,1.49,1.21,1.15,1,5.2,5,37.280628608082104,156.2712,False,False,False,False,True,False,False,False,False,True,False,True,False
2760,6.55,15.08,12.66,344.62,102.05,0.96,1889.89,1.56,1.12,1.05,3,6.06,6,27.221169036334913,159.198,False,False,False,True,False,False,True,False,False,False,False,False,True
2120,5.76,11.03,33.44,672.43,58.73,10.13,2833.34,2.05,0.85,1.99,6,4.66,9,20.10855263157895,120.39649999999999,False,True,False,False,False,True,False,False,False,False,False,False,True
1524,5.6,38.82,23.9,304.33,129.83,12.03,2158.65,2.97,1.13,0.6,1,4.87,7,12.733472803347281,385.59510000000006,True,False,False,False,False,False,False,False,False,True,False,False,True
153,7.44,28.12,24.8,832.56,100.67,12.85,1715.36,1.64,0.26,1.55,1,5.27,11,33.57096774193548,165.09879999999998,False,False,False,True,False,False,False,False,True,False,False,False,True
2248,7.69,19.16,24.79,959.13,241.59,10.14,1598.55,0.71,0.92,1.29,5,6.24,1,38.69019766034692,171.5289,True,False,False,False,False,True,False,False,False,False,True,False,False
481,7.66,11.97,11.69,622.71,137.85,14.71,1410.22,2.82,0.94,1.83,4,4.7,11,53.26860564585116,388.73699999999997,False,False,False,False,True,False,False,True,False,False,True,False,False
4031,4.97,20.61,18.47,451.64,130.9,10.11,2185.46,1.33,0.51,1.97,6,5.56,9,24.45262587980509,174.097,True,False,False,False,False,False,False,False,False,True,False,False,True
4137,6.23,11.82,22.57,324.2,86.25,7.43,1514.65,2.83,1.27,1.44,3,5.48,3,14.36420026583961,244.0875,False,False,False,False,True,False,True,False,False,False,False,True,False
3853,6.96,14.82,34.54,549.26,190.81,2.08,1526.76,0.9,0.2,1.02,6,6.55,3,15.902142443543717,171.729,False,False,False,False,True,True,False,False,False,False,False,True,False
3315,7.52,22.47,18.49,352.8,161.11,0.32,2078.13,1.06,0.43,1.59,6,6.08,2,19.080584099513253,170.77660000000003,False,False,True,False,False,False,False,False,False,True,False,True,False
1762,6.96,46.97,12.12,179.51,148.06,0.75,1510.81,2.26,1.42,0.62,5,6.2,2,14.811056105610561,334.6156,True,False,False,False,False,False,False,True,False,False,False,False,True
4613,4.72,37.36,26.67,707.28,255.96,10.12,2938.36,2.77,0.53,1.32,2,7.86,10,26.519685039370074,709.0092000000001,False,False,False,True,False,False,False,False,True,False,False,True,False
750,7.67,11.9,32.09,675.66,52.32,13.29,1234.53,1.13,1.07,0.53,5,3.84,11,21.05515736989716,59.121599999999994,True,False,False,False,False,False,False,False,False,True,False,False,True
1785,6.9,46.53,20.63,988.81,51.51,3.27,2768.48,0.59,1.09,1.65,2,5.21,10,47.93068347067378,30.3909,False,False,False,False,True,True,False,False,False,False,True,False,False
3924,5.06,29.46,18.28,322.94,84.17,2.06,1723.32,2.62,1.39,1.87,4,4.8,1,17.666301969365424,220.52540000000002,True,False,False,False,False,False,False,True,False,False,True,False,False
3383,8.29,26.53,31.27,718.15,65.02,5.08,1173.66,2.79,0.97,1.67,4,5.5,11,22.966101694915253,181.4058,False,True,False,False,False,True,False,False,False,False,False,True,False
3871,7.46,27.11,32.68,987.2,151.17,11.61,1487.53,2.07,0.62,1.68,2,5.98,12,30.20807833537332,312.92189999999994,False,False,True,False,False,False,True,False,False,False,True,False,False
405,5.87,41.74,33.87,769.37,149.55,8.35,1609.89,1.8,0.37,0.96,2,5.8,5,22.715382344257456,269.19000000000005,False,True,False,False,False,True,False,False,False,False,False,True,False
757,5.16,30.51,33.21,1190.54,293.52,8.85,2293.67,1.32,1.39,1.95,2,8.7,6,35.848840710629325,387.4464,False,False,True,False,False,True,False,False,False,False,False,True,False
2711,6.03,24.02,23.58,1105.92,126.3,8.28,2055.58,0.92,1.29,1.22,6,6.07,12,46.90076335877863,116.196,True,False,False,False,False,True,False,False,False,False,True,False,False
2670,4.91,39.14,31.44,497.71,149.21,1.97,2595.3,1.83,0.45,1.46,3,6.18,5,15.830470737913485,273.0543,False,False,False,True,False,False,False,True,False,False,True,False,False
3754,7.75,16.33,19.89,450.57,149.12,7.4,2827.33,1.89,1.4,0.74,4,6.09,2,22.65309200603318,281.8368,False,True,False,False,False,True,False,False,False,False,False,False,True
97,8.06,36.96,27.65,310.14,190.06,3.44,1033.8,1.62,1.36,0.67,3,6.99,2,11.216636528028934,307.8972,False,True,False,False,False,False,False,False,False,True,True,False,False
1333,6.36,43.38,14.17,286.19,174.81,3.55,2110.85,2.49,0.9,0.96,6,6.57,12,20.196894848270993,435.27690000000007,True,False,False,False,False,False,True,False,False,False,True,False,False
4277,6.66,22.88,23.43,995.6,70.33,4.77,1153.56,1.73,1.38,0.99,6,4.35,4,42.49253094323517,121.67089999999999,False,True,False,False,False,False,False,True,False,False,True,False,False
2791,6.88,15.03,15.43,150.01,138.34,0.68,1728.31,0.84,0.49,1.72,4,6.41,4,9.72197018794556,116.2056,False,False,False,True,False,False,True,False,False,False,False,False,True
2854,6.0,29.41,21.68,320.38,276.38,1.74,1664.0,1.36,0.91,1.79,3,7.26,11,14.777675276752767,375.8768,False,False,False,True,False,False,True,False,False,False,False,True,False
186,5.76,33.22,23.88,799.31,73.49,3.59,2111.01,2.55,0.6,1.46,4,4.64,9,33.471943048576215,187.39949999999996,False,False,False,True,False,False,False,False,True,False,False,False,True
3718,5.63,42.68,24.39,591.53,198.12,6.99,1520.97,2.93,0.98,1.82,5,7.35,2,24.252972529725294,580.4916000000001,False,False,False,False,True,True,False,False,False,False,False,False,True
2723,8.08,33.61,26.79,353.86,178.77,5.93,2995.45,2.65,1.07,1.69,1,6.03,12,13.208659947741696,473.7405,False,False,False,False,True,False,False,False,False,True,False,False,True
2058,5.61,24.85,13.38,1104.28,58.4,4.79,2778.11,1.23,1.19,1.42,1,5.31,11,82.53213751868459,71.832,False,False,True,False,False,True,False,False,False,False,True,False,False
3988,6.4,21.86,14.56,196.64,198.36,6.83,2121.3,2.95,0.49,0.97,1,7.45,2,13.505494505494504,585.162,False,False,False,False,True,False,False,False,True,False,False,True,False
148,7.49,16.69,33.31,420.4,174.67,5.67,1958.56,1.06,0.56,1.63,5,5.75,8,12.620834584208945,185.15019999999998,False,True,False,False,False,True,False,False,False,False,True,False,False
28,8.01,12.63,23.56,298.05,126.73,12.08,1235.6,1.83,0.32,1.62,3,4.04,9,12.650679117147709,231.91590000000002,True,False,False,False,False,True,False,False,False,False,False,True,False
3874,7.02,30.93,10.43,616.61,267.7,1.36,1514.66,2.57,0.74,1.44,1,8.14,7,59.118887823585816,687.9889999999999,False,False,False,True,False,True,False,False,False,False,True,False,False
3724,8.01,20.99,28.78,825.03,225.35,2.19,1807.66,1.25,0.59,1.81,5,8.02,2,28.666782487838773,281.6875,False,False,True,False,False,False,False,False,False,True,True,False,False
3875,4.84,26.65,33.58,953.49,264.46,8.63,1636.5,2.44,0.29,1.07,6,7.87,6,28.39458010720667,645.2823999999999,False,False,False,True,False,False,False,True,False,False,False,False,True
692,6.7,22.0,17.37,215.24,244.18,5.99,1154.44,2.71,0.3,1.27,1,7.71,1,12.391479562464019,661.7278,False,True,False,False,False,False,False,True,False,False,False,False,True
2866,7.33,20.0,10.18,509.03,273.62,14.74,2231.14,1.62,1.12,1.32,4,7.14,3,50.00294695481336,443.2644,False,False,False,True,False,False,False,False,True,False,False,True,False
1386,7.36,38.64,17.79,199.53,123.93,8.08,1275.61,0.9,0.56,1.68,2,4.76,12,11.215851602023609,111.537,False,False,False,False,True,False,False,False,True,False,False,True,False
1845,5.73,37.16,31.5,378.21,199.48,10.22,1162.43,1.2,0.72,1.21,1,6.78,7,12.006666666666666,239.37599999999998,False,False,False,False,True,False,False,True,False,False,False,False,True
4546,5.15,25.72,33.27,219.92,158.14,3.48,1649.04,0.7,1.38,1.86,4,6.7,6,6.610159302675082,110.69799999999998,False,False,True,False,False,True,False,False,False,False,True,False,False
3881,8.06,26.42,20.28,639.22,261.01,3.27,1070.39,2.19,0.68,1.53,4,7.93,6,31.51972386587771,571.6119,False,False,True,False,False,False,False,False,True,False,False,False,True
1599,4.62,33.24,13.51,356.58,216.86,8.4,1188.97,1.31,0.37,1.64,4,7.25,5,26.393782383419687,284.08660000000003,False,False,False,True,False,False,False,False,False,True,False,True,False
4328,4.84,42.09,10.78,857.56,268.97,2.13,2219.08,2.62,1.04,0.59,3,8.11,5,79.55102040816327,704.7014000000001,False,True,False,False,False,False,True,False,False,False,False,False,True
701,8.39,39.07,32.47,919.54,60.96,6.5,1687.41,1.48,0.65,2.0,6,4.48,2,28.31967970434247,90.2208,True,False,False,False,False,False,False,False,False,True,False,False,True
3700,7.9,36.77,26.54,276.4,159.07,2.99,2002.1,1.01,0.73,0.6,3,6.08,3,10.41446872645064,160.6607,False,False,False,False,True,False,False,False,True,False,True,False,False
3028,6.69,38.22,26.8,348.45,299.53,12.07,1849.77,1.51,0.81,1.86,6,6.73,1,13.00186567164179,452.29029999999995,True,False,False,False,False,True,False,False,False,False,False,False,True
2969,5.25,30.1,20.88,212.8,261.91,13.51,2382.05,2.86,0.46,1.94,2,6.72,1,10.191570881226054,749.0626000000001,False,False,True,False,False,False,False,False,True,False,False,True,False
4259,7.32,48.19,25.96,1103.61,97.0,2.5,2968.71,2.34,1.21,1.08,2,6.41,6,42.511941448382125,226.98,False,True,False,False,False,False,False,True,False,False,True,False,False
1708,6.03,17.14,13.87,167.54,294.69,2.25,1292.13,2.93,0.41,1.37,4,6.94,9,12.079307858687816,863.4417000000001,False,False,False,False,True,False,True,False,False,False,False,False,True
2953,4.77,19.07,15.63,1173.03,278.5,7.31,2803.62,0.99,0.75,0.55,5,7.21,9,75.04990403071017,275.715,False,False,False,True,False,False,False,True,False,False,True,False,False
454,6.73,48.85,10.44,976.69,165.81,6.79,2126.63,0.57,0.48,1.95,3,7.61,9,93.55268199233717,94.51169999999999,False,False,False,False,True,False,False,False,False,True,True,False,False
2868,6.84,17.03,14.6,658.29,156.68,14.96,1691.19,1.79,0.56,1.63,6,5.92,5,45.08835616438356,280.4572,False,False,False,False,True,True,False,False,False,False,False,False,True
2040,5.83,34.3,14.71,911.49,208.37,9.71,1277.06,1.38,1.18,0.85,2,7.16,10,61.963970088375255,287.5506,False,True,False,False,False,False,True,False,False,False,True,False,False
3964,7.83,25.9,34.11,1013.16,96.39,9.36,1101.63,2.61,0.32,1.63,4,5.72,7,29.702726473175023,251.5779,False,False,True,False,False,False,False,False,False,True,False,False,True
2315,7.5,24.56,11.03,339.12,147.36,10.35,1646.29,0.77,1.42,0.69,2,5.61,3,30.74524025385313,113.46720000000002,True,False,False,False,False,False,False,True,False,False,False,True,False
609,4.77,25.2,33.38,731.12,231.72,14.64,1646.55,2.6,0.76,1.41,4,5.31,4,21.902935889754342,602.472,False,False,True,False,False,False,False,False,True,False,True,False,False
167,7.91,33.62,32.37,945.88,293.64,1.35,2968.92,2.51,1.32,1.26,4,6.28,9,29.220883534136547,737.0364,False,False,False,False,True,False,False,False,True,False,False,False,True
730,5.75,35.79,28.54,470.39,250.64,3.03,2547.79,1.05,0.49,0.91,1,7.66,12,16.481779957953748,263.17199999999997,False,False,True,False,False,False,False,False,False,True,False,False,True
4071,5.78,12.39,34.97,160.92,250.76,12.87,1300.45,2.48,1.17,1.79,4,5.74,11,4.601658564483843,621.8847999999999,False,False,False,True,False,False,False,False,True,False,False,False,True
3358,6.66,28.0,22.82,368.72,71.19,13.46,1462.6,1.25,1.07,1.28,1,4.46,10,16.157756354075374,88.9875,False,False,False,False,True,False,False,False,False,True,False,False,True
2074,5.23,43.62,27.04,325.45,140.26,10.49,1987.1,0.94,1.21,0.82,2,4.4,6,12.03587278106509,131.84439999999998,False,False,False,True,False,True,False,False,False,False,False,False,True
3753,6.26,39.24,18.79,464.07,81.2,3.45,2571.04,1.57,0.93,1.8,2,5.22,11,24.697711548696116,127.48400000000001,False,True,False,False,False,False,False,False,False,True,True,False,False
1622,6.52,45.33,22.64,1171.73,168.72,12.33,2321.12,2.6,0.85,0.74,5,6.7,5,51.754858657243815,438.672,True,False,False,False,False,False,True,False,False,False,True,False,False
587,6.46,17.74,17.28,460.22,169.12,0.76,1562.34,2.06,0.65,1.66,3,6.44,6,26.63310185185185,348.3872,False,False,False,False,True,False,False,False,False,True,False,True,False
1401,5.75,16.39,25.51,366.06,136.04,0.06,1782.92,0.67,0.78,1.53,6,6.93,5,14.349666797334377,91.1468,False,False,True,False,False,False,False,False,False,True,False,False,True
3045,5.51,37.98,28.45,899.11,52.58,6.66,2401.02,2.94,0.78,1.51,1,4.93,6,31.60316344463972,154.5852,False,True,False,False,False,True,False,False,False,False,False,True,False
3224,6.79,37.99,24.09,870.21,228.81,9.71,2078.12,0.63,1.24,1.82,6,7.87,11,36.12328767123288,144.15030000000002,False,False,True,False,False,False,True,False,False,False,False,True,False
1700,6.55,37.84,17.61,460.89,252.7,7.19,1828.83,1.71,1.44,1.38,3,7.01,11,26.17206132879046,432.11699999999996,False,True,False,False,False,False,True,False,False,False,False,False,True
3088,4.88,13.01,28.69,739.22,134.22,8.7,1394.17,0.6,0.27,1.81,3,5.04,1,25.76577204600906,80.532,False,False,False,True,False,False,False,False,False,True,False,True,False
4216,7.57,37.08,14.86,1088.1,235.42,6.49,2161.29,0.73,1.33,0.56,4,7.57,7,73.22341857335128,171.8566,False,False,False,False,True,False,False,False,True,False,True,False,False
2981,5.31,49.41,29.11,183.64,232.12,10.66,1600.55,1.3,0.98,0.59,6,6.19,2,6.308485056681552,301.75600000000003,False,True,False,False,False,False,False,True,False,False,False,True,False
40,7.84,22.96,13.78,830.28,73.97,8.2,2866.59,1.89,1.24,1.99,1,5.04,8,60.25253991291727,139.80329999999998,False,True,False,False,False,False,False,True,False,False,True,False,False
1379,6.39,44.75,27.34,252.84,206.04,5.03,2559.07,2.7,1.33,1.91,5,7.61,11,9.247988295537674,556.308,False,False,False,True,False,True,False,False,False,False,False,False,True
2089,7.92,13.98,10.44,464.0,153.61,2.77,2382.72,2.5,0.29,0.99,1,7.25,9,44.44444444444445,384.02500000000003,True,False,False,False,False,False,False,False,False,True,True,False,False
2175,7.03,36.97,31.98,996.77,122.81,8.64,1007.0,2.99,0.61,1.19,4,6.23,3,31.168542839274547,367.2019,True,False,False,False,False,True,False,False,False,False,True,False,False
3217,8.0,45.13,33.19,263.4,183.92,2.83,1105.02,1.18,0.88,1.94,3,6.71,8,7.936125338957517,217.02559999999997,False,False,False,True,False,False,False,True,False,False,True,False,False
2885,4.9,22.96,25.4,247.49,288.63,8.86,2011.06,2.62,1.41,0.93,6,6.7,10,9.743700787401576,756.2106,False,True,False,False,False,False,False,False,False,True,False,True,False
4074,7.35,14.13,20.24,356.63,105.01,12.83,1204.73,1.96,0.87,0.95,6,5.03,12,17.62005928853755,205.8196,False,False,False,False,True,False,False,False,True,False,False,True,False
3631,7.39,20.59,34.83,707.65,223.74,14.66,1693.85,1.62,0.98,0.86,1,6.66,11,20.31725523973586,362.45880000000005,False,False,True,False,False,False,False,False,False,True,False,False,True
2657,6.39,32.24,21.01,501.33,147.13,8.58,1908.44,1.74,1.03,0.72,4,6.1,1,23.86149452641599,256.0062,False,False,False,False,True,True,False,False,False,False,True,False,False
3180,4.73,14.7,23.61,659.7,79.8,5.25,1325.8,2.84,0.3,1.66,3,4.03,9,27.94155019059721,226.63199999999998,True,False,False,False,False,False,False,False,True,False,False,False,True
2076,4.9,31.29,32.82,970.68,239.68,11.06,1531.83,0.73,0.89,1.44,1,6.98,12,29.575868372943326,174.9664,False,False,False,False,True,False,False,False,False,True,True,False,False
441,5.53,23.33,18.11,803.63,107.69,0.53,2702.95,0.68,1.49,1.65,4,5.94,5,44.37493097736058,73.2292,False,False,False,True,False,False,False,False,False,True,True,False,False
3764,7.84,43.32,23.23,354.85,291.94,5.75,2639.83,0.65,0.93,1.88,3,7.45,9,15.275505811450712,189.761,False,False,False,False,True,False,False,True,False,False,False,True,False
2051,6.15,20.67,23.56,963.79,298.29,14.98,2751.65,1.7,1.31,0.74,4,7.09,9,40.9078947368421,507.093,False,False,True,False,False,False,True,False,False,False,False,True,False
2541,4.85,48.01,34.94,674.12,236.72,8.13,1452.24,2.83,0.65,0.56,1,7.19,6,19.293646250715515,669.9176,True,False,False,False,False,False,True,False,False,False,False,True,False
3306,6.62,25.9,28.63,956.76,58.62,11.35,1868.64,2.62,1.26,2.0,3,4.04,6,33.41809290953545,153.5844,False,False,True,False,False,False,False,False,True,False,True,False,False
1301,4.85,28.88,30.27,1078.0,185.71,12.25,2455.32,1.49,0.49,1.87,6,5.5,12,35.61281797158903,276.7079,False,False,False,True,False,False,True,False,False,False,True,False,False
1781,5.69,24.49,28.26,333.08,114.84,5.33,2152.75,0.96,0.89,1.96,5,4.97,11,11.786270346779899,110.2464,False,False,True,False,False,False,False,False,False,True,False,False,True
4624,7.23,46.13,18.21,606.97,249.07,6.64,1733.66,1.4,0.41,0.63,6,7.25,7,33.33168588687534,348.698,False,False,False,True,False,False,False,True,False,False,True,False,False
3430,5.46,21.87,32.4,696.52,205.67,11.92,1019.74,1.07,1.19,1.34,5,5.58,7,21.497530864197532,220.0669,False,False,False,True,False,False,False,False,False,True,False,False,True
1304,4.82,42.74,26.36,765.94,176.96,3.89,2042.1,2.09,0.49,1.02,6,7.64,9,29.05690440060698,369.8464,False,False,True,False,False,False,False,False,False,True,False,False,True
236,6.21,38.76,24.7,1043.54,134.99,12.44,2537.25,0.89,0.93,0.58,1,6.43,7,42.248582995951416,120.14110000000001,True,False,False,False,False,False,False,True,False,False,False,False,True
2599,5.25,32.28,32.24,168.29,84.47,3.82,1717.33,1.33,1.24,1.13,6,5.29,3,5.219913151364763,112.3451,False,True,False,False,False,False,False,False,False,True,True,False,False
520,6.15,19.38,30.56,258.01,136.96,8.83,1041.24,1.47,0.5,1.96,4,6.09,12,8.44273560209424,201.3312,True,False,False,False,False,False,False,True,False,False,True,False,False
2573,7.88,46.69,14.9,865.06,88.15,12.47,1993.07,2.17,0.44,0.55,2,5.62,11,58.05771812080536,191.2855,False,False,False,False,True,False,True,False,False,False,True,False,False
3280,4.79,13.17,33.97,1070.26,58.29,14.29,1503.43,2.68,1.15,0.92,4,4.24,4,31.506034736532236,156.21720000000002,False,False,True,False,False,False,False,False,True,False,False,False,True
3186,6.19,33.57,11.91,520.83,186.11,10.21,2164.77,2.43,0.36,1.4,4,6.22,12,43.730478589420656,452.24730000000005,True,False,False,False,False,False,False,False,True,False,False,True,False
2768,5.1,36.38,29.76,459.4,256.64,11.05,2331.83,2.57,1.07,0.52,6,6.35,8,15.436827956989246,659.5647999999999,False,False,True,False,False,False,True,False,False,False,False,False,True
735,7.87,13.59,33.15,416.62,60.29,3.67,1150.45,0.97,1.3,1.0,4,3.53,2,12.567722473604828,58.4813,False,True,False,False,False,False,False,True,False,False,False,True,False
4520,8.27,19.89,12.1,1005.14,153.9,7.58,1503.02,2.35,0.24,1.3,5,5.57,5,83.06942148760331,361.665,False,False,False,True,False,True,False,False,False,False,True,False,False
2106,5.75,46.04,34.54,453.98,250.79,14.01,1075.85,1.67,0.9,1.89,6,6.94,10,13.143601621308628,418.81929999999994,True,False,False,False,False,False,False,False,False,True,False,True,False
2679,6.0,25.28,32.03,1000.06,292.85,9.73,2208.7,2.48,0.66,1.21,4,8.27,3,31.222603808929126,726.268,False,False,False,True,False,False,False,True,False,False,True,False,False
3229,5.41,26.81,16.68,645.83,138.47,7.4,1564.08,2.62,0.96,0.87,6,5.21,8,38.718824940047966,362.7914,True,False,False,False,False,False,True,False,False,False,False,False,True
2761,7.54,46.24,12.64,406.7,94.13,9.46,2562.14,2.14,0.57,1.88,2,5.71,5,32.175632911392405,201.4382,False,False,False,True,False,False,False,True,False,False,False,False,True
592,4.66,28.49,21.66,672.2,160.26,1.51,2453.29,1.59,1.18,1.8,3,7.16,2,31.034164358264082,254.8134,False,False,False,True,False,False,False,False,False,True,False,False,True
1303,6.94,39.64,25.38,537.6,85.75,4.1,1244.27,1.19,0.88,0.76,1,5.77,3,21.182033096926716,102.04249999999999,False,False,True,False,False,False,True,False,False,False,True,False,False
1387,5.54,44.06,29.66,664.73,171.95,1.52,1685.07,0.94,0.27,1.59,1,6.87,6,22.41166554281861,161.63299999999998,False,False,False,False,True,False,False,False,True,False,True,False,False
4512,5.7,33.75,23.33,851.94,233.57,6.34,1356.92,1.23,0.44,1.03,3,8.28,9,36.516930990141454,287.2911,False,False,False,False,True,False,True,False,False,False,False,True,False
4350,7.56,32.15,30.45,954.56,254.49,11.55,1808.2,2.59,0.44,1.79,3,6.96,11,31.348440065681444,659.1291,False,True,False,False,False,True,False,False,False,False,False,True,False
3667,7.78,11.24,10.62,206.95,280.06,13.56,1768.1,1.15,0.27,0.78,2,6.03,12,19.486817325800377,322.06899999999996,False,False,False,True,False,False,True,False,False,False,False,False,True
1890,8.34,48.46,32.99,770.17,269.24,4.16,2383.29,0.53,0.27,1.81,3,8.04,3,23.345559260381933,142.6972,False,False,False,False,True,False,False,False,True,False,False,False,True
2987,5.47,41.48,16.43,342.27,147.53,6.96,2019.77,1.59,0.67,1.81,1,5.73,7,20.83201460742544,234.57270000000003,False,False,True,False,False,True,False,False,False,False,True,False,False
4727,6.13,38.41,19.14,425.18,226.46,12.83,1141.86,1.2,1.23,1.04,2,7.82,4,22.21421107628004,271.752,False,False,False,False,True,True,False,False,False,False,False,True,False
3297,7.06,37.15,26.04,471.12,291.62,5.81,1425.52,1.97,0.49,1.71,3,6.89,4,18.092165898617512,574.4914,False,False,False,False,True,False,False,False,True,False,True,False,False
904,7.27,14.93,22.73,302.3,268.61,4.32,1711.35,1.35,0.53,1.54,6,7.9,6,13.299604047514299,362.62350000000004,False,False,False,False,True,False,False,True,False,False,False,False,True
4429,4.71,33.18,15.08,272.21,220.81,1.66,1964.85,2.1,0.47,1.54,6,7.7,10,18.051061007957557,463.701,False,False,False,False,True,True,False,False,False,False,True,False,False
1279,7.98,17.98,29.98,303.66,155.99,11.74,1772.73,1.07,0.47,0.68,4,5.15,4,10.12875250166778,166.90930000000003,False,True,False,False,False,False,False,False,False,True,False,False,True
933,7.37,40.21,19.54,418.23,138.07,8.82,1107.94,2.78,0.34,1.51,3,4.34,4,21.403787103377688,383.83459999999997,False,False,True,False,False,False,False,True,False,False,True,False,False
4705,5.16,21.27,22.89,306.59,114.43,8.41,2704.38,1.11,1.06,1.52,5,5.14,1,13.39405854084753,127.01730000000002,False,False,True,False,False,False,False,True,False,False,True,False,False
2308,5.9,35.45,11.71,102.94,250.41,9.71,2829.55,2.83,0.76,0.95,2,6.64,10,8.790777113578137,708.6603,False,True,False,False,False,False,False,False,True,False,False,False,True
1555,5.0,36.15,16.55,320.64,174.12,10.64,2033.76,1.77,0.25,1.17,2,6.15,9,19.374018126888217,308.1924,False,True,False,False,False,False,False,False,False,True,False,True,False
4356,8.23,43.82,13.94,1090.86,126.42,3.18,1659.71,1.72,0.64,1.4,5,7.35,8,78.25394548063127,217.4424,False,True,False,False,False,False,False,False,True,False,False,False,True
3190,7.84,29.56,25.35,583.63,71.71,14.43,2136.18,2.79,1.49,1.34,4,4.19,6,23.022879684418143,200.0709,False,False,False,False,True,False,True,False,False,False,True,False,False
4267,8.18,42.44,14.89,779.84,129.8,5.8,2320.11,0.78,0.61,0.51,4,5.22,6,52.37340496977838,101.24400000000001,False,False,True,False,False,False,False,True,False,False,False,True,False
706,6.17,27.96,30.9,992.23,92.25,14.85,2436.93,2.63,0.62,1.47,1,4.18,5,32.111003236245956,242.61749999999998,True,False,False,False,False,False,False,True,False,False,False,False,True
4507,7.33,36.73,33.43,756.39,254.22,6.91,2707.16,1.82,0.21,2.0,2,7.84,6,22.62608435536943,462.6804,False,False,True,False,False,True,False,False,False,False,False,False,True
3070,4.78,18.37,32.79,327.7,282.42,7.06,2265.82,2.71,0.89,1.29,3,7.22,2,9.993900579444952,765.3582,True,False,False,False,False,True,False,False,False,False,False,False,True
745,6.93,37.57,14.25,251.75,138.9,9.27,1716.18,1.56,0.49,1.09,3,5.84,1,17.666666666666668,216.68400000000003,True,False,False,False,False,False,False,False,True,False,False,True,False
3594,5.02,49.03,14.63,658.43,170.95,9.04,2894.81,1.42,0.63,1.45,5,6.98,4,45.005468215994526,242.74899999999997,False,False,False,True,False,False,False,True,False,False,True,False,False
1939,5.05,36.49,15.32,799.31,95.31,14.54,2387.21,2.77,0.82,0.65,4,3.45,4,52.1742819843342,264.00870000000003,False,False,False,True,False,True,False,False,False,False,False,False,True
4226,6.46,39.71,26.5,572.99,129.64,9.42,2888.99,0.82,0.84,1.05,3,4.74,7,21.622264150943398,106.30479999999999,True,False,False,False,False,False,False,True,False,False,True,False,False
2862,6.31,30.06,12.19,523.14,133.89,5.59,2360.94,1.04,0.91,1.17,6,6.52,3,42.915504511894994,139.2456,False,False,True,False,False,False,False,True,False,False,False,True,False
3712,8.07,36.86,19.61,176.39,196.91,8.22,2575.78,2.26,0.23,1.95,6,6.72,10,8.994900560938296,445.0165999999999,False,False,True,False,False,True,False,False,False,False,False,True,False
513,6.58,15.78,26.07,1041.01,283.58,1.38,1405.6,1.14,0.75,1.97,1,7.33,2,39.9313387034906,323.28119999999996,False,False,False,True,False,False,False,True,False,False,False,False,True
81,6.69,29.86,25.42,410.92,188.17,12.37,1768.61,1.87,1.17,1.85,3,6.23,3,16.16522423288749,351.8779,False,False,True,False,False,False,True,False,False,False,True,False,False
4777,4.91,19.12,22.6,1111.23,146.62,11.46,1480.52,0.61,0.93,1.77,5,5.37,8,49.16946902654867,89.4382,False,False,True,False,False,False,False,True,False,False,True,False,False
1308,5.68,20.33,19.07,605.93,130.79,3.17,1624.02,1.99,1.2,0.76,6,5.93,3,31.773990561090717,260.27209999999997,True,False,False,False,False,True,False,False,False,False,False,False,True
4370,6.66,36.88,29.0,997.18,202.17,2.6,2893.48,0.7,0.3,1.17,2,6.98,3,34.38551724137931,141.51899999999998,False,False,False,False,True,False,False,False,True,False,False,False,True
914,5.87,49.67,16.67,957.96,57.62,5.54,2326.52,2.17,1.45,1.42,5,4.85,12,57.46610677864427,125.0354,False,False,False,True,False,True,False,False,False,False,False,False,True
3452,6.69,30.96,26.85,1167.52,132.77,1.21,1470.65,0.84,0.28,0.93,1,6.42,5,43.48305400372439,111.52680000000001,False,False,True,False,False,False,False,False,False,True,False,False,True
4614,7.1,11.78,18.52,430.49,152.22,11.94,2646.27,2.96,1.32,0.86,2,6.27,9,23.244600431965445,450.5712,False,True,False,False,False,False,False,False,False,True,False,True,False
3156,6.14,38.94,20.49,161.23,211.55,3.85,1689.15,0.93,1.29,1.13,4,6.28,4,7.8687164470473405,196.74150000000003,False,False,True,False,False,False,True,False,False,False,False,False,True
2198,5.54,34.2,15.52,1113.75,283.84,3.49,1894.14,0.58,0.76,1.74,4,9.09,1,71.76224226804123,164.6272,True,False,False,False,False,False,True,False,False,False,True,False,False
774,8.45,49.23,20.63,355.85,259.95,2.15,1408.18,2.32,1.06,1.87,6,7.67,7,17.24915172079496,603.084,False,True,False,False,False,True,False,False,False,False,True,False,False
329,4.7,15.72,32.4,1083.5,199.66,6.96,1457.18,2.63,0.52,1.38,3,6.96,10,33.44135802469136,525.1057999999999,True,False,False,False,False,False,True,False,False,False,False,True,False
2054,7.81,20.34,25.86,519.53,258.16,12.38,1643.92,1.1,1.18,1.38,4,6.46,8,20.090100541376643,283.97600000000006,False,False,False,False,True,False,False,False,False,True,True,False,False
2001,5.67,22.22,33.15,757.85,95.12,0.89,2251.08,1.97,1.06,0.82,4,5.58,9,22.861236802413273,187.3864,False,False,False,True,False,False,False,False,True,False,False,True,False
943,7.36,10.21,29.6,974.38,190.56,14.01,2660.33,1.43,0.72,0.69,3,6.25,5,32.91824324324324,272.50079999999997,False,True,False,False,False,True,False,False,False,False,False,False,True
822,5.34,25.82,25.23,1049.31,152.86,13.4,2843.46,2.19,1.3,1.95,5,5.88,6,41.589774078478,334.76340000000005,False,False,False,True,False,False,True,False,False,False,False,False,True
4351,7.4,25.52,14.94,835.53,228.97,13.46,1452.88,1.37,0.82,1.35,2,6.71,1,55.92570281124498,313.68890000000005,False,False,True,False,False,False,False,False,False,True,True,False,False
909,4.66,47.63,22.54,1196.96,126.32,11.05,2115.81,1.03,1.49,1.25,1,4.73,9,53.10381543921917,130.1096,False,False,False,False,True,False,False,True,False,False,False,True,False
2516,7.45,26.18,21.76,884.2,223.93,7.47,2255.87,2.62,0.73,1.21,2,6.91,11,40.63419117647059,586.6966,False,False,True,False,False,False,False,False,False,True,False,True,False
181,6.02,40.79,14.1,1054.7,183.92,2.13,2496.35,1.69,1.34,1.85,2,7.71,10,74.80141843971631,310.8248,False,True,False,False,False,True,False,False,False,False,False,False,True
164,6.75,21.42,25.29,429.27,215.28,9.38,1093.45,0.77,1.06,1.83,3,6.8,12,16.973902728351128,165.7656,False,False,False,True,False,False,True,False,False,False,False,False,True
1523,6.83,40.93,25.15,1095.49,272.4,5.64,1573.61,2.67,0.49,2.0,2,8.47,8,43.558250497017895,727.3079999999999,False,False,False,True,False,False,False,True,False,False,False,True,False
451,4.75,25.92,24.51,994.5,122.82,3.52,2690.9,2.02,1.03,1.64,3,5.66,8,40.575275397796815,248.0964,False,True,False,False,False,True,False,False,False,False,True,False,False
2538,4.55,34.62,15.66,347.9,206.91,5.23,1428.64,2.88,0.59,1.68,4,6.56,9,22.215836526181352,595.9008,True,False,False,False,False,True,False,False,False,False,False,True,False
3821,7.08,34.8,19.28,868.88,72.41,10.14,1499.3,1.92,0.22,1.08,5,5.07,5,45.066390041493776,139.0272,False,True,False,False,False,False,False,False,True,False,True,False,False
4586,5.16,19.23,10.42,599.04,267.68,8.3,1987.15,1.93,0.9,0.68,3,7.34,8,57.489443378119,516.6224,False,False,False,True,False,False,False,True,False,False,False,True,False
1311,5.18,44.58,19.94,779.86,262.17,14.4,2350.62,2.23,1.13,1.16,2,8.04,6,39.11033099297894,584.6391,False,False,False,False,True,False,False,False,True,False,False,False,True
3149,6.71,33.43,17.24,657.0,211.6,8.09,2055.44,2.77,0.23,0.93,2,6.55,11,38.109048723897914,586.132,False,False,False,False,True,False,True,False,False,False,False,True,False
1111,6.52,11.28,25.24,171.76,134.58,7.58,2730.84,1.95,1.48,0.81,5,6.25,3,6.805071315372425,262.43100000000004,True,False,False,False,False,False,True,False,False,False,True,False,False
4369,5.4,47.26,18.81,1079.01,56.06,14.24,2335.45,1.94,0.89,1.25,5,5.06,3,57.36363636363637,108.7564,False,False,False,False,True,False,False,True,False,False,False,True,False
3489,8.36,15.3,17.96,949.58,217.04,11.19,1116.82,2.35,1.26,1.02,1,6.45,11,52.871937639198215,510.044,True,False,False,False,False,False,False,False,True,False,False,True,False
1287,6.87,31.92,34.4,115.74,264.02,3.01,1094.61,1.95,1.31,0.89,2,5.66,7,3.36453488372093,514.8389999999999,True,False,False,False,False,False,False,False,True,False,False,False,True
4745,5.79,45.14,19.84,780.84,252.77,12.05,2189.84,0.97,1.36,1.74,4,6.84,3,39.35685483870968,245.1869,False,False,False,False,True,False,True,False,False,False,False,True,False
4463,8.17,20.2,26.07,412.56,163.13,12.69,1021.24,2.16,0.37,0.57,6,5.6,7,15.825086306098964,352.36080000000004,False,False,False,True,False,False,False,True,False,False,False,False,True
4161,7.17,29.67,19.38,430.69,82.85,10.21,1815.2,2.71,0.22,1.5,3,4.44,1,22.2234262125903,224.52349999999998,False,False,True,False,False,False,True,False,False,False,True,False,False
3933,7.63,27.32,27.04,881.78,60.58,5.8,1581.55,1.02,0.71,1.62,4,4.8,6,32.610207100591715,61.7916,False,False,False,False,True,False,True,False,False,False,True,False,False
3300,6.7,20.1,23.82,562.14,279.92,13.15,1557.8,2.31,0.51,0.62,2,7.06,8,23.599496221662466,646.6152000000001,False,False,False,False,True,False,False,False,True,False,False,False,True
3310,4.59,29.83,18.59,614.33,214.58,9.1,2261.05,1.39,0.95,1.11,5,6.99,5,33.04626143087682,298.26619999999997,False,False,False,True,False,False,False,False,True,False,False,False,True
4378,4.88,46.98,32.35,275.08,156.68,6.3,2920.06,2.2,0.69,1.12,1,6.4,8,8.503245749613601,344.696,True,False,False,False,False,False,True,False,False,False,True,False,False
3125,6.07,17.66,10.54,135.46,191.85,7.61,2320.84,1.97,1.05,1.17,5,6.49,8,12.851992409867174,377.9445,False,True,False,False,False,False,False,False,True,False,False,False,True
327,8.17,35.0,21.97,1168.64,246.0,9.43,1321.04,1.0,0.87,0.7,3,6.19,7,53.19253527537552,246.0,False,False,False,False,True,False,False,False,True,False,True,False,False
1790,4.53,43.66,28.9,272.34,200.15,7.95,2429.26,0.83,1.08,1.96,1,6.55,8,9.423529411764706,166.12449999999998,False,True,False,False,False,False,False,False,False,True,True,False,False
2490,5.69,18.64,19.05,424.49,211.58,6.47,2938.33,2.05,0.4,0.79,1,6.93,9,22.282939632545933,433.739,False,False,True,False,False,False,True,False,False,False,True,False,False
2006,5.34,46.34,31.92,252.86,179.69,13.33,1783.93,1.23,0.91,0.81,5,5.18,4,7.921679197994988,221.0187,False,False,False,False,True,False,False,False,False,True,False,False,True
2007,7.26,12.16,22.14,1141.1,202.34,0.42,1828.82,0.89,1.5,1.4,3,7.76,6,51.54019873532068,180.0826,True,False,False,False,False,False,False,False,True,False,False,False,True
1858,5.64,15.21,12.58,1163.04,265.97,3.67,1131.2,2.35,1.13,1.27,2,7.57,11,92.45151033386327,625.0295000000001,False,False,False,False,True,False,False,False,True,False,False,False,True
4502,4.77,30.7,21.46,233.77,274.74,7.4,1677.19,2.63,0.45,1.43,2,6.8,3,10.893289841565704,722.5662,True,False,False,False,False,False,False,False,True,False,True,False,False
312,5.32,26.97,13.04,725.2,58.33,12.63,1930.13,0.64,0.26,0.76,3,3.93,9,55.613496932515346,37.3312,False,False,True,False,False,False,True,False,False,False,True,False,False
832,7.29,47.11,19.79,730.66,224.34,13.63,2574.95,0.63,0.41,0.98,3,7.32,11,36.92066700353714,141.3342,True,False,False,False,False,False,False,False,False,True,False,True,False
3079,8.0,39.66,28.28,728.13,121.85,8.55,2696.02,2.69,0.52,0.9,2,6.08,8,25.747171145685996,327.7765,True,False,False,False,False,False,False,False,False,True,False,False,True
4534,7.18,21.86,22.28,822.0,244.7,0.48,2953.95,1.79,1.15,1.39,1,7.08,12,36.89407540394973,438.013,False,False,True,False,False,False,True,False,False,False,False,True,False
3462,5.03,33.6,13.07,1173.22,197.44,11.83,2949.55,2.28,0.33,0.57,6,6.61,4,89.76434583014537,450.16319999999996,False,False,True,False,False,False,False,False,False,True,False,False,True
1201,6.58,26.42,29.07,1061.7,192.71,13.61,2871.13,1.69,0.48,1.58,5,7.83,10,36.52218782249742,325.6799,False,False,True,False,False,True,False,False,False,False,True,False,False
4217,5.94,48.33,16.3,423.12,228.46,10.02,1521.22,2.78,0.48,1.48,6,6.65,1,25.958282208588955,635.1188,False,False,True,False,False,False,False,False,False,True,False,False,True
3547,7.01,25.42,12.71,1103.81,119.1,1.9,1116.45,1.24,0.65,1.31,5,5.87,7,86.84579071597166,147.684,False,False,False,False,True,False,True,False,False,False,False,False,True
4300,7.5,47.26,20.27,163.13,275.37,0.0,2998.17,1.18,0.85,1.22,2,8.59,2,8.047853971386285,324.9366,False,False,False,False,True,True,False,False,False,False,True,False,False
2134,6.3,11.34,20.54,888.93,210.49,7.53,2082.55,1.92,0.67,1.97,1,6.1,2,43.27799415774099,404.1408,False,False,True,False,False,False,False,False,False,True,True,False,False
3451,7.24,15.07,23.93,910.73,171.3,0.61,1565.28,1.31,0.7,1.26,4,5.77,5,38.05808608441287,224.40300000000002,False,False,False,True,False,False,True,False,False,False,False,True,False
2209,6.76,10.04,13.79,279.12,97.27,6.67,2277.19,0.81,0.62,0.69,4,4.71,6,20.24075416968818,78.7887,False,False,False,False,True,False,False,True,False,False,False,True,False
1901,7.52,40.2,32.03,849.85,258.51,2.37,1273.56,2.31,1.45,1.27,4,6.96,6,26.532937870746174,597.1581,False,False,False,True,False,True,False,False,False,False,True,False,False
1481,6.54,28.82,28.86,1182.74,270.69,9.7,2093.0,0.93,0.53,0.52,5,6.15,11,40.98198198198198,251.7417,False,True,False,False,False,True,False,False,False,False,False,True,False
777,8.17,21.92,23.16,237.53,168.79,11.27,2389.89,3.0,0.25,1.92,1,5.72,2,10.256044905008636,506.37,False,True,False,False,False,False,False,True,False,False,True,False,False
799,7.44,15.88,17.31,531.23,152.87,3.51,1623.77,2.59,0.99,1.99,5,6.35,5,30.6891969959561,395.9333,False,False,True,False,False,False,False,True,False,False,False,True,False
54,8.43,12.07,27.67,260.28,76.17,8.48,1659.03,1.96,0.4,0.74,3,3.62,5,9.406577520780628,149.2932,False,False,False,False,True,False,False,False,True,False,False,True,False
2972,8.45,30.39,30.15,877.02,199.37,8.42,1529.77,0.59,0.28,0.95,4,6.94,1,29.08855721393035,117.6283,False,False,True,False,False,False,False,True,False,False,False,False,True
3335,5.19,33.09,14.7,1198.84,79.0,4.6,1464.16,1.42,0.84,1.56,5,5.29,6,81.55374149659863,112.17999999999999,False,True,False,False,False,False,False,False,False,True,False,False,True
1920,4.76,26.15,24.5,927.42,163.26,8.95,1094.37,1.76,0.51,1.3,6,5.6,3,37.8538775510204,287.3376,False,False,False,True,False,False,True,False,False,False,False,True,False
4464,7.88,31.28,27.55,792.14,152.61,14.73,2490.68,0.68,0.69,0.75,3,6.75,10,28.752813067150633,103.77480000000001,True,False,False,False,False,False,True,False,False,False,True,False,False
4065,6.08,29.18,34.39,469.97,235.29,0.6,2096.99,0.86,1.43,1.29,4,6.53,7,13.665891247455656,202.3494,False,True,False,False,False,False,False,True,False,False,True,False,False
1701,5.44,37.12,28.57,713.52,105.02,1.91,1257.34,2.61,0.56,1.04,1,6.29,6,24.974448722436122,274.1022,False,False,False,False,True,False,True,False,False,False,False,True,False
3293,7.56,18.27,18.81,398.82,166.19,3.19,1940.13,2.34,0.66,1.9,2,7.32,5,21.202551834130784,388.8846,False,False,True,False,False,False,False,True,False,False,True,False,False
2161,7.49,29.88,34.77,458.18,213.31,13.28,2329.79,2.13,0.93,0.82,6,5.84,3,13.177451826287028,454.3503,False,False,True,False,False,False,True,False,False,False,False,False,True
1136,7.36,37.85,10.55,650.86,163.13,4.05,2547.29,2.21,1.3,1.29,4,6.96,9,61.69289099526066,360.5173,False,False,False,False,True,False,True,False,False,False,True,False,False
987,6.52,35.16,19.28,1148.54,139.63,1.64,1017.24,2.77,0.27,0.89,6,6.98,9,59.571576763485474,386.7751,False,True,False,False,False,False,True,False,False,False,True,False,False
2549,7.2,11.35,23.37,610.92,144.93,7.24,2323.26,1.29,0.26,1.51,4,5.86,1,26.141206675224645,186.95970000000003,False,False,False,False,True,False,False,True,False,False,True,False,False
4062,7.94,33.84,11.77,976.2,292.32,1.38,1904.65,1.01,0.24,1.53,3,8.18,6,82.93967714528463,295.2432,False,False,False,True,False,True,False,False,False,False,False,True,False
3057,5.74,20.4,14.47,179.18,276.98,9.23,1558.46,1.93,0.8,1.61,4,7.04,4,12.382861091914306,534.5714,False,False,False,False,True,False,False,True,False,False,True,False,False
3246,7.86,38.09,20.0,616.54,237.4,4.12,1903.65,2.83,1.35,1.23,2,8.16,1,30.826999999999998,671.842,False,True,False,False,False,False,True,False,False,False,False,False,True
1394,8.26,47.8,13.63,271.32,197.74,12.32,1386.07,2.23,0.43,1.76,2,6.03,12,19.90608950843727,440.96020000000004,False,False,False,False,True,False,True,False,False,False,True,False,False
2637,8.06,38.59,29.82,599.12,292.66,1.84,1210.59,1.06,0.22,1.08,1,7.43,6,20.09121395036888,310.2196,False,False,False,False,True,False,False,False,False,True,True,False,False
768,7.45,23.52,26.75,1104.42,291.84,10.6,1322.2,2.38,1.37,1.04,3,7.5,12,41.28672897196262,694.5791999999999,True,False,False,False,False,True,False,False,False,False,False,False,True
4519,7.63,22.78,22.99,742.42,263.23,9.71,2043.87,1.76,0.43,1.45,2,6.91,2,32.29317094388865,463.2848,False,False,False,True,False,False,False,True,False,False,True,False,False
3090,6.52,48.94,31.06,462.69,115.76,4.84,2784.74,2.32,0.58,1.29,3,6.19,7,14.896651641983258,268.5632,True,False,False,False,False,False,False,False,False,True,False,False,True
3495,6.35,25.85,11.11,808.98,252.13,0.8,2994.03,0.57,0.24,1.39,6,7.46,4,72.81548154815482,143.71409999999997,True,False,False,False,False,False,False,False,True,False,False,False,True
3215,8.33,11.48,24.26,661.34,116.97,2.78,1500.62,0.77,0.78,1.64,4,5.03,8,27.260511129431162,90.0669,False,False,False,False,True,False,False,False,True,False,False,True,False
285,4.75,32.4,16.41,553.25,89.85,2.89,1082.95,2.28,0.78,1.1,1,5.3,3,33.714198659354054,204.85799999999998,False,False,False,True,False,False,False,False,True,False,False,True,False
4739,5.1,21.49,20.48,920.36,224.57,8.14,2405.27,1.83,1.31,1.07,4,5.45,7,44.939453125,410.9631,False,False,True,False,False,True,False,False,False,False,False,False,True
428,5.43,34.38,25.67,1000.41,224.9,14.36,1752.42,2.03,1.01,1.46,5,6.46,11,38.971951694585115,456.54699999999997,False,True,False,False,False,False,False,True,False,False,False,False,True
4274,7.26,36.02,20.2,418.74,86.64,5.61,2974.45,1.95,0.91,1.24,4,5.42,8,20.72970297029703,168.948,False,True,False,False,False,False,False,False,True,False,False,False,True
2332,7.08,44.33,29.33,1022.74,209.46,0.39,1818.77,1.93,0.86,1.03,1,7.25,9,34.87009887487215,404.2578,False,True,False,False,False,False,False,False,False,True,False,True,False
2717,5.75,20.16,20.92,341.73,257.67,10.54,2188.96,0.98,1.35,0.78,4,7.32,7,16.335086042065008,252.5166,False,False,True,False,False,False,False,False,True,False,False,True,False
2079,5.47,33.49,30.27,629.24,166.64,2.26,1845.61,2.03,1.22,1.5,1,5.94,9,20.78757846052197,338.27919999999995,False,False,True,False,False,False,True,False,False,False,False,True,False
3389,4.88,21.76,13.82,903.65,181.65,4.94,2207.74,2.15,1.08,1.46,4,6.47,8,65.38712011577424,390.5475,False,True,False,False,False,False,False,False,True,False,False,True,False
722,7.35,40.91,25.88,857.46,272.11,7.79,1771.78,2.22,1.14,0.97,6,8.18,11,33.1321483771252,604.0842000000001,False,False,False,False,True,False,False,False,True,False,False,True,False
951,6.14,49.06,28.27,469.01,118.29,8.85,2293.36,2.86,0.8,1.05,2,6.04,11,16.59037849310223,338.3094,False,False,False,True,False,False,False,True,False,False,False,True,False
4193,5.38,10.76,19.39,858.75,284.95,5.23,1777.79,0.8,0.44,1.56,4,8.31,7,44.28829293450232,227.96,False,False,True,False,False,True,False,False,False,False,False,False,True
2262,7.37,17.49,22.65,827.77,69.63,5.01,2544.07,1.2,0.87,1.65,5,5.08,7,36.54613686534216,83.556,False,True,False,False,False,False,False,True,False,False,True,False,False
989,5.8,28.31,17.22,595.66,77.59,1.88,2193.44,1.6,0.35,1.89,4,5.85,4,34.59117305458769,124.144,False,False,False,True,False,False,False,False,False,True,False,True,False
3212,6.56,41.26,11.23,1192.31,205.78,11.76,1113.46,1.19,0.41,1.14,2,7.26,4,106.17186108637577,244.8782,False,False,False,False,True,False,False,False,False,True,False,False,True
1759,6.42,36.76,32.14,1103.35,140.2,8.18,2109.83,0.77,0.71,1.06,4,5.75,12,34.329495955196016,107.954,True,False,False,False,False,False,False,False,True,False,False,False,True
3822,6.17,35.84,14.42,149.48,210.29,10.17,2466.14,2.41,0.68,0.52,3,6.7,5,10.366158113730929,506.7989,False,False,True,False,False,False,False,True,False,False,False,True,False
326,7.59,47.97,21.59,1013.87,291.86,1.77,2111.89,0.65,0.85,1.6,5,7.85,12,46.9601667438629,189.709,False,False,True,False,False,False,True,False,False,False,True,False,False
2608,5.49,37.49,12.24,302.96,100.8,0.12,2327.36,2.72,0.84,1.98,2,6.31,6,24.751633986928102,274.176,False,False,False,True,False,False,True,False,False,False,False,True,False
1383,7.04,48.78,25.83,701.6,243.45,1.43,2884.73,0.86,0.66,1.69,3,7.69,6,27.162214479287652,209.367,False,False,True,False,False,False,True,False,False,False,False,True,False
1724,7.23,38.34,20.82,978.11,211.67,5.22,1432.27,0.84,0.65,0.73,2,6.55,10,46.97934678194044,177.8028,False,False,False,False,True,False,False,False,True,False,False,True,False
1086,6.13,29.77,23.67,1067.2,118.51,14.41,2513.24,1.95,0.5,1.56,5,5.87,4,45.086607520067595,231.0945,False,True,False,False,False,False,True,False,False,False,True,False,False
2523,7.47,40.63,33.43,353.46,183.5,10.32,2034.88,2.28,1.15,1.7,3,6.4,2,10.573137900089739,418.37999999999994,False,False,True,False,False,False,False,False,False,True,True,False,False
341,8.13,33.96,12.52,340.42,86.74,3.58,1960.57,2.54,0.75,1.29,3,6.19,4,27.19009584664537,220.31959999999998,False,True,False,False,False,False,False,False,False,True,False,False,True
3701,8.14,20.96,25.2,935.2,259.18,13.74,1042.42,1.75,0.71,1.86,3,7.1,3,37.111111111111114,453.565,False,False,False,False,True,True,False,False,False,False,False,True,False
147,5.26,47.69,29.79,853.73,236.34,9.35,1058.69,0.55,1.19,1.23,4,6.64,5,28.658274588788185,129.98700000000002,True,False,False,False,False,False,True,False,False,False,True,False,False
688,5.15,40.71,30.7,812.35,169.86,11.94,2765.73,1.04,1.41,1.79,3,6.19,5,26.460912052117266,176.6544,False,False,False,False,True,False,False,True,False,False,False,False,True
3432,7.37,16.62,22.92,838.68,141.95,5.46,1179.44,0.82,0.88,1.43,3,5.69,9,36.59162303664921,116.39899999999999,False,True,False,False,False,False,False,True,False,False,False,True,False
1107,5.17,37.62,26.47,649.98,211.19,0.18,1141.65,0.65,0.54,0.8,6,7.55,3,24.55534567434832,137.2735,False,False,True,False,False,False,False,True,False,False,True,False,False
848,7.28,11.9,17.59,416.96,138.56,0.55,1449.1,0.71,0.26,1.06,3,6.35,4,23.70437748720864,98.3776,False,True,False,False,False,True,False,False,False,False,True,False,False
966,5.62,10.9,18.69,237.39,196.18,12.94,1671.0,1.52,0.8,1.38,2,5.32,7,12.701444622792936,298.1936,True,False,False,False,False,False,False,True,False,False,True,False,False
4544,7.28,33.25,20.04,423.9,231.41,1.91,2718.02,1.53,1.07,0.55,4,6.99,7,21.152694610778443,354.0573,True,False,False,False,False,False,False,True,False,False,False,True,False
1492,7.1,25.37,19.54,1133.98,121.57,0.3,1140.18,2.83,0.94,1.67,1,6.83,2,58.033776867963155,344.0431,True,False,False,False,False,False,True,False,False,False,False,False,True
2203,7.92,38.86,33.01,766.89,252.82,10.22,2952.92,1.04,0.93,1.55,1,7.53,10,23.232050893668585,262.9328,False,False,False,True,False,False,False,False,True,False,False,False,True
2713,5.93,17.83,21.35,358.38,125.63,4.14,2654.18,1.66,0.69,0.79,4,5.59,3,16.785948477751756,208.54579999999999,False,False,True,False,False,False,True,False,False,False,False,False,True
661,7.32,18.58,22.46,891.29,236.31,14.16,2029.0,2.63,0.2,1.12,4,7.75,5,39.683437221727516,621.4952999999999,False,True,False,False,False,False,True,False,False,False,False,False,True
1002,6.3,45.0,34.46,423.38,196.12,11.15,2979.47,1.65,0.23,1.38,1,7.34,1,12.286128845037725,323.598,False,False,False,True,False,False,False,True,False,False,True,False,False
62,5.53,35.37,17.11,698.67,284.03,0.39,2032.27,0.99,0.96,1.91,1,8.36,11,40.834015195791935,281.18969999999996,False,False,True,False,False,False,False,True,False,False,False,False,True
284,8.01,19.92,24.04,196.64,222.6,13.83,1460.02,2.68,0.75,0.61,6,5.49,11,8.179700499168053,596.568,False,False,True,False,False,False,False,False,False,True,True,False,False
2224,6.69,10.46,29.02,1104.34,75.2,9.64,1743.03,0.99,0.34,0.78,4,4.97,12,38.05444521019986,74.44800000000001,True,False,False,False,False,False,False,True,False,False,False,True,False
4523,4.6,26.58,33.67,811.12,223.63,5.02,2597.35,0.8,1.18,0.96,6,6.68,1,24.09028809028809,178.904,False,True,False,False,False,False,False,False,True,False,True,False,False
1879,6.94,40.07,15.64,378.33,160.85,2.59,1166.81,2.57,0.55,0.92,5,6.13,3,24.189897698209716,413.38449999999995,False,False,True,False,False,False,False,False,False,True,False,True,False
3572,4.94,27.17,12.94,269.47,299.6,3.54,1865.23,1.56,0.72,1.31,3,6.16,11,20.824574961360128,467.37600000000003,False,False,True,False,False,False,False,True,False,False,False,True,False
4663,6.26,13.11,20.02,264.65,235.62,0.99,1093.81,2.06,0.75,0.59,3,7.98,10,13.219280719280718,485.3772,False,False,False,False,True,False,False,True,False,False,False,False,True
1203,7.35,11.53,32.68,866.33,97.61,10.25,1782.84,2.84,0.75,1.91,2,5.4,7,26.50948592411261,277.2124,False,False,True,False,False,True,False,False,False,False,True,False,False
1990,6.09,13.14,12.74,250.61,149.43,10.9,2488.22,2.17,0.98,1.25,5,5.65,1,19.671114599686028,324.2631,True,False,False,False,False,False,False,False,False,True,False,False,True
24,5.33,32.65,16.63,579.53,139.31,11.89,1086.63,2.5,1.46,1.81,1,6.71,12,34.84846662657847,348.275,False,True,False,False,False,False,False,False,True,False,True,False,False
4660,6.32,47.13,12.09,690.49,235.86,9.22,1397.66,1.23,0.87,1.22,3,7.88,10,57.11248966087676,290.1078,False,False,False,False,True,False,False,True,False,False,False,False,True
3815,8.07,17.2,18.66,1072.51,104.52,12.28,1029.3,1.88,0.99,1.43,5,6.06,8,57.47642015005359,196.49759999999998,False,False,False,True,False,False,False,True,False,False,False,False,True
3931,5.54,46.87,24.99,122.18,179.39,7.08,2405.09,2.41,0.92,0.78,4,6.33,12,4.889155662264907,432.3299,False,True,False,False,False,True,False,False,False,False,False,True,False
762,5.34,27.76,20.0,1174.55,277.96,8.84,2026.35,2.71,1.41,1.43,4,7.75,8,58.7275,753.2715999999999,False,False,False,False,True,False,False,True,False,False,False,True,False
875,7.8,40.07,13.7,336.11,104.14,13.7,1641.16,0.68,0.43,1.64,5,5.3,12,24.53357664233577,70.8152,False,True,False,False,False,False,True,False,False,False,True,False,False
4556,4.51,41.08,23.6,1192.01,266.21,10.57,1850.95,1.24,0.96,1.92,2,7.72,11,50.50889830508474,330.1004,False,False,True,False,False,False,False,False,True,False,False,True,False
938,7.91,30.87,13.36,1037.28,242.57,14.89,1511.66,2.84,1.28,1.6,3,6.58,4,77.64071856287426,688.8987999999999,False,False,False,True,False,True,False,False,False,False,False,False,True
2687,7.94,48.56,18.17,1190.52,160.22,4.72,1253.85,1.71,0.46,1.33,3,6.34,3,65.52118877270225,273.9762,False,False,True,False,False,False,False,False,False,True,True,False,False
3600,8.4,47.68,17.39,565.08,108.65,9.69,1287.9,2.98,1.25,0.78,1,5.07,8,32.494537090281774,323.777,False,False,True,False,False,False,False,False,False,True,False,True,False
2394,8.45,23.79,23.7,883.7,147.34,5.69,1850.43,1.6,0.75,1.97,4,5.53,11,37.286919831223635,235.74400000000003,False,False,False,True,False,True,False,False,False,False,False,True,False
4631,5.74,31.74,25.24,173.89,171.26,2.12,1912.82,1.85,1.43,0.71,6,6.68,6,6.8894611727416795,316.831,False,False,True,False,False,False,True,False,False,False,False,True,False
4781,7.18,19.56,19.04,810.74,177.58,2.37,1235.28,2.9,0.35,1.11,2,6.72,10,42.58088235294118,514.982,False,False,False,False,True,False,False,True,False,False,False,True,False
3852,7.72,31.11,17.16,757.45,171.8,0.34,2102.32,2.54,0.99,1.15,4,6.99,12,44.14044289044289,436.372,False,False,False,False,True,False,True,False,False,False,False,False,True
385,6.63,32.89,31.86,402.58,89.62,14.76,2550.8,1.68,0.89,1.19,1,4.83,11,12.635907093534211,150.5616,False,True,False,False,False,True,False,False,False,False,True,False,False
4197,6.09,29.06,19.97,136.68,233.12,3.06,1944.36,0.82,0.85,1.56,6,6.76,3,6.8442663995994,191.1584,False,False,False,True,False,False,False,True,False,False,False,False,True
4391,6.28,41.01,11.0,1132.98,52.05,10.6,2015.25,0.79,1.03,0.61,2,3.93,11,102.99818181818182,41.1195,False,True,False,False,False,False,False,False,True,False,False,False,True
536,7.33,25.26,23.63,332.61,288.51,9.94,2240.18,2.3,0.99,0.52,3,6.62,3,14.075751163774864,663.573,False,True,False,False,False,False,False,True,False,False,False,True,False
2291,5.02,34.35,27.74,1013.27,66.48,13.56,1877.88,2.39,1.01,0.61,3,4.02,10,36.52739726027397,158.8872,True,False,False,False,False,False,False,False,False,True,False,False,True
3949,7.17,10.01,28.23,304.29,68.5,12.92,1811.02,2.97,0.73,1.32,1,4.18,5,10.778958554729012,203.44500000000002,True,False,False,False,False,False,False,True,False,False,True,False,False
936,7.1,37.44,29.06,986.31,207.21,2.44,1221.65,2.23,0.42,1.71,3,7.37,6,33.940467997247076,462.0783,False,False,False,False,True,False,False,False,False,True,False,True,False
3737,7.41,43.7,18.6,827.47,133.69,3.95,2030.9,1.96,1.02,1.07,5,7.18,10,44.48763440860215,262.0324,False,True,False,False,False,True,False,False,False,False,True,False,False
4460,7.16,40.99,27.72,479.03,166.45,7.07,1437.93,1.22,1.37,0.84,4,6.57,8,17.28102453102453,203.069,True,False,False,False,False,False,False,False,False,True,False,False,True
2360,6.08,47.87,27.93,916.16,120.72,4.81,1539.14,0.79,1.39,1.55,4,6.02,4,32.802005012531325,95.36880000000001,False,False,True,False,False,False,False,False,False,True,False,False,True
3507,5.36,19.01,34.76,376.39,90.62,10.7,2888.6,2.86,0.61,1.44,4,5.7,12,10.82825086306099,259.1732,False,False,True,False,False,False,False,False,False,True,False,False,True
201,5.78,30.21,19.55,978.14,166.46,13.34,2486.77,1.02,1.29,0.95,4,6.12,10,50.03273657289002,169.78920000000002,True,False,False,False,False,False,True,False,False,False,False,True,False
3208,6.4,12.33,28.0,432.7,204.3,4.94,1152.34,1.81,0.54,1.73,5,6.53,10,15.453571428571427,369.783,False,False,False,True,False,False,False,False,False,True,False,True,False
1332,7.43,44.8,32.25,541.35,54.82,5.6,1529.25,0.98,0.95,1.23,1,4.94,5,16.78604651162791,53.7236,False,False,True,False,False,True,False,False,False,False,False,False,True
3016,6.61,11.57,14.94,106.2,81.74,9.6,2494.82,2.59,1.01,1.32,6,2.87,4,7.1084337349397595,211.70659999999998,False,True,False,False,False,True,False,False,False,False,False,True,False
3502,8.01,29.03,30.68,265.72,151.12,4.04,1751.83,2.91,0.83,0.58,5,5.99,8,8.661016949152543,439.7592,False,False,False,True,False,False,False,True,False,False,False,True,False
2708,7.0,47.98,21.15,595.51,120.87,14.16,1007.57,1.08,1.27,0.85,4,5.53,9,28.1565011820331,130.5396,False,False,False,False,True,False,False,False,True,False,False,True,False
1934,5.41,18.59,23.01,355.18,227.66,9.09,1084.46,1.22,0.28,0.57,1,8.6,12,15.435897435897434,277.7452,False,False,False,True,False,False,False,False,True,False,True,False,False
935,6.27,21.63,28.12,495.19,219.4,8.5,1577.67,1.68,1.06,0.58,6,6.72,12,17.609886201991465,368.592,False,False,True,False,False,True,False,False,False,False,False,False,True
2418,7.77,27.9,18.85,412.5,200.76,4.91,2580.96,2.96,1.16,1.2,6,7.21,11,21.883289124668433,594.2496,False,False,True,False,False,False,False,False,True,False,True,False,False
566,5.32,39.31,18.68,616.37,75.09,8.03,2035.64,1.82,1.43,1.55,5,5.3,9,32.99625267665953,136.6638,True,False,False,False,False,False,True,False,False,False,True,False,False
1854,7.62,31.0,31.03,744.53,230.14,12.81,1876.35,1.97,1.41,1.73,6,7.01,4,23.993876893329034,453.37579999999997,False,False,True,False,False,False,True,False,False,False,True,False,False
4294,6.79,24.95,10.11,941.1,236.47,8.0,1597.82,1.52,0.27,1.45,2,7.4,6,93.08605341246292,359.4344,False,False,False,True,False,False,False,False,False,True,False,True,False
2872,7.17,29.89,10.67,182.15,251.09,5.02,2138.4,1.51,0.6,0.67,4,7.62,7,17.071227741330834,379.1459,False,False,False,False,True,False,True,False,False,False,False,True,False
3030,7.61,29.85,13.85,621.87,155.03,13.28,2863.44,2.64,1.05,0.91,6,5.2,9,44.90036101083032,409.2792,False,False,False,False,True,False,False,False,False,True,True,False,False
1205,8.35,19.34,12.33,1011.85,260.91,3.02,1103.74,0.89,0.53,1.73,2,7.45,4,82.06407137064072,232.20990000000003,False,False,True,False,False,False,False,False,True,False,False,True,False
2467,5.69,41.4,22.35,758.22,71.84,2.73,2378.02,2.09,0.27,0.84,4,4.93,8,33.9248322147651,150.1456,False,False,False,False,True,False,False,False,True,False,False,False,True
1645,5.39,40.25,16.81,575.13,291.39,0.67,2680.72,2.79,1.11,1.35,2,8.64,8,34.21356335514575,812.9780999999999,False,True,False,False,False,False,False,False,False,True,True,False,False
3417,6.01,10.82,21.61,528.35,150.96,13.72,1060.66,2.79,0.58,1.81,4,5.94,8,24.449329014345214,421.1784,False,False,False,True,False,False,False,False,False,True,False,False,True
3476,5.91,27.38,23.06,125.24,149.67,3.41,1444.11,2.23,1.27,0.53,4,6.52,4,5.431049436253253,333.7641,False,True,False,False,False,False,False,False,True,False,False,False,True
4013,7.01,21.22,27.66,493.11,122.78,2.03,1414.61,1.6,1.15,0.99,3,5.96,11,17.827548806941433,196.448,True,False,False,False,False,False,False,True,False,False,False,False,True
2861,5.87,34.89,28.23,456.2,77.18,10.77,1465.23,2.29,0.53,1.73,2,4.44,10,16.160113354587317,176.74220000000003,False,False,False,False,True,True,False,False,False,False,False,True,False
1792,5.42,20.41,34.21,398.97,134.29,11.53,2631.94,2.24,1.36,1.92,4,5.21,7,11.662379421221866,300.8096,True,False,False,False,False,True,False,False,False,False,False,True,False
1430,8.09,25.12,26.57,1015.3,53.16,13.61,1948.69,1.2,1.08,1.03,2,4.49,8,38.21226947685359,63.791999999999994,False,False,True,False,False,False,True,False,False,False,False,True,False
2826,8.13,32.88,18.56,718.45,177.13,12.96,2777.15,2.59,0.24,0.57,4,5.73,10,38.70959051724139,458.76669999999996,False,False,True,False,False,True,False,False,False,False,False,False,True
3797,7.13,33.02,21.79,733.35,237.13,11.64,1001.38,0.93,1.11,1.76,4,6.63,7,33.65534648921524,220.5309,False,True,False,False,False,True,False,False,False,False,False,True,False
3368,7.13,10.47,34.91,152.81,117.09,5.13,1232.27,1.45,0.43,1.29,3,4.71,12,4.377255800630192,169.7805,False,False,False,False,True,False,False,False,False,True,True,False,False
3367,7.89,45.76,11.58,277.33,232.47,10.92,2939.47,0.66,1.19,1.82,6,6.87,8,23.949050086355783,153.4302,False,True,False,False,False,False,False,True,False,False,True,False,False
3533,8.28,32.63,34.74,1151.27,139.8,9.65,1382.77,0.81,0.37,1.22,3,6.16,4,33.139608520437534,113.23800000000001,True,False,False,False,False,False,False,False,True,False,True,False,False
3100,5.92,29.82,12.8,431.13,205.8,3.34,2903.24,2.53,0.65,0.51,5,6.64,10,33.682031249999994,520.674,True,False,False,False,False,False,True,False,False,False,False,True,False
50,5.23,40.96,15.25,1021.36,73.38,6.67,2217.14,0.65,0.29,1.53,2,5.81,10,66.9744262295082,47.696999999999996,False,False,False,False,True,True,False,False,False,False,False,True,False
1013,5.93,12.0,18.21,573.73,211.97,0.63,2849.63,2.77,1.27,0.89,3,7.01,4,31.506315211422294,587.1569,False,False,False,False,True,False,False,False,False,True,False,True,False
1928,7.05,10.52,17.03,119.4,286.95,2.65,1267.71,1.55,0.3,0.55,2,6.16,12,7.011156782149149,444.7725,False,False,False,True,False,False,True,False,False,False,False,False,True
3449,7.55,26.26,19.91,813.33,235.23,14.3,2430.21,2.93,1.1,0.56,1,7.72,12,40.850326469111,689.2239,False,False,False,True,False,False,False,False,True,False,True,False,False
603,7.15,40.35,12.39,841.38,146.47,9.53,2044.5,2.78,0.41,0.87,1,5.85,11,67.90799031476998,407.18659999999994,False,False,False,True,False,False,False,True,False,False,False,True,False
3056,7.25,43.41,18.23,631.41,282.57,14.42,1900.33,2.45,1.25,1.44,1,7.45,8,34.63576522216127,692.2965,False,False,False,True,False,False,True,False,False,False,False,False,True
4189,7.52,26.42,11.81,108.86,183.74,6.21,1262.55,1.57,0.44,0.58,3,6.24,3,9.21761219305673,288.47180000000003,False,False,False,False,True,True,False,False,False,False,False,False,True
126,7.19,44.88,22.28,110.99,179.14,13.99,2344.78,0.8,0.8,0.94,6,5.66,1,4.981597845601436,143.31199999999998,False,False,True,False,False,False,False,False,False,True,False,True,False
3959,5.88,37.15,17.85,746.5,80.91,7.86,1150.98,1.36,0.92,1.05,2,6.13,5,41.82072829131652,110.0376,False,True,False,False,False,False,False,False,False,True,False,True,False
2935,6.89,22.42,21.74,159.44,171.31,7.32,1715.59,1.36,0.43,0.7,1,4.57,7,7.333946642134315,232.98160000000001,True,False,False,False,False,True,False,False,False,False,True,False,False
3204,6.88,19.03,11.36,178.06,251.58,1.15,2711.13,2.66,1.33,0.51,4,6.39,1,15.674295774647888,669.2028,True,False,False,False,False,False,False,False,True,False,True,False,False
1347,6.19,47.54,13.8,295.87,108.18,11.68,1309.64,2.92,0.78,0.63,2,4.68,4,21.439855072463768,315.8856,False,False,False,True,False,False,True,False,False,False,False,False,True
3055,7.9,49.19,10.65,322.0,126.56,1.0,2798.18,1.27,1.09,1.31,3,6.22,1,30.234741784037556,160.7312,False,True,False,False,False,True,False,False,False,False,False,False,True
355,8.25,18.0,16.91,572.75,240.51,11.03,2216.88,0.76,0.37,0.99,1,7.12,12,33.87049083382614,182.7876,False,True,False,False,False,True,False,False,False,False,False,True,False
4475,5.46,24.43,30.75,425.3,153.98,9.17,1555.67,0.63,1.48,0.67,3,5.64,12,13.83089430894309,97.00739999999999,False,False,False,False,True,False,False,False,True,False,True,False,False
3531,7.42,45.55,25.7,389.92,72.11,4.2,2524.02,0.56,0.73,1.69,4,6.46,4,15.171984435797667,40.381600000000006,True,False,False,False,False,True,False,False,False,False,True,False,False
2730,8.02,26.48,29.73,691.91,88.35,4.75,2588.66,1.92,0.43,1.53,5,5.39,2,23.273124789774638,169.63199999999998,False,False,False,True,False,False,False,False,False,True,True,False,False
827,5.28,30.15,17.04,467.35,56.11,11.55,1213.36,2.78,0.52,1.57,3,4.11,11,27.426643192488264,155.98579999999998,False,False,False,True,False,False,False,True,False,False,True,False,False
1639,7.97,36.63,18.21,836.78,205.2,3.76,2119.09,1.37,0.65,0.57,2,6.43,2,45.951674903898954,281.124,False,True,False,False,False,False,True,False,False,False,False,False,True
3694,4.74,49.94,21.88,1065.21,50.51,1.63,2112.98,1.49,0.75,1.88,6,6.18,4,48.68418647166362,75.2599,False,True,False,False,False,False,False,False,False,True,True,False,False
3040,7.28,31.75,20.82,864.84,223.32,1.6,2366.77,2.21,0.92,0.75,5,7.29,6,41.538904899135446,493.5372,False,False,True,False,False,True,False,False,False,False,False,False,True
984,7.79,44.17,19.96,168.97,64.72,8.91,1961.08,1.97,0.52,1.14,4,4.23,3,8.465430861723446,127.49839999999999,True,False,False,False,False,False,True,False,False,False,False,True,False
3281,5.95,36.69,34.79,122.92,217.12,12.05,1913.65,2.96,0.97,1.21,4,7.47,9,3.533199195171026,642.6752,False,True,False,False,False,False,False,True,False,False,False,False,True
4772,6.59,34.27,27.89,1046.65,132.86,9.91,2227.03,0.58,0.8,0.81,1,5.54,2,37.527787737540336,77.0588,False,False,True,False,False,False,False,False,True,False,False,False,True
4033,7.76,13.02,11.01,711.79,58.31,3.87,1763.75,1.6,0.92,2.0,5,5.32,10,64.64940962761126,93.296,False,False,False,True,False,True,False,False,False,False,True,False,False
2188,4.71,26.42,15.42,840.26,72.65,11.74,1349.77,2.97,1.07,1.53,6,5.8,1,54.49156939040208,215.77050000000003,False,False,False,False,True,False,False,True,False,False,False,False,True
4432,5.46,13.74,34.11,410.5,96.85,11.3,1751.43,1.41,1.46,1.06,3,3.84,6,12.034593960715332,136.55849999999998,False,True,False,False,False,False,False,False,False,True,True,False,False
2443,8.12,17.45,31.39,1075.69,256.83,14.22,1141.65,2.54,1.14,1.83,3,7.15,1,34.26855686524371,652.3482,False,False,False,False,True,True,False,False,False,False,False,True,False
362,5.31,44.56,24.11,1197.88,97.12,10.24,1741.6,1.98,0.3,1.35,4,6.04,8,49.68394856905849,192.29760000000002,True,False,False,False,False,False,False,False,False,True,False,False,True
2349,7.82,32.51,12.01,930.08,139.33,1.36,2615.41,1.82,0.34,0.88,1,6.57,12,77.44213155703581,253.58060000000003,True,False,False,False,False,True,False,False,False,False,False,False,True
345,5.77,16.19,16.79,858.27,234.34,2.58,2890.09,0.8,0.23,1.68,2,8.33,8,51.11792733770101,187.472,True,False,False,False,False,False,False,False,True,False,True,False,False
3896,4.6,28.0,10.79,558.52,178.28,3.21,2813.68,0.87,0.52,1.67,2,7.43,7,51.76274328081557,155.1036,False,True,False,False,False,True,False,False,False,False,False,False,True
4428,8.44,17.49,24.9,450.82,240.33,12.13,2001.27,2.36,0.3,1.18,6,6.56,3,18.105220883534137,567.1788,False,False,False,True,False,False,False,False,True,False,False,False,True
711,6.7,21.47,11.69,805.27,96.17,9.41,1850.94,2.43,1.4,0.67,6,3.96,7,68.88537211291703,233.69310000000002,False,False,True,False,False,True,False,False,False,False,False,False,True
3205,6.45,38.53,34.44,420.74,160.96,13.69,1325.44,2.18,0.9,1.05,5,5.34,10,12.216608594657377,350.8928,False,False,False,True,False,True,False,False,False,False,False,True,False
3917,6.24,10.45,17.44,204.38,60.9,5.73,2008.17,0.87,0.65,1.95,3,4.14,12,11.719036697247706,52.983,False,True,False,False,False,True,False,False,False,False,True,False,False
4605,7.38,32.59,10.62,602.59,205.55,8.69,1841.92,2.51,0.48,1.81,6,6.17,3,56.74105461393598,515.9304999999999,False,False,False,False,True,False,False,True,False,False,False,False,True
3902,7.8,12.6,34.67,368.36,265.21,5.51,1946.99,1.92,1.34,0.92,6,7.35,9,10.624747620421113,509.2031999999999,False,False,True,False,False,False,False,False,False,True,False,True,False
3325,8.26,21.25,32.86,790.86,198.76,8.97,2889.63,1.27,0.67,0.99,2,5.81,10,24.067559342665856,252.4252,False,False,False,False,True,False,False,False,False,True,False,False,True
10,7.87,15.45,23.11,1150.23,278.64,3.04,2885.96,1.66,0.86,1.52,1,7.06,2,49.77196019039377,462.54239999999993,True,False,False,False,False,False,False,False,False,True,True,False,False
1683,7.36,31.6,32.58,806.9,298.84,6.78,2571.87,0.84,0.53,1.08,2,8.02,4,24.766728054020874,251.02559999999997,False,False,True,False,False,False,False,False,False,True,False,False,True
2116,6.81,45.0,31.24,379.83,256.73,1.85,2679.88,0.76,1.06,1.62,6,7.62,8,12.158450704225352,195.1148,False,False,False,True,False,False,False,False,True,False,False,True,False
4549,6.77,21.03,21.34,389.79,207.16,9.57,1130.82,1.09,0.46,1.72,6,6.19,4,18.26569821930647,225.80440000000002,False,False,False,False,True,True,False,False,False,False,True,False,False
1834,6.12,30.51,18.35,474.97,129.63,12.33,2975.29,1.87,0.72,0.96,2,4.76,12,25.88392370572207,242.40810000000002,False,False,False,False,True,False,False,False,False,True,False,True,False
793,5.44,16.57,22.68,1175.69,80.86,12.12,1564.68,1.32,1.4,1.54,2,4.01,3,51.83818342151676,106.7352,False,False,False,True,False,False,False,False,True,False,True,False,False
3363,6.91,38.52,24.33,455.66,101.7,3.91,2568.46,2.42,1.13,1.42,4,6.31,7,18.72831894780107,246.114,False,True,False,False,False,False,True,False,False,False,True,False,False
4747,8.32,13.79,11.32,494.24,167.08,5.19,2289.97,0.78,0.44,1.52,3,6.34,11,43.66077738515901,130.32240000000002,False,False,False,True,False,False,False,True,False,False,False,True,False
2802,7.54,28.28,20.22,486.25,51.42,10.34,1080.4,1.87,1.14,0.62,3,3.32,5,24.047972304648862,96.15540000000001,False,False,False,False,True,False,False,False,False,True,False,True,False
2674,5.86,26.56,26.02,1186.1,219.62,3.76,1108.82,2.1,1.24,1.88,2,8.36,5,45.584166026133744,461.20200000000006,False,False,True,False,False,False,False,False,False,True,True,False,False
94,7.79,10.89,25.91,761.24,73.8,3.62,2981.94,1.15,0.67,1.05,2,5.65,11,29.380162099575454,84.86999999999999,False,False,False,True,False,False,False,True,False,False,False,False,True
3912,7.88,13.51,22.04,1172.63,200.81,14.22,1362.39,0.8,1.46,1.67,4,6.12,1,53.20462794918331,160.64800000000002,False,False,False,True,False,False,False,False,False,True,False,False,True
129,6.05,34.39,16.1,1084.9,157.5,5.18,2167.28,1.65,0.76,1.54,1,7.04,11,67.38509316770187,259.875,False,True,False,False,False,False,False,True,False,False,False,False,True
3756,7.43,17.42,29.67,439.13,150.08,12.47,2479.24,0.91,0.31,0.97,3,5.95,9,14.800471857094708,136.57280000000003,True,False,False,False,False,True,False,False,False,False,True,False,False
2891,7.0,38.39,14.85,393.11,194.13,10.31,2154.85,0.67,0.67,1.56,1,6.14,7,26.472053872053873,130.0671,False,False,False,False,True,False,False,True,False,False,True,False,False
2371,4.66,26.07,27.73,768.17,181.87,7.94,1548.27,0.95,1.1,1.47,5,6.02,2,27.701767039307608,172.7765,False,False,True,False,False,False,False,False,True,False,False,True,False
2094,6.59,37.47,11.78,692.1,268.52,1.17,2200.72,2.32,1.12,1.43,3,7.75,8,58.752122241086596,622.9663999999999,False,False,False,False,True,True,False,False,False,False,True,False,False
3889,6.17,41.14,34.35,592.74,117.34,8.76,2451.62,0.74,0.83,1.1,3,5.5,2,17.25589519650655,86.8316,True,False,False,False,False,False,False,True,False,False,False,False,True
3332,5.84,14.33,24.6,161.14,176.97,2.7,1214.91,0.57,0.79,1.58,3,5.95,8,6.55040650406504,100.87289999999999,False,False,False,False,True,False,True,False,False,False,False,True,False
4258,5.3,16.13,10.82,568.95,259.12,12.99,2923.14,2.87,1.26,0.86,4,6.97,2,52.58317929759705,743.6744,False,False,True,False,False,True,False,False,False,False,False,True,False
3228,6.52,25.94,29.79,910.03,232.92,7.53,1479.23,2.83,1.37,1.24,1,5.98,2,30.548170527022492,659.1636,False,False,False,False,True,True,False,False,False,False,True,False,False
4723,7.03,22.05,25.7,904.91,294.65,7.97,2731.13,1.41,0.43,1.45,3,7.37,11,35.21050583657588,415.45649999999995,False,False,True,False,False,False,False,False,False,True,False,False,True
3767,8.17,37.59,14.9,1166.4,216.25,14.15,2700.69,1.85,0.29,1.61,2,6.89,1,78.28187919463087,400.0625,False,False,False,True,False,True,False,False,False,False,False,False,True
2995,6.9,39.13,31.2,551.35,213.39,6.0,2870.06,1.4,0.74,0.81,2,6.46,7,17.67147435897436,298.746,False,False,False,False,True,False,True,False,False,False,False,True,False
2263,5.29,33.41,10.4,843.6,199.62,13.31,2790.3,2.94,0.47,1.86,6,7.3,6,81.11538461538461,586.8828,False,True,False,False,False,True,False,False,False,False,False,False,True
1900,5.95,11.31,33.27,400.52,235.28,13.2,2884.05,1.46,0.46,0.9,4,6.41,7,12.038473098887886,343.5088,False,False,False,False,True,False,False,False,False,True,False,True,False
2275,5.47,30.52,24.77,1046.4,275.35,13.72,1383.13,1.36,0.89,1.65,1,6.3,8,42.244650787242634,374.47600000000006,False,False,True,False,False,False,False,True,False,False,False,False,True
814,5.91,44.75,30.62,788.93,99.84,10.78,2637.68,1.85,0.93,1.3,4,6.06,5,25.765186152841277,184.704,False,False,True,False,False,False,False,False,False,True,True,False,False
3230,5.51,26.84,31.74,975.64,159.99,1.37,2661.29,2.96,1.42,0.89,1,6.14,9,30.738500315059863,473.5704,False,False,False,False,True,False,False,True,False,False,False,False,True
1932,6.72,26.39,28.94,1107.55,195.06,14.89,1116.32,1.01,1.1,0.65,5,5.71,11,38.27055977885279,197.0106,False,True,False,False,False,False,False,False,True,False,False,False,True
2853,4.91,13.45,23.98,163.28,127.79,8.29,1188.27,2.43,0.43,1.2,3,4.65,2,6.809007506255212,310.52970000000005,False,False,True,False,False,False,False,False,True,False,False,True,False
4051,4.56,30.7,18.89,697.09,291.35,7.87,1715.48,1.77,0.75,0.64,2,7.78,1,36.90259396506088,515.6895000000001,True,False,False,False,False,False,False,False,False,True,True,False,False
2912,6.95,26.72,20.01,623.57,144.5,14.27,1503.0,1.45,1.16,0.99,1,4.76,1,31.162918540729635,209.525,False,True,False,False,False,False,False,False,True,False,True,False,False
1865,6.9,11.49,17.55,563.86,180.81,4.45,2893.23,1.4,1.01,1.18,4,5.92,9,32.12877492877493,253.134,False,True,False,False,False,False,False,False,True,False,False,False,True
1658,4.52,41.41,26.3,189.31,77.89,8.58,1673.85,2.37,1.26,1.14,4,4.33,7,7.198098859315589,184.5993,False,False,False,False,True,False,False,False,True,False,False,False,True
516,5.18,42.41,15.78,239.18,159.2,10.03,1024.47,2.67,0.89,0.83,2,6.36,3,15.157160963244614,425.06399999999996,True,False,False,False,False,False,True,False,False,False,False,True,False
3593,6.68,41.95,23.62,275.86,160.82,5.36,1105.02,1.53,0.55,0.97,5,6.84,7,11.679085520745131,246.0546,False,False,True,False,False,False,True,False,False,False,True,False,False
1857,5.94,22.12,25.27,198.65,90.14,13.08,2100.95,2.47,0.23,1.36,1,3.23,8,7.8611001187178475,222.6458,False,False,False,True,False,False,True,False,False,False,False,False,True
2645,8.46,44.06,20.28,431.76,132.52,6.69,2389.62,2.8,0.76,1.68,1,5.53,3,21.289940828402365,371.056,False,False,False,True,False,False,True,False,False,False,False,False,True
2243,6.33,14.23,34.44,907.48,289.76,12.36,2855.1,2.26,0.41,1.57,4,7.25,3,26.34959349593496,654.8575999999999,False,False,False,True,False,False,True,False,False,False,False,True,False
1277,7.2,29.93,22.6,147.39,281.04,4.75,2845.39,0.88,1.08,0.79,6,8.31,10,6.521681415929202,247.31520000000003,False,False,True,False,False,False,True,False,False,False,False,True,False
2336,4.54,12.85,24.43,316.77,247.62,3.53,2992.92,2.25,0.81,0.54,1,7.36,11,12.966434711420384,557.145,False,False,False,True,False,False,False,False,False,True,True,False,False
950,4.83,32.63,17.84,1058.76,211.76,6.15,1331.21,0.72,0.85,1.05,4,7.05,3,59.347533632286996,152.4672,True,False,False,False,False,False,False,False,True,False,True,False,False
3482,7.62,18.62,20.39,657.0,197.3,12.35,1646.79,1.8,0.44,1.14,3,5.65,4,32.22167729279058,355.14000000000004,False,True,False,False,False,True,False,False,False,False,False,False,True
3044,5.67,35.53,12.98,807.01,97.5,7.58,2114.41,0.72,1.35,1.49,4,4.24,9,62.17334360554699,70.2,False,True,False,False,False,False,False,False,True,False,True,False,False
3068,5.57,44.63,15.55,621.47,168.73,12.02,1484.52,0.87,1.03,1.87,6,7.55,8,39.96591639871382,146.7951,True,False,False,False,False,False,False,True,False,False,False,False,True
1120,8.16,42.65,27.48,1096.35,131.66,8.65,2286.62,2.48,0.72,1.43,1,5.62,5,39.896288209606986,326.5168,False,False,True,False,False,False,False,True,False,False,False,False,True
4532,7.96,40.31,21.58,1198.67,106.46,14.61,2652.12,1.32,0.86,1.0,3,4.63,4,55.5454124189064,140.5272,False,True,False,False,False,False,True,False,False,False,False,False,True
2597,5.83,33.4,30.47,446.02,82.6,2.43,1214.79,2.44,1.36,0.7,3,5.05,7,14.638004594683295,201.54399999999998,False,False,True,False,False,True,False,False,False,False,True,False,False
2204,6.8,33.52,23.89,182.72,208.25,2.73,1174.77,2.41,1.09,1.75,4,6.74,2,7.6483884470489745,501.88250000000005,False,False,False,False,True,False,False,False,False,True,True,False,False
419,8.31,23.56,11.06,900.67,223.78,7.96,1292.47,2.4,0.75,1.05,5,7.19,10,81.43490054249547,537.072,False,True,False,False,False,False,True,False,False,False,False,False,True
922,7.41,46.97,34.43,198.68,152.55,2.36,2656.95,1.35,0.6,0.5,4,5.38,1,5.770548939878013,205.94250000000002,False,True,False,False,False,False,False,False,True,False,False,True,False
1254,8.37,36.48,34.38,1106.16,83.14,1.39,2979.89,1.52,0.76,1.58,5,5.48,10,32.174520069808025,126.3728,False,False,False,True,False,False,False,False,True,False,True,False,False
477,8.08,10.37,11.17,497.96,248.91,10.36,2325.65,2.7,1.38,0.67,3,5.87,5,44.58012533572068,672.057,False,True,False,False,False,False,True,False,False,False,False,True,False
2035,8.5,24.94,26.44,1037.75,239.99,12.23,1307.27,1.51,0.42,1.76,6,7.14,10,39.24924357034796,362.3849,False,True,False,False,False,False,False,True,False,False,False,False,True
4103,8.22,28.41,29.73,517.84,234.02,5.36,2942.28,1.72,0.85,1.35,3,6.41,1,17.418096199125465,402.5144,False,True,False,False,False,False,False,False,False,True,True,False,False
1692,5.26,20.47,30.57,229.14,121.43,2.57,1094.26,1.36,0.48,0.68,5,4.53,5,7.49558390578999,165.14480000000003,False,False,True,False,False,True,False,False,False,False,False,False,True
4254,5.41,49.14,11.75,471.68,297.22,8.11,2930.43,0.51,1.07,1.74,2,6.67,7,40.142978723404255,151.58220000000003,False,False,False,True,False,False,True,False,False,False,False,True,False
4130,5.45,17.97,16.05,194.78,265.18,5.76,1082.35,2.65,0.57,1.57,3,6.6,2,12.13582554517134,702.727,False,True,False,False,False,False,False,True,False,False,True,False,False
3571,7.9,18.14,27.11,635.51,235.36,6.38,1886.76,0.95,0.69,1.63,5,7.38,11,23.441903356694947,223.592,False,True,False,False,False,False,False,False,True,False,False,True,False
1471,5.22,42.53,30.7,386.87,214.4,8.19,1840.32,1.26,1.27,1.86,5,6.05,7,12.601628664495115,270.144,False,False,True,False,False,False,False,False,True,False,False,False,True
2601,8.15,12.84,27.0,887.62,71.23,9.52,1668.49,2.66,1.39,1.58,3,4.93,12,32.87481481481481,189.47180000000003,False,True,False,False,False,True,False,False,False,False,False,True,False
1202,6.89,27.29,23.63,542.5,101.4,6.24,1047.0,2.84,1.23,1.66,1,5.78,1,22.958104104951335,287.976,False,False,False,False,True,False,False,False,False,True,False,False,True
2438,8.13,15.07,17.54,517.59,143.61,11.31,2102.54,0.53,1.42,1.47,4,5.65,5,29.50912200684151,76.11330000000001,True,False,False,False,False,False,True,False,False,False,True,False,False
2626,7.09,21.47,12.72,598.45,205.45,7.89,1940.34,1.35,0.32,0.61,6,6.56,1,47.04795597484277,277.3575,True,False,False,False,False,False,True,False,False,False,True,False,False
1669,6.88,39.95,11.56,808.43,66.32,5.43,2172.62,2.45,0.53,1.92,5,5.48,3,69.9333910034602,162.484,False,False,False,False,True,False,False,False,False,True,False,False,True
4628,5.94,36.89,31.89,1165.15,278.18,13.13,1761.29,2.16,1.44,1.39,6,7.42,5,36.5365318281593,600.8688000000001,False,False,True,False,False,False,True,False,False,False,False,True,False
1970,6.21,44.1,31.83,1145.93,282.09,0.72,1919.01,1.03,0.49,1.1,5,8.89,9,36.00157084511468,290.55269999999996,False,False,False,True,False,True,False,False,False,False,True,False,False
3110,5.8,31.08,28.47,1136.42,255.08,12.3,1668.5,0.68,1.35,1.74,1,6.16,5,39.916403231471726,173.45440000000002,False,False,True,False,False,False,False,False,True,False,False,True,False
2151,6.92,42.2,20.65,1159.47,254.36,9.64,2544.02,2.0,1.04,1.95,2,7.98,8,56.148668280871675,508.72,False,False,True,False,False,True,False,False,False,False,False,False,True
3687,7.56,36.19,11.94,732.04,260.89,10.23,1811.7,1.65,0.89,1.3,5,6.91,8,61.30988274706868,430.46849999999995,False,False,False,True,False,False,False,False,False,True,False,True,False
820,4.87,23.08,25.63,1181.2,287.66,10.34,1753.04,0.93,0.89,0.85,4,7.65,10,46.08661724541553,267.52380000000005,False,False,False,True,False,False,False,False,True,False,False,False,True
1997,7.09,30.18,12.5,758.36,125.84,14.19,1636.14,2.74,0.52,1.14,3,5.65,9,60.668800000000005,344.80160000000006,False,False,True,False,False,False,False,False,False,True,True,False,False
4698,8.43,19.11,10.39,124.35,163.53,3.79,1503.77,1.22,1.01,1.59,6,5.52,12,11.968238691049084,199.5066,False,False,False,False,True,False,False,False,True,False,False,False,True
3054,6.56,15.16,24.13,948.8,78.3,11.6,2166.94,0.82,1.04,1.72,5,5.09,12,39.32034811438044,64.20599999999999,False,False,False,True,False,False,True,False,False,False,True,False,False
1248,8.24,36.94,15.11,579.99,124.21,9.68,1691.95,1.77,1.48,1.97,1,6.71,10,38.38451356717406,219.8517,False,False,False,False,True,False,True,False,False,False,False,True,False
2192,7.96,46.88,12.74,897.72,55.79,10.56,2004.13,2.18,0.87,0.97,1,4.03,11,70.4646781789639,121.6222,False,False,False,False,True,False,False,False,False,True,False,False,True
2712,4.72,37.52,22.86,115.89,280.13,11.87,1740.67,1.88,1.07,1.84,2,5.62,2,5.069553805774278,526.6443999999999,True,False,False,False,False,False,True,False,False,False,False,False,True
992,7.08,36.14,29.35,890.32,229.71,5.35,2171.44,1.29,0.6,1.45,1,8.19,10,30.33458262350937,296.3259,False,False,False,False,True,False,True,False,False,False,False,False,True
2190,5.41,23.47,16.64,996.17,270.04,7.66,2933.21,2.67,1.39,1.3,6,8.07,6,59.86598557692307,721.0068,True,False,False,False,False,False,False,False,False,True,False,True,False
4483,7.72,48.82,21.7,1095.14,275.6,2.32,2730.62,0.76,0.83,1.45,4,8.49,11,50.46728110599079,209.45600000000002,True,False,False,False,False,False,False,False,True,False,True,False,False
1046,7.25,21.57,12.0,691.24,56.47,0.82,1145.23,2.27,1.44,1.58,3,5.75,10,57.60333333333333,128.1869,False,False,True,False,False,True,False,False,False,False,True,False,False
1888,6.78,43.45,23.34,942.45,287.56,6.94,2218.45,2.42,1.0,1.74,3,7.92,8,40.379177377892034,695.8951999999999,False,False,False,False,True,False,False,False,True,False,True,False,False
2469,6.55,12.18,10.98,296.59,146.61,7.44,2967.0,1.11,0.3,0.79,2,6.69,9,27.011839708561016,162.73710000000003,False,False,False,False,True,False,False,False,True,False,True,False,False
3708,6.34,45.28,31.73,916.07,262.42,5.51,1434.97,2.35,0.84,1.91,2,7.83,5,28.87078474629688,616.687,False,False,True,False,False,True,False,False,False,False,False,False,True
3762,7.88,27.48,27.66,557.81,131.46,8.96,1912.31,1.14,1.36,1.79,2,5.25,3,20.166666666666664,149.8644,False,False,False,False,True,False,True,False,False,False,False,False,True
2847,6.72,38.65,19.04,593.61,298.62,0.26,1342.66,1.39,1.25,0.64,4,7.13,5,31.17699579831933,415.0818,False,True,False,False,False,False,False,False,False,True,True,False,False
3597,6.5,34.24,31.35,548.65,177.19,14.94,2194.78,1.15,0.73,1.03,6,5.8,8,17.50079744816587,203.7685,False,True,False,False,False,False,False,True,False,False,False,False,True
615,5.93,27.06,15.22,942.15,56.86,11.42,1601.75,2.88,1.33,1.62,3,4.15,7,61.902102496714846,163.7568,True,False,False,False,False,False,False,False,False,True,False,True,False
1318,7.9,40.29,26.14,640.8,260.11,2.47,1925.45,2.13,0.62,1.81,3,7.6,12,24.514154552410098,554.0343,True,False,False,False,False,True,False,False,False,False,False,False,True
1863,7.54,34.37,33.94,570.47,65.47,7.35,2757.51,1.77,0.47,1.04,1,4.68,11,16.80819092516205,115.8819,False,True,False,False,False,False,False,False,True,False,False,True,False
2343,4.78,43.21,31.02,1023.84,194.94,12.26,1357.66,2.17,0.94,1.13,3,5.86,2,33.00580270793037,423.0198,True,False,False,False,False,False,False,False,True,False,True,False,False
2449,6.29,32.31,27.5,753.91,186.78,8.91,1024.66,1.21,0.25,0.79,2,5.28,10,27.414909090909088,226.00379999999998,False,False,False,False,True,True,False,False,False,False,True,False,False
2136,8.4,40.18,29.52,425.52,74.53,13.35,2624.19,0.9,1.11,0.78,2,3.47,3,14.414634146341463,67.077,False,False,True,False,False,False,False,False,False,True,False,True,False
1065,7.73,33.74,33.39,545.66,146.35,13.28,2279.48,1.36,0.76,1.6,1,5.72,1,16.342018568433662,199.036,False,False,False,True,False,False,False,True,False,False,False,True,False
1772,5.67,13.8,21.72,846.38,119.22,10.3,2080.73,0.99,1.39,0.87,4,6.63,12,38.96777163904236,118.0278,False,False,True,False,False,False,False,True,False,False,False,True,False
4761,5.26,27.84,15.39,228.05,80.52,12.12,2334.62,1.98,0.46,0.72,6,3.98,4,14.8180636777128,159.4296,False,True,False,False,False,False,False,False,True,False,False,True,False
131,5.54,39.67,26.96,880.05,249.73,2.05,2607.45,2.42,1.11,1.57,2,8.4,9,32.64280415430267,604.3466,True,False,False,False,False,False,True,False,False,False,True,False,False
4064,5.27,38.16,33.05,557.21,214.87,12.39,2188.14,1.49,0.7,0.68,1,6.39,12,16.85960665658094,320.1563,True,False,False,False,False,False,False,True,False,False,False,True,False
3481,5.75,14.23,19.9,1034.18,98.74,2.45,1615.66,1.72,1.35,1.3,6,5.48,1,51.968844221105535,169.8328,False,False,False,False,True,False,False,True,False,False,False,True,False
77,4.57,10.15,13.72,483.13,146.97,7.88,2632.92,1.11,0.49,1.17,4,5.59,11,35.21355685131195,163.13670000000002,False,False,False,True,False,True,False,False,False,False,False,False,True
3450,4.66,19.36,11.49,1184.03,101.88,3.26,2503.07,1.46,0.91,1.2,3,6.55,1,103.04873803307223,148.7448,False,False,False,False,True,False,False,True,False,False,True,False,False
2898,7.21,49.18,25.0,934.4,103.71,13.48,2109.36,1.03,1.45,0.53,2,5.0,6,37.376,106.8213,True,False,False,False,False,False,False,False,False,True,True,False,False
2052,5.69,30.65,29.74,939.62,198.88,9.78,2464.37,2.3,0.43,1.68,4,6.73,8,31.59448554135844,457.424,False,True,False,False,False,False,False,True,False,False,False,False,True
4325,8.5,11.87,10.74,858.56,297.64,14.79,2037.62,2.4,0.59,1.25,3,6.52,6,79.94040968342644,714.3359999999999,False,False,False,False,True,False,False,True,False,False,True,False,False
724,8.05,40.87,20.58,638.96,175.2,7.59,2843.62,1.1,1.21,1.62,4,6.3,4,31.04761904761905,192.72,False,True,False,False,False,True,False,False,False,False,False,False,True
1314,6.48,35.05,10.11,156.07,287.82,13.61,2141.55,1.3,1.33,1.54,6,6.35,11,15.437190900098912,374.166,False,True,False,False,False,False,False,True,False,False,True,False,False
2845,5.78,22.57,18.89,1014.82,72.06,3.9,2626.46,1.05,0.57,1.53,5,5.13,6,53.722604552673374,75.66300000000001,True,False,False,False,False,True,False,False,False,False,False,False,True
1851,7.4,14.7,21.42,451.9,270.87,12.96,2751.55,2.66,0.61,1.22,3,7.08,12,21.09710550887021,720.5142000000001,False,False,False,True,False,False,False,False,False,True,True,False,False
2317,6.24,40.44,25.39,952.19,130.28,3.67,2409.13,1.91,0.83,1.0,3,7.34,2,37.50256006301694,248.8348,False,True,False,False,False,False,False,True,False,False,False,False,True
4581,5.15,46.8,13.26,1189.22,295.41,13.56,2120.36,1.53,1.37,1.29,6,8.04,3,89.68476621417798,451.97730000000007,False,True,False,False,False,True,False,False,False,False,False,False,True
872,4.79,44.94,34.56,479.73,223.62,11.46,1379.97,2.69,0.96,0.97,1,6.41,2,13.88107638888889,601.5378,False,False,False,True,False,False,False,True,False,False,True,False,False
3850,4.75,35.27,29.26,581.78,165.13,2.94,1895.8,1.89,0.63,1.5,2,7.54,11,19.88311688311688,312.09569999999997,False,True,False,False,False,False,False,True,False,False,False,False,True
3911,7.91,34.95,21.63,760.39,62.19,1.78,2504.5,1.13,0.86,1.75,2,5.73,2,35.154415164123904,70.2747,True,False,False,False,False,False,False,False,False,True,False,False,True
1372,5.5,32.34,15.53,590.32,273.74,11.61,1895.8,1.81,0.7,1.49,2,7.42,1,38.01159047005796,495.4694,False,False,False,False,True,False,True,False,False,False,True,False,False
1855,7.7,32.64,33.49,151.31,298.16,11.55,2493.24,1.0,1.18,1.41,2,6.58,3,4.518065094057928,298.16,False,False,False,True,False,False,True,False,False,False,False,True,False
4708,8.05,34.24,17.12,791.95,141.26,7.66,2255.08,2.8,1.05,0.51,4,5.19,4,46.25876168224299,395.52799999999996,False,False,False,False,True,True,False,False,False,False,False,False,True
2965,7.88,35.95,25.04,1010.58,110.34,7.51,2080.88,1.14,0.4,1.1,1,5.62,3,40.35862619808307,125.7876,False,False,True,False,False,True,False,False,False,False,False,False,True
3391,6.33,25.17,16.68,252.48,145.28,8.54,1480.4,1.73,0.59,1.77,1,5.12,4,15.136690647482014,251.3344,False,False,True,False,False,False,False,False,True,False,True,False,False
1319,5.12,20.22,30.96,823.58,175.83,8.52,1652.39,1.51,0.72,0.77,4,6.11,3,26.601421188630493,265.5033,False,False,True,False,False,True,False,False,False,False,False,True,False
2560,5.2,14.86,31.99,593.17,173.88,3.23,2567.74,1.2,0.77,1.28,1,6.17,1,18.5423569865583,208.65599999999998,False,True,False,False,False,True,False,False,False,False,False,False,True
4702,5.62,19.53,33.26,743.7,71.99,12.26,2045.77,0.99,0.82,0.96,4,3.86,3,22.36019242333133,71.2701,False,True,False,False,False,False,False,False,True,False,True,False,False
2635,7.46,14.86,10.72,537.18,142.2,7.78,1600.4,2.32,0.98,1.95,4,6.51,10,50.11007462686566,329.90399999999994,False,False,False,False,True,False,False,False,False,True,True,False,False
4088,6.6,19.86,27.42,166.45,208.22,6.25,2073.56,0.68,0.95,1.48,1,6.21,4,6.0703865791393135,141.58960000000002,False,True,False,False,False,False,True,False,False,False,False,False,True
3530,6.07,44.21,26.97,385.42,167.84,12.09,1346.86,2.2,0.49,1.62,3,6.53,11,14.290693362995922,369.24800000000005,False,False,False,True,False,False,False,False,True,False,False,True,False
375,6.63,30.99,23.45,885.4,73.28,9.34,2394.73,2.67,0.85,1.49,5,4.37,11,37.75692963752665,195.6576,False,False,True,False,False,False,False,False,True,False,False,False,True
1908,8.32,37.18,20.18,950.09,143.0,14.82,1029.0,2.17,0.99,1.81,6,5.91,1,47.08077304261646,310.31,False,False,False,True,False,False,False,True,False,False,False,True,False
333,5.53,47.76,30.82,1030.56,155.56,13.58,1004.51,0.86,0.83,0.57,4,5.05,5,33.4380272550292,133.7816,False,False,False,True,False,False,False,False,True,False,False,True,False
4163,6.47,17.65,13.74,303.65,57.4,4.44,2117.94,2.39,1.3,1.33,6,3.98,4,22.09970887918486,137.186,False,False,False,False,True,False,False,True,False,False,True,False,False
4206,5.62,38.48,14.67,1009.68,258.88,13.6,1197.26,1.46,1.12,1.82,2,7.05,8,68.82617586912065,377.96479999999997,False,False,False,True,False,True,False,False,False,False,False,True,False
2365,8.36,11.92,25.71,329.11,76.28,1.94,2242.72,0.76,0.72,2.0,5,4.06,4,12.800855698171917,57.9728,False,False,False,False,True,False,False,True,False,False,False,True,False
1604,5.47,44.25,25.55,713.25,183.29,8.82,2633.97,2.22,0.8,1.26,6,6.73,7,27.915851272015654,406.90380000000005,True,False,False,False,False,False,False,True,False,False,False,True,False
3888,7.74,17.99,32.65,733.16,296.99,6.67,2231.12,1.68,1.48,0.85,1,7.16,7,22.45513016845329,498.9432,False,False,False,False,True,False,False,True,False,False,True,False,False
1118,8.37,30.64,16.36,448.15,148.53,2.75,1412.42,2.98,1.02,0.92,2,7.28,4,27.393031784841074,442.6194,False,False,False,False,True,False,True,False,False,False,True,False,False
3677,7.53,38.05,24.89,631.69,84.18,14.39,1872.57,1.6,0.43,0.59,6,4.41,10,25.379268782643635,134.68800000000002,False,False,False,False,True,True,False,False,False,False,False,True,False
3490,5.32,26.58,11.56,1090.5,258.27,2.43,1786.65,2.65,0.26,1.12,5,7.96,6,94.33391003460207,684.4155,False,False,False,False,True,False,False,False,True,False,True,False,False
4670,5.74,28.98,14.67,906.65,216.95,0.3,2155.36,2.98,0.78,0.72,2,8.42,8,61.80299931833674,646.511,True,False,False,False,False,False,True,False,False,False,True,False,False
3621,4.86,20.19,18.6,850.4,185.87,8.6,1319.79,0.7,0.21,1.21,1,5.55,6,45.72043010752688,130.109,False,False,False,True,False,True,False,False,False,False,True,False,False
1943,6.33,10.46,12.49,702.71,204.04,14.88,1248.16,1.58,1.35,0.99,2,6.66,8,56.26180944755805,322.3832,False,False,True,False,False,False,False,True,False,False,False,True,False
2958,8.22,37.71,17.12,237.37,169.01,14.3,1129.73,0.54,1.49,1.88,4,4.93,12,13.865070093457943,91.2654,False,False,False,False,True,False,False,True,False,False,False,True,False
1994,6.9,41.0,12.3,406.6,142.32,9.95,1187.26,0.54,0.77,0.99,2,5.2,12,33.05691056910569,76.8528,True,False,False,False,False,False,False,False,True,False,True,False,False
4756,5.59,14.28,32.97,235.18,232.41,7.6,1747.02,2.55,1.28,1.72,6,7.12,8,7.13315134971186,592.6455,False,False,False,True,False,False,False,False,False,True,False,True,False
4184,5.0,48.14,10.9,235.02,197.09,0.41,2083.01,1.15,0.63,1.48,5,6.13,5,21.561467889908258,226.65349999999998,False,False,False,False,True,False,False,False,False,True,False,True,False
2376,7.97,44.19,11.88,648.8,270.09,8.82,2340.66,1.92,1.32,1.97,5,6.8,11,54.61279461279461,518.5727999999999,False,False,True,False,False,False,False,False,False,True,True,False,False
4649,8.36,34.18,22.9,132.0,99.87,0.65,2551.35,0.52,0.27,1.27,4,5.27,11,5.764192139737991,51.9324,False,True,False,False,False,False,False,False,False,True,True,False,False
1342,7.09,14.65,22.03,373.35,238.94,2.37,2566.61,0.87,0.37,1.06,4,7.91,2,16.94734453018611,207.8778,True,False,False,False,False,False,True,False,False,False,False,True,False
320,7.86,34.95,14.35,696.53,88.54,0.08,2593.94,0.7,1.02,1.46,4,4.48,11,48.53867595818815,61.978,True,False,False,False,False,False,False,True,False,False,False,True,False
1619,5.04,46.46,27.43,471.06,50.89,4.1,2637.76,2.85,0.23,1.92,2,5.21,6,17.173168064163324,145.03650000000002,False,False,False,True,False,False,False,False,False,True,True,False,False
3713,5.3,23.93,26.14,439.93,263.43,2.04,1433.22,2.75,0.67,1.03,5,6.29,11,16.829762815608262,724.4325,False,False,False,True,False,True,False,False,False,False,True,False,False
4336,6.99,30.66,12.83,808.44,174.76,3.19,1434.14,1.33,0.9,0.95,6,8.14,10,63.01169134840219,232.4308,False,False,True,False,False,True,False,False,False,False,False,False,True
2060,6.56,28.4,33.38,194.37,56.39,7.4,2262.53,2.66,1.06,1.1,1,5.28,10,5.822947872977831,149.9974,False,False,False,True,False,True,False,False,False,False,False,False,True
2945,6.07,21.91,16.09,1091.59,88.57,4.12,1578.56,0.87,0.64,0.74,6,5.92,5,67.8427594779366,77.0559,True,False,False,False,False,False,False,False,True,False,False,False,True
2219,6.81,13.95,25.56,894.41,75.63,1.78,2066.57,1.23,0.9,1.9,2,5.86,10,34.992566510172146,93.02489999999999,False,False,False,False,True,True,False,False,False,False,False,False,True
1673,5.88,27.08,17.13,319.37,127.62,4.66,1526.51,1.5,1.32,0.59,1,5.24,6,18.64389959136019,191.43,False,False,False,False,True,False,True,False,False,False,False,True,False
1942,8.42,12.31,19.08,960.41,212.7,2.01,1654.48,1.85,0.65,1.3,2,7.22,3,50.33595387840671,393.495,False,False,False,True,False,False,False,False,False,True,False,False,True
260,4.69,31.45,29.67,312.48,77.23,7.82,2351.66,1.23,1.35,1.53,6,5.38,7,10.531850353892821,94.9929,False,False,False,True,False,False,False,True,False,False,True,False,False
4243,5.4,13.35,19.8,645.89,189.29,2.73,1011.14,2.5,0.86,1.65,6,7.6,6,32.62070707070707,473.22499999999997,False,False,True,False,False,False,False,False,False,True,True,False,False
2039,4.57,20.14,23.66,100.05,277.18,6.37,1657.91,1.45,1.13,1.32,1,7.0,11,4.22865595942519,401.911,False,False,False,True,False,True,False,False,False,False,False,True,False
689,7.19,42.11,11.08,354.28,211.08,2.97,2694.9,2.43,1.42,1.82,6,8.03,3,31.974729241877252,512.9244000000001,False,False,False,True,False,False,False,False,True,False,True,False,False
901,7.46,15.45,25.29,178.0,145.34,8.0,1449.62,2.13,0.36,0.82,6,5.06,2,7.0383550810597075,309.5742,False,True,False,False,False,True,False,False,False,False,False,False,True
3744,4.54,35.86,19.1,683.24,62.97,4.93,1197.1,1.18,0.32,1.63,4,4.78,2,35.7717277486911,74.3046,False,True,False,False,False,False,False,False,False,True,False,False,True
2306,5.04,19.0,21.21,458.75,275.37,12.34,2286.13,0.75,0.63,0.99,6,6.71,6,21.62894860914663,206.5275,True,False,False,False,False,True,False,False,False,False,False,True,False
2026,8.42,45.47,20.86,1092.19,115.02,14.74,2448.24,2.64,0.58,1.11,1,5.53,4,52.35810162991371,303.6528,False,False,False,False,True,False,True,False,False,False,False,True,False
2892,5.75,33.93,13.79,121.38,245.21,7.56,1496.18,1.18,1.32,1.53,6,6.57,2,8.802030456852792,289.3478,False,False,False,False,True,False,False,False,False,True,True,False,False
3939,8.22,40.26,31.22,853.7,144.28,5.66,1442.67,1.24,0.86,0.59,5,6.84,5,27.34465086483024,178.9072,False,False,True,False,False,False,True,False,False,False,False,True,False
4626,8.18,30.37,28.69,1069.0,190.63,9.16,1716.21,0.65,0.58,1.27,4,6.6,3,37.260369466713136,123.9095,True,False,False,False,False,False,True,False,False,False,False,True,False
138,5.18,37.18,18.14,578.23,69.64,1.48,2413.68,2.3,0.56,1.26,1,5.62,9,31.875964718853364,160.172,False,True,False,False,False,False,False,False,False,True,False,False,True
1917,4.96,14.68,27.67,666.43,144.81,12.12,2880.57,2.01,0.93,1.71,2,5.69,12,24.084929526563062,291.06809999999996,False,False,True,False,False,True,False,False,False,False,True,False,False
1828,8.37,49.56,23.19,152.69,158.44,4.81,1223.6,1.47,1.38,1.61,1,6.24,2,6.584303579128934,232.9068,False,True,False,False,False,True,False,False,False,False,True,False,False
1573,7.1,35.89,10.69,379.14,289.17,14.32,2324.49,1.01,1.26,1.39,2,7.26,6,35.46679139382601,292.06170000000003,True,False,False,False,False,True,False,False,False,False,True,False,False
319,6.05,46.18,28.91,1111.89,118.64,9.33,2197.85,2.15,1.45,1.65,5,5.12,4,38.46039432722242,255.076,True,False,False,False,False,True,False,False,False,False,False,False,True
653,5.15,34.06,20.8,1072.31,65.47,12.77,2106.97,1.92,0.43,1.35,6,4.52,10,51.55336538461538,125.7024,False,False,False,False,True,True,False,False,False,False,False,False,True
2137,8.2,18.19,23.18,495.42,54.97,8.12,1887.63,2.56,1.34,0.97,4,4.02,1,21.372735116479724,140.7232,False,False,True,False,False,True,False,False,False,False,False,False,True
4220,8.18,47.45,24.13,109.55,61.86,7.61,1604.15,2.75,1.1,1.07,1,4.34,5,4.5399917115623705,170.115,False,False,False,False,True,False,False,False,False,True,False,True,False
558,4.8,14.27,31.59,814.71,285.69,9.5,2202.42,1.88,0.67,1.5,5,6.73,3,25.790123456790123,537.0971999999999,False,False,False,False,True,True,False,False,False,False,False,True,False
2187,7.75,35.15,22.85,200.07,113.98,12.33,1573.12,2.63,0.52,0.66,1,5.57,3,8.755798687089715,299.7674,False,True,False,False,False,False,False,False,True,False,False,True,False
112,5.22,25.77,30.67,292.93,258.2,13.31,2276.11,1.12,1.26,0.96,5,7.18,7,9.551027062275839,289.184,False,False,False,True,False,False,True,False,False,False,False,False,True
531,8.43,46.7,11.42,542.0,197.17,4.42,1298.3,1.61,1.21,0.56,3,6.55,5,47.46059544658494,317.4437,True,False,False,False,False,False,True,False,False,False,False,True,False
224,4.74,24.78,20.28,1084.66,181.29,10.58,1474.27,0.57,0.75,1.66,1,6.94,7,53.48422090729783,103.33529999999999,False,False,True,False,False,False,False,False,True,False,True,False,False
723,5.83,19.81,22.23,920.38,124.35,3.36,1946.25,1.6,1.37,1.2,3,6.18,8,41.40260908681961,198.96,False,True,False,False,False,True,False,False,False,False,False,True,False
4310,6.5,33.45,21.17,626.93,214.21,2.05,2315.05,0.78,0.78,0.76,4,7.35,12,29.61407652338214,167.08380000000002,False,False,True,False,False,False,False,False,False,True,False,True,False
2883,5.62,15.08,21.45,961.31,202.6,13.55,2978.34,0.99,1.12,2.0,1,7.81,3,44.816317016317015,200.57399999999998,False,True,False,False,False,False,False,True,False,False,True,False,False
1141,8.07,19.96,29.21,126.87,104.38,9.42,1815.39,1.87,1.23,1.79,3,4.26,2,4.34337555631633,195.1906,False,False,False,False,True,False,True,False,False,False,True,False,False
1433,7.08,18.33,24.17,859.29,274.77,6.26,2713.34,2.4,1.23,1.44,4,6.34,3,35.5519238725693,659.448,False,True,False,False,False,False,False,True,False,False,True,False,False
2373,7.88,38.01,28.68,576.75,287.31,7.86,2782.65,1.79,0.57,1.73,4,7.35,4,20.109832635983263,514.2849,True,False,False,False,False,False,False,True,False,False,False,False,True
4225,5.7,45.04,14.38,435.17,106.32,6.28,1065.63,2.79,0.21,1.95,3,5.66,9,30.262169680111263,296.6328,False,False,False,True,False,True,False,False,False,False,False,True,False
3371,6.88,12.87,22.92,854.24,120.31,6.06,2332.93,1.2,1.05,1.95,1,6.75,9,37.27050610820244,144.37199999999999,False,False,False,False,True,False,False,False,False,True,False,True,False
2220,6.13,24.95,24.99,137.71,242.33,8.18,2367.52,0.82,0.88,1.22,3,6.66,5,5.510604241696679,198.7106,True,False,False,False,False,False,False,False,False,True,False,True,False
1458,7.64,21.0,15.21,376.45,197.89,4.93,2601.46,1.51,1.28,1.84,1,6.42,5,24.75016436554898,298.8139,False,False,True,False,False,False,False,False,True,False,False,False,True
3097,6.81,39.77,18.98,188.67,107.15,7.72,1604.59,2.12,1.24,1.49,2,4.82,11,9.940463645943098,227.15800000000002,False,True,False,False,False,False,False,False,False,True,False,True,False
1415,4.88,23.16,27.31,410.04,79.83,6.94,2260.1,2.07,0.23,1.7,2,5.23,8,15.014280483339437,165.2481,True,False,False,False,False,False,True,False,False,False,True,False,False
2762,6.28,31.09,32.48,955.11,250.0,13.27,1590.47,2.35,1.43,1.97,1,6.67,12,29.406096059113302,587.5,False,False,False,False,True,False,False,False,True,False,False,True,False
846,4.84,49.9,11.3,898.87,119.91,8.35,2029.01,0.95,1.18,0.74,6,5.79,4,79.54601769911504,113.91449999999999,True,False,False,False,False,False,False,True,False,False,False,True,False
193,6.59,23.78,14.32,1120.99,81.36,7.47,2042.75,0.71,0.51,0.58,4,5.65,7,78.28142458100558,57.7656,False,True,False,False,False,False,False,False,False,True,False,False,True
1464,5.14,14.62,11.14,952.35,87.05,2.07,1035.48,1.02,0.94,1.99,4,5.74,5,85.48922800718132,88.791,False,False,True,False,False,True,False,False,False,False,True,False,False
2621,8.1,19.15,15.4,889.61,281.72,1.2,1189.03,2.38,0.87,1.14,4,8.03,5,57.766883116883115,670.4936,True,False,False,False,False,False,False,False,True,False,False,False,True
946,8.48,31.07,32.73,772.81,273.4,8.06,1532.47,2.18,1.08,1.29,5,6.79,8,23.611671249618087,596.012,False,True,False,False,False,False,True,False,False,False,True,False,False
2021,5.49,26.85,29.09,1001.89,294.73,2.65,2432.24,0.98,1.11,1.62,5,7.83,11,34.44104503265727,288.8354,False,False,False,True,False,False,False,True,False,False,False,True,False
2551,4.8,18.8,15.91,1030.86,165.66,4.56,1244.76,0.84,1.49,1.14,5,6.52,9,64.79321181646762,139.15439999999998,False,False,False,False,True,False,True,False,False,False,False,True,False
1629,7.76,38.81,15.58,650.78,207.73,3.32,2722.31,2.98,0.87,0.93,5,6.91,10,41.770218228498074,619.0354,False,False,False,False,True,True,False,False,False,False,True,False,False
2928,5.92,10.2,11.92,1189.57,56.51,8.02,1300.63,2.73,1.36,0.83,4,4.97,11,99.79614093959731,154.2723,False,False,True,False,False,False,False,True,False,False,False,True,False
117,7.33,18.4,28.09,1026.88,240.25,13.04,1881.75,0.93,1.37,1.59,1,7.43,3,36.55678177287291,223.4325,True,False,False,False,False,False,False,False,False,True,False,True,False
645,8.27,42.49,19.84,508.99,81.26,8.19,2322.62,2.98,0.27,1.23,1,4.91,11,25.654737903225808,242.15480000000002,False,False,False,True,False,False,False,False,True,False,False,True,False
1870,4.61,28.09,15.62,651.48,58.4,12.91,2302.38,2.58,0.21,1.53,1,4.63,3,41.70806658130602,150.672,False,False,True,False,False,False,False,True,False,False,True,False,False
3,7.21,42.45,13.76,523.61,99.01,1.22,2231.23,2.68,0.76,0.81,5,5.46,3,38.0530523255814,265.34680000000003,False,True,False,False,False,False,True,False,False,False,False,False,True
74,8.11,23.55,12.42,1184.13,178.65,7.57,2309.58,2.0,0.75,1.28,6,6.99,1,95.34057971014494,357.3,False,True,False,False,False,False,False,True,False,False,False,True,False
1755,6.92,11.92,13.64,666.07,75.28,0.61,1300.99,1.56,0.8,1.81,4,4.45,7,48.83211143695015,117.4368,False,False,False,False,True,True,False,False,False,False,False,False,True
467,6.57,33.26,27.34,772.57,101.48,2.35,2160.68,2.55,1.32,1.13,4,7.07,4,28.25786393562546,258.774,True,False,False,False,False,False,False,False,False,True,False,False,True
3393,5.03,24.31,25.45,819.31,194.88,1.32,2091.47,1.68,1.12,1.96,3,7.53,3,32.192927308447935,327.3984,True,False,False,False,False,False,False,False,True,False,False,False,True
5,6.81,49.61,20.27,620.86,162.36,12.23,1592.81,1.13,1.45,1.73,6,6.33,10,30.62950172668969,183.4668,True,False,False,False,False,False,False,False,False,True,False,True,False
1246,4.79,32.11,22.08,506.56,166.74,3.28,2175.56,1.56,1.38,1.17,4,6.26,1,22.94202898550725,260.11440000000005,True,False,False,False,False,False,False,False,True,False,False,True,False
919,7.47,17.08,29.73,425.96,138.3,10.54,2043.19,2.93,1.35,1.41,2,5.59,11,14.32761520349815,405.21900000000005,False,True,False,False,False,False,False,False,False,True,True,False,False
2595,8.25,15.38,10.86,357.84,160.19,8.38,1690.44,1.2,0.23,1.16,5,6.59,3,32.950276243093924,192.22799999999998,False,False,False,True,False,False,False,True,False,False,False,False,True
228,5.35,35.66,16.94,686.54,165.71,1.97,1006.16,0.62,0.21,0.85,6,6.48,7,40.52774498229043,102.7402,False,False,False,True,False,False,False,False,True,False,False,True,False
1063,6.71,40.78,10.98,975.13,87.95,13.19,1946.4,1.17,0.32,0.83,2,3.88,9,88.80965391621129,102.9015,False,False,True,False,False,False,True,False,False,False,True,False,False
2590,7.18,19.49,27.7,1078.71,293.44,2.31,2940.13,2.25,0.32,1.39,2,7.91,4,38.94259927797834,660.24,False,False,False,False,True,False,False,False,True,False,False,False,True
242,4.76,38.81,10.91,265.97,62.34,5.4,1936.79,1.38,0.66,1.99,6,5.33,9,24.378551787351057,86.0292,False,True,False,False,False,False,True,False,False,False,False,False,True
2946,7.73,32.25,21.8,777.93,284.43,1.59,2413.5,2.8,1.2,0.71,6,8.59,9,35.6848623853211,796.404,False,True,False,False,False,False,False,False,False,True,False,False,True
758,7.97,34.71,29.05,1115.16,59.24,1.61,2168.53,2.44,1.34,1.69,1,5.15,10,38.387607573149744,144.5456,False,False,False,True,False,False,False,False,True,False,False,True,False
1160,5.02,36.84,23.92,457.76,60.65,9.9,2740.4,1.57,1.17,0.62,3,4.87,1,19.137123745819395,95.2205,True,False,False,False,False,False,False,True,False,False,False,True,False
2870,4.79,19.34,32.72,1048.52,100.19,1.55,2004.65,1.3,0.97,1.44,1,5.45,1,32.04523227383863,130.247,False,False,False,False,True,False,True,False,False,False,True,False,False
3735,5.89,18.54,10.59,1011.7,63.09,14.21,1149.0,1.1,0.61,0.7,1,4.33,12,95.533522190746,69.39900000000002,True,False,False,False,False,False,False,False,True,False,True,False,False
1630,6.03,12.63,26.76,579.17,269.05,5.77,2777.58,1.24,0.84,1.59,4,8.09,1,21.643124065769804,333.622,True,False,False,False,False,False,False,True,False,False,False,False,True
2397,6.61,33.76,33.71,105.06,225.68,0.62,1596.09,2.1,0.91,1.31,3,6.77,8,3.1165826164342927,473.92800000000005,False,False,False,False,True,False,False,False,True,False,False,True,False
3901,8.14,44.83,17.12,1172.47,130.3,1.04,1526.47,1.65,0.24,1.14,4,5.28,3,68.48539719626169,214.995,False,False,False,False,True,False,False,False,True,False,True,False,False
3517,7.97,42.78,15.87,851.77,226.73,5.2,2831.73,1.14,0.84,1.0,1,6.62,9,53.67170762444864,258.4722,False,False,False,False,True,False,False,False,True,False,False,True,False
2890,8.41,38.64,33.44,358.84,145.92,13.2,1982.58,1.91,0.63,0.54,3,6.58,12,10.730861244019138,278.70719999999994,False,False,False,False,True,False,False,False,False,True,True,False,False
3421,7.99,49.7,13.51,830.29,241.21,13.15,1644.9,2.06,0.53,1.15,2,5.79,10,61.45743893412287,496.8926,False,False,True,False,False,False,False,False,True,False,True,False,False
2563,7.76,37.92,24.59,365.13,171.41,14.54,1562.75,0.56,0.9,1.34,4,5.52,7,14.848718991459943,95.98960000000001,False,False,False,True,False,False,False,True,False,False,True,False,False
1605,6.63,32.85,22.21,495.74,245.87,12.74,1475.42,1.75,1.17,1.22,5,6.38,9,22.320576316974336,430.27250000000004,False,False,True,False,False,False,True,False,False,False,True,False,False
4638,5.66,16.97,34.56,161.85,156.27,3.12,1525.1,0.92,1.48,1.18,2,5.8,6,4.683159722222221,143.7684,True,False,False,False,False,True,False,False,False,False,False,True,False
2324,8.13,15.24,13.71,768.87,92.84,10.85,1787.52,2.53,0.4,1.85,1,6.6,3,56.08096280087527,234.8852,False,False,False,False,True,True,False,False,False,False,False,True,False
2709,6.05,47.54,11.8,755.05,199.11,5.3,2856.82,0.94,1.22,0.98,4,6.77,11,63.98728813559321,187.1634,False,False,False,False,True,False,True,False,False,False,False,False,True
4224,8.41,37.7,29.78,902.71,166.9,3.48,1238.82,2.83,0.57,1.66,5,6.21,2,30.31262592343855,472.32700000000006,False,False,False,False,True,True,False,False,False,False,True,False,False
1312,4.77,34.69,30.48,122.57,144.17,11.6,2194.41,2.02,0.3,1.78,6,5.22,5,4.021325459317585,291.22339999999997,False,False,False,True,False,False,True,False,False,False,True,False,False
3448,7.97,47.38,31.77,602.83,296.09,8.86,2064.66,1.29,1.44,0.88,3,8.18,12,18.974819011646208,381.9561,False,False,False,False,True,False,False,False,False,True,False,True,False
3812,7.45,34.04,25.03,307.11,119.66,14.84,2725.77,0.57,0.37,0.96,2,4.49,4,12.269676388333998,68.2062,True,False,False,False,False,False,True,False,False,False,True,False,False
4473,5.57,25.4,18.18,695.16,115.11,1.37,2819.07,1.02,1.16,0.9,5,6.56,2,38.23762376237624,117.4122,True,False,False,False,False,False,True,False,False,False,False,False,True
2362,5.02,36.74,18.4,1043.37,144.19,10.74,2286.87,1.47,1.28,1.62,2,6.03,12,56.704891304347825,211.95929999999998,False,True,False,False,False,False,True,False,False,False,True,False,False
1975,7.22,24.04,30.0,926.35,209.26,11.84,2374.9,2.11,1.36,1.52,1,6.87,9,30.878333333333334,441.5386,True,False,False,False,False,False,True,False,False,False,False,False,True
3514,8.14,46.18,16.18,244.59,171.18,14.52,2566.59,1.22,0.32,1.67,5,4.97,1,15.1168108776267,208.8396,True,False,False,False,False,True,False,False,False,False,False,True,False
1761,5.3,43.27,12.68,734.89,132.29,14.68,2524.63,0.62,0.93,1.43,2,5.47,6,57.956624605678236,82.01979999999999,False,True,False,False,False,False,False,True,False,False,True,False,False
2739,7.81,45.78,12.64,927.92,198.47,3.9,2862.44,2.32,0.56,1.9,4,6.7,4,73.41139240506328,460.45039999999995,False,False,False,True,False,False,True,False,False,False,False,False,True
4477,5.25,13.13,19.53,381.6,91.17,12.37,2126.15,2.98,0.93,0.64,1,4.62,10,19.53917050691244,271.6866,False,False,False,True,False,True,False,False,False,False,True,False,False
2472,8.14,44.37,15.0,697.59,263.46,2.93,2682.35,1.76,0.73,0.81,1,7.52,4,46.506,463.6896,True,False,False,False,False,False,True,False,False,False,False,True,False
4007,6.94,45.36,25.34,813.5,101.41,14.72,1894.84,0.66,1.32,1.32,4,6.28,1,32.103393843725335,66.9306,True,False,False,False,False,False,False,True,False,False,False,False,True
1493,5.35,16.23,15.43,373.59,271.72,2.87,2053.1,0.73,1.19,1.02,5,7.05,8,24.21192482177576,198.3556,False,False,False,True,False,False,False,False,False,True,True,False,False
2158,5.84,28.02,31.94,1140.52,82.75,11.49,1582.02,1.01,1.05,1.32,3,5.46,9,35.70820288040075,83.5775,False,True,False,False,False,False,False,True,False,False,False,True,False
1169,7.0,18.02,34.9,1199.86,81.81,9.15,2235.82,2.58,1.09,1.85,6,5.26,1,34.37994269340974,211.06980000000001,False,False,True,False,False,True,False,False,False,False,False,True,False
4503,6.06,39.38,12.59,897.96,130.73,8.1,2195.78,0.87,0.41,1.1,1,7.1,3,71.32327243844321,113.73509999999999,True,False,False,False,False,False,False,True,False,False,False,True,False
232,5.0,19.23,27.8,376.44,185.68,14.26,2274.94,2.02,1.11,1.93,5,5.87,1,13.541007194244603,375.0736,False,False,True,False,False,False,False,False,False,True,False,False,True
66,5.87,11.27,21.3,659.74,55.72,2.5,2203.11,0.71,0.68,1.26,5,5.58,8,30.973708920187793,39.5612,True,False,False,False,False,False,False,False,True,False,False,False,True
1603,6.05,34.44,27.4,918.08,70.68,10.47,2237.75,2.53,0.68,1.41,4,5.2,7,33.5065693430657,178.8204,False,False,True,False,False,False,True,False,False,False,False,False,True
3283,6.65,37.32,14.67,192.63,230.63,6.18,2916.99,2.11,1.43,1.66,4,8.04,1,13.130879345603272,486.62929999999994,False,False,False,True,False,False,True,False,False,False,False,True,False
3596,8.43,14.01,13.69,156.61,62.63,5.73,2788.32,0.8,1.15,1.47,5,4.06,11,11.43973703433163,50.104000000000006,False,False,True,False,False,False,False,True,False,False,True,False,False
125,5.3,18.57,29.79,415.86,241.02,3.24,2028.08,2.65,0.92,0.93,2,6.84,3,13.959718026183284,638.703,False,False,True,False,False,False,True,False,False,False,False,False,True
1296,7.96,18.38,25.77,338.52,205.99,2.03,1520.53,1.67,0.61,1.57,2,6.52,2,13.136204889406287,344.0033,False,True,False,False,False,False,False,False,True,False,False,False,True
1976,7.94,30.04,29.89,869.56,279.97,12.22,1089.76,2.98,0.89,1.54,1,7.27,1,29.09200401472064,834.3106,False,False,False,True,False,False,True,False,False,False,False,False,True
4342,4.52,40.85,29.51,458.55,190.63,3.66,1692.15,1.64,1.35,1.49,5,5.89,8,15.538800406641815,312.6332,False,False,True,False,False,False,False,False,True,False,True,False,False
4306,4.56,49.2,13.38,1057.02,80.83,6.05,1855.96,2.68,0.49,1.75,2,5.56,1,79.0,216.6244,False,False,False,False,True,False,False,False,False,True,True,False,False
2075,4.58,40.25,20.1,1035.66,62.32,14.8,2632.45,1.38,0.62,1.56,4,4.71,10,51.52537313432836,86.0016,False,True,False,False,False,True,False,False,False,False,True,False,False
3086,4.79,16.58,24.53,323.27,127.46,6.98,1502.14,0.67,1.16,1.36,5,5.35,10,13.178556869139827,85.3982,False,False,False,False,True,False,False,False,True,False,True,False,False
4281,4.81,42.12,23.12,966.69,281.94,10.44,2524.79,1.65,0.72,1.75,1,7.61,4,41.811851211072664,465.20099999999996,False,False,True,False,False,False,False,True,False,False,True,False,False
3345,5.6,48.28,33.34,1166.95,238.26,1.87,1655.14,0.62,1.01,1.1,5,7.59,10,35.00149970005999,147.72119999999998,False,False,True,False,False,False,True,False,False,False,True,False,False
4289,4.7,23.69,15.8,614.04,139.59,1.09,2025.42,0.98,1.13,1.26,4,6.96,12,38.8632911392405,136.7982,False,False,True,False,False,False,False,True,False,False,False,True,False
2797,7.09,28.77,28.32,343.95,88.37,13.47,2011.48,1.34,0.81,1.41,3,3.4,10,12.145127118644067,118.41580000000002,False,False,False,True,False,False,False,False,False,True,False,False,True
918,6.86,28.09,10.29,244.75,154.1,12.41,2624.72,2.13,0.49,0.87,5,5.01,12,23.785228377065113,328.23299999999995,False,True,False,False,False,False,False,False,True,False,False,True,False
1646,8.25,17.91,22.12,826.21,265.69,8.44,2792.33,1.9,0.45,1.03,3,7.66,9,37.35126582278481,504.811,False,True,False,False,False,False,False,False,False,True,False,True,False
364,4.77,10.98,28.54,1082.68,255.62,14.83,1764.21,1.59,0.25,1.66,2,7.52,9,37.93552908199019,406.43580000000003,False,True,False,False,False,False,False,False,True,False,False,True,False
3287,4.62,45.87,34.0,952.29,119.9,3.23,2128.97,2.59,0.58,1.55,1,5.67,6,28.008529411764705,310.541,False,False,True,False,False,True,False,False,False,False,True,False,False
2125,5.67,13.6,31.87,325.14,205.1,14.72,1486.58,1.36,0.46,0.61,1,5.78,2,10.202070913084405,278.93600000000004,False,False,True,False,False,False,False,False,True,False,False,False,True
4123,6.56,21.53,15.57,377.94,294.96,11.55,1747.38,2.06,0.74,0.59,4,7.71,5,24.273603082851636,607.6175999999999,True,False,False,False,False,False,False,False,True,False,True,False,False
525,5.79,41.61,24.79,705.55,117.99,5.03,1366.24,1.0,0.7,1.16,3,5.71,12,28.461073013311818,117.99,False,False,False,True,False,True,False,False,False,False,True,False,False
55,4.74,47.96,24.16,1195.77,178.35,1.01,2517.51,1.91,1.48,1.5,4,7.91,7,49.493791390728475,340.64849999999996,False,False,False,True,False,True,False,False,False,False,False,False,True
638,7.28,36.54,24.03,437.1,71.16,6.61,2435.01,2.6,0.37,1.09,4,4.65,8,18.18976279650437,185.016,True,False,False,False,False,False,False,True,False,False,False,True,False
302,5.47,46.5,15.79,1029.03,222.23,12.73,1484.75,2.6,1.31,0.73,3,8.12,12,65.16972767574414,577.798,True,False,False,False,False,False,True,False,False,False,False,False,True
2766,8.47,28.24,27.07,432.39,154.77,7.14,2991.66,2.61,1.38,0.96,3,6.41,8,15.973032877724417,403.9497,False,False,True,False,False,False,True,False,False,False,True,False,False
1276,5.63,24.1,24.73,612.07,186.85,12.49,1362.9,2.76,1.01,1.67,4,6.14,9,24.750101091791347,515.7059999999999,False,False,False,False,True,False,False,True,False,False,False,False,True
2055,4.56,29.09,29.05,331.13,132.77,14.3,2073.64,2.35,1.33,1.86,1,5.41,1,11.398623063683305,312.00950000000006,False,False,False,False,True,False,False,False,True,False,False,True,False
3644,4.98,15.53,10.2,236.06,72.38,14.24,2501.79,2.34,0.4,0.86,2,3.77,8,23.143137254901962,169.36919999999998,False,False,False,True,False,False,False,False,True,False,False,True,False
4143,7.95,41.61,34.63,171.07,185.54,3.25,2155.73,1.88,0.26,0.51,3,6.3,4,4.9399364712676865,348.81519999999995,False,False,False,True,False,False,False,True,False,False,True,False,False
2878,5.18,14.42,17.0,112.51,108.09,6.83,1753.35,2.87,0.53,0.59,5,4.23,1,6.618235294117647,310.2183,False,True,False,False,False,False,False,True,False,False,False,True,False
2286,4.68,23.18,26.69,349.53,155.39,10.25,1157.09,1.3,1.41,0.65,3,6.72,12,13.095916073435742,202.00699999999998,False,False,True,False,False,False,True,False,False,False,False,False,True
2261,5.06,12.16,20.69,1152.51,235.73,6.12,2832.75,2.56,1.15,1.54,4,7.84,9,55.70372160463992,603.4688,True,False,False,False,False,False,False,False,True,False,False,True,False
2296,7.74,23.84,17.5,637.66,229.91,2.89,1070.13,0.84,0.62,1.26,5,7.8,7,36.437714285714286,193.12439999999998,False,False,False,True,False,False,False,True,False,False,False,False,True
1753,6.99,28.55,31.11,388.54,147.82,6.14,2704.86,0.89,0.32,0.87,5,7.06,9,12.489231758277082,131.5598,False,True,False,False,False,False,False,True,False,False,False,False,True
1968,4.84,40.99,16.3,913.77,120.38,13.66,2108.36,0.96,0.99,1.84,2,5.21,12,56.05950920245398,115.56479999999999,False,True,False,False,False,False,False,False,False,True,True,False,False
4180,8.18,17.93,34.54,187.68,80.14,4.34,2215.79,2.45,1.34,1.64,5,5.83,12,5.43370005790388,196.34300000000002,False,True,False,False,False,True,False,False,False,False,False,True,False
3117,8.11,21.28,34.58,606.42,80.1,11.12,2887.98,2.97,0.63,1.96,5,5.36,9,17.536726431463272,237.897,False,False,True,False,False,False,False,False,True,False,False,False,True
2393,6.83,19.04,24.88,612.53,114.42,11.97,2271.75,2.43,0.57,1.53,6,4.92,5,24.619372990353696,278.04060000000004,False,False,False,True,False,False,False,False,False,True,True,False,False
523,4.97,19.8,22.39,546.9,135.35,1.42,1121.89,1.78,0.61,0.92,6,5.18,8,24.426083072800356,240.923,True,False,False,False,False,False,False,False,True,False,False,False,True
3900,6.58,36.81,13.7,494.47,243.41,13.69,2663.0,2.73,1.39,1.68,2,7.35,3,36.09270072992701,664.5092999999999,False,False,False,False,True,True,False,False,False,False,False,False,True
3122,7.0,26.32,19.3,933.08,290.97,1.64,2978.05,1.34,1.48,1.71,4,7.95,3,48.3461139896373,389.8998000000001,True,False,False,False,False,False,False,True,False,False,False,True,False
4156,6.88,14.32,26.17,1024.19,289.4,3.9,1614.8,0.9,0.38,1.51,2,8.17,8,39.136033626289645,260.46,False,True,False,False,False,False,False,True,False,False,False,False,True
1969,4.64,42.13,30.95,168.44,52.8,14.02,1500.31,0.6,1.04,1.99,1,2.9,11,5.44232633279483,31.679999999999996,True,False,False,False,False,False,False,False,True,False,False,False,True
671,7.19,39.44,30.23,425.84,276.13,11.14,1309.21,0.51,0.64,0.5,1,6.26,3,14.086668871981475,140.8263,False,True,False,False,False,False,False,False,True,False,False,False,True
666,7.02,25.61,16.78,350.98,56.87,0.7,1088.07,1.41,0.94,1.44,4,5.32,7,20.916567342073897,80.18669999999999,False,False,False,True,False,False,True,False,False,False,False,True,False
4168,6.07,28.04,29.87,538.14,90.73,13.63,1426.06,0.63,0.54,1.88,2,4.29,11,18.01606963508537,57.1599,False,True,False,False,False,False,False,True,False,False,False,False,True
1887,7.62,37.6,29.4,172.58,294.55,12.69,2171.59,2.78,1.48,1.76,2,6.99,1,5.870068027210885,818.8489999999999,True,False,False,False,False,False,False,False,True,False,False,True,False
3266,6.87,38.8,21.2,1027.35,101.93,4.81,1276.79,1.12,1.38,1.0,1,5.97,9,48.45990566037736,114.16160000000002,False,True,False,False,False,False,True,False,False,False,False,True,False
280,5.95,22.82,10.2,935.08,155.46,3.05,1987.64,1.02,0.85,1.95,2,7.05,9,91.67450980392158,158.56920000000002,True,False,False,False,False,False,False,False,True,False,False,True,False
1719,6.83,47.55,10.91,258.58,161.53,2.58,1841.18,2.14,0.53,1.74,2,5.65,12,23.701191567369385,345.67420000000004,False,False,False,False,True,True,False,False,False,False,False,True,False
2947,5.2,30.54,21.35,304.71,98.24,13.79,1899.38,2.37,0.58,0.73,6,3.86,1,14.272131147540982,232.8288,False,False,False,True,False,False,False,False,True,False,False,True,False
899,6.41,41.88,27.7,761.8,137.17,8.99,1825.87,2.5,0.96,1.77,1,5.52,11,27.501805054151625,342.92499999999995,False,False,True,False,False,False,False,False,True,False,False,False,True
4771,6.61,38.56,27.04,1095.89,276.07,7.1,1586.88,1.42,0.42,1.68,2,8.94,7,40.52847633136095,392.01939999999996,True,False,False,False,False,False,False,False,True,False,True,False,False
760,8.42,16.81,18.65,763.19,254.08,9.99,2602.19,2.06,0.39,0.78,3,7.32,11,40.92171581769438,523.4048,False,False,False,False,True,False,True,False,False,False,False,True,False
1906,5.49,19.84,27.04,624.25,67.43,2.3,2540.29,1.76,0.37,1.1,6,5.15,12,23.086168639053255,118.67680000000001,False,False,True,False,False,False,False,False,True,False,True,False,False
4042,5.03,27.55,34.0,473.53,289.85,12.23,1213.06,2.23,0.96,1.1,4,6.35,5,13.92735294117647,646.3655,False,True,False,False,False,False,False,False,False,True,False,False,True
3823,4.87,45.47,34.16,1024.12,176.94,9.07,2565.97,2.83,0.54,1.9,3,7.47,5,29.980093676814988,500.7402,False,True,False,False,False,False,True,False,False,False,True,False,False
4138,6.37,43.85,23.41,425.22,59.82,0.46,1844.57,2.43,1.27,0.82,1,6.15,8,18.16403246475865,145.36260000000001,False,False,False,True,False,False,False,True,False,False,True,False,False
3818,5.64,29.76,15.16,275.39,145.61,3.35,1003.71,2.89,1.05,1.86,2,6.15,5,18.1655672823219,420.81290000000007,False,False,False,False,True,False,True,False,False,False,False,True,False
2593,4.6,36.03,32.46,283.0,129.94,4.1,1272.76,1.0,0.5,1.65,1,5.06,6,8.718422674060381,129.94,False,False,False,False,True,False,False,False,True,False,False,True,False
4164,5.6,14.89,27.27,543.2,256.84,8.87,1968.88,2.66,0.76,0.58,1,6.94,3,19.91932526585992,683.1944,False,True,False,False,False,False,False,False,False,True,False,True,False
3031,6.95,44.1,16.79,397.77,147.64,11.27,2024.01,2.54,0.4,0.91,5,4.39,8,23.69088743299583,375.00559999999996,False,False,True,False,False,False,False,False,True,False,True,False,False
3579,7.34,11.62,25.39,909.0,235.35,5.57,2117.27,2.98,1.08,0.84,5,7.36,8,35.80149665222528,701.343,False,True,False,False,False,False,False,False,True,False,True,False,False
2832,7.79,39.85,34.62,115.12,195.47,9.45,2607.54,1.28,0.89,1.2,2,5.25,12,3.32524552281918,250.2016,False,False,True,False,False,False,False,True,False,False,False,True,False
3472,4.65,32.23,24.38,1173.13,284.35,13.1,2563.67,2.97,1.21,1.79,1,7.0,9,48.11853978671042,844.5195000000001,False,True,False,False,False,False,True,False,False,False,True,False,False
137,8.13,25.8,11.53,768.96,248.52,1.42,1280.36,1.32,1.39,1.5,5,7.62,9,66.6921075455334,328.0464,False,False,True,False,False,False,False,False,False,True,False,False,True
2180,7.65,23.42,16.82,657.04,290.38,13.74,1657.16,2.08,0.84,1.66,2,6.94,12,39.063020214030914,603.9904,False,False,True,False,False,False,False,True,False,False,False,False,True
2128,4.64,39.91,34.43,233.56,252.75,12.83,1893.34,0.53,1.45,1.51,5,6.01,4,6.7836189369735695,133.9575,False,False,True,False,False,False,False,False,False,True,True,False,False
3177,7.06,22.07,25.97,360.13,204.32,3.51,1617.23,1.28,0.41,1.82,1,6.79,2,13.867154408933384,261.5296,False,False,True,False,False,True,False,False,False,False,False,True,False
4194,7.34,17.67,21.73,1118.75,208.91,6.09,2552.11,1.26,0.58,1.11,5,6.96,2,51.48412333179935,263.2266,False,True,False,False,False,True,False,False,False,False,False,True,False
1331,5.88,16.94,23.43,916.9,110.57,11.82,1337.94,1.65,0.83,0.6,3,5.33,8,39.13358941527956,182.4405,False,False,True,False,False,False,False,True,False,False,False,False,True
2017,7.54,26.63,25.28,571.85,181.8,9.6,2851.96,0.82,0.94,1.46,5,6.97,11,22.620648734177216,149.076,False,True,False,False,False,False,False,False,True,False,False,True,False
2482,5.09,23.92,11.21,1046.05,169.9,1.06,2729.2,2.05,1.44,1.46,5,8.06,11,93.31400535236395,348.29499999999996,False,False,False,False,True,True,False,False,False,False,False,True,False
1358,7.77,15.23,24.22,611.87,94.84,2.99,2970.97,0.73,0.59,1.93,6,6.26,4,25.263005780346823,69.2332,False,False,True,False,False,False,False,False,True,False,False,False,True
1329,5.85,40.83,26.03,372.32,90.02,5.12,1923.06,2.43,1.11,1.91,3,5.07,7,14.303495966192854,218.7486,False,False,False,True,False,False,False,False,False,True,False,False,True
2150,7.22,20.74,17.75,802.58,228.29,7.06,1433.86,2.26,0.7,0.75,4,7.94,5,45.21577464788733,515.9354,False,True,False,False,False,False,False,False,False,True,False,True,False
2122,4.54,34.9,15.88,799.22,119.82,9.37,1875.67,2.07,0.76,1.37,3,5.24,4,50.3287153652393,248.02739999999997,True,False,False,False,False,False,False,False,False,True,False,False,True
3981,6.66,19.16,17.55,895.52,76.05,8.92,2751.41,1.7,0.55,1.01,5,3.57,1,51.02678062678062,129.285,False,True,False,False,False,False,False,False,False,True,True,False,False
1252,6.63,11.69,10.83,967.81,58.05,2.17,2129.5,2.38,1.28,0.96,3,5.76,7,89.36380424746075,138.159,False,False,True,False,False,False,False,False,False,True,False,False,True
3278,8.29,46.43,25.33,994.25,269.83,5.75,1783.55,0.71,1.08,1.25,6,7.64,1,39.251875246743,191.5793,True,False,False,False,False,False,True,False,False,False,False,False,True
3374,6.29,10.09,21.84,194.22,297.81,6.7,2333.41,0.98,1.45,1.65,5,7.83,5,8.892857142857142,291.8538,False,False,True,False,False,True,False,False,False,False,False,True,False
2814,5.98,39.02,27.94,938.94,128.3,2.13,1255.98,1.04,1.22,1.28,4,7.12,10,33.60558339298497,133.43200000000002,False,True,False,False,False,False,False,True,False,False,True,False,False
1848,7.28,11.61,11.93,447.37,190.73,4.43,2971.18,0.84,1.35,0.77,5,7.21,10,37.49958088851635,160.21319999999997,True,False,False,False,False,False,False,True,False,False,False,True,False
3037,8.3,38.27,18.62,872.32,274.88,11.74,1931.64,2.38,0.41,1.32,5,6.72,8,46.848549946294305,654.2144,False,False,True,False,False,False,False,False,False,True,False,True,False
388,5.11,37.81,21.62,904.46,81.9,2.68,1770.49,1.61,0.48,1.37,2,4.92,5,41.83441258094357,131.859,False,False,True,False,False,False,False,True,False,False,False,False,True
235,5.19,23.83,11.8,483.23,57.32,4.66,1332.98,1.54,1.37,1.45,5,4.64,4,40.95169491525424,88.2728,False,False,False,True,False,True,False,False,False,False,False,True,False
1077,6.7,28.97,25.21,637.78,119.7,8.86,1936.51,1.03,0.26,1.06,6,5.41,2,25.29869099563665,123.29100000000001,False,False,True,False,False,False,False,True,False,False,True,False,False
1984,7.26,32.46,10.95,404.02,198.97,3.19,1493.31,0.62,0.71,0.87,6,6.4,3,36.89680365296804,123.3614,False,False,False,True,False,True,False,False,False,False,False,False,True
3962,6.4,35.67,30.15,121.36,156.52,13.33,2195.48,2.06,1.07,1.8,5,5.35,3,4.025207296849088,322.43120000000005,False,False,False,True,False,True,False,False,False,False,False,True,False
770,6.91,22.4,24.08,300.75,256.55,14.44,2306.92,1.47,0.46,0.82,1,7.14,9,12.489617940199336,377.12850000000003,False,False,False,True,False,False,False,True,False,False,False,False,True
2165,8.48,10.32,20.69,267.83,146.78,12.66,1583.86,1.04,1.12,1.22,6,4.36,10,12.944900918318027,152.65120000000002,False,True,False,False,False,True,False,False,False,False,True,False,False
673,6.54,37.52,15.78,817.32,217.37,5.49,2785.29,0.54,1.11,0.72,3,6.41,2,51.79467680608366,117.37980000000002,True,False,False,False,False,False,False,False,True,False,False,False,True
249,7.73,30.18,22.65,1179.55,154.6,6.92,1819.49,2.78,0.8,1.34,3,6.56,6,52.07726269315673,429.78799999999995,True,False,False,False,False,False,False,False,True,False,False,False,True
1574,5.44,27.35,26.22,1109.5,119.82,6.12,2848.54,1.07,1.4,0.52,4,6.44,5,42.31502669717773,128.2074,True,False,False,False,False,True,False,False,False,False,False,False,True
3419,5.62,24.53,26.53,1090.17,291.35,12.19,2510.27,1.6,0.64,1.98,6,6.55,9,41.09197135318507,466.1600000000001,True,False,False,False,False,False,False,False,False,True,False,False,True
2081,6.48,41.85,15.98,496.93,106.44,13.85,2627.95,1.55,0.9,0.94,3,6.5,3,31.096996245306634,164.982,False,False,False,False,True,False,False,False,False,True,False,True,False
1823,8.26,42.67,13.03,750.85,211.56,13.71,2732.93,1.99,1.41,1.55,4,5.63,7,57.624712202609366,421.0044,False,True,False,False,False,False,False,False,True,False,False,False,True
716,7.86,19.81,32.52,1069.49,292.16,10.93,2047.67,0.57,1.26,1.7,5,7.98,11,32.887146371463714,166.5312,False,False,False,True,False,False,False,True,False,False,False,True,False
4486,4.7,27.9,23.49,439.06,80.53,0.66,1369.26,1.66,0.56,1.15,5,4.31,8,18.69135802469136,133.6798,False,False,True,False,False,False,False,False,False,True,True,False,False
2048,6.63,37.08,16.64,476.18,219.63,10.66,2382.65,0.99,0.34,1.29,1,6.53,6,28.616586538461537,217.4337,False,False,False,False,True,False,False,False,False,True,False,True,False
4178,7.14,18.92,30.14,315.63,221.8,4.5,2554.87,0.92,1.4,0.78,6,6.69,10,10.4721300597213,204.056,True,False,False,False,False,False,False,True,False,False,True,False,False
2724,7.99,38.1,11.92,204.91,105.79,2.2,2460.82,1.16,0.66,1.62,1,5.06,12,17.190436241610737,122.7164,False,False,False,False,True,False,False,False,False,True,False,False,True
4346,5.8,47.45,16.69,434.32,114.82,14.2,2762.37,0.53,0.99,1.72,1,5.32,8,26.02276812462552,60.8546,False,False,True,False,False,False,True,False,False,False,False,False,True
1460,6.76,28.02,29.72,476.32,60.84,12.64,1979.63,2.72,0.99,1.7,2,5.23,10,16.02691790040377,165.4848,False,False,True,False,False,False,False,False,True,False,True,False,False
1668,5.32,30.36,25.52,697.77,122.7,9.35,2575.49,2.73,1.42,1.53,2,4.48,1,27.34208463949843,334.971,True,False,False,False,False,False,False,True,False,False,False,True,False
2756,7.55,14.8,34.91,1142.32,66.91,13.19,1615.34,0.6,1.26,0.6,3,3.61,6,32.72185620166142,40.145999999999994,False,False,False,False,True,True,False,False,False,False,False,True,False
2000,5.86,47.8,19.88,638.39,142.65,4.63,1966.43,2.37,0.58,0.54,2,6.89,3,32.11217303822938,338.08050000000003,False,False,False,False,True,False,False,True,False,False,True,False,False
404,7.09,31.02,33.32,220.29,85.19,1.2,2025.95,1.62,0.96,1.08,1,5.35,11,6.611344537815126,138.0078,False,False,False,False,True,False,False,True,False,False,True,False,False
384,6.64,18.1,33.54,963.7,139.77,9.43,1890.68,2.45,0.73,1.96,2,5.03,6,28.732856290995826,342.4365,False,True,False,False,False,False,False,False,True,False,True,False,False
4317,7.83,43.4,10.54,522.75,196.63,8.37,1236.57,1.78,0.91,0.54,3,6.09,7,49.59677419354839,350.0014,False,True,False,False,False,False,False,True,False,False,True,False,False
2152,5.9,45.59,21.54,821.62,263.86,1.17,2835.42,2.79,0.25,1.8,1,7.93,12,38.143918291550605,736.1694,False,False,True,False,False,False,True,False,False,False,False,True,False
1633,8.25,46.89,31.23,955.68,181.52,5.99,1632.14,0.73,0.73,0.91,5,7.21,7,30.601344860710853,132.5096,False,False,False,False,True,False,True,False,False,False,False,False,True
4408,6.94,16.66,20.82,881.58,235.25,14.69,2892.93,2.67,0.77,1.01,6,6.84,3,42.34293948126801,628.1175,False,False,False,False,True,False,False,False,True,False,False,True,False
3925,5.92,46.16,22.29,870.34,115.05,11.57,2979.21,0.71,0.36,1.8,2,4.97,8,39.04620906235981,81.68549999999999,False,True,False,False,False,False,False,False,True,False,False,True,False
4158,5.75,26.91,25.36,146.34,172.76,7.16,1357.0,2.75,0.91,0.76,1,5.91,12,5.770504731861199,475.09,False,False,False,False,True,False,False,True,False,False,True,False,False
223,7.8,38.87,16.59,1098.26,168.79,2.76,2248.16,2.9,0.79,0.66,5,7.29,5,66.20012055455094,489.491,False,False,False,True,False,True,False,False,False,False,False,True,False
2193,8.39,14.85,18.39,907.32,217.2,12.75,2428.18,1.21,1.11,1.1,4,7.11,2,49.337683523654164,262.81199999999995,False,False,False,True,False,False,False,False,False,True,False,False,True
3136,4.81,37.59,28.87,195.32,148.11,1.97,2519.54,0.65,1.19,1.55,5,5.71,3,6.765500519570488,96.27150000000002,False,True,False,False,False,True,False,False,False,False,False,False,True
1824,4.54,42.45,20.48,673.8,212.53,12.6,1333.78,0.58,0.57,1.03,6,6.29,12,32.900390625,123.2674,False,True,False,False,False,True,False,False,False,False,False,False,True
4421,5.92,30.6,14.57,106.43,82.34,5.42,2592.25,2.63,0.62,0.53,5,4.07,11,7.304735758407688,216.5542,False,False,False,False,True,False,False,False,False,True,True,False,False
797,7.86,41.43,19.24,1106.86,132.59,13.09,1372.17,0.61,1.42,0.55,4,6.11,7,57.52910602910603,80.8799,False,False,False,False,True,False,False,False,True,False,False,True,False
2871,6.18,40.27,22.11,849.79,117.88,5.88,1508.41,2.14,0.84,0.95,3,5.78,5,38.434644957033015,252.2632,True,False,False,False,False,False,False,True,False,False,True,False,False
9,7.37,41.57,29.81,970.26,296.3,9.48,2518.5,0.51,1.1,0.58,6,8.55,11,32.54813820865481,151.113,True,False,False,False,False,False,True,False,False,False,True,False,False
1944,4.53,24.27,27.51,1169.44,68.06,5.64,1645.41,2.16,0.79,1.58,4,5.52,7,42.5096328607779,147.0096,False,False,False,True,False,False,False,True,False,False,False,True,False
1838,7.21,26.19,12.81,126.86,274.12,8.03,1686.67,1.69,1.09,1.85,2,7.62,11,9.903200624512099,463.26279999999997,False,False,False,True,False,False,True,False,False,False,False,False,True
255,7.14,31.83,13.51,957.74,88.11,9.9,1258.68,1.98,0.52,1.04,2,6.14,8,70.89119170984456,174.4578,True,False,False,False,False,False,False,True,False,False,False,True,False
4333,6.97,41.27,26.25,782.32,121.07,1.18,1697.16,2.45,0.92,1.34,2,6.31,1,29.802666666666667,296.6215,False,True,False,False,False,False,False,True,False,False,False,True,False
1581,7.03,29.5,13.09,940.97,131.73,3.5,1134.89,2.41,0.59,1.72,6,5.95,11,71.88464476699771,317.4693,True,False,False,False,False,False,False,True,False,False,False,True,False
2956,6.9,13.77,30.64,1119.9,191.25,9.11,1345.87,1.18,1.11,1.14,6,6.52,2,36.550261096605745,225.67499999999998,True,False,False,False,False,False,True,False,False,False,True,False,False
924,4.81,21.65,20.98,653.51,191.04,5.31,2590.66,1.65,0.86,1.02,4,6.64,9,31.149189704480456,315.21599999999995,False,True,False,False,False,False,False,False,True,False,True,False,False
4255,7.95,31.36,11.66,371.49,283.71,14.79,2762.48,1.38,0.22,0.81,5,6.48,8,31.860205831903947,391.5197999999999,False,False,True,False,False,False,False,True,False,False,False,True,False
2508,5.3,41.06,29.27,871.95,102.47,3.57,1184.31,2.75,0.53,0.99,4,7.71,8,29.7898872565767,281.7925,False,False,False,True,False,False,False,True,False,False,False,True,False
3775,6.9,40.11,21.11,1167.93,64.06,7.51,2502.05,1.43,0.65,1.96,5,5.11,7,55.32591189009948,91.6058,False,False,True,False,False,False,False,False,True,False,False,False,True
4136,8.26,32.61,18.74,1193.81,218.71,5.23,2678.91,1.21,1.37,0.51,5,6.43,10,63.70384204909285,264.6391,False,True,False,False,False,False,False,True,False,False,False,False,True
2779,6.23,41.93,10.18,301.72,207.19,9.32,1877.58,0.73,0.73,1.25,1,6.91,7,29.6385068762279,151.24869999999999,True,False,False,False,False,False,False,False,True,False,True,False,False
539,7.19,27.69,20.7,205.09,213.06,3.04,2304.08,0.98,0.28,1.16,1,6.89,7,9.907729468599035,208.7988,True,False,False,False,False,False,True,False,False,False,False,True,False
2745,8.37,28.1,28.83,661.86,177.47,12.03,2411.56,2.81,0.86,0.89,6,5.22,10,22.957336108220606,498.6907,False,False,False,True,False,False,True,False,False,False,False,False,True
4323,7.03,10.56,15.24,224.55,119.61,2.58,1610.56,2.11,0.58,1.28,6,5.39,7,14.734251968503937,252.37709999999998,True,False,False,False,False,False,False,True,False,False,False,True,False
4393,8.48,48.17,15.29,216.31,273.62,5.75,1390.77,1.74,0.65,1.13,3,8.17,1,14.147155003270113,476.0988,False,False,False,True,False,False,True,False,False,False,False,True,False
1145,7.54,24.55,32.91,912.43,245.36,5.88,2526.54,1.3,0.97,1.86,5,7.17,3,27.725007596475237,318.968,False,False,False,True,False,False,False,False,False,True,False,False,True
667,6.81,44.99,32.74,576.47,202.96,14.95,2736.19,1.91,1.29,1.69,5,4.66,4,17.607513744654856,387.6536,True,False,False,False,False,False,False,False,True,False,False,False,True
3019,8.12,10.35,25.33,1149.95,272.37,3.52,1056.93,2.47,0.49,1.54,4,8.23,8,45.39873667587841,672.7539,False,False,True,False,False,False,False,True,False,False,False,True,False
357,8.45,26.31,33.05,1109.61,104.15,9.91,2792.59,0.95,1.22,1.71,1,4.96,9,33.573676248108924,98.9425,False,False,False,False,True,True,False,False,False,False,False,False,True
2831,6.97,29.85,20.97,435.62,174.07,8.91,2357.97,1.09,0.3,1.28,4,6.1,6,20.773485932284217,189.7363,False,False,False,True,False,True,False,False,False,False,True,False,False
2783,8.3,23.82,19.16,525.36,209.32,7.66,2998.36,1.29,0.2,1.47,6,6.77,9,27.419624217118997,270.0228,False,False,False,True,False,False,False,False,True,False,False,True,False
1353,6.77,13.14,23.5,353.08,182.12,6.56,2768.42,1.55,1.36,1.43,6,6.61,8,15.02468085106383,282.286,True,False,False,False,False,True,False,False,False,False,False,True,False
470,5.58,28.96,29.35,770.81,251.86,13.17,2090.58,2.4,1.28,1.66,6,7.0,3,26.262691652470185,604.464,True,False,False,False,False,False,False,False,False,True,False,False,True
2703,5.64,20.05,28.4,1023.09,297.54,6.17,1637.16,2.04,0.97,0.92,3,8.42,1,36.02429577464789,606.9816000000001,False,False,False,True,False,True,False,False,False,False,False,True,False
3330,6.96,13.61,19.57,870.52,223.83,9.25,1069.27,1.37,0.47,0.57,3,6.96,2,44.48237097598365,306.6471,True,False,False,False,False,False,False,True,False,False,True,False,False
3637,8.28,18.18,19.82,580.41,199.71,9.71,2744.09,2.82,1.08,0.55,3,6.67,2,29.284056508577194,563.1822,False,True,False,False,False,True,False,False,False,False,False,True,False
1396,4.84,22.46,19.57,920.12,250.57,6.81,1299.25,1.7,0.94,0.52,4,6.98,4,47.016862544711294,425.969,False,False,False,True,False,False,True,False,False,False,False,False,True
3584,6.41,20.74,31.31,755.82,112.35,5.64,1260.57,2.52,1.1,0.58,5,6.34,8,24.13989140849569,283.122,False,False,True,False,False,False,False,False,False,True,True,False,False
4311,5.89,34.13,13.01,210.19,177.58,12.8,2474.96,2.93,0.52,1.99,5,5.7,4,16.156033820138354,520.3094000000001,False,False,False,False,True,False,False,False,True,False,False,False,True
3376,5.97,11.97,32.2,499.11,206.67,0.46,1967.11,1.37,0.88,1.8,5,6.48,8,15.500310559006211,283.1379,False,False,False,False,True,False,False,False,True,False,True,False,False
1256,7.39,16.84,31.56,157.23,274.58,3.62,2388.98,0.81,0.96,1.37,6,7.35,9,4.981939163498099,222.4098,True,False,False,False,False,False,False,True,False,False,False,True,False
3512,5.96,38.27,13.59,1049.63,197.14,12.4,1922.92,1.69,1.18,1.54,1,7.33,3,77.23546725533481,333.16659999999996,False,False,True,False,False,False,False,True,False,False,False,False,True
1250,4.6,13.29,25.28,808.7,87.51,4.84,1487.2,1.69,0.63,1.41,2,4.75,12,31.98971518987342,147.8919,False,False,True,False,False,False,False,False,False,True,False,False,True
4617,5.43,18.1,17.86,878.77,250.18,13.17,1119.69,2.38,0.26,0.79,3,6.02,12,49.203247480403135,595.4284,False,False,True,False,False,False,False,True,False,False,False,False,True
3284,7.0,11.88,26.86,1195.67,110.59,9.89,1609.26,2.56,0.93,1.46,3,5.0,7,44.514892032762475,283.1104,False,True,False,False,False,False,True,False,False,False,False,True,False
2933,7.84,13.99,33.01,540.95,115.17,5.9,1772.62,0.76,1.04,1.86,6,4.93,4,16.387458345955775,87.5292,False,False,False,False,True,False,False,False,True,False,True,False,False
4175,7.41,25.18,19.72,1016.46,249.28,8.76,1727.96,1.55,1.27,1.44,4,7.32,12,51.54462474645031,386.384,False,False,True,False,False,False,False,True,False,False,False,False,True
1852,4.94,45.67,14.6,813.68,142.56,4.95,1881.48,2.9,1.37,1.46,2,6.65,11,55.73150684931507,413.424,False,False,False,False,True,False,True,False,False,False,False,True,False
4675,6.25,33.98,21.73,1096.1,191.35,3.15,2713.05,1.37,0.83,1.04,2,6.68,6,50.44178554993096,262.1495,False,False,True,False,False,False,False,False,True,False,False,True,False
2105,7.98,10.99,28.51,640.3,50.09,11.37,2080.08,2.27,0.4,0.74,4,3.63,7,22.458786390740087,113.7043,False,False,False,True,False,False,False,False,False,True,True,False,False
133,7.31,12.14,11.62,1162.04,132.28,11.34,2903.5,2.61,0.35,1.37,6,6.12,4,100.00344234079174,345.25079999999997,False,False,False,False,True,False,False,False,False,True,False,True,False
928,7.76,40.87,10.25,606.98,115.7,12.14,2798.56,0.6,0.23,1.74,5,4.75,5,59.21756097560976,69.42,False,False,True,False,False,False,False,False,True,False,False,False,True
823,6.93,32.17,13.43,1163.32,154.74,8.89,1142.18,2.76,0.89,1.37,3,6.65,4,86.62099776619509,427.0824,True,False,False,False,False,False,False,False,True,False,False,False,True
4365,6.35,16.84,26.66,653.74,121.96,3.0,1790.49,2.11,0.95,1.69,3,6.2,6,24.52138034508627,257.3356,True,False,False,False,False,True,False,False,False,False,False,True,False
1531,6.26,12.69,16.98,952.14,285.9,13.42,2649.89,1.99,1.15,1.62,1,6.02,2,56.07420494699647,568.9409999999999,True,False,False,False,False,True,False,False,False,False,False,False,True
1214,4.78,32.18,14.57,409.93,283.03,10.84,2906.62,0.74,0.96,0.74,6,7.15,1,28.135209334248454,209.44219999999999,False,False,False,False,True,False,False,True,False,False,False,False,True
504,5.77,10.16,24.87,939.57,206.21,11.24,2974.4,0.71,1.23,0.9,2,6.58,8,37.77925211097708,146.4091,False,False,False,True,False,True,False,False,False,False,False,True,False
4285,6.26,17.19,18.72,339.61,289.59,13.74,1384.78,1.44,0.4,0.89,4,8.35,7,18.14155982905983,417.0095999999999,False,False,False,False,True,False,True,False,False,False,False,True,False
1996,7.19,33.23,33.11,575.12,94.98,13.93,1101.5,2.17,1.18,1.56,1,4.88,7,17.36997885835095,206.10660000000001,True,False,False,False,False,False,False,False,False,True,True,False,False
3072,8.14,24.71,34.93,685.21,154.67,10.74,1864.82,1.94,0.76,1.65,2,5.33,7,19.61666189521901,300.0598,False,False,False,True,False,True,False,False,False,False,False,True,False
1958,6.94,48.78,29.2,948.11,243.55,11.0,1099.94,1.15,1.37,1.74,4,7.44,11,32.46952054794521,280.0825,False,False,False,False,True,False,False,False,True,False,False,False,True
1384,4.94,42.92,11.37,906.21,181.9,3.03,1400.18,0.95,0.3,1.47,5,6.74,5,79.70184696569922,172.805,False,False,False,False,True,True,False,False,False,False,False,True,False
894,6.25,41.69,12.98,360.31,297.15,7.79,1890.61,0.8,0.38,1.44,1,7.72,9,27.758859784283512,237.72,True,False,False,False,False,False,False,False,False,True,False,True,False
455,7.21,13.63,20.23,1033.5,167.83,2.17,1102.02,0.75,0.45,1.24,6,6.59,5,51.08749382105783,125.8725,True,False,False,False,False,True,False,False,False,False,False,False,True
4454,6.11,34.95,15.3,427.37,205.03,7.27,2753.12,2.48,1.48,1.9,2,8.24,9,27.93267973856209,508.4744,False,False,False,True,False,False,False,True,False,False,False,False,True
3709,5.46,11.14,27.41,560.93,274.87,2.64,2990.96,1.33,0.79,1.56,5,8.15,4,20.464429040496167,365.57710000000003,False,True,False,False,False,True,False,False,False,False,False,False,True
4437,5.04,18.96,32.41,1172.09,155.68,9.78,1551.21,1.88,1.32,0.5,5,6.51,7,36.16445541499537,292.6784,False,False,False,False,True,True,False,False,False,False,False,False,True
4268,6.74,21.21,25.41,883.8,244.65,12.97,1785.84,2.75,0.41,1.49,6,7.64,5,34.781582054309325,672.7875,True,False,False,False,False,False,True,False,False,False,False,True,False
3522,7.28,29.3,31.33,1189.77,107.71,1.08,1641.3,2.25,1.29,1.8,4,5.93,8,37.975422917331635,242.3475,False,False,True,False,False,False,True,False,False,False,True,False,False
4134,8.4,13.03,32.35,287.99,134.7,6.49,2334.02,2.71,1.21,0.53,1,6.21,11,8.902318392581144,365.037,False,False,False,False,True,False,False,False,True,False,False,False,True
3602,5.52,44.01,23.1,142.18,258.85,4.24,1886.11,1.93,1.0,1.09,4,5.87,1,6.154978354978355,499.58050000000003,False,True,False,False,False,True,False,False,False,False,False,True,False
713,8.26,47.19,34.97,1167.26,167.99,14.19,2809.33,1.9,0.31,0.87,2,5.73,6,33.378896196740065,319.181,False,False,False,False,True,True,False,False,False,False,False,False,True
4186,5.88,47.5,33.53,1029.3,161.66,2.88,2858.7,1.13,0.53,1.77,5,6.17,9,30.69788249328959,182.67579999999998,False,True,False,False,False,False,True,False,False,False,True,False,False
2214,8.07,19.55,31.34,998.95,285.3,4.69,1124.55,2.51,1.02,0.56,6,8.09,1,31.87460114869177,716.103,False,False,False,False,True,False,False,False,True,False,False,True,False
2923,8.38,42.71,18.23,1189.84,254.6,13.43,2305.59,2.58,1.38,1.88,6,7.33,11,65.26823916620954,656.868,False,False,True,False,False,False,False,False,False,True,True,False,False
1810,6.18,46.78,33.02,472.37,195.0,12.34,2466.69,0.7,1.3,0.58,3,6.39,7,14.305572380375528,136.5,False,False,True,False,False,False,False,False,False,True,True,False,False
3486,5.2,42.72,12.87,137.62,54.49,1.19,2593.47,2.24,0.98,1.03,6,5.15,4,10.693084693084694,122.05760000000002,True,False,False,False,False,False,True,False,False,False,False,True,False
3141,6.91,17.96,34.9,1104.57,152.12,9.56,1287.25,1.0,0.79,1.52,4,6.19,10,31.649570200573066,152.12,False,True,False,False,False,False,False,False,False,True,False,False,True
1827,7.58,31.46,22.79,1004.67,121.76,14.53,2998.54,1.89,0.95,1.87,6,4.89,9,44.08380868802106,230.1264,False,True,False,False,False,False,False,False,True,False,True,False,False
1155,8.3,45.05,24.49,1196.78,61.0,9.61,1588.02,0.96,0.74,0.63,3,4.52,1,48.8681094324214,58.559999999999995,False,True,False,False,False,False,False,False,True,False,True,False,False
1324,5.78,20.32,30.74,784.96,101.4,10.34,1521.52,1.27,0.3,1.11,5,5.33,1,25.535458685751465,128.77800000000002,False,False,False,True,False,False,False,True,False,False,False,True,False
4312,6.0,17.25,18.21,352.61,225.4,3.58,2915.54,0.79,1.27,1.32,2,7.01,11,19.363536518396486,178.066,False,False,False,True,False,False,False,False,True,False,False,False,True
510,6.2,28.25,26.88,138.96,145.21,7.44,2915.99,2.92,0.58,1.65,1,5.77,4,5.169642857142858,424.01320000000004,False,False,True,False,False,False,True,False,False,False,False,False,True
1680,5.79,47.96,13.74,917.85,157.67,10.83,1459.84,2.22,0.89,1.28,4,6.1,8,66.80131004366812,350.0274,True,False,False,False,False,False,True,False,False,False,False,True,False
499,5.31,24.6,24.7,144.15,121.89,3.99,2003.09,2.33,0.83,1.76,6,5.47,5,5.836032388663968,284.00370000000004,False,False,False,True,False,False,False,False,False,True,False,False,True
4358,4.86,40.6,14.24,943.05,294.05,8.63,1439.36,2.13,0.8,1.6,6,7.48,5,66.2254213483146,626.3265,False,False,False,True,False,False,False,True,False,False,False,True,False
1856,7.57,34.65,11.27,494.5,271.13,0.6,2167.02,0.75,1.48,0.7,2,6.05,12,43.87755102040816,203.3475,False,False,True,False,False,False,False,False,False,True,True,False,False
1388,6.12,38.22,16.06,817.7,112.12,4.7,2767.54,0.51,0.34,1.66,2,5.6,10,50.91531755915318,57.181200000000004,False,False,True,False,False,False,False,True,False,False,False,True,False
3719,6.55,27.16,25.72,646.98,141.54,4.42,2356.75,1.94,0.98,0.82,6,6.32,1,25.1547433903577,274.58759999999995,False,False,False,False,True,False,False,False,False,True,False,True,False
2386,7.72,13.94,19.8,552.47,71.85,5.01,1708.94,2.74,1.12,1.14,1,4.35,11,27.90252525252525,196.869,False,False,False,True,False,False,False,False,False,True,False,True,False
3236,7.79,13.48,24.53,1177.19,192.24,0.98,1294.54,2.4,1.28,1.97,3,8.53,4,47.98980839788015,461.376,False,True,False,False,False,False,False,False,False,True,True,False,False
1540,8.06,25.46,23.13,651.18,108.03,14.16,2755.72,1.91,0.33,1.74,1,5.13,10,28.153047989623865,206.3373,False,False,False,False,True,False,False,False,True,False,True,False,False
1217,4.55,42.24,24.53,1106.56,226.62,8.28,1401.37,0.53,0.84,1.31,5,7.02,12,45.110476966979206,120.10860000000001,True,False,False,False,False,False,False,True,False,False,False,True,False
2681,6.91,22.15,31.89,103.82,174.76,9.7,2645.91,0.99,1.48,1.45,6,6.21,9,3.2555660081530258,173.01239999999999,False,True,False,False,False,True,False,False,False,False,False,False,True
2993,7.92,46.03,22.94,609.66,212.85,11.43,1011.68,2.47,1.06,1.17,5,6.12,6,26.576285963382734,525.7395,False,False,False,False,True,True,False,False,False,False,False,True,False
1191,7.13,20.93,20.61,1064.74,138.54,8.37,1208.51,1.74,1.01,1.98,5,7.33,10,51.661329451722466,241.0596,False,False,False,True,False,False,False,False,True,False,True,False,False
1542,7.7,18.15,24.5,137.51,57.63,11.84,2460.18,2.98,0.85,1.44,2,4.24,3,5.612653061224489,171.7374,False,False,True,False,False,False,False,True,False,False,False,True,False
3301,8.13,35.47,16.36,249.5,86.25,0.74,2225.4,1.23,1.08,1.35,6,5.27,1,15.250611246943766,106.08749999999999,False,False,False,True,False,False,False,False,False,True,False,True,False
3324,6.22,44.1,13.73,497.25,131.92,6.86,1968.97,1.73,0.35,0.73,3,6.1,3,36.2163146394756,228.22159999999997,False,True,False,False,False,True,False,False,False,False,False,False,True
2539,6.08,26.84,23.28,1169.03,179.11,7.8,1269.87,0.89,1.43,0.94,1,6.64,8,50.21606529209622,159.4079,False,False,True,False,False,False,False,False,False,True,False,False,True
953,6.69,19.2,10.95,181.31,169.74,1.5,2661.91,1.1,1.14,0.58,2,6.14,6,16.55799086757991,186.71400000000003,False,False,False,True,False,False,True,False,False,False,True,False,False
4330,5.76,39.36,11.92,535.33,266.74,12.98,1757.95,1.11,1.44,1.92,4,7.25,7,44.91023489932886,296.08140000000003,False,True,False,False,False,False,False,True,False,False,False,True,False
732,5.61,28.17,25.23,395.36,76.61,14.03,1880.15,0.91,1.42,1.63,2,3.49,10,15.670233848592945,69.7151,False,True,False,False,False,False,False,False,False,True,True,False,False
1156,5.51,34.49,18.57,833.01,286.01,10.3,2856.35,2.73,1.07,1.4,1,7.53,6,44.8578352180937,780.8072999999999,False,False,False,True,False,True,False,False,False,False,True,False,False
3294,4.71,48.63,28.89,1111.88,264.39,0.85,2103.87,2.65,1.35,1.64,1,8.5,2,38.486673589477334,700.6334999999999,False,False,False,True,False,False,False,False,True,False,True,False,False
2982,6.87,34.95,30.38,1130.45,186.52,7.27,2951.62,2.32,1.34,1.06,3,6.89,11,37.21033574720211,432.7264,False,True,False,False,False,False,True,False,False,False,False,True,False
2156,5.77,34.55,13.79,730.97,190.38,5.21,2905.91,1.47,1.44,0.59,4,6.52,10,53.007251631617116,279.85859999999997,True,False,False,False,False,True,False,False,False,False,False,False,True
1062,6.44,35.37,30.01,325.04,286.31,4.13,1246.34,2.06,1.35,0.76,1,7.71,8,10.831056314561813,589.7986,False,False,True,False,False,True,False,False,False,False,False,True,False
2616,8.06,25.94,25.12,687.41,134.81,6.7,1667.14,2.56,0.81,0.63,5,6.75,1,27.365047770700635,345.1136,False,True,False,False,False,False,False,False,False,True,True,False,False
1167,8.04,33.34,34.09,651.58,87.06,5.02,1820.28,1.13,0.43,1.17,4,5.43,12,19.113523027280728,98.3778,False,False,False,True,False,False,True,False,False,False,False,False,True
3222,6.78,17.92,16.47,977.19,155.87,12.98,1345.2,1.36,0.69,1.04,6,7.42,2,59.33151183970857,211.9832,False,True,False,False,False,False,False,True,False,False,True,False,False
3636,5.06,30.46,19.33,405.02,267.59,14.37,1326.13,2.12,0.85,0.72,1,7.34,7,20.95292291774444,567.2908,True,False,False,False,False,False,False,False,False,True,False,False,True
2938,8.38,35.57,19.45,665.3,167.88,2.03,1265.14,1.93,0.93,1.47,1,5.75,9,34.20565552699229,324.0084,False,False,True,False,False,False,True,False,False,False,True,False,False
3140,7.9,42.05,15.59,918.49,114.14,6.52,2439.84,2.48,0.99,1.18,3,6.46,1,58.915330339961514,283.0672,False,False,True,False,False,True,False,False,False,False,True,False,False
143,7.89,43.17,19.09,891.7,77.77,10.67,1753.53,2.2,1.12,1.71,4,5.39,9,46.71031953902567,171.094,False,True,False,False,False,False,False,True,False,False,True,False,False
3577,8.24,27.21,15.34,892.97,165.22,13.23,1652.35,1.81,1.21,0.64,4,5.68,7,58.21186440677966,299.0482,True,False,False,False,False,False,False,True,False,False,False,False,True
2782,6.2,23.91,22.22,849.59,185.49,9.15,2060.83,1.76,0.6,0.87,3,6.81,4,38.23537353735374,326.4624,False,False,True,False,False,False,False,False,False,True,False,True,False
717,5.83,34.17,28.65,920.69,218.55,13.8,2155.28,2.28,1.15,0.95,1,6.32,12,32.13577661431065,498.294,False,True,False,False,False,False,True,False,False,False,True,False,False
1819,5.12,14.29,26.77,1031.09,126.07,8.43,1900.74,0.65,0.44,0.64,6,6.78,12,38.516623085543515,81.9455,False,False,True,False,False,False,True,False,False,False,False,True,False
2502,8.42,10.8,33.98,560.76,174.19,5.68,2254.0,1.62,0.48,1.29,5,5.69,1,16.502648616833433,282.18780000000004,False,True,False,False,False,False,False,False,True,False,True,False,False
4171,6.87,11.58,15.14,484.84,152.09,6.24,2944.63,0.71,1.48,1.49,6,5.78,7,32.02377807133421,107.98389999999999,False,False,True,False,False,False,False,False,True,False,True,False,False
395,5.92,16.19,32.87,551.59,263.96,5.73,1032.33,2.39,1.13,1.99,2,7.67,10,16.780955278369337,630.8643999999999,False,False,False,False,True,False,True,False,False,False,False,True,False
4645,6.36,10.48,26.44,1180.85,62.87,11.71,1277.26,2.45,1.35,0.79,2,5.31,12,44.66149773071104,154.0315,False,False,False,True,False,False,False,False,False,True,True,False,False
1365,7.29,49.26,10.98,824.19,296.93,3.5,1367.71,2.71,0.21,1.75,6,8.17,8,75.06284153005464,804.6803,False,False,False,True,False,False,True,False,False,False,False,False,True
4403,8.18,44.92,29.89,647.1,63.57,10.07,1475.56,1.2,0.46,1.71,6,5.17,6,21.64938106390097,76.28399999999999,True,False,False,False,False,False,False,True,False,False,False,False,True
595,5.87,28.76,28.61,232.4,180.79,5.54,1626.58,2.86,0.4,1.94,3,5.87,12,8.12303390422929,517.0594,False,False,True,False,False,True,False,False,False,False,True,False,False
3952,6.37,49.94,24.79,1092.7,220.8,5.31,2234.89,1.22,1.3,1.98,3,7.48,2,44.078257361839455,269.37600000000003,False,True,False,False,False,True,False,False,False,False,True,False,False
2914,5.06,49.23,30.0,895.92,56.72,8.16,1010.67,0.8,0.83,0.74,5,4.44,4,29.863999999999997,45.376000000000005,False,False,False,True,False,False,False,False,False,True,False,False,True
2326,6.02,18.47,31.06,464.96,138.69,6.94,1064.2,2.53,0.46,1.92,1,5.15,3,14.96973599484868,350.8857,False,False,True,False,False,False,True,False,False,False,False,True,False
3766,4.87,25.32,29.81,1090.64,68.71,0.4,1798.22,0.69,0.37,1.07,6,5.16,12,36.586380409258645,47.40989999999999,True,False,False,False,False,False,False,False,True,False,False,False,True
3440,6.22,37.82,23.59,529.43,274.83,3.02,2333.36,0.87,0.34,0.5,5,7.26,11,22.442984315387875,239.10209999999998,False,True,False,False,False,False,False,True,False,False,False,False,True
3851,4.95,39.34,22.21,1173.9,225.62,3.2,2217.29,0.82,1.33,1.56,1,7.54,1,52.854570013507434,185.0084,False,False,False,False,True,False,False,True,False,False,False,True,False
4132,7.54,37.81,31.05,332.55,68.72,13.31,1803.61,2.03,1.5,1.28,3,4.57,7,10.710144927536232,139.5016,False,False,True,False,False,False,True,False,False,False,True,False,False
4662,7.35,45.83,21.39,158.27,225.75,0.1,1628.9,2.39,0.38,1.96,1,6.88,1,7.399251986909771,539.5425,False,False,True,False,False,False,False,False,False,True,False,True,False
2143,6.01,47.54,28.7,526.73,213.75,9.01,2798.88,1.58,1.2,1.02,1,6.48,5,18.352961672473867,337.725,True,False,False,False,False,False,False,True,False,False,False,True,False
1571,5.41,35.52,33.31,522.81,151.65,9.88,2140.21,1.87,0.94,1.86,6,6.24,4,15.695286700690481,283.5855,False,True,False,False,False,False,False,False,False,True,False,True,False
4079,8.33,46.06,16.32,635.34,109.27,1.53,1616.54,0.85,0.98,1.5,1,5.91,11,38.93014705882353,92.8795,False,False,False,False,True,False,False,True,False,False,False,False,True
1122,5.6,41.48,11.36,574.03,129.94,7.26,2419.33,0.73,0.39,1.66,4,5.76,5,50.53080985915493,94.8562,False,True,False,False,False,False,True,False,False,False,True,False,False
2786,5.58,49.39,15.25,750.86,243.5,5.98,2685.93,2.85,1.07,1.29,5,8.25,5,49.236721311475414,693.975,False,False,True,False,False,False,False,True,False,False,False,False,True
2967,6.44,33.55,13.93,825.22,187.19,10.05,2168.94,2.93,1.12,1.36,1,8.43,12,59.24048815506102,548.4667000000001,False,True,False,False,False,True,False,False,False,False,False,True,False
2504,8.01,19.29,33.38,471.85,221.6,3.61,1490.09,1.38,1.06,1.48,1,5.67,5,14.135710005991612,305.808,False,False,False,False,True,False,True,False,False,False,False,False,True
3465,6.05,15.99,14.93,453.58,250.28,6.14,2928.67,2.95,0.55,1.81,6,8.68,10,30.380442062960483,738.326,True,False,False,False,False,False,True,False,False,False,False,False,True
675,5.46,26.41,16.59,304.94,226.49,7.22,1117.53,0.78,1.29,1.04,5,5.98,2,18.38095238095238,176.6622,True,False,False,False,False,False,False,False,True,False,False,True,False
2808,7.15,14.19,25.99,122.53,189.51,4.94,1229.86,1.06,0.4,1.27,6,6.0,7,4.714505579068873,200.8806,True,False,False,False,False,False,False,False,False,True,False,False,True
3348,4.8,43.4,33.02,511.52,175.6,1.41,2136.23,0.95,0.96,0.54,1,7.47,9,15.491217443973348,166.82,False,True,False,False,False,False,False,False,False,True,False,False,True
728,5.66,14.32,27.07,599.5,113.01,10.12,1736.42,1.22,0.84,1.21,2,4.52,4,22.146287403029184,137.8722,False,False,False,False,True,False,False,False,True,False,False,False,True
412,6.07,49.2,20.82,412.31,226.6,14.43,1158.5,0.68,0.99,1.04,4,6.66,5,19.80355427473583,154.088,False,False,False,True,False,True,False,False,False,False,False,False,True
3146,6.34,27.89,13.05,103.72,90.46,11.62,1016.96,1.8,1.14,1.55,2,4.24,1,7.947892720306513,162.828,False,False,True,False,False,False,False,False,True,False,False,True,False
1516,7.72,14.88,14.59,371.93,170.52,12.3,1889.9,1.65,1.37,0.52,3,4.82,9,25.492117888965044,281.358,False,False,False,True,False,False,False,False,True,False,False,True,False
825,6.22,17.9,12.93,169.58,256.99,5.49,1896.8,1.37,1.1,1.77,4,7.57,4,13.11523588553751,352.07630000000006,True,False,False,False,False,False,True,False,False,False,False,True,False
3267,6.26,33.85,19.04,303.74,103.66,11.4,2988.11,0.8,0.8,1.39,6,5.39,9,15.952731092436975,82.928,False,False,False,False,True,True,False,False,False,False,False,True,False
3974,5.07,38.63,25.77,1048.21,234.95,11.84,1749.03,1.83,0.98,0.78,5,6.86,12,40.6755917733799,429.9585,False,False,False,False,True,True,False,False,False,False,False,False,True
616,8.01,44.83,16.26,252.36,264.39,7.48,2631.63,1.07,1.12,0.72,4,6.35,7,15.52029520295203,282.89730000000003,False,False,False,True,False,True,False,False,False,False,False,True,False
114,5.02,27.63,32.56,1053.46,87.19,14.02,1663.75,0.83,1.43,0.93,3,4.83,3,32.3544226044226,72.3677,False,True,False,False,False,False,True,False,False,False,False,False,True
417,5.22,48.63,19.79,1162.47,265.76,12.73,1057.45,1.46,1.13,1.79,1,7.86,9,58.74027286508338,388.0096,False,True,False,False,False,False,False,False,True,False,False,False,True
3069,7.5,42.86,18.11,1179.37,152.18,13.66,1140.11,1.05,1.39,1.6,4,6.69,11,65.1225842076201,159.78900000000002,False,False,True,False,False,False,True,False,False,False,False,True,False
1625,7.45,18.59,31.41,1095.39,281.7,0.34,2828.38,2.37,0.53,1.25,2,7.82,9,34.873925501432666,667.629,True,False,False,False,False,True,False,False,False,False,False,False,True
4751,6.06,19.87,18.84,770.45,201.96,4.3,2493.36,2.43,0.61,1.47,2,7.63,11,40.8943736730361,490.7628,True,False,False,False,False,False,True,False,False,False,False,True,False
4185,6.95,12.09,18.03,700.35,141.5,4.14,1425.5,1.29,0.71,0.85,4,6.43,1,38.84359400998336,182.535,False,False,False,True,False,False,False,False,True,False,True,False,False
2896,8.04,10.28,34.68,976.93,163.79,12.91,1866.42,2.31,0.75,1.12,6,5.02,4,28.16983852364475,378.3549,False,True,False,False,False,False,False,True,False,False,False,True,False
4489,4.98,18.4,32.92,130.33,122.86,6.36,2449.18,1.35,0.65,1.34,4,4.72,6,3.9589914945321993,165.86100000000002,False,False,True,False,False,False,False,True,False,False,False,False,True
2082,4.96,26.74,15.11,691.39,117.56,5.78,2776.89,1.74,0.6,0.75,2,4.84,5,45.75711449371278,204.55440000000002,False,False,False,False,True,True,False,False,False,False,False,True,False
753,8.39,42.07,31.31,1085.5,203.83,7.44,1365.74,1.62,0.77,1.71,2,7.1,3,34.66943468540403,330.2046,False,False,False,False,True,True,False,False,False,False,True,False,False
2546,6.22,48.37,12.19,399.48,155.79,12.33,1027.88,1.05,0.24,1.19,2,5.63,6,32.77112387202625,163.5795,True,False,False,False,False,False,False,True,False,False,True,False,False
3969,5.38,34.71,30.34,879.61,193.61,8.34,2079.05,1.73,0.87,0.87,3,6.46,2,28.991760052735664,334.94530000000003,False,False,True,False,False,False,False,False,False,True,False,False,True
3373,6.08,27.47,17.8,384.38,89.7,10.19,2085.98,2.71,1.21,0.8,5,6.34,5,21.59438202247191,243.08700000000002,True,False,False,False,False,False,False,True,False,False,False,False,True
4107,6.43,45.66,30.68,149.91,137.24,14.99,2080.29,2.82,0.32,0.73,2,5.74,11,4.886245110821382,387.0168,True,False,False,False,False,False,False,False,False,True,True,False,False
2444,8.03,17.17,20.19,1147.07,116.0,4.32,2729.45,2.9,0.37,1.02,3,6.06,9,56.81376919266963,336.4,False,False,False,False,True,False,True,False,False,False,False,True,False
4380,7.36,17.71,25.58,215.49,295.32,7.63,1998.94,0.82,1.48,1.63,2,9.33,1,8.42415949960907,242.1624,False,False,False,True,False,False,True,False,False,False,False,False,True
1066,6.7,32.42,21.46,896.98,223.69,5.57,1823.74,1.66,0.37,1.04,1,7.42,5,41.7977632805219,371.3254,False,False,False,False,True,False,False,False,True,False,False,False,True
3913,4.8,33.63,18.93,334.44,222.83,3.56,2009.08,2.73,0.98,1.06,6,7.13,7,17.667194928684626,608.3259,False,True,False,False,False,False,True,False,False,False,True,False,False
3498,5.45,29.34,21.51,1167.17,143.24,2.56,2468.12,2.21,0.36,1.16,4,6.6,8,54.261738726173874,316.5604,True,False,False,False,False,False,False,False,True,False,False,False,True
2738,5.28,29.61,20.93,568.08,65.86,0.8,1849.05,0.78,1.11,1.5,3,4.36,7,27.141901576684187,51.3708,True,False,False,False,False,False,False,True,False,False,False,False,True
4000,7.78,24.58,11.62,1198.52,218.99,5.33,1403.59,2.51,0.34,1.88,5,7.48,11,103.14285714285715,549.6649,True,False,False,False,False,False,False,True,False,False,True,False,False
1568,4.99,16.87,24.55,267.03,159.58,0.43,2774.42,1.76,1.43,1.92,5,6.84,3,10.876985743380853,280.86080000000004,True,False,False,False,False,True,False,False,False,False,False,False,True
2427,4.98,41.49,26.81,1003.26,207.49,2.62,2288.25,2.48,1.4,1.32,2,7.32,8,37.42111152555017,514.5752,False,False,True,False,False,False,False,False,False,True,False,False,True
3746,7.98,29.09,10.06,641.69,271.14,14.94,1883.73,2.22,0.33,0.97,4,7.16,11,63.786282306163024,601.9308,False,False,False,False,True,False,False,True,False,False,True,False,False
4457,6.0,22.24,27.93,360.63,289.51,3.88,2548.74,2.48,1.01,1.6,1,7.96,3,12.911922663802363,717.9848,False,False,False,True,False,False,False,True,False,False,True,False,False
1687,7.09,18.65,20.25,1120.0,264.0,12.73,1603.85,2.89,1.1,0.62,2,7.49,7,55.30864197530864,762.96,False,True,False,False,False,False,False,False,True,False,True,False,False
851,7.17,38.5,27.97,1026.13,293.6,13.18,1889.7,2.39,1.5,1.91,1,6.86,10,36.68680729352879,701.7040000000001,False,False,False,True,False,True,False,False,False,False,False,False,True
3546,7.5,44.12,32.79,434.37,72.01,11.72,1193.4,2.51,0.72,1.62,2,5.25,9,13.247026532479415,180.7451,False,True,False,False,False,False,True,False,False,False,False,True,False
895,4.85,14.0,20.03,145.33,262.86,14.12,2129.46,0.57,0.45,1.88,5,6.05,1,7.255616575137294,149.8302,False,False,False,False,True,False,False,True,False,False,False,False,True
335,8.12,25.51,33.54,277.8,272.7,12.85,1110.89,0.93,0.67,0.69,5,6.77,6,8.282647584973168,253.611,False,True,False,False,False,False,True,False,False,False,False,False,True
2839,6.76,46.38,21.7,446.57,171.84,9.11,1774.5,1.25,1.19,1.24,4,6.35,10,20.579262672811062,214.8,False,False,False,False,True,False,True,False,False,False,False,True,False
3087,8.38,23.31,28.53,384.81,269.65,7.9,2997.2,1.11,1.47,1.47,6,5.94,4,13.487907465825446,299.3115,True,False,False,False,False,False,False,False,False,True,False,True,False
1348,7.23,36.14,24.35,655.08,75.17,1.63,2774.05,1.05,0.9,1.08,3,4.21,6,26.902669404517454,78.9285,False,True,False,False,False,False,False,False,True,False,False,True,False
1015,6.3,40.26,19.71,1157.33,53.67,8.45,1951.59,1.3,0.34,1.6,1,4.82,11,58.71790969051242,69.771,False,False,True,False,False,False,False,True,False,False,True,False,False
2816,4.82,19.85,24.57,601.03,177.75,0.42,1464.86,1.14,1.11,1.73,3,6.9,11,24.46194546194546,202.635,False,False,True,False,False,False,False,False,False,True,False,True,False
1631,6.91,40.77,24.14,899.81,120.8,7.54,1218.44,2.3,1.12,0.94,3,5.38,1,37.274647887323944,277.84,False,False,True,False,False,False,False,False,False,True,False,True,False
2489,8.04,16.9,20.81,927.48,171.39,7.77,1704.76,1.63,0.83,1.15,6,6.16,8,44.568957232099955,279.36569999999995,False,False,False,False,True,False,False,False,True,False,False,True,False
3730,5.17,12.33,14.2,850.34,299.92,13.34,1010.0,1.91,1.47,0.58,2,7.97,4,59.8830985915493,572.8472,False,True,False,False,False,False,True,False,False,False,True,False,False
3251,4.66,32.77,26.4,939.61,276.53,14.75,2710.48,0.88,0.83,0.65,5,7.42,1,35.59128787878788,243.3464,False,True,False,False,False,True,False,False,False,False,True,False,False
4452,8.19,14.15,25.36,548.88,187.46,12.4,1257.27,0.94,1.08,1.55,1,6.25,12,21.64353312302839,176.2124,False,True,False,False,False,True,False,False,False,False,False,True,False
2070,5.76,44.22,25.28,953.12,159.91,8.76,1237.89,0.54,1.17,0.67,1,6.09,7,37.70253164556962,86.3514,False,False,False,True,False,True,False,False,False,False,True,False,False
4688,7.04,25.92,29.95,1027.59,238.39,1.67,2451.64,0.58,0.76,0.62,3,8.3,11,34.310183639399,138.26619999999997,True,False,False,False,False,False,True,False,False,False,True,False,False
1635,7.03,47.5,24.72,364.36,72.84,13.31,1924.77,2.58,0.58,0.56,2,4.94,10,14.73948220064725,187.92720000000003,False,False,False,True,False,False,False,False,True,False,False,True,False
2479,5.33,19.19,32.16,491.85,249.56,12.51,2778.51,1.93,0.4,0.54,2,5.95,10,15.293843283582092,481.6508,False,False,False,False,True,False,False,False,True,False,True,False,False
2265,8.32,43.01,32.17,414.35,155.41,9.33,1432.3,2.85,0.78,1.22,4,6.24,2,12.88001243394467,442.9185,False,False,True,False,False,True,False,False,False,False,False,False,True
2959,5.14,13.04,17.63,287.96,275.94,0.18,2945.92,2.65,1.45,0.83,5,7.5,7,16.33352240499149,731.241,False,False,False,True,False,False,False,False,False,True,False,True,False
3059,5.51,48.28,19.32,768.69,154.11,12.43,2730.32,2.73,1.32,0.53,1,5.35,2,39.787267080745345,420.7203,False,False,True,False,False,False,True,False,False,False,True,False,False
2141,5.02,38.65,24.3,591.58,77.7,11.36,1746.58,1.21,1.48,1.71,2,4.48,9,24.34485596707819,94.017,False,True,False,False,False,True,False,False,False,False,True,False,False
3118,5.77,38.63,20.23,1103.24,254.77,7.47,2829.24,1.84,1.38,1.65,1,7.87,2,54.53484923381117,468.77680000000004,False,False,False,False,True,False,True,False,False,False,False,False,True
4542,5.06,16.26,29.08,188.25,157.46,9.84,1819.66,1.42,1.13,0.95,4,5.76,11,6.473521320495186,223.5932,False,False,False,True,False,False,False,True,False,False,False,False,True
4045,4.94,14.51,27.94,754.31,124.73,2.56,2632.03,1.81,0.43,1.33,3,5.85,2,26.997494631352897,225.7613,False,False,False,True,False,False,False,False,True,False,False,True,False
3356,6.24,28.83,10.15,254.29,148.4,5.01,2238.34,1.38,0.28,0.75,1,6.63,5,25.053201970443347,204.792,True,False,False,False,False,True,False,False,False,False,True,False,False
2744,8.05,35.35,14.65,649.66,127.01,12.45,2832.33,1.31,0.2,0.65,6,6.1,8,44.34539249146757,166.3831,False,False,True,False,False,True,False,False,False,False,False,True,False
3506,6.75,48.18,30.22,842.68,227.47,11.47,2370.33,1.33,1.33,1.26,1,7.71,11,27.884844473858372,302.5351,False,False,False,False,True,False,False,True,False,False,False,False,True
1679,5.1,31.96,16.27,227.28,266.43,10.77,2464.68,1.24,1.23,1.72,2,6.17,1,13.969268592501537,330.3732,False,False,True,False,False,False,False,True,False,False,False,True,False
4249,7.03,49.97,33.36,624.45,92.27,9.59,1291.73,0.56,1.06,1.79,4,5.41,9,18.718525179856115,51.671200000000006,False,False,False,True,False,False,False,False,True,False,True,False,False
3147,5.59,46.33,28.89,378.89,145.11,5.51,1423.26,0.51,0.37,1.51,6,5.82,1,13.114918656974732,74.0061,True,False,False,False,False,False,True,False,False,False,True,False,False
2294,7.31,27.32,19.71,677.08,135.98,2.6,1985.44,0.77,1.1,0.56,4,5.93,4,34.35210553018772,104.7046,False,False,False,False,True,False,False,True,False,False,False,True,False
580,6.02,47.81,30.82,925.02,202.08,0.83,2507.04,1.65,0.94,0.63,4,7.51,7,30.01362751460091,333.432,False,False,True,False,False,False,False,False,False,True,True,False,False
1470,5.29,40.35,25.78,745.81,128.55,2.75,1386.53,0.63,0.99,1.44,4,5.75,2,28.92979053529868,80.9865,True,False,False,False,False,False,False,False,True,False,False,False,True
4070,4.94,23.93,11.19,100.56,274.34,6.57,1450.19,2.26,1.38,0.52,3,7.48,9,8.986595174262735,620.0083999999999,False,False,True,False,False,False,False,True,False,False,False,False,True
3343,5.72,38.55,15.96,611.76,69.37,14.57,2030.16,0.98,0.49,1.35,3,5.02,12,38.33082706766917,67.9826,False,False,False,True,False,True,False,False,False,False,False,True,False
3672,7.27,46.12,33.68,395.96,192.69,4.33,1007.01,1.14,0.79,1.79,5,6.36,5,11.756532066508314,219.6666,False,True,False,False,False,False,False,False,True,False,False,True,False
559,7.08,35.86,25.42,636.87,270.18,1.57,1483.39,2.84,0.92,1.5,1,7.01,8,25.053894571203774,767.3112,False,False,True,False,False,True,False,False,False,False,True,False,False
2849,7.06,14.42,28.06,746.91,295.07,11.26,1350.62,1.4,0.89,1.56,3,7.04,2,26.61831789023521,413.09799999999996,False,False,False,True,False,False,True,False,False,False,False,True,False
512,6.85,43.15,17.14,551.34,72.66,11.22,1051.43,1.13,1.34,1.77,3,5.15,6,32.166861143523924,82.10579999999999,False,False,False,True,False,False,True,False,False,False,True,False,False
1081,7.63,22.38,20.38,813.0,246.01,6.36,2958.55,2.42,0.65,1.45,2,6.85,5,39.89205103042198,595.3442,False,True,False,False,False,False,True,False,False,False,False,True,False
1664,5.19,36.04,18.53,991.14,242.58,8.38,1046.09,2.85,0.87,0.96,5,7.1,5,53.48839719373988,691.3530000000001,True,False,False,False,False,False,True,False,False,False,False,False,True
1012,7.49,24.16,26.55,966.12,278.94,14.47,1188.65,1.65,1.22,1.05,1,6.78,2,36.38870056497175,460.251,False,False,False,False,True,False,True,False,False,False,False,True,False
1931,5.42,40.69,28.88,105.57,228.17,7.4,1008.67,2.72,0.56,1.61,1,7.05,5,3.6554709141274238,620.6224,False,False,True,False,False,False,True,False,False,False,False,True,False
1150,5.11,10.39,11.89,370.07,58.84,2.01,2494.21,1.61,1.47,1.49,3,5.83,5,31.124474348191757,94.73240000000001,True,False,False,False,False,False,False,False,False,True,True,False,False
2838,4.67,34.9,13.28,164.48,103.44,3.61,2083.43,1.38,0.71,1.33,1,5.18,7,12.385542168674698,142.7472,False,False,False,False,True,False,False,True,False,False,False,True,False
116,6.51,10.29,26.4,394.41,93.18,3.37,1429.81,1.0,0.72,1.01,6,3.83,5,14.939772727272729,93.18,False,True,False,False,False,False,False,False,False,True,False,True,False
740,8.02,42.38,26.6,1084.98,68.19,2.9,1683.23,2.11,0.62,1.77,1,5.99,12,40.788721804511276,143.8809,True,False,False,False,False,False,False,False,True,False,False,False,True
4616,5.45,39.86,26.38,681.24,287.26,12.5,2138.9,0.66,0.45,1.09,6,7.46,1,25.824109173616378,189.5916,False,False,False,True,False,False,False,False,True,False,False,True,False
3675,6.32,22.73,15.01,880.0,133.86,4.29,2793.24,1.4,0.86,1.44,2,6.59,2,58.627581612258496,187.404,True,False,False,False,False,False,True,False,False,False,False,False,True
830,7.85,14.16,11.13,887.13,182.14,0.45,1751.85,0.75,0.41,1.32,2,6.96,8,79.70619946091644,136.605,False,False,False,False,True,False,True,False,False,False,False,True,False
119,6.37,26.23,21.71,827.48,148.78,7.79,2078.37,1.57,1.41,1.7,1,6.27,2,38.115154306771075,233.58460000000002,False,False,False,False,True,True,False,False,False,False,True,False,False
4590,6.22,43.56,25.3,147.91,106.89,10.73,2391.21,2.83,1.13,1.32,2,4.54,2,5.846245059288537,302.4987,False,False,False,False,True,False,False,True,False,False,False,False,True
4553,8.3,26.97,15.66,951.36,114.55,0.25,1944.29,2.7,1.18,0.62,2,5.4,2,60.75095785440613,309.285,False,True,False,False,False,False,False,False,False,True,False,True,False
635,5.53,39.77,13.45,340.32,180.07,13.05,2951.19,0.79,0.97,1.17,5,5.75,5,25.302602230483274,142.2553,False,False,False,True,False,False,False,False,True,False,False,False,True
4465,5.72,15.3,11.82,678.37,95.81,0.39,2929.98,1.88,0.67,1.87,4,6.12,7,57.3917089678511,180.12279999999998,False,False,True,False,False,True,False,False,False,False,True,False,False
4364,7.71,36.36,21.83,566.3,102.71,2.94,2372.08,2.18,0.45,0.97,3,5.16,9,25.941365093907468,223.9078,False,True,False,False,False,False,False,False,False,True,False,False,True
4142,8.04,10.23,33.82,547.85,148.04,9.35,2349.99,1.29,0.92,1.29,6,5.48,7,16.1989946777055,190.9716,False,False,False,False,True,False,False,True,False,False,False,False,True
991,6.53,25.48,18.65,503.02,136.89,1.61,1856.48,0.73,0.56,0.85,1,6.27,7,26.971581769436998,99.92969999999998,False,False,False,True,False,False,False,True,False,False,False,False,True
876,7.26,13.2,15.75,879.42,99.24,2.46,1871.87,2.71,0.57,1.54,5,6.17,5,55.836190476190474,268.9404,False,False,True,False,False,True,False,False,False,False,False,False,True
4,5.13,16.61,14.44,1005.93,169.96,6.35,2826.83,1.3,1.49,0.91,3,6.34,10,69.66274238227146,220.948,False,True,False,False,False,True,False,False,False,False,False,False,True
3051,4.77,38.3,11.95,445.07,184.08,10.65,2771.91,1.55,0.59,1.08,5,7.71,11,37.24435146443515,285.324,False,False,False,True,False,False,False,False,False,True,False,True,False
3124,8.14,27.03,15.63,1163.92,198.48,9.87,2943.45,1.83,0.26,1.32,5,7.69,11,74.46705054382598,363.2184,False,False,False,True,False,False,True,False,False,False,True,False,False
2660,6.47,19.9,26.49,774.28,247.96,6.83,1728.54,2.59,1.27,1.74,2,7.54,6,29.22914307285768,642.2164,False,False,True,False,False,False,False,False,True,False,False,False,True
2491,7.23,20.11,25.7,1148.5,168.89,3.92,2415.54,1.16,0.66,0.91,5,7.12,2,44.688715953307394,195.91239999999996,False,False,False,True,False,False,False,False,True,False,False,True,False
3854,5.24,22.72,30.24,382.07,205.44,11.09,2519.7,2.91,0.32,0.74,5,5.49,1,12.634589947089948,597.8304,False,False,False,False,True,False,False,False,True,False,True,False,False
1715,5.46,34.88,13.92,1142.68,197.66,10.79,2310.32,1.55,1.2,1.06,2,6.65,9,82.08908045977012,306.373,True,False,False,False,False,False,False,False,True,False,False,True,False
1148,6.18,28.67,32.8,214.67,217.6,2.34,2311.19,2.27,0.51,0.67,6,7.55,1,6.544817073170732,493.952,True,False,False,False,False,False,False,False,False,True,False,False,True
3261,7.92,10.02,32.13,810.23,182.58,1.33,2216.45,1.13,1.3,1.22,6,5.6,1,25.217242452536567,206.31539999999998,False,False,False,False,True,False,False,True,False,False,True,False,False
574,6.86,15.69,19.06,422.09,202.1,4.64,1792.25,1.63,0.77,0.57,6,7.12,12,22.14533053515215,329.42299999999994,True,False,False,False,False,False,True,False,False,False,True,False,False
3769,8.25,48.93,26.74,899.23,88.09,8.12,2504.42,2.02,0.94,1.76,6,5.59,1,33.62864622288706,177.9418,False,False,True,False,False,False,False,False,True,False,False,True,False
3736,8.21,10.96,27.21,349.94,85.08,3.05,1850.63,1.37,1.05,1.5,1,4.63,6,12.860712973171628,116.5596,False,False,False,True,False,False,False,False,False,True,True,False,False
4146,5.77,34.18,17.42,244.35,83.31,1.7,2346.96,2.12,1.2,0.66,4,5.11,4,14.026980482204362,176.61720000000003,True,False,False,False,False,False,True,False,False,False,True,False,False
853,5.14,38.44,17.97,982.33,229.74,12.48,1034.96,2.28,1.1,1.22,4,7.87,2,54.66499721758487,523.8072,False,False,False,False,True,False,False,False,True,False,False,False,True
1982,5.41,22.0,20.22,179.98,241.16,1.12,2694.4,2.79,0.73,1.22,4,6.29,10,8.90108803165183,672.8364,False,True,False,False,False,True,False,False,False,False,True,False,False
2774,7.39,29.12,20.74,894.51,219.19,2.63,2210.07,2.51,1.32,1.49,5,7.52,4,43.129701060752176,550.1668999999999,False,False,False,False,True,False,True,False,False,False,True,False,False
1166,6.49,13.8,10.57,1125.52,210.79,13.23,2829.58,2.57,1.18,1.01,2,6.6,9,106.48249763481552,541.7302999999999,True,False,False,False,False,True,False,False,False,False,False,True,False
971,7.25,13.61,17.6,151.04,76.9,0.97,1026.14,0.9,0.98,1.71,3,5.48,12,8.58181818181818,69.21000000000001,False,False,False,False,True,False,False,False,True,False,True,False,False
2701,6.78,20.83,21.99,998.59,178.91,1.69,2694.18,0.75,0.29,0.9,3,6.67,5,45.41109595270578,134.1825,False,True,False,False,False,False,False,False,True,False,True,False,False
3847,6.7,34.72,20.79,360.88,186.57,10.66,2668.88,1.91,0.36,0.79,6,5.83,9,17.35834535834536,356.34869999999995,True,False,False,False,False,False,False,True,False,False,True,False,False
2368,8.25,15.97,20.83,357.75,118.16,5.87,1619.08,0.51,1.11,1.74,6,5.44,2,17.17474795967355,60.2616,False,False,False,True,False,True,False,False,False,False,False,True,False
4115,8.3,41.94,28.24,472.8,256.69,4.24,2379.38,1.91,1.31,0.7,6,7.72,6,16.742209631728045,490.2779,False,False,False,False,True,False,False,True,False,False,True,False,False
4131,6.73,34.49,28.79,608.14,109.69,8.78,1701.28,2.83,0.69,0.55,4,4.96,5,21.12330670371657,310.4227,False,True,False,False,False,False,False,False,False,True,False,True,False
2950,8.14,33.17,31.15,170.19,123.81,10.0,1909.52,1.85,1.1,1.13,4,4.56,3,5.463563402889246,229.04850000000002,False,False,False,False,True,True,False,False,False,False,True,False,False
524,5.33,11.37,24.48,937.79,204.75,10.17,2578.54,2.83,1.5,1.36,2,6.15,2,38.30841503267974,579.4425,False,False,False,False,True,False,False,True,False,False,True,False,False
2455,6.31,37.58,31.62,637.42,259.72,12.09,1338.85,1.58,0.64,1.2,5,7.27,2,20.158760278304868,410.35760000000005,False,True,False,False,False,True,False,False,False,False,False,True,False
1841,7.74,14.94,12.64,543.64,123.22,5.51,2070.54,1.5,1.04,1.71,4,6.02,5,43.00949367088607,184.82999999999998,True,False,False,False,False,True,False,False,False,False,True,False,False
537,6.55,33.63,18.24,853.55,158.3,6.12,2657.91,2.17,0.66,1.71,3,6.24,3,46.79550438596491,343.511,False,False,True,False,False,True,False,False,False,False,False,False,True
2806,6.93,14.9,25.49,203.93,158.18,10.66,2493.6,2.2,1.03,0.81,2,5.36,7,8.000392310710083,347.99600000000004,False,True,False,False,False,True,False,False,False,False,True,False,False
4341,7.17,26.29,29.04,951.29,213.04,13.96,2234.6,2.24,1.05,1.87,4,7.35,1,32.757920110192835,477.2096,False,False,False,False,True,False,False,False,True,False,False,False,True
3175,4.56,37.16,16.09,312.38,263.01,13.78,1885.42,0.53,0.34,1.34,3,5.87,4,19.414543194530765,139.3953,False,False,False,True,False,False,False,False,False,True,False,True,False
784,8.38,20.19,13.53,731.69,99.81,7.34,2523.08,2.05,1.1,1.11,3,4.86,11,54.079083518107915,204.61049999999997,True,False,False,False,False,False,True,False,False,False,False,True,False
4057,7.82,13.57,11.81,689.05,145.7,3.7,2738.82,1.68,1.42,1.33,2,5.72,8,58.34462320067738,244.77599999999998,False,False,True,False,False,True,False,False,False,False,False,False,True
1409,4.57,36.83,18.54,1011.43,116.78,0.4,1547.45,2.06,0.49,0.5,3,5.45,9,54.55393743257821,240.5668,False,False,True,False,False,False,False,False,False,True,False,False,True
2537,4.93,47.39,12.33,235.51,215.74,3.48,1168.64,0.89,0.34,0.75,2,7.64,9,19.100567721005678,192.0086,False,True,False,False,False,False,False,False,False,True,False,False,True
154,8.09,36.01,29.07,1001.31,234.23,9.32,2909.21,1.02,0.22,1.22,4,6.06,5,34.44478844169247,238.9146,False,True,False,False,False,True,False,False,False,False,False,True,False
3009,5.5,19.65,14.02,248.9,134.46,13.55,2035.31,2.3,0.78,1.61,5,5.81,5,17.753209700427963,309.258,False,True,False,False,False,False,False,False,True,False,True,False,False
1686,6.37,29.03,17.44,675.57,243.53,9.46,1574.24,1.32,0.55,1.99,1,6.98,1,38.736811926605505,321.4596,False,False,True,False,False,False,True,False,False,False,False,False,True
2901,4.5,22.04,26.2,649.45,203.79,4.27,1841.73,1.19,0.58,1.92,3,6.53,1,24.7881679389313,242.51009999999997,False,False,False,False,True,False,False,False,False,True,False,False,True
4750,5.18,31.34,16.93,467.49,192.48,7.24,2958.89,2.84,0.82,0.67,5,7.24,5,27.613112817483756,546.6432,False,True,False,False,False,True,False,False,False,False,False,False,True
3863,7.95,39.85,23.17,600.31,131.38,2.04,1546.41,1.48,0.91,0.88,5,6.69,10,25.908933966335773,194.4424,False,False,False,False,True,False,False,False,False,True,False,True,False
2733,7.56,22.58,27.26,589.55,111.8,9.86,2389.05,2.22,0.93,1.21,3,5.58,6,21.62692589875275,248.19600000000003,False,False,False,False,True,False,False,False,False,True,True,False,False
1895,5.43,16.65,13.78,740.56,244.19,5.66,1824.64,0.72,0.24,1.53,4,7.2,6,53.74165457184325,175.8168,True,False,False,False,False,False,False,False,True,False,False,True,False
569,8.31,37.67,22.92,736.03,199.86,3.47,1152.12,1.6,0.54,1.98,5,7.23,9,32.11300174520069,319.77600000000007,True,False,False,False,False,False,False,True,False,False,False,False,True
1816,8.35,23.76,15.66,380.72,201.0,1.1,1275.21,2.89,1.11,0.87,5,6.76,12,24.311621966794384,580.89,False,False,False,True,False,False,False,False,True,False,True,False,False
2065,5.0,44.47,20.58,300.27,53.73,10.36,2014.48,1.71,0.21,1.81,5,3.15,6,14.590379008746355,91.8783,True,False,False,False,False,False,False,False,True,False,False,True,False
127,5.3,44.99,28.73,598.33,288.49,3.21,2926.26,1.45,1.14,1.89,4,7.96,10,20.825965889314308,418.3105,False,False,False,True,False,True,False,False,False,False,True,False,False
3394,4.58,42.15,34.0,830.06,164.02,6.53,1910.87,1.69,1.05,1.52,1,6.02,9,24.413529411764703,277.1938,False,False,True,False,False,True,False,False,False,False,False,False,True
3327,4.93,14.16,28.83,821.61,177.51,7.17,1576.81,2.27,1.18,1.18,4,5.89,5,28.49843912591051,402.9477,False,False,False,False,True,False,True,False,False,False,False,False,True
4786,5.71,32.83,22.82,345.7,240.15,1.4,1345.75,0.86,0.67,1.49,4,6.9,7,15.148992112182295,206.529,True,False,False,False,False,False,False,True,False,False,False,True,False
2975,6.29,28.57,13.12,954.61,260.54,9.31,1588.0,1.93,1.28,1.63,1,6.57,12,72.75990853658537,502.84220000000005,True,False,False,False,False,True,False,False,False,False,True,False,False
980,6.0,33.85,11.61,1152.04,218.75,7.95,1326.42,1.64,1.23,0.87,6,6.91,4,99.22825150732127,358.75,False,True,False,False,False,False,False,False,False,True,True,False,False
2300,4.85,25.92,20.42,748.96,178.65,7.79,1217.04,1.04,1.01,1.56,2,7.01,10,36.67776689520078,185.79600000000002,True,False,False,False,False,True,False,False,False,False,False,False,True
190,5.59,31.19,33.4,544.81,172.98,14.52,2591.18,0.58,0.97,0.61,4,6.86,5,16.311676646706587,100.32839999999999,True,False,False,False,False,False,False,False,False,True,False,False,True
1139,5.36,37.52,16.92,273.99,189.2,4.55,1062.88,2.47,0.69,1.6,1,5.34,12,16.193262411347515,467.324,True,False,False,False,False,False,False,False,False,True,True,False,False
699,7.74,39.09,34.66,534.82,289.15,14.2,1780.95,0.54,0.96,1.22,1,7.4,8,15.43046739757646,156.141,False,False,False,False,True,False,False,False,True,False,True,False,False
4591,7.85,46.73,22.71,707.05,51.34,0.27,1266.89,0.63,0.22,1.61,5,4.73,3,31.133861734918536,32.3442,False,True,False,False,False,False,False,False,False,True,True,False,False
606,6.28,35.79,28.87,342.71,142.73,10.13,2386.59,1.68,0.63,0.71,4,5.6,2,11.870800138552129,239.7864,True,False,False,False,False,False,True,False,False,False,True,False,False
4276,7.03,29.79,27.09,507.78,152.01,13.93,2934.24,2.61,0.36,1.84,3,6.11,8,18.744186046511626,396.74609999999996,False,False,True,False,False,True,False,False,False,False,False,True,False
301,6.9,20.0,18.62,1089.3,176.59,2.55,1870.73,2.79,0.46,1.71,1,7.31,7,58.501611170784095,492.6861,False,False,False,False,True,False,False,False,False,True,True,False,False
3420,5.46,41.77,20.42,937.12,267.94,3.3,2607.63,2.77,1.16,0.57,5,8.57,11,45.892262487757094,742.1938,False,False,True,False,False,True,False,False,False,False,False,False,True
4630,6.82,12.13,22.0,885.8,121.71,6.32,1466.72,2.65,0.57,1.98,3,5.61,11,40.26363636363636,322.5315,False,False,False,False,True,False,False,False,False,True,False,True,False
1060,4.72,36.55,16.63,196.33,268.67,11.84,1358.56,1.07,0.53,1.88,1,6.65,8,11.805772699939869,287.47690000000006,True,False,False,False,False,False,True,False,False,False,False,False,True
2565,7.68,44.88,10.63,1004.06,249.36,9.7,2498.62,2.11,0.75,1.74,1,6.26,9,94.45531514581373,526.1496,False,False,False,True,False,True,False,False,False,False,False,False,True
4794,6.1,29.52,21.43,320.05,266.14,0.87,2690.41,0.88,0.23,1.02,4,7.99,11,14.934671021931871,234.20319999999998,False,False,False,False,True,True,False,False,False,False,False,True,False
1069,4.53,47.46,26.74,626.04,258.51,4.77,2536.15,2.72,0.85,1.02,2,6.78,1,23.412116679132385,703.1472,False,False,False,True,False,False,False,False,False,True,True,False,False
2524,7.03,10.33,27.71,316.72,77.42,11.02,2324.57,2.61,0.78,0.67,2,5.28,4,11.429808733309276,202.06619999999998,False,False,True,False,False,False,False,True,False,False,True,False,False
2205,6.76,20.52,19.95,508.79,261.92,8.23,1715.33,0.74,1.2,1.09,4,6.9,1,25.50325814536341,193.82080000000002,False,True,False,False,False,False,False,False,True,False,False,True,False
1243,6.32,27.94,24.16,1068.69,77.38,13.27,1167.2,0.55,1.01,1.26,6,4.33,10,44.23385761589404,42.559,True,False,False,False,False,False,True,False,False,False,False,False,True
16,6.6,19.98,26.99,116.69,261.26,10.3,1168.1,0.52,0.99,0.84,6,6.33,1,4.323453130789181,135.8552,False,False,False,False,True,True,False,False,False,False,False,False,True
3120,6.42,44.54,10.9,388.3,155.89,14.25,1011.95,1.83,0.65,1.02,2,5.08,9,35.62385321100918,285.27869999999996,False,True,False,False,False,False,False,True,False,False,True,False,False
815,5.23,30.67,10.88,862.45,179.72,3.94,1271.99,2.06,0.7,0.54,5,6.55,12,79.26930147058823,370.2232,True,False,False,False,False,False,False,False,True,False,False,True,False
3067,5.57,11.63,12.1,713.66,149.16,4.74,2038.52,1.03,1.4,0.91,3,6.26,1,58.9801652892562,153.6348,False,False,False,False,True,False,True,False,False,False,False,True,False
959,6.54,36.05,21.83,977.47,151.48,11.72,1649.25,2.85,0.92,1.94,2,5.47,2,44.77645442052222,431.71799999999996,False,False,True,False,False,False,False,False,True,False,False,True,False
225,8.31,38.39,31.45,333.4,283.93,13.08,2187.16,2.32,0.28,1.17,3,6.93,2,10.600953895071541,658.7176,False,True,False,False,False,False,False,True,False,False,False,True,False
3354,7.99,40.42,28.12,1028.46,67.23,13.24,2194.45,2.45,0.26,1.21,6,4.75,10,36.57396870554765,164.7135,False,False,False,False,True,False,False,False,False,True,True,False,False
2485,4.7,20.5,22.25,276.62,143.73,11.25,2321.31,1.28,0.44,1.02,6,5.67,7,12.432359550561799,183.9744,True,False,False,False,False,False,False,False,True,False,False,True,False
562,7.09,28.84,33.9,815.88,168.6,7.65,2684.03,1.96,1.05,1.7,6,6.68,9,24.067256637168143,330.45599999999996,False,False,False,False,True,False,False,False,False,True,False,False,True
3436,5.9,14.61,29.95,372.42,177.32,7.89,1837.83,1.03,1.18,0.82,1,7.07,5,12.434724540901504,182.6396,True,False,False,False,False,False,False,False,True,False,False,True,False
1693,4.74,32.63,17.45,677.32,186.58,14.86,2368.92,1.12,1.27,1.78,5,5.88,1,38.81489971346706,208.96960000000004,False,True,False,False,False,False,False,False,False,True,True,False,False
1045,7.25,23.64,20.14,528.48,257.2,1.43,1721.87,1.76,0.92,1.36,6,7.23,12,26.240317775571004,452.67199999999997,True,False,False,False,False,True,False,False,False,False,False,True,False
3446,6.5,11.43,15.75,1123.26,131.6,12.26,1224.62,1.21,0.22,0.61,2,5.57,10,71.31809523809524,159.236,True,False,False,False,False,False,False,False,False,True,False,False,True
954,6.02,34.25,12.76,698.07,214.89,3.27,1824.51,0.62,0.29,0.72,6,6.55,8,54.7076802507837,133.2318,True,False,False,False,False,False,False,False,False,True,False,True,False
4785,6.17,25.04,25.33,644.6,137.43,1.87,2834.28,0.69,0.55,1.08,2,6.45,2,25.44808527437821,94.8267,False,False,False,False,True,False,False,False,True,False,False,False,True
2735,5.8,11.22,16.16,976.32,297.0,10.13,1048.11,2.75,0.85,0.99,6,7.63,12,60.41584158415842,816.75,False,False,True,False,False,False,False,False,False,True,False,False,True
4709,4.71,42.75,24.29,482.84,146.36,13.94,1904.76,2.28,0.87,1.11,3,5.53,10,19.878139151914368,333.7008,True,False,False,False,False,False,False,True,False,False,True,False,False
4633,6.74,43.86,15.71,1001.21,288.47,4.28,1648.45,2.33,1.22,0.83,2,9.28,3,63.73074474856779,672.1351000000001,False,True,False,False,False,False,True,False,False,False,False,True,False
1218,7.7,47.88,32.72,528.55,184.22,2.93,2442.46,2.69,0.4,1.16,4,7.31,9,16.153728606356967,495.5518,False,False,True,False,False,True,False,False,False,False,False,False,True
1527,6.02,29.32,32.25,374.75,109.11,13.41,2351.89,2.72,0.97,1.54,3,5.56,8,11.62015503875969,296.7792,False,False,False,False,True,False,False,False,True,False,True,False,False
3987,5.49,25.76,10.34,922.44,128.26,4.87,1025.35,2.89,0.62,1.18,1,7.31,3,89.21083172147003,370.6714,True,False,False,False,False,False,True,False,False,False,False,False,True
1300,5.51,43.91,18.96,343.77,182.69,4.05,2857.84,1.33,1.3,1.92,6,6.48,3,18.13132911392405,242.9777,True,False,False,False,False,False,False,False,False,True,False,True,False
4697,6.58,34.23,17.56,516.05,75.52,5.88,2837.06,2.85,0.89,0.86,1,5.73,4,29.387813211845103,215.232,False,False,False,False,True,False,False,False,False,True,False,False,True
160,6.01,48.19,15.1,753.25,108.54,8.08,1985.67,2.47,1.35,0.89,5,6.74,6,49.884105960264904,268.09380000000004,True,False,False,False,False,False,False,False,False,True,False,False,True
4067,6.38,19.22,22.92,734.5,207.84,13.86,2381.39,0.66,0.35,1.92,6,6.57,5,32.046247818499126,137.17440000000002,False,False,False,True,False,False,True,False,False,False,False,False,True
956,5.49,24.24,33.27,1183.22,200.48,0.23,2286.81,2.0,0.27,1.51,5,7.4,10,35.564171926660656,400.96,False,True,False,False,False,False,False,False,False,True,False,True,False
3791,5.2,42.95,31.82,161.48,149.84,10.47,1016.8,1.18,0.56,0.79,4,4.27,11,5.074795725958516,176.81119999999999,False,True,False,False,False,False,True,False,False,False,False,True,False
3234,6.6,15.15,18.46,879.87,145.86,0.48,2073.51,1.02,0.67,1.71,1,6.46,5,47.66359696641386,148.77720000000002,True,False,False,False,False,False,True,False,False,False,True,False,False
2869,5.46,34.58,13.28,148.57,241.61,1.78,1149.74,1.96,0.43,1.43,5,6.23,1,11.1875,473.5556,False,False,False,True,False,False,False,True,False,False,False,False,True
3777,8.05,46.3,26.37,268.11,126.87,14.29,2270.66,0.88,1.17,0.8,1,3.74,6,10.167235494880547,111.6456,False,False,False,False,True,False,False,False,False,True,True,False,False
4433,4.72,19.24,19.36,735.98,157.64,2.47,2072.06,1.47,1.13,0.88,6,6.58,12,38.0154958677686,231.7308,True,False,False,False,False,False,False,True,False,False,True,False,False
2961,5.98,28.83,14.94,741.65,103.18,4.98,2952.74,0.63,1.38,1.58,6,5.71,8,49.64190093708166,65.0034,False,False,True,False,False,False,False,True,False,False,True,False,False
2200,6.55,13.79,16.45,303.16,235.73,10.81,1061.99,1.47,0.93,1.56,6,6.27,1,18.429179331306994,346.5231,False,True,False,False,False,False,False,True,False,False,False,False,True
98,7.43,13.25,12.04,248.5,53.82,11.13,2325.32,1.58,1.31,1.58,3,3.46,4,20.63953488372093,85.0356,False,False,False,False,True,False,False,False,False,True,False,False,True
2557,7.21,18.25,17.23,863.87,284.54,1.94,1315.5,0.84,1.32,0.69,4,8.43,7,50.13755078351712,239.0136,False,False,True,False,False,True,False,False,False,False,False,False,True
3183,5.4,24.03,34.58,730.65,112.39,8.54,2721.59,2.97,0.45,0.78,1,5.14,1,21.129265471370736,333.79830000000004,False,True,False,False,False,True,False,False,False,False,False,True,False
253,5.75,39.7,25.15,998.22,158.31,10.31,1160.1,0.53,1.36,1.54,3,5.4,10,39.69065606361829,83.9043,False,False,False,False,True,True,False,False,False,False,False,True,False
3923,6.81,32.16,12.78,915.19,91.89,12.38,1253.16,1.28,0.28,1.89,4,4.87,3,71.61111111111111,117.6192,True,False,False,False,False,True,False,False,False,False,False,True,False
4199,4.59,39.23,32.08,1028.24,298.11,1.19,1934.07,1.61,1.33,1.92,4,7.21,5,32.052369077306736,479.9571,False,True,False,False,False,False,True,False,False,False,True,False,False
1445,4.86,15.11,33.38,109.89,101.06,10.59,2827.52,2.64,0.26,0.55,1,5.43,3,3.292091072498502,266.7984,False,False,False,True,False,False,True,False,False,False,False,False,True
1648,4.71,31.34,15.87,341.98,54.92,6.24,1965.36,1.5,0.57,1.46,3,5.04,6,21.54883427851292,82.38,False,False,False,True,False,False,False,False,True,False,True,False,False
3991,6.54,47.23,21.03,301.48,69.27,10.51,2071.74,1.88,0.75,1.74,1,5.81,7,14.335710889205897,130.2276,True,False,False,False,False,False,False,False,True,False,False,False,True
1696,7.22,40.52,23.05,723.02,129.99,10.75,2019.15,0.79,0.55,1.9,2,6.13,11,31.367462039045552,102.69210000000001,False,False,True,False,False,False,False,False,False,True,True,False,False
3191,6.8,34.83,22.87,768.23,179.68,12.11,1766.31,1.56,1.31,0.94,1,5.92,1,33.59116746829908,280.30080000000004,True,False,False,False,False,False,False,True,False,False,False,True,False
4499,5.97,16.19,19.42,837.94,299.38,0.13,2976.38,2.32,1.45,1.37,4,8.17,2,43.14830072090628,694.5615999999999,False,False,False,False,True,True,False,False,False,False,False,True,False
1154,5.17,20.25,21.93,135.53,247.21,2.97,1528.87,2.68,0.69,1.88,4,6.88,6,6.180118559051528,662.5228000000001,False,False,False,True,False,False,False,False,False,True,True,False,False
2255,8.48,48.49,34.23,675.96,169.28,11.43,1794.0,1.58,1.25,1.06,1,5.41,8,19.747589833479406,267.4624,False,True,False,False,False,True,False,False,False,False,True,False,False
1682,5.25,18.71,13.36,811.66,86.87,8.18,1843.22,1.99,0.56,1.38,6,4.52,12,60.75299401197605,172.87130000000002,False,True,False,False,False,False,False,False,False,True,False,True,False
3170,6.14,40.56,19.0,900.39,218.8,14.53,1127.79,2.84,1.02,0.86,3,6.26,9,47.38894736842105,621.392,False,False,True,False,False,False,False,False,True,False,False,True,False
2056,6.78,49.6,29.48,636.36,184.55,9.29,2521.79,2.35,0.56,1.84,3,6.45,9,21.586160108548167,433.69250000000005,False,False,False,True,False,False,False,False,False,True,False,False,True
4090,8.29,15.36,20.39,719.7,99.5,14.18,2055.89,0.73,0.41,0.62,4,4.4,12,35.29671407552722,72.635,False,False,False,True,False,True,False,False,False,False,True,False,False
3108,5.15,33.86,22.32,861.32,102.13,7.91,1629.93,2.88,1.16,0.53,6,5.09,2,38.58960573476703,294.13439999999997,False,False,False,True,False,True,False,False,False,False,False,True,False
4548,6.55,41.05,22.51,710.22,217.13,0.1,1712.65,0.82,0.8,1.28,4,7.6,8,31.551310528653932,178.04659999999998,False,True,False,False,False,True,False,False,False,False,True,False,False
3723,5.7,43.79,12.33,1110.64,139.95,3.69,1235.06,2.22,0.88,1.78,3,5.18,7,90.07623682076238,310.689,False,False,True,False,False,False,False,False,False,True,False,True,False
2049,8.07,12.09,24.91,582.72,242.28,11.75,2274.44,0.77,0.2,1.41,6,6.4,8,23.3930148534725,186.5556,False,False,True,False,False,False,False,False,False,True,False,False,True
3643,4.52,18.85,30.34,217.22,136.37,2.84,2144.02,0.58,1.03,1.92,4,5.37,12,7.159525379037574,79.0946,False,False,True,False,False,False,False,False,True,False,False,True,False
4730,5.12,10.79,30.44,825.47,73.53,8.59,1488.93,1.06,0.9,0.53,3,5.24,5,27.117936925098554,77.9418,False,False,True,False,False,False,True,False,False,False,False,True,False
623,7.04,42.16,18.73,870.31,121.47,5.0,1232.11,1.57,0.83,1.12,3,6.39,2,46.466097170314995,190.7079,False,True,False,False,False,False,True,False,False,False,False,True,False
262,5.21,46.74,20.44,1068.08,243.14,1.6,2568.49,0.86,1.49,0.88,5,7.09,9,52.25440313111545,209.10039999999998,False,False,False,False,True,False,True,False,False,False,False,True,False
3369,7.43,44.9,16.06,619.1,63.93,14.47,1008.82,1.09,0.56,1.87,5,4.44,2,38.54919053549191,69.6837,False,True,False,False,False,True,False,False,False,False,False,False,True
4061,5.81,35.07,24.1,1052.13,96.92,1.14,1502.96,1.67,1.1,1.43,2,6.36,5,43.65684647302905,161.8564,False,False,False,True,False,False,False,False,False,True,True,False,False
1802,7.85,27.28,24.13,330.08,104.91,4.03,1270.21,2.38,0.34,0.54,6,4.4,8,13.679237463738085,249.68579999999997,False,False,True,False,False,True,False,False,False,False,True,False,False
4792,5.64,31.52,15.44,725.19,195.9,3.39,1490.15,2.68,0.3,1.31,6,7.14,3,46.96826424870467,525.0120000000001,False,False,False,False,True,False,False,True,False,False,False,False,True
2385,7.66,30.71,34.31,323.22,247.74,14.58,2299.11,1.7,1.02,1.13,1,6.27,8,9.420577091227047,421.158,False,False,False,True,False,False,False,True,False,False,False,True,False
1959,8.49,26.98,30.19,158.38,91.96,2.58,1344.14,0.77,0.92,1.81,3,5.03,11,5.2461079827757535,70.80919999999999,False,True,False,False,False,False,False,False,True,False,False,True,False
2976,5.23,37.04,33.32,572.04,141.23,6.26,2524.48,1.21,0.22,1.34,5,5.3,1,17.168067226890756,170.8883,True,False,False,False,False,True,False,False,False,False,False,True,False
488,5.25,13.04,18.57,961.69,68.72,11.21,1400.27,2.88,0.28,0.68,1,4.15,3,51.78729133010232,197.9136,False,False,False,True,False,True,False,False,False,False,True,False,False
1843,4.54,20.55,30.18,1029.62,260.77,14.95,2815.8,2.97,0.7,1.54,6,6.8,12,34.115970841616964,774.4869,False,False,True,False,False,False,False,True,False,False,True,False,False
1734,5.22,11.23,34.03,936.74,131.7,4.27,1418.96,1.25,0.21,1.81,2,6.21,1,27.526888039964735,164.625,True,False,False,False,False,True,False,False,False,False,False,True,False
2911,6.06,23.16,11.09,1071.47,299.39,3.2,1351.67,1.68,1.4,1.36,4,8.49,2,96.61587015329125,502.9752,True,False,False,False,False,False,True,False,False,False,False,False,True
3219,5.1,16.23,25.1,477.19,285.41,0.03,1238.41,1.18,1.32,0.57,6,8.93,11,19.011553784860556,336.7838,False,False,False,True,False,True,False,False,False,False,True,False,False
146,8.22,43.88,19.82,396.28,80.49,7.53,2545.58,2.69,0.65,1.18,3,5.28,1,19.993945509586275,216.51809999999998,False,True,False,False,False,False,False,False,False,True,False,True,False
1986,6.81,37.16,29.68,218.25,244.32,12.68,2174.63,1.84,0.71,1.63,4,6.69,9,7.353436657681941,449.5488,False,False,True,False,False,False,False,False,True,False,True,False,False
1369,7.36,47.17,18.63,832.44,249.38,12.34,2867.74,1.31,0.49,0.99,4,7.78,12,44.68276972624799,326.6878,False,False,False,False,True,False,False,True,False,False,False,False,True
2811,5.27,11.16,28.73,144.92,154.28,5.03,2260.78,2.91,1.0,1.45,6,6.07,11,5.044204664114166,448.95480000000003,False,True,False,False,False,False,False,False,True,False,False,False,True
659,6.91,25.6,15.03,927.89,112.43,9.14,2057.39,2.7,0.87,0.75,4,5.12,8,61.73586161011311,303.56100000000004,False,False,False,False,True,True,False,False,False,False,True,False,False
1794,6.49,22.38,15.75,986.07,109.48,12.79,2329.31,2.84,1.11,1.63,4,5.16,4,62.60761904761905,310.9232,False,False,False,False,True,False,False,False,False,True,False,False,True
2511,4.94,49.98,34.35,769.25,199.23,1.12,2492.49,0.57,0.28,1.99,5,6.73,9,22.39446870451237,113.56109999999998,False,False,True,False,False,False,False,True,False,False,False,False,True
3397,8.24,39.58,15.93,1184.4,185.72,9.43,1177.6,2.16,1.35,1.72,6,7.59,6,74.35028248587571,401.15520000000004,False,False,True,False,False,True,False,False,False,False,True,False,False
4282,6.09,15.44,27.97,851.66,288.1,7.83,1930.65,0.84,1.0,1.04,5,8.16,5,30.44905255631033,242.00400000000002,False,False,False,False,True,True,False,False,False,False,True,False,False
1147,6.68,27.58,25.42,810.26,73.1,10.84,2336.4,2.54,0.63,0.77,1,5.11,3,31.874901652242325,185.67399999999998,False,False,True,False,False,False,False,True,False,False,False,False,True
3272,6.79,24.91,25.99,896.79,163.09,14.04,2160.96,1.18,0.82,1.57,2,5.43,6,34.505194305502116,192.4462,True,False,False,False,False,False,False,False,True,False,False,True,False
608,5.86,22.59,21.23,667.61,96.96,1.35,2553.82,0.6,0.49,1.07,2,5.47,8,31.44653791804051,58.175999999999995,False,False,False,True,False,True,False,False,False,False,False,False,True
3582,5.04,36.22,34.77,1167.72,139.94,7.29,2357.99,1.98,1.38,1.63,2,5.46,1,33.58412424503882,277.08119999999997,True,False,False,False,False,False,False,False,False,True,True,False,False
1930,8.44,48.75,22.7,461.91,159.87,10.06,2146.35,0.72,1.09,1.64,6,5.09,10,20.348458149779738,115.1064,False,False,True,False,False,False,False,False,False,True,False,False,True
197,4.98,35.87,34.01,664.73,166.16,9.09,1871.54,1.0,0.57,1.93,1,6.31,9,19.545133784181125,166.16,False,False,True,False,False,False,True,False,False,False,True,False,False
2931,7.95,33.51,31.37,642.14,265.51,4.21,1613.36,1.8,0.22,1.49,2,7.03,9,20.469875677398786,477.918,False,False,False,True,False,False,True,False,False,False,False,True,False
2327,8.38,41.7,26.2,606.82,253.01,10.6,2928.79,1.56,1.01,1.59,4,7.49,2,23.16106870229008,394.6956,False,False,False,False,True,False,False,False,True,False,False,True,False
4389,4.64,37.74,14.7,956.32,250.46,4.9,1194.68,2.32,1.21,1.48,1,7.26,4,65.05578231292517,581.0672,False,False,False,False,True,False,False,True,False,False,True,False,False
766,5.11,18.55,10.19,976.04,253.9,4.39,2628.37,0.86,0.39,1.55,1,6.62,6,95.78410206084396,218.354,False,False,True,False,False,False,False,False,True,False,False,False,True
4496,6.84,43.69,32.05,883.09,118.86,1.54,1290.6,1.19,1.46,1.02,1,7.0,10,27.55351014040562,141.4434,True,False,False,False,False,False,False,True,False,False,True,False,False
4218,6.53,28.33,14.71,521.87,107.28,5.63,1698.04,1.75,0.41,1.93,4,6.28,2,35.477226376614546,187.74,False,False,False,True,False,False,True,False,False,False,True,False,False
3255,7.37,43.08,10.52,619.4,187.57,10.81,2017.3,0.61,0.9,2.0,2,6.06,4,58.87832699619772,114.4177,False,True,False,False,False,False,False,False,True,False,False,True,False
202,7.01,21.95,32.86,680.88,210.05,4.66,2608.53,1.04,1.02,1.63,4,6.46,3,20.72063298843579,218.45200000000003,False,False,False,True,False,False,False,False,True,False,True,False,False
3510,7.17,38.11,17.14,906.04,239.74,8.54,2238.57,0.58,1.37,1.13,5,6.82,11,52.86114352392065,139.04919999999998,False,False,False,True,False,False,False,True,False,False,False,True,False
1733,5.69,15.23,27.65,457.27,217.61,0.56,1745.98,2.18,0.4,0.56,3,7.25,5,16.537793851717904,474.38980000000004,True,False,False,False,False,False,False,False,False,True,False,False,True
2777,7.61,46.22,12.51,119.39,293.0,9.44,1250.74,2.41,0.57,0.64,3,7.52,2,9.543565147881695,706.13,False,False,False,True,False,False,False,False,False,True,True,False,False
1707,7.54,32.62,20.37,1086.35,69.15,13.31,1085.0,1.49,0.39,0.78,6,5.04,7,53.33087874324987,103.0335,False,False,False,True,False,False,False,False,True,False,True,False,False
3474,8.25,32.96,32.6,433.67,243.45,13.47,1557.08,2.08,0.74,1.44,6,6.57,12,13.30276073619632,506.376,False,True,False,False,False,False,False,True,False,False,True,False,False
854,7.71,30.3,32.87,953.12,143.11,0.37,1663.99,1.8,0.57,1.76,6,5.71,7,28.996653483419532,257.598,True,False,False,False,False,False,False,True,False,False,False,True,False
4097,8.33,45.25,11.64,684.88,289.81,2.05,1396.2,2.54,0.32,0.75,2,8.82,8,58.83848797250859,736.1174,False,False,False,False,True,False,False,True,False,False,False,True,False
2160,8.08,15.19,26.04,1177.16,136.55,9.86,1651.76,0.67,0.35,1.14,1,5.26,3,45.20583717357911,91.48850000000002,False,False,False,False,True,True,False,False,False,False,False,False,True
698,4.92,45.79,31.98,177.97,183.26,14.47,2971.08,0.93,1.29,0.91,4,6.67,11,5.5650406504065035,170.4318,False,False,False,False,True,True,False,False,False,False,True,False,False
4748,6.55,20.28,34.15,730.59,213.27,6.9,2901.15,0.6,0.48,0.66,5,7.04,3,21.393557833089314,127.962,False,False,False,True,False,False,True,False,False,False,False,False,True
2999,5.59,25.33,13.71,564.17,218.72,2.76,2364.01,1.26,0.32,0.62,4,6.72,10,41.15025528811086,275.5872,False,True,False,False,False,False,False,False,False,True,False,False,True
3696,7.55,11.03,31.89,231.06,179.87,4.35,2576.71,0.96,1.01,1.51,3,6.65,1,7.245531514581374,172.6752,False,True,False,False,False,False,False,True,False,False,False,False,True
1636,4.53,42.82,23.74,850.65,96.36,0.32,1598.24,1.88,0.59,0.52,3,5.46,6,35.831929233361414,181.15679999999998,False,False,False,True,False,False,False,True,False,False,True,False,False
3457,4.58,20.66,33.98,846.16,84.5,0.15,2053.46,2.01,0.7,1.46,6,5.44,1,24.90170688640377,169.84499999999997,False,True,False,False,False,False,False,False,True,False,False,True,False
3581,8.09,24.38,17.93,191.96,216.8,6.52,1589.91,2.6,1.35,1.76,2,6.96,9,10.706079196876743,563.6800000000001,False,False,False,True,False,False,True,False,False,False,False,True,False
1291,6.69,14.34,10.78,330.92,252.7,4.47,1976.75,0.99,1.15,1.57,6,7.77,5,30.69758812615956,250.17299999999997,False,True,False,False,False,False,True,False,False,False,False,False,True
1853,8.05,33.55,11.34,440.59,104.37,13.7,2707.23,2.32,1.47,0.93,2,5.24,1,38.85273368606702,242.1384,False,False,False,True,False,False,True,False,False,False,False,True,False
3763,5.36,16.64,27.14,217.19,190.28,14.29,1592.23,2.4,0.44,0.79,3,5.77,1,8.002579218865144,456.67199999999997,True,False,False,False,False,False,False,False,False,True,False,True,False
3304,5.74,31.54,29.73,880.19,158.59,1.7,2676.88,2.11,1.14,1.62,4,5.88,11,29.606121762529433,334.62489999999997,False,True,False,False,False,False,False,False,False,True,False,True,False
4717,4.58,26.08,19.58,574.75,187.65,14.88,1991.38,2.8,0.83,0.9,4,6.87,9,29.353932584269664,525.42,False,False,True,False,False,False,False,False,False,True,True,False,False
3743,6.33,19.61,25.83,494.92,257.93,0.25,2420.0,2.56,0.73,1.76,4,9.05,1,19.16066589237321,660.3008,False,True,False,False,False,False,False,True,False,False,False,True,False
3445,6.29,41.2,19.87,678.46,93.91,0.11,1347.08,0.68,0.25,1.82,3,5.89,12,34.14494212380473,63.8588,False,False,True,False,False,False,False,False,False,True,False,True,False
1998,5.87,29.42,23.89,1161.5,250.03,5.92,1515.35,0.94,0.22,0.61,4,7.91,3,48.61866889912097,235.0282,False,True,False,False,False,False,False,True,False,False,False,False,True
663,6.89,10.8,12.13,650.59,278.12,0.54,2166.6,2.31,0.66,0.7,1,8.6,4,53.63478977741138,642.4572000000001,False,True,False,False,False,False,False,False,False,True,True,False,False
3748,7.85,13.04,20.03,199.57,203.16,2.5,1773.95,2.63,0.44,0.91,6,7.09,8,9.963554667998002,534.3108,False,True,False,False,False,True,False,False,False,False,False,True,False
4413,5.37,19.29,33.26,196.07,135.52,6.11,1638.69,2.1,0.81,0.77,1,5.33,1,5.895069152134696,284.59200000000004,False,False,False,True,False,True,False,False,False,False,False,False,True
709,6.43,29.74,15.05,997.33,127.19,8.66,2247.26,2.85,0.31,0.93,5,5.6,9,66.26777408637874,362.49150000000003,False,False,False,True,False,False,False,True,False,False,False,False,True
1282,5.11,14.42,11.45,1013.84,283.66,0.4,2397.99,1.58,0.69,0.6,3,8.05,1,88.54497816593887,448.18280000000004,False,True,False,False,False,True,False,False,False,False,True,False,False
2675,6.89,20.78,33.96,1187.25,112.31,9.99,2111.74,0.76,1.29,1.34,4,6.65,7,34.96024734982332,85.35560000000001,False,False,True,False,False,True,False,False,False,False,False,True,False
4029,4.95,17.26,28.72,720.34,125.65,0.02,2781.3,1.08,0.99,0.65,2,6.14,5,25.08147632311978,135.70200000000003,True,False,False,False,False,True,False,False,False,False,False,True,False
1306,5.63,14.18,28.76,289.49,239.38,3.68,1948.9,2.01,1.32,1.42,6,7.37,11,10.065716272600834,481.15379999999993,False,False,False,False,True,False,False,False,True,False,False,False,True
2237,6.63,13.37,22.51,165.05,237.8,8.22,1022.4,1.49,1.04,1.86,3,6.08,10,7.33229675699689,354.322,False,False,True,False,False,False,False,True,False,False,False,True,False
3302,5.01,17.64,33.7,922.93,189.17,12.17,2959.87,1.91,1.36,0.73,5,6.43,8,27.38664688427299,361.31469999999996,False,False,False,False,True,False,False,False,True,False,False,False,True
2038,7.08,20.6,25.45,231.0,271.3,10.13,2073.97,2.97,1.11,1.09,4,7.71,9,9.076620825147348,805.7610000000001,True,False,False,False,False,True,False,False,False,False,False,True,False
1529,6.79,45.68,12.71,819.31,181.77,2.76,1500.05,2.48,0.74,1.77,5,7.11,8,64.4618410700236,450.7896,False,False,False,False,True,False,False,False,True,False,False,False,True
1663,7.85,20.24,24.41,673.96,227.05,13.36,1651.59,2.86,0.99,1.12,5,6.52,9,27.609995903318314,649.363,False,False,False,True,False,True,False,False,False,False,True,False,False
4736,7.32,15.39,33.86,854.92,83.32,3.13,1767.7,2.78,1.03,0.53,6,6.57,2,25.248670998227997,231.62959999999995,False,False,False,False,True,False,False,False,False,True,False,False,True
4754,6.87,45.94,14.14,371.01,229.17,3.4,1379.83,1.89,1.22,1.47,3,5.87,3,26.238330975954735,433.13129999999995,False,True,False,False,False,True,False,False,False,False,True,False,False
3627,6.92,13.73,29.71,1004.18,266.06,11.16,1363.46,0.56,0.68,0.69,4,7.8,11,33.79939414338606,148.99360000000001,False,False,False,True,False,False,True,False,False,False,False,False,True
2693,4.68,49.2,29.75,956.44,94.83,7.83,1626.49,2.74,0.62,0.95,2,3.97,4,32.149243697478994,259.8342,False,False,False,False,True,False,False,True,False,False,True,False,False
3060,6.54,21.39,21.59,896.05,297.32,2.74,1355.94,1.16,0.21,0.59,2,7.73,6,41.503010653080125,344.89119999999997,False,False,True,False,False,False,True,False,False,False,True,False,False
1597,6.78,17.13,16.59,1002.68,142.35,8.17,1292.5,2.83,1.38,0.76,6,5.96,6,60.438818565400844,402.8505,False,True,False,False,False,False,False,False,True,False,True,False,False
2729,5.35,11.84,30.69,465.18,80.56,2.12,1625.08,0.68,1.36,1.86,6,5.15,12,15.157380254154447,54.780800000000006,False,True,False,False,False,True,False,False,False,False,True,False,False
2625,8.02,11.01,28.18,432.29,249.71,1.88,1056.37,2.3,1.21,1.42,5,6.22,8,15.3403122782115,574.333,False,False,False,True,False,False,False,False,True,False,False,False,True
3157,6.85,34.55,10.41,1178.11,120.66,2.31,1333.76,1.42,1.04,0.55,1,6.34,8,113.17098943323727,171.3372,True,False,False,False,False,False,False,False,False,True,False,False,True
3314,6.67,10.61,15.37,249.2,151.38,4.29,2211.75,1.43,0.8,1.13,2,5.73,1,16.213402732595966,216.4734,False,False,False,True,False,False,False,True,False,False,False,True,False
1722,6.97,37.44,11.15,485.35,287.81,2.53,1179.07,2.42,0.2,0.71,6,7.33,2,43.52914798206278,696.5002,False,False,True,False,False,False,False,False,True,False,True,False,False
1059,6.65,17.65,20.91,518.12,206.88,10.88,2946.26,2.02,1.18,0.81,1,7.26,1,24.778574844571974,417.8976,False,False,False,True,False,False,False,True,False,False,False,True,False
4636,6.66,20.38,12.08,707.07,207.41,2.45,1351.75,0.79,1.0,1.32,1,7.6,11,58.53228476821192,163.8539,False,True,False,False,False,False,True,False,False,False,False,True,False
3242,5.99,17.56,22.52,1014.69,212.88,12.57,2290.91,2.8,0.49,1.18,4,5.54,12,45.05728241563055,596.064,False,False,False,False,True,False,False,False,True,False,True,False,False
1678,5.92,32.89,16.66,310.75,195.97,14.22,1466.51,1.18,0.75,1.4,6,6.68,10,18.65246098439376,231.2446,False,False,False,False,True,False,False,True,False,False,False,True,False
1757,6.87,36.28,33.72,756.47,117.99,12.46,2349.23,2.19,0.29,1.81,4,4.31,2,22.433867141162516,258.3981,False,True,False,False,False,False,False,False,False,True,False,True,False
4191,5.54,38.74,28.46,672.63,79.03,7.24,2593.41,1.36,0.22,1.88,6,6.35,2,23.634223471539002,107.48080000000002,True,False,False,False,False,True,False,False,False,False,False,False,True
563,7.37,42.72,26.69,836.12,228.69,2.72,2860.82,0.9,1.35,1.39,2,8.28,6,31.32708879730236,205.821,False,False,False,False,True,False,True,False,False,False,True,False,False
2790,6.56,43.8,33.35,451.84,76.62,4.57,2335.55,2.23,0.47,1.42,3,4.82,9,13.548425787106446,170.86260000000001,False,False,False,False,True,False,False,True,False,False,False,True,False
863,6.53,46.24,29.93,145.9,201.94,0.75,1888.13,1.86,1.19,1.54,6,7.12,1,4.874707651186101,375.6084,False,False,False,False,True,False,False,False,True,False,False,False,True
1484,6.29,28.79,33.07,619.73,255.24,8.72,2932.18,0.97,1.26,0.86,5,6.83,3,18.739945570003023,247.5828,False,False,False,True,False,True,False,False,False,False,False,False,True
206,4.72,41.45,34.26,1146.25,197.04,9.38,1993.13,1.58,0.93,1.05,2,6.99,12,33.457384705195565,311.3232,True,False,False,False,False,True,False,False,False,False,False,False,True
4488,6.42,38.73,14.73,278.54,85.43,14.65,2605.27,1.94,0.25,1.64,3,5.3,5,18.90970807875085,165.73420000000002,False,False,False,True,False,False,True,False,False,False,False,False,True
870,6.09,29.08,15.04,1056.41,73.32,1.78,1631.94,0.92,0.55,1.95,1,4.89,7,70.2400265957447,67.45439999999999,True,False,False,False,False,False,False,False,False,True,False,False,True
4493,8.21,33.93,20.02,506.05,53.62,9.89,1029.17,2.74,0.85,1.11,2,4.49,9,25.27722277722278,146.9188,False,True,False,False,False,True,False,False,False,False,False,True,False
502,8.22,21.42,33.25,357.06,226.54,1.59,1539.28,1.34,0.9,1.37,5,7.47,8,10.738646616541354,303.5636,False,True,False,False,False,False,False,False,False,True,False,False,True
1028,5.17,48.62,31.98,529.34,153.59,3.22,2585.44,1.54,0.83,0.55,2,6.48,4,16.55222013758599,236.5286,False,True,False,False,False,True,False,False,False,False,True,False,False
3840,6.88,14.0,15.85,745.57,110.3,4.96,2300.5,2.91,0.77,0.99,3,7.33,7,47.039116719242905,320.973,False,True,False,False,False,False,True,False,False,False,False,False,True
2690,8.24,48.68,21.01,193.54,296.39,1.1,1868.79,2.0,0.21,0.6,2,8.45,5,9.211803902903378,592.78,False,False,True,False,False,False,False,True,False,False,False,False,True
1570,6.0,35.93,26.36,810.26,221.38,9.57,2833.18,2.87,1.09,0.51,4,6.71,7,30.73823975720789,635.3606,False,False,False,False,True,False,False,False,True,False,False,False,True
2773,4.77,32.4,30.94,884.03,277.47,5.7,1092.81,1.0,0.66,1.94,1,8.14,7,28.572398190045245,277.47,True,False,False,False,False,False,False,True,False,False,True,False,False
2731,4.55,24.29,19.07,431.93,69.69,2.34,2716.38,0.84,1.0,1.36,1,4.57,1,22.64971158888306,58.53959999999999,False,True,False,False,False,True,False,False,False,False,False,True,False
804,5.88,48.2,29.55,966.15,81.45,4.66,2277.15,2.24,1.17,1.99,3,5.29,8,32.69543147208122,182.44800000000004,False,False,False,False,True,False,False,False,True,False,False,False,True
3645,4.97,45.55,34.4,793.08,126.99,9.97,1513.13,1.86,0.52,0.57,4,5.27,3,23.0546511627907,236.2014,False,False,False,True,False,False,False,False,True,False,False,False,True
2454,7.0,15.65,17.95,614.57,207.8,8.54,1254.75,2.5,0.69,1.57,4,7.43,12,34.23788300835655,519.5,True,False,False,False,False,False,False,False,False,True,False,False,True
4598,7.24,41.69,26.41,730.63,277.81,11.03,2640.7,0.78,1.25,1.25,3,5.83,2,27.66489965921999,216.6918,True,False,False,False,False,True,False,False,False,False,False,True,False
3104,5.23,11.51,10.97,1114.05,70.45,8.76,1320.1,1.7,0.48,1.98,3,5.54,7,101.55423883318139,119.765,False,False,True,False,False,False,False,True,False,False,False,True,False
200,5.59,43.41,10.03,310.07,59.93,5.64,1144.29,2.72,1.24,0.74,4,4.42,2,30.914257228315055,163.0096,True,False,False,False,False,False,False,True,False,False,False,False,True
3099,6.58,26.59,14.5,268.3,294.36,3.54,1444.65,1.79,0.31,0.5,3,7.52,3,18.50344827586207,526.9044,False,False,False,True,False,False,False,True,False,False,True,False,False
2278,8.05,40.74,11.06,347.2,88.95,5.66,1934.34,2.72,1.05,1.47,4,5.3,12,31.392405063291136,241.94400000000002,False,False,True,False,False,True,False,False,False,False,True,False,False
3561,6.75,16.29,31.13,413.02,168.69,8.21,1512.16,2.41,1.1,0.52,1,6.13,7,13.267587536138773,406.54290000000003,False,True,False,False,False,False,False,False,False,True,False,True,False
4474,7.45,48.24,34.95,1036.02,230.37,12.44,2500.48,2.8,1.19,0.6,6,6.74,7,29.642918454935618,645.036,False,False,False,True,False,True,False,False,False,False,False,True,False
4514,5.77,10.72,23.38,609.74,275.3,8.44,2824.49,2.05,0.2,0.51,2,6.63,11,26.07955517536356,564.365,False,False,False,False,True,False,False,True,False,False,False,True,False
391,6.99,20.82,16.08,495.44,293.93,1.58,2228.21,1.68,0.23,0.57,3,7.96,9,30.810945273631845,493.8024,False,True,False,False,False,True,False,False,False,False,False,False,True
1495,7.2,17.86,14.96,715.93,185.43,12.11,2941.62,1.51,1.28,1.29,4,5.56,3,47.85628342245989,279.9993,False,True,False,False,False,False,False,True,False,False,False,True,False
2695,5.48,21.83,26.99,526.85,243.44,1.47,1591.82,1.31,0.58,0.75,5,7.26,12,19.52019266394961,318.9064,False,False,False,False,True,False,False,True,False,False,True,False,False
2027,7.51,28.84,34.12,555.67,102.12,10.63,2118.3,2.04,1.26,0.69,5,5.38,10,16.285756154747947,208.3248,False,False,True,False,False,False,False,True,False,False,False,True,False
2568,5.41,48.69,33.65,648.36,74.49,13.16,2518.66,1.38,1.38,1.95,1,4.88,12,19.267756315007432,102.79619999999998,False,False,False,True,False,False,False,True,False,False,False,False,True
64,6.05,29.52,12.45,772.11,123.51,8.79,2548.34,1.28,1.24,1.86,1,6.65,2,62.01686746987952,158.0928,False,False,False,False,True,False,False,False,True,False,True,False,False
3884,7.97,12.82,13.42,219.51,70.45,1.5,1421.86,2.58,0.63,1.28,4,4.75,1,16.35692995529061,181.76100000000002,False,False,False,False,True,False,False,True,False,False,False,True,False
2062,6.68,40.34,32.95,349.36,64.88,6.6,1588.63,1.83,0.29,0.96,5,5.44,7,10.602731411229135,118.7304,False,False,False,False,True,True,False,False,False,False,False,True,False
492,7.81,29.68,24.47,1056.1,212.77,10.4,2569.24,1.52,0.65,1.33,5,6.91,12,43.158970167552106,323.41040000000004,False,True,False,False,False,True,False,False,False,False,True,False,False
379,6.29,26.99,12.53,1100.51,118.97,2.0,1697.35,1.56,0.58,1.14,4,5.11,11,87.83000798084598,185.5932,False,True,False,False,False,True,False,False,False,False,False,True,False
3993,4.84,26.87,10.27,624.66,58.61,12.79,1502.64,1.43,0.7,0.86,4,3.42,12,60.82375851996105,83.8123,False,True,False,False,False,False,False,False,True,False,False,False,True
1076,8.09,31.77,33.12,964.41,174.69,6.85,1982.91,2.99,0.61,0.71,3,5.91,9,29.118659420289855,522.3231000000001,True,False,False,False,False,False,False,False,False,True,False,True,False
878,8.33,27.6,32.03,169.74,258.28,4.85,2391.62,2.23,1.32,1.45,5,7.03,10,5.299406806119263,575.9644,False,False,False,False,True,False,False,False,False,True,False,False,True
337,7.49,37.48,29.09,893.95,77.76,13.41,2069.05,1.09,0.67,0.69,3,3.94,8,30.73049157786181,84.75840000000001,False,False,True,False,False,True,False,False,False,False,True,False,False
1016,6.11,30.77,27.43,761.64,196.89,12.34,2628.89,2.49,1.33,1.07,1,6.42,4,27.76667881881152,490.2561,False,False,False,True,False,True,False,False,False,False,False,True,False
1275,6.41,46.32,17.34,1025.5,152.51,2.78,1903.54,0.79,0.34,1.44,6,7.73,10,59.14071510957324,120.4829,False,False,False,False,True,False,False,False,True,False,True,False,False
3798,8.18,16.52,24.52,1148.6,107.64,1.68,2837.87,0.97,0.48,0.52,6,5.36,12,46.84339314845024,104.4108,False,False,False,False,True,True,False,False,False,False,False,False,True
4551,7.64,11.54,18.77,652.34,235.51,1.5,2598.36,2.98,0.75,0.82,2,7.34,8,34.75439531166756,701.8198,True,False,False,False,False,True,False,False,False,False,False,True,False
3342,6.73,20.64,16.29,104.81,205.31,12.04,2347.82,0.86,1.46,0.61,3,6.91,12,6.4340085942295895,176.5666,True,False,False,False,False,False,False,False,False,True,False,False,True
995,6.35,48.64,11.85,668.53,96.89,11.59,2120.82,0.77,1.19,0.77,6,4.27,11,56.41603375527426,74.6053,True,False,False,False,False,False,True,False,False,False,False,True,False
1981,5.92,15.06,15.93,287.33,219.86,12.19,2770.5,1.33,0.33,1.61,1,5.66,8,18.037037037037038,292.41380000000004,False,False,True,False,False,False,False,False,True,False,False,False,True
4297,7.15,41.7,26.02,420.92,86.32,11.02,2749.36,2.11,0.58,1.33,4,4.82,2,16.176787086856265,182.13519999999997,False,False,False,True,False,True,False,False,False,False,False,False,True
161,8.42,37.1,34.64,961.21,278.52,3.06,1287.38,1.57,0.52,1.86,5,8.8,1,27.748556581986143,437.27639999999997,False,False,True,False,False,False,True,False,False,False,False,False,True
1500,5.98,16.59,31.26,1142.65,274.58,12.57,1329.62,1.87,0.29,0.87,4,7.15,12,36.55310300703775,513.4646,True,False,False,False,False,False,True,False,False,False,False,False,True
3843,5.87,43.05,17.67,935.13,79.31,2.59,2113.25,2.04,0.32,0.88,5,6.08,4,52.92190152801358,161.79240000000001,True,False,False,False,False,False,False,False,True,False,False,False,True
2613,4.96,37.26,20.98,1034.08,131.68,3.68,2229.63,1.89,0.45,1.07,3,6.6,8,49.2888465204957,248.8752,False,False,True,False,False,False,False,False,False,True,False,False,True
3461,8.41,43.46,23.25,1073.56,73.69,14.15,1085.24,2.84,0.87,1.46,2,4.13,10,46.174623655913976,209.2796,False,False,False,False,True,False,True,False,False,False,True,False,False
1021,4.84,49.57,15.27,294.5,135.93,6.49,2446.36,0.64,0.75,1.1,6,5.67,3,19.286182056319582,86.99520000000001,False,False,True,False,False,False,False,True,False,False,False,True,False
3073,6.81,22.4,17.13,592.25,68.39,3.87,1638.0,1.39,0.54,1.22,2,4.6,8,34.57384705195564,95.0621,False,True,False,False,False,True,False,False,False,False,False,True,False
3943,4.72,24.84,14.25,297.38,108.4,9.71,2184.35,1.52,1.42,1.58,1,4.73,2,20.86877192982456,164.768,False,False,False,True,False,False,False,False,True,False,True,False,False
1585,8.33,11.51,32.37,1141.16,251.34,7.31,1263.34,1.4,0.98,0.68,2,6.52,8,35.25362990423232,351.876,True,False,False,False,False,False,True,False,False,False,False,False,True
1955,7.45,11.34,30.31,175.55,148.3,1.45,1588.33,2.48,0.96,1.39,5,6.22,1,5.791817881887167,367.78400000000005,False,False,False,True,False,False,True,False,False,False,True,False,False
3152,5.58,39.36,27.47,763.86,184.58,8.96,1987.55,0.56,0.86,0.54,3,7.28,8,27.807062249726975,103.36480000000002,False,False,True,False,False,False,False,False,False,True,False,True,False
34,5.28,31.52,34.34,503.21,258.45,1.12,2981.07,0.52,0.23,1.41,6,6.65,4,14.653756552125799,134.394,False,False,False,True,False,False,False,False,True,False,False,True,False
4014,7.15,40.2,11.9,247.49,145.59,9.34,1503.92,1.73,0.27,1.11,4,5.78,7,20.797478991596638,251.8707,False,False,False,False,True,True,False,False,False,False,False,False,True
775,5.7,16.27,31.92,245.7,200.72,11.69,1118.75,1.69,0.56,0.54,3,5.4,7,7.697368421052631,339.2168,False,True,False,False,False,False,False,False,True,False,False,False,True
2556,5.84,29.04,32.67,1174.67,172.88,2.06,2891.59,2.42,1.35,1.44,6,7.08,5,35.95561677379859,418.3696,False,False,True,False,False,True,False,False,False,False,False,True,False
1478,5.9,39.09,12.62,589.55,262.49,9.4,2758.56,2.89,1.0,1.87,2,8.44,6,46.71553090332805,758.5961000000001,False,True,False,False,False,False,False,True,False,False,False,False,True
1363,5.28,16.88,29.25,190.01,179.09,8.96,2053.4,0.77,1.41,1.05,6,5.32,10,6.496068376068376,137.8993,False,False,False,False,True,False,True,False,False,False,False,False,True
2612,7.31,35.75,27.38,414.72,136.62,8.36,2813.85,1.8,0.85,1.7,4,5.87,9,15.14682249817385,245.91600000000003,False,False,False,False,True,False,False,False,False,True,True,False,False
2824,4.93,46.55,19.03,887.92,155.46,13.53,2732.0,2.83,1.49,0.59,1,6.57,8,46.65895953757225,439.95180000000005,False,False,False,False,True,False,True,False,False,False,True,False,False
2041,6.43,46.57,21.03,547.91,290.66,2.52,2855.13,2.94,0.78,0.77,6,8.45,5,26.05373276271992,854.5404000000001,False,False,False,True,False,False,False,True,False,False,False,True,False
241,8.09,10.15,31.85,735.6,189.72,0.34,2571.14,2.28,0.71,0.89,2,6.71,7,23.09576138147567,432.56159999999994,False,False,False,True,False,False,False,True,False,False,False,True,False
2061,7.44,13.19,14.07,1100.64,224.95,3.76,2890.73,0.62,0.29,1.14,6,7.98,8,78.22601279317698,139.469,False,True,False,False,False,False,False,False,True,False,False,False,True
2363,5.47,17.95,17.94,1127.12,57.8,14.05,1726.77,0.74,1.26,1.55,6,4.05,10,62.82720178372351,42.772,False,False,False,False,True,True,False,False,False,False,False,True,False
600,7.81,10.23,19.61,1093.15,259.42,14.91,2743.3,1.3,0.24,1.97,1,6.42,12,55.74451810300867,337.24600000000004,False,False,False,False,True,False,True,False,False,False,False,False,True
2435,7.37,36.99,18.86,997.05,276.56,8.15,1569.35,1.34,1.29,1.46,1,8.12,4,52.86585365853659,370.59040000000005,False,False,True,False,False,True,False,False,False,False,False,True,False
2888,7.55,33.32,15.4,633.56,130.25,13.99,2718.54,0.65,0.63,1.1,5,4.6,5,41.14025974025974,84.66250000000001,False,False,False,True,False,True,False,False,False,False,False,False,True
646,7.98,13.15,24.18,688.27,296.44,7.6,2640.9,0.78,1.46,1.84,6,8.12,10,28.46443341604632,231.22320000000002,False,False,False,False,True,False,False,False,False,True,True,False,False
3890,7.79,43.89,28.35,688.99,273.25,7.55,1539.66,1.0,0.43,0.52,4,7.55,8,24.302998236331568,273.25,False,False,False,False,True,False,False,True,False,False,False,False,True
3556,6.05,47.69,24.98,116.74,99.69,6.72,1560.19,0.55,0.8,1.31,2,4.37,12,4.673338670936749,54.8295,False,False,True,False,False,False,False,False,False,True,False,False,True
3202,8.22,42.33,28.24,476.9,275.37,1.15,2832.1,2.86,0.36,1.45,6,8.75,1,16.887393767705383,787.5581999999999,False,False,True,False,False,False,True,False,False,False,False,False,True
1528,4.81,43.7,15.86,905.33,152.01,3.25,1170.41,0.59,0.64,0.74,4,6.92,7,57.082597730138716,89.68589999999999,True,False,False,False,False,False,False,False,True,False,False,False,True
1267,5.74,37.14,18.08,771.3,55.47,1.77,2501.58,2.25,0.22,1.34,5,4.92,11,42.6603982300885,124.8075,False,False,True,False,False,False,True,False,False,False,False,False,True
1899,6.19,24.53,27.18,221.1,202.79,4.94,2210.86,2.43,1.49,0.73,6,5.33,8,8.13465783664459,492.7797,False,True,False,False,False,False,False,True,False,False,False,True,False
4658,6.45,45.27,30.51,673.7,218.54,6.08,1685.46,1.4,1.3,0.98,5,6.61,10,22.081284824647657,305.95599999999996,False,False,True,False,False,False,False,False,False,True,False,True,False
3005,5.96,33.97,32.28,1054.18,214.86,6.92,2841.94,2.01,1.26,0.74,1,6.3,5,32.65737298636927,431.86859999999996,False,True,False,False,False,False,False,False,False,True,True,False,False
2734,7.22,45.61,18.77,395.94,287.21,4.08,2161.26,2.83,0.76,1.14,6,8.86,6,21.094299413958446,812.8043,False,False,False,False,True,False,False,True,False,False,False,False,True
189,5.01,29.67,33.77,786.83,74.91,4.75,2245.52,0.86,1.39,1.37,2,5.85,9,23.299674267100976,64.4226,True,False,False,False,False,False,False,True,False,False,False,True,False
1806,4.79,29.37,15.74,1040.72,242.09,10.96,1207.8,2.17,0.33,0.81,2,6.46,2,66.11944091486659,525.3353,False,False,False,False,True,False,False,False,False,True,False,True,False
975,8.27,49.61,15.32,779.88,79.97,8.65,2013.84,2.4,1.32,1.53,6,5.1,6,50.90600522193211,191.928,True,False,False,False,False,True,False,False,False,False,False,False,True
2747,6.34,37.09,13.84,686.99,204.64,12.31,1674.91,0.61,0.24,0.67,3,5.45,5,49.63800578034682,124.83039999999998,False,False,False,True,False,False,False,False,True,False,True,False,False
2047,7.87,23.31,21.89,1081.76,115.81,4.75,2331.85,1.34,0.54,1.4,6,5.39,10,49.41799908634079,155.18540000000002,False,True,False,False,False,True,False,False,False,False,False,True,False
2558,5.07,13.77,17.43,1158.83,220.52,3.09,1018.65,1.73,0.52,1.22,6,8.2,7,66.48479632816982,381.4996,True,False,False,False,False,False,True,False,False,False,False,False,True
1082,6.21,29.84,15.27,849.22,194.92,8.3,2207.81,1.85,0.35,1.7,5,6.58,10,55.6136214800262,360.602,False,True,False,False,False,False,True,False,False,False,False,False,True
474,4.5,37.27,21.03,537.64,177.49,6.46,2942.76,1.35,0.87,1.49,1,7.04,2,25.56538278649548,239.61150000000004,False,False,False,False,True,False,False,False,True,False,False,False,True
2904,7.51,26.15,15.38,739.55,263.73,2.05,1686.39,2.07,0.29,0.78,1,9.25,4,48.085175552665795,545.9211,False,False,True,False,False,False,False,False,True,False,False,True,False
4117,7.64,36.36,27.21,1138.19,265.68,6.63,2446.13,2.53,0.9,0.94,3,7.36,2,41.82984196986402,672.1704,False,False,False,True,False,False,False,False,True,False,False,True,False
3385,4.57,22.69,23.95,893.05,231.25,0.02,2133.01,0.57,0.24,1.23,5,8.29,3,37.28810020876826,131.8125,False,False,False,True,False,True,False,False,False,False,False,True,False
4555,5.02,13.5,28.1,532.18,114.39,12.66,2604.53,2.66,1.26,1.02,5,5.86,9,18.938790035587186,304.2774,False,False,True,False,False,False,True,False,False,False,False,True,False
1184,4.89,13.9,21.04,784.01,215.78,0.22,2290.99,2.55,1.29,0.68,1,7.67,5,37.26283269961977,550.2389999999999,False,False,False,False,True,False,True,False,False,False,False,False,True
2433,4.73,27.44,26.98,342.35,201.36,12.33,2927.75,2.07,0.31,1.8,1,6.75,7,12.689028910303929,416.8152,True,False,False,False,False,False,False,True,False,False,True,False,False
2391,6.51,29.49,10.37,459.65,60.64,1.11,1338.35,2.89,1.26,1.5,5,5.77,2,44.32497589199615,175.24960000000002,False,False,True,False,False,True,False,False,False,False,True,False,False
769,5.24,44.18,16.79,119.92,86.91,13.45,1827.1,0.74,1.33,0.7,2,4.62,7,7.1423466349017275,64.3134,False,False,False,False,True,True,False,False,False,False,False,False,True
1685,7.58,37.14,34.18,1001.86,108.68,6.93,2023.01,1.08,1.03,0.74,3,5.6,1,29.311293153891164,117.37440000000001,False,True,False,False,False,True,False,False,False,False,False,True,False
130,5.51,22.39,10.01,648.34,103.59,6.03,2116.44,2.9,1.06,1.83,3,5.22,2,64.76923076923077,300.411,False,False,False,False,True,False,True,False,False,False,False,True,False
2919,6.42,23.72,21.3,1069.2,274.19,10.75,1671.58,1.55,0.82,1.27,5,7.97,4,50.19718309859155,424.9945,False,False,False,True,False,True,False,False,False,False,False,False,True
3171,6.76,27.56,24.85,685.9,124.35,4.85,2166.97,2.67,1.37,0.93,2,6.34,10,27.601609657947684,332.0145,False,False,True,False,False,False,True,False,False,False,True,False,False
3444,6.48,28.43,14.56,801.85,286.57,14.41,2059.35,0.68,0.2,0.94,1,7.07,11,55.07211538461539,194.8676,False,False,False,True,False,False,False,True,False,False,False,False,True
4426,7.97,33.88,31.01,476.36,213.43,0.52,1276.42,1.65,0.53,0.58,2,6.02,6,15.361496291518865,352.1595,True,False,False,False,False,False,False,True,False,False,False,False,True
466,5.34,29.83,20.15,246.75,213.66,1.37,1465.01,2.71,0.94,0.86,2,5.87,6,12.245657568238213,579.0186,True,False,False,False,False,False,False,True,False,False,False,False,True
3092,4.66,10.94,25.03,357.81,212.08,3.09,2692.29,2.1,0.65,1.21,1,6.05,6,14.295245705153814,445.36800000000005,False,False,False,True,False,True,False,False,False,False,False,False,True
3772,5.94,27.97,18.36,1021.6,116.5,10.34,2518.28,2.04,1.38,0.52,1,5.85,4,55.64270152505447,237.66,False,False,True,False,False,True,False,False,False,False,False,True,False
860,6.81,10.72,24.9,1043.13,214.78,6.53,2484.29,2.06,1.4,1.43,5,7.17,12,41.892771084337355,442.4468,False,False,False,True,False,False,False,False,False,True,False,True,False
