num__soil_moisture_%,num__soil_pH,num__temperature_C,num__rainfall_mm,num__humidity_%,num__sunlight_hours,num__pesticide_usage_ml,num__total_days,num__latitude,num__longitude,num__NDVI_index,num__sowing_month,num__sowing_day,num__observation_month,num__observation_day,num__days_since_sowing,num__crop_cycle_progress,cat__region_Central USA,cat__region_East Africa,cat__region_North India,cat__region_South India,cat__region_South USA,cat__crop_type_Cotton,cat__crop_type_Maize,cat__crop_type_Rice,cat__crop_type_Soybean,cat__crop_type_Wheat,cat__irrigation_type_Drip,cat__irrigation_type_Manual,cat__irrigation_type_Sprinkler,cat__irrigation_type_Unknown,cat__fertilizer_type_Inorganic,cat__fertilizer_type_Mixed,cat__fertilizer_type_Organic,cat__crop_disease_status_Mild,cat__crop_disease_status_Moderate,cat__crop_disease_status_Severe,cat__crop_disease_status_Unknown,yield_kg_per_hectare
-0.04091969918162822,-1.1425858054907838,1.3674363180602076,1.0036762170452815,1.095935732319988,-1.362614742640895,1.0375842555848669,1.0321599018400296,-0.11192676218605432,0.8559385448933111,0.059878653880517496,-0.08519497621776032,-0.7552652613704589,-0.6531345530073512,1.5648407132311042,-0.27837240776957534,-0.47471251173334433,0.0,0.0,1.0,0.0,0.0,0.0,0.0,0.0,1.0,0.0,0.0,0.0,1.0,0.0,1.0,0.0,0.0,1.0,0.0,0.0,0.0,5978.14
1.1953733389140122,1.1198754932121413,-0.2406302964097015,-1.2133854703083329,0.3800926194085866,-0.2578521768207825,-0.9942334363119886,-0.2751237965180962,-0.8766901817609691,1.1936615600508014,-0.8037557770884876,1.13187611260739,-1.2501155554706775,-0.6531345530073512,-0.7838883122564819,-1.5294843528013742,-1.595234669050208,0.0,0.0,0.0,0.0,1.0,0.0,0.0,0.0,1.0,0.0,0.0,0.0,0.0,1.0,0.0,1.0,0.0,0.0,1.0,0.0,0.0,4794.58
-0.9881442194701167,1.3598335097412388,-0.4875901164513879,1.0150799968949236,1.242914926605979,-1.000300137721396,-0.49357389923082845,-0.750499686830142,-0.32342256632925204,1.5689298617342482,0.11745428261178456,-1.3022660650429105,1.3478484885554707,-0.6531345530073512,1.6822771645054835,0.13866490724102432,0.3705559532961631,0.0,0.0,0.0,0.0,1.0,0.0,0.0,1.0,0.0,0.0,0.0,0.0,1.0,0.0,1.0,0.0,0.0,0.0,0.0,0.0,1.0,3404.58
-0.16694957199720337,-1.039746655549741,1.6916889062065432,1.452178534302552,1.3871722839607485,1.4052312555965922,-1.4895177943140565,1.151003874418041,0.13114610340341343,-0.13380602398318323,1.038664342312057,-0.08519497621776032,1.224135915030416,1.3111798921275395,-0.5490154097077233,1.3341718769380766,0.9613466860699368,0.0,0.0,0.0,1.0,0.0,0.0,1.0,0.0,0.0,0.0,0.0,0.0,0.0,1.0,0.0,0.0,1.0,0.0,0.0,0.0,1.0,4016.87
1.4494335587168379,1.5312320929763097,1.0375281615159706,1.6185068355241627,0.5468051314459379,1.0547958180515027,0.7534676471185643,1.6263797647300868,-1.3014340346922812,-1.6757049312457835,0.4053324262681199,1.13187611260739,0.23443532682997856,2.6207228555507998,-1.3710705686283786,2.2516539699613958,1.596414799896091,1.0,0.0,0.0,0.0,0.0,1.0,0.0,0.0,0.0,0.0,0.0,0.0,0.0,1.0,1.0,0.0,0.0,1.0,0.0,0.0,0.0,2160.32
-0.13094103690703915,-0.988327080579221,-0.4385751903362438,1.572752645639623,-0.4718423400639184,1.4171104229710019,-0.2516908406716788,1.804645723597104,-1.3885919864128498,-1.040215218805541,0.462908054999387,-1.3022660650429105,-1.2501155554706775,0.0016369287042790409,1.5648407132311042,1.556591778277063,0.9486419122000005,0.0,0.0,0.0,1.0,0.0,1.0,0.0,0.0,0.0,0.0,0.0,1.0,0.0,0.0,0.0,0.0,1.0,0.0,0.0,0.0,1.0,5392.13
-0.6750700116028547,-1.6739214135195004,1.6747222010128402,0.7679517433240186,0.7516233605203972,0.2113749344684053,0.007085637850331696,-1.5824074948762221,1.0917683385163746,0.35829899426266343,-0.7461801483572208,-1.3022660650429105,0.6055730474051426,-1.3079060347189815,1.095094908133587,-0.6398047474454284,-0.3600900018875482,1.0,0.0,0.0,0.0,0.0,0.0,1.0,0.0,0.0,0.0,1.0,0.0,0.0,0.0,0.0,1.0,0.0,0.0,0.0,0.0,1.0,4625.28
1.0543399098108683,1.4626726596822817,-1.4264144705029875,-0.07022607562468522,0.9523588341980244,1.0607354017387076,-0.2831740324206475,1.2698478469960526,-0.07445954703483608,0.2766311385479668,-1.437087693132425,1.13187611260739,-1.6212532760458416,0.0016369287042790409,-1.0187612148052405,-0.6398047474454284,-0.8321533766163074,0.0,0.0,0.0,1.0,0.0,1.0,0.0,0.0,0.0,0.0,1.0,0.0,0.0,0.0,0.0,0.0,1.0,0.0,1.0,0.0,0.0,2364.35
-0.9691397148391965,0.622819601830438,0.7038496260397995,1.562739570649693,-1.2183061184515682,-0.19845633994873307,-0.5857198263009805,1.7452237373080983,1.572101104946853,1.3879679895136054,-1.2067851782073566,-1.3022660650429105,-0.13670239374518547,-1.3079060347189815,0.39047620048731113,-0.6398047474454284,-0.881260640430373,1.0,0.0,0.0,0.0,0.0,0.0,0.0,1.0,0.0,0.0,0.0,0.0,1.0,0.0,0.0,1.0,0.0,0.0,1.0,0.0,0.0,3997.67
-1.3162219836249467,-1.4511032553139094,-0.9683134302729899,0.7589121617358875,0.17663530879973793,0.6568437110087739,-0.3346221750348159,0.7944719566840068,-1.1843058798024892,1.6250896062890494,-0.05527260358201664,-0.08519497621776032,1.3478484885554707,1.9659513738391698,-1.6059434711771372,1.8902216302855428,1.607646124526716,1.0,0.0,0.0,0.0,0.0,1.0,0.0,0.0,0.0,0.0,0.0,0.0,1.0,0.0,1.0,0.0,0.0,0.0,1.0,0.0,0.0,4354.36
-1.2041954300111022,-0.4741313308740112,-1.1040470718226192,0.37187899927790785,0.6373062094090712,0.502414535141446,-1.051056758005249,-1.1070316045641764,0.4364721390653115,1.1766391325016767,1.55684500089346,-0.08519497621776032,-1.126402981945623,0.0016369287042790409,-1.6059434711771372,-0.08375499409796218,0.22026246248162537,0.0,0.0,0.0,0.0,1.0,0.0,0.0,0.0,1.0,0.0,0.0,0.0,1.0,0.0,0.0,1.0,0.0,0.0,0.0,1.0,0.0,3258.32
-0.7480873188690212,-0.42271175590348975,1.667181443148972,0.19275621334694218,-1.59732191112424,-1.0121793050958054,1.3547198212513076,-0.6316557142521305,0.2703375733548398,1.4140498084073763,-0.4583020047008855,-0.08519497621776032,-0.8789778348955136,-0.6531345530073512,1.2125313594079663,-0.33397738310432196,-0.2118971587515377,0.0,0.0,0.0,0.0,1.0,1.0,0.0,0.0,0.0,0.0,0.0,0.0,1.0,0.0,1.0,0.0,0.0,0.0,0.0,0.0,1.0,3700.09
1.237383296519204,0.262882577036791,-1.2642881764298197,-0.7833795276852381,1.640983577797206,0.07476450966269269,1.596602879810457,-0.33454578280710195,0.5035492039240017,-0.8325029936345953,-1.1492095494760897,1.13187611260739,1.3478484885554707,0.6564084104159094,0.03816684666417319,-0.22276743243482872,-0.1569197674403644,0.0,0.0,0.0,0.0,1.0,0.0,0.0,1.0,0.0,0.0,0.0,1.0,0.0,0.0,0.0,0.0,1.0,0.0,0.0,1.0,0.0,2353.79
0.3971841444153705,1.4626726596822817,1.5559552646569144,0.29233068130235473,0.7250854504409822,0.0034895054162337193,0.9415989148867918,-0.8099216731191478,-0.7466028587315118,0.8785981343893298,-0.05527260358201664,-0.08519497621776032,0.11072275330492388,0.6564084104159094,-1.1361976660796198,0.5835047099189973,0.9166371106959685,0.0,1.0,0.0,0.0,0.0,0.0,0.0,0.0,1.0,0.0,0.0,0.0,0.0,1.0,0.0,0.0,1.0,1.0,0.0,0.0,0.0,5007.11
-1.3302253028266773,0.8970573350065504,1.4315327599030885,-0.5284633268999432,1.6219307192786514,0.6271457925727489,-1.296011347466737,1.804645723597104,0.5425994843405899,0.2533807081184509,1.614420629624727,-0.08519497621776032,-1.0026904084205683,1.3111798921275395,0.03816684666417319,1.9736290932876628,1.2971873532370624,1.0,0.0,0.0,0.0,0.0,0.0,0.0,0.0,1.0,0.0,0.0,0.0,1.0,0.0,0.0,0.0,1.0,0.0,0.0,1.0,0.0,2209.89
-0.23896664217753183,-1.0740263721967558,-1.017328356388134,-1.6353253247450954,0.22222607739770658,1.696270856269633,0.8740252350353467,0.9133159292620182,-0.8076461818264065,0.19146471739760076,0.4053324262681199,1.13187611260739,1.4715610620805255,1.3111798921275395,-0.07926960461020612,0.5835047099189973,0.3444964810690931,1.0,0.0,0.0,0.0,0.0,0.0,0.0,0.0,1.0,0.0,1.0,0.0,0.0,0.0,1.0,0.0,0.0,1.0,0.0,0.0,0.0,3148.75
1.1443612475362797,-0.37129218093296834,1.4126808652434175,-1.2035114658043744,-0.7365409816252637,0.4727166167054215,0.7926296661233793,-0.5722337279631249,1.6479315081367243,-1.6847454930344088,1.614420629624727,-0.08519497621776032,-0.8789778348955136,-1.3079060347189815,-0.31414250715896475,-1.501681865134001,-1.5566604700421536,1.0,0.0,0.0,0.0,0.0,0.0,0.0,0.0,1.0,0.0,0.0,0.0,0.0,1.0,1.0,0.0,0.0,0.0,1.0,0.0,0.0,2077.58
1.7315004169231247,0.6056797435069314,-0.0709632444726656,0.5585115914513211,-1.6816988559921235,-1.0478168072190353,-0.3783914903931382,0.31909606637196103,-0.07557768025224075,0.3201888210561017,-0.4583020047008855,-0.08519497621776032,-1.0026904084205683,-0.6531345530073512,-0.5490154097077233,-0.7232122104475482,-0.7987325655324699,0.0,0.0,0.0,1.0,0.0,1.0,0.0,0.0,0.0,0.0,1.0,0.0,0.0,0.0,1.0,0.0,0.0,0.0,0.0,1.0,0.0,3051.4
-0.5610429838173344,-0.8169284973441501,-0.046455781415093884,0.4177722596484194,-0.672577813741545,-0.5132542753705933,-1.2867967547597217,1.0915818881290353,-0.4236211634213367,-0.3554831639311165,0.2326055400743187,1.13187611260739,0.23443532682997856,0.6564084104159094,-1.0187612148052405,-0.22276743243482872,-0.43341653226000154,0.0,0.0,0.0,1.0,0.0,0.0,0.0,0.0,1.0,0.0,0.0,0.0,0.0,1.0,1.0,0.0,0.0,1.0,0.0,0.0,0.0,5358.92
1.1603650409096855,0.09148399380172008,-0.08981513913233588,-0.7441616506413467,-0.6222238305139373,1.6606333541464031,1.2226439924507557,1.5075357921520756,-1.518171771303663,-0.0009132941117191662,0.4053324262681199,-1.3022660650429105,0.9767107679803066,0.6564084104159094,-1.1361976660796198,1.2507644139359566,0.7771735802875149,1.0,0.0,0.0,0.0,0.0,1.0,0.0,0.0,0.0,0.0,0.0,0.0,0.0,1.0,0.0,1.0,0.0,0.0,0.0,1.0,0.0,4170.37
-1.5462765133676628,0.8113580433890142,-0.932494830419616,-0.9185560400492899,-0.9257086483451965,0.5855687067623144,-0.004432603033437216,-1.6418294811652279,-1.3486433814739525,1.5258142497034848,0.462908054999387,-0.08519497621776032,-1.497540702520787,-0.6531345530073512,-0.19670605588458542,-0.5285947967759351,-0.1934758300968068,0.0,0.0,0.0,0.0,1.0,0.0,1.0,0.0,0.0,0.0,0.0,1.0,0.0,0.0,1.0,0.0,0.0,0.0,1.0,0.0,0.0,5922.36
1.38641862230905,-0.8854879306381782,0.6642606472544915,0.1511741380415393,-0.11255986514260642,-1.184427232024748,0.5085130576570766,-0.2751237965180962,1.3340623979677761,0.58288555506917,-1.5522389505949588,1.13187611260739,1.1004233415053613,1.9659513738391698,-0.19670605588458542,1.473184315274943,1.6780616467761127,0.0,1.0,0.0,0.0,0.0,0.0,1.0,0.0,0.0,0.0,0.0,0.0,0.0,1.0,0.0,0.0,1.0,0.0,0.0,1.0,0.0,2155.13
-1.0641622379937967,-0.5084110475210245,-0.08038919180250106,-1.1626247429288277,-0.5017825463073609,-0.8339917944796584,-1.517161572435102,-0.750499686830142,-0.11972768839279778,-1.178992439386758,-0.5158776334321525,1.13187611260739,-1.497540702520787,0.0016369287042790409,1.6822771645054835,-0.028150018763215556,0.17510991159313768,0.0,1.0,0.0,0.0,0.0,1.0,0.0,0.0,0.0,0.0,0.0,1.0,0.0,0.0,0.0,0.0,1.0,0.0,1.0,0.0,0.0,2546.01
-0.7940982248175646,-1.4339633969904029,0.35885995376782626,0.6751917291811969,-0.944761506863751,0.015368672790643282,-0.7830656867762231,-0.33454578280710195,1.5145933957210225,1.1493717301211983,0.17502991134305163,-0.08519497621776032,-0.26041496727024016,-0.6531345530073512,-1.2536341173539993,-1.056842062456028,-1.0741446122747378,1.0,0.0,0.0,0.0,0.0,0.0,0.0,1.0,0.0,0.0,1.0,0.0,0.0,0.0,0.0,0.0,1.0,0.0,0.0,1.0,0.0,5680.91
0.6722493430207924,-0.5598306224915459,0.6642606472544915,1.5543953414914187,-1.4265266436900554,-0.8102334597308387,0.6858939672671197,-1.0476096182751706,0.7277012303023588,1.3586756465005847,0.17502991134305163,-0.08519497621776032,0.6055730474051426,0.6564084104159094,0.8602220055848283,0.9449370495948503,1.4653092718549392,0.0,1.0,0.0,0.0,0.0,0.0,0.0,1.0,0.0,0.0,0.0,0.0,0.0,1.0,1.0,0.0,0.0,0.0,1.0,0.0,0.0,4070.97
1.3824176739656986,-0.38843203925647496,-1.0927359350268164,0.6279077639509729,0.9639266411557182,0.26483118765324937,-1.6031644377005776,0.8538939429730125,-0.452792225727397,-1.2347099438285458,0.5204836837306535,1.13187611260739,-0.8789778348955136,1.3111798921275395,0.39047620048731113,1.2229619262685834,0.958352630955262,1.0,0.0,0.0,0.0,0.0,0.0,0.0,0.0,1.0,0.0,1.0,0.0,0.0,0.0,0.0,1.0,0.0,0.0,1.0,0.0,0.0,5217.15
1.3184025004720732,-0.35415232260946167,-1.0682284719692448,-1.1410688176032846,1.3694803439078058,1.0013395648666585,0.6797509054624424,-0.037435851362073336,1.240865171224882,0.16077491598373306,-0.5734532621634196,1.13187611260739,1.1004233415053613,0.6564084104159094,-1.3710705686283786,-0.5007923091085619,-0.5166157850224715,0.0,1.0,0.0,0.0,0.0,0.0,0.0,0.0,1.0,0.0,0.0,1.0,0.0,0.0,0.0,0.0,1.0,0.0,1.0,0.0,0.0,4399.05
-0.24196735343504563,0.6056797435069314,1.0167910773903328,-0.7983991401701328,0.6645245787212913,1.268620830790879,-0.902855391967421,0.7944719566840068,1.688114308242894,0.4457271673987642,1.55684500089346,1.13187611260739,-0.5078401143203495,0.0016369287042790409,-0.43157895843334404,-0.7510146981149216,-0.8819641685951548,0.0,0.0,0.0,1.0,0.0,0.0,0.0,1.0,0.0,0.0,0.0,0.0,1.0,0.0,0.0,0.0,1.0,0.0,1.0,0.0,0.0,3381.17
-1.3142215094532708,-1.7767605634605432,-0.6421756526606869,-0.5863166490639817,-0.8039064456730094,-1.3210376568304611,-0.07661357923838985,-0.21570181022909052,-0.4816880084216005,-1.4440890087963738,0.34775679753685285,1.13187611260739,0.35814790035503324,-0.6531345530073512,1.447404261956725,-1.3626694267971344,-1.4162589365836507,1.0,0.0,0.0,0.0,0.0,0.0,1.0,0.0,0.0,0.0,0.0,0.0,1.0,0.0,1.0,0.0,0.0,0.0,1.0,0.0,0.0,2413.17
0.5692249231794889,-0.38843203925647496,-0.5120975795089596,0.40845453708834567,-0.6113364827890487,0.31828744083809346,-0.57727311631955,-0.6316557142521305,-0.92134814303456,-0.49807158843219457,-0.7461801483572208,-1.3022660650429105,1.4715610620805255,-1.3079060347189815,1.447404261956725,-0.7510146981149216,-0.6915468482520817,0.0,0.0,0.0,1.0,0.0,0.0,0.0,0.0,1.0,0.0,0.0,0.0,0.0,1.0,1.0,0.0,0.0,0.0,0.0,0.0,1.0,2686.95
1.2893956249827743,0.262882577036791,-1.3491217023983377,1.5829047911155236,0.9407910272403305,-0.5607709448682326,-0.34690829864416955,-0.5128117416741191,1.1382309720594521,-1.4017662737461354,1.614420629624727,1.13187611260739,0.8529981944552519,0.6564084104159094,-0.31414250715896475,-0.1949649447674554,-0.08255018542676645,0.0,0.0,1.0,0.0,0.0,0.0,1.0,0.0,0.0,0.0,0.0,0.0,0.0,1.0,0.0,1.0,0.0,0.0,0.0,1.0,0.0,2050.61
0.07710827694724356,-0.7997886390206435,1.2712916552958875,0.7056481656088999,-0.6365134744028527,0.33610619189970836,-0.5849519435753961,0.20025209379394956,-0.7540639045330637,0.12895534120865523,0.34775679753685285,-1.3022660650429105,0.9767107679803066,-1.3079060347189815,1.5648407132311042,-0.612002259778055,-0.6699691115428431,0.0,0.0,1.0,0.0,0.0,0.0,0.0,1.0,0.0,0.0,0.0,1.0,0.0,0.0,0.0,0.0,1.0,1.0,0.0,0.0,0.0,2884.17
-0.7160797321222085,0.7085188934479728,-0.21423764388616243,0.07399001832749764,-0.8352075703820632,0.5202332862030608,-0.052041332019682585,-0.15627982394008477,0.1476857048062346,-1.5204460815351903,0.8083618273869887,-0.08519497621776032,0.9767107679803066,-0.6531345530073512,-0.5490154097077233,-1.1680520131255212,-1.2105524097116447,0.0,1.0,0.0,0.0,0.0,0.0,1.0,0.0,0.0,0.0,0.0,0.0,1.0,0.0,1.0,0.0,0.0,1.0,0.0,0.0,0.0,5760.8
-0.13594222233622835,1.4112530847117601,1.5653812119867505,1.406980626361897,-0.7902972610168993,0.9775812301178385,-0.9896261399584809,-0.750499686830142,-0.9070673560950576,-0.9721005721699867,0.6356349411931875,1.13187611260739,0.7292856209301973,1.3111798921275395,-1.1361976660796198,0.5000972469168773,0.7940223769860514,0.0,0.0,0.0,0.0,1.0,0.0,1.0,0.0,0.0,0.0,1.0,0.0,0.0,0.0,0.0,0.0,1.0,0.0,1.0,0.0,0.0,4422.42
1.331405582587966,-1.502522830284431,1.4579254124266277,-1.4295010055076502,1.0401380752299363,-1.0478168072190353,0.4808692795360309,0.5567840115279838,1.1077944535276318,0.9727990104452885,0.2326055400743187,-0.08519497621776032,-1.0026904084205683,-0.6531345530073512,1.5648407132311042,-0.22276743243482872,-0.3417867904302381,1.0,0.0,0.0,0.0,0.0,0.0,1.0,0.0,0.0,0.0,0.0,1.0,0.0,0.0,0.0,1.0,0.0,0.0,1.0,0.0,0.0,2556.94
-0.8351079453369183,-1.3654039636963746,0.3230413539144517,-1.5991669983925711,0.8815910739862514,-1.059695974593445,-0.49203813377965927,1.6263797647300868,1.2629893521303437,-1.268944451572116,-1.2643608069386238,-1.3022660650429105,1.4715610620805255,0.0016369287042790409,-1.2536341173539993,0.27767734557789087,-0.08703596973869787,0.0,0.0,1.0,0.0,0.0,0.0,1.0,0.0,0.0,0.0,0.0,0.0,1.0,0.0,0.0,0.0,1.0,0.0,1.0,0.0,0.0,4383.93
-0.6530647957144211,-1.6567815551959937,0.0666555865429305,-1.1156189186705465,1.4531768295428833,-0.6201667817402815,0.6928049117973808,0.3785180526609667,1.5778313474802903,0.884879233224986,-1.437087693132425,-1.3022660650429105,1.59527363560558,-1.3079060347189815,-0.07926960461020612,-1.140249525458148,-1.2211917699386612,1.0,0.0,0.0,0.0,0.0,1.0,0.0,0.0,0.0,0.0,1.0,0.0,0.0,0.0,0.0,0.0,1.0,0.0,0.0,0.0,1.0,4676.09
-0.8331074711652426,0.4514210185953671,-1.784600469036731,0.7732364217909259,0.8979220955735834,-1.4160709958257396,-1.020341448981865,-0.037435851362073336,1.4672491757626887,-1.3480944054849486,-1.2643608069386238,1.13187611260739,0.35814790035503324,0.0016369287042790409,0.15560329793855252,-0.8066196734496682,-0.8388006464853018,0.0,0.0,0.0,0.0,1.0,1.0,0.0,0.0,0.0,0.0,0.0,0.0,0.0,1.0,0.0,0.0,1.0,0.0,0.0,1.0,0.0,2200.87
-1.2952170048223508,1.4455328013587736,0.7999942888041203,-1.319496251104394,-1.5993632888226568,-0.4776167732473641,-1.1869720004337234,1.6263797647300868,1.4031140061328171,-1.0470998812476777,-0.8613314058197546,-0.08519497621776032,-0.26041496727024016,-1.3079060347189815,0.742785554310449,-1.3904719144645077,-1.5096704229511952,0.0,1.0,0.0,0.0,0.0,0.0,0.0,0.0,0.0,1.0,0.0,0.0,1.0,0.0,1.0,0.0,0.0,0.0,0.0,0.0,1.0,5732.35
-1.1411804936033147,0.7085188934479728,-1.481084965016033,0.7337404037750918,-0.8950879828689486,0.4192603635205774,-1.5801279559330395,-1.3447195497201994,-1.6269554956676242,-1.050719905801461,0.11745428261178456,1.13187611260739,1.4715610620805255,0.6564084104159094,1.095094908133587,-0.00034753109584224537,0.4091750165192697,0.0,0.0,0.0,1.0,0.0,0.0,1.0,0.0,0.0,0.0,0.0,0.0,1.0,0.0,1.0,0.0,0.0,1.0,0.0,0.0,0.0,3220.47
-1.6603035411531832,-0.7655089223736302,-1.009787598524266,-1.3605220444659119,-0.852219051202201,-0.6261063654274869,0.9538850384961451,-0.33454578280710195,0.024425592813743006,1.067502177630755,1.038664342312057,-1.3022660650429105,-1.126402981945623,-1.3079060347189815,-1.488507019902758,-0.8622246487844148,-0.8601254818133839,0.0,1.0,0.0,0.0,0.0,0.0,0.0,0.0,0.0,1.0,1.0,0.0,0.0,0.0,1.0,0.0,0.0,0.0,0.0,0.0,1.0,4130.33
0.40218532984456,0.8627776183595356,0.5530344687624346,1.0936548214686777,-0.6970743461225435,1.0191583159282729,1.0813535709431894,-0.9287656456971591,-1.4698512078777493,-0.04603315122696603,-0.2855751185070843,-0.08519497621776032,0.35814790035503324,0.0016369287042790409,0.8602220055848283,0.16646739490839763,0.46514682604346064,0.0,0.0,0.0,1.0,0.0,0.0,1.0,0.0,0.0,0.0,0.0,1.0,0.0,0.0,0.0,0.0,1.0,0.0,0.0,1.0,0.0,5827.95
-1.6563025928098316,-0.3198726059624469,-1.0606877141053765,0.0018124361084206554,1.33545738226753,-0.3350667647544462,-1.0902187770100638,-0.9287656456971591,-0.6706118527128138,-0.3065897620080503,-1.091633920744823,1.13187611260739,-0.6315526878454042,0.0016369287042790409,1.095094908133587,-0.36177987077169527,-0.17161888354347926,0.0,0.0,0.0,0.0,1.0,0.0,1.0,0.0,0.0,0.0,0.0,0.0,0.0,1.0,0.0,0.0,1.0,0.0,1.0,0.0,0.0,3882.79
1.621474337480956,-0.06277473110984272,1.8387336845519746,-1.0896127377939233,-0.5215158640587207,-1.6180168411907065,1.4215256183771676,0.02198613492693239,1.2241397906669236,-0.2978151889026654,1.3265424859683916,1.13187611260739,0.9767107679803066,-0.6531345530073512,0.8602220055848283,-1.6406943034708674,-1.717730711733523,0.0,0.0,1.0,0.0,0.0,0.0,0.0,0.0,0.0,1.0,0.0,0.0,0.0,1.0,0.0,1.0,0.0,0.0,1.0,0.0,0.0,3142.99
-1.023152517474443,-1.1597256638142905,-0.49513087431525604,0.7087077163002673,-0.7848535871544549,1.1676479081083957,0.20750302922791264,1.3292698332850583,-0.135289839676334,0.8726373076416595,0.002303025149250427,-0.08519497621776032,-0.5078401143203495,0.6564084104159094,-0.31414250715896475,0.917134561927477,0.5359510191035357,0.0,1.0,0.0,0.0,0.0,1.0,0.0,0.0,0.0,0.0,0.0,0.0,1.0,0.0,0.0,0.0,1.0,1.0,0.0,0.0,0.0,3053.4
0.9393126449395103,0.09148399380172008,0.5436085214325991,1.6123877341414279,0.6427498832715153,0.5855687067623144,1.5029211872891357,-0.8099216731191478,-1.0115605917950292,0.6032857674784101,-0.8037557770884876,1.13187611260739,-1.497540702520787,0.0016369287042790409,-1.0187612148052405,-0.6676072351128016,-0.5630369314425021,0.0,1.0,0.0,0.0,0.0,0.0,0.0,0.0,1.0,0.0,0.0,0.0,0.0,1.0,0.0,1.0,0.0,0.0,0.0,1.0,0.0,2681.28
-0.5140318407829534,1.0170363432710985,1.0262170247201683,0.5014926922031097,-0.9576902322870561,-1.0893938930294693,-0.781529921325054,1.4481138058630698,-0.272369264846944,0.3767838506626863,-1.034058292013556,-0.08519497621776032,0.7292856209301973,1.3111798921275395,-0.07926960461020612,1.556591778277063,1.0609509987563872,0.0,1.0,0.0,0.0,0.0,0.0,0.0,0.0,1.0,0.0,1.0,0.0,0.0,0.0,0.0,0.0,1.0,0.0,0.0,1.0,0.0,5073.96
-0.1469448302804455,-1.0054669389027278,0.13452240731774487,-0.8613980703151075,-1.2108210668907076,-1.237883485209592,-0.8314422984880531,-1.3447195497201994,-0.049032564112949414,0.2445545657785604,0.5204836837306535,-0.08519497621776032,1.224135915030416,0.0016369287042790409,1.095094908133587,0.027454956571531065,0.44510753621381205,0.0,1.0,0.0,0.0,0.0,0.0,0.0,1.0,0.0,0.0,1.0,0.0,0.0,0.0,0.0,1.0,0.0,0.0,0.0,1.0,0.0,3926.07
-1.5562788842260418,0.9827566266240851,-0.3669379906294954,0.8746188060639646,1.4143906532729695,-0.6023480306786672,1.586620404377857,1.151003874418041,0.4865383072259069,0.3850220358749565,-1.5522389505949588,-1.3022660650429105,1.7189862091306347,-1.9626775164306118,1.6822771645054835,-1.6128918158034942,-1.696625741982478,0.0,1.0,0.0,0.0,0.0,0.0,1.0,0.0,0.0,0.0,0.0,0.0,0.0,1.0,1.0,0.0,0.0,0.0,0.0,0.0,1.0,2906.87
1.806518198360967,1.6340712429173512,1.03187259311807,0.7345748266909193,1.3824090693311104,-1.7665064333708291,1.2134293997437406,1.3292698332850583,-0.0732999143784577,-0.02056541334934959,0.9235130848495229,-0.08519497621776032,-0.13670239374518547,-1.3079060347189815,0.03816684666417319,-1.585089328136121,-1.6731398043708006,0.0,0.0,0.0,1.0,0.0,0.0,0.0,0.0,1.0,0.0,0.0,1.0,0.0,0.0,1.0,0.0,0.0,1.0,0.0,0.0,0.0,4319.82
1.804517724189291,-1.3139843887258533,0.05534444974712833,0.7900639505934465,1.2082115057328984,-1.249762652584002,-0.16875950630854197,-0.33454578280710195,0.12420407725195445,1.534760833347648,1.2689668572371247,-1.3022660650429105,-0.13670239374518547,-0.6531345530073512,-0.43157895843334404,-0.028150018763215556,0.057099363020989675,1.0,0.0,0.0,0.0,0.0,0.0,0.0,1.0,0.0,0.0,0.0,0.0,1.0,0.0,0.0,1.0,0.0,0.0,0.0,0.0,1.0,4383.55
0.848291070128262,0.12576371044873488,0.0025591447000501916,1.1853022717237298,-0.5888813281064669,1.613116684648764,1.6104247688709799,1.0321599018400296,1.4567749940287462,0.6002309688765132,0.6932105699244546,1.13187611260739,-1.2501155554706775,1.9659513738391698,-1.3710705686283786,1.723406704281303,1.3570591491913606,0.0,0.0,0.0,1.0,0.0,0.0,0.0,0.0,1.0,0.0,1.0,0.0,0.0,0.0,0.0,0.0,1.0,0.0,0.0,1.0,0.0,5998.29
-0.7520882672123728,-1.7767605634605432,0.9319575514218149,1.0740458829467323,0.25148582440834416,0.55587078832629,0.23361104189778908,0.31909606637196103,-0.13091289384781676,-0.6681311477171754,-1.091633920744823,-0.08519497621776032,-0.3841275407952948,-0.6531345530073512,1.6822771645054835,-0.33397738310432196,-0.40836167157096054,1.0,0.0,0.0,0.0,0.0,0.0,0.0,0.0,1.0,0.0,0.0,0.0,1.0,0.0,1.0,0.0,0.0,1.0,0.0,0.0,0.0,5051.49
0.43019196824802125,0.6742391768009596,-1.0380654405137715,0.36742874372682804,-0.8236397634243693,-0.05590633145581568,0.5638006138991678,-1.7606734537432394,0.4976955697253503,-0.8710903518959743,0.8083618273869887,-0.08519497621776032,-1.497540702520787,-1.3079060347189815,0.27303974921293184,-1.223656988460268,-1.1271398255318348,1.0,0.0,0.0,0.0,0.0,0.0,1.0,0.0,0.0,0.0,1.0,0.0,0.0,0.0,0.0,0.0,1.0,0.0,0.0,1.0,0.0,3334.23
-0.6400617135985286,0.9998964849475918,1.6351332222275317,-1.2841723476676974,-1.6483563535846537,-0.4004021853137004,0.007853520575916418,-0.2751237965180962,0.8077006671314914,-0.8018489853407287,1.4416937434309258,-0.08519497621776032,1.3478484885554707,0.6564084104159094,-1.6059434711771372,0.19426988257577094,0.2838798826278649,0.0,0.0,0.0,0.0,1.0,1.0,0.0,0.0,0.0,0.0,0.0,0.0,0.0,1.0,0.0,1.0,0.0,0.0,0.0,1.0,0.0,3564.25
1.3244039229871007,1.3255537930942256,0.5850826896838743,1.1035288259726368,-0.8134328749322867,-0.7745959576076096,0.7457888198627182,-0.8693436594081535,-1.6098160890401754,0.9443146419847326,-0.6310288908946867,-1.3022660650429105,-0.13670239374518547,-1.3079060347189815,-1.1361976660796198,-1.0012370871212815,-0.9501008713542798,0.0,0.0,0.0,0.0,1.0,0.0,1.0,0.0,0.0,0.0,0.0,0.0,1.0,0.0,1.0,0.0,0.0,0.0,0.0,1.0,0.0,2454.23
-0.9541361585516283,-0.8854879306381782,1.7256223165939504,0.415408061386908,0.3508328723979489,-1.184427232024748,-0.030540615703313654,0.8538939429730125,1.2091984709904287,0.8729155100909651,-0.9189070345510217,-0.08519497621776032,0.8529981944552519,0.6564084104159094,-0.19670605588458542,0.6391096852537439,0.4121247009718067,1.0,0.0,0.0,0.0,0.0,0.0,1.0,0.0,0.0,0.0,0.0,0.0,1.0,0.0,0.0,0.0,1.0,0.0,0.0,0.0,1.0,4227.8
1.4334297653434318,-1.1254459471672773,0.9602353934113214,0.34086628090632,0.7529842789860091,1.381472920847772,0.37259781522860214,1.6858017510190926,0.17384764279233814,1.6285686636261403,-0.11284823231328371,1.13187611260739,-0.8789778348955136,0.6564084104159094,-0.43157895843334404,0.16646739490839763,-0.1924519010690833,1.0,0.0,0.0,0.0,0.0,0.0,0.0,1.0,0.0,0.0,1.0,0.0,0.0,0.0,0.0,1.0,0.0,1.0,0.0,0.0,0.0,2146.63
-1.4762599173590103,1.3598335097412388,-0.7741389152783823,-0.9654227938216001,0.5917154408111016,1.7675458605160912,1.2771636659672625,-1.1664535908531821,-1.4637690501018181,-1.4554517128585074,0.6932105699244546,-0.08519497621776032,-1.497540702520787,0.0016369287042790409,-0.19670605588458542,0.3332823209126375,0.7627510103135674,0.0,0.0,0.0,1.0,0.0,0.0,0.0,0.0,0.0,1.0,0.0,0.0,1.0,0.0,0.0,1.0,0.0,1.0,0.0,0.0,0.0,4956.73
0.49820809008499817,0.21146300206626958,0.8791722463747368,-0.5133046439290773,0.3106857776624243,-0.7448980391715851,1.1128367626921578,0.6756279841059953,-0.21831984220222525,1.253208419425911,-0.2855751185070843,-1.3022660650429105,1.7189862091306347,-0.6531345530073512,0.8602220055848283,-0.13935996943270879,-0.28341744324194973,0.0,0.0,0.0,1.0,0.0,0.0,1.0,0.0,0.0,0.0,0.0,0.0,0.0,1.0,0.0,0.0,1.0,0.0,0.0,1.0,0.0,4603.67
-1.5762836259428,-0.38843203925647496,1.0940838454949828,0.8249706425722296,1.60696061615693,0.5083541188286507,1.8031633329927146,1.5075357921520756,-0.4065351527387001,0.556478714289503,0.5780593124619204,-0.08519497621776032,0.11072275330492388,0.6564084104159094,0.6253491030360697,1.0005420249295969,0.560835030678304,0.0,0.0,1.0,0.0,0.0,1.0,0.0,0.0,0.0,0.0,0.0,0.0,0.0,1.0,1.0,0.0,0.0,1.0,0.0,0.0,0.0,5668.46
-1.1281774114874221,1.3769733680647454,-1.6017370908379254,-0.5714361070650581,-1.0087246747474696,-0.8993272150389126,-1.266831803894522,-1.1070316045641764,-0.028143683174260296,-1.3660537306728044,1.3841181146996588,-1.3022660650429105,0.48186047388008796,-1.9626775164306118,0.6253491030360697,-1.585089328136121,-1.6432478163303885,0.0,0.0,0.0,0.0,1.0,0.0,0.0,1.0,0.0,0.0,0.0,0.0,0.0,1.0,0.0,0.0,1.0,0.0,0.0,1.0,0.0,2632.18
0.33416920800758304,-1.3482641053728681,1.7520149691174893,-1.8040178242282177,1.035374860600297,1.1795270754828053,-0.17950986446672643,-0.2751237965180962,0.15356368534241707,-0.6535351883600506,-1.667390208057493,1.13187611260739,1.3478484885554707,1.3111798921275395,0.6253491030360697,0.7781221235906104,0.9203541662607607,1.0,0.0,0.0,0.0,0.0,0.0,0.0,1.0,0.0,0.0,0.0,1.0,0.0,0.0,0.0,0.0,1.0,0.0,0.0,0.0,1.0,5051.37
-0.8041005956759437,-1.5196626886079376,-1.7318151639896529,0.03769262148900208,1.6804502132999255,-0.5488917774938231,-1.488749911588472,-1.0476096182751706,-1.178643143023115,-1.3315978484192699,0.5780593124619204,-1.3022660650429105,-0.7552652613704589,-0.6531345530073512,1.3299678106823456,0.5278997345842507,0.9527424468004366,1.0,0.0,0.0,0.0,0.0,1.0,0.0,0.0,0.0,0.0,1.0,0.0,0.0,0.0,0.0,1.0,0.0,1.0,0.0,0.0,0.0,5356.92
-0.1329415110787149,0.262882577036791,-1.6224741749635627,-0.525542846694547,-1.0352625848268844,-0.9052667987261174,-1.3121368847040136,-1.7606734537432394,0.6458698699054807,-1.5455065242415977,1.614420629624727,-0.08519497621776032,-1.6212532760458416,-1.3079060347189815,1.095094908133587,-1.0012370871212815,-0.8173216557211133,0.0,0.0,0.0,0.0,1.0,0.0,1.0,0.0,0.0,0.0,0.0,0.0,1.0,0.0,0.0,0.0,1.0,0.0,0.0,0.0,1.0,3348.47
0.6142355920421939,1.0170363432710985,0.4757417006577847,-0.3785453430229393,-1.199933719165819,1.7378479420800663,-1.5378944060258866,-1.5229855085872164,-1.3252476577583474,0.10062856425749535,-1.4946633218636918,1.13187611260739,-0.7552652613704589,0.6564084104159094,-0.07926960461020612,0.22207237024314422,0.7746163870297229,1.0,0.0,0.0,0.0,0.0,0.0,0.0,0.0,1.0,0.0,0.0,0.0,0.0,1.0,1.0,0.0,0.0,0.0,0.0,0.0,1.0,3080.5
-1.4162456922087363,-0.8169284973441501,-0.7816796731422504,-0.7260824874650844,0.11607443708004705,-1.3032189057688461,0.7703610670814254,-1.5229855085872164,0.1708798795798922,-0.34922666226323734,-1.034058292013556,1.13187611260739,-0.8789778348955136,0.0016369287042790409,0.27303974921293184,-0.5007923091085619,-0.18944547115789537,1.0,0.0,0.0,0.0,0.0,1.0,0.0,0.0,0.0,0.0,0.0,0.0,1.0,0.0,1.0,0.0,0.0,0.0,0.0,1.0,0.0,3659.47
0.023095474311997224,-1.4168235386668961,-0.4366900008702765,1.5880503990964598,1.0231265944097985,-0.9409043008493466,1.644211608796702,0.08140812121593811,0.13662555099398888,-1.3331600230263818,0.5780593124619204,-1.3022660650429105,1.224135915030416,0.0016369287042790409,1.6822771645054835,1.0283445125969701,1.047348444813251,0.0,1.0,0.0,0.0,0.0,0.0,1.0,0.0,0.0,0.0,0.0,0.0,1.0,0.0,0.0,1.0,0.0,1.0,0.0,0.0,0.0,5264.09
0.7002559814242529,-0.6112501974620659,-0.6176681896031152,-1.0046406708654916,-0.49293657628088905,-0.37664385056488076,1.3892745439026144,-0.037435851362073336,0.8023942722014348,1.252799767169582,-1.2643608069386238,-1.3022660650429105,-1.6212532760458416,-1.3079060347189815,0.6253491030360697,-0.250569920102202,-0.2530099892801559,1.0,0.0,0.0,0.0,0.0,0.0,1.0,0.0,0.0,0.0,1.0,0.0,0.0,0.0,1.0,0.0,0.0,0.0,0.0,0.0,1.0,5482.17
0.16212842924346457,-0.5598306224915459,1.6520999274212358,-1.4475801686839123,1.0979771100184046,1.4230500066582066,0.22670009736752766,1.4481138058630698,0.6470308858764909,0.6724674222884376,-0.05527260358201664,-1.3022660650429105,-0.3841275407952948,-1.3079060347189815,-0.7838883122564819,-0.8622246487844148,-1.044844374175862,0.0,1.0,0.0,0.0,0.0,1.0,0.0,0.0,0.0,0.0,0.0,0.0,1.0,0.0,0.0,1.0,0.0,0.0,0.0,1.0,0.0,4081.37
-1.2882153452214855,-1.571082263578459,0.047803691883259544,0.16855794878794514,0.6134901362608777,-1.255702236271207,1.8070027466206373,1.0915818881290353,0.9769454774615508,-0.4693158029479255,1.4416937434309258,-1.3022660650429105,0.48186047388008796,-0.6531345530073512,-0.07926960461020612,-0.08375499409796218,-0.30713195217410955,1.0,0.0,0.0,0.0,0.0,1.0,0.0,0.0,0.0,0.0,0.0,1.0,0.0,0.0,0.0,0.0,1.0,0.0,1.0,0.0,0.0,3664.7
0.34617205303763754,-0.06277473110984272,0.5963938264796765,-0.46657696064273824,0.2916329191438698,-1.576439755380272,-0.6195066662267031,-0.2751237965180962,-0.5773536217946285,-0.22375192928550858,-0.9189070345510217,-0.08519497621776032,1.4715610620805255,0.6564084104159094,1.6822771645054835,0.9449370495948503,1.1022039615844454,0.0,0.0,0.0,0.0,1.0,0.0,0.0,0.0,0.0,1.0,0.0,0.0,1.0,0.0,0.0,0.0,1.0,1.0,0.0,0.0,0.0,4802.9
1.3594122209914272,1.5312320929763097,-1.181339839927269,0.7724019988750984,-0.4146837645082549,0.9835208138050432,-0.6893839942549018,-1.1664535908531821,0.7038384995668406,1.2228911378770901,0.98108871358079,-1.3022660650429105,-1.6212532760458416,-0.6531345530073512,0.03816684666417319,0.4166897839147574,0.867314642624686,0.0,0.0,0.0,0.0,1.0,0.0,0.0,0.0,1.0,0.0,0.0,0.0,0.0,1.0,0.0,1.0,0.0,0.0,0.0,1.0,0.0,4287.59
-0.7740934831008067,1.4112530847117601,0.37771184842749655,-0.38591607877941536,-1.203336015329847,-0.6201667817402815,1.2518235360229708,0.6756279841059953,-0.8157153327403809,1.0275962415410467,1.614420629624727,-0.08519497621776032,0.48186047388008796,0.6564084104159094,-0.19670605588458542,0.7225171482558638,0.5413847454717082,0.0,0.0,0.0,1.0,0.0,0.0,0.0,0.0,0.0,1.0,0.0,0.0,0.0,1.0,0.0,1.0,0.0,0.0,0.0,1.0,0.0,5773.86
0.04810140145794464,1.5312320929763097,1.7444742112536213,0.49648615470814494,0.9516783749652195,-0.661743867550716,-1.112487376052017,1.0915818881290353,1.2316392926152577,-0.7395170480310365,0.6932105699244546,-0.08519497621776032,-1.0026904084205683,0.0016369287042790409,-1.0187612148052405,0.027454956571531065,-0.20610428810539588,0.0,0.0,0.0,0.0,1.0,0.0,0.0,0.0,1.0,0.0,0.0,0.0,0.0,1.0,1.0,0.0,0.0,0.0,0.0,1.0,0.0,4151.71
0.24514810736801018,1.137015351535648,0.1533743019774158,1.351074291001456,-1.6796574782937075,0.6984207968192074,-0.19563540170400315,0.43794003894997247,1.4930416304104663,0.1491950783026272,-1.379512064401158,-1.3022660650429105,0.6055730474051426,-1.3079060347189815,-0.31414250715896475,-0.9734345994539081,-1.0606630922456761,0.0,1.0,0.0,0.0,0.0,1.0,0.0,0.0,0.0,0.0,0.0,0.0,0.0,1.0,0.0,0.0,1.0,0.0,1.0,0.0,0.0,4330.71
0.15412653255676156,0.16004342709574815,-0.23497472801180075,-1.5705184782824944,0.8917979624783335,0.6152666251983394,-0.6456146788965795,-0.2751237965180962,1.1888820056466451,-1.2381133436702774,-1.437087693132425,1.13187611260739,-1.2501155554706775,-0.6531345530073512,0.15560329793855252,-1.3070644514623877,-1.3527682752852952,0.0,1.0,0.0,0.0,0.0,0.0,0.0,0.0,0.0,1.0,0.0,1.0,0.0,0.0,0.0,0.0,1.0,0.0,0.0,1.0,0.0,3494.23
1.1163546091328183,-1.0226067972262343,0.48893802691955424,1.440913824938881,0.7033107549912061,0.7340582989424371,1.4668306991866589,-0.8099216731191478,0.636313379098702,1.0368205187275974,-0.3431507472383514,-0.08519497621776032,0.11072275330492388,-0.6531345530073512,0.9776584568592077,-0.612002259778055,-0.4972736406807923,0.0,0.0,0.0,1.0,0.0,0.0,0.0,0.0,1.0,0.0,0.0,1.0,0.0,0.0,1.0,0.0,0.0,0.0,0.0,0.0,1.0,2872.84
-1.2522068101313213,1.1541552098591545,-0.1407152547134473,-1.835308683571748,1.537553774410768,-1.0775147256550597,-0.5849519435753961,0.6756279841059953,-0.41968272833130443,1.3065053929230925,-1.1492095494760897,-0.08519497621776032,-1.3738281289957324,-1.3079060347189815,0.9776584568592077,-1.0846445501234012,-1.1880391986053165,0.0,0.0,0.0,0.0,1.0,0.0,0.0,0.0,0.0,1.0,0.0,0.0,1.0,0.0,0.0,1.0,0.0,0.0,0.0,1.0,0.0,3441.74
-1.4812611027881997,-0.6455299141090807,-0.9192985041578464,1.3200615726298677,1.6695628655750376,1.553720847776715,-0.7515824950272545,-0.6316557142521305,-0.4229423709311964,1.5245128050747776,0.2326055400743187,1.13187611260739,-0.13670239374518547,1.3111798921275395,-1.1361976660796198,0.6947146605884905,0.9712387420164705,0.0,0.0,1.0,0.0,0.0,0.0,0.0,0.0,1.0,0.0,1.0,0.0,0.0,0.0,0.0,0.0,1.0,1.0,0.0,0.0,0.0,5910.1
-0.5850486738774442,1.5655118096233231,-1.185110218859203,-1.623921544895453,0.8611772970020851,0.55587078832629,-1.4280871762672886,1.2698478469960526,1.6581160237866328,-0.33724682374343323,1.3265424859683916,1.13187611260739,1.1004233415053613,2.6207228555507998,-1.488507019902758,2.0292340686224093,1.5409219666147527,0.0,0.0,1.0,0.0,0.0,0.0,1.0,0.0,0.0,0.0,0.0,0.0,1.0,0.0,0.0,1.0,0.0,0.0,1.0,0.0,0.0,4641.45
-0.23096474549082882,0.22860286038977623,1.2203915397147767,0.5209625602390843,-1.1053498858058526,-0.4419792711241344,-1.5279119305932864,0.972737915551024,-0.03499717718924275,-0.10376881087570602,1.3265424859683916,1.13187611260739,1.59527363560558,0.0016369287042790409,1.5648407132311042,-0.7510146981149216,-0.9010409038133486,0.0,0.0,0.0,1.0,0.0,0.0,0.0,0.0,0.0,1.0,0.0,1.0,0.0,0.0,0.0,1.0,0.0,0.0,0.0,1.0,0.0,5893.78
-0.6210572089676084,-0.40557189757998313,-1.4886257228799011,0.37285249267970644,-1.0298189109644404,1.6546937704591984,1.7770553203228383,1.804645723597104,-0.14337171708492674,-1.756433005515872,-0.11284823231328371,-1.3022660650429105,0.48186047388008796,1.3111798921275395,-0.9013247635308613,2.2794564576287693,1.5527873433309078,0.0,1.0,0.0,0.0,0.0,0.0,0.0,1.0,0.0,0.0,0.0,1.0,0.0,0.0,0.0,1.0,0.0,0.0,1.0,0.0,0.0,3695.01
0.4591988437373202,-1.6053619802254722,0.14394835464758032,-1.343138233719506,1.101379406182432,-0.18657717257432352,1.0629243855291588,-1.2852975634311936,-0.14633256372421072,-1.1529455654347913,0.29018116880558575,1.13187611260739,0.48186047388008796,0.0016369287042790409,1.447404261956725,-0.5285947967759351,-0.2885758506104682,0.0,0.0,0.0,0.0,1.0,0.0,1.0,0.0,0.0,0.0,1.0,0.0,0.0,0.0,0.0,0.0,1.0,1.0,0.0,0.0,0.0,3572.27
1.6424793162835518,0.7770783267420008,-0.8683983885767357,-0.26645453133011443,0.6128096770280728,1.3042583329141089,-0.9781078990747119,-0.5722337279631249,1.3149617278544474,1.5297369042387088,0.8083618273869887,1.13187611260739,1.59527363560558,0.6564084104159094,-0.43157895843334404,-0.3895823584390686,-0.2892225026346559,0.0,1.0,0.0,0.0,0.0,0.0,1.0,0.0,0.0,0.0,0.0,0.0,0.0,1.0,0.0,1.0,0.0,0.0,0.0,1.0,0.0,2066.52
-1.098170298912285,1.5655118096233231,-0.7025017155716332,0.15353833630305072,1.5185009158922134,0.03912700753946294,1.6987312823132088,-0.750499686830142,0.7201089079421881,-1.3096473358977019,-1.2067851782073566,-0.08519497621776032,-1.497540702520787,-1.3079060347189815,0.27303974921293184,-1.223656988460268,-1.2255867206118773,0.0,1.0,0.0,0.0,0.0,0.0,0.0,0.0,1.0,0.0,1.0,0.0,0.0,0.0,0.0,0.0,1.0,0.0,1.0,0.0,0.0,5468.19
1.2773927799527196,0.55426016853641,1.1826877503954354,-0.7271950513528546,-0.0941874658568573,0.823152054250511,0.748092468039472,-0.6910777005411363,-0.43436038823885526,-0.4248164730031444,-0.4007263759696184,-0.08519497621776032,1.4715610620805255,0.0016369287042790409,0.39047620048731113,-0.1949649447674554,-0.036321685989918875,0.0,1.0,0.0,0.0,0.0,0.0,0.0,1.0,0.0,0.0,0.0,1.0,0.0,0.0,0.0,0.0,1.0,1.0,0.0,0.0,0.0,2794.65
-0.15994791239633807,-0.21703345602140553,-1.511247996471506,-0.7491681881363114,-0.26158043712701406,-0.3528855158160611,-1.2299734330664611,-1.1664535908531821,-0.11447800936267163,0.5798195605150442,-0.4583020047008855,-1.3022660650429105,-0.3841275407952948,-0.6531345530073512,1.6822771645054835,0.5278997345842507,1.0067328190395108,0.0,0.0,0.0,0.0,1.0,0.0,0.0,0.0,0.0,1.0,0.0,0.0,0.0,1.0,1.0,0.0,0.0,0.0,0.0,1.0,0.0,5205.29
-0.3519934328772141,0.9313370516535637,-1.377399544387844,-0.9455357143277117,0.7414164720283152,-1.7071105964987798,1.1466236026178804,-1.6418294811652279,-1.0398619641916715,-0.01633215595761389,1.55684500089346,-0.08519497621776032,0.23443532682997856,0.6564084104159094,-0.7838883122564819,0.6391096852537439,1.3977098789854325,0.0,0.0,1.0,0.0,0.0,0.0,1.0,0.0,0.0,0.0,0.0,1.0,0.0,0.0,0.0,1.0,0.0,1.0,0.0,0.0,0.0,3185.74
-0.47302212026359963,-0.6969494890796021,0.5926234475477424,1.5107272088964465,1.0734805776374061,0.5915082904495192,-1.58857466591447,0.8538939429730125,1.016115691256772,0.6843271587752479,-1.5522389505949588,-1.3022660650429105,-0.7552652613704589,-0.6531345530073512,-0.31414250715896475,0.13866490724102432,-0.05607066758544063,0.0,0.0,1.0,0.0,0.0,0.0,0.0,1.0,0.0,0.0,0.0,1.0,0.0,0.0,1.0,0.0,0.0,0.0,0.0,1.0,0.0,2271.18
-0.8761176658562722,0.6913790351244662,-0.4159529167446388,1.2989228587622386,-1.4033910297746681,-1.1487897299015186,-0.9750363681723735,-1.1070316045641764,-0.6330020178229899,1.2435800701453072,1.0962399710433242,-0.08519497621776032,1.224135915030416,-1.3079060347189815,1.2125313594079663,-1.6128918158034942,-1.6777572659380184,0.0,0.0,0.0,1.0,0.0,1.0,0.0,0.0,0.0,0.0,0.0,0.0,1.0,0.0,0.0,0.0,1.0,1.0,0.0,0.0,0.0,4590.26
-0.8471107903669732,0.845637760036029,-0.30095635932064774,-1.7663297225300096,-1.0134878893771084,-0.41228135268810995,0.6083378119830745,-1.3447195497201994,0.8392910083982332,1.367233425258276,1.3841181146996588,1.13187611260739,-1.126402981945623,0.0016369287042790409,1.5648407132311042,-0.13935996943270879,0.22951241804655723,1.0,0.0,0.0,0.0,0.0,0.0,0.0,1.0,0.0,0.0,0.0,0.0,0.0,1.0,1.0,0.0,0.0,1.0,0.0,0.0,0.0,3194.19
0.3321687338359073,-1.6053619802254722,0.34377843804008934,-1.1791741307594064,-0.10303343588332917,1.3992916719093875,1.6073532379686415,-0.750499686830142,1.163682716313259,1.0863766870954465,0.29018116880558575,-1.3022660650429105,-1.6212532760458416,-1.3079060347189815,-1.7233799224515165,-0.8066196734496682,-0.736971616354314,0.0,1.0,0.0,0.0,0.0,0.0,0.0,0.0,1.0,0.0,1.0,0.0,0.0,0.0,0.0,1.0,0.0,0.0,0.0,0.0,1.0,5147.03
-1.2181987492128328,1.1027356348886346,-0.03702983408525841,0.4206927398538153,-1.0958234565465752,-0.4182209363753147,-1.0618071161634335,-0.21570181022909052,1.494794705044163,1.4639198027088929,-0.9764826632822888,-1.3022660650429105,-1.497540702520787,-1.9626775164306118,-1.488507019902758,-1.6406943034708674,-1.7167291443742212,0.0,0.0,1.0,0.0,0.0,1.0,0.0,0.0,0.0,0.0,0.0,0.0,0.0,1.0,0.0,0.0,1.0,1.0,0.0,0.0,0.0,5058.16
-1.225200408813698,-0.37129218093296834,0.32115616444848505,0.10514180718505663,0.5672189084301031,-0.6973813696739458,-0.7485109641249161,-0.9881876319861649,-0.24035798093754956,0.6163755319895647,0.11745428261178456,-1.3022660650429105,1.224135915030416,-1.9626775164306118,1.5648407132311042,-1.5294843528013742,-1.5775793491158696,0.0,0.0,1.0,0.0,0.0,1.0,0.0,0.0,0.0,0.0,1.0,0.0,0.0,0.0,1.0,0.0,0.0,0.0,0.0,0.0,1.0,4313.25
0.8162834833814493,0.6913790351244662,-0.9268392620217145,-1.313794361179573,-0.042472564163637816,-0.5785896959298475,1.8208246356811602,1.2104258607070468,1.211599766860889,1.468825665412518,-1.5522389505949588,-0.08519497621776032,1.1004233415053613,-0.6531345530073512,-0.19670605588458542,-1.1124470377907747,-1.2488541065289043,1.0,0.0,0.0,0.0,0.0,0.0,0.0,1.0,0.0,0.0,0.0,1.0,0.0,0.0,1.0,0.0,0.0,0.0,0.0,1.0,0.0,2126.95
-0.18495383954228548,-1.4853829719609242,-1.4471515546286258,-1.095592768690687,-1.4564668499334985,0.31828744083809346,-1.6000929067982392,-1.3447195497201994,0.6945330803658507,-0.1391295296320469,-0.9189070345510217,-0.08519497621776032,1.59527363560558,0.0016369287042790409,0.6253491030360697,-0.1671624571000821,0.1935798983520149,1.0,0.0,0.0,0.0,0.0,0.0,0.0,1.0,0.0,0.0,0.0,0.0,0.0,1.0,0.0,0.0,1.0,0.0,0.0,0.0,1.0,5952.62
-1.1341788340024495,-0.37129218093296834,-0.053996539278962,-0.6548783986478061,-1.2332762215732895,1.2745604144780838,1.7862699130298534,-1.2852975634311936,0.2367257944157069,-0.6771606831892113,-0.11284823231328371,-0.08519497621776032,-0.13670239374518547,0.0016369287042790409,0.27303974921293184,0.13866490724102432,0.5650048213170301,0.0,0.0,1.0,0.0,0.0,0.0,0.0,0.0,0.0,1.0,0.0,1.0,0.0,0.0,0.0,1.0,0.0,0.0,1.0,0.0,0.0,5042.66
0.9373121707678349,1.205574784829676,0.958350203945354,-1.4272758777321102,1.3395401376643623,-0.6023480306786672,0.18216289928362092,0.3785180526609667,-0.13142070864938718,-0.538032316833564,0.002303025149250427,-0.08519497621776032,1.1004233415053613,0.0016369287042790409,1.2125313594079663,0.08305993190627768,-0.0040489599679687455,1.0,0.0,0.0,0.0,0.0,0.0,0.0,1.0,0.0,0.0,0.0,0.0,0.0,1.0,1.0,0.0,0.0,1.0,0.0,0.0,0.0,4510.13
-1.2722115518480792,0.6570993184774514,-1.0870803666289157,1.1590179498751643,0.9394301087747198,-0.7686563739204042,-1.1777574077267083,-0.9881876319861649,0.8075397876397379,-1.117374498485073,-1.091633920744823,-1.3022660650429105,0.7292856209301973,-1.3079060347189815,1.095094908133587,-0.6676072351128016,-0.5285590896839357,0.0,0.0,0.0,0.0,1.0,1.0,0.0,0.0,0.0,0.0,0.0,0.0,0.0,1.0,1.0,0.0,0.0,1.0,0.0,0.0,0.0,5980.83
-0.3089832381861845,0.9998964849475918,1.1487543400080282,0.005289198257701822,-1.5040989962298843,1.18546665917001,1.7094816404713933,1.5075357921520756,-1.68721309605129,-0.24249649785009508,-0.6310288908946867,-1.3022660650429105,-1.0026904084205683,-1.3079060347189815,0.6253491030360697,-0.3895823584390686,-0.6410458004839784,0.0,0.0,0.0,0.0,1.0,0.0,0.0,0.0,0.0,1.0,1.0,0.0,0.0,0.0,0.0,0.0,1.0,0.0,0.0,0.0,1.0,4396.41
-0.1579474382246623,-0.42271175590348975,-0.14825601257731544,1.4877805787111913,-0.5684675511223012,-1.1309709788399038,1.565887570787073,1.2698478469960526,-1.4326728288217851,0.2841217394955454,1.0962399710433242,1.13187611260739,-0.6315526878454042,1.3111798921275395,1.095094908133587,1.3341718769380766,0.922933595981664,0.0,0.0,1.0,0.0,0.0,0.0,1.0,0.0,0.0,0.0,0.0,0.0,0.0,1.0,1.0,0.0,0.0,0.0,1.0,0.0,0.0,2330.45
0.20213791267698067,0.9656167683005785,-0.13883006524747996,-0.5658732876262086,-0.8379294073132851,-0.7152001207355602,1.189625035250618,-0.6910777005411363,0.6728806097500523,-0.09084647674105632,0.8659374561182558,-1.3022660650429105,-0.26041496727024016,-1.9626775164306118,-0.31414250715896475,-1.6406943034708674,-1.7145034391313283,1.0,0.0,0.0,0.0,0.0,1.0,0.0,0.0,0.0,0.0,1.0,0.0,0.0,0.0,0.0,1.0,0.0,0.0,1.0,0.0,0.0,3876.79
-1.0731643717663377,-1.6567815551959937,-1.5941963329740567,0.25422536814623303,-1.6538000274470976,-0.0915438335790449,-0.9312670528140512,0.9133159292620182,-1.4996634365159474,-1.258684888075738,0.6932105699244546,-1.3022660650429105,-0.3841275407952948,0.0016369287042790409,-1.6059434711771372,0.6113071975863705,0.3703146618866533,0.0,1.0,0.0,0.0,0.0,0.0,1.0,0.0,0.0,0.0,0.0,1.0,0.0,0.0,0.0,1.0,0.0,1.0,0.0,0.0,0.0,2709.84
-1.0581608154787694,-0.6969494890796021,-0.9796245670687926,1.2766715810068388,0.927181842584221,-1.5883189227546821,-0.3929812621792457,-1.1664535908531821,-0.8716495215718052,0.05082608494062588,0.98108871358079,1.13187611260739,-0.7552652613704589,0.6564084104159094,1.7997136157798628,0.6669121729211172,1.1810055395580417,0.0,0.0,0.0,0.0,1.0,0.0,1.0,0.0,0.0,0.0,0.0,0.0,0.0,1.0,0.0,1.0,0.0,0.0,0.0,0.0,1.0,2400.54
-0.9631382923241693,0.5028405935658885,1.7784076216410285,-0.5743565872704544,-1.5374414986373546,-1.000300137721396,0.3080956662794956,0.02198613492693239,0.7702091056427417,-1.372980802024898,0.9235130848495229,1.13187611260739,0.7292856209301973,0.6564084104159094,-1.2536341173539993,-0.3895823584390686,-0.4106853078445409,0.0,1.0,0.0,0.0,0.0,0.0,0.0,0.0,1.0,0.0,0.0,0.0,0.0,1.0,1.0,0.0,0.0,1.0,0.0,0.0,0.0,4866.63
-0.20495858125904334,-0.5426907641680377,-0.7665981574145134,0.528611436967503,0.8468876531131698,-0.3231875973800361,-0.3484440640953387,-0.8099216731191478,-0.5147421732323954,0.6337112765654385,0.8083618273869887,1.13187611260739,0.23443532682997856,0.6564084104159094,1.447404261956725,0.3610848085800108,0.6535839476491291,1.0,0.0,0.0,0.0,0.0,0.0,0.0,0.0,1.0,0.0,0.0,0.0,0.0,1.0,0.0,0.0,1.0,0.0,0.0,0.0,1.0,5954.03
-0.42100979180002907,-0.5426907641680377,-1.124784155948257,-1.0929504294572332,1.5021698943048805,-0.06184591514302046,-1.0925224251868175,1.2104258607070468,1.1824587224823528,1.2382504576134086,-1.609814579326226,-0.08519497621776032,1.7189862091306347,1.9659513738391698,-0.07926960461020612,2.168246506959276,1.6888860393549037,0.0,0.0,0.0,0.0,1.0,0.0,0.0,0.0,1.0,0.0,0.0,0.0,1.0,0.0,0.0,0.0,1.0,0.0,1.0,0.0,0.0,2404.56
0.004090969681077058,-0.8854879306381782,-1.7977967952985003,0.3567203163070419,-0.38270218056639577,1.494325010904665,1.4560803410284744,-0.4533897553851134,-0.569398732669294,-0.5591728191749848,-1.7249658367887601,-0.08519497621776032,-1.497540702520787,-0.6531345530073512,1.7997136157798628,-0.05595250643058886,0.05819129736007819,1.0,0.0,0.0,0.0,0.0,0.0,1.0,0.0,0.0,0.0,1.0,0.0,0.0,0.0,1.0,0.0,0.0,1.0,0.0,0.0,0.0,2023.56
-0.2099597666882329,1.3084139347707173,-1.043721008911673,-0.8894903084812993,-1.6224989027380439,1.0191583159282729,0.2750767090793578,-1.6418294811652279,0.9995635016907958,-1.5721198115949264,1.3841181146996588,1.13187611260739,1.7189862091306347,0.6564084104159094,1.5648407132311042,0.05525744423890437,0.6021170244443128,0.0,1.0,0.0,0.0,0.0,1.0,0.0,0.0,0.0,0.0,0.0,1.0,0.0,0.0,0.0,1.0,0.0,0.0,1.0,0.0,0.0,5855.15
0.6982555072525776,-0.7312292057266153,-0.587505158147642,0.34976679200847954,-1.5782690526056855,1.5418416804023043,0.035497298696962026,-0.3939677690961077,0.599996666727287,1.542210043199111,-0.9189070345510217,-0.08519497621776032,-0.8789778348955136,0.6564084104159094,1.3299678106823456,1.3897768522728233,1.646144057331395,0.0,0.0,0.0,0.0,1.0,1.0,0.0,0.0,0.0,0.0,1.0,0.0,0.0,0.0,1.0,0.0,0.0,0.0,0.0,1.0,0.0,5550.08
0.8782981827033987,-0.5941103391385593,-1.2774845026915893,0.06258623847785512,-1.0958234565465752,1.3755333371605674,-1.5110185106304255,0.7350499703950011,-0.27945446406286123,1.0986829045862645,-0.9189070345510217,-1.3022660650429105,1.59527363560558,-1.9626775164306118,1.447404261956725,-1.6406943034708674,-1.7203712074989554,0.0,0.0,0.0,0.0,1.0,0.0,0.0,1.0,0.0,0.0,1.0,0.0,0.0,0.0,0.0,1.0,0.0,1.0,0.0,0.0,0.0,2194.06
-0.2729747030960203,0.7085188934479728,1.258095329034118,-1.5940213904116352,-0.9536074768902228,-0.42416052006252003,0.33266791349820285,0.7944719566840068,0.48095455771204504,1.4931848343839038,-1.437087693132425,-0.08519497621776032,-0.3841275407952948,-1.3079060347189815,1.095094908133587,-1.2792619637950144,-1.379886227219529,0.0,0.0,0.0,0.0,1.0,1.0,0.0,0.0,0.0,0.0,0.0,0.0,0.0,1.0,0.0,0.0,1.0,0.0,1.0,0.0,0.0,3211.31
-0.24896901303591093,0.07434413547821343,-0.42160848514254023,1.5634349230795495,0.21133872967281855,0.7162395478808228,0.03626518142254675,-1.2258755771421879,1.695873320016275,1.577475087454593,0.98108871358079,1.13187611260739,-1.3738281289957324,0.6564084104159094,-0.7838883122564819,0.19426988257577094,0.6120667186328984,0.0,1.0,0.0,0.0,0.0,0.0,1.0,0.0,0.0,0.0,1.0,0.0,0.0,0.0,0.0,1.0,0.0,0.0,0.0,1.0,0.0,4920.74
-1.0621617638221208,-1.6910612718430085,-1.4019070074454159,-1.1715252540309875,-1.613652932711572,0.4905353677670358,0.06544472499476153,0.43794003894997247,-0.9423023164239008,0.6756133152289198,-1.667390208057493,1.13187611260739,1.1004233415053613,1.3111798921275395,0.9776584568592077,0.917134561927477,0.8055644660630019,0.0,0.0,1.0,0.0,0.0,0.0,0.0,1.0,0.0,0.0,0.0,0.0,0.0,1.0,0.0,1.0,0.0,1.0,0.0,0.0,0.0,3023.75
-0.4150083692850018,-0.30273274763894026,0.06854077600889787,1.1082572224956588,0.9564415895948576,1.1973458265444197,-0.7116525932968553,-0.2751237965180962,0.863494726190649,-1.4478427062343338,1.2113912285058583,-0.08519497621776032,0.6055730474051426,0.6564084104159094,-0.9013247635308613,0.5278997345842507,0.6475794732752341,0.0,1.0,0.0,0.0,0.0,0.0,1.0,0.0,0.0,0.0,0.0,0.0,1.0,0.0,1.0,0.0,0.0,0.0,0.0,0.0,1.0,5218.41
1.4644371150044062,-0.628390055785574,-1.6319001222933982,0.4932875335308064,-0.21462875006343365,-0.8102334597308387,0.8156661478909172,1.2104258607070468,0.23462716778682574,-1.3398738623792188,0.2326055400743187,1.13187611260739,0.8529981944552519,1.3111798921275395,-0.9013247635308613,0.5278997345842507,0.22001596641299961,0.0,0.0,0.0,0.0,1.0,0.0,0.0,1.0,0.0,0.0,1.0,0.0,0.0,0.0,0.0,0.0,1.0,1.0,0.0,0.0,0.0,5086.38
-0.9791420856975757,1.1541552098591545,0.09681861799840362,-0.37812813156502556,-1.2128624445891243,-1.451708497948969,0.4447787914335545,1.0915818881290353,0.5747435664546994,1.3003459228411893,0.11745428261178456,1.13187611260739,0.35814790035503324,1.9659513738391698,0.27303974921293184,1.7512091919486763,1.3598245049596647,0.0,0.0,1.0,0.0,0.0,0.0,0.0,0.0,0.0,1.0,0.0,0.0,0.0,1.0,0.0,1.0,0.0,0.0,0.0,0.0,1.0,2470.07
1.4684380633477576,-0.8854879306381782,0.8188461834637912,0.20666326194406687,1.6321376077707344,-0.4479188548113397,0.35032921618664875,0.8538939429730125,0.0122145212273039,0.9932119455275168,0.5780593124619204,-0.08519497621776032,-1.2501155554706775,0.0016369287042790409,1.6822771645054835,0.7225171482558638,0.49015726239801444,0.0,1.0,0.0,0.0,0.0,0.0,0.0,0.0,1.0,0.0,0.0,0.0,0.0,1.0,1.0,0.0,0.0,1.0,0.0,0.0,0.0,4700.45
-1.653301881552318,1.0513160599181133,-0.8683983885767357,-1.5143340019501106,0.5699407453613257,1.132010405985166,1.5904598180057796,-0.4533897553851134,-0.7750837853674458,1.4534704169315547,0.6356349411931875,-0.08519497621776032,-0.3841275407952948,0.0016369287042790409,0.9776584568592077,0.3610848085800108,0.5249932273204289,0.0,1.0,0.0,0.0,0.0,0.0,0.0,0.0,1.0,0.0,1.0,0.0,0.0,0.0,0.0,1.0,0.0,1.0,0.0,0.0,0.0,2874.26
1.3224034488154253,0.21146300206626958,-1.0456061983776397,0.14213455645340858,1.1149885908385424,-1.6120772575035016,0.5507466075642294,-0.21570181022909052,0.2955515258233298,0.7205102711134429,1.7295718870872612,1.13187611260739,-0.012989820220130795,1.3111798921275395,0.03816684666417319,0.9449370495948503,1.0776437880780854,0.0,0.0,0.0,0.0,1.0,0.0,0.0,0.0,0.0,1.0,1.0,0.0,0.0,0.0,0.0,0.0,1.0,0.0,0.0,0.0,1.0,5394.47
-0.10593510976109173,1.0341762015946065,-1.6450964485551678,1.6246259369068976,0.04326529916985645,-0.3885230179392903,-0.2893170942253244,-1.0476096182751706,1.3528752003060924,0.8650345775361578,-0.7461801483572208,1.13187611260739,-1.497540702520787,0.0016369287042790409,0.6253491030360697,-0.27837240776957534,-0.038220081638269,0.0,1.0,0.0,0.0,0.0,0.0,0.0,0.0,0.0,1.0,1.0,0.0,0.0,0.0,0.0,1.0,0.0,1.0,0.0,0.0,0.0,3164.72
-1.0591610525646071,-1.7424808468135284,0.20804479649046065,-0.8839274890424496,1.5926709722680137,0.17573743234517608,1.3731490066653376,1.5075357921520756,-0.08231580582687718,-0.2654451464763694,-1.091633920744823,-0.08519497621776032,-1.2501155554706775,0.0016369287042790409,0.03816684666417319,0.3332823209126375,-0.016067768279591593,0.0,0.0,0.0,1.0,0.0,0.0,1.0,0.0,0.0,0.0,0.0,0.0,1.0,0.0,0.0,1.0,0.0,0.0,0.0,0.0,1.0,2049.06
-0.771092771843293,-0.7140893474031087,0.850894404385231,0.5192937144074292,0.8897565847799169,0.2588916039660446,1.3892745439026144,0.8538939429730125,-0.20871286041136258,0.705492088648804,-0.05527260358201664,1.13187611260739,0.35814790035503324,0.0016369287042790409,-0.6664518609821026,-1.0012370871212815,-1.1225156737436153,0.0,0.0,1.0,0.0,0.0,0.0,0.0,0.0,0.0,1.0,0.0,0.0,1.0,0.0,0.0,1.0,0.0,0.0,0.0,1.0,0.0,4802.32
0.23714621068130684,-1.399683680343388,-1.3755143549218767,0.8572349953175588,1.07892425149985,-0.4894959406217737,-0.1027215919082663,-1.4041415360092049,0.8927429774531995,-0.7497883163865637,1.7295718870872612,-1.3022660650429105,-0.012989820220130795,0.0016369287042790409,-1.1361976660796198,0.6391096852537439,1.2666896271463197,0.0,1.0,0.0,0.0,0.0,1.0,0.0,0.0,0.0,0.0,1.0,0.0,0.0,0.0,0.0,1.0,0.0,0.0,0.0,1.0,0.0,4943.95
0.4201895973896421,0.9998964849475918,0.9772020986050249,-0.261726134807092,-1.6286230358332938,-1.6120772575035016,-0.09581064737800489,-1.7606734537432394,-0.6489541255014121,0.19372646938333554,-1.3219364356698908,1.13187611260739,-1.126402981945623,0.6564084104159094,0.9776584568592077,0.5557022222516239,1.3514055329539385,1.0,0.0,0.0,0.0,0.0,1.0,0.0,0.0,0.0,0.0,0.0,0.0,1.0,0.0,0.0,1.0,0.0,1.0,0.0,0.0,0.0,3602.65
1.2483859044634207,-1.6910612718430085,0.6963088681759314,1.153594200922285,-0.6154192381858821,-0.09748341726624968,-0.09043546829891266,-1.1070316045641764,0.47671815665018463,0.3974310525635067,0.2326055400743187,1.13187611260739,0.48186047388008796,0.6564084104159094,-0.07926960461020612,-0.05595250643058886,0.2547719120892553,0.0,0.0,0.0,1.0,0.0,0.0,0.0,0.0,1.0,0.0,0.0,1.0,0.0,0.0,0.0,1.0,0.0,0.0,1.0,0.0,0.0,4363.32
0.61623606621387,-0.8340683556676582,0.5473789003645331,-1.6849734882368304,1.2905470729023654,-0.3291271810672414,0.8340953333049477,-0.8099216731191478,-0.5839149597592386,0.38054467279751986,-0.4007263759696184,1.13187611260739,-1.0026904084205683,0.6564084104159094,0.6253491030360697,0.4444922715821307,0.7522288837916937,0.0,0.0,0.0,1.0,0.0,0.0,0.0,0.0,0.0,1.0,0.0,0.0,0.0,1.0,0.0,0.0,1.0,1.0,0.0,0.0,0.0,5836.14
-0.7370847109248044,-1.502522830284431,1.5012847701438696,-0.5457080671603776,1.1000184877168213,-0.7152001207355602,-1.239955908499061,-1.0476096182751706,0.04424959814837676,0.9510340793136862,1.3841181146996588,-1.3022660650429105,1.3478484885554707,-0.6531345530073512,0.6253491030360697,-0.11155748176533549,0.16680664838353237,1.0,0.0,0.0,0.0,0.0,0.0,0.0,0.0,0.0,1.0,0.0,1.0,0.0,0.0,0.0,0.0,1.0,1.0,0.0,0.0,0.0,5653.42
-0.9121262009464364,0.3143021520073125,0.935727930353749,1.3218694889474938,0.5202672213665228,-0.7211397044227654,1.8231282838579141,0.7944719566840068,-1.4514730429969465,-1.4857303174814505,0.34775679753685285,-0.08519497621776032,-0.012989820220130795,1.3111798921275395,-1.1361976660796198,1.473184315274943,1.2145497624548418,0.0,0.0,0.0,0.0,1.0,0.0,0.0,0.0,1.0,0.0,1.0,0.0,0.0,0.0,0.0,0.0,1.0,0.0,0.0,0.0,1.0,2431.85
-1.0621617638221208,0.040064418831200155,0.18919290183078968,0.6928536808995454,-0.9644948246151108,-1.7843251844324441,-0.027469084800975315,-0.15627982394008477,-0.9113808077819455,-0.19705993099530156,-1.2067851782073566,1.13187611260739,0.48186047388008796,1.9659513738391698,-1.7233799224515165,1.2507644139359566,1.3811957415895852,1.0,0.0,0.0,0.0,0.0,0.0,0.0,0.0,0.0,1.0,1.0,0.0,0.0,0.0,1.0,0.0,0.0,1.0,0.0,0.0,0.0,4127.73
-1.429248774324629,1.5312320929763097,0.6171309106053149,-0.27326898514270526,0.5923959000439075,-0.5667105285554375,-0.1326690182060658,-1.3447195497201994,-1.1361936435602216,-0.6651340252328166,0.7507861986557217,-1.3022660650429105,1.59527363560558,-0.6531345530073512,-1.2536341173539993,-0.612002259778055,-0.38134041676066466,0.0,0.0,0.0,0.0,1.0,0.0,0.0,0.0,1.0,0.0,0.0,0.0,1.0,0.0,0.0,0.0,1.0,0.0,1.0,0.0,0.0,4072.41
-1.3352264882558667,-0.7826487806971368,0.209929985956428,-0.47881516340820784,-1.4578277683991092,0.9241249769329943,-0.10502524008502018,0.9133159292620182,-0.1768612110105517,-1.5978068883548322,0.462908054999387,-1.3022660650429105,-0.8789778348955136,-0.6531345530073512,-1.6059434711771372,-0.13935996943270879,-0.3267762201874706,0.0,0.0,1.0,0.0,0.0,0.0,0.0,0.0,1.0,0.0,0.0,1.0,0.0,0.0,0.0,0.0,1.0,0.0,0.0,0.0,1.0,2137.78
0.9413131191111864,0.845637760036029,-0.5234087163047618,-0.8171736557762512,-1.183602697578487,-1.7843251844324441,1.0053331811103137,1.5075357921520756,0.4003684571472932,-1.2412896013902857,0.9235130848495229,1.13187611260739,-1.2501155554706775,1.9659513738391698,-0.5490154097077233,1.918024117952916,1.3540763792454105,0.0,0.0,1.0,0.0,0.0,0.0,0.0,0.0,1.0,0.0,0.0,1.0,0.0,0.0,0.0,1.0,0.0,0.0,0.0,0.0,1.0,4501.2
-1.2592084697321866,0.9656167683005785,-0.5629976950900704,0.19386877723471233,-0.39495044675689506,0.8706687237481503,-0.8744437311207907,-0.9881876319861649,-0.29334529460747727,1.1677424217356205,-1.5522389505949588,-1.3022660650429105,-1.0026904084205683,-0.6531345530073512,-1.6059434711771372,-0.11155748176533549,0.14822817446569903,0.0,0.0,0.0,1.0,0.0,0.0,0.0,0.0,1.0,0.0,0.0,0.0,1.0,0.0,1.0,0.0,0.0,0.0,1.0,0.0,0.0,5879.69
1.4454326103734862,0.9484769099770703,1.7350482639237865,-0.5601713977013871,-1.6782965598280961,0.6033874578239288,-0.1142398327920352,-1.4635635222982106,-0.3201514422179108,0.2437618584336771,-1.379512064401158,1.13187611260739,0.9767107679803066,0.6564084104159094,-0.5490154097077233,-0.27837240776957534,0.0876735245154685,0.0,0.0,0.0,1.0,0.0,0.0,0.0,0.0,0.0,1.0,1.0,0.0,0.0,0.0,1.0,0.0,0.0,1.0,0.0,0.0,0.0,2476.87
0.8782981827033987,-1.7253409884900217,-0.8269242203254598,0.1845510546746386,-1.2244302515468175,-0.1509396704510943,-1.0633428816146027,-0.21570181022909052,-1.5371548596732336,-0.7702967563340113,0.462908054999387,-0.08519497621776032,-0.26041496727024016,-0.6531345530073512,1.447404261956725,-0.4173848461064419,-0.39466023009571055,1.0,0.0,0.0,0.0,0.0,0.0,0.0,0.0,1.0,0.0,0.0,0.0,1.0,0.0,1.0,0.0,0.0,0.0,0.0,0.0,1.0,4544.99
-1.3062196127665677,-1.4339633969904029,-0.11055222325797419,-0.7458304964730017,-1.3108485741131182,-0.5191938590577981,-0.5626833445334425,-1.3447195497201994,-0.6535623615364738,0.6310317119988235,0.34775679753685285,-0.08519497621776032,1.7189862091306347,0.6564084104159094,1.095094908133587,0.7503196359232371,1.3793530482719163,0.0,0.0,0.0,1.0,0.0,0.0,0.0,0.0,1.0,0.0,0.0,0.0,1.0,0.0,1.0,0.0,0.0,1.0,0.0,0.0,0.0,2361.68
0.19513625307611535,-1.2625648137553334,-1.4905109123458677,-1.5628696015540757,1.411668816341747,1.6784521052080175,-0.49894907830992064,1.0915818881290353,-0.6329700632549805,-0.2755647605698963,1.55684500089346,1.13187611260739,0.8529981944552519,0.0016369287042790409,-1.1361976660796198,-1.223656988460268,-1.3426655088784238,0.0,0.0,1.0,0.0,0.0,0.0,0.0,0.0,1.0,0.0,0.0,0.0,1.0,0.0,0.0,1.0,0.0,1.0,0.0,0.0,0.0,5338.11
-1.6162931093763155,0.9998964849475918,-0.6629127367863252,-0.8629278456607912,-0.04927715649169355,0.6865416294447978,-1.163167635940601,1.151003874418041,0.8147721715325471,0.29269122311238616,-1.437087693132425,1.13187611260739,0.11072275330492388,0.6564084104159094,0.742785554310449,0.22207237024314422,-0.041661777346068914,1.0,0.0,0.0,0.0,0.0,0.0,1.0,0.0,0.0,0.0,1.0,0.0,0.0,0.0,0.0,0.0,1.0,0.0,0.0,1.0,0.0,5303.29
0.856292966814965,1.5826516679468297,-1.3887106811836463,-1.6292062233623605,-0.4527894815453639,0.43707911458219173,-1.4626418989185952,-0.09685783765107905,-1.687595582547161,-0.6097664791159784,-0.9189070345510217,1.13187611260739,-1.2501155554706775,1.3111798921275395,-1.1361976660796198,0.9449370495948503,1.0297722634470454,0.0,0.0,0.0,1.0,0.0,0.0,1.0,0.0,0.0,0.0,0.0,1.0,0.0,0.0,0.0,0.0,1.0,1.0,0.0,0.0,0.0,3191.84
0.7152595377118219,0.4000014436248472,-0.012522371027686035,1.432847736752549,-0.5024630055401663,-0.7270792881099702,1.4007927847863832,-1.4041415360092049,-0.8111328263574824,0.9826492431427775,0.9235130848495229,-1.3022660650429105,-0.5078401143203495,0.0016369287042790409,-0.31414250715896475,0.9449370495948503,1.6660646116679527,1.0,0.0,0.0,0.0,0.0,0.0,0.0,1.0,0.0,0.0,0.0,0.0,1.0,0.0,0.0,1.0,0.0,1.0,0.0,0.0,0.0,3883.12
1.2173785548024458,-0.919767647285193,-0.6666831157182593,1.5267203147831405,0.5182258436681062,-0.43010010374972485,-0.20561787713660287,-1.4635635222982106,0.9803954641548671,-0.591403421105348,-1.2067851782073566,1.13187611260739,1.7189862091306347,1.3111798921275395,-0.7838883122564819,0.3610848085800108,0.931520381763092,0.0,0.0,0.0,0.0,1.0,0.0,0.0,1.0,0.0,0.0,0.0,1.0,0.0,0.0,0.0,1.0,0.0,1.0,0.0,0.0,0.0,2437.1
-1.3482295703717593,-0.3198726059624469,-0.2085820754882617,-0.2138858876329832,0.758427952848453,0.6033874578239288,-0.23633318615998683,1.5075357921520756,-1.0478280581655288,-0.23781234892771555,-0.2855751185070843,-0.08519497621776032,1.4715610620805255,0.0016369287042790409,-0.07926960461020612,-0.30617489543694865,-0.5689329506142414,0.0,0.0,0.0,1.0,0.0,0.0,0.0,0.0,0.0,1.0,1.0,0.0,0.0,0.0,0.0,0.0,1.0,0.0,1.0,0.0,0.0,2437.08
-0.07592799718595475,-0.40557189757998313,0.6736865945843263,0.7498725801477564,0.7482210643563699,-0.7152001207355602,0.7004837390532269,-0.2751237965180962,-1.273029743686985,-1.7127523371688662,-1.3219364356698908,1.13187611260739,0.9767107679803066,0.0016369287042790409,-1.6059434711771372,-1.3626694267971344,-1.4133848737265235,0.0,0.0,0.0,1.0,0.0,1.0,0.0,0.0,0.0,0.0,0.0,1.0,0.0,0.0,0.0,1.0,0.0,0.0,0.0,0.0,1.0,5218.56
0.5902299019820848,0.7942181850655076,-0.7232387996972715,-0.8454049644284143,-1.5204300178172168,0.9419437279946087,0.9247054949239306,-0.21570181022909052,1.524146981567073,-1.636538606545696,1.1538155997745911,-1.3022660650429105,-1.0026904084205683,-1.9626775164306118,1.447404261956725,-1.056842062456028,-1.085741708014023,0.0,0.0,0.0,0.0,1.0,1.0,0.0,0.0,0.0,0.0,0.0,0.0,1.0,0.0,0.0,1.0,0.0,0.0,0.0,1.0,0.0,5528.98
-0.4370135851734354,-1.5539424052549524,-0.8966762305662415,0.4469770617023811,-1.3693680681343925,0.27671035502765945,-1.4741601398023645,1.3292698332850583,1.6863288640467984,-0.13631052456950138,-1.091633920744823,1.13187611260739,-0.3841275407952948,1.9659513738391698,-1.0187612148052405,1.6121967536118098,1.1495873589575178,1.0,0.0,0.0,0.0,0.0,0.0,0.0,0.0,0.0,1.0,0.0,1.0,0.0,0.0,0.0,0.0,1.0,1.0,0.0,0.0,0.0,4571.18
-0.6180564977100946,0.3314420103308191,0.4927084058514883,0.7354092496067468,1.5021698943048805,-1.0537563909062402,0.6544107755181507,-1.1070316045641764,-1.6963716072383146,-0.2313996128355603,0.34775679753685285,-1.3022660650429105,-0.7552652613704589,-1.9626775164306118,1.447404261956725,-1.1124470377907747,-1.0565871730006804,0.0,1.0,0.0,0.0,0.0,1.0,0.0,0.0,0.0,0.0,0.0,0.0,1.0,0.0,1.0,0.0,0.0,0.0,1.0,0.0,0.0,4207.97
0.053102586887133846,0.9484769099770703,-0.9739689986708913,0.9591736615344828,-0.2717873256190967,1.0963729038619363,-1.2100084822012616,0.2596740800829553,1.6305577680105396,-1.036394854561131,-1.5522389505949588,1.13187611260739,0.6055730474051426,1.9659513738391698,-1.3710705686283786,1.3063693892707033,1.2608336889568528,0.0,0.0,1.0,0.0,0.0,0.0,0.0,0.0,0.0,1.0,0.0,0.0,0.0,1.0,1.0,0.0,0.0,1.0,0.0,0.0,0.0,2549.32
1.1643659892530371,-0.49127118919751783,0.9621205828772881,-0.8136968936269701,-1.1169176927635465,-1.7902647681196489,-1.5156258069839328,1.6858017510190926,0.5064567929499364,-1.4066131032471025,0.002303025149250427,1.13187611260739,-0.3841275407952948,0.6564084104159094,-1.1361976660796198,-0.11155748176533549,-0.4279555774454764,0.0,0.0,0.0,1.0,0.0,0.0,0.0,0.0,1.0,0.0,0.0,0.0,0.0,1.0,0.0,1.0,0.0,0.0,1.0,0.0,0.0,5235.23
-1.1981940074960749,-0.11419430608036264,-0.6252089474669833,1.3289620837320273,1.6695628655750376,0.3658041103357328,-1.2852609893085525,-1.6418294811652279,1.2549628073070487,-1.0296735512401392,-1.2643608069386238,-1.3022660650429105,-0.7552652613704589,-1.3079060347189815,-0.07926960461020612,-0.612002259778055,-0.30713195217410955,0.0,1.0,0.0,0.0,0.0,1.0,0.0,0.0,0.0,0.0,0.0,0.0,1.0,0.0,0.0,1.0,0.0,1.0,0.0,0.0,0.0,2752.29
0.3531737126385029,0.2971622936838043,0.11944089159000863,1.1093697863834293,1.1789517587222607,-1.576439755380272,0.8026121415559788,1.5075357921520756,-0.8920936668561636,0.6226079453965899,-0.3431507472383514,-0.08519497621776032,-1.2501155554706775,-1.3079060347189815,-0.5490154097077233,-1.4738793774666277,-1.5785128487905589,1.0,0.0,0.0,0.0,0.0,0.0,0.0,0.0,0.0,1.0,1.0,0.0,0.0,0.0,0.0,0.0,1.0,0.0,1.0,0.0,0.0,3128.84
-0.36099556664975513,0.7256587517714794,-1.6055074697698595,0.684370381255299,1.5933514315008197,0.7281187152552324,0.4754941004569387,-1.1070316045641764,1.0557091993295211,-0.05590967744862836,-0.7461801483572208,1.13187611260739,0.11072275330492388,0.0016369287042790409,1.5648407132311042,-0.4173848461064419,-0.19385093280993312,0.0,0.0,0.0,1.0,0.0,0.0,0.0,1.0,0.0,0.0,0.0,0.0,1.0,0.0,0.0,1.0,0.0,0.0,0.0,1.0,0.0,3755.84
-0.07992894552930625,0.9484769099770703,-0.11620779165587494,1.1405215752409879,-0.20101956540732316,-1.374493910015305,0.6298385282994434,-0.21570181022909052,-1.7050380734105783,-1.4514467850379729,0.34775679753685285,-1.3022660650429105,-0.13670239374518547,-0.6531345530073512,0.8602220055848283,0.27767734557789087,0.35651528938071597,0.0,0.0,0.0,1.0,0.0,0.0,0.0,0.0,0.0,1.0,0.0,0.0,0.0,1.0,0.0,1.0,0.0,0.0,1.0,0.0,0.0,2143.33
-0.3519934328772141,0.07434413547821343,0.6925384892439973,-0.18662807238261875,-1.08153381265766,-0.42416052006252003,-1.0948260733635713,-1.2852975634311936,-1.651302939850351,0.687467623375255,-0.05527260358201664,1.13187611260739,-1.126402981945623,0.6564084104159094,1.2125313594079663,0.6113071975863705,1.1696244639323419,0.0,0.0,0.0,0.0,1.0,1.0,0.0,0.0,0.0,0.0,0.0,1.0,0.0,0.0,1.0,0.0,0.0,0.0,0.0,1.0,0.0,2046.41
-0.596051281821661,-0.30273274763894026,1.8123410320284357,0.7850574130984818,-0.6630513844822677,1.357714586098953,-0.005200485759021938,-0.6910777005411363,0.08466285847231232,0.47147921460872133,-1.2067851782073566,1.13187611260739,-0.3841275407952948,-0.6531345530073512,-0.43157895843334404,-1.6406943034708674,-1.7145034391313283,0.0,0.0,1.0,0.0,0.0,0.0,0.0,1.0,0.0,0.0,0.0,0.0,1.0,0.0,0.0,0.0,1.0,1.0,0.0,0.0,0.0,3475.32
-0.5900498593066338,1.2227146431531826,-1.288795639487392,0.8515331053927377,0.8407635200179199,-1.3210376568304611,0.205199381051159,0.6756279841059953,0.7927520158874448,0.3710659421512364,-1.2067851782073566,-1.3022660650429105,0.7292856209301973,0.0016369287042790409,0.27303974921293184,0.8059246112579838,0.6212043121214172,0.0,0.0,1.0,0.0,0.0,0.0,0.0,0.0,0.0,1.0,0.0,0.0,1.0,0.0,0.0,0.0,1.0,0.0,0.0,1.0,0.0,2656.47
0.1941360159902773,-0.45699147255050304,0.9055648988982758,1.221460598076254,0.04870897303230045,0.12822076284753678,0.1406972321020525,-0.5128117416741191,-1.6246258554951245,1.2607685709858167,0.11745428261178456,-0.08519497621776032,0.35814790035503324,-0.6531345530073512,-0.9013247635308613,-1.1124470377907747,-1.1187663614828964,0.0,0.0,1.0,0.0,0.0,0.0,0.0,0.0,0.0,1.0,0.0,0.0,1.0,0.0,0.0,0.0,1.0,0.0,1.0,0.0,0.0,5028.19
1.323403685901263,-1.502522830284431,-1.4264144705029875,0.7783820297718621,0.2841478675830092,-0.43010010374972485,1.1059258181618965,0.6756279841059953,0.9882752392956599,0.5827578194323841,1.2113912285058583,-1.3022660650429105,-0.6315526878454042,-0.6531345530073512,0.6253491030360697,0.3332823209126375,0.16889343443973384,0.0,1.0,0.0,0.0,0.0,1.0,0.0,0.0,0.0,0.0,0.0,0.0,0.0,1.0,1.0,0.0,0.0,0.0,1.0,0.0,0.0,2336.99
1.6634842950861477,0.845637760036029,1.0281022141861358,-0.6258126670798159,0.6910624888007064,0.46677703301821616,-1.4280871762672886,1.0321599018400296,-1.5862879821142455,0.998875061727303,0.462908054999387,-0.08519497621776032,-0.012989820220130795,1.3111798921275395,-0.07926960461020612,1.723406704281303,1.3570591491913606,0.0,0.0,0.0,1.0,0.0,1.0,0.0,0.0,0.0,0.0,0.0,1.0,0.0,0.0,0.0,1.0,0.0,0.0,0.0,0.0,1.0,2987.17
1.5464565560431136,0.7085188934479728,0.16845581770515203,0.8586257001772711,-1.2346371400389007,1.3101979166013136,0.8763288832121006,0.9133159292620182,-1.6914118709551484,1.40332357726585,0.6356349411931875,-0.08519497621776032,-0.13670239374518547,-0.6531345530073512,-0.31414250715896475,-0.8622246487844148,-0.9980489214440343,0.0,0.0,0.0,1.0,0.0,0.0,1.0,0.0,0.0,0.0,0.0,0.0,1.0,0.0,0.0,0.0,1.0,0.0,0.0,0.0,1.0,5459.24
1.5484570302147898,0.55426016853641,-0.7477462627548431,0.050348035712385476,0.5175453844353003,-1.1547293135887235,1.694891868685286,1.0915818881290353,1.5066907958887945,-0.7444687123574134,0.2326055400743187,1.13187611260739,-1.126402981945623,1.3111798921275395,-0.19670605588458542,1.1395544632664634,0.8041723525817401,1.0,0.0,0.0,0.0,0.0,0.0,0.0,0.0,0.0,1.0,0.0,1.0,0.0,0.0,0.0,0.0,1.0,0.0,0.0,1.0,0.0,5282.76
1.7294999427514486,-0.988327080579221,-0.10489665486007277,-0.9743233049237598,0.2616927129004273,0.5083541188286507,-0.0075041339357755565,-0.2751237965180962,-0.37938787973990645,-0.32372465798637673,0.34775679753685285,-0.08519497621776032,1.1004233415053613,0.6564084104159094,0.9776584568592077,0.8615295865927304,1.0112790639226028,0.0,0.0,1.0,0.0,0.0,0.0,1.0,0.0,0.0,0.0,1.0,0.0,0.0,0.0,0.0,0.0,1.0,0.0,0.0,0.0,1.0,4747.41
0.4221900715613179,-0.42271175590348975,-1.652637206419036,-1.7023572989832363,0.7060325919224286,1.0666749854259123,0.46704739047550814,-0.5722337279631249,-1.1436463894739788,1.6010454507008114,0.8083618273869887,1.13187611260739,-1.126402981945623,0.0016369287042790409,-0.19670605588458542,-0.5563972844433085,-0.4793381977457804,0.0,0.0,0.0,1.0,0.0,0.0,0.0,1.0,0.0,0.0,0.0,0.0,0.0,1.0,0.0,0.0,1.0,0.0,1.0,0.0,0.0,5725.47
1.2883953878969365,0.9313370516535637,-0.30661192771854917,1.5282500901288236,1.0843679253622942,-0.03214799670699602,-0.4605549420306906,0.3785180526609667,-0.5168748294012347,0.5558734543266212,-1.5522389505949588,1.13187611260739,-1.126402981945623,1.3111798921275395,-0.31414250715896475,1.1117519755990901,1.0194574938710224,0.0,0.0,0.0,0.0,1.0,0.0,1.0,0.0,0.0,0.0,0.0,1.0,0.0,0.0,1.0,0.0,0.0,0.0,0.0,0.0,1.0,5409.69
0.0621047206596749,1.6169313845938444,1.3975993495156807,-0.04018685065489598,0.7298486650706213,1.0013395648666585,0.315006610809757,-0.2751237965180962,-1.4980020756423817,1.0012216315329463,-0.05527260358201664,1.13187611260739,-1.497540702520787,-0.6531345530073512,0.742785554310449,-1.1124470377907747,-1.1406101807409967,0.0,0.0,0.0,1.0,0.0,1.0,0.0,0.0,0.0,0.0,0.0,1.0,0.0,0.0,1.0,0.0,0.0,0.0,0.0,0.0,1.0,2395.9
0.5812277682095435,-0.7997886390206435,-1.7167336482619162,1.1068665176359467,-0.5950054612017163,-0.9349647171621418,1.7878056784810223,0.972737915551024,0.09777432955300963,-1.1371122837208139,0.462908054999387,1.13187611260739,1.1004233415053613,1.3111798921275395,1.447404261956725,1.0283445125969701,0.7391729363610604,0.0,1.0,0.0,0.0,0.0,1.0,0.0,0.0,0.0,0.0,1.0,0.0,0.0,0.0,0.0,1.0,0.0,0.0,0.0,0.0,1.0,2889.78
0.08911112197729842,-0.045634872786336086,0.04214812348535879,0.11946606724009505,-0.10643573204735655,-1.7368085149348047,-1.2491705012060763,-0.6316557142521305,1.3103436702854956,0.3750708699717733,0.34775679753685285,-0.08519497621776032,0.6055730474051426,0.6564084104159094,0.6253491030360697,0.8893320742601036,1.1950752637833912,0.0,1.0,0.0,0.0,0.0,0.0,1.0,0.0,0.0,0.0,0.0,1.0,0.0,0.0,0.0,1.0,0.0,0.0,1.0,0.0,0.0,5187.02
-0.01891448329319461,1.2912740764472108,0.7302422785633386,-0.40121383223625245,1.323889575309836,0.7102999641936181,-1.3474594900809052,-1.5229855085872164,-0.1660761984786994,-1.34111559526271,1.614420629624727,1.13187611260739,0.8529981944552519,1.3111798921275395,-0.19670605588458542,0.6947146605884905,1.4049645250754732,0.0,0.0,1.0,0.0,0.0,0.0,0.0,0.0,1.0,0.0,0.0,0.0,0.0,1.0,0.0,1.0,0.0,0.0,0.0,1.0,0.0,4154.6
-0.35999532956391744,0.10862385212522824,-1.5941963329740567,-1.8048522471440451,-1.1386923882133229,-0.014329245645381152,1.0828893363943581,-1.4041415360092049,-0.9110266792360399,1.2979309898726972,0.6932105699244546,1.13187611260739,1.7189862091306347,0.0016369287042790409,-1.6059434711771372,-1.5294843528013742,-1.5652420812798087,0.0,0.0,1.0,0.0,0.0,1.0,0.0,0.0,0.0,0.0,0.0,0.0,0.0,1.0,0.0,1.0,0.0,0.0,0.0,1.0,0.0,5579.16
0.992325210488919,1.2912740764472108,1.2317026765105787,0.9519419962639778,0.3195317476888957,0.55587078832629,-1.5394301714770555,-0.8099216731191478,-0.36285906819121816,-1.6400020574039242,0.6932105699244546,-0.08519497621776032,-0.5078401143203495,0.0016369287042790409,-1.7233799224515165,-0.250569920102202,-0.06981225072967853,0.0,0.0,0.0,1.0,0.0,0.0,0.0,0.0,1.0,0.0,0.0,0.0,1.0,0.0,0.0,1.0,0.0,1.0,0.0,0.0,0.0,5627.65
0.7342640423427418,-1.1940053804613053,1.2675212763639534,-1.4776193936537014,0.5155040067368837,0.3658041103357328,1.4176862047492444,1.6858017510190926,-0.7594520533578979,1.5093668869733552,1.614420629624727,-0.08519497621776032,0.7292856209301973,0.0016369287042790409,0.8602220055848283,0.08305993190627768,-0.2631030039820013,0.0,1.0,0.0,0.0,0.0,0.0,0.0,1.0,0.0,0.0,0.0,1.0,0.0,0.0,0.0,1.0,0.0,0.0,0.0,1.0,0.0,4770.06
1.1063522382744393,0.2457427187132844,1.199654455589139,0.06828812840267658,-1.0801728941920485,1.3458354187245423,-0.7638686186366082,0.6756279841059953,-0.9427531386626143,-1.4910933482343938,0.462908054999387,1.13187611260739,1.224135915030416,1.3111798921275395,1.447404261956725,1.0005420249295969,0.8074499676374044,0.0,0.0,1.0,0.0,0.0,1.0,0.0,0.0,0.0,0.0,0.0,0.0,0.0,1.0,1.0,0.0,0.0,0.0,1.0,0.0,0.0,3558.89
-1.3462290962000836,0.022924560507691996,-0.4706234112576843,1.097548795075873,0.3549156277947822,0.5261728698902656,-0.6939912906084094,0.6756279841059953,0.968152714663345,0.7816210014520633,0.8083618273869887,-1.3022660650429105,-0.6315526878454042,0.6564084104159094,-1.1361976660796198,1.6121967536118098,1.3927934564019357,0.0,1.0,0.0,0.0,0.0,0.0,0.0,0.0,0.0,1.0,0.0,1.0,0.0,0.0,1.0,0.0,0.0,1.0,0.0,0.0,0.0,4336.71
-1.2071961412686159,0.9656167683005785,1.4371883283009899,1.269161774764391,0.6441108017371261,1.5180833456534852,0.13225052212062194,-0.09685783765107905,-1.063106353286487,0.2913141209883194,0.29018116880558575,1.13187611260739,1.59527363560558,0.0016369287042790409,0.9776584568592077,-0.8900271364517881,-0.9197191864212669,0.0,0.0,0.0,1.0,0.0,0.0,0.0,0.0,0.0,1.0,0.0,0.0,1.0,0.0,1.0,0.0,0.0,1.0,0.0,0.0,0.0,3538.86
1.3033989441845049,-0.06277473110984272,-0.3292342013101542,-0.1177881818268518,1.581103165310321,0.40144161245896254,-0.5204497946262893,-1.6418294811652279,-0.499109057908215,0.7577575078202343,-1.609814579326226,-1.3022660650429105,0.6055730474051426,-0.6531345530073512,-1.2536341173539993,-0.3895823584390686,-0.0040489599679687455,0.0,0.0,0.0,0.0,1.0,0.0,0.0,0.0,1.0,0.0,0.0,1.0,0.0,0.0,1.0,0.0,0.0,0.0,1.0,0.0,0.0,2512.79
-1.575283388856962,-1.571082263578459,-0.1821894229647226,0.30943635107681794,-1.3115290333459235,-1.000300137721396,1.0844251018455275,1.5669577784410813,1.245704974129415,1.2043693009075855,0.34775679753685285,-1.3022660650429105,1.3478484885554707,-0.6531345530073512,-1.488507019902758,-0.612002259778055,-0.8396030994403775,0.0,0.0,0.0,1.0,0.0,0.0,0.0,0.0,1.0,0.0,0.0,1.0,0.0,0.0,1.0,0.0,0.0,0.0,0.0,0.0,1.0,4228.09
-0.1999573958298538,-1.3482641053728681,-0.994706082796529,-1.5662072932173856,0.5808280930862136,-0.35882509950326585,0.3910270006426324,-0.09685783765107905,0.8248619301301328,-0.3453314887016648,-1.1492095494760897,1.13187611260739,-0.012989820220130795,0.6564084104159094,-0.07926960461020612,0.05525744423890437,0.08456428775331834,0.0,0.0,1.0,0.0,0.0,0.0,0.0,0.0,0.0,1.0,0.0,0.0,0.0,1.0,1.0,0.0,0.0,1.0,0.0,0.0,0.0,4756.07
1.2313818740041764,1.3598335097412388,0.0006739552340828284,-0.18787970675636,-1.6007242072882675,-1.3150980731432562,-0.035915794782405884,-0.037435851362073336,1.5029385549482894,-1.569761706565773,0.059878653880517496,1.13187611260739,-0.3841275407952948,0.6564084104159094,-1.6059434711771372,-0.22276743243482872,-0.22372045641989852,0.0,0.0,0.0,1.0,0.0,0.0,1.0,0.0,0.0,0.0,0.0,0.0,1.0,0.0,0.0,1.0,0.0,0.0,1.0,0.0,0.0,5135.96
0.03009713391286253,-0.5769704808150525,1.7425890217876545,-0.33626791528768,0.5903545223454909,0.55587078832629,-0.6072205426173495,-1.5229855085872164,-0.39147611298698454,0.8996853711398487,-1.2067851782073566,-1.3022660650429105,1.1004233415053613,-1.3079060347189815,-0.5490154097077233,-1.140249525458148,-1.0422694226315574,1.0,0.0,0.0,0.0,0.0,1.0,0.0,0.0,0.0,0.0,1.0,0.0,0.0,0.0,0.0,1.0,0.0,0.0,0.0,1.0,0.0,2328.15
-1.4182461663804122,0.8970573350065504,-0.8552020623149661,0.30331724969408314,-0.7855340463872608,-0.8815084639772978,-1.0241808626097881,-1.2258755771421879,1.088119569510376,-0.8734742415423781,0.6932105699244546,1.13187611260739,1.224135915030416,0.6564084104159094,-0.6664518609821026,-0.36177987077169527,-0.0920654854823783,0.0,0.0,0.0,1.0,0.0,0.0,0.0,0.0,1.0,0.0,1.0,0.0,0.0,0.0,0.0,1.0,0.0,0.0,0.0,1.0,0.0,4636.62
-1.536274142509284,0.17718328541925632,-1.1983065451209727,0.351157496868192,-1.5884759410977682,0.24107285290442973,-0.7354569577899778,-0.2751237965180962,0.4994570825783047,1.2206994454106006,0.8083618273869887,-1.3022660650429105,0.35814790035503324,-0.6531345530073512,1.5648407132311042,0.3332823209126375,0.43542137873093556,0.0,0.0,1.0,0.0,0.0,0.0,0.0,1.0,0.0,0.0,1.0,0.0,0.0,0.0,0.0,0.0,1.0,0.0,1.0,0.0,0.0,4397.43
-1.1191752777148811,-0.23417331434491218,1.1694914241336658,-1.690953519133594,-0.9753821723399994,-1.7843251844324441,-0.8322101812136377,-0.8693436594081535,1.58869811390692,-0.6350937586838231,0.8083618273869887,1.13187611260739,-0.8789778348955136,1.3111798921275395,-0.31414250715896475,1.0561470002643436,1.5063146178592997,0.0,0.0,0.0,0.0,1.0,0.0,1.0,0.0,0.0,0.0,0.0,0.0,1.0,0.0,0.0,1.0,0.0,1.0,0.0,0.0,0.0,3922.98
-0.9051245413455711,0.845637760036029,0.958350203945354,-0.8259350963924397,-0.1404586936876323,0.021308256477848064,0.10767827490191466,1.4481138058630698,0.9130106117904581,-1.2835918105281068,-1.1492095494760897,1.13187611260739,-0.7552652613704589,0.0016369287042790409,0.39047620048731113,-0.5007923091085619,-0.7301852954618476,1.0,0.0,0.0,0.0,0.0,1.0,0.0,0.0,0.0,0.0,0.0,0.0,0.0,1.0,1.0,0.0,0.0,1.0,0.0,0.0,0.0,5856.0
0.42419054573299364,0.5885398851834233,0.0006739552340828284,-1.2200608536349526,-0.36705161821186916,-0.661743867550716,1.0744426264129276,-0.750499686830142,-0.443296739095909,1.4024068662682572,-1.034058292013556,-0.08519497621776032,-0.13670239374518547,0.0016369287042790409,-1.488507019902758,-0.27837240776957534,-0.11805915096140022,1.0,0.0,0.0,0.0,0.0,0.0,1.0,0.0,0.0,0.0,0.0,0.0,0.0,1.0,0.0,1.0,0.0,1.0,0.0,0.0,0.0,5265.98
-1.0621617638221208,-1.7253409884900217,1.373091886458109,1.3284058017881428,-1.6503977312830704,0.6152666251983394,1.0928718118269583,1.7452237373080983,-0.8751177680182695,0.9865301673106048,0.5780593124619204,-1.3022660650429105,-0.3841275407952948,0.6564084104159094,-1.1361976660796198,1.556591778277063,0.9667319664104251,0.0,1.0,0.0,0.0,0.0,0.0,0.0,1.0,0.0,0.0,0.0,0.0,0.0,1.0,0.0,1.0,0.0,0.0,0.0,1.0,0.0,2840.95
0.27215450868563335,-1.4511032553139094,0.24009301741190112,0.07232117249584262,-0.7998236902761766,1.5656000151511245,-0.781529921325054,0.5567840115279838,-1.530199277038377,-1.6614653763679244,1.3841181146996588,-1.3022660650429105,-0.5078401143203495,0.6564084104159094,-1.6059434711771372,1.473184315274943,1.3063738222256362,0.0,0.0,1.0,0.0,0.0,0.0,0.0,0.0,1.0,0.0,0.0,1.0,0.0,0.0,0.0,1.0,0.0,0.0,0.0,0.0,1.0,5568.97
-0.11793795479114623,0.382861585301339,-0.779794483676283,0.8786518501571307,-1.4496622576054432,1.6725125215208128,-1.0479852271029106,0.14083010750494385,0.9237949326649945,1.0208510195948428,1.038664342312057,-0.08519497621776032,-0.012989820220130795,0.0016369287042790409,-0.7838883122564819,-0.13935996943270879,-0.17546475064193362,1.0,0.0,0.0,0.0,0.0,0.0,0.0,0.0,1.0,0.0,0.0,0.0,0.0,1.0,1.0,0.0,0.0,0.0,0.0,0.0,1.0,4437.58
1.2253804514891486,-0.028495014462827924,0.040262934019391426,1.2406523251402861,-0.10099205818491255,0.2113749344684053,0.9861361129706986,-1.1070316045641764,-1.3841859909770513,-0.01820917431223436,1.614420629624727,-0.08519497621776032,0.7292856209301973,0.0016369287042790409,-0.19670605588458542,-0.1671624571000821,0.11673411365873598,1.0,0.0,0.0,0.0,0.0,0.0,0.0,0.0,0.0,1.0,0.0,0.0,0.0,1.0,0.0,0.0,1.0,1.0,0.0,0.0,0.0,3736.42
-1.3622328895734899,0.9484769099770703,0.828272130793626,-1.4994534599511873,-0.6657732214134898,0.502414535141446,-0.8268350021345454,1.5075357921520756,1.4513120078822965,-0.42962496484951224,0.6932105699244546,-1.3022660650429105,-1.126402981945623,-0.6531345530073512,-0.5490154097077233,0.16646739490839763,-0.16029346801906538,0.0,1.0,0.0,0.0,0.0,0.0,0.0,1.0,0.0,0.0,0.0,0.0,0.0,1.0,1.0,0.0,0.0,0.0,1.0,0.0,0.0,5582.8
-0.7300830513239391,0.14290356877224153,0.19673365969465847,-0.3526782326322872,-0.5398882633444699,-1.5229835021954279,1.1512308989713878,0.2596740800829553,-0.3143530022730936,0.3604937401706693,-0.1704238610445508,-0.08519497621776032,0.9767107679803066,0.0016369287042790409,-0.07926960461020612,-0.1949649447674554,-0.257025489752933,0.0,1.0,0.0,0.0,0.0,0.0,1.0,0.0,0.0,0.0,0.0,1.0,0.0,0.0,0.0,1.0,0.0,1.0,0.0,0.0,0.0,3253.41
-1.2872151081356478,0.2457427187132844,-0.5780792108178066,-1.498201825577446,-0.20714369850257303,-0.6973813696739458,0.4394036123544625,0.49736202523897816,-0.5733534908719892,0.428433492461566,-1.4946633218636918,1.13187611260739,1.59527363560558,1.9659513738391698,-1.6059434711771372,1.0283445125969701,0.8945447552057065,0.0,1.0,0.0,0.0,0.0,1.0,0.0,0.0,0.0,0.0,0.0,0.0,0.0,1.0,0.0,0.0,1.0,1.0,0.0,0.0,0.0,5085.37
-1.2342025425862393,0.622819601830438,1.4503846545627594,-1.4272758777321102,-0.9985177862553867,-0.10936258464065977,-0.35151559499767704,1.4481138058630698,-0.42749084777413665,-0.7773315463173917,0.059878653880517496,-1.3022660650429105,0.7292856209301973,-1.3079060347189815,0.39047620048731113,-0.8344221611170415,-1.0206398296593993,0.0,0.0,0.0,0.0,1.0,1.0,0.0,0.0,0.0,0.0,0.0,0.0,1.0,0.0,0.0,1.0,0.0,0.0,0.0,0.0,1.0,3634.48
-0.49602757323787133,1.3255537930942256,-1.4188737126391193,-1.3003045240403621,-0.9692580392447495,-1.1250313951526991,-0.036683677507990606,1.3292698332850583,-0.047313519019210964,-0.7027500498205785,-0.4583020047008855,-1.3022660650429105,-1.2501155554706775,-1.9626775164306118,-0.9013247635308613,-1.5572868404687477,-1.6485943507766412,0.0,0.0,0.0,0.0,1.0,1.0,0.0,0.0,0.0,0.0,1.0,0.0,0.0,0.0,1.0,0.0,0.0,0.0,0.0,1.0,0.0,2524.93
1.146361721707955,-0.35415232260946167,1.0827727086991805,1.2349504352154648,-1.668770130568819,-1.059695974593445,-1.5117863933560098,0.9133159292620182,0.8553782659162451,-0.39505848015881406,-0.9189070345510217,1.13187611260739,0.9767107679803066,0.6564084104159094,0.8602220055848283,0.05525744423890437,-0.14604895446454955,0.0,0.0,1.0,0.0,0.0,0.0,0.0,0.0,0.0,1.0,1.0,0.0,0.0,0.0,0.0,1.0,0.0,1.0,0.0,0.0,0.0,5488.85
-0.08893107930184731,1.3598335097412388,0.850894404385231,-0.8851791234161908,1.0802851699654619,0.0034895054162337193,-1.5217688687886097,0.49736202523897816,0.3239750449020168,-0.5731943922556745,-1.1492095494760897,-0.08519497621776032,0.23443532682997856,1.3111798921275395,0.03816684666417319,1.6956042166139296,1.5480674571501976,0.0,0.0,0.0,1.0,0.0,0.0,0.0,0.0,0.0,1.0,1.0,0.0,0.0,0.0,0.0,1.0,0.0,0.0,1.0,0.0,0.0,3784.41
1.6404788421118766,0.4000014436248472,0.8640907306470006,-1.4206004944054904,1.1918804841455655,-1.3329168242048706,0.7757362461605176,-0.037435851362073336,0.5034610867819149,1.370611210118394,-0.7461801483572208,-0.08519497621776032,-0.5078401143203495,-1.3079060347189815,0.39047620048731113,-1.418274402131881,-1.4831703694109626,0.0,1.0,0.0,0.0,0.0,0.0,0.0,1.0,0.0,0.0,0.0,0.0,1.0,0.0,0.0,0.0,1.0,0.0,0.0,1.0,0.0,4641.91
-0.7230813917230738,-1.7767605634605432,-1.2680585553617538,-1.6152991747652359,-0.3636493220478413,1.0844937364875267,1.4107752602189834,0.3785180526609667,-0.7099434993256409,1.2291305063453497,-0.1704238610445508,-0.08519497621776032,0.11072275330492388,-1.3079060347189815,1.2125313594079663,-1.3626694267971344,-1.4424904626606052,0.0,1.0,0.0,0.0,0.0,1.0,0.0,0.0,0.0,0.0,0.0,1.0,0.0,0.0,0.0,1.0,0.0,0.0,1.0,0.0,0.0,2156.34
1.5524579785581414,-1.5368025469314441,0.25517453313963734,-0.6455606760877327,0.7461796866579533,1.7319083583928616,0.8625069941515777,-1.0476096182751706,-0.8323193966050739,1.2158354827100113,1.2113912285058583,-1.3022660650429105,-1.126402981945623,0.0016369287042790409,-1.2536341173539993,0.8615295865927304,1.362795906844039,0.0,0.0,0.0,1.0,0.0,1.0,0.0,0.0,0.0,0.0,0.0,0.0,1.0,0.0,0.0,1.0,0.0,0.0,1.0,0.0,0.0,3672.85
-0.2129604779457467,0.09148399380172008,1.2109655923849412,0.645847856641264,-0.6167801566514928,0.9300645606201992,0.8809361795656083,1.3292698332850583,1.606302037587944,0.9296180886931947,-1.2643608069386238,1.13187611260739,1.59527363560558,0.0016369287042790409,0.9776584568592077,-0.8900271364517881,-1.0595034645168184,1.0,0.0,0.0,0.0,0.0,0.0,0.0,0.0,0.0,1.0,0.0,0.0,0.0,1.0,0.0,1.0,0.0,0.0,1.0,0.0,0.0,3555.39
1.7024935414338258,1.2398545014766893,-1.017328356388134,-1.5546644428817722,-0.12072537593627243,0.5677499557007001,0.12994687394386803,0.14083010750494385,-0.10005570933627014,-0.6679757614710986,-0.4583020047008855,1.13187611260739,1.3478484885554707,0.6564084104159094,1.6822771645054835,0.16646739490839763,0.13879753226033548,0.0,0.0,0.0,1.0,0.0,0.0,0.0,0.0,1.0,0.0,1.0,0.0,0.0,0.0,0.0,0.0,1.0,0.0,0.0,1.0,0.0,3497.06
0.28415735371568823,0.845637760036029,1.05072448777774,1.5043299665417695,-0.16087247067179805,-0.15687925413829906,-1.2261340194385382,0.6162059978169896,0.6353339923389312,-0.9797423184726476,-0.6310288908946867,-1.3022660650429105,-0.13670239374518547,-0.6531345530073512,-0.7838883122564819,-0.11155748176533549,-0.24534964991670383,0.0,0.0,0.0,0.0,1.0,1.0,0.0,0.0,0.0,0.0,1.0,0.0,0.0,0.0,1.0,0.0,0.0,0.0,1.0,0.0,0.0,5154.62
0.9753211800296745,-0.7997886390206435,-1.039950629979739,0.09012219470016221,1.570215817585432,0.55587078832629,-0.2801025015183091,0.8538939429730125,1.3556992371282277,-0.2738762074111161,-1.091633920744823,-1.3022660650429105,0.8529981944552519,-1.3079060347189815,-0.5490154097077233,-1.0846445501234012,-1.2005482351698231,0.0,0.0,1.0,0.0,0.0,1.0,0.0,0.0,0.0,0.0,0.0,1.0,0.0,0.0,0.0,1.0,0.0,0.0,0.0,0.0,1.0,3437.04
1.2763925428668819,0.9313370516535637,-0.4668530323257496,1.0801649843294672,1.1537747671084573,-1.1666084809631336,0.7826471906907793,0.9133159292620182,0.24176686959926078,-1.12120656758863,1.6719962583559942,1.13187611260739,-1.6212532760458416,0.0016369287042790409,-1.1361976660796198,-0.6676072351128016,-0.8173216557211133,0.0,0.0,0.0,1.0,0.0,0.0,0.0,0.0,1.0,0.0,0.0,1.0,0.0,0.0,0.0,1.0,0.0,0.0,0.0,1.0,0.0,4802.24
0.36817726892607155,-0.5941103391385593,1.3825178337879445,0.308740998646962,1.046942667557991,0.7221791315680276,0.4117598342334166,-0.5722337279631249,-1.301182133097713,-0.49330906784421785,-1.2643608069386238,1.13187611260739,-1.126402981945623,0.0016369287042790409,-0.31414250715896475,-0.5841997721106817,-0.5110241469309679,0.0,1.0,0.0,0.0,0.0,1.0,0.0,0.0,0.0,0.0,0.0,1.0,0.0,0.0,0.0,1.0,0.0,0.0,0.0,1.0,0.0,2471.45
1.4354302395151073,0.3143021520073125,-1.761978195445126,1.4108745999690915,-0.001645010195307306,-0.12124175201506933,-1.368960206397274,-0.8693436594081535,-1.5314977944838526,-1.0042500882645151,0.5204836837306535,-0.08519497621776032,-0.3841275407952948,-0.6531345530073512,0.15560329793855252,-0.695409722780175,-0.584958028363072,0.0,0.0,0.0,1.0,0.0,0.0,0.0,0.0,1.0,0.0,0.0,0.0,0.0,1.0,0.0,0.0,1.0,0.0,0.0,1.0,0.0,3323.58
0.07910875111891931,0.46856087691887527,0.20804479649046065,0.24810626676349823,1.4545377480084951,1.4171104229710019,-0.20254634623426454,1.3292698332850583,0.2418908145903274,-1.0340325086409807,0.9235130848495229,1.13187611260739,-0.012989820220130795,0.6564084104159094,-0.19670605588458542,0.027454956571531065,-0.2495034959095617,0.0,1.0,0.0,0.0,0.0,1.0,0.0,0.0,0.0,0.0,0.0,1.0,0.0,0.0,1.0,0.0,0.0,0.0,1.0,0.0,0.0,4903.47
-0.895122170487192,1.5140922346528016,-0.08981513913233588,-0.43320004400963896,-1.7061953883731227,-1.1725480646503383,-1.3774069163787046,1.804645723597104,1.6029501279020681,1.212570675186016,1.0962399710433242,-0.08519497621776032,-0.3841275407952948,1.3111798921275395,0.6253491030360697,1.9736290932876628,1.2971873532370624,1.0,0.0,0.0,0.0,0.0,0.0,1.0,0.0,0.0,0.0,1.0,0.0,0.0,0.0,0.0,1.0,0.0,0.0,1.0,0.0,0.0,2468.04
-0.24296759052088332,-0.37129218093296834,0.1929632807627244,-0.4872984630524541,-0.8542604289006176,-0.6201667817402815,1.2994322650092158,0.972737915551024,-0.777207864985564,0.5257459950587604,0.34775679753685285,-1.3022660650429105,0.48186047388008796,-1.9626775164306118,1.7997136157798628,-1.3070644514623877,-1.4136077288678515,0.0,0.0,1.0,0.0,0.0,0.0,0.0,0.0,1.0,0.0,1.0,0.0,0.0,0.0,1.0,0.0,0.0,0.0,0.0,0.0,1.0,5317.63
0.08310969946227081,-0.5084110475210245,0.5247566267729281,0.4804930488214515,0.3760098640117533,-0.07372508251743003,-1.6047002031517468,-1.7606734537432394,0.14711093757645388,-0.7871773684882444,0.002303025149250427,1.13187611260739,-0.012989820220130795,0.0016369287042790409,0.27303974921293184,-0.695409722780175,-0.3913216722313709,0.0,0.0,1.0,0.0,0.0,0.0,0.0,1.0,0.0,0.0,0.0,0.0,0.0,1.0,0.0,0.0,1.0,0.0,0.0,1.0,0.0,2066.9
0.4942071417416463,0.8113580433890142,0.6868829208460959,-0.0298956346930236,-0.04723577879327692,-0.13312091938947943,0.09308850311580713,0.2596740800829553,0.1636791735921661,-1.6998786884628452,0.9235130848495229,1.13187611260739,-0.6315526878454042,1.3111798921275395,1.3299678106823456,1.3897768522728233,1.345159198885174,1.0,0.0,0.0,0.0,0.0,0.0,0.0,0.0,1.0,0.0,0.0,1.0,0.0,0.0,0.0,1.0,0.0,0.0,0.0,1.0,0.0,3374.46
-0.11493724353363279,1.6169313845938444,1.4654661702904956,-1.2446763296518633,1.1034207838808487,0.34798535927411844,0.6513392446158124,0.972737915551024,0.3573583002638699,-1.5262650928879737,-0.4007263759696184,-0.08519497621776032,-1.0026904084205683,1.3111798921275395,-1.7233799224515165,1.556591778277063,1.2261114201628378,0.0,0.0,1.0,0.0,0.0,0.0,0.0,1.0,0.0,0.0,0.0,0.0,1.0,0.0,0.0,1.0,0.0,1.0,0.0,0.0,0.0,4742.36
1.6464802646269034,0.5371203102129034,-1.5828851961782544,1.5039127550838554,-1.104669426573047,0.7459374663168468,-1.2867967547597217,1.6263797647300868,1.5506198886825502,1.2919209687894777,-1.5522389505949588,-1.3022660650429105,-0.012989820220130795,0.0016369287042790409,0.39047620048731113,1.0005420249295969,0.5294389599867176,0.0,0.0,0.0,1.0,0.0,0.0,1.0,0.0,0.0,0.0,0.0,1.0,0.0,0.0,1.0,0.0,0.0,1.0,0.0,0.0,0.0,3296.87
1.7825125083008573,-0.748369064050122,0.027066607757621895,0.9131413306780001,-1.2380394362029281,0.30640827346368393,1.4445621001447055,1.3292698332850583,-1.2825800095779174,-0.57696352653686,1.2689668572371247,-1.3022660650429105,-1.0026904084205683,-1.9626775164306118,-1.1361976660796198,-1.668496791138241,-1.7467761651532783,1.0,0.0,0.0,0.0,0.0,0.0,1.0,0.0,0.0,0.0,1.0,0.0,0.0,0.0,1.0,0.0,0.0,0.0,0.0,1.0,0.0,4958.64
-0.6660678778303137,-0.45699147255050304,-1.4867405334139336,1.2953070261269855,1.357912536950112,1.690331272582427,-0.3123535759928625,-0.6316557142521305,-1.4868290433561286,-0.28509760498528103,-0.2855751185070843,-1.3022660650429105,-0.6315526878454042,-1.9626775164306118,1.3299678106823456,-1.1680520131255212,-1.1711965377526257,0.0,0.0,0.0,0.0,1.0,0.0,0.0,0.0,0.0,1.0,0.0,0.0,1.0,0.0,0.0,1.0,0.0,0.0,0.0,1.0,0.0,3073.63
-1.6212942948055051,0.17718328541925632,-0.5554569372262023,1.3477365993381458,0.9857013366054953,-1.558621004318657,1.2771636659672625,0.6162059978169896,0.2689931298635671,-0.4381428792318474,0.34775679753685285,-0.08519497621776032,-0.13670239374518547,-0.6531345530073512,1.2125313594079663,-0.5007923091085619,-0.6207062787258475,0.0,1.0,0.0,0.0,0.0,0.0,0.0,0.0,1.0,0.0,0.0,0.0,1.0,0.0,1.0,0.0,0.0,0.0,1.0,0.0,0.0,4137.09
-0.17295099451223062,1.6169313845938444,-0.7722537258124149,0.527081661621819,-0.1343345605923829,-0.5073146916833886,-0.8521751320788373,0.2596740800829553,-0.35046470741597996,-0.6242686299642827,1.3265424859683916,-0.08519497621776032,-0.012989820220130795,-1.3079060347189815,-0.19670605588458542,-1.668496791138241,-1.7467761651532783,0.0,0.0,1.0,0.0,0.0,0.0,1.0,0.0,0.0,0.0,1.0,0.0,0.0,0.0,0.0,1.0,0.0,0.0,0.0,0.0,1.0,3795.45
0.4642000291665097,-1.039746655549741,-1.301991965749161,-1.3050329205633844,0.8223911207321712,0.35986452664852797,0.27046941272584996,0.2596740800829553,-0.950294970038701,-0.9202500817735597,0.8659374561182558,-0.08519497621776032,1.3478484885554707,1.3111798921275395,-0.7838883122564819,1.2507644139359566,1.2046166823379718,1.0,0.0,0.0,0.0,0.0,0.0,1.0,0.0,0.0,0.0,0.0,0.0,0.0,1.0,0.0,1.0,0.0,0.0,0.0,0.0,1.0,5207.98
0.0761080398614055,1.3941132263882536,1.5050551490758044,-1.3790184191000876,-0.6419571482652972,0.09258326072430703,-1.2238303712617844,0.08140812121593811,-0.7338442712135511,-0.5364435094309998,-0.22799948977581722,-1.3022660650429105,-1.126402981945623,0.0016369287042790409,0.5079126517616904,1.27856690160333,1.3065971199647846,1.0,0.0,0.0,0.0,0.0,0.0,0.0,1.0,0.0,0.0,0.0,0.0,1.0,0.0,1.0,0.0,0.0,0.0,1.0,0.0,0.0,5486.72
1.3964209931674292,0.7256587517714794,-1.5979667119059908,1.448979913125213,0.573343041525353,1.3695937534733624,-0.3645696013326154,-0.3939677690961077,0.2268324664959278,-1.5324975062949988,0.7507861986557217,1.13187611260739,-1.497540702520787,0.6564084104159094,0.8602220055848283,0.6113071975863705,0.7824916370625693,0.0,0.0,1.0,0.0,0.0,0.0,0.0,0.0,1.0,0.0,1.0,0.0,0.0,0.0,1.0,0.0,0.0,1.0,0.0,0.0,0.0,3465.73
-1.2812136856206202,1.4283929430352669,-1.2718289342936884,-0.7533403027154489,-0.17244027762949143,-1.059695974593445,0.01783599600851616,0.8538939429730125,-0.6672257751555163,0.9888989593850664,-1.3219364356698908,-0.08519497621776032,1.224135915030416,-0.6531345530073512,-0.43157895843334404,-1.1958545007928945,-1.3045916504047668,0.0,0.0,0.0,0.0,1.0,0.0,0.0,0.0,0.0,1.0,0.0,0.0,0.0,1.0,1.0,0.0,0.0,0.0,1.0,0.0,0.0,3809.79
-0.8651150579120553,-0.1313341644038708,1.062035624573543,-1.8045741061721026,-0.8168351710963145,1.607177100961559,-0.8982480956139134,0.49736202523897816,1.517942123783244,-0.15428969712721674,-0.5734532621634196,-1.3022660650429105,-0.13670239374518547,-0.6531345530073512,0.6253491030360697,0.22207237024314422,0.10487149035611311,0.0,0.0,1.0,0.0,0.0,0.0,0.0,0.0,1.0,0.0,1.0,0.0,0.0,0.0,0.0,0.0,1.0,0.0,0.0,1.0,0.0,4080.3
1.5774639057040887,-0.7997886390206435,0.8546647833171651,-0.39314774404992,-0.08057828120074681,-0.11530216832786455,-1.1278450305637093,0.14083010750494385,1.282427689345452,-0.8226011917026008,0.98108871358079,-1.3022660650429105,0.7292856209301973,-1.3079060347189815,-1.1361976660796198,-1.1958545007928945,-1.2610980915770447,0.0,0.0,0.0,1.0,0.0,1.0,0.0,0.0,0.0,0.0,0.0,0.0,0.0,1.0,0.0,1.0,0.0,0.0,0.0,1.0,0.0,4985.17
0.1971367272477911,-0.21703345602140553,-1.2605177974978856,1.4404966134809676,1.1265563977962363,-0.014329245645381152,0.4509218532382314,0.7350499703950011,0.36547476053827394,-0.7118493055405808,1.6719962583559942,-1.3022660650429105,1.224135915030416,-1.3079060347189815,-1.7233799224515165,-1.4460768897992544,-1.5355365039186955,0.0,0.0,0.0,0.0,1.0,0.0,0.0,0.0,0.0,1.0,0.0,0.0,0.0,1.0,0.0,0.0,1.0,0.0,0.0,0.0,1.0,5396.51
-1.5132686895350123,-1.5196626886079376,-0.1350596863155459,-0.3635257305380445,0.3433478208370883,-0.31724801369283134,-1.2345807294199687,-0.6910777005411363,-0.022709469972166083,0.5035598586334827,-1.5522389505949588,-0.08519497621776032,-1.2501155554706775,0.0016369287042790409,0.39047620048731113,0.4166897839147574,0.6736782864929849,0.0,0.0,0.0,1.0,0.0,0.0,0.0,0.0,1.0,0.0,0.0,0.0,1.0,0.0,0.0,1.0,0.0,0.0,0.0,1.0,0.0,4712.87
1.1343588766779005,-1.0740263721967558,0.609590152741446,0.5612930011707459,-0.8563018065990342,-1.5526814206314523,0.2727730609026039,0.7944719566840068,0.7995461657046948,0.3300592403947314,-1.609814579326226,-1.3022660650429105,-1.2501155554706775,0.0016369287042790409,-0.19670605588458542,1.1395544632664634,0.9000726727973423,1.0,0.0,0.0,0.0,0.0,0.0,0.0,0.0,1.0,0.0,0.0,1.0,0.0,0.0,0.0,1.0,0.0,1.0,0.0,0.0,0.0,3333.13
1.6484807387985794,-1.2968445304023466,0.4851676479876195,0.8787909206431022,-1.6034460442194896,-1.558621004318657,-0.3046747487370164,0.49736202523897816,1.57567863324928,-0.4976946580405116,0.9235130848495229,1.13187611260739,-1.497540702520787,1.3111798921275395,1.095094908133587,1.5287892906096898,1.3846867816640749,0.0,1.0,0.0,0.0,0.0,0.0,0.0,1.0,0.0,0.0,0.0,1.0,0.0,0.0,1.0,0.0,0.0,1.0,0.0,0.0,0.0,2613.75
0.5692249231794889,-0.8683480723146715,-0.12751892845167778,1.1620775005665314,-0.48613198395283425,0.2945291060892738,-1.0495209925540798,0.972737915551024,1.546676750322768,0.6174342280176861,-1.437087693132425,-1.3022660650429105,-1.126402981945623,-0.6531345530073512,-0.7838883122564819,0.11086241957365099,-0.10656232497886933,1.0,0.0,0.0,0.0,0.0,0.0,0.0,0.0,1.0,0.0,0.0,0.0,0.0,1.0,1.0,0.0,0.0,1.0,0.0,0.0,0.0,2938.51
-0.2409671163492076,1.1884349265061693,-1.236010334440314,1.612526804627399,-0.556219284931802,1.720029191018452,-0.5342716836868124,1.151003874418041,0.47666711234024706,-1.1599153849681203,0.462908054999387,1.13187611260739,-1.0026904084205683,0.6564084104159094,1.6822771645054835,0.6947146605884905,0.3846168196057333,0.0,1.0,0.0,0.0,0.0,0.0,1.0,0.0,0.0,0.0,0.0,0.0,0.0,1.0,0.0,0.0,1.0,0.0,0.0,0.0,1.0,2323.25
0.014093340539456168,0.22860286038977623,0.5002491637153564,0.5219360536408829,1.0564690968172683,-0.05590633145581568,-1.561698770519009,0.31909606637196103,0.5363831450453113,1.2567694107770362,-1.3219364356698908,1.13187611260739,-0.3841275407952948,1.9659513738391698,-1.488507019902758,1.5009868029423166,1.4319582571047265,0.0,0.0,0.0,0.0,1.0,1.0,0.0,0.0,0.0,0.0,1.0,0.0,0.0,0.0,0.0,1.0,0.0,0.0,1.0,0.0,0.0,2254.04
-1.3682343120885174,-0.9369075056086996,-0.4649678428597829,-0.052564123906336746,0.5821890115518245,-0.8696292966028881,1.6618729114851483,1.0321599018400296,-0.10774707702412394,0.9675615100658115,-1.2643608069386238,-0.08519497621776032,0.48186047388008796,-0.6531345530073512,-0.31414250715896475,-1.0012370871212815,-1.13618561151171,1.0,0.0,0.0,0.0,0.0,0.0,0.0,1.0,0.0,0.0,0.0,0.0,1.0,0.0,0.0,0.0,1.0,0.0,0.0,0.0,1.0,4200.48
1.5564589269014928,0.8970573350065504,-0.7307795575611395,0.5842396313560017,0.763871626710897,0.9953999811794528,-0.9711969545444504,0.43794003894997247,0.8810888283377825,-1.5658840054751038,0.29018116880558575,-1.3022660650429105,-1.497540702520787,-1.9626775164306118,0.15560329793855252,-1.2514594761276412,-1.335108321408717,0.0,0.0,0.0,0.0,1.0,0.0,1.0,0.0,0.0,0.0,0.0,0.0,0.0,1.0,0.0,0.0,1.0,1.0,0.0,0.0,0.0,4942.95
-0.8071013069334572,-1.3825438220198814,-1.0795396087650468,-1.4219911992652028,0.1011043339583258,0.9181853932457896,-0.8798189101998829,0.972737915551024,0.3582484632298478,1.5667617486216945,1.1538155997745911,-0.08519497621776032,-0.6315526878454042,1.3111798921275395,0.742785554310449,2.0570365562897828,1.6874215627118907,1.0,0.0,0.0,0.0,0.0,0.0,1.0,0.0,0.0,0.0,0.0,0.0,1.0,0.0,0.0,0.0,1.0,0.0,1.0,0.0,0.0,4358.35
0.848291070128262,1.0855957765651265,1.6615258747510706,1.5720572932097667,0.09566066009588083,1.4349291740326162,0.5929801574713828,-0.037435851362073336,-0.3945751527580497,-1.0417266723563465,-0.5734532621634196,-1.3022660650429105,1.7189862091306347,-0.6531345530073512,-1.7233799224515165,-0.7510146981149216,-0.7802215807647872,1.0,0.0,0.0,0.0,0.0,1.0,0.0,0.0,0.0,0.0,1.0,0.0,0.0,0.0,0.0,0.0,1.0,0.0,0.0,1.0,0.0,2726.92
-0.5040294699245746,1.5826516679468297,1.5616108330548157,0.6117755875783083,-0.2540953855661534,0.5321124535774704,-1.4426769480533959,-1.0476096182751706,0.7913897276374134,0.7167628501941551,-0.8037557770884876,-0.08519497621776032,-0.8789778348955136,0.0016369287042790409,0.15560329793855252,0.27767734557789087,0.6452023517677349,0.0,1.0,0.0,0.0,0.0,0.0,0.0,0.0,0.0,1.0,0.0,0.0,0.0,1.0,0.0,0.0,1.0,0.0,1.0,0.0,0.0,3637.12
0.026096185569510672,0.17718328541925632,-0.7929908099380525,-0.3974589291150286,-0.1840080845871853,0.4608374493310114,0.1537512384369906,1.7452237373080983,1.5806259197007542,-0.6494306844189395,-1.7249658367887601,-0.08519497621776032,1.1004233415053613,1.3111798921275395,0.27303974921293184,1.556591778277063,0.9667319664104251,0.0,0.0,0.0,1.0,0.0,1.0,0.0,0.0,0.0,0.0,1.0,0.0,0.0,0.0,1.0,0.0,0.0,0.0,0.0,0.0,1.0,5509.27
-0.6030529414225263,-0.2513131726684188,-0.5309494741686299,-0.5258209876664892,1.1170299685369591,1.1735874917956004,0.11612498488334523,-0.09685783765107905,1.2904462109438792,-0.656463778045921,1.038664342312057,-0.08519497621776032,1.3478484885554707,-0.6531345530073512,-0.07926960461020612,-1.140249525458148,-1.1855589295851277,0.0,0.0,0.0,0.0,1.0,0.0,0.0,0.0,1.0,0.0,0.0,0.0,1.0,0.0,0.0,0.0,1.0,0.0,0.0,1.0,0.0,4668.88
-1.000147064500171,-1.6739214135195004,0.6831125419141618,0.22460335463435757,-0.12616904979871643,1.440868757719821,-0.5857198263009805,-1.4041415360092049,-0.9952888001050494,1.2975981647473698,-1.091633920744823,-1.3022660650429105,1.3478484885554707,0.0016369287042790409,-0.5490154097077233,0.47229475924950404,1.0488487264981559,0.0,0.0,0.0,0.0,1.0,0.0,0.0,0.0,0.0,1.0,1.0,0.0,0.0,0.0,0.0,0.0,1.0,0.0,1.0,0.0,0.0,5129.48
0.21814170605038702,-1.1940053804613053,0.6586050788565901,-0.5676812039438347,0.5012143628479683,1.1795270754828053,1.733286004964516,-0.2751237965180962,-0.5124043715035644,0.9294297931329939,1.3265424859683916,-1.3022660650429105,0.35814790035503324,0.6564084104159094,-1.0187612148052405,1.4175793399401966,1.6174450483348846,1.0,0.0,0.0,0.0,0.0,0.0,0.0,0.0,1.0,0.0,0.0,1.0,0.0,0.0,1.0,0.0,0.0,0.0,0.0,0.0,1.0,3411.59
-1.5292724829084188,-1.6225018385489804,0.31361540658461623,-0.5772770674758507,-0.7399432777892911,-0.4182209363753147,-0.6609723334082716,0.5567840115279838,-0.34339306468346137,0.9370287912544193,-0.5734532621634196,1.13187611260739,0.9767107679803066,0.0016369287042790409,-0.07926960461020612,-1.0012370871212815,-1.0983195306657212,0.0,0.0,0.0,0.0,1.0,0.0,1.0,0.0,0.0,0.0,0.0,0.0,0.0,1.0,0.0,1.0,0.0,0.0,1.0,0.0,0.0,2475.24
-0.7260821029805876,0.14290356877224153,0.7811423941444493,0.7514023554934399,-1.5551334386902977,0.3658041103357328,1.0529419100965587,1.2698478469960526,0.44159455314925317,0.5396308418137548,0.7507861986557217,-1.3022660650429105,0.7292856209301973,-0.6531345530073512,-0.9013247635308613,-0.33397738310432196,-0.5602384935377485,0.0,0.0,1.0,0.0,0.0,1.0,0.0,0.0,0.0,0.0,0.0,0.0,0.0,1.0,1.0,0.0,0.0,1.0,0.0,0.0,0.0,3409.28
-0.7780944314441582,-0.5598306224915459,0.29664870139091265,0.9785044590844859,-0.5507756110693579,-0.3291271810672414,1.7002670477643782,0.3785180526609667,-1.102019685554463,0.8875353880733046,-0.5158776334321525,-1.3022660650429105,0.6055730474051426,-0.6531345530073512,1.3299678106823456,0.22207237024314422,0.1342627229832462,0.0,0.0,0.0,0.0,1.0,0.0,1.0,0.0,0.0,0.0,0.0,1.0,0.0,0.0,0.0,1.0,0.0,0.0,0.0,1.0,0.0,4599.46
0.47120168876737467,-1.4853829719609242,-1.6130482276337277,-0.4216571936740257,-0.6793824060696003,0.4608374493310114,-0.4659301211097828,0.14083010750494385,-0.6533029900428903,-0.8463545918041843,-0.7461801483572208,-0.08519497621776032,-1.497540702520787,-1.3079060347189815,-0.9013247635308613,-1.501681865134001,-1.5753603744793134,0.0,0.0,0.0,0.0,1.0,0.0,0.0,0.0,0.0,1.0,0.0,0.0,1.0,0.0,0.0,0.0,1.0,0.0,1.0,0.0,0.0,3708.29
0.10011372992151524,-0.37129218093296834,-0.053996539278962,0.666708429536951,1.0435403713939637,-0.5310730264322082,-1.5716812459516087,-0.037435851362073336,1.2093987749492066,-1.6062795100213338,-0.2855751185070843,1.13187611260739,0.9767107679803066,0.0016369287042790409,-0.19670605588458542,-1.0290395747886547,-1.0731169093673605,0.0,1.0,0.0,0.0,0.0,0.0,0.0,0.0,0.0,1.0,1.0,0.0,0.0,0.0,0.0,1.0,0.0,0.0,1.0,0.0,0.0,2718.21
0.9063048211068598,0.8113580433890142,1.463580980824529,1.0167488427265787,0.03101703297935768,-1.2319439015223872,0.12380381213919109,1.4481138058630698,-1.1047914330834918,1.209406970503354,-1.034058292013556,-1.3022660650429105,1.3478484885554707,-1.3079060347189815,-1.7233799224515165,-1.4738793774666277,-1.57734435353804,0.0,0.0,0.0,1.0,0.0,1.0,0.0,0.0,0.0,0.0,0.0,1.0,0.0,0.0,0.0,1.0,0.0,0.0,0.0,0.0,1.0,4097.14
0.9843233138022159,-1.1940053804613053,0.15148911251144845,-0.300109588935156,-0.7753271578951781,1.7556666931416818,1.185785621622695,-0.4533897553851134,0.6118887459594848,1.1502127836234315,-0.5734532621634196,-1.3022660650429105,0.23443532682997856,-1.3079060347189815,1.2125313594079663,-0.5285947967759351,-0.47085088992831964,0.0,1.0,0.0,0.0,0.0,0.0,0.0,0.0,0.0,1.0,0.0,0.0,0.0,1.0,0.0,1.0,0.0,0.0,0.0,1.0,0.0,3633.39
1.174368360111416,-0.5941103391385593,-1.4132181442412186,1.347875669824117,0.5297936506258001,1.5299625130278947,1.3501125248977999,0.6756279841059953,-0.3548197968733047,0.6874818727690002,0.98108871358079,-1.3022660650429105,1.3478484885554707,-0.6531345530073512,-1.6059434711771372,-0.6398047474454284,-0.7623348431402026,1.0,0.0,0.0,0.0,0.0,0.0,0.0,0.0,1.0,0.0,1.0,0.0,0.0,0.0,0.0,0.0,1.0,0.0,0.0,1.0,0.0,2586.36
-1.1811899770368306,1.3769733680647454,1.1921136977252702,-1.1712471130590452,-0.43509754149242064,-0.4597980221857493,-0.7830656867762231,0.5567840115279838,1.0249958795397487,-0.6481031159017008,-1.5522389505949588,-1.3022660650429105,1.3478484885554707,0.0016369287042790409,-0.7838883122564819,0.4166897839147574,0.2796508176203376,0.0,0.0,1.0,0.0,0.0,0.0,0.0,0.0,0.0,1.0,0.0,0.0,0.0,1.0,0.0,1.0,0.0,0.0,1.0,0.0,0.0,4349.3
-0.3309884540746185,1.4798125180057884,1.87455228440535,-0.7506979634819952,0.15690199104837757,-1.7486876823092143,0.5169597676385072,-0.9287656456971591,0.748186460031301,-0.5121893449206634,0.29018116880558575,-0.08519497621776032,1.59527363560558,0.6564084104159094,1.3299678106823456,0.833727098925357,1.2694824592059115,0.0,0.0,1.0,0.0,0.0,1.0,0.0,0.0,0.0,0.0,0.0,1.0,0.0,0.0,0.0,0.0,1.0,1.0,0.0,0.0,0.0,5645.95
0.050101875629620395,0.7085188934479728,0.07042596547486456,0.9715509347859236,1.2844229398071163,-0.9646626355981662,-1.6223615058401926,0.6162059978169896,1.059497683113396,1.6294466976978552,-0.2855751185070843,-1.3022660650429105,0.11072275330492388,-0.6531345530073512,-0.9013247635308613,-0.1949649447674554,-0.325783213232949,0.0,1.0,0.0,0.0,0.0,0.0,0.0,0.0,1.0,0.0,0.0,1.0,0.0,0.0,0.0,0.0,1.0,0.0,1.0,0.0,0.0,5186.93
1.3124010779570463,0.8627776183595356,-0.9042169884301096,0.669072627798462,0.5175453844353003,0.12228117916033199,0.18293078200920537,0.31909606637196103,-0.5899816244112869,0.4145737517812645,-1.3219364356698908,-0.08519497621776032,1.3478484885554707,0.0016369287042790409,-1.7233799224515165,-0.6676072351128016,-0.7429652949665401,0.0,0.0,1.0,0.0,0.0,0.0,0.0,0.0,1.0,0.0,0.0,0.0,0.0,1.0,0.0,0.0,1.0,0.0,0.0,0.0,1.0,2616.53
1.6654847692578238,1.3426936514177321,-1.0625729035713434,-0.6929837118039278,-1.5081817516267175,0.43113953089498697,-0.1349726663828194,1.2698478469960526,1.2010911405925988,-0.9213082688947629,-0.11284823231328371,-1.3022660650429105,0.6055730474051426,0.0016369287042790409,-0.31414250715896475,0.6947146605884905,0.3543842949992225,0.0,0.0,0.0,1.0,0.0,1.0,0.0,0.0,0.0,0.0,1.0,0.0,0.0,0.0,1.0,0.0,0.0,0.0,1.0,0.0,0.0,4505.19
-0.7500877930406971,-1.0740263721967558,1.7501297796515227,1.2092223953107837,-0.6514835775245744,0.5380520372646751,-0.04205885658708284,-0.8693436594081535,-0.7969892642295184,0.22350312214804732,1.3841181146996588,-0.08519497621776032,-1.126402981945623,0.0016369287042790409,-0.31414250715896475,0.22207237024314422,0.5104705006105513,1.0,0.0,0.0,0.0,0.0,1.0,0.0,0.0,0.0,0.0,0.0,0.0,0.0,1.0,0.0,1.0,0.0,0.0,0.0,1.0,0.0,4979.96
-0.048921595868331585,0.4000014436248472,-0.44423075873414525,0.7472302409143027,1.3075585537225032,1.132010405985166,-0.7093489451201014,-1.5229855085872164,1.5610845255455292,1.4991656781370755,-1.379512064401158,-1.3022660650429105,1.224135915030416,-1.3079060347189815,-1.6059434711771372,-1.418274402131881,-1.4130624450114107,0.0,0.0,0.0,0.0,1.0,0.0,0.0,0.0,0.0,1.0,1.0,0.0,0.0,0.0,0.0,1.0,0.0,1.0,0.0,0.0,0.0,5337.83
0.432192442419697,1.4455328013587736,-1.2492066607020835,-0.9775219261010986,0.24604215054590017,0.5677499557007001,-1.224598253987369,0.9133159292620182,0.7361665625270656,1.5451669620368322,-1.437087693132425,-1.3022660650429105,0.8529981944552519,0.6564084104159094,-1.7233799224515165,1.1395544632664634,0.8608600974202959,0.0,0.0,0.0,1.0,0.0,0.0,1.0,0.0,0.0,0.0,0.0,0.0,1.0,0.0,0.0,0.0,1.0,1.0,0.0,0.0,0.0,5667.53
0.00809191802442856,1.4798125180057884,-0.7534018311527446,-0.7999289155158165,1.4810756580879092,1.7022104399568376,-0.9113021019488516,-0.5722337279631249,1.523378411957287,0.93875262862628,-0.8037557770884876,1.13187611260739,0.23443532682997856,0.6564084104159094,1.2125313594079663,0.3054798332452642,0.5029262269950305,1.0,0.0,0.0,0.0,0.0,0.0,0.0,0.0,1.0,0.0,0.0,1.0,0.0,0.0,0.0,1.0,0.0,0.0,0.0,0.0,1.0,3919.21
-0.21496095211742247,1.205574784829676,0.824501751861692,-0.3462809902776098,1.4708687695958271,-0.07966466620463533,0.4079204206054938,1.388691819574064,-0.23416073138419854,-0.8963226355055182,0.9235130848495229,1.13187611260739,1.3478484885554707,0.0016369287042790409,0.39047620048731113,-0.9734345994539081,-1.1374309885150584,0.0,0.0,0.0,0.0,1.0,0.0,0.0,0.0,1.0,0.0,0.0,0.0,0.0,1.0,1.0,0.0,0.0,0.0,0.0,0.0,1.0,4786.83
1.7335008910948009,1.6169313845938444,0.33623768017622124,0.9408163573862779,1.3871722839607485,0.24701243659163505,-0.922052460107036,0.2596740800829553,-1.32992243122723,0.1723715475931798,-0.1704238610445508,-0.08519497621776032,-1.3738281289957324,0.0016369287042790409,-1.488507019902758,-0.00034753109584224537,-0.06026596658684965,0.0,0.0,0.0,1.0,0.0,0.0,0.0,1.0,0.0,0.0,0.0,0.0,0.0,1.0,1.0,0.0,0.0,0.0,1.0,0.0,0.0,3545.74
0.7662716290895545,-1.5368025469314441,1.6935740956725112,-1.4687188825515418,0.9550806711292469,-0.7211397044227654,1.0168514219940825,-0.2751237965180962,-0.06643978045323957,0.05007358124237991,-1.2643608069386238,-0.08519497621776032,-0.13670239374518547,-1.3079060347189815,0.03816684666417319,-1.585089328136121,-1.655851267491436,0.0,1.0,0.0,0.0,0.0,0.0,0.0,0.0,0.0,1.0,1.0,0.0,0.0,0.0,1.0,0.0,0.0,0.0,0.0,1.0,0.0,5288.49
-1.3512302816292732,-0.4398516142269964,0.26648566993543954,-0.13072173702217743,-1.5360805801717439,-1.7843251844324441,1.2195724615484174,0.02198613492693239,-0.9899222309884814,0.4053683041507347,1.6719962583559942,1.13187611260739,0.7292856209301973,-0.6531345530073512,0.8602220055848283,-1.585089328136121,-1.6596398048940129,1.0,0.0,0.0,0.0,0.0,0.0,0.0,1.0,0.0,0.0,1.0,0.0,0.0,0.0,1.0,0.0,0.0,0.0,0.0,1.0,0.0,2798.7
-0.8911212221438405,-1.6225018385489804,0.006329523631984248,-0.015015092694100302,0.7318900427690379,0.965702062743429,1.2111257515669869,0.3785180526609667,-1.0458381600667577,-0.26351214836060954,-0.2855751185070843,-1.3022660650429105,-1.497540702520787,-1.9626775164306118,0.03816684666417319,-1.2792619637950144,-1.3595034528898762,0.0,1.0,0.0,0.0,0.0,0.0,0.0,0.0,1.0,0.0,0.0,0.0,0.0,1.0,0.0,0.0,1.0,0.0,0.0,1.0,0.0,5792.82
0.019094525968645366,-1.571082263578459,-1.3792847338538108,-0.1735554467013216,1.155816144806874,-0.7924147086692239,0.3580080434424946,-0.2751237965180962,-1.3356530887550573,0.12702743216208917,-1.4946633218636918,1.13187611260739,-1.2501155554706775,1.3111798921275395,-0.31414250715896475,1.1395544632664634,1.314362056128744,1.0,0.0,0.0,0.0,0.0,1.0,0.0,0.0,0.0,0.0,0.0,1.0,0.0,0.0,0.0,1.0,0.0,0.0,1.0,0.0,0.0,5270.21
-0.9461342618649249,1.3084139347707173,1.4051401073795495,-1.3424428812896498,-1.0958234565465752,0.40144161245896254,-1.2315091985176303,0.3785180526609667,0.8916927649842479,1.5992155910540626,0.17502991134305163,1.13187611260739,1.4715610620805255,1.9659513738391698,-0.43157895843334404,1.3341718769380766,1.2407561865929666,0.0,0.0,0.0,1.0,0.0,0.0,1.0,0.0,0.0,0.0,0.0,1.0,0.0,0.0,0.0,0.0,1.0,0.0,0.0,0.0,1.0,5409.0
0.8672955747591818,-0.7140893474031087,-0.6270941369329507,-0.9515157452244755,1.5225836712890466,0.6509041273215681,-1.3121368847040136,-0.15627982394008477,-0.4169054475437458,-1.318384928433605,-1.4946633218636918,-1.3022660650429105,-1.3738281289957324,0.0016369287042790409,-1.1361976660796198,0.9449370495948503,1.0535034465974757,0.0,0.0,0.0,0.0,1.0,1.0,0.0,0.0,0.0,0.0,0.0,0.0,0.0,1.0,0.0,0.0,1.0,0.0,1.0,0.0,0.0,2386.26
1.5004456500945704,-1.7424808468135284,-1.262402986963853,1.1903088092186949,1.5783813283790984,-1.5289230858826326,0.5261743603455221,-1.4635635222982106,1.2662265850331902,-0.4705665265203265,-0.6310288908946867,-0.08519497621776032,0.8529981944552519,0.6564084104159094,0.15560329793855252,0.7225171482558638,1.4084773010769664,0.0,0.0,1.0,0.0,0.0,0.0,0.0,0.0,1.0,0.0,0.0,1.0,0.0,0.0,1.0,0.0,0.0,0.0,0.0,1.0,0.0,5407.06
-1.071163897594662,-0.011355156139321284,0.6472939420607879,0.30373446115199687,1.4069056017121089,0.965702062743429,1.225715523353094,-0.5722337279631249,1.5265652922075124,-0.8135058376023142,-0.1704238610445508,1.13187611260739,-0.6315526878454042,1.3111798921275395,0.8602220055848283,1.27856690160333,1.611934448476591,0.0,0.0,0.0,1.0,0.0,1.0,0.0,0.0,0.0,0.0,0.0,0.0,0.0,1.0,1.0,0.0,0.0,0.0,0.0,1.0,0.0,5406.85
-0.3269875057312666,-0.8683480723146715,1.4070252968455161,0.4574073481502246,1.2184183942249804,-1.7308689312475993,1.7578582521832233,-1.4041415360092049,1.2919235909713298,0.043603338668325844,-1.091633920744823,1.13187611260739,1.1004233415053613,0.6564084104159094,0.9776584568592077,0.05525744423890437,0.5042464748777467,0.0,0.0,1.0,0.0,0.0,0.0,0.0,0.0,0.0,1.0,0.0,0.0,0.0,1.0,0.0,0.0,1.0,0.0,0.0,1.0,0.0,5615.49
1.216378317716608,-0.1827537393743907,0.20050403862659252,1.0319075256974442,1.3381792191987516,-0.18657717257432352,1.63883642971761,1.6263797647300868,-1.4283727952868317,1.2866430951277241,-0.7461801483572208,-1.3022660650429105,-0.8789778348955136,-1.9626775164306118,1.5648407132311042,-1.056842062456028,-1.2251435323086959,0.0,1.0,0.0,0.0,0.0,0.0,0.0,0.0,1.0,0.0,0.0,1.0,0.0,0.0,0.0,1.0,0.0,0.0,0.0,0.0,1.0,5535.92
-0.4440152447743007,0.382861585301339,1.2109655923849412,0.06648021208505003,-0.4500676446141419,-1.4160709958257396,-1.1424348023498165,0.972737915551024,0.40687543084684846,-1.1235483875963606,1.499269372162193,1.13187611260739,1.224135915030416,0.6564084104159094,1.447404261956725,0.13866490724102432,-0.08093398372614409,0.0,0.0,1.0,0.0,0.0,0.0,1.0,0.0,0.0,0.0,0.0,0.0,1.0,0.0,1.0,0.0,0.0,0.0,0.0,1.0,0.0,3636.84
-1.642299273608101,-0.07991458943334936,0.9300723619558483,-0.1290528911905224,1.4273193786962741,1.553720847776715,0.06390895954359235,-1.5229855085872164,1.7266292458967267,-1.3375128735441908,1.499269372162193,1.13187611260739,0.6055730474051426,-0.6531345530073512,0.8602220055848283,-1.5572868404687477,-1.5984589562013372,0.0,0.0,0.0,1.0,0.0,0.0,0.0,0.0,0.0,1.0,0.0,1.0,0.0,0.0,1.0,0.0,0.0,1.0,0.0,0.0,0.0,3635.15
1.6244750487384698,-1.7253409884900217,1.5144810964056392,0.1638295522649227,-0.09895068048649593,1.5656000151511245,1.3217008640511692,1.0321599018400296,-0.01718755462237468,-0.833838195755626,-0.05527260358201664,-0.08519497621776032,0.48186047388008796,0.0016369287042790409,-0.19670605588458542,-0.11155748176533549,-0.32206487332295225,0.0,0.0,0.0,0.0,1.0,0.0,0.0,0.0,1.0,0.0,0.0,1.0,0.0,0.0,1.0,0.0,0.0,0.0,0.0,1.0,0.0,4938.54
-0.6540650328002592,-0.011355156139321284,-0.9381503988175167,-1.6945693517688465,0.02081014448727457,-0.5964084469914624,-0.13343690093165025,0.08140812121593811,-1.6201423944399092,-0.2613070546785741,-0.8037557770884876,-0.08519497621776032,1.4715610620805255,0.0016369287042790409,-0.19670605588458542,-0.33397738310432196,-0.3641165643450988,0.0,0.0,0.0,1.0,0.0,0.0,0.0,0.0,0.0,1.0,0.0,0.0,0.0,1.0,1.0,0.0,0.0,0.0,0.0,0.0,1.0,3268.08
-1.4072435584361953,-1.6567815551959937,-0.3556268538336926,1.5849908484050927,0.36716389398528193,0.06288534228828259,0.5845334474899523,-1.0476096182751706,0.08629752137347142,-1.099110338052457,0.98108871358079,-0.08519497621776032,-1.6212532760458416,0.6564084104159094,-0.31414250715896475,1.1673569509338368,1.7386782452173408,0.0,0.0,0.0,1.0,0.0,0.0,1.0,0.0,0.0,0.0,1.0,0.0,0.0,0.0,0.0,0.0,1.0,1.0,0.0,0.0,0.0,5402.27
-0.07592799718595475,-1.2625648137553334,-0.8061871361998221,1.2553937966532382,-0.8719523689535609,-0.8815084639772978,0.34341827165638733,0.972737915551024,1.0364649411573446,-1.1732207563774855,1.1538155997745911,1.13187611260739,-0.8789778348955136,0.6564084104159094,1.5648407132311042,0.6391096852537439,0.38037615882290854,0.0,0.0,1.0,0.0,0.0,0.0,0.0,0.0,0.0,1.0,0.0,1.0,0.0,0.0,0.0,0.0,1.0,0.0,0.0,0.0,1.0,2308.81
1.425427868656728,-1.4339633969904029,1.0827727086991805,0.7544619061848072,-1.6456345166534316,0.90630622587138,-0.9351064664419743,0.2596740800829553,0.6153142479838067,-0.8347918873227005,-1.2067851782073566,-0.08519497621776032,-0.6315526878454042,0.0016369287042790409,-1.2536341173539993,-0.11155748176533549,-0.17269997982461166,1.0,0.0,0.0,0.0,0.0,1.0,0.0,0.0,0.0,0.0,0.0,0.0,1.0,0.0,1.0,0.0,0.0,0.0,0.0,0.0,1.0,3276.6
1.4034226527682945,-0.14847402272737745,-1.4754293966181316,-0.5060729786585724,-0.2956033987672898,0.49647495145424114,1.8070027466206373,-1.7012514674542336,-0.46371238809883897,0.08756322727847593,-0.05527260358201664,1.13187611260739,1.4715610620805255,1.3111798921275395,1.095094908133587,0.8615295865927304,1.7386782452173408,0.0,0.0,0.0,0.0,1.0,1.0,0.0,0.0,0.0,0.0,0.0,0.0,1.0,0.0,0.0,1.0,0.0,0.0,1.0,0.0,0.0,5957.61
-0.656065506971935,-0.07991458943334936,0.25517453313963734,-1.565929152245443,-0.7814512909904275,-0.9824813866597811,-0.3829987867466457,-0.5128117416741191,-0.8409716146366234,0.7684588025227072,0.9235130848495229,1.13187611260739,-0.8789778348955136,0.0016369287042790409,0.27303974921293184,-0.5007923091085619,-0.4279555774454764,1.0,0.0,0.0,0.0,0.0,0.0,0.0,0.0,0.0,1.0,1.0,0.0,0.0,0.0,0.0,0.0,1.0,0.0,1.0,0.0,0.0,2786.59
1.1663664634247133,1.5140922346528016,0.10058899693033768,-0.11681468842505277,0.6073660031656288,-0.31724801369283134,-1.0495209925540798,1.2104258607070468,-1.5925560573767774,-0.9970002002898424,-0.7461801483572208,1.13187611260739,-1.6212532760458416,0.6564084104159094,-0.19670605588458542,0.3888872962473841,0.09553545175690613,0.0,0.0,0.0,1.0,0.0,0.0,0.0,1.0,0.0,0.0,0.0,0.0,0.0,1.0,1.0,0.0,0.0,0.0,0.0,1.0,0.0,5044.23
-0.4490164302034903,0.48570073524238194,1.0243318352542017,1.1804348047147357,0.731209583536232,1.6546937704591984,-1.2699033347968605,-1.2258755771421879,1.224494195875756,-0.5719930326544622,0.17502991134305163,1.13187611260739,-0.8789778348955136,0.0016369287042790409,-1.3710705686283786,-0.8900271364517881,-0.7609910793918911,0.0,0.0,1.0,0.0,0.0,1.0,0.0,0.0,0.0,0.0,0.0,1.0,0.0,0.0,1.0,0.0,0.0,0.0,0.0,0.0,1.0,4626.95
-0.32598726864542893,0.622819601830438,-1.028639493183936,0.7779648183139484,1.029931186737853,-1.570500171693067,-0.9819473127026349,-0.037435851362073336,1.2776194260145386,0.030556152702767257,0.462908054999387,-0.08519497621776032,-0.8789778348955136,0.6564084104159094,-1.6059434711771372,0.6947146605884905,0.7428341279685926,0.0,1.0,0.0,0.0,0.0,1.0,0.0,0.0,0.0,0.0,1.0,0.0,0.0,0.0,0.0,1.0,0.0,0.0,0.0,1.0,0.0,2455.82
-0.8061010698476194,-0.9540473639322062,0.5511492792964672,0.22682848240989748,-1.0563568210438554,-1.4160709958257396,1.6511225533269638,0.5567840115279838,-0.18320799687566985,-0.2988721885743904,1.0962399710433242,-0.08519497621776032,1.59527363560558,0.6564084104159094,0.6253491030360697,0.6669121729211172,0.5228220555531715,0.0,0.0,1.0,0.0,0.0,0.0,1.0,0.0,0.0,0.0,0.0,1.0,0.0,0.0,0.0,0.0,1.0,1.0,0.0,0.0,0.0,3519.56
1.5774639057040887,-1.3311242470493614,0.07231115494083191,0.5443264018822538,0.5808280930862136,0.09852284441151234,-1.5793600732074549,1.0321599018400296,0.7241385034664988,0.7835787663712372,-0.8613314058197546,-1.3022660650429105,1.59527363560558,0.6564084104159094,-0.19670605588458542,1.3341718769380766,1.0008813262337792,0.0,0.0,0.0,0.0,1.0,0.0,0.0,0.0,1.0,0.0,1.0,0.0,0.0,0.0,1.0,0.0,0.0,0.0,0.0,0.0,1.0,2029.16
1.3674141176781303,-0.33701246428595505,-1.0060172195923318,0.03727541003108832,0.7618302490124804,-1.0775147256550597,1.8108421602485607,-0.09685783765107905,-1.2871578126910657,-0.9974957059937598,-0.5734532621634196,1.13187611260739,-0.26041496727024016,0.6564084104159094,-0.9013247635308613,-0.08375499409796218,-0.06312445844882673,1.0,0.0,0.0,0.0,0.0,0.0,0.0,0.0,1.0,0.0,0.0,1.0,0.0,0.0,1.0,0.0,0.0,1.0,0.0,0.0,0.0,5598.46
-0.8521119757961625,-1.399683680343388,-0.001211234231883865,1.4275630582856416,0.25216628364115007,1.6190562683359686,1.0014937674823907,1.6263797647300868,-0.7471770726354395,-1.544835784921744,-0.5158776334321525,-0.08519497621776032,-0.26041496727024016,0.6564084104159094,1.6822771645054835,1.3341718769380766,0.8139658506292176,0.0,0.0,0.0,1.0,0.0,0.0,1.0,0.0,0.0,0.0,0.0,0.0,1.0,0.0,0.0,1.0,0.0,0.0,0.0,1.0,0.0,3069.43
-0.5550415613023072,0.914197193330057,1.4598106018925943,-1.6495105143141624,1.4579400441725225,-0.7152001207355602,-1.1524172777824164,-0.6910777005411363,-0.9512465521743595,0.7792176037070787,0.8083618273869887,1.13187611260739,0.23443532682997856,0.0016369287042790409,-0.5490154097077233,-0.9456321117865347,-0.9076852885825739,0.0,0.0,1.0,0.0,0.0,0.0,0.0,1.0,0.0,0.0,0.0,0.0,1.0,0.0,0.0,1.0,0.0,0.0,0.0,0.0,1.0,5588.87
0.6142355920421939,-1.5539424052549524,0.9885132354008271,1.5410445748381785,-1.4095151628699176,0.09258326072430703,-0.06048804200111316,-0.6316557142521305,1.5500317033008357,0.26298666549459954,1.3265424859683916,-1.3022660650429105,-0.26041496727024016,0.0016369287042790409,0.5079126517616904,1.0839494879317169,1.4189117855503115,0.0,0.0,0.0,1.0,0.0,0.0,0.0,0.0,1.0,0.0,0.0,0.0,0.0,1.0,1.0,0.0,0.0,1.0,0.0,0.0,0.0,4886.38
0.1451243987842205,0.2971622936838043,-0.8815947148385052,0.3550514704753869,0.5365982429538548,0.5855687067623144,-1.4457484789557342,1.151003874418041,0.06731097471731981,-0.16785851268522434,0.8083618273869887,-0.08519497621776032,0.48186047388008796,1.3111798921275395,-0.31414250715896475,1.556591778277063,1.1619483787531377,0.0,1.0,0.0,0.0,0.0,0.0,0.0,0.0,0.0,1.0,0.0,1.0,0.0,0.0,0.0,1.0,0.0,0.0,0.0,1.0,0.0,2043.13
-0.3019815785853192,0.5028405935658885,-0.6742238735821274,-0.7384597607165256,0.8360003053882817,-1.5348626695698373,1.8223604011323296,0.2596740800829553,-1.2475522697810146,-0.5757424892014275,-1.4946633218636918,-1.3022660650429105,-1.3738281289957324,-1.3079060347189815,-1.2536341173539993,-0.7510146981149216,-0.8191955559417426,0.0,0.0,0.0,1.0,0.0,0.0,1.0,0.0,0.0,0.0,0.0,0.0,0.0,1.0,0.0,1.0,0.0,1.0,0.0,0.0,0.0,2852.62
0.9693197575146476,-0.5084110475210245,0.9772020986050249,-0.7684989856863148,-1.023694777869191,1.7081500236440423,1.6933561032341167,-0.750499686830142,1.3974522376736858,0.0035644082369986614,0.6932105699244546,-1.3022660650429105,1.1004233415053613,-1.3079060347189815,0.6253491030360697,-0.8622246487844148,-0.8021202969219892,1.0,0.0,0.0,0.0,0.0,0.0,0.0,0.0,0.0,1.0,0.0,0.0,0.0,1.0,1.0,0.0,0.0,0.0,1.0,0.0,0.0,2372.11
-0.04692112169665583,-0.748369064050122,-0.2877600330588782,-0.8911591543129543,0.11539397784724119,-0.23409384207196282,0.9101157231378229,-1.7012514674542336,1.1853593949351255,0.19165606639931795,1.55684500089346,1.13187611260739,-0.6315526878454042,1.3111798921275395,-1.488507019902758,0.7225171482558638,1.547169761131043,0.0,0.0,0.0,0.0,1.0,0.0,0.0,0.0,0.0,1.0,1.0,0.0,0.0,0.0,1.0,0.0,0.0,0.0,1.0,0.0,0.0,2365.31
0.8472908330424244,0.7942181850655076,-0.10866703379200683,0.9709946528420387,-0.5603020403286352,1.4765062598430507,-0.9880903745073117,-0.8099216731191478,-0.20542402987272607,-1.699048152370281,-0.3431507472383514,1.13187611260739,0.7292856209301973,0.0016369287042790409,-1.6059434711771372,-1.3070644514623877,-1.3193147752021648,1.0,0.0,0.0,0.0,0.0,0.0,0.0,0.0,1.0,0.0,0.0,0.0,1.0,0.0,0.0,0.0,1.0,0.0,0.0,0.0,1.0,5486.46
-0.9651387664958451,-1.2454249554318253,0.3155005960505836,1.1225814825506977,-1.602765584986684,1.696270856269633,1.7110174059225622,1.804645723597104,-0.6660642058586529,1.4504051009199865,0.059878653880517496,-1.3022660650429105,-0.012989820220130795,-0.6531345530073512,0.15560329793855252,0.08305993190627768,-0.28288531279761836,0.0,0.0,0.0,1.0,0.0,0.0,0.0,0.0,1.0,0.0,0.0,1.0,0.0,0.0,1.0,0.0,0.0,0.0,1.0,0.0,0.0,4632.64
-0.8591136353970278,-0.045634872786336086,0.09681861799840362,1.4630260322083088,-0.805947823371426,-0.661743867550716,0.04547977412956177,-0.9287656456971591,-0.774793565957559,1.508963663057499,0.6356349411931875,-0.08519497621776032,0.8529981944552519,-1.3079060347189815,0.8602220055848283,-1.6128918158034942,-1.6797481957230742,0.0,1.0,0.0,0.0,0.0,0.0,0.0,0.0,1.0,0.0,0.0,0.0,0.0,1.0,0.0,0.0,1.0,1.0,0.0,0.0,0.0,5654.94
-0.8101020181909709,-1.1254459471672773,0.383367416825398,1.4705358384507565,-0.5065457609369995,0.597447874136724,-0.6425431479942412,-0.5722337279631249,0.4258637758120221,-0.7227601002582317,0.29018116880558575,-1.3022660650429105,-0.8789778348955136,-1.3079060347189815,0.27303974921293184,-0.5007923091085619,-0.4159662993754055,1.0,0.0,0.0,0.0,0.0,0.0,0.0,0.0,0.0,1.0,0.0,0.0,1.0,0.0,0.0,0.0,1.0,0.0,1.0,0.0,0.0,3943.44
1.1833704938839575,-1.0740263721967558,-1.1078174507545533,-1.6461728226508523,-0.5344445894820254,-1.2794605710200264,0.3695262843262638,-0.5128117416741191,-1.3290603495482907,1.6116288486336074,-1.1492095494760897,1.13187611260739,-0.5078401143203495,-0.6531345530073512,0.03816684666417319,-1.501681865134001,-1.5583732240521637,0.0,1.0,0.0,0.0,0.0,0.0,0.0,0.0,1.0,0.0,1.0,0.0,0.0,0.0,0.0,1.0,0.0,0.0,1.0,0.0,0.0,5681.54
1.4944442275795435,-0.38843203925647496,1.0676911929714437,-1.4161502388544105,-0.46707912543427976,0.8944270584969695,-0.06970263470812844,0.14083010750494385,-1.4524940675271538,0.5963612406609147,0.8659374561182558,-0.08519497621776032,-0.8789778348955136,-1.3079060347189815,-0.6664518609821026,-1.585089328136121,-1.6610682698162957,0.0,0.0,1.0,0.0,0.0,0.0,0.0,1.0,0.0,0.0,0.0,1.0,0.0,0.0,1.0,0.0,0.0,0.0,0.0,1.0,0.0,2178.54
-1.322223406139974,0.10862385212522824,-1.684685427340476,0.5579553095074358,-0.05948404498377569,-1.1309709788399038,-0.6471504443477487,0.7350499703950011,-1.506935383207244,-0.000600146720609397,-1.1492095494760897,-1.3022660650429105,-0.5078401143203495,0.6564084104159094,-1.2536341173539993,1.556591778277063,1.316198922748175,0.0,0.0,1.0,0.0,0.0,0.0,0.0,1.0,0.0,0.0,1.0,0.0,0.0,0.0,1.0,0.0,0.0,0.0,0.0,1.0,0.0,4097.58
-0.22696379714747697,-0.11419430608036264,0.7886831520083181,-0.9867005781752008,-1.3156117887427567,-0.8102334597308387,0.9485098594170529,0.3785180526609667,0.46616526431365624,-0.14475990615334833,0.6932105699244546,1.13187611260739,0.23443532682997856,0.0016369287042790409,0.27303974921293184,-0.7510146981149216,-0.833919057675259,0.0,0.0,1.0,0.0,0.0,0.0,1.0,0.0,0.0,0.0,1.0,0.0,0.0,0.0,0.0,1.0,0.0,0.0,0.0,0.0,1.0,3744.27
0.48520500796910526,-0.11419430608036264,1.9103708842587237,1.2809827660719473,1.2340689565795075,-0.04996674776861037,-0.8606218420602679,-1.5824074948762221,-0.0514570996692348,0.07484106319881595,0.002303025149250427,1.13187611260739,-1.126402981945623,0.0016369287042790409,1.447404261956725,-0.1671624571000821,0.2770360731264362,0.0,0.0,0.0,0.0,1.0,0.0,1.0,0.0,0.0,0.0,0.0,1.0,0.0,0.0,1.0,0.0,0.0,0.0,0.0,1.0,0.0,4102.94
-0.11593748061947048,1.5826516679468297,-1.5244443227332756,1.5086411516068783,0.7788417298326182,-1.3685543263281004,-0.6632759815850254,-1.1664535908531821,-1.6861025710643638,-0.17770094214328194,1.499269372162193,-0.08519497621776032,-1.126402981945623,-0.6531345530073512,-0.9013247635308613,-0.7788171857822949,-0.6314307538346802,0.0,0.0,0.0,1.0,0.0,0.0,1.0,0.0,0.0,0.0,1.0,0.0,0.0,0.0,1.0,0.0,0.0,0.0,0.0,0.0,1.0,4335.94
-1.4312492484963049,-1.176865522137797,-0.8552020623149661,-1.5927697560378937,1.0734805776374061,1.4527479250942315,-0.06893475198254373,-0.5722337279631249,-1.2964897915329985,-1.7398158375102788,0.7507861986557217,-0.08519497621776032,-0.012989820220130795,0.6564084104159094,-0.6664518609821026,0.7225171482558638,0.9782154647728423,0.0,0.0,1.0,0.0,0.0,0.0,0.0,0.0,0.0,1.0,0.0,0.0,0.0,1.0,1.0,0.0,0.0,0.0,0.0,0.0,1.0,2067.56
1.4744394858627852,0.382861585301339,-1.8053375531623685,-1.3275623392907263,-1.214223363054735,0.09852284441151234,0.3695262843262638,0.7944719566840068,0.2665542078351047,1.3384104640606387,-0.6886045196259537,-1.3022660650429105,-0.8789778348955136,-0.6531345530073512,0.8602220055848283,0.4444922715821307,0.24491206934421822,0.0,0.0,0.0,1.0,0.0,0.0,0.0,0.0,1.0,0.0,0.0,0.0,0.0,1.0,0.0,1.0,0.0,0.0,0.0,1.0,0.0,5509.7
1.47243901169111,0.8284979017125224,-0.9739689986708913,-0.9419198816924594,-0.10099205818491255,1.4052312555965922,-1.1585603395870934,0.972737915551024,1.3097954626966575,1.4014324791531239,0.9235130848495229,1.13187611260739,0.8529981944552519,1.3111798921275395,-0.19670605588458542,0.6947146605884905,0.43163284132835866,0.0,0.0,0.0,1.0,0.0,0.0,1.0,0.0,0.0,0.0,1.0,0.0,0.0,0.0,0.0,1.0,0.0,0.0,0.0,0.0,1.0,3967.84
-1.101171010169799,-0.8512082139911649,-1.354777270796239,0.9060487358934662,-1.691225285251401,-1.647714759626731,0.43249266782420087,-1.4635635222982106,-1.3895322253685223,0.3390550183744414,1.499269372162193,-0.08519497621776032,1.3478484885554707,0.0016369287042790409,1.447404261956725,0.08305993190627768,0.5646304438293427,1.0,0.0,0.0,0.0,0.0,0.0,0.0,0.0,0.0,1.0,0.0,0.0,0.0,1.0,0.0,1.0,0.0,0.0,0.0,0.0,1.0,2994.89
0.5182128318017557,-1.399683680343388,-0.16145233883908497,-0.15895304567434052,0.060276779989994325,1.5952979335871496,0.4424751432568009,-0.6910777005411363,-1.4953840143690174,1.5394957033263335,-1.091633920744823,1.13187611260739,-1.126402981945623,0.6564084104159094,0.03816684666417319,0.3332823209126375,0.5768601084271343,1.0,0.0,0.0,0.0,0.0,1.0,0.0,0.0,0.0,0.0,1.0,0.0,0.0,0.0,0.0,0.0,1.0,0.0,0.0,1.0,0.0,2181.78
-0.5280351599846841,0.7427986100949876,-0.44234556926817786,0.8700294800269133,0.0772882608101322,-0.4716771895601588,0.3910270006426324,-1.2852975634311936,-1.2894051456429347,0.2302052566417371,1.4416937434309258,-1.3022660650429105,-1.2501155554706775,-0.6531345530073512,0.6253491030360697,0.47229475924950404,0.9917951572807795,0.0,1.0,0.0,0.0,0.0,0.0,0.0,1.0,0.0,0.0,0.0,1.0,0.0,0.0,0.0,0.0,1.0,1.0,0.0,0.0,0.0,4518.23
1.3304053455021283,-0.6112501974620659,-1.4867405334139336,-1.3332642292155477,1.4558986664741058,-1.249762652584002,1.0345127246825288,-0.09685783765107905,-0.9764219101646041,0.7316470205033362,-0.5158776334321525,-1.3022660650429105,0.9767107679803066,-1.3079060347189815,-0.43157895843334404,-1.0846445501234012,-1.12648343110427,0.0,0.0,0.0,1.0,0.0,0.0,0.0,0.0,1.0,0.0,0.0,0.0,0.0,1.0,1.0,0.0,0.0,0.0,1.0,0.0,0.0,4904.0
-0.11193653227611898,1.137015351535648,-0.1369448757815126,-1.712509444459137,-1.1203199889275737,0.55587078832629,-1.0602713507122643,-0.6316557142521305,0.9365443903063809,0.17013303569010207,-0.05527260358201664,-0.08519497621776032,-1.126402981945623,0.0016369287042790409,-1.0187612148052405,0.05525744423890437,0.23577588478230332,0.0,0.0,1.0,0.0,0.0,1.0,0.0,0.0,0.0,0.0,0.0,1.0,0.0,0.0,0.0,1.0,0.0,0.0,0.0,1.0,0.0,4862.89
-0.897122644658868,-0.628390055785574,-0.32357863291225275,-1.3603829739799407,0.7611497897796745,0.056945758601077805,-0.796887575836746,-0.6316557142521305,-0.15226919680080866,-1.3127642211437756,0.5204836837306535,-1.3022660650429105,-0.012989820220130795,-1.3079060347189815,1.095094908133587,-0.5007923091085619,-0.40375703455175527,0.0,1.0,0.0,0.0,0.0,0.0,1.0,0.0,0.0,0.0,0.0,0.0,1.0,0.0,1.0,0.0,0.0,1.0,0.0,0.0,0.0,5638.94
1.1993742872573636,-1.1425858054907838,-0.5309494741686299,0.794792347116469,-1.5632989494839644,0.4608374493310114,-0.04743403566617507,-1.2852975634311936,0.12852693547834307,-1.595039791798071,1.499269372162193,1.13187611260739,0.35814790035503324,-0.6531345530073512,0.15560329793855252,-1.668496791138241,-1.7467761651532783,0.0,0.0,0.0,1.0,0.0,1.0,0.0,0.0,0.0,0.0,1.0,0.0,0.0,0.0,1.0,0.0,0.0,0.0,0.0,1.0,0.0,5855.42
-1.5102679782774986,1.3769733680647454,-0.17276347563488714,0.6810326895919895,-0.033626594137166434,-0.43010010374972485,-0.40449950306301463,-0.750499686830142,-1.5857973204141174,0.34085892376830035,-0.8613314058197546,-1.3022660650429105,-0.6315526878454042,-1.9626775164306118,1.447404261956725,-1.140249525458148,-1.1278636997603646,0.0,0.0,1.0,0.0,0.0,1.0,0.0,0.0,0.0,0.0,0.0,0.0,0.0,1.0,0.0,0.0,1.0,0.0,1.0,0.0,0.0,3784.05
-0.9751411373542238,0.09148399380172008,1.6916889062065432,-0.3144338489901944,0.6536372309964033,-1.362614742640895,-1.0802363015774639,0.31909606637196103,1.725884469298618,1.3374796733049426,-0.11284823231328371,1.13187611260739,-1.6212532760458416,-0.6531345530073512,1.5648407132311042,-0.8900271364517881,-0.9660343772302598,0.0,0.0,0.0,0.0,1.0,0.0,0.0,0.0,0.0,1.0,0.0,0.0,1.0,0.0,0.0,1.0,0.0,0.0,0.0,0.0,1.0,3631.96
-1.0971700618264473,-0.7140893474031087,1.1562950978718964,0.6384771208847879,0.4583454311812212,-0.8102334597308387,0.7204486899184264,-0.037435851362073336,-0.6492159869613336,0.11183486425971573,-1.091633920744823,-0.08519497621776032,0.23443532682997856,0.6564084104159094,1.095094908133587,1.0839494879317169,1.152887588012195,1.0,0.0,0.0,0.0,0.0,1.0,0.0,0.0,0.0,0.0,0.0,1.0,0.0,0.0,0.0,0.0,1.0,0.0,0.0,0.0,1.0,3781.43
-0.5650439321606863,0.22860286038977623,0.047803691883259544,1.4090666836514654,-0.5650652549582738,-1.1547293135887235,-0.5312001527844737,-1.3447195497201994,-1.1240933754758409,-1.2711624375627766,-0.8613314058197546,-0.08519497621776032,-1.3738281289957324,0.0016369287042790409,-0.43157895843334404,0.24987485791051753,0.7325676937701519,0.0,1.0,0.0,0.0,0.0,0.0,0.0,0.0,1.0,0.0,1.0,0.0,0.0,0.0,0.0,1.0,0.0,0.0,0.0,0.0,1.0,5919.14
1.0123299522056772,0.3485818686543258,0.4342675324065087,-1.6709273691537343,-1.3537175057798658,1.18546665917001,-1.2276697848897073,-1.3447195497201994,0.7216363639593331,-1.0626441038314018,0.6356349411931875,-0.08519497621776032,-0.13670239374518547,0.0016369287042790409,-0.31414250715896475,-0.00034753109584224537,0.4091750165192697,0.0,0.0,0.0,0.0,1.0,0.0,1.0,0.0,0.0,0.0,1.0,0.0,0.0,0.0,0.0,1.0,0.0,0.0,0.0,0.0,1.0,4189.13
-1.325224117397488,-1.5368025469314441,0.3494340064379908,-0.9663962872233987,-0.2051023208041564,1.3992916719093875,0.5853013302155367,-0.33454578280710195,-0.5649753074691269,-0.43215779458768133,-1.7249658367887601,-1.3022660650429105,0.9767107679803066,0.0016369287042790409,0.5079126517616904,0.8059246112579838,0.9743242078553629,0.0,0.0,0.0,0.0,1.0,0.0,1.0,0.0,0.0,0.0,0.0,0.0,1.0,0.0,0.0,1.0,0.0,0.0,0.0,1.0,0.0,3065.75
-0.12093866604866003,-0.4398516142269964,0.9338427408877823,1.5798452404241565,0.3052421037999803,0.05100617491387303,-0.5895592399289036,1.4481138058630698,1.4729279589917983,-0.02523192016518648,0.2326055400743187,-1.3022660650429105,-0.8789778348955136,-0.6531345530073512,0.15560329793855252,0.27767734557789087,-0.052458049000894034,1.0,0.0,0.0,0.0,0.0,1.0,0.0,0.0,0.0,0.0,0.0,1.0,0.0,0.0,0.0,0.0,1.0,1.0,0.0,0.0,0.0,3259.62
1.0813463111284918,0.16004342709574815,1.05072448777774,-1.2275706598773999,1.1912000249127606,1.3992916719093875,-0.4943417819564129,-1.4041415360092049,-0.05445197584847698,1.4151575291354075,-1.7249658367887601,-0.08519497621776032,0.9767107679803066,-0.6531345530073512,-0.6664518609821026,-1.1958545007928945,-1.129560279983481,0.0,0.0,1.0,0.0,0.0,0.0,1.0,0.0,0.0,0.0,0.0,0.0,0.0,1.0,0.0,1.0,0.0,0.0,0.0,1.0,0.0,2739.12
1.128357454162873,-0.1827537393743907,-1.5206739438013408,0.7843620606686253,-0.9542879361230282,0.6152666251983394,-0.3638017186070307,-0.8099216731191478,-0.43095024100695345,0.7813519593273065,-0.8037557770884876,-0.08519497621776032,-1.6212532760458416,-0.6531345530073512,1.6822771645054835,-0.05595250643058886,0.1603592669363057,1.0,0.0,0.0,0.0,0.0,0.0,1.0,0.0,0.0,0.0,0.0,0.0,0.0,1.0,0.0,1.0,0.0,0.0,0.0,1.0,0.0,4146.29
-1.156184049890883,0.7942181850655076,-0.21612283335212978,-1.0442757593672969,1.0061151135896604,-0.3231875973800361,1.6611050287595632,0.7944719566840068,-0.17506110367935174,0.8530747560218527,0.7507861986557217,1.13187611260739,1.4715610620805255,0.0016369287042790409,-1.6059434711771372,-1.4738793774666277,-1.5633311961864036,1.0,0.0,0.0,0.0,0.0,0.0,0.0,1.0,0.0,0.0,0.0,0.0,0.0,1.0,1.0,0.0,0.0,0.0,0.0,0.0,1.0,3447.1
-0.7130790208646951,1.1884349265061693,1.0563800561756416,-1.2826425723220138,-0.2840355918095959,-0.804293876043634,-1.2745106311503682,-0.4533897553851134,-0.7908360040814791,-1.6124143829354622,-0.11284823231328371,-0.08519497621776032,-1.2501155554706775,0.0016369287042790409,0.6253491030360697,0.47229475924950404,0.6494737419765223,0.0,0.0,0.0,0.0,1.0,0.0,0.0,0.0,1.0,0.0,0.0,0.0,1.0,0.0,1.0,0.0,0.0,0.0,0.0,0.0,1.0,5389.98
0.96331833499962,0.3314420103308191,-1.5791148172463205,-0.5355559216844766,-0.7127249084770706,-1.255702236271207,-1.4964287388443178,1.804645723597104,-1.241291249423108,-0.6825118394473659,0.98108871358079,1.13187611260739,0.7292856209301973,1.3111798921275395,-0.43157895843334404,0.6669121729211172,0.2050783046542686,0.0,0.0,0.0,1.0,0.0,1.0,0.0,0.0,0.0,0.0,0.0,0.0,1.0,0.0,0.0,1.0,0.0,0.0,0.0,0.0,1.0,3774.9
0.9993268700897843,-0.988327080579221,0.7528645521549435,-0.6480639448352152,1.6001560238288743,0.8290916379377158,-0.6271854934825489,1.0915818881290353,0.8163254955333189,-1.1258661193432349,-0.7461801483572208,-0.08519497621776032,-1.3738281289957324,-0.6531345530073512,-0.31414250715896475,-0.5841997721106817,-0.7617564404833208,0.0,1.0,0.0,0.0,0.0,0.0,0.0,0.0,0.0,1.0,0.0,0.0,0.0,1.0,1.0,0.0,0.0,0.0,0.0,0.0,1.0,3715.81
-0.8321072340794046,-0.38843203925647496,0.7660608784167131,-1.211716624476678,-1.1264441220228236,0.3776832777101429,0.7327348135277802,-1.2258755771421879,-0.8272986561466167,-0.8935791183026929,-1.667390208057493,-0.08519497621776032,0.6055730474051426,0.6564084104159094,-0.6664518609821026,0.5835047099189973,1.1049592615135921,0.0,0.0,0.0,0.0,1.0,0.0,0.0,1.0,0.0,0.0,0.0,0.0,0.0,1.0,0.0,1.0,0.0,0.0,0.0,1.0,0.0,2928.75
1.2043754726865528,-1.7767605634605432,-1.7676337638430273,-0.5934092438485152,0.16506750184204405,-1.2913397383944367,0.5538181384665678,-1.7012514674542336,-1.1033761638830382,1.2440184086386046,0.7507861986557217,-0.08519497621776032,-1.497540702520787,-0.6531345530073512,-0.7838883122564819,-0.6676072351128016,-0.36791507973193455,0.0,0.0,0.0,0.0,1.0,0.0,0.0,1.0,0.0,0.0,0.0,0.0,0.0,1.0,0.0,0.0,1.0,0.0,1.0,0.0,0.0,2796.49
-0.18495383954228548,0.3143021520073125,-0.8985614200322088,-0.3893928409286965,0.5386396206522714,-1.4932855837594035,1.6664802078386554,1.2104258607070468,-0.35532415338829393,-0.1647959108438937,0.462908054999387,1.13187611260739,0.35814790035503324,-0.6531345530073512,0.742785554310449,-1.5294843528013742,-1.6222956504971848,0.0,0.0,0.0,1.0,0.0,0.0,1.0,0.0,0.0,0.0,0.0,1.0,0.0,0.0,0.0,0.0,1.0,0.0,1.0,0.0,0.0,5953.33
-1.1751885545218033,-1.5882221219019657,1.1525247189399623,-1.1284134033799011,0.11947673324407443,-0.5191938590577981,0.5008342304012304,0.31909606637196103,0.5322994619188723,-0.4404485668482958,0.059878653880517496,1.13187611260739,1.224135915030416,1.3111798921275395,1.3299678106823456,0.9727395372622236,0.9021691867283923,1.0,0.0,0.0,0.0,0.0,0.0,1.0,0.0,0.0,0.0,0.0,0.0,0.0,1.0,0.0,0.0,1.0,0.0,1.0,0.0,0.0,5459.37
0.9673192833429716,0.5714000268599166,0.6303272368670844,-0.1311389484800912,0.976174907346218,-1.463587665323379,0.7626822398255798,0.43794003894997247,-0.23411093205743044,0.770915465858596,-0.5734532621634196,-0.08519497621776032,0.9767107679803066,0.6564084104159094,0.5079126517616904,0.7781221235906104,0.6683418514814814,0.0,0.0,0.0,0.0,1.0,0.0,0.0,0.0,1.0,0.0,0.0,0.0,1.0,0.0,1.0,0.0,0.0,0.0,0.0,1.0,0.0,3476.08
-0.7680920605857792,-0.42271175590348975,-0.1671079072369857,0.5886898869070815,0.8707037262613624,-0.07966466620463533,-0.2616733161042788,0.31909606637196103,0.10737411810778355,-0.9377237401246094,-0.8037557770884876,1.13187611260739,-0.8789778348955136,1.3111798921275395,-0.7838883122564819,0.9449370495948503,0.8742855514454273,0.0,1.0,0.0,0.0,0.0,1.0,0.0,0.0,0.0,0.0,0.0,0.0,1.0,0.0,1.0,0.0,0.0,0.0,0.0,1.0,0.0,4463.99
-0.8931216963155162,0.7770783267420008,-0.016292749959620764,-0.044219894748062025,0.9523588341980244,0.90630622587138,1.1089973490642349,-1.0476096182751706,-0.26114062331246685,-0.27151131695637015,1.2113912285058583,-0.08519497621776032,1.7189862091306347,0.6564084104159094,1.3299678106823456,0.8059246112579838,1.2944536635034385,0.0,0.0,0.0,0.0,1.0,0.0,0.0,1.0,0.0,0.0,0.0,0.0,0.0,1.0,1.0,0.0,0.0,0.0,0.0,0.0,1.0,3715.17
1.5444560818714383,0.41714130194835386,0.5568048476943686,1.3151941056208738,1.5926709722680137,-1.0893938930294693,-0.24170836523907907,-0.8099216731191478,-1.1172913407651857,0.1646629648484318,-1.667390208057493,-0.08519497621776032,0.7292856209301973,0.0016369287042790409,-1.0187612148052405,-0.36177987077169527,-0.2013388322530981,0.0,0.0,1.0,0.0,0.0,0.0,0.0,0.0,0.0,1.0,0.0,0.0,1.0,0.0,0.0,0.0,1.0,0.0,0.0,1.0,0.0,2597.0
-1.5282722458225808,0.4000014436248472,0.3701710905636284,0.4261164888066941,0.8877152070815003,-0.3113084300056266,1.4437942174191212,0.6756279841059953,-0.8587669890627774,0.9792750206310964,-0.3431507472383514,1.13187611260739,-0.5078401143203495,1.9659513738391698,-0.5490154097077233,1.7512091919486763,1.5258260674847839,0.0,0.0,1.0,0.0,0.0,0.0,0.0,0.0,0.0,1.0,1.0,0.0,0.0,0.0,1.0,0.0,0.0,0.0,0.0,1.0,0.0,5826.6
0.9963261588322705,-1.1597256638142905,-1.4490367440945924,0.7790773822017181,0.12832270327054582,1.3101979166013136,0.7404136407836265,-1.4041415360092049,1.1416335110608755,-1.7160712584619655,0.059878653880517496,1.13187611260739,-0.26041496727024016,0.0016369287042790409,1.2125313594079663,-0.4173848461064419,-0.1129694102920506,0.0,1.0,0.0,0.0,0.0,0.0,0.0,1.0,0.0,0.0,0.0,1.0,0.0,0.0,1.0,0.0,0.0,0.0,1.0,0.0,0.0,4137.68
0.24314763319633445,0.2800224353602977,1.5748071593165853,-1.2439809772220072,1.498767598140853,-0.4063417690009052,0.7143056281137498,0.49736202523897816,-0.056499973161810726,-1.3270134452531042,-1.667390208057493,1.13187611260739,0.48186047388008796,1.3111798921275395,1.5648407132311042,1.19515943860121,1.0579254306918293,0.0,1.0,0.0,0.0,0.0,0.0,1.0,0.0,0.0,0.0,0.0,1.0,0.0,0.0,0.0,1.0,0.0,1.0,0.0,0.0,0.0,5528.08
-0.6060536526800401,-0.2855928893154336,0.3795970378934639,0.7085686458142961,-1.414958836732362,-0.7448980391715851,-0.9335707009908051,0.20025209379394956,1.166387234751151,-0.8880035340930527,1.0962399710433242,1.13187611260739,-0.26041496727024016,0.0016369287042790409,-0.07926960461020612,-0.7232122104475482,-0.7833172224492048,0.0,0.0,1.0,0.0,0.0,0.0,0.0,0.0,0.0,1.0,0.0,0.0,0.0,1.0,0.0,0.0,1.0,0.0,0.0,1.0,0.0,4007.18
0.04810140145794464,-0.5598306224915459,-0.7175832312993701,0.6729666014056569,-1.4421772060445825,-0.03808758039420081,-0.048969801117344246,0.7944719566840068,-0.9244899272277677,-0.3780377489660858,1.6719962583559942,1.13187611260739,-0.5078401143203495,1.9659513738391698,-1.7233799224515165,1.473184315274943,1.2145497624548418,0.0,1.0,0.0,0.0,0.0,0.0,0.0,1.0,0.0,0.0,0.0,0.0,0.0,1.0,1.0,0.0,0.0,0.0,0.0,1.0,0.0,5904.72
-1.3732354975177068,0.5028405935658885,-0.2085820754882617,-0.626647089995643,-0.6303893413076033,0.31828744083809346,-1.0426100480238185,1.3292698332850583,0.4495174877065783,-0.26546346712546964,1.4416937434309258,-0.08519497621776032,0.7292856209301973,1.3111798921275395,-0.43157895843334404,1.473184315274943,1.0268600909867216,1.0,0.0,0.0,0.0,0.0,0.0,0.0,0.0,1.0,0.0,1.0,0.0,0.0,0.0,1.0,0.0,0.0,1.0,0.0,0.0,0.0,5960.64
-0.3529936699630521,-0.8169284973441501,0.5756567423540389,-1.3340986521313751,-1.1516211136366274,1.0844937364875267,0.5538181384665678,1.4481138058630698,-1.1453843859781818,-0.9855513213226804,-0.6310288908946867,1.13187611260739,-0.13670239374518547,0.0016369287042790409,-1.6059434711771372,-1.1124470377907747,-1.2626852748240256,0.0,0.0,0.0,0.0,1.0,0.0,0.0,0.0,0.0,1.0,0.0,1.0,0.0,0.0,1.0,0.0,0.0,0.0,1.0,0.0,0.0,5628.29
-1.4072435584361953,-1.1597256638142905,0.4380379113384428,0.5098369213613847,-0.9216258929483637,-1.3685543263281004,0.42634960601952415,-0.21570181022909052,0.10230745160352969,1.4113605746092917,-1.034058292013556,1.13187611260739,-1.3738281289957324,0.6564084104159094,-0.19670605588458542,0.3332823209126375,0.4166093309388302,0.0,0.0,1.0,0.0,0.0,0.0,0.0,0.0,1.0,0.0,0.0,0.0,1.0,0.0,0.0,1.0,0.0,0.0,1.0,0.0,0.0,4629.49
-1.264209655161376,-1.3139843887258533,-0.2406302964097015,0.5831270674682315,0.1609847464452108,-0.23409384207196282,-1.2821894584062141,-0.33454578280710195,1.3363770983422452,-1.4859606826803267,-1.7249658367887601,1.13187611260739,0.7292856209301973,-0.6531345530073512,0.742785554310449,-1.6128918158034942,-1.68562784216432,1.0,0.0,0.0,0.0,0.0,0.0,0.0,0.0,0.0,1.0,1.0,0.0,0.0,0.0,0.0,0.0,1.0,0.0,0.0,0.0,1.0,5110.65
-0.9021238300880573,1.5826516679468297,1.1808025609294681,-1.0146537458554212,-0.041111645698027055,-0.5073146916833886,1.148927250794634,0.5567840115279838,-0.6360090671709974,1.6315096367137178,0.7507861986557217,1.13187611260739,-1.126402981945623,-0.6531345530073512,0.6253491030360697,-1.223656988460268,-1.3144717421615737,1.0,0.0,0.0,0.0,0.0,0.0,0.0,0.0,1.0,0.0,0.0,1.0,0.0,0.0,1.0,0.0,0.0,0.0,0.0,1.0,0.0,5536.99
1.109352949531953,1.5140922346528016,1.0450689193798393,1.5509185793421374,0.9373887310763032,0.3776832777101429,-1.482606849783795,0.6162059978169896,1.4448248155819858,-1.2270629388210519,-0.6886045196259537,-1.3022660650429105,-1.0026904084205683,-1.3079060347189815,1.3299678106823456,-0.22276743243482872,-0.3525944010050306,0.0,0.0,1.0,0.0,0.0,1.0,0.0,0.0,0.0,0.0,1.0,0.0,0.0,0.0,0.0,1.0,0.0,0.0,0.0,1.0,0.0,2472.24
-1.0671629492513104,1.4798125180057884,-0.14825601257731544,0.3076284347591918,0.6182533508905168,1.2923791655396981,-0.228654358904141,1.0321599018400296,-0.34253886789792715,1.4264001311645471,0.2326055400743187,-1.3022660650429105,0.7292856209301973,0.0016369287042790409,-0.7838883122564819,0.5557022222516239,0.2885256803186159,0.0,0.0,0.0,1.0,0.0,0.0,0.0,0.0,0.0,1.0,0.0,0.0,1.0,0.0,1.0,0.0,0.0,0.0,0.0,0.0,1.0,5297.31
1.3254041600729385,1.496952376329295,-0.39710102208496856,1.4371589218176577,-0.3758975882383405,-1.433889746887354,-1.1562566914103394,1.804645723597104,0.539426437236689,-1.168809720835218,1.614420629624727,-1.3022660650429105,1.224135915030416,0.6564084104159094,1.3299678106823456,1.7790116796160496,1.1345328140864335,0.0,0.0,1.0,0.0,0.0,0.0,0.0,0.0,1.0,0.0,0.0,1.0,0.0,0.0,1.0,0.0,0.0,0.0,1.0,0.0,0.0,3747.47
-0.7210809175513981,0.5885398851834233,0.0666555865429305,1.2044939987877616,0.049389432265106316,0.43707911458219173,1.7225356468063315,0.02198613492693239,0.8455849516443918,-1.686946006554166,-1.091633920744823,1.13187611260739,-1.126402981945623,0.0016369287042790409,1.6822771645054835,-0.11155748176533549,-0.12023077364698936,0.0,0.0,1.0,0.0,0.0,0.0,0.0,1.0,0.0,0.0,0.0,1.0,0.0,0.0,1.0,0.0,0.0,0.0,0.0,0.0,1.0,3386.8
0.1941360159902773,1.5655118096233231,1.12801725588239,0.876009510923677,-1.3598416388751153,0.8587895563737408,-0.7385284886923164,0.49736202523897816,-0.9425919825079345,-0.8478901336158441,0.29018116880558575,1.13187611260739,0.8529981944552519,1.9659513738391698,-0.43157895843334404,1.473184315274943,1.330226556502034,1.0,0.0,0.0,0.0,0.0,0.0,0.0,0.0,0.0,1.0,0.0,0.0,0.0,1.0,0.0,1.0,0.0,0.0,0.0,1.0,0.0,4203.51
1.5684617719315472,0.7427986100949876,0.14017797571564627,0.08122168359800222,-0.5956859204345222,-0.27567092788239733,1.1289622999294344,-1.1070316045641764,-0.33758784649694557,0.7419176103163012,1.3265424859683916,1.13187611260739,-1.0026904084205683,0.0016369287042790409,1.6822771645054835,-0.13935996943270879,0.1512435632663659,0.0,0.0,1.0,0.0,0.0,0.0,0.0,1.0,0.0,0.0,0.0,0.0,0.0,1.0,0.0,0.0,1.0,0.0,0.0,1.0,0.0,4561.92
0.6852524251366846,1.6169313845938444,-0.6233237580010166,-1.80095827353685,-1.6932666629498174,-1.5526814206314523,0.18753807836271316,-0.4533897553851134,-0.834496042179225,-1.6443353998231525,0.4053324262681199,1.13187611260739,0.11072275330492388,0.0016369287042790409,0.5079126517616904,-0.6676072351128016,-0.6264515332484364,0.0,1.0,0.0,0.0,0.0,0.0,1.0,0.0,0.0,0.0,0.0,0.0,0.0,1.0,0.0,0.0,1.0,0.0,0.0,0.0,1.0,2877.67
0.6102346436988424,-0.2855928893154336,-1.2774845026915893,0.759746584651715,-1.7021126329762892,1.351775002411748,-0.9727327199956197,-0.2751237965180962,1.4102835875413136,-1.2159350104844309,-1.034058292013556,-1.3022660650429105,-1.126402981945623,-1.3079060347189815,0.03816684666417319,-0.5007923091085619,-0.47382759788748696,0.0,0.0,1.0,0.0,0.0,1.0,0.0,0.0,0.0,0.0,0.0,0.0,1.0,0.0,0.0,0.0,1.0,0.0,0.0,1.0,0.0,3684.22
-0.5460394275297662,-1.108306088843769,0.7472089837570421,-0.7053609850553689,0.9285427610498318,-0.6320459491146916,0.9216339640215924,1.6263797647300868,0.3177916284949907,-1.5754714725665104,-0.22799948977581722,-1.3022660650429105,-0.13670239374518547,0.6564084104159094,-0.43157895843334404,1.6678017289465563,1.098492741271717,0.0,1.0,0.0,0.0,0.0,0.0,0.0,0.0,1.0,0.0,1.0,0.0,0.0,0.0,0.0,0.0,1.0,1.0,0.0,0.0,0.0,2882.65
-1.3532307558009489,1.4112530847117601,-0.021948318357521514,-1.650484007715961,0.9013243917376108,0.06882492597548737,-0.7208671860038706,0.6756279841059953,-0.6357326809074348,-0.920484009320873,-0.7461801483572208,-1.3022660650429105,-1.3738281289957324,0.0016369287042790409,-0.5490154097077233,1.0839494879317169,0.8872695342871134,0.0,0.0,0.0,0.0,1.0,0.0,0.0,0.0,0.0,1.0,1.0,0.0,0.0,0.0,0.0,0.0,1.0,1.0,0.0,0.0,0.0,5726.36
0.6752500542783055,-0.1827537393743907,0.5304121951708295,1.4414701068827662,-0.6058928089266048,0.3776832777101429,1.218804578822833,0.6756279841059953,-1.548802783872805,-1.6335791431733788,1.7295718870872612,1.13187611260739,-0.5078401143203495,0.0016369287042790409,-0.19670605588458542,-0.695409722780175,-0.815547887573342,1.0,0.0,0.0,0.0,0.0,0.0,0.0,0.0,0.0,1.0,1.0,0.0,0.0,0.0,0.0,1.0,0.0,0.0,0.0,0.0,1.0,3633.18
1.39141980773824,0.8284979017125224,-0.27267851733114196,-1.7198801802156132,1.225903445785841,1.1379499896723708,0.9185624331192535,-0.15627982394008477,-1.358428395858011,-1.2158303452946604,-0.8037557770884876,-0.08519497621776032,1.1004233415053613,1.3111798921275395,-1.1361976660796198,1.2229619262685834,1.3514055329539385,0.0,0.0,0.0,0.0,1.0,0.0,1.0,0.0,0.0,0.0,0.0,0.0,0.0,1.0,1.0,0.0,0.0,0.0,0.0,0.0,1.0,5507.04
-1.1341788340024495,-0.2855928893154336,-0.5026716321791241,0.20513348659838296,0.4522212980859713,-0.28161051156960215,1.293289203204539,1.4481138058630698,-0.38675804177010675,-0.5419839790631965,-0.6886045196259537,-1.3022660650429105,-0.13670239374518547,-0.6531345530073512,-0.31414250715896475,-0.00034753109584224537,-0.2945034941655203,1.0,0.0,0.0,0.0,0.0,0.0,0.0,0.0,1.0,0.0,0.0,1.0,0.0,0.0,1.0,0.0,0.0,0.0,1.0,0.0,0.0,3932.83
1.1023512899310877,-0.7655089223736302,0.732127468029306,0.07023511520627385,1.2544827335636728,-1.196306399399158,0.038568829599300365,-0.8693436594081535,1.5597233439472036,0.6147609399697479,-1.379512064401158,1.13187611260739,-0.7552652613704589,1.3111798921275395,-0.43157895843334404,1.0005420249295969,1.4399250100427163,0.0,0.0,0.0,1.0,0.0,1.0,0.0,0.0,0.0,0.0,0.0,0.0,0.0,1.0,0.0,0.0,1.0,0.0,0.0,0.0,1.0,2846.56
-1.0821665055388787,1.5826516679468297,1.8594707686776124,0.9732197806175785,-1.2924761748273692,-0.2875500952568069,1.8185209875044068,1.388691819574064,1.4441978973905614,1.3417003776593295,-1.4946633218636918,1.13187611260739,-1.126402981945623,0.6564084104159094,1.095094908133587,0.5835047099189973,0.227502207154555,0.0,0.0,1.0,0.0,0.0,1.0,0.0,0.0,0.0,0.0,0.0,0.0,0.0,1.0,0.0,0.0,1.0,0.0,0.0,1.0,0.0,4380.19
1.3023987070986671,0.8113580433890142,1.6690666326149388,0.2316959494188914,-1.2019750968642358,0.793454135814486,-0.025933319349806146,-0.33454578280710195,-1.4568371221471759,-1.2961935333034942,-0.11284823231328371,-0.08519497621776032,-0.5078401143203495,0.0016369287042790409,-0.5490154097077233,0.027454956571531065,0.11824768600994771,0.0,0.0,0.0,0.0,1.0,1.0,0.0,0.0,0.0,0.0,0.0,1.0,0.0,0.0,1.0,0.0,0.0,1.0,0.0,0.0,0.0,4248.57
-0.4870254394653303,1.2912740764472108,-0.449886327132046,-1.182511822422716,1.503530812770492,1.4765062598430507,-0.8383532430183145,-0.9881876319861649,0.0395424551170952,-1.3419759872278822,0.7507861986557217,1.13187611260739,-1.126402981945623,0.6564084104159094,0.39047620048731113,0.4166897839147574,0.7911760754078522,0.0,0.0,0.0,0.0,1.0,0.0,0.0,1.0,0.0,0.0,0.0,0.0,0.0,1.0,0.0,0.0,1.0,0.0,0.0,0.0,1.0,4936.31
0.7352642794285794,0.3485818686543258,-1.3415809445344695,1.030377750351761,-1.3720899050656146,-0.7389584554843798,-1.6238972712913617,-0.9287656456971591,-0.48377805849976097,-0.7866425073158889,1.4416937434309258,-1.3022660650429105,-1.6212532760458416,-1.9626775164306118,0.39047620048731113,-1.1680520131255212,-1.1435244402814404,0.0,0.0,1.0,0.0,0.0,0.0,0.0,0.0,1.0,0.0,0.0,0.0,0.0,1.0,0.0,0.0,1.0,0.0,0.0,1.0,0.0,3708.54
-0.9541361585516283,0.8627776183595356,0.36828590109766174,-1.2868146869011512,0.9496369972668028,0.9835208138050432,-0.12882960457814274,-0.15627982394008477,-1.689477858767528,0.051141776866333775,0.8083618273869887,-0.08519497621776032,-0.13670239374518547,0.0016369287042790409,-1.6059434711771372,-0.30617489543694865,-0.2870559420066087,0.0,0.0,0.0,0.0,1.0,0.0,1.0,0.0,0.0,0.0,0.0,0.0,1.0,0.0,0.0,1.0,0.0,0.0,0.0,0.0,1.0,5861.31
1.409424075283322,-0.09705444775685601,-0.3782491274252976,0.06077832216022897,-1.3768531196952531,-0.08560424989184011,-0.06816686925695928,-1.7012514674542336,-1.4490187661760636,-1.182711191882916,-0.4007263759696184,-1.3022660650429105,-0.5078401143203495,-1.9626775164306118,0.8602220055848283,-1.3070644514623877,-1.2488541065289043,0.0,0.0,0.0,0.0,1.0,0.0,0.0,1.0,0.0,0.0,0.0,0.0,1.0,0.0,0.0,0.0,1.0,0.0,0.0,0.0,1.0,3274.87
0.6272386741580868,-1.7082011301665152,-1.7487818691833563,0.9089692160988625,-0.9120994636890865,-0.6439251164891012,-1.4465163616813188,0.20025209379394956,-0.058630001032848704,0.8797591207082652,0.059878653880517496,1.13187611260739,-0.012989820220130795,-0.6531345530073512,0.742785554310449,-1.4460768897992544,-1.520079943340555,0.0,0.0,0.0,1.0,0.0,0.0,0.0,0.0,0.0,1.0,0.0,0.0,1.0,0.0,1.0,0.0,0.0,0.0,0.0,0.0,1.0,2454.6
0.47420240002488845,-0.988327080579221,0.7754868257465486,-0.838590510615823,-0.9481638030277789,-1.4754668326977884,0.8049157897327327,-1.1664535908531821,-1.5465750939887166,0.9412567899413193,-0.6886045196259537,-1.3022660650429105,0.11072275330492388,-1.9626775164306118,0.27303974921293184,-1.585089328136121,-1.6422125328421597,0.0,1.0,0.0,0.0,0.0,0.0,0.0,0.0,0.0,1.0,1.0,0.0,0.0,0.0,0.0,1.0,0.0,0.0,1.0,0.0,0.0,4776.0
1.535453948098897,1.1198754932121413,-0.016292749959620764,0.5895243098229089,-1.0917407011497424,0.6033874578239288,1.2564308323764786,-0.9881876319861649,-1.3153730045861067,1.5806789957838947,-1.3219364356698908,-0.08519497621776032,-0.012989820220130795,0.0016369287042790409,-1.1361976660796198,-0.22276743243482872,0.012870721635772117,0.0,0.0,1.0,0.0,0.0,0.0,0.0,1.0,0.0,0.0,1.0,0.0,0.0,0.0,0.0,0.0,1.0,0.0,0.0,0.0,1.0,4057.0
-0.8651150579120553,-0.9711872222557129,-0.8043019467338554,-1.0407989972180158,1.1190713462353759,1.18546665917001,1.0636922682547432,0.7944719566840068,0.41716452508296925,0.8330317962700753,0.11745428261178456,-1.3022660650429105,-1.3738281289957324,0.6564084104159094,-0.9013247635308613,1.8346166549507963,1.555233276250466,0.0,0.0,0.0,0.0,1.0,0.0,0.0,1.0,0.0,0.0,0.0,1.0,0.0,0.0,0.0,0.0,1.0,0.0,0.0,0.0,1.0,5823.12
0.5692249231794889,0.6056797435069314,1.1789173714635006,-1.4001571329677172,-0.9304718629748351,1.7022104399568376,0.9055084267843156,-0.33454578280710195,-0.8386455710821681,-1.6258559717636045,0.6932105699244546,-1.3022660650429105,1.1004233415053613,-1.3079060347189815,-0.7838883122564819,-1.1958545007928945,-1.2270154197471332,0.0,0.0,1.0,0.0,0.0,0.0,1.0,0.0,0.0,0.0,0.0,1.0,0.0,0.0,1.0,0.0,0.0,0.0,1.0,0.0,0.0,3432.67
-1.4422518564405218,0.48570073524238194,-0.561112505624103,-0.7462477079309154,1.1633011963677347,0.7696958010656669,-0.5588439309055194,-0.2751237965180962,-1.2654273231299973,-0.33337556880707536,1.499269372162193,-0.08519497621776032,-0.3841275407952948,0.0016369287042790409,0.6253491030360697,0.27767734557789087,0.3748047802897074,1.0,0.0,0.0,0.0,0.0,1.0,0.0,0.0,0.0,0.0,0.0,1.0,0.0,0.0,0.0,1.0,0.0,1.0,0.0,0.0,0.0,4788.83
0.9073050581926976,-0.988327080579221,-1.5338702700631104,0.7192770732340823,-0.0588035857509708,-1.7308689312475993,0.7957011970257176,-1.1070316045641764,1.1327264864740298,-1.4297446190931027,0.4053324262681199,-1.3022660650429105,-1.6212532760458416,-1.3079060347189815,-0.7838883122564819,-0.5841997721106817,-0.4009076304557125,0.0,1.0,0.0,0.0,0.0,0.0,0.0,1.0,0.0,0.0,1.0,0.0,0.0,0.0,0.0,0.0,1.0,0.0,0.0,0.0,1.0,4530.65
-1.2412042021871044,-0.7140893474031087,-0.37259355902739616,0.7244226812150181,-0.664412302947879,0.30640827346368393,1.7578582521832233,-0.3939677690961077,-1.2688179656255816,0.49205941043181284,0.29018116880558575,-0.08519497621776032,1.3478484885554707,1.3111798921275395,-1.2536341173539993,1.1395544632664634,1.368541493673558,0.0,1.0,0.0,0.0,0.0,0.0,1.0,0.0,0.0,0.0,0.0,0.0,1.0,0.0,1.0,0.0,0.0,0.0,0.0,0.0,1.0,5190.07
-1.2292013571570497,1.0341762015946065,-0.40275659048286927,0.3536607656156745,0.47127415660452576,0.27671035502765945,-1.5524841778119938,1.6263797647300868,-1.3875365173482948,1.1147329806479356,1.0962399710433242,-1.3022660650429105,-0.8789778348955136,-1.3079060347189815,-0.9013247635308613,-0.7788171857822949,-0.9880377901066129,0.0,0.0,1.0,0.0,0.0,0.0,0.0,1.0,0.0,0.0,0.0,1.0,0.0,0.0,0.0,0.0,1.0,0.0,0.0,0.0,1.0,4583.95
-0.8121024923626468,0.5714000268599166,1.6143961381018939,0.9314986348262045,0.7223636135097606,-1.3566751589536903,-0.07507781378722068,0.20025209379394956,1.0301099937358955,-0.023891968246240753,1.55684500089346,-0.08519497621776032,-1.3738281289957324,0.6564084104159094,-1.1361976660796198,0.917134561927477,0.8885674134196289,0.0,0.0,0.0,0.0,1.0,0.0,0.0,0.0,0.0,1.0,1.0,0.0,0.0,0.0,0.0,1.0,0.0,0.0,0.0,1.0,0.0,4829.12
1.6514814500560933,-1.6225018385489804,1.934878347316296,1.4245035075942738,-1.2945175525257857,-1.178487648337543,0.12533957759036027,-0.037435851362073336,-1.02248794740256,-0.32126205740309466,0.34775679753685285,-0.08519497621776032,1.224135915030416,0.6564084104159094,1.2125313594079663,0.8893320742601036,0.9478608579903938,0.0,0.0,0.0,0.0,1.0,0.0,0.0,0.0,0.0,1.0,0.0,0.0,1.0,0.0,0.0,0.0,1.0,0.0,1.0,0.0,0.0,3245.85
0.6292391483297621,0.46856087691887527,-0.7873352415401518,0.2679933462573866,-1.255050917023066,1.161708324421191,0.8555960496213166,-1.3447195497201994,-1.0186478659828946,-1.08213693520324,-0.8037557770884876,-1.3022660650429105,-0.5078401143203495,-0.6531345530073512,-0.31414250715896475,0.08305993190627768,0.5169725756028971,1.0,0.0,0.0,0.0,0.0,1.0,0.0,0.0,0.0,0.0,1.0,0.0,0.0,0.0,0.0,1.0,0.0,1.0,0.0,0.0,0.0,5139.04
0.4892059563124571,-0.8340683556676582,1.020561456322267,0.48146654222325014,-1.2829497455680918,-1.0834543093422646,1.1143725281433272,-0.8693436594081535,1.7501067235071084,-0.5425688827492982,-0.8037557770884876,-0.08519497621776032,-0.5078401143203495,-1.3079060347189815,0.03816684666417319,-1.501681865134001,-1.5476073417035285,0.0,0.0,0.0,0.0,1.0,0.0,0.0,1.0,0.0,0.0,0.0,0.0,0.0,1.0,0.0,0.0,1.0,1.0,0.0,0.0,0.0,2837.73
-0.2839773110402371,-0.37129218093296834,0.536067763568731,0.06745370548684906,1.591310053802403,-0.43010010374972485,1.1850177388971106,1.2104258607070468,0.17750498834905776,-0.958625565120802,0.5780593124619204,1.13187611260739,-0.012989820220130795,1.3111798921275395,-0.7838883122564819,0.7503196359232371,0.4191847898627493,0.0,1.0,0.0,0.0,0.0,1.0,0.0,0.0,0.0,0.0,0.0,1.0,0.0,0.0,0.0,0.0,1.0,0.0,0.0,0.0,1.0,5920.82
0.13212131666832796,-0.988327080579221,-1.5300998911311763,0.24824533724946973,-0.2295988531851549,-1.4576480816361737,-1.1961865931407387,-0.33454578280710195,0.6922252965645437,0.8954646667854594,-1.4946633218636918,-1.3022660650429105,-1.497540702520787,0.0016369287042790409,0.39047620048731113,1.3341718769380766,1.555233276250466,0.0,0.0,1.0,0.0,0.0,0.0,1.0,0.0,0.0,0.0,0.0,0.0,0.0,1.0,0.0,1.0,0.0,0.0,0.0,1.0,0.0,3253.12
-1.178189265779317,0.7599384684184942,-0.7590573995506453,0.17801474183399002,-0.5235572417571374,1.2508020797292647,0.34265038893080263,0.43794003894997247,0.7698567754058582,1.5116408527251552,-1.1492095494760897,-1.3022660650429105,1.59527363560558,-0.6531345530073512,0.742785554310449,-0.13935996943270879,-0.23732740475655348,0.0,0.0,1.0,0.0,0.0,0.0,0.0,0.0,0.0,1.0,0.0,0.0,1.0,0.0,0.0,1.0,0.0,0.0,0.0,0.0,1.0,5052.98
-1.0241527545602809,0.005784702184185355,-0.8665131991107683,0.3364160253552402,-1.113515396599519,0.8766083074353551,-1.2629923902665992,-0.4533897553851134,0.5949737129654186,1.23533900112716,-1.1492095494760897,1.13187611260739,0.6055730474051426,1.3111798921275395,0.03816684666417319,0.8059246112579838,1.0229152859448027,0.0,1.0,0.0,0.0,0.0,1.0,0.0,0.0,0.0,0.0,0.0,0.0,0.0,1.0,0.0,1.0,0.0,1.0,0.0,0.0,0.0,4697.97
-1.1201755148007189,-1.5368025469314441,1.1242468769504559,-0.5067683310884287,-0.5902422465720777,-1.5823793390674767,-0.10502524008502018,0.5567840115279838,-1.3306413398417112,0.07438033280106081,-0.22799948977581722,-0.08519497621776032,-0.8789778348955136,1.3111798921275395,-0.5490154097077233,1.8068141672834228,1.6306021394694146,1.0,0.0,0.0,0.0,0.0,0.0,1.0,0.0,0.0,0.0,0.0,1.0,0.0,0.0,0.0,0.0,1.0,0.0,0.0,0.0,1.0,3570.54
0.7032566926817667,0.8284979017125224,1.793489137368766,0.8406856074869805,-1.6653678344047915,-1.5526814206314523,-1.490285677039641,-0.2751237965180962,0.7588505708642777,0.8427546326020596,-0.2855751185070843,-1.3022660650429105,1.4715610620805255,0.0016369287042790409,-0.07926960461020612,0.5557022222516239,0.677887772495848,1.0,0.0,0.0,0.0,0.0,0.0,0.0,0.0,1.0,0.0,0.0,1.0,0.0,0.0,0.0,0.0,1.0,0.0,0.0,1.0,0.0,4026.44
1.6494809758844171,-0.21703345602140553,0.865975920112968,-0.31332128510242424,-0.7304168485300139,0.6746624620703883,0.09769579946931464,-0.8693436594081535,0.7678674306329398,0.9172815064228484,-1.4946633218636918,1.13187611260739,-0.5078401143203495,-0.6531345530073512,1.5648407132311042,-1.140249525458148,-1.1160748908957376,0.0,1.0,0.0,0.0,0.0,0.0,0.0,0.0,0.0,1.0,0.0,0.0,0.0,1.0,0.0,1.0,0.0,0.0,0.0,1.0,0.0,3010.73
-1.3852383425477617,-0.30273274763894026,-0.0954707075302373,0.2791189851350865,-0.669855976810323,0.8469103889993301,-1.5839673695609624,-1.7606734537432394,0.10307740452794797,0.8966210729421192,0.7507861986557217,-1.3022660650429105,1.1004233415053613,-0.6531345530073512,-1.0187612148052405,-0.4451873337738152,-0.04277623119430901,0.0,0.0,1.0,0.0,0.0,0.0,0.0,1.0,0.0,0.0,0.0,0.0,1.0,0.0,0.0,0.0,1.0,1.0,0.0,0.0,0.0,2655.33
1.3484096130472105,1.2912740764472108,-0.2707933278651746,-0.5740784462985118,0.5148235475040788,-1.4754668326977884,-1.2407237912246456,1.7452237373080983,1.578621635129806,1.4006714936728866,-0.8613314058197546,1.13187611260739,0.35814790035503324,2.6207228555507998,-0.43157895843334404,2.4462713836330092,1.7152859337383435,0.0,1.0,0.0,0.0,0.0,0.0,1.0,0.0,0.0,0.0,0.0,0.0,1.0,0.0,0.0,0.0,1.0,0.0,0.0,0.0,1.0,2482.57
0.06910638026054021,0.2971622936838043,-0.027603886755422934,1.111873055130911,0.7529842789860091,0.7162395478808228,-0.5043242573890129,0.20025209379394956,-1.106710505473082,1.3347459949692237,-0.5158776334321525,1.13187611260739,0.23443532682997856,1.9659513738391698,0.03816684666417319,1.723406704281303,1.7103412174907502,0.0,0.0,0.0,1.0,0.0,1.0,0.0,0.0,0.0,0.0,0.0,0.0,1.0,0.0,0.0,1.0,0.0,0.0,1.0,0.0,0.0,3507.3
-0.4390140593451112,0.6399594601539447,0.02329622882568784,-0.12362914223764399,1.155816144806874,1.2923791655396981,-1.3044580574481675,1.388691819574064,1.139063865799647,0.15110738087033057,0.5780593124619204,-0.08519497621776032,-1.0026904084205683,1.3111798921275395,-0.07926960461020612,1.9458266056202895,1.4218187533654663,0.0,0.0,1.0,0.0,0.0,1.0,0.0,0.0,0.0,0.0,1.0,0.0,0.0,0.0,1.0,0.0,0.0,1.0,0.0,0.0,0.0,2673.18
-0.10493487267525367,1.2912740764472108,-0.12751892845167778,-1.5324131651263726,0.5985200331391565,1.215164577606035,-0.4275359848305527,0.2596740800829553,1.2386289047900725,0.6551345615184407,1.499269372162193,-1.3022660650429105,0.48186047388008796,-1.3079060347189815,1.095094908133587,-0.612002259778055,-0.6786530393945401,0.0,0.0,0.0,1.0,0.0,0.0,0.0,0.0,0.0,1.0,0.0,1.0,0.0,0.0,0.0,1.0,0.0,1.0,0.0,0.0,0.0,3161.45
1.4994454130087327,0.7599384684184942,0.9281871724898809,0.4358514228246812,0.948956538033997,1.6487541867719935,-0.8552466629811757,-1.4635635222982106,0.8555170123738793,1.4198572845366497,0.8659374561182558,-1.3022660650429105,-0.5078401143203495,-1.3079060347189815,0.742785554310449,-0.4729898214411885,-0.1691494320381559,1.0,0.0,0.0,0.0,0.0,1.0,0.0,0.0,0.0,0.0,0.0,0.0,0.0,1.0,0.0,0.0,1.0,0.0,0.0,0.0,1.0,2445.53
-0.6920740420620992,1.4798125180057884,0.5266418162388955,-1.2786095282288474,0.09974341549271408,-1.1487897299015186,0.7665216534535025,-1.2258755771421879,-1.5633115410637344,-0.6856087076879407,-1.2643608069386238,1.13187611260739,1.4715610620805255,0.0016369287042790409,-0.7838883122564819,-1.2792619637950144,-1.2538836222725847,0.0,0.0,0.0,1.0,0.0,0.0,1.0,0.0,0.0,0.0,0.0,0.0,1.0,0.0,0.0,1.0,0.0,0.0,1.0,0.0,0.0,2645.02
1.6734866659445269,-1.2968445304023466,0.7490941732230095,1.3406440045536125,0.9829794996742728,0.8053333031888966,0.2850591845119575,-1.3447195497201994,0.35777855124920654,0.06257335299823669,1.55684500089346,1.13187611260739,-1.126402981945623,0.6564084104159094,0.15560329793855252,0.3610848085800108,0.8762977725483216,0.0,1.0,0.0,0.0,0.0,0.0,1.0,0.0,0.0,0.0,0.0,1.0,0.0,0.0,0.0,0.0,1.0,0.0,1.0,0.0,0.0,2167.09
-1.6062907385179368,0.17718328541925632,0.3532043853699248,-0.8860135463320181,0.8142256099385048,1.0369770669898872,0.04547977412956177,-0.15627982394008477,-1.3617287079080966,-1.5443977856997277,1.4416937434309258,1.13187611260739,1.1004233415053613,0.0016369287042790409,-0.9013247635308613,-1.223656988460268,-1.2701328269829373,0.0,1.0,0.0,0.0,0.0,0.0,0.0,1.0,0.0,0.0,0.0,0.0,1.0,0.0,1.0,0.0,0.0,1.0,0.0,0.0,0.0,3193.45
1.5264518143263561,0.005784702184185355,-0.8966762305662415,0.3172242982912078,-0.8631063989270895,-0.5310730264322082,-0.33846158866273895,0.3785180526609667,-0.9245459514703818,0.5609275785794517,1.2113912285058583,-0.08519497621776032,0.11072275330492388,0.6564084104159094,-0.19670605588458542,0.8059246112579838,0.7151717913783496,0.0,0.0,0.0,1.0,0.0,0.0,0.0,0.0,0.0,1.0,0.0,0.0,0.0,1.0,0.0,0.0,1.0,0.0,0.0,0.0,1.0,2972.83
0.3351694450934208,1.496952376329295,-0.7552870206187113,-1.5232345130522704,1.6627582732469819,-1.1487897299015186,-0.5242892082542123,0.8538939429730125,-1.2276162159611528,1.442994228723125,1.4416937434309258,-0.08519497621776032,0.23443532682997856,0.6564084104159094,-0.5490154097077233,0.6947146605884905,0.4641464085892788,0.0,0.0,1.0,0.0,0.0,0.0,0.0,0.0,0.0,1.0,0.0,0.0,0.0,1.0,1.0,0.0,0.0,0.0,0.0,1.0,0.0,5891.4
-1.0621617638221208,1.5140922346528016,-0.8043019467338554,-1.4607918648511808,-0.2432080378412654,0.7993937195016908,0.46704739047550814,-0.33454578280710195,-0.8247215409863732,0.6448756765646229,-1.7249658367887601,1.13187611260739,-1.2501155554706775,-0.6531345530073512,1.447404261956725,-1.0012370871212815,-1.0129962892857796,0.0,0.0,1.0,0.0,0.0,0.0,1.0,0.0,0.0,0.0,0.0,1.0,0.0,0.0,1.0,0.0,0.0,1.0,0.0,0.0,0.0,5598.02
-1.020151806216929,0.5199804518893952,0.5568048476943686,-0.9725153886061337,0.6379866686418771,-0.5667105285554375,-0.3023711005602625,-1.1664535908531821,-0.6743562087599142,-0.773134082045657,0.8083618273869887,1.13187611260739,-0.5078401143203495,-0.6531345530073512,-0.07926960461020612,-1.5294843528013742,-1.5725034446347474,1.0,0.0,0.0,0.0,0.0,0.0,0.0,0.0,1.0,0.0,0.0,0.0,1.0,0.0,0.0,0.0,1.0,0.0,1.0,0.0,0.0,2261.15
0.5942308503254363,-0.6969494890796021,-0.012522371027686035,-1.3130990087497167,-1.511584047790745,-1.4279501632001492,-1.336709131922721,-1.6418294811652279,1.7214887103910996,0.018184795126256252,0.4053324262681199,1.13187611260739,-1.0026904084205683,0.6564084104159094,-1.7233799224515165,-0.11155748176533549,0.3748047802897074,0.0,0.0,0.0,0.0,1.0,0.0,0.0,0.0,1.0,0.0,0.0,1.0,0.0,0.0,0.0,1.0,0.0,0.0,1.0,0.0,0.0,2990.97
0.9513154899695655,1.4798125180057884,-0.6666831157182593,0.6756089406391106,-1.683059774457735,0.5321124535774704,0.6797509054624424,-1.1664535908531821,1.486740078933829,1.2522258898000675,0.9235130848495229,-0.08519497621776032,-0.5078401143203495,0.0016369287042790409,-0.19670605588458542,0.11086241957365099,0.483914657483918,0.0,0.0,0.0,1.0,0.0,1.0,0.0,0.0,0.0,0.0,0.0,0.0,1.0,0.0,0.0,0.0,1.0,0.0,0.0,0.0,1.0,3621.67
0.723261434398525,1.2912740764472108,1.6238220854317287,-0.3423870166704148,1.3708412623734165,0.9478833116818135,-1.3935324536159812,-1.3447195497201994,0.8088243336074261,0.8370718386680532,1.3265424859683916,1.13187611260739,1.224135915030416,0.0016369287042790409,-0.5490154097077233,-1.1680520131255212,-1.099990810651514,0.0,0.0,0.0,1.0,0.0,0.0,1.0,0.0,0.0,0.0,0.0,0.0,1.0,0.0,1.0,0.0,0.0,0.0,0.0,1.0,0.0,2736.54
-0.711078546693019,0.845637760036029,-1.3981366285134817,-0.9661181462514563,-0.03022429797313905,0.44301869826939655,-1.2837252238573833,-1.5229855085872164,1.6560804763049906,-0.4616654052276363,0.6356349411931875,-1.3022660650429105,1.59527363560558,-1.9626775164306118,1.6822771645054835,-1.585089328136121,-1.6355382584393225,0.0,0.0,0.0,0.0,1.0,0.0,0.0,0.0,1.0,0.0,0.0,0.0,1.0,0.0,0.0,0.0,1.0,1.0,0.0,0.0,0.0,3992.54
1.3084001296136947,-0.4398516142269964,-1.76574857437706,-1.438957798553695,1.3987400909184424,-0.6320459491146916,-0.033612146605651996,0.7350499703950011,-1.2205804010776142,1.023642882955018,1.1538155997745911,-1.3022660650429105,0.48186047388008796,0.6564084104159094,-0.7838883122564819,1.4453818276075698,1.2105790921308834,1.0,0.0,0.0,0.0,0.0,1.0,0.0,0.0,0.0,0.0,0.0,0.0,0.0,1.0,1.0,0.0,0.0,1.0,0.0,0.0,0.0,2969.17
0.4682009775098612,0.21146300206626958,-0.89102066216834,0.49120147624123767,0.08477331237099282,0.47865620039262624,-0.19947481533192593,-1.4041415360092049,-1.6877061093862933,0.10735885826739665,1.499269372162193,1.13187611260739,0.23443532682997856,0.0016369287042790409,-1.6059434711771372,-1.1958545007928945,-1.129560279983481,0.0,0.0,0.0,1.0,0.0,0.0,0.0,0.0,0.0,1.0,1.0,0.0,0.0,0.0,0.0,0.0,1.0,0.0,0.0,1.0,0.0,4724.77
