Year,State,Crop,Season,Area,Annual_Rainfall,Fertilizer,Pesticide,Yield
2009,Madhya Pradesh,Sweet potato,Whole Year,3497.0,904.1,544902.54,594.49,6.02
2001,Nagaland,Jute,Kharif,300.0,1532.0,30639.0,78.0,0.986667
2004,Jharkhand,Sugarcane,Whole Year,542.97,1149.2,58825.37,114.02,25.71
2014,Bihar,Lentil,Rabi,23511.35,1246.4,3900.04,63.11,0.975
2011,Jammu and Kashmir,Potato,Kharif,1015.0,887.6,170032.8,334.95,7.66125
2015,Odisha,Potato,Winter,5626.0,1210.1,888401.66,1856.58,9.88963
2004,Uttar Pradesh,Arhar/Tur,Kharif,346484.41,782.6,26009.18,2270.73,0.814756
2018,Jammu and Kashmir,Peas & beans (Pulses),Kharif,330.0,1016.3,53526.0,115.5,3.848333
2006,Assam,Peas & beans (Pulses),Rabi,19143.0,1774.9,2444752.53,4211.46,0.616667
2018,Andhra Pradesh,Castor seed,Kharif,34682.0,1220.5,5625420.4,12138.7,0.374286
2017,Puducherry,Turmeric,Kharif,8.0,1582.4,1259.52,3.04,3.0
2020,Madhya Pradesh,Arhar/Tur,Kharif,265674.08,919.0,60528.25,3682.69,1.275044
2013,Karnataka,Mango,Whole Year,64293.81,1446.2,14660.25,82.79,7.087374
2013,Puducherry,Dry chillies,Kharif,1.0,1083.2,144.49,0.27,4.0
2009,Odisha,Moong(Green Gram),Autumn,21731.0,1330.3,3386124.42,3694.27,0.338
2008,Uttarakhand,Other Cereals,Kharif,70562.0,1363.7,10093188.48,6350.58,1.101818
2020,Rajasthan,Barley,Rabi,54029.9,316.5,10600.39,295.63,2.650873
2000,Tripura,Rice,Kharif,243070.0,2437.5,23862181.9,63198.2,2.185
2006,Jammu and Kashmir,Groundnut,Kharif,39.0,1786.5,4980.69,8.58,0.5
2004,Tamil Nadu,Tapioca,Whole Year,110589.0,1034.0,11981212.26,23223.69,41.5525
2012,Chhattisgarh,Gram,Rabi,267890.0,1366.8,40397812.0,83045.9,1.114615
2011,Meghalaya,Linseed,Rabi,85.0,4083.1,14239.2,28.05,0.48
2020,Bihar,Gram,Rabi,410709.15,1739.3,99606.41,1557.75,1.130449
2009,Sikkim,Small millets,Kharif,4250.0,2176.6,662235.0,722.5,0.99
2012,Himachal Pradesh,Linseed,Rabi,932.0,1035.0,140545.6,288.92,0.365
2014,Tamil Nadu,Ginger,Whole Year,311.0,911.3,46948.56,102.63,4.132222
2016,Kerala,Groundnut,Whole Year,358.0,2924.3,54863.5,125.3,1.41
2014,Jharkhand,Maize,Autumn,106524.0,1156.6,16080863.04,35152.92,1.71625
2018,Uttar Pradesh,Small millets,Kharif,6078.0,792.8,985851.6,2127.3,0.75
2015,Sikkim,Small millets,Kharif,2853.0,2949.1,450517.23,941.49,1.0175
2008,Jammu and Kashmir,Urad,Rabi,11.0,1390.1,1573.44,0.99,0.44
2010,Maharashtra,Sugarcane,Whole Year,964500.0,1389.0,160213095.0,231480.0,73.839615
2009,Bihar,Rapeseed &Mustard,Rabi,89672.0,889.3,13972691.04,15244.24,1.084211
2001,Jammu and Kashmir,Jowar,Kharif,7.0,953.8,714.91,1.82,0.55
2005,Uttarakhand,Gram,Rabi,904.0,1353.3,108407.68,189.84,0.628
2014,Kerala,Arhar/Tur,Whole Year,1476.0,3046.4,222816.96,487.08,1.156667
2015,Telangana,Arhar/Tur,Kharif,247514.0,747.9,39084935.74,81679.62,0.496667
2010,Jammu and Kashmir,Linseed,Rabi,170.0,1352.0,28238.7,40.8,0.98
2001,Karnataka,Horse-gram,Kharif,155207.0,1002.9,15851290.91,40353.82,0.5225
2012,Himachal Pradesh,Groundnut,Kharif,22.0,1035.0,3317.6,6.82,0.8875
2011,Chhattisgarh,Bajra,Kharif,62.0,1302.7,10386.24,20.46,0.618
2016,Assam,Small millets,Kharif,4749.0,2296.8,727784.25,1662.15,0.6252
2004,Uttar Pradesh,Urad,Kharif,43688.57,1000.0,6035.82,155.84,0.493954
2008,Bihar,Safflower,Rabi,215.0,1197.7,30753.6,19.35,0.815
2003,Meghalaya,Arhar/Tur,Kharif,812.0,3321.3,80371.76,194.88,0.806667
2002,Bihar,Jowar,Kharif,4402.0,1105.8,416737.34,1100.5,1.021
2010,Andhra Pradesh,Linseed,Rabi,1129.0,1297.0,187538.19,270.96,0.15
2000,Nagaland,Arhar/Tur,Kharif,4000.0,1631.8,392680.0,1040.0,1.13125
2017,Manipur,Other  Rabi pulses,Rabi,6343.0,1780.0,998641.92,2410.34,0.931111
2012,Himachal Pradesh,Barley,Rabi,20802.0,1035.0,3136941.6,6448.62,1.756364
2014,Gujarat,Wheat,Rabi,1171449.0,605.6,176841941.0,386578.17,2.817812
2017,Andhra Pradesh,Cotton(lint),Kharif,643942.0,868.2,101382228.5,244697.96,2.660769
2006,Karnataka,Linseed,Rabi,12283.0,1146.3,1568661.93,2702.26,0.325385
2006,Chhattisgarh,Moong(Green Gram),Kharif,9516.0,1317.2,1215288.36,2093.52,0.241111
2006,Chhattisgarh,Dry chillies,Whole Year,6246.0,1317.2,797676.66,1374.12,0.319444
2017,Nagaland,Niger seed,Kharif,32840.0,1722.1,5170329.6,12479.2,1.088182
2010,Chhattisgarh,Gram,Rabi,250496.0,1283.1,41609890.56,60119.04,0.959412
2017,Karnataka,Cashewnut,Whole Year,65472.0,1111.7,10307911.68,24879.36,0.909
2007,Karnataka,Bajra,Kharif,429832.0,1323.3,57339588.8,68773.12,0.8875
2016,Goa,Coconut,Whole Year,25913.0,3266.9,3971167.25,9069.55,5087.315
2019,Chhattisgarh,Sannhamp,Kharif,471.0,1420.3,80898.96,174.27,0.405714
2013,Odisha,Potato,Winter,6151.0,1632.4,888757.99,1660.77,11.842963
2005,Haryana,Arhar/Tur,Kharif,30067.0,516.9,3605634.64,6314.07,0.7355
2010,Arunachal Pradesh,Sugarcane,Whole Year,1508.0,2574.1,250493.88,361.92,20.631111
2019,Chhattisgarh,Sesamum,Kharif,14952.0,1420.3,2568155.52,5532.24,0.412857
2013,Telangana,Dry chillies,Kharif,54378.0,1348.7,7857077.22,14682.06,2.717778
2019,Haryana,Castor seed,Kharif,6685.0,351.8,1148215.6,2473.45,0.765
2013,Himachal Pradesh,Linseed,Rabi,1087.0,1216.9,157060.63,293.49,0.2275
2004,Tripura,Masoor,Rabi,422.0,2706.3,45719.48,88.62,0.5225
2012,Delhi,Rice,Kharif,6068.0,451.9,915054.4,1881.08,3.26
2003,Punjab,Sunflower,Rabi,20000.0,451.7,1979600.0,4800.0,1.78875
2006,Madhya Pradesh,Rice,Kharif,1674013.0,1072.3,213788200.2,368282.86,0.856667
2006,Punjab,Groundnut,Kharif,4400.0,569.6,561924.0,968.0,0.837143
2002,Arunachal Pradesh,Oilseeds total,Whole Year,28494.0,2832.8,2697526.98,7123.5,1.007333
2008,Punjab,Moong(Green Gram),Kharif,8900.0,691.3,1273056.0,801.0,0.900769
2002,Himachal Pradesh,Coriander,Whole Year,263.0,890.8,24898.21,65.75,0.27625
2002,Puducherry,Rice,Kharif,24142.0,1434.6,2285523.14,6035.5,2.56
2018,Manipur,Soyabean,Kharif,4904.0,1196.9,795428.8,1716.4,0.903333
2013,Assam,Moong(Green Gram),Rabi,12184.0,1797.7,1760466.16,3289.68,0.621852
2016,West Bengal,Coconut,Whole Year,29625.0,1795.8,4540031.25,10368.75,12686.74
2005,Bihar,Horse-gram,Kharif,11744.0,907.8,1408340.48,2466.24,0.8425
2016,Tripura,Sesamum,Kharif,5590.0,2475.3,856667.5,1956.5,0.59125
2019,Rajasthan,Cotton(lint),Kharif,916642.81,402.4,165642.2,3755.13,0.57138
2011,Jammu and Kashmir,Wheat,Rabi,291994.0,887.6,48914834.88,96358.02,1.423571
2005,Manipur,Rapeseed &Mustard,Rabi,250.0,1585.4,29980.0,52.5,0.595
2003,Puducherry,Other  Rabi pulses,Rabi,141.0,1434.6,13956.18,33.84,0.99
2010,Jharkhand,Potato,Rabi,18078.0,694.6,3002936.58,4338.72,5.753333
2004,Bihar,Maize,Kharif,270973.0,1147.8,29357214.82,56904.33,1.597838
2016,Uttar Pradesh,Lentil,Rabi,35591.54,995.9,6223.32,380.02,1.03473
2015,Puducherry,Sugarcane,Kharif,1821.0,1980.6,287554.11,600.93,117.5
2018,Tamil Nadu,Black pepper,Whole Year,5571.0,986.2,903616.2,1949.85,0.16
2004,Maharashtra,Gram,Rabi,829900.0,1052.0,89911366.0,174279.0,0.53871
2001,Chhattisgarh,Other  Rabi pulses,Rabi,1024.0,1550.0,104581.12,266.24,0.326154
2011,Goa,Groundnut,Kharif,357.0,3340.4,59804.64,117.81,2.86
2006,West Bengal,Peas & beans (Pulses),Rabi,12495.0,1631.4,1595736.45,2748.9,0.679412
2014,Assam,Peas & beans (Pulses),Rabi,29952.0,1899.0,4521553.92,9884.16,0.918889
2020,Madhya Pradesh,Soyabean,Kharif,1181406.46,1256.8,212172.94,3420.47,1.57287
2004,Jammu and Kashmir,Jowar,Kharif,5977.0,1032.1,647548.18,1255.17,0.6
2012,Tripura,Other Kharif pulses,Kharif,1928.0,1882.2,290742.4,597.68,0.65625
2018,Assam,Castor seed,Kharif,724.0,2372.9,117432.8,253.4,0.62
2013,West Bengal,Rice,Autumn,210036.0,1939.9,30348101.64,56709.72,2.252778
2001,Puducherry,Banana,Whole Year,225.0,1434.6,22979.25,58.5,25.375
2007,Bihar,Garlic,Whole Year,2502.0,1600.2,333766.8,400.32,1.448
2019,Kerala,Rice,Autumn,55895.0,3119.2,9600525.2,20681.15,1.949231
2013,Meghalaya,Arecanut,Whole Year,16678.0,2448.4,2409804.22,4503.06,1.331818
2003,Uttarakhand,Groundnut,Kharif,1273.0,1734.3,126001.54,305.52,0.955
2013,Odisha,Moong(Green Gram),Autumn,24135.0,1632.4,3487266.15,6516.45,0.2575
2017,Nagaland,Masoor,Rabi,2140.0,1722.1,336921.6,813.2,0.823333
2010,Delhi,Bajra,Kharif,1531.0,989.5,254314.41,367.44,1.88
2018,Jharkhand,Potato,Rabi,121148.9,1493.4,11227.84,774.53,24.452707
2019,Bihar,Jute,Kharif,48390.0,1194.7,8311466.4,17904.3,13.32
2008,Maharashtra,Jowar,Kharif,847300.0,1052.8,121197792.0,76257.0,1.185385
2006,Gujarat,Rapeseed &Mustard,Rabi,347800.0,1056.2,44417538.0,76516.0,1.238636
2018,Karnataka,Cotton(lint),Kharif,713879.0,1419.1,115791173.8,249857.65,1.862692
2010,Chhattisgarh,Sugarcane,Whole Year,7540.0,1283.1,1252469.4,1809.6,2.692778
2000,Uttarakhand,Small millets,Kharif,73164.0,1413.4,7182509.88,19022.64,1.115455
2008,Tripura,Cotton(lint),Kharif,969.0,1827.8,138605.76,87.21,1.435
2004,Assam,Peas & beans (Pulses),Rabi,22238.0,2536.9,2409264.92,4669.98,0.596522
2014,Karnataka,Soyabean,Kharif,255538.0,1238.5,38576016.48,84327.54,0.808571
2012,Bihar,Jowar,Kharif,2631.0,924.1,396754.8,815.61,1.084286
2018,Bihar,Sunflower,Rabi,7308.0,1521.4,1185357.6,2557.8,1.3865
2017,Uttar Pradesh,Gram,Rabi,500762.0,652.1,78839969.28,190289.56,1.201449
2004,Andhra Pradesh,Safflower,Rabi,19007.0,781.8,2059218.38,3991.47,0.353636
2005,Bihar,Rice,Autumn,533233.0,907.8,63945301.36,111978.93,0.962667
2008,Andhra Pradesh,Ginger,Whole Year,2194.0,944.6,313829.76,197.46,4.525556
2010,Rajasthan,Sesamum,Kharif,31677.97,313.0,5206.17,117.57,0.620907
2009,Kerala,Cotton(lint),Kharif,1018.0,2821.5,158624.76,173.06,1.3
2012,Bihar,Sunflower,Rabi,15764.0,924.1,2377211.2,4886.84,1.449565
2014,Maharashtra,Soyabean,Kharif,3640200.0,1001.6,549524592.0,1201266.0,0.758571
2019,Meghalaya,Masoor,Rabi,1260.0,3844.4,216417.6,466.2,1.322857
2008,Tamil Nadu,Black pepper,Whole Year,3122.0,1201.9,446570.88,280.98,0.155
2019,Tripura,other oilseeds,Rabi,93.0,2252.8,15973.68,34.41,0.756667
2000,Puducherry,Groundnut,Kharif,1175.0,1434.6,115349.75,305.5,1.62
2009,Himachal Pradesh,Soyabean,Kharif,550.0,969.9,85701.0,93.5,0.774286
2000,Chhattisgarh,Horse-gram,Kharif,61595.0,896.4,6046781.15,16014.7,0.276875
2008,Andhra Pradesh,Sesamum,Kharif,46041.0,944.6,6585704.64,4143.69,0.2495
2010,Maharashtra,Mango,Whole Year,241844.75,2331.0,43186.85,1756.94,6.724677
2013,Kerala,Sugarcane,Whole Year,2210.29,3255.4,319364.8,596.78,59.561818
2019,Haryana,Garlic,Whole Year,3096.0,351.8,531768.96,1145.52,11.068
2016,West Bengal,Ragi,Autumn,9915.0,1795.8,1519473.75,3470.25,0.815
2018,Punjab,Bajra,Kharif,1100.0,585.5,178420.0,385.0,0.8
2012,Nagaland,Rice,Kharif,179780.0,1296.6,27110824.0,55731.8,2.15
2015,Maharashtra,Bajra,Kharif,800600.0,875.7,126422746.0,264198.0,0.296
2001,Odisha,Bajra,Kharif,4010.0,1672.5,409541.3,1042.6,0.555
2009,Himachal Pradesh,Sesamum,Kharif,2773.0,969.9,432088.86,471.41,0.084444
2008,Jharkhand,Potato,Rabi,16032.93,1295.2,2293350.31,1442.96,5.73375
2003,Karnataka,Maize,Kharif,545546.0,867.6,53998143.08,130931.04,2.3356
2012,Chhattisgarh,Other  Rabi pulses,Rabi,2467.0,1366.8,372023.6,764.77,0.1988
2014,Haryana,Onion,Whole Year,28688.0,301.3,4330740.48,9467.04,22.560476
2018,Jammu and Kashmir,Linseed,Rabi,151.0,1016.3,24492.2,52.85,1.12
2018,Karnataka,Coconut,Whole Year,610234.0,1419.1,98979954.8,213581.9,7502.488
2016,Meghalaya,Arhar/Tur,Kharif,1173.0,3837.1,179762.25,410.55,1.118
2013,Gujarat,Maize,Kharif,333135.0,1006.5,48134676.15,89946.45,1.345
2015,Bihar,Groundnut,Kharif,492.0,874.0,77691.72,162.36,1.0075
2014,Uttar Pradesh,Rice,Kharif,5842029.0,616.4,881912697.8,1927869.57,2.240533
2006,Himachal Pradesh,Linseed,Rabi,1472.0,1207.0,187989.12,323.84,0.223333
2004,Maharashtra,Castor seed,Kharif,12300.0,1052.0,1332582.0,2583.0,0.253182
2010,Madhya Pradesh,Potato,Whole Year,76482.0,856.3,12704425.02,18355.68,9.318163
2007,Nagaland,Linseed,Rabi,9600.0,1769.0,1280640.0,1536.0,0.7475
2002,West Bengal,Jute,Kharif,636066.0,1629.1,60216368.22,159016.5,14.352353
2019,Madhya Pradesh,Garlic,Whole Year,183713.76,1446.7,31554675.42,67974.09,10.3632
2003,Uttar Pradesh,Rice,Kharif,5719933.0,1075.6,566158968.3,1372783.92,2.066286
2000,Maharashtra,Sesamum,Kharif,131600.0,1057.8,12919172.0,34216.0,0.229688
2004,Gujarat,Potato,Whole Year,39300.0,719.8,4257762.0,8253.0,26.096667
2006,Jharkhand,Gram,Rabi,14224.57,1465.1,1816619.84,3129.41,0.758636
2004,Uttarakhand,Other Cereals,Kharif,75993.0,1219.6,8233081.62,15958.53,1.117273
2009,Jammu and Kashmir,Sugarcane,Kharif,1.0,751.7,155.82,0.17,1.5
2003,Maharashtra,Turmeric,Kharif,30301.93,1457.7,4397.65,253.17,4.845191
2001,Meghalaya,Tobacco,Whole Year,728.0,4241.0,74350.64,189.28,0.562
2019,Himachal Pradesh,Garlic,Rabi,3943.0,1217.7,677249.68,1458.91,0.672
2020,Uttarakhand,Other Cereals,Kharif,623.0,1313.9,120619.03,230.51,0.558571
2007,Maharashtra,Turmeric,Kharif,45893.25,1724.7,9866.14,113.58,5.133625
2017,Madhya Pradesh,Mustard,Rabi,902726.22,1259.9,218985.82,2299.7,1.543854
2013,Uttarakhand,Moth,Kharif,27.0,1735.4,3901.23,7.29,0.26
2008,Gujarat,Rapeseed &Mustard,Rabi,293900.0,746.1,42039456.0,26451.0,1.115
2017,Madhya Pradesh,Masoor,Rabi,596010.0,800.0,93835814.4,226483.8,1.008889
2018,Maharashtra,Other Kharif pulses,Kharif,87264.0,1387.4,14154220.8,30542.4,0.395357
2003,Chhattisgarh,Garlic,Whole Year,910.0,1643.7,90071.8,218.4,3.008571
2019,Jammu and Kashmir,Garlic,Rabi,662.0,1324.1,113705.12,244.94,0.805556
2015,Meghalaya,Castor seed,Rabi,72.0,3870.8,11369.52,23.76,1.004
2010,West Bengal,Niger seed,Kharif,3714.0,1096.0,616932.54,891.36,0.555
2005,Punjab,Barley,Rabi,19000.0,566.7,2278480.0,3990.0,3.23125
2017,Tamil Nadu,Rice,Autumn,235255.0,970.9,37038547.2,89396.9,3.967857
2004,Tamil Nadu,Urad,Kharif,226364.0,1034.0,24524275.76,47536.44,0.4075
2007,Meghalaya,Maize,Kharif,17048.0,4702.0,2274203.2,2727.68,1.504286
2003,Assam,Tapioca,Whole Year,2873.0,2213.7,284369.54,689.52,4.383636
2009,Tripura,Rice,Kharif,245538.0,2004.2,38259731.16,41741.46,2.5225
2002,Manipur,Other Kharif pulses,Kharif,1280.0,1743.7,121177.6,320.0,0.5175
2012,Maharashtra,Linseed,Rabi,27200.0,1003.4,4101760.0,8432.0,0.243636
2003,Jharkhand,Gram,Rabi,15155.21,1258.3,1500062.69,3637.25,0.9075
2000,Manipur,Onion,Whole Year,350.0,1969.7,34359.5,91.0,2.1
2007,Maharashtra,Other  Rabi pulses,Rabi,142200.0,1257.2,18969480.0,22752.0,0.580357
2015,Uttarakhand,Moong(Green Gram),Kharif,3.0,1247.6,473.73,0.99,0.75
2002,Bihar,Potato,Whole Year,147819.0,1105.8,13994024.73,36954.75,10.271351
2005,Uttar Pradesh,Arhar/Tur,Kharif,385652.2,1012.5,33019.43,1633.99,0.9224
2000,Andhra Pradesh,Niger seed,Kharif,18452.0,935.6,1811432.84,4797.52,0.36
2004,Andhra Pradesh,Dry chillies,Kharif,186120.0,781.8,20164240.8,39085.2,2.911364
2006,Himachal Pradesh,Rice,Kharif,79206.0,1207.0,10115398.26,17425.32,1.750909
2000,Delhi,Maize,Kharif,55.0,544.3,5399.35,14.3,1.64
2010,Nagaland,Moong(Green Gram),Kharif,200.0,1771.8,33222.0,48.0,0.98625
2007,West Bengal,Bajra,Kharif,64.0,2007.5,8537.6,10.24,0.36
2006,Odisha,Sesamum,Autumn,3320.0,1716.9,423997.2,730.4,0.184706
2008,Nagaland,Arhar/Tur,Kharif,3160.0,1540.9,452006.4,284.4,0.951818
2002,Meghalaya,Cotton(lint),Kharif,7310.0,4355.3,692037.7,1827.5,1.046667
2005,Karnataka,Coriander,Whole Year,9163.0,1316.2,1098826.96,1924.23,0.125714
2005,Karnataka,Arecanut,Whole Year,161151.0,1316.2,19325227.92,33841.71,6.212381
2000,Odisha,Rapeseed &Mustard,Rabi,12395.0,1066.0,1216817.15,3222.7,0.132759
2012,Chhattisgarh,Peas & beans (Pulses),Rabi,13666.0,1366.8,2060832.8,4236.46,0.3496
2004,Karnataka,Safflower,Rabi,94450.0,1117.7,10232713.0,19834.5,0.488125
2010,Karnataka,Mesta,Whole Year,1907.0,1317.7,316771.77,457.68,1.21
2011,West Bengal,Bajra,Kharif,59.0,1686.5,9883.68,19.47,0.37
2018,Tripura,Mesta,Kharif,493.0,2169.1,79964.6,172.55,8.14625
2010,Madhya Pradesh,Wheat,Rabi,4633125.0,856.3,769608393.7,1111950.0,1.8744
2008,Chhattisgarh,Dry chillies,Whole Year,6013.0,1117.9,860099.52,541.17,0.508333
2003,Madhya Pradesh,Rapeseed &Mustard,Rabi,535540.0,1163.0,53007749.2,128529.6,0.743404
2013,Maharashtra,Linseed,Rabi,12100.0,1409.8,1748329.0,3267.0,0.34375
2005,Madhya Pradesh,Small millets,Kharif,33926.0,1032.7,4068405.92,7124.46,0.513611
2011,Rajasthan,Cotton(lint),Kharif,2579251.59,532.8,333386.44,17181.29,0.529636
2010,Nagaland,Rapeseed &Mustard,Rabi,27050.0,1771.8,4493275.5,6492.0,1.0
2015,Gujarat,Wheat,Rabi,857696.0,584.3,135438775.4,283039.68,2.675938
2011,Gujarat,Moong(Green Gram),Kharif,200000.0,890.5,33504000.0,66000.0,0.468261
2014,Uttar Pradesh,Gram,Rabi,558142.0,616.4,84257116.32,184186.86,0.490746
2006,Uttarakhand,Sugarcane,Whole Year,118869.0,1178.9,15180759.99,26151.18,61.44
2016,Haryana,Moth,Kharif,600.0,554.7,91950.0,210.0,0.21
2001,Goa,Cashewnut,Whole Year,54060.0,2530.6,5521147.8,14055.6,0.43
2002,Mizoram,Moong(Green Gram),Kharif,13.0,2627.0,1230.71,3.25,0.69
2018,Meghalaya,Cotton(lint),Kharif,7260.0,5649.1,1177572.0,2541.0,1.174
2016,Mizoram,Soyabean,Kharif,1019.0,2626.8,156161.75,356.65,1.4825
2009,Chhattisgarh,Tobacco,Whole Year,22.0,956.9,3428.04,3.74,0.39
2014,Himachal Pradesh,Rapeseed &Mustard,Rabi,8626.0,1019.9,1302180.96,2846.58,0.491818
2018,Nagaland,Sesamum,Kharif,3700.0,1372.7,600140.0,1295.0,0.611818
2003,Goa,Sugarcane,Whole Year,1210.0,3011.6,119765.8,290.4,47.61
2003,Karnataka,Cardamom,Whole Year,19480.0,867.6,1928130.4,4675.2,0.061429
2014,Chhattisgarh,Sunflower,Kharif,2883.0,1274.7,435217.68,951.39,0.370526
2008,Bihar,Turmeric,Whole Year,2610.0,1197.7,373334.4,234.9,1.153
2011,Manipur,Potato,Whole Year,14400.0,1533.6,2412288.0,4752.0,8.478889
2008,Maharashtra,Maize,Kharif,550100.0,1052.8,78686304.0,49509.0,1.992222
2007,Tripura,Sugarcane,Whole Year,959.0,2831.8,127930.6,153.44,49.0375
2018,Tamil Nadu,Ginger,Whole Year,377.0,986.2,61149.4,131.95,19.864286
2008,Gujarat,Wheat,Rabi,1091400.0,746.1,156113856.0,98226.0,2.349615
2008,Uttarakhand,Sesamum,Kharif,2228.0,1363.7,318693.12,200.52,0.2125
2015,Kerala,Small millets,Whole Year,14.0,2602.9,2210.74,4.62,0.71
2016,Bihar,Mesta,Kharif,16323.0,1205.6,2501499.75,5713.05,2.346875
2016,Karnataka,Banana,Whole Year,28977.83,2829.4,7879.62,111.72,32.827313
2018,Uttar Pradesh,Onion,Rabi,14729.0,792.8,2389043.8,5155.15,15.801467
2001,Himachal Pradesh,Gram,Rabi,1144.0,918.1,116836.72,297.44,0.763
2009,Meghalaya,Gram,Rabi,561.0,2995.9,87415.02,95.37,0.59
2018,Gujarat,Rice,Kharif,809367.0,1125.4,131279327.4,283278.45,2.131
2007,Mizoram,other oilseeds,Kharif,3398.0,3095.2,453293.2,543.68,0.2225
2000,Tamil Nadu,Ragi,Kharif,165144.0,971.1,16212186.48,42937.44,1.63125
2009,Meghalaya,Potato,Whole Year,17712.0,2995.9,2759883.84,3011.04,7.318571
2001,Jammu and Kashmir,Cotton(lint),Kharif,69.0,953.8,7046.97,17.94,0.49
2005,Punjab,Guar seed,Whole Year,23900.0,566.7,2866088.0,5019.0,0.786667
2016,Nagaland,Rapeseed &Mustard,Rabi,27400.0,1959.8,4199050.0,9590.0,1.012727
2002,Karnataka,Cardamom,Whole Year,19405.0,860.8,1837071.35,4851.25,0.062857
2017,Tripura,Sesamum,Kharif,7035.0,3326.8,1107590.4,2673.3,0.59625
2014,Uttar Pradesh,Sesamum,Kharif,322820.0,616.4,48732907.2,106530.6,0.180857
2009,Assam,Sweet potato,Whole Year,6806.0,1727.1,1060510.92,1157.02,3.410741
2015,Karnataka,Tomato,Whole Year,16699.96,2027.6,2915.88,44.29,22.126779
2010,Andhra Pradesh,Safflower,Rabi,13090.0,1297.0,2174379.9,3141.6,0.705
2005,Uttar Pradesh,Sugarcane,Kharif,2155791.0,751.9,258522456.7,452716.11,48.789286
2005,Rajasthan,Sesamum,Kharif,19436.92,331.6,3712.57,210.97,0.45572
2019,Bihar,Maize,Autumn,209307.0,1194.7,35950570.32,77443.59,2.31625
2004,West Bengal,Ginger,Kharif,9125.0,1612.9,988602.5,1916.25,1.765556
2007,Jharkhand,Arhar/Tur,Rabi,17977.63,1444.7,2398215.84,2876.42,1.472273
2007,Nagaland,Jowar,Kharif,800.0,1769.0,106720.0,128.0,1.315714
2014,Assam,Urad,Rabi,52830.0,1899.0,7975216.8,17433.9,0.634444
2018,Maharashtra,Urad,Kharif,366614.0,1387.4,59464790.8,128314.9,0.411379
2018,Haryana,Wheat,Rabi,2553100.0,533.2,414112820.0,893585.0,4.825
2009,Chhattisgarh,Sesamum,Kharif,19601.0,956.9,3054227.82,3332.17,0.457778
2008,Uttar Pradesh,Maize,Kharif,769793.0,891.6,110111190.7,69281.37,1.366765
2000,Puducherry,Other  Rabi pulses,Rabi,64.0,1434.6,6282.88,16.64,1.18
2006,Tamil Nadu,Sweet potato,Whole Year,1127.0,927.9,143929.17,247.94,17.747407
2016,Tamil Nadu,Tapioca,Whole Year,76420.0,912.4,11711365.0,26747.0,26.677419
2007,Gujarat,Sugarcane,Whole Year,211000.0,1021.6,28147400.0,33760.0,71.189375
2007,Haryana,Potato,Whole Year,9917.0,443.8,1322927.8,1586.72,15.531667
2011,Gujarat,Guar seed,Whole Year,128300.0,890.5,21492816.0,42339.0,0.628462
2008,Meghalaya,Tobacco,Whole Year,664.0,3114.3,94978.56,59.76,0.7275
2018,Puducherry,Other Summer Pulses,Summer,10.0,1693.9,1622.0,3.5,1.0
2015,Rajasthan,Barley,Rabi,31638.03,578.8,8579.22,320.79,2.82389
2014,Andhra Pradesh,Arecanut,Kharif,483.0,687.6,72913.68,159.39,1.775
2014,West Bengal,Masoor,Rabi,65972.0,1483.5,9959133.12,21770.76,0.870556
2006,Kerala,Rubber,Whole Year,37339.39,3007.5,6144.13,270.27,1.352297
2011,Puducherry,Groundnut,Kharif,16.0,1434.6,2680.32,5.28,1.88
2020,Maharashtra,Bajra,Kharif,1493165.5,2115.1,201880.37,7924.53,1.918662
2016,Meghalaya,Cowpea(Lobia),Rabi,1661.0,3837.1,254548.25,581.35,1.630909
2020,Telangana,Rice,Kharif,677441.15,637.8,175133.35,9354.76,3.739421
2000,Sikkim,Rice,Kharif,15218.0,2504.8,1493951.06,3956.68,1.4225
2003,West Bengal,Onion,Rabi,179126.62,1598.9,35651.53,284.02,15.648009
2000,Delhi,Cotton(lint),Kharif,1.0,544.3,98.17,0.26,1.0
2017,Bihar,Urad,Kharif,7924.0,1112.0,1247554.56,3011.12,0.884815
2004,Punjab,Urad,Kharif,3400.0,366.4,368356.0,714.0,0.633333
2019,Jharkhand,Onion,Rabi,156233.14,1214.7,42034.91,336.37,19.151578
2017,Bihar,Potato,Rabi,87938.0,1112.0,13844958.72,33416.44,14.397838
2005,Odisha,Moong(Green Gram),Autumn,20063.0,1503.4,2405954.96,4213.23,0.175333
2002,Punjab,Masoor,Rabi,4000.0,301.8,378680.0,1000.0,0.751111
2005,Puducherry,Dry chillies,Whole Year,8.0,1434.6,959.36,1.68,2.07
2013,Tamil Nadu,Cardamom,Whole Year,4044.0,740.9,584317.56,1091.88,0.064167
2005,Jharkhand,Rapeseed &Mustard,Rabi,5989.03,965.2,718204.48,1257.7,0.665556
2011,Madhya Pradesh,Masoor,Rabi,586000.0,852.6,98166720.0,193380.0,0.395625
2007,Maharashtra,Onion,Rabi,172916.98,2274.4,22808.67,833.74,17.833018
2007,Madhya Pradesh,Sweet potato,Whole Year,3752.0,740.4,500516.8,600.32,5.651739
2020,Rajasthan,Mustard,Rabi,1228586.27,264.9,110140.0,7208.55,1.689874
2014,Tamil Nadu,Rice,Kharif,1794991.0,911.3,270971841.4,592347.03,4.730323
2000,Uttar Pradesh,Maize,Kharif,907927.0,874.4,89131193.59,236061.02,1.534783
2002,Gujarat,Guar seed,Whole Year,179600.0,458.4,17002732.0,44900.0,0.371
2004,Himachal Pradesh,Rice,Kharif,79519.0,939.2,8615088.46,16698.99,1.454545
2009,Punjab,Jowar,Kharif,100.0,371.3,15582.0,17.0,1.0
2013,West Bengal,Mesta,Kharif,8443.0,1939.9,1219929.07,2279.61,11.676
2002,Bihar,Ragi,Kharif,20695.0,1105.8,1959195.65,5173.75,0.736207
2008,Gujarat,Sugarcane,Whole Year,221300.0,746.1,31654752.0,19917.0,70.621765
2016,Jammu and Kashmir,other oilseeds,Rabi,1234.0,902.8,189110.5,431.9,0.786667
2000,Gujarat,Bajra,Kharif,847200.0,379.7,83169624.0,220272.0,0.748235
2013,Rajasthan,Groundnut,Kharif,438475.71,469.6,72910.04,1695.72,1.727593
2001,Meghalaya,Small millets,Kharif,2720.0,4241.0,277793.6,707.2,0.847143
2016,Mizoram,Other  Rabi pulses,Rabi,1217.0,2626.8,186505.25,425.95,1.76875
2017,Assam,Dry chillies,Whole Year,20242.0,2098.6,3186900.48,7691.96,0.851852
2004,Rajasthan,Barley,Rabi,10653.23,471.6,1270.89,46.77,2.485968
2005,Telangana,Cotton(lint),Kharif,2432615.43,1063.3,181414.27,23860.25,0.445381
2009,Karnataka,Other Kharif pulses,Kharif,114169.0,1321.0,17789813.58,19408.73,0.6076
2014,Punjab,Urad,Kharif,2200.0,382.7,332112.0,726.0,0.523333
2000,Uttarakhand,Garlic,Whole Year,2062.0,1413.4,202426.54,536.12,5.604762
2019,Uttar Pradesh,Masoor,Rabi,463374.0,814.5,79589118.24,171448.38,0.910541
2018,Karnataka,Sunflower,Kharif,95442.0,1419.1,15480692.4,33404.7,0.787692
2007,Uttar Pradesh,Turmeric,Rabi,1368.0,672.9,182491.2,218.88,3.044545
2003,Tamil Nadu,Garlic,Whole Year,595.0,345.6,58893.1,142.8,5.54
2006,Odisha,Mustard,Rabi,1080680.6,1493.9,130327.68,5637.32,1.34477
2000,Uttar Pradesh,Cotton(lint),Kharif,5328.0,874.4,523049.76,1385.28,1.268235
2019,Jharkhand,Jowar,Kharif,1796.0,1137.8,308480.96,664.52,0.816471
2013,Manipur,Peas & beans (Pulses),Rabi,18040.0,1428.8,2606599.6,4870.8,0.914444
2000,Andhra Pradesh,Tapioca,Whole Year,21506.0,935.6,2111244.02,5591.56,7.528
2004,Jharkhand,Ragi,Autumn,29029.16,1149.2,3145019.19,6096.12,0.81125
2000,West Bengal,Dry chillies,Whole Year,61498.0,1907.7,6037258.66,15989.48,0.941111
2013,Chhattisgarh,Mesta,Kharif,1098.0,1418.3,158650.02,296.46,2.091667
2018,Kerala,Coconut,Whole Year,760946.81,2989.7,123425572.6,266331.38,6426.82
2000,Meghalaya,Potato,Whole Year,18318.0,6258.8,1798278.06,4762.68,6.954286
2003,Odisha,Ginger,Kharif,15480.0,1648.2,1532210.4,3715.2,1.810333
2007,Uttar Pradesh,Rapeseed &Mustard,Rabi,627431.0,672.9,83699295.4,100388.96,1.005143
2010,Haryana,Sugarcane,Whole Year,84517.0,639.2,14039118.87,20284.08,5.022
2014,Telangana,Bajra,Kharif,1975.0,746.4,298146.0,651.75,0.848
2009,Tamil Nadu,Arecanut,Whole Year,5456.0,928.5,850153.92,927.52,1.605
2016,Maharashtra,Mango,Whole Year,197185.47,1914.1,52928.9,954.63,7.34375
2002,Nagaland,Peas & beans (Pulses),Kharif,1100.0,1536.6,104137.0,275.0,1.1525
2017,West Bengal,Sugarcane,Whole Year,19160.0,1830.0,3016550.4,7280.8,90.575263
2007,Karnataka,Moong(Green Gram),Kharif,520630.0,1323.3,69452042.0,83300.8,0.217391
2013,Uttar Pradesh,Lentil,Rabi,20053.44,1093.4,1493.07,141.81,0.78252
2005,Tripura,Moong(Green Gram),Kharif,963.0,1765.9,115482.96,202.23,0.54
2008,Puducherry,Sugarcane,Kharif,1945.0,1434.6,278212.8,175.05,79.25
2019,Nagaland,Other Cereals,Kharif,1280.0,1593.0,219852.8,473.6,1.041111
2003,Delhi,Arhar/Tur,Kharif,134.0,962.3,13263.32,32.16,1.41
2016,Haryana,other oilseeds,Rabi,1300.0,554.7,199225.0,455.0,1.066667
2019,Karnataka,Garlic,Whole Year,1706.0,1422.3,293022.56,631.22,5.177727
2009,Meghalaya,Other  Rabi pulses,Rabi,856.0,2995.9,133381.92,145.52,0.641429
2008,Puducherry,Other Kharif pulses,Kharif,1.0,1434.6,143.04,0.09,1.0
2003,Arunachal Pradesh,Oilseeds total,Whole Year,28024.0,2782.2,2773815.52,6725.76,0.991333
2004,Andhra Pradesh,Cashewnut,Whole Year,150352.0,781.8,16289135.68,31573.92,0.256875
2012,Tamil Nadu,Urad,Kharif,208625.0,706.8,31460650.0,64673.75,0.474667
2011,Arunachal Pradesh,Rice,Kharif,123500.0,2193.7,20688720.0,40755.0,1.21875
2019,Madhya Pradesh,Masoor,Rabi,378678.0,1446.7,65041733.28,140110.86,0.689592
2008,Karnataka,Jowar,Kharif,242445.0,1164.1,34679332.8,21820.05,1.2655
2011,Rajasthan,Bajra,Kharif,829996.3,238.2,124202.67,7738.72,1.458213
2014,Chhattisgarh,Arhar/Tur,Kharif,55306.0,1274.7,8348993.76,18250.98,0.592963
2009,Andhra Pradesh,Sweet potato,Whole Year,886.0,711.0,138056.52,150.62,7.28625
2015,Haryana,Jowar,Kharif,55000.0,426.8,8685050.0,18150.0,0.628889
2011,Uttar Pradesh,Arhar/Tur,Kharif,319506.0,777.4,53523645.12,105436.98,0.977222
2011,Bihar,Tobacco,Whole Year,9942.0,1097.1,1665483.84,3280.86,1.892727
2006,Chhattisgarh,Ginger,Whole Year,1888.0,1317.2,241116.48,415.36,1.158125
2001,Chhattisgarh,Soyabean,Kharif,10622.0,1550.0,1084824.86,2761.72,0.915333
2002,Maharashtra,Sunflower,Kharif,97400.0,967.4,9220858.0,24350.0,0.496364
2010,Meghalaya,Ginger,Kharif,9438.0,3119.7,1567746.18,2265.12,7.162857
2014,Haryana,Barley,Rabi,35000.0,301.3,5283600.0,11550.0,2.976364
2014,Tripura,Groundnut,Kharif,249.0,2015.7,37589.04,82.17,1.0675
2011,Tamil Nadu,Horse-gram,Whole Year,68968.0,926.5,11553519.36,22759.44,0.5356
2009,Himachal Pradesh,Urad,Kharif,10007.0,969.9,1559290.74,1701.19,0.284545
2014,West Bengal,Other Kharif pulses,Kharif,951.0,1483.5,143562.96,313.83,0.545714
2004,Madhya Pradesh,Horse-gram,Kharif,29682.0,895.7,3215747.88,6233.22,0.278235
2014,Himachal Pradesh,Ginger,Kharif,2144.0,1019.9,323658.24,707.52,6.611
2000,Madhya Pradesh,Sannhamp,Whole Year,6422.0,723.3,630447.74,1669.72,1.580667
2001,Nagaland,Rapeseed &Mustard,Rabi,16000.0,1532.0,1634080.0,4160.0,0.95125
2015,Madhya Pradesh,Other  Rabi pulses,Rabi,39000.0,1000.7,6158490.0,12870.0,1.1
2011,Haryana,Bajra,Kharif,576167.0,471.5,96519495.84,190135.11,1.835714
2016,Mizoram,Tapioca,Kharif,164.0,2626.8,25133.0,57.4,10.206667
2008,Mizoram,Tobacco,Whole Year,484.0,1912.1,69231.36,43.56,0.49
2016,West Bengal,Jowar,Autumn,26.0,1795.8,3984.5,9.1,0.38
2019,Sikkim,Other Cereals,Kharif,3136.0,2740.0,538639.36,1160.32,0.9725
2013,West Bengal,Ragi,Rabi,10107.0,1939.9,1460360.43,2728.89,0.694
2007,Kerala,Cotton(lint),Kharif,1295.0,3489.6,172753.0,207.2,0.65
2012,Kerala,Black pepper,Whole Year,84707.0,2187.6,12773815.6,26259.17,0.391429
2001,Madhya Pradesh,Gram,Rabi,2547801.0,955.0,260206916.1,662428.26,0.886444
2011,Tripura,Peas & beans (Pulses),Rabi,890.0,2295.6,149092.8,293.7,0.78
2000,Uttarakhand,Other  Rabi pulses,Rabi,127.0,1413.4,12467.59,33.02,0.39375
2018,Puducherry,Turmeric,Kharif,6.0,1693.9,973.2,2.1,2.5
2013,Tripura,Cotton(lint),Kharif,949.0,2043.5,137121.01,256.23,1.45375
2012,Himachal Pradesh,Rice,Kharif,75380.0,1035.0,11367304.0,23367.8,1.577273
2018,Meghalaya,Masoor,Rabi,1258.0,5649.1,204047.6,440.3,1.321429
2019,Mizoram,Potato,Kharif,53.0,2178.5,9103.28,19.61,4.245
2003,West Bengal,Peas & beans (Pulses),Rabi,14607.0,1526.7,1445800.86,3505.68,1.140588
2012,Uttarakhand,Garlic,Whole Year,3551.0,1309.8,535490.8,1100.81,6.268636
2015,Uttar Pradesh,Rice,Kharif,5837445.0,596.7,921790939.9,1926356.85,2.096133
2001,Haryana,Gram,Rabi,142476.0,483.8,14551073.88,37043.76,0.587895
2012,Manipur,Masoor,Rabi,624.0,1176.7,94099.2,193.44,0.816667
2010,Arunachal Pradesh,Potato,Whole Year,4334.0,2574.1,719920.74,1040.16,7.283125
2014,Uttar Pradesh,Barley,Rabi,170247.0,616.4,25700487.12,56181.51,1.761351
2017,Mizoram,Sugarcane,Whole Year,1558.8,3865.8,245417.47,592.34,25.2375
2008,Gujarat,Potato,Whole Year,55800.0,746.1,7981632.0,5022.0,20.866364
2019,Assam,Gram,Rabi,2176.0,2084.7,373749.76,805.12,0.648
2010,Uttarakhand,Garlic,Whole Year,3000.0,1419.0,498330.0,720.0,4.863333
2008,Haryana,Cotton(lint),Kharif,456086.0,715.6,65238541.44,41047.74,1.7835
2008,Punjab,Guar seed,Kharif,27900.0,691.3,3990816.0,2511.0,0.985
2016,Maharashtra,Other Summer Pulses,Summer,2170.0,1151.1,332552.5,759.5,0.68875
2013,Jammu and Kashmir,Onion,Rabi,432.0,1193.8,62419.68,116.64,2.391429
2018,West Bengal,Urad,Kharif,66685.0,2012.6,10816307.0,23339.75,0.5755
2011,Manipur,Peas & beans (Pulses),Rabi,17524.0,1533.6,2935620.48,5782.92,0.935556
2004,Karnataka,Sunflower,Kharif,601981.0,1117.7,65218621.54,126416.01,0.56375
2012,Odisha,Groundnut,Autumn,25179.0,1430.2,3796993.2,7805.49,1.015652
2013,Andhra Pradesh,Potato,Kharif,385.0,1062.3,55628.65,103.95,16.03
2008,Odisha,Urad,Autumn,28830.0,1539.0,4123843.2,2594.7,0.24125
2015,Kerala,Jowar,Whole Year,178.0,2602.9,28107.98,58.74,0.74
2000,Haryana,Peas & beans (Pulses),Rabi,1027.0,383.7,100820.59,267.02,0.903
2019,Maharashtra,Safflower,Rabi,21603.0,1555.8,3710531.28,7993.11,0.541667
2001,Uttar Pradesh,Rapeseed &Mustard,Rabi,566445.0,849.9,57851027.85,147275.7,0.916957
2002,Himachal Pradesh,Urad,Kharif,12670.0,890.8,1199468.9,3167.5,0.326364
2017,Kerala,Black pepper,Whole Year,85141.0,2664.8,13404599.04,32353.58,0.335
2008,Maharashtra,Soyabean,Kharif,3063200.0,1052.8,438160128.0,275688.0,0.890714
2002,Uttar Pradesh,Linseed,Rabi,37345.0,664.0,3535451.15,9336.25,0.410943
2017,Haryana,Ginger,Whole Year,592.0,417.1,93204.48,224.96,7.713333
2002,Tripura,Cotton(lint),Kharif,1370.0,2579.8,129697.9,342.5,1.06
2019,Kerala,Ragi,Whole Year,213.0,3119.2,36584.88,78.81,1.36
2014,Uttarakhand,Horse-gram,Kharif,12109.0,1287.4,1827974.64,3995.97,0.807273
2013,Bihar,Safflower,Rabi,1644.0,1069.9,237541.56,443.88,0.87
2005,Himachal Pradesh,Ragi,Kharif,3323.0,1248.1,398494.16,697.83,0.76375
2008,Karnataka,Cardamom,Whole Year,19838.0,1164.1,2837627.52,1785.42,0.067778
2009,West Bengal,Bajra,Kharif,53.0,1317.2,8258.46,9.01,0.755
2006,Kerala,Ragi,Kharif,516.0,3429.7,65898.36,113.52,0.7225
2013,Manipur,Rice,Kharif,222800.0,1428.8,32192372.0,60156.0,2.354444
2019,Punjab,other oilseeds,Rabi,2600.0,653.2,446576.0,962.0,1.39
2019,Telangana,Turmeric,Kharif,55444.0,1031.7,9523061.44,20514.28,7.013182
2011,Punjab,Rice,Kharif,2818000.0,705.2,472071360.0,929940.0,3.7495
2014,Chhattisgarh,Ginger,Whole Year,1757.0,1274.7,265236.72,579.81,1.637143
2016,Telangana,Sunflower,Kharif,951.0,942.6,145740.75,332.85,0.862
2006,West Bengal,Sannhamp,Whole Year,1294.0,1631.4,165256.74,284.68,5.58125
2004,Haryana,Moth,Kharif,10719.0,484.6,1161296.46,2250.99,0.128333
2002,Uttarakhand,Other Cereals,Kharif,8854.0,1610.3,838208.18,2213.5,0.295
2008,Punjab,Potato,Rabi,252473.85,708.4,46068.32,1077.83,24.691909
2016,West Bengal,Linseed,Rabi,6605.0,1795.8,1012216.25,2311.75,0.375625
2007,Gujarat,Moth,Kharif,49700.0,1021.6,6629980.0,7952.0,0.633529
2004,Uttar Pradesh,Potato,Rabi,435135.0,704.0,47142525.9,91378.35,20.400143
2014,Uttar Pradesh,Guar seed,Kharif,2050.0,616.4,309468.0,676.5,0.829322
2016,Chhattisgarh,Onion,Whole Year,5075.0,1298.9,777743.75,1776.25,2.786957
2010,Andhra Pradesh,Coriander,Whole Year,20313.0,1297.0,3374192.43,4875.12,0.671429
2005,Chhattisgarh,Rapeseed &Mustard,Rabi,57193.0,1292.7,6858584.56,12010.53,0.305625
2013,Madhya Pradesh,Jowar,Kharif,244308.0,1451.4,35300062.92,65963.16,1.211373
2006,Himachal Pradesh,Coriander,Rabi,144.0,1207.0,18390.24,31.68,0.27
2015,Haryana,Cotton(lint),Kharif,615000.0,426.8,97114650.0,202950.0,1.739286
2006,Jammu and Kashmir,Linseed,Rabi,241.0,1786.5,30778.11,53.02,0.641667
2000,Delhi,Jowar,Kharif,8625.0,544.3,846716.25,2242.5,0.95
2006,Haryana,Onion,Whole Year,2543.0,329.3,324766.53,559.46,18.983529
2003,Chhattisgarh,Wheat,Rabi,106109.0,1643.7,10502668.82,25466.16,1.20875
2004,Odisha,Sweet potato,Whole Year,47112.0,1290.4,5104114.08,9893.52,8.469667
2005,Kerala,Black pepper,Whole Year,237998.0,3030.9,28540720.16,49979.58,0.239286
2001,Puducherry,Rapeseed &Mustard,Rabi,71.0,1434.6,7251.23,18.46,6.345
2006,Assam,Onion,Whole Year,6870.0,1774.9,877367.7,1511.4,2.384815
2019,Haryana,Jowar,Kharif,29920.0,351.8,5139059.2,11070.4,0.639333
2007,Haryana,Maize,Kharif,13777.0,443.8,1837851.8,2204.32,0.979375
2018,Jammu and Kashmir,Moong(Green Gram),Kharif,381.0,1016.3,61798.2,133.35,0.48
2014,Gujarat,Guar seed,Whole Year,277330.0,605.6,41865736.8,91518.9,0.772222
2012,Tamil Nadu,Mango,Whole Year,62353.63,945.9,9056.1,505.08,6.514244
2015,Rajasthan,Coriander,Rabi,35676.32,295.3,6397.53,170.4,0.795332
2006,Chhattisgarh,Cotton(lint),Kharif,97.0,1317.2,12387.87,21.34,1.506667
2010,Bihar,Barley,Rabi,11822.0,629.2,1963752.42,2837.28,1.252581
2017,Uttar Pradesh,Lentil,Rabi,36142.89,863.8,4829.41,190.04,0.975262
2018,Madhya Pradesh,Sweet potato,Whole Year,5297.72,1102.2,859290.18,1854.2,17.052941
2015,Karnataka,Sannhamp,Whole Year,113.0,1024.9,17843.83,37.29,0.233333
2002,Jammu and Kashmir,Wheat,Rabi,244157.0,933.2,23114343.19,61039.25,1.465
2017,Kerala,Other Kharif pulses,Kharif,1785.0,2664.8,281030.4,678.3,1.017692
2018,Kerala,Turmeric,Whole Year,2483.71,2989.7,402857.76,869.3,2.630714
2019,Telangana,Castor seed,Kharif,25921.0,1031.7,4452190.96,9590.77,1.277222
2011,Chhattisgarh,Gram,Rabi,260208.0,1302.7,43590044.16,85868.64,0.961538
2019,Meghalaya,Soyabean,Kharif,1873.0,3844.4,321706.48,693.01,2.148182
2011,Manipur,Cowpea(Lobia),Kharif,899.0,1533.6,150600.48,296.67,1.101111
2004,Madhya Pradesh,Castor seed,Kharif,1773.0,895.7,192086.82,372.33,0.3545
2000,Puducherry,Coconut,Whole Year,2233.0,1434.6,219213.61,580.58,11937.4475
2019,Delhi,Bajra,Kharif,1475.0,546.9,253346.0,545.75,3.3
2018,Nagaland,Barley,Rabi,560.0,1372.7,90832.0,196.0,1.033636
2006,Uttar Pradesh,Sannhamp,Kharif,3248.0,590.5,414802.08,714.56,0.292143
2014,Arunachal Pradesh,Dry chillies,Whole Year,2660.0,2403.2,401553.6,877.8,2.8275
2003,Goa,Banana,Whole Year,2179.0,3011.6,215677.42,522.96,7.76
2020,Rajasthan,Gram,Rabi,876365.38,535.3,138092.15,6614.87,1.158897
2007,West Bengal,Jute,Kharif,609817.0,2007.5,81349587.8,97570.72,14.073529
2007,Uttarakhand,Bajra,Kharif,42.0,1924.3,5602.8,6.72,0.95
2009,Tamil Nadu,Onion,Whole Year,31024.0,928.5,4834159.68,5274.08,9.8704
2017,Uttar Pradesh,Moong(Green Gram),Kharif,45050.0,652.1,7092672.0,17119.0,0.400656
2020,Karnataka,Arhar/Tur,Kharif,505054.24,1117.5,131194.33,5734.08,1.086139
2001,Haryana,Maize,Kharif,17944.0,483.8,1832620.72,4665.44,1.051765
2009,Uttarakhand,Sugarcane,Whole Year,99988.0,847.8,15580130.16,16997.96,61.34
2001,Madhya Pradesh,Barley,Rabi,83716.0,955.0,8549915.08,21766.16,1.374146
2007,Delhi,Sugarcane,Whole Year,3.0,677.5,400.2,0.48,92.0
2017,Kerala,Turmeric,Whole Year,2778.0,2664.8,437368.32,1055.64,3.020714
2016,Karnataka,Cowpea(Lobia),Kharif,56875.0,1147.2,8716093.75,19906.25,0.768519
2005,Himachal Pradesh,Rice,Kharif,79366.0,1248.1,9517570.72,16666.86,1.396364
2008,Punjab,Barley,Rabi,16000.0,691.3,2288640.0,1440.0,3.4
2004,Arunachal Pradesh,Dry chillies,Whole Year,2012.0,2939.5,217980.08,422.52,1.81125
2018,Andhra Pradesh,Arhar/Tur,Kharif,245675.0,1220.5,39848485.0,85986.25,0.311538
2013,Uttar Pradesh,Wheat,Rabi,9839197.0,995.2,1421665575.0,2656583.19,3.2156
2011,Himachal Pradesh,Rice,Kharif,75043.0,1108.3,12571203.36,24764.19,1.545455
2005,Bihar,Other Kharif pulses,Kharif,1380.0,907.8,165489.6,289.8,0.505
2003,Meghalaya,Small millets,Kharif,2661.0,3321.3,263385.78,638.64,0.918571
2006,Nagaland,Gram,Rabi,360.0,1362.5,45975.6,79.2,1.302857
2000,Gujarat,Garlic,Whole Year,2500.0,379.7,245425.0,650.0,4.431111
2018,Haryana,Jowar,Kharif,40300.0,533.2,6536660.0,14105.0,0.584
2018,Punjab,Masoor,Rabi,700.0,585.5,113540.0,245.0,0.6875
2011,Uttar Pradesh,Linseed,Rabi,31003.0,777.4,5193622.56,10230.99,0.459487
2015,Assam,Mustard,Rabi,1135226.71,2512.7,277859.15,6236.35,1.585809
2001,Rajasthan,Gram,Rabi,348674.1,462.4,38602.69,1854.16,0.83365
2018,Goa,Black pepper,Whole Year,849.0,4406.0,137707.8,297.15,0.405
2012,Bihar,Sugarcane,Whole Year,250344.0,924.1,37751875.2,77606.64,59.250571
2009,Madhya Pradesh,Linseed,Whole Year,106966.0,904.1,16667442.12,18184.22,0.684468
2018,Telangana,Dry chillies,Kharif,74559.0,1350.3,12093469.8,26095.65,4.320968
2003,Andhra Pradesh,Rice,Kharif,2108904.0,826.0,208739317.9,506136.96,2.670909
2007,Mizoram,Tobacco,Whole Year,90.0,3095.2,12006.0,14.4,0.6
2017,Himachal Pradesh,Moong(Green Gram),Kharif,130.0,1182.2,20467.2,49.4,0.725714
2020,Bihar,Banana,Whole Year,24006.25,1471.3,3037.22,229.32,30.486001
2017,Uttarakhand,Other Kharif pulses,Kharif,11774.0,1475.8,1853698.56,4474.12,0.996364
2002,Kerala,Rice,Autumn,112438.0,2511.2,10644505.46,28109.5,2.130769
2006,Karnataka,Jowar,Kharif,287515.0,1146.3,36718540.65,63253.3,1.110476
2019,Mizoram,Sesamum,Kharif,756.0,2178.5,129850.56,279.72,0.75
2013,Jharkhand,Wheat,Rabi,73527.0,1253.6,10623916.23,19852.29,1.550417
2005,Kerala,Other Cereals,Kharif,11.0,3030.9,1319.12,2.31,1.91
2002,Madhya Pradesh,Turmeric,Whole Year,552394.0,800.8,52295139.98,138098.5,0.505
2010,Telangana,Soyabean,Kharif,931084.7,936.4,108012.56,4710.13,1.454604
2006,West Bengal,Sugarcane,Whole Year,16583.0,1631.4,2117814.93,3648.26,79.200625
2010,Nagaland,Maize,Kharif,63430.0,1771.8,10536357.3,15223.2,1.958182
2000,West Bengal,Sesamum,Whole Year,107161.0,1907.7,10519995.37,27861.86,0.736111
2012,Assam,Gram,Rabi,1742.0,2167.5,262693.6,540.02,0.590741
2002,Karnataka,Rapeseed &Mustard,Rabi,4270.0,860.8,404240.9,1067.5,0.215789
2018,Uttarakhand,Horse-gram,Kharif,12898.0,1373.0,2092055.6,4514.3,0.885455
2010,Bihar,Urad,Kharif,15167.0,629.2,2519390.37,3640.08,0.8775
2002,Uttar Pradesh,Small millets,Kharif,21825.0,664.0,2066172.75,5456.25,0.708571
2001,Himachal Pradesh,Maize,Kharif,301282.0,918.1,30769930.66,78333.32,2.463333
2009,Maharashtra,Other  Rabi pulses,Rabi,99100.0,1002.4,15441762.0,16847.0,0.513462
2012,Kerala,Tobacco,Whole Year,13.0,2187.6,1960.4,4.03,1.77
2008,Madhya Pradesh,Sannhamp,Kharif,4427.0,895.0,633238.08,398.43,0.370455
2010,West Bengal,Peas & beans (Pulses),Rabi,11622.0,1096.0,1930530.42,2789.28,0.91375
2013,Andhra Pradesh,Coriander,Kharif,517.0,1062.3,74701.33,139.59,0.62
2018,Chhattisgarh,Sweet potato,Whole Year,2561.0,1515.5,415394.2,896.35,4.819167
2007,Telangana,Jowar,Kharif,461261.54,910.8,102402.28,4473.66,1.053908
2004,Mizoram,Groundnut,Kharif,25.0,2640.8,2708.5,5.25,0.926
2007,Haryana,Sweet potato,Whole Year,65.0,443.8,8671.0,10.4,12.7775
2001,Karnataka,Small millets,Kharif,70091.0,1002.9,7158393.83,18223.66,0.609545
2007,Madhya Pradesh,Coriander,Whole Year,138113.0,740.4,18424274.2,22098.08,0.309787
2018,Telangana,Soyabean,Kharif,148113.0,1350.3,24023928.6,51839.55,1.544706
2006,Himachal Pradesh,Gram,Rabi,1328.0,1207.0,169598.88,292.16,0.761111
2007,Nagaland,Jute,Kharif,2450.0,1769.0,326830.0,392.0,1.165
2001,Andhra Pradesh,Potato,Whole Year,2348.0,928.4,239801.24,610.48,5.85
2003,Chhattisgarh,Soyabean,Kharif,20835.0,1643.7,2062248.3,5000.4,0.99
2003,Uttar Pradesh,Onion,Rabi,8781.0,1075.6,869143.38,2107.44,14.354143
2016,Uttar Pradesh,Barley,Rabi,169985.0,965.3,26050201.25,59494.75,2.778267
2017,Chhattisgarh,Ginger,Whole Year,1958.0,1124.5,308267.52,744.04,1.187619
2001,Andhra Pradesh,Tapioca,Whole Year,17694.0,928.4,1807088.22,4600.44,7.83
2016,Gujarat,Other  Rabi pulses,Rabi,21716.0,710.5,3327977.0,7600.6,0.775714
2019,Maharashtra,Other  Rabi pulses,Rabi,125126.0,1555.8,21491641.76,46296.62,0.467241
2013,Jharkhand,Onion,Rabi,3640.0,1253.6,525943.6,982.8,21.769565
2000,Karnataka,Arecanut,Whole Year,119093.0,1213.3,11691359.81,30964.18,1.2925
2016,Haryana,Sunflower,Kharif,8600.0,554.7,1317950.0,3010.0,1.72
2019,Karnataka,Rice,Kharif,964087.0,1422.3,165591583.1,356712.19,2.924
2019,West Bengal,Groundnut,Autumn,4110.0,1733.4,705933.6,1520.7,1.322857
2010,Uttar Pradesh,Onion,Rabi,9830.0,742.6,1632861.3,2359.2,18.399014
2006,Madhya Pradesh,Other Kharif pulses,Kharif,8164.0,1072.3,1042624.44,1796.08,0.241389
2009,Andhra Pradesh,Bajra,Kharif,33411.0,711.0,5206102.02,5679.87,1.3
2006,Himachal Pradesh,Ginger,Kharif,2396.0,1207.0,305993.16,527.12,1.842222
2003,Chhattisgarh,Dry chillies,Whole Year,6486.0,1643.7,641984.28,1556.64,0.645
2000,Tamil Nadu,Sesamum,Kharif,177943.0,971.1,17468664.31,46265.18,0.506296
2012,Puducherry,Sugarcane,Kharif,2027.0,1098.3,305671.6,628.37,150.23
2005,Delhi,Wheat,Rabi,18279.0,653.1,2192017.68,3838.59,4.34
2019,Arunachal Pradesh,Urad,Kharif,1148.0,2433.3,197180.48,424.76,0.998696
2013,Andhra Pradesh,Banana,Whole Year,60626.0,1062.3,8759850.74,16369.02,31.627692
2020,Chhattisgarh,Linseed,Rabi,23357.86,1310.7,3936.0,100.84,0.627781
2019,Himachal Pradesh,Small millets,Kharif,5214.0,1217.7,895556.64,1929.18,0.865833
2016,Chhattisgarh,Ragi,Kharif,7183.0,1298.9,1100794.75,2514.05,0.200625
2018,Chhattisgarh,Other Kharif pulses,Kharif,6484.0,1515.5,1051704.8,2269.4,0.268182
2013,Tripura,Sugarcane,Whole Year,964.0,2043.5,139288.36,260.28,52.1675
2013,West Bengal,Cotton(lint),Kharif,364.0,1939.9,52594.36,98.28,3.43
2001,Kerala,Arecanut,Whole Year,93193.0,2946.7,9517801.09,24230.18,0.772857
2006,Meghalaya,Rice,Autumn,32679.0,2454.7,4173435.09,7189.38,1.641429
2012,Karnataka,Cotton(lint),Kharif,446810.0,956.2,67378948.0,138511.1,2.051304
2007,Rajasthan,Sesamum,Kharif,31072.41,700.9,5729.51,276.14,0.439049
2000,Andhra Pradesh,Bajra,Kharif,129475.0,935.6,12710560.75,33663.5,1.001667
2014,West Bengal,Cotton(lint),Kharif,615.0,1483.5,92840.4,202.95,2.56
2004,Karnataka,Sugarcane,Whole Year,1224527.91,1270.8,95362.17,10586.99,64.224534
2009,Tripura,Wheat,Rabi,667.0,2004.2,103931.94,113.39,1.9825
2007,Haryana,Horse-gram,Kharif,458.0,443.8,61097.2,73.28,0.0825
2019,Tripura,Sugarcane,Whole Year,687.0,2252.8,117999.12,254.19,54.42375
2013,Maharashtra,Safflower,Rabi,126300.0,1409.8,18249087.0,34101.0,0.736111
2002,Tamil Nadu,Tobacco,Whole Year,8213.0,315.9,777524.71,2053.25,1.435455
2010,West Bengal,Sugarcane,Whole Year,15017.0,1096.0,2494473.87,3604.08,75.264
2010,Assam,Moong(Green Gram),Rabi,9022.0,2578.5,1498644.42,2165.28,0.451852
2011,Himachal Pradesh,Masoor,Rabi,598.0,1108.3,100176.96,197.34,0.852222
2005,Kerala,Arecanut,Whole Year,108590.0,3030.9,13022112.8,22803.9,0.958571
2013,West Bengal,Khesari,Rabi,30728.0,1939.9,4439888.72,8296.56,1.117333
2014,Telangana,Rice,Kharif,920307.0,746.4,138929544.7,303701.31,2.958889
2018,Nagaland,Cotton(lint),Kharif,130.0,1372.7,21086.0,45.5,0.615
2000,Haryana,Masoor,Rabi,6493.0,383.7,637417.81,1688.18,0.623333
2005,Karnataka,Dry chillies,Kharif,116047.0,1316.2,13916356.24,24369.87,0.830385
2014,Punjab,Wheat,Rabi,3505000.0,382.7,529114800.0,1156650.0,4.174091
2015,Nagaland,Jowar,Kharif,250.0,1308.3,39477.5,82.5,0.96
2015,Andhra Pradesh,Sugarcane,Whole Year,121685.0,940.7,19215278.35,40156.05,85.064615
2012,Karnataka,Cardamom,Whole Year,19286.0,956.2,2908328.8,5978.66,0.093333
2010,Uttarakhand,Sesamum,Kharif,1887.0,1419.0,313449.57,452.88,0.210769
2018,Karnataka,Urad,Kharif,85094.0,1419.1,13802246.8,29782.9,0.429286
2004,Andhra Pradesh,Niger seed,Kharif,15640.0,781.8,1694437.6,3284.4,0.425
2019,Chhattisgarh,Moong(Green Gram),Kharif,3554.0,1420.3,610435.04,1314.98,0.423704
2012,Chhattisgarh,Bajra,Kharif,373.0,1366.8,56248.4,115.63,0.606667
2007,Uttar Pradesh,Wheat,Rabi,9114880.0,672.9,1215924992.0,1458380.8,2.723571
2009,Maharashtra,Sesamum,Kharif,52100.0,1002.4,8118222.0,8857.0,0.2025
2008,Haryana,Urad,Kharif,2580.0,715.6,369043.2,232.2,0.258182
2014,Manipur,Arhar/Tur,Kharif,511.0,987.5,77140.56,168.63,0.99
2016,Odisha,Rice,Autumn,511550.0,1460.5,78395037.5,179042.5,1.444074
2010,Andhra Pradesh,Niger seed,Kharif,10007.0,1297.0,1662262.77,2401.68,0.335
2007,Uttarakhand,Rapeseed &Mustard,Rabi,12026.0,1924.3,1604268.4,1924.16,0.548462
2015,Karnataka,Ginger,Whole Year,29285.0,1024.9,4624394.35,9664.05,36.357826
2008,Nagaland,Jowar,Kharif,140.0,1540.9,20025.6,12.6,0.874
2005,Jammu and Kashmir,Turmeric,Kharif,12.0,1721.8,1439.04,2.52,1.005
2016,Karnataka,Soyabean,Kharif,317870.0,1147.2,48713577.5,111254.5,0.872727
2016,Gujarat,Rice,Kharif,792207.0,710.5,121405722.8,277272.45,2.0745
2018,Punjab,Sesamum,Kharif,2900.0,585.5,470380.0,1015.0,0.34125
2014,Tripura,Moong(Green Gram),Kharif,569.0,2015.7,85896.24,187.77,0.54
2008,Manipur,Rice,Kharif,210990.0,1134.8,30180009.6,18989.1,2.134444
2010,West Bengal,Sannhamp,Kharif,714.0,1096.0,118602.54,171.36,4.24
2017,Sikkim,Barley,Rabi,420.0,2873.6,66124.8,159.6,1.036667
2011,Karnataka,Dry chillies,Kharif,88218.0,1179.0,14778279.36,29111.94,0.973448
2018,Arunachal Pradesh,Maize,Kharif,51000.0,2992.9,8272200.0,17850.0,1.659091
2010,Kerala,Rubber,Whole Year,47690.77,2691.0,5080.42,335.28,1.385398
2005,Tamil Nadu,Cashewnut,Whole Year,106059.0,1364.1,12718595.28,22272.39,0.368571
2012,Chhattisgarh,Small millets,Kharif,137382.0,1366.8,20717205.6,42588.42,0.257778
2014,West Bengal,Moth,Kharif,16.0,1483.5,2415.36,5.28,0.88
2007,Chhattisgarh,Other  Rabi pulses,Rabi,2733.0,1246.2,364582.2,437.28,0.191765
2015,Meghalaya,Rice,Autumn,33136.0,3870.8,5232505.76,10934.88,2.551818
2019,Tamil Nadu,Arecanut,Whole Year,6843.0,910.1,1175353.68,2531.91,2.17
2017,Andhra Pradesh,Coconut,Whole Year,103968.0,868.2,16368721.92,39507.84,12746.54
2011,Arunachal Pradesh,Ginger,Whole Year,6880.0,2193.7,1152537.6,2270.4,6.380625
2008,Sikkim,Wheat,Rabi,3900.0,2247.5,557856.0,351.0,0.8825
2011,Tamil Nadu,Small millets,Whole Year,30150.0,926.5,5050728.0,9949.5,1.311304
2017,Arunachal Pradesh,Sunflower,Kharif,571.0,2745.5,89898.24,216.98,0.781
2003,Andhra Pradesh,Banana,Whole Year,38714.0,826.0,3831911.72,9291.36,15.682632
2019,Andhra Pradesh,Castor seed,Kharif,36827.0,899.2,6325405.52,13625.99,0.7625
2001,Karnataka,Jowar,Kharif,303308.0,1002.9,30976846.04,78860.08,1.202857
2017,Telangana,Onion,Kharif,4319.0,815.7,679983.36,1641.22,18.158333
2011,Karnataka,Other Kharif pulses,Kharif,67383.0,1179.0,11288000.16,22236.39,0.879231
2002,Karnataka,Mesta,Kharif,3119.0,860.8,295275.73,779.75,2.035714
2000,Manipur,Rapeseed &Mustard,Rabi,1470.0,1969.7,144309.9,382.2,0.4525
2014,Jharkhand,Peas & beans (Pulses),Rabi,5571.0,1156.6,840998.16,1838.43,0.9
2013,Bihar,Gram,Rabi,61325.0,1069.9,8860849.25,16557.75,1.161
2010,Bihar,Mango,Whole Year,147330.82,1316.0,25583.28,477.77,7.345196
2009,Himachal Pradesh,Masoor,Rabi,704.0,969.9,109697.28,119.68,0.664444
2003,Maharashtra,Cotton(lint),Kharif,2762400.0,1037.4,273422352.0,662976.0,1.181111
2000,West Bengal,Coconut,Whole Year,24511.0,1907.7,2406244.87,6372.86,13234.92556
2009,Madhya Pradesh,Wheat,Whole Year,4458995.0,904.1,694800600.9,758029.15,1.8538
2016,West Bengal,Khesari,Rabi,45294.0,1795.8,6941305.5,15852.9,1.154762
2018,Goa,Other  Rabi pulses,Rabi,6033.0,4406.0,978552.6,2111.55,1.17
2015,Uttar Pradesh,Sugarcane,Kharif,2168888.0,596.7,342489104.1,715733.04,59.797467
2002,Puducherry,Ragi,Kharif,114.0,1434.6,10792.38,28.5,1.61
2007,Assam,Moong(Green Gram),Rabi,7719.0,2154.1,1029714.6,1235.04,0.43963
2014,Delhi,Bajra,Kharif,1520.0,416.4,229459.2,501.6,2.51
2017,Rajasthan,Sesamum,Kharif,11874.88,359.8,3011.32,36.39,0.519882
2000,Tamil Nadu,Groundnut,Kharif,825063.0,971.1,80996434.71,214516.38,1.723571
2019,Puducherry,Groundnut,Kharif,1.0,1317.0,171.76,0.37,3.0
2003,Puducherry,Coriander,Whole Year,2.0,1434.6,197.96,0.48,0.5
2001,Jammu and Kashmir,Onion,Whole Year,518.0,953.8,52903.34,134.68,1.86
2004,Assam,Sweet potato,Whole Year,8026.0,2536.9,869536.84,1685.46,3.406957
2006,Maharashtra,Rapeseed &Mustard,Rabi,13900.0,1439.4,1775169.0,3058.0,0.342414
2014,West Bengal,Sesamum,Autumn,1117.0,1483.5,168622.32,368.61,0.665
2002,Arunachal Pradesh,Sugarcane,Whole Year,798.0,2832.8,75546.66,199.5,16.57
2003,Odisha,Maize,Kharif,55549.0,1648.2,5498240.02,13331.76,0.887308
2016,Puducherry,Other  Rabi pulses,Rabi,44.0,1391.3,6743.0,15.4,0.95
2018,Meghalaya,Cashewnut,Rabi,10466.0,5649.1,1697585.2,3663.1,1.398
2017,Uttarakhand,Soyabean,Kharif,10537.0,1475.8,1658945.28,4004.06,0.925833
2008,Assam,Arecanut,Whole Year,66072.0,2109.9,9450938.88,5946.48,0.989259
2015,Chhattisgarh,Potato,Kharif,1537.0,1136.0,242707.67,507.21,8.379167
2018,Arunachal Pradesh,Small millets,Kharif,26775.0,2992.9,4342905.0,9371.25,1.021364
2008,Madhya Pradesh,Sugarcane,Whole Year,53704.0,895.0,7681820.16,4833.36,31.975417
2016,Rajasthan,Sesamum,Kharif,49670.12,264.7,13011.21,590.12,0.582104
2006,Gujarat,Moth,Kharif,44100.0,1056.2,5632011.0,9702.0,0.346667
2000,Karnataka,Bajra,Kharif,461048.0,1213.3,45261082.16,119872.48,0.662353
2006,Haryana,Moong(Green Gram),Kharif,21380.0,329.3,2730439.8,4703.6,0.308947
2018,Uttarakhand,Soyabean,Kharif,9054.0,1373.0,1468558.8,3168.9,0.959167
2007,Jammu and Kashmir,Masoor,Rabi,129.0,1042.2,17208.6,20.64,0.49
2019,Uttar Pradesh,Lentil,Rabi,35402.94,847.5,8223.86,133.74,1.093786
2018,Karnataka,Other  Rabi pulses,Rabi,13989.0,1419.1,2269015.8,4896.15,0.696842
2001,Assam,Urad,Rabi,41785.0,1824.7,4267502.05,10864.1,0.551739
2018,Meghalaya,Mesta,Kharif,4475.0,5649.1,725845.0,1566.25,6.302
2016,Haryana,Sesamum,Kharif,1600.0,554.7,245200.0,560.0,0.8275
2017,Puducherry,Other Kharif pulses,Kharif,5.0,1582.4,787.2,1.9,2.8
2005,Jammu and Kashmir,Maize,Kharif,320924.0,1721.8,38485206.08,67394.04,1.325833
2000,Madhya Pradesh,Ragi,Kharif,1783.0,723.3,175037.11,463.58,0.22375
2009,Sikkim,Urad,Kharif,3600.0,2176.6,560952.0,612.0,0.8375
2011,Andhra Pradesh,Linseed,Rabi,744.0,861.9,124634.88,245.52,0.2
2018,Goa,Sugarcane,Whole Year,888.0,4406.0,144033.6,310.8,34.38
2009,Kerala,Sweet potato,Whole Year,399.0,2821.5,62172.18,67.83,11.498571
2008,Chhattisgarh,Ginger,Whole Year,1857.0,1117.9,265625.28,167.13,1.2475
2011,Uttarakhand,Sugarcane,Whole Year,104210.0,1564.7,17457259.2,34389.3,61.1
2000,Uttarakhand,Other Kharif pulses,Kharif,11548.0,1413.4,1133667.16,3002.48,0.593333
2006,Gujarat,Potato,Whole Year,51700.0,1056.2,6602607.0,11374.0,20.457273
2016,Himachal Pradesh,Maize,Kharif,262595.0,1373.9,40242683.75,91908.25,2.094167
2003,Jammu and Kashmir,Barley,Rabi,9639.0,1430.3,954068.22,2313.36,0.978333
2000,Karnataka,Mesta,Kharif,4288.0,1213.3,420952.96,1114.88,1.807143
2014,Assam,Arecanut,Rabi,66739.0,1899.0,10074919.44,22023.87,1.057778
2006,Kerala,Ginger,Whole Year,11082.0,3429.7,1415282.22,2438.04,3.239286
2019,Gujarat,Rice,Kharif,849599.0,1067.8,145927124.2,314351.63,1.948571
2000,Uttar Pradesh,Potato,Whole Year,394083.0,874.4,38687128.11,102461.58,19.757391
2008,Assam,Small millets,Kharif,5440.0,2109.9,778137.6,489.6,0.494231
2004,Maharashtra,Sugarcane,Whole Year,326900.0,1052.0,35416346.0,68649.0,64.51
2014,Andhra Pradesh,Ragi,Kharif,28742.0,687.6,4338892.32,9484.86,1.024444
2011,Maharashtra,Cotton(lint),Kharif,4166700.0,1174.1,698005584.0,1375011.0,1.7416
2016,Karnataka,Arecanut,Whole Year,254640.0,1147.2,39023580.0,89124.0,10.121818
2008,Kerala,Groundnut,Kharif,1733.0,2524.8,247888.32,155.97,0.74
2008,Haryana,Dry chillies,Whole Year,1613.0,715.6,230723.52,145.17,7.445625
2019,Nagaland,Tapioca,Kharif,2750.0,1593.0,472340.0,1017.5,20.262727
2003,Jharkhand,Arhar/Tur,Kharif,22500.06,1258.3,2227055.94,5400.01,1.425
2017,Nagaland,Urad,Rabi,830.0,1722.1,130675.2,315.4,0.810909
2001,Karnataka,Black pepper,Whole Year,9699.0,1002.9,990558.87,2521.74,2.213846
2016,Odisha,Horse-gram,Summer,40.0,1460.5,6130.0,14.0,0.3375
2012,Kerala,Tapioca,Whole Year,69586.0,2187.6,10493568.8,21571.66,35.294286
2002,Karnataka,Niger seed,Kharif,29281.0,860.8,2772032.27,7320.25,0.213913
2002,Gujarat,Mango,Whole Year,106067.55,705.5,5936.53,801.36,5.075128
2016,Meghalaya,Potato,Summer,12554.0,3837.1,1923900.5,4393.9,8.252727
2011,Himachal Pradesh,Onion,Rabi,724.0,1108.3,121284.48,238.92,9.198
2000,Punjab,Sugarcane,Whole Year,121000.0,405.3,11878570.0,31460.0,65.445625
2007,Odisha,Potato,Winter,8514.0,1633.8,1135767.6,1362.24,9.788
2009,Maharashtra,Banana,Whole Year,33311.43,1012.2,3837.8,40.1,22.767819
2016,Tripura,Mesta,Kharif,583.0,2475.3,89344.75,204.05,8.505
2005,Tamil Nadu,Onion,Whole Year,29169.0,1364.1,3497946.48,6125.49,8.078261
2016,Uttar Pradesh,Banana,Summer,3376.0,965.3,517372.0,1181.6,55.184167
2008,Delhi,Barley,Kharif,72.0,614.6,10298.88,6.48,2.81
2014,Punjab,Maize,Kharif,126000.0,382.7,19020960.0,41580.0,3.918571
2007,Tamil Nadu,Maize,Whole Year,223428.0,1067.2,29805295.2,35748.48,4.077308
2008,Haryana,Sugarcane,Whole Year,90941.0,715.6,13008200.64,8184.69,49.621
2020,Punjab,Sugarcane,Whole Year,1185808.15,606.4,343045.85,2898.58,76.784536
2008,Sikkim,Other Kharif pulses,Kharif,2680.0,2247.5,383347.2,241.2,1.04
2006,Jharkhand,Masoor,Rabi,4190.51,1465.1,535170.03,921.91,0.493571
2007,Chhattisgarh,Bajra,Kharif,68.0,1246.2,9071.2,10.88,0.376667
2006,Nagaland,Other  Rabi pulses,Rabi,6720.0,1362.5,858211.2,1478.4,1.2025
2018,Nagaland,Castor seed,Kharif,360.0,1372.7,58392.0,126.0,0.605556
2014,Andhra Pradesh,Dry chillies,Kharif,109316.0,687.6,16502343.36,36074.28,5.321
2017,Uttar Pradesh,Bajra,Kharif,925397.0,652.1,145694503.7,351650.86,1.634262
2008,Nagaland,Masoor,Rabi,1260.0,1540.9,180230.4,113.4,0.705
2003,Maharashtra,Linseed,Rabi,63400.0,1037.4,6275332.0,15216.0,0.258333
2005,Assam,Small millets,Kharif,7714.0,2184.6,925062.88,1619.94,0.504815
2001,Tamil Nadu,Maize,Kharif,303193.67,523.7,25771.95,354.05,2.235463
2005,Manipur,Other Kharif pulses,Kharif,3100.0,1585.4,371752.0,651.0,0.581429
2019,Assam,Dry chillies,Whole Year,19835.0,2084.7,3406859.6,7338.95,0.918889
2018,Uttarakhand,other oilseeds,Kharif,17.0,1373.0,2757.4,5.95,0.8225
2015,Nagaland,Tapioca,Kharif,2270.0,1308.3,358455.7,749.1,20.188182
2011,Nagaland,Peas & beans (Pulses),Kharif,2190.0,1544.4,366868.8,722.7,1.249
2006,Chhattisgarh,Peas & beans (Pulses),Rabi,16217.0,1317.2,2071073.07,3567.74,0.324118
2003,Madhya Pradesh,Other  Rabi pulses,Rabi,737005.0,1163.0,72948754.9,176881.2,0.491489
2009,Andhra Pradesh,Sugarcane,Whole Year,157834.0,711.0,24593693.88,26831.78,83.372
2013,Madhya Pradesh,Potato,Whole Year,80955.0,1451.4,11697187.95,21857.85,13.117
2008,Tamil Nadu,Mango,Whole Year,232591.77,964.0,42387.88,576.78,5.291574
2016,Uttar Pradesh,Tobacco,Rabi,26250.0,965.3,4022812.5,9187.5,4.363333
2013,Puducherry,Moong(Green Gram),Rabi,37.0,1083.2,5346.13,9.99,0.51
2007,Chhattisgarh,Peas & beans (Pulses),Rabi,16315.0,1246.2,2176421.0,2610.4,0.3325
2010,Puducherry,Onion,Rabi,1.0,1434.6,166.11,0.24,7.0
2003,Maharashtra,Maize,Kharif,311800.0,1037.4,30861964.0,74832.0,1.724444
2014,Assam,Cotton(lint),Kharif,912.0,1899.0,137675.52,300.96,0.5344
2000,Sikkim,Maize,Kharif,39903.0,2504.8,3917277.51,10374.78,1.49
2002,Kerala,Rubber,Whole Year,31594.05,2134.5,1878.16,286.49,1.347991
2007,Chhattisgarh,Sannhamp,Whole Year,1605.0,1246.2,214107.0,256.8,0.306471
2016,Bihar,Mango,Whole Year,59879.59,1194.7,9090.06,624.03,9.112422
2015,Tripura,Masoor,Rabi,3177.0,2334.4,501680.07,1048.41,0.65375
2012,Punjab,Sesamum,Kharif,5400.0,338.9,814320.0,1674.0,0.325556
2007,Andhra Pradesh,Moong(Green Gram),Kharif,286000.0,1004.2,38152400.0,45760.0,0.424211
2010,Telangana,Rice,Kharif,1609518.48,958.6,220093.39,4744.46,3.262245
2003,Andhra Pradesh,Mango,Whole Year,64451.12,1169.7,4602.51,451.84,5.193859
2002,Assam,Rice,Autumn,464497.0,1973.6,43973930.99,116124.25,1.076522
2015,Haryana,Wheat,Rabi,2576000.0,426.8,406776160.0,850080.0,4.252857
2015,Assam,Niger seed,Kharif,6534.0,2155.3,1031783.94,2156.22,0.551364
2012,Maharashtra,Small millets,Kharif,53800.0,1003.4,8113040.0,16678.0,0.397778
2013,Chhattisgarh,Linseed,Rabi,31159.0,1418.3,4502163.91,8412.93,0.39625
2005,Haryana,Potato,Whole Year,12597.0,516.9,1510632.24,2645.37,21.800667
2012,Gujarat,Tobacco,Kharif,43900.0,460.6,6620120.0,13609.0,1.824
2001,Maharashtra,Bajra,Kharif,1399200.0,1035.8,142900296.0,363792.0,0.515909
2017,Assam,Arhar/Tur,Kharif,5609.0,2098.6,883080.96,2131.42,0.821111
2011,Nagaland,Jute,Kharif,3040.0,1544.4,509260.8,1003.2,1.802
2019,Gujarat,Other Kharif pulses,Kharif,2578.0,1067.8,442797.28,953.86,0.613333
2003,Gujarat,Dry chillies,Whole Year,9100.0,902.5,900718.0,2184.0,0.874
2016,Rajasthan,Groundnut,Kharif,639394.44,209.1,133945.86,3087.65,1.787096
2001,Odisha,Groundnut,Kharif,61067.0,1672.5,6236772.71,15877.42,0.966667
2017,Mizoram,Rapeseed &Mustard,Kharif,23.0,3865.8,3621.12,8.74,0.49
2013,Gujarat,Jowar,Kharif,149468.0,1006.5,21596631.32,40356.36,1.374286
2011,Andhra Pradesh,Sesamum,Kharif,33178.0,861.9,5557978.56,10948.74,0.270526
2010,Gujarat,other oilseeds,Kharif,102000.0,1107.5,16943220.0,24480.0,0.333913
2002,Rajasthan,Cotton(lint),Kharif,2628065.46,212.7,452614.75,18766.19,0.466733
2012,Manipur,Banana,Whole Year,6581.0,1176.7,992414.8,2040.11,13.4
2016,Telangana,Small millets,Kharif,851.0,942.6,130415.75,297.85,0.943333
2006,Punjab,Rice,Kharif,2621000.0,569.6,334727910.0,576620.0,3.75
2019,Mizoram,Maize,Kharif,5860.0,2178.5,1006513.6,2168.2,1.77625
2013,Andhra Pradesh,Turmeric,Kharif,36753.98,986.1,3657.83,435.03,5.837262
2011,Nagaland,Castor seed,Kharif,280.0,1544.4,46905.6,92.4,0.632222
2003,Andhra Pradesh,Tobacco,Whole Year,191030.0,826.0,18908149.4,45847.2,3.782439
2008,Nagaland,Turmeric,Kharif,800.0,1540.9,114432.0,72.0,4.312727
2010,Arunachal Pradesh,Rice,Kharif,121570.0,2574.1,20193992.7,29176.8,1.219375
2006,Tripura,Mesta,Kharif,1064.0,1764.3,135883.44,234.08,7.6075
2016,Tamil Nadu,Ragi,Kharif,52250.0,912.4,8007312.5,18287.5,1.652273
2012,Karnataka,Cowpea(Lobia),Kharif,64825.0,956.2,9775610.0,20095.75,0.36963
2014,Meghalaya,Linseed,Rabi,90.0,3484.4,13586.4,29.7,0.55
2017,Manipur,Banana,Whole Year,6932.0,1780.0,1091374.08,2634.16,13.484444
2014,Uttar Pradesh,Ginger,Kharif,944.0,616.4,142506.24,311.52,4.605
2000,Madhya Pradesh,Turmeric,Whole Year,373.0,723.3,36617.41,96.98,0.86963
2012,Chhattisgarh,Rice,Kharif,3982172.0,1366.8,600511537.6,1234473.32,1.91963
2005,Bihar,Khesari,Rabi,99047.0,907.8,11877716.24,20799.87,0.734474
2005,Meghalaya,Ginger,Kharif,9625.0,3374.4,1154230.0,2021.25,6.558571
2009,Jammu and Kashmir,Bajra,Kharif,17402.0,751.7,2711579.64,2958.34,0.603333
2009,Uttar Pradesh,Banana,Summer,2336.0,585.8,363995.52,397.12,41.104103
2010,West Bengal,Linseed,Rabi,4116.0,1096.0,683708.76,987.84,0.350769
2001,Jammu and Kashmir,Sesamum,Kharif,6249.0,953.8,638210.37,1624.74,0.57
2019,Karnataka,Sugarcane,Whole Year,428540.0,1422.3,73606030.4,158559.8,81.455517
2010,Gujarat,Urad,Kharif,102100.0,1107.5,16959831.0,24504.0,0.672308
2020,Uttarakhand,Rice,Kharif,241936.0,1313.9,46841228.96,89516.32,2.093077
2019,Andhra Pradesh,Sugarcane,Kharif,85911.0,899.2,14756073.36,31787.07,83.445385
2010,Nagaland,Arhar/Tur,Kharif,2500.0,1771.8,415275.0,600.0,0.831818
2004,Tamil Nadu,Jowar,Kharif,376739.0,1034.0,40815903.26,79115.19,0.825
2006,Haryana,Peas & beans (Pulses),Rabi,969.0,329.3,123750.99,213.18,0.849
2006,Madhya Pradesh,Dry chillies,Whole Year,47381.0,1072.3,6051027.51,10423.82,0.719792
2002,Karnataka,Bajra,Kharif,303868.0,860.8,28767183.56,75967.0,0.43125
2004,Goa,Sugarcane,Whole Year,1210.0,2518.0,131091.4,254.1,52.75
2014,Telangana,Ginger,Kharif,2186.0,746.4,329998.56,721.38,7.78
2018,Andhra Pradesh,Rice,Kharif,1563887.0,1220.5,253662471.4,547360.45,3.263846
2003,Odisha,Sweet potato,Whole Year,47030.0,1648.2,4655029.4,11287.2,8.454333
2016,Madhya Pradesh,Gram,Rabi,3223000.0,1048.4,493924750.0,1128050.0,1.435098
2000,Chhattisgarh,Potato,Whole Year,9092.0,896.4,892561.64,2363.92,7.36625
2014,Uttarakhand,Turmeric,Whole Year,903.0,1287.4,136316.88,297.99,1.877
2013,Karnataka,Groundnut,Kharif,472982.0,1235.6,68341169.18,127705.14,0.8375
2015,Karnataka,Rice,Kharif,977005.0,1024.9,154278859.5,322411.65,2.525667
2010,Jharkhand,Rice,Kharif,707407.31,1066.7,136420.56,2116.85,2.797312
2019,Bihar,Small millets,Kharif,2049.0,1194.7,351936.24,758.13,0.801667
2016,Madhya Pradesh,Banana,Whole Year,26969.8,1048.4,4133121.85,9439.43,44.614167
2019,Uttarakhand,Other Cereals,Kharif,777.0,1378.9,133457.52,287.49,0.952
2018,Jammu and Kashmir,Barley,Kharif,441.0,1016.3,71530.2,154.35,0.35
2007,Puducherry,Sweet potato,Rabi,1.0,1434.6,133.4,0.16,1.0
2006,Andhra Pradesh,Ginger,Whole Year,2439.0,845.2,311484.69,536.58,3.558
2010,Chhattisgarh,Ragi,Kharif,8063.0,1283.1,1339344.93,1935.12,0.280909
2007,Jammu and Kashmir,Dry chillies,Kharif,674.0,1042.2,89911.6,107.84,0.956364
2007,West Bengal,Sesamum,Autumn,1093.0,2007.5,145806.2,174.88,0.640769
2006,West Bengal,Mango,Whole Year,179653.39,1261.0,21190.46,1719.02,5.730031
2017,Karnataka,Rice,Kharif,737547.0,1111.7,116119399.7,280267.86,2.9
2008,Goa,Groundnut,Kharif,642.0,3271.6,91831.68,57.78,0.7
2012,Nagaland,Ragi,Kharif,310.0,1296.6,46748.0,96.1,0.962857
2011,Chhattisgarh,Horse-gram,Kharif,46924.0,1302.7,7860708.48,15484.92,0.312273
2001,Himachal Pradesh,Cotton(lint),Kharif,20.0,918.1,2042.6,5.2,0.8975
2014,Gujarat,Dry chillies,Whole Year,11498.0,605.6,1735738.08,3794.34,0.944444
2010,Madhya Pradesh,Coriander,Whole Year,174966.0,856.3,29063602.26,41991.84,0.3425
2006,Andhra Pradesh,Onion,Kharif,18601.0,845.2,2375533.71,4092.22,15.370556
2001,Chhattisgarh,Coriander,Whole Year,3618.0,1550.0,369506.34,940.68,0.28875
2017,Punjab,Potato,Rabi,284753.57,687.6,82075.63,721.29,23.731431
2010,Karnataka,Dry chillies,Kharif,99759.0,1317.7,16570967.49,23942.16,1.176207
2000,Gujarat,Wheat,Rabi,286100.0,379.7,28086437.0,74386.0,2.346842
2009,Jharkhand,Sugarcane,Whole Year,894.0,996.1,139303.08,151.98,41.7825
2013,Manipur,Wheat,Rabi,2160.0,1428.8,312098.4,583.2,2.495
2019,Bihar,Banana,Whole Year,97851.09,1847.9,21960.96,507.42,31.149263
2012,Uttar Pradesh,Wheat,Rabi,9733617.0,746.3,1467829444.0,3017421.27,3.2492
2000,Delhi,Wheat,Rabi,27836.0,544.3,2732660.12,7237.36,3.52
2012,Uttarakhand,Masoor,Rabi,11075.0,1309.8,1670110.0,3433.25,0.713077
2017,Uttarakhand,Peas & beans (Pulses),Rabi,4348.0,1475.8,684549.12,1652.24,0.766923
2003,Bihar,Moong(Green Gram),Kharif,8398.0,1353.9,831234.04,2015.52,0.527576
2010,Madhya Pradesh,Sugarcane,Whole Year,48190.0,856.3,8004840.9,11565.6,31.9975
2016,Arunachal Pradesh,Other  Rabi pulses,Rabi,1243.0,2933.7,190489.75,435.05,0.691333
2002,Nagaland,Jute,Kharif,1500.0,1536.6,142005.0,375.0,3.8625
2019,Uttar Pradesh,Bajra,Kharif,917090.0,814.5,157519378.4,339323.3,1.900938
2009,Karnataka,Ragi,Kharif,728828.0,1321.0,113565979.0,123900.76,1.337143
2013,Meghalaya,Wheat,Rabi,422.0,2448.4,60974.78,113.94,1.506
2002,Andhra Pradesh,Other  Rabi pulses,Rabi,1873.0,648.1,177316.91,468.25,0.27375
2014,Jammu and Kashmir,Rice,Kharif,275861.0,1278.4,41643976.56,91034.13,1.098947
2004,Puducherry,Onion,Whole Year,7.0,1434.6,758.38,1.47,2.165
2004,Andhra Pradesh,Castor seed,Kharif,271600.0,781.8,29425144.0,57036.0,0.484444
2014,Nagaland,Sugarcane,Kharif,4350.0,1333.3,656676.0,1435.5,43.523636
2018,Andhra Pradesh,Other  Rabi pulses,Rabi,11259.0,1220.5,1826209.8,3940.65,2.346667
2004,Tamil Nadu,Cashewnut,Whole Year,104659.0,1034.0,11338756.06,21978.39,0.34037
2002,West Bengal,Gram,Rabi,47538.0,1629.1,4500422.46,11884.5,0.679091
2012,Haryana,Wheat,Rabi,2496905.0,307.9,376533274.0,774040.55,4.409048
2010,Odisha,Wheat,Summer,2857.0,1291.9,474576.27,685.68,1.3396
2009,West Bengal,Coconut,Whole Year,28846.0,1317.2,4494783.72,4903.82,12313.48667
2011,Meghalaya,Rapeseed &Mustard,Rabi,7193.0,4083.1,1204971.36,2373.69,0.6
2003,Tamil Nadu,Rice,Kharif,1396651.0,345.6,138240516.0,335196.24,2.728214
2010,Himachal Pradesh,Soyabean,Kharif,545.0,1319.8,90529.95,130.8,1.444286
2008,West Bengal,Masoor,Rabi,49712.0,1560.1,7110804.48,4474.08,0.617059
2012,Puducherry,Turmeric,Rabi,5.0,1098.3,754.0,1.55,1.8
2013,Uttar Pradesh,Mustard,Rabi,1290932.01,806.6,200545.26,4194.85,1.496831
2014,Gujarat,Onion,Rabi,38809.0,605.6,5858606.64,12806.97,28.187241
2011,Uttarakhand,Moong(Green Gram),Summer,3.0,1564.7,502.56,0.99,0.67
2017,Arunachal Pradesh,Soyabean,Kharif,3129.0,2745.5,492629.76,1189.02,1.516842
2015,Karnataka,Dry chillies,Kharif,88799.0,1024.9,14022250.09,29303.67,1.017586
2001,Himachal Pradesh,Dry chillies,Whole Year,1024.0,918.1,104581.12,266.24,0.219
2005,Uttarakhand,Sunflower,Kharif,119.0,1353.3,14270.48,24.99,1.05
2002,West Bengal,Barley,Rabi,2459.0,1629.1,232793.53,614.75,0.843333
2018,Madhya Pradesh,Turmeric,Whole Year,13665.88,1102.2,2216605.74,4783.06,19.059167
2004,Assam,Arhar/Tur,Kharif,6733.0,2536.9,729453.22,1413.93,0.710435
2019,Jharkhand,Other Kharif pulses,Kharif,17041.0,1137.8,2926962.16,6305.17,0.630526
2012,Meghalaya,Banana,Kharif,6992.0,2945.3,1054393.6,2167.52,10.555714
2013,Maharashtra,Niger seed,Kharif,40300.0,1409.8,5822947.0,10881.0,0.218889
2016,Uttar Pradesh,Peas & beans (Pulses),Rabi,384307.0,965.3,58895047.75,134507.45,1.337671
2010,Assam,Tobacco,Whole Year,490.0,2578.5,81393.9,117.6,0.6084
2014,Tripura,Mesta,Kharif,627.0,2015.7,94651.92,206.91,8.12
2000,Odisha,Garlic,Whole Year,9000.0,1066.0,883530.0,2340.0,3.123
2012,Uttar Pradesh,Jowar,Kharif,184153.0,746.3,27770272.4,57087.43,1.2225
2014,Delhi,Gram,Rabi,41.0,416.4,6189.36,13.53,1.32
2007,Tamil Nadu,Moong(Green Gram),Whole Year,158691.0,1067.2,21169379.4,25390.56,0.414286
2015,Odisha,Sugarcane,Winter,8962.0,1210.1,1415189.42,2957.46,58.854286
2017,Arunachal Pradesh,Arhar/Tur,Kharif,806.0,2745.5,126896.64,306.28,0.777857
2017,Kerala,Coconut,Whole Year,760443.0,2664.8,119724145.9,288968.34,6400.547143
2005,Bihar,Mango,Whole Year,216491.74,1029.6,44296.01,2363.21,6.114099
2011,Karnataka,Turmeric,Whole Year,25525.0,1179.0,4275948.0,8423.25,4.57875
2003,Madhya Pradesh,Jowar,Kharif,768501.0,1163.0,76066228.98,184440.24,1.225833
2001,Madhya Pradesh,Jowar,Kharif,622456.0,955.0,63571431.28,161838.56,0.977556
2000,Haryana,Garlic,Whole Year,286.0,383.7,28076.62,74.36,5.085556
2019,Bihar,Rapeseed &Mustard,Rabi,75240.0,1194.7,12923222.4,27838.8,1.111351
2019,Mizoram,Cowpea(Lobia),Kharif,1033.0,2178.5,177428.08,382.21,1.32625
2015,Tamil Nadu,Sweet potato,Whole Year,586.0,1201.9,92535.26,193.38,17.214737
2001,Gujarat,Banana,Whole Year,24400.0,666.5,2491972.0,6344.0,61.91875
2017,Assam,Maize,Kharif,31537.0,2098.6,4965185.28,11984.06,2.989259
2010,Karnataka,Arecanut,Whole Year,211265.0,1317.7,35093229.15,50703.6,10.948182
2014,Uttarakhand,Peas & beans (Pulses),Rabi,5572.0,1287.4,841149.12,1838.76,0.733333
2009,Andhra Pradesh,Coriander,Whole Year,37468.0,711.0,5838263.76,6369.56,0.695625
2017,Jharkhand,Soyabean,Kharif,1923.0,1165.7,302757.12,730.74,0.857692
2020,Andhra Pradesh,Bajra,Kharif,1109464.78,739.3,205674.41,8753.46,2.028716
2015,Uttar Pradesh,Barley,Rabi,124744.0,596.7,19698325.04,41165.52,2.110141
2001,Haryana,Rice,Kharif,1027505.0,483.8,104939085.6,267151.3,2.645556
2012,Meghalaya,Turmeric,Whole Year,2208.0,2945.3,332966.4,684.48,5.747143
2020,Uttar Pradesh,Maize,Kharif,138477.35,938.9,17577.14,1369.24,3.52057
2007,Odisha,Urad,Autumn,32628.0,1633.8,4352575.2,5220.48,0.222917
2017,Uttarakhand,other oilseeds,Kharif,34.0,1475.8,5352.96,12.92,0.72
2010,Gujarat,Other Cereals,Kharif,8000.0,1107.5,1328880.0,1920.0,0.632
2007,Odisha,Arhar/Tur,Kharif,576506.15,1765.0,117980.5,4827.49,0.941339
2009,Punjab,Maize,Kharif,139000.0,371.3,21658980.0,23630.0,3.489167
2019,Meghalaya,Peas & beans (Pulses),Rabi,2340.0,3844.4,401918.4,865.8,1.804545
2014,Puducherry,Moong(Green Gram),Rabi,56.0,1330.0,8453.76,18.48,0.75
2009,Gujarat,Groundnut,Kharif,1757600.0,618.0,273869232.0,298792.0,1.067917
2009,Meghalaya,Arecanut,Whole Year,13621.0,2995.9,2122424.22,2315.57,1.248571
2014,Karnataka,Cowpea(Lobia),Kharif,54977.0,1238.5,8299327.92,18142.41,0.530741
2009,Gujarat,Dry chillies,Whole Year,9000.0,618.0,1402380.0,1530.0,0.970909
2014,Uttar Pradesh,Potato,Rabi,575668.0,616.4,86902841.28,189970.44,21.623333
2010,Uttar Pradesh,Arhar/Tur,Kharif,344186.0,742.6,57172736.46,82604.64,0.846761
2018,Uttar Pradesh,Sunflower,Summer,1245.0,792.8,201939.0,435.75,1.359091
2001,Nagaland,Groundnut,Kharif,500.0,1532.0,51065.0,130.0,1.13
2009,Arunachal Pradesh,Maize,Kharif,43630.0,1701.9,6798426.6,7417.1,1.47875
2010,Gujarat,Potato,Whole Year,55100.0,1107.5,9152661.0,13224.0,21.58
2015,Goa,Other Kharif pulses,Kharif,171.0,2587.1,27002.61,56.43,0.735
2017,Bihar,Turmeric,Whole Year,2724.0,1112.0,428866.56,1035.12,1.032222
2014,Meghalaya,Sweet potato,Kharif,4526.0,3484.4,683244.96,1493.58,3.670909
2018,Chhattisgarh,Gram,Rabi,330912.0,1515.5,53673926.4,115819.2,1.0168
2008,Meghalaya,Wheat,Rabi,416.0,3114.3,59504.64,37.44,1.245
2013,Telangana,Jowar,Kharif,70833.0,1348.7,10234660.17,19124.91,0.951429
2014,Gujarat,Sesamum,Kharif,137247.0,605.6,20718807.12,45291.51,0.553
2017,Karnataka,Cowpea(Lobia),Kharif,86555.0,1111.7,13627219.2,32890.9,0.2388
2004,Jammu and Kashmir,Urad,Kharif,14354.0,1032.1,1555112.36,3014.34,0.484444
2000,Uttar Pradesh,Masoor,Rabi,651730.0,874.4,63980334.1,169449.8,0.757391
2000,Sikkim,Wheat,Rabi,7215.0,2504.8,708296.55,1875.9,1.3725
2018,Andhra Pradesh,Banana,Whole Year,59098.0,1220.5,9585695.6,20684.3,126.387692
2018,Meghalaya,Rapeseed &Mustard,Rabi,9879.0,5649.1,1602373.8,3457.65,0.890909
2003,Bihar,Tobacco,Whole Year,14353.0,1353.9,1420659.94,3444.72,1.103333
2000,Assam,Rice,Autumn,539665.0,1965.5,52978913.05,140312.9,1.197826
2018,Puducherry,Bajra,Kharif,7.0,1693.9,1135.4,2.45,2.43
2014,West Bengal,Tobacco,Whole Year,14230.0,1483.5,2148160.8,4695.9,1.175
2010,Assam,Jute,Kharif,62267.0,2578.5,10343171.37,14944.08,10.210741
2005,West Bengal,Mesta,Kharif,10358.0,1650.1,1242131.36,2175.18,11.782857
2004,Karnataka,Mesta,Kharif,2810.0,1117.7,304435.4,590.1,1.714
2014,Telangana,Small millets,Kharif,134.0,746.4,20228.64,44.22,0.63
2010,Nagaland,Potato,Kharif,2750.0,1771.8,456802.5,660.0,12.74
2003,Himachal Pradesh,Wheat,Rabi,365359.0,1112.6,36163233.82,87686.16,1.3625
2001,Uttar Pradesh,Moong,Kharif,23232.98,916.1,4007.65,36.73,0.546947
2018,Himachal Pradesh,Arhar/Tur,Kharif,49.0,1052.2,7947.8,17.15,0.486667
2015,Madhya Pradesh,Other Cereals,Kharif,52000.0,1000.7,8211320.0,17160.0,0.785263
2020,Maharashtra,Grapes,Whole Year,10090.6,2054.9,2905.96,16.96,25.111354
2007,Uttar Pradesh,Lentil,Rabi,38356.97,744.1,7976.06,112.56,0.906689
2006,Chhattisgarh,Linseed,Rabi,64627.0,1317.2,8253514.17,14217.94,0.239375
2002,Chhattisgarh,Onion,Whole Year,4145.0,1001.4,392407.15,1036.25,8.068
2002,West Bengal,Sugarcane,Whole Year,19460.0,1629.1,1842278.2,4865.0,64.529333
2004,Karnataka,Soyabean,Kharif,159031.0,1117.7,17229418.54,33396.51,0.633846
2005,Arunachal Pradesh,Dry chillies,Whole Year,2168.0,2767.0,259986.56,455.28,1.486667
2003,Odisha,Arhar/Tur,Kharif,136540.0,1648.2,13514729.2,32769.6,0.682069
2018,Uttarakhand,Rapeseed &Mustard,Rabi,13144.0,1373.0,2131956.8,4600.4,0.863077
2007,Chhattisgarh,Other Kharif pulses,Kharif,7235.0,1246.2,965149.0,1157.6,0.250556
2015,Chhattisgarh,Horse-gram,Kharif,40528.0,1136.0,6399776.48,13374.24,0.39
2015,Kerala,Rubber,Whole Year,46358.66,3331.9,10573.43,210.84,1.585697
2011,Telangana,Mango,Whole Year,109136.66,813.9,14974.94,698.48,6.164924
2002,Odisha,Rice,Kharif,4273000.0,1102.8,404524910.0,1068250.0,0.753333
2001,Uttar Pradesh,Moong(Green Gram),Kharif,28084.0,849.9,2868218.92,7301.84,0.270909
2009,Sikkim,Rice,Kharif,12270.0,2176.6,1911911.4,2085.9,1.595
2015,Andhra Pradesh,Niger seed,Rabi,6685.0,940.7,1055628.35,2206.05,0.445
2009,Meghalaya,Ginger,Kharif,9321.0,2995.9,1452398.22,1584.57,6.834286
2001,Punjab,Groundnut,Kharif,400.0,479.3,40852.0,104.0,1.0
2017,Karnataka,Sugarcane,Whole Year,400000.0,1111.7,62976000.0,152000.0,91.899565
2013,Uttarakhand,Peas & beans (Pulses),Rabi,6244.0,1735.4,902195.56,1685.88,0.742308
2003,Karnataka,Tomato,Whole Year,21513.95,2674.1,2679.48,225.56,21.777225
2000,Nagaland,Castor seed,Kharif,1000.0,1631.8,98170.0,260.0,0.768333
2016,Madhya Pradesh,Soyabean,Kharif,5402000.0,1048.4,827856500.0,1890700.0,1.172222
2000,Himachal Pradesh,Small millets,Kharif,15278.0,1068.4,1499841.26,3972.28,0.35
2014,Tamil Nadu,Dry chillies,Whole Year,44606.0,911.3,6733721.76,14719.98,0.811935
2009,Uttarakhand,Wheat,Rabi,372846.0,847.8,58096863.72,63383.82,1.674615
2000,Nagaland,Gram,Rabi,1000.0,1631.8,98170.0,260.0,0.785
2018,Andhra Pradesh,Urad,Kharif,22364.0,1220.5,3627440.8,7827.4,0.754615
2009,Maharashtra,Groundnut,Kharif,260400.0,1002.4,40575528.0,44268.0,0.797917
2009,Andhra Pradesh,Small millets,Kharif,24322.0,711.0,3789854.04,4134.74,0.461818
2006,Goa,Ragi,Kharif,280.0,2928.8,35758.8,61.6,0.91
2009,Karnataka,Cotton(lint),Whole Year,456802.0,1321.0,71178887.64,77656.34,1.6005
2009,Jammu and Kashmir,Rapeseed &Mustard,Rabi,60262.0,751.7,9390024.84,10244.54,0.620526
2009,Odisha,Arhar/Tur,Kharif,285539.26,1351.4,63245.42,1972.48,1.049575
2010,Karnataka,Moong(Green Gram),Kharif,390821.0,1317.7,64919276.31,93797.04,0.284167
2017,Punjab,Moong(Green Gram),Kharif,3500.0,497.5,551040.0,1330.0,0.847
2004,Nagaland,Barley,Rabi,4400.0,1711.5,476696.0,924.0,1.58125
2016,Kerala,Rubber,Whole Year,21259.37,2300.4,3594.56,131.3,1.53013
2013,Uttar Pradesh,Tobacco,Rabi,25435.0,995.2,3675103.15,6867.45,5.3975
2012,West Bengal,Gram,Rabi,25135.0,1566.0,3790358.0,7791.85,1.285833
2009,Tripura,Maize,Kharif,2018.0,2004.2,314444.76,343.06,1.0
2007,Madhya Pradesh,Masoor,Rabi,520643.0,740.4,69453776.2,83302.88,0.409574
2001,Maharashtra,Wheat,Rabi,776000.0,1035.8,79252880.0,201760.0,1.313793
2016,Arunachal Pradesh,Turmeric,Whole Year,800.0,2933.7,122600.0,280.0,4.386
2001,Haryana,Sannhamp,Whole Year,1895.0,483.8,193536.35,492.7,0.117
2017,Karnataka,Groundnut,Kharif,389994.0,1111.7,61400655.36,148197.72,1.095
2014,Karnataka,Other Kharif pulses,Kharif,59108.0,1238.5,8922943.68,19505.64,0.8136
2008,Punjab,Groundnut,Kharif,2700.0,691.3,386208.0,243.0,0.876667
2005,Assam,Other  Rabi pulses,Rabi,91945.0,2184.6,11026044.4,19308.45,0.533704
2012,Himachal Pradesh,Garlic,Rabi,4298.0,1035.0,648138.4,1332.38,1.256667
2017,Himachal Pradesh,Ragi,Kharif,1817.0,1182.2,286068.48,690.46,0.924286
2020,Assam,Maize,Kharif,267164.85,3472.7,70328.91,1019.27,3.919896
2004,Meghalaya,Wheat,Rabi,863.0,4767.9,93497.42,181.23,1.156667
2018,Maharashtra,Safflower,Rabi,25122.0,1387.4,4074788.4,8792.7,0.446923
2002,Odisha,Moong(Green Gram),Kharif,168305.0,1102.8,15933434.35,42076.25,0.205667
2005,Rajasthan,Gram,Rabi,1116976.47,331.2,245463.11,2476.01,0.867353
2015,Bihar,Linseed,Rabi,15033.0,874.0,2373861.03,4960.89,0.873333
2018,Maharashtra,other oilseeds,Summer,83.0,1387.4,13462.6,29.05,0.12
2002,Maharashtra,Linseed,Rabi,53600.0,967.4,5074312.0,13400.0,0.266667
2016,Uttar Pradesh,Gram,Rabi,561686.0,965.3,86078379.5,196590.1,1.237164
2014,Madhya Pradesh,Moong(Green Gram),Kharif,149000.0,891.2,22493040.0,49170.0,0.437209
2002,Nagaland,Sunflower,Kharif,2000.0,1536.6,189340.0,500.0,1.81625
2014,Uttarakhand,Rice,Kharif,247698.0,1287.4,37392490.08,81740.34,1.738462
2005,West Bengal,Peas & beans (Pulses),Rabi,13131.0,1650.1,1574669.52,2757.51,0.936471
2012,Kerala,Arhar/Tur,Whole Year,1186.0,2187.6,178848.8,367.66,1.496
2007,Chhattisgarh,Sugarcane,Whole Year,10966.0,1246.2,1462864.4,1754.56,3.015
2018,Assam,Tapioca,Whole Year,3364.0,2372.9,545640.8,1177.4,8.9004
2010,Assam,Sweet potato,Whole Year,6186.0,2578.5,1027556.46,1484.64,3.412593
2011,Assam,Cotton(lint),Kharif,1230.0,1743.4,206049.6,405.9,0.595652
2004,Chhattisgarh,Dry chillies,Whole Year,6511.0,1122.8,705401.74,1367.31,0.53375
2017,Madhya Pradesh,Safflower,Rabi,1010.0,800.0,159014.4,383.8,0.653333
2003,Manipur,Soyabean,Kharif,320.0,687.7,31673.6,76.8,0.875
2016,Odisha,Arhar/Tur,Kharif,416542.22,1737.0,60423.22,4670.13,1.062499
2016,Jammu and Kashmir,Potato,Kharif,1692.0,902.8,259299.0,592.2,7.245
2000,Jammu and Kashmir,Barley,Kharif,34.0,989.5,3337.78,8.84,0.26
2010,Mizoram,Soyabean,Kharif,1401.0,2738.7,232720.11,336.24,1.6225
2003,Assam,Sugarcane,Whole Year,25431.0,2213.7,2517160.38,6103.44,37.432174
2001,Kerala,Sesamum,Kharif,878.0,2946.7,89670.14,228.28,0.325
2013,Bihar,Small millets,Kharif,2768.0,1069.9,399948.32,747.36,0.783684
2009,Gujarat,Gram,Rabi,132200.0,618.0,20599404.0,22474.0,0.9432
2011,Maharashtra,Linseed,Rabi,31000.0,1174.1,5193120.0,10230.0,0.236
2011,Odisha,Wheat,Summer,1461.0,1346.2,244746.72,482.13,1.39
2013,Manipur,Moong(Green Gram),Kharif,440.0,1428.8,63575.6,118.8,0.957778
2015,Bihar,Wheat,Rabi,2110750.0,874.0,333308532.5,696547.5,2.312632
2017,Uttarakhand,Rapeseed &Mustard,Rabi,13592.0,1475.8,2139924.48,5164.96,0.75
2000,Punjab,Sesamum,Kharif,19200.0,405.3,1884864.0,4992.0,0.282143
2013,Telangana,Banana,Whole Year,1522.0,1348.7,219913.78,410.94,31.147143
2009,Gujarat,Ragi,Kharif,14700.0,618.0,2290554.0,2499.0,0.7575
2005,Andhra Pradesh,Cotton(lint),Kharif,1032629.0,1075.5,123832869.7,216852.09,1.727273
2018,Maharashtra,Rice,Kharif,1417445.0,1387.4,229909579.0,496105.75,1.657917
2009,West Bengal,Sesamum,Autumn,1041.0,1317.2,162208.62,176.97,0.6125
2011,Kerala,Arecanut,Whole Year,104548.36,3035.1,17513941.27,34500.96,0.92
2008,Madhya Pradesh,Niger seed,Kharif,100298.0,895.0,14346625.92,9026.82,0.239231
2011,Arunachal Pradesh,Dry chillies,Whole Year,2500.0,2193.7,418800.0,825.0,1.998125
2002,Tamil Nadu,Other Kharif pulses,Kharif,121255.0,315.9,11479210.85,30313.75,0.197037
2000,Arunachal Pradesh,Potato,Whole Year,5621.0,2157.7,551813.57,1461.46,6.783077
2001,Rajasthan,Maize,Kharif,134747.82,535.9,26642.21,1225.44,2.390878
2019,Jammu and Kashmir,Masoor,Kharif,213.0,1324.1,36584.88,78.81,1.44
2014,Goa,Coconut,Whole Year,25786.0,3491.2,3892654.56,8509.38,4955.305
2017,Mizoram,Onion,Rabi,110.9,3865.8,17460.1,42.14,7.24
2017,Gujarat,Small millets,Rabi,10080.0,814.8,1586995.2,3830.4,1.39
2018,Rajasthan,Maize,Kharif,375623.04,252.5,45989.82,3139.7,4.009054
2000,Tamil Nadu,Maize,Kharif,119802.0,971.1,11760962.34,31148.52,1.629091
2019,Bihar,Lentil,Rabi,21089.16,1353.3,5638.53,72.91,1.080583
2019,Nagaland,Sugarcane,Kharif,4450.0,1593.0,764332.0,1646.5,43.475455
2009,Uttar Pradesh,Moong(Green Gram),Kharif,35348.0,585.8,5507925.36,6009.16,0.142909
2016,Kerala,Garlic,Whole Year,77.0,2924.3,11800.25,26.95,4.94
2006,Karnataka,Turmeric,Whole Year,7477.0,1146.3,954887.67,1644.94,4.7735
2013,West Bengal,Linseed,Rabi,4315.0,1939.9,623474.35,1165.05,0.367692
2003,Andhra Pradesh,Wheat,Rabi,11928.0,826.0,1180633.44,2862.72,0.481818
2013,Uttar Pradesh,Dry chillies,Kharif,13766.0,995.2,1989049.34,3716.82,0.808462
2000,Uttar Pradesh,Moth,Kharif,151.0,874.4,14823.67,39.26,0.339333
2015,Tamil Nadu,Jowar,Kharif,185193.0,1201.9,29243826.63,61113.69,1.340833
2015,Chhattisgarh,Arhar/Tur,Kharif,65109.0,1136.0,10281362.19,21485.97,0.482963
2006,Gujarat,Maize,Kharif,447700.0,1056.2,57175767.0,98494.0,0.529375
2016,Chhattisgarh,Rice,Kharif,4052587.0,1298.9,621058957.8,1418405.45,2.076667
2007,Uttarakhand,Tobacco,Whole Year,12.0,1924.3,1600.8,1.92,3.0
2002,Chhattisgarh,Moong(Green Gram),Kharif,9625.0,1001.4,911198.75,2406.25,0.21125
2004,Chhattisgarh,Moong(Green Gram),Kharif,9939.0,1122.8,1076791.26,2087.19,0.253125
2005,Karnataka,Mesta,Whole Year,2097.0,1316.2,251472.24,440.37,1.568
2013,West Bengal,Arhar/Tur,Rabi,1483.0,1939.9,214278.67,400.41,1.383333
2016,Tamil Nadu,Onion,Kharif,13602.0,912.4,2084506.5,4760.7,10.276923
2013,Tamil Nadu,Turmeric,Whole Year,31968.0,740.9,4619056.32,8631.36,3.797778
2007,Bihar,Dry chillies,Whole Year,2680.0,1600.2,357512.0,428.8,1.106207
2018,Sikkim,Rapeseed &Mustard,Rabi,3105.0,3350.1,503631.0,1086.75,0.8475
2008,Arunachal Pradesh,Potato,Whole Year,4063.0,2244.4,581171.52,365.67,7.076875
2003,Manipur,Turmeric,Whole Year,550.0,687.7,54439.0,132.0,0.72
2000,Kerala,Tobacco,Whole Year,213.0,2412.6,20910.21,55.38,5.57
2010,Andhra Pradesh,Garlic,Whole Year,464.0,1297.0,77075.04,111.36,1.968
2004,Karnataka,Tobacco,Whole Year,91403.0,1117.7,9902601.02,19194.63,0.75
2020,Haryana,Bajra,Kharif,1276638.52,323.9,157508.81,11568.86,2.102859
2011,Uttar Pradesh,Barley,Rabi,157716.0,777.4,26420584.32,52046.28,2.648889
2017,Bihar,Gram,Rabi,58221.0,1112.0,9166314.24,22123.98,1.131935
2011,Kerala,Sugarcane,Whole Year,2604.41,3035.1,436290.76,859.46,38.003571
2000,Maharashtra,Wheat,Rabi,754200.0,1057.8,74039814.0,196092.0,1.197
2010,Uttarakhand,Horse-gram,Kharif,9690.0,1419.0,1609605.9,2325.6,0.854545
2010,Madhya Pradesh,Rice,Kharif,1573535.0,856.3,261379898.8,377648.4,1.211667
2012,Tamil Nadu,Castor seed,Kharif,12174.0,706.8,1835839.2,3773.94,0.153333
2013,Nagaland,Peas & beans (Pulses),Kharif,2320.0,1350.9,335216.8,626.4,1.323
2012,Himachal Pradesh,Maize,Kharif,275973.0,1035.0,41616728.4,85551.63,2.4975
2001,Chhattisgarh,Cotton(lint),Kharif,103.0,1550.0,10519.39,26.78,0.795
2013,West Bengal,Mustard,Rabi,1181042.62,1929.1,281981.29,5244.96,1.47581
2010,Andhra Pradesh,Rapeseed &Mustard,Rabi,6922.0,1297.0,1149813.42,1661.28,2.31
2019,West Bengal,Peas & beans (Pulses),Rabi,20041.0,1733.4,3442242.16,7415.17,0.986667
2018,Tripura,Rice,Autumn,35340.0,2169.1,5732148.0,12369.0,2.50625
2002,Haryana,Sannhamp,Whole Year,516.0,353.9,48849.72,129.0,0.04
2000,Odisha,Jowar,Kharif,13000.0,1066.0,1276210.0,3380.0,0.598
2005,West Bengal,Khesari,Rabi,33253.0,1650.1,3987699.76,6983.13,0.780588
2014,Haryana,Peas & beans (Pulses),Kharif,14703.0,301.3,2219564.88,4851.99,7.4015
2012,Uttarakhand,Wheat,Rabi,349669.0,1309.8,52730085.2,108397.39,1.954615
2012,Bihar,Banana,Whole Year,87815.66,1281.6,7204.94,958.76,29.016452
2005,Delhi,Other Kharif pulses,Kharif,180.0,653.1,21585.6,37.8,1.5
2004,Maharashtra,Banana,Whole Year,45273.01,1704.8,6784.21,113.62,28.531691
2007,Puducherry,Jowar,Kharif,3.0,1434.6,400.2,0.48,1.67
2006,Karnataka,Horse-gram,Kharif,111793.0,1146.3,14277084.03,24594.46,0.370435
2014,Odisha,Horse-gram,Summer,118.0,1536.9,17813.28,38.94,0.368
2006,Jharkhand,Onion,Rabi,2914.72,1465.1,372238.89,641.24,5.84
2010,Assam,Maize,Kharif,19772.0,2578.5,3284326.92,4745.28,0.61
2017,Chhattisgarh,Small millets,Kharif,77185.0,1124.5,12152006.4,29330.3,0.893333
2003,Maharashtra,Small millets,Kharif,68600.0,1037.4,6790028.0,16464.0,0.554333
2004,Meghalaya,Coriander,Whole Year,53.0,4767.9,5742.02,11.13,5.4925
2019,Karnataka,Urad,Kharif,68513.0,1422.3,11767792.88,25349.81,0.384286
2013,Telangana,Sunflower,Kharif,2040.0,1348.7,294759.6,550.8,0.846667
2011,Nagaland,Ginger,Kharif,3150.0,1544.4,527688.0,1039.5,9.116364
2018,Telangana,Cashewnut,Kharif,1509.0,1350.3,244759.8,528.15,0.246667
2001,Bihar,Onion,Whole Year,14083.0,1247.0,1438296.79,3661.58,10.473514
2012,Punjab,Arhar/Tur,Kharif,2400.0,338.9,361920.0,744.0,1.583636
2012,Arunachal Pradesh,Turmeric,Whole Year,699.0,2760.7,105409.2,216.69,4.02625
2007,West Bengal,Linseed,Rabi,5917.0,2007.5,789327.8,946.72,0.278571
2015,West Bengal,Rapeseed &Mustard,Rabi,457832.0,1717.0,72296251.12,151084.56,0.887222
2013,Telangana,Castor seed,Kharif,78475.0,1348.7,11338852.75,21188.25,0.60625
2016,West Bengal,Mustard,Rabi,1284773.64,1924.2,295700.26,13330.04,1.548834
2011,Manipur,Urad,Kharif,1506.0,1533.6,252285.12,496.98,1.136667
2007,Maharashtra,Wheat,Rabi,1252800.0,1257.2,167123520.0,200448.0,1.782333
2005,Meghalaya,Maize,Kharif,16898.0,3374.4,2026408.16,3548.58,1.481429
2018,Chhattisgarh,Other  Rabi pulses,Rabi,3285.0,1515.5,532827.0,1149.75,0.218261
2020,Odisha,Wheat,Rabi,1257732.26,1234.6,322927.29,5019.37,4.095731
2001,Karnataka,Castor seed,Kharif,21799.0,1002.9,2226331.87,5667.74,0.704
2004,Arunachal Pradesh,Oilseeds total,Whole Year,27139.0,2939.5,2940239.26,5699.19,1.044667
2003,Madhya Pradesh,Garlic,Whole Year,33158.0,1163.0,3281978.84,7957.92,3.003333
2008,Andhra Pradesh,Bajra,Kharif,49844.0,944.6,7129685.76,4485.96,1.134375
2003,Bihar,Groundnut,Kharif,468.0,1353.9,46322.64,112.32,0.441111
2012,Andhra Pradesh,Rapeseed &Mustard,Rabi,3522.0,968.7,531117.6,1091.82,0.4525
2005,Goa,Black pepper,Whole Year,626.0,3392.8,75069.92,131.46,0.22
2016,Andhra Pradesh,Sweet potato,Kharif,149.0,890.0,22834.25,52.15,14.881667
2003,Punjab,Urad,Kharif,5200.0,451.7,514696.0,1248.0,0.641429
2014,Maharashtra,Sunflower,Kharif,32300.0,1001.6,4876008.0,10659.0,0.24
2006,Bihar,Sunflower,Rabi,22828.0,1052.8,2915363.88,5022.16,1.361538
2005,West Bengal,Arhar/Tur,Rabi,1830.0,1650.1,219453.6,384.3,0.885
2014,Karnataka,Onion,Kharif,165553.0,1238.5,24991880.88,54632.49,5.48
2003,Andhra Pradesh,Onion,Kharif,16862.0,826.0,1669000.76,4046.88,12.801579
2003,West Bengal,Maize,Kharif,55530.0,1526.7,5496359.4,13327.2,2.133333
2020,Odisha,Potato,Rabi,222419.72,1537.9,54329.99,485.13,24.658406
2004,Maharashtra,Cotton(lint),Kharif,2839500.0,1052.0,307631430.0,596295.0,1.088889
2000,Bihar,Dry chillies,Whole Year,4385.0,1207.0,430475.45,1140.1,1.03
2005,Chhattisgarh,Other Kharif pulses,Kharif,6927.0,1292.7,830685.84,1454.67,0.2675
2017,Gujarat,Tobacco,Kharif,53109.0,814.8,8361480.96,20181.42,1.738
2012,Assam,Masoor,Rabi,28923.0,2167.5,4361588.4,8966.13,0.5748
2014,Himachal Pradesh,Wheat,Rabi,345548.0,1019.9,52163926.08,114030.84,1.846667
2013,Telangana,Arhar/Tur,Kharif,261516.0,1348.7,37786446.84,70609.32,0.577778
2015,Mizoram,Tobacco,Whole Year,353.0,2310.8,55742.23,116.49,0.4525
2008,Haryana,Potato,Whole Year,11938.0,715.6,1707611.52,1074.42,19.087692
2003,Andhra Pradesh,Groundnut,Kharif,1258479.0,826.0,124564251.4,302034.96,0.836818
2013,Himachal Pradesh,Turmeric,Kharif,266.0,1216.9,38434.34,71.82,0.541429
2013,Bihar,Onion,Rabi,61854.78,1107.6,9526.53,512.99,18.003662
2005,Jharkhand,Onion,Rabi,1724.12,965.2,206756.47,362.07,11.6
2010,Jammu and Kashmir,Jowar,Kharif,57.0,1352.0,9468.27,13.68,0.6
2000,Uttar Pradesh,Rapeseed &Mustard,Rabi,556142.0,874.4,54596460.14,144596.92,0.874348
2001,Goa,Banana,Whole Year,2100.0,2530.6,214473.0,546.0,7.37
2009,Arunachal Pradesh,Sugarcane,Whole Year,1476.0,1701.9,229990.32,250.92,16.791
2016,Gujarat,Tobacco,Kharif,37917.0,710.5,5810780.25,13270.95,1.886
2011,West Bengal,Coconut,Whole Year,29133.0,1686.5,4880360.16,9613.89,12317.74
2010,Kerala,Black pepper,Whole Year,172181.55,3131.8,28601077.27,41323.57,0.180714
2006,West Bengal,Masoor,Rabi,64239.0,1631.4,8203962.69,14132.58,0.561765
2020,Assam,Sugarcane,Whole Year,1124243.6,2619.1,128518.52,11685.77,77.319229
2001,Sikkim,Wheat,Rabi,8710.0,2372.5,889552.3,2264.6,1.12
2002,West Bengal,Mango,Whole Year,158394.0,2563.9,11326.66,965.23,5.463602
2014,Mizoram,Sesamum,Kharif,785.0,2029.9,118503.6,259.05,0.9075
2002,Puducherry,Bajra,Kharif,207.0,1434.6,19596.69,51.75,1.92
2000,Assam,Rapeseed &Mustard,Rabi,274459.0,1965.5,26943640.03,71359.34,0.499565
2003,Andhra Pradesh,Urad,Kharif,95454.0,826.0,9448036.92,22908.96,0.656364
2009,Bihar,Bajra,Kharif,2951.0,889.3,459824.82,501.67,1.101
2016,Assam,Sweet potato,Whole Year,5254.0,2296.8,805175.5,1838.9,5.516296
2017,Bihar,Small millets,Kharif,4402.0,1112.0,693050.88,1672.76,0.788
2006,Telangana,Rice,Kharif,1665547.02,1025.3,290859.05,2338.09,3.075645
2017,Madhya Pradesh,Soyabean,Kharif,5010070.0,800.0,788785420.8,1903826.6,1.008
2000,Bihar,Jute,Kharif,135296.0,1207.0,13282008.32,35176.96,8.147692
2011,Himachal Pradesh,Peas & beans (Pulses),Kharif,1295.0,1108.3,216938.4,427.35,1.331667
2013,Maharashtra,Arhar/Tur,Kharif,1141300.0,1409.8,164906437.0,308151.0,0.7625
2017,Jammu and Kashmir,Horse-gram,Kharif,1106.0,1279.1,174128.64,420.28,0.423333
2010,Uttarakhand,Barley,Rabi,22032.0,1419.0,3659735.52,5287.68,1.436923
2019,Bihar,Coriander,Whole Year,2229.0,1194.7,382853.04,824.73,0.911818
2004,Andhra Pradesh,Rice,Kharif,2215067.0,781.8,239980358.8,465164.07,2.720455
2014,Haryana,Rice,Kharif,1277000.0,301.3,192775920.0,421410.0,2.9465
2013,Assam,Black pepper,Whole Year,3520.0,1797.7,508604.8,950.4,1.721852
2004,Chhattisgarh,Urad,Kharif,113848.0,1122.8,12334292.32,23908.08,0.29125
2017,Madhya Pradesh,Dry chillies,Whole Year,94414.9,800.0,14864681.86,35877.66,2.935581
2017,Haryana,Sunflower,Kharif,4900.0,417.1,771456.0,1862.0,3.553333
2015,Jammu and Kashmir,Other Cereals,Kharif,392.0,1572.6,61900.72,129.36,0.535714
2014,Uttar Pradesh,Linseed,Rabi,24641.0,616.4,3719805.36,8131.53,0.605588
2001,Gujarat,Arhar/Tur,Kharif,332300.0,666.5,33937799.0,86398.0,0.643889
2017,Meghalaya,Rapeseed &Mustard,Rabi,9869.0,4472.3,1553775.36,3750.22,0.89
2016,Uttar Pradesh,Bajra,Kharif,907173.0,965.3,139024262.3,317510.55,1.466875
2017,Punjab,Gram,Rabi,1700.0,497.5,267648.0,646.0,1.298571
2019,Assam,Mesta,Kharif,3221.0,2084.7,553238.96,1191.77,6.1756
2012,West Bengal,Wheat,Rabi,321572.0,1566.0,48493057.6,99687.32,2.555
2004,Gujarat,Moth,Kharif,41000.0,719.8,4441940.0,8610.0,0.413571
2017,Gujarat,Guar seed,Whole Year,199513.0,814.8,31411326.72,75814.94,0.665909
2018,Nagaland,Ginger,Kharif,3960.0,1372.7,642312.0,1386.0,9.151818
2006,Himachal Pradesh,Sannhamp,Kharif,76.0,1207.0,9705.96,16.72,0.185
2004,Jammu and Kashmir,Moong(Green Gram),Kharif,1944.0,1032.1,210612.96,408.24,0.462222
2011,Uttar Pradesh,Sunflower,Summer,3562.0,777.4,596706.24,1175.46,1.711765
2005,Puducherry,Other Kharif pulses,Kharif,22.0,1434.6,2638.24,4.62,0.7
2001,West Bengal,Other Kharif pulses,Kharif,1593.0,1556.6,162693.09,414.18,0.605
2000,West Bengal,Masoor,Rabi,75994.0,1907.7,7460330.98,19758.44,0.87625
2018,Haryana,Urad,Kharif,1276.0,533.2,206967.2,446.6,0.615
2001,Madhya Pradesh,Garlic,Whole Year,22685.0,955.0,2316819.05,5898.1,2.935778
2012,Assam,Jute,Kharif,65092.0,2167.5,9815873.6,20178.52,8.367778
2018,West Bengal,Onion,Rabi,118209.45,1234.2,26856.13,392.9,19.872551
2009,Uttar Pradesh,Rapeseed &Mustard,Rabi,613276.0,585.8,95560666.32,104256.92,1.010282
2017,Kerala,Arecanut,Whole Year,94580.0,2664.8,14890675.2,35940.4,0.850714
2011,Himachal Pradesh,Moth,Kharif,16.0,1108.3,2680.32,5.28,0.166667
2006,Karnataka,Sunflower,Kharif,595080.0,1146.3,75997666.8,130917.6,0.407917
2003,Bihar,Ragi,Kharif,15187.0,1353.9,1503209.26,3644.88,0.666452
2005,Tamil Nadu,Mango,Whole Year,167977.43,1196.7,24804.56,1141.74,5.60221
2018,Karnataka,Castor seed,Kharif,2650.0,1419.1,429830.0,927.5,0.615
2014,Chhattisgarh,Soyabean,Kharif,102811.0,1274.7,15520348.56,33927.63,0.799565
2016,Telangana,Gram,Rabi,101431.0,942.6,15544300.75,35500.85,1.324828
2003,Nagaland,Barley,Rabi,6000.0,1709.8,593880.0,1440.0,1.62
2005,Karnataka,Bajra,Kharif,429889.0,1316.2,51552288.88,90276.69,0.80875
2016,West Bengal,Onion,Rabi,140637.77,1346.7,25149.88,441.66,21.042685
2008,Tamil Nadu,Arecanut,Whole Year,5612.0,1201.9,802740.48,505.08,1.708333
2010,Maharashtra,Other Kharif pulses,Kharif,129400.0,1389.0,21494634.0,31056.0,0.449355
2009,Nagaland,Peas & beans (Pulses),Kharif,2050.0,1225.9,319431.0,348.5,1.096
2012,Tamil Nadu,Bajra,Kharif,487668.19,1027.2,118714.99,1164.02,1.748163
2019,Haryana,Guar seed,Kharif,135806.0,351.8,23326038.56,50248.22,0.88625
2014,Karnataka,Sweet potato,Whole Year,3385.0,1238.5,510999.6,1117.05,16.241429
2002,Rajasthan,Maize,Kharif,385300.59,542.0,77344.75,2269.15,2.821885
2012,Bihar,Sesamum,Kharif,2208.0,924.1,332966.4,684.48,0.906071
2015,Haryana,Castor seed,Kharif,500.0,426.8,78955.0,165.0,0.875
2015,Chhattisgarh,Moong(Green Gram),Kharif,9915.0,1136.0,1565677.65,3271.95,0.371111
2015,Arunachal Pradesh,Sugarcane,Whole Year,1950.0,2593.2,307924.5,643.5,21.75
2013,Gujarat,Cotton(lint),Kharif,2608410.0,1006.5,376889160.9,704270.7,3.703043
2015,Manipur,Groundnut,Kharif,3375.0,1329.1,532946.25,1113.75,0.884444
2013,Jammu and Kashmir,Potato,Rabi,1312.0,1193.8,189570.88,354.24,12.0475
2008,Rajasthan,Maize,Kharif,365185.51,292.6,24842.69,486.15,2.778476
2012,Gujarat,Wheat,Rabi,1023500.0,460.6,154343800.0,317285.0,2.9216
2003,Jammu and Kashmir,Bajra,Kharif,16696.0,1430.3,1652570.08,4007.04,0.616
2006,Chhattisgarh,Barley,Rabi,3485.0,1317.2,445069.35,766.7,0.788571
2005,Haryana,Masoor,Rabi,5205.0,516.9,624183.6,1093.05,0.779333
2014,Gujarat,Castor seed,Kharif,693527.0,605.6,104694835.9,228863.91,2.158
2017,Tamil Nadu,Ginger,Whole Year,380.0,970.9,59827.2,144.4,19.705
2019,Tamil Nadu,Dry chillies,Whole Year,47991.0,910.1,8242934.16,17756.67,0.919286
2001,Karnataka,Gram,Rabi,479703.0,1002.9,48992067.39,124722.78,0.534091
2003,Karnataka,Moong(Green Gram),Kharif,264392.0,867.6,26169520.16,63454.08,0.097727
2007,Uttar Pradesh,Potato,Rabi,504858.0,672.9,67348057.2,80777.28,20.874286
2015,Bihar,Rice,Autumn,549012.0,874.0,86694484.92,181173.96,1.347143
2017,Nagaland,Bajra,Kharif,700.0,1722.1,110208.0,266.0,0.995455
2015,Chhattisgarh,Rapeseed &Mustard,Rabi,46280.0,1136.0,7308074.8,15272.4,0.541111
2007,Andhra Pradesh,Gram,Rabi,630000.0,1004.2,84042000.0,100800.0,1.28
2015,Meghalaya,Arecanut,Rabi,16965.0,3870.8,2678943.15,5598.45,1.436364
2018,Telangana,Cotton(lint),Kharif,1839735.0,1350.3,298405017.0,643907.25,2.184375
2004,Tamil Nadu,Castor seed,Kharif,8269.0,1034.0,895863.46,1736.49,0.3392
2018,West Bengal,Niger seed,Kharif,1184.0,2012.6,192044.8,414.4,0.493333
2005,Chhattisgarh,Urad,Kharif,111872.0,1292.7,13415690.24,23493.12,0.29875
2009,Madhya Pradesh,Arhar/Tur,Whole Year,324870.0,904.1,50621243.4,55227.9,0.6948
2007,Goa,Cashewnut,Whole Year,55612.0,3674.7,7418640.8,8897.92,0.41
2000,Karnataka,Banana,Whole Year,35335.0,1213.3,3468836.95,9187.1,18.36037
2011,Meghalaya,Small millets,Rabi,2290.0,4083.1,383620.8,755.7,0.938571
2006,Punjab,Arhar/Tur,Kharif,7200.0,569.6,919512.0,1584.0,0.973571
2007,Madhya Pradesh,Cotton(lint),Kharif,617943.0,740.4,82433596.2,98870.88,0.448571
2005,Rajasthan,Coriander,Rabi,37725.41,557.4,4099.67,80.53,0.761397
2006,Delhi,Barley,Kharif,75.0,462.7,9578.25,16.5,2.61
2000,Uttarakhand,Tobacco,Whole Year,102.0,1413.4,10013.34,26.52,7.142
2014,Karnataka,Sunflower,Kharif,154579.0,1238.5,23335245.84,51011.07,0.5684
2017,Himachal Pradesh,Arhar/Tur,Kharif,45.0,1182.2,7084.8,17.1,0.5
2002,Meghalaya,Banana,Whole Year,5344.0,4355.3,505916.48,1336.0,11.427143
2015,Nagaland,Maize,Kharif,63640.0,1308.3,10049392.4,21001.2,1.978182
2004,Tripura,Sugarcane,Whole Year,1030.0,2706.3,111590.2,216.3,48.8525
2011,Gujarat,Arhar/Tur,Kharif,244400.0,890.5,40941888.0,80652.0,1.002917
2010,Bihar,Linseed,Rabi,23012.0,629.2,3822523.32,5522.88,0.820541
2001,Uttar Pradesh,Peas & beans (Pulses),Rabi,327556.0,849.9,33453294.28,85164.56,1.230145
2012,Himachal Pradesh,Soyabean,Kharif,617.0,1035.0,93043.6,191.27,1.494286
2012,Manipur,Urad,Kharif,1450.0,1176.7,218660.0,449.5,1.09
2019,Himachal Pradesh,Potato,Kharif,2970.0,1217.7,510127.2,1098.9,7.22375
2012,Nagaland,Soyabean,Kharif,24670.0,1296.6,3720236.0,7647.7,1.236364
2016,Andhra Pradesh,Niger seed,Rabi,5714.0,890.0,875670.5,1999.9,0.445
2007,Himachal Pradesh,Horse-gram,Kharif,2422.0,1095.4,323094.8,387.52,0.444
2001,Meghalaya,Potato,Whole Year,18151.0,4241.0,1853761.63,4719.26,7.288571
2006,Bihar,Potato,Rabi,90758.62,1053.3,5996.26,447.08,23.171761
2019,Assam,Niger seed,Kharif,5715.0,2084.7,981608.4,2114.55,0.545417
2010,Madhya Pradesh,Mesta,Whole Year,370.0,856.3,61460.7,88.8,2.1625
2008,West Bengal,Sesamum,Autumn,1143.0,1560.1,163494.72,102.87,0.658333
2019,Jammu and Kashmir,Moong(Green Gram),Kharif,308.0,1324.1,52902.08,113.96,0.485714
2007,Kerala,Black pepper,Whole Year,175679.0,3489.6,23435578.6,28108.64,0.19
2016,Nagaland,Sunflower,Kharif,350.0,1959.8,53637.5,122.5,0.843333
2001,Meghalaya,Turmeric,Whole Year,1523.0,4241.0,155543.99,395.98,5.511429
2011,Karnataka,Bajra,Kharif,281701.0,1179.0,47190551.52,92961.33,0.802353
2011,Nagaland,Rapeseed &Mustard,Rabi,27120.0,1544.4,4543142.4,8949.6,1.005455
2009,Manipur,Other Kharif pulses,Kharif,286.0,992.5,44564.52,48.62,0.731111
2000,Manipur,Maize,Kharif,4670.0,1969.7,458453.9,1214.2,2.55
2012,Tamil Nadu,Moong(Green Gram),Kharif,118615.0,706.8,17887142.0,36770.65,0.301724
2018,Gujarat,Banana,Whole Year,36405.0,1125.4,5904891.0,12741.75,77.81625
2015,Chhattisgarh,Garlic,Whole Year,1185.0,1136.0,187123.35,391.05,2.85
2010,Jharkhand,Onion,Rabi,3026.0,694.6,502648.86,726.24,6.59
2001,Nagaland,Bajra,Kharif,1500.0,1532.0,153195.0,390.0,0.66
2009,Tripura,Peas & beans (Pulses),Rabi,724.0,2004.2,112813.68,123.08,0.74
2007,Gujarat,Bajra,Kharif,728200.0,1021.6,97141880.0,116512.0,1.3015
2002,Tamil Nadu,Maize,Kharif,121057.0,315.9,11460466.19,30264.25,1.806957
2013,Andhra Pradesh,Niger seed,Kharif,21.0,1062.3,3034.29,5.67,0.52
2012,Andhra Pradesh,Maize,Kharif,565000.0,968.7,85202000.0,175150.0,4.040952
2015,West Bengal,Castor seed,Kharif,56.0,1717.0,8842.96,18.48,0.61
2011,West Bengal,Banana,Whole Year,47526.74,1264.6,5560.33,425.19,25.874589
2004,Puducherry,Groundnut,Kharif,1632.0,1434.6,176810.88,342.72,1.135
2001,Tamil Nadu,Groundnut,Kharif,662982.0,481.3,67710351.66,172375.32,1.857143
2018,Tamil Nadu,Rice,Autumn,279647.0,986.2,45358743.4,97876.45,4.184828
2018,Tripura,Peas & beans (Pulses),Rabi,3393.0,2169.1,550344.6,1187.55,0.84
2014,Uttar Pradesh,Coriander,Rabi,6867.0,616.4,1036642.32,2266.11,0.481935
2018,Odisha,Urad,Autumn,13720.0,1635.9,2225384.0,4802.0,0.336667
2015,Arunachal Pradesh,Rice,Kharif,128800.0,2593.2,20338808.0,42504.0,2.0875
2009,Jammu and Kashmir,Tobacco,Kharif,11.0,751.7,1714.02,1.87,0.37
2004,Uttar Pradesh,Sugarcane,Kharif,2002320.0,704.0,216931348.8,420487.2,53.145286
2015,Uttarakhand,Barley,Rabi,18367.0,1247.6,2900332.97,6061.11,1.085385
2012,Tripura,Sugarcane,Whole Year,900.0,1882.2,135720.0,279.0,51.42875
2011,Punjab,Rapeseed &Mustard,Rabi,29000.0,705.2,4858080.0,9570.0,1.280714
2019,Tripura,Gram,Rabi,291.0,2252.8,49982.16,107.67,0.62
2008,Rajasthan,Coriander,Rabi,28773.74,551.3,6381.27,184.84,0.764839
2000,Odisha,Rice,Autumn,854570.0,1066.0,83893136.9,222188.2,0.733667
2019,Maharashtra,Urad,Kharif,340529.0,1555.8,58489261.04,125995.73,0.45625
2016,Tamil Nadu,Groundnut,Kharif,194719.0,912.4,29840686.75,68151.65,1.692759
2019,Gujarat,Ragi,Kharif,11606.0,1067.8,1993446.56,4294.22,0.83
2016,Maharashtra,Gram,Rabi,1929130.0,1151.1,295639172.5,675195.5,0.9825
2014,Andhra Pradesh,Cashewnut,Kharif,113953.0,687.6,17202344.88,37604.49,0.345833
2016,Madhya Pradesh,Sugarcane,Whole Year,91930.0,1048.4,14088272.5,32175.5,30.362
2005,Haryana,Moong(Green Gram),Kharif,17866.0,516.9,2142490.72,3751.86,0.251765
2009,Madhya Pradesh,Barley,Whole Year,75065.0,904.1,11696628.3,12761.05,1.586053
2004,Uttarakhand,Peas & beans (Pulses),Rabi,3852.0,1219.6,417325.68,808.92,0.683846
2018,Meghalaya,Arecanut,Rabi,18220.0,5649.1,2955284.0,6377.0,1.294545
2008,Andhra Pradesh,Sunflower,Whole Year,418539.0,944.6,59867818.56,37668.51,1.032727
2002,Odisha,Safflower,Rabi,1250.0,1102.8,118337.5,312.5,0.51
2016,West Bengal,Safflower,Kharif,498.0,1795.8,76318.5,174.3,0.868571
2017,Odisha,Arhar/Tur,Kharif,651030.87,1544.8,157598.34,7669.53,1.180267
2002,Meghalaya,Gram,Rabi,487.0,4355.3,46104.29,121.75,0.6
2007,West Bengal,Cotton(lint),Kharif,8230.0,2007.5,1097882.0,1316.8,2.47
2008,Andhra Pradesh,Turmeric,Kharif,22293.14,751.2,3889.07,195.49,5.187562
2007,Uttarakhand,Onion,Whole Year,1976.0,1924.3,263598.4,316.16,5.836923
2000,Madhya Pradesh,Sesamum,Kharif,143565.0,723.3,14093776.05,37326.9,0.3
2008,Delhi,Wheat,Rabi,18430.0,614.6,2636227.2,1658.7,4.36
2019,Jharkhand,Wheat,Rabi,214780.0,1137.8,36890612.8,79468.6,2.055
2005,Puducherry,Onion,Whole Year,9.0,1434.6,1079.28,1.89,3.22
2009,Gujarat,Garlic,Whole Year,15300.0,618.0,2384046.0,2601.0,5.490833
2011,Meghalaya,Mesta,Kharif,4125.0,4083.1,691020.0,1361.25,4.54
2005,Uttar Pradesh,Barley,Rabi,214717.0,751.9,25748862.64,45090.57,1.887286
2007,Andhra Pradesh,Mango,Whole Year,209306.83,1044.1,17073.23,2195.94,6.132642
2006,Madhya Pradesh,Maize,Kharif,879420.0,1072.3,112310728.2,193472.4,0.903617
2006,Haryana,Castor seed,Kharif,5543.0,329.3,707896.53,1219.46,0.5
2015,Tamil Nadu,Groundnut,Kharif,222820.0,1201.9,35185506.2,73530.6,2.3675
2011,Manipur,Masoor,Rabi,517.0,1533.6,86607.84,170.61,0.833333
2005,Meghalaya,Mesta,Kharif,4436.0,3374.4,531965.12,931.56,4.563333
2003,West Bengal,Sugarcane,Whole Year,16903.0,1526.7,1673058.94,4056.72,74.465333
2001,Himachal Pradesh,Arhar/Tur,Kharif,1480.0,918.1,151152.4,384.8,0.495
2015,Puducherry,Sesamum,Kharif,3.0,1980.6,473.73,0.99,0.67
2010,Jammu and Kashmir,Ginger,Kharif,25.0,1352.0,4152.75,6.0,1.346667
2015,Himachal Pradesh,Bajra,Kharif,79.0,1223.2,12474.89,26.07,0.614
2015,West Bengal,Mustard,Rabi,1397700.15,1976.4,402303.34,6640.45,1.658097
2012,Rajasthan,Barley,Rabi,39051.06,578.1,4040.41,218.99,2.33378
2003,Karnataka,Turmeric,Whole Year,5410.0,867.6,535481.8,1298.4,4.34381
2006,Madhya Pradesh,Mesta,Kharif,523.0,1072.3,66792.33,115.06,1.933684
2008,Manipur,Ginger,Kharif,2098.0,1134.8,300097.92,188.82,11.795556
2005,Assam,Masoor,Rabi,18583.0,2184.6,2228473.36,3902.43,0.5112
2018,Manipur,Arhar/Tur,Kharif,534.0,1196.9,86614.8,186.9,1.046667
2008,Gujarat,Urad,Kharif,95500.0,746.1,13660320.0,8595.0,0.6692
2000,Himachal Pradesh,Potato,Rabi,66841.9,1080.7,12294.56,460.5,19.496399
2007,Meghalaya,Gram,Rabi,544.0,4702.0,72569.6,87.04,0.586667
2014,Bihar,Jowar,Kharif,1451.0,1061.0,219042.96,478.83,1.075
2019,Punjab,Guar seed,Kharif,16300.0,653.2,2799688.0,6031.0,0.8975
2005,Maharashtra,Wheat,Rabi,932800.0,1387.2,111861376.0,195888.0,1.329333
2012,Bihar,Small millets,Kharif,2886.0,924.1,435208.8,894.66,0.76875
2004,Assam,Potato,Whole Year,73104.0,2536.9,7920087.36,15351.84,7.482609
2014,Punjab,Sesamum,Kharif,4700.0,382.7,709512.0,1551.0,0.27
2018,Tamil Nadu,Cowpea(Lobia),Kharif,44897.0,986.2,7282293.4,15713.95,0.806
2003,Rajasthan,Bajra,Kharif,960633.37,261.4,175565.99,7544.17,1.060797
2016,Karnataka,Castor seed,Kharif,9527.0,1147.2,1460012.75,3334.45,0.506087
2005,Karnataka,Moong(Green Gram),Kharif,393240.0,1316.2,47157340.8,82580.4,0.242174
2004,Maharashtra,Sunflower,Kharif,113100.0,1052.0,12253254.0,23751.0,0.51
2012,Maharashtra,Arhar/Tur,Kharif,1213600.0,1003.4,183010880.0,376216.0,0.633125
2005,Tamil Nadu,Arecanut,Whole Year,4773.0,1364.1,572378.16,1002.33,1.212727
2011,Punjab,Groundnut,Kharif,1700.0,705.2,284784.0,561.0,1.375
2010,Karnataka,Wheat,Rabi,254755.0,1317.7,42317353.05,61141.2,1.166471
2000,West Bengal,Arhar/Tur,Kharif,8868.0,1907.7,870571.56,2305.68,0.686154
2011,West Bengal,Niger seed,Kharif,3569.0,1686.5,597878.88,1177.77,0.545
2005,Maharashtra,Arhar/Tur,Kharif,1099900.0,1387.2,131900008.0,230979.0,0.642188
2018,Karnataka,Arecanut,Whole Year,476378.0,1419.1,77268511.6,166732.3,9.04
2010,Delhi,Jowar,Kharif,3341.0,989.5,554973.51,801.84,0.97
2014,West Bengal,Mesta,Kharif,8882.0,1483.5,1340826.72,2931.06,11.711818
2019,Gujarat,Guar seed,Kharif,144786.0,1067.8,24868443.36,53570.82,0.816316
2000,Uttar Pradesh,Small millets,Kharif,32410.0,874.4,3181689.7,8426.6,0.790208
2017,Chhattisgarh,Bajra,Kharif,63.0,1124.5,9918.72,23.94,0.271667
2008,Nagaland,Moong(Green Gram),Kharif,400.0,1540.9,57216.0,36.0,0.5625
2013,Haryana,Rapeseed &Mustard,Rabi,535000.0,452.2,77302150.0,144450.0,1.752381
2001,Tamil Nadu,Coconut,Whole Year,407882.58,1193.2,56382.97,2491.61,6501.101181
2013,Uttar Pradesh,Gram,Rabi,577214.0,995.2,83401650.86,155847.78,0.641912
2001,Bihar,Horse-gram,Kharif,14349.0,1247.0,1465463.37,3730.74,0.781905
2012,Telangana,Arhar/Tur,Kharif,704785.51,1007.1,110730.55,8423.94,0.974064
2001,Uttarakhand,Onion,Whole Year,1642.0,1541.3,167697.46,426.92,6.451538
2015,Kerala,Other Kharif pulses,Kharif,2333.0,2602.9,368404.03,769.89,1.027857
2011,Andhra Pradesh,Ginger,Whole Year,2369.0,861.9,396854.88,781.77,8.742222
2012,Chhattisgarh,Horse-gram,Kharif,46068.0,1366.8,6947054.4,14281.08,0.3325
2007,Himachal Pradesh,Other  Rabi pulses,Rabi,25.0,1095.4,3335.0,4.0,0.423333
2005,Himachal Pradesh,Horse-gram,Kharif,2370.0,1248.1,284210.4,497.7,0.381
2018,Sikkim,Urad,Kharif,2718.0,3350.1,440859.6,951.3,0.94
2013,Puducherry,Onion,Kharif,1.0,1083.2,144.49,0.27,18.0
2019,Nagaland,Other  Rabi pulses,Rabi,10830.0,1593.0,1860160.8,4007.1,1.281111
2006,Gujarat,Groundnut,Kharif,1752400.0,1056.2,223799004.0,385528.0,1.06087
2016,Madhya Pradesh,Jute,Kharif,6000.0,1048.4,919500.0,2100.0,1.0
2017,Karnataka,Bajra,Kharif,226389.0,1111.7,35642684.16,86027.82,1.593158
2005,Odisha,Sugarcane,Winter,16332.0,1503.4,1958533.44,3429.72,57.813103
2009,Bihar,Jowar,Kharif,1627.0,889.3,253519.14,276.59,1.031111
2002,Manipur,Rapeseed &Mustard,Rabi,2310.0,1743.7,218687.7,577.5,0.45
2013,Chhattisgarh,Arhar/Tur,Kharif,52816.0,1418.3,7631383.84,14260.32,0.56
2018,West Bengal,Jute,Kharif,518259.0,2012.6,84061609.8,181390.65,25.430556
2017,Assam,Tapioca,Whole Year,3117.0,2098.6,490740.48,1184.46,8.3752
2003,Madhya Pradesh,Sugarcane,Whole Year,43141.0,1163.0,4270096.18,10353.84,31.466042
2013,Bihar,Sesamum,Kharif,2277.0,1069.9,329003.73,614.79,0.894138
2007,Bihar,Barley,Rabi,15402.0,1600.2,2054626.8,2464.32,1.192647
2013,West Bengal,Wheat,Rabi,331481.0,1939.9,47895689.69,89499.87,2.538889
2016,Bihar,Ginger,Whole Year,379.0,1205.6,58081.75,132.65,1.886471
2014,Manipur,Potato,Whole Year,14800.0,987.5,2234208.0,4884.0,8.48
2017,Madhya Pradesh,Potato,Whole Year,136290.21,800.0,21457530.66,51790.28,21.3776
2002,Rajasthan,Moong,Kharif,49248.61,291.2,9720.55,389.96,0.565249
2004,Madhya Pradesh,Sugarcane,Whole Year,41925.0,895.7,4542154.5,8804.25,30.82
2002,Bihar,Urad,Kharif,25116.0,1105.8,2377731.72,6279.0,0.751613
2011,Andhra Pradesh,Banana,Whole Year,62103.0,861.9,10403494.56,20493.99,35.521579
2009,Nagaland,Mesta,Kharif,2000.0,1225.9,311640.0,340.0,0.978182
2013,Manipur,Arhar/Tur,Kharif,540.0,1428.8,78024.6,145.8,0.962222
2005,Meghalaya,Potato,Whole Year,17986.0,3374.4,2156881.12,3777.06,7.768571
2015,Assam,Sesamum,Kharif,11770.0,2155.3,1858600.7,3884.1,0.617407
2017,Arunachal Pradesh,Other Kharif pulses,Kharif,2484.0,2745.5,391080.96,943.92,0.8875
2011,Tamil Nadu,Sunflower,Whole Year,13610.0,926.5,2279947.2,4491.3,1.779231
2011,Uttarakhand,Wheat,Rabi,355549.0,1564.7,59561568.48,117331.17,1.873077
2002,Chhattisgarh,Horse-gram,Kharif,54490.0,1001.4,5158568.3,13622.5,0.259375
2017,Karnataka,Arecanut,Whole Year,279459.0,1111.7,43998024.96,106194.42,10.92
2000,Punjab,Wheat,Rabi,3408000.0,405.3,334563360.0,886080.0,4.503529
2012,Sikkim,Other Kharif pulses,Kharif,3100.0,3006.9,467480.0,961.0,0.9325
2013,Tamil Nadu,Mango,Whole Year,155704.52,734.5,25696.31,246.89,5.879356
2014,Karnataka,Safflower,Rabi,32626.0,1238.5,4925220.96,10766.58,0.752667
2015,Odisha,Horse-gram,Summer,156.0,1210.1,24633.96,51.48,0.18
2016,Maharashtra,Niger seed,Kharif,14052.0,1151.1,2153469.0,4918.2,0.175263
2003,Puducherry,Dry chillies,Whole Year,11.0,1434.6,1088.78,2.64,2.333333
2002,Chhattisgarh,Mesta,Kharif,1052.0,1001.4,99592.84,263.0,1.867143
2015,Punjab,Arhar/Tur,Kharif,2600.0,512.6,410566.0,858.0,1.00625
2012,Chhattisgarh,Onion,Whole Year,5428.0,1366.8,818542.4,1682.68,3.120417
2001,Kerala,Rubber,Whole Year,38913.25,2186.2,7426.12,70.35,1.38014
2010,Chhattisgarh,Groundnut,Kharif,29584.0,1283.1,4914198.24,7100.16,1.33875
2001,Uttar Pradesh,Lentil,Rabi,41036.92,923.4,6297.6,249.48,0.839357
2019,Nagaland,Barley,Rabi,560.0,1593.0,96185.6,207.2,1.033636
2016,Jharkhand,Rice,Autumn,137925.0,1296.3,21137006.25,48273.75,0.912
2015,Meghalaya,Dry chillies,Whole Year,2292.0,3870.8,361929.72,756.36,1.123636
2011,Sikkim,Urad,Kharif,3420.0,2585.5,572918.4,1128.6,0.8675
2010,Chhattisgarh,Masoor,Rabi,16094.0,1283.1,2673374.34,3862.56,0.308667
2000,Kerala,Jowar,Kharif,463.0,2412.6,45452.71,120.38,0.51
2011,Himachal Pradesh,Maize,Kharif,290241.0,1108.3,48621172.32,95779.53,2.435
2000,Punjab,Groundnut,Kharif,4000.0,405.3,392680.0,1040.0,1.0
2000,Puducherry,Cashewnut,Whole Year,202.0,1434.6,19830.34,52.52,0.603333
2004,Chhattisgarh,Arhar/Tur,Kharif,52499.0,1122.8,5687741.66,11024.79,0.490625
2006,Maharashtra,Onion,Rabi,252828.69,1011.8,17988.77,947.4,15.541942
2016,Gujarat,Onion,Rabi,42408.0,710.5,6499026.0,14842.8,26.387037
2017,Uttar Pradesh,Turmeric,Rabi,1201.0,652.1,189085.44,456.38,1.248519
2006,Jammu and Kashmir,Dry chillies,Kharif,560.0,1786.5,71517.6,123.2,0.972857
2015,Meghalaya,Banana,Kharif,7112.0,3870.8,1123055.92,2346.96,10.289091
2001,Bihar,Turmeric,Whole Year,2918.0,1247.0,298015.34,758.68,1.139167
2017,Gujarat,Banana,Whole Year,29630.0,814.8,4664947.2,11259.4,71.83
2003,Mizoram,Tobacco,Whole Year,460.0,2499.5,45530.8,110.4,0.866667
2018,Meghalaya,Sugarcane,Whole Year,125.0,5649.1,20275.0,43.75,2.67125
2013,Himachal Pradesh,Groundnut,Kharif,49.0,1216.9,7080.01,13.23,0.7075
2010,Madhya Pradesh,Safflower,Rabi,376.0,856.3,62457.36,90.24,0.356667
2014,Gujarat,Mango,Whole Year,118522.33,1584.6,15446.22,1418.99,5.846093
2005,Assam,Gram,Rabi,2020.0,2184.6,242238.4,424.2,0.460769
2008,West Bengal,Gram,Rabi,21692.0,1560.1,3102823.68,1952.28,1.025833
2018,Himachal Pradesh,Moong(Green Gram),Kharif,108.0,1052.2,17517.6,37.8,0.714286
2015,Tamil Nadu,Maize,Kharif,201750.0,1201.9,31858342.5,66577.5,7.782
2007,Punjab,Groundnut,Kharif,3100.0,527.2,413540.0,496.0,0.9625
2016,Karnataka,Tomato,Whole Year,47206.65,2370.1,10491.29,361.07,22.076919
2000,Karnataka,Black pepper,Whole Year,7249.0,1213.3,711634.33,1884.74,2.263636
2015,Telangana,Turmeric,Kharif,42535.0,747.9,6716701.85,14036.55,4.352222
2005,Meghalaya,Gram,Rabi,523.0,3374.4,62718.16,109.83,0.6
2008,Odisha,Sugarcane,Winter,10763.0,1539.0,1539539.52,968.67,53.25
2006,Jammu and Kashmir,Peas & beans (Pulses),Kharif,288.0,1786.5,36780.48,63.36,0.53
2003,Punjab,Gram,Rabi,6000.0,451.7,593880.0,1440.0,0.926923
2011,Gujarat,Other Cereals,Kharif,16000.0,890.5,2680320.0,5280.0,0.554615
2003,West Bengal,Tobacco,Whole Year,12996.0,1526.7,1286344.08,3119.04,0.718
2015,Chhattisgarh,Khesari,Rabi,273764.0,1136.0,43230073.24,90342.12,0.470435
2010,Assam,Tapioca,Whole Year,4179.0,2578.5,694173.69,1002.96,4.5232
2011,Andhra Pradesh,Onion,Kharif,39613.0,861.9,6635969.76,13072.29,13.418235
2009,Karnataka,Jowar,Kharif,246290.0,1321.0,38376907.8,41869.3,0.9875
2008,Bihar,Urad,Kharif,21445.0,1197.7,3067492.8,1930.05,0.747353
2006,Rajasthan,Coriander,Rabi,33115.53,201.4,5464.38,125.8,0.829033
2014,Himachal Pradesh,Turmeric,Kharif,256.0,1019.9,38645.76,84.48,0.512857
2013,Madhya Pradesh,Horse-gram,Kharif,14253.0,1451.4,2059415.97,3848.31,0.404167
2006,Karnataka,Safflower,Rabi,80607.0,1146.3,10294319.97,17733.54,0.673333
2010,Odisha,Groundnut,Autumn,32004.0,1291.9,5316184.44,7680.96,0.849565
2011,Bihar,Khesari,Rabi,72755.0,1097.1,12187917.6,24009.15,1.067297
2000,Chhattisgarh,Sunflower,Kharif,1235.0,896.4,121239.95,321.1,0.4275
2010,Arunachal Pradesh,Maize,Kharif,45061.0,2574.1,7485082.71,10814.64,1.515625
2017,Nagaland,Ragi,Kharif,340.0,1722.1,53529.6,129.2,0.982857
2011,Gujarat,Maize,Kharif,387000.0,890.5,64830240.0,127710.0,1.466
2011,Uttarakhand,Potato,Kharif,7623.0,1564.7,1277004.96,2515.59,9.606364
2006,Manipur,Banana,Summer,1230.0,1533.6,157083.3,270.6,12.915714
2017,Puducherry,Cotton(lint),Kharif,154.0,1582.4,24245.76,58.52,1.42
2009,Tripura,Other Kharif pulses,Kharif,1226.0,2004.2,191035.32,208.42,0.72
2013,West Bengal,Gram,Rabi,24903.0,1939.9,3598234.47,6723.81,1.124167
2017,Himachal Pradesh,Bajra,Kharif,79.0,1182.2,12437.76,30.02,0.718
2018,Nagaland,Sweet potato,Kharif,1840.0,1372.7,298448.0,644.0,8.510909
2009,Chhattisgarh,Ginger,Whole Year,1780.0,956.9,277359.6,302.6,0.828
2010,Madhya Pradesh,Rapeseed &Mustard,Rabi,725721.0,856.3,120549515.3,174173.04,0.772917
2005,Himachal Pradesh,Onion,Rabi,829.0,1248.1,99413.68,174.09,4.994
2011,Uttarakhand,Arhar/Tur,Kharif,2574.0,1564.7,431196.48,849.42,0.636667
2013,Kerala,Sesamum,Whole Year,265.0,3255.4,38289.85,71.55,0.255714
2000,Manipur,Cotton(lint),Kharif,60.0,1969.7,5890.2,15.6,0.33
2016,Uttarakhand,Arhar/Tur,Kharif,2488.0,1580.9,381286.0,870.8,0.722
2007,West Bengal,Masoor,Rabi,58737.0,2007.5,7835515.8,9397.92,0.703125
2003,Mizoram,Peas & beans (Pulses),Kharif,165.0,2499.5,16331.7,39.6,0.9025
2004,Gujarat,Dry chillies,Whole Year,6400.0,719.8,693376.0,1344.0,0.81
2000,Andhra Pradesh,Tobacco,Whole Year,126144.0,935.6,12383556.48,32797.44,3.364286
2000,Goa,Black pepper,Whole Year,480.0,3886.9,47121.6,124.8,0.21
2016,West Bengal,Arhar/Tur,Rabi,2962.0,1795.8,453926.5,1036.7,1.272857
2003,Jammu and Kashmir,Potato,Whole Year,1614.0,1430.3,159753.72,387.36,10.385
2003,Maharashtra,Bajra,Kharif,1325400.0,1037.4,131188092.0,318096.0,0.582727
2011,Punjab,Sugarcane,Whole Year,80000.0,705.2,13401600.0,26400.0,71.173333
2018,Uttarakhand,Other Kharif pulses,Kharif,14373.0,1373.0,2331300.6,5030.55,1.035455
2017,Maharashtra,Grapes,Whole Year,11602.66,1497.3,3072.71,110.96,23.292771
2016,Jharkhand,Onion,Rabi,3646.0,1296.3,558749.5,1276.1,7.856667
2007,Himachal Pradesh,Dry chillies,Kharif,669.0,1095.4,89244.6,107.04,0.399
2019,Andhra Pradesh,Sesamum,Kharif,6197.0,899.2,1064396.72,2292.89,0.286
2000,Bihar,Small millets,Kharif,7824.0,1207.0,768082.08,2034.24,0.5756
2010,Nagaland,Groundnut,Kharif,730.0,1771.8,121260.3,175.2,1.008
2017,Uttarakhand,Wheat,Rabi,330401.0,1475.8,52018333.44,125552.38,2.100769
2010,Andhra Pradesh,Ragi,Kharif,37078.0,1297.0,6159026.58,8898.72,1.183333
2011,Himachal Pradesh,Turmeric,Kharif,197.0,1108.3,33001.44,65.01,0.52
2018,Jammu and Kashmir,Potato,Kharif,1555.0,1016.3,252221.0,544.25,13.186875
2013,Mizoram,Rapeseed &Mustard,Rabi,306.0,1848.8,44213.94,82.62,1.558333
2013,Nagaland,Masoor,Rabi,2070.0,1350.9,299094.3,558.9,0.812222
2010,Chhattisgarh,Tobacco,Whole Year,23.0,1283.1,3820.53,5.52,0.4
2016,Punjab,Sesamum,Kharif,3000.0,635.9,459750.0,1050.0,0.308
2010,Mizoram,Tobacco,Whole Year,240.0,2738.7,39866.4,57.6,0.565
2002,Uttar Pradesh,Turmeric,Whole Year,1116.0,664.0,105651.72,279.0,1.855135
2004,Puducherry,Rice,Autumn,6237.0,1434.6,675716.58,1309.77,2.76
2018,Uttarakhand,Masoor,Rabi,8981.0,1373.0,1456718.2,3143.35,0.848462
2011,Bihar,Onion,Rabi,89630.54,1397.1,6356.32,671.71,16.186083
2002,Tripura,Wheat,Rabi,919.0,2579.8,87001.73,229.75,2.0025
2006,West Bengal,Niger seed,Kharif,4930.0,1631.4,629610.3,1084.6,0.481429
2003,Delhi,Gram,Rabi,42.0,962.3,4157.16,10.08,1.52
2019,Chhattisgarh,Soyabean,Kharif,75112.0,1420.3,12901237.12,27791.44,1.096429
2018,Andhra Pradesh,Onion,Kharif,24750.0,1220.5,4014450.0,8662.5,247.572727
2000,Jammu and Kashmir,Turmeric,Whole Year,11.0,989.5,1079.87,2.86,1.0
2005,Meghalaya,Dry chillies,Whole Year,1861.0,3374.4,223171.12,390.81,0.8
2001,Chhattisgarh,Groundnut,Kharif,33804.0,1550.0,3452402.52,8789.04,1.31375
2014,Uttar Pradesh,Moong(Green Gram),Kharif,37182.0,616.4,5612994.72,12270.06,0.308448
2002,Andhra Pradesh,Safflower,Rabi,19350.0,648.1,1831864.5,4837.5,0.318182
2009,Karnataka,Turmeric,Whole Year,17873.0,1321.0,2784970.86,3038.41,4.762941
2019,Telangana,Jowar,Kharif,57139.0,1031.7,9814194.64,21141.43,1.164483
2016,Kerala,Maize,Whole Year,65.0,2924.3,9961.25,22.75,1.775
2007,Karnataka,Ragi,Kharif,786831.0,1323.3,104963255.4,125892.96,1.458095
2018,Himachal Pradesh,Other  Rabi pulses,Rabi,9078.0,1052.2,1472451.6,3177.3,3.981667
2016,Chhattisgarh,Bajra,Kharif,90.0,1298.9,13792.5,31.5,0.71
2003,Manipur,Rice,Kharif,157830.0,687.7,15622013.4,37879.2,2.305556
2006,Odisha,Jute,Autumn,4858.0,1716.9,620415.18,1068.76,8.724286
2006,Jammu and Kashmir,Wheat,Rabi,261584.0,1786.5,33406892.64,57548.48,1.821818
2000,Odisha,Linseed,Rabi,20630.0,1066.0,2025247.1,5363.8,0.361875
2002,Bihar,Ginger,Whole Year,394.0,1105.8,37299.98,98.5,1.380667
2000,Arunachal Pradesh,Sugarcane,Whole Year,811.0,2157.7,79615.87,210.86,16.885
2007,Assam,Other  Rabi pulses,Rabi,14304.0,2154.1,1908153.6,2288.64,0.508462
2010,Bihar,Wheat,Rabi,2100181.0,629.2,348861065.9,504043.44,2.282632
2006,Bihar,Moong(Green Gram),Kharif,6987.0,1052.8,892309.77,1537.14,0.604516
2009,Uttarakhand,Peas & beans (Pulses),Rabi,5504.0,847.8,857633.28,935.68,0.650769
2014,Madhya Pradesh,Cotton(lint),Kharif,637000.0,891.2,96161520.0,210210.0,0.912778
2007,Bihar,Other Kharif pulses,Kharif,1403.0,1600.2,187160.2,224.48,0.657368
2016,Jammu and Kashmir,Wheat,Rabi,290301.0,902.8,44488628.25,101605.35,1.416429
2017,Arunachal Pradesh,Dry chillies,Whole Year,3610.0,2745.5,568358.4,1371.8,2.7925
2017,Jammu and Kashmir,Sannhamp,Kharif,35.0,1279.1,5510.4,13.3,0.82
2000,Mizoram,Soyabean,Kharif,1194.0,2834.3,117214.98,310.44,1.45
2016,Nagaland,Sesamum,Kharif,3620.0,1959.8,554765.0,1267.0,0.606364
2004,Assam,Sugarcane,Whole Year,23942.0,2536.9,2593876.28,5027.82,37.409565
2007,Rajasthan,Mustard,Rabi,1123970.22,399.0,127378.41,10843.21,1.220833
2004,Kerala,Sugarcane,Whole Year,1921.0,2880.2,208121.14,403.41,82.351538
2017,Tamil Nadu,Arhar/Tur,Kharif,49225.0,970.9,7749984.0,18705.5,1.103929
2009,Uttarakhand,Arhar/Tur,Kharif,1931.0,847.8,300888.42,328.27,0.629167
2007,Uttar Pradesh,Barley,Rabi,155298.0,672.9,20716753.2,24847.68,1.986571
2016,Karnataka,Tobacco,Whole Year,89741.0,1147.2,13752808.25,31409.35,0.773846
2014,Manipur,Ginger,Kharif,3026.0,987.5,456804.96,998.58,12.248889
2001,Mizoram,Peas & beans (Pulses),Kharif,100.9,2406.4,10304.92,26.23,1.53
2010,Madhya Pradesh,Horse-gram,Kharif,19827.0,856.3,3293462.97,4758.48,0.290769
2007,Jharkhand,Sugarcane,Whole Year,966.83,1444.7,128975.12,154.69,42.177143
2017,Karnataka,Urad,Kharif,132397.0,1111.7,20844583.68,50310.86,0.377
2019,Haryana,Sesamum,Kharif,422.0,351.8,72482.72,156.14,0.823333
2008,Delhi,Sugarcane,Whole Year,3.0,614.6,429.12,0.27,75.33
2006,Punjab,Sesamum,Kharif,9500.0,569.6,1213245.0,2090.0,0.262727
2009,Tamil Nadu,Cotton(lint),Whole Year,104095.0,928.5,16220082.9,17696.15,2.502333
2003,Sikkim,other oilseeds,Whole Year,60.0,2838.1,5938.8,14.4,0.5
2011,Assam,Jute,Kharif,65560.0,1743.4,10982611.2,21634.8,9.125556
2011,Mizoram,Other Kharif pulses,Kharif,593.7,2439.3,99456.62,195.92,0.91125
2001,Gujarat,Onion,Whole Year,24200.0,666.5,2471546.0,6292.0,29.52625
2016,Manipur,Masoor,Rabi,699.0,2039.8,107121.75,244.65,0.94
2018,Puducherry,Cotton(lint),Kharif,283.0,1693.9,45902.6,99.05,1.515
2009,Himachal Pradesh,Linseed,Rabi,1415.0,969.9,220485.3,240.55,0.255
2019,Rajasthan,Gram,Rabi,1254190.11,266.9,197633.15,8772.44,1.220211
2001,Meghalaya,Castor seed,Kharif,25.0,4241.0,2553.25,6.5,0.5
2016,Uttarakhand,Wheat,Rabi,339572.0,1580.9,52039409.0,118850.2,1.962308
2000,Himachal Pradesh,Soyabean,Kharif,649.0,1068.4,63712.33,168.74,0.912857
2019,Andhra Pradesh,Safflower,Rabi,710.0,899.2,121949.6,262.7,0.475
2013,Bihar,Linseed,Rabi,18674.0,1069.9,2698206.26,5041.98,0.854706
2013,Bihar,Other  Rabi pulses,Rabi,1289.0,1069.9,186247.61,348.03,1.006154
2014,Uttarakhand,Rapeseed &Mustard,Rabi,14052.0,1287.4,2121289.92,4637.16,0.68
2005,Uttarakhand,Masoor,Rabi,12972.0,1353.3,1555602.24,2724.12,0.475385
2019,Karnataka,Ginger,Whole Year,22388.0,1422.3,3845362.88,8283.56,10.602759
2006,Chhattisgarh,Sannhamp,Whole Year,1571.0,1317.2,200632.41,345.62,0.321765
2011,Assam,Mesta,Kharif,4877.0,1743.4,816995.04,1609.41,5.8716
2019,Kerala,Tobacco,Whole Year,8.0,3119.2,1374.08,2.96,1.8
2008,Madhya Pradesh,Khesari,Rabi,51566.0,895.0,7376000.64,4640.94,0.672414
2019,Karnataka,Tomato,Whole Year,26172.84,1505.7,7296.58,271.6,25.038864
2002,Delhi,Potato,Whole Year,61.0,593.6,5774.87,15.25,7.31
2001,Odisha,Moong(Green Gram),Kharif,212511.0,1672.5,21703748.43,55252.86,0.235667
2010,Uttar Pradesh,Cotton(lint),Kharif,3734.0,742.6,620254.74,896.16,0.168462
2005,Tripura,Rapeseed &Mustard,Rabi,1753.0,1765.9,210219.76,368.13,0.7375
2000,Odisha,Sweet potato,Whole Year,37670.0,1066.0,3698063.9,9794.2,7.797667
2010,Uttar Pradesh,Groundnut,Kharif,85258.0,742.6,14162206.38,20461.92,0.972807
2013,Uttarakhand,Rapeseed &Mustard,Rabi,12061.0,1735.4,1742693.89,3256.47,0.698462
2004,Andhra Pradesh,Sesamum,Kharif,169457.0,781.8,18358971.38,35585.97,0.1885
2014,Tripura,Cotton(lint),Kharif,904.0,2015.7,136467.84,298.32,1.4725
2017,Bihar,Sugarcane,Whole Year,233769.0,1112.0,36804591.36,88832.22,57.5275
2002,Tamil Nadu,Castor seed,Kharif,17749.0,315.9,1680297.83,4437.25,0.376667
2009,Meghalaya,Maize,Kharif,17209.0,2995.9,2681506.38,2925.53,1.574286
2013,Meghalaya,Cashewnut,Whole Year,9402.0,2448.4,1358494.98,2538.54,1.672
2012,Uttar Pradesh,Sugarcane,Kharif,2211712.0,746.3,333526169.6,685630.72,56.981733
2019,Uttar Pradesh,Banana,Summer,72585.0,814.5,12467199.6,26856.45,46.335806
2001,Jammu and Kashmir,Potato,Whole Year,1835.0,953.8,187408.55,477.1,10.070909
2001,Bihar,Other Kharif pulses,Kharif,1251.0,1247.0,127764.63,325.26,0.5835
2019,Bihar,Peas & beans (Pulses),Rabi,17378.0,1194.7,2984845.28,6429.86,1.01625
2006,Odisha,Onion,Rabi,212346.25,1592.5,44418.61,2302.03,16.237568
2010,Tamil Nadu,Tapioca,Whole Year,38437.07,814.0,4409.91,374.02,31.576347
2014,Karnataka,Rice,Kharif,1000025.0,1238.5,150963774.0,330008.25,2.812333
2020,Tamil Nadu,Banana,Whole Year,26027.36,869.3,7352.5,278.34,30.229856
2014,Telangana,Linseed,Rabi,45.0,746.4,6793.2,14.85,0.4
2016,Sikkim,Small millets,Kharif,2610.0,2971.6,399982.5,913.5,1.03
2016,Tamil Nadu,Urad,Kharif,71477.0,912.4,10953850.25,25016.95,0.744667
2019,Odisha,Groundnut,Autumn,9663.0,1593.9,1659716.88,3575.31,1.357895
2012,Madhya Pradesh,Onion,Whole Year,72818.0,1049.5,10980954.4,22573.58,19.753
2005,Chhattisgarh,Sugarcane,Whole Year,7422.0,1292.7,890046.24,1558.62,2.86125
2003,Maharashtra,Groundnut,Kharif,324100.0,1037.4,32079418.0,77784.0,0.794333
2007,Arunachal Pradesh,Wheat,Rabi,3558.0,3223.9,474637.2,569.28,1.579231
2010,Nagaland,Bajra,Kharif,650.0,1771.8,107971.5,156.0,0.866364
2019,Bihar,Ragi,Kharif,2755.0,1194.7,473198.8,1019.35,0.845238
2020,Uttarakhand,Sesamum,Kharif,2017.0,1313.9,390511.37,746.29,0.240833
2000,West Bengal,Castor seed,Kharif,100.0,1907.7,9817.0,26.0,1.27
2019,Bihar,Barley,Rabi,7449.0,1194.7,1279440.24,2756.13,1.295417
2009,Assam,Rice,Autumn,340830.0,1727.1,53108130.6,57941.1,1.070741
2006,Karnataka,Moong(Green Gram),Kharif,440724.0,1146.3,56284862.04,96959.28,0.158696
2005,Uttarakhand,Jowar,Kharif,3.0,1353.3,359.76,0.63,0.67
2014,West Bengal,Moong(Green Gram),Kharif,1124.0,1483.5,169679.04,370.92,0.733
2014,Karnataka,Turmeric,Whole Year,12824.0,1238.5,1935911.04,4231.92,5.373684
2008,Meghalaya,Turmeric,Whole Year,1959.0,3114.3,280215.36,176.31,4.862857
2012,West Bengal,Maize,Autumn,40588.0,1566.0,6120670.4,12582.28,2.358
2010,Puducherry,Turmeric,Kharif,4.0,1434.6,664.44,0.96,1.5
2007,Assam,Arecanut,Whole Year,66235.0,2154.1,8835749.0,10597.6,0.856667
2010,Haryana,Sunflower,Kharif,4002.0,639.2,664772.22,960.48,1.026
2018,Andhra Pradesh,Gram,Kharif,31.0,1220.5,5028.2,10.85,0.5
2005,Bihar,Coriander,Whole Year,2227.0,907.8,267061.84,467.67,0.803438
2016,Jammu and Kashmir,Other Cereals,Kharif,2762.0,902.8,423276.5,966.7,0.513333
2009,Haryana,Wheat,Rabi,2487756.0,393.0,387642139.9,422918.52,4.13381
2008,Himachal Pradesh,Cotton(lint),Kharif,45.0,1357.1,6436.8,4.05,0.48
2006,Assam,Gram,Rabi,1895.0,1774.9,242010.45,416.9,0.486667
2006,Mizoram,Maize,Kharif,10436.0,2353.0,1332781.56,2295.92,1.885
2007,Mizoram,Rice,Kharif,54393.0,3095.2,7256026.2,8702.88,0.2625
2003,Karnataka,Sunflower,Kharif,360264.0,867.6,35658930.72,86463.36,0.46913
2005,Tripura,Cotton(lint),Kharif,1143.0,1765.9,137068.56,240.03,1.39
2004,Uttar Pradesh,Sunflower,Summer,14432.0,704.0,1563562.88,3030.72,1.970185
2014,Maharashtra,Bajra,Kharif,864800.0,1001.6,130550208.0,285384.0,0.451053
2011,Maharashtra,Maize,Kharif,736200.0,1174.1,123328224.0,242946.0,2.101852
2020,Himachal Pradesh,Maize,Kharif,221709.55,809.7,20875.01,2680.31,3.282349
2014,Assam,Masoor,Rabi,29051.0,1899.0,4385538.96,9586.83,0.761481
2012,Andhra Pradesh,Coconut,Whole Year,99825.0,968.7,15053610.0,30945.75,14794.63
2012,Uttar Pradesh,Coriander,Rabi,6675.0,746.3,1006590.0,2069.25,0.555574
2016,Chhattisgarh,Horse-gram,Kharif,39873.0,1298.9,6110537.25,13955.55,0.405217
2004,Uttarakhand,Rapeseed &Mustard,Rabi,14790.0,1219.6,1602348.6,3105.9,0.59
2004,Punjab,Gram,Rabi,5100.0,366.4,552534.0,1071.0,0.845
2014,Assam,Mustard,Rabi,624959.8,2357.9,141112.74,2482.89,1.401661
2000,Gujarat,Other  Rabi pulses,Rabi,3100.0,379.7,304327.0,806.0,0.385
2006,Karnataka,Cotton(lint),Whole Year,375982.0,1146.3,48016661.22,82716.04,1.405
2003,Karnataka,Ginger,Kharif,8281.0,867.6,819653.38,1987.44,12.818125
2000,Karnataka,Coconut,Whole Year,335996.0,1213.3,32984727.32,87358.96,4673.661111
2004,Tamil Nadu,Maize,Kharif,189893.0,1034.0,20573007.62,39877.53,1.758846
2006,Haryana,Sannhamp,Whole Year,620.0,329.3,79180.2,136.4,0.135455
2008,Telangana,Arhar/Tur,Kharif,401578.84,424.6,92616.4,3045.47,0.983002
2019,Chhattisgarh,Safflower,Rabi,100.0,1420.3,17176.0,37.0,0.377
2005,Telangana,Arhar/Tur,Kharif,490137.98,644.1,83920.53,1516.08,0.882716
2014,Andhra Pradesh,Horse-gram,Kharif,10529.0,687.6,1589457.84,3474.57,0.37
2013,Maharashtra,Small millets,Kharif,51600.0,1409.8,7455684.0,13932.0,0.434074
2006,Assam,Jute,Kharif,57663.0,1774.9,7364141.73,12685.86,9.352963
2004,Uttar Pradesh,Guar seed,Whole Year,2461.0,704.0,266624.74,516.81,0.849245
2002,Andhra Pradesh,Groundnut,Kharif,1270662.0,648.1,120293571.5,317665.5,0.767727
2009,Tripura,Sesamum,Kharif,1532.0,2004.2,238716.24,260.44,0.565
2018,Jammu and Kashmir,Garlic,Rabi,675.0,1016.3,109485.0,236.25,0.8125
2003,Delhi,Maize,Kharif,93.0,962.3,9205.14,22.32,1.98
2008,Assam,Rapeseed &Mustard,Rabi,226385.0,2109.9,32382110.4,20374.65,0.521111
2002,Assam,Castor seed,Kharif,1577.0,1973.6,149294.59,394.25,0.428571
2019,Nagaland,Jowar,Kharif,280.0,1593.0,48092.8,103.6,0.966
2005,Jammu and Kashmir,Gram,Rabi,514.0,1721.8,61638.88,107.94,0.533333
2015,Assam,Wheat,Rabi,20975.0,2155.3,3312162.25,6921.75,1.1756
2005,Andhra Pradesh,Soyabean,Kharif,97692.0,1075.5,11715224.64,20515.32,1.424167
2003,Kerala,Cardamom,Whole Year,41332.0,2386.0,4091041.36,9919.68,0.07
2002,Bihar,Khesari,Rabi,140712.0,1105.8,13321205.04,35178.0,0.722571
2000,Kerala,Black pepper,Whole Year,202133.0,2412.6,19843396.61,52554.58,0.22
2003,Haryana,Arhar/Tur,Kharif,25807.0,592.3,2554376.86,6193.68,1.11
2008,Madhya Pradesh,Tobacco,Whole Year,229.0,895.0,32756.16,20.61,0.52
2015,Haryana,Barley,Rabi,29000.0,426.8,4579390.0,9570.0,3.293636
2001,Odisha,Potato,Whole Year,7580.0,1672.5,774145.4,1970.8,9.565714
2003,Odisha,Mustard,Rabi,801337.05,1669.7,158350.63,5778.75,1.19257
2014,Karnataka,Dry chillies,Kharif,81787.0,1238.5,12346565.52,26989.71,1.257857
2015,West Bengal,Sannhamp,Kharif,810.0,1717.0,127907.1,267.3,4.345
2005,Chhattisgarh,Turmeric,Whole Year,772.0,1292.7,92578.24,162.12,1.034286
2002,Manipur,Potato,Whole Year,4470.0,1743.7,423174.9,1117.5,5.20375
2001,Puducherry,Moong(Green Gram),Rabi,544.0,1434.6,55558.72,141.44,0.236667
2013,Bihar,Rapeseed &Mustard,Rabi,85246.0,1069.9,12317194.54,23016.42,1.293421
2010,Chhattisgarh,Turmeric,Whole Year,978.0,1283.1,162455.58,234.72,1.044375
2010,Assam,Gram,Rabi,1802.0,2578.5,299330.22,432.48,0.49
2009,Rajasthan,Wheat,Rabi,4246342.17,245.0,1071264.94,48211.96,3.390963
2004,Rajasthan,Jowar,Kharif,995381.58,289.3,205500.9,7132.74,1.065042
2004,Tamil Nadu,Ginger,Kharif,574.0,1034.0,62187.16,120.54,19.255
2010,West Bengal,Khesari,Rabi,25778.0,1096.0,4281983.58,6186.72,1.116875
2019,Uttar Pradesh,Groundnut,Kharif,93822.0,814.5,16114866.72,34714.14,1.081905
2001,Odisha,Coriander,Whole Year,12910.0,1672.5,1318498.3,3356.6,0.449667
2017,Tamil Nadu,Small millets,Kharif,18166.0,970.9,2860055.04,6903.08,1.445909
2019,Himachal Pradesh,Onion,Rabi,952.0,1217.7,163515.52,352.24,7.29
2015,Kerala,Tobacco,Whole Year,9.0,2602.9,1421.19,2.97,1.67
2015,Mizoram,Other  Rabi pulses,Rabi,1277.0,2310.8,201651.07,421.41,1.545
2016,Haryana,Mustard,Rabi,809562.3,544.6,115682.58,7229.87,1.649311
2000,Gujarat,Other Kharif pulses,Kharif,19800.0,379.7,1943766.0,5148.0,0.344706
2001,Puducherry,Groundnut,Kharif,1229.0,1434.6,125517.77,319.54,1.195
2018,Haryana,Horse-gram,Kharif,289.0,533.2,46875.8,101.15,0.5
2015,Karnataka,Soyabean,Kharif,257971.0,1024.9,40736200.61,85130.43,0.692222
2013,Nagaland,Potato,Rabi,7040.0,1350.9,1017209.6,1900.8,10.010909
2000,Nagaland,Peas & beans (Pulses),Kharif,1700.0,1631.8,166889.0,442.0,0.66
2008,Uttar Pradesh,Urad,Kharif,362921.0,891.6,51912219.84,32662.89,0.55029
2010,Maharashtra,Bajra,Kharif,1034600.0,1389.0,171857406.0,248304.0,0.87
2001,Assam,Rapeseed &Mustard,Rabi,272323.0,1824.7,27812347.99,70803.98,0.47913
2004,Madhya Pradesh,Coriander,Whole Year,136352.0,895.7,14772375.68,28633.92,0.339783
2009,Manipur,Rice,Kharif,113890.0,992.5,17746339.8,19361.3,1.923333
2009,Kerala,Banana,Whole Year,51275.0,2821.5,7989670.5,8716.75,7.835714
2015,Mizoram,Sugarcane,Whole Year,1542.0,2310.8,243497.22,508.86,32.8575
2010,Mizoram,Sesamum,Kharif,1362.0,2738.7,226241.82,326.88,0.4875
2017,Uttar Pradesh,Maize,Kharif,664457.0,652.1,104612110.1,252493.66,1.973014
2002,Uttar Pradesh,Soyabean,Kharif,4735.0,664.0,448262.45,1183.75,0.161538
2013,Odisha,Maize,Autumn,91261.0,1632.4,13186301.89,24640.47,1.566667
2003,Chhattisgarh,Mesta,Kharif,1219.0,1643.7,120656.62,292.56,2.107857
2002,Karnataka,Other Kharif pulses,Kharif,112354.0,860.8,10636553.18,28088.5,0.2824
2005,Odisha,Jute,Autumn,2724.0,1503.4,326662.08,572.04,8.301429
2006,Andhra Pradesh,Coriander,Whole Year,25375.0,845.2,3240641.25,5582.5,0.495
2013,Punjab,Cotton(lint),Kharif,446000.0,586.6,64442540.0,120420.0,3.409091
2006,Uttar Pradesh,Tobacco,Rabi,23227.0,590.5,2966320.17,5109.94,5.3048
2001,Rajasthan,Moong,Kharif,27781.93,480.0,2135.31,60.91,0.504026
2010,Karnataka,Bajra,Kharif,307977.0,1317.7,51158059.47,73914.48,0.883125
2015,Jammu and Kashmir,Linseed,Rabi,168.0,1572.6,26528.88,55.44,0.506
2011,Maharashtra,Mango,Whole Year,155553.23,2475.8,32795.5,1124.95,6.921642
2004,Mizoram,Tobacco,Whole Year,468.0,2640.8,50703.12,98.28,0.688571
2002,Jammu and Kashmir,Peas & beans (Pulses),Rabi,805.0,933.2,76209.35,201.25,0.911429
2020,Tamil Nadu,Maize,Kharif,127704.86,885.0,25885.6,1766.55,3.69301
2006,Assam,Rapeseed &Mustard,Rabi,238426.0,1774.9,30449384.46,52453.72,0.495185
2016,Puducherry,Other Kharif pulses,Kharif,2.0,1391.3,306.5,0.7,1.5
2006,Nagaland,Wheat,Rabi,1500.0,1362.5,191565.0,330.0,0.86
2011,Himachal Pradesh,Small millets,Kharif,5342.0,1108.3,894891.84,1762.86,0.748571
2006,Uttarakhand,Sesamum,Kharif,1799.0,1178.9,229750.29,395.78,0.233077
2006,Kerala,Garlic,Whole Year,221.0,3429.7,28223.91,48.62,17.0
2008,Assam,Potato,Whole Year,78317.0,2109.9,11202463.68,7048.53,6.5
2017,Karnataka,Soyabean,Kharif,276536.0,1111.7,43537827.84,105083.68,1.406
2004,Nagaland,Soyabean,Kharif,30000.0,1711.5,3250200.0,6300.0,1.64875
2009,Haryana,Groundnut,Kharif,1729.0,393.0,269412.78,293.93,0.581818
2001,Manipur,Sesamum,Kharif,410.0,2013.1,41873.3,106.6,0.63
2008,Maharashtra,Castor seed,Kharif,10800.0,1052.8,1544832.0,972.0,0.254
2010,Jharkhand,Sugarcane,Whole Year,855901.68,1026.2,190661.6,8443.37,77.299146
2009,Nagaland,Jute,Kharif,1250.0,1225.9,194775.0,212.5,1.554
2019,Uttar Pradesh,Small millets,Kharif,8134.0,814.5,1397095.84,3009.58,0.683333
2020,Uttarakhand,Barley,Rabi,19280.0,1313.9,3732800.8,7133.6,1.366923
2000,Gujarat,Groundnut,Kharif,1712200.0,379.7,168086674.0,445172.0,0.441053
2003,Manipur,Sweet potato,Whole Year,102.0,687.7,10095.96,24.48,6.59
2003,Assam,Masoor,Rabi,21736.0,2213.7,2151429.28,5216.64,0.51
2001,Uttarakhand,Turmeric,Whole Year,45.0,1541.3,4595.85,11.7,1.922
2018,Punjab,Sugarcane,Whole Year,95000.0,585.5,15409000.0,33250.0,81.236667
2000,Kerala,Garlic,Whole Year,538.0,2412.6,52815.46,139.88,17.0
2001,Sikkim,Small millets,Kharif,4928.0,2372.5,503296.64,1281.28,0.8725
2013,Kerala,Jowar,Whole Year,150.0,3255.4,21673.5,40.5,0.846667
2017,Punjab,Arhar/Tur,Kharif,2600.0,497.5,409344.0,988.0,1.045455
2019,Maharashtra,Cotton(lint),Kharif,4491331.0,1555.8,771431012.6,1661792.47,2.831429
2017,Gujarat,Garlic,Whole Year,19408.0,814.8,3055595.52,7375.04,6.755652
2004,Jharkhand,Rice,Autumn,153608.9,1149.2,16641988.23,32257.87,0.714
2008,West Bengal,Peas & beans (Pulses),Rabi,8815.0,1560.1,1260897.6,793.35,0.695333
2016,Haryana,Rapeseed &Mustard,Rabi,504000.0,554.7,77238000.0,176400.0,1.702857
2017,Karnataka,Niger seed,Kharif,4444.0,1111.7,699663.36,1688.72,0.207391
2013,Gujarat,Banana,Whole Year,26721.0,1006.5,3860917.29,7214.67,71.543636
2006,Uttarakhand,Linseed,Rabi,40.0,1178.9,5108.4,8.8,0.38
2015,Assam,Rapeseed &Mustard,Rabi,285677.0,2155.3,45111255.07,94273.41,0.647778
2016,West Bengal,Peas & beans (Pulses),Rabi,13684.0,1795.8,2097073.0,4789.4,1.132632
2017,Andhra Pradesh,Linseed,Kharif,224.0,868.2,35266.56,85.12,0.49
2001,Assam,Arhar/Tur,Kharif,7236.0,1824.7,739012.68,1881.36,0.70913
2015,Jammu and Kashmir,Wheat,Rabi,281870.0,1572.6,44510091.7,93017.1,1.332857
2001,Karnataka,Other  Rabi pulses,Rabi,29824.0,1002.9,3045925.12,7754.24,0.12037
2002,Bihar,Jute,Kharif,147796.0,1105.8,13991847.32,36949.0,6.593077
2017,Bihar,Barley,Rabi,10378.0,1112.0,1633912.32,3943.64,1.567857
2003,Delhi,Jowar,Kharif,8686.0,962.3,859740.28,2084.64,1.23
2005,Madhya Pradesh,Groundnut,Kharif,204793.0,1032.7,24558776.56,43006.53,1.00766
2008,Sikkim,Rapeseed &Mustard,Rabi,5300.0,2247.5,758112.0,477.0,0.85
2003,Mizoram,Arhar/Tur,Kharif,61.0,2499.5,6037.78,14.64,0.93
2009,Uttar Pradesh,Bajra,Kharif,848617.0,585.8,132231500.9,144264.89,1.445781
2004,Assam,Gram,Rabi,2141.0,2536.9,231955.94,449.61,0.470435
2017,Sikkim,Rapeseed &Mustard,Rabi,3211.0,2873.6,505539.84,1220.18,0.845
2002,Madhya Pradesh,Tobacco,Whole Year,173.0,800.8,16377.91,43.25,0.5225
2006,Rajasthan,Jowar,Kharif,512153.58,540.9,67917.75,1661.58,1.277377
2015,Assam,Ginger,Whole Year,16306.0,2155.3,2574880.46,5380.98,8.173333
2000,Uttarakhand,Soyabean,Kharif,6478.0,1413.4,635945.26,1684.28,0.654545
2003,Madhya Pradesh,Mustard,Rabi,1037767.53,1268.0,102098.33,7901.16,1.326976
2000,Tamil Nadu,Sunflower,Kharif,13345.0,971.1,1310078.65,3469.7,1.040435
2006,Maharashtra,Ragi,Kharif,136000.0,1439.4,17368560.0,29920.0,0.89
2013,Chhattisgarh,Moong(Green Gram),Kharif,8617.0,1418.3,1245070.33,2326.59,0.274815
2008,Uttarakhand,Ragi,Kharif,120707.0,1363.7,17265929.28,10863.63,1.525455
2000,Bihar,Gram,Rabi,76155.0,1207.0,7476136.35,19800.3,0.95697
2010,Assam,Mesta,Kharif,4970.0,2578.5,825566.7,1192.8,4.90913
2002,Bihar,Barley,Rabi,20427.0,1105.8,1933824.09,5106.75,1.154286
2002,Maharashtra,Cotton(lint),Kharif,2799900.0,967.4,265066533.0,699975.0,0.99037
2009,Bihar,Urad,Kharif,20045.0,889.3,3123411.9,3407.65,0.992059
2000,Delhi,Sugarcane,Whole Year,5.0,544.3,490.85,1.3,40.0
2015,West Bengal,Coconut,Whole Year,29513.0,1717.0,4660397.83,9739.29,12593.58421
2017,Mizoram,Tapioca,Kharif,194.0,3865.8,30543.36,73.72,9.876667
2018,Bihar,Jowar,Kharif,716.0,1521.4,116135.2,250.6,1.08
2000,Karnataka,Tapioca,Whole Year,1030.0,1213.3,101115.1,267.8,9.558571
2014,Karnataka,Cardamom,Whole Year,18254.0,1238.5,2755623.84,6023.82,0.07875
2006,Karnataka,Coriander,Whole Year,5998.0,1146.3,766004.58,1319.56,0.113158
2016,Manipur,Gram,Rabi,791.0,2039.8,121220.75,276.85,0.93
2015,Karnataka,Mango,Whole Year,211186.03,2933.2,36431.42,1712.21,7.189618
2007,Telangana,Turmeric,Kharif,37471.67,1040.3,5826.99,191.17,4.944786
2012,Manipur,Groundnut,Kharif,3245.0,1176.7,489346.0,1005.95,0.786667
2013,Uttarakhand,Soyabean,Kharif,9172.0,1735.4,1325262.28,2476.44,1.109167
2014,Telangana,Sunflower,Kharif,1369.0,746.4,206664.24,451.77,1.013333
2015,Andhra Pradesh,Safflower,Rabi,304.0,940.7,48004.64,100.32,0.713333
2015,Tamil Nadu,Cotton(lint),Kharif,102251.0,1201.9,16146455.41,33742.83,2.151852
2008,Delhi,Rice,Kharif,7039.0,614.6,1006858.56,633.51,2.82
2007,West Bengal,Ragi,Kharif,13062.0,2007.5,1742470.8,2089.92,0.722
2003,Sikkim,Barley,Rabi,1230.0,2838.1,121745.4,295.2,1.19
2009,Karnataka,Black pepper,Whole Year,19706.0,1321.0,3070588.92,3350.02,3.701538
2014,Punjab,Gram,Rabi,1800.0,382.7,271728.0,594.0,1.102222
2015,Bihar,Castor seed,Kharif,43.0,874.0,6790.13,14.19,0.968
2008,Bihar,Gram,Rabi,61205.0,1197.7,8754763.2,5508.45,0.962353
2004,Kerala,Sesamum,Kharif,883.0,2880.2,95664.22,185.43,0.228333
2002,Madhya Pradesh,Other  Rabi pulses,Rabi,719020.0,800.8,68069623.4,179755.0,0.383111
2018,Haryana,Barley,Rabi,14900.0,533.2,2416780.0,5215.0,3.945
2020,West Bengal,Jute,Kharif,176213.79,1243.9,53127.65,663.24,2.517706
2015,Tamil Nadu,Mango,Whole Year,62630.47,844.7,16201.61,134.28,7.669941
2003,Meghalaya,Cashewnut,Whole Year,6708.0,3321.3,663957.84,1609.92,1.003333
2000,Karnataka,Other  Rabi pulses,Rabi,33468.0,1213.3,3285553.56,8701.68,0.117407
2013,Goa,Black pepper,Whole Year,737.0,3642.6,106489.13,198.99,0.315
2019,Himachal Pradesh,Urad,Kharif,7017.0,1217.7,1205239.92,2596.29,0.777273
2010,Maharashtra,Linseed,Rabi,39300.0,1389.0,6528123.0,9432.0,0.265
2016,Assam,Other  Rabi pulses,Rabi,17620.0,2296.8,2700265.0,6167.0,0.690741
2016,Chhattisgarh,Sweet potato,Whole Year,2443.0,1298.9,374389.75,855.05,5.757083
2011,Bihar,Rapeseed &Mustard,Rabi,90326.0,1097.1,15131411.52,29807.58,1.254737
2005,Uttarakhand,Soyabean,Kharif,12885.0,1353.3,1545169.2,2705.85,0.858182
2010,Uttarakhand,Soyabean,Kharif,8135.0,1419.0,1351304.85,1952.4,1.146364
2002,Odisha,Niger seed,Kharif,98060.0,1102.8,9283340.2,24515.0,0.247273
2016,Bihar,Rapeseed &Mustard,Rabi,82770.0,1205.6,12684502.5,28969.5,1.115263
2004,Andhra Pradesh,Gram,Kharif,111.0,781.8,12025.74,23.31,0.885
2018,Chhattisgarh,Maize,Kharif,118047.0,1515.5,19147223.4,41316.45,2.280741
2000,Meghalaya,Mesta,Kharif,4635.0,6258.8,455017.95,1205.1,4.606667
2013,Tamil Nadu,Sweet potato,Whole Year,592.0,740.9,85538.08,159.84,22.102
2000,Tamil Nadu,Garlic,Whole Year,601.0,971.1,59000.17,156.26,5.74
2014,Telangana,Arhar/Tur,Kharif,219791.0,746.4,33179649.36,72531.03,0.497778
2007,Kerala,Banana,Whole Year,59341.0,3489.6,7916089.4,9494.56,7.534286
2003,Madhya Pradesh,Ragi,Kharif,514.0,1163.0,50875.72,123.36,0.237143
2016,Bihar,Barley,Rabi,10823.0,1205.6,1658624.75,3788.05,1.506538
2014,Andhra Pradesh,Moong(Green Gram),Kharif,11408.0,687.6,1722151.68,3764.64,0.807692
2016,Uttar Pradesh,Moong(Green Gram),Kharif,44299.0,965.3,6788821.75,15504.65,0.468475
2011,Andhra Pradesh,Potato,Whole Year,6057.0,861.9,1014668.64,1998.81,10.524286
2010,Uttar Pradesh,Masoor,Rabi,586132.0,742.6,97362386.52,140671.68,0.771389
2020,Karnataka,Banana,Whole Year,40126.68,2143.6,10230.24,267.72,34.614929
2003,Nagaland,Small millets,Kharif,7830.0,1709.8,775013.4,1879.2,0.9425
2013,Meghalaya,Cotton(lint),Kharif,7275.0,2448.4,1051164.75,1964.25,1.126
2010,Gujarat,Jowar,Kharif,76400.0,1107.5,12690804.0,18336.0,1.065238
2001,Uttarakhand,Garlic,Whole Year,2063.0,1541.3,210694.19,536.38,5.509524
2000,Madhya Pradesh,Niger seed,Kharif,107157.0,723.3,10519602.69,27860.82,0.193704
2011,Uttar Pradesh,Sugarcane,Kharif,2162404.0,777.4,362245918.1,713593.32,55.13875
2018,Haryana,Bajra,Kharif,424700.0,533.2,68886340.0,148645.0,2.2265
2005,Assam,Cotton(lint),Kharif,1352.0,2184.6,162131.84,283.92,0.4172
2002,Maharashtra,Moong(Green Gram),Kharif,762300.0,967.4,72166941.0,190575.0,0.573636
2012,Jammu and Kashmir,Potato,Kharif,1225.0,1116.7,184730.0,379.75,10.75
2008,Jammu and Kashmir,Gram,Rabi,284.0,1390.1,40623.36,25.56,0.545
2019,Haryana,Rapeseed &Mustard,Rabi,636400.0,351.8,109308064.0,235468.0,1.796818
2009,West Bengal,Ragi,Autumn,11774.0,1317.2,1834624.68,2001.58,0.76
2018,Karnataka,Soyabean,Kharif,261855.0,1419.1,42472881.0,91649.25,1.0025
2011,Manipur,Sugarcane,Whole Year,5750.0,1533.6,963240.0,1897.5,57.673333
2013,Madhya Pradesh,Niger seed,Kharif,68873.0,1451.4,9951459.77,18595.71,0.348235
2000,Nagaland,Jute,Kharif,350.0,1631.8,34359.5,91.0,1.343333
2005,Arunachal Pradesh,Potato,Whole Year,3963.0,2767.0,475242.96,832.23,7.205333
2012,Madhya Pradesh,Ginger,Whole Year,10578.0,1049.5,1595162.4,3279.18,1.278837
2013,West Bengal,Other  Rabi pulses,Rabi,311.0,1939.9,44936.39,83.97,0.4775
2008,Nagaland,Cardamom,Kharif,800.0,1540.9,114432.0,72.0,0.35875
2015,Nagaland,Arhar/Tur,Kharif,3050.0,1308.3,481625.5,1006.5,0.887273
2010,Meghalaya,Tapioca,Kharif,4180.0,3119.7,694339.8,1003.2,6.087143
2000,Nagaland,Potato,Whole Year,4540.0,1631.8,445691.8,1180.4,10.32375
2007,Bihar,Arhar/Tur,Kharif,30860.0,1600.2,4116724.0,4937.6,1.278649
2016,Assam,Dry chillies,Whole Year,20546.0,2296.8,3148674.5,7191.1,0.803333
2019,Odisha,Masoor,Rabi,9340.0,1593.9,1604238.4,3455.8,0.535714
2011,Telangana,Sugarcane,Whole Year,831861.91,894.1,217615.33,10024.32,69.810084
2003,Tripura,Rice,Kharif,257440.0,2487.9,25481411.2,61785.6,2.31
2008,Kerala,Turmeric,Whole Year,2782.0,2524.8,397937.28,250.38,2.169286
2015,Jammu and Kashmir,Rapeseed &Mustard,Rabi,50594.0,1572.6,7989298.54,16696.02,0.583
2007,Tripura,Urad,Kharif,882.0,2831.8,117658.8,141.12,0.5825
2018,West Bengal,Potato,Rabi,436042.0,2012.6,70726012.4,152614.7,27.259091
2001,Bihar,Tobacco,Whole Year,13651.0,1247.0,1394176.63,3549.26,1.207857
2011,Kerala,Tobacco,Whole Year,43.0,3035.1,7203.36,14.19,1.6
2013,Haryana,Sunflower,Kharif,3900.0,452.2,563511.0,1053.0,1.926667
2007,Gujarat,Other Kharif pulses,Kharif,27500.0,1021.6,3668500.0,4400.0,0.617368
2003,Bihar,Garlic,Whole Year,2797.0,1353.9,276847.06,671.28,1.484375
2007,Haryana,Wheat,Rabi,2460680.0,443.8,328254712.0,393708.8,4.036
2005,Bihar,Sunflower,Kharif,22713.0,907.8,2723742.96,4769.73,1.321481
2014,Bihar,Sannhamp,Kharif,1362.0,1061.0,205607.52,449.46,0.821176
2014,Uttar Pradesh,Garlic,Rabi,33861.0,616.4,5111656.56,11174.13,5.808065
2002,Odisha,Ragi,Kharif,77095.0,1102.8,7298583.65,19273.75,0.387692
2008,Himachal Pradesh,Urad,Kharif,10637.0,1357.1,1521516.48,957.33,0.517273
2016,Meghalaya,Rice,Autumn,33646.0,3837.1,5156249.5,11776.1,2.552727
2005,West Bengal,Small millets,Kharif,2113.0,1650.1,253390.96,443.73,0.744286
2019,Telangana,Garlic,Rabi,23.0,1031.7,3950.48,8.51,4.578333
2000,Jammu and Kashmir,Groundnut,Kharif,12.0,989.5,1178.04,3.12,0.5
2008,Maharashtra,Niger seed,Kharif,38000.0,1052.8,5435520.0,3420.0,0.446667
2018,Uttarakhand,Linseed,Rabi,13.0,1373.0,2108.6,4.55,1.0
2006,Arunachal Pradesh,Wheat,Rabi,3979.0,1940.0,508158.09,875.38,1.668462
2014,Rajasthan,Groundnut,Kharif,983190.67,451.6,114984.78,9376.35,1.548861
2015,West Bengal,Tobacco,Whole Year,15073.0,1717.0,2380177.43,4974.09,1.1875
2001,West Bengal,Safflower,Rabi,58.0,1556.6,5923.54,15.08,0.385
2010,Rajasthan,Coriander,Rabi,32406.71,331.8,2241.0,298.82,0.74882
2012,Assam,Cotton(lint),Kharif,1802.0,2167.5,271741.6,558.62,0.489583
2001,Kerala,Turmeric,Whole Year,3558.0,2946.7,363378.54,925.08,2.066429
2013,Bihar,Jute,Kharif,104883.0,1069.9,15154544.67,28318.41,14.136154
2004,Odisha,Urad,Autumn,27222.0,1290.4,2949231.48,5716.62,0.199048
2003,Madhya Pradesh,Safflower,Rabi,632.0,1163.0,62555.36,151.68,0.24
2012,Tripura,Other  Rabi pulses,Rabi,1331.0,1882.2,200714.8,412.61,0.815
2011,Haryana,Mustard,Rabi,725918.25,458.1,56467.83,7324.21,1.576889
2019,Andhra Pradesh,Arecanut,Kharif,1096.0,899.2,188248.96,405.52,7.253333
2005,Gujarat,Gram,Rabi,125600.0,942.4,15061952.0,26376.0,0.9764
2005,Tripura,Mesta,Kharif,1170.0,1765.9,140306.4,245.7,7.595
2006,Nagaland,Moong(Green Gram),Kharif,1000.0,1362.5,127710.0,220.0,1.20375
2003,Punjab,Potato,Rabi,237820.28,324.6,44467.2,658.03,20.313024
2003,Karnataka,Rice,Kharif,944272.0,867.6,93464042.56,226625.28,2.133333
2016,Rajasthan,Barley,Rabi,15526.2,252.4,1475.63,21.25,2.902148
2003,Tamil Nadu,Sweet potato,Whole Year,1039.0,345.6,102840.22,249.36,14.55
2012,West Bengal,Potato,Rabi,386607.0,1566.0,58300335.6,119848.17,28.564444
2002,Karnataka,Safflower,Rabi,84946.0,860.8,8041837.82,21236.5,0.585714
2000,Himachal Pradesh,Maize,Kharif,298052.0,1068.4,29259764.84,77493.52,2.3325
2017,Chhattisgarh,Urad,Kharif,85858.0,1124.5,13517483.52,32626.04,0.328519
2009,Telangana,Rice,Kharif,1306585.62,770.8,205773.18,3057.69,3.252939
2014,Karnataka,Cotton(lint),Kharif,808464.0,1238.5,122045725.4,266793.12,2.50375
2016,Bihar,Lentil,Rabi,34266.57,1311.5,9635.39,225.6,0.925406
2006,Kerala,Tobacco,Whole Year,31.0,3429.7,3959.01,6.82,1.61
2014,Uttar Pradesh,Bajra,Kharif,951724.0,616.4,143672255.0,314068.92,1.532063
2002,Gujarat,Garlic,Whole Year,8500.0,458.4,804695.0,2125.0,5.413077
2013,Andhra Pradesh,Maize,Kharif,109846.0,1062.3,15871648.54,29658.42,3.460769
2014,Maharashtra,Jowar,Kharif,680100.0,1001.6,102667896.0,224433.0,0.95625
2019,Andhra Pradesh,Coconut,Whole Year,104027.0,899.2,17867677.52,38489.99,16935.05846
2018,Manipur,Urad,Kharif,1372.0,1196.9,222538.4,480.2,1.035556
2008,Bihar,Dry chillies,Whole Year,2364.0,1197.7,338146.56,212.76,1.227667
2017,Maharashtra,Niger seed,Kharif,12968.0,1129.5,2041681.92,4927.84,0.154375
2017,Chhattisgarh,Masoor,Rabi,12691.0,1124.5,1998071.04,4822.58,0.335909
2000,Meghalaya,Tapioca,Whole Year,4110.0,6258.8,403478.7,1068.6,5.98
2003,Uttarakhand,Sesamum,Kharif,1857.0,1734.3,183805.86,445.68,0.155385
2014,Goa,Other  Rabi pulses,Rabi,8315.0,3491.2,1255232.4,2743.95,0.865
2007,Bihar,Groundnut,Kharif,1207.0,1600.2,161013.8,193.12,0.683333
2004,Odisha,Rice,Autumn,824000.0,1290.4,89272160.0,173040.0,0.98
2000,Madhya Pradesh,Maize,Kharif,829299.0,723.3,81412282.83,215617.74,1.558636
2017,Jharkhand,Niger seed,Kharif,4943.0,1165.7,778225.92,1878.34,0.515882
2003,Gujarat,Mango,Whole Year,265552.89,1208.0,36849.23,2504.45,5.544862
2010,Jammu and Kashmir,Wheat,Rabi,286777.0,1352.0,47636527.47,68826.48,1.468
2014,Himachal Pradesh,Moth,Kharif,14.0,1019.9,2113.44,4.62,0.246667
2009,Mizoram,Other Kharif pulses,Kharif,2419.0,2086.3,376928.58,411.23,1.0275
2015,Uttarakhand,Masoor,Rabi,10043.0,1247.6,1585890.13,3314.19,0.729231
2009,Uttar Pradesh,Tobacco,Rabi,22861.0,585.8,3562201.02,3886.37,5.665
2012,West Bengal,Barley,Rabi,2387.0,1566.0,359959.6,739.97,1.47125
2012,Karnataka,Rapeseed &Mustard,Kharif,2201.0,956.2,331910.8,682.31,0.271538
2013,Haryana,Arhar/Tur,Kharif,9400.0,452.2,1358206.0,2538.0,1.096667
2008,Andhra Pradesh,Sugarcane,Whole Year,196126.0,944.6,28053863.04,17651.34,81.645238
2001,Jharkhand,Potato,Rabi,264855.95,1326.3,31587.64,1403.31,19.759199
2000,Madhya Pradesh,Sugarcane,Whole Year,74733.0,723.3,7336538.61,19430.58,17.888444
2011,Karnataka,Sweet potato,Whole Year,1836.0,1179.0,307566.72,605.88,14.106429
2005,Goa,Cashewnut,Whole Year,55021.0,3392.8,6598118.32,11554.41,0.49
2016,Tripura,Other Kharif pulses,Kharif,23.0,2475.3,3524.75,8.05,0.966
2003,Chhattisgarh,Cotton(lint),Kharif,92.0,1643.7,9106.16,22.08,1.832
2007,Chhattisgarh,Potato,Kharif,1910.0,1246.2,254794.0,305.6,6.440909
2000,Bihar,Sesamum,Kharif,3581.0,1207.0,351546.77,931.06,0.592143
2018,Madhya Pradesh,Sugarcane,Whole Year,107902.0,1102.2,17501704.4,37765.7,35.495714
2009,Tamil Nadu,Castor seed,Whole Year,4896.0,928.5,762894.72,832.32,0.313704
2001,Puducherry,Black pepper,Whole Year,12.0,1434.6,1225.56,3.12,0.92
2015,Jammu and Kashmir,Small millets,Kharif,3315.0,1572.6,523471.65,1093.95,0.454444
2010,Tripura,Other  Rabi pulses,Rabi,1074.0,2348.3,178402.14,257.76,0.81
2013,Mizoram,Arhar/Tur,Kharif,220.0,1848.8,31787.8,59.4,0.916
2019,Nagaland,Ragi,Kharif,350.0,1593.0,60116.0,129.5,0.982857
2015,Punjab,Rapeseed &Mustard,Rabi,31000.0,512.6,4895210.0,10230.0,1.329412
2011,Andhra Pradesh,Arhar/Tur,Kharif,478657.0,861.9,80184620.64,157956.81,0.435455
2013,Sikkim,Barley,Rabi,580.0,2567.6,83804.2,156.6,0.9975
2007,Tamil Nadu,Cotton(lint),Whole Year,99335.0,1067.2,13251289.0,15893.6,2.013929
2019,Jharkhand,Safflower,Rabi,319.0,1137.8,54791.44,118.03,0.484286
2014,West Bengal,Potato,Rabi,409805.0,1483.5,61864162.8,135235.65,30.995556
2014,Bihar,Ragi,Kharif,6678.0,1061.0,1008110.88,2203.74,1.402692
2020,Maharashtra,Gram,Rabi,1346874.83,2196.6,164441.88,5229.45,1.268594
2008,Chhattisgarh,Potato,Kharif,690.0,1117.9,98697.6,62.1,1.342857
2007,Puducherry,Dry chillies,Kharif,1.0,1434.6,133.4,0.16,1.0
2005,Telangana,Rice,Kharif,1090589.83,1017.7,86798.45,1385.71,2.876351
2006,Karnataka,Ginger,Whole Year,17472.0,1146.3,2231349.12,3843.84,12.833529
2001,Maharashtra,Rapeseed &Mustard,Rabi,12200.0,1035.8,1245986.0,3172.0,0.304615
2000,Telangana,Soyabean,Kharif,1768862.16,942.8,109616.65,3829.89,1.238425
2020,Uttarakhand,Sunflower,Kharif,3.0,1313.9,580.83,1.11,0.75
2016,Jharkhand,Rapeseed &Mustard,Rabi,64371.0,1296.3,9864855.75,22529.85,0.967826
2017,West Bengal,Sannhamp,Kharif,745.0,1830.0,117292.8,283.1,5.828
2012,Maharashtra,Sugarcane,Whole Year,938100.0,1003.4,141465480.0,290811.0,73.4448
2003,Maharashtra,Safflower,Rabi,244700.0,1037.4,24220406.0,58728.0,0.398421
2017,Tamil Nadu,Coconut,Whole Year,436024.0,970.9,68647618.56,165689.12,9387.334516
2014,Haryana,Maize,Kharif,9000.0,301.3,1358640.0,2970.0,2.0
2009,Uttarakhand,Ragi,Kharif,116162.0,847.8,18100362.84,19747.54,1.333636
2004,Meghalaya,Sugarcane,Whole Year,84.0,4767.9,9100.56,17.64,2.264
2019,Karnataka,Cowpea(Lobia),Kharif,30586.0,1422.3,5253451.36,11316.82,0.299333
2019,Jharkhand,Groundnut,Kharif,26088.0,1137.8,4480874.88,9652.56,0.977917
2010,Kerala,Banana,Whole Year,58671.14,3131.8,9745863.06,14081.07,8.239286
2015,Maharashtra,Turmeric,Kharif,48416.38,1697.5,12134.31,422.67,5.693152
2004,Puducherry,Black pepper,Whole Year,12.0,1434.6,1300.08,2.52,0.58
2009,Meghalaya,Sugarcane,Whole Year,76.0,2995.9,11842.32,12.92,2.46
2010,Punjab,Rapeseed &Mustard,Rabi,31000.0,392.7,5149410.0,7440.0,1.242941
2011,Chhattisgarh,Garlic,Whole Year,1204.0,1302.7,201694.08,397.32,2.836667
2016,Nagaland,Cowpea(Lobia),Kharif,530.0,1959.8,81222.5,185.5,1.453333
2020,Gujarat,Tobacco,Rabi,25736.42,1481.2,5011.41,138.66,2.014855
2013,Goa,Banana,Whole Year,2324.0,3642.6,335794.76,627.48,11.315
2013,Jammu and Kashmir,Barley,Rabi,11893.0,1193.8,1718419.57,3211.11,0.746
2004,Kerala,Ragi,Kharif,1383.0,2880.2,149834.22,290.43,0.782
2016,Assam,Moong(Green Gram),Rabi,10724.0,2296.8,1643453.0,3753.4,0.651852
2014,Tamil Nadu,Groundnut,Kharif,210285.0,911.3,31744623.6,69394.05,2.411724
2002,Uttar Pradesh,Sunflower,Kharif,7230.0,664.0,684464.1,1807.5,1.377736
2014,Bihar,Groundnut,Kharif,574.0,1061.0,86651.04,189.42,1.017143
2019,Andhra Pradesh,Niger seed,Rabi,4256.0,899.2,731010.56,1574.72,0.33
2004,Gujarat,Rice,Kharif,665600.0,719.8,72111104.0,139776.0,1.730667
2006,Arunachal Pradesh,Rice,Kharif,123038.0,1940.0,15713182.98,27068.36,1.151875
2005,Nagaland,Masoor,Rabi,2800.0,1568.6,335776.0,588.0,2.12375
2010,Karnataka,Jowar,Kharif,218192.0,1317.7,36243873.12,52366.08,1.517727
2004,Bihar,Bajra,Kharif,1200.0,1147.8,130008.0,252.0,1.064
2019,Puducherry,Onion,Kharif,2.0,1317.0,343.52,0.74,5.0
2006,Mizoram,Potato,Kharif,639.0,2353.0,81606.69,140.58,3.26
2013,Andhra Pradesh,Dry chillies,Kharif,112924.0,1062.3,16316388.76,30489.48,4.287273
2017,Jammu and Kashmir,Jowar,Kharif,63.0,1279.1,9918.72,23.94,0.6
2009,Telangana,Soyabean,Kharif,704812.32,907.4,88247.54,5881.71,1.248083
2017,Arunachal Pradesh,Moong(Green Gram),Kharif,1268.0,2745.5,199633.92,481.84,1.165882
2002,Maharashtra,Soyabean,Kharif,1255500.0,967.4,118858185.0,313875.0,1.372069
2017,West Bengal,Urad,Kharif,67548.0,1830.0,10634757.12,25668.24,0.582632
2007,Madhya Pradesh,Sesamum,Whole Year,309055.0,740.4,41227937.0,49448.8,0.415
2015,West Bengal,Moth,Rabi,16.0,1717.0,2526.56,5.28,0.88
2017,Meghalaya,Wheat,Rabi,460.0,4472.3,72422.4,174.8,1.636
2012,West Bengal,Tobacco,Whole Year,12442.0,1566.0,1876253.6,3857.02,1.1925
2006,Sikkim,Small millets,Kharif,4140.0,2270.2,528719.4,910.8,0.94
2009,Meghalaya,Black pepper,Whole Year,890.0,2995.9,138679.8,151.3,0.505714
2018,Punjab,Potato,Rabi,151244.64,636.5,37369.33,551.98,25.421095
2012,Haryana,Moong(Green Gram),Kharif,8616.0,307.9,1299292.8,2670.96,0.441875
2007,West Bengal,Mango,Whole Year,98888.71,1960.1,12170.94,157.85,5.454175
2010,West Bengal,Groundnut,Autumn,2239.0,1096.0,371920.29,537.36,1.016
2016,Nagaland,Barley,Rabi,540.0,1959.8,82755.0,189.0,1.028182
2004,Kerala,Turmeric,Whole Year,2881.0,2880.2,312127.54,605.01,2.025
2018,Bihar,Bajra,Kharif,3109.0,1521.4,504279.8,1088.15,1.124
2000,Nagaland,Other  Rabi pulses,Rabi,6500.0,1631.8,638105.0,1690.0,0.91875
2013,Mizoram,Sugarcane,Whole Year,1421.0,1848.8,205320.29,383.67,6.84375
2005,Himachal Pradesh,Urad,Kharif,11267.0,1248.1,1351138.64,2366.07,0.428182
2003,Jammu and Kashmir,Rapeseed &Mustard,Rabi,56424.0,1430.3,5584847.52,13541.76,0.469167
2007,Jharkhand,Ragi,Autumn,30550.12,1444.7,4075386.01,4888.02,0.822222
2005,Madhya Pradesh,Rapeseed &Mustard,Rabi,829550.0,1032.7,99479636.0,174205.5,0.754894
2006,Madhya Pradesh,Castor seed,Kharif,1508.0,1072.3,192586.68,331.76,0.320909
2010,Karnataka,Black pepper,Whole Year,21061.0,1317.7,3498442.71,5054.64,0.580769
2012,West Bengal,Bajra,Kharif,60.0,1566.0,9048.0,18.6,0.805
2005,Himachal Pradesh,Turmeric,Kharif,147.0,1248.1,17628.24,30.87,0.587143
2008,Jammu and Kashmir,Garlic,Rabi,604.0,1390.1,86396.16,54.36,0.825556
2009,Jharkhand,Potato,Rabi,18429.0,996.1,2871606.78,3132.93,6.558333
2003,Delhi,Rice,Kharif,6549.0,962.3,648220.02,1571.76,2.73
2006,Andhra Pradesh,Other  Rabi pulses,Rabi,14792.0,845.2,1889086.32,3254.24,0.443125
2003,Telangana,Sugarcane,Whole Year,290632.08,873.1,42983.21,944.21,63.14461
2008,West Bengal,Rice,Autumn,292444.0,1560.1,41831189.76,26319.96,2.04
2008,Uttar Pradesh,Barley,Rabi,171861.0,891.6,24582997.44,15467.49,2.203286
2008,West Bengal,Ragi,Autumn,11732.0,1560.1,1678145.28,1055.88,0.8275
2018,Puducherry,Groundnut,Kharif,3.0,1693.9,486.6,1.05,3.0
2001,Andhra Pradesh,Niger seed,Kharif,19090.0,928.4,1949661.7,4963.4,0.38
2019,Bihar,Arhar/Tur,Kharif,16754.0,1194.7,2877667.04,6198.98,1.631176
2006,Haryana,Garlic,Whole Year,415.0,329.3,52999.65,91.3,8.9425
2009,West Bengal,Gram,Rabi,21766.0,1317.2,3391578.12,3700.22,1.025
2003,Maharashtra,Banana,Whole Year,57700.0,1037.4,5711146.0,13848.0,57.568571
2016,Odisha,Urad,Autumn,27899.0,1460.5,4275521.75,9764.65,0.46
2016,West Bengal,Potato,Rabi,414490.0,1795.8,63520592.5,145071.5,29.992727
2001,Nagaland,Linseed,Rabi,14250.0,1532.0,1455352.5,3705.0,0.6475
2008,Odisha,Maize,Autumn,64461.0,1539.0,9220501.44,5801.49,1.1028
2015,Uttar Pradesh,Potato,Rabi,612600.0,596.7,96735666.0,202158.0,22.6352
2002,Nagaland,Potato,Whole Year,5450.0,1536.6,515951.5,1362.5,11.25375
2009,Mizoram,Other  Rabi pulses,Rabi,1501.0,2086.3,233885.82,255.17,2.0375
2008,Kerala,Arecanut,Whole Year,97492.0,2524.8,13945255.68,8774.28,1.047143
2007,Jammu and Kashmir,Other  Rabi pulses,Rabi,52.0,1042.2,6936.8,8.32,0.47
2012,Bihar,Rice,Autumn,540424.0,924.1,81495939.2,167531.44,1.743793
2020,Bihar,Jute,Kharif,122874.04,1507.5,19304.9,1058.57,2.419496
2006,Tamil Nadu,Horse-gram,Whole Year,55635.0,927.9,7105145.85,12239.7,0.5884
2003,Bihar,Bajra,Kharif,1568.0,1353.9,155200.64,376.32,1.042727
2007,Tripura,Arhar/Tur,Kharif,1221.0,2831.8,162881.4,195.36,0.7175
2007,Tamil Nadu,Dry chillies,Whole Year,67408.0,1067.2,8992227.2,10785.28,0.627586
2013,Chhattisgarh,Garlic,Rabi,41.0,1418.3,5924.09,11.07,5.85
2008,Assam,Mustard,Rabi,1143008.51,2566.7,130846.4,1631.23,1.194648
2014,Uttarakhand,Sugarcane,Whole Year,100737.0,1287.4,15207257.52,33243.21,63.462
2008,Goa,Sugarcane,Whole Year,1021.0,3271.6,146043.84,91.89,49.52
2003,Nagaland,Soyabean,Kharif,26000.0,1709.8,2573480.0,6240.0,1.38
2006,Andhra Pradesh,Niger seed,Kharif,14547.0,845.2,1857797.37,3200.34,0.4225
2011,Meghalaya,Arecanut,Whole Year,15448.0,4083.1,2587848.96,5097.84,1.228571
2016,Punjab,Wheat,Rabi,3495000.0,635.9,535608750.0,1223250.0,4.975
2000,Andhra Pradesh,Sesamum,Kharif,143737.0,935.6,14110661.29,37371.62,0.192273
2006,Himachal Pradesh,Arhar/Tur,Kharif,150.0,1207.0,19156.5,33.0,0.345
2007,Tamil Nadu,Sesamum,Whole Year,74376.0,1067.2,9921758.4,11900.16,0.434815
2014,Tamil Nadu,Rapeseed &Mustard,Rabi,302.0,911.3,45589.92,99.66,0.161429
2013,Mizoram,Tobacco,Whole Year,148.0,1848.8,21384.52,39.96,1.28
2014,Nagaland,Sesamum,Kharif,3570.0,1333.3,538927.2,1178.1,0.603636
2014,Uttarakhand,other oilseeds,Kharif,134.0,1287.4,20228.64,44.22,0.674
2018,Uttarakhand,Potato,Kharif,6970.0,1373.0,1130534.0,2439.5,10.553
2016,Assam,Jute,Kharif,75140.0,2296.8,11515205.0,26299.0,10.325556
2015,Goa,Arecanut,Whole Year,1783.0,2587.1,281553.53,588.39,1.665
2015,Gujarat,Urad,Kharif,65221.0,584.3,10299048.11,21522.93,0.632812
2004,West Bengal,Potato,Whole Year,320552.0,1612.9,34728603.68,67315.92,21.129444
2005,Odisha,Arhar/Tur,Kharif,603018.27,1516.8,98436.79,5274.19,0.865267
2006,Uttarakhand,Moth,Kharif,10.0,1178.9,1277.1,2.2,0.3
2009,Goa,Ragi,Kharif,154.0,3334.9,23996.28,26.18,1.03
2001,Uttarakhand,Wheat,Rabi,375967.0,1541.3,38397509.71,97751.42,1.616154
2012,Puducherry,Dry chillies,Kharif,1.0,1098.3,150.8,0.31,2.0
2017,Nagaland,Tapioca,Kharif,2500.0,1722.1,393600.0,950.0,20.262727
2005,Uttarakhand,Sesamum,Kharif,2164.0,1353.3,259506.88,454.44,0.248462
2015,Madhya Pradesh,Safflower,Rabi,7000.0,1000.7,1105370.0,2310.0,0.615714
2017,Andhra Pradesh,Banana,Whole Year,55130.0,868.2,8679667.2,20949.4,116.223077
2013,Nagaland,Bajra,Kharif,690.0,1350.9,99698.1,186.3,0.989091
2002,Gujarat,Rice,Kharif,469000.0,458.4,44400230.0,117250.0,1.209231
2015,Punjab,Moong(Green Gram),Kharif,6400.0,512.6,1010624.0,2112.0,0.699231
2001,Sikkim,Soyabean,Kharif,4150.0,2372.5,423839.5,1079.0,0.7775
2004,Sikkim,Other Cereals,Rabi,2010.0,1650.5,217763.4,422.1,0.745
2009,Nagaland,Groundnut,Kharif,700.0,1225.9,109074.0,119.0,0.754
2001,Uttarakhand,Barley,Rabi,22875.0,1541.3,2336223.75,5947.5,1.215385
2015,Madhya Pradesh,Coriander,Whole Year,249102.44,1000.7,39335766.3,82203.81,2.540625
2006,Gujarat,Gram,Rabi,197000.0,1056.2,25158870.0,43340.0,1.028
2017,Kerala,Sweet potato,Whole Year,295.0,2664.8,46444.8,112.1,13.177857
2015,Uttar Pradesh,Sweet potato,Kharif,14069.0,596.7,2221635.79,4642.77,12.047963
2012,Uttarakhand,Moth,Kharif,20.0,1309.8,3016.0,6.2,0.37
2004,Odisha,Castor seed,Kharif,11117.0,1290.4,1204415.78,2334.57,0.461071
2014,Uttar Pradesh,Lentil,Rabi,33947.98,845.7,2576.95,273.83,0.865646
2008,Arunachal Pradesh,Turmeric,Whole Year,612.0,2244.4,87540.48,55.08,3.945455
2000,Gujarat,Moong(Green Gram),Kharif,149500.0,379.7,14676415.0,38870.0,0.327895
2018,Bihar,Sesamum,Kharif,1619.0,1521.4,262601.8,566.65,0.854583
2002,Maharashtra,Maize,Kharif,301200.0,967.4,28514604.0,75300.0,1.725185
2012,Delhi,Bajra,Kharif,1519.0,451.9,229065.2,470.89,2.51
2003,Bihar,Banana,Whole Year,13007.0,1353.9,1287432.86,3121.68,19.392083
2017,Assam,Gram,Rabi,2273.0,2098.6,357861.12,863.74,0.617308
2013,West Bengal,Castor seed,Kharif,76.0,1939.9,10981.24,20.52,0.59
2013,Madhya Pradesh,Safflower,Rabi,21.0,1451.4,3034.29,5.67,0.515
2011,Tripura,Cotton(lint),Kharif,949.0,2295.6,158976.48,313.17,1.4275
2013,Uttar Pradesh,Peas & beans (Pulses),Rabi,357133.0,995.2,51602147.17,96425.91,1.069733
2003,Arunachal Pradesh,Rice,Kharif,119205.0,2782.2,11798910.9,28609.2,1.201333
2008,Himachal Pradesh,Maize,Kharif,297718.0,1357.1,42585582.72,26794.62,2.304167
2008,Uttarakhand,Sugarcane,Whole Year,107907.0,1363.7,15435017.28,9711.63,54.82
2001,Andhra Pradesh,Small millets,Kharif,56370.0,928.4,5757068.1,14656.2,0.469286
2000,Uttarakhand,Gram,Rabi,993.0,1413.4,97482.81,258.18,0.688
2019,Nagaland,Potato,Rabi,7540.0,1593.0,1295070.4,2789.8,9.997273
2018,West Bengal,Mesta,Kharif,10751.0,2012.6,1743812.2,3762.85,10.755385
2005,Karnataka,Urad,Kharif,100773.0,1316.2,12084698.16,21162.33,0.19
2016,Uttarakhand,Soyabean,Kharif,11431.0,1580.9,1751800.75,4000.85,0.904167
2017,Haryana,Wheat,Rabi,2530500.0,417.1,398401920.0,961590.0,4.705455
2013,Karnataka,Rapeseed &Mustard,Kharif,2700.0,1235.6,390123.0,729.0,0.270556
2016,Bihar,Peas & beans (Pulses),Rabi,16401.0,1205.6,2513453.25,5740.35,1.012368
2014,Tamil Nadu,Coriander,Whole Year,9230.0,911.3,1393360.8,3045.9,0.855385
2014,Bihar,Tobacco,Whole Year,10593.0,1061.0,1599119.28,3495.69,1.788333
2006,Uttar Pradesh,Coriander,Whole Year,5515.0,590.5,704320.65,1213.3,0.51629
2008,Haryana,Sweet potato,Whole Year,83.0,715.6,11872.32,7.47,12.0625
2016,Karnataka,Safflower,Rabi,32118.0,1147.2,4922083.5,11241.3,0.385385
2004,Madhya Pradesh,Arhar/Tur,Kharif,314422.0,895.7,34064479.48,66028.62,0.692292
2014,Tripura,Sugarcane,Whole Year,793.0,2015.7,119711.28,261.69,52.65875
2017,Jammu and Kashmir,Gram,Kharif,23.0,1279.1,3621.12,8.74,0.21
2000,Kerala,Banana,Whole Year,45059.0,2412.6,4423442.03,11715.34,7.457857
2013,Andhra Pradesh,Tobacco,Kharif,22309.0,1062.3,3223427.41,6023.43,6.22
2009,Himachal Pradesh,Coriander,Rabi,120.0,969.9,18698.4,20.4,0.608
2000,Kerala,Ginger,Whole Year,11612.0,2412.6,1139950.04,3019.12,2.957143
2015,Uttar Pradesh,Urad,Kharif,570013.0,596.7,90010752.83,188104.29,0.376486
2008,Himachal Pradesh,Rapeseed &Mustard,Rabi,8883.0,1357.1,1270624.32,799.47,0.32
2001,Odisha,Rice,Kharif,4500000.0,1672.5,459585000.0,1170000.0,1.583667
2015,Karnataka,Ragi,Kharif,662355.0,1024.9,104592478.1,218577.15,1.5465
2015,Himachal Pradesh,Rapeseed &Mustard,Rabi,8326.0,1223.2,1314758.66,2747.58,0.455455
2016,Bihar,Potato,Rabi,92721.0,1205.6,14209493.25,32452.35,14.891842
2006,Goa,Black pepper,Whole Year,648.0,2928.8,82756.08,142.56,0.26
2018,Telangana,Arhar/Tur,Kharif,295753.0,1350.3,47971136.6,103513.55,0.711562
2010,Karnataka,Garlic,Whole Year,4234.0,1317.7,703309.74,1016.16,1.322857
2003,Rajasthan,Groundnut,Kharif,352341.89,349.0,42656.64,990.59,1.249774
2013,Jharkhand,Masoor,Rabi,10592.0,1253.6,1530438.08,2859.84,0.774444
2015,Uttar Pradesh,Wheat,Rabi,9644838.0,596.7,1523016369.0,3182796.54,2.768
2000,Jammu and Kashmir,other oilseeds,Kharif,8.0,989.5,785.36,2.08,0.5
2001,Rajasthan,Barley,Rabi,27907.19,268.0,4658.49,145.8,2.301215
2016,Telangana,Groundnut,Kharif,26674.0,942.6,4087790.5,9335.9,2.272381
2009,Kerala,Cardamom,Whole Year,41593.0,2821.5,6481021.26,7070.81,0.057778
2011,Uttar Pradesh,Sannhamp,Kharif,2164.0,777.4,362513.28,714.12,0.255862
2005,Haryana,Mustard,Rabi,1041301.8,528.9,207809.28,4658.93,1.212541
2009,Tamil Nadu,Ragi,Whole Year,82335.0,928.5,12829439.7,13996.95,2.344643
2019,Haryana,Groundnut,Kharif,2725.0,351.8,468046.0,1008.25,1.037778
2003,Karnataka,Potato,Whole Year,53076.0,867.6,5253462.48,12738.24,9.008667
2002,Tamil Nadu,Turmeric,Whole Year,17298.0,315.9,1637601.66,4324.5,3.67
2003,Haryana,Cotton(lint),Kharif,526038.0,592.3,52067241.24,126249.12,1.436316
2008,Meghalaya,Mesta,Kharif,4176.0,3114.3,597335.04,375.84,4.563333
2018,Bihar,Moong(Green Gram),Kharif,9155.0,1521.4,1484941.0,3204.25,0.6025
2016,Maharashtra,Tobacco,Whole Year,800.0,1151.1,122600.0,280.0,1.38
2005,Arunachal Pradesh,Maize,Kharif,41853.0,2767.0,5019011.76,8789.13,1.4125
2013,Chhattisgarh,Onion,Rabi,87.0,1418.3,12570.63,23.49,20.33
2014,Punjab,Sugarcane,Whole Year,94000.0,382.7,14190240.0,31020.0,77.412667
2012,Himachal Pradesh,Bajra,Kharif,2435.0,1035.0,367198.0,754.85,0.50375
2018,Uttar Pradesh,Mustard,Rabi,772880.32,783.5,214045.45,9447.64,1.583947
2004,Madhya Pradesh,Masoor,Rabi,528897.0,895.7,57300700.98,111068.37,0.47
2004,Odisha,Ginger,Kharif,15674.0,1290.4,1698121.16,3291.54,1.825667
2001,Odisha,Castor seed,Kharif,8670.0,1672.5,885467.1,2254.2,0.520909
2017,Telangana,Ragi,Kharif,1181.0,815.7,185936.64,448.78,1.18
2018,Nagaland,Maize,Kharif,63710.0,1372.7,10333762.0,22298.5,1.981818
2016,Gujarat,Maize,Kharif,321379.0,710.5,49251331.75,112482.65,1.789545
2008,Tamil Nadu,Gram,Whole Year,6852.0,1201.9,980110.08,616.68,0.534762
2012,Chhattisgarh,Coriander,Whole Year,2959.0,1366.8,446217.2,917.29,0.280741
2018,Karnataka,Sweet potato,Whole Year,5032.0,1419.1,816190.4,1761.2,14.207037
2003,Kerala,Groundnut,Kharif,2687.0,2386.0,265959.26,644.88,0.74
2007,Maharashtra,Urad,Kharif,563800.0,1257.2,75210920.0,90208.0,0.594242
2002,Bihar,Lentil,Rabi,36499.84,1209.9,2471.8,296.84,0.819698
2018,Puducherry,Black pepper,Kharif,11.0,1693.9,1784.2,3.85,1.36
2005,Andhra Pradesh,Groundnut,Kharif,1614668.0,1075.5,193630986.6,339080.28,1.069545
2004,Odisha,Safflower,Rabi,1804.0,1290.4,195445.36,378.84,0.498
2003,Nagaland,Gram,Rabi,1500.0,1709.8,148470.0,360.0,1.3475
2008,Uttar Pradesh,Sweet potato,Kharif,18376.0,891.6,2628503.04,1653.84,12.275373
2002,Uttar Pradesh,Masoor,Rabi,563280.0,664.0,53325717.6,140820.0,0.808971
2008,Chhattisgarh,Cotton(lint),Kharif,25.0,1117.9,3576.0,2.25,1.25
2008,Uttar Pradesh,Small millets,Kharif,13581.0,891.6,1942626.24,1222.29,0.622143
2000,Andhra Pradesh,Coconut,Whole Year,102646.0,935.6,10076757.82,26687.96,9101.813684
2013,Uttar Pradesh,Moong(Green Gram),Kharif,38504.0,995.2,5563442.96,10396.08,0.362182
2017,Maharashtra,Sunflower,Kharif,16497.0,1129.5,2597287.68,6268.86,0.542353
2019,Goa,Sugarcane,Whole Year,811.0,4489.5,139297.36,300.07,70.115
2009,West Bengal,Masoor,Rabi,51698.0,1317.2,8055582.36,8788.66,0.733529
2016,Chhattisgarh,Rapeseed &Mustard,Rabi,42918.0,1298.9,6577183.5,15021.3,0.458148
2013,Madhya Pradesh,Sunflower,Whole Year,76.0,1451.4,10981.24,20.52,0.476667
2011,Chhattisgarh,Groundnut,Kharif,28677.0,1302.7,4803971.04,9463.41,1.29
2010,Manipur,Moong(Green Gram),Kharif,390.0,2160.5,64782.9,93.6,1.033333
2005,Gujarat,Jowar,Kharif,80200.0,942.4,9617584.0,16842.0,1.229048
2001,Karnataka,Sannhamp,Whole Year,2555.0,1002.9,260942.15,664.3,0.238333
2018,Jharkhand,Safflower,Rabi,775.0,1222.7,125705.0,271.25,0.60625
2011,Nagaland,Potato,Rabi,6510.0,1544.4,1090555.2,2148.3,9.018182
2008,Bihar,Potato,Kharif,60334.0,1197.7,8630175.36,5430.06,7.518158
2014,Haryana,Turmeric,Whole Year,3046.0,301.3,459824.16,1005.18,11.8825
2005,Karnataka,Rapeseed &Mustard,Rabi,6739.0,1316.2,808140.88,1415.19,0.227143
2015,Manipur,Cashewnut,Whole Year,34.0,1329.1,5368.94,11.22,0.555
2002,Meghalaya,Rapeseed &Mustard,Rabi,7202.0,4355.3,681813.34,1800.5,0.648571
2011,Jammu and Kashmir,other oilseeds,Rabi,460.0,887.6,77059.2,151.8,1.39
2001,Andhra Pradesh,Other  Rabi pulses,Rabi,13750.0,928.4,1404287.5,3575.0,0.510667
2014,Gujarat,Arhar/Tur,Kharif,219823.0,605.6,33184480.08,72541.59,1.097143
2011,Odisha,Niger seed,Winter,31844.0,1346.2,5334506.88,10508.52,0.124545
2008,Jharkhand,Wheat,Rabi,58602.34,1295.2,8382478.71,5274.21,1.43625
2007,Manipur,Banana,Whole Year,9360.0,1435.7,1248624.0,1497.6,12.884444
2004,Tamil Nadu,Dry chillies,Whole Year,66990.0,1034.0,7257696.6,14067.9,0.761724
2006,Jammu and Kashmir,Onion,Rabi,372.0,1786.5,47508.12,81.84,2.424
2020,Uttarakhand,Groundnut,Kharif,617.0,1313.9,119457.37,228.29,1.521667
2011,Himachal Pradesh,Cotton(lint),Kharif,19.0,1108.3,3182.88,6.27,2.21
2008,Bihar,Small millets,Kharif,7833.0,1197.7,1120432.32,704.97,0.765769
2019,Uttarakhand,Maize,Kharif,21193.0,1378.9,3640109.68,7841.41,1.706923
2003,Haryana,Potato,Whole Year,10521.0,592.3,1041368.58,2525.04,22.605714
2002,Karnataka,Other  Rabi pulses,Rabi,40653.0,860.8,3848619.51,10163.25,0.120385
2005,Meghalaya,Small millets,Kharif,2670.0,3374.4,320186.4,560.7,0.955714
2004,Manipur,Rapeseed &Mustard,Rabi,200.0,1613.3,21668.0,42.0,0.445
2012,Jammu and Kashmir,Moth,Kharif,2823.0,1116.7,425708.4,875.13,0.66
2004,Nagaland,Wheat,Rabi,8200.0,1711.5,888388.0,1722.0,1.49125
2005,Puducherry,Cotton(lint),Kharif,183.0,1434.6,21945.36,38.43,0.755
2004,Uttar Pradesh,Lentil,Rabi,20051.15,773.5,2977.19,130.25,0.830218
2015,Maharashtra,Safflower,Rabi,56815.0,875.7,8971656.65,18748.95,0.245
2007,West Bengal,Small millets,Kharif,1487.0,2007.5,198365.8,237.92,0.636
2015,Arunachal Pradesh,Wheat,Rabi,3910.0,2593.2,617428.1,1290.3,2.105
2007,Maharashtra,Mango,Whole Year,262917.38,921.2,50112.75,565.1,6.023198
2012,Karnataka,Mesta,Whole Year,713.0,956.2,107520.4,221.03,1.242
2005,Karnataka,Potato,Kharif,67623.0,1316.2,8109350.16,14200.83,3.381333
2015,Assam,Sugarcane,Whole Year,29460.0,2155.3,4652028.6,9721.8,35.566296
2014,Uttarakhand,Linseed,Rabi,2.0,1287.4,301.92,0.66,0.5
2017,Punjab,Barley,Rabi,7700.0,497.5,1212288.0,2926.0,3.723077
2015,Jharkhand,Ragi,Autumn,20816.0,1085.6,3287054.56,6869.28,0.783529
2011,Meghalaya,Arhar/Tur,Kharif,788.0,4083.1,132005.76,260.04,0.96
2008,Karnataka,Tobacco,Whole Year,108139.0,1164.1,15468202.56,9732.51,0.584375
2005,Gujarat,Sesamum,Kharif,364000.0,942.4,43650880.0,76440.0,0.412727
2011,Madhya Pradesh,Small millets,Kharif,256550.0,852.6,42977256.0,84661.5,0.341471
2002,Odisha,Masoor,Rabi,3810.0,1102.8,360692.7,952.5,0.36
2002,Gujarat,Wheat,Rabi,435600.0,458.4,41238252.0,108900.0,2.185789
2002,Meghalaya,Other  Rabi pulses,Rabi,2074.0,4355.3,196345.58,518.5,0.758571
2018,Puducherry,Coconut,Whole Year,1877.0,1693.9,304449.4,656.95,8363.155
2013,Telangana,Cowpea(Lobia),Kharif,2162.0,1348.7,312387.38,583.74,0.515
2015,Jammu and Kashmir,Rice,Kharif,304503.0,1572.6,48084068.73,100485.99,2.05
2008,Punjab,Sugarcane,Whole Year,483403.74,539.5,83809.48,3519.0,66.854127
2017,Madhya Pradesh,Horse-gram,Kharif,14240.0,800.0,2241945.6,5411.2,0.34875
2013,Uttar Pradesh,Banana,Summer,2636.0,995.2,380875.64,711.72,43.586923
2015,Uttar Pradesh,Sesamum,Kharif,545983.0,596.7,86216175.53,180174.39,0.253151
2002,Haryana,Moong(Green Gram),Kharif,18329.0,353.9,1735206.43,4582.25,0.138
2008,Himachal Pradesh,Horse-gram,Kharif,2238.0,1357.1,320123.52,201.42,0.349
2015,Chhattisgarh,Masoor,Rabi,16615.0,1136.0,2623674.65,5482.95,0.297826
2004,Manipur,Maize,Kharif,3220.0,1613.3,348854.8,676.2,2.5225
2002,Uttar Pradesh,Tobacco,Whole Year,23107.0,664.0,2187539.69,5776.75,5.677586
2004,Sikkim,other oilseeds,Kharif,60.0,1650.5,6500.4,12.6,0.5
2010,West Bengal,Jowar,Autumn,25.0,1096.0,4152.75,6.0,0.4
2007,Meghalaya,Linseed,Rabi,82.0,4702.0,10938.8,13.12,0.48
2006,Chhattisgarh,Rapeseed &Mustard,Rabi,54471.0,1317.2,6956491.41,11983.62,0.341667
2000,Tamil Nadu,Jowar,Kharif,491681.0,971.1,48268323.77,127837.06,1.012727
2003,Odisha,Horse-gram,Kharif,87826.0,1648.2,8693017.48,21078.24,0.293103
2003,Uttarakhand,Gram,Rabi,766.0,1734.3,75818.68,183.84,0.738889
2007,Assam,Peas & beans (Pulses),Rabi,22514.0,2154.1,3003367.6,3602.24,0.624815
2000,Madhya Pradesh,Castor seed,Kharif,3296.0,723.3,323568.32,856.96,0.365455
2018,Maharashtra,Turmeric,Kharif,39383.52,642.7,5142.81,84.33,6.128294
2006,Meghalaya,Tapioca,Kharif,3993.0,2454.7,509946.03,878.46,6.318571
2011,Haryana,Gram,Rabi,78882.0,471.5,13214312.64,26031.06,0.537778
2001,Madhya Pradesh,Ragi,Kharif,508.0,955.0,51882.04,132.08,0.257778
2012,Assam,Onion,Whole Year,7099.0,2167.5,1070529.2,2200.69,3.265185
2014,Kerala,Small millets,Whole Year,27.0,3046.4,4075.92,8.91,0.78
2001,Tamil Nadu,Moong(Green Gram),Kharif,128995.0,481.3,13174259.35,33538.7,0.415926
2013,Tripura,Masoor,Rabi,1857.0,2043.5,268317.93,501.39,0.68
2009,Haryana,Jowar,Kharif,77671.0,393.0,12102695.22,13204.07,0.003571
2004,Uttarakhand,Masoor,Rabi,11803.0,1219.6,1278737.02,2478.63,0.604615
2003,Uttarakhand,Horse-gram,Kharif,8171.0,1734.3,808765.58,1961.04,0.749091
2018,Delhi,Rice,Kharif,5848.0,678.5,948545.6,2046.8,2.88
2003,Sikkim,Wheat,Rabi,6805.0,2838.1,673558.9,1633.2,1.21
2018,Goa,Sweet potato,Whole Year,55.0,4406.0,8921.0,19.25,2.285
2015,Odisha,Ragi,Autumn,14230.0,1210.1,2247059.3,4695.9,0.597857
2007,Andhra Pradesh,Banana,Whole Year,57012.5,980.8,11974.07,107.9,25.484502
2000,Karnataka,Garlic,Whole Year,5949.0,1213.3,584013.33,1546.74,1.491333
2006,Andhra Pradesh,Ragi,Kharif,50702.0,845.2,6475152.42,11154.44,1.205
2017,Andhra Pradesh,Ragi,Kharif,26640.0,868.2,4194201.6,10123.2,1.28
2007,Puducherry,Moong(Green Gram),Summer,2183.0,1434.6,291212.2,349.28,0.406667
2015,Bihar,Gram,Rabi,59367.0,874.0,9374642.97,19591.11,1.020667
2016,Assam,Sugarcane,Whole Year,31383.0,2296.8,4809444.75,10984.05,37.733704
2007,Uttar Pradesh,Masoor,Rabi,507235.0,672.9,67665149.0,81157.6,0.75087
2011,Delhi,Gram,Rabi,13.0,641.4,2177.76,4.29,5.54
2018,Haryana,Sugarcane,Whole Year,108900.0,533.2,17663580.0,38115.0,77.968
2018,Odisha,Horse-gram,Summer,38.0,1635.9,6163.6,13.3,0.35
2017,Nagaland,Sesamum,Kharif,3660.0,1722.1,576230.4,1390.8,0.607273
2017,Madhya Pradesh,Turmeric,Whole Year,11697.5,800.0,1841654.4,4445.05,19.065
2000,Uttarakhand,Other Cereals,Kharif,5596.0,1413.4,549359.32,1454.96,0.285
2019,Gujarat,Bajra,Kharif,177351.0,1067.8,30461807.76,65619.87,1.7028
2008,Meghalaya,Other  Rabi pulses,Rabi,2215.0,3114.3,316833.6,199.35,1.028571
2009,Karnataka,Linseed,Rabi,12456.0,1321.0,1940893.92,2117.52,0.333333
2016,West Bengal,Gram,Rabi,28122.0,1795.8,4309696.5,9842.7,1.035
2007,Jammu and Kashmir,other oilseeds,Kharif,232.0,1042.2,30948.8,37.12,0.43
2004,Telangana,Soyabean,Kharif,2087019.83,732.6,246917.73,20618.47,1.187095
2011,Jammu and Kashmir,Rapeseed &Mustard,Rabi,59421.0,887.6,9954205.92,19608.93,0.8
2014,Maharashtra,Moong(Green Gram),Kharif,315200.0,1001.6,47582592.0,104016.0,0.273939
2008,Andhra Pradesh,Rice,Kharif,2803076.0,944.6,400951991.0,252276.84,2.913636
2015,Kerala,Cotton(lint),Kharif,109.0,2602.9,17212.19,35.97,1.8
2018,Himachal Pradesh,Small millets,Kharif,5012.0,1052.2,812946.4,1754.2,0.7925
2006,Karnataka,Groundnut,Kharif,617992.0,1146.3,78923758.32,135958.24,0.4028
2000,Rajasthan,Barley,Rabi,49170.57,589.3,3277.65,220.15,2.157282
2006,Haryana,Sugarcane,Whole Year,140563.0,329.3,17951300.73,30923.86,56.0355
2006,Nagaland,Jowar,Kharif,1000.0,1362.5,127710.0,220.0,0.7325
2006,West Bengal,Cotton(lint),Kharif,5650.0,1631.4,721561.5,1243.0,3.898571
2013,Madhya Pradesh,Linseed,Rabi,88825.0,1451.4,12834324.25,23982.75,0.671667
2016,Puducherry,Cotton(lint),Kharif,296.0,1391.3,45362.0,103.6,1.785
2011,Bihar,Potato,Rabi,91571.31,2047.0,11925.38,467.05,23.283151
2002,Madhya Pradesh,Barley,Rabi,80761.0,800.8,7645643.87,20190.25,1.405128
2007,Chhattisgarh,Coriander,Whole Year,3184.0,1246.2,424745.6,509.44,0.305
2007,Assam,Masoor,Rabi,22469.0,2154.1,2997364.6,3595.04,0.482917
2016,Andhra Pradesh,Mango,Whole Year,105507.14,821.7,24587.81,903.5,7.731944
2016,Andhra Pradesh,Urad,Kharif,59661.0,890.0,9143048.25,20881.35,0.792308
2018,Kerala,Wheat,Whole Year,1.4,2989.7,227.08,0.49,1.45
2003,Bihar,Dry chillies,Whole Year,3233.0,1353.9,320002.34,775.92,0.732647
2017,West Bengal,Barley,Rabi,428.0,1830.0,67384.32,162.64,1.38
2009,Meghalaya,Rapeseed &Mustard,Rabi,7160.0,2995.9,1115671.2,1217.2,0.595714
2000,Tripura,Wheat,Rabi,1065.0,2437.5,104551.05,276.9,2.095
2015,Jammu and Kashmir,Urad,Kharif,6457.0,1572.6,1019624.87,2130.81,0.403333
2006,Andhra Pradesh,Small millets,Kharif,33676.0,845.2,4300761.96,7408.72,0.5475
2013,Maharashtra,Groundnut,Kharif,244100.0,1409.8,35270009.0,65907.0,1.009048
2002,Chhattisgarh,Rice,Kharif,3777661.0,1001.4,357631166.9,944415.25,0.710625
2011,Uttar Pradesh,Tobacco,Rabi,23640.0,777.4,3960172.8,7801.2,5.060625
2017,Karnataka,Coconut,Whole Year,446607.0,1111.7,70313806.08,169710.66,8182.769667
2011,Mizoram,Arhar/Tur,Kharif,116.0,2439.3,19432.32,38.28,0.9275
2005,Assam,Peas & beans (Pulses),Rabi,17875.0,2184.6,2143570.0,3753.75,0.618519
2012,Kerala,Sesamum,Whole Year,260.0,2187.6,39208.0,80.6,0.34375
2015,Kerala,Soyabean,Whole Year,1.0,2602.9,157.91,0.33,1.0
2010,Chhattisgarh,Onion,Whole Year,4984.0,1283.1,827892.24,1196.16,5.32625
2017,Manipur,Cowpea(Lobia),Kharif,958.0,1780.0,150827.52,364.04,1.151111
2015,Mizoram,Sesamum,Kharif,868.0,2310.8,137065.88,286.44,0.7625
2019,Uttarakhand,Gram,Rabi,722.0,1378.9,124010.72,267.14,0.74
2016,Manipur,Other Kharif pulses,Kharif,1531.0,2039.8,234625.75,535.85,1.138889
2013,Punjab,Wheat,Rabi,3512000.0,586.6,507448880.0,948240.0,4.936818
2014,Andhra Pradesh,Sunflower,Kharif,11028.0,687.6,1664786.88,3639.24,0.811429
2000,Bihar,Tobacco,Whole Year,15432.0,1207.0,1514959.44,4012.32,1.154375
2015,Jharkhand,Rice,Autumn,145866.0,1085.6,23033700.06,48135.78,0.606957
2001,Tamil Nadu,Rice,Kharif,2059878.0,481.3,210375340.1,535568.28,3.532857
2018,Arunachal Pradesh,Other  Rabi pulses,Rabi,1268.0,2992.9,205669.6,443.8,0.746875
2004,Chhattisgarh,Linseed,Rabi,71171.0,1122.8,7710666.14,14945.91,0.242
2018,Karnataka,Sannhamp,Whole Year,358.0,1419.1,58067.6,125.3,0.17
2007,Meghalaya,Jute,Kharif,3982.0,4702.0,531198.8,637.12,6.446667
2014,Uttarakhand,Tobacco,Whole Year,5.0,1287.4,754.8,1.65,2.0
2011,Haryana,Groundnut,Kharif,2084.0,471.5,349111.68,687.72,0.559091
2012,Jammu and Kashmir,Ginger,Kharif,26.0,1116.7,3920.8,8.06,1.315
2017,West Bengal,Soyabean,Kharif,398.0,1830.0,62661.12,151.24,0.883333
2004,Chhattisgarh,Sunflower,Kharif,5607.0,1122.8,607462.38,1177.47,0.404667
2019,Haryana,Mustard,Rabi,1059690.75,679.5,319219.73,13036.25,1.488269
2011,Karnataka,Linseed,Rabi,8522.0,1179.0,1427605.44,2812.26,0.29
2014,Nagaland,Niger seed,Kharif,32150.0,1333.3,4853364.0,10609.5,1.079091
2002,Haryana,Wheat,Rabi,2267140.0,353.9,214630143.8,566785.0,3.947895
2007,Uttar Pradesh,Sunflower,Summer,13034.0,672.9,1738735.6,2085.44,2.062973
2002,Punjab,Groundnut,Kharif,5300.0,301.8,501751.0,1325.0,0.784444
2000,Tamil Nadu,Banana,Whole Year,77485.0,971.1,7606702.45,20146.1,29.601071
2007,Tamil Nadu,Banana,Whole Year,112793.0,1067.2,15046586.2,18046.88,48.007586
2014,Bihar,Sugarcane,Whole Year,254338.0,1061.0,38394864.48,83931.54,64.803611
2019,Bihar,Other Kharif pulses,Kharif,1684.0,1194.7,289243.84,623.08,0.8475
2016,Nagaland,Maize,Kharif,63660.0,1959.8,9755895.0,22281.0,1.98
2007,Himachal Pradesh,Masoor,Kharif,607.0,1095.4,80973.8,97.12,0.671
2017,Bihar,Masoor,Rabi,138162.0,1112.0,21752225.28,52501.56,0.889474
2019,Uttar Pradesh,Soyabean,Kharif,22402.0,814.5,3847767.52,8288.74,0.471818
2001,Odisha,Small millets,Kharif,42360.0,1672.5,4326226.8,11013.6,0.426875
2002,Karnataka,Small millets,Kharif,54492.0,860.8,5158757.64,13623.0,0.561905
2006,Bihar,Tobacco,Rabi,26251.22,1306.6,3534.58,227.43,1.605231
2011,Nagaland,Groundnut,Kharif,750.0,1544.4,125640.0,247.5,1.008
2014,Andhra Pradesh,Bajra,Kharif,24755.0,687.6,3737014.8,8169.15,1.560909
2017,Odisha,Maize,Autumn,44436.0,1344.4,6996003.84,16885.68,1.745714
2007,Kerala,Groundnut,Kharif,2911.0,3489.6,388327.4,465.76,0.87
2000,Haryana,Cotton(lint),Kharif,555385.0,383.7,54522145.45,144400.1,1.161053
2010,Madhya Pradesh,Turmeric,Whole Year,731.0,856.3,121426.41,175.44,0.759062
2005,Haryana,Urad,Kharif,2490.0,516.9,298600.8,522.9,0.193846
2016,Karnataka,Tapioca,Whole Year,687.0,1147.2,105282.75,240.45,6.5375
2013,Karnataka,Jowar,Kharif,167856.0,1235.6,24253513.44,45321.12,1.338636
2019,Andhra Pradesh,Other Kharif pulses,Kharif,1715.0,899.2,294568.4,634.55,0.656667
2002,Bihar,Dry chillies,Whole Year,3420.0,1105.8,323771.4,855.0,0.682581
2000,Karnataka,Safflower,Rabi,93546.0,1213.3,9183410.82,24321.96,0.764
2014,Tamil Nadu,Turmeric,Whole Year,26072.0,911.3,3935829.12,8603.76,4.3492
2009,Karnataka,Wheat,Rabi,283427.0,1321.0,44163595.14,48182.59,0.919286
2011,Tripura,Rapeseed &Mustard,Rabi,2131.0,2295.6,356985.12,703.23,0.785
2008,Karnataka,Mango,Whole Year,96731.75,814.4,20286.82,1075.97,6.273183
2004,Assam,Turmeric,Whole Year,11697.0,2536.9,1267252.98,2456.37,0.722174
2001,Karnataka,Rapeseed &Mustard,Rabi,7063.0,1002.9,721344.19,1836.38,0.221765
2015,Jammu and Kashmir,Garlic,Rabi,859.0,1572.6,135644.69,283.47,0.83375
2012,Assam,Niger seed,Kharif,7669.0,2167.5,1156485.2,2377.39,0.572609
2015,Haryana,Groundnut,Kharif,4300.0,426.8,679013.0,1419.0,1.18
2010,Puducherry,Black pepper,Kharif,11.0,1434.6,1827.21,2.64,0.55
2013,Meghalaya,Potato,Whole Year,18449.0,2448.4,2665696.01,4981.23,7.969091
2000,Himachal Pradesh,Sesamum,Kharif,4596.0,1068.4,451189.32,1194.96,0.263333
2008,Haryana,Moth,Kharif,3133.0,715.6,448144.32,281.97,0.154286
2017,Uttarakhand,Urad,Kharif,12884.0,1475.8,2028456.96,4895.92,0.919231
2000,Maharashtra,Gram,Rabi,676200.0,1057.8,66382554.0,175812.0,0.500968
2003,Madhya Pradesh,Gram,Rabi,2785209.0,1163.0,275679986.8,668450.16,0.912083
2008,Andhra Pradesh,Coconut,Whole Year,106616.0,944.6,15250352.64,9595.44,9132.568235
2007,Punjab,Sugarcane,Whole Year,1076300.88,576.9,191617.39,4144.18,63.850399
2019,Bihar,Safflower,Rabi,85.0,1194.7,14599.6,31.45,0.81
2004,West Bengal,Other Kharif pulses,Kharif,846.0,1612.9,91655.64,177.66,0.5125
2014,Himachal Pradesh,Sugarcane,Whole Year,1600.0,1019.9,241536.0,528.0,26.191429
2008,Manipur,Sugarcane,Whole Year,5150.0,1134.8,736656.0,463.5,59.264444
2019,Maharashtra,Sugarcane,Whole Year,822407.0,1555.8,141256626.3,304290.59,69.621481
2016,Tamil Nadu,Rapeseed &Mustard,Rabi,199.0,912.4,30496.75,69.65,0.186
2019,Sikkim,Other Kharif pulses,Kharif,2450.0,2740.0,420812.0,906.5,0.9675
2015,Puducherry,Arecanut,Kharif,55.0,1980.6,8685.05,18.15,1.51
2006,Punjab,Jowar,Kharif,100.0,569.6,12771.0,22.0,1.0
2001,Madhya Pradesh,Rice,Kharif,1766150.0,955.0,180376899.5,459199.0,0.849333
2004,Uttarakhand,Groundnut,Kharif,1624.0,1219.6,175944.16,341.04,1.184
2006,Arunachal Pradesh,Oilseeds total,Whole Year,32160.0,1940.0,4107153.6,7075.2,0.959375
2013,Uttar Pradesh,Urad,Kharif,496901.0,995.2,71797225.49,134163.27,0.506892
2017,Punjab,Urad,Kharif,1600.0,497.5,251904.0,608.0,0.7375
2002,Jammu and Kashmir,Maize,Kharif,329465.0,933.2,31190451.55,82366.25,1.3475
2006,Bihar,Rapeseed &Mustard,Rabi,86941.0,1052.8,11103235.11,19127.02,0.982432
2010,Rajasthan,Gram,Rabi,1589659.87,596.8,289984.94,16343.18,0.897957
2015,Nagaland,Soyabean,Kharif,24860.0,1308.3,3925642.6,8203.8,1.238182
2006,Delhi,Arhar/Tur,Kharif,385.0,462.7,49168.35,84.7,1.5
2003,Tamil Nadu,Horse-gram,Kharif,68092.0,345.6,6739746.16,16342.08,0.273043
2009,Puducherry,Bajra,Kharif,29.0,1434.6,4518.78,4.93,1.69
2000,Mizoram,Masoor,Rabi,10.0,2834.3,981.7,2.6,0.8
2013,Tamil Nadu,Banana,Whole Year,92463.0,740.9,13359978.87,24965.01,42.130968
2003,Mizoram,Other  Rabi pulses,Rabi,1925.0,2499.5,190536.5,462.0,0.92
2019,Meghalaya,Onion,Rabi,561.0,3844.4,96357.36,207.57,8.431
2009,Uttar Pradesh,Sugarcane,Kharif,1977324.0,585.8,308106625.7,336145.08,50.346338
2011,Kerala,Sesamum,Kharif,196.56,3035.1,32927.73,64.86,0.25375
2012,Meghalaya,Tobacco,Rabi,775.0,2945.3,116870.0,240.25,1.0175
2003,Maharashtra,Rapeseed &Mustard,Rabi,10300.0,1037.4,1019494.0,2472.0,0.222963
2011,Nagaland,Tapioca,Kharif,1710.0,1544.4,286459.2,564.3,23.469091
2005,Uttar Pradesh,Soyabean,Kharif,3852.0,751.9,461931.84,808.92,0.775
2008,Karnataka,Ragi,Kharif,797944.0,1164.1,114137909.8,71814.96,1.284286
2006,West Bengal,Mustard,Rabi,549335.08,2194.0,83581.82,1413.07,1.355831
2014,West Bengal,Gram,Rabi,26177.0,1483.5,3951679.92,8638.41,1.147143
2015,Andhra Pradesh,Rice,Kharif,1398884.0,940.7,220897772.4,461631.72,3.091538
2005,Telangana,Soyabean,Kharif,576698.82,980.7,130244.58,4469.57,1.317285
2015,Himachal Pradesh,Coriander,Rabi,118.0,1223.2,18633.38,38.94,0.514444
2016,Uttar Pradesh,Turmeric,Rabi,1146.0,965.3,175624.5,401.1,1.253438
2006,Tamil Nadu,Cardamom,Whole Year,4441.0,927.9,567160.11,977.02,0.0675
2005,Tamil Nadu,Sesamum,Kharif,65118.0,1364.1,7808950.56,13674.78,0.414444
2006,Himachal Pradesh,Other Kharif pulses,Kharif,6217.0,1207.0,793973.07,1367.74,0.901
2009,Madhya Pradesh,Ginger,Whole Year,7797.0,904.1,1214928.54,1325.49,1.159762
2012,Manipur,Dry chillies,Whole Year,8579.0,1176.7,1293713.2,2659.49,7.9
2001,Madhya Pradesh,Banana,Whole Year,18145.0,955.0,1853148.85,4717.7,26.1695
2015,Telangana,Cowpea(Lobia),Kharif,2167.0,747.9,342190.97,715.11,0.511667
2017,Haryana,Potato,Whole Year,34718.0,417.1,5466001.92,13192.84,26.061429
2007,Bihar,Wheat,Rabi,2131232.0,1600.2,284306348.8,340997.12,2.228421
2000,Chhattisgarh,Coriander,Whole Year,3415.0,896.4,335250.55,887.9,0.256
2020,Maharashtra,Groundnut,Kharif,470582.67,1198.9,120045.18,1466.22,1.93093
2013,Tamil Nadu,Potato,Kharif,3875.0,740.9,559898.75,1046.25,18.373333
2008,Bihar,Sugarcane,Whole Year,111902.0,1197.7,16006462.08,10071.18,38.28871
2018,Karnataka,Wheat,Rabi,157525.0,1419.1,25550555.0,55133.75,0.960741
2011,Odisha,Urad,Autumn,29714.0,1346.2,4977689.28,9805.62,0.209524
2005,West Bengal,Masoor,Rabi,61493.0,1650.1,7374240.56,12913.53,0.612778
2009,Puducherry,Coriander,Rabi,6.0,1434.6,934.92,1.02,0.5
2004,Punjab,Groundnut,Kharif,4300.0,366.4,465862.0,903.0,0.82
2016,Madhya Pradesh,Groundnut,Kharif,254000.0,1048.4,38925500.0,88900.0,1.393158
2011,Andhra Pradesh,Cowpea(Lobia),Kharif,4718.0,861.9,790359.36,1556.94,0.225
2014,Maharashtra,Other  Rabi pulses,Rabi,103300.0,1001.6,15594168.0,34089.0,0.327037
2009,Jammu and Kashmir,Sesamum,Kharif,4624.0,751.7,720511.68,786.08,0.443333
2003,Karnataka,Banana,Whole Year,33220.0,867.6,3288115.6,7972.8,14.362222
2005,Karnataka,Ragi,Kharif,883984.0,1316.2,106007361.3,185636.64,1.4915
2000,Bihar,Sweet potato,Whole Year,5009.0,1207.0,491733.53,1302.34,12.088333
2017,West Bengal,Tobacco,Whole Year,13985.0,1830.0,2201798.4,5314.3,1.29
2002,Nagaland,Sugarcane,Whole Year,2000.0,1536.6,189340.0,500.0,55.631667
2001,Punjab,Barley,Rabi,23000.0,479.3,2348990.0,5980.0,3.26
2006,Maharashtra,Wheat,Rabi,1230800.0,1439.4,157185468.0,270776.0,1.451667
2003,Karnataka,Urad,Kharif,129237.0,867.6,12791878.26,31016.88,0.224444
2001,Andhra Pradesh,Wheat,Rabi,13793.0,928.4,1408679.09,3586.18,0.6275
2011,Assam,Moong(Green Gram),Rabi,11512.0,1743.4,1928490.24,3798.96,0.524074
2001,West Bengal,Turmeric,Whole Year,12794.0,1556.6,1306651.22,3326.44,1.602222
2015,Nagaland,Sunflower,Kharif,340.0,1308.3,53689.4,112.2,0.788333
2010,Haryana,Cotton(lint),Kharif,493228.0,639.2,81930103.08,118374.72,2.095
2013,Delhi,Sugarcane,Whole Year,3.0,706.8,433.47,0.81,75.33
2019,Andhra Pradesh,Rice,Kharif,1526425.0,899.2,262178758.0,564777.25,3.517692
2000,Maharashtra,Mango,Whole Year,94159.5,703.9,6397.8,394.2,6.160423
2005,Goa,Sugarcane,Whole Year,1110.0,3392.8,133111.2,233.1,53.16
2017,Andhra Pradesh,Arecanut,Kharif,697.0,868.2,109735.68,264.86,5.5825
2019,Uttarakhand,Rice,Kharif,240411.0,1378.9,41292993.36,88952.07,1.933846
2013,Madhya Pradesh,Ragi,Kharif,336.0,1451.4,48548.64,90.72,0.463333
2010,Mizoram,Maize,Kharif,8721.0,2738.7,1448645.31,2093.04,1.62125
2008,Jharkhand,Ragi,Autumn,29768.73,1295.2,4258119.14,2679.19,0.812857
2002,Nagaland,Sesamum,Kharif,5000.0,1536.6,473350.0,1250.0,0.90625
2001,Assam,Rice,Autumn,495698.0,1824.7,50625636.74,128881.48,1.120435
2000,Karnataka,Sugarcane,Whole Year,417141.0,1213.3,40950731.97,108456.66,98.800385
2001,Kerala,Ragi,Kharif,1947.0,2946.7,198847.11,506.22,0.766667
2019,Madhya Pradesh,Sesamum,Kharif,315005.0,1446.7,54105258.8,116551.85,0.5458
2007,Puducherry,Turmeric,Rabi,4.0,1434.6,533.6,0.64,1.5
2014,Andhra Pradesh,Tobacco,Kharif,19733.0,687.6,2978893.68,6511.89,6.8325
2008,Himachal Pradesh,Ginger,Kharif,34508.41,1397.4,4762.32,190.26,8.053459
2019,Andhra Pradesh,Potato,Kharif,453.0,899.2,77807.28,167.61,12.21
2009,Madhya Pradesh,Garlic,Whole Year,52169.0,904.1,8128973.58,8868.73,3.153
2007,Bihar,Sannhamp,Kharif,3451.0,1600.2,460363.4,552.16,4.3544
2016,Andhra Pradesh,Tapioca,Kharif,7122.0,890.0,1091446.5,2492.7,13.003333
2012,Haryana,Mustard,Rabi,818709.78,699.6,215555.22,4704.46,1.46177
2017,Arunachal Pradesh,Sugarcane,Whole Year,2110.0,2745.5,332198.4,801.8,22.442308
2000,Himachal Pradesh,Rice,Kharif,81519.0,1068.4,8002720.23,21194.94,1.55
2019,Telangana,Small millets,Kharif,924.0,1031.7,158706.24,341.88,1.692
2004,Nagaland,Linseed,Rabi,7300.0,1711.5,790882.0,1533.0,0.64
2011,Karnataka,Sesamum,Kharif,60680.0,1179.0,10165113.6,20024.4,0.453214
2019,West Bengal,Linseed,Rabi,4055.0,1733.4,696486.8,1500.35,0.515625
2014,Uttarakhand,Masoor,Rabi,10417.0,1287.4,1572550.32,3437.61,0.679231
2019,Odisha,Mesta,Kharif,4690.0,1593.9,805554.4,1735.3,4.85
2003,Gujarat,Sugarcane,Whole Year,176200.0,902.5,17440276.0,42288.0,71.596667
2012,Haryana,Horse-gram,Kharif,343.0,307.9,51724.4,106.33,0.26
2006,Jammu and Kashmir,Garlic,Kharif,31.0,1786.5,3959.01,6.82,1.15
2011,Gujarat,Wheat,Rabi,1350600.0,890.5,226252512.0,445698.0,3.01
2017,Bihar,Maize,Autumn,223242.0,1112.0,35147220.48,84831.96,2.639189
2007,Himachal Pradesh,Gram,Rabi,1452.0,1095.4,193696.8,232.32,0.815556
2013,Meghalaya,Cowpea(Lobia),Rabi,1608.0,2448.4,232339.92,434.16,1.472727
2006,Tamil Nadu,Sugarcane,Whole Year,391201.0,927.9,49960279.71,86064.22,118.174643
2002,Chhattisgarh,Gram,Rabi,175588.0,1001.4,16622915.96,43897.0,0.62125
2002,Mizoram,Potato,Whole Year,369.0,2627.0,34933.23,92.25,1.976667
2014,Odisha,Rice,Autumn,583000.0,1536.9,88009680.0,192390.0,1.599167
2015,Meghalaya,Gram,Rabi,1824.0,3870.8,288027.84,601.92,1.07
2009,Chhattisgarh,Other  Rabi pulses,Rabi,1877.0,956.9,292474.14,319.09,0.464444
2007,Tamil Nadu,Turmeric,Whole Year,27303.0,1067.2,3642220.2,4368.48,5.253846
2009,Bihar,Khesari,Rabi,78827.0,889.3,12282823.14,13400.59,1.023684
2019,Tripura,Maize,Kharif,12485.0,2252.8,2144423.6,4619.45,1.42
2011,Jammu and Kashmir,Bajra,Kharif,18926.0,887.6,3170483.52,6245.58,0.568571
2007,Andhra Pradesh,Groundnut,Kharif,1500000.0,1004.2,200100000.0,240000.0,1.334286
2002,Gujarat,Gram,Rabi,57500.0,458.4,5443525.0,14375.0,0.520588
2017,Karnataka,Safflower,Rabi,33701.0,1111.7,5305885.44,12806.38,0.714615
2002,Karnataka,Banana,Whole Year,39813.0,860.8,3769096.71,9953.25,16.965185
2008,Bihar,Other Kharif pulses,Kharif,1161.0,1197.7,166069.44,104.49,0.604211
2014,Nagaland,Rapeseed &Mustard,Rabi,27280.0,1333.3,4118188.8,9002.4,1.010909
2011,Tamil Nadu,Potato,Whole Year,4673.0,926.5,782820.96,1542.09,19.59125
2018,Chhattisgarh,Peas & beans (Pulses),Rabi,10016.0,1515.5,1624595.2,3505.6,0.3752
2001,Gujarat,Ragi,Kharif,21000.0,666.5,2144730.0,5460.0,1.005
2011,Punjab,Maize,Kharif,126000.0,705.2,21107520.0,41580.0,4.359091
2007,Himachal Pradesh,Sannhamp,Kharif,32.0,1095.4,4268.8,5.12,0.185
2014,Delhi,Maize,Kharif,35.0,416.4,5283.6,11.55,22.37
2001,Jharkhand,Maize,Kharif,430762.01,1345.6,50896.2,1218.86,2.46352
2015,Nagaland,Linseed,Rabi,5790.0,1308.3,914298.9,1910.7,0.805455
2003,Rajasthan,Sesamum,Kharif,36224.11,299.4,4067.46,87.88,0.390887
2016,West Bengal,Sannhamp,Kharif,847.0,1795.8,129802.75,296.45,4.28
2002,Telangana,Turmeric,Kharif,21998.91,946.8,2131.94,79.89,4.759648
2016,Nagaland,Small millets,Kharif,8800.0,1959.8,1348600.0,3080.0,1.12
2010,Karnataka,Arhar/Tur,Kharif,891525.0,1317.7,148091217.8,213966.0,0.65037
2008,Tamil Nadu,Cardamom,Whole Year,4051.0,1201.9,579455.04,364.59,0.094
2019,Assam,Cotton(lint),Kharif,789.0,2084.7,135518.64,291.93,0.674444
2000,Mizoram,Other Kharif pulses,Kharif,1610.0,2834.3,158053.7,418.6,1.4075
2019,Tamil Nadu,Urad,Kharif,42597.0,910.1,7316460.72,15760.89,0.854333
2008,Haryana,Masoor,Rabi,4858.0,715.6,694888.32,437.22,0.639286
2014,Jammu and Kashmir,Bajra,Kharif,15797.0,1278.4,2384715.12,5213.01,0.558571
2014,Arunachal Pradesh,Turmeric,Whole Year,725.0,2403.2,109446.0,239.25,6.83
2005,Punjab,Groundnut,Kharif,3400.0,566.7,407728.0,714.0,0.978571
2003,Meghalaya,Tobacco,Whole Year,723.0,3321.3,71562.54,173.52,0.55
2005,Mizoram,Arhar/Tur,Kharif,97.0,2075.4,11632.24,20.37,0.9175
2017,Uttarakhand,Horse-gram,Kharif,12728.0,1475.8,2003896.32,4836.64,0.923636
2018,Karnataka,Banana,Whole Year,103377.31,917.2,8973.51,470.04,33.075248
2019,Madhya Pradesh,Small millets,Kharif,79810.0,1446.7,13708165.6,29529.7,0.5925
2016,Telangana,Sweet potato,Rabi,199.0,942.6,30496.75,69.65,9.564
2005,Jammu and Kashmir,Other Cereals,Kharif,262.0,1721.8,31419.04,55.02,0.1825
2019,Himachal Pradesh,Moong(Green Gram),Kharif,117.0,1217.7,20095.92,43.29,0.74875
2019,Arunachal Pradesh,Small millets,Kharif,26790.0,2433.3,4601450.4,9912.3,1.0152
2010,Madhya Pradesh,Bajra,Kharif,200498.0,856.3,33304722.78,48119.52,1.220323
2013,Uttar Pradesh,Bajra,Kharif,918984.0,995.2,132783998.2,248125.68,1.457188
2017,Jharkhand,Peas & beans (Pulses),Rabi,59150.0,1165.7,9312576.0,22477.0,1.19625
2004,Tamil Nadu,Banana,Whole Year,81498.0,1034.0,8829493.32,17114.58,41.73931
2020,Tamil Nadu,Ragi,Kharif,16209.12,933.8,2137.52,80.91,2.350726
2012,Haryana,Coriander,Whole Year,294.0,307.9,44335.2,91.14,1.002
2020,Bihar,Maize,Kharif,215976.14,1426.1,35526.48,2780.9,4.007393
2016,Jharkhand,Maize,Autumn,124673.0,1296.3,19106137.25,43635.55,2.102609
2017,Maharashtra,Other  Rabi pulses,Rabi,101725.0,1129.5,16015584.0,38655.5,0.575556
2005,Uttarakhand,Garlic,Whole Year,2222.0,1353.3,266462.24,466.62,9.173636
2018,Haryana,Coriander,Whole Year,2284.0,533.2,370464.8,799.4,3.366111
2000,Andhra Pradesh,Banana,Whole Year,49051.0,935.6,4815336.67,12753.26,17.630909
2016,Goa,Arecanut,Whole Year,1810.0,3266.9,277382.5,633.5,1.725
2018,Madhya Pradesh,Safflower,Rabi,13.0,1102.2,2108.6,4.55,0.263333
2010,Andhra Pradesh,Potato,Whole Year,5953.0,1297.0,988852.83,1428.72,10.99875
2002,Goa,Cashewnut,Whole Year,54373.0,2516.3,5147491.91,13593.25,0.43
2003,Uttar Pradesh,Sunflower,Kharif,12044.0,1075.6,1192115.12,2890.56,1.678364
2000,Odisha,Ragi,Kharif,83981.0,1066.0,8244414.77,21835.06,0.424231
2008,Madhya Pradesh,Horse-gram,Kharif,23676.0,895.0,3386615.04,2130.84,0.323846
2004,Meghalaya,Jute,Kharif,4019.0,4767.9,435418.46,843.99,4.8
2010,Himachal Pradesh,Ginger,Kharif,28925.35,1968.4,2044.54,329.23,7.663519
2014,Nagaland,Peas & beans (Pulses),Kharif,2330.0,1333.3,351736.8,768.9,1.353
2009,Kerala,Turmeric,Whole Year,2438.0,2821.5,379889.16,414.46,2.276429
2003,Odisha,Sugarcane,Whole Year,14565.0,1648.2,1441643.7,3495.6,54.546552
2018,Meghalaya,Small millets,Rabi,2902.0,5649.1,470704.4,1015.7,1.108
2006,Meghalaya,Banana,Kharif,6422.0,2454.7,820153.62,1412.84,10.317143
2008,Uttarakhand,Moth,Kharif,343.0,1363.7,49062.72,30.87,0.35
2006,Maharashtra,Urad,Kharif,490000.0,1439.4,62577900.0,107800.0,0.542424
2009,Uttar Pradesh,Sannhamp,Kharif,1813.0,585.8,282501.66,308.21,0.179062
2015,Karnataka,Safflower,Rabi,53833.0,1024.9,8500769.03,17764.89,0.360714
2013,Telangana,Ragi,Kharif,1204.0,1348.7,173965.96,325.08,1.593333
2013,Telangana,Urad,Kharif,32090.0,1348.7,4636684.1,8664.3,0.83125
2017,Bihar,Sesamum,Kharif,1571.0,1112.0,247338.24,596.98,0.886364
2000,Tamil Nadu,Cardamom,Whole Year,2144.0,971.1,210476.48,557.44,0.078
2015,Jammu and Kashmir,Dry chillies,Kharif,567.0,1572.6,89534.97,187.11,0.905556
2007,Himachal Pradesh,Wheat,Rabi,366592.0,1095.4,48903372.8,58654.72,1.500833
2018,Bihar,Ragi,Kharif,2883.0,1521.4,467622.6,1009.05,1.144286
2009,Madhya Pradesh,Mustard,Rabi,430988.29,1196.0,33484.65,2411.21,1.455738
2007,Punjab,Bajra,Kharif,4000.0,527.2,533600.0,640.0,1.0
2015,Manipur,Turmeric,Whole Year,2670.0,1329.1,421619.7,881.1,11.856667
2017,Sikkim,Small millets,Kharif,2469.0,2873.6,388719.36,938.22,1.0325
2001,Karnataka,Safflower,Rabi,92029.0,1002.9,9398921.77,23927.54,0.714667
2020,Telangana,Maize,Kharif,212495.0,887.0,34348.25,575.02,3.864467
2019,Punjab,Peas & beans (Pulses),Rabi,1800.0,653.2,309168.0,666.0,1.008571
2016,Haryana,Maize,Kharif,6300.0,554.7,965475.0,2205.0,3.132222
2010,West Bengal,Mustard,Rabi,1255357.27,1260.0,230231.48,10675.29,1.454839
2008,Tripura,Peas & beans (Pulses),Rabi,599.0,1827.8,85680.96,53.91,0.8675
2017,Puducherry,Sesamum,Kharif,4.0,1582.4,629.76,1.52,1.5
2015,Punjab,Groundnut,Kharif,1000.0,512.6,157910.0,330.0,1.9
2005,Kerala,Banana,Whole Year,61400.0,3030.9,7363088.0,12894.0,8.060714
2017,Andhra Pradesh,Bajra,Kharif,43367.0,868.2,6827700.48,16479.46,1.854545
2006,Assam,Arecanut,Whole Year,69104.0,1774.9,8825271.84,15202.88,0.817037
2003,Uttar Pradesh,Moth,Kharif,379.0,1075.6,37513.42,90.96,0.388947
2017,Karnataka,Arhar/Tur,Kharif,884913.0,1111.7,139320702.7,336266.94,0.844074
2004,Chhattisgarh,Castor seed,Kharif,137.0,1122.8,14842.58,28.77,0.34625
2015,Mizoram,Maize,Kharif,5672.0,2310.8,895665.52,1871.76,1.94625
2013,Uttarakhand,Tobacco,Whole Year,6.0,1735.4,866.94,1.62,3.67
2012,Chhattisgarh,Mesta,Kharif,1222.0,1366.8,184277.6,378.82,2.078421
2008,Mizoram,Other  Rabi pulses,Rabi,1370.0,1912.1,195964.8,123.3,1.504286
2002,Rajasthan,Gram,Rabi,592443.48,404.9,85504.54,5722.44,0.821388
2019,Gujarat,Arhar/Tur,Kharif,212698.0,1067.8,36533008.48,78698.26,1.1225
2001,Assam,Tapioca,Whole Year,2904.0,1824.7,296585.52,755.04,4.384348
2000,Haryana,Urad,Kharif,1527.0,383.7,149905.59,397.02,0.115833
2013,Jharkhand,Arhar/Tur,Rabi,39731.0,1253.6,5740732.19,10727.37,1.66087
2012,Meghalaya,Mesta,Kharif,4435.0,2945.3,668798.0,1374.85,6.01
2013,Mizoram,Maize,Kharif,5618.0,1848.8,811744.82,1516.86,1.65625
2011,Andhra Pradesh,Sunflower,Whole Year,157535.0,861.9,26390263.2,51986.55,0.978182
2000,Manipur,Rice,Kharif,156890.0,1969.7,15401891.3,40791.4,2.26
2006,Puducherry,Arecanut,Kharif,63.0,1434.6,8045.73,13.86,1.3
2014,Chhattisgarh,Gram,Rabi,293263.0,1274.7,44270982.48,96776.79,1.113077
2014,Tripura,Rice,Kharif,257273.0,2015.7,38837932.08,84900.09,2.885
2019,Andhra Pradesh,Banana,Whole Year,97695.0,899.2,16780093.2,36147.15,60.0
2017,Tamil Nadu,Black pepper,Whole Year,5265.0,970.9,828921.6,2000.7,0.163125
2011,Karnataka,Small millets,Kharif,23174.0,1179.0,3882108.48,7647.42,0.4965
2016,Jammu and Kashmir,Other  Rabi pulses,Rabi,548.0,902.8,83981.0,191.8,0.796667
2001,Kerala,Banana,Whole Year,50871.0,2946.7,5195455.23,13226.46,7.347857
2013,Chhattisgarh,Soyabean,Kharif,107772.0,1418.3,15571976.28,29098.44,1.091579
2018,Jammu and Kashmir,other oilseeds,Kharif,1.0,1016.3,162.2,0.35,0.5
2009,Rajasthan,Sesamum,Kharif,43490.56,464.4,7629.22,462.09,0.487178
2005,Himachal Pradesh,Gram,Rabi,1338.0,1248.1,160452.96,280.98,0.425556
2016,Bihar,Khesari,Rabi,52102.0,1205.6,7984631.5,18235.7,0.947714
2000,Assam,Sesamum,Kharif,14960.0,1965.5,1468623.2,3889.6,0.489565
2000,Chhattisgarh,Urad,Kharif,116722.0,896.4,11458598.74,30347.72,0.2825
2013,Telangana,Cotton(lint),Kharif,1712830.0,1348.7,247486806.7,462464.1,2.458889
2000,Andhra Pradesh,Other Kharif pulses,Kharif,19850.0,935.6,1948674.5,5161.0,0.275263
2000,Haryana,Sesamum,Kharif,3527.0,383.7,346245.59,917.02,0.15
2016,Punjab,Potato,Rabi,247944.46,527.4,39949.7,398.28,23.726658
2009,Chhattisgarh,Sunflower,Kharif,4523.0,956.9,704773.86,768.91,0.305385
2015,Delhi,Barley,Kharif,62.0,757.7,9790.42,20.46,2.92
2013,Madhya Pradesh,Gram,Rabi,2774323.0,1451.4,400861930.3,749067.21,0.866471
2016,Meghalaya,Castor seed,Rabi,72.0,3837.1,11034.0,25.2,1.004
2002,Gujarat,Castor seed,Kharif,242200.0,458.4,22929074.0,60550.0,1.162941
2003,Tripura,Potato,Whole Year,5665.0,2487.9,560721.7,1359.6,15.6275
2015,West Bengal,Soyabean,Kharif,600.0,1717.0,94746.0,198.0,0.62
2016,Delhi,Wheat,Rabi,19622.0,747.1,3007071.5,6867.7,4.44
2008,Nagaland,Gram,Rabi,250.0,1540.9,35760.0,22.5,0.855
2000,Haryana,Sannhamp,Whole Year,452.0,383.7,44372.84,117.52,0.136667
2013,Maharashtra,Ragi,Kharif,124500.0,1409.8,17989005.0,33615.0,1.244
2007,Assam,Linseed,Rabi,7632.0,2154.1,1018108.8,1221.12,0.5076
2011,Andhra Pradesh,Jowar,Kharif,103263.0,861.9,17298617.76,34076.79,1.584737
2008,Meghalaya,Rapeseed &Mustard,Rabi,7197.0,3114.3,1029458.88,647.73,0.651429
2001,Gujarat,Wheat,Rabi,470100.0,666.5,48011313.0,122226.0,2.474737
2018,Tamil Nadu,Onion,Kharif,12414.0,986.2,2013550.8,4344.9,8.912692
2020,Chhattisgarh,Rice,Kharif,2279332.63,1449.7,269846.5,14123.56,3.225547
2008,Himachal Pradesh,Turmeric,Kharif,208.0,1357.1,29752.32,18.72,0.54875
2008,Meghalaya,Banana,Whole Year,6522.0,3114.3,932906.88,586.98,10.374286
2019,Assam,Other  Rabi pulses,Rabi,15006.0,2084.7,2577430.56,5552.22,0.695185
2000,West Bengal,Mango,Whole Year,161777.41,1975.2,20139.25,889.81,5.888912
2018,Madhya Pradesh,Potato,Whole Year,145736.5,1102.2,23638460.3,51007.78,21.3004
2018,Madhya Pradesh,Dry chillies,Whole Year,87838.93,1102.2,14247474.45,30743.63,2.91907
2002,Bihar,Banana,Whole Year,17307.0,1105.8,1638453.69,4326.75,22.179565
2000,Puducherry,Jowar,Kharif,6.0,1434.6,589.02,1.56,1.0
2018,Uttarakhand,Other  Rabi pulses,Rabi,5.0,1373.0,811.0,1.75,0.666667
2014,Himachal Pradesh,Dry chillies,Kharif,466.0,1019.9,70347.36,153.78,0.335
2004,Meghalaya,Arecanut,Whole Year,11233.0,4767.9,1216983.22,2358.93,1.154286
2000,Assam,Arecanut,Whole Year,73237.0,1965.5,7189676.29,19041.62,0.957391
2000,Haryana,Moong(Green Gram),Kharif,5331.0,383.7,523344.27,1386.06,0.062667
2003,Kerala,Rubber,Whole Year,51089.76,2173.6,3428.89,130.39,1.388808
2011,Chhattisgarh,Sunflower,Kharif,3489.0,1302.7,584477.28,1151.37,0.509
2020,Gujarat,Castor seed,Kharif,28439.52,1030.1,7178.16,325.03,1.452207
2009,Arunachal Pradesh,Wheat,Rabi,3170.0,1701.9,493949.4,538.9,1.59
2018,Nagaland,Jowar,Kharif,280.0,1372.7,45416.0,98.0,0.966
2013,Andhra Pradesh,Soyabean,Kharif,3025.0,1062.3,437082.25,816.75,1.62
2003,Haryana,Maize,Kharif,16570.0,592.3,1640098.6,3976.8,0.960588
2013,Gujarat,Soyabean,Kharif,59954.0,1006.5,8662753.46,16187.58,0.791111
2009,Andhra Pradesh,Potato,Whole Year,5040.0,711.0,785332.8,856.8,10.294
2004,Gujarat,Tobacco,Whole Year,71300.0,719.8,7724642.0,14973.0,1.625714
2000,Karnataka,Sannhamp,Whole Year,1424.0,1213.3,139794.08,370.24,0.285
2017,Uttar Pradesh,Sunflower,Summer,2093.0,652.1,329521.92,795.34,1.450952
2009,Himachal Pradesh,Ragi,Kharif,2208.0,969.9,344050.56,375.36,0.778571
2018,Telangana,Maize,Kharif,426342.0,1350.3,69152672.4,149219.7,3.95625
2013,Madhya Pradesh,Barley,Kharif,83559.0,1451.4,12073439.91,22560.93,2.11
2018,Punjab,Rapeseed &Mustard,Rabi,30500.0,585.5,4947100.0,10675.0,1.476818
2013,Maharashtra,Urad,Kharif,334400.0,1409.8,48317456.0,90288.0,0.555484
2002,Odisha,Linseed,Rabi,16530.0,1102.8,1564895.1,4132.5,0.329286
2003,Maharashtra,Grapes,Whole Year,23014.36,2127.3,2165.14,29.1,19.657373
2008,Arunachal Pradesh,Oilseeds total,Whole Year,31785.0,2244.4,4546526.4,2860.65,0.995
2008,Telangana,Cotton(lint),Kharif,1747712.6,532.9,272922.72,8177.25,0.422251
2012,Tamil Nadu,Banana,Whole Year,40656.14,977.8,5212.14,488.7,31.581053
2015,Himachal Pradesh,Other Kharif pulses,Kharif,6504.0,1223.2,1027046.64,2146.32,0.895
2012,Tripura,Sesamum,Kharif,2085.0,1882.2,314418.0,646.35,0.55375
2015,Arunachal Pradesh,Potato,Whole Year,5970.0,2593.2,942722.7,1970.1,6.9065
2019,Mizoram,other oilseeds,Kharif,26642.0,2178.5,4576029.92,9857.54,0.114286
2017,Goa,other oilseeds,Whole Year,841.0,2772.5,132407.04,319.58,2.08
2013,Nagaland,Sunflower,Kharif,260.0,1350.9,37567.4,70.2,0.721667
2014,Meghalaya,Mesta,Kharif,4496.0,3484.4,678716.16,1483.68,6.07
2009,Assam,Banana,Whole Year,44980.0,1727.1,7008783.6,7646.6,13.768889
2016,Uttarakhand,Ragi,Kharif,106365.0,1580.9,16300436.25,37227.75,1.542727
2011,Chhattisgarh,Turmeric,Whole Year,1047.0,1302.7,175393.44,345.51,1.063333
2010,Andhra Pradesh,Banana,Whole Year,58876.0,1297.0,9779892.36,14130.24,31.562632
2009,Andhra Pradesh,Garlic,Whole Year,530.0,711.0,82584.6,90.1,2.556667
2005,Puducherry,Banana,Whole Year,316.0,1434.6,37894.72,66.36,22.333333
2002,Uttar Pradesh,Ragi,Rabi,590.0,664.0,55855.3,147.5,1.441481
2010,Gujarat,Banana,Whole Year,23500.0,1107.5,3903585.0,5640.0,70.365
2017,Rajasthan,Coriander,Rabi,43456.95,488.1,12782.95,363.13,0.747024
2005,Karnataka,Sugarcane,Whole Year,221462.0,1316.2,26557723.04,46507.02,90.637727
2013,Karnataka,Onion,Kharif,112723.0,1235.6,16287346.27,30435.21,6.9688
2008,Madhya Pradesh,Sesamum,Whole Year,243804.0,895.0,34873724.16,21942.36,0.4182
2007,Tripura,Gram,Rabi,101.0,2831.8,13473.4,16.16,0.7425
2003,Assam,Castor seed,Kharif,1493.0,2213.7,147777.14,358.32,0.414286
2014,Haryana,Ginger,Whole Year,285.0,301.3,43023.6,94.05,13.933333
2006,Tamil Nadu,Gram,Whole Year,5933.0,927.9,757703.43,1305.26,0.53
2003,Haryana,Jowar,Kharif,100945.0,592.3,9991536.1,24226.8,0.186364
2003,Arunachal Pradesh,Potato,Whole Year,4022.0,2782.2,398097.56,965.28,7.232667
2018,Haryana,Maize,Kharif,5900.0,533.2,956980.0,2065.0,3.206
2014,Kerala,Potato,Whole Year,852.0,3046.4,128617.92,281.16,18.56
2003,Tamil Nadu,Rapeseed &Mustard,Rabi,376.0,345.6,37216.48,90.24,0.386667
2019,Meghalaya,Small millets,Rabi,2893.0,3844.4,496901.68,1070.41,1.1
2005,Gujarat,Castor seed,Kharif,341600.0,942.4,40964672.0,71736.0,2.059545
2013,Gujarat,Sugarcane,Whole Year,173065.0,1006.5,25006161.85,46727.55,60.885714
2007,Himachal Pradesh,Ginger,Kharif,2273.0,1095.4,303218.2,363.68,10.15
2003,West Bengal,Gram,Rabi,46492.0,1526.7,4601778.16,11158.08,0.973571
2015,Haryana,Garlic,Whole Year,3973.0,426.8,627376.43,1311.09,9.771429
2009,Kerala,Garlic,Whole Year,336.0,2821.5,52355.52,57.12,17.0
2006,Meghalaya,Linseed,Rabi,82.0,2454.7,10472.22,18.04,0.48
2004,Meghalaya,Sesamum,Kharif,1628.0,4767.9,176377.52,341.88,0.548333
2001,Andhra Pradesh,Moong(Green Gram),Kharif,338337.0,928.4,34554357.81,87967.62,0.408636
2008,Puducherry,Dry chillies,Kharif,1.0,1434.6,143.04,0.09,1.0
2018,Gujarat,Soyabean,Kharif,135651.0,1125.4,22002592.2,47477.85,1.619
2003,Nagaland,Sugarcane,Whole Year,2800.0,1709.8,277144.0,672.0,37.281667
2008,Meghalaya,Tapioca,Whole Year,4187.0,3114.3,598908.48,376.83,6.267143
2003,West Bengal,Ginger,Kharif,8053.0,1526.7,797085.94,1932.72,1.623529
2014,Bihar,Gram,Rabi,60002.0,1061.0,9057901.92,19800.66,0.941333
2014,Nagaland,Sweet potato,Kharif,1570.0,1333.3,237007.2,518.1,8.514545
2015,Maharashtra,other oilseeds,Rabi,9154.0,875.7,1445508.14,3020.82,0.317308
2019,Madhya Pradesh,Urad,Kharif,1761556.0,1446.7,302564858.6,651775.72,0.356471
2005,Madhya Pradesh,Linseed,Rabi,132260.0,1032.7,15860619.2,27774.6,0.592826
2014,Odisha,Potato,Winter,8445.0,1536.9,1274857.2,2786.85,12.0725
2013,Tamil Nadu,Onion,Kharif,9104.0,740.9,1315436.96,2458.08,11.319615
2000,Meghalaya,Wheat,Rabi,4215.0,6258.8,413786.55,1095.9,1.395
2003,Rajasthan,Gram,Rabi,673580.93,264.8,80527.13,3603.78,0.850785
2011,Bihar,Jowar,Kharif,2016.0,1097.1,337720.32,665.28,1.045714
2010,Goa,Groundnut,Kharif,461.0,4193.3,76576.71,110.64,3.02
2018,Manipur,Masoor,Rabi,758.0,1196.9,122947.6,265.3,0.92
2009,Assam,Black pepper,Whole Year,2967.0,1727.1,462317.94,504.39,1.577778
2008,Gujarat,Dry chillies,Whole Year,7400.0,746.1,1058496.0,666.0,0.96
2018,Kerala,Black pepper,Whole Year,82761.41,2989.7,13423900.7,28966.49,0.328571
2004,Uttarakhand,Barley,Rabi,24180.0,1219.6,2619661.2,5077.8,1.441538
2007,Jammu and Kashmir,Tobacco,Kharif,6.0,1042.2,800.4,0.96,0.325
2018,Manipur,Moong(Green Gram),Kharif,456.0,1196.9,73963.2,159.6,1.053333
2000,West Bengal,Maize,Kharif,35267.0,1907.7,3462161.39,9169.42,2.568571
2008,Karnataka,Potato,Kharif,67728.0,1164.1,9687813.12,6095.52,2.449412
2004,Jammu and Kashmir,Rice,Kharif,250044.0,1032.1,27089766.96,52509.24,1.838333
2017,Tamil Nadu,Castor seed,Kharif,4374.0,970.9,688642.56,1662.12,0.3748
2006,Jammu and Kashmir,Ginger,Kharif,4.0,1786.5,510.84,0.88,1.7
2007,West Bengal,Gram,Rabi,25112.0,2007.5,3349940.8,4017.92,0.873333
2015,West Bengal,Jowar,Autumn,25.0,1717.0,3947.75,8.25,0.36
2000,Odisha,Castor seed,Kharif,9710.0,1066.0,953230.7,2524.6,0.5196
2004,Kerala,Cardamom,Whole Year,41378.0,2880.2,4482892.52,8689.38,0.069
2007,Maharashtra,Ragi,Kharif,128300.0,1257.2,17115220.0,20528.0,0.941818
2001,Andhra Pradesh,Cotton(lint),Kharif,1107852.0,928.4,113144924.8,288041.52,1.820455
2014,Rajasthan,Wheat,Rabi,5178435.2,342.6,786536.14,52276.66,4.325157
2018,Odisha,Rapeseed &Mustard,Winter,6019.0,1635.9,976281.8,2106.65,0.271429
2019,Madhya Pradesh,Soyabean,Kharif,6194044.0,1446.7,1063888997.0,2291796.28,0.678431
2003,Chhattisgarh,Peas & beans (Pulses),Rabi,17307.0,1643.7,1713046.86,4153.68,0.34625
2001,Assam,Sugarcane,Whole Year,27166.0,1824.7,2774463.58,7063.16,37.217391
2019,Chhattisgarh,Niger seed,Kharif,36318.0,1420.3,6237979.68,13437.66,0.192941
2017,Andhra Pradesh,Mesta,Kharif,4850.0,868.2,763584.0,1843.0,8.73
2019,Mizoram,Onion,Rabi,18.3,2178.5,3143.21,6.77,3.76
2007,Arunachal Pradesh,Sugarcane,Whole Year,1233.0,3223.9,164482.2,197.28,16.482
2007,Uttar Pradesh,Small millets,Kharif,13053.0,672.9,1741270.2,2088.48,0.608077
2000,Andhra Pradesh,Maize,Kharif,430544.0,935.6,42266504.48,111941.44,2.564545
2012,Maharashtra,Groundnut,Kharif,238000.0,1003.4,35890400.0,73780.0,0.8236
2009,Kerala,Ginger,Whole Year,5408.0,2821.5,842674.56,919.36,3.402143
2012,Manipur,Peas & beans (Pulses),Rabi,18379.0,1176.7,2771553.2,5697.49,0.937778
2013,Tamil Nadu,Rice,Kharif,1725730.0,740.9,249350727.7,465947.1,4.491935
2008,Haryana,Jowar,Kharif,86595.0,715.6,12386548.8,7793.55,0.497857
2017,Goa,Groundnut,Kharif,280.0,2772.5,44083.2,106.4,2.33
2015,Manipur,Wheat,Rabi,2250.0,1329.1,355297.5,742.5,2.503333
2008,West Bengal,Cotton(lint),Kharif,2780.0,1560.1,397651.2,250.2,2.32875
2018,Arunachal Pradesh,Other Kharif pulses,Kharif,2496.0,2992.9,404851.2,873.6,0.951818
2005,Tamil Nadu,Other Kharif pulses,Kharif,68999.0,1364.1,8274360.08,14489.79,0.366923
2002,Uttar Pradesh,Peas & beans (Pulses),Rabi,339606.0,664.0,32150500.02,84901.5,1.170294
2000,Andhra Pradesh,Horse-gram,Kharif,13824.0,935.6,1357102.08,3594.24,0.5
2014,Himachal Pradesh,Other Kharif pulses,Kharif,6180.0,1019.9,932932.8,2039.4,0.843333
2014,Himachal Pradesh,Small millets,Kharif,4122.0,1019.9,622257.12,1360.26,0.738571
2014,Assam,Castor seed,Kharif,941.0,1899.0,142053.36,310.53,0.64
2007,Assam,Rice,Autumn,354115.0,2154.1,47238941.0,56658.4,1.082593
2016,Uttarakhand,Potato,Kharif,6583.0,1580.9,1008844.75,2304.05,9.679091
2002,Manipur,Tapioca,Whole Year,223.0,1743.7,21111.41,55.75,5.298571
2019,Karnataka,Safflower,Rabi,26593.0,1422.3,4567613.68,9839.41,0.8256
2003,Uttarakhand,Other Cereals,Kharif,77717.0,1734.3,7692428.66,18652.08,1.000909
2002,Andhra Pradesh,Maize,Kharif,413659.0,648.1,39161097.53,103414.75,1.491364
2011,Puducherry,Turmeric,Kharif,2.0,1434.6,335.04,0.66,1.5
2005,Meghalaya,Turmeric,Whole Year,1817.0,3374.4,217894.64,381.57,5.621429
2018,Andhra Pradesh,Groundnut,Kharif,687139.0,1220.5,111453945.8,240498.65,1.965
2010,Assam,Turmeric,Whole Year,14963.0,2578.5,2485503.93,3591.12,0.753333
2011,Assam,Castor seed,Kharif,1024.0,1743.4,171540.48,337.92,0.515833
2004,Manipur,Dry chillies,Whole Year,11920.0,1613.3,1291412.8,2503.2,0.597778
2019,Odisha,Bajra,Kharif,1870.0,1593.9,321191.2,691.9,0.678
2005,Maharashtra,Mango,Whole Year,183430.1,862.7,20291.62,1245.99,5.499292
2005,West Bengal,Sesamum,Whole Year,148628.0,1650.1,17823469.76,31211.88,0.854706
2010,Nagaland,Rice,Kharif,180060.0,1771.8,29909766.6,43214.4,2.051818
2003,Uttarakhand,Other  Rabi pulses,Rabi,43.0,1734.3,4256.14,10.32,0.443333
2019,Nagaland,Bajra,Kharif,710.0,1593.0,121949.6,262.7,0.995455
2006,Andhra Pradesh,Rapeseed &Mustard,Rabi,5387.0,845.2,687973.77,1185.14,0.285
2020,Rajasthan,Coriander,Rabi,28691.71,594.0,5305.76,233.25,0.888711
2017,Puducherry,Urad,Kharif,10.0,1582.4,1574.4,3.8,0.9
2013,Manipur,Other Kharif pulses,Kharif,1500.0,1428.8,216735.0,405.0,1.104444
2007,Nagaland,Moong(Green Gram),Kharif,450.0,1769.0,60030.0,72.0,1.13
2003,Madhya Pradesh,Turmeric,Whole Year,655.0,1163.0,64831.9,157.2,1.005937
2015,Chhattisgarh,Jowar,Whole Year,5414.0,1136.0,854924.74,1786.62,0.923182
2000,Chhattisgarh,Safflower,Rabi,949.0,896.4,93163.33,246.74,0.274444
2008,Odisha,Rice,Autumn,707000.0,1539.0,101129280.0,63630.0,1.062143
2013,West Bengal,Maize,Autumn,43701.0,1939.9,6314357.49,11799.27,2.767778
2014,Telangana,Jowar,Kharif,42616.0,746.4,6433311.36,14063.28,0.885556
2000,Andhra Pradesh,Sweet potato,Whole Year,1938.0,935.6,190253.46,503.88,13.932778
2000,Sikkim,other oilseeds,Kharif,80.0,2504.8,7853.6,20.8,0.45
2001,Gujarat,Sugarcane,Whole Year,175800.0,666.5,17954454.0,45708.0,62.973846
2015,Karnataka,Cotton(lint),Kharif,599083.0,1024.9,94601196.53,197697.39,1.961667
2000,Assam,Gram,Rabi,2661.0,1965.5,261230.37,691.86,0.462381
2009,Mizoram,Maize,Kharif,8310.0,2086.3,1294864.2,1412.7,1.3625
2016,Jammu and Kashmir,Onion,Kharif,16.0,902.8,2452.0,5.6,0.5
2018,Madhya Pradesh,Moong(Green Gram),Kharif,95295.0,1102.2,15456849.0,33353.25,0.436275
2007,Assam,Arhar/Tur,Kharif,5893.0,2154.1,786126.2,942.88,0.712963
2008,Tamil Nadu,Sesamum,Whole Year,63693.0,1201.9,9110646.72,5732.37,0.467778
2014,Tamil Nadu,Sesamum,Kharif,21289.0,911.3,3213787.44,7025.37,0.559643
2019,Andhra Pradesh,Mesta,Kharif,1714.0,899.2,294396.64,634.18,10.135
2015,Assam,Castor seed,Kharif,881.0,2155.3,139118.71,290.73,0.591538
2013,Tamil Nadu,Maize,Kharif,223113.0,740.9,32237597.37,60240.51,6.161111
2004,Madhya Pradesh,Rapeseed &Mustard,Rabi,760363.0,895.7,82377727.42,159676.23,0.737917
2015,Jammu and Kashmir,Other  Rabi pulses,Rabi,123.0,1572.6,19422.93,40.59,0.871667
2019,Mizoram,Rice,Autumn,18510.0,2178.5,3179277.6,6848.7,1.18875
2010,Karnataka,Sannhamp,Whole Year,341.0,1317.7,56643.51,81.84,0.245
2003,Punjab,Rapeseed &Mustard,Rabi,52000.0,451.7,5146960.0,12480.0,1.137647
2009,Kerala,Coconut,Whole Year,778618.0,2821.5,121324256.8,132365.06,6728.865
2012,Nagaland,Wheat,Rabi,3270.0,1296.6,493116.0,1013.7,1.797778
2013,Manipur,Soyabean,Kharif,5050.0,1428.8,729674.5,1363.5,0.841111
2010,Madhya Pradesh,Sweet potato,Whole Year,4278.0,856.3,710618.58,1026.72,4.420208
2017,Manipur,Groundnut,Kharif,3340.0,1780.0,525849.6,1269.2,0.942222
2013,Kerala,Tapioca,Whole Year,67589.0,3255.4,9765934.61,18249.03,36.012143
2017,Arunachal Pradesh,Potato,Whole Year,6075.0,2745.5,956448.0,2308.5,6.7155
2003,Goa,Other Kharif pulses,Kharif,498.0,3011.6,49292.04,119.52,0.59
2002,Mizoram,Tapioca,Whole Year,232.0,2627.0,21963.44,58.0,7.0675
2001,Gujarat,Castor seed,Kharif,304700.0,666.5,31119011.0,79222.0,1.58
2008,Mizoram,other oilseeds,Kharif,2747.0,1912.1,392930.88,247.23,0.8175
2019,Odisha,Other  Rabi pulses,Rabi,77940.0,1593.9,13386974.4,28837.8,0.465909
2012,Meghalaya,Jute,Kharif,6380.0,2945.3,962104.0,1977.8,8.833333
2006,Meghalaya,Turmeric,Rabi,1912.0,2454.7,244181.52,420.64,6.125714
2003,Tamil Nadu,Other Kharif pulses,Kharif,105792.0,345.6,10471292.16,25390.08,0.239643
2000,Tamil Nadu,Coriander,Whole Year,19170.0,971.1,1881918.9,4984.2,0.2365
2010,Karnataka,Other Kharif pulses,Kharif,81180.0,1317.7,13484809.8,19483.2,0.755926
2008,Karnataka,Safflower,Rabi,73376.0,1164.1,10495703.04,6603.84,0.772857
2003,West Bengal,Cotton(lint),Kharif,1429.0,1526.7,141442.42,342.96,2.55
2005,Andhra Pradesh,Rapeseed &Mustard,Rabi,5660.0,1075.5,678747.2,1188.6,0.2825
2018,Kerala,Arhar/Tur,Whole Year,266.0,2989.7,43145.2,93.1,1.65
2010,Puducherry,Cotton(lint),Summer,5.0,1434.6,830.55,1.2,1.0
2017,Jharkhand,Safflower,Rabi,2005.0,1165.7,315667.2,761.9,0.537692
2019,Uttarakhand,Peas & beans (Pulses),Rabi,5903.0,1378.9,1013899.28,2184.11,0.640769
2014,Jammu and Kashmir,Dry chillies,Kharif,623.0,1278.4,94048.08,205.59,0.67125
2010,West Bengal,Coconut,Whole Year,28933.0,1096.0,4806060.63,6943.92,12327.335
2000,Maharashtra,Onion,Rabi,137237.99,2040.0,18299.26,274.42,15.582541
2020,Uttarakhand,Arhar/Tur,Kharif,3327.0,1313.9,644140.47,1230.99,0.87
2000,Nagaland,Small millets,Kharif,10000.0,1631.8,981700.0,2600.0,0.8925
2017,Bihar,Moong(Green Gram),Kharif,7437.0,1112.0,1170881.28,2826.06,1.009655
2005,Andhra Pradesh,Sunflower,Whole Year,444264.0,1075.5,53276138.88,93295.44,0.931364
2010,Mizoram,Rapeseed &Mustard,Rabi,378.0,2738.7,62789.58,90.72,0.9525
2004,Meghalaya,Sweet potato,Kharif,4974.0,4767.9,538883.16,1044.54,3.352857
2006,Punjab,Cotton(lint),Kharif,604000.0,569.6,77136840.0,132880.0,4.236
2010,Chhattisgarh,Linseed,Rabi,37599.0,1283.1,6245569.89,9023.76,0.255
2018,Chhattisgarh,Sunflower,Whole Year,847.0,1515.5,137383.4,296.45,0.099286
2002,Karnataka,Tapioca,Whole Year,1078.0,860.8,102054.26,269.5,9.604286
2007,Manipur,Ginger,Kharif,3030.0,1435.7,404202.0,484.8,1.747143
2018,Tamil Nadu,Coconut,Whole Year,439745.0,986.2,71326639.0,153910.75,11263.83
2000,Goa,Coconut,Whole Year,25025.0,3886.9,2456704.25,6506.5,4999.8
2019,Madhya Pradesh,Jowar,Kharif,107875.0,1446.7,18528610.0,39913.75,1.343
2018,Himachal Pradesh,Coriander,Rabi,128.0,1052.2,20761.6,44.8,0.33
2014,Arunachal Pradesh,Sugarcane,Whole Year,1790.0,2403.2,270218.4,590.7,20.191111
2011,Meghalaya,Rice,Autumn,32605.0,4083.1,5461989.6,10759.65,1.511429
2019,Uttar Pradesh,Gram,Rabi,620776.0,814.5,106624485.8,229687.12,1.258
2018,Rajasthan,Mustard,Rabi,1284569.16,205.9,195565.28,2223.92,1.570016
2002,Goa,Black pepper,Whole Year,583.0,2516.3,55192.61,145.75,0.18
2017,Uttar Pradesh,Urad,Kharif,565472.0,652.1,89027911.68,214879.36,0.603014
2006,Punjab,Peas & beans (Pulses),Rabi,3100.0,569.6,395901.0,682.0,1.059091
2011,Gujarat,Other Kharif pulses,Kharif,34200.0,890.5,5729184.0,11286.0,0.451579
2005,Jammu and Kashmir,Bajra,Kharif,13008.0,1721.8,1559919.36,2731.68,0.5675
2001,Andhra Pradesh,Sweet potato,Whole Year,1945.0,928.4,198642.85,505.7,14.057647
2020,Karnataka,Groundnut,Kharif,859900.85,2717.8,150065.56,10517.84,2.068274
2010,Meghalaya,Arhar/Tur,Kharif,779.0,3119.7,129399.69,186.96,0.79
2013,Meghalaya,Dry chillies,Whole Year,2193.0,2448.4,316866.57,592.11,1.020909
2000,Gujarat,Castor seed,Kharif,458600.0,379.7,45020762.0,119236.0,1.242353
2017,Andhra Pradesh,Coriander,Rabi,2584.0,868.2,406824.96,981.92,0.63875
2018,Andhra Pradesh,Ragi,Kharif,23993.0,1220.5,3891664.6,8397.55,1.305556
2002,Andhra Pradesh,Rapeseed &Mustard,Rabi,3369.0,648.1,318943.23,842.25,0.302857
2010,Meghalaya,Arecanut,Whole Year,14611.0,3119.7,2427033.21,3506.64,1.202857
2008,Tamil Nadu,Groundnut,Whole Year,489844.0,1201.9,70067285.76,44085.96,2.373667
2010,Haryana,Rapeseed &Mustard,Rabi,509709.0,639.2,84667761.99,122330.16,2.010952
2002,Uttar Pradesh,Wheat,Rabi,9162749.0,664.0,867437447.8,2290687.25,2.558551
2008,Assam,Onion,Whole Year,6963.0,2109.9,995987.52,626.67,2.381481
2010,Nagaland,Sunflower,Kharif,200.0,1771.8,33222.0,48.0,0.736667
2012,Madhya Pradesh,Soyabean,Kharif,6172638.0,1049.5,930833810.4,1913517.78,1.189592
2006,Sikkim,Soyabean,Kharif,3230.0,2270.2,412503.3,710.6,1.0
2007,Gujarat,Onion,Whole Year,65400.0,1021.6,8724360.0,10464.0,28.881905
2000,Punjab,Linseed,Rabi,600.0,405.3,58902.0,156.0,1.0
2007,Chhattisgarh,Barley,Rabi,3433.0,1246.2,457962.2,549.28,1.072857
2020,Uttarakhand,Soyabean,Kharif,7246.0,1313.9,1402898.06,2681.02,1.214167
2015,Karnataka,Coriander,Whole Year,4494.0,1024.9,709647.54,1483.02,0.388636
2014,Tripura,Other Kharif pulses,Kharif,1300.0,2015.7,196248.0,429.0,0.60875
2016,Gujarat,Wheat,Rabi,999370.0,710.5,153153452.5,349779.5,2.742812
2008,Puducherry,Turmeric,Rabi,3.0,1434.6,429.12,0.27,1.67
2013,Uttar Pradesh,Sugarcane,Kharif,2228080.0,995.2,321935279.2,601581.6,59.1904
2018,Gujarat,Jowar,Kharif,39119.0,1125.4,6345101.8,13691.65,1.292381
2019,Delhi,Barley,Kharif,60.0,546.9,10305.6,22.2,3.0
2017,Meghalaya,Ginger,Kharif,9944.0,4472.3,1565583.36,3778.72,9.665455
2007,Tamil Nadu,Horse-gram,Whole Year,48448.0,1067.2,6462963.2,7751.68,0.4488
2018,Tamil Nadu,Groundnut,Kharif,196543.0,986.2,31879274.6,68790.05,2.235714
2018,Bihar,Sugarcane,Whole Year,225567.0,1521.4,36586967.4,78948.45,65.487813
2005,Gujarat,Arhar/Tur,Kharif,263700.0,942.4,31622904.0,55377.0,1.044348
2005,Bihar,Barley,Rabi,16001.0,907.8,1918839.92,3360.21,0.989474
2003,Uttar Pradesh,Moong(Green Gram),Kharif,35227.0,1075.6,3486768.46,8454.48,0.294062
2019,Uttarakhand,Other  Rabi pulses,Rabi,51.0,1378.9,8759.76,18.87,0.853333
2008,Madhya Pradesh,Banana,Whole Year,7847.0,895.0,1122434.88,706.23,33.199231
2015,Madhya Pradesh,Banana,Whole Year,22631.6,1000.7,3573755.96,7468.43,44.465217
2013,Assam,Linseed,Rabi,5986.0,1797.7,864917.14,1616.22,0.631304
2020,Kerala,Tapioca,Whole Year,17394.05,4853.5,2117.41,45.04,35.768362
2006,West Bengal,Linseed,Rabi,5046.0,1631.4,644424.66,1110.12,0.240769
2010,Nagaland,Tapioca,Kharif,1650.0,1771.8,274081.5,396.0,23.524545
2000,Andhra Pradesh,Wheat,Rabi,14261.0,935.6,1400002.37,3707.86,0.581818
2012,Madhya Pradesh,Sweet potato,Whole Year,4647.0,1049.5,700767.6,1440.57,5.939778
2009,Karnataka,Small millets,Kharif,26682.0,1321.0,4157589.24,4535.94,0.4905
2006,Karnataka,Urad,Kharif,134069.0,1146.3,17121951.99,29495.18,0.164286
2002,Delhi,Bajra,Kharif,1552.0,593.6,146927.84,388.0,1.81
2012,Karnataka,Linseed,Rabi,6882.0,956.2,1037805.6,2133.42,0.207143
2013,Karnataka,Dry chillies,Kharif,75691.0,1235.6,10936592.59,20436.57,1.30931
2013,Uttar Pradesh,Rice,Kharif,5955306.0,995.2,860482163.9,1607932.62,2.396133
2018,Assam,Dry chillies,Whole Year,19847.0,2372.9,3219183.4,6946.45,0.877037
2013,Jammu and Kashmir,Rapeseed &Mustard,Rabi,59947.0,1193.8,8661742.03,16185.69,0.8835
2006,Karnataka,Black pepper,Whole Year,13726.0,1146.3,1752947.46,3019.72,2.216
2006,Andhra Pradesh,Maize,Kharif,535709.0,845.2,68415396.39,117855.98,2.942727
2013,Assam,Castor seed,Kharif,877.0,1797.7,126717.73,236.79,0.623913
2007,West Bengal,Moong(Green Gram),Kharif,536.0,2007.5,71502.4,85.76,0.58
2019,Tamil Nadu,Coconut,Whole Year,438935.0,910.1,75391475.6,162405.95,8795.260556
2009,Uttar Pradesh,Onion,Rabi,10494.0,585.8,1635175.08,1783.98,16.933239
2010,Karnataka,Linseed,Rabi,11358.0,1317.7,1886677.38,2725.92,0.335385
2013,Chhattisgarh,Dry chillies,Whole Year,6410.0,1418.3,926180.9,1730.7,0.723704
2001,Karnataka,Coriander,Whole Year,11307.0,1002.9,1154783.91,2939.82,0.116818
2003,Madhya Pradesh,Mesta,Kharif,4700.0,1163.0,465206.0,1128.0,2.075
2010,Puducherry,Dry chillies,Kharif,1.0,1434.6,166.11,0.24,1.0
2006,Kerala,Black pepper,Whole Year,216709.0,3429.7,27675906.39,47675.98,0.217857
2015,Karnataka,Wheat,Rabi,173856.0,1024.9,27453600.96,57372.48,0.854286
2006,Madhya Pradesh,Masoor,Rabi,538670.0,1072.3,68793545.7,118507.4,0.449362
2006,Tamil Nadu,Urad,Whole Year,251014.0,927.9,32056997.94,55223.08,0.6425
2015,Karnataka,Tapioca,Whole Year,1277.0,1024.9,201651.07,421.41,7.701818
2003,Karnataka,Tapioca,Whole Year,1058.0,867.6,104720.84,253.92,9.595714
2016,Assam,Arecanut,Rabi,66800.0,2296.8,10237100.0,23380.0,0.77037
2014,Madhya Pradesh,Mustard,Rabi,366337.49,791.4,71092.28,1607.14,1.462241
2012,Madhya Pradesh,Bajra,Kharif,193037.0,1049.5,29109979.6,59841.47,1.560345
2000,Maharashtra,Rice,Kharif,1486400.0,1057.8,145919888.0,386464.0,0.986562
2019,Andhra Pradesh,Tobacco,Kharif,36504.0,899.2,6269927.04,13506.48,8.732353
2018,Punjab,Arhar/Tur,Kharif,2300.0,585.5,373060.0,805.0,1.04125
2011,Tripura,Wheat,Rabi,274.0,2295.6,45900.48,90.42,1.9375
2008,Andhra Pradesh,Tapioca,Whole Year,16765.0,944.6,2398065.6,1508.85,9.871429
2016,West Bengal,Tobacco,Whole Year,15680.0,1795.8,2402960.0,5488.0,1.294
2012,Madhya Pradesh,Horse-gram,Kharif,15576.0,1049.5,2348860.8,4828.56,0.365455
2012,Himachal Pradesh,Arhar/Tur,Kharif,21.0,1035.0,3166.8,6.51,0.31
2009,Maharashtra,Wheat,Rabi,1080900.0,1002.4,168425838.0,183753.0,1.53
2002,Punjab,Barley,Rabi,26000.0,301.8,2461420.0,6500.0,3.199
2013,Andhra Pradesh,Rice,Kharif,1705555.0,1062.3,246435642.0,460499.85,2.715385
2018,Uttar Pradesh,Sugarcane,Kharif,2223805.0,792.8,360701171.0,778331.75,68.777867
2010,Manipur,Urad,Kharif,1500.0,2160.5,249165.0,360.0,1.21
2012,Uttar Pradesh,Moong(Green Gram),Kharif,39751.0,746.3,5994450.8,12322.81,0.554643
2011,Himachal Pradesh,Groundnut,Kharif,114.0,1108.3,19097.28,37.62,0.88
2014,West Bengal,Sugarcane,Whole Year,17728.0,1483.5,2676218.88,5850.24,105.06875
2018,Madhya Pradesh,Maize,Kharif,1256645.0,1102.2,203827819.0,439825.75,2.330588
2017,Haryana,Turmeric,Whole Year,829.0,417.1,130517.76,315.02,12.501
2013,Maharashtra,Banana,Whole Year,88171.0,883.9,18837.57,1090.32,28.392019
2014,Andhra Pradesh,Potato,Kharif,351.0,687.6,52986.96,115.83,17.6225
2006,Jammu and Kashmir,Moth,Kharif,2396.0,1786.5,305993.16,527.12,0.655
2011,Bihar,Sugarcane,Whole Year,779704.19,1498.2,135387.41,2773.92,72.374227
2017,Bihar,Sunflower,Rabi,9363.0,1112.0,1474110.72,3557.94,1.377368
2014,Madhya Pradesh,Sugarcane,Whole Year,102000.0,891.2,15397920.0,33660.0,32.155938
2018,Telangana,Moong(Green Gram),Kharif,65643.0,1350.3,10647294.6,22975.05,0.618
2003,Mizoram,Tapioca,Whole Year,139.0,2499.5,13758.22,33.36,7.7075
2005,Haryana,Rice,Kharif,1046588.0,516.9,125506833.0,219783.48,2.940526
2005,Mizoram,Maize,Kharif,10810.0,2075.4,1296335.2,2270.1,1.99875
2002,Bihar,Gram,Rabi,71361.0,1105.8,6755745.87,17840.25,0.883636
2006,Maharashtra,Linseed,Rabi,67800.0,1439.4,8658738.0,14916.0,0.344444
2018,Andhra Pradesh,Sesamum,Kharif,16598.0,1220.5,2692195.6,5809.3,0.234167
2005,Uttarakhand,Urad,Kharif,10688.0,1353.3,1281704.96,2244.48,0.550769
2009,Chhattisgarh,Turmeric,Whole Year,906.0,956.9,141172.92,154.02,0.757333
2019,Maharashtra,Banana,Whole Year,74806.18,822.5,18617.02,318.95,33.632465
2015,Sikkim,Wheat,Rabi,323.0,2949.1,51004.93,106.59,1.0375
2014,Meghalaya,Castor seed,Kharif,67.0,3484.4,10114.32,22.11,0.968
2019,Tripura,Rapeseed &Mustard,Rabi,7895.0,2252.8,1356045.2,2921.15,0.84875
2015,Himachal Pradesh,Small millets,Kharif,4098.0,1223.2,647115.18,1352.34,0.772857
2009,Delhi,Bajra,Kharif,1586.0,528.4,247130.52,269.62,1.88
2017,Manipur,Urad,Kharif,1439.0,1780.0,226556.16,546.82,1.123333
2008,Manipur,Other  Rabi pulses,Rabi,4805.0,1134.8,687307.2,432.45,0.83
2012,Puducherry,Other Kharif pulses,Rabi,13.0,1098.3,1960.4,4.03,1.23
2001,Uttarakhand,Tobacco,Whole Year,126.0,1541.3,12868.38,32.76,7.226667
2011,Meghalaya,Turmeric,Whole Year,2000.0,4083.1,335040.0,660.0,5.21
2012,Mizoram,Rapeseed &Mustard,Rabi,290.0,2050.2,43732.0,89.9,0.67
2000,Chhattisgarh,Maize,Kharif,93364.0,896.4,9165543.88,24274.64,1.168125
2009,Tamil Nadu,Small millets,Kharif,33141.0,928.5,5164030.62,5633.97,0.932174
2006,Tamil Nadu,Moong(Green Gram),Whole Year,134071.0,927.9,17122207.41,29495.62,0.588214
2006,Uttar Pradesh,Maize,Kharif,842052.0,590.5,107538460.9,185251.44,1.307826
2008,Tamil Nadu,Tobacco,Whole Year,5379.0,1201.9,769412.16,484.11,1.593333
2001,Nagaland,Barley,Rabi,4000.0,1532.0,408520.0,1040.0,2.00875
2005,Gujarat,Onion,Whole Year,73300.0,942.4,8790136.0,15393.0,29.175
2014,Himachal Pradesh,Linseed,Rabi,680.0,1019.9,102652.8,224.4,0.235
2020,Maharashtra,Turmeric,Kharif,55052.39,669.0,13134.82,657.01,5.962806
2005,Himachal Pradesh,Arhar/Tur,Kharif,43.0,1248.1,5156.56,9.03,0.3675
2007,Bihar,Sugarcane,Whole Year,107039.0,1600.2,14279002.6,17126.24,33.244687
2000,Nagaland,Barley,Rabi,1000.0,1631.8,98170.0,260.0,1.49875
2010,Andhra Pradesh,Wheat,Rabi,10085.0,1297.0,1675219.35,2420.4,1.311818
2010,Haryana,Barley,Rabi,37269.0,639.2,6190753.59,8944.56,2.005238
2002,Tamil Nadu,Bajra,Kharif,102020.0,315.9,9658233.4,25505.0,1.041667
2006,Uttar Pradesh,Cotton(lint),Kharif,5174.0,590.5,660771.54,1138.28,0.197857
2017,Himachal Pradesh,Peas & beans (Pulses),Rabi,2353.0,1182.2,370456.32,894.14,2.057273
2019,Odisha,Turmeric,Kharif,30000.0,1593.9,5152800.0,11100.0,2.274483
2004,Bihar,Moong(Green Gram),Kharif,7323.0,1147.8,793373.82,1537.83,0.470556
2009,Uttar Pradesh,Sunflower,Summer,7093.0,585.8,1105231.26,1205.81,2.1215
2012,Karnataka,Arecanut,Whole Year,221337.0,956.2,33377619.6,68614.47,8.184
2019,Assam,Sweet potato,Whole Year,4926.0,2084.7,846089.76,1822.62,5.578519
2003,Uttarakhand,Urad,Kharif,10774.0,1734.3,1066410.52,2585.76,0.37
2015,Telangana,Small millets,Kharif,1246.0,747.9,196755.86,411.18,0.8
2003,Kerala,Arecanut,Whole Year,102504.0,2386.0,10145845.92,24600.96,0.86
2016,Chhattisgarh,Turmeric,Whole Year,1875.0,1298.9,287343.75,656.25,1.0145
2001,Andhra Pradesh,Linseed,Rabi,5872.0,928.4,599707.36,1526.72,0.218333
2002,Jharkhand,Onion,Rabi,207526.18,1100.7,31437.58,1762.55,15.534297
2003,Odisha,Other  Rabi pulses,Rabi,35250.0,1648.2,3489045.0,8460.0,0.582593
2008,Madhya Pradesh,Potato,Whole Year,56301.0,895.0,8053295.04,5067.09,11.0325
2015,Tamil Nadu,Rapeseed &Mustard,Rabi,351.0,1201.9,55426.41,115.83,0.186
2018,Uttar Pradesh,Ginger,Kharif,904.0,792.8,146628.8,316.4,4.7475
2002,Chhattisgarh,Groundnut,Kharif,34349.0,1001.4,3251819.83,8587.25,1.196875
2019,Andhra Pradesh,other oilseeds,Kharif,97782.0,899.2,16795036.32,36179.34,16.128182
2015,Odisha,Groundnut,Autumn,16983.0,1210.1,2681785.53,5604.39,0.985
2003,Maharashtra,Ragi,Kharif,146900.0,1037.4,14540162.0,35256.0,1.2225
2015,Puducherry,Cotton(lint),Kharif,118.0,1980.6,18633.38,38.94,1.795
2013,Goa,Coconut,Whole Year,25750.0,3642.6,3720617.5,6952.5,4972.855
2010,Karnataka,Safflower,Rabi,55038.0,1317.7,9142362.18,13209.12,0.777333
2012,Maharashtra,Other Kharif pulses,Kharif,65300.0,1003.4,9847240.0,20243.0,0.35
2004,Odisha,Niger seed,Rabi,123617.0,1290.4,13392665.78,25959.57,0.31
2007,Andhra Pradesh,Wheat,Rabi,8000.0,1004.2,1067200.0,1280.0,1.0
2009,Andhra Pradesh,Niger seed,Kharif,7663.0,711.0,1194048.66,1302.71,0.376667
2018,West Bengal,Mustard,Rabi,993737.45,1276.6,293217.85,10141.99,1.505187
2006,West Bengal,Moong(Green Gram),Kharif,874.0,1631.4,111618.54,192.28,0.4475
2001,Meghalaya,Mesta,Kharif,4550.0,4241.0,464691.5,1183.0,4.96
2015,Gujarat,Moth,Kharif,18716.0,584.3,2955443.56,6176.28,0.497
2011,West Bengal,Urad,Kharif,44606.0,1686.5,7472397.12,14719.98,0.464118
2010,Himachal Pradesh,Barley,Rabi,21233.0,1319.8,3527013.63,5095.92,1.195455
2016,Goa,Groundnut,Kharif,336.0,3266.9,51492.0,117.6,2.56
2009,Maharashtra,Sunflower,Kharif,74000.0,1002.4,11530680.0,12580.0,0.4205
2009,West Bengal,Moong(Green Gram),Kharif,2055.0,1317.2,320210.1,349.35,0.652222
2015,Uttarakhand,Ragi,Kharif,105450.0,1247.6,16651609.5,34798.5,1.501818
2018,Telangana,Sunflower,Kharif,124.0,1350.3,20112.8,43.4,1.98
2011,Kerala,Black pepper,Whole Year,85335.38,3035.1,14295382.86,28160.68,0.369286
2008,Meghalaya,Gram,Rabi,530.0,3114.3,75811.2,47.7,0.616667
2010,Chhattisgarh,Barley,Rabi,2253.0,1283.1,374245.83,540.72,0.581429
2000,Tamil Nadu,Tapioca,Whole Year,109681.0,971.1,10767383.77,28517.06,36.006
2000,Odisha,Bajra,Kharif,4120.0,1066.0,404460.4,1071.2,0.564
2020,West Bengal,Mustard,Rabi,765777.41,1193.1,213524.86,5229.07,1.763155
2018,Andhra Pradesh,Cashewnut,Kharif,112612.0,1220.5,18265666.4,39414.2,1.2075
2015,Himachal Pradesh,Barley,Rabi,19160.0,1223.2,3025555.6,6322.8,1.665455
2003,Odisha,Linseed,Rabi,18240.0,1648.2,1805395.2,4377.6,0.33
2017,Nagaland,Jute,Kharif,3080.0,1722.1,484915.2,1170.4,1.9025
2009,Jammu and Kashmir,Onion,Kharif,249.0,751.7,38799.18,42.33,1.027143
2001,Nagaland,Maize,Kharif,45000.0,1532.0,4595850.0,11700.0,2.025
2017,Arunachal Pradesh,Small millets,Kharif,26765.0,2745.5,4213881.6,10170.7,0.9945
2004,Kerala,Tapioca,Whole Year,88486.0,2880.2,9586573.24,18582.06,28.105714
2016,Mizoram,Rice,Autumn,19602.0,2626.8,3004006.5,6860.7,1.21125
2003,West Bengal,Mesta,Kharif,9715.0,1526.7,961590.7,2331.6,11.304615
2015,Tamil Nadu,Tapioca,Whole Year,86236.0,1201.9,13617526.76,28457.88,30.105484
2019,Puducherry,Sugarcane,Kharif,1308.0,1317.0,224662.08,483.96,140.0
2013,Chhattisgarh,Sunflower,Kharif,3031.0,1418.3,437949.19,818.37,0.138333
2014,Rajasthan,Jowar,Kharif,317022.13,254.1,74592.72,2700.96,1.396227
2007,Himachal Pradesh,Rapeseed &Mustard,Rabi,8758.0,1095.4,1168317.2,1401.28,0.479
2005,Tamil Nadu,Turmeric,Whole Year,25970.0,1364.1,3114322.4,5453.7,5.547037
2006,Bihar,Sugarcane,Whole Year,770304.32,1134.9,175937.57,5530.54,70.600003
2003,Manipur,Peas & beans (Pulses),Kharif,3980.0,687.7,393940.4,955.2,0.52
2015,Kerala,Tapioca,Whole Year,69404.71,2602.9,10959697.76,22903.55,38.138571
2010,Madhya Pradesh,Jowar,Kharif,413677.0,856.3,68715886.47,99282.48,1.5472
2017,Telangana,Rice,Kharif,1046987.0,815.7,164837633.3,397855.06,2.672333
2015,Madhya Pradesh,Castor seed,Kharif,4000.0,1000.7,631640.0,1320.0,0.5
2006,Chhattisgarh,Mesta,Kharif,1256.0,1317.2,160403.76,276.32,1.834615
2012,Andhra Pradesh,Tapioca,Kharif,11619.0,968.7,1752145.2,3601.89,18.414
2012,Jharkhand,Wheat,Rabi,69336.0,1102.0,10455868.8,21494.16,1.663333
2004,Meghalaya,Potato,Whole Year,17287.0,4767.9,1872873.58,3630.27,7.178571
2009,Puducherry,Rice,Kharif,4650.0,1434.6,724563.0,790.5,2.893333
2004,Bihar,Linseed,Rabi,27560.0,1147.8,2985850.4,5787.6,0.848421
2012,Uttarakhand,Other  Rabi pulses,Rabi,3.0,1309.8,452.4,0.93,0.25
2002,Madhya Pradesh,Other Kharif pulses,Kharif,651323.0,800.8,61660748.41,162830.75,0.274
2002,Meghalaya,Mesta,Kharif,4513.0,4355.3,427245.71,1128.25,4.706667
2019,Karnataka,Other Kharif pulses,Kharif,37740.0,1422.3,6482222.4,13963.8,0.788333
2012,Haryana,Masoor,Rabi,2620.0,307.9,395096.0,812.2,0.944167
2008,Puducherry,Arecanut,Kharif,61.0,1434.6,8725.44,5.49,1.3
2013,Telangana,Potato,Whole Year,3512.0,1348.7,507448.88,948.24,14.71
2017,Himachal Pradesh,Sesamum,Kharif,127.0,1182.2,19994.88,48.26,0.447778
2010,Nagaland,Soyabean,Kharif,24350.0,1771.8,4044778.5,5844.0,1.229091
2011,West Bengal,Sunflower,Kharif,6812.0,1686.5,1141146.24,2247.96,1.256875
2000,Puducherry,Urad,Kharif,3392.0,1434.6,332992.64,881.92,0.706667
2015,Madhya Pradesh,Potato,Whole Year,135292.29,1000.7,21364005.51,44646.46,20.1022
2007,Maharashtra,Sunflower,Kharif,111500.0,1257.2,14874100.0,17840.0,0.681304
2013,Maharashtra,Grapes,Whole Year,33713.76,898.5,9057.13,128.86,23.968997
2008,Haryana,Castor seed,Kharif,1823.0,715.6,260761.92,164.07,0.8775
2017,West Bengal,Niger seed,Kharif,3230.0,1830.0,508531.2,1227.4,0.644286
2018,Karnataka,Turmeric,Whole Year,26579.0,1419.1,4311113.8,9302.65,5.617143
2002,Sikkim,Urad,Kharif,3780.0,2496.2,357852.6,945.0,0.6425
2011,West Bengal,Other  Rabi pulses,Rabi,295.0,1686.5,49418.4,97.35,0.433333
2016,Chhattisgarh,Urad,Kharif,90063.0,1298.9,13802154.75,31522.05,0.342593
2017,Uttarakhand,Masoor,Rabi,9500.0,1475.8,1495680.0,3610.0,0.657692
2004,Bihar,Dry chillies,Whole Year,3126.0,1147.8,338670.84,656.46,0.71875
2001,Mizoram,Sugarcane,Whole Year,1379.0,2406.4,140837.27,358.54,8.115
2003,Jharkhand,Masoor,Rabi,6993.61,1258.3,692227.52,1678.47,1.175
2014,Manipur,Maize,Kharif,19590.0,987.5,2957306.4,6464.7,2.234444
2013,Gujarat,Castor seed,Kharif,630218.0,1006.5,91060198.82,170158.86,2.191739
2009,West Bengal,Other Kharif pulses,Kharif,591.0,1317.2,92089.62,100.47,0.42
2003,Odisha,Groundnut,Kharif,77176.0,1648.2,7638880.48,18522.24,1.084
2008,Tamil Nadu,Bajra,Whole Year,56672.0,1201.9,8106362.88,5100.48,2.5968
2008,Jammu and Kashmir,Barley,Rabi,9747.0,1390.1,1394210.88,877.23,0.585
2010,Jammu and Kashmir,Turmeric,Kharif,9.0,1352.0,1494.99,2.16,1.036667
2009,Punjab,Cotton(lint),Kharif,511000.0,371.3,79624020.0,86870.0,4.052727
2007,Andhra Pradesh,Turmeric,Kharif,12337.3,1101.2,2946.3,67.66,4.744605
2019,Andhra Pradesh,Ragi,Kharif,25660.0,899.2,4407361.6,9494.2,1.315
2014,Sikkim,Urad,Kharif,3230.0,2627.0,487600.8,1065.9,0.92
2001,Kerala,Cashewnut,Whole Year,89718.0,2946.7,9162899.34,23326.68,0.525
2020,Gujarat,Groundnut,Kharif,835279.95,603.0,192547.18,10453.01,1.697832
2009,Tamil Nadu,Rice,Kharif,1845553.0,928.5,287574068.5,313744.01,3.539677
2018,West Bengal,Sugarcane,Whole Year,18805.0,2012.6,3050171.0,6581.75,84.535
2009,Kerala,Rice,Autumn,77249.0,2821.5,12036939.18,13132.33,2.303077
2003,Meghalaya,Arecanut,Whole Year,11189.0,3321.3,1107487.22,2685.36,1.194286
2000,Uttarakhand,Ragi,Kharif,127733.0,1413.4,12539548.61,33210.58,1.335455
2006,Meghalaya,Gram,Rabi,536.0,2454.7,68452.56,117.92,0.6
2006,Kerala,Arecanut,Whole Year,102078.0,3429.7,13036381.38,22457.16,0.933571
2010,Chhattisgarh,Cotton(lint),Kharif,12.0,1283.1,1993.32,2.88,1.655
2012,Gujarat,Soyabean,Kharif,46500.0,460.6,7012200.0,14415.0,0.731429
2013,Puducherry,Other Kharif pulses,Rabi,3.0,1083.2,433.47,0.81,1.0
2006,Puducherry,Onion,Rabi,1.0,1434.6,127.71,0.22,4.0
2014,West Bengal,Wheat,Rabi,334640.0,1483.5,50517254.4,110431.2,2.615
2013,Chhattisgarh,Sannhamp,Kharif,1469.0,1418.3,212255.81,396.63,0.312273
2005,Kerala,Cotton(lint),Kharif,2655.0,3030.9,318387.6,557.55,1.3
2006,Karnataka,Gram,Kharif,134069.0,1146.3,17121951.99,29495.18,0.164286
2004,Sikkim,Maize,Kharif,36700.0,1650.5,3976078.0,7707.0,1.635
2007,Uttar Pradesh,Rice,Kharif,5690539.0,672.9,759117902.6,910486.24,1.962
2018,Tamil Nadu,Bajra,Kharif,31109.0,986.2,5045879.8,10888.15,2.8308
2006,Tamil Nadu,Jowar,Whole Year,294376.0,927.9,37594758.96,64762.72,1.212917
2001,Odisha,Wheat,Rabi,6976.0,1672.5,712458.88,1813.76,1.1288
2013,Jharkhand,Gram,Rabi,38021.0,1253.6,5493654.29,10265.67,0.990417
2001,Himachal Pradesh,Urad,Kharif,13268.0,918.1,1355060.84,3449.68,0.476364
2008,Karnataka,Soyabean,Kharif,134183.0,1164.1,19193536.32,12076.47,0.746364
2010,Maharashtra,Niger seed,Kharif,34700.0,1389.0,5764017.0,8328.0,0.244737
2018,Bihar,Mango,Whole Year,67598.25,1044.9,19605.97,904.62,7.222417
2007,Madhya Pradesh,Small millets,Whole Year,2912.0,740.4,388460.8,465.92,0.194286
2002,Andhra Pradesh,Small millets,Kharif,46256.0,648.1,4379055.52,11564.0,0.461538
2011,Arunachal Pradesh,Potato,Whole Year,4600.0,2193.7,770592.0,1518.0,7.655
2005,Assam,Coconut,Whole Year,19057.0,2184.6,2285315.44,4001.97,8486.539565
2001,West Bengal,Wheat,Rabi,434004.0,1556.6,44324828.52,112841.04,2.109444
2014,Andhra Pradesh,Other  Rabi pulses,Rabi,10376.0,687.6,1566360.96,3424.08,1.1525
2020,Uttarakhand,Maize,Kharif,19697.0,1313.9,3813536.17,7287.89,1.973077
2010,West Bengal,Wheat,Rabi,316808.0,1096.0,52624976.88,76033.92,2.496667
2004,Maharashtra,Bajra,Kharif,1528900.0,1052.0,165641026.0,321069.0,0.622273
2017,Tripura,Other  Rabi pulses,Rabi,393.0,3326.8,61873.92,149.34,0.954286
2000,Odisha,Cotton(lint),Kharif,39160.0,1066.0,3844337.2,10181.6,1.654
2019,Tripura,Other  Rabi pulses,Rabi,872.0,2252.8,149774.72,322.64,0.925
2009,Himachal Pradesh,Ginger,Kharif,2488.0,969.9,387680.16,422.96,3.883
2001,Tripura,Moong(Green Gram),Whole Year,5260.0,2284.4,537203.8,1367.6,0.7325
2003,Telangana,Jowar,Kharif,1138306.4,701.9,179881.62,5994.59,1.01405
2018,Assam,Rapeseed &Mustard,Rabi,285736.0,2372.9,46346379.2,100007.6,0.64
2005,Uttarakhand,Arhar/Tur,Kharif,1612.0,1353.3,193311.04,338.52,0.59
2000,Karnataka,Potato,Whole Year,38298.0,1213.3,3759714.66,9957.48,11.709333
2018,Arunachal Pradesh,Potato,Whole Year,6175.0,2992.9,1001585.0,2161.25,6.735909
2019,Uttar Pradesh,Rice,Kharif,5898690.0,814.5,1013158994.0,2182515.3,2.823467
2007,Madhya Pradesh,Jowar,Kharif,531456.0,740.4,70896230.4,85032.96,1.122083
2007,Gujarat,Rapeseed &Mustard,Rabi,337000.0,1021.6,44955800.0,53920.0,1.615909
2012,Manipur,Other  Rabi pulses,Rabi,6100.0,1176.7,919880.0,1891.0,0.876667
2004,West Bengal,Cardamom,Whole Year,2.87,1612.9,311.37,0.6,0.24
2012,Karnataka,Sesamum,Kharif,41001.0,956.2,6182950.8,12710.31,0.3072
2012,Uttarakhand,Small millets,Kharif,65057.0,1309.8,9810595.6,20167.67,1.164545
2015,Odisha,Urad,Autumn,20281.0,1210.1,3202572.71,6692.73,0.282143
2019,Kerala,Jowar,Whole Year,285.0,3119.2,48951.6,105.45,0.82
2010,Nagaland,Ragi,Kharif,300.0,1771.8,49833.0,72.0,0.955714
2016,Chhattisgarh,Other Kharif pulses,Kharif,4866.0,1298.9,745714.5,1703.1,0.335217
2010,West Bengal,Other Kharif pulses,Kharif,837.0,1096.0,139034.07,200.88,0.546667
2020,Himachal Pradesh,Rice,Kharif,1174256.14,1428.8,166138.96,10535.56,3.718212
2005,Puducherry,Ragi,Kharif,56.0,1434.6,6715.52,11.76,1.8
2017,Tripura,Groundnut,Kharif,1121.0,3326.8,176490.24,425.98,1.165
2003,Assam,Tobacco,Whole Year,828.0,2213.7,81955.44,198.72,0.561304
2001,Puducherry,Cashewnut,Whole Year,191.0,1434.6,19506.83,49.66,1.063333
2019,West Bengal,Bajra,Kharif,68.0,1733.4,11679.68,25.16,0.4
2019,Punjab,Maize,Kharif,114600.0,653.2,19683696.0,42402.0,3.539444
2012,Meghalaya,Cashewnut,Whole Year,9047.0,2945.3,1364287.6,2804.57,1.53
2020,Chhattisgarh,Soyabean,Kharif,716644.17,1286.6,153268.27,6477.51,1.549925
2016,Arunachal Pradesh,Other Kharif pulses,Kharif,2450.0,2933.7,375462.5,857.5,0.8725
2000,Madhya Pradesh,Wheat,Rabi,3299120.0,723.3,323874610.4,857771.2,1.499333
2012,Telangana,Soyabean,Kharif,582758.52,783.7,93571.9,1541.75,1.467985
2003,Odisha,Urad,Kharif,135994.0,1648.2,13460686.12,32638.56,0.256333
2008,Puducherry,Coconut,Whole Year,2084.0,1434.6,298095.36,187.56,12012.7625
2019,Rajasthan,Maize,Kharif,473434.71,344.4,133540.7,1199.75,4.361455
2012,Gujarat,Bajra,Kharif,334400.0,460.6,50427520.0,103664.0,1.018947
2013,Tamil Nadu,Garlic,Whole Year,506.0,740.9,73111.94,136.62,4.194286
2012,Karnataka,Groundnut,Kharif,404646.0,956.2,61020616.8,125440.26,0.604643
2013,Madhya Pradesh,Onion,Whole Year,79260.0,1451.4,11452277.4,21400.2,17.254314
2000,Andhra Pradesh,Sugarcane,Whole Year,237150.0,935.6,23281015.5,61659.0,73.8955
2007,Tripura,Other Kharif pulses,Kharif,1389.0,2831.8,185292.6,222.24,0.66
2002,Maharashtra,Other Kharif pulses,Kharif,203900.0,967.4,19303213.0,50975.0,0.244848
2011,Karnataka,Ragi,Kharif,638473.0,1179.0,106956997.0,210696.09,1.47
2014,Maharashtra,Castor seed,Kharif,17300.0,1001.6,2611608.0,5709.0,0.188571
2012,Punjab,Urad,Kharif,2500.0,338.9,377000.0,775.0,0.486667
2011,Andhra Pradesh,Rice,Kharif,2873949.0,861.9,481443936.5,948403.17,2.909091
2009,Haryana,Sunflower,Rabi,6189.0,393.0,964369.98,1052.13,1.67
2011,Telangana,Rice,Kharif,1165823.12,937.3,151445.05,3258.13,3.306395
2016,Punjab,Mustard,Rabi,1322266.9,596.8,213320.22,4237.76,1.507178
2018,Haryana,Guar seed,Kharif,213957.0,533.2,34703825.4,74884.95,0.86
2004,Manipur,Peas & beans (Pulses),Kharif,5430.0,1613.3,588286.2,1140.3,0.508889
2002,Puducherry,Cashewnut,Whole Year,184.0,1434.6,17419.28,46.0,1.056667
2008,Andhra Pradesh,Mesta,Kharif,37163.0,944.6,5315795.52,3344.67,7.881667
2015,Goa,Cashewnut,Whole Year,56609.0,2587.1,8939127.19,18680.97,0.305
2003,Nagaland,Sunflower,Kharif,2500.0,1709.8,247450.0,600.0,2.05375
2012,Manipur,Maize,Kharif,12640.0,1176.7,1906112.0,3918.4,1.998889
2004,Chhattisgarh,Masoor,Rabi,18880.0,1122.8,2045459.2,3964.8,0.281333
2009,Bihar,Gram,Rabi,54703.0,889.3,8523821.46,9299.51,1.058333
2005,Himachal Pradesh,Soyabean,Kharif,580.0,1248.1,69553.6,121.8,1.45
2006,Karnataka,Banana,Whole Year,42646.0,1146.3,5446320.66,9382.12,19.958148
2004,Nagaland,Sunflower,Kharif,450.0,1711.5,48753.0,94.5,0.77
2001,Odisha,Ginger,Kharif,13040.0,1672.5,1331775.2,3390.4,1.808667
2019,Gujarat,Gram,Rabi,405046.0,1067.8,69570700.96,149867.02,1.489394
2014,Haryana,Groundnut,Kharif,3700.0,301.3,558552.0,1221.0,1.16
2015,Uttar Pradesh,Dry chillies,Kharif,13547.0,596.7,2139206.77,4470.51,0.766719
2007,Uttar Pradesh,Moong,Kharif,33964.64,1054.4,6798.67,219.3,0.519467
2007,Meghalaya,Mesta,Kharif,4395.0,4702.0,586293.0,703.2,4.596667
2004,Meghalaya,Banana,Whole Year,6276.0,4767.9,679941.84,1317.96,10.065714
2006,Nagaland,Rapeseed &Mustard,Rabi,27500.0,1362.5,3512025.0,6050.0,0.71375
2007,Uttar Pradesh,Sugarcane,Kharif,2178987.0,672.9,290676865.8,348637.92,49.749286
2006,Punjab,Potato,Rabi,197136.12,682.8,20782.95,704.67,24.199557
2013,Madhya Pradesh,Sannhamp,Kharif,3091.0,1451.4,446618.59,834.57,2.371795
2012,Nagaland,Maize,Kharif,63530.0,1296.6,9580324.0,19694.3,1.955455
2007,Tripura,Moong(Green Gram),Kharif,366.0,2831.8,48824.4,58.56,0.4975
2008,Andhra Pradesh,Urad,Kharif,69015.0,944.6,9871905.6,6211.35,0.460526
2015,Madhya Pradesh,Small millets,Kharif,130000.0,1000.7,20528300.0,42900.0,0.550526
2001,Madhya Pradesh,Tobacco,Whole Year,255.0,955.0,26043.15,66.3,0.498333
2005,Haryana,Sannhamp,Whole Year,440.0,516.9,52764.8,92.4,0.070909
2006,Haryana,Bajra,Kharif,618985.0,329.3,79050574.35,136176.7,1.8815
2017,Arunachal Pradesh,Rice,Kharif,132000.0,2745.5,20782080.0,50160.0,1.6915
2001,Bihar,Ragi,Kharif,19726.0,1247.0,2014616.38,5128.76,0.911429
2019,Chhattisgarh,Horse-gram,Kharif,25983.0,1420.3,4462840.08,9613.71,0.406957
2017,Punjab,Maize,Kharif,114000.0,497.5,17948160.0,43320.0,3.750833
2016,Bihar,Jute,Kharif,91380.0,1205.6,14003985.0,31983.0,16.25875
2006,Haryana,Groundnut,Kharif,1654.0,329.3,211232.34,363.88,0.521667
2008,Odisha,Moong(Green Gram),Autumn,22676.0,1539.0,3243575.04,2040.84,0.184286
2002,Mizoram,Arhar/Tur,Kharif,101.0,2627.0,9561.67,25.25,0.653333
2009,Sikkim,Maize,Kharif,39500.0,2176.6,6154890.0,6715.0,1.5875
2008,Punjab,Gram,Rabi,2900.0,691.3,414816.0,261.0,1.1375
2013,Assam,Arecanut,Rabi,68038.0,1797.7,9830810.62,18370.26,0.80037
2002,Bihar,Sesamum,Kharif,3785.0,1105.8,358325.95,946.25,0.676296
2016,Meghalaya,Turmeric,Whole Year,2632.0,3837.1,403354.0,921.2,5.911818
2013,Telangana,Bajra,Kharif,4281.0,1348.7,618561.69,1155.87,0.964
2010,Karnataka,Potato,Kharif,32843.0,1317.7,5455550.73,7882.32,8.056875
2014,Andhra Pradesh,Onion,Kharif,29445.0,687.6,4445017.2,9716.85,17.845455
2014,Maharashtra,Sugarcane,Whole Year,1029500.0,1001.6,155413320.0,339735.0,71.188571
2004,Kerala,Tobacco,Whole Year,40.0,2880.2,4333.6,8.4,5.58
2011,Uttar Pradesh,Groundnut,Kharif,92243.0,777.4,15452547.36,30440.19,1.040526
2013,Andhra Pradesh,Safflower,Rabi,215.0,1062.3,31065.35,58.05,0.63
2004,Tamil Nadu,Small millets,Kharif,50576.0,1034.0,5479403.84,10620.96,0.8724
2001,West Bengal,Maize,Kharif,33288.0,1556.6,3399703.44,8654.88,2.314286
2017,Gujarat,Castor seed,Kharif,585243.0,814.8,92140657.92,222392.34,2.466333
2002,Jharkhand,Rapeseed &Mustard,Rabi,4704.34,1041.2,445359.87,1176.08,0.781111
2004,Uttarakhand,Moong(Green Gram),Kharif,4.0,1219.6,433.36,0.84,0.166667
2003,Chhattisgarh,Barley,Rabi,4354.0,1643.7,430958.92,1044.96,0.895714
2005,Haryana,Sunflower,Rabi,14504.0,516.9,1739319.68,3045.84,1.334
2017,Maharashtra,Gram,Rabi,2234051.0,1129.5,351728989.4,848939.38,0.904375
2009,Tamil Nadu,Moong(Green Gram),Whole Year,138138.0,928.5,21524663.16,23483.46,0.410323
2005,Uttar Pradesh,Lentil,Rabi,21064.11,922.2,4382.54,83.11,0.855645
2015,Telangana,Dry chillies,Kharif,65188.0,747.9,10293837.08,21512.04,2.255556
2000,Chhattisgarh,Other Kharif pulses,Kharif,4695.0,896.4,460908.15,1220.7,0.335625
2011,Bihar,Barley,Rabi,10823.0,1097.1,1813068.96,3571.59,1.438125
2013,Tamil Nadu,Cotton(lint),Kharif,116495.0,740.9,16832362.55,31453.65,2.815
2012,Chhattisgarh,Wheat,Rabi,102230.0,1366.8,15416284.0,31691.3,1.6104
2018,Himachal Pradesh,Groundnut,Kharif,42.0,1052.2,6812.4,14.7,0.9475
2018,Assam,Rice,Autumn,144766.0,2372.9,23481045.2,50668.1,1.492593
2014,Telangana,Potato,Kharif,9.0,746.4,1358.64,2.97,19.22
2001,Bihar,Maize,Autumn,244793.0,1247.0,25000709.09,63646.18,1.768108
2010,Karnataka,Cowpea(Lobia),Kharif,70151.0,1317.7,11652782.61,16836.24,0.527692
2001,Bihar,Lentil,Rabi,31023.17,1279.4,5674.51,46.79,0.643493
2016,Bihar,Arhar/Tur,Kharif,20980.0,1205.6,3215185.0,7343.0,1.667714
2009,Andhra Pradesh,Castor seed,Kharif,147582.0,711.0,22996227.24,25088.94,0.532353
2013,Assam,Maize,Kharif,24068.0,1797.7,3477585.32,6498.36,3.53037
2006,Meghalaya,Jute,Rabi,3967.0,2454.7,506625.57,872.74,7.056667
2003,Tamil Nadu,Black pepper,Whole Year,4179.0,345.6,413637.42,1002.96,0.141667
2012,Uttarakhand,Rice,Kharif,255037.0,1309.8,38459579.6,79061.47,1.750769
2018,Karnataka,Groundnut,Kharif,397745.0,1419.1,64514239.0,139210.75,0.799286
2010,West Bengal,Masoor,Rabi,57447.0,1096.0,9542521.17,13787.28,0.755882
2012,Madhya Pradesh,Maize,Kharif,854518.0,1049.5,128861314.4,264900.58,2.280204
2017,Meghalaya,Linseed,Rabi,93.0,4472.3,14641.92,35.34,0.605
2002,Mizoram,Sesamum,Kharif,2945.0,2627.0,278803.15,736.25,0.6
2002,Karnataka,Castor seed,Kharif,16991.0,860.8,1608537.97,4247.75,0.893333
2016,Delhi,Jowar,Kharif,3193.0,747.1,489327.25,1117.55,0.96
2011,Manipur,Rapeseed &Mustard,Rabi,27500.0,1533.6,4606800.0,9075.0,0.774444
2008,Maharashtra,Ragi,Kharif,125500.0,1052.8,17951520.0,11295.0,0.921667
2019,Sikkim,Wheat,Rabi,165.0,2740.0,28340.4,61.05,1.035
2003,Chhattisgarh,Jowar,Kharif,7595.0,1643.7,751753.1,1822.8,0.942
2001,Bihar,Dry chillies,Whole Year,3558.0,1247.0,363378.54,925.08,1.001667
2006,Nagaland,Masoor,Rabi,2960.0,1362.5,378021.6,651.2,1.19125
2009,Haryana,Gram,Rabi,84031.0,393.0,13093710.42,14285.27,0.4295
2009,Tripura,Moong(Green Gram),Kharif,398.0,2004.2,62016.36,67.66,0.555
2018,Madhya Pradesh,Groundnut,Kharif,215697.0,1102.2,34986053.4,75493.95,1.47625
2006,Puducherry,Sesamum,Rabi,134.0,1434.6,17113.14,29.48,0.5
2000,Punjab,Gram,Rabi,7700.0,405.3,755909.0,2002.0,0.92125
2016,Himachal Pradesh,Horse-gram,Kharif,1696.0,1373.9,259912.0,593.6,0.353
2010,Andhra Pradesh,Horse-gram,Kharif,6234.0,1297.0,1035529.74,1496.16,0.4775
2011,Nagaland,Barley,Rabi,460.0,1544.4,77059.2,151.8,1.584545
2010,Mizoram,Cowpea(Lobia),Kharif,1381.0,2738.7,229397.91,331.44,1.145
2011,Himachal Pradesh,Urad,Kharif,9664.0,1108.3,1618913.28,3189.12,0.690909
2019,Arunachal Pradesh,Sunflower,Kharif,574.0,2433.3,98590.24,212.38,0.836154
2015,Rajasthan,Groundnut,Kharif,783601.6,441.5,216577.79,5412.77,1.902062
2009,Punjab,Rapeseed &Mustard,Rabi,30000.0,371.3,4674600.0,5100.0,1.266667
2012,Haryana,Rice,Kharif,1206255.0,307.9,181903254.0,373939.05,3.041
2005,Punjab,Gram,Rabi,3900.0,566.7,467688.0,819.0,0.788182
2001,Uttar Pradesh,Sunflower,Kharif,5496.0,849.9,561306.48,1428.96,1.76375
2018,Jharkhand,Linseed,Rabi,39768.0,1222.7,6450369.6,13918.8,0.53
2017,Maharashtra,Arhar/Tur,Kharif,1375105.0,1129.5,216496531.2,522539.9,0.813226
2017,Tripura,Arhar/Tur,Kharif,5590.0,3326.8,880089.6,2124.2,0.73625
2004,West Bengal,Jowar,Kharif,1498.0,1612.9,162293.32,314.58,0.5175
2001,Chhattisgarh,Khesari,Rabi,415808.0,1550.0,42466471.04,108110.08,0.578
2011,Delhi,Sugarcane,Whole Year,3.0,641.4,502.56,0.99,75.33
2013,Meghalaya,Sesamum,Kharif,2208.0,2448.4,319033.92,596.16,0.978
2015,Jammu and Kashmir,Moth,Kharif,1071.0,1572.6,169121.61,353.43,0.774286
2014,Gujarat,Small millets,Rabi,15189.0,605.6,2292931.44,5012.37,1.34
2019,Kerala,Sesamum,Whole Year,207.94,3119.2,35715.77,76.94,0.558
2002,Assam,Maize,Kharif,19812.0,1973.6,1875602.04,4953.0,0.606087
2003,Madhya Pradesh,Rice,Kharif,1708583.0,1163.0,169115545.3,410059.92,0.997917
2018,Uttarakhand,Barley,Rabi,18926.0,1373.0,3069797.2,6624.1,1.435385
2002,Jharkhand,Masoor,Rabi,3053.66,1041.2,289089.99,763.42,0.796667
2018,Bihar,Sannhamp,Kharif,772.0,1521.4,125218.4,270.2,0.829231
2010,Bihar,Arhar/Tur,Kharif,25503.0,629.2,4236303.33,6120.72,1.487895
2007,Uttar Pradesh,Dry chillies,Kharif,15658.0,672.9,2088777.2,2505.28,0.964462
2004,Madhya Pradesh,Safflower,Rabi,1205.0,895.7,130549.7,253.05,0.265882
2011,Maharashtra,Sugarcane,Whole Year,1022000.0,1174.1,171205440.0,337260.0,76.540741
2014,Maharashtra,Onion,Rabi,159159.03,2236.9,13058.74,1256.5,19.524594
2020,Uttar Pradesh,Bajra,Kharif,771163.87,1034.2,101459.61,8089.04,1.829941
2009,Jammu and Kashmir,Rice,Kharif,259892.0,751.7,40496371.44,44181.64,1.859
2013,Telangana,Coriander,Whole Year,1378.0,1348.7,199107.22,372.06,0.701429
2007,Punjab,Rapeseed &Mustard,Rabi,28000.0,527.2,3735200.0,4480.0,1.181176
2017,Himachal Pradesh,Soyabean,Kharif,554.0,1182.2,87221.76,210.52,1.684286
2009,Tamil Nadu,Sugarcane,Whole Year,293329.0,928.5,45706524.78,49865.93,100.208333
2015,Rajasthan,Gram,Rabi,1327713.19,539.0,364148.88,13888.53,1.005367
2011,Puducherry,Banana,Kharif,266.0,1434.6,44560.32,87.78,10.903333
2005,Mizoram,Peas & beans (Pulses),Kharif,123.0,2075.4,14750.16,25.83,0.683333
2007,Gujarat,Mango,Whole Year,214464.09,1064.5,25885.76,1789.2,4.759234
2018,Andhra Pradesh,Tapioca,Kharif,7350.0,1220.5,1192170.0,2572.5,12.895
2016,Jammu and Kashmir,Urad,Kharif,9636.0,902.8,1476717.0,3372.6,0.375
2016,Sikkim,Other Cereals,Kharif,3566.0,2971.6,546489.5,1248.1,0.97
2005,Uttar Pradesh,Tobacco,Whole Year,20591.0,751.9,2469272.72,4324.11,5.484444
2019,West Bengal,Jute,Kharif,505226.0,1733.4,86777617.76,186933.62,17.483889
2006,Madhya Pradesh,Jowar,Kharif,530433.0,1072.3,67741598.43,116695.26,1.091667
2001,Chhattisgarh,Dry chillies,Whole Year,6909.0,1550.0,705616.17,1796.34,0.540625
2010,Gujarat,Tobacco,Kharif,59900.0,1107.5,9949989.0,14376.0,1.805
2019,Himachal Pradesh,Rapeseed &Mustard,Rabi,8605.0,1217.7,1477994.8,3183.85,0.535455
2011,Assam,Linseed,Rabi,7037.0,1743.4,1178838.24,2322.21,0.536087
2018,Punjab,Wheat,Rabi,3520000.0,585.5,570944000.0,1232000.0,5.068636
2011,Punjab,Masoor,Rabi,1000.0,705.2,167520.0,330.0,0.715
2009,Puducherry,Coconut,Whole Year,2138.0,1434.6,333143.16,363.46,11782.4725
2016,Chhattisgarh,Barley,Rabi,2065.0,1298.9,316461.25,722.75,0.964286
2001,West Bengal,Linseed,Rabi,11334.0,1556.6,1157541.42,2946.84,0.371429
2011,Madhya Pradesh,Khesari,Rabi,53290.0,852.6,8927140.8,17585.7,0.792759
2012,Maharashtra,Sesamum,Kharif,38600.0,1003.4,5820880.0,11966.0,0.34
2011,Andhra Pradesh,Castor seed,Kharif,253280.0,861.9,42429465.6,83582.4,0.402778
2019,Punjab,Urad,Kharif,2000.0,653.2,343520.0,740.0,0.818
2004,Puducherry,Banana,Whole Year,302.0,1434.6,32718.68,63.42,29.176667
2005,Assam,Niger seed,Kharif,7374.0,2184.6,884290.08,1548.54,0.529545
2009,Bihar,Sunflower,Rabi,18203.0,889.3,2836391.46,3094.51,1.394583
2006,Uttarakhand,Maize,Kharif,27163.0,1178.9,3468986.73,5975.86,1.138462
2017,Madhya Pradesh,Niger seed,Kharif,61300.0,800.0,9651072.0,23294.0,0.334762
2006,Madhya Pradesh,Cotton(lint),Kharif,629739.0,1072.3,80423967.69,138542.58,1.118182
2019,Jharkhand,Rice,Kharif,1357726.0,1137.8,233203017.8,502358.62,2.663333
2003,Jammu and Kashmir,Onion,Whole Year,631.0,1430.3,62456.38,151.44,1.967143
2016,Andhra Pradesh,Other  Rabi pulses,Rabi,6743.0,890.0,1033364.75,2360.05,0.96
2006,Bihar,Linseed,Rabi,28591.0,1052.8,3651356.61,6290.02,0.844054
2018,Tamil Nadu,Mango,Whole Year,221548.8,808.6,57174.3,2652.06,8.165675
2005,Assam,Maize,Kharif,18969.0,2184.6,2274762.48,3983.49,0.635926
2003,Maharashtra,Other Kharif pulses,Kharif,164300.0,1037.4,16262414.0,39432.0,0.281562
2016,Tamil Nadu,Jowar,Kharif,128351.0,912.4,19669790.75,44922.85,0.917273
2016,Maharashtra,Cotton(lint),Kharif,4212480.0,1151.1,645562560.0,1474368.0,2.6268
2007,Sikkim,Other Kharif pulses,Kharif,4610.0,2003.4,614974.0,737.6,0.6475
2019,Jharkhand,Sugarcane,Whole Year,742176.63,1401.0,123209.52,2129.75,76.291656
2005,Kerala,Sweet potato,Whole Year,711.0,3030.9,85263.12,149.31,11.486923
2018,Telangana,Rice,Kharif,1189264.0,1350.3,192898620.8,416242.4,3.306562
2008,Maharashtra,Moong(Green Gram),Kharif,426600.0,1052.8,61020864.0,38394.0,0.391818
2007,Uttarakhand,Rice,Kharif,259805.0,1924.3,34657987.0,41568.8,1.709231
2008,Mizoram,Cotton(lint),Kharif,207.0,1912.1,29609.28,18.63,0.468333
2011,Madhya Pradesh,Tobacco,Whole Year,182.0,852.6,30488.64,60.06,0.173333
2008,Sikkim,Barley,Rabi,500.0,2247.5,71520.0,45.0,0.935
2002,Haryana,Masoor,Rabi,6028.0,353.9,570670.76,1507.0,0.6675
2014,Punjab,Arhar/Tur,Kharif,2600.0,382.7,392496.0,858.0,0.877778
2011,Tamil Nadu,Jowar,Kharif,134231.0,926.5,22486377.12,44296.23,1.181739
2005,Mizoram,Rice,Whole Year,56460.0,2075.4,6770683.2,11856.6,1.9425
2000,Meghalaya,Rapeseed &Mustard,Rabi,7126.0,6258.8,699559.42,1852.76,0.664286
2006,Maharashtra,Grapes,Whole Year,39359.42,875.2,6104.47,322.65,22.422056
2012,Tamil Nadu,Rice,Kharif,1493276.0,706.8,225186020.8,462915.56,3.293226
2010,Bihar,Sesamum,Kharif,2558.0,629.2,424909.38,613.92,0.7825
2008,Madhya Pradesh,Coriander,Whole Year,141394.0,895.0,20224997.76,12725.46,0.348298
2001,Andhra Pradesh,Mango,Whole Year,178039.8,748.6,36225.09,1044.79,5.569946
2009,Chhattisgarh,Linseed,Rabi,44808.0,956.9,6981982.56,7617.36,0.316875
2002,Chhattisgarh,Sunflower,Kharif,2591.0,1001.4,245289.97,647.75,0.389231
2003,Karnataka,Castor seed,Kharif,17214.0,867.6,1703841.72,4131.36,0.90619
2020,Andhra Pradesh,Groundnut,Kharif,698124.63,1047.7,60116.86,7824.9,2.387882
2003,Nagaland,Potato,Whole Year,5110.0,1709.8,505787.8,1226.4,8.2975
2004,Jammu and Kashmir,Peas & beans (Pulses),Rabi,932.0,1032.1,100972.88,195.72,0.83
2003,Gujarat,Banana,Whole Year,28200.0,902.5,2791236.0,6768.0,65.116
2008,Puducherry,Sweet potato,Rabi,1.0,1434.6,143.04,0.09,1.0
2016,Telangana,Rice,Kharif,889351.0,942.6,136293040.8,311272.85,3.229667
2017,West Bengal,Jute,Kharif,515082.0,1830.0,81094510.08,195731.16,14.877222
2007,Assam,Rapeseed &Mustard,Rabi,234804.0,2154.1,31322853.6,37568.64,0.503704
2019,Bihar,Urad,Kharif,7102.0,1194.7,1219839.52,2627.74,0.890833
2005,Kerala,Garlic,Whole Year,65.0,3030.9,7794.8,13.65,17.0
2020,Rajasthan,Groundnut,Kharif,269677.05,499.7,74982.55,1809.79,2.03031
2011,Jammu and Kashmir,Onion,Kharif,144.0,887.6,24122.88,47.52,0.9325
2013,Arunachal Pradesh,Small millets,Kharif,22744.0,2042.9,3286280.56,6140.88,1.045882
2018,Gujarat,Other Kharif pulses,Kharif,5377.0,1125.4,872149.4,1881.95,0.582727
2002,Arunachal Pradesh,Turmeric,Whole Year,514.0,2832.8,48660.38,128.5,4.459091
2010,Punjab,Urad,Kharif,2800.0,392.7,465108.0,672.0,0.734
2018,Manipur,Maize,Kharif,19160.0,1196.9,3107752.0,6706.0,2.253333
2009,Assam,Sesamum,Kharif,11641.0,1727.1,1813900.62,1978.97,0.493333
2005,Jammu and Kashmir,Sesamum,Kharif,2623.0,1721.8,314550.16,550.83,0.436667
2019,Uttar Pradesh,Dry chillies,Kharif,13547.0,814.5,2326832.72,5012.39,0.880857
2006,Bihar,Rice,Autumn,517983.0,1052.8,66151608.93,113956.26,0.962414
2001,Karnataka,Dry chillies,Whole Year,193067.0,1002.9,19717932.71,50197.42,1.082963
2003,Bihar,Other  Rabi pulses,Rabi,3298.0,1353.9,326436.04,791.52,0.757083
2008,Tripura,Arhar/Tur,Kharif,988.0,1827.8,141323.52,88.92,0.7325
2002,Andhra Pradesh,other oilseeds,Rabi,10921.0,648.1,1033891.07,2730.25,1.224667
2009,Karnataka,Ginger,Whole Year,44837.0,1321.0,6986501.34,7622.29,31.71
2002,Uttarakhand,Arhar/Tur,Kharif,1793.0,1610.3,169743.31,448.25,0.538889
2019,Maharashtra,Sunflower,Kharif,19230.0,1555.8,3302944.8,7115.1,0.346818
2013,Tripura,Wheat,Rabi,150.0,2043.5,21673.5,40.5,1.93375
2011,Nagaland,Small millets,Kharif,8510.0,1544.4,1425595.2,2808.3,0.888889
2008,Assam,Niger seed,Kharif,7493.0,2109.9,1071798.72,674.37,0.509565
2016,Puducherry,Jowar,Kharif,1.0,1391.3,153.25,0.35,2.0
2010,Madhya Pradesh,Castor seed,Kharif,5886.0,856.3,977723.46,1412.64,0.318667
2015,Haryana,Sesamum,Kharif,3400.0,426.8,536894.0,1122.0,0.526
2014,Uttar Pradesh,Onion,Rabi,10021.0,616.4,1512770.16,3306.93,15.293973
2017,Karnataka,Black pepper,Whole Year,41381.0,1111.7,6515024.64,15724.78,0.684
2012,Kerala,Coconut,Whole Year,798162.0,2187.6,120362829.6,247430.22,6706.261429
2012,Haryana,Groundnut,Kharif,2606.0,307.9,392984.8,807.86,1.058
2016,Uttarakhand,Other Kharif pulses,Kharif,12202.0,1580.9,1869956.5,4270.7,0.9125
2002,Karnataka,Coriander,Whole Year,7685.0,860.8,727538.95,1921.25,0.1235
2002,Andhra Pradesh,Rice,Kharif,2109301.0,648.1,199687525.7,527325.25,2.202727
2013,Tamil Nadu,Ragi,Kharif,88166.0,740.9,12739105.34,23804.82,2.782083
2013,Uttarakhand,Other  Rabi pulses,Rabi,8.0,1735.4,1155.92,2.16,0.723333
2004,Madhya Pradesh,Groundnut,Kharif,211696.0,895.7,22935144.64,44456.16,1.151277
2015,Bihar,Masoor,Rabi,150695.0,874.0,23796247.45,49729.35,0.878684
2012,Andhra Pradesh,Linseed,Kharif,422.0,968.7,63637.6,130.82,0.455
2002,Sikkim,Rice,Kharif,14790.0,2496.2,1400169.3,3697.5,1.4325
2008,West Bengal,Safflower,Rabi,350.0,1560.1,50064.0,31.5,0.83
2002,West Bengal,Wheat,Rabi,405350.0,1629.1,38374484.5,101337.5,1.992778
2000,Uttarakhand,Sunflower,Kharif,213.0,1413.4,20910.21,55.38,1.083333
2019,Mizoram,Sugarcane,Whole Year,1468.0,2178.5,252143.68,543.16,30.285714
2019,Odisha,Sugarcane,Winter,8948.0,1593.9,1536908.48,3310.76,56.562381
2000,Madhya Pradesh,Coriander,Whole Year,94705.0,723.3,9297189.85,24623.3,0.307674
2005,Tamil Nadu,Coriander,Whole Year,21062.0,1364.1,2525755.04,4423.02,0.296957
2006,Puducherry,Cotton(lint),Summer,57.0,1434.6,7279.47,12.54,0.75
2005,Karnataka,Wheat,Rabi,252588.0,1316.2,30290352.96,53043.48,0.880714
2005,Haryana,Barley,Rabi,28234.0,516.9,3385821.28,5929.14,2.0885
2005,Madhya Pradesh,Moong(Green Gram),Kharif,75291.0,1032.7,9028896.72,15811.11,0.323617
2014,Gujarat,Other Cereals,Kharif,4207.0,605.6,635088.72,1388.31,0.593333
2008,Gujarat,Groundnut,Kharif,1795400.0,746.1,256814016.0,161586.0,1.3696
2008,Jammu and Kashmir,Other  Rabi pulses,Rabi,351.0,1390.1,50207.04,31.59,0.456667
2017,Bihar,Lentil,Rabi,38351.2,1490.0,4890.78,281.21,0.992749
2013,Odisha,Groundnut,Autumn,24161.0,1632.4,3491022.89,6523.47,0.964783
2000,Jharkhand,Potato,Rabi,117596.73,2011.0,17245.58,889.26,19.195547
2006,Maharashtra,Mango,Whole Year,194576.94,730.3,30682.94,1522.35,5.768971
2014,Telangana,Sugarcane,Kharif,38139.0,746.4,5757463.44,12585.87,83.8575
2016,West Bengal,Banana,Whole Year,37795.51,1600.4,5912.62,342.67,29.580091
2005,Tripura,Gram,Rabi,171.0,1765.9,20506.32,35.91,0.7625
2017,Telangana,Groundnut,Kharif,21006.0,815.7,3307184.64,7982.28,2.104
2010,Andhra Pradesh,Sugarcane,Whole Year,191729.0,1297.0,31848104.19,46014.96,81.58381
2004,Andhra Pradesh,Ragi,Kharif,61063.0,781.8,6615565.42,12823.23,1.439286
2012,Bihar,Moong(Green Gram),Kharif,8835.0,924.1,1332318.0,2738.85,0.695294
2001,Uttarakhand,Rapeseed &Mustard,Rabi,11795.0,1541.3,1204623.35,3066.7,0.521538
2000,Jammu and Kashmir,Sugarcane,Whole Year,126.0,989.5,12369.42,32.76,2.6275
2017,Puducherry,Tapioca,Kharif,183.0,1582.4,28811.52,69.54,31.0
2019,Chhattisgarh,Jowar,Whole Year,1966.0,1420.3,337680.16,727.42,1.22
2000,Puducherry,Banana,Whole Year,239.0,1434.6,23462.63,62.14,26.25
2010,Tamil Nadu,Mango,Whole Year,245089.56,1202.5,63309.07,830.09,6.560195
2007,Manipur,Rapeseed &Mustard,Rabi,1170.0,1435.7,156078.0,187.2,0.426667
2005,Andhra Pradesh,Coconut,Whole Year,104438.0,1075.5,12524204.96,21931.98,7717.767778
2014,Nagaland,Mesta,Kharif,1840.0,1333.3,277766.4,607.2,1.105455
2014,Maharashtra,Sesamum,Kharif,19900.0,1001.6,3004104.0,6567.0,0.224444
2018,Assam,Urad,Rabi,59866.0,2372.9,9710265.2,20953.1,0.668519
2016,Andhra Pradesh,Tobacco,Kharif,23505.0,890.0,3602141.25,8226.75,3.571111
2017,Jammu and Kashmir,Urad,Kharif,10256.0,1279.1,1614704.64,3897.28,0.371818
2002,Mizoram,Rapeseed &Mustard,Rabi,2043.0,2627.0,193410.81,510.75,0.6575
2016,West Bengal,Masoor,Rabi,84957.0,1795.8,13019660.25,29734.95,0.783333
2003,Meghalaya,Rapeseed &Mustard,Rabi,7218.0,3321.3,714437.64,1732.32,0.608571
2014,Kerala,Banana,Whole Year,61936.0,3046.4,9349858.56,20438.88,8.282857
2009,Karnataka,Urad,Kharif,109099.0,1321.0,16999806.18,18546.83,0.153182
2001,West Bengal,Banana,Whole Year,54073.81,1765.7,3114.8,376.8,23.552141
2009,Maharashtra,Sugarcane,Whole Year,755900.0,1002.4,117784338.0,128503.0,76.292222
2015,Arunachal Pradesh,Small millets,Kharif,26500.0,2593.2,4184615.0,8745.0,1.038
2017,Himachal Pradesh,Rapeseed &Mustard,Rabi,8326.0,1182.2,1310845.44,3163.88,0.51
2006,Madhya Pradesh,Moong(Green Gram),Kharif,71963.0,1072.3,9190394.73,15831.86,0.325319
2006,Puducherry,Groundnut,Rabi,697.0,1434.6,89013.87,153.34,1.6
2004,Gujarat,Groundnut,Kharif,1924500.0,719.8,208500330.0,404145.0,0.946087
2003,Andhra Pradesh,Castor seed,Kharif,290915.0,826.0,28794766.7,69819.6,0.447895
2011,West Bengal,Khesari,Rabi,25808.0,1686.5,4323356.16,8516.64,0.977857
2008,Bihar,Mango,Whole Year,179970.06,834.9,22916.61,333.83,6.219583
2003,Punjab,Barley,Rabi,23000.0,451.7,2276540.0,5520.0,3.245556
2004,Mizoram,Maize,Kharif,9785.0,2640.8,1060106.9,2054.85,2.14125
2018,Jammu and Kashmir,Urad,Kharif,10962.0,1016.3,1778036.4,3836.7,0.368333
2009,Haryana,Garlic,Whole Year,735.0,393.0,114527.7,124.95,6.032222
2006,Andhra Pradesh,Sweet potato,Whole Year,997.0,845.2,127326.87,219.34,8.821765
2018,Mizoram,Cotton(lint),Kharif,43.0,1665.2,6974.6,15.05,0.573333
2017,Gujarat,Rapeseed &Mustard,Rabi,221289.0,814.8,34839740.16,84089.82,1.76
2006,West Bengal,Urad,Kharif,53388.0,1631.4,6818181.48,11745.36,0.56
2012,Meghalaya,Rapeseed &Mustard,Rabi,9750.0,2945.3,1470300.0,3022.5,0.862857
2004,Puducherry,Coconut,Whole Year,2137.0,1434.6,231522.58,448.77,11687.445
2000,Gujarat,Arhar/Tur,Kharif,317900.0,379.7,31208243.0,82654.0,0.385556
2009,Tamil Nadu,Cashewnut,Whole Year,99043.0,928.5,15432880.26,16837.31,0.496786
2009,Gujarat,Moong(Green Gram),Kharif,165500.0,618.0,25788210.0,28135.0,0.4116
2015,Bihar,Other  Rabi pulses,Rabi,727.0,874.0,114800.57,239.91,1.005455
2006,West Bengal,Sesamum,Whole Year,200389.0,1631.4,25591679.19,44085.58,0.905556
2014,Assam,Sweet potato,Whole Year,6213.0,1899.0,937914.48,2050.29,5.173333
2018,Telangana,Cowpea(Lobia),Kharif,1310.0,1350.3,212482.0,458.5,0.81
2007,Karnataka,Sweet potato,Whole Year,2887.0,1323.3,385125.8,461.92,6.37625
2012,West Bengal,Niger seed,Kharif,3272.0,1566.0,493417.6,1014.32,0.56
2017,Jharkhand,Onion,Rabi,165147.89,1442.3,34351.76,2204.41,18.477509
2012,Meghalaya,Cotton(lint),Kharif,7250.0,2945.3,1093300.0,2247.5,1.126667
2010,West Bengal,Ragi,Autumn,11707.0,1096.0,1944649.77,2809.68,0.744
2017,Manipur,Sugarcane,Whole Year,6000.0,1780.0,944640.0,2280.0,54.381111
2004,Bihar,Turmeric,Whole Year,2823.0,1147.8,305843.82,592.83,0.992609
2008,Tamil Nadu,Sugarcane,Whole Year,308800.0,1201.9,44170752.0,27792.0,111.455333
2017,Meghalaya,Small millets,Rabi,2924.0,4472.3,460354.56,1111.12,1.112
2008,Madhya Pradesh,Barley,Rabi,77326.0,895.0,11060711.04,6959.34,1.56641
2019,Uttarakhand,Masoor,Rabi,10246.0,1378.9,1759852.96,3791.02,0.96
2004,Madhya Pradesh,Soyabean,Kharif,4580458.0,895.7,496246819.7,961896.18,0.821875
2003,Chhattisgarh,Groundnut,Kharif,36318.0,1643.7,3594755.64,8716.32,1.069333
2000,Puducherry,Moong(Green Gram),Kharif,2480.0,1434.6,243461.6,644.8,0.586667
2008,Himachal Pradesh,Dry chillies,Kharif,640.0,1357.1,91545.6,57.6,0.266
2003,Jharkhand,Rice,Autumn,614160.1,1258.3,60789566.7,147398.42,0.74
2009,Telangana,Maize,Kharif,509352.02,1016.2,113896.77,2069.95,2.918979
2001,Haryana,Mustard,Rabi,869374.42,405.9,147955.77,2269.15,1.199709
2005,Assam,Rice,Autumn,398316.0,2184.6,47766054.72,83646.36,1.132222
2000,Manipur,Sweet potato,Whole Year,50.0,1969.7,4908.5,13.0,3.6
2000,Meghalaya,Dry chillies,Whole Year,1810.0,6258.8,177687.7,470.6,0.651429
2008,Himachal Pradesh,Moong(Green Gram),Kharif,109.0,1357.1,15591.36,9.81,0.32
2006,Tripura,Gram,Rabi,132.0,1764.3,16857.72,29.04,0.7275
2017,Himachal Pradesh,Moth,Kharif,17.0,1182.2,2676.48,6.46,0.58
2015,Kerala,Ragi,Whole Year,64.0,2602.9,10106.24,21.12,1.405
2015,Himachal Pradesh,Ragi,Kharif,1817.0,1223.2,286922.47,599.61,0.845714
2017,Andhra Pradesh,Wheat,Kharif,11.0,868.2,1731.84,4.18,0.85
2001,Kerala,Jowar,Kharif,2902.0,2946.7,296381.26,754.52,0.4025
2017,Punjab,Rice,Kharif,3065000.0,497.5,482553600.0,1164700.0,4.252727
2011,Manipur,Groundnut,Kharif,3355.0,1533.6,562029.6,1107.15,0.853333
2003,Andhra Pradesh,Potato,Whole Year,2648.0,826.0,262099.04,635.52,9.045
2017,Gujarat,Other  Rabi pulses,Rabi,22983.0,814.8,3618443.52,8733.54,0.876471
2008,Nagaland,Sunflower,Kharif,300.0,1540.9,42912.0,27.0,0.797
2007,Haryana,Rapeseed &Mustard,Rabi,496483.0,443.8,66230832.2,79437.28,1.2295
2013,Jharkhand,Rice,Autumn,154068.0,1253.6,22261285.32,41598.36,0.854783
2001,Punjab,Bajra,Kharif,1651491.97,655.9,295813.18,11014.9,1.088178
2012,Assam,Black pepper,Whole Year,3531.0,2167.5,532474.8,1094.61,1.682963
2015,Andhra Pradesh,Bajra,Kharif,33319.0,940.7,5261403.29,10995.27,1.908182
2013,Himachal Pradesh,Horse-gram,Kharif,1750.0,1216.9,252857.5,472.5,0.352
2016,Karnataka,Sweet potato,Whole Year,3079.0,1147.2,471856.75,1077.65,11.271538
2002,Sikkim,Other Kharif pulses,Kharif,2900.0,2496.2,274543.0,725.0,1.1725
2002,Andhra Pradesh,Jowar,Kharif,263673.0,648.1,24961922.91,65918.25,0.661364
2003,Puducherry,Cotton(lint),Kharif,453.0,1434.6,44837.94,108.72,4.095
2014,Karnataka,Moong(Green Gram),Kharif,257166.0,1238.5,38821779.36,84864.78,0.192917
2018,Jharkhand,Rapeseed &Mustard,Rabi,236853.0,1222.7,38417556.6,82898.55,0.710833
2009,West Bengal,Cotton(lint),Kharif,1289.0,1317.2,200851.98,219.13,1.764
2013,Tamil Nadu,Coconut,Whole Year,428538.0,740.9,61919455.62,115705.26,9606.394516
2016,Nagaland,Gram,Rabi,750.0,1959.8,114937.5,262.5,0.818182
2008,Assam,Peas & beans (Pulses),Rabi,20943.0,2109.9,2995686.72,1884.87,0.632222
2013,Punjab,Gram,Rabi,1900.0,586.6,274531.0,513.0,1.224286
2008,Haryana,Moong(Green Gram),Kharif,14380.0,715.6,2056915.2,1294.2,0.197778
2007,Telangana,Soyabean,Kharif,1598832.3,1076.8,218844.8,15674.34,1.342329
2009,Chhattisgarh,Mesta,Kharif,1260.0,956.9,196333.2,214.2,2.001875
2004,Gujarat,Other  Rabi pulses,Rabi,3700.0,719.8,400858.0,777.0,0.22875
2005,Chhattisgarh,Other  Rabi pulses,Rabi,2617.0,1292.7,313830.64,549.57,0.305
2011,Chhattisgarh,Rice,Kharif,3939826.0,1302.7,659999651.5,1300142.58,1.527778
2011,Jammu and Kashmir,Ginger,Kharif,32.0,887.6,5360.64,10.56,1.353333
2009,Manipur,Cowpea(Lobia),Kharif,185.0,992.5,28826.7,31.45,0.7625
2002,Nagaland,Rice,Kharif,150000.0,1536.6,14200500.0,37500.0,1.46375
2006,Puducherry,Banana,Kharif,305.0,1434.6,38951.55,67.1,22.236667
2017,Goa,Other  Rabi pulses,Rabi,5345.0,2772.5,841516.8,2031.1,0.84
2008,Telangana,Jowar,Kharif,907939.32,763.6,171035.71,1848.41,1.303911
2005,West Bengal,Bajra,Kharif,55.0,1650.1,6595.6,11.55,0.5
2013,Kerala,Potato,Whole Year,759.0,3255.4,109667.91,204.93,19.56
2016,Karnataka,Arhar/Tur,Kharif,1213836.0,1147.2,186020367.0,424842.6,0.686667
2013,Himachal Pradesh,Other Kharif pulses,Kharif,5087.0,1216.9,735020.63,1373.49,0.896667
2008,Tamil Nadu,Horse-gram,Whole Year,44749.0,1201.9,6400896.96,4027.41,0.459231
2012,West Bengal,Sesamum,Autumn,1172.0,1566.0,176737.6,363.32,0.596
2014,Jammu and Kashmir,Sesamum,Kharif,3804.0,1278.4,574251.84,1255.32,0.414
2008,Delhi,Jowar,Kharif,8238.0,614.6,1178363.52,741.42,0.97
2007,Assam,Urad,Rabi,38290.0,2154.1,5107886.0,6126.4,0.531111
2009,Puducherry,Tapioca,Kharif,242.0,1434.6,37708.44,41.14,18.97
2013,Bihar,Arhar/Tur,Kharif,21874.0,1069.9,3160574.26,5905.98,1.698649
2007,Nagaland,Other Kharif pulses,Kharif,8170.0,1769.0,1089878.0,1307.2,1.015
2007,Arunachal Pradesh,Small millets,Kharif,22308.0,3223.9,2975887.2,3569.28,0.865625
2017,Gujarat,Ragi,Kharif,11880.0,814.8,1870387.2,4514.4,0.876667
2016,Himachal Pradesh,Other Kharif pulses,Kharif,1727.0,1373.9,264662.75,604.45,0.35
2004,Maharashtra,Groundnut,Kharif,346600.0,1052.0,37550644.0,72786.0,0.732857
2014,Arunachal Pradesh,Wheat,Rabi,3800.0,2403.2,573648.0,1254.0,2.454444
2002,Madhya Pradesh,Mustard,Rabi,1401724.08,851.2,273106.72,6415.47,1.182774
2007,Kerala,Sugarcane,Whole Year,2991.0,3489.6,398999.4,478.56,37.172727
2015,Maharashtra,Sunflower,Kharif,18532.0,875.7,2926388.12,6115.56,0.108235
2012,Karnataka,Safflower,Rabi,48296.0,956.2,7283036.8,14971.76,0.573571
2009,Jammu and Kashmir,Groundnut,Kharif,3.0,751.7,467.46,0.51,0.625
2011,Madhya Pradesh,Cotton(lint),Kharif,616858.0,852.6,103336052.2,203563.14,1.800952
2020,Odisha,Mustard,Rabi,1138680.83,1886.1,283840.55,14037.33,1.654836
2011,Chhattisgarh,Jowar,Kharif,5329.0,1302.7,892714.08,1758.57,0.797391
2018,Karnataka,Arhar/Tur,Kharif,1560680.0,1419.1,253142296.0,546238.0,0.5525
2017,Kerala,Maize,Whole Year,70.66,2664.8,11124.71,26.85,1.1775
2013,Uttarakhand,Linseed,Rabi,2.0,1735.4,288.98,0.54,0.5
2009,Puducherry,Other  Rabi pulses,Rabi,2.0,1434.6,311.64,0.34,1.0
2018,Delhi,Gram,Rabi,2.0,678.5,324.4,0.7,2.0
2006,Madhya Pradesh,Peas & beans (Pulses),Rabi,189486.0,1072.3,24199257.06,41686.92,0.455
2017,Karnataka,Mango,Whole Year,153127.17,1386.0,15664.19,660.38,6.980877
2002,Uttarakhand,Masoor,Rabi,14451.0,1610.3,1368076.17,3612.75,0.436923
2012,Chhattisgarh,Niger seed,Kharif,66184.0,1366.8,9980547.2,20517.04,0.184211
2002,Jammu and Kashmir,Gram,Rabi,228.0,933.2,21584.76,57.0,0.603333
2007,Karnataka,Soyabean,Kharif,113190.0,1323.3,15099546.0,18110.4,0.8475
2010,Maharashtra,Grapes,Whole Year,14464.12,1019.7,2335.98,75.62,22.292836
2015,Nagaland,Wheat,Rabi,3250.0,1308.3,513207.5,1072.5,1.828889
2001,Odisha,Masoor,Rabi,8790.0,1672.5,897722.7,2285.4,0.364
2008,Odisha,Sesamum,Autumn,3550.0,1539.0,507792.0,319.5,0.156875
2020,Uttarakhand,other oilseeds,Kharif,13.0,1313.9,2516.93,4.81,0.7
2018,Karnataka,Tapioca,Whole Year,635.0,1419.1,102997.0,222.25,13.245238
2004,Tripura,Arhar/Tur,Kharif,1481.0,2706.3,160451.54,311.01,0.69
2006,Tamil Nadu,Turmeric,Whole Year,30528.0,927.9,3898730.88,6716.16,5.748148
2010,Telangana,Arhar/Tur,Kharif,277981.86,935.1,49342.24,1580.96,1.017137
2013,Haryana,Barley,Rabi,39000.0,452.2,5635110.0,10530.0,3.7475
2003,Uttar Pradesh,Potato,Whole Year,441796.0,1075.6,43728968.08,106031.04,19.604143
2010,Punjab,Potato,Rabi,120042.65,599.1,12728.65,667.34,19.969098
2003,Bihar,Gram,Rabi,80322.0,1353.9,7950271.56,19277.28,0.918333
2005,Chhattisgarh,Soyabean,Kharif,46785.0,1292.7,5610457.2,9824.85,0.978667
2019,Assam,Maize,Kharif,36636.0,2084.7,6292599.36,13555.32,3.155556
2000,Meghalaya,Linseed,Rabi,54.0,6258.8,5301.18,14.04,0.44
2004,Uttarakhand,Gram,Rabi,823.0,1219.6,89163.82,172.83,0.737273
2011,Jammu and Kashmir,Cowpea(Lobia),Kharif,32.0,887.6,5360.64,10.56,0.5
2012,Nagaland,Rapeseed &Mustard,Rabi,27170.0,1296.6,4097236.0,8422.7,1.008182
2020,West Bengal,Onion,Rabi,237636.63,1790.5,55566.44,1468.61,19.052229
2007,Karnataka,Rice,Kharif,1051466.0,1323.3,140265564.4,168234.56,2.567586
2016,Goa,Other  Rabi pulses,Rabi,5745.0,3266.9,880421.25,2010.75,0.93
2007,Karnataka,Sugarcane,Whole Year,307084.0,1323.3,40965005.6,49133.44,83.416538
2011,West Bengal,Other Kharif pulses,Kharif,573.0,1686.5,95988.96,189.09,0.4425
2015,Sikkim,Rapeseed &Mustard,Rabi,3658.0,2949.1,577634.78,1207.14,0.8275
2003,Haryana,Mustard,Rabi,1388318.24,539.5,267766.71,8724.8,1.178659
2008,West Bengal,Horse-gram,Rabi,1897.0,1560.1,271346.88,170.73,0.489
2006,Assam,Wheat,Rabi,59573.0,1774.9,7608067.83,13106.06,1.134444
2017,Meghalaya,Arecanut,Rabi,18209.0,4472.3,2866824.96,6919.42,1.294545
2002,Puducherry,Urad,Rabi,812.0,1434.6,76872.04,203.0,0.446667
2006,Jharkhand,Rice,Autumn,183635.05,1465.1,23452032.24,40399.71,1.274545
2009,Andhra Pradesh,Maize,Kharif,501624.0,711.0,78163051.68,85276.08,3.095
2000,Assam,Sugarcane,Whole Year,26768.0,1965.5,2627814.56,6959.68,36.572174
2000,Manipur,Sugarcane,Whole Year,740.0,1969.7,72645.8,192.4,32.575714
2019,West Bengal,Rice,Autumn,215126.0,1733.4,36950041.76,79596.62,2.434286
2006,Jammu and Kashmir,Potato,Kharif,889.0,1786.5,113534.19,195.58,6.66
2005,Assam,Moong(Green Gram),Rabi,7512.0,2184.6,900839.04,1577.52,0.44037
2009,Bihar,Wheat,Rabi,2116098.0,889.3,329730390.4,359736.66,2.076316
2006,Assam,Sugarcane,Whole Year,26627.0,1774.9,3400534.17,5857.94,39.106667
2017,Telangana,Sweet potato,Rabi,199.0,815.7,31330.56,75.62,7.776667
2007,Puducherry,Other  Rabi pulses,Summer,36.0,1434.6,4802.4,5.76,0.92
2013,Jammu and Kashmir,Wheat,Rabi,292380.0,1193.8,42245986.2,78942.6,1.27
2013,Uttarakhand,Sugarcane,Whole Year,106499.0,1735.4,15388040.51,28754.73,58.4
2007,Assam,Sweet potato,Whole Year,6918.0,2154.1,922861.2,1106.88,3.395926
2015,Jammu and Kashmir,Cowpea(Lobia),Kharif,254.0,1572.6,40109.14,83.82,0.2
2017,Jharkhand,Rapeseed &Mustard,Rabi,305045.0,1165.7,48026284.8,115917.1,0.734583
2014,Meghalaya,Turmeric,Whole Year,2516.0,3484.4,379815.36,830.28,5.997273
2016,Tamil Nadu,Sesamum,Kharif,10593.0,912.4,1623377.25,3707.55,0.389615
2013,Uttar Pradesh,Garlic,Rabi,37238.0,995.2,5380518.62,10054.26,5.870167
2005,Chhattisgarh,Niger seed,Kharif,72798.0,1292.7,8729936.16,15287.58,0.163571
2007,Madhya Pradesh,Khesari,Rabi,51415.0,740.4,6858761.0,8226.4,0.497857
2002,Jharkhand,Ragi,Autumn,26659.73,1041.2,2523876.64,6664.93,1.048571
2015,Telangana,Maize,Kharif,454308.0,747.9,71739776.28,149921.64,2.983333
2014,Punjab,Mustard,Rabi,432450.95,615.3,57854.72,2989.22,1.487303
2007,Manipur,Cotton(lint),Kharif,210.0,1435.7,28014.0,33.6,0.33
2008,West Bengal,Jute,Kharif,584238.0,1560.1,83569403.52,52581.42,14.034706
2012,Meghalaya,Sugarcane,Whole Year,95.0,2945.3,14326.0,29.45,2.72
2015,Tripura,Rice,Kharif,199818.0,2334.4,31553260.38,65939.94,2.895
2009,Karnataka,Soyabean,Kharif,183688.0,1321.0,28622264.16,31226.96,0.413
2014,Gujarat,Rice,Kharif,763205.0,605.6,115213426.8,251857.65,1.867368
2017,Punjab,Sugarcane,Whole Year,96000.0,497.5,15114240.0,36480.0,84.3725
2009,Sikkim,Barley,Rabi,1000.0,2176.6,155820.0,170.0,0.93
2011,Maharashtra,Gram,Rabi,1075100.0,1174.1,180100752.0,354783.0,0.798387
2007,Bihar,Safflower,Rabi,115.0,1600.2,15341.0,18.4,0.832857
2014,Maharashtra,Turmeric,Kharif,17477.85,1661.0,3354.54,125.07,5.791823
2003,Chhattisgarh,Rice,Kharif,3828992.0,1643.7,378993628.2,918958.08,1.4375
2019,Odisha,Peas & beans (Pulses),Rabi,33400.0,1593.9,5736784.0,12358.0,0.77
2018,Uttar Pradesh,Wheat,Rabi,9855900.0,792.8,1598626980.0,3449565.0,3.8556
2003,Uttar Pradesh,Moong,Kharif,16727.17,864.9,2704.42,174.87,0.637396
2007,Madhya Pradesh,Garlic,Whole Year,53653.0,740.4,7157310.2,8584.48,2.956667
2001,Punjab,Masoor,Rabi,4300.0,479.3,439159.0,1118.0,0.7675
2007,Kerala,Ginger,Whole Year,8865.0,3489.6,1182591.0,1418.4,3.017143
2013,Nagaland,Gram,Rabi,740.0,1350.9,106922.6,199.8,0.816364
2011,Madhya Pradesh,Soyabean,Kharif,5772461.0,852.6,967002666.7,1904912.13,0.946735
2016,Chhattisgarh,Small millets,Kharif,104608.0,1298.9,16031176.0,36612.8,0.295185
2011,Karnataka,Sunflower,Kharif,190774.0,1179.0,31958460.48,62955.42,0.50625
2004,Karnataka,Bajra,Kharif,442372.0,1117.7,47926582.48,92898.12,0.592
2011,Jammu and Kashmir,Sannhamp,Kharif,86.0,887.6,14406.72,28.38,0.742
2008,Telangana,Soyabean,Kharif,1170128.78,1021.9,286619.04,9164.63,1.242627
2001,Himachal Pradesh,Onion,Whole Year,1112.0,918.1,113568.56,289.12,8.397778
2010,Andhra Pradesh,Ginger,Whole Year,2472.0,1297.0,410623.92,593.28,8.911111
2000,Nagaland,Groundnut,Kharif,3500.0,1631.8,343595.0,910.0,1.18125
2002,Tamil Nadu,Banana,Whole Year,76771.0,315.9,7267910.57,19192.75,34.819643
2016,Puducherry,Urad,Kharif,15.0,1391.3,2298.75,5.25,1.4
2012,Chhattisgarh,Sesamum,Kharif,19663.0,1366.8,2965180.4,6095.53,0.29
2001,Madhya Pradesh,Coriander,Whole Year,103753.0,955.0,10596293.89,26975.78,0.345814
2011,Nagaland,Sesamum,Kharif,3500.0,1544.4,586320.0,1155.0,0.603636
2001,Andhra Pradesh,Banana,Whole Year,50507.0,928.4,5158279.91,13131.82,11.733636
2012,Arunachal Pradesh,Small millets,Kharif,22675.0,2760.7,3419390.0,7029.25,1.0575
2014,Haryana,Arhar/Tur,Kharif,6000.0,301.3,905760.0,1980.0,0.955455
2002,Haryana,Onion,Whole Year,1609.0,353.9,152324.03,402.25,19.296923
2004,Meghalaya,Other  Rabi pulses,Rabi,2103.0,4767.9,227839.02,441.63,0.76
2007,Punjab,Guar seed,Kharif,21900.0,527.2,2921460.0,3504.0,0.772
2015,Nagaland,Potato,Rabi,7310.0,1308.3,1154322.1,2412.3,9.953636
2001,Uttarakhand,Arhar/Tur,Kharif,1934.0,1541.3,197519.42,502.84,0.62125
2019,Uttarakhand,Tobacco,Whole Year,3.0,1378.9,515.28,1.11,2.0
2006,Meghalaya,Mesta,Kharif,4425.0,2454.7,565116.75,973.5,4.566667
2003,Madhya Pradesh,Wheat,Rabi,4078974.0,1163.0,403736846.5,978953.76,1.797917
2016,Jammu and Kashmir,Cotton(lint),Kharif,4.0,902.8,613.0,1.4,0.5
2004,Uttar Pradesh,Turmeric,Rabi,1594.0,704.0,172693.96,334.74,1.731842
2006,Gujarat,Rice,Kharif,655600.0,1056.2,83726676.0,144232.0,1.601875
2010,Puducherry,Other  Rabi pulses,Rabi,23.0,1434.6,3820.53,5.52,0.615
2004,Karnataka,Potato,Whole Year,51937.0,1117.7,5626854.58,10906.77,10.17875
2019,Odisha,Wheat,Summer,118.0,1593.9,20267.68,43.66,1.495
2016,Andhra Pradesh,Safflower,Kharif,4.0,890.0,613.0,1.4,0.75
2000,Karnataka,Urad,Kharif,133729.0,1213.3,13128175.93,34769.54,0.3965
2006,Uttar Pradesh,Mustard,Rabi,463846.0,909.2,57059.5,1898.45,1.413812
2016,Sikkim,Soyabean,Kharif,3175.0,2971.6,486568.75,1111.25,0.9525
2009,Assam,Coconut,Whole Year,20368.0,1727.1,3173741.76,3462.56,8446.091481
2006,Chhattisgarh,Jowar,Kharif,5292.0,1317.2,675841.32,1164.24,0.868235
2001,Jammu and Kashmir,Bajra,Kharif,13571.0,953.8,1386006.23,3528.46,0.586
2014,Uttar Pradesh,Banana,Summer,2441.0,616.4,368493.36,805.53,45.107097
2009,Uttarakhand,Soyabean,Kharif,8270.0,847.8,1288631.4,1405.9,1.19
2011,Madhya Pradesh,Coriander,Whole Year,158099.0,852.6,26484744.48,52172.67,0.38
2008,Chhattisgarh,Sannhamp,Whole Year,1434.0,1117.9,205119.36,129.06,0.301176
2008,Uttarakhand,other oilseeds,Kharif,420.0,1363.7,60076.8,37.8,0.625
2020,Uttarakhand,Peas & beans (Pulses),Rabi,4919.0,1313.9,952367.59,1820.03,0.669231
2009,Tamil Nadu,Tobacco,Whole Year,7051.0,928.5,1098686.82,1198.67,1.407857
2010,Tripura,Groundnut,Kharif,336.0,2348.3,55812.96,80.64,1.09
2000,Uttar Pradesh,Urad,Kharif,322257.0,874.4,31635969.69,83786.82,0.463768
2007,Odisha,Jute,Autumn,5818.0,1633.8,776121.2,930.88,8.147778
2016,Chhattisgarh,Peas & beans (Pulses),Rabi,14149.0,1298.9,2168334.25,4952.15,0.3864
2000,Punjab,Potato,Rabi,281117.29,604.2,46512.12,1891.28,18.77698
2016,Andhra Pradesh,Jowar,Kharif,14260.0,890.0,2185345.0,4991.0,1.293846
2015,Meghalaya,Rapeseed &Mustard,Rabi,9786.0,3870.8,1545307.26,3229.38,0.953636
2001,Uttarakhand,Bajra,Kharif,44.0,1541.3,4493.72,11.44,1.295
2004,Chhattisgarh,Sesamum,Kharif,24281.0,1122.8,2630603.54,5099.01,0.308125
2005,Andhra Pradesh,Sesamum,Kharif,79424.0,1075.5,9524526.08,16679.04,0.205714
2004,West Bengal,Khesari,Rabi,35048.0,1612.9,3797100.32,7360.08,0.838824
2015,Chhattisgarh,Maize,Kharif,126356.0,1136.0,19952875.96,41697.48,1.733333
2007,Nagaland,Sunflower,Kharif,1000.0,1769.0,133400.0,160.0,0.9375
2019,Meghalaya,Coriander,Whole Year,490.0,3844.4,84162.4,181.3,3.742
2015,Maharashtra,Onion,Rabi,188045.87,1214.2,40159.33,346.56,17.894749
2005,Jammu and Kashmir,Barley,Kharif,37.0,1721.8,4437.04,7.77,0.26
2015,Goa,Banana,Whole Year,2414.0,2587.1,381194.74,796.62,11.315
2015,Karnataka,Jowar,Kharif,104738.0,1024.9,16539177.58,34563.54,1.135789
2006,Jharkhand,Rapeseed &Mustard,Rabi,17701.5,1465.1,2260658.56,3894.33,0.655714
2008,West Bengal,Potato,Whole Year,385981.0,1560.1,55210722.24,34738.29,13.999444
2018,Kerala,Maize,Whole Year,104.33,2989.7,16921.68,36.51,4.508
2009,Madhya Pradesh,Coriander,Whole Year,150426.0,904.1,23439379.32,25572.42,0.367391
2017,Meghalaya,Mesta,Kharif,4470.0,4472.3,703756.8,1698.6,6.3
2006,Chhattisgarh,Tobacco,Whole Year,16.0,1317.2,2043.36,3.52,1.0
2005,Maharashtra,Other Kharif pulses,Kharif,189400.0,1387.2,22712848.0,39774.0,0.311212
2018,Gujarat,Ragi,Kharif,11994.0,1125.4,1945426.8,4197.9,0.786667
2005,Gujarat,Guar seed,Whole Year,188100.0,942.4,22556952.0,39501.0,0.618182
2003,Uttar Pradesh,Gram,Rabi,771682.0,1075.6,76381084.36,185203.68,1.042714
2016,Andhra Pradesh,Cowpea(Lobia),Kharif,3780.0,890.0,579285.0,1323.0,0.491429
2003,Tamil Nadu,Ginger,Kharif,395.0,345.6,39097.1,94.8,14.118333
2019,Uttarakhand,Moth,Kharif,9.0,1378.9,1545.84,3.33,0.56
2019,Madhya Pradesh,Arhar/Tur,Kharif,249147.0,1446.7,42793488.72,92184.39,0.886078
2020,Uttarakhand,Moth,Kharif,42.0,1313.9,8131.62,15.54,0.57
2017,Nagaland,Rapeseed &Mustard,Rabi,27450.0,1722.1,4321728.0,10431.0,1.012727
2005,Uttarakhand,Barley,Rabi,23420.0,1353.3,2808526.4,4918.2,0.845385
2010,Puducherry,Sunflower,Kharif,1.0,1434.6,166.11,0.24,1.0
2001,Gujarat,Tobacco,Whole Year,85500.0,666.5,8732115.0,22230.0,1.545714
2018,Andhra Pradesh,Bajra,Kharif,20932.0,1220.5,3395170.4,7326.2,1.300909
2013,Assam,Gram,Rabi,2053.0,1797.7,296637.97,554.31,0.6212
2006,Tripura,Groundnut,Kharif,412.0,1764.3,52616.52,90.64,1.1625
2008,Himachal Pradesh,Sugarcane,Kharif,2338.0,1357.1,334427.52,210.42,15.181429
2000,Uttar Pradesh,Jowar,Kharif,347427.0,874.4,34106908.59,90331.02,0.995909
2016,Gujarat,Groundnut,Kharif,1694732.0,710.5,259717679.0,593156.2,1.838
2010,Maharashtra,Cotton(lint),Kharif,3941900.0,1389.0,654789009.0,946056.0,1.861538
2002,Meghalaya,Castor seed,Kharif,23.0,4355.3,2177.41,5.75,0.495
2008,Puducherry,Small millets,Kharif,1.0,1434.6,143.04,0.09,1.0
2006,Tamil Nadu,Sesamum,Whole Year,52624.0,927.9,6720611.04,11577.28,0.491111
2016,Assam,Maize,Kharif,31333.0,2296.8,4801782.25,10966.55,2.545926
2011,Madhya Pradesh,Rice,Kharif,1693231.0,852.6,283650057.1,558766.23,1.400417
2007,Uttarakhand,Garlic,Whole Year,2468.0,1924.3,329231.2,394.88,5.487917
2003,Arunachal Pradesh,Maize,Kharif,38605.0,2782.2,3821122.9,9265.2,1.446667
2016,Kerala,Sesamum,Whole Year,178.7,2924.3,27385.16,62.54,0.213
2014,Manipur,Other Kharif pulses,Kharif,1554.0,987.5,234591.84,512.82,1.133333
2016,Meghalaya,Tobacco,Rabi,797.0,3837.1,122140.25,278.95,1.053333
2014,West Bengal,Horse-gram,Rabi,1989.0,1483.5,300259.44,656.37,0.639
2019,Jharkhand,Sesamum,Kharif,5844.0,1137.8,1003765.44,2162.28,0.416842
2000,Himachal Pradesh,Other Kharif pulses,Kharif,5644.0,1068.4,554071.48,1467.44,0.531818
2001,Haryana,Jowar,Kharif,103814.0,483.8,10602523.82,26991.64,0.12
2011,Uttar Pradesh,Wheat,Rabi,9731150.0,777.4,1630162248.0,3211279.5,3.253333
2012,Uttar Pradesh,Peas & beans (Pulses),Rabi,307272.0,746.3,46336617.6,95254.32,1.363099
2013,Punjab,Mustard,Rabi,1495278.03,662.2,348917.42,2358.79,1.443061
2013,Puducherry,Small millets,Kharif,3.0,1083.2,433.47,0.81,1.0
2020,Karnataka,Coconut,Whole Year,353776.18,1248.2,69515.13,4642.59,9759.512944
2019,Tamil Nadu,Tobacco,Whole Year,1658.0,910.1,284778.08,613.46,1.397778
2010,Chhattisgarh,Moong(Green Gram),Kharif,9155.0,1283.1,1520737.05,2197.2,0.242778
2004,Assam,Niger seed,Kharif,8730.0,2536.9,945808.2,1833.3,0.532778
2015,Jammu and Kashmir,Horse-gram,Kharif,192.0,1572.6,30318.72,63.36,0.371667
2000,Uttarakhand,Masoor,Rabi,15290.0,1413.4,1501019.3,3975.4,0.512308
2008,Bihar,Linseed,Rabi,25957.0,1197.7,3712889.28,2336.13,0.844054
2005,Tripura,Other Kharif pulses,Kharif,1642.0,1765.9,196908.64,344.82,0.665
2003,Nagaland,Cotton(lint),Kharif,2000.0,1709.8,197960.0,480.0,0.08375
2000,Manipur,Banana,Whole Year,3420.0,1969.7,335741.4,889.2,12.83875
2009,Madhya Pradesh,Onion,Whole Year,51151.0,904.1,7970348.82,8695.67,13.143
2001,Odisha,Tobacco,Whole Year,5680.0,1672.5,580098.4,1476.8,0.524
2018,Tamil Nadu,Sweet potato,Whole Year,328.0,986.2,53201.6,114.8,25.312381
2016,Meghalaya,Wheat,Rabi,456.0,3837.1,69882.0,159.6,1.632
2019,West Bengal,Mango,Whole Year,132522.38,1882.1,32385.42,643.1,7.514291
2011,Gujarat,Mango,Whole Year,107685.55,813.0,19189.48,420.86,7.086899
2003,Chhattisgarh,Potato,Whole Year,10228.0,1643.7,1012367.44,2454.72,5.158125
2013,Puducherry,Jowar,Kharif,1.0,1083.2,144.49,0.27,2.0
2005,Karnataka,Linseed,Rabi,13154.0,1316.2,1577427.68,2762.34,0.316667
2008,Chhattisgarh,Barley,Rabi,3182.0,1117.9,455153.28,286.38,0.958571
2008,Andhra Pradesh,Maize,Kharif,497803.0,944.6,71205741.12,44802.27,3.601818
2004,West Bengal,Safflower,Rabi,419.0,1612.9,45394.46,87.99,0.8075
2012,Andhra Pradesh,Dry chillies,Kharif,160000.0,968.7,24128000.0,49600.0,2.63
2005,Kerala,Rubber,Whole Year,32543.7,2540.1,6053.48,124.87,1.353625
2018,Uttar Pradesh,Cotton(lint),Kharif,5699.0,792.8,924377.8,1994.65,0.393333
2003,Odisha,Rapeseed &Mustard,Rabi,15907.0,1648.2,1574474.86,3817.68,0.16931
2015,Uttarakhand,Turmeric,Whole Year,980.0,1247.6,154751.8,323.4,1.766667
2015,Madhya Pradesh,Soyabean,Kharif,5910000.0,1000.7,933248100.0,1950300.0,0.812653
2009,Haryana,Bajra,Kharif,583809.0,393.0,90969118.38,99247.53,1.601429
2013,Puducherry,Groundnut,Kharif,5.0,1083.2,722.45,1.35,3.0
2014,Kerala,Rubber,Whole Year,38945.46,2323.5,6312.34,222.01,1.539876
2019,Assam,Arhar/Tur,Kharif,5830.0,2084.7,1001360.8,2157.1,0.865926
2015,Manipur,Other Kharif pulses,Kharif,1531.0,1329.1,241760.21,505.23,1.132222
2014,Maharashtra,Ragi,Kharif,111600.0,1001.6,16847136.0,36828.0,1.091818
2016,Haryana,Arhar/Tur,Kharif,5600.0,554.7,858200.0,1960.0,0.84
2011,Odisha,Horse-gram,Summer,90.0,1346.2,15076.8,29.7,0.25
2014,Haryana,Urad,Kharif,1300.0,301.3,196248.0,429.0,0.358
2018,Tripura,Small millets,Kharif,583.0,2169.1,94562.6,204.05,0.83875
2017,Uttar Pradesh,Coriander,Rabi,6790.0,652.1,1069017.6,2580.2,0.531231
2000,Tamil Nadu,Onion,Whole Year,29822.0,971.1,2927625.74,7753.72,8.016667
2012,Andhra Pradesh,Coriander,Kharif,1109.0,968.7,167237.2,343.79,0.575
2011,Chhattisgarh,Safflower,Rabi,477.0,1302.7,79907.04,157.41,0.271667
2013,Madhya Pradesh,Maize,Kharif,851639.0,1451.4,123053319.1,229942.53,1.5412
2018,Chhattisgarh,Turmeric,Whole Year,1375.0,1515.5,223025.0,481.25,1.194545
2010,Madhya Pradesh,Sesamum,Whole Year,360426.0,856.3,59870362.86,86502.24,0.5646
2014,Telangana,Rapeseed &Mustard,Rabi,2254.0,746.4,340263.84,743.82,1.62
2012,Bihar,Wheat,Rabi,2207704.0,924.1,332921763.2,684388.24,2.749211
2002,Maharashtra,Rapeseed &Mustard,Rabi,8100.0,967.4,766827.0,2025.0,0.317778
2003,Chhattisgarh,Maize,Kharif,98575.0,1643.7,9756953.5,23658.0,1.20625
2003,Assam,Niger seed,Kharif,9747.0,2213.7,964758.06,2339.28,0.538333
2020,Karnataka,Tomato,Whole Year,34375.25,1705.7,7365.95,184.76,25.213619
2019,Sikkim,Rapeseed &Mustard,Rabi,3133.0,2740.0,538124.08,1159.21,0.85
2015,Telangana,Coriander,Kharif,11.0,747.9,1737.01,3.63,0.73
2016,Uttar Pradesh,Onion,Rabi,10526.0,965.3,1613109.5,3684.1,13.93274
2004,Uttarakhand,Sesamum,Kharif,2035.0,1219.6,220471.9,427.35,0.233846
2000,Uttarakhand,Sesamum,Kharif,2700.0,1413.4,265059.0,702.0,0.166667
2013,Karnataka,Cashewnut,Whole Year,63757.0,1235.6,9212248.93,17214.39,0.883636
2002,West Bengal,Urad,Kharif,48645.0,1629.1,4605222.15,12161.25,0.523333
2018,Jammu and Kashmir,Masoor,Kharif,210.0,1016.3,34062.0,73.5,1.125
2018,Chhattisgarh,Small millets,Kharif,76737.0,1515.5,12446741.4,26857.95,0.331154
2020,Jharkhand,Rice,Kharif,1027813.52,1460.6,218612.03,9623.29,3.88077
2004,Chhattisgarh,Potato,Whole Year,10638.0,1122.8,1152520.92,2233.98,5.89625
2013,West Bengal,Jowar,Kharif,25.0,1939.9,3612.25,6.75,0.28
2008,Madhya Pradesh,Gram,Rabi,2869006.0,895.0,410382618.2,258210.54,0.9016
2004,Meghalaya,Castor seed,Kharif,32.0,4767.9,3466.88,6.72,0.693333
2007,Andhra Pradesh,Dry chillies,Kharif,174000.0,1004.2,23211600.0,27840.0,2.807895
2017,Karnataka,Tobacco,Whole Year,95371.0,1111.7,15015210.24,36240.98,1.01
2003,West Bengal,Jute,Kharif,620421.0,1526.7,61409270.58,148901.04,14.477647
2007,West Bengal,Onion,Rabi,208538.34,1848.4,39247.92,2208.11,17.849676
2000,Uttar Pradesh,Jute,Kharif,30.0,874.4,2945.1,7.8,0.875
2014,Himachal Pradesh,Sesamum,Kharif,1998.0,1019.9,301618.08,659.34,0.348889
2001,Mizoram,Rice,Kharif,55880.0,2406.4,5707024.4,14528.8,1.825
2013,Gujarat,Potato,Whole Year,79304.0,1006.5,11458634.96,21412.08,26.013077
2002,Telangana,Soyabean,Kharif,1609784.58,842.8,316905.75,9191.35,0.980404
2006,Uttar Pradesh,Turmeric,Rabi,1625.0,590.5,207528.75,357.5,3.393243
2004,Bihar,Barley,Rabi,17346.0,1147.8,1879265.64,3642.66,1.092222
2000,Haryana,Bajra,Kharif,608321.0,383.7,59718872.57,158163.46,0.928421
2006,Himachal Pradesh,Small millets,Kharif,7479.0,1207.0,955143.09,1645.38,0.548571
2018,Telangana,Potato,Kharif,8.0,1350.3,1297.6,2.8,3.0
2000,Puducherry,Ragi,Kharif,125.0,1434.6,12271.25,32.5,2.21
2015,Maharashtra,Sugarcane,Whole Year,987100.0,875.7,155872961.0,325743.0,59.971333
2019,Madhya Pradesh,Ginger,Whole Year,27479.56,1446.7,4719889.23,10167.44,15.644792
2002,Delhi,Jowar,Kharif,9273.0,593.6,877874.91,2318.25,0.43
2012,Punjab,Peas & beans (Pulses),Rabi,900.0,338.9,135720.0,279.0,1.25
2000,Odisha,Tobacco,Whole Year,3380.0,1066.0,331814.6,878.8,0.454167
2011,Odisha,Ragi,Autumn,20228.0,1346.2,3388594.56,6675.24,0.548235
2007,Bihar,Linseed,Rabi,27507.0,1600.2,3669433.8,4401.12,0.828108
2012,Mizoram,Arhar/Tur,Kharif,205.0,2050.2,30914.0,63.55,1.15
2018,Madhya Pradesh,Horse-gram,Kharif,1852.0,1102.2,300394.4,648.2,0.216667
2014,Andhra Pradesh,Wheat,Rabi,320.0,687.6,48307.2,105.6,1.02
2013,Chhattisgarh,Urad,Kharif,93484.0,1418.3,13507503.16,25240.68,0.333333
2002,Odisha,Other Kharif pulses,Kharif,20790.0,1102.8,1968189.3,5197.5,0.455556
2009,Assam,Small millets,Kharif,6260.0,1727.1,975433.2,1064.2,0.750385
2002,Jammu and Kashmir,Moong(Green Gram),Kharif,2650.0,933.2,250875.5,662.5,0.5075
2017,Maharashtra,Groundnut,Kharif,239847.0,1129.5,37761511.68,91141.86,1.011667
2018,Tamil Nadu,Ragi,Kharif,56917.0,986.2,9231937.4,19920.95,3.1396
2004,Madhya Pradesh,Turmeric,Whole Year,662.0,895.7,71721.08,139.02,1.012812
2005,Puducherry,Sesamum,Kharif,132.0,1434.6,15829.44,27.72,0.356667
2006,Himachal Pradesh,Groundnut,Kharif,105.0,1207.0,13409.55,23.1,0.905
2015,West Bengal,Sunflower,Kharif,7225.0,1717.0,1140899.75,2384.25,1.298125
2002,Assam,Tobacco,Whole Year,1104.0,1973.6,104515.68,276.0,0.56
2008,Sikkim,Urad,Kharif,3220.0,2247.5,460588.8,289.8,0.85
2018,Chhattisgarh,Linseed,Rabi,16055.0,1515.5,2604121.0,5619.25,0.2804
2015,Chhattisgarh,Castor seed,Rabi,54.0,1136.0,8527.14,17.82,0.278571
2014,Uttarakhand,Gram,Rabi,601.0,1287.4,90726.96,198.33,0.771
2011,Tamil Nadu,Coconut,Whole Year,419400.0,926.5,70257888.0,138402.0,13248.16226
2016,Karnataka,Cashewnut,Whole Year,64072.0,1147.2,9819034.0,22425.2,0.774737
2013,Uttarakhand,Rice,Kharif,246959.0,1735.4,35683105.91,66678.93,1.736154
2009,Delhi,Rice,Kharif,6821.0,528.4,1062848.22,1159.57,2.79
2010,Puducherry,Sugarcane,Kharif,1765.0,1434.6,293184.15,423.6,115.19
2015,Madhya Pradesh,Sunflower,Rabi,1000.0,1000.7,157910.0,330.0,1.0
2010,Sikkim,Soyabean,Kharif,4200.0,2527.0,697662.0,1008.0,0.89
2012,Uttarakhand,Arhar/Tur,Kharif,2531.0,1309.8,381674.8,784.61,0.72
2014,Karnataka,Bajra,Kharif,234289.0,1238.5,35368267.44,77315.37,0.985556
2012,Chhattisgarh,Sweet potato,Whole Year,2661.0,1366.8,401278.8,824.91,5.426296
2011,Madhya Pradesh,Maize,Kharif,848894.0,852.6,142206722.9,280135.02,1.111429
2019,Haryana,Onion,Whole Year,23749.0,351.8,4079128.24,8787.13,24.541818
2014,Uttar Pradesh,Dry chillies,Kharif,13283.0,616.4,2005201.68,4383.39,0.828551
2010,Himachal Pradesh,Urad,Kharif,9616.0,1319.8,1597313.76,2307.84,0.575455
2004,Maharashtra,Other  Rabi pulses,Rabi,91200.0,1052.0,9880608.0,19152.0,0.364
2008,Odisha,Horse-gram,Summer,94.0,1539.0,13445.76,8.46,0.242
2008,Haryana,Groundnut,Kharif,1544.0,715.6,220853.76,138.96,0.678333
2010,Mizoram,Tapioca,Kharif,278.0,2738.7,46178.58,66.72,6.6975
2010,Himachal Pradesh,Arhar/Tur,Kharif,9.0,1319.8,1494.99,2.16,0.43
2017,Odisha,Wheat,Summer,73.0,1344.4,11493.12,27.74,2.387143
2016,Nagaland,Castor seed,Kharif,340.0,1959.8,52105.0,119.0,0.624444
2011,Nagaland,Soyabean,Kharif,24510.0,1544.4,4105915.2,8088.3,1.237273
2018,Nagaland,Other Kharif pulses,Kharif,11120.0,1372.7,1803664.0,3892.0,1.206
2008,Meghalaya,Castor seed,Kharif,29.0,3114.3,4148.16,2.61,0.686667
2015,Tamil Nadu,Sesamum,Kharif,18547.0,1201.9,2928756.77,6120.51,0.625769
2002,Maharashtra,Other  Rabi pulses,Rabi,91200.0,967.4,8633904.0,22800.0,0.3948
2007,Jammu and Kashmir,Coriander,Rabi,9.0,1042.2,1200.6,1.44,0.125
2008,West Bengal,Rapeseed &Mustard,Rabi,412488.0,1560.1,59002283.52,37123.92,0.677778
2011,Bihar,Banana,Whole Year,31397.77,1465.0,2835.34,104.73,25.263888
2017,Maharashtra,other oilseeds,Summer,621.0,1129.5,97770.24,235.98,2.32
2003,Andhra Pradesh,Linseed,Rabi,4542.0,826.0,449567.16,1090.08,0.21
2015,Maharashtra,Niger seed,Kharif,12370.0,875.7,1953346.7,4082.1,0.167727
2010,Himachal Pradesh,Other Kharif pulses,Kharif,1838.0,1319.8,305310.18,441.12,0.35
2012,Haryana,Turmeric,Whole Year,287.0,307.9,43279.6,88.97,0.86625
2005,Delhi,Maize,Kharif,79.0,653.1,9473.68,16.59,1.82
2010,Karnataka,Sugarcane,Whole Year,436798.0,1317.7,72556515.78,104831.52,97.331379
2005,Uttar Pradesh,Guar seed,Whole Year,2327.0,751.9,279053.84,488.67,0.812642
2019,Karnataka,Moong(Green Gram),Kharif,392336.0,1422.3,67387631.36,145164.32,0.298462
2001,Odisha,Ragi,Kharif,76262.0,1672.5,7788638.06,19828.12,0.489167
2007,Jammu and Kashmir,Bajra,Kharif,16816.0,1042.2,2243254.4,2690.56,0.603333
2010,Tamil Nadu,Rice,Kharif,1905726.0,1095.2,316560145.9,457374.24,3.597419
2002,Uttarakhand,Ragi,Kharif,127391.0,1610.3,12060105.97,31847.75,1.168182
2012,Bihar,Onion,Rabi,79677.56,1217.4,16627.01,586.55,18.738578
2019,Sikkim,Barley,Rabi,401.0,2740.0,68875.76,148.37,1.113333
2000,Odisha,Mustard,Rabi,1140249.05,1352.0,148242.64,5700.64,1.301433
2008,Assam,Arhar/Tur,Kharif,5368.0,2109.9,767838.72,483.12,0.706296
2014,West Bengal,Mango,Whole Year,83790.19,1647.4,20613.25,326.65,6.372136
2000,Nagaland,Rapeseed &Mustard,Rabi,15000.0,1631.8,1472550.0,3900.0,0.8025
2005,Maharashtra,Jowar,Kharif,1472400.0,1387.2,176570208.0,309204.0,1.138846
2004,Gujarat,Cotton(lint),Kharif,1906300.0,719.8,206528542.0,400323.0,3.209091
2017,Uttar Pradesh,Tobacco,Rabi,22183.0,652.1,3492491.52,8429.54,4.592273
2002,Odisha,Groundnut,Kharif,56137.0,1102.8,5314489.79,14034.25,0.863
2011,Tripura,Sesamum,Kharif,1942.0,2295.6,325323.84,640.86,0.5575
2001,Meghalaya,Tapioca,Whole Year,3971.0,4241.0,405558.23,1032.46,6.401429
2016,Meghalaya,Sweet potato,Kharif,4667.0,3837.1,715217.75,1633.45,3.69
2003,Rajasthan,Jowar,Kharif,1583956.47,520.2,197783.52,3199.0,1.024713
2014,Meghalaya,Dry chillies,Whole Year,2232.0,3484.4,336942.72,736.56,1.064545
2015,Telangana,other oilseeds,Kharif,3894.0,747.9,614901.54,1285.02,21.38
2004,Kerala,Rubber,Whole Year,20940.08,3497.6,4356.71,215.63,1.489536
2015,Assam,Turmeric,Whole Year,16272.0,2155.3,2569511.52,5369.76,0.97963
2007,Chhattisgarh,Urad,Kharif,109010.0,1246.2,14541934.0,17441.6,0.32
2016,Andhra Pradesh,Cotton(lint),Kharif,463437.0,890.0,71021720.25,162202.95,2.633077
2000,Bihar,Potato,Whole Year,144563.0,1207.0,14191749.71,37586.38,9.984595
2014,Tamil Nadu,Onion,Kharif,11835.0,911.3,1786611.6,3905.55,8.114074
2000,Jammu and Kashmir,Rapeseed &Mustard,Rabi,66135.0,989.5,6492472.95,17195.1,0.381667
2013,Rajasthan,Moong,Kharif,14120.69,207.4,1785.84,161.14,0.628995
2015,Tamil Nadu,Horse-gram,Kharif,11492.0,1201.9,1814701.72,3792.36,0.623182
2020,Haryana,Potato,Rabi,138555.09,649.5,20276.55,1509.19,26.160113
2005,Gujarat,Dry chillies,Whole Year,7500.0,942.4,899400.0,1575.0,0.943
2009,Andhra Pradesh,Cashewnut,Whole Year,139274.0,711.0,21701674.68,23676.58,0.315
2011,Nagaland,Wheat,Rabi,3150.0,1544.4,527688.0,1039.5,1.711111
2004,Tripura,Groundnut,Kharif,442.0,2706.3,47886.28,92.82,1.005
2009,Delhi,Barley,Kharif,76.0,528.4,11842.32,12.92,2.82
2005,Karnataka,Castor seed,Kharif,24981.0,1316.2,2995721.52,5246.01,1.086667
2007,Meghalaya,Tobacco,Whole Year,696.0,4702.0,92846.4,111.36,0.665
2009,Uttarakhand,Masoor,Rabi,10792.0,847.8,1681609.44,1834.64,0.620769
2010,Jammu and Kashmir,Barley,Kharif,102.0,1352.0,16943.22,24.48,0.31
2016,Madhya Pradesh,Other  Rabi pulses,Rabi,29000.0,1048.4,4444250.0,10150.0,0.874444
2008,Jharkhand,Onion,Rabi,3049.28,1295.2,436169.01,274.44,4.964348
2016,Andhra Pradesh,Ragi,Kharif,26899.0,890.0,4122271.75,9414.65,1.086
2004,Bihar,Ginger,Kharif,365.0,1147.8,39544.1,76.65,1.450833
2007,Kerala,Tobacco,Whole Year,43.0,3489.6,5736.2,6.88,1.6
2006,Nagaland,Arhar/Tur,Kharif,8500.0,1362.5,1085535.0,1870.0,1.205
2005,Odisha,Potato,Winter,8305.0,1503.4,995935.6,1744.05,8.475517
2002,Uttarakhand,Potato,Kharif,7741.0,1610.3,732840.47,1935.25,20.172
2000,Odisha,Arhar/Tur,Kharif,149140.0,1066.0,14641073.8,38776.4,0.639667
2020,Karnataka,Potato,Rabi,156654.99,1606.5,18030.85,354.51,25.40839
2014,Manipur,Cowpea(Lobia),Kharif,966.0,987.5,145827.36,318.78,1.075556
2000,Himachal Pradesh,Barley,Rabi,25639.0,1068.4,2516980.63,6666.14,0.8325
2007,Tamil Nadu,Coconut,Whole Year,383366.0,1067.2,51141024.4,61338.56,13190.09759
2001,West Bengal,Khesari,Rabi,34665.0,1556.6,3540336.45,9012.9,0.82625
2020,Karnataka,Jowar,Kharif,836318.93,2534.2,107249.79,5888.78,1.658102
2003,Andhra Pradesh,Arecanut,Whole Year,311.0,826.0,30782.78,74.64,0.704
2012,Manipur,Arhar/Tur,Kharif,445.0,1176.7,67106.0,137.95,0.922222
2007,Sikkim,Small millets,Kharif,3730.0,2003.4,497582.0,596.8,0.6525
2012,Tripura,Mesta,Kharif,641.0,1882.2,96662.8,198.71,7.9475
2005,Karnataka,Sesamum,Kharif,102862.0,1316.2,12335211.04,21601.02,0.879615
2000,Madhya Pradesh,Other  Rabi pulses,Rabi,719150.0,723.3,70598955.5,186979.0,0.397778
2012,Puducherry,Onion,Rabi,1.0,1098.3,150.8,0.31,18.0
2000,Jharkhand,Maize,Kharif,592740.94,1308.6,37343.78,4424.66,2.742645
2008,Nagaland,Peas & beans (Pulses),Kharif,2140.0,1540.9,306105.6,192.6,1.39
2016,Sikkim,Rice,Kharif,10481.0,2971.6,1606213.25,3668.35,1.8075
2016,Madhya Pradesh,Horse-gram,Kharif,13000.0,1048.4,1992250.0,4550.0,0.484
2013,Telangana,Turmeric,Kharif,49638.0,1348.7,7172194.62,13402.26,4.785556
2007,Chhattisgarh,Masoor,Rabi,16758.0,1246.2,2235517.2,2681.28,0.315333
2002,Himachal Pradesh,Rapeseed &Mustard,Rabi,9830.0,890.8,930606.1,2457.5,0.39
2019,Punjab,Sugarcane,Whole Year,91000.0,653.2,15630160.0,33670.0,81.607059
2017,Jharkhand,Sesamum,Kharif,16168.0,1165.7,2545489.92,6143.84,0.419048
2018,Andhra Pradesh,Sugarcane,Kharif,101525.0,1220.5,16467355.0,35533.75,84.047692
2019,Odisha,Maize,Autumn,61041.0,1593.9,10484402.16,22585.17,2.048182
2016,Telangana,Sesamum,Kharif,3268.0,942.6,500821.0,1143.8,0.150556
2018,Odisha,Maize,Autumn,49126.0,1635.9,7968237.2,17194.1,1.665652
2007,Chhattisgarh,Dry chillies,Whole Year,6028.0,1246.2,804135.2,964.48,0.687222
2015,Tripura,Other Kharif pulses,Kharif,17.0,2334.4,2684.47,5.61,1.0
2019,Uttarakhand,Garlic,Whole Year,4600.0,1378.9,790096.0,1702.0,5.727727
2011,Meghalaya,Potato,Whole Year,17717.0,4083.1,2967951.84,5846.61,7.448571
2020,Uttarakhand,Moong(Green Gram),Kharif,9.0,1313.9,1742.49,3.33,0.856667
2004,Karnataka,Other Kharif pulses,Kharif,164849.0,1117.7,17859740.66,34618.29,0.276154
2012,Meghalaya,Soyabean,Kharif,1589.0,2945.3,239621.2,492.59,1.94
2005,Chhattisgarh,Jowar,Kharif,8455.0,1292.7,1013923.6,1775.55,0.793333
2019,West Bengal,Banana,Whole Year,64708.42,1999.2,14429.55,472.42,31.75402
2010,Delhi,Barley,Kharif,70.0,989.5,11627.7,16.8,2.81
2007,Chhattisgarh,Soyabean,Kharif,72379.0,1246.2,9655358.6,11580.64,1.261429
2009,Sikkim,Soyabean,Kharif,4200.0,2176.6,654444.0,714.0,0.8675
2016,Andhra Pradesh,Onion,Kharif,32006.0,890.0,4904919.5,11202.1,21.054167
2017,Madhya Pradesh,Ginger,Whole Year,23431.48,800.0,3689052.21,8903.96,16.202083
2008,Nagaland,Dry chillies,Kharif,2500.0,1540.9,357600.0,225.0,1.258182
2008,Jharkhand,Arhar/Tur,Rabi,16995.84,1295.2,2431084.95,1529.63,1.465
2013,Tripura,Jute,Kharif,643.0,2043.5,92907.07,173.61,8.3425
2016,Delhi,Barley,Kharif,68.0,747.1,10421.0,23.8,2.71
2009,Madhya Pradesh,Mesta,Whole Year,731.0,904.1,113904.42,124.27,0.283333
2002,Meghalaya,Wheat,Rabi,2714.0,4355.3,256934.38,678.5,1.455
2000,Uttarakhand,Moong(Green Gram),Kharif,45.0,1413.4,4417.65,11.7,0.393333
2002,Bihar,Safflower,Rabi,162.0,1105.8,15336.54,40.5,0.82
2005,Assam,Castor seed,Kharif,1364.0,2184.6,163570.88,286.44,0.422
2005,Chhattisgarh,Cotton(lint),Kharif,248.0,1292.7,29740.16,52.08,1.2775
2014,Puducherry,Coriander,Rabi,1.0,1330.0,150.96,0.33,1.0
2014,Assam,Banana,Whole Year,51279.0,1899.0,7741077.84,16922.07,16.40037
2007,Tamil Nadu,Small millets,Kharif,38240.0,1067.2,5101216.0,6118.4,0.956957
2018,Jammu and Kashmir,Ginger,Kharif,27.0,1016.3,4379.4,9.45,1.983333
2015,Manipur,Arhar/Tur,Kharif,533.0,1329.1,84166.03,175.89,1.088889
2011,Uttarakhand,Small millets,Kharif,63943.0,1564.7,10711731.36,21101.19,1.202727
2005,Chhattisgarh,Coriander,Whole Year,4008.0,1292.7,480639.36,841.68,0.258
2017,Rajasthan,Moong,Kharif,29781.63,244.9,5850.68,289.63,0.804687
2016,Kerala,Small millets,Whole Year,9.0,2924.3,1379.25,3.15,0.67
2010,Assam,Potato,Whole Year,85023.0,2578.5,14123170.53,20405.52,7.705185
2012,Jammu and Kashmir,Maize,Kharif,310909.0,1116.7,46885077.2,96381.79,1.407
2014,West Bengal,Coconut,Whole Year,29680.0,1483.5,4480492.8,9794.4,12561.52684
2014,Chhattisgarh,Groundnut,Kharif,29095.0,1274.7,4392181.2,9601.35,1.434286
2012,Karnataka,Maize,Kharif,1161644.0,956.2,175175915.2,360109.64,2.741071
2019,Tripura,Small millets,Kharif,458.0,2252.8,78666.08,169.46,0.8175
2016,Nagaland,Sugarcane,Kharif,4420.0,1959.8,677365.0,1547.0,43.710909
2002,Chhattisgarh,Potato,Whole Year,9564.0,1001.4,905423.88,2391.0,6.6325
2010,Rajasthan,Barley,Rabi,25229.7,548.5,5815.21,158.14,2.543525
2012,Uttar Pradesh,Sunflower,Summer,2721.0,746.3,410326.8,843.51,0.809118
2005,Assam,Arhar/Tur,Kharif,6473.0,2184.6,776242.16,1359.33,0.704444
2004,Manipur,Sesamum,Kharif,1930.0,1613.3,209096.2,405.3,0.46
2018,Delhi,Barley,Kharif,59.0,678.5,9569.8,20.65,2.92
2010,Arunachal Pradesh,Wheat,Rabi,3699.0,2574.1,614440.89,887.76,1.647
2002,Manipur,Sesamum,Kharif,30.0,1743.7,2840.1,7.5,0.67
2013,Haryana,Moong(Green Gram),Kharif,7100.0,452.2,1025879.0,1917.0,0.438571
2015,Kerala,Black pepper,Whole Year,85947.77,2602.9,13572012.36,28362.76,0.354286
2015,Bihar,Barley,Rabi,10655.0,874.0,1682531.05,3516.15,1.310769
2014,Jharkhand,Arhar/Tur,Rabi,33169.0,1156.6,5007192.24,10945.77,1.818696
2007,Sikkim,Rice,Kharif,11860.0,2003.4,1582124.0,1897.6,1.5475
2004,Tripura,Maize,Kharif,2790.0,2706.3,302268.6,585.9,1.0525
2010,Arunachal Pradesh,Dry chillies,Whole Year,2221.0,2574.1,368930.31,533.04,1.90375
2016,Mizoram,Cowpea(Lobia),Kharif,1096.0,2626.8,167962.0,383.6,1.1375
2020,Rajasthan,Moong,Kharif,23190.39,369.9,5678.29,298.67,0.792587
2019,Puducherry,Other Kharif pulses,Kharif,5.0,1317.0,858.8,1.85,0.8
2019,Chhattisgarh,Rapeseed &Mustard,Rabi,35026.0,1420.3,6016065.76,12959.62,0.431429
2000,Haryana,Jowar,Kharif,109354.0,383.7,10735282.18,28432.04,0.206923
2015,Rajasthan,Cotton(lint),Kharif,1140330.74,247.3,251232.57,5363.33,0.555199
2019,Arunachal Pradesh,Rapeseed &Mustard,Rabi,28261.0,2433.3,4854109.36,10456.57,1.221667
2018,Chhattisgarh,Potato,Kharif,1441.0,1515.5,233730.2,504.35,7.005556
2008,Manipur,Maize,Kharif,17980.0,1134.8,2571859.2,1618.2,1.724444
2000,West Bengal,Peas & beans (Pulses),Rabi,7338.0,1907.7,720371.46,1907.88,0.843333
2009,Jammu and Kashmir,Dry chillies,Kharif,603.0,751.7,93959.46,102.51,0.973636
2010,Kerala,Rice,Autumn,70498.28,3131.8,11710469.29,16919.59,2.236923
2016,Gujarat,Other Cereals,Kharif,5937.0,710.5,909845.25,2077.95,0.6875
2020,Gujarat,Maize,Kharif,397617.74,1153.4,121438.88,3491.34,3.766515
2005,Chhattisgarh,Gram,Rabi,242687.0,1292.7,29103025.04,50964.27,0.67375
2004,West Bengal,Urad,Kharif,47508.0,1612.9,5147016.72,9976.68,0.653333
2016,Andhra Pradesh,Linseed,Kharif,219.0,890.0,33561.75,76.65,0.48
2005,Odisha,Sesamum,Autumn,3014.0,1503.4,361438.88,632.94,0.171176
2018,Himachal Pradesh,Rice,Kharif,71810.0,1052.2,11647582.0,25133.5,1.623636
2016,Himachal Pradesh,Garlic,Rabi,3342.0,1373.9,512161.5,1169.7,0.417778
2012,Jammu and Kashmir,Wheat,Rabi,289964.0,1116.7,43726571.2,89888.84,1.328462
2012,Madhya Pradesh,Castor seed,Kharif,3004.0,1049.5,453003.2,931.24,0.321818
2008,Maharashtra,Urad,Kharif,323900.0,1052.8,46330656.0,29151.0,0.461515
2001,Uttar Pradesh,Turmeric,Whole Year,1419.0,849.9,144922.47,368.94,1.837907
2006,Bihar,Peas & beans (Pulses),Rabi,23662.0,1052.8,3021874.02,5205.64,0.93
2008,Odisha,Mustard,Rabi,614981.31,1638.2,76571.06,1582.32,1.483638
2012,Jammu and Kashmir,Rapeseed &Mustard,Rabi,59861.0,1116.7,9027038.8,18556.91,0.896316
2011,Gujarat,Sesamum,Kharif,175700.0,890.5,29433264.0,57981.0,0.519565
2009,Uttar Pradesh,Lentil,Rabi,18137.16,978.0,1564.62,98.29,0.884619
2010,Delhi,Potato,Whole Year,51.0,989.5,8471.61,12.24,311.02
2007,Maharashtra,Groundnut,Kharif,329300.0,1257.2,43928620.0,52688.0,0.893077
2019,Bihar,Jowar,Kharif,631.0,1194.7,108380.56,233.47,1.0825
2013,Uttarakhand,Bajra,Kharif,1.0,1735.4,144.49,0.27,1.0
2009,Punjab,Rice,Kharif,2802000.0,371.3,436607640.0,476340.0,3.9775
2001,Puducherry,Arecanut,Whole Year,65.0,1434.6,6638.45,16.9,2.11
2019,Odisha,Sunflower,Kharif,630.0,1593.9,108208.8,233.1,0.8275
2000,Goa,Cashewnut,Whole Year,53767.0,3886.9,5278306.39,13979.42,0.4
2018,Maharashtra,Ragi,Kharif,80297.0,1387.4,13024173.4,28103.95,1.000833
2017,Telangana,Moong(Green Gram),Kharif,91534.0,815.7,14411112.96,34782.92,0.663
2007,Uttar Pradesh,Maize,Kharif,812088.0,672.9,108332539.2,129934.08,1.36029
2016,Maharashtra,Castor seed,Kharif,7049.0,1151.1,1080259.25,2467.15,0.379474
2011,Tripura,Other  Rabi pulses,Rabi,1190.0,2295.6,199348.8,392.7,0.7975
2000,Rajasthan,Jowar,Kharif,835542.32,282.9,140610.07,3154.03,0.814335
2000,Karnataka,Groundnut,Kharif,883611.0,1213.3,86744091.87,229738.86,0.9464
2015,Gujarat,Sesamum,Kharif,152565.0,584.3,24091539.15,50346.45,0.353667
2014,Telangana,Soyabean,Kharif,242517.0,746.4,36610366.32,80030.61,1.067143
2001,Meghalaya,Sesamum,Kharif,1331.0,4241.0,135935.03,346.06,0.568571
2000,Assam,Dry chillies,Whole Year,14688.0,1965.5,1441920.96,3818.88,0.637826
2016,Rajasthan,Wheat,Rabi,3161779.24,604.1,698070.09,40559.31,4.225056
2006,Assam,Banana,Whole Year,43250.0,1774.9,5523457.5,9515.0,13.708148
2016,Uttar Pradesh,Masoor,Rabi,488964.0,965.3,74933733.0,171137.4,0.943067
2018,Tripura,Soyabean,Kharif,56.0,2169.1,9083.2,19.6,0.758333
2005,Andhra Pradesh,Castor seed,Kharif,344587.0,1075.5,41322873.04,72363.27,0.462778
2003,Delhi,Bajra,Kharif,2334.0,962.3,231019.32,560.16,1.61
2018,West Bengal,Ragi,Autumn,3274.0,2012.6,531042.8,1145.9,0.74
2018,Puducherry,Other Kharif pulses,Kharif,1.0,1693.9,162.2,0.35,1.0
2009,Rajasthan,Mustard,Rabi,590481.82,487.1,134021.33,1711.01,1.557334
2008,Uttarakhand,Wheat,Rabi,379081.0,1363.7,54223746.24,34117.29,1.491538
2016,Kerala,Black pepper,Whole Year,85207.0,2924.3,13057972.75,29822.45,0.35
2002,Delhi,Sugarcane,Whole Year,5.0,593.6,473.35,1.25,68.0
2017,Chhattisgarh,Onion,Whole Year,4238.0,1124.5,667230.72,1610.44,6.25087
2010,Andhra Pradesh,Coconut,Whole Year,103945.0,1297.0,17266303.95,24946.8,11116.99833
2000,Uttarakhand,Rice,Kharif,285545.0,1413.4,28031952.65,74241.7,1.649231
2010,Haryana,Moong(Green Gram),Kharif,25983.0,639.2,4316036.13,6235.92,0.205556
2017,Jharkhand,Moong(Green Gram),Kharif,29004.0,1165.7,4566389.76,11021.52,0.79125
2003,Kerala,Banana,Whole Year,55906.0,2386.0,5533575.88,13417.44,8.215
2005,Punjab,Moong(Green Gram),Kharif,12300.0,566.7,1475016.0,2583.0,0.839167
2019,Maharashtra,Rice,Kharif,1478093.0,1555.8,253877253.7,546894.41,1.256296
2012,Delhi,Jowar,Kharif,3319.0,451.9,500505.2,1028.89,0.91
2011,Bihar,Lentil,Rabi,13100.67,1458.1,3391.32,93.45,0.931455
2018,Jammu and Kashmir,Horse-gram,Kharif,777.0,1016.3,126029.4,271.95,0.428333
2012,Madhya Pradesh,Mesta,Kharif,307.0,1049.5,46295.6,95.17,0.343077
2019,Arunachal Pradesh,Dry chillies,Whole Year,3645.0,2433.3,626065.2,1348.65,2.842
2000,Assam,Arhar/Tur,Kharif,7280.0,1965.5,714677.6,1892.8,0.714348
2016,Uttarakhand,other oilseeds,Kharif,14.0,1580.9,2145.5,4.9,0.743333
2008,Karnataka,Castor seed,Kharif,19635.0,1164.1,2808590.4,1767.15,0.968261
2002,Goa,Coconut,Whole Year,25068.0,2516.3,2373187.56,6267.0,4867.56
2013,West Bengal,Banana,Whole Year,103218.85,1422.8,10535.83,585.64,24.688407
2020,Gujarat,Jowar,Kharif,1503749.16,1447.3,466254.23,2645.0,1.479456
2007,Kerala,Garlic,Whole Year,350.0,3489.6,46690.0,56.0,17.0
2000,West Bengal,Moong(Green Gram),Kharif,635.0,1907.7,62337.95,165.1,0.498571
2000,Uttar Pradesh,Rice,Kharif,5904128.0,874.4,579608245.8,1535073.28,1.894783
2000,Odisha,Horse-gram,Kharif,75996.0,1066.0,7460527.32,19758.96,0.217931
2010,Karnataka,Ginger,Whole Year,46469.0,1317.7,7718965.59,11152.56,3.717895
2014,Bihar,Barley,Rabi,12112.0,1061.0,1828427.52,3996.96,1.101034
2014,Andhra Pradesh,Sesamum,Kharif,21057.0,687.6,3178764.72,6948.81,0.2475
2002,Delhi,Cotton(lint),Kharif,1.0,593.6,94.67,0.25,1.0
2014,Tamil Nadu,Gram,Rabi,6820.0,911.3,1029547.2,2250.6,0.535789
2014,Chhattisgarh,Jowar,Whole Year,5000.0,1274.7,754800.0,1650.0,0.836667
2011,Nagaland,Urad,Kharif,220.0,1544.4,36854.4,72.6,0.9875
2007,Haryana,Gram,Rabi,107338.0,443.8,14318889.2,17174.08,0.3785
2018,Karnataka,Coriander,Whole Year,2918.0,1419.1,473299.6,1021.3,0.897333
2001,Punjab,Cotton(lint),Kharif,607000.0,479.3,61992910.0,157820.0,1.896364
2017,Andhra Pradesh,Horse-gram,Kharif,16828.0,868.2,2649400.32,6394.64,0.286667
2017,Andhra Pradesh,Moong(Green Gram),Kharif,18008.0,868.2,2835179.52,6843.04,0.625385
2014,Andhra Pradesh,Banana,Whole Year,61607.0,687.6,9300192.72,20330.31,31.493846
2009,Madhya Pradesh,Peas & beans (Pulses),Whole Year,194056.0,904.1,30237805.92,32989.52,0.492708
2012,Uttar Pradesh,Linseed,Rabi,29608.0,746.3,4464886.4,9178.48,0.459459
2000,Goa,Sugarcane,Whole Year,1250.0,3886.9,122712.5,325.0,58.2
2003,Puducherry,Tapioca,Whole Year,567.0,1434.6,56121.66,136.08,20.005
2018,Telangana,Gram,Rabi,104391.0,1350.3,16932220.2,36536.85,1.575
2009,Karnataka,Horse-gram,Kharif,114622.0,1321.0,17860400.04,19485.74,0.4852
2015,Goa,Sugarcane,Whole Year,1139.0,2587.1,179859.49,375.87,53.265
2002,Odisha,Rapeseed &Mustard,Rabi,12193.0,1102.8,1154311.31,3048.25,0.118333
2009,Maharashtra,Jowar,Kharif,1064300.0,1002.4,165839226.0,180931.0,1.0732
2013,Haryana,Sugarcane,Whole Year,101000.0,452.2,14593490.0,27270.0,74.987143
2019,Uttar Pradesh,Maize,Kharif,665264.0,814.5,114265744.6,246147.68,2.039467
2008,Uttarakhand,Rice,Kharif,275711.0,1363.7,39437701.44,24813.99,1.627692
2004,West Bengal,Cotton(lint),Kharif,959.0,1612.9,103898.06,201.39,5.295
2019,Gujarat,Soyabean,Kharif,100624.0,1067.8,17283178.24,37230.88,1.314706
2017,Nagaland,Wheat,Rabi,3410.0,1722.1,536870.4,1295.8,1.834444
2017,Madhya Pradesh,Jowar,Kharif,270040.0,800.0,42515097.6,102615.2,2.2274
2016,Bihar,Sugarcane,Whole Year,239567.0,1205.6,36713642.75,83848.45,65.162353
2017,Tamil Nadu,Garlic,Whole Year,760.0,970.9,119654.4,288.8,4.2975
2009,Haryana,Cotton(lint),Kharif,505082.0,393.0,78701877.24,85863.94,1.896111
2014,Jammu and Kashmir,Potato,Kharif,1792.0,1278.4,270520.32,591.36,8.44625
2019,Haryana,Bajra,Kharif,492900.0,351.8,84660504.0,182373.0,2.225238
2008,Odisha,Potato,Winter,7315.0,1539.0,1046337.6,658.35,9.706897
2012,Kerala,Arecanut,Whole Year,101775.0,2187.6,15347670.0,31550.25,0.895714
2000,Maharashtra,Ragi,Kharif,154900.0,1057.8,15206533.0,40274.0,0.881667
2000,Assam,Niger seed,Kharif,9044.0,1965.5,887849.48,2351.44,0.627368
2010,Karnataka,Ragi,Kharif,733345.0,1317.7,121815937.9,176002.8,1.627
2003,Karnataka,Onion,Whole Year,101221.0,867.6,10018854.58,24293.04,6.0956
2014,Tamil Nadu,Banana,Whole Year,91410.0,911.3,13799253.6,30165.3,42.5
2010,Nagaland,Urad,Rabi,660.0,1771.8,109632.6,158.4,0.639
2019,Kerala,Garlic,Whole Year,191.0,3119.2,32806.16,70.67,5.18
2010,Jammu and Kashmir,Other Cereals,Kharif,381.0,1352.0,63287.91,91.44,0.503333
2008,Haryana,Barley,Rabi,53028.0,715.6,7585125.12,4772.52,2.301429
2016,Madhya Pradesh,Sunflower,Rabi,1520.0,1048.4,232940.0,532.0,1.0
2006,West Bengal,Other Kharif pulses,Kharif,1052.0,1631.4,134350.92,231.44,0.501667
2003,Haryana,Rapeseed &Mustard,Rabi,619257.0,592.3,61294057.86,148621.68,1.351053
2007,Tamil Nadu,Ginger,Whole Year,625.0,1067.2,83375.0,100.0,18.978571
2010,Gujarat,Sesamum,Kharif,213800.0,1107.5,35514318.0,51312.0,0.430455
2008,Manipur,Banana,Whole Year,4991.0,1134.8,713912.64,449.19,12.91
2011,Chhattisgarh,Arhar/Tur,Kharif,52856.0,1302.7,8854437.12,17442.48,0.435556
2013,Himachal Pradesh,Onion,Rabi,764.0,1216.9,110390.36,206.28,9.466667
2013,Meghalaya,Jute,Kharif,6500.0,2448.4,939185.0,1755.0,9.706
2009,Puducherry,Sesamum,Kharif,5.0,1434.6,779.1,0.85,0.6
2011,Puducherry,Urad,Kharif,15.0,1434.6,2512.8,4.95,0.8
2017,Assam,Sesamum,Kharif,12214.0,2098.6,1922972.16,4641.32,0.638148
2017,Nagaland,Gram,Rabi,780.0,1722.1,122803.2,296.4,0.838182
2003,Tamil Nadu,Castor seed,Kharif,8720.0,345.6,863105.6,2092.8,0.409545
2002,Tripura,Moong(Green Gram),Whole Year,5003.0,2579.8,473634.01,1250.75,0.695
2017,Uttarakhand,Tobacco,Whole Year,5.0,1475.8,787.2,1.9,2.0
2019,Chhattisgarh,Sugarcane,Whole Year,31237.0,1420.3,5365267.12,11557.69,17.926667
2006,Madhya Pradesh,Sunflower,Kharif,848.0,1072.3,108298.08,186.56,0.31
2006,Madhya Pradesh,Sweet potato,Whole Year,4070.0,1072.3,519779.7,895.4,5.947174
2017,Tamil Nadu,Ragi,Kharif,62373.0,970.9,9820005.12,23701.74,3.3212
2019,Arunachal Pradesh,Peas & beans (Pulses),Kharif,674.0,2433.3,115766.24,249.38,1.056957
2019,West Bengal,Potato,Rabi,433051.0,1733.4,74380839.76,160228.87,27.683636
2009,Assam,Mustard,Rabi,554923.13,2221.1,36650.22,5950.07,1.479447
2014,Uttarakhand,Small millets,Kharif,59534.0,1287.4,8987252.64,19646.22,1.311818
2016,Gujarat,Ragi,Kharif,19205.0,710.5,2943166.25,6721.75,1.133333
2001,Delhi,Sugarcane,Whole Year,3.0,611.9,306.39,0.78,66.67
2004,Nagaland,Bajra,Kharif,2680.0,1711.5,290351.2,562.8,1.50875
2010,Madhya Pradesh,Moong(Green Gram),Kharif,83782.0,856.3,13917028.02,20107.68,0.3646
2000,Tamil Nadu,Sannhamp,Whole Year,10538.0,971.1,1034515.46,2739.88,0.725625
2007,Chhattisgarh,Ragi,Kharif,9338.0,1246.2,1245689.2,1494.08,0.258333
2005,Karnataka,Peas & beans (Pulses),Kharif,4174.0,1316.2,500546.08,876.54,5.612105
2013,Kerala,Coconut,Whole Year,808647.0,3255.4,116841405.0,218334.69,6785.354286
2017,Jammu and Kashmir,Barley,Kharif,93.0,1279.1,14641.92,35.34,0.354
2011,Kerala,Banana,Whole Year,59069.4,3035.1,9895305.89,19492.9,8.229286
2009,Punjab,Bajra,Kharif,3000.0,371.3,467460.0,510.0,1.333333
2001,Odisha,Sunflower,Kharif,460.0,1672.5,46979.8,119.6,0.568
2009,Haryana,Arhar/Tur,Kharif,19853.0,393.0,3093494.46,3375.01,0.742
2018,Bihar,Garlic,Whole Year,1780.0,1521.4,288716.0,623.0,1.530833
2019,Karnataka,Rapeseed &Mustard,Kharif,230.0,1422.3,39504.8,85.1,0.166842
2014,Odisha,Maize,Autumn,89218.0,1536.9,13468349.28,29441.94,1.46875
2007,Maharashtra,Rice,Kharif,1535300.0,1257.2,204809020.0,245648.0,1.377241
2012,Uttar Pradesh,Banana,Summer,2359.0,746.3,355737.2,731.29,44.695
2000,Chhattisgarh,Sesamum,Kharif,23393.0,896.4,2296490.81,6082.18,0.170625
2008,Himachal Pradesh,Linseed,Rabi,695.0,1357.1,99412.8,62.55,0.165
2003,Jharkhand,Sugarcane,Whole Year,338.45,1258.3,33499.78,81.23,2.85
2003,Kerala,Sugarcane,Whole Year,3535.0,2386.0,349894.3,848.4,82.35
2009,Uttar Pradesh,Urad,Kharif,501548.0,585.8,78151209.36,85263.16,0.457746
2019,Rajasthan,Moong,Kharif,45358.74,522.3,9342.78,132.18,0.879251
2016,West Bengal,Barley,Rabi,2546.0,1795.8,390174.5,891.1,1.428571
2019,Rajasthan,Coriander,Rabi,25975.32,561.1,3195.22,215.24,0.918033
2015,Karnataka,Maize,Kharif,1091587.0,1024.9,172372503.2,360223.71,2.7225
2014,Telangana,Safflower,Rabi,4155.0,746.4,627238.8,1371.15,0.752
2014,Telangana,Other Kharif pulses,Kharif,146.0,746.4,22040.16,48.18,0.603333
2002,Kerala,Tobacco,Whole Year,90.0,2511.2,8520.3,22.5,5.57
2004,Rajasthan,Moong,Kharif,43001.51,585.7,4261.56,56.94,0.622519
2005,Uttar Pradesh,Banana,Whole Year,1991.0,751.9,238760.72,418.11,38.080333
2019,Punjab,Barley,Rabi,6200.0,653.2,1064912.0,2294.0,3.646667
2013,Uttarakhand,Urad,Kharif,11132.0,1735.4,1608462.68,3005.64,0.793077
2007,Arunachal Pradesh,Maize,Kharif,42736.0,3223.9,5700982.4,6837.76,1.4625
2016,Tamil Nadu,Arecanut,Whole Year,7078.0,912.4,1084703.5,2477.3,1.477273
2017,Jammu and Kashmir,Small millets,Kharif,3681.0,1279.1,579536.64,1398.78,0.441
2015,Manipur,Ginger,Kharif,3226.0,1329.1,509417.66,1064.58,11.95
2002,Tamil Nadu,Gram,Rabi,6199.0,315.9,586859.33,1549.75,0.581667
2008,Karnataka,Gram,Rabi,726189.0,1164.1,103874074.6,65357.01,0.527391
2001,Arunachal Pradesh,Sugarcane,Whole Year,1036.0,2128.5,105806.68,269.36,17.738889
2013,Madhya Pradesh,Moong(Green Gram),Kharif,75236.0,1451.4,10870849.64,20313.72,0.398235
2005,Madhya Pradesh,Maize,Kharif,852591.0,1032.7,102242712.7,179044.11,1.380638
2018,Maharashtra,Sesamum,Kharif,36932.0,1387.4,5990370.4,12926.2,0.1896
2014,Kerala,Maize,Whole Year,67.0,3046.4,10114.32,22.11,1.166667
2003,Haryana,Rice,Kharif,1015191.0,592.3,100483605.2,243645.84,2.733333
2008,Andhra Pradesh,Ragi,Kharif,44783.0,944.6,6405760.32,4030.47,1.146154
2000,Puducherry,Tapioca,Whole Year,342.0,1434.6,33574.14,88.92,18.69
2010,Gujarat,Guar seed,Whole Year,124600.0,1107.5,20697306.0,29904.0,0.69
2000,Bihar,Ginger,Kharif,711.0,1207.0,69798.87,184.86,1.295714
2010,Nagaland,Jowar,Kharif,120.0,1771.8,19933.2,28.8,0.934
2015,Bihar,Urad,Kharif,13651.0,874.0,2155629.41,4504.83,0.906786
2008,Manipur,Gram,Rabi,548.0,1134.8,78385.92,49.32,0.845556
2020,Telangana,Soyabean,Kharif,2209074.57,1055.7,249568.96,13080.53,1.491784
2015,Assam,Coconut,Whole Year,20602.0,2155.3,3253261.82,6798.66,7708.538889
2009,Punjab,Potato,Rabi,217086.09,575.9,51118.3,572.12,22.957802
2010,Bihar,Jute,Kharif,127686.0,629.2,21209921.46,30644.64,9.54
2019,Arunachal Pradesh,Maize,Kharif,51100.0,2433.3,8776936.0,18907.0,1.6756
2013,Assam,Sesamum,Kharif,11703.0,1797.7,1690966.47,3159.81,0.677778
2017,Meghalaya,Masoor,Rabi,1256.0,4472.3,197744.64,477.28,1.321429
2003,West Bengal,Banana,Whole Year,85829.63,1783.6,13847.8,625.15,25.073221
2005,Madhya Pradesh,Potato,Whole Year,45967.0,1032.7,5512362.64,9653.07,12.90383
2012,Madhya Pradesh,Linseed,Rabi,87868.0,1049.5,13250494.4,27239.08,0.759762
2006,Odisha,Rice,Autumn,757000.0,1716.9,96676470.0,166540.0,1.056786
2011,Andhra Pradesh,Tapioca,Whole Year,12793.0,861.9,2143083.36,4221.69,9.755
2018,Tamil Nadu,Cashewnut,Whole Year,85272.0,986.2,13831118.4,29845.2,0.242
2016,Uttar Pradesh,Wheat,Rabi,9884913.0,965.3,1514862917.0,3459719.55,3.558667
2016,Maharashtra,Soyabean,Kharif,3840840.0,1151.1,588608730.0,1344294.0,1.27
2003,Rajasthan,Barley,Rabi,35959.52,268.8,6034.85,184.08,2.395203
2019,Maharashtra,Soyabean,Kharif,4123911.0,1555.8,708322953.4,1525847.07,1.153214
2008,Jammu and Kashmir,Rapeseed &Mustard,Rabi,56623.0,1390.1,8099353.92,5096.07,1.023684
2000,Bihar,Onion,Whole Year,13788.0,1207.0,1353567.96,3584.88,10.167838
2019,West Bengal,Barley,Rabi,278.0,1733.4,47749.28,102.86,2.073333
2010,West Bengal,Bajra,Kharif,64.0,1096.0,10631.04,15.36,0.675
2016,West Bengal,Wheat,Rabi,321621.0,1795.8,49288418.25,112567.35,2.394545
2016,Tamil Nadu,Other Cereals,Kharif,1547.0,912.4,237077.75,541.45,0.1
2007,Bihar,Sweet potato,Whole Year,3741.0,1600.2,499049.4,598.56,13.455862
2003,Uttar Pradesh,Arhar/Tur,Kharif,360467.0,1075.6,35679023.66,86512.08,0.988286
2002,Uttarakhand,Moong(Green Gram),Kharif,76.0,1610.3,7194.92,19.0,0.37
2017,Uttar Pradesh,Masoor,Rabi,484391.0,652.1,76262519.04,184068.58,0.970411
2007,Punjab,Urad,Kharif,3500.0,527.2,466900.0,560.0,0.486667
2019,Rajasthan,Barley,Rabi,50143.97,578.8,4394.52,445.58,2.678799
2014,Nagaland,Maize,Kharif,63600.0,1333.3,9601056.0,20988.0,1.973636
2013,Uttar Pradesh,Potato,Rabi,569806.0,995.2,82331268.94,153847.62,19.445333
2016,Chhattisgarh,Arhar/Tur,Kharif,63505.0,1298.9,9732141.25,22226.75,0.592963
2001,Maharashtra,Maize,Kharif,254500.0,1035.8,25992085.0,66170.0,1.910769
2018,Chhattisgarh,Tobacco,Whole Year,16.0,1515.5,2595.2,5.6,0.36
2012,Meghalaya,Arecanut,Whole Year,16062.0,2945.3,2422149.6,4979.22,1.262857
2018,Rajasthan,Wheat,Rabi,5008917.35,441.8,1317838.99,41010.23,3.998581
2004,West Bengal,Wheat,Rabi,400093.0,1612.9,43346075.62,84019.53,2.104444
2004,Karnataka,Niger seed,Kharif,32700.0,1117.7,3542718.0,6867.0,0.213913
2003,Rajasthan,Wheat,Rabi,4164841.35,544.2,843089.13,32503.76,2.582727
2001,Karnataka,Sesamum,Kharif,73064.0,1002.9,7462026.32,18996.64,0.386
2002,Bihar,Bajra,Kharif,1018.0,1105.8,96374.06,254.5,1.009286
2011,Uttarakhand,Horse-gram,Kharif,10016.0,1564.7,1677880.32,3305.28,0.848182
2007,Delhi,Bajra,Kharif,1586.0,677.5,211572.4,253.76,1.9
2009,Mizoram,Tobacco,Whole Year,371.0,2086.3,57809.22,63.07,0.582
2015,Uttarakhand,Small millets,Kharif,56570.0,1247.6,8932968.7,18668.1,1.283636
2012,Haryana,Jowar,Kharif,55196.0,307.9,8323556.8,17110.76,0.368182
2009,Andhra Pradesh,Safflower,Rabi,14273.0,711.0,2224018.86,2426.41,0.4325
2017,Jharkhand,Other Kharif pulses,Kharif,27172.0,1165.7,4277959.68,10325.36,0.665455
2003,Madhya Pradesh,Banana,Whole Year,15985.0,1163.0,1582195.3,3836.4,17.956522
2019,Uttarakhand,Sesamum,Kharif,2052.0,1378.9,352451.52,759.24,0.326154
2001,Maharashtra,Onion,Rabi,122525.62,1224.3,21716.22,965.2,15.653301
2016,Haryana,Castor seed,Kharif,1800.0,554.7,275850.0,630.0,1.073333
2015,Jharkhand,Peas & beans (Pulses),Rabi,6334.0,1085.6,1000201.94,2090.22,0.878824
2007,Jammu and Kashmir,Sugarcane,Kharif,69.0,1042.2,9204.6,11.04,3.65
2016,Himachal Pradesh,Turmeric,Kharif,136.0,1373.9,20842.0,47.6,0.59875
2005,Nagaland,Jute,Kharif,2100.0,1568.6,251832.0,441.0,6.96
2016,Telangana,Jowar,Kharif,61943.0,942.6,9492764.75,21680.05,0.840526
2005,Bihar,Other  Rabi pulses,Rabi,2978.0,907.8,357121.76,625.38,0.847619
2010,Puducherry,Banana,Kharif,266.0,1434.6,44185.26,63.84,18.066667
2015,Manipur,Maize,Kharif,19720.0,1329.1,3113985.2,6507.6,2.287778
2006,Himachal Pradesh,Onion,Rabi,893.0,1207.0,114045.03,196.46,8.546
2005,Delhi,Jowar,Kharif,8912.0,653.1,1068727.04,1871.52,0.88
2003,Uttarakhand,Garlic,Whole Year,2747.0,1734.3,271898.06,659.28,4.461739
2006,Chhattisgarh,Wheat,Rabi,93213.0,1317.2,11904232.23,20506.86,1.06
2009,Gujarat,Mango,Whole Year,89227.75,841.6,21074.67,361.48,6.812506
2011,West Bengal,Soyabean,Kharif,581.0,1686.5,97329.12,191.73,0.72
2000,Andhra Pradesh,Other  Rabi pulses,Rabi,14200.0,935.6,1394014.0,3692.0,0.324706
2014,Tamil Nadu,Black pepper,Whole Year,3997.0,911.3,603387.12,1319.01,0.186667
2011,Tamil Nadu,Arhar/Tur,Whole Year,35968.0,926.5,6025359.36,11869.44,0.867037
2008,Punjab,Arhar/Tur,Kharif,5900.0,691.3,843936.0,531.0,0.965
2016,Arunachal Pradesh,Potato,Whole Year,5985.0,2933.7,917201.25,2094.75,6.596
2000,Meghalaya,Ginger,Kharif,7811.0,6258.8,766805.87,2030.86,5.897143
2013,Odisha,Wheat,Summer,678.0,1632.4,97964.22,183.06,1.665556
2007,Assam,Niger seed,Kharif,8627.0,2154.1,1150841.8,1380.32,0.535652
2002,Andhra Pradesh,Niger seed,Kharif,14919.0,648.1,1412381.73,3729.75,0.38
2003,Nagaland,Moong(Green Gram),Kharif,2000.0,1709.8,197960.0,480.0,1.49375
2019,Andhra Pradesh,Small millets,Kharif,19344.0,899.2,3322525.44,7157.28,0.758333
2012,West Bengal,Soyabean,Kharif,543.0,1566.0,81884.4,168.33,0.7
2008,Andhra Pradesh,Tobacco,Whole Year,232741.0,944.6,33291272.64,20946.69,4.740976
2018,Jammu and Kashmir,Rice,Kharif,262012.0,1016.3,42498346.4,91704.2,2.35
2005,Madhya Pradesh,Sunflower,Kharif,1098.0,1032.7,131672.16,230.58,0.327368
2007,Kerala,Ragi,Kharif,266.0,3489.6,35484.4,42.56,0.968333
2002,Nagaland,Small millets,Kharif,10000.0,1536.6,946700.0,2500.0,1.995
2005,Goa,Rice,Kharif,52177.0,3392.8,6257065.84,10957.17,2.81
2018,Chhattisgarh,Jowar,Whole Year,3088.0,1515.5,500873.6,1080.8,0.879091
2011,Himachal Pradesh,Linseed,Rabi,1040.0,1108.3,174220.8,343.2,0.27
2003,Maharashtra,Wheat,Rabi,664700.0,1037.4,65792006.0,159528.0,1.171667
2004,Kerala,Arecanut,Whole Year,107572.0,2880.2,11654350.48,22590.12,0.854286
2012,West Bengal,Sannhamp,Kharif,763.0,1566.0,115060.4,236.53,4.43125
2002,Madhya Pradesh,Coriander,Whole Year,62042.0,800.8,5873516.14,15510.5,0.285909
2019,Punjab,Groundnut,Kharif,1400.0,653.2,240464.0,518.0,2.0
2011,Madhya Pradesh,Linseed,Rabi,91173.0,852.6,15273300.96,30087.09,0.927778
2006,Delhi,Wheat,Rabi,17884.0,462.7,2283965.64,3934.48,4.36
2011,Meghalaya,Castor seed,Kharif,30.0,4083.1,5025.6,9.9,0.66
2016,Mizoram,Rapeseed &Mustard,Rabi,326.0,2626.8,49959.5,114.1,0.91
2010,Meghalaya,Gram,Rabi,554.0,3119.7,92024.94,132.96,0.58
2016,Maharashtra,Sesamum,Kharif,29178.0,1151.1,4471528.5,10212.3,0.2625
2008,Goa,Ragi,Kharif,158.0,3271.6,22600.32,14.22,1.15
2010,West Bengal,Sunflower,Kharif,6555.0,1096.0,1088851.05,1573.2,1.182353
2007,Nagaland,Rice,Kharif,166000.0,1769.0,22144400.0,26560.0,1.8275
2009,Bihar,Sannhamp,Kharif,1903.0,889.3,296525.46,323.51,0.828182
2003,Assam,Cotton(lint),Kharif,1438.0,2213.7,142333.24,345.12,0.443478
2017,Assam,Castor seed,Kharif,758.0,2098.6,119339.52,288.04,0.6
2016,Gujarat,Jowar,Kharif,73286.0,710.5,11231079.5,25650.1,1.618333
2005,Meghalaya,Jute,Kharif,4017.0,3374.4,481718.64,843.57,7.11
2009,Uttarakhand,Sesamum,Kharif,1959.0,847.8,305251.38,333.03,0.195385
2009,Telangana,Turmeric,Kharif,51195.93,758.6,7730.01,288.39,5.358133
2004,Jharkhand,Wheat,Rabi,57905.58,1149.2,6273490.54,12160.17,1.257727
2006,West Bengal,Ragi,Kharif,13135.0,1631.4,1677470.85,2889.7,0.706
2001,Rajasthan,Bajra,Kharif,674500.68,376.7,43128.54,6402.01,1.426304
2005,Haryana,Wheat,Rabi,2302682.0,516.9,276137625.4,483563.22,3.6065
2006,Odisha,Rapeseed &Mustard,Winter,15161.0,1716.9,1936211.31,3335.42,0.154
2001,Kerala,Tobacco,Whole Year,71.0,2946.7,7251.23,18.46,5.56
2017,Arunachal Pradesh,Maize,Kharif,50797.0,2745.5,7997479.68,19302.86,1.628
2000,Karnataka,Moong(Green Gram),Kharif,435355.0,1213.3,42738800.35,113192.3,0.41913
2020,Punjab,Cotton(lint),Kharif,1089753.63,570.4,318806.18,10271.93,0.552345
2016,Jammu and Kashmir,Masoor,Rabi,6.0,902.8,919.5,2.1,0.57
2012,Punjab,Guar seed,Kharif,21100.0,338.9,3181880.0,6541.0,0.936
2008,Jharkhand,Gram,Rabi,17036.59,1295.2,2436913.83,1533.29,0.793913
2019,Karnataka,Tapioca,Whole Year,860.0,1422.3,147713.6,318.2,12.709565
2012,Bihar,Potato,Rabi,137840.72,1408.4,33014.97,703.4,23.862305
2005,Madhya Pradesh,Sugarcane,Whole Year,51620.0,1032.7,6190270.4,10840.2,31.521556
2012,Himachal Pradesh,Gram,Rabi,450.0,1035.0,67860.0,139.5,0.95
2019,Tripura,Moong(Green Gram),Kharif,2262.0,2252.8,388521.12,836.94,0.63875
2017,Bihar,Horse-gram,Kharif,8587.0,1112.0,1351937.28,3263.06,0.914667
2015,Uttar Pradesh,Onion,Rabi,10390.0,596.7,1640684.9,3428.7,11.768056
2003,Madhya Pradesh,Cotton(lint),Kharif,557169.0,1163.0,55148587.62,133720.56,0.972917
2000,Sikkim,Barley,Rabi,1140.0,2504.8,111913.8,296.4,1.0475
2005,Andhra Pradesh,Potato,Whole Year,3275.0,1075.5,392738.0,687.75,8.895
2016,Karnataka,Moong(Green Gram),Kharif,415582.0,1147.2,63687941.5,145453.7,0.2375
2014,Gujarat,Other  Rabi pulses,Rabi,17474.0,605.6,2637875.04,5766.42,0.693889
2001,Kerala,Coconut,Whole Year,905718.0,2946.7,92500979.34,235486.68,5636.355
2005,Jharkhand,Gram,Rabi,14375.26,965.2,1723881.18,3018.8,0.75381
2017,Haryana,Peas & beans (Pulses),Kharif,15559.0,417.1,2449608.96,5912.42,9.862857
2015,Maharashtra,Small millets,Kharif,48200.0,875.7,7611262.0,15906.0,0.294091
2018,Nagaland,Cowpea(Lobia),Kharif,550.0,1372.7,89210.0,192.5,1.473333
2015,Andhra Pradesh,Arhar/Tur,Kharif,215323.0,940.7,34001654.93,71056.59,0.579231
2003,West Bengal,Arhar/Tur,Kharif,3361.0,1526.7,332671.78,806.64,1.016154
2009,Manipur,Rapeseed &Mustard,Rabi,56000.0,992.5,8725920.0,9520.0,0.734444
2012,West Bengal,Groundnut,Autumn,1895.0,1566.0,285766.0,587.45,1.03
2014,West Bengal,Peas & beans (Pulses),Rabi,14114.0,1483.5,2130649.44,4657.62,1.175
2005,Jammu and Kashmir,Sugarcane,Kharif,191.0,1721.8,22904.72,40.11,3.053333
2003,Bihar,Sannhamp,Whole Year,3441.0,1353.9,340590.18,825.84,0.713077
2018,Gujarat,Bajra,Kharif,163540.0,1125.4,26526188.0,57239.0,1.4812
2003,Sikkim,Rice,Kharif,14740.0,2838.1,1458965.2,3537.6,1.4275
2001,Andhra Pradesh,Ragi,Kharif,68733.0,928.4,7019701.29,17870.58,1.252667
2002,Maharashtra,Turmeric,Kharif,27720.35,631.3,2119.63,155.56,4.044889
2020,Madhya Pradesh,Onion,Rabi,258515.29,850.6,52661.59,1193.68,20.091975
2012,Andhra Pradesh,Arecanut,Kharif,581.0,968.7,87614.8,180.11,1.453333
2017,Delhi,Bajra,Kharif,1502.0,533.7,236474.88,570.76,2.17
2008,Andhra Pradesh,Moong(Green Gram),Kharif,206857.0,944.6,29588825.28,18617.13,0.436818
2019,Uttar Pradesh,Coriander,Rabi,7090.0,814.5,1217778.4,2623.3,0.725077
2009,Tripura,Cotton(lint),Kharif,965.0,2004.2,150366.3,164.05,1.4625
2007,Telangana,Arhar/Tur,Kharif,394883.57,1094.3,55409.9,788.43,0.873828
2012,Bihar,Gram,Rabi,61473.0,924.1,9270128.4,19056.63,1.619688
2008,Bihar,Groundnut,Kharif,1734.0,1197.7,248031.36,156.06,0.495
2000,Himachal Pradesh,Horse-gram,Kharif,2807.0,1068.4,275563.19,729.82,0.278182
2002,Kerala,Tapioca,Whole Year,104179.0,2511.2,9862625.93,26044.75,24.477857
2003,Jammu and Kashmir,Rice,Kharif,259815.0,1430.3,25716488.7,62355.6,1.870833
2011,Chhattisgarh,Niger seed,Kharif,66516.0,1302.7,11142760.32,21950.28,0.176842
2013,Kerala,Cardamom,Whole Year,39730.0,3255.4,5740587.7,10727.1,0.114286
2002,Punjab,Rice,Kharif,2530000.0,301.8,239515100.0,632500.0,3.438824
2001,Chhattisgarh,Sugarcane,Whole Year,3476.0,1550.0,355003.88,903.76,2.805714
2003,Puducherry,Black pepper,Whole Year,12.0,1434.6,1187.76,2.88,0.67
2017,Kerala,Tobacco,Whole Year,10.0,2664.8,1574.4,3.8,1.6
2012,Mizoram,Tobacco,Whole Year,70.0,2050.2,10556.0,21.7,0.715
2012,Chhattisgarh,Rapeseed &Mustard,Rabi,47043.0,1366.8,7094084.4,14583.33,0.495556
2006,Tripura,Sugarcane,Whole Year,869.0,1764.3,110979.99,191.18,49.18
2000,Uttarakhand,Bajra,Kharif,11.0,1413.4,1079.87,2.86,1.36
2018,Bihar,Turmeric,Whole Year,2981.0,1521.4,483518.2,1043.35,1.027059
2005,Karnataka,Soyabean,Kharif,133445.0,1316.2,16002724.4,28023.45,0.556667
2019,Andhra Pradesh,Wheat,Rabi,37.0,899.2,6355.12,13.69,0.155
2019,Odisha,Moong(Green Gram),Autumn,10656.0,1593.9,1830274.56,3942.72,0.370909
2015,Kerala,Ginger,Whole Year,4986.01,2602.9,787340.84,1645.38,3.549286
2005,Himachal Pradesh,Wheat,Rabi,358453.0,1248.1,42985683.76,75275.13,1.075833
2003,Punjab,Moong(Green Gram),Kharif,18900.0,451.7,1870722.0,4536.0,0.815385
2019,Odisha,Castor seed,Kharif,4510.0,1593.9,774637.6,1668.7,0.909
2004,Chhattisgarh,Soyabean,Kharif,32336.0,1122.8,3503282.24,6790.56,1.013571
2001,Uttar Pradesh,Sugarcane,Whole Year,2034883.0,849.9,207822600.8,529069.58,52.526087
2011,Karnataka,Soyabean,Kharif,190973.0,1179.0,31991796.96,63021.09,0.8975
2013,Andhra Pradesh,Horse-gram,Kharif,8768.0,1062.3,1266888.32,2367.36,0.58125
2017,Telangana,Soyabean,Kharif,152289.0,815.7,23976380.16,57869.82,1.584091
2005,Karnataka,Tobacco,Whole Year,100798.0,1316.2,12087696.16,21167.58,0.646
2016,Odisha,Ragi,Autumn,14266.0,1460.5,2186264.5,4993.1,0.594118
2009,Madhya Pradesh,Urad,Kharif,568158.0,904.1,88530379.56,96586.86,0.351
2003,Mizoram,Sesamum,Kharif,3285.0,2499.5,325149.3,788.4,0.615
2004,Karnataka,Garlic,Whole Year,5202.0,1117.7,563584.68,1092.42,1.360625
2018,Jharkhand,Castor seed,Kharif,41.0,1222.7,6650.2,14.35,0.49
2011,Chhattisgarh,Rapeseed &Mustard,Rabi,49166.0,1302.7,8236288.32,16224.78,0.471111
2002,West Bengal,Rice,Autumn,384965.0,1629.1,36444636.55,96241.25,2.092778
2020,Gujarat,Onion,Rabi,123139.44,1219.1,10992.84,352.16,20.244225
2015,Nagaland,Cotton(lint),Kharif,130.0,1308.3,20528.3,42.9,0.615
2006,Madhya Pradesh,Arhar/Tur,Kharif,305009.0,1072.3,38952699.39,67101.98,0.606875
2019,Assam,Wheat,Rabi,11336.0,2084.7,1947071.36,4194.32,1.272083
2015,Nagaland,Peas & beans (Pulses),Kharif,2360.0,1308.3,372667.6,778.8,1.357
2000,Jammu and Kashmir,Linseed,Rabi,361.0,989.5,35439.37,93.86,0.358
2015,Gujarat,Gram,Rabi,114092.0,584.3,18016267.72,37650.36,0.976875
2015,Tamil Nadu,Small millets,Kharif,22406.0,1201.9,3538131.46,7393.98,1.206957
2011,Himachal Pradesh,Coriander,Rabi,129.0,1108.3,21610.08,42.57,0.33875
2010,Jammu and Kashmir,Rice,Kharif,261347.0,1352.0,43412350.17,62723.28,1.874
2010,Maharashtra,Rice,Kharif,1486200.0,1389.0,246872682.0,356688.0,1.3116
2009,Haryana,Horse-gram,Kharif,436.0,393.0,67937.52,74.12,0.09
2010,Manipur,Other  Rabi pulses,Rabi,5070.0,2160.5,842177.7,1216.8,0.821111
2019,Gujarat,Dry chillies,Whole Year,1414.0,1067.8,242868.64,523.18,3.125
2016,Assam,Sesamum,Kharif,11874.0,2296.8,1819690.5,4155.9,0.643333
2013,Gujarat,Gram,Rabi,241650.0,1006.5,34916008.5,65245.5,1.2668
2020,Bihar,Potato,Rabi,95724.32,1300.2,25362.3,910.76,25.233664
2011,West Bengal,Sesamum,Autumn,944.0,1686.5,158138.88,311.52,0.563
2009,Jharkhand,Masoor,Rabi,5904.0,996.1,919961.28,1003.68,0.950625
2001,Andhra Pradesh,Ginger,Whole Year,2547.0,928.4,260125.11,662.22,2.4375
2015,Mizoram,Tapioca,Kharif,135.0,2310.8,21317.85,44.55,4.1975
2005,Gujarat,Groundnut,Kharif,1851900.0,942.4,222079848.0,388899.0,1.673182
2012,Tamil Nadu,Sugarcane,Whole Year,348379.0,706.8,52535553.2,107997.49,93.543548
2005,Nagaland,Groundnut,Kharif,340.0,1568.6,40772.8,71.4,0.97
2009,Chhattisgarh,Groundnut,Kharif,30615.0,956.9,4770429.3,5204.55,1.33125
2017,Tripura,Mesta,Kharif,541.0,3326.8,85175.04,205.58,8.95375
2010,Jharkhand,Gram,Rabi,15453.0,694.6,2566897.83,3708.72,0.642083
2005,Uttar Pradesh,Garlic,Whole Year,30748.0,751.9,3687300.16,6457.08,4.375833
2009,Punjab,Groundnut,Kharif,2500.0,371.3,389550.0,425.0,1.3075
2011,Meghalaya,Banana,Kharif,6919.0,4083.1,1159070.88,2283.27,10.37
2010,Bihar,Mesta,Kharif,17165.0,629.2,2851278.15,4119.6,10.24087
2019,Tamil Nadu,Potato,Kharif,2900.0,910.1,498104.0,1073.0,21.384
2019,Jharkhand,Other  Rabi pulses,Rabi,20712.0,1137.8,3557493.12,7663.44,0.714167
2014,Maharashtra,Maize,Kharif,800500.0,1001.6,120843480.0,264165.0,1.76
2019,Uttarakhand,Other Kharif pulses,Kharif,14318.0,1378.9,2459259.68,5297.66,1.02
2003,West Bengal,Khesari,Rabi,35674.0,1526.7,3531012.52,8561.76,0.977647
2009,Madhya Pradesh,Horse-gram,Kharif,22133.0,904.1,3448764.06,3762.61,0.3075
2007,Kerala,Tapioca,Whole Year,83990.0,3489.6,11204266.0,13438.4,29.411429
2009,Nagaland,Bajra,Kharif,1000.0,1225.9,155820.0,170.0,0.688182
2002,Meghalaya,Small millets,Kharif,2762.0,4355.3,261478.54,690.5,0.911429
2005,Haryana,Jowar,Kharif,89191.0,516.9,10695784.72,18730.11,0.223077
2001,Nagaland,Jowar,Kharif,1500.0,1532.0,153195.0,390.0,0.8025
2003,West Bengal,Barley,Rabi,3077.0,1526.7,304561.46,738.48,1.327143
2010,Bihar,Other  Rabi pulses,Rabi,2174.0,629.2,361123.14,521.76,0.753
2016,Kerala,Cardamom,Whole Year,39080.0,2924.3,5989010.0,13678.0,0.115714
2007,Maharashtra,Gram,Rabi,1353300.0,1257.2,180530220.0,216528.0,0.808065
2005,Uttarakhand,other oilseeds,Kharif,1306.0,1353.3,156615.52,274.26,0.45
2006,Tripura,Rapeseed &Mustard,Rabi,1744.0,1764.3,222726.24,383.68,0.78
2013,Karnataka,Garlic,Whole Year,5191.0,1235.6,750047.59,1401.57,1.218571
2003,Bihar,Wheat,Rabi,2076839.0,1353.9,205565524.2,498441.36,1.747105
2014,Uttar Pradesh,Rapeseed &Mustard,Rabi,626031.0,616.4,94505639.76,206590.23,0.708667
2013,West Bengal,Barley,Rabi,2361.0,1939.9,341140.89,637.47,1.40125
2005,Kerala,Rice,Autumn,98256.0,3030.9,11782859.52,20633.76,2.096923
2005,Karnataka,Horse-gram,Kharif,124702.0,1316.2,14954263.84,26187.42,0.609167
2013,Tripura,Sesamum,Kharif,2824.0,2043.5,408039.76,762.48,0.595
2012,Andhra Pradesh,Groundnut,Kharif,1059000.0,968.7,159697200.0,328290.0,1.296
2003,Bihar,Onion,Whole Year,14545.0,1353.9,1439664.1,3490.8,9.284737
2016,Tamil Nadu,Cotton(lint),Kharif,93679.0,912.4,14356306.75,32787.65,1.335
2003,Karnataka,Black pepper,Whole Year,10694.0,867.6,1058492.12,2566.56,2.220833
2019,Himachal Pradesh,Moth,Kharif,28.0,1217.7,4809.28,10.36,0.755
2017,West Bengal,Mustard,Rabi,1064649.94,1583.4,161781.56,2559.97,1.653617
2004,Chhattisgarh,Niger seed,Kharif,73104.0,1122.8,7920087.36,15351.84,0.161538
2008,Gujarat,Banana,Whole Year,28200.0,746.1,4033728.0,2538.0,72.959167
2009,Meghalaya,Banana,Kharif,6802.0,2995.9,1059887.64,1156.34,10.4
2016,Bihar,Tobacco,Whole Year,10046.0,1205.6,1539549.5,3516.1,1.755
2017,Meghalaya,Coriander,Whole Year,481.0,4472.3,75728.64,182.78,3.738
2005,Uttar Pradesh,Turmeric,Rabi,979.0,751.9,117401.68,205.59,4.410968
2007,Telangana,Rice,Kharif,1959393.79,916.9,337030.23,4344.39,2.862195
2001,Bihar,Barley,Rabi,21300.0,1247.0,2175369.0,5538.0,1.248182
2004,Tamil Nadu,Sesamum,Kharif,72725.0,1034.0,7879026.5,15272.25,0.397857
2000,Uttar Pradesh,Onion,Rabi,201244.95,814.8,30447.7,1016.87,14.09076
2018,Bihar,Jute,Kharif,70634.0,1521.4,11456834.8,24721.9,12.475
2000,Telangana,Rice,Kharif,2100873.97,980.4,245347.5,13029.47,2.192409
2019,Madhya Pradesh,Moong(Green Gram),Kharif,45938.0,1446.7,7890310.88,16997.06,0.358824
2017,Gujarat,Groundnut,Kharif,1627275.0,814.8,256198176.0,618364.5,2.406452
2006,Manipur,Onion,Summer,480.0,1533.6,61300.8,105.6,2.125
2006,Bihar,Urad,Kharif,25479.0,1052.8,3253923.09,5605.38,0.769412
2009,Assam,Arhar/Tur,Kharif,6191.0,1727.1,964681.62,1052.47,0.707037
2012,Uttarakhand,Potato,Kharif,8339.0,1309.8,1257521.2,2585.09,8.705455
2010,Puducherry,Cashewnut,Kharif,173.0,1434.6,28737.03,41.52,0.713333
2014,Jammu and Kashmir,Sannhamp,Kharif,30.0,1278.4,4528.8,9.9,0.6
2016,Nagaland,Horse-gram,Kharif,500.0,1959.8,76625.0,175.0,1.040909
2013,Madhya Pradesh,Other  Rabi pulses,Rabi,4062.0,1451.4,586918.38,1096.74,0.3716
2010,Meghalaya,Turmeric,Whole Year,1928.0,3119.7,320260.08,462.72,5.167143
2005,Tamil Nadu,Tapioca,Whole Year,127122.0,1364.1,15244470.24,26695.62,38.214815
2007,Goa,Coconut,Whole Year,25545.0,3674.7,3407703.0,4087.2,4993.77
2019,Chhattisgarh,Barley,Rabi,1786.0,1420.3,306763.36,660.82,0.697273
2017,Puducherry,Coconut,Whole Year,1910.0,1582.4,300710.4,725.8,11820.71
2002,West Bengal,Safflower,Rabi,39.0,1629.1,3692.13,9.75,1.216667
2012,Himachal Pradesh,Sugarcane,Whole Year,1836.0,1035.0,276868.8,569.16,16.375714
2000,Meghalaya,Tobacco,Whole Year,700.0,6258.8,68719.0,182.0,0.64
2002,Himachal Pradesh,Soyabean,Kharif,697.0,890.8,65984.99,174.25,1.3825
2006,West Bengal,Maize,Kharif,85446.0,1631.4,10912308.66,18798.12,2.723125
2008,Andhra Pradesh,Banana,Whole Year,54100.0,944.6,7738464.0,4869.0,26.216111
2017,Tripura,Rice,Autumn,37775.0,3326.8,5947296.0,14354.5,2.68125
2003,Andhra Pradesh,Cashewnut,Whole Year,150077.0,826.0,14854621.46,36018.48,0.225
2005,Madhya Pradesh,Cotton(lint),Kharif,596392.0,1032.7,71519328.64,125242.32,1.019565
2007,Puducherry,Rice,Kharif,4379.0,1434.6,584158.6,700.64,2.986667
2011,Assam,Arhar/Tur,Kharif,5697.0,1743.4,954361.44,1880.01,0.774074
2011,Odisha,Potato,Winter,5779.0,1346.2,968098.08,1907.07,10.498889
2003,Bihar,Masoor,Rabi,171037.0,1353.9,16929242.26,41048.88,0.843421
2001,Himachal Pradesh,Horse-gram,Kharif,2418.0,918.1,246950.34,628.68,0.396
2005,Himachal Pradesh,Moth,Kharif,6.0,1248.1,719.52,1.26,0.1
2009,Maharashtra,Gram,Rabi,1291400.0,1002.4,201225948.0,219538.0,0.795806
2017,Tamil Nadu,Potato,Kharif,2358.0,970.9,371243.52,896.04,16.698
2006,Andhra Pradesh,Rice,Kharif,2640870.0,845.2,337265507.7,580991.4,2.689091
2015,Nagaland,Rapeseed &Mustard,Rabi,27540.0,1308.3,4348841.4,9088.2,1.01
2018,Nagaland,Jute,Kharif,3080.0,1372.7,499576.0,1078.0,1.9025
2010,Uttar Pradesh,Moong(Green Gram),Kharif,41377.0,742.6,6873133.47,9930.48,0.473818
2011,Puducherry,Ragi,Kharif,12.0,1434.6,2010.24,3.96,2.75
2003,Uttar Pradesh,Masoor,Rabi,571992.0,1075.6,56615768.16,137278.08,0.887143
2005,Bihar,Arhar/Tur,Kharif,34204.0,907.8,4101743.68,7182.84,1.288108
2009,Uttar Pradesh,Masoor,Rabi,592405.0,585.8,92308547.1,100708.85,0.818873
2003,Haryana,Wheat,Rabi,2315496.0,592.3,229187794.1,555719.04,3.825789
2011,Madhya Pradesh,Sweet potato,Whole Year,4924.0,852.6,824868.48,1624.92,5.097111
2004,Punjab,Wheat,Rabi,3482000.0,366.4,377239880.0,731220.0,4.178824
2018,Puducherry,Onion,Kharif,1.0,1693.9,162.2,0.35,3.0
2008,Odisha,Ragi,Autumn,26091.0,1539.0,3732056.64,2348.19,0.573
2001,Jammu and Kashmir,Barley,Kharif,27.0,953.8,2757.51,7.02,0.26
2019,Chhattisgarh,Linseed,Rabi,13004.0,1420.3,2233567.04,4811.48,0.311923
2012,Arunachal Pradesh,Potato,Whole Year,4817.0,2760.7,726403.6,1493.27,7.26
2011,Jammu and Kashmir,Gram,Rabi,103.0,887.6,17254.56,33.99,0.55
2007,Uttarakhand,Gram,Rabi,756.0,1924.3,100850.4,120.96,0.519167
2014,Bihar,Masoor,Rabi,152912.0,1061.0,23083595.52,50460.96,0.826316
2001,Manipur,Sweet potato,Whole Year,10.0,2013.1,1021.3,2.6,4.0
2011,Karnataka,Safflower,Rabi,55288.0,1179.0,9261845.76,18245.04,0.586875
2016,Gujarat,Guar seed,Whole Year,223342.0,710.5,34227161.5,78169.7,0.67
2001,Himachal Pradesh,Other Kharif pulses,Kharif,5090.0,918.1,519841.7,1323.4,0.484545
2012,Manipur,Ginger,Kharif,2476.0,1176.7,373380.8,767.56,11.8
2001,Bihar,Sugarcane,Whole Year,120754.0,1247.0,12332606.02,31396.04,44.323529
2013,Bihar,Mango,Whole Year,113569.89,1164.2,12687.69,305.77,7.947062
2002,Andhra Pradesh,Coconut,Whole Year,105291.0,648.1,9967898.97,26322.75,9202.625556
2003,Uttar Pradesh,Peas & beans (Pulses),Rabi,399208.0,1075.6,39513607.84,95809.92,1.357
2001,Puducherry,Coriander,Whole Year,2.0,1434.6,204.26,0.52,0.5
2008,Gujarat,Castor seed,Kharif,433900.0,746.1,62065056.0,39051.0,2.020435
2001,Tamil Nadu,Jowar,Kharif,317233.0,481.3,32399006.29,82480.58,1.009583
2009,Himachal Pradesh,Onion,Rabi,918.0,969.9,143042.76,156.06,5.744
2013,Nagaland,Sesamum,Kharif,3570.0,1350.9,515829.3,963.9,0.603636
2016,Telangana,Arhar/Tur,Kharif,386156.0,942.6,59178407.0,135154.6,0.711
2011,Goa,Sugarcane,Whole Year,915.0,3340.4,153280.8,301.95,47.28
2015,Uttar Pradesh,Linseed,Rabi,16715.0,596.7,2639465.65,5515.95,0.163871
2002,Sikkim,Potato,Whole Year,5760.0,2496.2,545299.2,1440.0,5.1
2012,Madhya Pradesh,Masoor,Rabi,509842.0,1049.5,76884173.6,158051.02,0.6
2007,Nagaland,Cardamom,Kharif,200.0,1769.0,26680.0,32.0,0.4825
2004,Karnataka,Other  Rabi pulses,Rabi,23981.0,1117.7,2598101.54,5036.01,0.120385
2016,Telangana,Cashewnut,Kharif,1841.0,942.6,282133.25,644.35,0.395
2010,Arunachal Pradesh,Small millets,Kharif,21661.0,2574.1,3598108.71,5198.64,0.990625
2011,Odisha,Moong(Green Gram),Autumn,24786.0,1346.2,4152150.72,8179.38,0.190769
2018,Chhattisgarh,Niger seed,Kharif,54751.0,1515.5,8880612.2,19162.85,0.2
2000,Uttar Pradesh,Turmeric,Whole Year,1253.0,874.4,123007.01,325.78,1.779143
2018,Sikkim,Maize,Kharif,37778.0,3350.1,6127591.6,13222.3,1.7325
2004,Assam,Small millets,Kharif,7982.0,2536.9,864769.88,1676.22,0.519565
2018,Assam,Sesamum,Kharif,11983.0,2372.9,1943642.6,4194.05,0.652593
2001,Punjab,Gram,Rabi,7100.0,479.3,725123.0,1846.0,0.92
2004,Uttarakhand,Arhar/Tur,Kharif,1833.0,1219.6,198587.22,384.93,0.680833
2004,Meghalaya,Soyabean,Kharif,967.0,4767.9,104764.78,203.07,0.915714
2010,Haryana,Garlic,Whole Year,750.0,639.2,124582.5,180.0,0.394444
2003,Assam,Coconut,Whole Year,21309.0,2213.7,2109164.82,5114.16,6763.011739
2008,Tamil Nadu,Potato,Whole Year,4367.0,1201.9,624655.68,393.03,19.39
2005,Kerala,Cashewnut,Whole Year,78285.0,3030.9,9387937.2,16439.85,0.621429
2017,Gujarat,Potato,Whole Year,130397.0,814.8,20529703.68,49550.86,27.283125
2015,Bihar,Jowar,Kharif,1611.0,874.0,254393.01,531.63,1.066667
2003,Uttarakhand,Barley,Rabi,24940.0,1734.3,2468561.2,5985.6,1.060769
2005,Uttarakhand,Rice,Kharif,275459.0,1353.3,33033043.28,57846.39,1.62
2001,Uttarakhand,Ragi,Kharif,131779.0,1541.3,13458589.27,34262.54,1.324545
2020,Gujarat,Mango,Whole Year,138025.07,1300.1,13024.47,910.0,8.36551
2018,Haryana,Arhar/Tur,Kharif,2108.0,533.2,341917.6,737.8,1.104211
2020,West Bengal,Rice,Kharif,1294362.61,1333.1,307963.04,17232.12,3.567218
2017,Uttar Pradesh,Soyabean,Kharif,14268.0,652.1,2246353.92,5421.84,0.762308
2013,Kerala,Groundnut,Whole Year,710.0,3255.4,102587.9,191.7,1.22
2013,Manipur,Gram,Rabi,730.0,1428.8,105477.7,197.1,0.916667
2000,Maharashtra,Castor seed,Kharif,18100.0,1057.8,1776877.0,4706.0,0.285455
2016,Telangana,Safflower,Kharif,5.0,942.6,766.25,1.75,1.0
2011,Madhya Pradesh,Turmeric,Whole Year,995.0,852.6,166682.4,328.35,0.792812
2016,Chhattisgarh,Niger seed,Kharif,60736.0,1298.9,9307792.0,21257.6,0.20625
2015,Tamil Nadu,Ragi,Kharif,68487.0,1201.9,10814782.17,22600.71,2.978333
2020,Gujarat,Sugarcane,Whole Year,451370.35,752.6,42925.83,3790.56,76.738492
2006,Karnataka,Coconut,Whole Year,403671.0,1146.3,51552823.41,88807.62,4164.715926
2001,Maharashtra,Other Kharif pulses,Kharif,184700.0,1035.8,18863411.0,48022.0,0.249677
2012,Bihar,Castor seed,Kharif,100.0,924.1,15080.0,31.0,0.986667
2019,Delhi,Rapeseed &Mustard,Rabi,3250.0,546.9,558220.0,1202.5,2.5
2002,Karnataka,Sunflower,Kharif,298271.0,860.8,28237315.57,74567.75,0.448696
2015,Nagaland,Barley,Rabi,530.0,1308.3,83692.3,174.9,1.01
2014,Andhra Pradesh,Coriander,Kharif,164.0,687.6,24757.44,54.12,0.51
2005,West Bengal,Jute,Kharif,558938.0,1650.1,67027844.96,117376.98,14.958824
2017,Jharkhand,Sugarcane,Whole Year,458157.0,1130.7,60139.66,3214.72,71.908259
2005,Assam,Tobacco,Whole Year,657.0,2184.6,78787.44,137.97,0.504074
2016,Arunachal Pradesh,Arhar/Tur,Kharif,790.0,2933.7,121067.5,276.5,0.761429
2007,Gujarat,Moong(Green Gram),Kharif,209400.0,1021.6,27933960.0,33504.0,0.56125
2001,Andhra Pradesh,Safflower,Rabi,19728.0,928.4,2014820.64,5129.28,0.303
2015,Haryana,Maize,Kharif,5800.0,426.8,915878.0,1914.0,2.93
2011,Punjab,Guar seed,Kharif,10200.0,705.2,1708704.0,3366.0,0.833333
2012,Tamil Nadu,Coconut,Whole Year,314423.31,820.7,35554.73,3429.27,9798.593829
2019,Maharashtra,Other Kharif pulses,Kharif,88528.0,1555.8,15205569.28,32755.36,0.34069
2016,Himachal Pradesh,Groundnut,Kharif,48.0,1373.9,7356.0,16.8,0.815
2016,Bihar,Groundnut,Kharif,979.0,1205.6,150031.75,342.65,1.006667
2016,Tripura,Rapeseed &Mustard,Rabi,7500.0,2475.3,1149375.0,2625.0,0.8175
2007,Kerala,Arecanut,Whole Year,99787.0,3489.6,13311585.8,15965.92,0.921429
2003,Delhi,Wheat,Rabi,18973.0,962.3,1877947.54,4553.52,4.37
2002,Sikkim,Wheat,Rabi,8330.0,2496.2,788601.1,2082.5,1.2075
2002,Odisha,Arhar/Tur,Kharif,114190.0,1102.8,10810367.3,28547.5,0.665862
2003,Karnataka,Other  Rabi pulses,Rabi,24803.0,867.6,2455000.94,5952.72,0.114
2015,Andhra Pradesh,Turmeric,Kharif,27668.42,1119.0,4908.17,194.15,5.651993
2005,Haryana,Moth,Kharif,3147.0,516.9,377388.24,660.87,0.092
2000,Tamil Nadu,Castor seed,Kharif,38930.0,971.1,3821758.1,10121.8,0.334737
2002,Gujarat,Onion,Whole Year,25000.0,458.4,2366750.0,6250.0,28.60875
2018,West Bengal,Linseed,Rabi,3945.0,2012.6,639879.0,1380.75,0.437059
2011,West Bengal,Gram,Rabi,23270.0,1686.5,3898190.4,7679.1,1.0175
2019,Punjab,Bajra,Kharif,500.0,653.2,85880.0,185.0,0.585
2012,Maharashtra,Jowar,Kharif,888700.0,1003.4,134015960.0,275497.0,1.2828
2010,Delhi,Rice,Kharif,6848.0,989.5,1137521.28,1643.52,2.79
2009,Jammu and Kashmir,Moth,Kharif,2806.0,751.7,437230.92,477.02,0.650909
2008,Kerala,Sesamum,Kharif,576.0,2524.8,82391.04,51.84,0.465714
2016,Haryana,Rice,Kharif,1384700.0,554.7,212205275.0,484645.0,2.9505
2018,Maharashtra,Gram,Rabi,1694220.0,1387.4,274802484.0,592977.0,0.852903
2015,Tamil Nadu,Ginger,Whole Year,390.0,1201.9,61584.9,128.7,8.910833
2007,Uttar Pradesh,Sweet potato,Kharif,18424.0,672.9,2457761.6,2947.84,13.467313
2009,Madhya Pradesh,Rapeseed &Mustard,Whole Year,768719.0,904.1,119781794.6,130682.23,0.827959
2016,Manipur,Rapeseed &Mustard,Rabi,29130.0,2039.8,4464172.5,10195.5,0.853333
2009,Goa,Other Kharif pulses,Kharif,356.0,3334.9,55471.92,60.52,0.71
2009,Meghalaya,Wheat,Rabi,405.0,2995.9,63107.1,68.85,1.25
2006,Telangana,Cotton(lint),Kharif,1064058.48,970.1,83328.08,9588.07,0.449802
2017,Karnataka,Ragi,Kharif,727642.0,1111.7,114559956.5,276503.96,1.927222
2004,Nagaland,Masoor,Rabi,2530.0,1711.5,274100.2,531.3,0.43875
2018,Karnataka,Sugarcane,Whole Year,495932.0,1419.1,80440170.4,173576.2,83.268621
2017,Haryana,Coriander,Whole Year,2211.0,417.1,348099.84,840.18,2.690588
2017,West Bengal,Rapeseed &Mustard,Rabi,616798.0,1830.0,97108677.12,234383.24,0.965909
2017,Meghalaya,Banana,Kharif,7264.0,4472.3,1143644.16,2760.32,10.727273
2017,Punjab,Bajra,Kharif,1000.0,497.5,157440.0,380.0,0.65
2018,West Bengal,Sunflower,Kharif,8454.0,2012.6,1371238.8,2958.9,1.173529
2000,Andhra Pradesh,Ragi,Kharif,83492.0,935.6,8196409.64,21707.92,1.172
2018,Rajasthan,Moong,Kharif,21151.19,304.5,4953.37,129.47,0.696002
2006,Manipur,Cotton(lint),Kharif,210.0,1533.6,26819.1,46.2,0.33
2001,Puducherry,Cotton(lint),Kharif,575.0,1434.6,58724.75,149.5,5.23
2005,Chhattisgarh,Linseed,Rabi,70816.0,1292.7,8492254.72,14871.36,0.244667
2006,Jammu and Kashmir,Bajra,Kharif,20775.0,1786.5,2653175.25,4570.5,0.605
2019,Madhya Pradesh,Rice,Kharif,3076000.0,1446.7,528333760.0,1138120.0,1.858
2005,Chhattisgarh,Small millets,Kharif,253376.0,1292.7,30384849.92,53208.96,0.186875
2014,Nagaland,Rice,Kharif,191230.0,1333.3,28868080.8,63105.9,2.260909
2019,Uttar Pradesh,Sunflower,Summer,3421.0,814.5,587590.96,1265.77,1.350294
2015,Andhra Pradesh,Tapioca,Kharif,8572.0,940.7,1353604.52,2828.76,14.003333
2011,Bihar,Safflower,Kharif,282.0,1097.1,47240.64,93.06,0.868571
2005,Tamil Nadu,Bajra,Kharif,81925.0,1364.1,9824446.0,17204.25,1.3144
2015,Tripura,Gram,Rabi,250.0,2334.4,39477.5,82.5,0.78625
2014,Uttarakhand,Garlic,Kharif,2081.0,1287.4,314147.76,686.73,11.075
2013,Telangana,Ginger,Kharif,1767.0,1348.7,255313.83,477.09,6.776667
2014,Bihar,Khesari,Rabi,60661.0,1061.0,9157384.56,20018.13,0.885429
2012,Puducherry,Coconut,Whole Year,1564.0,1098.3,235851.2,484.84,14410.51667
2001,Kerala,Sweet potato,Whole Year,747.0,2946.7,76291.11,194.22,11.491538
2015,Uttarakhand,Rice,Kharif,252163.0,1247.6,39819059.33,83213.79,1.795385
2006,Jammu and Kashmir,Barley,Kharif,19.0,1786.5,2426.49,4.18,0.6
2006,Bihar,Sannhamp,Kharif,3207.0,1052.8,409565.97,705.54,0.770741
2013,Andhra Pradesh,Small millets,Kharif,26620.0,1062.3,3846323.8,7187.4,0.828889
2001,Madhya Pradesh,Arhar/Tur,Kharif,301498.0,955.0,30791990.74,78389.48,0.793556
2014,Karnataka,Niger seed,Kharif,10906.0,1238.5,1646369.76,3598.98,0.2636
2005,Andhra Pradesh,Ragi,Kharif,56576.0,1075.5,6784593.92,11880.96,1.316429
2016,Bihar,Other  Rabi pulses,Rabi,2341.0,1205.6,358758.25,819.35,1.002353
2017,Bihar,Jute,Kharif,83472.0,1112.0,13141831.68,31719.36,17.724286
2003,Meghalaya,Sugarcane,Whole Year,83.0,3321.3,8215.34,19.92,2.346
2020,Madhya Pradesh,Gram,Rabi,525248.26,576.1,154131.52,4671.35,1.276169
2008,Chhattisgarh,Rice,Kharif,3928815.0,1117.9,561977697.6,353593.35,1.198333
2002,Karnataka,Urad,Kharif,149369.0,860.8,14140763.23,37342.25,0.139
2006,Haryana,Gram,Rabi,107656.0,329.3,13748747.76,23684.32,0.475
2018,Assam,Linseed,Rabi,4763.0,2372.9,772558.6,1667.05,0.597826
2011,Tripura,Gram,Rabi,147.0,2295.6,24625.44,48.51,0.795
2006,Assam,Sweet potato,Whole Year,8112.0,1774.9,1035983.52,1784.64,3.406667
2007,Uttar Pradesh,Sesamum,Kharif,152905.0,672.9,20397527.0,24464.8,0.159833
2016,Assam,Masoor,Rabi,23783.0,2296.8,3644744.75,8324.05,0.668462
2009,Punjab,Moong(Green Gram),Kharif,7000.0,371.3,1090740.0,1190.0,0.941818
2012,Goa,Sugarcane,Whole Year,854.0,3048.9,128783.2,264.74,47.765
2006,Punjab,Wheat,Rabi,3467000.0,569.6,442770570.0,762740.0,4.148421
2012,Odisha,Sugarcane,Winter,14530.0,1430.2,2191124.0,4504.3,67.762143
2014,Manipur,Urad,Kharif,1421.0,987.5,214514.16,468.93,1.196667
2017,Tripura,Cotton(lint),Kharif,805.0,3326.8,126739.2,305.9,1.405
2007,West Bengal,Coconut,Whole Year,28644.0,2007.5,3821109.6,4583.04,12380.47722
2012,Chhattisgarh,Soyabean,Kharif,101457.0,1366.8,15299715.6,31451.67,1.294762
2006,Kerala,Cotton(lint),Kharif,1300.0,3429.7,166023.0,286.0,1.3
2005,Tripura,Groundnut,Kharif,616.0,1765.9,73870.72,129.36,1.1475
2019,Telangana,Moong(Green Gram),Kharif,59908.0,1031.7,10289798.08,22165.96,0.750968
2018,Uttar Pradesh,Linseed,Rabi,27870.0,792.8,4520514.0,9754.5,0.635417
2007,Mizoram,Tapioca,Kharif,63.0,3095.2,8404.2,10.08,1.3
2013,Puducherry,Cashewnut,Kharif,147.0,1083.2,21240.03,39.69,0.425
2008,Tamil Nadu,Rice,Kharif,1931603.0,1201.9,276296493.1,173844.27,3.562581
2015,Delhi,Wheat,Rabi,19050.0,757.7,3008185.5,6286.5,4.38
2018,Chhattisgarh,Barley,Rabi,1698.0,1515.5,275415.6,594.3,0.864286
2019,Jammu and Kashmir,Other  Rabi pulses,Rabi,369.0,1324.1,63379.44,136.53,0.8625
2011,Karnataka,Other  Rabi pulses,Rabi,9968.0,1179.0,1669839.36,3289.44,0.808889
2012,Gujarat,Groundnut,Kharif,1219400.0,460.6,183885520.0,378014.0,2.91913
2015,Chhattisgarh,Dry chillies,Whole Year,6939.0,1136.0,1095737.49,2289.87,0.458889
2007,Odisha,Rapeseed &Mustard,Winter,15884.0,1633.8,2118925.6,2541.44,0.19069
2009,Maharashtra,Other Kharif pulses,Kharif,109700.0,1002.4,17093454.0,18649.0,0.280968
2020,Uttarakhand,Other  Rabi pulses,Rabi,32.0,1313.9,6195.52,11.84,0.763333
2014,Bihar,Horse-gram,Kharif,8318.0,1061.0,1255685.28,2744.94,0.964737
2013,Himachal Pradesh,Urad,Kharif,7686.0,1216.9,1110550.14,2075.22,0.54
2002,Gujarat,Arhar/Tur,Kharif,313000.0,458.4,29631710.0,78250.0,0.627778
2013,Delhi,Gram,Rabi,44.0,706.8,6357.56,11.88,1.41
2011,West Bengal,Tobacco,Whole Year,17464.0,1686.5,2925569.28,5763.12,1.205
2015,Goa,Groundnut,Kharif,361.0,2587.1,57005.51,119.13,2.04
2016,Tamil Nadu,Mango,Whole Year,115466.0,1121.8,8986.11,173.48,7.098145
2008,Madhya Pradesh,Linseed,Rabi,108748.0,895.0,15555313.92,9787.32,0.62234
2004,Haryana,Wheat,Rabi,2316674.0,484.6,250988461.2,486501.54,3.774737
2006,Jharkhand,Potato,Rabi,13341.72,1465.1,1703871.06,2935.18,8.043636
2010,Tamil Nadu,Sunflower,Kharif,8718.0,1095.2,1448146.98,2092.32,1.258519
2016,Karnataka,Garlic,Whole Year,6534.0,1147.2,1001335.5,2286.9,1.007059
2013,Andhra Pradesh,Tapioca,Kharif,10588.0,1062.3,1529860.12,2858.76,18.4125
2016,Andhra Pradesh,Turmeric,Kharif,18162.86,952.3,2537.25,222.4,6.396161
2007,Gujarat,Urad,Kharif,104200.0,1021.6,13900280.0,16672.0,0.6992
2015,Gujarat,Other Kharif pulses,Kharif,5517.0,584.3,871189.47,1820.61,0.449
2013,Puducherry,Banana,Kharif,224.0,1083.2,32365.76,60.48,20.655
2000,Maharashtra,Sunflower,Kharif,137400.0,1057.8,13488558.0,35724.0,0.525217
2006,Tamil Nadu,Black pepper,Whole Year,3703.0,927.9,472910.13,814.66,0.186923
2014,Chhattisgarh,Moong(Green Gram),Kharif,8803.0,1274.7,1328900.88,2904.99,0.271481
2014,Telangana,Sweet potato,Kharif,7.0,746.4,1056.72,2.31,7.9
2009,Chhattisgarh,Bajra,Kharif,70.0,956.9,10907.4,11.9,0.208
2010,Jammu and Kashmir,Small millets,Kharif,3427.0,1352.0,569258.97,822.48,0.455714
2014,Sikkim,Maize,Kharif,39880.0,2627.0,6020284.8,13160.4,1.69
2012,Kerala,Jowar,Whole Year,148.0,2187.6,22318.4,45.88,0.87
2015,Andhra Pradesh,Sunflower,Kharif,6568.0,940.7,1037152.88,2167.44,0.965
2002,Uttarakhand,Tobacco,Whole Year,738.0,1610.3,69866.46,184.5,6.703333
2015,Jammu and Kashmir,Sesamum,Kharif,3739.0,1572.6,590425.49,1233.87,0.436667
2010,Gujarat,Castor seed,Kharif,490600.0,1107.5,81493566.0,117744.0,2.011364
2006,Nagaland,Peas & beans (Pulses),Kharif,1700.0,1362.5,217107.0,374.0,1.18625
2009,Karnataka,Castor seed,Kharif,17829.0,1321.0,2778114.78,3030.93,0.645909
2004,Karnataka,Sesamum,Kharif,106539.0,1117.7,11542435.26,22373.19,0.5664
2008,Andhra Pradesh,Linseed,Rabi,927.0,944.6,132598.08,83.43,0.384
2019,Assam,Jute,Kharif,64247.0,2084.7,11035064.72,23771.39,11.668519
2015,Meghalaya,Arhar/Tur,Kharif,1153.0,3870.8,182070.23,380.49,1.114
2002,Manipur,Onion,Whole Year,240.0,1743.7,22720.8,60.0,2.078333
2017,Nagaland,Barley,Rabi,550.0,1722.1,86592.0,209.0,1.033636
2018,Uttar Pradesh,Sannhamp,Kharif,1770.0,792.8,287094.0,619.5,0.164194
2016,Arunachal Pradesh,Soyabean,Kharif,3098.0,2933.7,474768.5,1084.3,2.085263
2000,Karnataka,Mango,Whole Year,184833.47,3225.9,33990.25,876.21,4.551665
2006,Rajasthan,Maize,Kharif,265334.82,313.7,53255.68,982.88,2.917347
2010,Nagaland,Sugarcane,Kharif,4250.0,1771.8,705967.5,1020.0,43.529091
2016,Kerala,Arecanut,Whole Year,97696.0,2924.3,14971912.0,34193.6,0.883571
2006,Andhra Pradesh,Cotton(lint),Kharif,971806.0,845.2,124109344.3,213797.32,2.080952
2017,Mizoram,Sesamum,Kharif,765.3,3865.8,120488.83,290.81,0.67625
2005,Maharashtra,Sunflower,Kharif,109400.0,1387.2,13119248.0,22974.0,0.547391
2000,Puducherry,Onion,Whole Year,13.0,1434.6,1276.21,3.38,15.54
2011,Nagaland,Sweet potato,Kharif,1150.0,1544.4,192648.0,379.5,8.441818
2015,Kerala,Sweet potato,Whole Year,279.0,2602.9,44056.89,92.07,13.186429
2008,Nagaland,Linseed,Rabi,5670.0,1540.9,811036.8,510.3,0.739091
2018,Uttar Pradesh,Dry chillies,Kharif,13763.0,792.8,2232358.6,4817.05,0.938333
2000,Puducherry,Coriander,Whole Year,1.0,1434.6,98.17,0.26,1.0
2019,Mizoram,Soyabean,Kharif,1121.0,2178.5,192542.96,414.77,1.335
2016,Nagaland,Niger seed,Kharif,32650.0,1959.8,5003612.5,11427.5,1.083636
2007,Haryana,Sannhamp,Whole Year,273.0,443.8,36418.2,43.68,0.070833
2017,Chhattisgarh,Moong(Green Gram),Kharif,8394.0,1124.5,1321551.36,3189.72,0.413077
2009,Kerala,Arecanut,Whole Year,99190.0,2821.5,15455785.8,16862.3,0.976429
2008,Uttarakhand,Moong(Green Gram),Kharif,56.0,1363.7,8010.24,5.04,0.403333
2017,West Bengal,Bajra,Kharif,30.0,1830.0,4723.2,11.4,0.4
2018,Gujarat,Mango,Whole Year,183074.42,1396.3,44833.72,1028.44,7.577203
2010,Madhya Pradesh,Arhar/Tur,Kharif,638175.0,856.3,106007249.2,153162.0,0.3098
2002,Chhattisgarh,Bajra,Kharif,66.0,1001.4,6248.22,16.5,0.51
2004,Jammu and Kashmir,Bajra,Kharif,16045.0,1032.1,1738315.3,3369.45,0.605
2016,Telangana,Turmeric,Kharif,50566.0,942.6,7749239.5,17698.1,5.839167
2015,Andhra Pradesh,Ginger,Kharif,362.0,940.7,57163.42,119.46,2.802
2018,Gujarat,Maize,Kharif,310536.0,1125.4,50368939.2,108687.6,1.835238
2003,Tamil Nadu,Bajra,Kharif,158851.0,345.6,15723071.98,38124.24,1.0744
2010,Andhra Pradesh,Urad,Kharif,82317.0,1297.0,13673676.87,19756.08,0.472857
2005,Haryana,Groundnut,Kharif,3784.0,516.9,453777.28,794.64,0.534615
2012,Madhya Pradesh,Dry chillies,Whole Year,70602.0,1049.5,10646781.6,21886.62,1.857551
2001,West Bengal,Ragi,Kharif,12730.0,1556.6,1300114.9,3309.8,0.862
2012,Karnataka,Rice,Kharif,1048427.0,956.2,158102791.6,325012.37,2.418333
2000,Uttar Pradesh,Moong,Kharif,40523.42,949.6,6363.87,166.2,0.442353
2009,Maharashtra,Mango,Whole Year,48719.0,2316.0,6410.02,493.4,6.026321
2018,Maharashtra,Other  Rabi pulses,Rabi,109680.0,1387.4,17790096.0,38388.0,0.4368
2012,Karnataka,Jowar,Kharif,158054.0,956.2,23834543.2,48996.74,1.152174
2019,Karnataka,Horse-gram,Kharif,93699.0,1422.3,16093740.24,34668.63,0.775185
2011,Assam,Mustard,Rabi,1073906.07,2070.2,199812.92,4180.29,1.343215
2003,Sikkim,Small millets,Kharif,4150.0,2838.1,410767.0,996.0,0.855
2011,Karnataka,Maize,Kharif,1206528.0,1179.0,202117570.6,398154.24,2.855357
2016,Odisha,Mustard,Rabi,936538.02,1736.5,230081.98,11352.36,1.424442
2003,West Bengal,Coconut,Whole Year,24443.0,1526.7,2419368.14,5866.32,12370.06944
2010,Uttarakhand,Ragi,Kharif,119207.0,1419.0,19801474.77,28609.68,1.428182
2011,Punjab,Mustard,Rabi,813192.99,673.9,211210.81,6867.17,1.428034
2019,West Bengal,Other Kharif pulses,Kharif,1523.0,1733.4,261590.48,563.51,0.693333
2014,Bihar,Sesamum,Kharif,2926.0,1061.0,441708.96,965.58,0.899259
2009,Chhattisgarh,Horse-gram,Kharif,48893.0,956.9,7618507.26,8311.81,0.281765
2016,Chhattisgarh,Castor seed,Kharif,114.0,1298.9,17470.5,39.9,0.22
2010,West Bengal,Urad,Kharif,45020.0,1096.0,7478272.2,10804.8,0.471176
2007,Assam,Mesta,Kharif,5253.0,2154.1,700750.2,840.48,4.7625
2016,Assam,Mustard,Rabi,423530.53,3108.6,79092.44,5125.58,1.377569
2006,Assam,Linseed,Rabi,8169.0,1774.9,1043262.99,1797.18,0.484583
2002,Andhra Pradesh,Ginger,Whole Year,2026.0,648.1,191801.42,506.5,1.635
2017,Meghalaya,Onion,Rabi,551.0,4472.3,86749.44,209.38,8.427
2012,West Bengal,Small millets,Autumn,1057.0,1566.0,159395.6,327.67,0.656667
2009,Bihar,Lentil,Rabi,13578.93,1016.2,1351.51,125.45,1.032833
2016,Telangana,Horse-gram,Kharif,353.0,942.6,54097.25,123.55,0.395714
2015,Meghalaya,Small millets,Rabi,2906.0,3870.8,458886.46,958.98,1.115
2012,Jammu and Kashmir,Other  Rabi pulses,Rabi,212.0,1116.7,31969.6,65.72,0.6125
2011,Haryana,Potato,Whole Year,12074.0,471.5,2022636.48,3984.42,20.607333
2013,Madhya Pradesh,Groundnut,Kharif,215619.0,1451.4,31154789.31,58217.13,1.2828
2014,Nagaland,Urad,Kharif,790.0,1333.3,119258.4,260.7,0.820909
2018,Uttarakhand,Wheat,Rabi,307452.0,1373.0,49868714.4,107608.2,2.349231
2009,Manipur,Arhar/Tur,Kharif,168.0,992.5,26177.76,28.56,0.77875
2009,Odisha,Potato,Winter,7877.0,1330.3,1227394.14,1339.09,11.022414
2019,Sikkim,Soyabean,Kharif,2929.0,2740.0,503085.04,1083.73,0.955
2015,Gujarat,Sugarcane,Whole Year,157130.0,584.3,24812398.3,51852.9,68.724375
2006,Jammu and Kashmir,Moong(Green Gram),Kharif,1559.0,1786.5,199099.89,342.98,0.503333
2015,Himachal Pradesh,Onion,Rabi,854.0,1223.2,134855.14,281.82,9.954
2018,Telangana,Sesamum,Kharif,770.0,1350.3,124894.0,269.5,0.167857
2007,Kerala,Coconut,Whole Year,818812.0,3489.6,109229520.8,131009.92,6390.165714
2001,Andhra Pradesh,Bajra,Kharif,81851.0,928.4,8359442.63,21281.26,0.851765
2011,West Bengal,Potato,Rabi,376751.0,1686.5,63113327.52,124327.83,26.117222
2006,West Bengal,Khesari,Rabi,32153.0,1631.4,4106259.63,7073.66,0.802222
2001,Jharkhand,Arhar/Tur,Kharif,369040.97,1452.8,29393.57,742.53,0.805824
2001,Himachal Pradesh,Bajra,Kharif,110.0,918.1,11234.3,28.6,0.5975
2019,Madhya Pradesh,Gram,Rabi,1925684.0,1446.7,330755483.8,712503.08,1.626923
2012,Sikkim,Barley,Rabi,590.0,3006.9,88972.0,182.9,0.98
2010,Tamil Nadu,Maize,Kharif,230489.0,1095.2,38286527.79,55317.36,4.527857
2007,Odisha,Rice,Autumn,742000.0,1633.8,98982800.0,118720.0,1.082857
2006,Odisha,Urad,Autumn,27628.0,1716.9,3528371.88,6078.16,0.235
2001,West Bengal,Jowar,Kharif,1194.0,1556.6,121943.22,310.44,0.611429
2002,Odisha,Ginger,Kharif,15340.0,1102.8,1452237.8,3835.0,1.828
2013,Karnataka,Arecanut,Whole Year,218007.0,1235.6,31499831.43,58861.89,10.93
2012,Gujarat,Rapeseed &Mustard,Rabi,212800.0,460.6,32090240.0,65968.0,1.65875
2011,Kerala,Turmeric,Whole Year,2970.45,3035.1,497609.78,980.25,2.467143
2012,Madhya Pradesh,Safflower,Rabi,236.0,1049.5,35588.8,73.16,0.386667
2000,Haryana,Sweet potato,Whole Year,120.0,383.7,11780.4,31.2,19.48
2016,Bihar,Maize,Autumn,241450.0,1205.6,37002212.5,84507.5,2.579459
2013,Andhra Pradesh,Other Kharif pulses,Kharif,3488.0,1062.3,503981.12,941.76,0.5025
2012,Nagaland,Jute,Kharif,3010.0,1296.6,453908.0,933.1,1.902
2017,Kerala,Cotton(lint),Whole Year,84.0,2664.8,13224.96,31.92,1.57
2005,Karnataka,Safflower,Rabi,80945.0,1316.2,9706924.4,16998.45,0.694375
2002,Jammu and Kashmir,Barley,Rabi,10353.0,933.2,980118.51,2588.25,0.544
2002,Odisha,Mustard,Rabi,1116287.51,1501.4,80432.24,6491.35,1.292754
2001,Jharkhand,Gram,Rabi,514850.03,1470.5,36379.01,1314.6,0.85678
2019,Karnataka,Castor seed,Kharif,4144.0,1422.3,711773.44,1533.28,0.904545
2013,Haryana,Onion,Whole Year,30163.0,452.2,4358251.87,8144.01,22.457143
2016,Gujarat,Sugarcane,Whole Year,157987.0,710.5,24211507.75,55295.45,64.445333
2015,Karnataka,Potato,Kharif,31633.0,1024.9,4995167.03,10438.89,4.458333
2008,Mizoram,Other Kharif pulses,Kharif,2561.0,1912.1,366325.44,230.49,0.8175
2001,Karnataka,Sunflower,Kharif,124184.0,1002.9,12682911.92,32287.84,0.520833
2009,Uttar Pradesh,Dry chillies,Kharif,14922.0,585.8,2325146.04,2536.74,0.884559
2003,Uttarakhand,Ragi,Kharif,126421.0,1734.3,12513150.58,30341.04,1.4
2007,Maharashtra,Small millets,Kharif,60800.0,1257.2,8110720.0,9728.0,0.568621
2013,Jammu and Kashmir,Turmeric,Rabi,4.0,1193.8,577.96,1.08,0.93
2001,Madhya Pradesh,Linseed,Rabi,163743.0,955.0,16723072.59,42573.18,0.488409
2003,Chhattisgarh,Arhar/Tur,Kharif,52307.0,1643.7,5177346.86,12553.68,0.58125
2016,Himachal Pradesh,Sannhamp,Kharif,5.0,1373.9,766.25,1.75,0.125
2001,Mizoram,Cotton(lint),Kharif,618.0,2406.4,63116.34,160.68,2.625
2005,Kerala,Jowar,Kharif,2450.0,3030.9,293804.0,514.5,0.2525
2004,Manipur,Sugarcane,Whole Year,300.0,1613.3,32502.0,63.0,32.67
2000,Karnataka,Niger seed,Kharif,43842.0,1213.3,4303969.14,11398.92,0.213043
2001,Arunachal Pradesh,Potato,Whole Year,4646.0,2128.5,474495.98,1207.96,6.809231
2013,Puducherry,Tapioca,Kharif,166.0,1083.2,23985.34,44.82,30.0
2016,Madhya Pradesh,Niger seed,Kharif,73000.0,1048.4,11187250.0,25550.0,0.364545
2006,Himachal Pradesh,Horse-gram,Kharif,2551.0,1207.0,325788.21,561.22,0.484
2016,Maharashtra,Turmeric,Kharif,13822.9,1326.2,1814.42,107.29,6.574091
2016,Himachal Pradesh,Potato,Kharif,6448.0,1373.9,988156.0,2256.8,11.604
2005,Tamil Nadu,Garlic,Whole Year,428.0,1364.1,51325.76,89.88,5.854
2010,Rajasthan,Jowar,Kharif,396108.4,453.7,84511.0,3252.54,1.309414
2013,Rajasthan,Coriander,Rabi,43182.65,301.7,8326.47,415.77,0.898829
2004,Odisha,Jowar,Kharif,10071.0,1290.4,1091092.14,2114.91,0.5245
2019,Punjab,Moong(Green Gram),Kharif,2600.0,653.2,446576.0,962.0,0.836667
2019,Telangana,Rice,Kharif,1631151.0,1031.7,280166495.8,603525.87,3.575625
2005,Jharkhand,Masoor,Rabi,2834.21,965.2,339878.46,595.18,0.4725
2008,Mizoram,Maize,Kharif,9173.0,1912.1,1312105.92,825.57,0.9125
2007,Odisha,Wheat,Summer,5548.0,1633.8,740103.2,887.68,1.398
2005,Bihar,Ginger,Whole Year,824.0,907.8,98814.08,173.04,1.53
2019,Arunachal Pradesh,Other  Rabi pulses,Rabi,1273.0,2433.3,218650.48,471.01,0.711053
2002,Odisha,Castor seed,Kharif,7830.0,1102.8,741266.1,1957.5,0.463913
2003,Uttar Pradesh,Barley,Rabi,233928.0,1075.6,23154193.44,56142.72,2.085143
2006,Telangana,Turmeric,Kharif,51517.21,1072.3,5580.87,412.42,5.203999
2003,Bihar,Jute,Kharif,154588.0,1353.9,15301120.24,37101.12,8.015333
2010,Uttar Pradesh,Small millets,Kharif,8762.0,742.6,1455455.82,2102.88,0.781667
2000,Goa,Ragi,Kharif,500.0,3886.9,49085.0,130.0,1.0
2011,Maharashtra,Turmeric,Kharif,12798.14,1898.7,997.5,77.71,5.046808
2018,Madhya Pradesh,Arhar/Tur,Kharif,212755.0,1102.2,34508861.0,74464.25,0.758431
2020,Tamil Nadu,Cotton(lint),Kharif,1137066.25,830.6,189377.97,5092.16,0.566025
2006,Uttar Pradesh,Arhar/Tur,Kharif,406572.0,590.5,51923310.12,89445.84,0.76087
2005,Tripura,Urad,Kharif,1260.0,1765.9,151099.2,264.6,0.5825
2005,Tamil Nadu,Small millets,Kharif,40366.0,1364.1,4840690.72,8476.86,0.77375
2015,Telangana,Other Kharif pulses,Kharif,100.0,747.9,15791.0,33.0,0.343333
2006,Manipur,Turmeric,Summer,30.0,1533.6,3831.3,6.6,0.67
2013,Tamil Nadu,Sunflower,Kharif,2155.0,740.9,311375.95,581.85,1.71875
2020,Uttarakhand,Horse-gram,Kharif,13149.0,1313.9,2545777.89,4865.13,0.969091
2011,Tamil Nadu,Banana,Whole Year,103107.0,926.5,17272484.64,34025.31,43.345806
2005,Uttarakhand,Linseed,Rabi,14.0,1353.3,1678.88,2.94,0.36
2020,Uttarakhand,Urad,Kharif,12398.0,1313.9,2400376.78,4587.26,1.120769
2005,Jharkhand,Rice,Autumn,149362.86,965.2,17911594.17,31366.2,0.557857
2006,Gujarat,Dry chillies,Whole Year,6900.0,1056.2,881199.0,1518.0,0.948421
2008,Tamil Nadu,Onion,Whole Year,30255.0,1201.9,4327675.2,2722.95,10.1544
2019,Bihar,Sannhamp,Kharif,900.0,1194.7,154584.0,333.0,0.835625
2004,Uttar Pradesh,Onion,Whole Year,18430.0,704.0,1996706.2,3870.3,11.423286
2010,Uttar Pradesh,Mustard,Rabi,1338206.17,1061.1,259902.64,5966.1,1.39303
2003,Haryana,Moong(Green Gram),Kharif,25215.0,592.3,2495780.7,6051.6,0.081875
2018,Tripura,Moong(Green Gram),Kharif,2082.0,2169.1,337700.4,728.7,0.60125
2009,West Bengal,Potato,Rabi,384451.0,1317.2,59905154.82,65356.67,31.588889
2012,Madhya Pradesh,Gram,Rabi,2716273.0,1049.5,409613968.4,842044.63,1.2206
2001,Uttar Pradesh,Gram,Rabi,840602.0,849.9,85850682.26,218556.52,0.993623
2019,Madhya Pradesh,Onion,Whole Year,173886.5,1446.7,29866745.24,64338.0,23.217451
2006,Tripura,Cotton(lint),Kharif,1148.0,1764.3,146611.08,252.56,1.375
2015,Karnataka,Sunflower,Kharif,125584.0,1024.9,19830969.44,41442.72,0.4084
2001,Bihar,Jowar,Kharif,4388.0,1247.0,448146.44,1140.88,0.888889
2009,Madhya Pradesh,Safflower,Whole Year,409.0,904.1,63730.38,69.53,0.3
2016,Madhya Pradesh,Ginger,Whole Year,23153.07,1048.4,3548207.98,8103.57,16.168542
2002,Manipur,Rice,Kharif,153110.0,1743.7,14494923.7,38277.5,2.034444
2018,Jammu and Kashmir,Sesamum,Kharif,4422.0,1016.3,717248.4,1547.7,0.421667
2011,Punjab,Urad,Kharif,2800.0,705.2,469056.0,924.0,0.4875
2017,Mizoram,Cotton(lint),Kharif,92.3,3865.8,14531.71,35.07,0.3975
2011,Maharashtra,Arhar/Tur,Kharif,1233100.0,1174.1,206568912.0,406923.0,0.639375
2011,Puducherry,Arecanut,Kharif,60.0,1434.6,10051.2,19.8,1.28
2002,Gujarat,Moth,Kharif,37900.0,458.4,3587993.0,9475.0,0.544667
2019,Sikkim,Rice,Kharif,8685.0,2740.0,1491735.6,3213.45,1.8225
2012,Andhra Pradesh,Tobacco,Kharif,18006.0,968.7,2715304.8,5581.86,8.578462
2001,Manipur,Other Kharif pulses,Kharif,1870.0,2013.1,190983.1,486.2,0.517143
2020,Andhra Pradesh,Banana,Whole Year,80758.64,1194.2,7604.83,598.68,28.100888
2003,Jammu and Kashmir,Sannhamp,Whole Year,123.0,1430.3,12174.54,29.52,0.404
2018,Maharashtra,Linseed,Rabi,7014.0,1387.4,1137670.8,2454.9,0.336364
2013,Nagaland,Soyabean,Kharif,24750.0,1350.9,3576127.5,6682.5,1.238182
2013,Andhra Pradesh,Ragi,Kharif,37021.0,1062.3,5349164.29,9995.67,1.005455
2019,Chhattisgarh,Castor seed,Kharif,12.0,1420.3,2061.12,4.44,0.3575
2002,Meghalaya,Soyabean,Kharif,999.0,4355.3,94575.33,249.75,0.901429
2003,Tamil Nadu,Cardamom,Whole Year,5221.0,345.6,516774.58,1253.04,0.079
2019,Odisha,Coriander,Rabi,19980.0,1593.9,3431764.8,7392.6,0.614667
2017,Haryana,Cotton(lint),Kharif,668500.0,417.1,105248640.0,254030.0,2.69375
2014,Andhra Pradesh,Rapeseed &Mustard,Rabi,5711.0,687.6,862132.56,1884.63,0.418
2011,Gujarat,Other  Rabi pulses,Rabi,24000.0,890.5,4020480.0,7920.0,0.691176
2014,Arunachal Pradesh,Ginger,Whole Year,8000.0,2403.2,1207680.0,2640.0,6.729412
2003,Kerala,Coconut,Whole Year,898498.0,2386.0,88933332.04,215639.52,6097.778571
2015,Tripura,Peas & beans (Pulses),Rabi,2947.0,2334.4,465360.77,972.51,0.86125
2003,Maharashtra,Niger seed,Kharif,53600.0,1037.4,5305328.0,12864.0,0.3865
2010,Punjab,Rice,Kharif,2831000.0,392.7,470257410.0,679440.0,3.834
2014,Himachal Pradesh,Horse-gram,Kharif,1472.0,1019.9,222213.12,485.76,0.375
2015,West Bengal,Gram,Rabi,30792.0,1717.0,4862364.72,10161.36,0.9
2007,Nagaland,Other  Rabi pulses,Rabi,7600.0,1769.0,1013840.0,1216.0,1.147143
2003,Kerala,Cashewnut,Whole Year,86376.0,2386.0,8549496.48,20730.24,0.559286
2015,Maharashtra,Ragi,Kharif,91700.0,875.7,14480347.0,30261.0,0.895
2017,Meghalaya,Rice,Autumn,33575.0,4472.3,5286048.0,12758.5,2.551818
2008,Gujarat,Jowar,Kharif,124200.0,746.1,17765568.0,11178.0,1.2955
2013,Odisha,Horse-gram,Summer,62.0,1632.4,8958.38,16.74,0.38
2013,Andhra Pradesh,Wheat,Rabi,348.0,1062.3,50282.52,93.96,0.68
2014,Punjab,Masoor,Rabi,800.0,382.7,120768.0,264.0,0.575
2008,Rajasthan,Sesamum,Kharif,18122.82,575.2,4236.64,185.94,0.47375
2017,Andhra Pradesh,Sunflower,Kharif,3045.0,868.2,479404.8,1157.1,0.924286
2005,Maharashtra,Gram,Rabi,1020400.0,1387.2,122366368.0,214284.0,0.662581
2015,Uttar Pradesh,Turmeric,Rabi,875.0,596.7,138171.25,288.75,1.08
2019,Tamil Nadu,Cowpea(Lobia),Kharif,47877.0,910.1,8223353.52,17714.49,0.775833
2008,Madhya Pradesh,Safflower,Rabi,260.0,895.0,37190.4,23.4,0.227143
2005,Himachal Pradesh,Sesamum,Kharif,3808.0,1248.1,456655.36,799.68,0.294
2009,Madhya Pradesh,Soyabean,Whole Year,5439849.0,904.1,847637271.2,924774.33,1.0138
2012,Karnataka,Wheat,Rabi,225274.0,956.2,33971319.2,69834.94,0.846429
2008,Tamil Nadu,Rapeseed &Mustard,Whole Year,257.0,1201.9,36761.28,23.13,0.282222
2019,Jammu and Kashmir,other oilseeds,Kharif,2.0,1324.1,343.52,0.74,0.5
2012,Madhya Pradesh,Rapeseed &Mustard,Rabi,703261.0,1049.5,106051758.8,218010.91,0.975625
2008,Chhattisgarh,Linseed,Rabi,47594.0,1117.9,6807845.76,4283.46,0.2925
2009,Chhattisgarh,Other Kharif pulses,Kharif,6959.0,956.9,1084351.38,1183.03,0.225294
2014,Nagaland,Cowpea(Lobia),Kharif,490.0,1333.3,73970.4,161.7,1.473333
2013,Manipur,Maize,Kharif,19590.0,1428.8,2830559.1,5289.3,2.186667
2009,Tamil Nadu,Ginger,Whole Year,864.0,928.5,134628.48,146.88,16.036
2012,Odisha,Wheat,Summer,1039.0,1430.2,156681.2,322.09,1.622857
2010,Uttarakhand,Other Cereals,Kharif,69860.0,1419.0,11604444.6,16766.4,1.115455
2013,Tamil Nadu,Tapioca,Whole Year,83526.0,740.9,12068671.74,22552.02,32.508065
2002,Karnataka,Sweet potato,Whole Year,3390.0,860.8,320931.3,847.5,6.286
2007,Gujarat,Sesamum,Kharif,299600.0,1021.6,39966640.0,47936.0,0.460455
2006,Himachal Pradesh,Ragi,Kharif,2950.0,1207.0,376744.5,649.0,0.94875
2006,Rajasthan,Bajra,Kharif,1952572.76,146.2,189903.91,18859.74,1.365933
2018,Maharashtra,Castor seed,Kharif,12534.0,1387.4,2033014.8,4386.9,0.2745
2013,Bihar,Potato,Rabi,288323.9,1076.5,66547.9,2852.2,23.600582
2004,Maharashtra,Other Kharif pulses,Kharif,203800.0,1052.0,22079692.0,42798.0,0.3125
2007,Karnataka,Linseed,Rabi,13766.0,1323.3,1836384.4,2202.56,0.406154
2017,Uttar Pradesh,Small millets,Kharif,9264.0,652.1,1458524.16,3520.32,0.647037
2003,West Bengal,Moong(Green Gram),Kharif,835.0,1526.7,82648.3,200.4,0.61
2002,Tamil Nadu,Urad,Kharif,196888.0,315.9,18639386.96,49222.0,0.422963
2008,Maharashtra,Turmeric,Kharif,25457.03,1243.6,4791.8,223.41,5.296613
2014,Nagaland,Tapioca,Kharif,2170.0,1333.3,327583.2,716.1,20.193636
2003,Assam,Onion,Whole Year,7332.0,2213.7,725721.36,1759.68,2.341739
2015,Bihar,Safflower,Rabi,106.0,874.0,16738.46,34.98,0.933333
2002,Punjab,Wheat,Rabi,3375000.0,301.8,319511250.0,843750.0,4.13
2020,Andhra Pradesh,Turmeric,Kharif,37515.81,792.9,6444.18,65.3,6.618098
2018,Assam,Small millets,Kharif,5210.0,2372.9,845062.0,1823.5,0.56625
2011,Maharashtra,Groundnut,Kharif,237700.0,1174.1,39819504.0,78441.0,0.902308
2007,Haryana,Arhar/Tur,Kharif,28779.0,443.8,3839118.6,4604.64,0.842105
2004,Maharashtra,Rapeseed &Mustard,Rabi,8600.0,1052.0,931724.0,1806.0,0.332593
2005,Jammu and Kashmir,Cotton(lint),Kharif,35.0,1721.8,4197.2,7.35,0.5
2016,Bihar,Masoor,Rabi,146093.0,1205.6,22388752.25,51132.55,0.934474
2018,Nagaland,Small millets,Kharif,8820.0,1372.7,1430604.0,3087.0,1.17
2012,Uttar Pradesh,Rice,Kharif,5837298.0,746.3,880264538.4,1809562.38,2.4092
2016,Maharashtra,Other  Rabi pulses,Rabi,122180.0,1151.1,18724085.0,42763.0,0.511852
2000,Bihar,Sunflower,Kharif,10838.0,1207.0,1063966.46,2817.88,1.407586
2018,Karnataka,Dry chillies,Kharif,157587.0,1419.1,25560611.4,55155.45,1.162941
2018,Madhya Pradesh,Soyabean,Kharif,5418888.0,1102.2,878943633.6,1896610.8,0.9452
2004,Himachal Pradesh,Maize,Kharif,297887.0,939.2,32273077.58,62556.27,2.1625
2013,Meghalaya,Black pepper,Whole Year,967.0,2448.4,139721.83,261.09,0.681818
2008,Maharashtra,Sugarcane,Whole Year,768400.0,1052.8,109911936.0,69156.0,65.534074
2014,Arunachal Pradesh,Potato,Whole Year,5090.0,2403.2,768386.4,1679.7,7.872353
2013,Kerala,Sweet potato,Whole Year,330.0,3255.4,47681.7,89.1,14.142857
2009,Maharashtra,Soyabean,Kharif,3019100.0,1002.4,470436162.0,513247.0,0.948929
2002,Puducherry,Black pepper,Whole Year,12.0,1434.6,1136.04,3.0,0.67
2000,Gujarat,Sesamum,Kharif,356900.0,379.7,35036873.0,92794.0,0.307647
2003,Madhya Pradesh,Coriander,Whole Year,125074.0,1163.0,12379824.52,30017.76,0.335957
2011,Mizoram,Tobacco,Whole Year,272.0,2439.3,45565.44,89.76,0.9125
2000,Karnataka,Jowar,Kharif,402962.0,1213.3,39558779.54,104770.12,1.395238
2000,Karnataka,Onion,Whole Year,120358.0,1213.3,11815544.86,31293.08,6.0164
2014,Mizoram,Tobacco,Whole Year,119.0,2029.9,17964.24,39.27,0.68
2019,Uttar Pradesh,Peas & beans (Pulses),Rabi,343563.0,814.5,59010380.88,127118.31,1.443151
2002,Gujarat,Sugarcane,Whole Year,202900.0,458.4,19208543.0,50725.0,67.237143
2014,Puducherry,Other  Rabi pulses,Rabi,64.0,1330.0,9661.44,21.12,0.81
2008,Karnataka,Dry chillies,Kharif,109185.0,1164.1,15617822.4,9826.65,1.025714
2008,Puducherry,Coriander,Rabi,2.0,1434.6,286.08,0.18,0.5
2002,Gujarat,Urad,Kharif,121600.0,458.4,11511872.0,30400.0,0.396111
2003,Andhra Pradesh,Soyabean,Kharif,68424.0,826.0,6772607.52,16421.76,1.345
2016,Gujarat,Sesamum,Kharif,128910.0,710.5,19755457.5,45118.5,0.54069
2000,Jharkhand,Sugarcane,Whole Year,613744.85,1499.5,67243.47,3247.88,63.632089
2015,Himachal Pradesh,Arhar/Tur,Kharif,45.0,1223.2,7105.95,14.85,0.32
2016,Maharashtra,Maize,Kharif,658330.0,1151.1,100889072.5,230415.5,2.413448
2002,Himachal Pradesh,Tobacco,Whole Year,32.0,890.8,3029.44,8.0,1.58
2000,Madhya Pradesh,Jowar,Kharif,620815.0,723.3,60945408.55,161411.9,0.860667
2008,Bihar,Sannhamp,Kharif,3358.0,1197.7,480328.32,302.22,6.622609
2002,Maharashtra,Gram,Rabi,796200.0,967.4,75376254.0,199050.0,0.566129
2018,West Bengal,Castor seed,Kharif,19.0,2012.6,3081.8,6.65,0.58
2000,Himachal Pradesh,Ginger,Kharif,34696.4,528.3,3183.58,77.87,7.119767
2017,Karnataka,Dry chillies,Kharif,82844.0,1111.7,13042959.36,31480.72,1.775862
2003,Bihar,Other Kharif pulses,Kharif,1180.0,1353.9,116796.4,283.2,0.6804
2007,Puducherry,Sunflower,Kharif,5.0,1434.6,667.0,0.8,0.75
2008,Puducherry,Ragi,Kharif,21.0,1434.6,3003.84,1.89,1.775
2004,Tamil Nadu,Arhar/Tur,Kharif,43416.0,1034.0,4703689.44,9117.36,0.6684
2015,Andhra Pradesh,Jowar,Kharif,44394.0,940.7,7010256.54,14650.02,1.124167
2010,Jammu and Kashmir,Peas & beans (Pulses),Kharif,262.0,1352.0,43520.82,62.88,0.53
2015,Jharkhand,Maize,Autumn,118741.0,1085.6,18750391.31,39184.53,1.133333
2008,Andhra Pradesh,Other Kharif pulses,Kharif,2634.0,944.6,376767.36,237.06,0.5
2010,Andhra Pradesh,Bajra,Kharif,51338.0,1297.0,8527755.18,12321.12,1.229444
2003,Maharashtra,other oilseeds,Kharif,25600.0,1037.4,2533888.0,6144.0,0.201905
2016,Tripura,Cotton(lint),Kharif,870.0,2475.3,133327.5,304.5,1.55125
2006,Kerala,Cashewnut,Whole Year,70463.0,3429.7,8998829.73,15501.86,0.577857
2017,Delhi,Barley,Kharif,70.0,533.7,11020.8,26.6,2.59
2004,Chhattisgarh,Mesta,Kharif,1360.0,1122.8,147342.4,285.6,1.852667
2008,Delhi,Maize,Kharif,54.0,614.6,7724.16,4.86,1.83
2017,Bihar,Rice,Autumn,522698.0,1112.0,82293573.12,198625.24,1.781739
2018,Karnataka,Cashewnut,Whole Year,47293.0,1419.1,7670924.6,16552.55,1.198214
2004,Uttarakhand,Other  Rabi pulses,Rabi,756.0,1219.6,81905.04,158.76,0.6425
2016,Nagaland,Other Kharif pulses,Kharif,10770.0,1959.8,1650502.5,3769.5,1.203
2009,Tamil Nadu,Maize,Whole Year,244159.0,928.5,38044855.38,41507.03,4.798889
2001,Mizoram,Soyabean,Kharif,1266.0,2406.4,129296.58,329.16,0.98
2020,Telangana,Cotton(lint),Kharif,781196.54,980.2,99180.05,4424.95,0.614283
2002,Delhi,Wheat,Rabi,19860.0,593.6,1880146.2,4965.0,4.01
2014,Bihar,Bajra,Kharif,3288.0,1061.0,496356.48,1085.04,1.117143
2001,Chhattisgarh,Garlic,Whole Year,779.0,1550.0,79559.27,202.54,3.026429
2002,Nagaland,Rapeseed &Mustard,Rabi,15694.0,1536.6,1485750.98,3923.5,1.13
2010,Tripura,Sesamum,Kharif,2046.0,2348.3,339861.06,491.04,0.57
2006,Sikkim,Barley,Rabi,1150.0,2270.2,146866.5,253.0,1.0525
2017,Telangana,Bajra,Kharif,944.0,815.7,148623.36,358.72,1.01
2018,Maharashtra,Soyabean,Kharif,4075174.0,1387.4,660993222.8,1426310.9,1.232857
2000,Goa,Banana,Whole Year,2000.0,3886.9,196340.0,520.0,7.37
2000,Arunachal Pradesh,Oilseeds total,Whole Year,26301.0,2157.7,2581969.17,6838.26,1.003846
2010,Assam,Cotton(lint),Kharif,1398.0,2578.5,232221.78,335.52,0.528333
2011,Andhra Pradesh,Garlic,Whole Year,429.0,861.9,71866.08,141.57,2.136
2014,Andhra Pradesh,Soyabean,Kharif,730.0,687.6,110200.8,240.9,1.956
2000,Uttar Pradesh,Linseed,Rabi,55279.0,874.4,5426739.43,14372.54,0.354259
2006,Madhya Pradesh,Turmeric,Whole Year,668.0,1072.3,85310.28,146.96,0.977586
2000,Uttarakhand,Linseed,Rabi,17.0,1413.4,1668.89,4.42,0.186667
2008,Uttar Pradesh,Moong(Green Gram),Kharif,30518.0,891.6,4365294.72,2746.62,0.382
2011,Andhra Pradesh,Safflower,Rabi,10080.0,861.9,1688601.6,3326.4,0.73125
2009,Sikkim,Other Kharif pulses,Kharif,2900.0,2176.6,451878.0,493.0,0.9875
2002,Haryana,Horse-gram,Kharif,446.0,353.9,42222.82,111.5,0.062
2008,Nagaland,Rapeseed &Mustard,Rabi,26620.0,1540.9,3807724.8,2395.8,0.995455
2020,Haryana,Rice,Kharif,1923254.44,630.1,239401.35,9984.73,3.396734
2001,Jammu and Kashmir,Rice,Kharif,249830.0,953.8,25515137.9,64955.8,1.634167
2017,Gujarat,Rice,Kharif,802674.0,814.8,126372994.6,305016.12,2.0375
2006,Uttarakhand,Moong(Green Gram),Kharif,2.0,1178.9,255.42,0.44,1.0
2010,Karnataka,Banana,Whole Year,65767.0,1317.7,10924556.37,15784.08,23.711724
2020,Andhra Pradesh,Mango,Whole Year,213572.69,1195.8,19350.7,1237.79,8.352891
2005,Punjab,Masoor,Rabi,1900.0,566.7,227848.0,399.0,0.55
2000,Odisha,Sannhamp,Whole Year,11160.0,1066.0,1095577.2,2901.6,4.0725
2015,Assam,Urad,Rabi,51579.0,2155.3,8144839.89,17021.07,0.667778
2001,Odisha,Gram,Rabi,29520.0,1672.5,3014877.6,7675.2,0.514643
2009,Karnataka,Tomato,Whole Year,34308.9,2220.1,7123.05,353.04,22.902457
2010,Uttar Pradesh,Moong,Kharif,49634.43,815.0,12693.44,578.1,0.529543
2018,Sikkim,Wheat,Rabi,163.0,3350.1,26438.6,57.05,1.04
2007,Nagaland,Arhar/Tur,Kharif,3200.0,1769.0,426880.0,512.0,1.2125
2008,Himachal Pradesh,Ragi,Kharif,2273.0,1357.1,325129.92,204.57,0.958571
2015,Haryana,other oilseeds,Rabi,1000.0,426.8,157910.0,330.0,1.0
2013,West Bengal,Mango,Whole Year,229778.43,1924.1,18417.25,1846.34,6.850686
2016,Chhattisgarh,Mesta,Kharif,1057.0,1298.9,161985.25,369.95,2.141765
2018,Gujarat,Castor seed,Kharif,521877.0,1125.4,84648449.4,182656.95,1.732333
2011,Uttar Pradesh,Garlic,Rabi,34427.0,777.4,5767211.04,11360.91,5.164098
2004,Uttarakhand,Moth,Kharif,4.0,1219.6,433.36,0.84,0.25
2007,Karnataka,Safflower,Rabi,70218.0,1323.3,9367081.2,11234.88,0.817143
2000,West Bengal,Safflower,Rabi,29.0,1907.7,2846.93,7.54,0.3
2016,Nagaland,Wheat,Rabi,3380.0,1959.8,517985.0,1183.0,1.838889
2002,Tamil Nadu,Tapioca,Whole Year,67951.0,315.9,6432921.17,16987.75,32.535769
2012,Maharashtra,Moong(Green Gram),Kharif,431200.0,1003.4,65024960.0,133672.0,0.460323
2010,Tamil Nadu,Groundnut,Kharif,385509.0,1095.2,64036899.99,92522.16,2.338387
2020,Uttar Pradesh,Sugarcane,Whole Year,878718.7,994.9,280972.11,6384.27,81.209321
2011,Maharashtra,Wheat,Rabi,878100.0,1174.1,147099312.0,289773.0,1.646667
2012,Gujarat,Gram,Rabi,136100.0,460.6,20523880.0,42191.0,1.0232
2013,Meghalaya,Soyabean,Kharif,1649.0,2448.4,238264.01,445.23,2.158182
2014,Tamil Nadu,Masoor,Kharif,72389.0,911.3,10927843.44,23888.37,1.206333
2019,Assam,Moong(Green Gram),Rabi,10837.0,2084.7,1861363.12,4009.69,0.705185
2011,Maharashtra,Sunflower,Kharif,41700.0,1174.1,6985584.0,13761.0,0.544737
2009,Tamil Nadu,Dry chillies,Whole Year,58476.0,928.5,9111730.32,9940.92,0.629032
2008,Gujarat,Garlic,Whole Year,33900.0,746.1,4849056.0,3051.0,5.214
2013,Tripura,Urad,Kharif,1324.0,2043.5,191304.76,357.48,0.5875
2013,Bihar,Sunflower,Rabi,14030.0,1069.9,2027194.7,3788.1,1.416818
2002,Puducherry,Coriander,Whole Year,5.0,1434.6,473.35,1.25,0.8
2001,Delhi,Jowar,Kharif,8627.0,611.9,881075.51,2243.02,0.94
2000,Uttar Pradesh,Castor seed,Kharif,25.0,874.4,2454.25,6.5,0.601429
2018,Tripura,Jute,Kharif,656.0,2169.1,106403.2,229.6,9.015
2008,Karnataka,Bajra,Kharif,264170.0,1164.1,37786876.8,23775.3,0.633333
2004,Bihar,Mango,Whole Year,154847.44,1194.6,28292.38,1129.69,5.983239
2018,Meghalaya,Maize,Kharif,18163.0,5649.1,2946038.6,6357.05,2.246364
2011,Manipur,Other  Rabi pulses,Rabi,4999.0,1533.6,837432.48,1649.67,0.878889
2009,Puducherry,Banana,Kharif,285.0,1434.6,44408.7,48.45,26.096667
2005,West Bengal,Urad,Kharif,48605.0,1650.1,5828711.6,10207.05,0.492353
2018,Chhattisgarh,Groundnut,Kharif,23945.0,1515.5,3883879.0,8380.75,1.183043
2009,Andhra Pradesh,Moong(Green Gram),Kharif,205281.0,711.0,31986885.42,34897.77,0.167727
2010,Jammu and Kashmir,Groundnut,Kharif,2.0,1352.0,332.22,0.48,0.65
2015,Arunachal Pradesh,Ginger,Whole Year,7650.0,2593.2,1208011.5,2524.5,6.525
2006,Karnataka,Arecanut,Whole Year,168401.0,1146.3,21506491.71,37048.22,1.286667
2007,Nagaland,Tapioca,Kharif,600.0,1769.0,80040.0,96.0,23.09125
2008,Uttar Pradesh,Guar seed,Kharif,2460.0,891.6,351878.4,221.4,0.8445
2007,Uttar Pradesh,Cotton(lint),Kharif,4260.0,672.9,568284.0,681.6,0.247273
2003,Meghalaya,Tapioca,Whole Year,3974.0,3321.3,393346.52,953.76,6.367143
2014,Rajasthan,Moong,Kharif,45490.31,319.0,6250.38,103.34,0.701965
2003,Bihar,Sunflower,Kharif,17531.0,1353.9,1735218.38,4207.44,1.352759
2015,Andhra Pradesh,Tobacco,Kharif,19100.0,940.7,3016081.0,6303.0,5.955263
2004,Nagaland,Other Kharif pulses,Kharif,6630.0,1711.5,718294.2,1392.3,0.945
2003,West Bengal,Groundnut,Kharif,1792.0,1526.7,177372.16,430.08,1.077143
2010,Punjab,Guar seed,Kharif,18200.0,392.7,3023202.0,4368.0,0.924
2010,Karnataka,Tomato,Whole Year,23871.89,389.7,1741.22,52.05,23.480618
2000,Maharashtra,Safflower,Rabi,296000.0,1057.8,29058320.0,76960.0,0.454286
2006,Mizoram,Cotton(lint),Kharif,241.0,2353.0,30778.11,53.02,0.79
2011,Himachal Pradesh,Dry chillies,Kharif,620.0,1108.3,103862.4,204.6,0.272222
2016,Uttarakhand,Onion,Whole Year,3557.0,1580.9,545110.25,1244.95,7.258333
2019,Telangana,Ginger,Kharif,2409.0,1031.7,413769.84,891.33,6.696
2009,Andhra Pradesh,Ginger,Whole Year,2317.0,711.0,361034.94,393.89,5.49625
2003,Bihar,Sesamum,Kharif,3795.0,1353.9,375629.1,910.8,0.731786
2001,Gujarat,Bajra,Kharif,799900.0,666.5,81693787.0,207974.0,1.341176
2004,West Bengal,Turmeric,Whole Year,12400.0,1612.9,1343416.0,2604.0,1.850556
2015,Jammu and Kashmir,Onion,Kharif,42.0,1572.6,6632.22,13.86,0.6
2007,Uttarakhand,Other  Rabi pulses,Rabi,93.0,1924.3,12406.2,14.88,0.425
2014,Tripura,Peas & beans (Pulses),Rabi,2057.0,2015.7,310524.72,678.81,0.84125
2012,Bihar,Bajra,Kharif,4244.0,924.1,639995.2,1315.64,1.141429
2005,Himachal Pradesh,Masoor,Rabi,738.0,1248.1,88500.96,154.98,0.258889
2006,Sikkim,Urad,Kharif,3550.0,2270.2,453370.5,781.0,1.07
2020,Uttarakhand,Tobacco,Whole Year,3.0,1313.9,580.83,1.11,2.0
2018,Arunachal Pradesh,Arhar/Tur,Kharif,816.0,2992.9,132355.2,285.6,0.848125
2004,Karnataka,Coconut,Whole Year,383206.0,1117.7,41516538.04,80473.26,4165.395185
2011,Bihar,Linseed,Rabi,23434.0,1097.1,3925663.68,7733.22,0.872895
2016,Jammu and Kashmir,Sesamum,Kharif,5747.0,902.8,880727.75,2011.45,0.432857
2000,Puducherry,Sugarcane,Whole Year,2464.0,1434.6,241890.88,640.64,81.17
2008,Karnataka,Rice,Kharif,1129883.0,1164.1,161618464.3,101689.47,2.513448
2018,Gujarat,Rapeseed &Mustard,Rabi,195356.0,1125.4,31686743.2,68374.6,1.731579
2006,Assam,Mesta,Kharif,4860.0,1774.9,620670.6,1069.2,4.6988
2001,Tamil Nadu,Ragi,Kharif,124958.0,481.3,12761960.54,32489.08,2.208077
2004,Nagaland,Peas & beans (Pulses),Kharif,1270.0,1711.5,137591.8,266.7,0.7775
2000,Haryana,Gram,Rabi,124536.0,383.7,12225699.12,32379.36,0.648947
2019,Himachal Pradesh,Linseed,Rabi,820.0,1217.7,140843.2,303.4,0.415
2008,Tripura,Other Kharif pulses,Kharif,1174.0,1827.8,167928.96,105.66,0.65
2004,Andhra Pradesh,Horse-gram,Kharif,10077.0,781.8,1091742.18,2116.17,0.433
2007,Karnataka,Maize,Kharif,1015117.0,1323.3,135416607.8,162418.72,3.112963
2007,Jammu and Kashmir,Sesamum,Kharif,6199.0,1042.2,826946.6,991.84,0.443333
2002,Chhattisgarh,Tobacco,Whole Year,39.0,1001.4,3692.13,9.75,0.52
2002,Himachal Pradesh,Garlic,Whole Year,3180.0,890.8,301050.6,795.0,0.64
2000,Madhya Pradesh,Linseed,Rabi,162293.0,723.3,15932303.81,42196.18,0.418636
2012,Karnataka,Garlic,Whole Year,4238.0,956.2,639090.4,1313.78,1.385625
2004,Kerala,Sweet potato,Whole Year,836.0,2880.2,90572.24,175.56,11.527692
2007,Manipur,Soyabean,Kharif,40.0,1435.7,5336.0,6.4,1.0
2006,Punjab,Maize,Kharif,154000.0,569.6,19667340.0,33880.0,3.202308
2007,Haryana,Sunflower,Rabi,8655.0,443.8,1154577.0,1384.8,1.3925
2014,Meghalaya,Peas & beans (Pulses),Rabi,2235.0,3484.4,337395.6,737.55,1.743636
2007,Uttar Pradesh,Gram,Rabi,504777.0,672.9,67337251.8,80764.32,0.908696
2013,Odisha,Urad,Autumn,27587.0,1632.4,3986045.63,7448.49,0.253889
2004,Uttar Pradesh,Sweet potato,Whole Year,23096.0,704.0,2502220.64,4850.16,11.465507
2018,Bihar,Masoor,Rabi,147914.0,1521.4,23991650.8,51769.9,0.924211
2004,Delhi,Barley,Kharif,71.0,651.9,7692.14,14.91,2.69
2014,Kerala,Jowar,Whole Year,173.0,3046.4,26116.08,57.09,0.74
2016,Andhra Pradesh,Wheat,Rabi,33.0,890.0,5057.25,11.55,2.155
2014,Assam,Sugarcane,Whole Year,29900.0,1899.0,4513704.0,9867.0,36.598148
2018,Meghalaya,Tobacco,Rabi,802.0,5649.1,130084.4,280.7,1.055
2015,Kerala,Rice,Autumn,60418.0,2602.9,9540606.38,19937.94,2.327692
2009,Chhattisgarh,Masoor,Rabi,15654.0,956.9,2439206.28,2661.18,0.310667
2002,Telangana,Mango,Whole Year,62907.91,737.5,11718.01,579.97,6.24622
2004,Kerala,Banana,Whole Year,58866.0,2880.2,6377542.44,12361.86,7.803571
2013,Meghalaya,Linseed,Rabi,89.0,2448.4,12859.61,24.03,0.54
2014,Assam,Wheat,Rabi,23646.0,1899.0,3569600.16,7803.18,1.199615
2002,Odisha,Tobacco,Whole Year,4090.0,1102.8,387200.3,1022.5,0.522222
2004,Uttarakhand,Garlic,Whole Year,1849.0,1219.6,200320.66,388.29,9.342727
2013,Puducherry,Rice,Kharif,3671.0,1083.2,530422.79,991.17,2.696667
2019,Andhra Pradesh,Horse-gram,Kharif,83567.0,899.2,14353467.92,30919.79,0.251667
2016,Sikkim,Wheat,Rabi,265.0,2971.6,40611.25,92.75,1.046667
2001,Delhi,Other Kharif pulses,Kharif,545.0,611.9,55660.85,141.7,1.18
2013,Assam,Potato,Whole Year,97956.0,1797.7,14153662.44,26448.12,7.258148
2007,Manipur,Dry chillies,Whole Year,7130.0,1435.7,951142.0,1140.8,0.608889
2014,Jammu and Kashmir,Sugarcane,Kharif,1305.0,1278.4,197002.8,430.65,1.5
2003,Andhra Pradesh,Sesamum,Kharif,114516.0,826.0,11334793.68,27483.84,0.262381
2004,Maharashtra,Soyabean,Kharif,2102200.0,1052.0,227752348.0,441462.0,1.204483
2010,Jammu and Kashmir,Moth,Kharif,3693.0,1352.0,613444.23,886.32,0.655833
2017,West Bengal,Wheat,Rabi,117360.0,1830.0,18477158.4,44596.8,2.676667
2015,Madhya Pradesh,Moong(Green Gram),Kharif,194000.0,1000.7,30634540.0,64020.0,0.310909
2018,Sikkim,Small millets,Kharif,2114.0,3350.1,342890.8,739.9,1.0375
2000,Chhattisgarh,Ginger,Whole Year,1652.0,896.4,162176.84,429.52,1.069167
2020,Rajasthan,Wheat,Rabi,1826957.58,535.4,304279.1,18567.73,4.350958
2008,Assam,Maize,Kharif,17382.0,2109.9,2486321.28,1564.38,0.595556
2012,Puducherry,Sesamum,Kharif,4.0,1098.3,603.2,1.24,0.75
2018,Tamil Nadu,Garlic,Whole Year,1449.0,986.2,235027.8,507.15,4.375
2012,Bihar,Other  Rabi pulses,Rabi,1388.0,924.1,209310.4,430.28,1.093077
2014,Chhattisgarh,Rice,Kharif,4035700.0,1274.7,609229272.0,1331781.0,1.92963
2016,Nagaland,other oilseeds,Kharif,2430.0,1959.8,372397.5,850.5,0.6
2011,Andhra Pradesh,Turmeric,Kharif,23878.3,1291.2,1803.35,239.37,5.946876
2017,Meghalaya,Maize,Kharif,18152.0,4472.3,2857850.88,6897.76,2.246364
2018,Bihar,Potato,Rabi,84227.0,1521.4,13661619.4,29479.45,13.512895
2015,Meghalaya,Cowpea(Lobia),Rabi,1637.0,3870.8,258498.67,540.21,1.674545
2015,Chhattisgarh,Niger seed,Kharif,64276.0,1136.0,10149823.16,21211.08,0.177368
2016,Goa,Banana,Whole Year,2435.0,3266.9,373163.75,852.25,11.1
2018,Tamil Nadu,Coriander,Whole Year,6427.0,986.2,1042459.4,2249.45,0.428696
2019,Bihar,Tobacco,Whole Year,10266.0,1194.7,1763288.16,3798.42,1.7575
2001,Himachal Pradesh,Peas & beans (Pulses),Kharif,5294.0,918.1,540676.22,1376.44,1.548889
2008,Jammu and Kashmir,Potato,Rabi,934.0,1390.1,133599.36,84.06,16.446
2008,Himachal Pradesh,Gram,Rabi,728.0,1357.1,104133.12,65.52,0.324444
2013,Kerala,Small millets,Whole Year,40.0,3255.4,5779.6,10.8,0.88
2005,Himachal Pradesh,Garlic,Rabi,2986.0,1248.1,358081.12,627.06,0.764
2004,Tamil Nadu,Sunflower,Kharif,18152.0,1034.0,1966587.68,3811.92,1.002963
2017,Bihar,Khesari,Rabi,47591.0,1112.0,7492727.04,18084.58,0.884412
2002,Chhattisgarh,Castor seed,Kharif,74.0,1001.4,7005.58,18.5,0.23125
2012,Kerala,Groundnut,Whole Year,784.0,2187.6,118227.2,243.04,1.24
2019,Andhra Pradesh,Jowar,Kharif,36981.0,899.2,6351856.56,13682.97,1.149
2014,Odisha,Jute,Autumn,1057.0,1536.9,159564.72,348.81,1.55
2015,Jharkhand,Potato,Rabi,16418.0,1085.6,2592566.38,5417.94,6.687391
2006,Odisha,Groundnut,Autumn,32928.0,1716.9,4205234.88,7244.16,0.781667
2012,Uttar Pradesh,Barley,Rabi,168378.0,746.3,25391402.4,52197.18,2.610676
2014,Uttarakhand,Maize,Kharif,23757.0,1287.4,3586356.72,7839.81,1.822308
2007,Himachal Pradesh,Barley,Rabi,23509.0,1095.4,3136100.6,3761.44,1.320909
2005,Bihar,Peas & beans (Pulses),Rabi,24579.0,907.8,2947513.68,5161.59,0.925526
2012,Odisha,Jute,Autumn,1776.0,1430.2,267820.8,550.56,1.694286
2014,Goa,Groundnut,Kharif,361.0,3491.2,54496.56,119.13,2.03
2001,Karnataka,Banana,Whole Year,32207.92,2697.6,3753.49,306.11,20.173974
2008,Chhattisgarh,Gram,Rabi,237463.0,1117.9,33966707.52,21371.67,0.787778
2004,Maharashtra,Maize,Kharif,353200.0,1052.0,38265688.0,74172.0,1.387778
2001,Meghalaya,Sweet potato,Whole Year,4942.0,4241.0,504726.46,1284.92,3.447143
2010,Madhya Pradesh,Small millets,Kharif,262854.0,856.3,43662677.94,63084.96,0.356667
2017,Arunachal Pradesh,Groundnut,Kharif,919.0,2745.5,144687.36,349.22,1.265
2016,Manipur,Potato,Whole Year,15250.0,2039.8,2337062.5,5337.5,8.3
2013,Manipur,Other  Rabi pulses,Rabi,5950.0,1428.8,859715.5,1606.5,0.912222
2008,Chhattisgarh,Niger seed,Kharif,70876.0,1117.9,10138103.04,6378.84,0.176875
2004,Haryana,Garlic,Whole Year,357.0,484.6,38677.38,74.97,6.101429
2005,Delhi,Rice,Kharif,7506.0,653.1,900119.52,1576.26,2.81
2016,Tripura,Small millets,Kharif,352.0,2475.3,53944.0,123.2,0.80125
2001,Odisha,Arhar/Tur,Kharif,126080.0,1672.5,12876550.4,32780.8,0.696667
2005,Bihar,Jowar,Kharif,4112.0,907.8,493111.04,863.52,1.033
2006,Andhra Pradesh,Groundnut,Kharif,1106630.0,845.2,141327717.3,243458.6,0.874545
2004,West Bengal,Castor seed,Rabi,45.0,1612.9,4875.3,9.45,0.96
2018,Jammu and Kashmir,Other Kharif pulses,Kharif,3848.0,1016.3,624145.6,1346.8,1.170714
2018,Chhattisgarh,Dry chillies,Whole Year,6686.0,1515.5,1084469.2,2340.1,0.595769
2019,Meghalaya,Sweet potato,Kharif,4734.0,3844.4,813111.84,1751.58,3.699091
2002,Karnataka,Ginger,Kharif,10940.0,860.8,1035689.8,2735.0,12.796
2004,Andhra Pradesh,Urad,Kharif,76464.0,781.8,8284109.76,16057.44,0.473636
2002,Odisha,Dry chillies,Whole Year,74970.0,1102.8,7097409.9,18742.5,0.834333
2005,Kerala,Tobacco,Whole Year,43.0,3030.9,5156.56,9.03,1.6
2009,Rajasthan,Barley,Rabi,22643.98,234.9,5018.96,54.09,2.159192
2008,Arunachal Pradesh,Sugarcane,Whole Year,1370.0,2244.4,195964.8,123.3,15.327273
2018,Himachal Pradesh,Cotton(lint),Kharif,25.0,1052.2,4055.0,8.75,0.36
2006,Himachal Pradesh,Potato,Whole Year,12687.0,1207.0,1620256.77,2791.14,10.054167
2006,Gujarat,Other Kharif pulses,Kharif,36800.0,1056.2,4699728.0,8096.0,0.656667
2019,Telangana,Bajra,Kharif,829.0,1031.7,142389.04,306.73,1.1275
2017,Jammu and Kashmir,Bajra,Kharif,12448.0,1279.1,1959813.12,4730.24,0.602857
2001,Delhi,Gram,Rabi,51.0,611.9,5208.63,13.26,0.16
2009,Karnataka,Groundnut,Kharif,609042.0,1321.0,94900924.44,103537.14,0.577692
2001,Karnataka,Linseed,Rabi,19611.0,1002.9,2002871.43,5098.86,0.329286
2006,Madhya Pradesh,Sugarcane,Whole Year,61085.0,1072.3,7801165.35,13438.7,31.355957
2012,Madhya Pradesh,Turmeric,Whole Year,1435.0,1049.5,216398.0,444.85,1.071389
2011,West Bengal,Barley,Rabi,2310.0,1686.5,386971.2,762.3,1.488889
2018,Telangana,Ginger,Kharif,1615.0,1350.3,261953.0,565.25,6.954
2009,Odisha,Horse-gram,Summer,276.0,1330.3,43006.32,46.92,0.2175
2018,Puducherry,Jowar,Kharif,4.0,1693.9,648.8,1.4,2.5
2018,Nagaland,Tapioca,Kharif,2620.0,1372.7,424964.0,917.0,20.264545
2002,Manipur,Maize,Kharif,3540.0,1743.7,335131.8,885.0,2.2
2010,Karnataka,Soyabean,Kharif,168075.0,1317.7,27918938.25,40338.0,0.841111
2018,Tripura,Sesamum,Kharif,6967.0,2169.1,1130047.4,2438.45,0.63375
2003,Uttarakhand,Arhar/Tur,Kharif,1962.0,1734.3,194198.76,470.88,0.756364
2017,Telangana,Safflower,Rabi,3862.0,815.7,608033.28,1467.56,0.60625
2001,Rajasthan,Coriander,Rabi,49546.18,354.4,3306.61,489.6,0.682798
2017,Madhya Pradesh,Urad,Kharif,1788800.0,800.0,281628672.0,679744.0,0.742941
2017,Nagaland,Groundnut,Kharif,970.0,1722.1,152716.8,368.6,1.031818
2019,Gujarat,Small millets,Rabi,8179.0,1067.8,1404825.04,3026.23,1.628571
2013,Karnataka,Small millets,Kharif,23705.0,1235.6,3425135.45,6400.35,0.525714
2011,Andhra Pradesh,Dry chillies,Kharif,201013.0,861.9,33673697.76,66334.29,2.798
2014,Assam,Ginger,Whole Year,16525.0,1899.0,2494614.0,5453.25,8.160741
2017,West Bengal,Moong(Green Gram),Kharif,2813.0,1830.0,442878.72,1068.94,0.829
2002,Meghalaya,Potato,Whole Year,18071.0,4355.3,1710781.57,4517.75,7.74
2013,Chhattisgarh,Rapeseed &Mustard,Rabi,47542.0,1418.3,6869343.58,12836.34,0.546296
2002,Chhattisgarh,Sugarcane,Whole Year,3957.0,1001.4,374609.19,989.25,2.751333
2012,Tamil Nadu,Groundnut,Kharif,339361.0,706.8,51175638.8,105201.91,2.458333
2009,Bihar,Linseed,Rabi,22702.0,889.3,3537425.64,3859.34,0.848649
2003,West Bengal,Ragi,Kharif,13417.0,1526.7,1328014.66,3220.08,0.76
2002,Jammu and Kashmir,Rapeseed &Mustard,Rabi,59296.0,933.2,5613552.32,14824.0,0.519167
2005,Bihar,Lentil,Rabi,20364.41,1408.9,3641.32,81.58,0.823384
2009,Assam,Urad,Rabi,43353.0,1727.1,6755264.46,7370.01,0.565926
2006,Uttar Pradesh,Rice,Kharif,5902577.0,590.5,753818108.7,1298566.94,1.846
2008,Kerala,Ragi,Kharif,608.0,2524.8,86968.32,54.72,0.856
2019,Gujarat,Rapeseed &Mustard,Rabi,172618.0,1067.8,29648867.68,63868.66,1.873636
2001,Maharashtra,Grapes,Whole Year,42627.62,723.8,5041.82,229.48,20.988124
2015,Gujarat,Other  Rabi pulses,Rabi,23418.0,584.3,3697936.38,7727.94,0.725333
2012,Jammu and Kashmir,Sesamum,Kharif,4788.0,1116.7,722030.4,1484.28,0.445
2011,Madhya Pradesh,Gram,Rabi,2623653.0,852.6,439514350.6,865805.49,1.026
2008,Uttar Pradesh,Banana,Summer,1991.0,891.6,284792.64,179.19,38.080333
2012,Assam,Urad,Rabi,48527.0,2167.5,7317871.6,15043.37,0.546667
2004,Karnataka,Rice,Kharif,1055061.0,1117.7,114305308.7,221562.81,2.37
2011,Gujarat,Castor seed,Kharif,877700.0,890.5,147032304.0,289641.0,2.132609
2016,Bihar,Wheat,Rabi,2105811.0,1205.6,322715535.8,737033.85,2.781316
2004,Bihar,Other  Rabi pulses,Rabi,2492.0,1147.8,269983.28,523.32,0.819091
2010,Karnataka,Tobacco,Whole Year,125392.0,1317.7,20828865.12,30094.08,1.07
2011,Meghalaya,Soyabean,Kharif,1098.0,4083.1,183936.96,362.34,1.082857
2013,Uttar Pradesh,Sannhamp,Kharif,2020.0,995.2,291869.8,545.4,0.282903
2017,Tripura,Maize,Kharif,13596.0,3326.8,2140554.24,5166.48,1.4275
2008,Himachal Pradesh,Groundnut,Kharif,81.0,1357.1,11586.24,7.29,0.91
2000,Uttarakhand,Rapeseed &Mustard,Rabi,13406.0,1413.4,1316067.02,3485.56,0.51
2012,Karnataka,Coconut,Whole Year,441048.0,956.2,66510038.4,136724.88,9923.938333
2008,Karnataka,Sunflower,Kharif,441753.0,1164.1,63188349.12,39757.77,0.4992
2011,Jammu and Kashmir,Moth,Kharif,2795.0,887.6,468218.4,922.35,0.663846
2001,Andhra Pradesh,Onion,Kharif,17736.0,928.4,1811377.68,4611.36,12.744118
2007,Bihar,Banana,Whole Year,17872.0,1600.2,2384124.8,2859.52,15.212609
2006,Uttarakhand,Rapeseed &Mustard,Rabi,13480.0,1178.9,1721530.8,2965.6,0.453846
2020,Jharkhand,Potato,Rabi,95265.41,686.7,14135.72,1060.21,23.473442
2006,Andhra Pradesh,Coconut,Whole Year,105043.0,845.2,13415041.53,23109.46,11710.48222
2014,Kerala,Groundnut,Whole Year,480.0,3046.4,72460.8,158.4,1.44
2004,Nagaland,Other  Rabi pulses,Rabi,4300.0,1711.5,465862.0,903.0,0.8625
2001,Karnataka,Peas & beans (Pulses),Whole Year,6974.0,1002.9,712254.62,1813.24,6.209444
2002,Haryana,Cotton(lint),Kharif,518328.0,353.9,49070111.76,129582.0,1.038333
2006,Gujarat,Cotton(lint),Kharif,2372100.0,1056.2,302940891.0,521862.0,3.100909
2012,Meghalaya,Ginger,Kharif,9587.0,2945.3,1445719.6,2971.97,7.545714
2003,Chhattisgarh,Onion,Whole Year,4441.0,1643.7,439570.18,1065.84,7.334
2018,Tamil Nadu,Tobacco,Whole Year,2111.0,986.2,342404.2,738.85,1.354545
2017,Manipur,Soyabean,Kharif,5070.0,1780.0,798220.8,1926.6,0.911111
2014,Karnataka,Sesamum,Kharif,44290.0,1238.5,6686018.4,14615.7,0.467308
2001,Kerala,Cardamom,Whole Year,41336.0,2946.7,4221645.68,10747.36,0.057273
2017,Puducherry,Cashewnut,Kharif,147.0,1582.4,23143.68,55.86,0.346667
2010,Uttar Pradesh,Jowar,Kharif,201205.0,742.6,33422162.55,48289.2,1.008814
2004,Jammu and Kashmir,Maize,Kharif,322699.0,1032.1,34961209.66,67766.79,1.44
2011,Kerala,Rice,Autumn,68134.83,3035.1,11413946.72,22484.49,2.301538
2015,Tamil Nadu,Banana,Whole Year,94214.0,1201.9,14877332.74,31090.62,38.356452
2008,Maharashtra,Banana,Whole Year,79293.9,1911.9,15768.58,547.66,24.48053
2013,Gujarat,Groundnut,Kharif,1748599.0,1006.5,252655069.5,472121.73,2.709615
2010,Odisha,Rapeseed &Mustard,Winter,15925.0,1291.9,2645301.75,3822.0,0.181379
2001,Meghalaya,Sugarcane,Whole Year,83.0,4241.0,8476.79,21.58,2.278
2007,Tamil Nadu,Sugarcane,Whole Year,354022.0,1067.2,47226534.8,56643.52,104.980357
2017,Tamil Nadu,Tapioca,Whole Year,79344.0,970.9,12491919.36,30150.72,34.539677
2001,Meghalaya,Arhar/Tur,Kharif,818.0,4241.0,83542.34,212.68,0.793333
2014,Meghalaya,Ginger,Kharif,9777.0,3484.4,1475935.92,3226.41,9.29
2010,Maharashtra,Other  Rabi pulses,Rabi,133000.0,1389.0,22092630.0,31920.0,0.483043
2002,Kerala,Arecanut,Whole Year,97485.0,2511.2,9228904.95,24371.25,0.910714
2014,Karnataka,Potato,Kharif,33572.0,1238.5,5068029.12,11078.76,6.655556
2016,Tamil Nadu,Cashewnut,Whole Year,86280.0,912.4,13222410.0,30198.0,0.168571
2006,Madhya Pradesh,Mustard,Rabi,1538114.79,837.8,198629.54,12430.71,1.186521
2003,Karnataka,Gram,Rabi,509534.0,867.6,50433675.32,122288.16,0.32
2004,Puducherry,Other Cereals,Kharif,219.0,1434.6,23726.46,45.99,2.57
2016,Meghalaya,Ginger,Kharif,9929.0,3837.1,1521619.25,3475.15,9.662727
2003,Haryana,Masoor,Rabi,6264.0,592.3,620010.72,1503.36,0.64375
2009,Sikkim,Other Cereals,Rabi,5540.0,2176.6,863242.8,941.8,0.8975
2011,Gujarat,Sugarcane,Whole Year,201900.0,890.5,33822288.0,66627.0,58.771667
2008,Uttar Pradesh,Soyabean,Kharif,10599.0,891.6,1516080.96,953.91,0.838182
2007,Gujarat,Other  Rabi pulses,Rabi,10300.0,1021.6,1374020.0,1648.0,0.778182
2006,Assam,Castor seed,Kharif,1303.0,1774.9,166406.13,286.66,0.4636
2000,Chhattisgarh,Turmeric,Whole Year,635.0,896.4,62337.95,165.1,1.060667
2001,Haryana,Garlic,Whole Year,349.0,483.8,35643.37,90.74,5.467143
2018,Rajasthan,Cotton(lint),Kharif,1919021.68,348.7,193544.92,12229.91,0.581399
2003,Madhya Pradesh,Sesamum,Kharif,144080.0,1163.0,14261038.4,34579.2,0.432917
2018,Punjab,Maize,Kharif,109200.0,585.5,17712240.0,38220.0,3.54625
2018,Madhya Pradesh,Mesta,Kharif,29.0,1102.2,4703.8,10.15,0.355714
2011,Rajasthan,Maize,Kharif,343237.17,316.9,51035.01,832.32,3.264779
2006,Mizoram,Rice,Kharif,50619.0,2353.0,6464552.49,11136.18,0.4525
2006,Himachal Pradesh,Dry chillies,Kharif,623.0,1207.0,79563.33,137.06,0.293
2011,Uttar Pradesh,Onion,Rabi,11464.0,777.4,1920449.28,3783.12,22.875694
2008,Uttar Pradesh,Wheat,Rabi,9513039.0,891.6,1360745099.0,856173.51,2.959857
2004,Arunachal Pradesh,Turmeric,Whole Year,505.0,2939.5,54711.7,106.05,3.795556
2014,Maharashtra,Small millets,Kharif,64100.0,1001.6,9676536.0,21153.0,0.349655
2002,Jammu and Kashmir,Tobacco,Whole Year,18.0,933.2,1704.06,4.5,0.21
2008,Uttarakhand,Turmeric,Whole Year,215.0,1363.7,30753.6,19.35,2.056667
2019,Andhra Pradesh,Dry chillies,Kharif,136183.0,899.2,23390792.08,50387.71,4.526667
2017,Himachal Pradesh,Groundnut,Kharif,36.0,1182.2,5667.84,13.68,0.9275
2000,Gujarat,Gram,Rabi,16500.0,379.7,1619805.0,4290.0,0.53
2001,Nagaland,Arhar/Tur,Kharif,7000.0,1532.0,714910.0,1820.0,0.7225
2013,Jharkhand,Sugarcane,Whole Year,998.0,1253.6,144201.02,269.46,49.495
2018,Haryana,Masoor,Rabi,1260.0,533.2,204372.0,441.0,0.58
2004,Bihar,Other Kharif pulses,Kharif,6116.0,1147.8,662607.44,1284.36,0.509583
2014,Punjab,Cotton(lint),Kharif,420000.0,382.7,63403200.0,138600.0,3.324444
2011,Uttar Pradesh,Moong,Kharif,23844.98,816.5,3708.79,220.96,0.658825
2020,Himachal Pradesh,Wheat,Rabi,3765009.8,1569.6,937658.79,34009.91,4.806898
2010,Mizoram,Arhar/Tur,Kharif,175.0,2738.7,29069.25,42.0,0.873333
2020,Karnataka,Cotton(lint),Kharif,1334369.46,3378.9,383529.83,12390.67,0.578182
2003,Kerala,Tapioca,Whole Year,94297.0,2386.0,9333517.06,22631.28,28.627857
2015,Jharkhand,Onion,Rabi,3129.0,1085.6,494100.39,1032.57,8.018182
2018,Telangana,Mango,Whole Year,58351.92,930.0,16442.57,746.41,6.730219
2005,Goa,Ragi,Kharif,441.0,3392.8,52884.72,92.61,1.045
2008,Gujarat,Cotton(lint),Kharif,2353600.0,746.1,336658944.0,211824.0,3.120435
2002,Chhattisgarh,Niger seed,Kharif,71979.0,1001.4,6814251.93,17994.75,0.159231
2001,Andhra Pradesh,Arhar/Tur,Kharif,414401.0,928.4,42322774.13,107744.26,0.465
2008,Tripura,Sugarcane,Whole Year,972.0,1827.8,139034.88,87.48,54.9975
2013,Himachal Pradesh,Barley,Rabi,20585.0,1216.9,2974326.65,5557.95,0.927273
2001,Odisha,Dry chillies,Whole Year,70030.0,1672.5,7152163.9,18207.8,0.844667
2000,Mizoram,Arhar/Tur,Kharif,77.0,2834.3,7559.09,20.02,1.025
2003,Manipur,Ginger,Kharif,1450.0,687.7,143521.0,348.0,1.63
2015,Karnataka,Turmeric,Whole Year,14994.0,1024.9,2367702.54,4948.02,4.693889
2010,Gujarat,Garlic,Whole Year,28900.0,1107.5,4800579.0,6936.0,5.24125
2003,Arunachal Pradesh,Sugarcane,Whole Year,738.0,2782.2,73047.24,177.12,17.098889
2015,Meghalaya,Black pepper,Rabi,999.0,3870.8,157752.09,329.67,0.748182
2017,Nagaland,Other Cereals,Kharif,1260.0,1722.1,198374.4,478.8,1.022222
2009,Meghalaya,Small millets,Kharif,2362.0,2995.9,368046.84,401.54,0.964286
2003,Nagaland,Bajra,Kharif,3000.0,1709.8,296940.0,720.0,1.615
2013,Maharashtra,Moong(Green Gram),Kharif,430700.0,1409.8,62231843.0,116289.0,0.653103
2002,Maharashtra,Niger seed,Kharif,53800.0,967.4,5093246.0,13450.0,0.278095
2013,West Bengal,Peas & beans (Pulses),Rabi,12661.0,1939.9,1829387.89,3418.47,1.246667
2013,Mizoram,Sesamum,Kharif,774.0,1848.8,111835.26,208.98,0.65625
2000,Bihar,Khesari,Rabi,157086.0,1207.0,15421132.62,40842.36,0.835833
2018,Himachal Pradesh,Horse-gram,Kharif,1618.0,1052.2,262439.6,566.3,0.549
2007,Meghalaya,Sesamum,Kharif,1633.0,4702.0,217842.2,261.28,0.588333
2004,West Bengal,Bajra,Kharif,129.0,1612.9,13975.86,27.09,0.44
2002,Haryana,Moth,Kharif,20304.0,353.9,1922179.68,5076.0,0.042
2017,Kerala,Sugarcane,Whole Year,1047.67,2664.8,164945.79,398.12,68.188889
2013,Punjab,Maize,Kharif,130000.0,586.6,18783700.0,35100.0,4.231429
2017,Sikkim,Wheat,Rabi,172.0,2873.6,27079.68,65.36,1.03
2013,West Bengal,Potato,Rabi,409749.0,1939.9,59204633.01,110632.23,25.347222
2013,Kerala,Black pepper,Whole Year,84065.0,3255.4,12146551.85,22697.55,0.352143
2016,Andhra Pradesh,Rice,Kharif,1519656.0,890.0,232887282.0,531879.6,3.361538
2017,Karnataka,Coriander,Whole Year,1026.0,1111.7,161533.44,389.88,0.365
2010,Chhattisgarh,Other  Rabi pulses,Rabi,2495.0,1283.1,414444.45,598.8,0.172353
2012,Puducherry,Groundnut,Kharif,6.0,1098.3,904.8,1.86,2.83
2000,Jammu and Kashmir,Bajra,Kharif,13340.0,989.5,1309587.8,3468.4,0.536
2009,West Bengal,Jowar,Kharif,1479.0,1317.2,230457.78,251.43,0.455
2016,Andhra Pradesh,Groundnut,Kharif,933233.0,890.0,143017957.3,326631.55,1.705385
2010,Meghalaya,Castor seed,Kharif,25.0,3119.7,4152.75,6.0,0.626667
2019,Tamil Nadu,Moong(Green Gram),Kharif,22747.0,910.1,3907024.72,8416.39,0.587407
2016,Tamil Nadu,Cardamom,Whole Year,3902.0,912.4,597981.5,1365.7,0.063636
2000,Kerala,Rice,Autumn,129752.0,2412.6,12737753.84,33735.52,1.938462
2000,Andhra Pradesh,Dry chillies,Kharif,183741.0,935.6,18037853.97,47772.66,2.146818
2001,Kerala,Black pepper,Whole Year,203956.0,2946.7,20830026.28,53028.56,0.214286
2008,Karnataka,Ginger,Whole Year,25475.0,1164.1,3643944.0,2292.75,31.867895
2014,Himachal Pradesh,Bajra,Kharif,657.0,1019.9,99180.72,216.81,0.518
2003,Punjab,Wheat,Rabi,3444000.0,451.7,340887120.0,826560.0,4.166471
2010,Puducherry,Groundnut,Kharif,25.0,1434.6,4152.75,6.0,1.92
2018,Uttar Pradesh,Arhar/Tur,Kharif,250575.0,792.8,40643265.0,87701.25,1.021111
2011,Himachal Pradesh,Horse-gram,Kharif,2066.0,1108.3,346096.32,681.78,0.523
2019,Arunachal Pradesh,other oilseeds,Kharif,717.0,2433.3,123151.92,265.29,1.116667
2013,Tripura,Maize,Kharif,4549.0,2043.5,657285.01,1228.23,1.29375
2011,Jharkhand,Rapeseed &Mustard,Rabi,7486.0,1374.7,1254054.72,2470.38,0.851667
2014,Andhra Pradesh,Arhar/Tur,Kharif,148980.0,687.6,22490020.8,49163.4,0.634615
2007,Meghalaya,Castor seed,Kharif,28.0,4702.0,3735.2,4.48,0.525
2009,Jammu and Kashmir,Cotton(lint),Kharif,17.0,751.7,2648.94,2.89,0.555
2008,Himachal Pradesh,Garlic,Rabi,4036.0,1357.1,577309.44,363.24,0.527778
2002,Assam,Sugarcane,Whole Year,25152.0,1973.6,2381139.84,6288.0,37.021304
2003,Tamil Nadu,Moong(Green Gram),Kharif,125690.0,345.6,12440796.2,30165.6,0.407037
2002,Punjab,Arhar/Tur,Kharif,7800.0,301.8,738426.0,1950.0,0.927
2004,West Bengal,Coconut,Whole Year,24294.0,1612.9,2632011.96,5101.74,12630.52667
2006,West Bengal,Safflower,Rabi,399.0,1631.4,50956.29,87.78,0.556667
2000,Bihar,Safflower,Rabi,275.0,1207.0,26996.75,71.5,0.847778
2012,Rajasthan,Maize,Kharif,348978.22,232.2,32315.46,3283.82,3.106509
2011,Himachal Pradesh,Potato,Kharif,6423.0,1108.3,1075980.96,2119.59,11.144
2019,Karnataka,Tobacco,Whole Year,95479.0,1422.3,16399473.04,35327.23,0.883077
2014,Himachal Pradesh,Ragi,Kharif,1908.0,1019.9,288031.68,629.64,0.828571
2009,Nagaland,Moong(Green Gram),Kharif,620.0,1225.9,96608.4,105.4,0.897273
2016,Nagaland,Cotton(lint),Kharif,130.0,1959.8,19922.5,45.5,0.615
2010,Uttarakhand,Sugarcane,Whole Year,102402.0,1419.0,17009996.22,24576.48,61.34
2002,Arunachal Pradesh,Maize,Kharif,40548.0,2832.8,3838679.16,10137.0,1.402
2011,Andhra Pradesh,Gram,Rabi,564754.0,861.9,94607590.08,186368.82,1.1105
2012,Arunachal Pradesh,Dry chillies,Whole Year,2365.0,2760.7,356642.0,733.15,2.511333
2017,Gujarat,Jowar,Kharif,66986.0,814.8,10546275.84,25454.68,1.416842
2010,Kerala,Ginger,Whole Year,6087.93,3131.8,1011266.05,1461.1,3.533571
2001,Karnataka,Urad,Kharif,150588.0,1002.9,15379552.44,39152.88,0.347619
2010,Assam,Rapeseed &Mustard,Rabi,243815.0,2578.5,40500109.65,58515.6,0.528889
2006,Rajasthan,Wheat,Rabi,1079276.48,128.8,148978.38,5620.35,3.5147
2006,Karnataka,Sweet potato,Whole Year,3014.0,1146.3,384917.94,663.08,6.240714
2017,West Bengal,Rice,Autumn,249341.0,1830.0,39256247.04,94749.58,2.45
2001,Odisha,Safflower,Rabi,3950.0,1672.5,403413.5,1027.0,0.4905
2019,Karnataka,Maize,Kharif,1355321.0,1422.3,232789935.0,501468.77,3.572069
2003,Meghalaya,Jute,Kharif,4043.0,3321.3,400176.14,970.32,7.026667
2007,Karnataka,Black pepper,Whole Year,16319.0,1323.3,2176954.6,2611.04,3.124167
2012,Haryana,Barley,Rabi,47696.0,307.9,7192556.8,14785.76,2.260476
2012,Himachal Pradesh,Cotton(lint),Kharif,2.0,1035.0,301.6,0.62,0.25
2018,Andhra Pradesh,Cotton(lint),Kharif,616870.0,1220.5,100056314.0,215904.5,2.386154
2019,Meghalaya,Potato,Summer,12577.0,3844.4,2160225.52,4653.49,8.257273
2000,Odisha,Groundnut,Kharif,72357.0,1066.0,7103286.69,18812.82,0.885667
2016,Tamil Nadu,Sugarcane,Whole Year,218262.0,912.4,33448651.5,76391.7,78.377667
2012,Gujarat,Other Kharif pulses,Kharif,18100.0,460.6,2729480.0,5611.0,0.394706
2007,Maharashtra,Grapes,Whole Year,48799.56,1318.3,11347.0,409.81,19.879465
2012,Andhra Pradesh,Gram,Rabi,681000.0,968.7,102694800.0,211110.0,1.322
2000,Madhya Pradesh,Arhar/Tur,Kharif,308981.0,723.3,30332664.77,80335.06,0.632222
2008,Chhattisgarh,Khesari,Rabi,387565.0,1117.9,55437297.6,34880.85,0.373125
2019,Karnataka,Cashewnut,Whole Year,45546.0,1422.3,7822980.96,16852.02,1.41963
2010,Himachal Pradesh,Rapeseed &Mustard,Rabi,8564.0,1319.8,1422566.04,2055.36,0.559091
2013,Bihar,Masoor,Rabi,154087.0,1069.9,22264030.63,41603.49,1.156579
2018,West Bengal,Sesamum,Autumn,1144.0,2012.6,185556.8,400.4,0.7925
2006,West Bengal,Small millets,Kharif,1604.0,1631.4,204846.84,352.88,0.591667
2018,Nagaland,Groundnut,Kharif,1010.0,1372.7,163822.0,353.5,1.031818
2020,Chhattisgarh,Wheat,Rabi,2518769.94,1557.8,401216.88,27230.24,4.329642
2005,Karnataka,Ginger,Whole Year,21669.0,1316.2,2598546.48,4550.49,12.824118
2010,Haryana,Onion,Whole Year,2150.0,639.2,357136.5,516.0,19.956429
2000,Madhya Pradesh,Gram,Rabi,1972225.0,723.3,193613328.3,512778.5,0.745778
2011,Chhattisgarh,Khesari,Rabi,347612.0,1302.7,58231962.24,114711.96,0.568095
2014,Tripura,Maize,Kharif,4519.0,2015.7,682188.24,1491.27,1.30875
2012,Chhattisgarh,Moong(Green Gram),Kharif,8540.0,1366.8,1287832.0,2647.4,0.287037
2017,Tamil Nadu,Coriander,Whole Year,8056.0,970.9,1268336.64,3061.28,0.565455
2000,Bihar,Masoor,Rabi,172202.0,1207.0,16905070.34,44772.52,0.946216
2007,Himachal Pradesh,Small millets,Kharif,7443.0,1095.4,992896.2,1190.88,0.657143
2012,Jammu and Kashmir,Dry chillies,Kharif,706.0,1116.7,106464.8,218.86,0.931
2013,Uttarakhand,Onion,Whole Year,2359.0,1735.4,340851.91,636.93,5.754167
2014,Nagaland,Bajra,Kharif,690.0,1333.3,104162.4,227.7,0.989091
2008,Telangana,Maize,Kharif,280144.39,710.3,47082.75,2882.6,3.410564
2008,West Bengal,Arhar/Tur,Rabi,629.0,1560.1,89972.16,56.61,0.813333
2003,Odisha,Gram,Rabi,28570.0,1648.2,2827858.6,6856.8,0.505172
2016,Punjab,Moong(Green Gram),Kharif,4800.0,635.9,735600.0,1680.0,0.8025
2000,Karnataka,Castor seed,Kharif,30366.0,1213.3,2981030.22,7895.16,1.31
2011,Tamil Nadu,Mango,Whole Year,245636.99,819.6,31317.0,2366.93,7.102021
2002,Andhra Pradesh,Mesta,Kharif,81169.0,648.1,7684269.23,20292.25,7.506364
2001,Haryana,Dry chillies,Whole Year,1933.0,483.8,197417.29,502.58,0.806111
2018,Tamil Nadu,Sunflower,Kharif,486.0,986.2,78829.2,170.1,1.78
2001,Karnataka,Cardamom,Whole Year,14896.35,2034.2,1337.75,16.44,0.157236
2005,Telangana,Groundnut,Kharif,1001048.35,1097.2,62188.17,5885.16,1.360296
2018,Karnataka,Ginger,Whole Year,15858.0,1419.1,2572167.6,5550.3,15.201034
2013,Tamil Nadu,Tobacco,Whole Year,3725.0,740.9,538225.25,1005.75,1.284167
2019,Uttar Pradesh,Sweet potato,Kharif,15852.0,814.5,2722739.52,5865.24,11.750441
2006,Mizoram,Other Kharif pulses,Kharif,2944.0,2353.0,375978.24,647.68,1.02375
2007,Bihar,Gram,Rabi,64105.0,1600.2,8551607.0,10256.8,1.088235
2000,Uttarakhand,Onion,Whole Year,1781.0,1413.4,174840.77,463.06,7.395385
2015,Chhattisgarh,Sunflower,Kharif,2471.0,1136.0,390195.61,815.43,0.472632
2009,Tripura,Jute,Kharif,468.0,2004.2,72923.76,79.56,8.075
2000,Tamil Nadu,Moong(Green Gram),Kharif,198603.0,971.1,19496856.51,51636.78,0.484815
2016,Chhattisgarh,Moong(Green Gram),Kharif,9014.0,1298.9,1381395.5,3154.9,0.398148
2005,Maharashtra,Ragi,Kharif,135800.0,1387.2,16285136.0,28518.0,0.939167
2016,Madhya Pradesh,Potato,Whole Year,159997.16,1048.4,24519564.77,55999.01,21.3086
2001,Chhattisgarh,Bajra,Kharif,80.0,1550.0,8170.4,20.8,0.574286
2008,Haryana,Peas & beans (Pulses),Rabi,869.0,715.6,124301.76,78.21,0.553636
2018,Arunachal Pradesh,Dry chillies,Whole Year,3630.0,2992.9,588786.0,1270.5,2.795
2000,Odisha,Maize,Kharif,54371.0,1066.0,5337601.07,14136.46,0.8808
2010,Himachal Pradesh,Sugarcane,Whole Year,1628.0,1319.8,270427.08,390.72,17.22
2004,Karnataka,Groundnut,Kharif,812826.0,1117.7,88061568.84,170693.46,0.6988
2016,Karnataka,Mesta,Whole Year,105.0,1147.2,16091.25,36.75,1.04
2005,Kerala,Sesamum,Kharif,600.0,3030.9,71952.0,126.0,0.314545
2018,Karnataka,Maize,Kharif,1296051.0,1419.1,210219472.2,453617.85,2.882414
2019,Odisha,Mustard,Rabi,747895.41,1454.7,158310.47,6984.83,1.516359
2017,Punjab,Guar seed,Kharif,24400.0,497.5,3841536.0,9272.0,1.054286
2010,Gujarat,Wheat,Rabi,1588600.0,1107.5,263882346.0,381264.0,3.0388
2009,Meghalaya,Masoor,Rabi,332.0,2995.9,51732.24,56.44,0.73
2013,Tamil Nadu,Moong(Green Gram),Kharif,25034.0,740.9,3617162.66,6759.18,0.572308
2009,Madhya Pradesh,Groundnut,Whole Year,207062.0,904.1,32264400.84,35200.54,0.996042
2019,West Bengal,Mesta,Kharif,12434.0,1733.4,2135663.84,4600.58,11.719375
2004,Uttar Pradesh,Tobacco,Whole Year,23780.0,704.0,2576325.2,4993.8,4.836061
2019,Andhra Pradesh,Mango,Whole Year,93813.45,889.3,19800.85,875.87,8.121525
2005,Manipur,Ginger,Kharif,2240.0,1585.4,268620.8,470.4,1.684286
2002,Bihar,Coriander,Whole Year,2190.0,1105.8,207327.3,547.5,0.661333
2015,Nagaland,Sugarcane,Kharif,4370.0,1308.3,690066.7,1442.1,43.522727
2014,Madhya Pradesh,Linseed,Rabi,72000.0,891.2,10869120.0,23760.0,0.69
2007,Sikkim,Barley,Rabi,710.0,2003.4,94714.0,113.6,0.92
2008,Himachal Pradesh,Wheat,Rabi,359961.0,1357.1,51488821.44,32396.49,1.080833
2008,Chhattisgarh,Rapeseed &Mustard,Rabi,51992.0,1117.9,7436935.68,4679.28,0.354444
2019,Madhya Pradesh,Other  Rabi pulses,Rabi,13357.0,1446.7,2294198.32,4942.09,0.758636
2001,Himachal Pradesh,Masoor,Kharif,751.0,918.1,76699.63,195.26,0.501667
2004,Bihar,Potato,Whole Year,138730.0,1147.8,15030008.2,29133.3,8.02
2018,Meghalaya,Banana,Kharif,7273.0,5649.1,1179680.6,2545.55,10.727273
2013,Meghalaya,Sweet potato,Kharif,4480.0,2448.4,647315.2,1209.6,3.626364
2007,West Bengal,Wheat,Rabi,352579.0,2007.5,47034038.6,56412.64,2.452222
2005,Sikkim,Maize,Kharif,25450.0,2041.6,3051964.0,5344.5,5.21
2005,Assam,Sugarcane,Whole Year,23426.0,2184.6,2809245.92,4919.46,37.994444
2011,Tamil Nadu,Cardamom,Whole Year,4321.0,926.5,723853.92,1425.93,0.073636
2002,West Bengal,Onion,Rabi,192851.39,1341.7,18773.87,671.0,15.250306
2012,Punjab,Groundnut,Kharif,1600.0,338.9,241280.0,496.0,1.81
2000,Uttarakhand,other oilseeds,Rabi,128.0,1413.4,12565.76,33.28,0.572857
2010,Andhra Pradesh,Castor seed,Kharif,187721.0,1297.0,31182335.31,45053.04,0.526875
2010,Uttarakhand,Masoor,Rabi,11027.0,1419.0,1831694.97,2646.48,0.732308
2012,Karnataka,Moong(Green Gram),Kharif,169271.0,956.2,25526066.8,52474.01,0.200833
2011,Odisha,Rice,Autumn,536000.0,1346.2,89790720.0,176880.0,0.8
2009,Assam,Wheat,Rabi,60067.0,1727.1,9359639.94,10211.39,1.097037
2006,Chhattisgarh,Sweet potato,Whole Year,2683.0,1317.2,342645.93,590.26,5.116667
2019,Assam,Ginger,Whole Year,17786.0,2084.7,3054923.36,6580.82,9.395185
2002,Gujarat,Moong(Green Gram),Kharif,140200.0,458.4,13272734.0,35050.0,0.282778
2019,Kerala,Arecanut,Whole Year,96921.0,3119.2,16647150.96,35860.77,0.674286
2000,Haryana,Onion,Whole Year,3419.0,383.7,335643.23,888.94,14.924
2005,Uttarakhand,Other Kharif pulses,Kharif,12440.0,1353.3,1491804.8,2612.4,0.583333
2019,Chhattisgarh,Ragi,Kharif,4466.0,1420.3,767080.16,1652.42,0.25
2012,Andhra Pradesh,Bajra,Kharif,60000.0,968.7,9048000.0,18600.0,1.483636
2002,Assam,Arecanut,Whole Year,73664.0,1973.6,6973770.88,18416.0,0.711304
2018,Puducherry,Rice,Kharif,4298.0,1693.9,697135.6,1504.3,3.373333
2016,Mizoram,Maize,Kharif,5481.0,2626.8,839963.25,1918.35,1.665
2006,Puducherry,Dry chillies,Kharif,1.0,1434.6,127.71,0.22,2.0
2006,Goa,Rice,Kharif,52985.0,2928.8,6766714.35,11656.7,2.41
2006,Tamil Nadu,Sunflower,Whole Year,26194.0,927.9,3345235.74,5762.68,1.726538
2018,Jammu and Kashmir,Onion,Kharif,17.0,1016.3,2757.4,5.95,0.5
2017,Tripura,Jowar,Kharif,857.0,3326.8,134926.08,325.66,0.82125
2015,Manipur,Banana,Whole Year,6952.0,1329.1,1097790.32,2294.16,13.58
2016,Kerala,Other Kharif pulses,Kharif,1562.0,2924.3,239376.5,546.7,1.104545
2000,Punjab,Rice,Kharif,2611000.0,405.3,256321870.0,678860.0,3.501765
2000,Kerala,Sesamum,Kharif,2002.0,2412.6,196536.34,520.52,0.345833
2019,Punjab,Mustard,Rabi,1126083.26,571.1,160563.99,2965.55,1.599807
2014,Uttar Pradesh,Wheat,Rabi,9846466.0,616.4,1486422507.0,3249333.78,2.065467
2004,Bihar,Sweet potato,Whole Year,4279.0,1147.8,463586.86,898.59,13.325161
2001,Bihar,Mango,Whole Year,153956.46,1450.0,30194.21,1129.23,5.554554
2001,Karnataka,Rice,Kharif,1087967.0,1002.9,111114069.7,282871.42,2.154815
2016,Jammu and Kashmir,Barley,Kharif,189.0,902.8,28964.25,66.15,0.35
2007,West Bengal,Arecanut,Whole Year,11388.0,2007.5,1519159.2,1822.08,1.698824
2008,West Bengal,Banana,Whole Year,45503.82,1406.7,5411.09,279.34,28.411889
2010,Chhattisgarh,Soyabean,Kharif,95758.0,1283.1,15906361.38,22981.92,1.113077
2017,Manipur,Maize,Kharif,19810.0,1780.0,3118886.4,7527.8,2.284444
2006,Puducherry,Tapioca,Kharif,357.0,1434.6,45592.47,78.54,26.93
2017,Haryana,Maize,Kharif,6600.0,417.1,1039104.0,2508.0,2.711
2019,Meghalaya,Sesamum,Rabi,2382.0,3844.4,409132.32,881.34,1.04
2013,Delhi,Bajra,Kharif,1519.0,706.8,219480.31,410.13,2.51
2000,Telangana,Maize,Kharif,372900.5,884.2,64281.71,1817.06,2.550701
2019,Karnataka,Ragi,Kharif,625797.0,1422.3,107486892.7,231544.89,1.675357
2001,Puducherry,Bajra,Kharif,162.0,1434.6,16545.06,42.12,2.13
2019,Meghalaya,Banana,Kharif,7284.0,3844.4,1251099.84,2695.08,10.730909
2014,Meghalaya,Cashewnut,Whole Year,9449.0,3484.4,1426421.04,3118.17,1.69
2007,Jammu and Kashmir,Garlic,Kharif,103.0,1042.2,13740.2,16.48,0.75
2008,Gujarat,Mango,Whole Year,250748.68,546.3,31286.21,1048.15,6.127272
2020,Maharashtra,Mango,Whole Year,77507.74,1572.3,17173.25,960.75,7.312838
2012,Assam,Sugarcane,Whole Year,28871.0,2167.5,4353746.8,8950.01,35.722222
2016,Maharashtra,Bajra,Kharif,837081.0,1151.1,128282663.3,292978.35,0.649091
2009,Andhra Pradesh,Gram,Rabi,646894.0,711.0,100799023.1,109971.98,1.386818
2007,Haryana,Masoor,Rabi,3430.0,443.8,457562.0,548.8,0.786923
2003,Bihar,Mesta,Kharif,20011.0,1353.9,1980688.78,4802.64,6.455714
2001,Bihar,Moong(Green Gram),Kharif,7902.0,1247.0,807031.26,2054.52,0.627778
2012,Chhattisgarh,Potato,Kharif,1615.0,1366.8,243542.0,500.65,6.890909
2018,Telangana,Jowar,Kharif,34894.0,1350.3,5659806.8,12212.9,0.941905
2013,Assam,Rice,Autumn,223332.0,1797.7,32269240.68,60299.64,1.386296
2008,Tamil Nadu,Ginger,Whole Year,817.0,1201.9,116863.68,73.53,20.0
2016,Sikkim,Other Kharif pulses,Kharif,2710.0,2971.6,415307.5,948.5,0.965
2002,West Bengal,Potato,Summer,2395.0,1629.1,226734.65,598.75,12.86
2014,Haryana,Cotton(lint),Kharif,647000.0,301.3,97671120.0,213510.0,2.907692
2016,Mizoram,Potato,Kharif,106.0,2626.8,16244.5,37.1,3.75
2003,Punjab,Mustard,Rabi,661088.86,717.7,58468.33,6821.27,1.370612
2014,Bihar,Mango,Whole Year,248060.72,1293.3,23055.63,2747.86,7.234299
2007,Rajasthan,Jowar,Kharif,894119.46,390.1,192872.78,2159.28,1.09882
2017,Gujarat,Other Cereals,Kharif,2888.0,814.8,454686.72,1097.44,0.774615
2005,Tamil Nadu,Potato,Whole Year,5005.0,1364.1,600199.6,1051.05,15.32
2005,Bihar,Potato,Whole Year,140539.0,907.8,16853436.88,29513.19,8.786842
2000,Uttar Pradesh,Peas & beans (Pulses),Rabi,333480.0,874.4,32737731.6,86704.8,1.249275
2015,Rajasthan,Wheat,Rabi,1692123.61,397.6,197641.36,11148.41,3.961545
2006,Andhra Pradesh,Gram,Rabi,601745.0,845.2,76848853.95,132383.9,1.465
2009,Mizoram,Potato,Kharif,284.0,2086.3,44252.88,48.28,7.766667
2009,Rajasthan,Moong,Kharif,41637.39,405.4,9049.56,301.46,0.652585
2003,West Bengal,Soyabean,Kharif,21.0,1526.7,2078.58,5.04,0.72
2013,Madhya Pradesh,Banana,Whole Year,18637.0,1451.4,2692860.13,5031.99,41.167059
2002,Andhra Pradesh,Linseed,Rabi,4070.0,648.1,385306.9,1017.5,0.322857
2000,Tamil Nadu,Mango,Whole Year,149039.75,835.3,21268.53,676.12,5.223095
2013,Chhattisgarh,Castor seed,Rabi,45.0,1418.3,6502.05,12.15,0.398
2018,Jharkhand,Sunflower,Kharif,358.0,1222.7,58067.6,125.3,0.62625
2019,Tripura,Peas & beans (Pulses),Rabi,3200.0,2252.8,549632.0,1184.0,0.8575
2016,Rajasthan,Jowar,Kharif,862856.73,324.1,197261.53,6080.48,1.388166
2009,Meghalaya,Sweet potato,Kharif,4398.0,2995.9,685296.36,747.66,3.611429
2006,Karnataka,Maize,Kharif,865850.0,1146.3,110577703.5,190487.0,2.7448
2011,Rajasthan,Wheat,Rabi,4063484.9,296.4,977199.83,46648.1,3.722651
2016,Manipur,Banana,Whole Year,8194.0,2039.8,1255730.5,2867.9,13.551111
2017,Telangana,Sesamum,Kharif,1072.0,815.7,168775.68,407.36,0.217857
2011,Madhya Pradesh,Castor seed,Kharif,1778.0,852.6,297850.56,586.74,0.258571
2005,Uttar Pradesh,Coriander,Whole Year,5591.0,751.9,670472.72,1174.11,0.578387
2005,Uttar Pradesh,Moong,Kharif,55605.47,785.1,6361.24,191.06,0.576922
2013,Punjab,Rapeseed &Mustard,Rabi,32000.0,586.6,4623680.0,8640.0,1.293529
2011,Assam,Niger seed,Kharif,8423.0,1743.4,1411020.96,2779.59,0.604348
2001,Madhya Pradesh,Sunflower,Kharif,2035.0,955.0,207834.55,529.1,0.337368
2011,Karnataka,Cowpea(Lobia),Kharif,68089.0,1179.0,11406269.28,22469.37,0.55
2018,Tamil Nadu,Maize,Kharif,168944.0,986.2,27402716.8,59130.4,7.625385
2012,Bihar,Maize,Autumn,261039.0,924.1,39364681.2,80922.09,3.673514
2013,Gujarat,Bajra,Kharif,363525.0,1006.5,52525727.25,98151.75,1.40619
2004,Goa,Ragi,Kharif,394.0,2518.0,42685.96,82.74,0.97
2014,Madhya Pradesh,Bajra,Kharif,225000.0,891.2,33966000.0,74250.0,1.62087
2008,Uttarakhand,Potato,Kharif,7723.0,1363.7,1104697.92,695.07,10.521818
2006,Bihar,Jowar,Kharif,3397.0,1052.8,433830.87,747.34,1.04
2019,Gujarat,Tobacco,Kharif,48234.0,1067.8,8284671.84,17846.58,1.93125
2009,Bihar,Other  Rabi pulses,Rabi,2579.0,889.3,401859.78,438.43,0.741111
2007,Madhya Pradesh,Sannhamp,Kharif,4569.0,740.4,609504.6,731.04,0.568293
2009,Chhattisgarh,Sugarcane,Whole Year,6788.0,956.9,1057706.16,1153.96,3.389375
2017,Himachal Pradesh,Sugarcane,Whole Year,1874.0,1182.2,295042.56,712.12,17.117143
2005,Andhra Pradesh,Cashewnut,Whole Year,148372.0,1075.5,17792770.24,31158.12,0.285882
2003,Chhattisgarh,Coriander,Whole Year,3958.0,1643.7,391762.84,949.92,0.265333
2007,Chhattisgarh,Linseed,Rabi,55900.0,1246.2,7457060.0,8944.0,0.319375
2011,Nagaland,Rice,Kharif,179050.0,1544.4,29994456.0,59086.5,2.049091
2011,Tamil Nadu,Black pepper,Whole Year,3767.0,926.5,631047.84,1243.11,0.174286
2019,Odisha,Dry chillies,Kharif,24910.0,1593.9,4278541.6,9216.7,0.938667
2019,Tripura,Jute,Kharif,623.0,2252.8,107006.48,230.51,9.0875
2001,Puducherry,Tapioca,Whole Year,464.0,1434.6,47388.32,120.64,21.5
2002,Madhya Pradesh,Garlic,Whole Year,22674.0,800.8,2146547.58,5668.5,2.850667
2017,Tamil Nadu,Urad,Kharif,58422.0,970.9,9197959.68,22200.36,0.892
2017,Nagaland,Linseed,Rabi,5840.0,1722.1,919449.6,2219.2,0.812727
2006,Assam,Rice,Autumn,379441.0,1774.9,48458410.11,83477.02,1.028148
2005,Meghalaya,Wheat,Rabi,670.0,3374.4,80346.4,140.7,1.306667
2019,Chhattisgarh,Cotton(lint),Whole Year,2692.0,1420.3,462377.92,996.04,2.145714
2019,Punjab,Wheat,Rabi,3521000.0,653.2,604766960.0,1302770.0,4.892273
2012,Madhya Pradesh,Ragi,Kharif,415.0,1049.5,62582.0,128.65,0.194
2006,Uttar Pradesh,Other Kharif pulses,Kharif,606775.0,590.5,77491235.25,133490.5,0.543857
2003,Tamil Nadu,Coriander,Whole Year,27722.0,345.6,2743923.56,6653.28,0.300741
2010,Odisha,Potato,Winter,6528.0,1291.9,1084366.08,1566.72,10.700741
2012,Himachal Pradesh,Small millets,Kharif,5095.0,1035.0,768326.0,1579.45,0.702857
2010,Assam,Mustard,Rabi,690212.74,2077.7,133317.28,5948.78,1.426744
2014,Assam,Black pepper,Whole Year,3528.0,1899.0,532586.88,1164.24,1.728148
2008,Gujarat,Moth,Kharif,47000.0,746.1,6722880.0,4230.0,0.321875
2002,Bihar,Garlic,Whole Year,2221.0,1105.8,210262.07,555.25,1.445625
2018,Telangana,Coriander,Kharif,7.0,1350.3,1135.4,2.45,1.0
2018,Maharashtra,Onion,Rabi,215267.94,1895.8,64213.79,2688.23,20.137858
2000,Bihar,Linseed,Rabi,41828.0,1207.0,4106254.76,10875.28,0.713056
2005,Karnataka,Banana,Whole Year,43562.0,1316.2,5223955.04,9148.02,15.48037
2012,Bihar,Jute,Kharif,123047.0,924.1,18555487.6,38144.57,13.438889
2009,West Bengal,Safflower,Rabi,590.0,1317.2,91933.8,100.3,0.763333
2009,Chhattisgarh,Castor seed,Kharif,64.0,956.9,9972.48,10.88,0.198571
2004,Odisha,Wheat,Summer,4054.0,1290.4,439210.36,851.34,1.266071
2014,Himachal Pradesh,Garlic,Rabi,4608.0,1019.9,695623.68,1520.64,1.084
2007,Arunachal Pradesh,Dry chillies,Whole Year,2372.0,3223.9,316424.8,379.52,2.26625
2019,Telangana,Dry chillies,Kharif,72080.0,1031.7,12380460.8,26669.6,5.056452
2011,Meghalaya,Masoor,Rabi,356.0,4083.1,59637.12,117.48,0.7875
2013,Madhya Pradesh,Soyabean,Kharif,6543581.0,1451.4,945482018.7,1766766.87,0.7448
2005,Himachal Pradesh,Moong(Green Gram),Kharif,381.0,1248.1,45689.52,80.01,0.401111
2006,Madhya Pradesh,Safflower,Rabi,427.0,1072.3,54532.17,93.94,0.313636
2008,Karnataka,Mesta,Whole Year,1146.0,1164.1,163923.84,103.14,1.636
2003,Uttar Pradesh,Rapeseed &Mustard,Rabi,536115.0,1075.6,53064662.7,128667.6,0.845571
2013,Madhya Pradesh,Castor seed,Kharif,2458.0,1451.4,355156.42,663.66,0.48
2005,West Bengal,Sunflower,Kharif,12473.0,1650.1,1495762.16,2619.33,1.175
2016,Chhattisgarh,Coriander,Whole Year,2336.0,1298.9,357992.0,817.6,0.281923
2016,West Bengal,Sesamum,Autumn,1374.0,1795.8,210565.5,480.9,0.781111
2015,Punjab,Rice,Kharif,2975000.0,512.6,469782250.0,981750.0,3.923182
2010,Gujarat,Other  Rabi pulses,Rabi,24000.0,1107.5,3986640.0,5760.0,0.775
2006,Odisha,Maize,Autumn,53460.0,1716.9,6827376.6,11761.2,0.964583
2018,Puducherry,Ragi,Kharif,26.0,1693.9,4217.2,9.1,2.31
2013,Madhya Pradesh,Wheat,Rabi,6123044.0,1451.4,884718627.6,1653221.88,2.538431
2015,Gujarat,Mango,Whole Year,188898.58,832.2,52900.59,1915.05,8.459725
2001,Bihar,Linseed,Rabi,40599.0,1247.0,4146375.87,10555.74,0.72
2001,Assam,Wheat,Rabi,72245.0,1824.7,7378381.85,18783.7,1.185217
2005,Gujarat,Rapeseed &Mustard,Rabi,314400.0,942.4,37702848.0,66024.0,1.431364
2019,Jharkhand,Masoor,Rabi,62319.0,1137.8,10703911.44,23058.03,0.8275
2012,Andhra Pradesh,Ragi,Kharif,36000.0,968.7,5428800.0,11160.0,1.207143
2003,Mizoram,Gram,Kharif,23.0,2499.5,2276.54,5.52,0.916667
2019,Odisha,Gram,Rabi,27820.0,1593.9,4778363.2,10293.4,0.799286
2009,Madhya Pradesh,Niger seed,Whole Year,95632.0,904.1,14901378.24,16257.44,0.263846
2018,Karnataka,Onion,Kharif,193156.0,1419.1,31329903.2,67604.6,8.4024
2018,Tamil Nadu,Sugarcane,Whole Year,166415.0,986.2,26992513.0,58245.25,99.341667
2019,Tamil Nadu,Cotton(lint),Kharif,96681.0,910.1,16605928.56,35771.97,2.533462
2011,Meghalaya,Sesamum,Kharif,1592.0,4083.1,266691.84,525.36,0.598333
2008,Madhya Pradesh,Urad,Kharif,514530.0,895.0,73598371.2,46307.7,0.3522
2005,Punjab,Cotton(lint),Kharif,557000.0,566.7,66795440.0,116970.0,3.967
2010,Tripura,Cotton(lint),Kharif,1063.0,2348.3,176574.93,255.12,1.4775
2016,Odisha,Sesamum,Autumn,3571.0,1460.5,547255.75,1249.85,0.270909
2011,West Bengal,Rice,Autumn,212971.0,1686.5,35676901.92,70280.43,2.072222
2007,Uttarakhand,Other Cereals,Kharif,70087.0,1924.3,9349605.8,11213.92,1.128182
2014,Bihar,Banana,Whole Year,83632.16,1417.9,11820.72,257.72,29.320822
2013,Haryana,Urad,Kharif,1600.0,452.2,231184.0,432.0,0.45
2003,West Bengal,Castor seed,Kharif,40.0,1526.7,3959.2,9.6,1.2
2016,Puducherry,Sesamum,Kharif,3.0,1391.3,459.75,1.05,1.33
2014,Chhattisgarh,Coriander,Whole Year,2240.0,1274.7,338150.4,739.2,0.2684
2005,Bihar,Safflower,Rabi,173.0,907.8,20746.16,36.33,0.8375
2017,Chhattisgarh,Khesari,Rabi,214168.0,1124.5,33718609.92,81383.84,0.540417
2016,Gujarat,Soyabean,Kharif,120222.0,710.5,18424021.5,42077.7,0.940556
2015,Gujarat,Castor seed,Kharif,713787.0,584.3,112714105.2,235549.71,1.929667
2012,Jharkhand,Rice,Autumn,148761.0,1102.0,22433158.8,46115.91,0.761304
2003,Odisha,Garlic,Whole Year,10850.0,1648.2,1073933.0,2604.0,3.144667
2004,Assam,Dry chillies,Whole Year,14283.0,2536.9,1547420.22,2999.43,0.631304
2017,Punjab,Cotton(lint),Kharif,291000.0,497.5,45815040.0,110580.0,4.1875
2011,Uttarakhand,Onion,Whole Year,2149.0,1564.7,360000.48,709.17,5.808462
2018,Andhra Pradesh,Dry chillies,Kharif,143497.0,1220.5,23275213.4,50223.95,2.991667
2015,Rajasthan,Maize,Kharif,433996.83,599.8,118719.92,5557.97,3.113993
2003,Himachal Pradesh,Maize,Kharif,298467.0,1112.6,29542263.66,71632.08,2.503333
2017,Haryana,Urad,Kharif,1500.0,417.1,236160.0,570.0,0.32
2001,Nagaland,Niger seed,Kharif,100000.0,1532.0,10213000.0,26000.0,0.976
2001,Haryana,Bajra,Kharif,585474.0,483.8,59794459.62,152223.24,1.065263
2016,Punjab,Guar seed,Kharif,33300.0,635.9,5103225.0,11655.0,1.04125
2010,Odisha,Arhar/Tur,Kharif,199358.28,906.5,19888.2,1536.8,0.944851
2013,Nagaland,Cowpea(Lobia),Kharif,480.0,1350.9,69355.2,129.6,1.463333
2010,Jammu and Kashmir,Urad,Kharif,14367.0,1352.0,2386502.37,3448.08,0.47
2002,Jharkhand,Maize,Autumn,62780.33,1041.2,5943413.84,15695.08,1.203571
2005,Odisha,Ragi,Autumn,26366.0,1503.4,3161810.72,5536.86,0.526842
2006,Uttar Pradesh,Wheat,Rabi,9197642.0,590.5,1174630860.0,2023481.24,2.725429
2019,Odisha,Arhar/Tur,Kharif,128630.0,1593.9,22093488.8,47593.1,0.973462
2009,Bihar,Mesta,Kharif,17215.0,889.3,2682441.3,2926.55,7.189565
2006,Sikkim,Wheat,Rabi,6380.0,2270.2,814789.8,1403.6,1.57
2000,Andhra Pradesh,Arecanut,Whole Year,262.0,935.6,25720.54,68.12,2.78
2006,Mizoram,Tobacco,Whole Year,503.0,2353.0,64238.13,110.66,0.676667
2007,West Bengal,Urad,Kharif,45635.0,2007.5,6087709.0,7301.6,0.617222
2000,West Bengal,Khesari,Rabi,40018.0,1907.7,3928567.06,10404.68,1.001875
2003,Punjab,Groundnut,Kharif,4400.0,451.7,435512.0,1056.0,0.871429
2005,Madhya Pradesh,Wheat,Rabi,3772615.0,1032.7,452411990.8,792249.15,1.647083
2018,Andhra Pradesh,Soyabean,Kharif,1411.0,1220.5,228864.2,493.85,1.7425
2018,West Bengal,Arhar/Tur,Rabi,3605.0,2012.6,584731.0,1261.75,1.621875
2004,Karnataka,Rapeseed &Mustard,Rabi,5855.0,1117.7,634330.7,1229.55,0.216316
2006,West Bengal,Rice,Autumn,283859.0,1631.4,36251632.89,62448.98,2.001111
2011,Jammu and Kashmir,Garlic,Kharif,18.0,887.6,3015.36,5.94,0.76
2015,Jammu and Kashmir,Cotton(lint),Kharif,2.0,1572.6,315.82,0.66,0.5
2011,Assam,Wheat,Rabi,40194.0,1743.4,6733298.88,13264.02,1.169615
2013,Telangana,Wheat,Rabi,7039.0,1348.7,1017065.11,1900.53,0.74
2007,Jammu and Kashmir,Other Kharif pulses,Kharif,1635.0,1042.2,218109.0,261.6,0.772308
2001,Gujarat,Garlic,Whole Year,9300.0,666.5,949809.0,2418.0,5.978333
2010,Jammu and Kashmir,Cotton(lint),Kharif,27.0,1352.0,4484.97,6.48,0.57
2012,Karnataka,Sannhamp,Whole Year,258.0,956.2,38906.4,79.98,0.2375
2010,Uttarakhand,Rice,Kharif,270416.0,1419.0,44918801.76,64899.84,1.540769
2016,West Bengal,Mesta,Kharif,13695.0,1795.8,2098758.75,4793.25,10.557143
2005,Himachal Pradesh,Small millets,Kharif,8501.0,1248.1,1019439.92,1785.21,0.552857
2013,Rajasthan,Maize,Kharif,145327.24,458.5,38893.26,729.51,3.143577
2010,Assam,Sugarcane,Whole Year,29736.0,2578.5,4939446.96,7136.64,36.275926
2005,West Bengal,Dry chillies,Whole Year,51957.0,1650.1,6230683.44,10910.97,1.055
2008,Karnataka,Other  Rabi pulses,Rabi,30396.0,1164.1,4347843.84,2735.64,0.290714
2006,Haryana,Horse-gram,Kharif,2057.0,329.3,262699.47,452.54,0.23
2017,Manipur,Rice,Kharif,236710.0,1780.0,37267622.4,89949.8,2.18
2017,Maharashtra,Cotton(lint),Kharif,4350818.0,1129.5,684992785.9,1653310.84,1.647407
2000,Uttar Pradesh,Barley,Rabi,286886.0,874.4,28163598.62,74590.36,1.956812
2006,Nagaland,Groundnut,Kharif,950.0,1362.5,121324.5,209.0,1.01375
2000,Mizoram,Other  Rabi pulses,Rabi,344.0,2834.3,33770.48,89.44,2.106667
2015,Karnataka,Bajra,Kharif,163108.0,1024.9,25756384.28,53825.64,0.674706
2003,Goa,Cashewnut,Whole Year,54668.0,3011.6,5411038.64,13120.32,0.42
2018,Andhra Pradesh,Mesta,Kharif,2934.0,1220.5,475894.8,1026.9,9.88
2004,Tamil Nadu,Mango,Whole Year,96656.24,828.3,15237.96,675.81,6.251563
2015,Karnataka,Arecanut,Whole Year,247927.0,1024.9,39150152.57,81815.91,10.210476
2002,Delhi,Other Kharif pulses,Kharif,339.0,593.6,32093.13,84.75,1.29
2000,Chhattisgarh,Sannhamp,Whole Year,1788.0,896.4,175527.96,464.88,0.290625
2000,Karnataka,Soyabean,Kharif,62553.0,1213.3,6140828.01,16263.78,1.01
2001,Punjab,Moong(Green Gram),Kharif,23000.0,479.3,2348990.0,5980.0,0.562308
2013,Punjab,Sugarcane,Whole Year,89000.0,586.6,12859610.0,24030.0,77.713125
2013,Haryana,Cotton(lint),Kharif,567000.0,452.2,81925830.0,153090.0,3.331667
2004,Himachal Pradesh,Bajra,Kharif,281.0,939.2,30443.54,59.01,0.652
2013,Andhra Pradesh,Sesamum,Kharif,28045.0,1062.3,4052222.05,7572.15,0.409167
2004,Telangana,Jowar,Kharif,1367242.35,984.9,92859.38,5804.81,0.967939
2004,Odisha,Arhar/Tur,Kharif,692581.55,1727.5,88281.41,1501.22,1.013269
2019,Telangana,Banana,Kharif,1670.0,1031.7,286839.2,617.9,59.124231
2014,Meghalaya,Banana,Kharif,7072.0,3484.4,1067589.12,2333.76,10.167273
2002,Gujarat,Dry chillies,Whole Year,12100.0,458.4,1145507.0,3025.0,0.831875
2014,Uttar Pradesh,Sunflower,Summer,2544.0,616.4,384042.24,839.52,1.703125
2005,Maharashtra,Onion,Rabi,82641.97,860.3,5478.19,94.96,16.361805
2002,Odisha,Horse-gram,Kharif,75952.0,1102.8,7190375.84,18988.0,0.222667
2013,Chhattisgarh,Khesari,Rabi,315247.0,1418.3,45550039.03,85116.69,0.564783
2017,Bihar,Bajra,Kharif,4379.0,1112.0,689429.76,1664.02,1.128
2008,Uttarakhand,Rapeseed &Mustard,Rabi,12051.0,1363.7,1723775.04,1084.59,0.44
2012,Uttar Pradesh,Maize,Kharif,698089.0,746.3,105271821.2,216407.59,1.696667
2002,Punjab,Sugarcane,Whole Year,153000.0,301.8,14484510.0,38250.0,58.852353
2018,Arunachal Pradesh,Soyabean,Kharif,3132.0,2992.9,508010.4,1096.2,1.495714
2003,Tamil Nadu,Cotton(lint),Kharif,97777.0,345.6,9677967.46,23466.48,1.504615
2010,Madhya Pradesh,Urad,Kharif,555055.0,856.3,92200186.05,133213.2,0.375306
2013,Nagaland,Ginger,Kharif,3500.0,1350.9,505715.0,945.0,9.120909
2000,Chhattisgarh,Rice,Kharif,3769746.0,896.4,370075964.8,980133.96,0.6575
2016,Uttarakhand,Urad,Kharif,12481.0,1580.9,1912713.25,4368.35,0.862308
2012,Himachal Pradesh,Moong(Green Gram),Kharif,282.0,1035.0,42525.6,87.42,0.405714
2018,Uttarakhand,Other Summer Pulses,Summer,3.0,1373.0,486.6,1.05,0.67
2016,Uttarakhand,Sunflower,Kharif,7.0,1580.9,1072.75,2.45,0.57
2004,Tamil Nadu,Gram,Rabi,6420.0,1034.0,695542.8,1348.2,0.545
2000,Mizoram,Potato,Whole Year,310.0,2834.3,30432.7,80.6,5.805
2009,Gujarat,Urad,Kharif,97900.0,618.0,15254778.0,16643.0,0.610385
2005,Andhra Pradesh,Gram,Rabi,394443.0,1075.5,47301604.56,82833.03,1.602632
2014,Tamil Nadu,Bajra,Kharif,33124.0,911.3,5000399.04,10930.92,3.060417
2005,Jharkhand,Ragi,Autumn,27846.26,965.2,3339323.5,5847.71,0.82125
2006,Madhya Pradesh,Linseed,Rabi,126038.0,1072.3,16096312.98,27728.36,0.58913
2014,Telangana,Onion,Kharif,5552.0,746.4,838129.92,1832.16,15.051429
2001,Delhi,Bajra,Kharif,2632.0,611.9,268806.16,684.32,1.95
2017,West Bengal,Linseed,Rabi,4905.0,1830.0,772243.2,1863.9,0.216471
2000,West Bengal,Groundnut,Kharif,2020.0,1907.7,198303.4,525.2,0.968333
2013,Karnataka,Tomato,Whole Year,47347.12,2274.0,3624.9,216.3,20.954867
2009,Andhra Pradesh,Cotton(lint),Kharif,1467025.0,711.0,228591835.5,249394.25,2.209091
2018,Andhra Pradesh,Cowpea(Lobia),Kharif,13385.0,1220.5,2171047.0,4684.75,0.176667
2004,Delhi,Rice,Kharif,8431.0,651.9,913414.54,1770.51,3.35
2001,Chhattisgarh,Niger seed,Kharif,74559.0,1550.0,7614710.67,19385.34,0.220769
2003,Mizoram,Sugarcane,Whole Year,1393.0,2499.5,137879.14,334.32,25.87
2015,Nagaland,Castor seed,Kharif,330.0,1308.3,52110.3,108.9,0.62
2010,Bihar,Potato,Rabi,209758.89,1213.0,21142.64,1524.3,20.457132
2010,Meghalaya,Peas & beans (Pulses),Rabi,1035.0,3119.7,171923.85,248.4,1.274286
2002,Mizoram,Other  Rabi pulses,Rabi,2078.0,2627.0,196724.26,519.5,1.245
2006,Chhattisgarh,Safflower,Rabi,989.0,1317.2,126305.19,217.58,0.228889
2005,Sikkim,Small millets,Kharif,4150.0,2041.6,497668.0,871.5,2.8775
2003,Andhra Pradesh,Ragi,Kharif,67597.0,826.0,6690751.06,16223.28,1.140667
2003,Jharkhand,Maize,Autumn,89591.91,1258.3,8867807.25,21502.06,1.39
2005,Tamil Nadu,Cardamom,Whole Year,4887.0,1364.1,586049.04,1026.27,0.072727
2018,Karnataka,Other Kharif pulses,Kharif,28375.0,1419.1,4602425.0,9931.25,0.641667
2016,Tamil Nadu,Dry chillies,Whole Year,44839.0,912.4,6871576.75,15693.65,0.811935
2016,Himachal Pradesh,Cotton(lint),Kharif,30.0,1373.9,4597.5,10.5,0.37
2010,Karnataka,Groundnut,Kharif,658739.0,1317.7,109423135.3,158097.36,0.797407
2005,Jammu and Kashmir,Moong(Green Gram),Kharif,1782.0,1721.8,213697.44,374.22,0.503333
2000,Odisha,Ginger,Kharif,12060.0,1066.0,1183930.2,3135.6,1.962143
2012,Haryana,Arhar/Tur,Kharif,12552.0,307.9,1892841.6,3891.12,0.992632
2000,Himachal Pradesh,Masoor,Kharif,993.0,1068.4,97482.81,258.18,0.419091
2016,Andhra Pradesh,Coriander,Kharif,8.0,890.0,1226.0,2.8,0.13
2019,Mizoram,Other Kharif pulses,Kharif,762.5,2178.5,130967.0,282.12,1.32
2008,Madhya Pradesh,Turmeric,Whole Year,657.0,895.0,93977.28,59.13,0.978966
2012,Tripura,Gram,Rabi,164.0,1882.2,24731.2,50.84,0.79
2016,Mizoram,Other Kharif pulses,Kharif,784.0,2626.8,120148.0,274.4,1.33625
2009,Punjab,Sesamum,Kharif,7000.0,371.3,1090740.0,1190.0,0.27
2012,West Bengal,Peas & beans (Pulses),Rabi,12381.0,1566.0,1867054.8,3838.11,1.005385
2007,Karnataka,Cardamom,Whole Year,21187.0,1323.3,2826345.8,3389.92,0.0625
2007,Puducherry,Sugarcane,Kharif,2323.0,1434.6,309888.2,371.68,86.75
2010,Chhattisgarh,Sweet potato,Whole Year,2784.0,1283.1,462450.24,668.16,5.319412
2009,Puducherry,Sugarcane,Kharif,1785.0,1434.6,278138.7,303.45,97.28
2013,Uttar Pradesh,Coriander,Rabi,6732.0,995.2,972706.68,1817.64,0.552969
2014,Mizoram,Soyabean,Kharif,1042.0,2029.9,157300.32,343.86,1.15875
2013,Madhya Pradesh,Urad,Kharif,570864.0,1451.4,82484139.36,154133.28,0.401961
2009,Kerala,Other Cereals,Kharif,226.0,2821.5,35215.32,38.42,0.765
2010,Bihar,Groundnut,Kharif,362.0,629.2,60131.82,86.88,1.015714
2000,Madhya Pradesh,Rice,Kharif,1697346.0,723.3,166628456.8,441309.96,0.613556
2006,Haryana,Wheat,Rabi,2377067.0,329.3,303575226.6,522954.74,4.062
2009,Nagaland,Rapeseed &Mustard,Rabi,58590.0,1225.9,9129493.8,9960.3,0.791818
2002,Andhra Pradesh,Moong(Green Gram),Kharif,355292.0,648.1,33635493.64,88823.0,0.217273
2016,West Bengal,Cotton(lint),Kharif,275.0,1795.8,42143.75,96.25,3.17
2012,West Bengal,Other Kharif pulses,Kharif,434.0,1566.0,65447.2,134.54,0.445
2019,Uttarakhand,Small millets,Kharif,50305.0,1378.9,8640386.8,18612.85,1.325455
2007,Uttar Pradesh,Ginger,Kharif,900.0,672.9,120060.0,144.0,2.035333
2012,West Bengal,Mesta,Kharif,6696.0,1566.0,1009756.8,2075.76,11.673636
2010,Karnataka,Turmeric,Whole Year,14162.0,1317.7,2352449.82,3398.88,4.3825
2018,Puducherry,Sugarcane,Kharif,1444.0,1693.9,234216.8,505.4,130.0
2007,Mizoram,Other Kharif pulses,Kharif,4021.0,3095.2,536401.4,643.36,0.37375
2012,Chhattisgarh,Sugarcane,Whole Year,9227.0,1366.8,1391431.6,2860.37,3.100435
2017,Uttarakhand,Sugarcane,Whole Year,91618.0,1475.8,14424337.92,34814.84,68.9
2008,Andhra Pradesh,Jowar,Kharif,118094.0,944.6,16892165.76,10628.46,1.798421
2001,Kerala,Ginger,Whole Year,10706.0,2946.7,1093403.78,2783.56,3.167857
2005,Karnataka,Turmeric,Whole Year,6346.0,1316.2,761012.32,1332.66,5.556364
2015,Kerala,Garlic,Whole Year,62.0,2602.9,9790.42,20.46,6.05
2015,Andhra Pradesh,Banana,Whole Year,59428.0,940.7,9384275.48,19611.24,39.594615
2013,Bihar,Castor seed,Kharif,158.0,1069.9,22829.42,42.66,0.974
2002,Kerala,Turmeric,Whole Year,3140.0,2511.2,297263.8,785.0,2.062857
2001,Bihar,Rapeseed &Mustard,Rabi,95895.0,1247.0,9793756.35,24932.7,0.862973
2004,Tripura,Wheat,Rabi,944.0,2706.3,102272.96,198.24,2.0525
2009,Kerala,Jowar,Kharif,2547.0,2821.5,396873.54,432.99,0.6675
2019,Chhattisgarh,Garlic,Whole Year,1091.0,1420.3,187390.16,403.67,3.193846
2012,West Bengal,Ragi,Autumn,10095.0,1566.0,1522326.0,3129.45,0.706
2016,Uttar Pradesh,Garlic,Rabi,35151.0,965.3,5386890.75,12302.85,6.333115
2002,Haryana,Arhar/Tur,Kharif,36972.0,353.9,3500139.24,9243.0,1.005
2003,Kerala,Sesamum,Kharif,1204.0,2386.0,119171.92,288.96,0.245556
2001,Karnataka,Potato,Whole Year,39156.0,1002.9,3999002.28,10180.56,12.815
2014,Manipur,Dry chillies,Whole Year,9498.0,987.5,1433818.08,3134.34,8.016667
2003,Rajasthan,Maize,Kharif,277026.64,210.6,59119.57,2601.38,2.851838
2019,Nagaland,Maize,Kharif,63740.0,1593.0,10947982.4,23583.8,1.982727
2012,Odisha,Moong(Green Gram),Autumn,21882.0,1430.2,3299805.6,6783.42,0.242857
2006,Haryana,Mustard,Rabi,1194426.51,562.0,156622.58,6552.63,1.437857
2013,Karnataka,Linseed,Rabi,5552.0,1235.6,802208.48,1499.04,0.326
2008,Maharashtra,Mango,Whole Year,178296.23,1405.5,18954.79,1932.26,7.193413
2010,Jharkhand,Arhar/Tur,Rabi,18225.0,694.6,3027354.75,4374.0,1.330833
2008,Kerala,Garlic,Whole Year,320.0,2524.8,45772.8,28.8,17.0
2009,Gujarat,Sugarcane,Whole Year,190300.0,618.0,29652546.0,32351.0,66.794706
2018,Haryana,Sesamum,Kharif,1551.0,533.2,251572.2,542.85,0.513684
2005,Tamil Nadu,Sunflower,Kharif,17056.0,1364.1,2045355.52,3581.76,1.18037
2017,Kerala,Garlic,Whole Year,71.0,2664.8,11178.24,26.98,5.61
2004,Gujarat,Other Cereals,Kharif,12300.0,719.8,1332582.0,2583.0,0.51
2016,Chhattisgarh,Garlic,Whole Year,1282.0,1298.9,196466.5,448.7,2.903889
2003,Nagaland,Maize,Kharif,45000.0,1709.8,4454100.0,10800.0,1.69125
2014,Rajasthan,Coriander,Rabi,48291.99,268.2,12300.13,160.1,0.941445
2020,Uttar Pradesh,Wheat,Rabi,1683610.89,464.2,235944.52,12159.88,4.340759
2015,Haryana,Moong(Green Gram),Kharif,9800.0,426.8,1547518.0,3234.0,0.606667
2014,Maharashtra,Wheat,Rabi,1067300.0,1001.6,161119608.0,352209.0,1.201379
2011,Uttar Pradesh,Coriander,Rabi,6511.0,777.4,1090722.72,2148.63,0.570154
2004,Uttar Pradesh,Groundnut,Kharif,95298.0,704.0,10324585.32,20012.58,0.8035
2012,Karnataka,Banana,Whole Year,62898.2,2431.4,9719.37,600.02,28.456291
2017,West Bengal,Sunflower,Kharif,7382.0,1830.0,1162222.08,2805.16,1.27
2006,Himachal Pradesh,Maize,Kharif,299037.0,1207.0,38190015.27,65788.14,2.363333
2003,Gujarat,Garlic,Whole Year,27100.0,902.5,2682358.0,6504.0,6.95
2014,Tamil Nadu,Horse-gram,Kharif,13931.0,911.3,2103023.76,4597.23,0.764583
2015,Puducherry,Dry chillies,Rabi,3.0,1980.6,473.73,0.99,10.0
2007,Assam,Maize,Kharif,18362.0,2154.1,2449490.8,2937.92,0.60963
2007,West Bengal,Barley,Rabi,2058.0,2007.5,274537.2,329.28,1.213333
2001,Sikkim,Other Kharif pulses,Kharif,2860.0,2372.5,292091.8,743.6,1.1075
2014,Madhya Pradesh,Horse-gram,Kharif,14000.0,891.2,2113440.0,4620.0,0.526
2006,Assam,Cotton(lint),Kharif,1374.0,1774.9,175473.54,302.28,0.518462
2000,Meghalaya,Sugarcane,Whole Year,86.0,6258.8,8442.62,22.36,2.288
2014,Bihar,Mesta,Kharif,16370.0,1061.0,2471215.2,5402.1,13.158947
2007,Nagaland,Dry chillies,Kharif,700.0,1769.0,93380.0,112.0,1.2675
2013,Himachal Pradesh,Moong(Green Gram),Kharif,300.0,1216.9,43347.0,81.0,0.484286
2015,Bihar,Moong(Green Gram),Kharif,12217.0,874.0,1929186.47,4031.61,0.675806
2000,Andhra Pradesh,Turmeric,Kharif,46682.73,584.2,4177.43,241.76,4.350076
2017,Bihar,Other  Rabi pulses,Rabi,1419.0,1112.0,223407.36,539.22,1.002857
2014,West Bengal,Other  Rabi pulses,Rabi,308.0,1483.5,46495.68,101.64,0.443333
2003,Assam,Small millets,Kharif,8299.0,2213.7,821435.02,1991.76,0.506957
2013,Manipur,Dry chillies,Whole Year,8950.0,1428.8,1293185.5,2416.5,7.89
2000,Punjab,Mustard,Rabi,1218307.88,712.9,157062.48,3458.68,1.203539
2013,Sikkim,Other Kharif pulses,Kharif,3020.0,2567.6,436359.8,815.4,0.945
2009,West Bengal,Urad,Kharif,43007.0,1317.2,6701350.74,7311.19,0.579375
2009,Maharashtra,Cotton(lint),Kharif,3391500.0,1002.4,528463530.0,576555.0,1.444231
2011,West Bengal,Peas & beans (Pulses),Rabi,12089.0,1686.5,2025149.28,3989.37,0.876154
2019,West Bengal,Sesamum,Autumn,651.0,1733.4,111815.76,240.87,0.854
2010,Bihar,Gram,Rabi,56895.0,629.2,9450828.45,13654.8,0.956667
2012,Himachal Pradesh,Rapeseed &Mustard,Rabi,8945.0,1035.0,1348906.0,2772.95,0.46
2010,Uttarakhand,Gram,Rabi,728.0,1419.0,120928.08,174.72,0.67
2005,Bihar,Turmeric,Whole Year,3515.0,907.8,421518.8,738.15,0.975
2007,Meghalaya,Cotton(lint),Kharif,7186.0,4702.0,958612.4,1149.76,0.896667
2014,Himachal Pradesh,Barley,Rabi,20374.0,1019.9,3075659.04,6723.42,1.818182
2016,Haryana,Moong(Green Gram),Kharif,15800.0,554.7,2421350.0,5530.0,0.686
2016,Tamil Nadu,Moong(Green Gram),Kharif,28751.0,912.4,4406090.75,10062.85,0.764231
2018,Maharashtra,Bajra,Kharif,609587.4,1387.4,98875076.28,213355.59,0.408
2011,Tamil Nadu,Castor seed,Whole Year,6202.0,926.5,1038959.04,2046.66,0.767407
2004,Jammu and Kashmir,Barley,Rabi,9860.0,1032.1,1068232.4,2070.6,0.584
2009,Madhya Pradesh,Banana,Whole Year,8040.0,904.1,1252792.8,1366.8,44.356923
2013,Arunachal Pradesh,Dry chillies,Whole Year,2491.0,2042.9,359924.59,672.57,3.71
2000,Chhattisgarh,Wheat,Rabi,77844.0,896.4,7641945.48,20239.44,1.214375
2007,Assam,Mustard,Rabi,1272247.38,2424.8,286759.4,3779.08,1.387572
2007,Maharashtra,Soyabean,Kharif,2663600.0,1257.2,355324240.0,426176.0,1.4975
2017,Arunachal Pradesh,Turmeric,Whole Year,810.0,2745.5,127526.4,307.8,4.398
2013,Bihar,Urad,Kharif,15503.0,1069.9,2240028.47,4185.81,0.918387
2004,Uttarakhand,Horse-gram,Kharif,8575.0,1219.6,929015.5,1800.75,0.724545
2008,Mizoram,Rice,Kharif,51859.0,1912.1,7417911.36,4667.31,1.20625
2008,Tripura,Rice,Kharif,242966.0,1827.8,34753856.64,21866.94,2.525
2018,Goa,Rice,Kharif,25841.0,4406.0,4191410.2,9044.35,2.72
2003,Karnataka,Garlic,Whole Year,3970.0,867.6,392950.6,952.8,1.331765
2018,Tamil Nadu,Tapioca,Whole Year,75644.0,986.2,12269456.8,26475.4,34.88069
2004,Gujarat,Sesamum,Kharif,371900.0,719.8,40291646.0,78099.0,0.324091
2009,Gujarat,Jowar,Kharif,111800.0,618.0,17420676.0,19006.0,0.996818
2018,Sikkim,Other Cereals,Kharif,2996.0,3350.1,485951.2,1048.6,0.97
2010,Punjab,Moong(Green Gram),Kharif,7800.0,392.7,1295658.0,1872.0,0.861667
2006,Jammu and Kashmir,other oilseeds,Kharif,33.0,1786.5,4214.43,7.26,0.415
2015,Delhi,Rice,Kharif,5884.0,757.7,929142.44,1941.72,2.86
2016,Andhra Pradesh,Coconut,Whole Year,102548.0,890.0,15715481.0,35891.8,13934.1225
2006,Manipur,Dry chillies,Whole Year,8910.0,1533.6,1137896.1,1960.2,0.605556
2012,Uttarakhand,Soyabean,Kharif,9067.0,1309.8,1367303.6,2810.77,1.275
2014,Goa,Black pepper,Whole Year,764.0,3491.2,115333.44,252.12,0.32
2004,Rajasthan,Sesamum,Kharif,16796.9,252.9,3474.17,94.21,0.500544
2006,Uttarakhand,Groundnut,Kharif,1749.0,1178.9,223364.79,384.78,1.008
2007,West Bengal,Ginger,Kharif,10867.0,2007.5,1449657.8,1738.72,1.799444
2006,Haryana,Cotton(lint),Kharif,527693.0,329.3,67391673.03,116092.46,1.556316
2005,Puducherry,Black pepper,Whole Year,12.0,1434.6,1439.04,2.52,0.58
2008,West Bengal,Mesta,Kharif,7908.0,1560.1,1131160.32,711.72,8.777
2009,Uttar Pradesh,Rice,Kharif,5148046.0,585.8,802168527.7,875167.82,2.009718
2009,Andhra Pradesh,Sesamum,Kharif,47184.0,711.0,7352210.88,8021.28,0.200952
2009,West Bengal,Barley,Rabi,1749.0,1317.2,272529.18,297.33,1.45
2006,Assam,Urad,Rabi,37079.0,1774.9,4735359.09,8157.38,0.507778
2014,Haryana,Castor seed,Kharif,500.0,301.3,75480.0,165.0,0.89
2010,Jammu and Kashmir,Dry chillies,Kharif,551.0,1352.0,91526.61,132.24,0.992
2017,Himachal Pradesh,Gram,Rabi,358.0,1182.2,56363.52,136.04,1.027778
2017,Tamil Nadu,Other Kharif pulses,Kharif,29294.0,970.9,4612047.36,11131.72,0.671818
2019,Uttar Pradesh,Turmeric,Rabi,1894.0,814.5,325313.44,700.78,1.305
2005,Himachal Pradesh,Other Kharif pulses,Kharif,6357.0,1248.1,762331.44,1334.97,0.793333
2002,Assam,Banana,Whole Year,42631.0,1973.6,4035876.77,10657.75,13.776522
2013,Nagaland,Maize,Kharif,63570.0,1350.9,9185229.3,17163.9,1.97
2017,Kerala,Rubber,Whole Year,12713.51,2267.7,2661.31,162.96,1.607506
2016,Madhya Pradesh,Garlic,Whole Year,156880.15,1048.4,24041882.99,54908.05,11.132
2018,Gujarat,Guar seed,Whole Year,134104.0,1125.4,21751668.8,46936.4,0.6435
2003,Kerala,Black pepper,Whole Year,216440.0,2386.0,21423231.2,51945.6,0.222857
2004,Bihar,Wheat,Rabi,2027643.0,1147.8,219674842.6,425805.03,1.569474
2001,Tripura,Rice,Kharif,246750.0,2284.4,25200577.5,64155.0,2.28
2007,Gujarat,Rice,Kharif,726000.0,1021.6,96848400.0,116160.0,1.8325
2011,Nagaland,Linseed,Rabi,5740.0,1544.4,961564.8,1894.2,0.808182
2012,Andhra Pradesh,Wheat,Rabi,8000.0,968.7,1206400.0,2480.0,1.25
2006,Andhra Pradesh,Safflower,Rabi,14302.0,845.2,1826508.42,3146.44,0.50125
2001,Andhra Pradesh,Gram,Kharif,91.0,928.4,9293.83,23.66,1.092857
2007,Bihar,Mango,Whole Year,103755.36,1324.8,11299.09,319.32,6.349475
2001,Haryana,Moth,Kharif,1847.0,483.8,188634.11,480.22,0.04625
2017,Maharashtra,Other Kharif pulses,Kharif,81536.0,1129.5,12837027.84,30983.68,0.345714
2018,Meghalaya,Coriander,Whole Year,486.0,5649.1,78829.2,170.1,3.74
2005,Uttar Pradesh,Potato,Rabi,445197.0,751.9,53388024.24,93491.37,22.264429
2005,Odisha,Rice,Autumn,781000.0,1503.4,93657520.0,164010.0,1.016429
2009,Karnataka,Banana,Whole Year,63981.0,1321.0,9969519.42,10876.77,21.92
2013,Assam,Small millets,Kharif,5444.0,1797.7,786603.56,1469.88,0.6456
2017,Telangana,Sunflower,Kharif,411.0,815.7,64707.84,156.18,1.98
2003,Punjab,Cotton(lint),Kharif,452000.0,451.7,44738960.0,108480.0,2.736
2011,Manipur,Gram,Rabi,610.0,1533.6,102187.2,201.3,0.847778
2014,Assam,Potato,Whole Year,104521.0,1899.0,15778490.16,34491.93,7.653704
2017,Tripura,Masoor,Rabi,2892.0,3326.8,455316.48,1098.96,0.70875
2020,Haryana,Mustard,Rabi,1003565.83,467.3,114323.55,11797.12,1.685243
2017,Rajasthan,Jowar,Kharif,842234.08,512.9,161938.6,11231.8,1.463929
2005,Jammu and Kashmir,Dry chillies,Kharif,996.0,1721.8,119440.32,209.16,0.94875
2008,Bihar,Moong(Green Gram),Kharif,8587.0,1197.7,1228284.48,772.83,0.674412
2001,Delhi,Maize,Kharif,53.0,611.9,5412.89,13.78,1.79
2009,Tripura,Mesta,Kharif,779.0,2004.2,121383.78,132.43,7.285
2007,Kerala,Cardamom,Whole Year,39763.0,3489.6,5304384.2,6362.08,0.047273
2016,Odisha,Wheat,Summer,57.0,1460.5,8735.25,19.95,0.95
2013,Bihar,Jowar,Kharif,1233.0,1069.9,178156.17,332.91,1.068889
2004,Jammu and Kashmir,Other Kharif pulses,Kharif,2989.0,1032.1,323828.26,627.69,0.508889
2001,Mizoram,Arhar/Tur,Kharif,53.0,2406.4,5412.89,13.78,0.92
2016,Chhattisgarh,Dry chillies,Whole Year,6776.0,1298.9,1038422.0,2371.6,0.645556
2019,Madhya Pradesh,Cotton(lint),Kharif,650305.0,1446.7,111696386.8,240612.85,0.826667
2004,Goa,Coconut,Whole Year,25160.0,2518.0,2725834.4,5283.6,4909.375
2009,Assam,Tapioca,Whole Year,3205.0,1727.1,499403.1,544.85,4.463077
2014,Uttar Pradesh,Sugarcane,Kharif,2228261.0,616.4,336378280.6,735326.13,59.215333
2010,Andhra Pradesh,Arhar/Tur,Kharif,629980.0,1297.0,104645977.8,151195.2,0.466364
2010,Bihar,Tobacco,Whole Year,9377.0,629.2,1557613.47,2250.48,1.802727
2012,Tripura,Masoor,Rabi,475.0,1882.2,71630.0,147.25,0.725
2006,Uttar Pradesh,Guar seed,Whole Year,2494.0,590.5,318508.74,548.68,0.842069
2015,Karnataka,Mesta,Whole Year,766.0,1024.9,120959.06,252.78,1.335
2015,Meghalaya,Turmeric,Whole Year,2577.0,3870.8,406934.07,850.41,6.138182
2006,Punjab,Moong(Green Gram),Kharif,12300.0,569.6,1570833.0,2706.0,0.904545
2004,Goa,Cashewnut,Whole Year,54858.0,2518.0,5943315.72,11520.18,0.465
2009,Uttar Pradesh,Garlic,Rabi,34465.0,585.8,5370336.3,5859.05,5.293286
2020,Uttar Pradesh,Moong,Kharif,31934.92,984.0,6856.73,337.0,0.834949
2017,Manipur,Masoor,Rabi,723.0,1780.0,113829.12,274.74,0.923333
2013,Arunachal Pradesh,Sugarcane,Whole Year,1561.0,2042.9,225548.89,421.47,19.873333
2012,Meghalaya,Sesamum,Kharif,2200.0,2945.3,331760.0,682.0,0.931667
2006,Andhra Pradesh,Banana,Whole Year,50286.0,845.2,6422025.06,11062.92,26.198095
2010,Manipur,Soyabean,Kharif,4675.0,2160.5,776564.25,1122.0,0.758889
2007,Telangana,Sugarcane,Whole Year,1073385.71,876.1,118534.2,6586.08,68.789053
2003,Haryana,Horse-gram,Kharif,4336.0,592.3,429177.28,1040.64,0.088
2009,Uttar Pradesh,Wheat,Rabi,9668152.0,585.8,1506491445.0,1643585.84,2.809155
2004,Meghalaya,Mesta,Kharif,4195.0,4767.9,454486.3,880.95,4.543333
2020,Telangana,Jowar,Kharif,1477644.38,854.9,165287.5,7658.78,1.541785
2010,Uttarakhand,Turmeric,Whole Year,191.0,1419.0,31727.01,45.84,2.015714
2002,Telangana,Arhar/Tur,Kharif,490684.75,1033.1,74234.21,2406.08,0.760891
2009,Karnataka,Tobacco,Whole Year,118168.0,1321.0,18412937.76,20088.56,0.799412
2004,Bihar,Coriander,Whole Year,2078.0,1147.8,225130.52,436.38,0.644375
2006,Meghalaya,Castor seed,Rabi,33.0,2454.7,4214.43,7.26,0.693333
2013,West Bengal,Tobacco,Whole Year,12570.0,1939.9,1816239.3,3393.9,1.1625
2015,Jharkhand,Wheat,Rabi,71027.0,1085.6,11215873.57,23438.91,1.456667
2005,Gujarat,Tobacco,Whole Year,65100.0,942.4,7806792.0,13671.0,1.41
2017,Madhya Pradesh,Jute,Kharif,5970.0,800.0,939916.8,2268.6,1.358
2010,Bihar,Castor seed,Kharif,173.0,629.2,28737.03,41.52,0.98
2018,Jharkhand,Moong(Green Gram),Kharif,30365.0,1222.7,4925203.0,10627.75,0.734167
2011,Telangana,Turmeric,Kharif,23655.03,829.9,5604.88,246.44,5.013926
2019,Haryana,Cotton(lint),Kharif,723000.0,351.8,124182480.0,267510.0,3.106875
2008,Tamil Nadu,Arhar/Tur,Whole Year,27483.0,1201.9,3931168.32,2473.47,0.606923
2010,Madhya Pradesh,Peas & beans (Pulses),Rabi,247181.0,856.3,41059235.91,59323.44,0.312708
2003,Tamil Nadu,Arhar/Tur,Kharif,44914.0,345.6,4445587.72,10779.36,0.6396
2011,Madhya Pradesh,Peas & beans (Pulses),Rabi,231468.0,852.6,38775519.36,76384.44,0.366735
2007,Chhattisgarh,Cotton(lint),Kharif,50.0,1246.2,6670.0,8.0,1.15
2012,Nagaland,Barley,Rabi,500.0,1296.6,75400.0,155.0,0.981818
2017,Karnataka,Sunflower,Kharif,111388.0,1111.7,17536926.72,42327.44,0.952174
2009,Manipur,Soyabean,Kharif,565.0,992.5,88038.3,96.05,0.543333
2016,Jammu and Kashmir,Linseed,Rabi,122.0,902.8,18696.5,42.7,0.523333
2006,Jammu and Kashmir,Other Kharif pulses,Kharif,4280.0,1786.5,546598.8,941.6,0.591818
2013,Nagaland,Rice,Kharif,185670.0,1350.9,26827458.3,50130.9,2.203636
2016,Bihar,Ragi,Kharif,4777.0,1205.6,732075.25,1671.95,0.756
2015,Maharashtra,Groundnut,Kharif,224500.0,875.7,35450795.0,74085.0,0.627143
2013,Uttar Pradesh,Onion,Rabi,12232.0,995.2,1767401.68,3302.64,20.336267
2000,Jammu and Kashmir,Dry chillies,Whole Year,1000.0,989.5,98170.0,260.0,0.92
2014,West Bengal,Barley,Rabi,2462.0,1483.5,371663.52,812.46,1.42
2003,Bihar,Ginger,Kharif,350.0,1353.9,34643.0,84.0,1.493333
2010,Himachal Pradesh,Cotton(lint),Kharif,8.0,1319.8,1328.88,1.92,1.355
2018,Madhya Pradesh,Rice,Kharif,2794020.0,1102.2,453190044.0,977907.0,1.444902
2011,Puducherry,Jowar,Summer,1.0,1434.6,167.52,0.33,2.0
2000,Madhya Pradesh,Rapeseed &Mustard,Rabi,417539.0,723.3,40989803.63,108560.14,0.468222
2015,Karnataka,Castor seed,Kharif,9347.0,1024.9,1475984.77,3084.51,0.514
2019,Goa,Other  Rabi pulses,Rabi,4397.0,4489.5,755228.72,1626.89,0.88
2013,Assam,Peas & beans (Pulses),Rabi,31246.0,1797.7,4514734.54,8436.42,0.819259
2015,Nagaland,Other Kharif pulses,Kharif,10480.0,1308.3,1654896.8,3458.4,1.199
2013,Gujarat,Mango,Whole Year,273411.56,599.2,47829.78,1961.7,7.051815
2001,Meghalaya,Ginger,Kharif,8897.0,4241.0,908650.61,2313.22,5.837143
2013,Himachal Pradesh,Coriander,Rabi,144.0,1216.9,20806.56,38.88,0.294286
2004,Bihar,Safflower,Rabi,215.0,1147.8,23293.1,45.15,0.834286
2015,Meghalaya,Sugarcane,Whole Year,117.0,3870.8,18475.47,38.61,2.7475
2012,Jharkhand,Arhar/Tur,Rabi,18850.0,1102.0,2842580.0,5843.5,1.7475
2008,Uttar Pradesh,Linseed,Rabi,30961.0,891.6,4428661.44,2786.49,0.443333
2007,Chhattisgarh,Safflower,Rabi,512.0,1246.2,68300.8,81.92,0.26
2019,Puducherry,Other  Rabi pulses,Rabi,53.0,1317.0,9103.28,19.61,0.79
2012,Andhra Pradesh,Sunflower,Kharif,19000.0,968.7,2865200.0,5890.0,0.763333
2020,Haryana,Barley,Rabi,23200.53,928.7,6510.12,123.82,2.748068
2002,Arunachal Pradesh,Rice,Kharif,124584.0,2832.8,11794367.28,31146.0,1.182667
2007,Puducherry,Coriander,Rabi,4.0,1434.6,533.6,0.64,0.5
2013,Arunachal Pradesh,Turmeric,Whole Year,654.0,2042.9,94496.46,176.58,4.76875
2011,West Bengal,Cotton(lint),Kharif,143.0,1686.5,23955.36,47.19,2.93
2010,Jammu and Kashmir,Garlic,Kharif,41.0,1352.0,6810.51,9.84,0.755
2007,Andhra Pradesh,Small millets,Kharif,35000.0,1004.2,4669000.0,5600.0,0.727143
2004,Uttar Pradesh,Maize,Kharif,841751.0,704.0,91195303.34,176767.71,1.431143
2010,Manipur,Rapeseed &Mustard,Rabi,26750.0,2160.5,4443442.5,6420.0,0.79
2001,Andhra Pradesh,Cashewnut,Whole Year,147370.0,928.4,15050898.1,38316.2,0.236
2014,Madhya Pradesh,Wheat,Rabi,5999000.0,891.2,905609040.0,1979670.0,2.904706
2004,Uttar Pradesh,Garlic,Whole Year,32348.0,704.0,3504582.32,6793.08,4.241765
2005,Chhattisgarh,Sweet potato,Whole Year,2700.0,1292.7,323784.0,567.0,5.54375
2019,Jharkhand,Ragi,Kharif,14584.0,1137.8,2504947.84,5396.08,0.879444
2020,Maharashtra,Sugarcane,Whole Year,840011.34,2280.0,157250.45,9610.19,72.795669
2015,Meghalaya,Ginger,Kharif,9911.0,3870.8,1565046.01,3270.63,9.690909
2015,Haryana,Bajra,Kharif,370000.0,426.8,58426700.0,122100.0,1.787647
2014,Telangana,Moong(Green Gram),Kharif,69848.0,746.4,10544254.08,23049.84,0.47
2013,Tamil Nadu,Castor seed,Kharif,6377.0,740.9,921412.73,1721.79,0.35
2016,Nagaland,Mesta,Kharif,1880.0,1959.8,288110.0,658.0,1.098182
2013,Gujarat,Moth,Kharif,30887.0,1006.5,4462862.63,8339.49,0.522222
2020,Karnataka,Cardamom,Whole Year,23260.58,1225.4,3540.82,85.33,0.347023
2010,Rajasthan,Wheat,Rabi,4123532.76,687.7,750685.45,13377.52,3.768459
2002,West Bengal,Groundnut,Kharif,1368.0,1629.1,129508.56,342.0,1.1625
2006,Meghalaya,Dry chillies,Rabi,1870.0,2454.7,238817.7,411.4,0.958571
2008,Haryana,Gram,Rabi,123563.0,715.6,17674451.52,11120.67,0.617
2013,Maharashtra,Onion,Rabi,97169.98,2972.3,22254.64,1074.0,18.324933
2018,Uttar Pradesh,Jowar,Kharif,147490.0,792.8,23922878.0,51621.5,1.185
2015,Maharashtra,Arhar/Tur,Kharif,1236900.0,875.7,195318879.0,408177.0,0.341471
2000,Bihar,Peas & beans (Pulses),Rabi,25712.0,1207.0,2524147.04,6685.12,0.95
2008,Uttar Pradesh,Coriander,Rabi,5662.0,891.6,809892.48,509.58,0.610794
2011,Meghalaya,Sugarcane,Whole Year,74.0,4083.1,12396.48,24.42,2.444
2000,Assam,Maize,Kharif,20241.0,1965.5,1987058.97,5262.66,0.605652
2010,Bihar,Other Kharif pulses,Kharif,2454.0,629.2,407633.94,588.96,0.734
2001,Assam,Potato,Whole Year,80056.0,1824.7,8176119.28,20814.56,7.35087
2004,Assam,Jute,Kharif,57981.0,2536.9,6281661.54,12176.01,7.193043
2013,Puducherry,Ragi,Kharif,19.0,1083.2,2745.31,5.13,1.89
2014,Bihar,Peas & beans (Pulses),Rabi,17142.0,1061.0,2587756.32,5656.86,0.989459
2007,Himachal Pradesh,Peas & beans (Pulses),Kharif,10051.0,1095.4,1340803.4,1608.16,1.791818
2000,Assam,Mesta,Kharif,5049.0,1965.5,495660.33,1312.74,4.657368
2007,Puducherry,Cotton(lint),Summer,66.0,1434.6,8804.4,10.56,0.615
2018,Punjab,Guar seed,Kharif,20400.0,585.5,3308880.0,7140.0,1.086667
2002,Tamil Nadu,Garlic,Whole Year,565.0,315.9,53488.55,141.25,5.69
2002,Delhi,Barley,Kharif,85.0,593.6,8046.95,21.25,0.48
2016,Uttarakhand,Rapeseed &Mustard,Rabi,13503.0,1580.9,2069334.75,4726.05,0.738462
2017,Puducherry,Rice,Kharif,4325.0,1582.4,680928.0,1643.5,3.256667
2006,Rajasthan,Mustard,Rabi,1494811.2,503.4,188008.05,1912.21,1.243182
2001,Odisha,Other Kharif pulses,Kharif,21440.0,1672.5,2189667.2,5574.4,0.47125
2001,Meghalaya,Rice,Kharif,107761.0,4241.0,11005630.93,28017.86,1.751429
2013,Nagaland,Mesta,Kharif,1830.0,1350.9,264416.7,494.1,1.106364
2001,Bihar,Other  Rabi pulses,Rabi,7142.0,1247.0,729412.46,1856.92,0.708182
2017,Uttarakhand,Other Cereals,Kharif,581.0,1475.8,91472.64,220.78,0.571667
2019,Bihar,Ginger,Whole Year,381.0,1194.7,65440.56,140.97,1.888889
2007,Gujarat,Gram,Rabi,214800.0,1021.6,28654320.0,34368.0,0.9536
2009,Nagaland,Sugarcane,Kharif,5090.0,1225.9,793123.8,865.3,30.022727
2011,Himachal Pradesh,Ginger,Kharif,2103.0,1108.3,352294.56,693.99,1.825
2005,Mizoram,Tapioca,Kharif,300.0,2075.4,35976.0,63.0,6.346667
2013,Himachal Pradesh,Wheat,Rabi,415665.0,1216.9,60059435.85,112229.55,0.786667
2005,Maharashtra,Linseed,Rabi,65000.0,1387.2,7794800.0,13650.0,0.366
2019,Chhattisgarh,Arhar/Tur,Kharif,35774.0,1420.3,6144542.24,13236.38,0.585714
2016,Kerala,Tapioca,Whole Year,68664.0,2924.3,10522758.0,24032.4,36.889286
2018,Manipur,Rapeseed &Mustard,Rabi,29530.0,1196.9,4789766.0,10335.5,0.845556
2017,Telangana,Cowpea(Lobia),Kharif,1524.0,815.7,239938.56,579.12,0.985625
2006,Uttarakhand,Urad,Kharif,10941.0,1178.9,1397275.11,2407.02,0.634615
2008,Nagaland,Potato,Kharif,2910.0,1540.9,416246.4,261.9,12.382727
2017,Sikkim,Soyabean,Kharif,3071.0,2873.6,483498.24,1166.98,0.9525
2018,Uttarakhand,Maize,Kharif,21266.0,1373.0,3449345.2,7443.1,1.77
2012,Assam,Tobacco,Whole Year,278.0,2167.5,41922.4,86.18,0.589524
2010,Jammu and Kashmir,Onion,Kharif,187.0,1352.0,31062.57,44.88,0.984286
2018,Odisha,Mustard,Rabi,1219308.71,1400.6,191447.98,13537.11,1.508636
2001,Maharashtra,Linseed,Rabi,68700.0,1035.8,7016331.0,17862.0,0.338889
2018,Andhra Pradesh,Tobacco,Kharif,24635.0,1220.5,3995797.0,8622.25,57.1205
2018,Tamil Nadu,Urad,Kharif,44495.0,986.2,7217089.0,15573.25,0.777
2009,Mizoram,Sugarcane,Whole Year,1434.0,2086.3,223445.88,243.78,8.42375
2003,Andhra Pradesh,Sweet potato,Whole Year,1263.0,826.0,125011.74,303.12,7.32
2012,Tripura,Groundnut,Kharif,232.0,1882.2,34985.6,71.92,1.13125
2018,Tripura,Cowpea(Lobia),Kharif,4145.0,2169.1,672319.0,1450.75,0.765
2010,Madhya Pradesh,Gram,Rabi,2882264.0,856.3,478772873.0,691743.36,0.781
2012,Chhattisgarh,Tobacco,Whole Year,18.0,1366.8,2714.4,5.58,1.2075
2002,Bihar,Turmeric,Whole Year,2927.0,1105.8,277099.09,731.75,0.99381
2018,Bihar,Safflower,Rabi,88.0,1521.4,14273.6,30.8,0.81
2010,Sikkim,Barley,Rabi,640.0,2527.0,106310.4,153.6,0.975
2011,Maharashtra,Sesamum,Kharif,42300.0,1174.1,7086096.0,13959.0,0.386452
2018,Madhya Pradesh,Urad,Kharif,2436898.0,1102.2,395264855.6,852914.3,0.448627
2019,Jammu and Kashmir,Urad,Kharif,8315.0,1324.1,1428184.4,3076.55,0.370909
2016,West Bengal,Rice,Autumn,247978.0,1795.8,38002628.5,86792.3,2.49381
2008,Punjab,Rapeseed &Mustard,Rabi,27000.0,691.3,3862080.0,2430.0,1.16125
2015,Telangana,Horse-gram,Kharif,510.0,747.9,80534.1,168.3,0.22
2017,Chhattisgarh,Gram,Rabi,335025.0,1124.5,52746336.0,127309.5,0.9324
2018,Mizoram,Other  Rabi pulses,Rabi,1475.0,1665.2,239245.0,516.25,1.6025
2004,Rajasthan,Bajra,Kharif,1747409.64,506.6,353771.34,9793.94,1.210276
2010,Sikkim,Wheat,Rabi,2650.0,2527.0,440191.5,636.0,1.03
2014,Assam,Tobacco,Whole Year,261.0,1899.0,39400.56,86.13,0.6835
2003,Andhra Pradesh,Coriander,Whole Year,48644.0,826.0,4814783.12,11674.56,0.405294
2014,Karnataka,Castor seed,Kharif,11913.0,1238.5,1798386.48,3931.29,0.616364
2001,Uttar Pradesh,Potato,Whole Year,388552.0,849.9,39682815.76,101023.52,23.168406
2019,Punjab,Rice,Kharif,3142000.0,653.2,539669920.0,1162540.0,3.930909
2018,Karnataka,Rapeseed &Mustard,Kharif,3172.0,1419.1,514498.4,1110.2,0.13
2012,Madhya Pradesh,Other  Rabi pulses,Rabi,4502.0,1049.5,678901.6,1395.62,0.314348
2003,Tamil Nadu,Small millets,Kharif,68609.0,345.6,6790918.82,16466.16,2.611154
2010,Meghalaya,Jute,Kharif,3881.0,3119.7,644672.91,931.44,6.72
2006,Uttarakhand,Wheat,Rabi,377870.0,1178.9,48257777.7,83131.4,1.760769
2005,Tripura,Jute,Kharif,685.0,1765.9,82145.2,143.85,7.8325
2019,Nagaland,Other Kharif pulses,Kharif,11300.0,1593.0,1940888.0,4181.0,1.209
2017,Madhya Pradesh,Maize,Kharif,1316520.0,800.0,207272908.8,500277.6,2.5508
2017,Tamil Nadu,Mango,Whole Year,100213.45,864.3,21642.63,894.22,6.686718
2018,Jharkhand,Jowar,Kharif,2046.0,1222.7,331861.2,716.1,0.622778
2012,Telangana,Rice,Kharif,1822542.74,1028.0,363272.44,8521.52,2.906219
2010,Odisha,Urad,Autumn,35912.0,1291.9,5965342.32,8618.88,0.230909
2018,Uttarakhand,Ragi,Kharif,94004.0,1373.0,15247448.8,32901.4,1.364545
2013,Maharashtra,Tobacco,Whole Year,1500.0,1409.8,216735.0,405.0,1.2
2017,Madhya Pradesh,Gram,Rabi,3590000.0,800.0,565209600.0,1364200.0,1.420196
2013,Nagaland,Jowar,Kharif,230.0,1350.9,33232.7,62.1,0.95
2001,Goa,Ragi,Kharif,315.0,2530.6,32170.95,81.9,1.0
2012,Bihar,Horse-gram,Kharif,8006.0,924.1,1207304.8,2481.86,0.97375
2014,Tamil Nadu,Castor seed,Kharif,5132.0,911.3,774726.72,1693.56,0.3575
2016,Uttar Pradesh,Cotton(lint),Kharif,5635.0,965.3,863563.75,1972.25,0.357273
2016,Assam,Potato,Whole Year,106437.0,2296.8,16311470.25,37252.95,7.258519
2019,Odisha,Ragi,Autumn,9588.0,1593.9,1646834.88,3547.56,0.620833
2003,Haryana,Moth,Kharif,10365.0,592.3,1025927.7,2487.6,0.031429
2008,Uttarakhand,Horse-gram,Kharif,9531.0,1363.7,1363314.24,857.79,0.749091
2001,Manipur,Cotton(lint),Kharif,90.0,2013.1,9191.7,23.4,0.33
2014,Uttar Pradesh,Mustard,Rabi,1078254.01,840.0,98226.03,2776.91,1.709229
2014,Punjab,Peas & beans (Pulses),Rabi,2200.0,382.7,332112.0,726.0,1.156
2014,Karnataka,Ragi,Kharif,667456.0,1238.5,100759157.8,220260.48,1.7055
2000,Delhi,Rice,Kharif,6053.0,544.3,594223.01,1573.78,1.89
2004,Chhattisgarh,Ragi,Kharif,10108.0,1122.8,1095100.72,2122.68,0.238182
2000,Punjab,Moong(Green Gram),Kharif,29500.0,405.3,2896015.0,7670.0,0.665
2012,Karnataka,Other  Rabi pulses,Rabi,4843.0,956.2,730324.4,1501.33,0.46
2002,West Bengal,Ginger,Kharif,9383.0,1629.1,888288.61,2345.75,1.698889
2007,Nagaland,Small millets,Kharif,14900.0,1769.0,1987660.0,2384.0,0.987143
2001,Delhi,Wheat,Rabi,26114.0,611.9,2667022.82,6789.64,3.51
2010,Uttarakhand,Urad,Kharif,10475.0,1419.0,1740002.25,2514.0,0.697692
2019,Gujarat,Groundnut,Kharif,1629275.0,1067.8,279844274.0,602831.75,2.647812
2012,Tamil Nadu,Turmeric,Kharif,35405.18,1034.6,6323.15,338.77,5.296063
2001,Puducherry,Coconut,Whole Year,2282.0,1434.6,233060.66,593.32,9725.08
2011,Tamil Nadu,Bajra,Kharif,30837.0,926.5,5165814.24,10176.21,2.1
2015,Madhya Pradesh,Linseed,Rabi,114000.0,1000.7,18001740.0,37620.0,0.5675
2012,Odisha,Sesamum,Autumn,3270.0,1430.2,493116.0,1013.7,0.226667
2003,Bihar,Barley,Rabi,21446.0,1353.9,2122725.08,5147.04,1.146571
2012,Karnataka,Gram,Rabi,969072.0,956.2,146136057.6,300412.32,0.596538
2007,Tamil Nadu,Gram,Whole Year,6800.0,1067.2,907120.0,1088.0,0.5575
2011,Tamil Nadu,Groundnut,Kharif,249079.0,926.5,41725714.08,82196.07,2.228
2006,Bihar,Arhar/Tur,Kharif,35631.0,1052.8,4550435.01,7838.82,1.1325
2001,Chhattisgarh,Castor seed,Kharif,113.0,1550.0,11540.69,29.38,0.232857
2001,Nagaland,Moong(Green Gram),Kharif,3000.0,1532.0,306390.0,780.0,0.745
2011,Punjab,Peas & beans (Pulses),Rabi,2800.0,705.2,469056.0,924.0,1.16
2006,Odisha,Ragi,Autumn,24822.0,1716.9,3170017.62,5460.84,0.5665
2004,Bihar,Sannhamp,Whole Year,4388.0,1147.8,475395.92,921.48,0.832963
2015,West Bengal,Small millets,Autumn,1720.0,1717.0,271605.2,567.6,0.5275
2017,Telangana,Cashewnut,Kharif,1578.0,815.7,248440.32,599.64,0.2925
2012,Karnataka,Niger seed,Kharif,11639.0,956.2,1755161.2,3608.09,0.2492
2008,Tamil Nadu,Urad,Whole Year,263671.0,1201.9,37715499.84,23730.39,0.666667
2001,Chhattisgarh,Sweet potato,Whole Year,2402.0,1550.0,245316.26,624.52,5.834375
2001,Karnataka,Groundnut,Kharif,854741.0,1002.9,87294698.33,222232.66,0.843846
2011,Kerala,Coconut,Whole Year,820866.94,3035.1,137511629.8,270886.09,6884.550714
2016,Madhya Pradesh,Barley,Kharif,116100.0,1048.4,17792325.0,40635.0,3.232105
2015,Chhattisgarh,Small millets,Kharif,112804.0,1136.0,17812879.64,37225.32,0.17963
2013,Tamil Nadu,Horse-gram,Kharif,13732.0,740.9,1984136.68,3707.64,0.595455
2010,Bihar,Sugarcane,Whole Year,250672.0,629.2,41639125.92,60161.28,53.239211
2001,Madhya Pradesh,Safflower,Rabi,321.0,955.0,32783.73,83.46,0.266111
2004,Andhra Pradesh,Coconut,Whole Year,103869.0,781.8,11253167.46,21812.49,10469.71389
2002,Chhattisgarh,Sannhamp,Whole Year,1672.0,1001.4,158288.24,418.0,0.2975
2006,Andhra Pradesh,Arhar/Tur,Kharif,395644.0,845.2,50527695.24,87041.68,0.420455
2005,Mizoram,Soyabean,Kharif,1450.0,2075.4,173884.0,304.5,1.46875
2012,Tamil Nadu,Arhar/Tur,Kharif,42065.0,706.8,6343402.0,13040.15,0.677241
2002,Himachal Pradesh,Turmeric,Whole Year,125.0,890.8,11833.75,31.25,0.418571
2016,Manipur,Ginger,Kharif,5620.0,2039.8,861265.0,1967.0,11.481111
2019,Madhya Pradesh,Linseed,Rabi,51519.0,1446.7,8848903.44,19062.03,1.116531
2005,Punjab,Rapeseed &Mustard,Rabi,49000.0,566.7,5876080.0,10290.0,1.184706
2006,Sikkim,Maize,Kharif,40850.0,2270.2,5216953.5,8987.0,1.605
2003,Assam,Jute,Kharif,64027.0,2213.7,6337392.46,15366.48,10.262609
2014,Assam,Sesamum,Kharif,12172.0,1899.0,1837485.12,4016.76,0.685185
2009,Chhattisgarh,Ragi,Kharif,8889.0,956.9,1385083.98,1511.13,0.2075
2002,Rajasthan,Jowar,Kharif,558791.46,580.8,98125.78,3003.03,0.947592
2015,Chhattisgarh,Safflower,Rabi,734.0,1136.0,115905.94,242.22,0.3275
2017,Puducherry,Moong(Green Gram),Rabi,3.0,1582.4,472.32,1.14,1.0
2007,Jammu and Kashmir,Onion,Kharif,131.0,1042.2,17475.4,20.96,0.92
2002,West Bengal,Linseed,Rabi,8859.0,1629.1,838681.53,2214.75,0.306667
2017,Chhattisgarh,Rapeseed &Mustard,Rabi,41422.0,1124.5,6521479.68,15740.36,0.424444
2012,Madhya Pradesh,Barley,Kharif,80682.0,1049.5,12166845.6,25011.42,1.715
2007,Chhattisgarh,Jowar,Kharif,7709.0,1246.2,1028380.6,1233.44,0.928889
2015,Maharashtra,Sesamum,Kharif,28141.0,875.7,4443745.31,9286.53,0.134667
2018,Telangana,Bajra,Kharif,519.0,1350.3,84181.8,181.65,0.455714
2001,Madhya Pradesh,Sweet potato,Whole Year,3707.0,955.0,378595.91,963.82,5.656818
2010,Himachal Pradesh,Moong(Green Gram),Kharif,433.0,1319.8,71925.63,103.92,0.505714
2015,Chhattisgarh,Barley,Rabi,1057.0,1136.0,166910.87,348.81,0.70375
2003,Gujarat,Small millets,Kharif,6800.0,902.5,673064.0,1632.0,0.272857
2007,Himachal Pradesh,Soyabean,Kharif,626.0,1095.4,83508.4,100.16,1.575
2009,Assam,Potato,Whole Year,82629.0,1727.1,12875250.78,14046.93,7.163704
2018,West Bengal,Small millets,Autumn,261.0,2012.6,42334.2,91.35,0.696667
2012,Chhattisgarh,Sannhamp,Whole Year,1239.0,1366.8,186841.2,384.09,0.314783
2009,Himachal Pradesh,Rapeseed &Mustard,Rabi,8586.0,969.9,1337870.52,1459.62,0.340909
2002,West Bengal,Coconut,Whole Year,24976.0,1629.1,2364477.92,6244.0,12229.29167
2009,Andhra Pradesh,Mango,Whole Year,98463.39,898.7,9586.84,639.66,5.433418
2010,Assam,Niger seed,Kharif,7811.0,2578.5,1297485.21,1874.64,0.5284
2014,Jammu and Kashmir,Tobacco,Kharif,1.0,1278.4,150.96,0.33,0.4
2012,Andhra Pradesh,Sesamum,Kharif,25000.0,968.7,3770000.0,7750.0,0.2
2003,Assam,Mustard,Rabi,582960.29,2546.0,40819.55,5920.68,1.197686
2016,Uttar Pradesh,Sesamum,Kharif,271079.0,965.3,41542856.75,94877.65,0.214091
2012,Manipur,Soyabean,Kharif,4855.0,1176.7,732134.0,1505.05,0.793333
2017,Uttarakhand,Potato,Kharif,7861.0,1475.8,1237635.84,2987.18,11.02
2005,Jammu and Kashmir,Rice,Kharif,259014.0,1721.8,31060958.88,54392.94,2.040833
2016,Maharashtra,Groundnut,Kharif,235080.0,1151.1,36026010.0,82278.0,0.95625
2004,Chhattisgarh,Rice,Kharif,3843825.0,1122.8,416440000.5,807203.25,1.160625
2009,Kerala,Sesamum,Kharif,608.0,2821.5,94738.56,103.36,0.28
2002,Meghalaya,Sesamum,Kharif,1629.0,4355.3,154217.43,407.25,0.597143
2020,Odisha,Onion,Rabi,73302.27,1351.6,23059.03,785.64,19.045022
2007,Chhattisgarh,Ginger,Whole Year,1836.0,1246.2,244922.4,293.76,1.184706
2011,Assam,Peas & beans (Pulses),Rabi,21151.0,1743.4,3543215.52,6979.83,0.645926
2002,Chhattisgarh,Soyabean,Kharif,15155.0,1001.4,1434723.85,3788.75,0.598
2008,Maharashtra,Wheat,Rabi,1021800.0,1052.8,146158272.0,91962.0,1.431667
2016,Puducherry,Sugarcane,Kharif,1677.0,1391.3,257000.25,586.95,125.0
2019,Himachal Pradesh,Arhar/Tur,Kharif,77.0,1217.7,13225.52,28.49,0.69
2002,Assam,Tapioca,Whole Year,2835.0,1973.6,268389.45,708.75,4.415
2009,Bihar,Barley,Rabi,10967.0,889.3,1708877.94,1864.39,1.28129
2013,Assam,Urad,Rabi,54001.0,1797.7,7802604.49,14580.27,0.575926
2009,Madhya Pradesh,Maize,Whole Year,812456.0,904.1,126596893.9,138117.52,1.0752
2015,Puducherry,Urad,Kharif,72.0,1980.6,11369.52,23.76,0.625
2011,Delhi,Maize,Kharif,38.0,641.4,6365.76,12.54,22.18
2009,Uttar Pradesh,Mustard,Rabi,298087.42,938.7,19643.06,1488.5,1.322143
2004,Maharashtra,Turmeric,Kharif,35524.0,1371.7,4222.59,217.95,4.916473
2009,Odisha,Maize,Autumn,78682.0,1330.3,12260229.24,13375.94,1.0184
2004,Tripura,Cotton(lint),Kharif,1045.0,2706.3,113215.3,219.45,1.4875
2008,Punjab,Sesamum,Kharif,8300.0,691.3,1187232.0,747.0,0.2775
2001,Andhra Pradesh,Rapeseed &Mustard,Rabi,2452.0,928.4,250422.76,637.52,0.3275
2000,Tripura,Sugarcane,Whole Year,1040.0,2437.5,102096.8,270.4,52.375
2018,Tamil Nadu,Cotton(lint),Kharif,70023.0,986.2,11357730.6,24508.05,2.13
2011,Jammu and Kashmir,Linseed,Kharif,8.0,887.6,1340.16,2.64,0.56
2003,Andhra Pradesh,Jowar,Kharif,274944.0,826.0,27213957.12,65986.56,1.965
2014,Jharkhand,Sugarcane,Whole Year,713.0,1156.6,107634.48,235.29,42.421
2010,Rajasthan,Maize,Kharif,466817.71,315.9,52400.28,1914.66,3.221624
2010,Odisha,Moong(Green Gram),Autumn,25378.0,1291.9,4215539.58,6090.72,0.21375
2004,Haryana,Rice,Kharif,1024236.0,484.6,110965728.2,215089.56,2.832778
2015,Punjab,Wheat,Rabi,3508000.0,512.6,553948280.0,1157640.0,4.552273
2008,Rajasthan,Cotton(lint),Kharif,1792205.21,304.4,436126.63,11959.6,0.483453
2017,Bihar,Safflower,Rabi,99.0,1112.0,15586.56,37.62,0.905
2008,Meghalaya,Potato,Whole Year,17690.0,3114.3,2530377.6,1592.1,7.417143
2008,Andhra Pradesh,Gram,Rabi,606426.0,944.6,86743175.04,54578.34,1.627619
2015,Uttar Pradesh,Arhar/Tur,Kharif,264746.0,596.7,41806040.86,87366.18,0.721667
2013,Tamil Nadu,Ginger,Whole Year,304.0,740.9,43924.96,82.08,6.993333
2012,Punjab,Potato,Rabi,266834.55,697.9,22266.82,1991.88,25.568801
2005,West Bengal,Horse-gram,Rabi,2800.0,1650.1,335776.0,588.0,0.475455
2018,Odisha,Wheat,Summer,147.0,1635.9,23843.4,51.45,1.825
2011,Karnataka,Wheat,Rabi,225472.0,1179.0,37771069.44,74405.76,0.981333
2013,Telangana,Cashewnut,Kharif,4235.0,1348.7,611915.15,1143.45,0.635
2002,Manipur,Banana,Whole Year,4270.0,1743.7,404240.9,1067.5,6.934444
2007,Uttarakhand,Ragi,Kharif,122498.0,1924.3,16341233.2,19599.68,1.544545
2012,Karnataka,Small millets,Kharif,21919.0,956.2,3305385.2,6794.89,0.368421
2006,Chhattisgarh,Bajra,Kharif,71.0,1317.2,9067.41,15.62,0.66
2013,Goa,Ragi,Kharif,18.0,3642.6,2600.82,4.86,1.015
2010,Assam,Linseed,Rabi,7125.0,2578.5,1183533.75,1710.0,0.522083
2001,Assam,Castor seed,Kharif,1636.0,1824.7,167084.68,425.36,0.429524
2005,Chhattisgarh,Groundnut,Kharif,32816.0,1292.7,3935294.72,6891.36,1.158667
2004,Chhattisgarh,Khesari,Rabi,449423.0,1122.8,48690487.82,94378.83,0.433333
2019,Uttarakhand,Potato,Kharif,8156.0,1378.9,1400874.56,3017.72,11.091818
2015,Gujarat,Groundnut,Kharif,1355815.0,584.3,214096746.7,447418.95,1.764194
2014,Bihar,Linseed,Rabi,16439.0,1061.0,2481631.44,5424.87,0.864706
2002,Meghalaya,Turmeric,Whole Year,1543.0,4355.3,146075.81,385.75,5.442857
2003,Jammu and Kashmir,Moong(Green Gram),Kharif,1810.0,1430.3,179153.8,434.4,0.502857
2015,Nagaland,Cowpea(Lobia),Kharif,520.0,1308.3,82113.2,171.6,1.476667
2000,Punjab,Moth,Kharif,300.0,405.3,29451.0,78.0,1.0
2015,Assam,Small millets,Kharif,6602.0,2155.3,1042521.82,2178.66,0.6844
2007,Sikkim,Other Cereals,Rabi,1260.0,2003.4,168084.0,201.6,0.7825
2010,Tamil Nadu,Onion,Rabi,86629.0,869.9,6035.29,245.99,15.516721
2003,Nagaland,Arhar/Tur,Kharif,7500.0,1709.8,742350.0,1800.0,1.015
2017,Gujarat,Maize,Kharif,302790.0,814.8,47671257.6,115060.2,1.676364
2019,Delhi,Wheat,Rabi,19228.0,546.9,3302601.28,7114.36,4.31
2006,Madhya Pradesh,Urad,Kharif,467870.0,1072.3,59751677.7,102931.4,0.333333
2008,Jammu and Kashmir,Wheat,Rabi,274022.0,1390.1,39196106.88,24661.98,1.435714
2005,Tamil Nadu,Rice,Kharif,2050455.0,1364.1,245890563.6,430595.55,2.895517
2002,Uttarakhand,Linseed,Rabi,37500.0,1610.3,3550125.0,9375.0,0.336667
2008,Chhattisgarh,Turmeric,Whole Year,875.0,1117.9,125160.0,78.75,0.975625
2019,Karnataka,Bajra,Kharif,328048.0,1422.3,56345524.48,121377.76,1.106667
2017,Himachal Pradesh,Onion,Rabi,594.0,1182.2,93519.36,225.72,6.06
2019,Kerala,Potato,Whole Year,490.0,3119.2,84162.4,181.3,13.41
2013,Himachal Pradesh,Sugarcane,Whole Year,1449.0,1216.9,209366.01,391.23,3.07
2004,Bihar,Ragi,Kharif,15570.0,1147.8,1686853.8,3269.7,0.655357
2013,Arunachal Pradesh,Potato,Whole Year,4933.0,2042.9,712769.17,1331.91,7.618235
2001,Karnataka,Wheat,Rabi,260486.0,1002.9,26603435.18,67726.36,0.777333
2001,Assam,Coconut,Whole Year,21067.0,1824.7,2151572.71,5477.42,7700.721304
2015,Jharkhand,Masoor,Rabi,8785.0,1085.6,1387239.35,2899.05,0.697647
2010,Jammu and Kashmir,Maize,Kharif,308215.0,1352.0,51197593.65,73971.6,1.5675
2007,Andhra Pradesh,Sunflower,Kharif,116000.0,1004.2,15474400.0,18560.0,0.66625
2016,Maharashtra,Linseed,Rabi,14203.0,1151.1,2176609.75,4971.05,0.339333
2006,Tamil Nadu,Rice,Kharif,1931397.0,927.9,246658710.9,424907.34,3.584828
2002,Madhya Pradesh,Ragi,Kharif,608.0,800.8,57559.36,152.0,0.185455
2018,Assam,Turmeric,Whole Year,15896.0,2372.9,2578331.2,5563.6,1.225926
2016,Manipur,Peas & beans (Pulses),Rabi,18320.0,2039.8,2807540.0,6412.0,0.925556
2000,Telangana,Sugarcane,Whole Year,758657.77,927.3,59875.85,7352.1,62.628204
2001,Kerala,Tapioca,Whole Year,111189.0,2946.7,11355732.57,28909.14,23.096429
2007,Tamil Nadu,Urad,Whole Year,307515.0,1067.2,41022501.0,49202.4,0.397857
2017,Madhya Pradesh,Barley,Kharif,130020.0,800.0,20470348.8,49407.6,2.255405
2008,Rajasthan,Barley,Rabi,17579.23,573.5,1549.44,30.8,2.432326
2017,Maharashtra,Moong(Green Gram),Kharif,432072.0,1129.5,68025415.68,164187.36,0.3575
2019,Jammu and Kashmir,Maize,Kharif,268669.0,1324.1,46146587.44,99407.53,1.8985
2004,Sikkim,Small millets,Kharif,4150.0,1650.5,449611.0,871.5,0.86
2019,West Bengal,Horse-gram,Rabi,1739.0,1733.4,298690.64,643.43,0.563
2012,Maharashtra,Rice,Kharif,1528100.0,1003.4,230437480.0,473711.0,1.316154
2004,Andhra Pradesh,Moong(Green Gram),Kharif,304051.0,781.8,32940885.34,63850.71,0.367727
2003,Chhattisgarh,Linseed,Rabi,74975.0,1643.7,7421025.5,17994.0,0.312667
2002,Assam,Wheat,Rabi,69061.0,1973.6,6538004.87,17265.25,1.152273
2013,Karnataka,Soyabean,Kharif,218908.0,1235.6,31630016.92,59105.16,1.18
2004,Puducherry,Small millets,Kharif,6.0,1434.6,650.04,1.26,1.17
2010,Rajasthan,Bajra,Kharif,654376.59,437.1,88363.66,4786.13,1.334684
2009,Jharkhand,Onion,Rabi,2948.0,996.1,459357.36,501.16,4.76381
2015,Telangana,Urad,Kharif,23955.0,747.9,3782734.05,7905.15,0.485
2011,Karnataka,Tomato,Whole Year,17697.88,1565.1,3452.53,57.09,23.695196
2011,Meghalaya,Maize,Kharif,17303.0,4083.1,2898598.56,5709.99,1.58
2017,Tripura,Gram,Rabi,235.0,3326.8,36998.4,89.3,0.8025
2013,Kerala,Rice,Autumn,51922.0,3255.4,7502209.78,14018.94,2.416923
2006,Tamil Nadu,Ragi,Whole Year,95478.0,927.9,12193495.38,21005.16,2.046154
2009,West Bengal,Rapeseed &Mustard,Rabi,410318.0,1317.2,63935750.76,69754.06,0.937778
2006,Madhya Pradesh,Bajra,Kharif,183115.0,1072.3,23385616.65,40285.3,1.054545
2019,Tripura,Jowar,Kharif,545.0,2252.8,93609.2,201.65,0.817143
2020,Assam,Potato,Rabi,198930.7,2533.4,18620.91,2096.51,25.481778
2006,Sikkim,Other Cereals,Rabi,2040.0,2270.2,260528.4,448.8,0.83
2002,Andhra Pradesh,Castor seed,Kharif,231902.0,648.1,21954162.34,57975.5,0.296316
2005,Maharashtra,Rapeseed &Mustard,Rabi,12600.0,1387.2,1510992.0,2646.0,0.414231
2018,Maharashtra,Grapes,Whole Year,20927.8,2319.8,3050.41,196.2,25.600885
2000,Haryana,Wheat,Rabi,2354779.0,383.7,231168654.4,612242.54,3.990526
2005,Sikkim,other oilseeds,Kharif,60.0,2041.6,7195.2,12.6,0.875
2004,Karnataka,Sweet potato,Whole Year,3583.0,1117.7,388182.22,752.43,6.102143
2000,Mizoram,Rapeseed &Mustard,Rabi,2328.0,2834.3,228539.76,605.28,0.8475
2020,Himachal Pradesh,Ginger,Kharif,50316.72,1629.2,6919.52,111.71,9.843052
2006,West Bengal,Coconut,Whole Year,25068.0,1631.4,3201434.28,5514.96,13259.37833
2003,Bihar,Sugarcane,Whole Year,103100.0,1353.9,10204838.0,24744.0,39.121818
2002,Karnataka,Black pepper,Whole Year,10414.0,860.8,985893.38,2603.5,2.213077
2018,Haryana,Ginger,Whole Year,92.0,533.2,14922.4,32.2,7.245
2014,Assam,Moong(Green Gram),Rabi,11285.0,1899.0,1703583.6,3724.05,0.640741
2011,Mizoram,Sugarcane,Whole Year,1463.0,2439.3,245081.76,482.79,5.845
2001,Uttarakhand,Other Cereals,Kharif,7411.0,1541.3,756885.43,1926.86,0.283636
2012,Gujarat,Other Cereals,Kharif,12600.0,460.6,1900080.0,3906.0,0.606154
2014,Jammu and Kashmir,Turmeric,Kharif,12.0,1278.4,1811.52,3.96,1.04
2005,Chhattisgarh,Rice,Kharif,3854352.0,1292.7,462213891.8,809413.92,1.30375
2018,Maharashtra,Banana,Whole Year,82539.51,1383.3,6986.34,912.02,29.188205
2017,West Bengal,Arhar/Tur,Rabi,3843.0,1830.0,605041.92,1460.34,1.64
2009,Gujarat,Bajra,Kharif,498800.0,618.0,77723016.0,84796.0,1.017143
2014,Meghalaya,Rice,Autumn,33102.0,3484.4,4997077.92,10923.66,2.507273
2015,Karnataka,Cowpea(Lobia),Kharif,67727.0,1024.9,10694770.57,22349.91,0.431923
2014,Uttar Pradesh,Moong,Kharif,36102.61,719.0,7691.73,130.99,0.739858
2001,Gujarat,Gram,Rabi,49100.0,666.5,5014583.0,12766.0,0.568333
2005,Uttarakhand,Rapeseed &Mustard,Rabi,15639.0,1353.3,1875428.88,3284.19,0.562308
2019,Himachal Pradesh,Other Kharif pulses,Kharif,6996.0,1217.7,1201632.96,2588.52,0.925
2011,West Bengal,Castor seed,Kharif,70.0,1686.5,11726.4,23.1,0.6
2010,Uttarakhand,Onion,Whole Year,2230.0,1419.0,370425.3,535.2,5.695833
2005,Meghalaya,Tobacco,Whole Year,721.0,3374.4,86462.32,151.41,0.562
2016,Nagaland,Other  Rabi pulses,Rabi,10000.0,1959.8,1532500.0,3500.0,1.264444
2001,West Bengal,Sesamum,Whole Year,108557.0,1556.6,11086926.41,28224.82,0.725556
2004,Gujarat,Small millets,Kharif,12300.0,719.8,1332582.0,2583.0,0.51
2007,Nagaland,Cotton(lint),Kharif,150.0,1769.0,20010.0,24.0,0.365
2003,Sikkim,Urad,Kharif,3780.0,2838.1,374144.4,907.2,0.6475
2006,Mizoram,Other  Rabi pulses,Rabi,2112.0,2353.0,269723.52,464.64,1.14375
2009,Karnataka,Mango,Whole Year,216192.33,1317.9,50997.66,942.74,6.559892
2000,Odisha,Sunflower,Kharif,830.0,1066.0,81481.1,215.8,0.58
2003,Puducherry,Urad,Rabi,1174.0,1434.6,116202.52,281.76,0.71
2000,Maharashtra,Sugarcane,Whole Year,595300.0,1057.8,58440601.0,154778.0,77.654074
2009,Haryana,Onion,Whole Year,1535.0,393.0,239183.7,260.95,19.357857
2009,Bihar,Mango,Whole Year,253078.8,1122.9,54097.25,1542.36,6.133678
2001,Himachal Pradesh,Soyabean,Kharif,661.0,918.1,67507.93,171.86,1.17625
2001,Uttarakhand,Horse-gram,Kharif,7781.0,1541.3,794673.53,2023.06,0.476667
2005,Kerala,Tapioca,Whole Year,90539.0,3030.9,10857436.88,19013.19,28.009286
2009,Uttarakhand,Garlic,Whole Year,2835.0,847.8,441749.7,481.95,5.318182
2016,Uttarakhand,Maize,Kharif,21692.0,1580.9,3324299.0,7592.2,1.57
2017,Karnataka,Cardamom,Whole Year,14629.0,1111.7,2303189.76,5559.02,0.108571
2008,Telangana,Turmeric,Kharif,29164.89,1000.2,4182.34,59.15,5.988477
2003,Gujarat,Ragi,Kharif,20800.0,902.5,2058784.0,4992.0,1.0775
2004,West Bengal,Banana,Whole Year,39005.74,2576.5,8111.37,265.78,21.823458
2008,Manipur,Peas & beans (Pulses),Rabi,15492.0,1134.8,2215975.68,1394.28,0.842222
2009,Tamil Nadu,Arhar/Tur,Whole Year,26558.0,928.5,4138267.56,4514.86,0.709615
2000,Himachal Pradesh,Gram,Rabi,1403.0,1068.4,137732.51,364.78,0.553333
2003,Uttar Pradesh,Groundnut,Kharif,85143.0,1075.6,8427454.14,20434.32,0.70661
2006,Delhi,Bajra,Kharif,1592.0,462.7,203314.32,350.24,1.85
2001,Madhya Pradesh,Small millets,Kharif,446927.0,955.0,45644654.51,116201.02,0.246053
2002,Bihar,Maize,Autumn,255035.0,1105.8,24144163.45,63758.75,1.757568
2017,Jammu and Kashmir,Wheat,Rabi,299336.0,1279.1,47127459.84,113747.68,1.645
2003,Haryana,Peas & beans (Pulses),Rabi,994.0,592.3,98386.12,238.56,0.975833
2001,Himachal Pradesh,Coriander,Whole Year,308.0,918.1,31456.04,80.08,1.35125
2016,Tamil Nadu,Gram,Rabi,5227.0,912.4,801037.75,1829.45,0.58
2001,Maharashtra,Rice,Kharif,1487200.0,1035.8,151887736.0,386672.0,1.261875
2012,Uttarakhand,Urad,Kharif,11770.0,1309.8,1774916.0,3648.7,0.751538
2015,Haryana,Moth,Kharif,300.0,426.8,47373.0,99.0,0.25
2007,Nagaland,Sesamum,Kharif,6520.0,1769.0,869768.0,1043.2,0.61125
2014,Nagaland,Potato,Rabi,7200.0,1333.3,1086912.0,2376.0,10.171818
2017,Punjab,Sunflower,Rabi,6100.0,497.5,960384.0,2318.0,1.89
2007,Puducherry,Arecanut,Kharif,61.0,1434.6,8137.4,9.76,1.28
2009,Himachal Pradesh,Rice,Kharif,76186.0,969.9,11871302.52,12951.62,1.484545
2011,Madhya Pradesh,Onion,Whole Year,67857.0,852.6,11367404.64,22392.81,17.7412
2001,Haryana,Barley,Rabi,29673.0,483.8,3030503.49,7714.98,1.782222
2001,Chhattisgarh,Urad,Kharif,113521.0,1550.0,11593899.73,29515.46,0.319375
2017,Bihar,Banana,Whole Year,67178.4,1068.5,13777.19,355.7,33.045546
2007,Puducherry,Sesamum,Kharif,14.0,1434.6,1867.6,2.24,0.79
2010,Madhya Pradesh,Other Kharif pulses,Kharif,1983.0,856.3,329396.13,475.92,0.24
2015,Odisha,Wheat,Summer,367.0,1210.1,57952.97,121.11,1.2675
2019,Arunachal Pradesh,Rice,Kharif,133500.0,2433.3,22929960.0,49395.0,1.7792
2016,West Bengal,Jute,Kharif,522470.0,1795.8,80068527.5,182864.5,16.757895
2017,Andhra Pradesh,Safflower,Rabi,20.0,868.2,3148.8,7.6,0.65
2004,Karnataka,Horse-gram,Kharif,140741.0,1117.7,15247879.94,29555.61,0.553462
2008,Karnataka,Cashewnut,Whole Year,62303.0,1164.1,8911821.12,5607.27,0.605
2017,Chhattisgarh,Sugarcane,Whole Year,34834.0,1124.5,5484264.96,13236.92,1.823182
2010,Chhattisgarh,Horse-gram,Kharif,48782.0,1283.1,8103178.02,11707.68,0.306471
2016,Meghalaya,Sugarcane,Whole Year,121.0,3837.1,18543.25,42.35,2.67
2017,Jharkhand,Bajra,Kharif,614.0,1165.7,96668.16,233.32,0.64
2017,Tamil Nadu,Turmeric,Whole Year,18080.0,970.9,2846515.2,6870.4,4.338889
2016,Andhra Pradesh,Castor seed,Kharif,32292.0,890.0,4948749.0,11302.2,0.511111
2014,Haryana,Moong(Green Gram),Kharif,6700.0,301.3,1011432.0,2211.0,0.44
2012,Sikkim,Urad,Kharif,3270.0,3006.9,493116.0,1013.7,0.91
2008,Assam,Ginger,Whole Year,15210.0,2109.9,2175638.4,1368.9,6.942593
2003,Meghalaya,Banana,Whole Year,5628.0,3321.3,557059.44,1350.72,10.927143
2013,Andhra Pradesh,Castor seed,Kharif,47592.0,1062.3,6876568.08,12849.84,0.737778
2006,Kerala,Groundnut,Kharif,2813.0,3429.7,359248.23,618.86,0.74
2007,Karnataka,Jowar,Kharif,302808.0,1323.3,40394587.2,48449.28,1.456667
2010,West Bengal,Mango,Whole Year,175275.88,1473.7,14983.71,480.18,7.484587
2015,Bihar,Tobacco,Whole Year,9104.0,874.0,1437612.64,3004.32,1.743636
2007,Bihar,Urad,Kharif,22366.0,1600.2,2983624.4,3578.56,0.807879
2006,Karnataka,Mesta,Whole Year,1998.0,1146.3,255164.58,439.56,1.543333
2008,Madhya Pradesh,Bajra,Kharif,187954.0,895.0,26884940.16,16915.86,1.122
2007,Bihar,Ragi,Kharif,13222.0,1600.2,1763814.8,2115.52,0.647241
2014,Bihar,Rice,Autumn,581128.0,1061.0,87727082.88,191772.24,1.738966
2001,Bihar,Potato,Whole Year,140783.0,1247.0,14378167.79,36603.58,10.544865
2000,Karnataka,Sesamum,Kharif,97589.0,1213.3,9580312.13,25373.14,0.4372
2017,Chhattisgarh,Sannhamp,Kharif,1085.0,1124.5,170822.4,412.3,0.395556
2002,Telangana,Cotton(lint),Kharif,1890600.42,928.5,111644.88,9780.39,0.484177
2015,Andhra Pradesh,Gram,Kharif,2.0,940.7,315.82,0.66,1.0
2008,Arunachal Pradesh,Dry chillies,Whole Year,2320.0,2244.4,331852.8,208.8,1.874286
2007,Jammu and Kashmir,Cotton(lint),Kharif,64.0,1042.2,8537.6,10.24,0.5
2008,Uttarakhand,Tobacco,Whole Year,11.0,1363.7,1573.44,0.99,3.4
2000,Madhya Pradesh,Other Kharif pulses,Kharif,549547.0,723.3,53949028.99,142882.22,0.268444
2005,Nagaland,Sugarcane,Rabi,270.0,1568.6,32378.4,56.7,12.52
2003,Bihar,Potato,Whole Year,142013.0,1353.9,14056446.74,34083.12,9.989211
2015,Andhra Pradesh,Urad,Kharif,44016.0,940.7,6950566.56,14525.28,0.786154
2010,Andhra Pradesh,Dry chillies,Kharif,152011.0,1297.0,25250547.21,36482.64,2.949
2011,Puducherry,Cotton(lint),Summer,8.0,1434.6,1340.16,2.64,1.0
2001,Sikkim,Barley,Rabi,1180.0,2372.5,120513.4,306.8,1.0175
2015,Delhi,Gram,Rabi,25.0,757.7,3947.75,8.25,2.12
2013,Uttarakhand,Masoor,Rabi,9839.0,1735.4,1421637.11,2656.53,0.836154
2002,Jammu and Kashmir,Linseed,Rabi,250.0,933.2,23667.5,62.5,0.527143
2014,Andhra Pradesh,Mesta,Kharif,6637.0,687.6,1001921.52,2190.21,7.143333
2011,Telangana,Cotton(lint),Kharif,1587697.89,808.4,351729.85,18627.79,0.49345
2001,Bihar,Rice,Autumn,2844474.0,1247.0,290506129.6,739563.24,1.409189
2003,Karnataka,Jowar,Kharif,247184.0,867.6,24466272.32,59324.16,0.881364
2006,Tripura,Maize,Kharif,2450.0,1764.3,312889.5,539.0,0.9925
2013,Bihar,Groundnut,Kharif,892.0,1069.9,128885.08,240.84,1.01
2010,Uttar Pradesh,Barley,Rabi,162406.0,742.6,26977260.66,38977.44,2.496806
2007,Maharashtra,Linseed,Rabi,67800.0,1257.2,9044520.0,10848.0,0.417222
2011,Madhya Pradesh,Other  Rabi pulses,Rabi,17861.0,852.6,2992074.72,5894.13,0.163214
2008,Kerala,Banana,Whole Year,54739.0,2524.8,7829866.56,4926.51,7.93
2018,Assam,Other  Rabi pulses,Rabi,14865.0,2372.9,2411103.0,5202.75,0.664074
2014,Uttarakhand,Other Cereals,Kharif,1209.0,1287.4,182510.64,398.97,0.498333
2000,Uttarakhand,Wheat,Rabi,377340.0,1413.4,37043467.8,98108.4,1.550769
2017,Maharashtra,Onion,Rabi,75209.49,732.5,11323.23,418.55,21.420446
2014,Tamil Nadu,Arecanut,Whole Year,6732.0,911.3,1016262.72,2221.56,1.561905
2001,Telangana,Mango,Whole Year,71453.3,886.4,5399.68,650.39,5.065665
2007,Nagaland,Turmeric,Kharif,100.0,1769.0,13340.0,16.0,4.5625
2017,Jammu and Kashmir,Dry chillies,Kharif,664.0,1279.1,104540.16,252.32,0.862727
2012,West Bengal,Urad,Kharif,50996.0,1566.0,7690196.8,15808.76,0.51
2019,Sikkim,Urad,Kharif,2789.0,2740.0,479038.64,1031.93,0.943333
2013,Karnataka,Mesta,Whole Year,349.0,1235.6,50427.01,94.23,1.33
2016,Karnataka,Sannhamp,Whole Year,57.0,1147.2,8735.25,19.95,0.071667
2019,Gujarat,Other Cereals,Kharif,287.0,1067.8,49295.12,106.19,0.554
2013,Karnataka,Coconut,Whole Year,430774.0,1235.6,62242535.26,116308.98,8039.727
2008,Delhi,Bajra,Kharif,1549.0,614.6,221568.96,139.41,1.9
2006,Maharashtra,Groundnut,Kharif,341600.0,1439.4,43625736.0,75152.0,0.735185
2002,Maharashtra,Sesamum,Kharif,110800.0,967.4,10489436.0,27700.0,0.29875
2012,Nagaland,Peas & beans (Pulses),Kharif,2270.0,1296.6,342316.0,703.7,1.311
2018,Kerala,Rubber,Whole Year,16441.33,2781.1,1895.06,143.45,1.569539
2015,Telangana,Tobacco,Kharif,1512.0,747.9,238759.92,498.96,3.676667
2013,Andhra Pradesh,Linseed,Kharif,473.0,1062.3,68343.77,127.71,0.455
2007,Assam,Black pepper,Whole Year,2823.0,2154.1,376588.2,451.68,1.528519
2017,Andhra Pradesh,Small millets,Kharif,18101.0,868.2,2849821.44,6878.38,0.774
2011,Goa,Rice,Kharif,31247.0,3340.4,5234497.44,10311.51,2.495
2013,West Bengal,Bajra,Kharif,144.0,1939.9,20806.56,38.88,0.33
2016,Sikkim,Rapeseed &Mustard,Rabi,3553.0,2971.6,544497.25,1243.55,0.8475
2007,Jammu and Kashmir,Maize,Kharif,302441.0,1042.2,40345629.4,48390.56,1.377
2015,Goa,Black pepper,Whole Year,783.0,2587.1,123643.53,258.39,0.325
2006,Goa,Groundnut,Kharif,2640.0,2928.8,337154.4,580.8,1.495
2005,Nagaland,Linseed,Rabi,8000.0,1568.6,959360.0,1680.0,0.425
2010,Chhattisgarh,Small millets,Kharif,158948.0,1283.1,26402852.28,38147.52,0.213889
2008,Mizoram,Potato,Kharif,269.0,1912.1,38477.76,24.21,5.286667
2017,Jammu and Kashmir,Masoor,Kharif,210.0,1279.1,33062.4,79.8,1.125
2016,Karnataka,Potato,Kharif,19963.0,1147.2,3059329.75,6987.05,10.487222
2004,Manipur,Soyabean,Kharif,420.0,1613.3,45502.8,88.2,1.133333
2007,Nagaland,Sugarcane,Kharif,4000.0,1769.0,533600.0,640.0,55.075
2012,Gujarat,Cotton(lint),Kharif,2457200.0,460.6,370545760.0,761732.0,2.38913
2018,Punjab,Sunflower,Rabi,5000.0,585.5,811000.0,1750.0,1.8875
2019,Haryana,Masoor,Rabi,879.0,351.8,150977.04,325.23,0.9
2013,Andhra Pradesh,Arecanut,Kharif,476.0,1062.3,68777.24,128.52,1.705
2001,Uttar Pradesh,Soyabean,Kharif,10939.0,849.9,1117200.07,2844.14,0.716667
2002,Himachal Pradesh,Moong(Green Gram),Kharif,394.0,890.8,37299.98,98.5,0.241667
2002,Assam,Rapeseed &Mustard,Rabi,261309.0,1973.6,24738123.03,65327.25,0.472174
2007,Bihar,Turmeric,Whole Year,3432.0,1600.2,457828.8,549.12,0.9985
2010,Chhattisgarh,Ginger,Whole Year,1880.0,1283.1,312286.8,451.2,1.181765
2000,West Bengal,Potato,Whole Year,299664.0,1907.7,29418014.88,77912.64,22.393889
2003,Kerala,Turmeric,Whole Year,2774.0,2386.0,274570.52,665.76,1.967857
2000,Himachal Pradesh,Urad,Kharif,14161.0,1068.4,1390185.37,3681.86,0.401818
2008,Chhattisgarh,Jowar,Kharif,5361.0,1117.9,766837.44,482.49,1.261111
2018,West Bengal,Maize,Autumn,53660.0,2012.6,8703652.0,18781.0,3.236667
2007,Rajasthan,Gram,Rabi,721771.46,598.6,97732.7,970.01,0.821863
2009,Assam,Turmeric,Whole Year,13883.0,1727.1,2163249.06,2360.11,0.744074
2001,Andhra Pradesh,Mesta,Kharif,78942.0,928.4,8062346.46,20524.92,8.370909
2006,Manipur,Maize,Kharif,3340.0,1533.6,426551.4,734.8,2.48
2000,Maharashtra,Niger seed,Kharif,60700.0,1057.8,5958919.0,15782.0,0.28
2016,Andhra Pradesh,Arhar/Tur,Kharif,342883.0,890.0,52546819.75,120009.05,0.493077
2007,Haryana,Moth,Kharif,2798.0,443.8,373253.2,447.68,0.21
2002,Himachal Pradesh,Peas & beans (Pulses),Kharif,6285.0,890.8,595000.95,1571.25,1.156364
2001,Sikkim,Maize,Kharif,40110.0,2372.5,4096434.3,10428.6,1.405
2011,Nagaland,Masoor,Rabi,1990.0,1544.4,333364.8,656.7,0.764444
2011,Tamil Nadu,Sesamum,Whole Year,43175.0,926.5,7232676.0,14247.75,0.577931
2012,Himachal Pradesh,Horse-gram,Kharif,1910.0,1035.0,288028.0,592.1,0.622
2008,Nagaland,Rice,Kharif,173100.0,1540.9,24760224.0,15579.0,1.964545
2002,Nagaland,Arhar/Tur,Kharif,31.0,1536.6,2934.77,7.75,0.55
2019,Himachal Pradesh,Rice,Kharif,72620.0,1217.7,12473211.2,26869.4,1.656364
2001,Arunachal Pradesh,Maize,Kharif,38577.0,2128.5,3939869.01,10030.02,1.455385
2017,Himachal Pradesh,Potato,Kharif,6458.0,1182.2,1016747.52,2454.04,10.488
2002,Jharkhand,Rice,Autumn,136359.61,1041.2,12909164.28,34089.9,1.516667
2019,Chhattisgarh,Mesta,Kharif,556.0,1420.3,95498.56,205.72,2.277857
2004,Nagaland,Cotton(lint),Kharif,1500.0,1711.5,162510.0,315.0,0.096667
2019,Telangana,Sugarcane,Kharif,26115.0,1031.7,4485512.4,9662.55,84.727391
2008,Meghalaya,Arhar/Tur,Kharif,794.0,3114.3,113573.76,71.46,0.796667
2018,Gujarat,Dry chillies,Whole Year,4532.0,1125.4,735090.4,1586.2,0.72
2015,Jammu and Kashmir,Masoor,Rabi,5.0,1572.6,789.55,1.65,0.56
2009,Tamil Nadu,Coconut,Whole Year,400466.0,928.5,62400612.12,68079.22,14134.65935
2015,Punjab,Peas & beans (Pulses),Rabi,3500.0,512.6,552685.0,1155.0,1.475
2012,Chhattisgarh,Safflower,Rabi,681.0,1366.8,102694.8,211.11,0.284615
2009,Assam,Mesta,Kharif,5000.0,1727.1,779100.0,850.0,4.705217
2013,Uttarakhand,Gram,Rabi,569.0,1735.4,82214.81,153.63,0.729091
2019,Uttar Pradesh,Jowar,Kharif,168047.0,814.5,28863752.72,62177.39,1.206296
2013,Chhattisgarh,Groundnut,Kharif,29186.0,1418.3,4217085.14,7880.22,1.331818
2002,Nagaland,Other Kharif pulses,Kharif,1800.0,1536.6,170406.0,450.0,0.47375
2013,Haryana,other oilseeds,Rabi,2.0,452.2,288.98,0.54,1.0
2019,Tamil Nadu,Sesamum,Kharif,12123.0,910.1,2082246.48,4485.51,0.534643
2008,Himachal Pradesh,Bajra,Kharif,203.0,1357.1,29037.12,18.27,0.622
2018,West Bengal,Sannhamp,Kharif,434.0,2012.6,70394.8,151.9,4.336
2015,Kerala,Maize,Whole Year,59.0,2602.9,9316.69,19.47,1.73
2008,Tamil Nadu,Jowar,Whole Year,258876.0,1201.9,37029623.04,23298.84,1.152143
2004,Maharashtra,Onion,Rabi,218465.4,1854.8,16944.13,1121.28,13.830211
2006,Chhattisgarh,Khesari,Rabi,425361.0,1317.2,54322853.31,93579.42,0.537333
2017,Chhattisgarh,Tobacco,Whole Year,13.0,1124.5,2046.72,4.94,0.4175
2004,Tripura,Other  Rabi pulses,Rabi,930.0,2706.3,100756.2,195.3,0.72
2004,Assam,Mustard,Rabi,976067.87,1977.9,55948.41,7623.98,1.316703
2005,Gujarat,Mango,Whole Year,197527.85,590.1,27812.11,923.11,5.714063
2006,Madhya Pradesh,Garlic,Whole Year,41697.0,1072.3,5325123.87,9173.34,3.104468
2016,Karnataka,Maize,Kharif,1262641.0,1147.2,193499733.3,441924.35,2.6025
2007,Uttar Pradesh,Guar seed,Kharif,2370.0,672.9,316158.0,379.2,0.842364
2016,Gujarat,Arhar/Tur,Kharif,348245.0,710.5,53368546.25,121885.75,1.145455
2000,Jharkhand,Wheat,Rabi,2626957.97,1068.0,416576.21,3722.94,2.696601
2001,Meghalaya,Gram,Rabi,489.0,4241.0,49941.57,127.14,0.583333
2002,Maharashtra,Bajra,Kharif,1547200.0,967.4,146473424.0,386800.0,0.677273
2006,Andhra Pradesh,Dry chillies,Kharif,164886.0,845.2,21057591.06,36274.92,3.297727
2016,Bihar,Linseed,Rabi,12684.0,1205.6,1943823.0,4439.4,0.838857
2014,Karnataka,Arecanut,Whole Year,235774.0,1238.5,35592443.04,77805.42,9.524545
2013,Tamil Nadu,Sugarcane,Whole Year,313343.0,740.9,45274930.07,84602.61,97.586774
2008,Himachal Pradesh,Barley,Rabi,22601.0,1357.1,3232847.04,2034.09,0.923636
2019,Odisha,Linseed,Rabi,10170.0,1593.9,1746799.2,3762.9,0.519231
2006,Tamil Nadu,Coconut,Whole Year,374604.0,927.9,47840676.84,82412.88,13584.69138
2007,West Bengal,Other Kharif pulses,Kharif,894.0,2007.5,119259.6,143.04,0.526
2011,Uttar Pradesh,Peas & beans (Pulses),Rabi,323497.0,777.4,54192217.44,106754.01,1.369155
2016,Himachal Pradesh,Ginger,Kharif,40384.15,886.0,4326.28,503.82,8.155262
2009,Tripura,Rapeseed &Mustard,Rabi,1495.0,2004.2,232950.9,254.15,0.75
2008,Himachal Pradesh,Peas & beans (Pulses),Kharif,887.0,1357.1,126876.48,79.83,1.17
2005,Haryana,Bajra,Kharif,631660.0,516.9,75748667.2,132648.6,1.3835
2001,Uttarakhand,Linseed,Rabi,15.0,1541.3,1531.95,3.9,0.306667
2002,Tamil Nadu,Rapeseed &Mustard,Rabi,585.0,315.9,55381.95,146.25,0.206
2015,Madhya Pradesh,Bajra,Kharif,269000.0,1000.7,42477790.0,88770.0,1.330714
2007,Maharashtra,Sugarcane,Whole Year,1092800.0,1257.2,145779520.0,174848.0,74.238889
2016,Madhya Pradesh,Safflower,Rabi,29480.0,1048.4,4517810.0,10318.0,0.666667
2006,Tamil Nadu,Coriander,Whole Year,17425.0,927.9,2225346.75,3833.5,0.321304
2005,Uttar Pradesh,Wheat,Rabi,9163949.0,751.9,1098940764.0,1924429.29,2.538143
2008,Chhattisgarh,Wheat,Rabi,94834.0,1117.9,13565055.36,8535.06,1.15
2004,Punjab,Bajra,Kharif,7000.0,366.4,758380.0,1470.0,1.0
2006,West Bengal,Banana,Whole Year,88942.96,1577.3,19496.25,505.21,24.183864
2013,Puducherry,Bajra,Kharif,12.0,1083.2,1733.88,3.24,2.58
2011,Tamil Nadu,Moong(Green Gram),Whole Year,164069.0,926.5,27484838.88,54142.77,0.600345
2012,Manipur,Other Kharif pulses,Kharif,1430.0,1176.7,215644.0,443.3,1.032222
2010,Jammu and Kashmir,Other  Rabi pulses,Rabi,141.0,1352.0,23421.51,33.84,0.608333
2015,Himachal Pradesh,Sugarcane,Whole Year,1874.0,1223.2,295923.34,618.42,16.197143
2017,Karnataka,Tomato,Whole Year,28543.13,1273.4,3155.73,117.38,24.950208
2017,Maharashtra,Safflower,Rabi,38902.0,1129.5,6124730.88,14782.76,0.613529
2003,Chhattisgarh,Safflower,Rabi,880.0,1643.7,87102.4,211.2,0.193333
2016,Jammu and Kashmir,Ginger,Kharif,23.0,902.8,3524.75,8.05,1.976667
2017,Kerala,Rice,Autumn,58278.0,2664.8,9175288.32,22145.64,2.217692
2017,Odisha,Potato,Winter,3966.0,1344.4,624407.04,1507.08,11.955455
2013,Rajasthan,Cotton(lint),Kharif,547693.39,206.7,79959.06,2116.98,0.53364
2016,Tamil Nadu,Coconut,Whole Year,435621.0,912.4,66758918.25,152467.35,10719.08742
2006,Jammu and Kashmir,Sesamum,Kharif,5412.0,1786.5,691166.52,1190.64,0.4275
2010,West Bengal,Potato,Rabi,406349.0,1096.0,67498632.39,97523.76,29.278333
2012,Karnataka,Tapioca,Whole Year,892.0,956.2,134513.6,276.52,10.380909
2003,Tamil Nadu,Tapioca,Whole Year,95022.0,345.6,9405277.56,22805.28,33.382143
2017,Odisha,Horse-gram,Summer,373.0,1344.4,58725.12,141.74,0.45
2002,Chhattisgarh,Other Kharif pulses,Kharif,5565.0,1001.4,526838.55,1391.25,0.32125
2009,Telangana,Cotton(lint),Kharif,2162357.18,903.5,493385.19,5840.57,0.539283
2000,Telangana,Arhar/Tur,Kharif,288533.8,1089.8,34823.45,919.71,0.813753
2010,Uttarakhand,Wheat,Rabi,371225.0,1419.0,61664184.75,89094.0,1.863846
2006,Chhattisgarh,Ragi,Kharif,9296.0,1317.2,1187192.16,2045.12,0.233846
2012,Haryana,Rapeseed &Mustard,Rabi,558290.0,307.9,84190132.0,173069.9,1.751905
2008,Himachal Pradesh,Arhar/Tur,Kharif,15.0,1357.1,2145.6,1.35,0.193333
2015,Uttar Pradesh,Gram,Rabi,267629.0,596.7,42261295.39,88317.57,0.708462
2011,Haryana,Sesamum,Kharif,1970.0,471.5,330014.4,650.1,0.2025
2004,Puducherry,Dry chillies,Whole Year,14.0,1434.6,1516.76,2.94,2.076667
2010,Himachal Pradesh,Rice,Kharif,75426.0,1319.8,12529012.86,18102.24,1.561818
2008,Assam,Linseed,Rabi,7384.0,2109.9,1056207.36,664.56,0.47125
2014,Kerala,Cardamom,Whole Year,39730.0,3046.4,5997640.8,13110.9,0.124286
2008,Madhya Pradesh,Groundnut,Kharif,202277.0,895.0,28933702.08,18204.93,0.997292
2001,Haryana,Rapeseed &Mustard,Rabi,536475.0,483.8,54790191.75,139483.5,1.315789
2013,Chhattisgarh,Turmeric,Whole Year,1123.0,1418.3,162262.27,303.21,1.015455
2018,Chhattisgarh,Rapeseed &Mustard,Rabi,38828.0,1515.5,6297901.6,13589.8,0.468889
2018,West Bengal,Cotton(lint),Kharif,360.0,2012.6,58392.0,126.0,4.87
2005,Andhra Pradesh,Niger seed,Kharif,15748.0,1075.5,1888500.16,3307.08,0.465
2014,Haryana,other oilseeds,Rabi,1000.0,301.3,150960.0,330.0,1.0
2003,Puducherry,Bajra,Kharif,197.0,1434.6,19499.06,47.28,1.94
2017,Telangana,Ginger,Kharif,1840.0,815.7,289689.6,699.2,5.628
2004,Gujarat,Ragi,Kharif,24300.0,719.8,2632662.0,5103.0,1.0275
2009,Gujarat,Maize,Kharif,411700.0,618.0,64151094.0,69989.0,1.008
2011,Meghalaya,Cashewnut,Whole Year,8697.0,4083.1,1456921.44,2870.01,1.493333
2003,Uttar Pradesh,Mustard,Rabi,790293.98,1452.4,110552.77,3158.57,1.330631
2011,Chhattisgarh,Cotton(lint),Kharif,85.0,1302.7,14239.2,28.05,1.06
2017,Bihar,Ginger,Whole Year,259.0,1112.0,40776.96,98.42,1.86375
2001,Gujarat,Other  Rabi pulses,Rabi,2400.0,666.5,245112.0,624.0,0.5925
2004,Gujarat,Gram,Rabi,122700.0,719.8,13293318.0,25767.0,0.7275
2007,Madhya Pradesh,Onion,Whole Year,41376.0,740.4,5519558.4,6620.16,12.216042
2017,Chhattisgarh,Jowar,Whole Year,3729.0,1124.5,587093.76,1417.02,1.263182
2014,Madhya Pradesh,Rice,Kharif,2057000.0,891.2,310524720.0,678810.0,1.663488
2015,Jharkhand,Arhar/Tur,Rabi,26938.0,1085.6,4253779.58,8889.54,1.520909
2004,Maharashtra,Ragi,Kharif,144600.0,1052.0,15665964.0,30366.0,1.013333
2014,Karnataka,Coconut,Whole Year,440514.0,1238.5,66499993.44,145369.62,9449.426667
2017,Uttarakhand,Garlic,Whole Year,4205.0,1475.8,662035.2,1597.9,5.81913
2020,Punjab,Rice,Kharif,1829696.53,709.1,427412.38,7816.19,3.249416
2014,Tamil Nadu,Tobacco,Whole Year,5478.0,911.3,826958.88,1807.74,1.497
2007,Haryana,Jowar,Kharif,90728.0,443.8,12103115.2,14516.48,0.297692
2014,Rajasthan,Mustard,Rabi,1408884.9,551.9,208868.99,2139.69,1.283468
2002,Assam,Gram,Rabi,2388.0,1973.6,226071.96,597.0,0.515652
2000,Odisha,Other  Rabi pulses,Rabi,2180.0,1066.0,214010.6,566.8,0.514444
2012,Himachal Pradesh,Ginger,Kharif,2406.0,1035.0,362824.8,745.86,7.345556
2012,Andhra Pradesh,Potato,Kharif,267.0,968.7,40263.6,82.77,16.335
2011,Assam,Turmeric,Whole Year,15447.0,1743.4,2587681.44,5097.51,0.864444
2008,Andhra Pradesh,Other  Rabi pulses,Rabi,2415.0,944.6,345441.6,217.35,1.066667
2016,Gujarat,Castor seed,Kharif,543697.0,710.5,83321565.25,190293.95,2.026207
2019,Haryana,Moth,Kharif,410.0,351.8,70421.6,151.7,0.208333
2004,Haryana,Rapeseed &Mustard,Rabi,699824.0,484.6,75818932.16,146963.04,1.196842
2007,Punjab,Masoor,Rabi,1200.0,527.2,160080.0,192.0,0.594286
2010,Karnataka,Cardamom,Whole Year,19081.0,1317.7,3169544.91,4579.44,0.068889
2003,Andhra Pradesh,Cotton(lint),Kharif,836892.0,826.0,82835570.16,200854.08,2.137619
2012,Himachal Pradesh,Tobacco,Kharif,1.0,1035.0,150.8,0.31,1.1
2016,Uttar Pradesh,Rapeseed &Mustard,Rabi,689174.0,965.3,105615915.5,241210.9,1.165867
2010,Telangana,Turmeric,Kharif,46895.07,794.0,8064.71,231.79,6.193208
2011,Maharashtra,Small millets,Kharif,58000.0,1174.1,9716160.0,19140.0,0.432
2011,Haryana,Moong(Green Gram),Kharif,16846.0,471.5,2822041.92,5559.18,0.245
2020,Bihar,Lentil,Rabi,43745.37,1500.1,7740.04,523.61,1.077845
2018,Delhi,Maize,Kharif,20.0,678.5,3244.0,7.0,5.1
2008,West Bengal,Sunflower,Kharif,10127.0,1560.1,1448566.08,911.43,1.159375
2006,Nagaland,Urad,Rabi,660.0,1362.5,84288.6,145.2,1.235
2009,Odisha,Onion,Rabi,189663.0,1500.8,37564.58,1177.69,14.315259
2015,Madhya Pradesh,Jowar,Kharif,208000.0,1000.7,32845280.0,68640.0,1.573784
2014,Jharkhand,Masoor,Rabi,6532.0,1156.6,986070.72,2155.56,0.711176
2006,Haryana,Sweet potato,Whole Year,19.0,329.3,2426.49,4.18,12.6975
2004,Andhra Pradesh,Banana,Whole Year,40906.0,781.8,4431756.04,8590.26,26.370476
2018,West Bengal,Masoor,Rabi,170200.0,2012.6,27606440.0,59570.0,0.846667
2011,Karnataka,Onion,Kharif,136540.0,1179.0,22873180.8,45058.2,5.5184
2013,Bihar,Sugarcane,Whole Year,258068.0,1069.9,37288245.32,69678.36,51.209444
2012,Odisha,Arhar/Tur,Kharif,198423.48,1480.4,21099.92,483.32,0.998628
2013,Arunachal Pradesh,Ginger,Whole Year,6861.0,2042.9,991345.89,1852.47,6.807647
2014,Gujarat,Jowar,Kharif,35946.0,605.6,5426408.16,11862.18,1.198235
2003,Kerala,Jowar,Kharif,2129.0,2386.0,210728.42,510.96,0.628571
2014,Maharashtra,Grapes,Whole Year,20128.59,2419.1,5569.95,207.93,23.629498
2001,Kerala,Rice,Autumn,116540.0,2946.7,11902230.2,30300.4,1.886923
2015,West Bengal,Rice,Autumn,235970.0,1717.0,37262022.7,77870.1,2.48
2012,Mizoram,Potato,Kharif,115.0,2050.2,17342.0,35.65,7.02
2018,Nagaland,Soyabean,Kharif,25110.0,1372.7,4072842.0,8788.5,1.253636
2007,West Bengal,Niger seed,Kharif,4883.0,2007.5,651392.2,781.28,0.518333
2013,Haryana,Bajra,Kharif,403000.0,452.2,58229470.0,108810.0,2.007059
2013,Haryana,Maize,Kharif,8000.0,452.2,1155920.0,2160.0,3.2
2003,Chhattisgarh,Rapeseed &Mustard,Rabi,55314.0,1643.7,5474979.72,13275.36,0.395625
2018,Manipur,Cowpea(Lobia),Kharif,964.0,1196.9,156360.8,337.4,1.052222
2008,Bihar,Jowar,Kharif,2399.0,1197.7,343152.96,215.91,1.063846
2000,Uttar Pradesh,Bajra,Kharif,881010.0,874.4,86488751.7,229062.6,1.278824
2011,West Bengal,Mesta,Kharif,5430.0,1686.5,909633.6,1791.9,9.391111
2000,Nagaland,Moong(Green Gram),Kharif,2000.0,1631.8,196340.0,520.0,0.90125
2005,Karnataka,Jowar,Kharif,323189.0,1316.2,38756824.88,67869.69,1.42619
2007,Arunachal Pradesh,Rice,Kharif,124029.0,3223.9,16545468.6,19844.64,1.225625
2016,Jharkhand,Potato,Rabi,24736.0,1296.3,3790792.0,8657.6,10.601667
2011,Odisha,Rapeseed &Mustard,Winter,10335.0,1346.2,1731319.2,3410.55,0.191429
2003,Assam,Sweet potato,Whole Year,8194.0,2213.7,811042.12,1966.56,3.412174
2008,Jammu and Kashmir,other oilseeds,Rabi,18.0,1390.1,2574.72,1.62,0.545
2015,Telangana,Cotton(lint),Kharif,1773256.0,747.9,280014855.0,585174.48,1.973333
2008,Rajasthan,Wheat,Rabi,1064021.6,380.1,132908.42,9305.08,3.931826
2011,Maharashtra,Rice,Kharif,1516400.0,1174.1,254027328.0,500412.0,1.319643
2012,Arunachal Pradesh,Maize,Kharif,47486.0,2760.7,7160888.8,14720.66,1.5375
2002,Uttarakhand,Sannhamp,Whole Year,4007.0,1610.3,379342.69,1001.75,0.31
2006,Gujarat,Ragi,Kharif,20400.0,1056.2,2605284.0,4488.0,1.0
2008,Punjab,Jowar,Kharif,100.0,691.3,14304.0,9.0,1.0
2004,Uttarakhand,Onion,Whole Year,2045.0,1219.6,221555.3,429.45,9.187692
2016,Madhya Pradesh,Onion,Whole Year,150839.21,1048.4,23116108.93,52793.72,23.961373
2003,West Bengal,Sesamum,Whole Year,163337.0,1526.7,16167096.26,39200.88,0.763333
2008,Uttarakhand,Soyabean,Kharif,8328.0,1363.7,1191237.12,749.52,1.042308
2016,Kerala,Cashewnut,Whole Year,41661.0,2924.3,6384548.25,14581.35,0.347143
2019,Mizoram,Other  Rabi pulses,Rabi,1806.0,2178.5,310198.56,668.22,1.392857
2012,Nagaland,Tapioca,Kharif,1970.0,1296.6,297076.0,610.7,20.166364
2009,Uttar Pradesh,Potato,Rabi,540797.0,585.8,84266988.54,91935.49,24.028592
2004,Telangana,Mango,Whole Year,201111.09,1044.6,25000.5,426.33,4.77564
2003,Gujarat,Other  Rabi pulses,Rabi,5100.0,902.5,504798.0,1224.0,0.665
2004,Karnataka,Dry chillies,Whole Year,152323.0,1117.7,16502673.82,31987.83,1.084815
2000,Bihar,Coriander,Whole Year,2511.0,1207.0,246504.87,652.86,0.502
2005,Jammu and Kashmir,Potato,Kharif,786.0,1721.8,94257.12,165.06,5.429
2019,Meghalaya,Cowpea(Lobia),Rabi,1681.0,3844.4,288728.56,621.97,1.633636
2018,Assam,Wheat,Rabi,16945.0,2372.9,2748479.0,5930.75,1.371667
2009,Himachal Pradesh,Garlic,Rabi,4860.0,969.9,757285.2,826.2,1.673
2003,Maharashtra,Urad,Kharif,600700.0,1037.4,59457286.0,144168.0,0.595758
2018,West Bengal,Jowar,Autumn,64.0,2012.6,10380.8,22.4,0.47
2007,Rajasthan,Maize,Kharif,201277.14,205.3,23632.32,1807.97,3.222086
2004,Bihar,Sesamum,Kharif,3516.0,1147.8,380923.44,738.36,0.763929
2001,Himachal Pradesh,Small millets,Kharif,13865.0,918.1,1416032.45,3604.9,0.551111
2003,Chhattisgarh,Turmeric,Whole Year,678.0,1643.7,67108.44,162.72,1.079375
2019,Gujarat,Maize,Kharif,300503.0,1067.8,51614395.28,111186.11,1.603636
2014,West Bengal,Banana,Whole Year,98190.17,2533.1,17219.23,287.24,28.48617
2007,Andhra Pradesh,Sesamum,Kharif,82000.0,1004.2,10938800.0,13120.0,0.177857
2018,Jammu and Kashmir,Rapeseed &Mustard,Rabi,47245.0,1016.3,7663139.0,16535.75,0.9585
2018,Arunachal Pradesh,Sesamum,Kharif,2053.0,2992.9,332996.6,718.55,0.874444
2019,Meghalaya,Castor seed,Rabi,72.0,3844.4,12366.72,26.64,1.004
2004,Arunachal Pradesh,Rice,Kharif,121642.0,2939.5,13178694.28,25544.82,1.080625
2000,Assam,Cotton(lint),Kharif,1673.0,1965.5,164238.41,434.98,0.426522
2006,Uttarakhand,Peas & beans (Pulses),Rabi,5003.0,1178.9,638933.13,1100.66,0.772308
2018,Bihar,Peas & beans (Pulses),Rabi,16545.0,1521.4,2683599.0,5790.75,1.021562
2003,Karnataka,Soyabean,Kharif,93904.0,867.6,9294617.92,22536.96,0.481
2015,Madhya Pradesh,Sugarcane,Whole Year,102000.0,1000.7,16106820.0,33660.0,42.407368
2020,West Bengal,Wheat,Rabi,3631091.41,1955.8,1104045.55,35765.56,4.309571
2000,Meghalaya,Small millets,Kharif,2800.0,6258.8,274876.0,728.0,0.864286
2014,Karnataka,Rapeseed &Mustard,Kharif,2034.0,1238.5,307052.64,671.22,0.204375
2010,Punjab,Masoor,Rabi,1100.0,392.7,182721.0,264.0,0.686667
2000,Kerala,Sugarcane,Whole Year,3367.0,2412.6,330538.39,875.42,90.19
2008,Tamil Nadu,Castor seed,Whole Year,5523.0,1201.9,790009.92,497.07,0.322222
2007,Karnataka,Tomato,Whole Year,34300.4,1544.5,6626.9,120.59,21.321144
2001,Himachal Pradesh,Sannhamp,Whole Year,38.0,918.1,3880.94,9.88,1.0
2019,Telangana,Gram,Rabi,129914.0,1031.7,22314028.64,48068.18,1.475333
2002,Jharkhand,Wheat,Rabi,57203.69,1041.2,5415473.33,14300.92,1.42125
2011,Gujarat,Banana,Whole Year,28600.0,890.5,4791072.0,9438.0,63.306
2008,Manipur,Potato,Whole Year,13000.0,1134.8,1859520.0,1170.0,8.165556
2008,Himachal Pradesh,Coriander,Rabi,136.0,1357.1,19453.44,12.24,0.165714
2019,Andhra Pradesh,Oilseeds total,Kharif,712037.0,899.2,122299475.1,263453.69,8.527692
2000,Gujarat,Small millets,Kharif,10500.0,379.7,1030785.0,2730.0,0.236667
2005,Haryana,Onion,Whole Year,4044.0,516.9,484956.48,849.24,18.030769
2017,Uttar Pradesh,Cotton(lint),Kharif,4150.0,652.1,653376.0,1577.0,0.355556
2019,West Bengal,Tobacco,Whole Year,15151.0,1733.4,2602335.76,5605.87,1.51
2010,Jharkhand,Maize,Kharif,397334.21,634.4,55852.92,963.36,3.153385
2016,Chhattisgarh,Cotton(lint),Whole Year,79.0,1298.9,12106.75,27.65,2.162
2002,Andhra Pradesh,Gram,Kharif,37.0,648.1,3502.79,9.25,1.0075
2002,Odisha,Small millets,Kharif,30440.0,1102.8,2881754.8,7610.0,0.394706
2015,Madhya Pradesh,Turmeric,Whole Year,9616.06,1000.7,1518472.04,3173.3,18.735
2002,Assam,Other  Rabi pulses,Rabi,101665.0,1973.6,9624625.55,25416.25,0.512174
2002,Nagaland,Moong(Green Gram),Kharif,2000.0,1536.6,189340.0,500.0,1.1575
2016,Nagaland,Urad,Rabi,820.0,1959.8,125665.0,287.0,0.806364
2001,Rajasthan,Cotton(lint),Kharif,1554027.06,407.7,175441.69,9352.04,0.371533
2000,Andhra Pradesh,Groundnut,Kharif,1601349.0,935.6,157204431.3,416350.74,0.904091
2016,Madhya Pradesh,Jowar,Kharif,221000.0,1048.4,33868250.0,77350.0,1.761667
2014,Karnataka,Sannhamp,Whole Year,311.0,1238.5,46948.56,102.63,0.236
2003,Gujarat,Groundnut,Kharif,1912800.0,902.5,189328944.0,459072.0,2.132273
2003,Mizoram,Masoor,Rabi,11.0,2499.5,1088.78,2.64,0.723333
2007,Karnataka,Banana,Whole Year,52191.0,1323.3,6962279.4,8350.56,19.557931
2016,Telangana,Potato,Kharif,37.0,942.6,5670.25,12.95,10.795
2015,Himachal Pradesh,Sesamum,Kharif,127.0,1223.2,20054.57,41.91,0.314444
2011,Chhattisgarh,Ginger,Whole Year,2050.0,1302.7,343416.0,676.5,1.254737
2013,Chhattisgarh,Tobacco,Whole Year,22.0,1418.3,3178.78,5.94,0.7675
2010,Uttar Pradesh,Bajra,Kharif,935272.0,742.6,155358031.9,224465.28,1.3345
2017,Uttarakhand,Small millets,Kharif,53160.0,1475.8,8369510.4,20200.8,1.318182
2009,Chhattisgarh,Urad,Kharif,102703.0,956.9,16003181.46,17459.51,0.28
2003,Odisha,Turmeric,Whole Year,23780.0,1648.2,2353744.4,5707.2,2.241
2019,Odisha,Safflower,Rabi,300.0,1593.9,51528.0,111.0,0.623333
2007,Nagaland,Maize,Kharif,62140.0,1769.0,8289476.0,9942.4,1.835
2001,Jammu and Kashmir,Maize,Kharif,326476.0,953.8,33342993.88,84883.76,1.493333
2000,Andhra Pradesh,Jowar,Kharif,332435.0,935.6,32635143.95,86433.1,0.830909
2002,Uttarakhand,Sunflower,Kharif,238.0,1610.3,22531.46,59.5,0.634
2000,Maharashtra,Small millets,Kharif,178800.0,1057.8,17552796.0,46488.0,0.655667
2010,Tamil Nadu,Sugarcane,Whole Year,315961.0,1095.2,52484281.71,75830.64,107.412667
2016,Kerala,Arhar/Tur,Whole Year,176.0,2924.3,26972.0,61.6,1.58
2006,Rajasthan,Moong,Kharif,48758.37,387.3,10148.28,545.48,0.428541
2020,Uttarakhand,Small millets,Kharif,44769.0,1313.9,8667726.09,16564.53,1.480909
2013,Punjab,Peas & beans (Pulses),Rabi,900.0,586.6,130041.0,243.0,1.45
2017,Jammu and Kashmir,Garlic,Rabi,679.0,1279.1,106901.76,258.02,0.79
2002,West Bengal,Bajra,Kharif,332.0,1629.1,31430.44,83.0,0.756667
2010,Andhra Pradesh,Other  Rabi pulses,Rabi,5791.0,1297.0,961943.01,1389.84,0.64
2002,Madhya Pradesh,Sesamum,Kharif,126268.0,800.8,11953791.56,31567.0,0.279111
2013,Manipur,Potato,Whole Year,14800.0,1428.8,2138452.0,3996.0,8.48
2015,Kerala,Coconut,Whole Year,790223.0,2602.9,124784113.9,260773.59,6721.946429
2012,Karnataka,Cashewnut,Whole Year,63404.0,956.2,9561323.2,19655.24,0.85
2003,Madhya Pradesh,Onion,Whole Year,30958.0,1163.0,3064222.84,7429.92,12.86875
2004,Arunachal Pradesh,Wheat,Rabi,4278.0,2939.5,463478.52,898.38,1.549231
2001,Gujarat,Urad,Kharif,113700.0,666.5,11612181.0,29562.0,0.608889
2004,Madhya Pradesh,Potato,Whole Year,47570.0,895.7,5153733.8,9989.7,14.714255
2019,Chhattisgarh,Wheat,Rabi,116274.0,1420.3,19971222.24,43021.38,1.336538
2003,Manipur,Other Kharif pulses,Kharif,2340.0,687.7,231613.2,561.6,0.5075
2018,Sikkim,Other Kharif pulses,Kharif,2283.0,3350.1,370302.6,799.05,0.9625
2003,West Bengal,Bajra,Kharif,258.0,1526.7,25536.84,61.92,0.67
2008,Maharashtra,Rice,Kharif,1499500.0,1052.8,214488480.0,134955.0,1.170741
2010,Bihar,Peas & beans (Pulses),Rabi,19150.0,629.2,3181006.5,4596.0,1.032895
2016,Tripura,Linseed,Rabi,150.0,2475.3,22987.5,52.5,0.694286
2016,Chhattisgarh,Wheat,Rabi,102114.0,1298.9,15648970.5,35739.9,1.660769
2006,Tamil Nadu,Bajra,Whole Year,65512.0,927.9,8366537.52,14412.64,1.588333
2002,Uttar Pradesh,Onion,Rabi,8199.0,664.0,776199.33,2049.75,10.32197
2010,Maharashtra,Ragi,Kharif,120000.0,1389.0,19933200.0,28800.0,1.044167
2015,Sikkim,Soyabean,Kharif,3278.0,2949.1,517628.98,1081.74,0.9475
2016,Madhya Pradesh,Masoor,Rabi,575000.0,1048.4,88118750.0,201250.0,1.049062
2013,Karnataka,Tobacco,Whole Year,108796.0,1235.6,15719934.04,29374.92,0.886154
2011,Jammu and Kashmir,Other Cereals,Kharif,390.0,887.6,65332.8,128.7,0.536667
2006,Maharashtra,Safflower,Rabi,278800.0,1439.4,35605548.0,61336.0,0.5795
2011,Telangana,Groundnut,Kharif,271125.72,895.6,49409.56,2284.59,1.560912
2001,Punjab,Potato,Rabi,325064.93,699.2,35889.28,3105.26,19.729666
2007,West Bengal,Horse-gram,Rabi,2213.0,2007.5,295214.2,354.08,0.506
2005,Kerala,Coconut,Whole Year,897833.0,3030.9,107668133.4,188544.93,6500.859286
2010,West Bengal,Onion,Rabi,98693.12,1694.8,15722.45,345.21,16.177014
2011,Uttar Pradesh,Turmeric,Rabi,1828.0,777.4,306226.56,603.24,2.8475
2013,Himachal Pradesh,Peas & beans (Pulses),Kharif,1265.0,1216.9,182779.85,341.55,1.350833
2013,Delhi,Maize,Kharif,37.0,706.8,5346.13,9.99,22.38
2018,Manipur,Peas & beans (Pulses),Rabi,18345.0,1196.9,2975559.0,6420.75,0.93
2004,Telangana,Arhar/Tur,Kharif,411629.28,1030.6,75573.45,2103.62,0.836364
2005,Andhra Pradesh,Mesta,Kharif,49827.0,1075.5,5975253.84,10463.67,8.926667
2009,Madhya Pradesh,Potato,Whole Year,60052.0,904.1,9357302.64,10208.84,11.082245
2012,Karnataka,Onion,Kharif,67739.0,956.2,10215041.2,20999.09,5.5388
2016,Tamil Nadu,Maize,Kharif,169144.0,912.4,25921318.0,59200.4,4.682222
2006,Gujarat,Sugarcane,Whole Year,216100.0,1056.2,27598131.0,47542.0,71.796429
2011,West Bengal,Jowar,Kharif,23.0,1686.5,3852.96,7.59,0.26
2013,Uttarakhand,Small millets,Kharif,62135.0,1735.4,8977886.15,16776.45,1.187273
2007,Andhra Pradesh,Coconut,Whole Year,432674.96,727.4,43509.94,3900.91,8176.517589
2019,Assam,Tapioca,Whole Year,3289.0,2084.7,564918.64,1216.93,8.9104
2005,Gujarat,Garlic,Whole Year,36100.0,942.4,4329112.0,7581.0,6.748125
2008,Nagaland,Small millets,Kharif,11920.0,1540.9,1705036.8,1072.8,0.943333
2006,Uttarakhand,Ragi,Kharif,125640.0,1178.9,16045484.4,27640.8,1.390909
2005,Punjab,Wheat,Rabi,3468000.0,566.7,415882560.0,728280.0,4.145294
2006,Jammu and Kashmir,Maize,Kharif,323598.0,1786.5,41326700.58,71191.56,1.449167
2010,Gujarat,Dry chillies,Whole Year,7600.0,1107.5,1262436.0,1824.0,0.956667
2016,Puducherry,Sweet potato,Kharif,6.0,1391.3,919.5,2.1,10.0
2002,Odisha,Jute,Kharif,5610.0,1102.8,531098.7,1402.5,8.91875
2010,Andhra Pradesh,Mango,Whole Year,139195.73,821.4,26918.97,1442.33,6.500338
2009,Uttarakhand,Gram,Rabi,528.0,847.8,82272.96,89.76,0.665
2009,Assam,Niger seed,Kharif,7645.0,1727.1,1191243.9,1299.65,0.51
2006,West Bengal,Wheat,Rabi,350621.0,1631.4,44777807.91,77136.62,2.168889
2016,Gujarat,Other Kharif pulses,Kharif,4791.0,710.5,734220.75,1676.85,0.613529
2000,Madhya Pradesh,Mustard,Rabi,627757.86,1328.1,64671.08,1434.74,1.125411
2003,West Bengal,Safflower,Rabi,1372.0,1526.7,135800.56,329.28,0.4925
2014,Kerala,Arecanut,Whole Year,96686.0,3046.4,14595718.56,31906.38,0.973571
2017,Puducherry,Groundnut,Kharif,2.0,1582.4,314.88,0.76,3.0
2015,Puducherry,Moong(Green Gram),Rabi,9.0,1980.6,1421.19,2.97,1.11
2015,Puducherry,Coconut,Whole Year,1941.0,1980.6,306503.31,640.53,12467.6075
2001,Meghalaya,Cotton(lint),Kharif,7323.0,4241.0,747897.99,1903.98,1.05
2014,Gujarat,Bajra,Kharif,178840.2,605.6,26997716.59,59017.27,1.586154
2019,Meghalaya,Ginger,Kharif,9963.0,3844.4,1711244.88,3686.31,9.668182
2003,Rajasthan,Moong,Kharif,12050.05,527.1,2540.42,123.14,0.588859
2012,Chhattisgarh,Dry chillies,Whole Year,6486.0,1366.8,978088.8,2010.66,1.008519
2002,Karnataka,Gram,Rabi,479801.0,860.8,45422760.67,119950.25,0.473182
2018,Meghalaya,Dry chillies,Whole Year,2327.0,5649.1,377439.4,814.45,1.224545
2011,Puducherry,Other  Rabi pulses,Rabi,20.0,1434.6,3350.4,6.6,1.0
2016,Karnataka,Sugarcane,Whole Year,397098.0,1147.2,60855268.5,138984.3,75.5836
2010,Assam,Coconut,Whole Year,19426.0,2578.5,3226852.86,4662.24,7185.195556
2010,Manipur,Banana,Whole Year,5899.0,2160.5,979882.89,1415.76,12.948889
2017,Haryana,Jowar,Kharif,47600.0,417.1,7494144.0,18088.0,0.478182
2006,Uttar Pradesh,Onion,Rabi,7525.0,590.5,961017.75,1655.5,19.179275
2004,Madhya Pradesh,Sweet potato,Whole Year,4172.0,895.7,451994.48,876.12,5.938913
2019,Arunachal Pradesh,Sugarcane,Whole Year,2146.0,2433.3,368596.96,794.02,23.747647
2019,Bihar,Wheat,Rabi,2150180.0,1194.7,369314916.8,795566.6,2.569474
2015,West Bengal,Maize,Autumn,45635.0,1717.0,7206222.85,15059.55,2.642308
2001,Assam,Sweet potato,Whole Year,8343.0,1824.7,852070.59,2169.18,3.326957
2015,Assam,Cotton(lint),Kharif,921.0,2155.3,145435.11,303.93,0.536667
2008,Nagaland,Urad,Rabi,260.0,1540.9,37190.4,23.4,0.714
2018,Karnataka,Gram,Rabi,1188512.0,1419.1,192776646.4,415979.2,0.493704
2007,Jharkhand,Wheat,Rabi,54845.72,1444.7,7316419.05,8775.32,1.432727
2019,Telangana,Mango,Whole Year,57344.23,849.3,9993.41,631.52,7.537414
2010,Goa,Rice,Kharif,30632.0,4193.3,5088281.52,7351.68,2.35
2010,Telangana,Maize,Kharif,461097.56,991.8,31889.62,2494.8,3.011501
2006,Chhattisgarh,Potato,Kharif,1781.0,1317.2,227451.51,391.82,6.25
2007,Madhya Pradesh,Barley,Rabi,63722.0,740.4,8500514.8,10195.52,1.502895
2000,Chhattisgarh,Gram,Rabi,140070.0,896.4,13750671.9,36418.2,0.573125
2007,Odisha,Moong(Green Gram),Autumn,23687.0,1633.8,3159845.8,3789.92,0.199375
2006,Odisha,Potato,Winter,8176.0,1716.9,1044156.96,1798.72,8.693793
2012,Jharkhand,Masoor,Rabi,10104.0,1102.0,1523683.2,3132.24,0.975333
2003,Meghalaya,Castor seed,Kharif,25.0,3321.3,2474.5,6.0,0.545
2009,Telangana,Groundnut,Kharif,308839.41,1042.4,47159.66,2420.4,1.903346
2007,Bihar,Rapeseed &Mustard,Rabi,88126.0,1600.2,11756008.4,14100.16,0.932632
2004,Chhattisgarh,Ginger,Whole Year,1330.0,1122.8,144092.2,279.3,1.12375
2006,Uttarakhand,Potato,Kharif,8274.0,1178.9,1056672.54,1820.28,9.942727
2010,Goa,Other Kharif pulses,Kharif,180.0,4193.3,29899.8,43.2,0.755
2015,Punjab,Masoor,Rabi,600.0,512.6,94746.0,198.0,0.65
2016,Madhya Pradesh,Rapeseed &Mustard,Rabi,711000.0,1048.4,108960750.0,248850.0,1.045294
2016,Manipur,Wheat,Rabi,2250.0,2039.8,344812.5,787.5,2.503333
2001,Jammu and Kashmir,Sugarcane,Whole Year,132.0,953.8,13481.16,34.32,2.5825
2002,Andhra Pradesh,Wheat,Rabi,11044.0,648.1,1045535.48,2761.0,1.09
2020,Uttarakhand,Masoor,Rabi,9246.0,1313.9,1790118.06,3421.02,0.751538
2001,Uttar Pradesh,Linseed,Rabi,40928.0,849.9,4179976.64,10641.28,0.3948
2015,Delhi,Bajra,Kharif,1482.0,757.7,234022.62,489.06,2.2
2009,Uttar Pradesh,Guar seed,Kharif,2539.0,585.8,395626.98,431.63,0.841111
2019,Puducherry,Other Summer Pulses,Summer,21.0,1317.0,3606.96,7.77,0.81
2020,Tamil Nadu,Sugarcane,Whole Year,457599.46,845.0,144984.53,5399.1,79.114474
2011,Bihar,Ragi,Kharif,7736.0,1097.1,1295934.72,2552.88,1.374615
2009,Jammu and Kashmir,Urad,Kharif,15747.0,751.7,2453697.54,2676.99,0.453846
2003,Gujarat,Wheat,Rabi,759500.0,902.5,75175310.0,182280.0,2.68875
2016,Nagaland,Ragi,Kharif,330.0,1959.8,50572.5,115.5,1.001429
2015,Chhattisgarh,Cotton(lint),Whole Year,49.0,1136.0,7737.59,16.17,2.0325
2000,Karnataka,Other Kharif pulses,Kharif,169312.0,1213.3,16621359.04,44021.12,0.2812
2012,Kerala,Turmeric,Whole Year,2628.0,2187.6,396302.4,814.68,2.421429
2011,Karnataka,Mesta,Whole Year,825.0,1179.0,138204.0,272.25,1.202857
2014,Himachal Pradesh,Maize,Kharif,289204.0,1019.9,43658235.84,95437.32,1.985
2003,Mizoram,Maize,Kharif,9765.0,2499.5,966539.7,2343.6,1.981667
2001,Odisha,Jowar,Kharif,12260.0,1672.5,1252113.8,3187.6,0.607895
2008,Bihar,Other  Rabi pulses,Rabi,4159.0,1197.7,594903.36,374.31,0.755217
2009,Kerala,Ragi,Kharif,293.0,2821.5,45655.26,49.81,0.405
2010,Bihar,Safflower,Kharif,70.0,629.2,11627.7,16.8,0.795
2016,Karnataka,Other Kharif pulses,Kharif,49480.0,1147.2,7582810.0,17318.0,0.3628
2002,West Bengal,Moong(Green Gram),Kharif,556.0,1629.1,52636.52,139.0,0.532857
2007,Nagaland,Soyabean,Kharif,26500.0,1769.0,3535100.0,4240.0,1.215
2015,Kerala,Groundnut,Whole Year,449.0,2602.9,70901.59,148.17,1.38
2019,Uttar Pradesh,Moong,Kharif,30390.64,839.0,8045.52,218.77,0.704122
2018,Uttar Pradesh,Groundnut,Kharif,101032.0,792.8,16387390.4,35361.2,1.026129
2016,Chhattisgarh,Safflower,Rabi,218.0,1298.9,33408.5,76.3,0.343636
2017,West Bengal,Ragi,Autumn,3379.0,1830.0,531989.76,1284.02,0.82
2014,Madhya Pradesh,Urad,Kharif,841000.0,891.2,126957360.0,277530.0,0.5156
2015,Gujarat,Jowar,Kharif,74697.0,584.3,11795403.27,24650.01,1.305
2012,Arunachal Pradesh,Ginger,Whole Year,6847.0,2760.7,1032527.6,2122.57,6.931875
2018,West Bengal,Moong(Green Gram),Kharif,2594.0,2012.6,420746.8,907.9,0.79
2020,Punjab,Groundnut,Kharif,675349.82,646.6,101987.6,3900.33,1.849118
2006,West Bengal,Horse-gram,Rabi,2414.0,1631.4,308291.94,531.08,0.531818
2011,Karnataka,Potato,Kharif,30868.0,1179.0,5171007.36,10186.44,8.90875
2005,Chhattisgarh,Moong(Green Gram),Kharif,10068.0,1292.7,1207354.56,2114.28,0.25
2007,Punjab,Maize,Kharif,153000.0,527.2,20410200.0,24480.0,3.560833
2017,Puducherry,Arecanut,Kharif,52.0,1582.4,8186.88,19.76,1.5
2013,Bihar,Other Kharif pulses,Kharif,2065.0,1069.9,298371.85,557.55,0.8485
2014,Tamil Nadu,Tapioca,Whole Year,87924.0,911.3,13273007.04,29014.92,35.751
2012,Manipur,Turmeric,Whole Year,1630.0,1176.7,245804.0,505.3,11.7
2006,Sikkim,Other Kharif pulses,Kharif,2410.0,2270.2,307781.1,530.2,1.11
2018,Delhi,Jowar,Kharif,3155.0,678.5,511741.0,1104.25,0.96
2008,Rajasthan,Gram,Rabi,877165.14,462.8,71595.39,4059.16,1.061742
2020,Maharashtra,Cotton(lint),Kharif,1894590.65,1986.7,318112.63,5177.5,0.550925
2016,Puducherry,Banana,Kharif,252.0,1391.3,38619.0,88.2,13.026667
2015,Nagaland,Sweet potato,Kharif,1640.0,1308.3,258972.4,541.2,8.504545
2002,Meghalaya,Sweet potato,Whole Year,4953.0,4355.3,468900.51,1238.25,3.42
2011,Tamil Nadu,Rapeseed &Mustard,Rabi,344.0,926.5,57626.88,113.52,0.226667
2001,Manipur,Rice,Kharif,162570.0,2013.1,16603274.1,42268.2,2.234444
2015,Assam,Onion,Whole Year,8503.0,2155.3,1342708.73,2805.99,6.916296
2011,Madhya Pradesh,Jowar,Kharif,346104.0,852.6,57979342.08,114214.32,1.389388
2002,Tamil Nadu,Sweet potato,Whole Year,814.0,315.9,77061.38,203.5,13.8292
2010,Mizoram,Sugarcane,Whole Year,1418.0,2738.7,235543.98,340.32,5.5975
2007,Jammu and Kashmir,Peas & beans (Pulses),Kharif,278.0,1042.2,37085.2,44.48,0.565
2008,Bihar,Onion,Whole Year,14805.0,1197.7,2117707.2,1332.45,8.775714
2020,West Bengal,Mango,Whole Year,154287.27,1892.3,36557.17,1121.73,7.95186
2010,Jharkhand,Rapeseed &Mustard,Rabi,10475.0,694.6,1740002.25,2514.0,0.74125
2001,Uttarakhand,Masoor,Rabi,14649.0,1541.3,1496102.37,3808.74,0.506154
2013,Puducherry,Cotton(lint),Summer,67.0,1083.2,9680.83,18.09,0.87
2017,West Bengal,Safflower,Kharif,101.0,1830.0,15901.44,38.38,0.8825
2016,Goa,Black pepper,Whole Year,777.0,3266.9,119075.25,271.95,0.365
2009,Nagaland,Masoor,Rabi,1910.0,1225.9,297616.2,324.7,0.711111
2003,Jammu and Kashmir,Maize,Kharif,321189.0,1430.3,31791287.22,77085.36,1.561667
2004,Himachal Pradesh,Wheat,Rabi,367770.0,939.2,39844201.8,77231.7,1.843333
2017,Nagaland,Other  Rabi pulses,Rabi,10730.0,1722.1,1689331.2,4077.4,1.276667
2000,Gujarat,Rapeseed &Mustard,Rabi,186600.0,379.7,18318522.0,48516.0,1.163077
2012,Bihar,Groundnut,Kharif,762.0,924.1,114909.6,236.22,1.01125
2001,West Bengal,Bajra,Kharif,425.0,1556.6,43405.25,110.5,0.855
2009,West Bengal,Groundnut,Autumn,2058.0,1317.2,320677.56,349.86,1.015
2016,Madhya Pradesh,Bajra,Kharif,279000.0,1048.4,42756750.0,97650.0,2.052222
2010,Uttar Pradesh,Guar seed,Kharif,2441.0,742.6,405474.51,585.84,0.838033
2009,Assam,Linseed,Rabi,7003.0,1727.1,1091207.46,1190.51,0.481667
2001,Maharashtra,Castor seed,Kharif,11900.0,1035.8,1215347.0,3094.0,0.346818
2001,Odisha,Urad,Kharif,148934.0,1672.5,15210629.42,38722.84,0.255333
2000,Odisha,Urad,Kharif,109101.0,1066.0,10710445.17,28366.26,0.215667
2010,Andhra Pradesh,Tobacco,Whole Year,226534.0,1297.0,37629562.74,54368.16,4.380465
2001,West Bengal,Horse-gram,Rabi,3681.0,1556.6,375940.53,957.06,0.651111
2018,Nagaland,Sugarcane,Kharif,4440.0,1372.7,720168.0,1554.0,43.501818
2011,Assam,Tapioca,Whole Year,3875.0,1743.4,649140.0,1278.75,8.222308
2010,Sikkim,Small millets,Kharif,3000.0,2527.0,498330.0,720.0,0.9625
2016,Gujarat,Garlic,Whole Year,9462.0,710.5,1450051.5,3311.7,4.9548
2004,Odisha,Sugarcane,Winter,14486.0,1290.4,1569413.24,3042.06,56.763214
2004,Telangana,Rice,Kharif,1558966.63,1065.3,122143.75,9556.31,2.6893
2005,Himachal Pradesh,Linseed,Rabi,1008.0,1248.1,120879.36,211.68,0.0725
2012,Manipur,Rice,Kharif,122690.0,1176.7,18501652.0,38033.9,1.937778
2019,West Bengal,Niger seed,Kharif,1005.0,1733.4,172618.8,371.85,0.584
2004,Karnataka,Sannhamp,Whole Year,147.0,1117.7,15925.98,30.87,0.25
2007,Uttarakhand,Groundnut,Kharif,1546.0,1924.3,206236.4,247.36,0.792
2007,Uttarakhand,Moong(Green Gram),Kharif,8.0,1924.3,1067.2,1.28,0.416667
2014,Gujarat,Rapeseed &Mustard,Rabi,185008.0,605.6,27928807.68,61052.64,1.730357
2009,Goa,Rice,Kharif,31166.0,3334.9,4856286.12,5298.22,1.895
2000,Meghalaya,Sweet potato,Whole Year,5143.0,6258.8,504888.31,1337.18,3.431429
2015,Puducherry,Rice,Kharif,3817.0,1980.6,602742.47,1259.61,2.273333
2011,Meghalaya,Tobacco,Rabi,641.0,4083.1,107380.32,211.53,0.7575
2013,Assam,Dry chillies,Whole Year,18915.0,1797.7,2733028.35,5107.05,0.773333
2010,Gujarat,Moong(Green Gram),Kharif,177400.0,1107.5,29467914.0,42576.0,0.4828
2000,Sikkim,Soyabean,Kharif,4150.0,2504.8,407405.5,1079.0,0.795
2018,Gujarat,Sugarcane,Whole Year,161039.0,1125.4,26120525.8,56363.65,66.591333
2014,West Bengal,Bajra,Kharif,164.0,1483.5,24757.44,54.12,0.32
2016,Tripura,Cowpea(Lobia),Kharif,3886.0,2475.3,595529.5,1360.1,0.6375
2002,West Bengal,Jowar,Kharif,1643.0,1629.1,155542.81,410.75,1.855
2018,Nagaland,Rice,Kharif,208990.0,1372.7,33898178.0,73146.5,2.444545
2010,Sikkim,Maize,Kharif,40170.0,2527.0,6672638.7,9640.8,5.2675
2003,Arunachal Pradesh,Dry chillies,Whole Year,1657.0,2782.2,164009.86,397.68,1.54
2006,Jammu and Kashmir,Sugarcane,Kharif,159.0,1786.5,20305.89,34.98,3.053333
2002,Gujarat,Rapeseed &Mustard,Rabi,160800.0,458.4,15222936.0,40200.0,1.103125
2010,Himachal Pradesh,Potato,Kharif,6411.0,1319.8,1064931.21,1538.64,10.688
2013,Assam,Turmeric,Whole Year,16309.0,1797.7,2356487.41,4403.43,0.950741
2009,Puducherry,Sunflower,Kharif,1.0,1434.6,155.82,0.17,1.0
2006,Assam,Coconut,Whole Year,18595.0,1774.9,2374767.45,4090.9,6233.948519
2018,Sikkim,Rice,Kharif,9256.0,3350.1,1501323.2,3239.6,1.82
2005,Punjab,Arhar/Tur,Kharif,7800.0,566.7,935376.0,1638.0,0.946154
2010,Assam,Sesamum,Kharif,11888.0,2578.5,1974715.68,2853.12,0.496667
2014,Gujarat,Garlic,Whole Year,7844.0,605.6,1184130.24,2588.52,5.896
2017,Tamil Nadu,Arecanut,Whole Year,6740.0,970.9,1061145.6,2561.2,2.313043
2006,Uttar Pradesh,Sesamum,Kharif,140351.0,590.5,17924226.21,30877.22,0.164844
2009,Andhra Pradesh,Other  Rabi pulses,Rabi,2666.0,711.0,415416.12,453.22,0.59
2019,Karnataka,Black pepper,Whole Year,160774.0,1422.3,27614542.24,59486.38,0.394706
2013,Karnataka,Coriander,Whole Year,2648.0,1235.6,382609.52,714.96,0.319474
2019,Jharkhand,Arhar/Tur,Kharif,230559.0,1137.8,39600813.84,85306.83,1.055417
2018,Mizoram,Soyabean,Kharif,1012.0,1665.2,164146.4,354.2,1.465
2015,Manipur,Urad,Kharif,1443.0,1329.1,227864.13,476.19,1.135556
2017,Delhi,Maize,Kharif,36.0,533.7,5667.84,13.68,4.83
2013,Andhra Pradesh,Moong(Green Gram),Kharif,17490.0,1062.3,2527130.1,4722.3,0.627692
2020,Madhya Pradesh,Cotton(lint),Kharif,1877868.35,1735.7,545155.1,3404.02,0.557444
2005,Madhya Pradesh,Arhar/Tur,Kharif,319473.0,1032.7,38311202.16,67089.33,0.65
2013,Maharashtra,Castor seed,Kharif,13800.0,1409.8,1993962.0,3726.0,0.346522
2008,West Bengal,Mustard,Rabi,1234654.31,1606.1,300743.44,11528.72,1.272078
2019,Nagaland,Masoor,Rabi,2210.0,1593.0,379589.6,817.7,0.825556
2017,Karnataka,Turmeric,Whole Year,19339.0,1111.7,3044732.16,7348.82,6.2215
2019,Nagaland,Cotton(lint),Kharif,5.7,1593.0,979.03,2.11,0.615
2002,Odisha,Sugarcane,Whole Year,14177.0,1102.8,1342136.59,3544.25,52.076429
2001,Chhattisgarh,Sesamum,Kharif,23601.0,1550.0,2410370.13,6136.26,0.246875
2018,Gujarat,Potato,Whole Year,121449.0,1125.4,19699027.8,42507.15,28.842857
2011,Telangana,Arhar/Tur,Kharif,605188.18,978.8,73907.57,6038.11,0.935953
2017,Meghalaya,Sugarcane,Whole Year,121.0,4472.3,19050.24,45.98,2.67
2004,Chhattisgarh,Sweet potato,Whole Year,2707.0,1122.8,293276.38,568.47,5.37875
2012,Meghalaya,Maize,Whole Year,18015.0,2945.3,2716662.0,5584.65,2.2
2011,Meghalaya,Ginger,Kharif,9461.0,4083.1,1584906.72,3122.13,7.397143
2011,Odisha,Mustard,Rabi,1051278.85,1471.8,129460.17,11734.46,1.354768
2013,West Bengal,Other Kharif pulses,Kharif,879.0,1939.9,127006.71,237.33,0.536667
2018,Himachal Pradesh,Other Kharif pulses,Kharif,6568.0,1052.2,1065329.6,2298.8,0.925714
2003,Gujarat,Bajra,Kharif,900700.0,902.5,89151286.0,216168.0,1.421364
2020,Telangana,Sugarcane,Whole Year,1202152.25,1096.0,193905.31,5892.16,71.548033
2017,Rajasthan,Wheat,Rabi,2504205.37,340.5,640452.29,25061.45,4.245657
2013,Karnataka,Sugarcane,Whole Year,420022.0,1235.6,60688978.78,113405.94,87.8824
2007,West Bengal,Maize,Kharif,34570.0,2007.5,4611638.0,5531.2,1.775455
2004,Andhra Pradesh,Soyabean,Kharif,77158.0,781.8,8359297.72,16203.18,1.235556
2019,Uttar Pradesh,Ginger,Kharif,880.0,814.5,151148.8,325.6,5.2475
2009,Puducherry,Small millets,Kharif,1.0,1434.6,155.82,0.17,1.0
2019,Bihar,Gram,Rabi,52802.0,1194.7,9069271.52,19536.74,0.751852
2002,Goa,Ragi,Kharif,353.0,2516.3,33418.51,88.25,0.85
2019,Madhya Pradesh,Mustard,Rabi,696738.07,1043.5,109175.68,8605.56,1.570912
2019,Kerala,Sunflower,Whole Year,1.0,3119.2,171.76,0.37,1.0
2001,Odisha,Rapeseed &Mustard,Rabi,14159.0,1672.5,1446058.67,3681.34,0.13931
2000,Chhattisgarh,Linseed,Rabi,74020.0,896.4,7266543.4,19245.2,0.226667
2008,Punjab,Mustard,Rabi,781123.65,645.2,55060.47,3707.0,1.252942
2011,Andhra Pradesh,Ragi,Kharif,37057.0,861.9,6207788.64,12228.81,0.993846
2015,Gujarat,Guar seed,Whole Year,313428.0,584.3,49493415.48,103431.24,0.619583
2009,Maharashtra,Linseed,Rabi,36100.0,1002.4,5625102.0,6137.0,0.180588
2015,Uttarakhand,other oilseeds,Kharif,30.0,1247.6,4737.3,9.9,0.723333
2005,Assam,Wheat,Rabi,49961.0,2184.6,5991323.12,10491.81,1.084231
2012,Maharashtra,Gram,Rabi,1134500.0,1003.4,171082600.0,351695.0,0.712667
2001,Gujarat,Dry chillies,Whole Year,13600.0,666.5,1388968.0,3536.0,0.890526
2017,Madhya Pradesh,Sweet potato,Whole Year,5196.15,800.0,818081.86,1974.54,17.361471
2013,Mizoram,Other  Rabi pulses,Rabi,1239.0,1848.8,179023.11,334.53,1.355
2011,Karnataka,Gram,Rabi,802666.0,1179.0,134462608.3,264879.78,0.4464
2005,Arunachal Pradesh,Turmeric,Whole Year,427.0,2767.0,51205.84,89.67,4.232857
2004,Uttar Pradesh,Banana,Whole Year,1615.0,704.0,174969.1,339.15,36.311333
2019,Karnataka,Small millets,Kharif,52381.0,1422.3,8996960.56,19380.97,0.555357
2004,Madhya Pradesh,Sunflower,Kharif,1897.0,895.7,205520.98,398.37,0.316087
2015,Karnataka,Sugarcane,Whole Year,449586.0,1024.9,70994125.26,148363.38,85.546
2012,Maharashtra,Grapes,Whole Year,39593.37,1565.2,4458.64,84.91,21.152793
2007,Karnataka,Niger seed,Kharif,31244.0,1323.3,4167949.6,4999.04,0.349167
2009,Madhya Pradesh,Tobacco,Whole Year,312.0,904.1,48615.84,53.04,0.543636
2013,Himachal Pradesh,Maize,Kharif,291960.0,1216.9,42185300.4,78829.2,2.336667
2012,Uttar Pradesh,Cotton(lint),Kharif,5074.0,746.3,765159.2,1572.94,0.218333
2002,Nagaland,Jowar,Kharif,2000.0,1536.6,189340.0,500.0,1.90375
2017,Karnataka,Sweet potato,Whole Year,2766.0,1111.7,435479.04,1051.08,12.25
2017,Manipur,Turmeric,Whole Year,2552.0,1780.0,401786.88,969.76,12.4525
2002,Haryana,Potato,Whole Year,10328.0,353.9,977751.76,2582.0,33.775
2001,Haryana,Peas & beans (Pulses),Rabi,1065.0,483.8,108768.45,276.9,0.576429
2011,Sikkim,Maize,Kharif,39950.0,2585.5,6692424.0,13183.5,1.6125
2014,Madhya Pradesh,Rapeseed &Mustard,Rabi,614000.0,891.2,92689440.0,202620.0,0.93
2015,Karnataka,Black pepper,Whole Year,34990.0,1024.9,5525270.9,11546.7,0.796
2009,Manipur,Banana,Whole Year,5841.0,992.5,910144.62,992.97,10.646667
2000,Madhya Pradesh,Safflower,Rabi,142.0,723.3,13940.14,36.92,0.2275
2011,Bihar,Peas & beans (Pulses),Rabi,18655.0,1097.1,3125085.6,6156.15,1.027632
2009,Karnataka,Maize,Kharif,1108434.0,1321.0,172716185.9,188433.78,2.418148
2019,Nagaland,Castor seed,Kharif,360.0,1593.0,61833.6,133.2,0.605556
2016,Andhra Pradesh,Sugarcane,Whole Year,102732.0,890.0,15743679.0,35956.2,86.508462
2006,Bihar,Maize,Kharif,259494.0,1052.8,33139978.74,57088.68,1.558919
2019,Haryana,Rice,Kharif,1558900.0,351.8,267756664.0,576793.0,3.048095
2003,Tamil Nadu,Groundnut,Kharif,591696.0,345.6,58566070.08,142007.04,1.513929
2003,Madhya Pradesh,Sannhamp,Whole Year,5584.0,1163.0,552704.32,1340.16,2.155778
2020,Karnataka,Rice,Kharif,1514587.52,2101.4,411910.17,20612.33,3.295088
2003,Uttarakhand,Sugarcane,Whole Year,116877.0,1734.3,11568485.46,28050.48,58.12
2003,Tripura,Sugarcane,Whole Year,1120.0,2487.9,110857.6,268.8,41.27
2011,Uttar Pradesh,Potato,Rabi,557779.0,777.4,93439138.08,184067.07,21.508194
2016,Bihar,Small millets,Kharif,4080.0,1205.6,625260.0,1428.0,0.79
2002,Kerala,Cashewnut,Whole Year,88548.0,2511.2,8382839.16,22137.0,0.574286
2008,West Bengal,Niger seed,Kharif,5000.0,1560.1,715200.0,450.0,0.548571
2001,Nagaland,Peas & beans (Pulses),Kharif,1900.0,1532.0,194047.0,494.0,0.815
2007,Andhra Pradesh,Ragi,Kharif,48000.0,1004.2,6403200.0,7680.0,1.445714
2020,Jharkhand,Sugarcane,Whole Year,1273015.68,724.2,343891.92,10138.42,85.393408
2019,Gujarat,Jowar,Kharif,28638.0,1067.8,4918862.88,10596.06,1.448667
2010,Assam,Ginger,Whole Year,16386.0,2578.5,2721878.46,3932.64,6.940741
2016,Mizoram,Cotton(lint),Kharif,71.0,2626.8,10880.75,24.85,0.426667
2003,Maharashtra,Sunflower,Kharif,89000.0,1037.4,8809220.0,21360.0,0.400455
2014,Andhra Pradesh,Mango,Whole Year,248785.76,909.9,28945.19,2418.64,7.181983
2014,Tamil Nadu,Sunflower,Kharif,2782.0,911.3,419970.72,918.06,1.645833
2005,Uttarakhand,Onion,Whole Year,1996.0,1353.3,239360.32,419.16,12.830769
2009,Sikkim,Wheat,Rabi,5200.0,2176.6,810264.0,884.0,0.93
2006,Himachal Pradesh,Peas & beans (Pulses),Rabi,8170.0,1207.0,1043390.7,1797.4,1.513
2004,Sikkim,Other Kharif pulses,Kharif,2930.0,1650.5,317436.2,615.3,0.8625
2008,Andhra Pradesh,Coriander,Whole Year,33439.0,944.6,4783114.56,3009.51,0.585625
2009,Puducherry,Jowar,Kharif,6.0,1434.6,934.92,1.02,1.5
2017,Puducherry,Banana,Kharif,249.0,1582.4,39202.56,94.62,11.333333
2009,Andhra Pradesh,Rapeseed &Mustard,Rabi,4309.0,711.0,671428.38,732.53,0.3125
2003,Jammu and Kashmir,Other  Rabi pulses,Rabi,145.0,1430.3,14352.1,34.8,0.5
2006,Chhattisgarh,Onion,Whole Year,4484.0,1317.2,572651.64,986.48,6.496471
2011,Punjab,Cotton(lint),Kharif,515000.0,705.2,86272800.0,169950.0,3.010909
2006,Maharashtra,Banana,Whole Year,41602.32,2020.1,3766.39,364.78,25.352651
2007,Assam,Coconut,Whole Year,18812.0,2154.1,2509520.8,3009.92,7202.371852
2006,Telangana,Jowar,Kharif,761386.98,928.7,109636.09,5519.93,1.08037
2016,Uttar Pradesh,Urad,Kharif,594436.0,965.3,91097317.0,208052.6,0.587123
2017,Meghalaya,Soyabean,Kharif,1857.0,4472.3,292366.08,705.66,2.148182
2001,Haryana,Urad,Kharif,1999.0,483.8,204157.87,519.74,0.101667
2009,Andhra Pradesh,Horse-gram,Kharif,20162.0,711.0,3141642.84,3427.54,0.6
2017,West Bengal,Mango,Whole Year,186033.39,1593.4,51961.86,2003.2,7.607618
2012,Uttar Pradesh,Guar seed,Kharif,2438.0,746.3,367650.4,755.78,0.815758
2009,Uttarakhand,Groundnut,Kharif,1369.0,847.8,213317.58,232.73,0.964
2010,Meghalaya,Black pepper,Whole Year,889.0,3119.7,147671.79,213.36,0.52
2015,Karnataka,Arhar/Tur,Kharif,657354.0,1024.9,103802770.1,216926.82,0.41963
2017,Himachal Pradesh,Maize,Kharif,280811.0,1182.2,44210883.84,106708.18,2.886667
2007,Manipur,Sweet potato,Whole Year,450.0,1435.7,60030.0,72.0,3.51
2006,Assam,Potato,Whole Year,77712.0,1774.9,9924599.52,17096.64,6.657407
2019,Meghalaya,Jute,Kharif,6680.0,3844.4,1147356.8,2471.6,9.946
2016,Bihar,Gram,Rabi,59364.0,1205.6,9097533.0,20777.4,1.098
2018,Madhya Pradesh,Masoor,Rabi,420593.0,1102.2,68220184.6,147207.55,0.677083
2006,Andhra Pradesh,Tapioca,Whole Year,19732.0,845.2,2519973.72,4341.04,8.95
2017,Delhi,Gram,Rabi,25.0,533.7,3936.0,9.5,0.4
2000,Meghalaya,Castor seed,Kharif,23.0,6258.8,2257.91,5.98,0.515
2001,Chhattisgarh,Wheat,Rabi,97861.0,1550.0,9994543.93,25443.86,1.195
2020,Uttarakhand,Garlic,Whole Year,5345.0,1313.9,1034845.45,1977.65,6.603478
2006,Uttar Pradesh,Moong,Kharif,19898.5,747.7,1287.06,215.72,0.582366
2011,Manipur,Banana,Whole Year,6279.0,1533.6,1051858.08,2072.07,13.054444
2015,Uttar Pradesh,Sannhamp,Kharif,1992.0,596.7,314556.72,657.36,0.280714
2000,West Bengal,Rapeseed &Mustard,Rabi,435998.0,1907.7,42801923.66,113359.48,0.841667
2017,Meghalaya,Arhar/Tur,Kharif,1178.0,4472.3,185464.32,447.64,1.118
2012,Madhya Pradesh,Potato,Whole Year,81092.0,1049.5,12228673.6,25138.52,13.991224
2013,Maharashtra,Mango,Whole Year,97570.42,603.6,16578.8,1071.38,6.916185
2004,Delhi,Jowar,Kharif,9208.0,651.9,997594.72,1933.68,0.69
2006,Chhattisgarh,Gram,Rabi,231366.0,1317.2,29547751.86,50900.52,0.756667
2014,Uttarakhand,Groundnut,Kharif,1185.0,1287.4,178887.6,391.05,1.068333
2015,Arunachal Pradesh,Oilseeds total,Whole Year,35000.0,2593.2,5526850.0,11550.0,1.135
2011,Arunachal Pradesh,Maize,Kharif,46500.0,2193.7,7789680.0,15345.0,1.554375
2006,Chhattisgarh,Other  Rabi pulses,Rabi,2728.0,1317.2,348392.88,600.16,0.279375
2011,Madhya Pradesh,Other Kharif pulses,Kharif,10098.0,852.6,1691616.96,3332.34,0.186757
2004,Tamil Nadu,Groundnut,Kharif,615877.0,1034.0,66724114.18,129334.17,1.790714
2012,Bihar,Sannhamp,Kharif,1231.0,924.1,185634.8,381.61,0.806875
2002,Odisha,Coriander,Whole Year,18880.0,1102.8,1787369.6,4720.0,0.472333
2005,Telangana,Mango,Whole Year,154946.47,822.0,34791.51,799.47,4.804462
2003,Meghalaya,Sesamum,Kharif,1617.0,3321.3,160050.66,388.08,0.567143
2009,Jammu and Kashmir,Turmeric,Kharif,11.0,751.7,1714.02,1.87,1.055
2006,Tamil Nadu,Onion,Whole Year,29587.0,927.9,3778555.77,6509.14,8.720455
2006,Maharashtra,Sesamum,Kharif,99500.0,1439.4,12707145.0,21890.0,0.315152
2009,West Bengal,Arhar/Tur,Rabi,755.0,1317.2,117644.1,128.35,0.841
2014,Gujarat,Moth,Kharif,10170.0,605.6,1535263.2,3356.1,0.463913
2006,Karnataka,Onion,Whole Year,151289.0,1146.3,19321118.19,33283.58,6.4348
2004,Madhya Pradesh,Sesamum,Kharif,160464.0,895.7,17384669.76,33697.44,0.466667
2010,Chhattisgarh,Khesari,Rabi,359198.0,1283.1,59666379.78,86207.52,0.625
2013,Bihar,Ragi,Kharif,7034.0,1069.9,1016342.66,1899.18,0.992692
2018,West Bengal,Khesari,Rabi,92500.0,2012.6,15003500.0,32375.0,0.858095
2003,Gujarat,Urad,Kharif,107500.0,902.5,10640350.0,25800.0,0.666522
2019,Jharkhand,Bajra,Kharif,288.0,1137.8,49466.88,106.56,0.604615
2019,Madhya Pradesh,Groundnut,Kharif,217499.0,1446.7,37357628.24,80474.63,1.464898
2010,Rajasthan,Groundnut,Kharif,606196.03,564.4,138962.57,6351.29,1.531742
2019,Andhra Pradesh,Turmeric,Kharif,40936.14,1111.1,7711.66,453.54,5.727096
2013,West Bengal,Soyabean,Kharif,582.0,1939.9,84093.18,157.14,0.6225
2010,West Bengal,Mesta,Kharif,6256.0,1096.0,1039184.16,1501.44,8.576667
2000,Meghalaya,Rice,Kharif,102657.0,6258.8,10077837.69,26690.82,1.681429
2006,Jharkhand,Ragi,Autumn,32829.89,1465.1,4192705.25,7222.58,0.827727
2003,West Bengal,Sunflower,Kharif,8465.0,1526.7,837865.7,2031.6,0.585333
2007,Punjab,Wheat,Rabi,3488000.0,527.2,465299200.0,558080.0,4.4775
2019,Nagaland,Sunflower,Kharif,360.0,1593.0,61833.6,133.2,0.898333
2009,Maharashtra,Rice,Kharif,1450000.0,1002.4,225939000.0,246500.0,1.106071
2015,West Bengal,Other  Rabi pulses,Rabi,374.0,1717.0,59058.34,123.42,0.554
2015,Jammu and Kashmir,Ginger,Kharif,9.0,1572.6,1421.19,2.97,2.175
2014,Bihar,Sunflower,Rabi,11645.0,1061.0,1757929.2,3842.85,1.402174
2016,Punjab,Groundnut,Kharif,1200.0,635.9,183900.0,420.0,1.95
2018,Madhya Pradesh,Gram,Rabi,3103330.0,1102.2,503360126.0,1086165.5,1.403137
2006,Kerala,Other Cereals,Kharif,625.0,3429.7,79818.75,137.5,0.793333
2011,Bihar,Urad,Kharif,13704.0,1097.1,2295694.08,4522.32,0.899667
2003,Karnataka,Wheat,Rabi,231994.0,867.6,22962766.12,55678.56,0.516429
2005,Maharashtra,Banana,Whole Year,71469.34,1942.2,11901.76,301.17,21.64546
2012,Himachal Pradesh,Ragi,Kharif,2338.0,1035.0,352570.4,724.78,0.847143
2012,Gujarat,Banana,Whole Year,28100.0,460.6,4237480.0,8711.0,62.463
2001,Manipur,Onion,Whole Year,640.0,2013.1,65363.2,166.4,2.16
2019,Goa,Arecanut,Whole Year,1971.0,4489.5,338538.96,729.27,1.965
2002,Uttar Pradesh,Moth,Kharif,258.0,664.0,24424.86,64.5,0.439091
2002,Rajasthan,Groundnut,Kharif,484777.59,329.7,65936.58,4651.26,1.278586
2013,Assam,Arhar/Tur,Kharif,6130.0,1797.7,885723.7,1655.1,0.921852
2019,Himachal Pradesh,Maize,Kharif,287444.0,1217.7,49371381.44,106354.28,2.630833
2011,Odisha,Jute,Autumn,3910.0,1346.2,655003.2,1290.3,9.218571
2016,Gujarat,Moong(Green Gram),Kharif,153577.0,710.5,23535675.25,53751.95,0.472581
2012,West Bengal,Coconut,Whole Year,29200.0,1566.0,4403360.0,9052.0,12497.47056
2011,Jharkhand,Gram,Rabi,14034.0,1374.7,2350975.68,4631.22,1.000833
2009,Arunachal Pradesh,Rice,Kharif,121468.0,1701.9,18927143.76,20649.56,1.12
2000,Gujarat,Other Cereals,Kharif,10500.0,379.7,1030785.0,2730.0,0.236667
2013,Manipur,Sugarcane,Whole Year,5850.0,1428.8,845266.5,1579.5,57.038889
2005,Chhattisgarh,Potato,Whole Year,10614.0,1292.7,1272830.88,2228.94,4.965
2016,Bihar,Jowar,Kharif,1796.0,1205.6,275237.0,628.6,1.058333
2008,Uttar Pradesh,Rice,Kharif,6011761.0,891.6,859922293.4,541058.49,2.124429
2006,Karnataka,Bajra,Kharif,386456.0,1146.3,49354295.76,85020.32,0.485
2011,Haryana,Turmeric,Whole Year,267.0,471.5,44727.84,88.11,0.111111
2004,Odisha,Turmeric,Whole Year,23860.0,1290.4,2584992.4,5010.6,2.249333
2017,Meghalaya,Jute,Kharif,6673.0,4472.3,1050597.12,2535.74,9.934
2016,Haryana,Potato,Whole Year,32832.0,554.7,5031504.0,11491.2,24.845714
2019,Andhra Pradesh,Other  Rabi pulses,Rabi,10770.0,899.2,1849855.2,3984.9,1.23
2017,Tripura,Peas & beans (Pulses),Rabi,3474.0,3326.8,546946.56,1320.12,0.8725
2003,Odisha,Niger seed,Kharif,110640.0,1648.2,10951147.2,26553.6,0.277
2008,West Bengal,Other Kharif pulses,Kharif,976.0,1560.1,139607.04,87.84,0.675
2011,Andhra Pradesh,Moong(Green Gram),Kharif,152088.0,861.9,25477781.76,50189.04,0.537727
2017,Kerala,Sesamum,Whole Year,239.1,2664.8,37644.53,90.86,0.924
2009,Andhra Pradesh,Groundnut,Kharif,1010974.0,711.0,157529968.7,171865.58,0.965455
2019,Puducherry,Moong(Green Gram),Rabi,12.0,1317.0,2061.12,4.44,0.75
2002,West Bengal,Khesari,Kharif,584.0,1629.1,55287.28,146.0,0.87
2003,Gujarat,Cotton(lint),Kharif,1641000.0,902.5,162426180.0,393840.0,2.818182
2017,Telangana,Maize,Kharif,463203.0,815.7,72926680.32,176017.14,4.169333
2012,Punjab,Sugarcane,Whole Year,82000.0,338.9,12365600.0,25420.0,72.55625
2013,Himachal Pradesh,Masoor,Rabi,529.0,1216.9,76435.21,142.83,0.688889
2017,Andhra Pradesh,other oilseeds,Kharif,90131.0,868.2,14190224.64,34249.78,15.18
2001,Madhya Pradesh,Castor seed,Kharif,2496.0,955.0,254916.48,648.96,0.364444
2016,Meghalaya,Peas & beans (Pulses),Rabi,2314.0,3837.1,354620.5,809.9,1.797273
2003,West Bengal,Masoor,Rabi,69380.0,1526.7,6867232.4,16651.2,0.669412
2018,Nagaland,Masoor,Rabi,2180.0,1372.7,353596.0,763.0,0.822222
2018,Mizoram,Cowpea(Lobia),Kharif,1053.0,1665.2,170796.6,368.55,1.53125
2006,Tamil Nadu,Cashewnut,Whole Year,103968.0,927.9,13277753.28,22872.96,0.503571
2003,Tamil Nadu,Urad,Kharif,185732.0,345.6,18383753.36,44575.68,0.412963
2002,Meghalaya,Tobacco,Whole Year,719.0,4355.3,68067.73,179.75,0.584
2015,West Bengal,Horse-gram,Rabi,2081.0,1717.0,328610.71,686.73,0.662727
2001,Uttarakhand,Peas & beans (Pulses),Rabi,3251.0,1541.3,332024.63,845.26,0.655833
2009,Bihar,Masoor,Rabi,178162.0,889.3,27761202.84,30287.54,0.775789
2003,Nagaland,Groundnut,Kharif,2000.0,1709.8,197960.0,480.0,1.51625
2013,Uttar Pradesh,Rapeseed &Mustard,Rabi,662625.0,995.2,95742686.25,178908.75,0.939467
2015,Haryana,Coriander,Whole Year,2659.0,426.8,419882.69,877.47,2.55619
2014,Haryana,Moth,Kharif,400.0,301.3,60384.0,132.0,0.5
2016,Jharkhand,Arhar/Tur,Rabi,38099.0,1296.3,5838671.75,13334.65,1.691364
2004,Kerala,Cashewnut,Whole Year,81547.0,2880.2,8834801.98,17124.87,0.56
2017,Chhattisgarh,Ragi,Kharif,7274.0,1124.5,1145218.56,2764.12,0.194667
2012,Karnataka,Other Kharif pulses,Kharif,64785.0,956.2,9769578.0,20083.35,0.861538
2008,Haryana,Mustard,Rabi,1564967.07,285.7,386597.76,14479.47,1.44136
2014,Punjab,Moong(Green Gram),Kharif,3700.0,382.7,558552.0,1221.0,0.921818
2000,Andhra Pradesh,Rice,Kharif,3003673.0,935.6,294870578.4,780954.98,2.7
2019,Tripura,Mesta,Kharif,430.0,2252.8,73856.8,159.1,8.52125
2011,Andhra Pradesh,Bajra,Kharif,32415.0,861.9,5430160.8,10696.95,1.221765
2002,Assam,Linseed,Rabi,9717.0,1973.6,919908.39,2429.25,0.508636
2018,Karnataka,Tobacco,Whole Year,63840.0,1419.1,10354848.0,22344.0,0.853077
2012,Andhra Pradesh,Cashewnut,Kharif,121782.0,968.7,18364725.6,37752.42,0.278182
2017,Odisha,Rapeseed &Mustard,Winter,8650.0,1344.4,1361856.0,3287.0,0.327917
2005,Meghalaya,Castor seed,Kharif,33.0,3374.4,3957.36,6.93,0.693333
2011,Kerala,Cashewnut,Whole Year,54052.21,3035.1,9054826.22,17837.23,0.381429
2009,Chhattisgarh,Dry chillies,Whole Year,6084.0,956.9,948008.88,1034.28,0.645
2002,Madhya Pradesh,Cotton(lint),Kharif,552393.0,800.8,52295045.31,138098.25,0.535789
2017,Odisha,Urad,Autumn,20431.0,1344.4,3216656.64,7763.78,0.372308
2006,Tamil Nadu,Mango,Whole Year,203514.0,711.5,26208.88,1594.08,5.044976
2014,Odisha,Moong(Green Gram),Autumn,22009.0,1536.9,3322478.64,7262.97,0.278889
2003,Nagaland,Linseed,Rabi,8000.0,1709.8,791840.0,1920.0,0.8875
2016,Meghalaya,Tapioca,Kharif,5392.0,3837.1,826324.0,1887.2,7.550909
2003,Uttarakhand,Bajra,Kharif,3.0,1734.3,296.94,0.72,1.0
2012,Rajasthan,Groundnut,Kharif,506323.11,341.2,96512.48,6131.48,1.498874
2011,Uttar Pradesh,Urad,Kharif,507317.0,777.4,84985743.84,167414.61,0.659167
2017,Gujarat,Cotton(lint),Kharif,2626487.0,814.8,413514113.3,998065.06,3.962
2008,Odisha,Rapeseed &Mustard,Winter,13736.0,1539.0,1964797.44,1236.24,0.166207
2015,Haryana,Masoor,Rabi,1800.0,426.8,284238.0,594.0,0.958333
2017,Assam,Other  Rabi pulses,Rabi,14801.0,2098.6,2330269.44,5624.38,0.689259
2004,Chhattisgarh,Garlic,Whole Year,860.0,1122.8,93172.4,180.6,2.91
2018,Madhya Pradesh,Banana,Whole Year,26541.39,1102.2,4305013.46,9289.49,48.048333
2003,Assam,Urad,Rabi,39588.0,2213.7,3918420.24,9501.12,0.51913
2002,Assam,Small millets,Kharif,8310.0,1973.6,786707.7,2077.5,0.489091
2019,Meghalaya,Rice,Autumn,33480.0,3844.4,5750524.8,12387.6,2.510909
2016,Telangana,Bajra,Kharif,3134.0,942.6,480285.5,1096.9,0.89
2017,Andhra Pradesh,Turmeric,Kharif,42377.74,1116.1,5041.91,131.05,5.77054
2001,Mizoram,Urad,Kharif,28.0,2406.4,2859.64,7.28,1.02
2009,Karnataka,Sesamum,Kharif,76280.0,1321.0,11885949.6,12967.6,0.437308
2016,Chhattisgarh,Other  Rabi pulses,Rabi,1090.0,1298.9,167042.5,381.5,0.352105
2019,Tamil Nadu,Groundnut,Kharif,209159.0,910.1,35925149.84,77388.83,2.512333
2008,Himachal Pradesh,Masoor,Rabi,661.0,1357.1,94549.44,59.49,0.468889
2000,West Bengal,Small millets,Kharif,3061.0,1907.7,300498.37,795.86,0.682857
2006,Bihar,Khesari,Rabi,101692.0,1052.8,12987085.32,22372.24,0.788649
2014,West Bengal,Mustard,Rabi,348751.43,1851.3,61154.86,1509.56,1.362735
2018,Assam,Sugarcane,Whole Year,31199.0,2372.9,5060477.8,10919.65,33.764815
2010,Karnataka,Cotton(lint),Kharif,418360.0,1317.7,69493779.6,100406.4,2.260909
2019,Uttarakhand,Rapeseed &Mustard,Rabi,12639.0,1378.9,2170874.64,4676.43,0.860769
2008,Meghalaya,Small millets,Kharif,2442.0,3114.3,349303.68,219.78,1.011429
2017,Andhra Pradesh,Sugarcane,Whole Year,98912.0,868.2,15572705.28,37586.56,92.493846
2003,Jammu and Kashmir,Wheat,Rabi,250282.0,1430.3,24772912.36,60067.68,1.513333
2007,Chhattisgarh,Sunflower,Kharif,6227.0,1246.2,830681.8,996.32,0.400714
2016,Punjab,Arhar/Tur,Kharif,5700.0,635.9,873525.0,1995.0,0.902857
2003,Haryana,Onion,Whole Year,3319.0,592.3,328514.62,796.56,21.084
2011,Chhattisgarh,Sugarcane,Whole Year,8163.0,1302.7,1367465.76,2693.79,7.9008
2006,Uttarakhand,Masoor,Rabi,12677.0,1178.9,1618979.67,2788.94,0.550769
2018,Manipur,Groundnut,Kharif,3216.0,1196.9,521635.2,1125.6,0.934444
2002,Uttarakhand,Sesamum,Kharif,2152.0,1610.3,203729.84,538.0,0.123333
2016,Andhra Pradesh,other oilseeds,Kharif,138.0,890.0,21148.5,48.3,1.2275
2008,Bihar,Castor seed,Kharif,185.0,1197.7,26462.4,16.65,0.99
2003,Chhattisgarh,Other Kharif pulses,Kharif,5479.0,1643.7,542311.42,1314.96,0.331333
2004,Gujarat,Guar seed,Whole Year,214400.0,719.8,23228096.0,45024.0,0.803636
2015,Andhra Pradesh,Cowpea(Lobia),Kharif,11043.0,940.7,1743800.13,3644.19,0.77125
2004,Mizoram,Tapioca,Kharif,77.0,2640.8,8342.18,16.17,7.08
2007,Andhra Pradesh,Urad,Kharif,96000.0,1004.2,12806400.0,15360.0,0.534375
2020,Assam,Banana,Whole Year,34462.4,2410.1,9052.89,427.31,28.167439
2006,Karnataka,Mango,Whole Year,172018.26,1978.4,33099.69,1268.11,5.507731
2017,Madhya Pradesh,Onion,Whole Year,150865.6,800.0,23752280.06,57328.93,23.005686
2001,Andhra Pradesh,Groundnut,Kharif,1438665.0,928.4,146930856.5,374052.9,0.83
2012,Uttarakhand,Onion,Whole Year,2322.0,1309.8,350157.6,719.82,5.809167
2010,West Bengal,Other  Rabi pulses,Rabi,255.0,1096.0,42358.05,61.2,0.446667
2014,Bihar,Small millets,Kharif,2612.0,1061.0,394307.52,861.96,0.7895
2018,Haryana,Rapeseed &Mustard,Rabi,606500.0,533.2,98374300.0,212275.0,1.961818
2019,Chhattisgarh,Tobacco,Whole Year,9.0,1420.3,1545.84,3.33,0.72
2009,West Bengal,Mango,Whole Year,275071.96,1837.1,39920.47,1012.76,6.458339
2000,Odisha,Niger seed,Kharif,126530.0,1066.0,12421450.1,32897.8,0.342308
2010,Chhattisgarh,Castor seed,Kharif,223.0,1283.1,37042.53,53.52,0.32
2014,Nagaland,Jute,Kharif,3040.0,1333.3,458918.4,1003.2,1.902
2016,Haryana,Bajra,Kharif,464300.0,554.7,71153975.0,162505.0,2.046667
2001,Madhya Pradesh,Other Kharif pulses,Kharif,569223.0,955.0,58134744.99,147997.98,0.335111
2006,Bihar,Gram,Rabi,64279.0,1052.8,8209071.09,14141.38,0.845667
2005,Mizoram,Masoor,Rabi,10.0,2075.4,1199.2,2.1,1.19
2002,Tamil Nadu,Onion,Whole Year,23492.0,315.9,2223987.64,5873.0,8.54625
2004,Madhya Pradesh,Onion,Whole Year,35661.0,895.7,3863512.74,7488.81,15.031667
2005,Himachal Pradesh,Maize,Kharif,295351.0,1248.1,35418491.92,62023.71,1.913333
2009,Andhra Pradesh,Tapioca,Whole Year,11234.0,711.0,1750481.88,1909.78,9.916667
2014,Chhattisgarh,Sannhamp,Kharif,1403.0,1274.7,211796.88,462.99,0.3145
2014,Madhya Pradesh,Barley,Kharif,42000.0,891.2,6340320.0,13860.0,1.300968
2017,West Bengal,Peas & beans (Pulses),Rabi,17964.0,1830.0,2828252.16,6826.32,1.135455
2004,Tripura,Mesta,Kharif,1250.0,2706.3,135425.0,262.5,7.9425
2018,Himachal Pradesh,Garlic,Rabi,3596.0,1052.2,583271.2,1258.6,0.559
2010,Puducherry,Ragi,Kharif,14.0,1434.6,2325.54,3.36,1.575
2005,Nagaland,Bajra,Kharif,3050.0,1568.6,365756.0,640.5,1.03375
2002,Jammu and Kashmir,Other Kharif pulses,Kharif,6335.0,933.2,599734.45,1583.75,0.516667
2011,Andhra Pradesh,Cashewnut,Whole Year,137898.0,861.9,23100672.96,45506.34,0.351538
2019,Chhattisgarh,Khesari,Rabi,188588.0,1420.3,32391874.88,69777.56,0.28125
2004,Bihar,Garlic,Whole Year,2479.0,1147.8,268574.86,520.59,1.527742
2016,Haryana,Masoor,Rabi,1600.0,554.7,245200.0,560.0,0.866667
2006,Telangana,Soyabean,Kharif,1672757.39,809.1,290453.48,14085.98,1.196788
2007,Madhya Pradesh,Soyabean,Kharif,5187928.0,740.4,692069595.2,830068.48,0.857708
2003,Maharashtra,Soyabean,Kharif,1589100.0,1037.4,157289118.0,381384.0,1.498621
2001,Manipur,Rapeseed &Mustard,Rabi,590.0,2013.1,60256.7,153.4,0.44
2014,Bihar,Castor seed,Kharif,96.0,1061.0,14492.16,31.68,0.9875
2002,Chhattisgarh,Khesari,Rabi,330126.0,1001.4,31253028.42,82531.5,0.526667
2015,Chhattisgarh,Gram,Rabi,280929.0,1136.0,44361498.39,92706.57,0.778
2002,West Bengal,Cardamom,Whole Year,2874.0,1629.1,272081.58,718.5,0.24
2008,Nagaland,Cotton(lint),Kharif,110.0,1540.9,15734.4,9.9,0.53
2006,Tripura,Masoor,Rabi,360.0,1764.3,45975.6,79.2,0.6125
2004,Telangana,Cotton(lint),Kharif,944576.95,715.9,68478.87,4640.17,0.429886
2014,Goa,Cashewnut,Whole Year,56079.0,3491.2,8465685.84,18506.07,0.445
2014,Mizoram,Tapioca,Kharif,161.0,2029.9,24304.56,53.13,9.096
2000,Uttar Pradesh,Gram,Rabi,833007.0,874.4,81776297.19,216581.82,0.946232
2001,Bihar,Masoor,Rabi,170834.0,1247.0,17447276.42,44416.84,0.768378
2010,Punjab,Arhar/Tur,Kharif,4200.0,392.7,697662.0,1008.0,0.949
2004,Chhattisgarh,Horse-gram,Kharif,55371.0,1122.8,5998894.14,11627.91,0.291875
2020,Jharkhand,Onion,Rabi,162087.51,1190.5,43931.81,2247.41,19.648282
2014,West Bengal,Niger seed,Kharif,4122.0,1483.5,622257.12,1360.26,0.551667
2010,Andhra Pradesh,Rice,Kharif,2921793.0,1297.0,485339035.2,701230.32,2.666818
2018,Uttar Pradesh,Moong(Green Gram),Kharif,50515.0,792.8,8193533.0,17680.25,0.486232
2019,Telangana,Maize,Kharif,390692.0,1031.7,67105257.92,144556.04,5.12125
2017,Andhra Pradesh,Tobacco,Kharif,33229.0,868.2,5231573.76,12627.02,8.184444
2002,Jharkhand,Arhar/Tur,Rabi,18045.15,1041.2,1708334.35,4511.29,1.69
2007,Uttar Pradesh,Linseed,Rabi,30267.0,672.9,4037617.8,4842.72,0.265349
2008,Assam,Dry chillies,Whole Year,17010.0,2109.9,2433110.4,1530.9,0.62963
2009,Punjab,Wheat,Rabi,3522000.0,371.3,548798040.0,598740.0,4.3205
2019,Kerala,Cardamom,Whole Year,39697.0,3119.2,6818356.72,14687.89,0.062857
2002,Punjab,Gram,Rabi,7000.0,301.8,662690.0,1750.0,0.966875
2009,Madhya Pradesh,Moong(Green Gram),Kharif,73809.0,904.1,11500918.38,12547.53,0.345306
2013,Haryana,Horse-gram,Kharif,600.0,452.2,86694.0,162.0,0.723333
2013,Himachal Pradesh,Moth,Kharif,27.0,1216.9,3901.23,7.29,0.366667
2000,Kerala,Coconut,Whole Year,925783.0,2412.6,90884117.11,240703.58,5617.002143
2018,Assam,Banana,Whole Year,51113.0,2372.9,8290528.6,17889.55,17.68037
2011,Maharashtra,Rapeseed &Mustard,Rabi,13100.0,1174.1,2194512.0,4323.0,0.384783
2003,Haryana,Sugarcane,Whole Year,160257.0,592.3,15862237.86,38461.68,50.102778
2014,Karnataka,Jowar,Kharif,115546.0,1238.5,17442824.16,38130.18,1.331429
2001,West Bengal,Rapeseed &Mustard,Rabi,439578.0,1556.6,44894101.14,114290.28,0.688333
2005,West Bengal,Arecanut,Whole Year,9363.0,1650.1,1122810.96,1966.23,2.821176
2017,Tamil Nadu,Other Cereals,Kharif,3174.0,970.9,499714.56,1206.12,0.741364
2014,Chhattisgarh,Mesta,Kharif,1133.0,1274.7,171037.68,373.89,1.97
2016,Uttarakhand,Sesamum,Kharif,1864.0,1580.9,285658.0,652.4,0.258333
2010,West Bengal,Tobacco,Whole Year,14311.0,1096.0,2377200.21,3434.64,0.958
2000,Bihar,Rapeseed &Mustard,Rabi,97011.0,1207.0,9523569.87,25222.86,0.877568
2001,Uttarakhand,Sesamum,Kharif,2327.0,1541.3,237656.51,605.02,0.180769
2007,Assam,Small millets,Kharif,6919.0,2154.1,922994.6,1107.04,0.495385
2000,Chhattisgarh,Castor seed,Kharif,133.0,896.4,13056.61,34.58,0.256667
2000,Odisha,Sugarcane,Whole Year,16775.0,1066.0,1646801.75,4361.5,51.067931
2014,Kerala,Sugarcane,Whole Year,1517.06,3046.4,229015.38,500.63,45.053846
2018,Madhya Pradesh,Mustard,Rabi,674872.23,1081.3,132396.89,6231.57,1.434805
2011,Madhya Pradesh,Garlic,Whole Year,73907.0,852.6,12380900.64,24389.31,2.6802
2017,Tripura,Sugarcane,Whole Year,806.0,3326.8,126896.64,306.28,53.38875
2008,Uttar Pradesh,Dry chillies,Kharif,14918.0,891.6,2133870.72,1342.62,0.998971
2008,Uttarakhand,Barley,Rabi,22596.0,1363.7,3232131.84,2033.64,0.982308
2010,Meghalaya,Masoor,Rabi,339.0,3119.7,56311.29,81.36,0.7625
2005,Sikkim,Barley,Rabi,1230.0,2041.6,147501.6,258.3,1.285
2005,Tripura,Peas & beans (Pulses),Rabi,1025.0,1765.9,122918.0,215.25,0.595
2019,Uttar Pradesh,Urad,Kharif,518986.0,814.5,89141035.36,192024.82,0.59274
2000,Kerala,Turmeric,Whole Year,4127.0,2412.6,405147.59,1073.02,1.905714
2004,Chhattisgarh,Gram,Rabi,233322.0,1122.8,25278105.48,48997.62,0.533125
2011,Uttar Pradesh,Rice,Kharif,5922643.0,777.4,992161155.4,1954472.19,2.294444
2008,Jharkhand,Rice,Autumn,188422.33,1295.2,26951930.08,16958.01,0.868696
2016,Manipur,Other  Rabi pulses,Rabi,6320.0,2039.8,968540.0,2212.0,0.931111
2007,Karnataka,Dry chillies,Kharif,126372.0,1323.3,16858024.8,20219.52,0.993929
2004,Assam,Tobacco,Whole Year,678.0,2536.9,73454.52,142.38,0.58087
2014,Himachal Pradesh,Cotton(lint),Kharif,4.0,1019.9,603.84,1.32,0.39
2011,Gujarat,Rice,Kharif,751300.0,890.5,125857776.0,247929.0,1.951667
2001,Bihar,Peas & beans (Pulses),Rabi,26086.0,1247.0,2664163.18,6782.36,0.971176
2012,Assam,Sesamum,Kharif,11413.0,2167.5,1721080.4,3538.03,0.629259
2006,Jammu and Kashmir,Cotton(lint),Kharif,42.0,1786.5,5363.82,9.24,0.5
2004,Andhra Pradesh,Onion,Kharif,21907.0,781.8,2373404.38,4600.47,14.4
2004,Haryana,Peas & beans (Pulses),Rabi,716.0,484.6,77571.44,150.36,0.614545
2013,Karnataka,Sweet potato,Whole Year,3125.0,1235.6,451531.25,843.75,13.866
2010,Punjab,Sugarcane,Whole Year,1212882.44,557.6,97364.82,3029.22,73.242524
2012,Gujarat,Potato,Whole Year,71500.0,460.6,10782200.0,22165.0,22.713333
2007,Andhra Pradesh,Tobacco,Whole Year,120000.0,1004.2,16008000.0,19200.0,1.529167
2013,Rajasthan,Sesamum,Kharif,41789.66,445.4,7294.06,489.77,0.517836
2007,Uttarakhand,Moth,Kharif,8.0,1924.3,1067.2,1.28,0.38
2016,Uttar Pradesh,Sugarcane,Kharif,2159841.0,965.3,330995633.3,755944.35,64.833467
2010,Nagaland,Horse-gram,Kharif,330.0,1771.8,54816.3,79.2,1.011818
2009,Kerala,Sugarcane,Whole Year,2972.0,2821.5,463097.04,505.24,50.8875
2012,Mizoram,Cotton(lint),Kharif,7.0,2050.2,1055.6,2.17,0.79
2000,Chhattisgarh,Niger seed,Kharif,74256.0,896.4,7289711.52,19306.56,0.165385
2018,Uttar Pradesh,Tobacco,Rabi,25327.0,792.8,4108039.4,8864.45,2.135417
2019,Karnataka,Jowar,Kharif,178585.0,1422.3,30673759.6,66076.45,1.383793
2003,Gujarat,Sesamum,Kharif,402400.0,902.5,39829552.0,96576.0,0.588182
2018,Assam,Potato,Whole Year,103205.0,2372.9,16739851.0,36121.75,7.511852
2006,Karnataka,Tomato,Whole Year,40994.91,2380.1,3543.04,458.46,22.285739
2014,Telangana,Coconut,Whole Year,439.0,746.4,66271.44,144.87,21105.0
2011,Punjab,Gram,Rabi,1800.0,705.2,301536.0,594.0,1.1625
2013,Punjab,Potato,Rabi,66289.34,579.0,11281.57,656.04,21.458938
2002,Tamil Nadu,Rice,Kharif,1516537.0,315.9,143570557.8,379134.25,2.884643
2000,Delhi,Bajra,Kharif,3119.0,544.3,306192.23,810.94,1.49
2008,Madhya Pradesh,Wheat,Rabi,3997666.0,895.0,571826144.6,359789.94,1.764
2009,Telangana,Sugarcane,Whole Year,989579.16,789.4,121183.52,3463.84,72.23436
2017,West Bengal,Horse-gram,Rabi,1319.0,1830.0,207663.36,501.22,0.595455
2011,Andhra Pradesh,Niger seed,Kharif,6880.0,861.9,1152537.6,2270.4,0.28
2000,Andhra Pradesh,Castor seed,Kharif,398561.0,935.6,39126733.37,103625.86,0.339048
2013,Jammu and Kashmir,Gram,Rabi,166.0,1193.8,23985.34,44.82,0.55
2009,Andhra Pradesh,Urad,Kharif,82940.0,711.0,12923710.8,14099.8,0.2605
2013,Gujarat,Tobacco,Kharif,39062.0,1006.5,5644068.38,10546.74,1.947778
2003,Chhattisgarh,Sunflower,Kharif,6092.0,1643.7,602986.16,1462.08,0.379286
2017,Karnataka,Other Kharif pulses,Kharif,59826.0,1111.7,9419005.44,22733.88,0.8096
2015,Haryana,Peas & beans (Pulses),Kharif,14276.0,426.8,2254323.16,4711.08,7.978571
2016,Haryana,Coriander,Whole Year,2261.0,554.7,346498.25,791.35,1.89619
2003,Assam,Rice,Autumn,441143.0,2213.7,43664334.14,105874.32,1.118696
2007,Uttar Pradesh,Tobacco,Rabi,24951.0,672.9,3328463.4,3992.16,5.514615
2007,Tamil Nadu,Bajra,Whole Year,59798.0,1067.2,7977053.2,9567.68,1.6084
2012,Tripura,Arhar/Tur,Kharif,1498.0,1882.2,225898.4,464.38,0.75
2016,Odisha,Onion,Rabi,228774.56,1299.3,32555.68,1334.72,18.900451
2008,Odisha,Wheat,Summer,5267.0,1539.0,753391.68,474.03,1.3836
2009,West Bengal,Mustard,Rabi,1147763.58,1386.1,228151.79,4260.19,1.414547
2017,Bihar,Garlic,Whole Year,1690.0,1112.0,266073.6,642.2,1.531852
2007,Haryana,Cotton(lint),Kharif,482474.0,443.8,64362031.6,77195.84,1.882778
2014,Rajasthan,Barley,Rabi,10978.06,323.2,1496.56,42.52,2.676244
2013,Sikkim,Small millets,Kharif,2960.0,2567.6,427690.4,799.2,0.9975
2005,Madhya Pradesh,Jowar,Kharif,566097.0,1032.7,67886352.24,118880.37,1.114375
2004,Odisha,Horse-gram,Summer,240.0,1290.4,26001.6,50.4,0.21
2003,Goa,Black pepper,Whole Year,589.0,3011.6,58299.22,141.36,0.17
2014,Jharkhand,Potato,Rabi,16999.0,1156.6,2566169.04,5609.67,7.075
2007,Chhattisgarh,Onion,Whole Year,4372.0,1246.2,583224.8,699.52,5.119412
2018,Kerala,Tapioca,Whole Year,61874.16,2989.7,10035988.75,21655.96,36.302143
2019,Assam,Masoor,Rabi,24122.0,2084.7,4143194.72,8925.14,0.732963
2015,Kerala,Arecanut,Whole Year,99125.71,2602.9,15652940.87,32711.48,0.96
2010,Uttar Pradesh,Sannhamp,Kharif,2065.0,742.6,343017.15,495.6,0.325294
2010,Maharashtra,Arhar/Tur,Kharif,1301900.0,1389.0,216258609.0,312456.0,0.70125
2004,Nagaland,Jowar,Kharif,2500.0,1711.5,270850.0,525.0,1.5975
2016,Chhattisgarh,Masoor,Rabi,17080.0,1298.9,2617510.0,5978.0,0.32087
2001,Madhya Pradesh,Rapeseed &Mustard,Rabi,504749.0,955.0,51550015.37,131234.74,0.607111
2012,Chhattisgarh,Urad,Kharif,95277.0,1366.8,14367771.6,29535.87,0.34
2016,Meghalaya,Gram,Rabi,1850.0,3837.1,283512.5,647.5,1.078
2016,Uttar Pradesh,Arhar/Tur,Kharif,337711.0,965.3,51754210.75,118198.85,1.052222
2013,Odisha,Sesamum,Autumn,2737.0,1632.4,395469.13,738.99,0.25
2003,Nagaland,Jowar,Kharif,3000.0,1709.8,296940.0,720.0,1.6075
2010,Meghalaya,Banana,Kharif,6795.0,3119.7,1128717.45,1630.8,10.292857
2006,Uttarakhand,Soyabean,Kharif,9327.0,1178.9,1191151.17,2051.94,0.994167
2019,Jharkhand,Castor seed,Kharif,58.0,1137.8,9962.08,21.46,0.525
2006,Sikkim,Rice,Kharif,9200.0,2270.2,1174932.0,2024.0,4.84
2006,Kerala,Sesamum,Kharif,732.0,3429.7,93483.72,161.04,0.397
2013,Maharashtra,Sunflower,Kharif,33600.0,1409.8,4854864.0,9072.0,0.678235
2003,Andhra Pradesh,Tapioca,Whole Year,19456.0,826.0,1925754.88,4669.44,6.29
2018,Arunachal Pradesh,Sunflower,Kharif,573.0,2992.9,92940.6,200.55,0.851818
2006,Bihar,Jute,Kharif,132914.0,1052.8,16974446.94,29241.08,10.926429
2011,Jharkhand,Arhar/Tur,Rabi,18053.0,1374.7,3024238.56,5957.49,1.611739
2016,Jammu and Kashmir,Garlic,Rabi,745.0,902.8,114171.25,260.75,0.829091
2003,Tamil Nadu,Onion,Whole Year,23452.0,345.6,2321278.96,5628.48,8.768077
2015,Assam,Masoor,Rabi,27180.0,2155.3,4291993.8,8969.4,0.6864
2018,Tripura,Jowar,Kharif,563.0,2169.1,91318.6,197.05,0.77875
2005,Nagaland,Maize,Kharif,50000.0,1568.6,5996000.0,10500.0,1.8025
2017,Madhya Pradesh,Linseed,Rabi,162000.0,800.0,25505280.0,61560.0,0.67561
2003,Mizoram,Potato,Whole Year,363.0,2499.5,35929.74,87.12,3.301667
2016,West Bengal,Moong(Green Gram),Kharif,1238.0,1795.8,189723.5,433.3,0.790833
2015,Andhra Pradesh,Moong(Green Gram),Kharif,51600.0,940.7,8148156.0,17028.0,0.550769
2006,Meghalaya,Other  Rabi pulses,Rabi,2167.0,2454.7,276747.57,476.74,0.76
2007,Madhya Pradesh,Groundnut,Kharif,201078.0,740.4,26823805.2,32172.48,0.910213
2004,Odisha,Linseed,Rabi,22376.0,1290.4,2424215.84,4698.96,0.355625
2011,Andhra Pradesh,Groundnut,Kharif,1056654.0,861.9,177010678.1,348695.82,1.129048
2003,Odisha,Dry chillies,Whole Year,75040.0,1648.2,7427459.2,18009.6,0.838667
2000,Chhattisgarh,Soyabean,Kharif,12662.0,896.4,1243028.54,3292.12,0.580667
2007,Uttarakhand,Turmeric,Whole Year,223.0,1924.3,29748.2,35.68,1.91
2017,Punjab,Groundnut,Kharif,1200.0,497.5,188928.0,456.0,1.92
2019,Meghalaya,Turmeric,Whole Year,2980.0,3844.4,511844.8,1102.6,5.923636
2011,Telangana,Soyabean,Kharif,1378539.72,1046.2,174870.23,15778.7,1.437871
2010,Odisha,Horse-gram,Summer,404.0,1291.9,67108.44,96.96,0.28
2010,Maharashtra,Banana,Whole Year,70471.0,2118.2,16403.6,509.18,28.471138
2008,Andhra Pradesh,Sweet potato,Whole Year,903.0,944.6,129165.12,81.27,8.952143
2008,Madhya Pradesh,Sweet potato,Whole Year,3584.0,895.0,512655.36,322.56,5.977447
2015,Odisha,Sesamum,Autumn,2959.0,1210.1,467255.69,976.47,0.258
2009,Odisha,Urad,Autumn,29523.0,1330.3,4600273.86,5018.91,0.26
2014,Tamil Nadu,Sugarcane,Whole Year,263066.0,911.3,39712443.36,86811.78,99.260333
2019,Bihar,Potato,Rabi,82888.0,1194.7,14236842.88,30668.56,13.675263
2016,Arunachal Pradesh,Ginger,Whole Year,7775.0,2933.7,1191518.75,2721.25,6.432
2016,Arunachal Pradesh,Sesamum,Kharif,2019.0,2933.7,309411.75,706.65,0.848125
2004,Nagaland,Groundnut,Kharif,5540.0,1711.5,600203.6,1163.4,1.26375
2016,West Bengal,Maize,Autumn,46431.0,1795.8,7115550.75,16250.85,2.783333
2005,Karnataka,Maize,Kharif,842243.0,1316.2,101001780.6,176871.03,3.1212
2009,Madhya Pradesh,Turmeric,Whole Year,649.0,904.1,101127.18,110.33,0.975484
2000,Sikkim,Other Cereals,Rabi,1990.0,2504.8,195358.3,517.4,0.7625
2000,Odisha,Gram,Rabi,20630.0,1066.0,2025247.1,5363.8,0.528667
2009,Rajasthan,Gram,Rabi,1278588.39,344.1,283309.07,6618.38,1.00977
2013,Chhattisgarh,Safflower,Rabi,532.0,1418.3,76868.68,143.64,0.408333
2003,Karnataka,Small millets,Kharif,68145.0,867.6,6744992.1,16354.8,0.546316
2013,Uttar Pradesh,Moong,Kharif,19939.87,861.1,1618.54,141.42,0.599798
2018,Maharashtra,Sunflower,Kharif,16026.0,1387.4,2599417.2,5609.1,0.113571
2002,Manipur,Cashewnut,Whole Year,285.0,1743.7,26980.95,71.25,0.405
2018,Karnataka,Niger seed,Kharif,1068.0,1419.1,173229.6,373.8,0.139615
2013,Meghalaya,Ginger,Kharif,9752.0,2448.4,1409066.48,2633.04,9.559091
2011,Bihar,Sesamum,Kharif,2555.0,1097.1,428013.6,843.15,0.892759
2010,Meghalaya,Rapeseed &Mustard,Rabi,7152.0,3119.7,1188018.72,1716.48,0.592857
2013,Jammu and Kashmir,Linseed,Rabi,165.0,1193.8,23840.85,44.55,0.518333
2008,Nagaland,Tapioca,Kharif,1600.0,1540.9,228864.0,144.0,23.06
2006,Karnataka,Ragi,Kharif,554193.0,1146.3,70775988.03,121922.46,1.002632
2018,Chhattisgarh,Sesamum,Kharif,16557.0,1515.5,2685545.4,5794.95,0.355556
2001,Uttar Pradesh,Moth,Kharif,339.0,849.9,34622.07,88.14,0.4608
2004,Karnataka,Onion,Whole Year,136038.0,1117.7,14738356.92,28567.98,7.8688
2006,Chhattisgarh,Niger seed,Kharif,72788.0,1317.2,9295755.48,16013.36,0.153125
2007,Haryana,Sesamum,Kharif,2741.0,443.8,365649.4,438.56,0.206842
2020,Telangana,Turmeric,Kharif,24025.35,1067.3,2764.69,117.87,5.726528
2009,Gujarat,Onion,Rabi,38500.0,618.0,5999070.0,6545.0,26.692778
2002,Puducherry,Coconut,Whole Year,2279.0,1434.6,215752.93,569.75,10750.0
2008,Uttar Pradesh,Garlic,Rabi,33421.0,891.6,4780539.84,3007.89,5.909104
2014,Manipur,Rice,Kharif,224380.0,987.5,33872404.8,74045.4,2.073333
2013,Kerala,Banana,Whole Year,62261.0,3255.4,8996091.89,16810.47,8.377857
2013,Telangana,Other  Rabi pulses,Rabi,467.0,1348.7,67476.83,126.09,1.315
2000,Gujarat,Sugarcane,Whole Year,177700.0,379.7,17444809.0,46202.0,67.180714
2001,West Bengal,Arecanut,Whole Year,9276.0,1556.6,947357.88,2411.76,1.861765
2004,Jharkhand,Gram,Rabi,17622.22,1149.2,1909191.32,3700.67,0.859091
2008,Assam,Gram,Rabi,1719.0,2109.9,245885.76,154.71,0.509259
2004,Madhya Pradesh,Bajra,Kharif,184058.0,895.7,19940843.72,38652.18,0.938125
2009,Kerala,Groundnut,Kharif,1340.0,2821.5,208798.8,227.8,0.87
2000,Nagaland,Jowar,Kharif,1500.0,1631.8,147255.0,390.0,0.83
2011,Andhra Pradesh,Coconut,Whole Year,103967.0,861.9,17416551.84,34309.11,12604.71833
2014,Tripura,Urad,Kharif,889.0,2015.7,134203.44,293.37,0.5725
2014,Karnataka,Small millets,Kharif,22731.0,1238.5,3431471.76,7501.23,0.525
2014,Karnataka,Wheat,Rabi,197615.0,1238.5,29831960.4,65212.95,1.289286
2012,West Bengal,Mustard,Rabi,1135932.19,1639.6,85975.88,7367.22,1.260402
2011,West Bengal,Mango,Whole Year,178404.85,1493.2,14020.28,785.77,7.488197
2019,West Bengal,Cotton(lint),Kharif,305.0,1733.4,52386.8,112.85,1.18
2019,Himachal Pradesh,Gram,Rabi,394.0,1217.7,67673.44,145.78,1.052222
2005,Mizoram,Rapeseed &Mustard,Kharif,166.0,2075.4,19906.72,34.86,0.68
2016,Andhra Pradesh,Gram,Kharif,5.0,890.0,766.25,1.75,0.4
2001,Rajasthan,Jowar,Kharif,1301759.95,368.3,110864.92,11380.28,0.88432
2014,Meghalaya,Masoor,Rabi,1234.0,3484.4,186284.64,407.22,1.41
2004,Assam,Rapeseed &Mustard,Rabi,244948.0,2536.9,26537666.32,51439.08,0.514783
2010,Tamil Nadu,Sesamum,Whole Year,48189.0,1095.2,8004674.79,11565.36,0.49931
2017,Himachal Pradesh,Rice,Kharif,71613.0,1182.2,11274750.72,27212.94,1.618182
2007,Nagaland,Potato,Kharif,2500.0,1769.0,333500.0,400.0,15.335
2019,West Bengal,Sugarcane,Whole Year,19177.0,1733.4,3293841.52,7095.49,81.0915
2019,West Bengal,Mustard,Rabi,771200.32,2789.6,189934.05,9000.17,1.541569
2010,Meghalaya,Dry chillies,Whole Year,1848.0,3119.7,306971.28,443.52,1.03
2012,Rajasthan,Coriander,Rabi,20846.35,496.0,4914.9,94.92,0.823509
2008,Bihar,Mesta,Kharif,19019.0,1197.7,2720477.76,1711.71,8.0805
2010,West Bengal,Horse-gram,Kharif,2363.0,1096.0,392517.93,567.12,0.529
2007,Goa,Rice,Kharif,52191.0,3674.7,6962279.4,8350.56,2.32
2008,Kerala,Sugarcane,Whole Year,3392.0,2524.8,485191.68,305.28,73.525
2007,Chhattisgarh,Sesamum,Kharif,21232.0,1246.2,2832348.8,3397.12,0.330556
2005,Chhattisgarh,Sesamum,Kharif,24646.0,1292.7,2955548.32,5175.66,0.29375
2009,Himachal Pradesh,Cotton(lint),Kharif,8.0,969.9,1246.56,1.36,0.335
2000,Rajasthan,Gram,Rabi,992005.51,522.2,112044.96,5945.05,0.792053
2014,Andhra Pradesh,Small millets,Kharif,18204.0,687.6,2748075.84,6007.32,0.722222
2001,Jharkhand,Onion,Rabi,71429.09,1456.1,11771.99,128.39,14.57154
2019,Maharashtra,Turmeric,Kharif,16179.22,1504.7,3303.98,193.29,6.493408
2011,Assam,Rice,Autumn,276486.0,1743.4,46316934.72,91240.38,1.268519
2005,Kerala,Ginger,Whole Year,12226.0,3030.9,1466141.92,2567.46,3.258571
2014,Haryana,Mustard,Rabi,975260.82,551.5,275544.07,8366.73,1.491537
2008,Bihar,Masoor,Rabi,163773.0,1197.7,23426089.92,14739.57,0.757105
2018,Bihar,Barley,Rabi,14265.0,1521.4,2313783.0,4992.75,1.794444
2016,Jammu and Kashmir,Other Kharif pulses,Kharif,3780.0,902.8,579285.0,1323.0,0.666429
2014,Haryana,Potato,Whole Year,30134.0,301.3,4549028.64,9944.22,23.752
2002,Karnataka,Wheat,Rabi,246855.0,860.8,23369762.85,61713.75,0.572143
2008,Uttarakhand,Other  Rabi pulses,Rabi,201.0,1363.7,28751.04,18.09,0.3625
2011,Odisha,Groundnut,Autumn,27791.0,1346.2,4655548.32,9171.03,0.765455
2000,Telangana,Turmeric,Kharif,10874.87,1098.0,582.59,48.27,5.128856
2004,Odisha,Mustard,Rabi,1185363.84,1649.6,176000.35,7807.64,1.318921
2005,Jharkhand,Arhar/Tur,Rabi,14217.46,965.2,1704957.8,2985.67,1.269286
2012,West Bengal,Other  Rabi pulses,Rabi,223.0,1566.0,33628.4,69.13,0.443333
2015,Goa,Rice,Kharif,27730.0,2587.1,4378844.3,9150.9,2.83
2017,Himachal Pradesh,Garlic,Rabi,3342.0,1182.2,526164.48,1269.96,0.584444
2007,Tamil Nadu,Black pepper,Whole Year,3130.0,1067.2,417542.0,500.8,0.145333
2018,Delhi,Bajra,Kharif,1478.0,678.5,239731.6,517.3,2.2
2020,Uttarakhand,Rapeseed &Mustard,Rabi,13150.0,1313.9,2545971.5,4865.5,0.693846
2019,Meghalaya,Gram,Rabi,1869.0,3844.4,321019.44,691.53,1.082
2006,Nagaland,Cotton(lint),Kharif,200.0,1362.5,25542.0,44.0,0.335
2010,Odisha,Rice,Autumn,678000.0,1291.9,112622580.0,162720.0,0.939643
2011,Andhra Pradesh,Maize,Kharif,530919.0,861.9,88939550.88,175203.27,3.427727
2017,Chhattisgarh,Mesta,Kharif,1063.0,1124.5,167358.72,403.94,1.815556
2001,Telangana,Sugarcane,Whole Year,804859.16,794.7,49898.58,7117.49,65.624639
2015,Rajasthan,Sesamum,Kharif,33991.7,248.5,8233.95,93.3,0.538178
2007,Andhra Pradesh,Rice,Kharif,2578000.0,1004.2,343905200.0,412480.0,3.094545
2012,Karnataka,Dry chillies,Kharif,51284.0,956.2,7733627.2,15898.04,1.012857
2001,Gujarat,Cotton(lint),Kharif,1749800.0,666.5,178707074.0,454948.0,1.133529
2011,Uttarakhand,Rice,Kharif,261319.0,1564.7,43776158.88,86235.27,1.684615
2014,Kerala,Wheat,Whole Year,1.0,3046.4,150.96,0.33,3.0
2005,Madhya Pradesh,Bajra,Kharif,182506.0,1032.7,21886119.52,38326.26,0.988286
2001,Jammu and Kashmir,Rapeseed &Mustard,Rabi,71494.0,953.8,7301682.22,18588.44,0.586667
2020,Bihar,Mango,Whole Year,60544.11,1118.3,12130.54,267.97,7.685665
2016,Uttar Pradesh,Groundnut,Kharif,94013.0,965.3,14407492.25,32904.55,0.933898
2017,Andhra Pradesh,Soyabean,Kharif,373.0,868.2,58725.12,141.74,1.74
2019,Chhattisgarh,Urad,Kharif,74267.0,1420.3,12756099.92,27478.79,0.331429
2013,Meghalaya,Small millets,Rabi,2854.0,2448.4,412374.46,770.58,1.033
2011,Puducherry,Sugarcane,Kharif,1949.0,1434.6,326496.48,643.17,147.66
2014,West Bengal,Soyabean,Kharif,595.0,1483.5,89821.2,196.35,0.5925
2007,Maharashtra,Niger seed,Kharif,47300.0,1257.2,6309820.0,7568.0,0.3595
2005,Bihar,Jute,Kharif,131049.0,907.8,15715396.08,27520.29,11.934545
2020,Maharashtra,Onion,Rabi,146700.34,1869.1,17555.54,1856.52,18.341508
2000,Rajasthan,Sesamum,Kharif,15202.13,145.4,1892.37,118.91,0.391988
2010,Tamil Nadu,Bajra,Kharif,1979943.46,897.1,278867.29,5884.46,1.544969
2002,Assam,Coconut,Whole Year,20919.0,1973.6,1980401.73,5229.75,6959.633043
2014,Kerala,Tapioca,Whole Year,75493.0,3046.4,11396423.28,24912.69,38.105
2018,Rajasthan,Coriander,Rabi,16830.83,210.3,2469.92,118.9,1.047854
2017,Delhi,Jowar,Kharif,3201.0,533.7,503965.44,1216.38,0.95
2001,Tamil Nadu,Sesamum,Kharif,83848.0,481.3,8563396.24,21800.48,0.518148
2015,Gujarat,Maize,Kharif,297588.0,584.3,46992121.08,98204.04,1.486818
2017,Jharkhand,Sunflower,Kharif,412.0,1165.7,64865.28,156.56,0.757778
2006,Karnataka,Sesamum,Kharif,85356.0,1146.3,10900814.76,18778.32,0.597308
2006,Chhattisgarh,Rice,Kharif,3905319.0,1317.2,498748289.5,859170.18,1.247222
2015,Odisha,Arhar/Tur,Kharif,605674.77,1740.1,122839.2,4432.66,0.979834
2004,Karnataka,Castor seed,Kharif,20161.0,1117.7,2184242.74,4233.81,0.908
2012,Mizoram,Tapioca,Kharif,55.0,2050.2,8294.0,17.05,7.94
2010,Madhya Pradesh,Sunflower,Kharif,112.0,856.3,18604.32,26.88,0.37
2019,Nagaland,other oilseeds,Kharif,2550.0,1593.0,437988.0,943.5,0.603333
2008,Chhattisgarh,Maize,Kharif,99375.0,1117.9,14214600.0,8943.75,1.263889
2014,Jammu and Kashmir,Masoor,Kharif,16.0,1278.4,2415.36,5.28,0.51
2006,Punjab,Linseed,Rabi,200.0,569.6,25542.0,44.0,0.5
2008,Jammu and Kashmir,Peas & beans (Pulses),Rabi,1109.0,1390.1,158631.36,99.81,0.893846
2004,Arunachal Pradesh,Maize,Kharif,37800.0,2939.5,4095252.0,7938.0,1.495
2009,Haryana,Sweet potato,Whole Year,59.0,393.0,9193.38,10.03,13.7
2017,Nagaland,other oilseeds,Kharif,2470.0,1722.1,388876.8,938.6,0.603333
2019,Uttarakhand,Moong(Green Gram),Kharif,2.0,1378.9,343.52,0.74,1.0
2009,Uttar Pradesh,Cotton(lint),Kharif,4971.0,585.8,774581.22,845.07,0.1875
2004,Assam,Banana,Whole Year,95618.26,2377.4,16597.25,283.51,27.114565
2016,Uttarakhand,Small millets,Kharif,57467.0,1580.9,8806817.75,20113.45,1.303636
2011,Maharashtra,Safflower,Rabi,130700.0,1174.1,21894864.0,43131.0,0.516667
2016,Andhra Pradesh,Arecanut,Kharif,564.0,890.0,86433.0,197.4,3.9125
2013,Karnataka,Ragi,Kharif,639203.0,1235.6,92358441.47,172584.81,1.7395
2011,Nagaland,Cotton(lint),Kharif,110.0,1544.4,18427.2,36.3,0.53
2005,Madhya Pradesh,Sweet potato,Whole Year,4171.0,1032.7,500186.32,875.91,5.701087
2017,West Bengal,Mesta,Kharif,10360.0,1830.0,1631078.4,3936.8,9.853636
2018,Chhattisgarh,Urad,Kharif,78781.0,1515.5,12778278.2,27573.35,0.331111
2020,Jharkhand,Gram,Rabi,1033288.18,1360.5,228958.52,8864.0,1.115287
2009,Gujarat,Wheat,Rabi,878000.0,618.0,136809960.0,149260.0,2.617692
2009,Mizoram,Rice,Kharif,47085.0,2086.3,7336784.7,8004.45,1.3175
2002,Tamil Nadu,Coconut,Whole Year,345825.0,315.9,32739252.75,86456.25,8497.531111
2002,Punjab,Guar seed,Whole Year,30800.0,301.8,2915836.0,7700.0,0.708
2020,Andhra Pradesh,Onion,Rabi,166156.17,933.4,49752.1,652.41,17.907681
2006,West Bengal,Sunflower,Kharif,13674.0,1631.4,1746306.54,3008.28,1.2025
2018,Bihar,Arhar/Tur,Kharif,17102.0,1521.4,2773944.4,5985.7,1.898235
2009,Uttarakhand,Rapeseed &Mustard,Rabi,13160.0,847.8,2050591.2,2237.2,0.624615
2017,Jammu and Kashmir,Ginger,Kharif,25.0,1279.1,3936.0,9.5,2.0225
2015,Jammu and Kashmir,Maize,Kharif,293858.0,1572.6,46403116.78,96973.14,1.5905
2012,Karnataka,Ragi,Kharif,603184.0,956.2,90960147.2,186987.04,1.369524
2005,Gujarat,Potato,Whole Year,44600.0,942.4,5348432.0,9366.0,26.461818
2018,Uttarakhand,Onion,Whole Year,3345.0,1373.0,542559.0,1170.75,16.143846
2001,West Bengal,Tobacco,Whole Year,9718.0,1556.6,992499.34,2526.68,0.652
2006,Maharashtra,Cotton(lint),Kharif,3106900.0,1439.4,396782199.0,683518.0,1.454444
2005,Jammu and Kashmir,Jowar,Kharif,1419.0,1721.8,170166.48,297.99,0.483333
2018,Bihar,Coriander,Whole Year,2539.0,1521.4,411825.8,888.65,0.912
2002,Puducherry,Sugarcane,Whole Year,2330.0,1434.6,220581.1,582.5,85.75
2004,Maharashtra,Sesamum,Kharif,105200.0,1052.0,11397368.0,22092.0,0.274688
2005,Madhya Pradesh,Urad,Kharif,480712.0,1032.7,57646983.04,100949.52,0.334167
2002,Goa,Other Kharif pulses,Kharif,201.0,2516.3,19028.67,50.25,0.84
2016,Arunachal Pradesh,Moong(Green Gram),Kharif,1287.0,2933.7,197232.75,450.45,0.982941
2017,Andhra Pradesh,Urad,Kharif,45798.0,868.2,7210437.12,17403.24,0.87
2006,Madhya Pradesh,Rapeseed &Mustard,Rabi,751836.0,1072.3,96016975.56,165403.92,0.745957
2019,Chhattisgarh,Coriander,Whole Year,1431.0,1420.3,245788.56,529.47,0.264444
2004,Karnataka,Banana,Whole Year,41977.0,1117.7,4547788.18,8815.17,16.327778
2017,Tripura,Other Kharif pulses,Kharif,88.0,3326.8,13854.72,33.44,0.974
2015,Mizoram,Cowpea(Lobia),Kharif,1195.0,2310.8,188702.45,394.35,1.12125
2001,Jammu and Kashmir,Wheat,Rabi,255514.0,953.8,26095644.82,66433.64,1.418333
2011,Mizoram,Other  Rabi pulses,Rabi,1476.0,2439.3,247259.52,487.08,1.5425
2003,Arunachal Pradesh,Turmeric,Whole Year,447.0,2782.2,44244.06,107.28,3.82125
2004,Andhra Pradesh,Maize,Kharif,505358.0,781.8,54750485.72,106125.18,2.819545
2002,Bihar,Sunflower,Kharif,13359.0,1105.8,1264696.53,3339.75,1.258148
2017,Karnataka,Ginger,Whole Year,20809.0,1111.7,3276168.96,7907.42,25.74913
2008,Haryana,Coriander,Whole Year,398.0,715.6,56929.92,35.82,0.28625
2004,Maharashtra,Safflower,Rabi,251900.0,1052.0,27290846.0,52899.0,0.5225
2001,West Bengal,Mustard,Rabi,992822.05,1574.2,193863.95,6379.6,0.934862
2017,Himachal Pradesh,Other Kharif pulses,Kharif,6504.0,1182.2,1023989.76,2471.52,0.928333
2007,Kerala,Rubber,Whole Year,15146.54,2609.9,1978.38,83.26,1.484387
2008,Chhattisgarh,Mesta,Kharif,1390.0,1117.9,198825.6,125.1,2.020667
2000,Gujarat,Guar seed,Whole Year,275200.0,379.7,27016384.0,71552.0,0.213077
2018,Chhattisgarh,Onion,Whole Year,4619.0,1515.5,749201.8,1616.65,5.641818
2019,Madhya Pradesh,Rapeseed &Mustard,Rabi,675079.0,1446.7,115951569.0,249779.23,1.3
2004,Odisha,Garlic,Whole Year,11044.0,1290.4,1196506.96,2319.24,3.158
2019,Himachal Pradesh,Barley,Rabi,20404.0,1217.7,3504591.04,7549.48,1.748182
2006,Puducherry,Jowar,Summer,4.0,1434.6,510.84,0.88,1.75
2001,Tamil Nadu,Sunflower,Kharif,6607.0,481.3,674772.91,1717.82,1.323
2020,Gujarat,Wheat,Rabi,1729398.58,901.6,194461.68,10354.25,4.062514
2007,Jammu and Kashmir,Linseed,Rabi,241.0,1042.2,32149.4,38.56,0.641667
2010,Madhya Pradesh,Cotton(lint),Kharif,586270.0,856.3,97385309.7,140704.8,1.465556
2010,Haryana,Potato,Whole Year,12412.0,639.2,2061757.32,2978.88,21.704286
2003,Assam,Dry chillies,Whole Year,14808.0,2213.7,1465695.84,3553.92,0.633913
2015,Himachal Pradesh,Ginger,Kharif,2276.0,1223.2,359403.16,751.08,6.84
2011,Assam,Maize,Kharif,21297.0,1743.4,3567673.44,7028.01,0.693333
2004,Tamil Nadu,Cotton(lint),Kharif,129364.0,1034.0,14015295.76,27166.44,1.571154
2001,Odisha,Sesamum,Kharif,51573.0,1672.5,5267150.49,13408.98,0.225
2002,Telangana,Jowar,Kharif,1098563.34,926.5,96182.76,5478.96,1.224078
2013,Goa,Sugarcane,Whole Year,872.0,3642.6,125995.28,235.44,48.06
2010,Tripura,Jute,Kharif,498.0,2348.3,82722.78,119.52,8.545
2015,Andhra Pradesh,Rapeseed &Mustard,Kharif,10.0,940.7,1579.1,3.3,0.7
2007,Andhra Pradesh,Maize,Kharif,519000.0,1004.2,69234600.0,83040.0,4.237
2012,Nagaland,Urad,Kharif,310.0,1296.6,46748.0,96.1,1.0
2015,West Bengal,Bajra,Kharif,166.0,1717.0,26213.06,54.78,0.32
2019,Odisha,Other Kharif pulses,Kharif,80810.0,1593.9,13879925.6,29899.7,0.44
2006,Meghalaya,Small millets,Rabi,2625.0,2454.7,335238.75,577.5,0.977143
2016,Uttar Pradesh,Mustard,Rabi,702185.65,576.9,181406.81,4633.46,1.45074
2006,Jammu and Kashmir,Turmeric,Kharif,6.0,1786.5,766.26,1.32,1.02
2011,Bihar,Jute,Kharif,129070.0,1097.1,21621806.4,42593.1,12.275
2012,Chhattisgarh,Barley,Rabi,2811.0,1366.8,423898.8,871.41,0.62
2011,Karnataka,Groundnut,Kharif,509848.0,1179.0,85409736.96,168249.84,0.694444
2003,Sikkim,Soyabean,Kharif,3890.0,2838.1,385032.2,933.6,0.8125
2013,Himachal Pradesh,Arhar/Tur,Kharif,71.0,1216.9,10258.79,19.17,0.346667
2014,West Bengal,Castor seed,Kharif,81.0,1483.5,12227.76,26.73,0.59
2012,Maharashtra,Sunflower,Kharif,34600.0,1003.4,5217680.0,10726.0,0.409474
2019,Nagaland,Peas & beans (Pulses),Kharif,2300.0,1593.0,395048.0,851.0,1.362
2018,Uttar Pradesh,Gram,Rabi,572383.0,792.8,92840522.6,200334.05,1.325385
2001,Andhra Pradesh,Turmeric,Kharif,11303.56,484.2,2149.14,72.27,4.974472
2002,Haryana,Urad,Kharif,3475.0,353.9,328978.25,868.75,0.042857
2011,Jharkhand,Sugarcane,Whole Year,766.0,1374.7,128320.32,252.78,33.588889
2016,Uttar Pradesh,Sweet potato,Kharif,15682.0,965.3,2403266.5,5488.7,11.150946
2004,Manipur,Rice,Kharif,176310.0,1613.3,19101425.4,37025.1,2.327778
2013,Gujarat,Wheat,Rabi,1442288.0,1006.5,208396193.1,389417.76,3.072
2019,Assam,Tobacco,Whole Year,114.0,2084.7,19580.64,42.18,0.590909
2016,Karnataka,Gram,Rabi,1002932.0,1147.2,153699329.0,351026.2,0.450833
2005,West Bengal,Onion,Rabi,129918.04,1714.6,15388.41,327.19,15.578664
2003,West Bengal,Small millets,Kharif,2756.0,1526.7,272788.88,661.44,0.8025
2013,Haryana,Moth,Kharif,300.0,452.2,43347.0,81.0,0.333333
2019,Nagaland,Gram,Rabi,760.0,1593.0,130537.6,281.2,0.834545
2013,Karnataka,Niger seed,Kharif,14277.0,1235.6,2062883.73,3854.79,0.2196
2015,Gujarat,Moong(Green Gram),Kharif,104232.0,584.3,16459275.12,34396.56,0.530968
2002,Maharashtra,Ragi,Kharif,145900.0,967.4,13812353.0,36475.0,0.88
2004,Madhya Pradesh,Gram,Rabi,2686452.0,895.7,291050209.7,564154.92,0.881458
2000,Nagaland,Sesamum,Kharif,3000.0,1631.8,294510.0,780.0,0.815
2018,Maharashtra,Other Summer Pulses,Summer,2030.0,1387.4,329266.0,710.5,0.426364
2016,Haryana,Garlic,Whole Year,3878.0,554.7,594303.5,1357.3,10.174762
2013,Meghalaya,Banana,Kharif,7039.0,2448.4,1017065.11,1900.53,10.123636
2007,Uttarakhand,Sunflower,Kharif,45.0,1924.3,6003.0,7.2,0.96
2014,Kerala,Cashewnut,Whole Year,45436.0,3046.4,6859018.56,14993.88,0.360714
2010,West Bengal,Safflower,Rabi,526.0,1096.0,87373.86,126.24,0.93875
2003,Andhra Pradesh,Mesta,Kharif,59177.0,826.0,5857339.46,14202.48,7.792857
2008,Karnataka,Cotton(lint),Whole Year,409024.0,1164.1,58506792.96,36812.16,1.9425
2012,Madhya Pradesh,Arhar/Tur,Kharif,454539.0,1049.5,68544481.2,140907.09,0.657
2014,Puducherry,Cotton(lint),Summer,94.0,1330.0,14190.24,31.02,1.725
2008,Haryana,Onion,Whole Year,2492.0,715.6,356455.68,224.28,178.653077
2019,Uttarakhand,Barley,Rabi,20117.0,1378.9,3455295.92,7443.29,1.604615
2019,Tripura,Other Kharif pulses,Kharif,126.0,2252.8,21641.76,46.62,0.97375
2007,West Bengal,Turmeric,Whole Year,14872.0,2007.5,1983924.8,2379.52,2.099444
2005,Gujarat,Moth,Kharif,46100.0,942.4,5528312.0,9681.0,0.510667
2011,Tamil Nadu,Tapioca,Whole Year,105350.0,926.5,17648232.0,34765.5,37.773448
2009,Himachal Pradesh,Dry chillies,Kharif,603.0,969.9,93959.46,102.51,0.545
2018,Uttarakhand,Small millets,Kharif,53829.0,1373.0,8731063.8,18840.15,1.236364
2004,Meghalaya,Gram,Rabi,519.0,4767.9,56228.46,108.99,0.586667
2017,Puducherry,Dry chillies,Kharif,1.0,1582.4,157.44,0.38,10.0
2002,Meghalaya,Rice,Kharif,107742.0,4355.3,10199935.14,26935.5,1.767143
2002,Kerala,Jowar,Kharif,2571.0,2511.2,243396.57,642.75,0.5025
2015,Assam,Maize,Kharif,28420.0,2155.3,4487802.2,9378.6,2.514074
2000,Gujarat,Banana,Whole Year,22800.0,379.7,2238276.0,5928.0,53.031111
2002,Gujarat,Bajra,Kharif,798100.0,458.4,75556127.0,199525.0,1.046471
2012,Kerala,Maize,Whole Year,180.0,2187.6,27144.0,55.8,0.535
2005,Gujarat,Other Kharif pulses,Kharif,32200.0,942.4,3861424.0,6762.0,0.445263
2016,Manipur,Maize,Kharif,19740.0,2039.8,3025155.0,6909.0,2.102222
2006,Gujarat,Mango,Whole Year,136788.33,1311.0,30202.18,985.52,5.4366
2011,Haryana,Peas & beans (Pulses),Rabi,1153.0,471.5,193150.56,380.49,0.326
2006,Chhattisgarh,Sugarcane,Whole Year,7991.0,1317.2,1020530.61,1758.02,2.463125
2007,Uttar Pradesh,Arhar/Tur,Kharif,368230.0,672.9,49121882.0,58916.8,0.91087
2007,Chhattisgarh,Niger seed,Kharif,71946.0,1246.2,9597596.4,11511.36,0.202
2015,Bihar,Onion,Rabi,252875.46,1408.7,34109.34,1131.46,18.630326
2003,Chhattisgarh,Small millets,Kharif,251048.0,1643.7,24848731.04,60251.52,0.253125
2004,Andhra Pradesh,Bajra,Kharif,83441.0,781.8,9039997.94,17522.61,0.86
2019,Punjab,Gram,Rabi,1500.0,653.2,257640.0,555.0,1.17
2010,Madhya Pradesh,Masoor,Rabi,697685.0,856.3,115892455.4,167444.4,0.312083
2002,Chhattisgarh,Rapeseed &Mustard,Rabi,47494.0,1001.4,4496256.98,11873.5,0.289375
2006,Andhra Pradesh,Soyabean,Kharif,102503.0,845.2,13090658.13,22550.66,1.191111
2006,Arunachal Pradesh,Turmeric,Whole Year,532.0,1940.0,67941.72,117.04,4.425
2017,Nagaland,Cotton(lint),Kharif,130.0,1722.1,20467.2,49.4,0.615
2009,Manipur,Moong(Green Gram),Kharif,190.0,992.5,29605.8,32.3,0.718889
2010,Uttar Pradesh,Soyabean,Kharif,10939.0,742.6,1817077.29,2625.36,1.216923
2009,West Bengal,Khesari,Rabi,28127.0,1317.2,4382749.14,4781.59,0.761875
2017,Madhya Pradesh,Other  Rabi pulses,Rabi,61070.0,800.0,9614860.8,23206.6,0.678571
2015,Madhya Pradesh,Groundnut,Kharif,234000.0,1000.7,36950940.0,77220.0,1.022593
2005,Kerala,Groundnut,Kharif,3299.0,3030.9,395616.08,692.79,0.74
2012,Tripura,Rapeseed &Mustard,Rabi,2132.0,1882.2,321505.6,660.92,0.79125
2011,Punjab,Wheat,Rabi,3528000.0,705.2,591010560.0,1164240.0,5.0675
2004,Andhra Pradesh,Tobacco,Whole Year,189484.0,781.8,20528696.56,39791.64,4.545476
2008,Sikkim,Rice,Kharif,13000.0,2247.5,1859520.0,1170.0,1.5925
2005,Jammu and Kashmir,Urad,Kharif,15490.0,1721.8,1857560.8,3252.9,0.487778
2009,West Bengal,Horse-gram,Rabi,1863.0,1317.2,290292.66,316.71,0.555
2018,Jharkhand,Groundnut,Kharif,30072.0,1222.7,4877678.4,10525.2,0.924167
2007,Madhya Pradesh,Bajra,Kharif,200929.0,740.4,26803928.6,32148.64,0.869394
2008,Haryana,Sunflower,Rabi,6544.0,715.6,936053.76,588.96,1.646667
2009,Punjab,Gram,Rabi,3000.0,371.3,467460.0,510.0,1.155556
2002,Assam,Moong(Green Gram),Rabi,7161.0,1973.6,677931.87,1790.25,0.450435
2007,Madhya Pradesh,Niger seed,Kharif,100416.0,740.4,13395494.4,16066.56,0.2172
2019,Andhra Pradesh,Arhar/Tur,Kharif,237647.0,899.2,40818248.72,87929.39,0.44
2006,Madhya Pradesh,Gram,Rabi,2584633.0,1072.3,330083480.4,568619.26,0.91
2020,Himachal Pradesh,Barley,Rabi,43445.4,1021.3,12941.62,476.74,2.87615
2000,Tamil Nadu,Urad,Kharif,503982.0,971.1,49475912.94,131035.32,0.517778
2001,Gujarat,Moong(Green Gram),Kharif,168400.0,666.5,17198692.0,43784.0,0.505556
2007,Maharashtra,Moong(Green Gram),Kharif,660800.0,1257.2,88150720.0,105728.0,0.598182
2008,Karnataka,Sugarcane,Whole Year,281100.0,1164.1,40208544.0,25299.0,85.54
2017,Mizoram,Maize,Kharif,5474.0,3865.8,861826.56,2080.12,1.67375
2015,Nagaland,Gram,Rabi,770.0,1308.3,121590.7,254.1,0.821818
2013,Nagaland,Wheat,Rabi,3000.0,1350.9,433470.0,810.0,1.824444
2016,Uttarakhand,Barley,Rabi,19834.0,1580.9,3039560.5,6941.9,1.350769
2001,Uttar Pradesh,Sesamum,Kharif,102898.0,849.9,10508972.74,26753.48,0.236418
2000,Madhya Pradesh,Groundnut,Kharif,211515.0,723.3,20764427.55,54993.9,1.030222
2019,Nagaland,Rice,Kharif,211280.0,1593.0,36289452.8,78173.6,2.459091
2005,Andhra Pradesh,Rice,Kharif,2526108.0,1075.5,302930871.4,530482.68,2.549091
2014,Odisha,Groundnut,Autumn,20519.0,1536.9,3097548.24,6771.27,1.088571
2014,Manipur,Masoor,Rabi,560.0,987.5,84537.6,184.8,0.83
2016,West Bengal,Small millets,Autumn,1974.0,1795.8,302515.5,690.9,0.4675
2003,Nagaland,Jute,Kharif,2000.0,1709.8,197960.0,480.0,6.7575
2008,Karnataka,Moong(Green Gram),Kharif,266386.0,1164.1,38103853.44,23974.74,0.141304
2009,Uttar Pradesh,Sesamum,Kharif,331799.0,585.8,51700920.18,56405.83,0.118361
2003,Uttarakhand,Potato,Whole Year,16054.0,1734.3,1589024.92,3852.96,15.821538
2009,Jammu and Kashmir,Peas & beans (Pulses),Kharif,251.0,751.7,39110.82,42.67,0.53
2015,Maharashtra,Linseed,Rabi,16252.0,875.7,2566353.32,5363.16,0.165
2015,Maharashtra,Gram,Rabi,1442020.0,875.7,227709378.2,475866.6,0.561515
2019,West Bengal,Gram,Rabi,36103.0,1733.4,6201051.28,13358.11,1.294706
2015,Telangana,Sesamum,Kharif,4012.0,747.9,633534.92,1323.96,0.068571
2020,Tamil Nadu,Mango,Whole Year,115391.12,864.1,10866.3,506.07,7.965587
2017,Chhattisgarh,Other Kharif pulses,Kharif,8292.0,1124.5,1305492.48,3150.96,0.202
2016,Andhra Pradesh,Ginger,Kharif,285.0,890.0,43676.25,99.75,2.288
2014,Jharkhand,Onion,Rabi,3714.0,1156.6,560665.44,1225.62,6.09375
2020,Punjab,Maize,Kharif,385987.83,713.6,72011.81,3558.89,3.902816
2006,Chhattisgarh,Urad,Kharif,109009.0,1317.2,13921539.39,23981.98,0.284444
2003,Madhya Pradesh,Ginger,Kharif,5067.0,1163.0,501531.66,1216.08,1.12975
2000,Goa,Groundnut,Kharif,360.0,3886.9,35341.2,93.6,1.58
2012,Himachal Pradesh,Other Kharif pulses,Kharif,4930.0,1035.0,743444.0,1528.3,0.941667
2014,Tamil Nadu,Sweet potato,Whole Year,631.0,911.3,95255.76,208.23,17.518947
2014,Jammu and Kashmir,Rapeseed &Mustard,Kharif,21.0,1278.4,3170.16,6.93,1.74
2013,Gujarat,Moong(Green Gram),Kharif,127421.0,1006.5,18411060.29,34403.67,0.55375
2001,Uttarakhand,Moong(Green Gram),Kharif,67.0,1541.3,6842.71,17.42,0.3425
2015,Bihar,Ragi,Kharif,6925.0,874.0,1093526.75,2285.25,1.276087
2002,Rajasthan,Sesamum,Kharif,46283.73,450.4,6037.24,51.57,0.324277
2008,Maharashtra,Other Kharif pulses,Kharif,88000.0,1052.8,12587520.0,7920.0,0.323548
2008,Nagaland,Wheat,Rabi,1380.0,1540.9,197395.2,124.2,1.502222
2007,Tripura,Cotton(lint),Kharif,1110.0,2831.8,148074.0,177.6,1.3425
2017,Jammu and Kashmir,Onion,Kharif,57.0,1279.1,8974.08,21.66,0.5
2004,Assam,Maize,Kharif,413627.55,2644.6,82159.78,3382.97,2.30017
2004,Andhra Pradesh,Sugarcane,Whole Year,209536.0,781.8,22701130.24,44002.56,77.12619
2014,Chhattisgarh,Turmeric,Whole Year,1880.0,1274.7,283804.8,620.4,1.030417
2011,Meghalaya,Peas & beans (Pulses),Rabi,1053.0,4083.1,176398.56,347.49,1.315714
2009,Karnataka,Dry chillies,Rabi,6354.0,1321.0,990080.28,1080.18,2.896071
2000,Odisha,Onion,Whole Year,27400.0,1066.0,2689858.0,7124.0,7.385667
2006,Rajasthan,Groundnut,Kharif,755220.35,451.6,92386.09,6350.81,1.57397
2001,Maharashtra,Banana,Whole Year,58457.89,1875.5,11055.99,417.6,22.700841
2008,Telangana,Mango,Whole Year,208853.43,997.0,32643.86,1437.35,5.199512
2019,Chhattisgarh,Small millets,Kharif,63110.0,1420.3,10839773.6,23350.7,0.291852
2007,Chhattisgarh,Horse-gram,Kharif,50203.0,1246.2,6697080.2,8032.48,0.3
2019,Kerala,Gram,Whole Year,600.0,3119.2,103056.0,222.0,0.767143
2017,Tamil Nadu,Jowar,Kharif,241351.0,970.9,37998301.44,91713.38,1.407308
2017,Bihar,Coriander,Whole Year,2078.0,1112.0,327160.32,789.64,0.896538
2016,Nagaland,Potato,Rabi,7480.0,1959.8,1146310.0,2618.0,10.0
2006,Tripura,Sesamum,Kharif,2077.0,1764.3,265253.67,456.94,0.5125
2005,Assam,Mustard,Rabi,761622.29,2318.6,50042.57,1248.53,1.364714
2012,Tamil Nadu,Tapioca,Whole Year,22061.39,718.1,4447.56,86.42,31.332038
2019,Kerala,Cashewnut,Whole Year,39898.0,3119.2,6852880.48,14762.26,0.273571
2011,Punjab,Sesamum,Kharif,4800.0,705.2,804096.0,1584.0,0.39
2017,Goa,Sugarcane,Whole Year,910.0,2772.5,143270.4,345.8,45.41
2018,Nagaland,Niger seed,Kharif,33050.0,1372.7,5360710.0,11567.5,1.089091
2017,Mizoram,Tobacco,Kharif,338.5,3865.8,53293.44,128.63,0.6725
2015,Haryana,Sunflower,Kharif,8400.0,426.8,1326444.0,2772.0,2.246667
2005,Kerala,Turmeric,Whole Year,3384.0,3030.9,405809.28,710.64,2.211429
2006,Kerala,Cardamom,Whole Year,41362.0,3429.7,5282341.02,9099.64,0.057
2013,Himachal Pradesh,Gram,Rabi,475.0,1216.9,68632.75,128.25,0.822222
2017,Gujarat,Gram,Rabi,292753.0,814.8,46091032.32,111246.14,1.22
2017,Uttar Pradesh,Potato,Rabi,572826.0,652.1,90185725.44,217673.88,23.981333
2001,Uttar Pradesh,Rice,Kharif,6068496.0,849.9,619775496.5,1577808.96,2.016087
2018,Andhra Pradesh,Niger seed,Kharif,23.0,1220.5,3730.6,8.05,0.3
2007,Andhra Pradesh,Jowar,Kharif,143000.0,1004.2,19076200.0,22880.0,1.455714
2004,Gujarat,Arhar/Tur,Kharif,254400.0,719.8,27561696.0,53424.0,0.955
2008,Sikkim,Small millets,Kharif,3760.0,2247.5,537830.4,338.4,0.9425
2012,Maharashtra,Niger seed,Kharif,40300.0,1003.4,6077240.0,12493.0,0.262222
2014,Maharashtra,Niger seed,Kharif,16400.0,1001.6,2475744.0,5412.0,0.113158
2006,Andhra Pradesh,Linseed,Rabi,2830.0,845.2,361419.3,622.6,0.266
2007,Manipur,Sesamum,Kharif,910.0,1435.7,121394.0,145.6,0.495
2018,Goa,Cashewnut,Whole Year,56417.0,4406.0,9150837.4,19745.95,0.46
2002,Assam,Turmeric,Whole Year,12066.0,1973.6,1142288.22,3016.5,0.66913
2007,Manipur,Potato,Whole Year,1950.0,1435.7,260130.0,312.0,5.191111
2004,Rajasthan,Cotton(lint),Kharif,2183037.76,814.0,472106.56,2883.67,0.442648
2010,Tripura,Maize,Kharif,3101.0,2348.3,515107.11,744.24,1.3325
2012,Assam,Mesta,Kharif,4479.0,2167.5,675433.2,1388.49,5.216923
2010,Meghalaya,Sesamum,Kharif,1584.0,3119.7,263118.24,380.16,0.583333
2010,Madhya Pradesh,Garlic,Whole Year,55537.0,856.3,9225251.07,13328.88,2.303
2010,Karnataka,Sesamum,Kharif,86724.0,1317.7,14405723.64,20813.76,0.56
2016,Goa,Sweet potato,Whole Year,52.0,3266.9,7969.0,18.2,3.2
2006,Jammu and Kashmir,Urad,Kharif,13836.0,1786.5,1766995.56,3043.92,0.46125
2009,Tripura,Gram,Rabi,121.0,2004.2,18854.22,20.57,0.7575
2001,Himachal Pradesh,Barley,Rabi,25017.0,918.1,2554986.21,6504.42,1.36
2002,Gujarat,Ragi,Kharif,24600.0,458.4,2328882.0,6150.0,0.65
2001,Maharashtra,Jowar,Kharif,1780300.0,1035.8,181822039.0,462878.0,1.109231
2012,Punjab,Maize,Kharif,131000.0,338.9,19754800.0,40610.0,3.5125
2016,Puducherry,Onion,Summer,1.0,1391.3,153.25,0.35,5.0
2006,Tamil Nadu,Garlic,Whole Year,528.0,927.9,67430.88,116.16,5.304
2003,Chhattisgarh,Sannhamp,Whole Year,1702.0,1643.7,168463.96,408.48,0.3225
2016,Tamil Nadu,Potato,Kharif,3194.0,912.4,489480.5,1117.9,24.5825
2003,Jammu and Kashmir,Linseed,Rabi,200.0,1430.3,19796.0,48.0,0.5575
2016,Assam,Urad,Rabi,57420.0,2296.8,8799615.0,20097.0,0.687407
2014,Telangana,Urad,Kharif,19851.0,746.4,2996706.96,6550.83,0.66875
2001,Assam,Sesamum,Kharif,14738.0,1824.7,1505191.94,3831.88,0.489565
2005,Haryana,Sugarcane,Whole Year,129223.0,516.9,15496422.16,27136.83,49.815263
2018,Kerala,Garlic,Whole Year,69.61,2989.7,11290.74,24.36,4.96
2015,Karnataka,Cashewnut,Whole Year,64212.0,1024.9,10139716.92,21189.96,0.8185
2002,Chhattisgarh,Linseed,Rabi,67624.0,1001.4,6401964.08,16906.0,0.2775
2006,Tamil Nadu,Cotton(lint),Whole Year,100339.0,927.9,12814293.69,22074.58,2.281111
2000,Kerala,Tapioca,Whole Year,114609.0,2412.6,11251165.53,29798.34,24.296429
2018,Gujarat,Arhar/Tur,Kharif,254347.0,1125.4,41255083.4,89021.45,1.250333
2000,Bihar,Groundnut,Kharif,96.0,1207.0,9424.32,24.96,1.094
2015,Gujarat,Bajra,Kharif,147139.0,584.3,23234719.49,48555.87,1.631154
2001,Maharashtra,Small millets,Kharif,87600.0,1035.8,8946588.0,22776.0,0.679333
2014,Meghalaya,Onion,Rabi,499.0,3484.4,75329.04,164.67,8.006
2006,Karnataka,Tapioca,Whole Year,815.0,1146.3,104083.65,179.3,9.43375
2015,Karnataka,Other  Rabi pulses,Rabi,11561.0,1024.9,1825597.51,3815.13,0.624444
2004,Meghalaya,Ginger,Kharif,9222.0,4767.9,999111.48,1936.62,6.122857
2002,Kerala,Banana,Whole Year,55668.0,2511.2,5270089.56,13917.0,8.055714
2015,Telangana,Linseed,Rabi,7.0,747.9,1105.37,2.31,0.43
2016,Arunachal Pradesh,Sugarcane,Whole Year,2075.0,2933.7,317993.75,726.25,22.594615
2007,Karnataka,Horse-gram,Kharif,100262.0,1323.3,13374950.8,16041.92,0.563333
2007,West Bengal,Arhar/Tur,Rabi,1097.0,2007.5,146339.8,175.52,0.802308
2005,Bihar,Sugarcane,Whole Year,101243.0,907.8,12141060.56,21261.03,36.431515
2012,West Bengal,Moong(Green Gram),Kharif,1244.0,1566.0,187595.2,385.64,0.68875
2011,Jammu and Kashmir,Horse-gram,Kharif,957.0,887.6,160316.64,315.81,0.343333
2013,Sikkim,Rapeseed &Mustard,Rabi,4070.0,2567.6,588074.3,1098.9,0.805
2008,Andhra Pradesh,Wheat,Rabi,13687.0,944.6,1957788.48,1231.83,1.026667
2017,Andhra Pradesh,Rapeseed &Mustard,Rabi,3000.0,868.2,472320.0,1140.0,0.414
2006,Himachal Pradesh,Moth,Kharif,12.0,1207.0,1532.52,2.64,0.155
2002,Himachal Pradesh,Sugarcane,Whole Year,2926.0,890.8,277004.42,731.5,1.887143
2001,Bihar,Ginger,Kharif,293.0,1247.0,29924.09,76.18,1.32
2015,Uttarakhand,Peas & beans (Pulses),Rabi,4983.0,1247.6,786865.53,1644.39,0.736923
2008,Haryana,Wheat,Rabi,2461420.0,715.6,352081516.8,221527.8,4.437143
2011,Manipur,Other Kharif pulses,Kharif,1461.0,1533.6,244746.72,482.13,1.12
2005,Bihar,Groundnut,Kharif,911.0,907.8,109247.12,191.31,0.495
2008,Telangana,Rice,Kharif,1994326.4,925.3,241819.45,10090.52,2.798006
2017,Chhattisgarh,Groundnut,Kharif,25406.0,1124.5,3999920.64,9654.28,1.260476
2010,Assam,Arhar/Tur,Kharif,7137.0,2578.5,1185527.07,1712.88,0.70963
2001,Manipur,Dry chillies,Whole Year,7450.0,2013.1,760868.5,1937.0,0.78
2010,Uttarakhand,Rapeseed &Mustard,Rabi,12663.0,1419.0,2103450.93,3039.12,0.660769
2008,Himachal Pradesh,Onion,Rabi,776.0,1357.1,110999.04,69.84,5.795
2015,Madhya Pradesh,Garlic,Whole Year,114786.73,1000.7,18125972.53,37879.62,11.2916
2016,Haryana,Gram,Rabi,36900.0,554.7,5654925.0,12915.0,1.24
2014,Puducherry,Coconut,Whole Year,1526.0,1330.0,230364.96,503.58,13532.98667
2009,Rajasthan,Cotton(lint),Kharif,2140499.48,487.6,230545.38,15244.05,0.444429
2005,Maharashtra,Sugarcane,Whole Year,500700.0,1387.2,60043944.0,105147.0,66.299231
2009,Gujarat,Moth,Kharif,22500.0,618.0,3505950.0,3825.0,0.348
2005,Chhattisgarh,Onion,Whole Year,4534.0,1292.7,543717.28,952.14,5.413333
2000,Manipur,Potato,Whole Year,2590.0,1969.7,254260.3,673.4,5.198889
2016,West Bengal,Urad,Kharif,65540.0,1795.8,10044005.0,22939.0,0.65
2013,Goa,Cashewnut,Whole Year,55936.0,3642.6,8082192.64,15102.72,0.425
2004,Haryana,Mustard,Rabi,985984.7,401.7,102382.86,5873.68,1.313414
2014,Meghalaya,Potato,Summer,12435.0,3484.4,1877187.6,4103.55,8.149091
2007,Telangana,Groundnut,Kharif,708884.62,1051.0,50260.86,3433.33,1.8211
2001,Assam,Small millets,Kharif,8480.0,1824.7,866062.4,2204.8,0.491739
2003,Arunachal Pradesh,Ginger,Whole Year,4680.0,2782.2,463226.4,1123.2,6.168
2018,Jammu and Kashmir,Small millets,Kharif,1474.0,1016.3,239082.8,515.9,0.455
2000,Maharashtra,Banana,Whole Year,85993.4,649.1,12005.42,695.77,19.904318
2015,Gujarat,Ragi,Kharif,19235.0,584.3,3037398.85,6347.55,0.766667
2017,Bihar,Peas & beans (Pulses),Rabi,16437.0,1112.0,2587841.28,6246.06,1.012778
2011,Uttar Pradesh,Banana,Summer,2175.0,777.4,364356.0,717.75,43.672692
2016,Tripura,Other  Rabi pulses,Rabi,550.0,2475.3,84287.5,192.5,0.85
2013,Assam,Rapeseed &Mustard,Rabi,279186.0,1797.7,40339585.14,75380.22,0.576296
2018,Chhattisgarh,Khesari,Rabi,177616.0,1515.5,28809315.2,62165.6,0.638261
2002,West Bengal,Sesamum,Autumn,1049.0,1629.1,99308.83,262.25,0.511429
2001,Karnataka,Other Kharif pulses,Kharif,137310.0,1002.9,14023470.3,35700.6,0.2764
2015,Mizoram,Cotton(lint),Kharif,176.0,2310.8,27792.16,58.08,0.612
2000,Meghalaya,Arhar/Tur,Kharif,863.0,6258.8,84720.71,224.38,0.78
2017,Sikkim,Maize,Kharif,38458.0,2873.6,6054827.52,14614.04,1.7325
2000,Uttar Pradesh,Mustard,Rabi,1179042.83,894.4,230521.82,7802.99,1.230644
2007,Karnataka,Garlic,Whole Year,6135.0,1323.3,818409.0,981.6,1.284286
2018,Uttar Pradesh,Urad,Kharif,521486.0,792.8,84585029.2,182520.1,0.672297
2000,Manipur,Other Kharif pulses,Kharif,2130.0,1969.7,209102.1,553.8,0.57375
2016,Jharkhand,Wheat,Rabi,112109.0,1296.3,17180704.25,39238.15,2.145417
2012,Uttarakhand,Ragi,Kharif,113210.0,1309.8,17072068.0,35095.1,1.457273
2010,Madhya Pradesh,Banana,Whole Year,8102.0,856.3,1345823.22,1944.48,34.189375
2019,Tamil Nadu,Other Cereals,Kharif,2172.0,910.1,373062.72,803.64,1.121875
2006,Bihar,Wheat,Rabi,2076727.0,1052.8,265218805.2,456879.94,1.924324
2007,West Bengal,Sugarcane,Whole Year,16868.0,2007.5,2250191.2,2698.88,103.324667
2017,Jammu and Kashmir,Other  Rabi pulses,Rabi,284.0,1279.1,44712.96,107.92,0.496
2006,Jammu and Kashmir,Other Cereals,Kharif,4176.0,1786.5,533316.96,918.72,0.508333
2017,Telangana,Sugarcane,Kharif,35788.0,815.7,5634462.72,13599.44,77.336364
2003,Uttarakhand,Moth,Kharif,2.0,1734.3,197.96,0.48,0.5
2014,Kerala,Rice,Autumn,63981.0,3046.4,9658571.76,21113.73,2.215385
2004,Punjab,Mustard,Rabi,898311.55,629.7,113857.01,4871.13,1.211583
2012,Tamil Nadu,Sunflower,Kharif,10782.0,706.8,1625925.6,3342.42,1.1364
2017,Karnataka,Tapioca,Whole Year,731.0,1111.7,115088.64,277.78,8.602
2002,Odisha,Sesamum,Kharif,43471.0,1102.8,4115399.57,10867.75,0.203448
2017,Madhya Pradesh,Small millets,Kharif,144070.0,800.0,22682380.8,54746.6,0.942857
2007,Maharashtra,Banana,Whole Year,47387.89,2246.5,10039.84,398.55,27.273602
2014,Chhattisgarh,Barley,Rabi,2503.0,1274.7,377852.88,825.99,1.163636
2015,Madhya Pradesh,Niger seed,Kharif,80000.0,1000.7,12632800.0,26400.0,0.317273
2009,Gujarat,Arhar/Tur,Kharif,266600.0,618.0,41541612.0,45322.0,0.879565
2003,Assam,Turmeric,Whole Year,12249.0,2213.7,1212406.02,2939.76,0.66913
2011,Chhattisgarh,Onion,Whole Year,5284.0,1302.7,885175.68,1743.72,4.764783
2004,Nagaland,Small millets,Kharif,7000.0,1711.5,758380.0,1470.0,0.9975
2005,Haryana,Gram,Rabi,129782.0,516.9,15563457.44,27254.22,0.48
2015,Madhya Pradesh,Dry chillies,Whole Year,103711.81,1000.7,16377131.92,34224.9,4.328095
2005,Karnataka,Small millets,Kharif,52273.0,1316.2,6268578.16,10977.33,0.5485
2002,Punjab,Mustard,Rabi,1316048.07,664.4,99796.0,4723.77,1.122016
2013,Bihar,Tobacco,Whole Year,12106.0,1069.9,1749195.94,3268.62,1.910833
2011,Arunachal Pradesh,Small millets,Kharif,22000.0,2193.7,3685440.0,7260.0,1.074375
2007,Chhattisgarh,Gram,Rabi,243490.0,1246.2,32481566.0,38958.4,0.852778
2005,Chhattisgarh,Sunflower,Kharif,7795.0,1292.7,934776.4,1636.95,0.390667
2014,Karnataka,Arhar/Tur,Kharif,728050.0,1238.5,109906428.0,240256.5,0.695926
2016,Puducherry,Tapioca,Kharif,157.0,1391.3,24060.25,54.95,27.5
2010,Mizoram,Potato,Kharif,415.0,2738.7,68935.65,99.6,6.7
2014,Madhya Pradesh,Sesamum,Whole Year,341000.0,891.2,51477360.0,112530.0,0.446765
2011,Himachal Pradesh,Soyabean,Kharif,543.0,1108.3,90963.36,179.19,1.502857
2000,Goa,Rice,Kharif,41000.0,3886.9,4024970.0,10660.0,2.36
2012,West Bengal,Cotton(lint),Kharif,418.0,1566.0,63034.4,129.58,2.82
2017,Uttar Pradesh,Mustard,Rabi,508804.74,869.3,96110.11,3850.98,1.631851
2018,Andhra Pradesh,Other Kharif pulses,Kharif,2454.0,1220.5,398038.8,858.9,0.32
2003,Andhra Pradesh,Horse-gram,Kharif,11304.0,826.0,1118869.92,2712.96,0.35
2007,Karnataka,Onion,Kharif,165668.0,1323.3,22100111.2,26506.88,6.5028
2018,Maharashtra,Tobacco,Whole Year,460.0,1387.4,74612.0,161.0,1.75
2005,Tamil Nadu,Ragi,Kharif,99549.0,1364.1,11937916.08,20905.29,1.621923
2003,Jammu and Kashmir,other oilseeds,Kharif,28.0,1430.3,2771.44,6.72,0.43
2011,Uttarakhand,Soyabean,Kharif,9041.0,1564.7,1514548.32,2983.53,1.133636
2020,Tamil Nadu,Bajra,Kharif,1713814.97,849.3,478402.36,10867.92,1.879456
2013,West Bengal,Safflower,Rabi,472.0,1939.9,68199.28,127.44,0.806667
2012,Bihar,Safflower,Rabi,104.0,924.1,15683.2,32.24,0.933333
2003,West Bengal,Horse-gram,Rabi,4089.0,1526.7,404729.22,981.36,0.457273
2010,Uttar Pradesh,Sugarcane,Kharif,2124850.0,742.6,352958833.5,509964.0,52.28
2006,Odisha,Moong(Green Gram),Autumn,22715.0,1716.9,2900932.65,4997.3,0.20125
2020,Punjab,Wheat,Rabi,3229381.22,627.9,900307.35,34723.83,4.519632
2018,Jharkhand,Niger seed,Kharif,4743.0,1222.7,769314.6,1660.05,0.511765
2016,Maharashtra,Rapeseed &Mustard,Rabi,9233.0,1151.1,1414957.25,3231.55,0.369615
2005,Manipur,Peas & beans (Pulses),Kharif,5490.0,1585.4,658360.8,1152.9,0.524444
2014,Gujarat,Soyabean,Kharif,58047.0,605.6,8762775.12,19155.51,0.727333
2004,Bihar,Sugarcane,Whole Year,104189.0,1147.8,11287836.26,21879.69,36.051515
2002,Mizoram,Maize,Kharif,6889.0,2627.0,652181.63,1722.25,1.89
2000,Madhya Pradesh,Barley,Rabi,82716.0,723.3,8120229.72,21506.16,1.268205
2016,Arunachal Pradesh,Urad,Kharif,1118.0,2933.7,171333.5,391.3,0.828333
2013,Madhya Pradesh,Rapeseed &Mustard,Rabi,702055.0,1451.4,101439927.0,189554.85,0.81
2019,Assam,Sesamum,Kharif,12027.0,2084.7,2065757.52,4449.99,0.661481
2017,West Bengal,Groundnut,Autumn,1798.0,1830.0,283077.12,683.24,1.51
2006,Madhya Pradesh,Niger seed,Kharif,106929.0,1072.3,13655902.59,23524.38,0.228182
2013,Maharashtra,Bajra,Kharif,761600.0,1409.8,110043584.0,205632.0,0.846316
2005,West Bengal,Barley,Rabi,2403.0,1650.1,288167.76,504.63,1.121667
2009,Madhya Pradesh,Rice,Whole Year,1593071.0,904.1,248232323.2,270822.07,0.906042
2017,Goa,Other Kharif pulses,Kharif,195.0,2772.5,30700.8,74.1,0.775
2011,Tamil Nadu,Garlic,Whole Year,442.0,926.5,74043.84,145.86,4.335
2000,Sikkim,Rapeseed &Mustard,Rabi,5760.0,2504.8,565459.2,1497.6,0.6525
2019,Andhra Pradesh,Bajra,Kharif,20484.0,899.2,3518331.84,7579.08,2.004545
2013,Uttar Pradesh,Arhar/Tur,Kharif,300644.0,995.2,43440051.56,81173.88,0.910405
2006,Kerala,Coconut,Whole Year,872943.0,3429.7,111483550.5,192047.46,6522.32
2007,Andhra Pradesh,Mesta,Kharif,57000.0,1004.2,7603800.0,9120.0,8.165
2014,Kerala,Garlic,Whole Year,75.0,3046.4,11322.0,24.75,8.33
2012,Andhra Pradesh,Other  Rabi pulses,Rabi,6590.0,968.7,993772.0,2042.9,0.983333
2016,Goa,Rice,Kharif,27630.0,3266.9,4234297.5,9670.5,2.795
2008,Arunachal Pradesh,Small millets,Kharif,22262.0,2244.4,3184356.48,2003.58,0.865
2005,Uttarakhand,Sugarcane,Whole Year,107748.0,1353.3,12921140.16,22627.08,61.533333
2000,Andhra Pradesh,Urad,Kharif,99423.0,935.6,9760355.91,25849.98,0.1615
2006,Tamil Nadu,Small millets,Kharif,52702.0,927.9,6730572.42,11594.44,1.057826
2003,Chhattisgarh,Other  Rabi pulses,Rabi,1318.0,1643.7,130455.64,316.32,0.336667
2006,Punjab,Gram,Rabi,3800.0,569.6,485298.0,836.0,0.979167
2012,Gujarat,Arhar/Tur,Kharif,228100.0,460.6,34397480.0,70711.0,1.095217
2001,Punjab,Maize,Kharif,165000.0,479.3,16851450.0,42900.0,2.7625
2000,Kerala,Groundnut,Kharif,3677.0,2412.6,360971.09,956.02,0.37
2007,Sikkim,Maize,Kharif,39770.0,2003.4,5305318.0,6363.2,1.415
2016,Nagaland,Bajra,Kharif,690.0,1959.8,105742.5,241.5,0.995455
2005,Haryana,Peas & beans (Pulses),Rabi,1048.0,516.9,125676.16,220.08,0.72
2014,Nagaland,Soyabean,Kharif,24760.0,1333.3,3737769.6,8170.8,1.237273
2000,Uttarakhand,Turmeric,Whole Year,152.0,1413.4,14921.84,39.52,2.778
2012,West Bengal,Masoor,Rabi,63982.0,1566.0,9648485.6,19834.42,0.884375
2017,Haryana,Bajra,Kharif,449400.0,417.1,70753536.0,170772.0,1.690476
2014,Sikkim,Soyabean,Kharif,4060.0,2627.0,612897.6,1339.8,0.935
2000,Himachal Pradesh,Moong(Green Gram),Kharif,288.0,1068.4,28272.96,74.88,0.3775
2010,Nagaland,Wheat,Rabi,3120.0,1771.8,518263.2,748.8,1.712222
2002,Uttar Pradesh,Potato,Whole Year,442030.0,664.0,41846980.1,110507.5,22.262319
2012,Haryana,Sannhamp,Kharif,78.0,307.9,11762.4,24.18,0.3525
2018,Uttarakhand,Moong(Green Gram),Kharif,1.0,1373.0,162.2,0.35,1.0
2016,Meghalaya,Soyabean,Kharif,1850.0,3837.1,283512.5,647.5,2.144545
2011,Assam,Banana,Whole Year,47563.0,1743.4,7967753.76,15695.79,14.982222
2001,Kerala,Sugarcane,Whole Year,3267.0,2946.7,333658.71,849.42,88.775833
2015,Tamil Nadu,Onion,Kharif,16013.0,1201.9,2528612.83,5284.29,9.524167
2017,Goa,Sweet potato,Whole Year,55.0,2772.5,8659.2,20.9,2.41
2005,Chhattisgarh,Peas & beans (Pulses),Rabi,17158.0,1292.7,2057587.36,3603.18,0.329333
2019,Maharashtra,Mango,Whole Year,263002.14,2493.4,35281.46,1468.47,8.516485
2001,Gujarat,Rapeseed &Mustard,Rabi,247100.0,666.5,25236323.0,64246.0,1.121875
2008,Rajasthan,Mustard,Rabi,881712.92,570.3,103540.91,1570.45,1.303875
2004,Meghalaya,Dry chillies,Whole Year,1844.0,4767.9,199778.96,387.24,0.844286
2017,Tamil Nadu,Cowpea(Lobia),Kharif,47378.0,970.9,7459192.32,18003.64,0.7148
2015,Nagaland,Urad,Rabi,820.0,1308.3,129486.2,270.6,0.824545
2017,Jharkhand,Other  Rabi pulses,Rabi,20641.0,1165.7,3249719.04,7843.58,0.699583
2018,Karnataka,Safflower,Rabi,17020.0,1419.1,2760644.0,5957.0,0.588696
2013,Chhattisgarh,Cotton(lint),Whole Year,49.0,1418.3,7080.01,13.23,1.736667
2005,Nagaland,Soyabean,Kharif,26660.0,1568.6,3197067.2,5598.6,1.23
2005,Assam,Rapeseed &Mustard,Rabi,212471.0,2184.6,25479522.32,44618.91,0.469259
2005,Chhattisgarh,Castor seed,Kharif,95.0,1292.7,11392.4,19.95,0.256667
2003,Meghalaya,Sweet potato,Whole Year,4853.0,3321.3,480349.94,1164.72,3.395714
2019,Jharkhand,Sunflower,Kharif,149.0,1137.8,25592.24,55.13,0.738333
2004,Tripura,Jute,Kharif,978.0,2706.3,105956.52,205.38,7.88
2014,Karnataka,Linseed,Rabi,5025.0,1238.5,758574.0,1658.25,0.359286
2000,Uttar Pradesh,Moong(Green Gram),Kharif,28449.0,874.4,2792838.33,7396.74,0.308226
2008,Andhra Pradesh,Small millets,Kharif,30291.0,944.6,4332824.64,2726.19,0.65
2009,Tamil Nadu,Tapioca,Whole Year,118647.0,928.5,18487575.54,20169.99,35.700345
2002,Haryana,Sunflower,Rabi,1872.0,353.9,177222.24,468.0,0.98875
2014,Punjab,Potato,Rabi,116408.31,555.2,30487.79,1049.98,24.263204
2019,Telangana,Coriander,Kharif,48.0,1031.7,8244.48,17.76,0.97875
2017,Andhra Pradesh,Sesamum,Kharif,13457.0,868.2,2118670.08,5113.66,0.222308
2017,Uttar Pradesh,Moong,Kharif,42976.59,1079.9,10623.75,391.96,0.876891
2002,Madhya Pradesh,Dry chillies,Whole Year,43928.0,800.8,4158663.76,10982.0,0.528667
2016,Uttar Pradesh,Maize,Kharif,727231.0,965.3,111448150.8,254530.85,1.737808
2018,Jharkhand,Other  Rabi pulses,Rabi,14497.0,1222.7,2351413.4,5073.95,0.696087
2018,Arunachal Pradesh,Rice,Kharif,133200.0,2992.9,21605040.0,46620.0,1.737727
2001,Tamil Nadu,Tapioca,Whole Year,47825.56,1131.9,5557.57,90.89,21.608736
2006,Madhya Pradesh,Banana,Whole Year,14836.0,1072.3,1894705.56,3263.92,21.7195
2003,Uttar Pradesh,Jowar,Kharif,300167.0,1075.6,29710529.66,72040.08,1.014697
2013,Maharashtra,Soyabean,Kharif,3519900.0,1409.8,508590351.0,950373.0,1.405714
2008,West Bengal,Khesari,Rabi,27743.0,1560.1,3968358.72,2496.87,0.619375
2001,Manipur,Maize,Kharif,5060.0,2013.1,516777.8,1315.6,2.0125
2012,Puducherry,Tapioca,Kharif,181.0,1098.3,27294.8,56.11,23.86
2018,Uttarakhand,Arhar/Tur,Kharif,3199.0,1373.0,518877.8,1119.65,0.745833
2013,Gujarat,Arhar/Tur,Kharif,209870.0,1006.5,30324116.3,56664.9,0.961667
2008,Manipur,Arhar/Tur,Kharif,525.0,1134.8,75096.0,47.25,1.135556
2014,Jammu and Kashmir,Urad,Kharif,13063.0,1278.4,1971990.48,4310.79,0.304
2020,Tamil Nadu,Onion,Rabi,125752.39,948.3,29890.16,1659.0,18.670651
2009,Uttar Pradesh,Jowar,Kharif,190976.0,585.8,29757880.32,32465.92,0.940984
2013,Mizoram,Tapioca,Kharif,223.0,1848.8,32221.27,60.21,10.674
2012,Gujarat,Rice,Kharif,672000.0,460.6,101337600.0,208320.0,1.98
2004,Punjab,Rice,Kharif,2800000.0,366.4,303352000.0,588000.0,3.788824
2011,Karnataka,Moong(Green Gram),Kharif,283536.0,1179.0,47497950.72,93566.88,0.259167
2006,West Bengal,Barley,Rabi,2848.0,1631.4,363718.08,626.56,0.993333
2013,Assam,Sugarcane,Whole Year,29083.0,1797.7,4202202.67,7852.41,36.249259
2016,Punjab,Rapeseed &Mustard,Rabi,31700.0,635.9,4858025.0,11095.0,1.461818
2013,Uttarakhand,Garlic,Whole Year,3173.0,1735.4,458466.77,856.71,5.581739
2008,Nagaland,Other  Rabi pulses,Rabi,1120.0,1540.9,160204.8,100.8,0.623333
2006,Assam,Tobacco,Whole Year,563.0,1774.9,71900.73,123.86,0.5928
2018,West Bengal,Soyabean,Kharif,416.0,2012.6,67475.2,145.6,1.036667
2012,Assam,Coconut,Whole Year,20233.0,2167.5,3051136.4,6272.23,6245.638519
2013,Gujarat,Other Kharif pulses,Kharif,19662.0,1006.5,2840962.38,5308.74,0.468421
2018,Andhra Pradesh,Moong(Green Gram),Kharif,17874.0,1220.5,2899162.8,6255.9,0.608462
2019,Gujarat,Other  Rabi pulses,Rabi,35625.0,1067.8,6118950.0,13181.25,0.799167
2003,Karnataka,Sugarcane,Whole Year,243341.0,867.6,24085892.18,58401.84,72.1276
2015,Haryana,Horse-gram,Kharif,200.0,426.8,31582.0,66.0,0.5
2018,Kerala,Cashewnut,Whole Year,38780.66,2989.7,6290223.05,13573.23,0.276429
2008,Sikkim,Soyabean,Kharif,3600.0,2247.5,514944.0,324.0,0.87
2016,Tamil Nadu,Banana,Whole Year,90993.0,912.4,13944677.25,31847.55,33.240968
2008,Delhi,Gram,Rabi,48.0,614.6,6865.92,4.32,1.46
2004,Gujarat,Bajra,Kharif,770100.0,719.8,83432634.0,161721.0,1.133333
2017,Nagaland,Castor seed,Kharif,350.0,1722.1,55104.0,133.0,0.624444
2010,Haryana,Sesamum,Kharif,3268.0,639.2,542847.48,784.32,0.511053
2007,West Bengal,Soyabean,Kharif,536.0,2007.5,71502.4,85.76,0.5975
2012,Kerala,Cashewnut,Whole Year,52086.0,2187.6,7854568.8,16146.66,0.390714
2018,Uttar Pradesh,Bajra,Kharif,876724.0,792.8,142204632.8,306853.4,1.70129
2017,Andhra Pradesh,Jowar,Kharif,29677.0,868.2,4672346.88,11277.26,1.135385
2005,Andhra Pradesh,Moong(Green Gram),Kharif,251959.0,1075.5,30214923.28,52911.39,0.582273
2019,Odisha,Jute,Autumn,147.0,1593.9,25248.72,54.39,1.94
2016,Rajasthan,Cotton(lint),Kharif,2260185.72,343.6,517793.5,24985.67,0.504615
2014,Uttar Pradesh,Maize,Kharif,642726.0,616.4,97025916.96,212099.58,1.693784
2012,Andhra Pradesh,Jowar,Kharif,103000.0,968.7,15532400.0,31930.0,1.567273
2010,Delhi,Wheat,Rabi,20135.0,989.5,3344624.85,4832.4,4.34
2017,Meghalaya,Cashewnut,Rabi,10461.0,4472.3,1646979.84,3975.18,1.396
2001,Mizoram,Sesamum,Kharif,3985.0,2406.4,406988.05,1036.1,0.5025
2002,Puducherry,Tapioca,Whole Year,437.0,1434.6,41370.79,109.25,19.94
2006,Gujarat,Guar seed,Whole Year,204700.0,1056.2,26142237.0,45034.0,0.445455
2005,Uttar Pradesh,Onion,Whole Year,25535.0,751.9,3062157.2,5362.35,12.852464
2010,Andhra Pradesh,Sesamum,Kharif,81800.0,1297.0,13587798.0,19632.0,0.178
2007,Tamil Nadu,Potato,Whole Year,4066.0,1067.2,542404.4,650.56,17.018
2015,Punjab,Guar seed,Kharif,48600.0,512.6,7674426.0,16038.0,0.8225
2000,Haryana,Sunflower,Rabi,1254.0,383.7,123105.18,326.04,0.77
2017,Assam,Jute,Kharif,69926.0,2098.6,11009149.44,26571.88,11.313704
2005,Madhya Pradesh,Niger seed,Kharif,105484.0,1032.7,12649641.28,22151.64,0.225769
2002,Gujarat,Other  Rabi pulses,Rabi,4200.0,458.4,397614.0,1050.0,0.526667
2019,Odisha,Ginger,Kharif,17140.0,1593.9,2943966.4,6341.8,13.452759
2012,West Bengal,Linseed,Rabi,3841.0,1566.0,579222.8,1190.71,0.357143
2015,Madhya Pradesh,Arhar/Tur,Kharif,581000.0,1000.7,91745710.0,191730.0,0.976327
2007,Jammu and Kashmir,Turmeric,Kharif,22.0,1042.2,2934.8,3.52,1.015
2019,Bihar,Soyabean,Kharif,19600.0,1194.7,3366496.0,7252.0,0.75
2016,Karnataka,Groundnut,Kharif,496668.0,1147.2,76114371.0,173833.8,0.626071
2009,Kerala,Black pepper,Whole Year,171489.0,2821.5,26721415.98,29153.13,0.190714
2014,Delhi,Rice,Kharif,6035.0,416.4,911043.6,1991.55,2.86
2015,Uttarakhand,Bajra,Kharif,2.0,1247.6,315.82,0.66,1.0
2016,Puducherry,Dry chillies,Rabi,4.0,1391.3,613.0,1.4,6.5
2001,Himachal Pradesh,Other  Rabi pulses,Rabi,20.0,918.1,2042.6,5.2,0.565
2020,Assam,Jute,Kharif,335848.58,2743.3,47630.73,3162.18,2.564371
2016,Meghalaya,Arecanut,Rabi,18190.0,3837.1,2787617.5,6366.5,1.291818
2009,Maharashtra,Niger seed,Kharif,33000.0,1002.4,5142060.0,5610.0,0.180556
2014,Haryana,Masoor,Rabi,2000.0,301.3,301920.0,660.0,0.871429
2019,Tamil Nadu,Horse-gram,Kharif,2439.0,910.1,418922.64,902.43,0.725
2006,Chhattisgarh,Soyabean,Kharif,64474.0,1317.2,8233974.54,14184.28,1.00625
2014,Arunachal Pradesh,Maize,Kharif,48000.0,2403.2,7246080.0,15840.0,1.752941
2012,Madhya Pradesh,Sesamum,Whole Year,289005.0,1049.5,43581954.0,89591.55,0.5566
2017,Andhra Pradesh,Potato,Kharif,457.0,868.2,71950.08,173.66,7.15
2006,Bihar,Lentil,Rabi,27181.03,1334.4,2257.57,129.87,0.862693
2001,Goa,Rice,Kharif,32746.0,2530.6,3344348.98,8513.96,2.41
2004,Andhra Pradesh,Sunflower,Kharif,476116.0,781.8,51582407.44,99984.36,0.714545
2007,West Bengal,Garlic,Kharif,3414.0,2007.5,455427.6,546.24,10.537222
2014,Haryana,Coriander,Whole Year,2166.0,301.3,326979.36,714.78,2.171429
2010,Madhya Pradesh,Khesari,Rabi,52782.0,856.3,8767618.02,12667.68,0.511333
2011,Rajasthan,Coriander,Rabi,38362.81,501.0,4906.42,454.17,0.842188
2011,Chhattisgarh,Ragi,Kharif,8144.0,1302.7,1364282.88,2687.52,0.50625
2015,Tamil Nadu,Gram,Rabi,4876.0,1201.9,769969.16,1609.08,0.6
2020,Kerala,Banana,Whole Year,58514.43,2939.1,9691.43,564.33,34.168749
2002,Maharashtra,Arhar/Tur,Kharif,1059900.0,967.4,100340733.0,264975.0,0.629688
2002,Andhra Pradesh,Tapioca,Whole Year,13138.0,648.1,1243774.46,3284.5,5.034286
2019,Chhattisgarh,Dry chillies,Whole Year,4913.0,1420.3,843856.88,1817.81,0.609286
2018,Gujarat,Sesamum,Kharif,80106.0,1125.4,12993193.2,28037.1,0.4725
2017,Tripura,Wheat,Rabi,195.0,3326.8,30700.8,74.1,2.025
2014,West Bengal,Ragi,Autumn,10127.0,1483.5,1528771.92,3341.91,0.71
2018,Tamil Nadu,Moong(Green Gram),Kharif,26977.0,986.2,4375669.4,9441.95,0.6508
2016,Chhattisgarh,Sesamum,Kharif,18366.0,1298.9,2814589.5,6428.1,0.413704
2007,Haryana,Castor seed,Kharif,2098.0,443.8,279873.2,335.68,0.762
2016,Bihar,Coriander,Whole Year,2852.0,1205.6,437069.0,998.2,0.891481
2012,West Bengal,Khesari,Rabi,28488.0,1566.0,4295990.4,8831.28,1.235333
2008,Puducherry,Other  Rabi pulses,Rabi,11.0,1434.6,1573.44,0.99,0.91
2009,Jammu and Kashmir,Horse-gram,Kharif,1773.0,751.7,276268.86,301.41,0.344286
2018,Punjab,Cotton(lint),Kharif,267900.0,585.5,43453380.0,93765.0,4.273333
2002,Bihar,Mesta,Kharif,20026.0,1105.8,1895861.42,5006.5,5.77619
2008,Assam,Black pepper,Whole Year,3393.0,2109.9,485334.72,305.37,1.680385
2009,Puducherry,Urad,Kharif,31.0,1434.6,4830.42,5.27,0.32
2019,Kerala,Banana,Whole Year,60678.0,3119.2,10422053.28,22450.86,8.815
2013,Andhra Pradesh,Groundnut,Kharif,1085991.0,1062.3,156914839.6,293217.57,1.493077
2016,Telangana,Banana,Kharif,1579.0,942.6,241981.75,552.65,45.93
2008,Karnataka,Tapioca,Whole Year,872.0,1164.1,124730.88,78.48,9.78875
2009,Tamil Nadu,Jowar,Whole Year,238476.0,928.5,37159330.32,40540.92,1.287778
2003,Uttarakhand,Moong(Green Gram),Kharif,13.0,1734.3,1286.74,3.12,0.443333
2004,Maharashtra,Niger seed,Kharif,54200.0,1052.0,5872028.0,11382.0,0.3395
2002,Goa,Rice,Kharif,33728.0,2516.3,3193029.76,8432.0,2.67
2019,Himachal Pradesh,Dry chillies,Kharif,583.0,1217.7,100136.08,215.71,0.484
2012,Madhya Pradesh,Mustard,Rabi,362166.58,1388.2,91255.0,4487.16,1.245117
2000,Haryana,Arhar/Tur,Kharif,14482.0,383.7,1421697.94,3765.32,0.748333
2008,Jharkhand,Maize,Autumn,72914.37,1295.2,10429671.48,6562.29,1.074167
2012,Telangana,Cotton(lint),Kharif,2261152.53,1056.2,281194.76,10712.67,0.473857
2004,Maharashtra,Small millets,Kharif,75000.0,1052.0,8125500.0,15750.0,0.474138
2003,Karnataka,Coriander,Whole Year,7797.0,867.6,771747.06,1871.28,0.1195
2016,Uttar Pradesh,Sannhamp,Kharif,2354.0,965.3,360750.5,823.9,0.238125
2011,Tripura,Groundnut,Kharif,219.0,2295.6,36686.88,72.27,1.085
2016,Manipur,Sugarcane,Whole Year,6000.0,2039.8,919500.0,2100.0,54.381111
2016,Karnataka,Sesamum,Kharif,35109.0,1147.2,5380454.25,12288.15,0.559231
2017,Uttarakhand,Turmeric,Whole Year,800.0,1475.8,125952.0,304.0,2.174545
2010,Manipur,Other Kharif pulses,Kharif,1450.0,2160.5,240859.5,348.0,1.177778
2010,Tamil Nadu,Banana,Whole Year,47585.75,1027.2,5705.71,188.32,28.1307
2007,Nagaland,Rapeseed &Mustard,Rabi,27550.0,1769.0,3675170.0,4408.0,0.725
2004,Bihar,Urad,Kharif,23960.0,1147.8,2595826.4,5031.6,0.742286
2016,Delhi,Maize,Kharif,34.0,747.1,5210.5,11.9,5.12
2015,Bihar,Sesamum,Kharif,2754.0,874.0,434884.14,908.82,0.883462
2016,Tamil Nadu,Tobacco,Whole Year,1799.0,912.4,275696.75,629.65,1.547143
2007,Jharkhand,Rice,Autumn,183323.17,1444.7,24455310.88,29331.71,0.899048
2005,Andhra Pradesh,Arecanut,Whole Year,293.0,1075.5,35136.56,61.53,0.8025
2004,Nagaland,Moong(Green Gram),Kharif,1300.0,1711.5,140842.0,273.0,0.621429
2007,Uttarakhand,Horse-gram,Kharif,9001.0,1924.3,1200733.4,1440.16,0.749091
2000,Chhattisgarh,Ragi,Kharif,11183.0,896.4,1097835.11,2907.58,0.213333
2012,Uttar Pradesh,Sweet potato,Kharif,16800.0,746.3,2533440.0,5208.0,12.950469
2004,Madhya Pradesh,Wheat,Rabi,4188248.0,895.7,453754788.3,879532.08,1.7075
2008,Bihar,Sesamum,Kharif,2298.0,1197.7,328705.92,206.82,0.824483
2015,Telangana,Wheat,Rabi,4952.0,747.9,781970.32,1634.16,2.9475
2017,Karnataka,Banana,Whole Year,75529.34,2512.8,7726.46,317.26,26.752338
2007,Karnataka,Sannhamp,Whole Year,400.0,1323.3,53360.0,64.0,0.243333
2013,Kerala,Arecanut,Whole Year,100008.0,3255.4,14450155.92,27002.16,0.805
2014,Arunachal Pradesh,Small millets,Kharif,26000.0,2403.2,3924960.0,8580.0,1.029412
2015,Andhra Pradesh,Oilseeds total,Kharif,849779.0,940.7,134188601.9,280427.07,5.453077
2000,Maharashtra,Jowar,Kharif,1910000.0,1057.8,187504700.0,496600.0,1.168462
2008,Madhya Pradesh,Arhar/Tur,Kharif,306161.0,895.0,43793269.44,27554.49,0.712
2003,Tamil Nadu,Coconut,Whole Year,352710.0,345.6,34911235.8,84650.4,7781.805714
2001,Delhi,Cotton(lint),Kharif,1.0,611.9,102.13,0.26,1.0
2004,Tamil Nadu,Sweet potato,Whole Year,1397.0,1034.0,151350.98,293.37,14.9992
2018,Nagaland,Arhar/Tur,Kharif,3210.0,1372.7,520662.0,1123.5,0.907273
2007,Gujarat,Guar seed,Whole Year,195800.0,1021.6,26119720.0,31328.0,0.753333
2018,Himachal Pradesh,Sesamum,Kharif,327.0,1052.2,53039.4,114.45,0.442222
2007,Gujarat,Potato,Whole Year,72300.0,1021.6,9644820.0,11568.0,24.423333
2011,Rajasthan,Barley,Rabi,26264.85,427.1,4891.13,74.55,2.224205
2001,Nagaland,Gram,Rabi,1000.0,1532.0,102130.0,260.0,1.0075
2008,Puducherry,Groundnut,Kharif,87.0,1434.6,12444.48,7.83,1.95
2003,Uttarakhand,Rapeseed &Mustard,Rabi,12545.0,1734.3,1241704.1,3010.8,0.694615
2002,Himachal Pradesh,Dry chillies,Whole Year,837.0,890.8,79238.79,209.25,0.207
2015,Andhra Pradesh,Soyabean,Kharif,1210.0,940.7,191071.1,399.3,1.45
2013,Telangana,Linseed,Rabi,229.0,1348.7,33088.21,61.83,0.49
2009,Maharashtra,Ragi,Kharif,120200.0,1002.4,18729564.0,20434.0,0.85
2017,Uttar Pradesh,Rapeseed &Mustard,Rabi,678853.0,652.1,106878616.3,257964.14,1.2172
2000,Karnataka,Horse-gram,Kharif,161959.0,1213.3,15899515.03,42109.34,0.63625
2013,Mizoram,Rice,Autumn,22633.0,1848.8,3270242.17,6110.91,1.10625
2016,Arunachal Pradesh,Maize,Kharif,50300.0,2933.7,7708475.0,17605.0,1.584
2010,Chhattisgarh,Jowar,Kharif,5720.0,1283.1,950149.2,1372.8,1.511765
2013,Bihar,Khesari,Rabi,63233.0,1069.9,9136536.17,17072.91,1.094412
2005,Karnataka,Other Kharif pulses,Kharif,151868.0,1316.2,18212010.56,31892.28,0.279583
2014,Bihar,Onion,Rabi,118217.76,1112.4,17784.43,242.72,17.011997
2009,Chhattisgarh,Barley,Rabi,3019.0,956.9,470420.58,513.23,0.644286
2008,Tripura,Moong(Green Gram),Kharif,389.0,1827.8,55642.56,35.01,0.52
2009,Manipur,Maize,Kharif,18300.0,992.5,2851506.0,3111.0,1.705556
2001,Andhra Pradesh,Maize,Kharif,337533.0,928.4,34472245.29,87758.58,2.801818
2016,Nagaland,Sweet potato,Kharif,1770.0,1959.8,271252.5,619.5,8.512727
2014,West Bengal,Linseed,Rabi,5302.0,1483.5,800389.92,1749.66,0.348
2003,West Bengal,Cardamom,Whole Year,2874.0,1526.7,284468.52,689.76,0.24
2015,Telangana,Banana,Kharif,1756.0,747.9,277289.96,579.48,48.413333
2014,Puducherry,Other Kharif pulses,Rabi,2.0,1330.0,301.92,0.66,1.5
2001,Haryana,Moong(Green Gram),Kharif,13620.0,483.8,1391010.6,3541.2,0.069412
2003,Karnataka,Horse-gram,Kharif,109019.0,867.6,10790700.62,26164.56,0.341667
2001,Puducherry,Sugarcane,Whole Year,2117.0,1434.6,216209.21,550.42,91.64
2008,Manipur,Wheat,Rabi,2050.0,1134.8,293232.0,184.5,2.495
2018,Tripura,Arhar/Tur,Kharif,5533.0,2169.1,897452.6,1936.55,0.7675
2003,Jammu and Kashmir,Gram,Rabi,286.0,1430.3,28308.28,68.64,0.7
2012,West Bengal,Sunflower,Kharif,7345.0,1566.0,1107626.0,2276.95,1.31
2013,Chhattisgarh,Niger seed,Kharif,63611.0,1418.3,9191153.39,17174.97,4.987647
2015,West Bengal,Safflower,Kharif,486.0,1717.0,76744.26,160.38,0.855714
2002,Maharashtra,Urad,Kharif,633600.0,967.4,59982912.0,158400.0,0.583333
2006,Karnataka,Rapeseed &Mustard,Kharif,3691.0,1146.3,471377.61,812.02,0.218235
2004,Jharkhand,Arhar/Tur,Rabi,20377.08,1149.2,2207652.85,4279.19,1.50625
2018,Arunachal Pradesh,Ginger,Whole Year,7880.0,2992.9,1278136.0,2758.0,6.178636
2001,Andhra Pradesh,Sugarcane,Whole Year,218298.0,928.4,22294774.74,56757.48,84.989
2013,Haryana,Groundnut,Kharif,5600.0,452.2,809144.0,1512.0,1.146
2014,Assam,Small millets,Kharif,5343.0,1899.0,806579.28,1763.19,0.6392
2004,Gujarat,Banana,Whole Year,32200.0,719.8,3488548.0,6762.0,59.4
2003,Tripura,Maize,Kharif,2240.0,2487.9,221715.2,537.6,0.9575
2019,Himachal Pradesh,Masoor,Rabi,490.0,1217.7,84162.4,181.3,0.908889
2017,Maharashtra,Rice,Kharif,1424765.0,1129.5,224315001.6,541410.7,1.637917
2000,West Bengal,Ginger,Kharif,9328.0,1907.7,915729.76,2425.28,1.524444
2002,Andhra Pradesh,Horse-gram,Kharif,14961.0,648.1,1416357.87,3740.25,0.420833
2013,Meghalaya,Rapeseed &Mustard,Rabi,9760.0,2448.4,1410222.4,2635.2,0.902727
2007,Gujarat,Arhar/Tur,Kharif,265100.0,1021.6,35364340.0,42416.0,1.095909
2002,West Bengal,Maize,Kharif,27724.0,1629.1,2624631.08,6931.0,1.895385
2017,Chhattisgarh,Wheat,Rabi,102195.0,1124.5,16089580.8,38834.1,1.497692
2019,Telangana,Cowpea(Lobia),Kharif,781.0,1031.7,134144.56,288.97,0.7692
2017,Madhya Pradesh,Groundnut,Kharif,218160.0,800.0,34347110.4,82900.8,1.308684
2001,Himachal Pradesh,Potato,Whole Year,8480.0,918.1,866062.4,2204.8,8.677273
2001,Assam,Dry chillies,Whole Year,14732.0,1824.7,1504579.16,3830.32,0.637826
2013,Chhattisgarh,Sweet potato,Whole Year,3643.0,1418.3,526377.07,983.61,5.608462
2015,Tripura,Urad,Kharif,2300.0,2334.4,363193.0,759.0,0.57125
2000,Goa,Other  Rabi pulses,Rabi,10121.0,3886.9,993578.57,2631.46,0.92
2006,Delhi,Gram,Rabi,45.0,462.7,5746.95,9.9,1.44
2004,Meghalaya,Tobacco,Whole Year,729.0,4767.9,78979.86,153.09,0.55
2012,Uttar Pradesh,Onion,Rabi,10934.0,746.3,1648847.2,3389.54,23.000811
2012,Andhra Pradesh,Mango,Whole Year,229619.26,714.8,28791.47,2655.83,6.067781
2005,Uttarakhand,Tobacco,Whole Year,26.0,1353.3,3117.92,5.46,3.833333
2012,Mizoram,Other  Rabi pulses,Rabi,936.0,2050.2,141148.8,290.16,1.23375
2016,Bihar,Sunflower,Rabi,10286.0,1205.6,1576329.5,3600.1,1.42125
2013,Tripura,Peas & beans (Pulses),Rabi,1028.0,2043.5,148535.72,277.56,0.85625
2014,Telangana,other oilseeds,Kharif,3475.0,746.4,524586.0,1146.75,13.84
2004,Odisha,Rapeseed &Mustard,Winter,15863.0,1290.4,1718597.42,3331.23,0.159
2009,Punjab,Mustard,Rabi,996164.99,683.1,142518.45,5062.43,1.413061
2016,Maharashtra,Other Cereals,Kharif,44130.0,1151.1,6762922.5,15445.5,0.484231
2019,Arunachal Pradesh,Soyabean,Kharif,3137.0,2433.3,538811.12,1160.69,1.499583
2008,Assam,Sugarcane,Whole Year,28649.0,2109.9,4097952.96,2578.41,37.27
2004,Andhra Pradesh,Rapeseed &Mustard,Rabi,3623.0,781.8,392515.82,760.83,0.201667
2004,Tamil Nadu,Potato,Whole Year,5034.0,1034.0,545383.56,1057.14,16.0325
2007,Nagaland,Groundnut,Kharif,1450.0,1769.0,193430.0,232.0,1.11
2006,Karnataka,Castor seed,Kharif,20230.0,1146.3,2583573.3,4450.6,0.827727
2002,Uttar Pradesh,Jowar,Kharif,268145.0,664.0,25385287.15,67036.25,1.096875
2013,Telangana,Tobacco,Kharif,2218.0,1348.7,320478.82,598.86,3.106667
2007,Meghalaya,Rapeseed &Mustard,Rabi,7252.0,4702.0,967416.8,1160.32,0.62
2006,Goa,Cashewnut,Whole Year,55302.0,2928.8,7062618.42,12166.44,0.44
2016,Tripura,Soyabean,Rabi,300.0,2475.3,45975.0,105.0,0.85875
2011,Tamil Nadu,Ragi,Kharif,68835.0,926.5,11531239.2,22715.55,2.607083
2000,West Bengal,Arecanut,Whole Year,7773.0,1907.7,763075.41,2020.98,1.84
2003,Manipur,Sesamum,Kharif,810.0,687.7,80173.8,194.4,0.496667
2013,Haryana,Potato,Whole Year,29973.0,452.2,4330798.77,8092.71,23.140476
2004,Bihar,Gram,Rabi,72112.0,1147.8,7812614.08,15143.52,0.81
2004,Andhra Pradesh,Linseed,Rabi,4181.0,781.8,452969.54,878.01,0.126667
2006,Andhra Pradesh,Moong(Green Gram),Kharif,246320.0,845.2,31457527.2,54190.4,0.312727
2008,Madhya Pradesh,Masoor,Rabi,529690.0,895.0,75766857.6,47672.1,0.467872
2006,Uttarakhand,Arhar/Tur,Kharif,1827.0,1178.9,233326.17,401.94,0.666667
2005,Andhra Pradesh,Banana,Whole Year,45642.0,1075.5,5473388.64,9584.82,23.9085
2005,Puducherry,Sugarcane,Whole Year,2099.0,1434.6,251712.08,440.79,109.13
2001,West Bengal,Small millets,Kharif,4610.0,1556.6,470819.3,1198.6,0.796667
2012,Punjab,Mustard,Rabi,1130813.03,341.7,85631.59,11588.7,1.441903
2005,Jammu and Kashmir,other oilseeds,Kharif,20.0,1721.8,2398.4,4.2,0.415
2019,Odisha,Rice,Autumn,426080.0,1593.9,73183500.8,157649.6,1.8825
2011,Andhra Pradesh,Cotton(lint),Kharif,2062999.0,861.9,345593592.5,680789.67,1.548182
2000,Gujarat,Ragi,Kharif,19600.0,379.7,1924132.0,5096.0,0.81
2013,Nagaland,Urad,Rabi,760.0,1350.9,109812.4,205.2,0.803
2009,Andhra Pradesh,Mesta,Kharif,23045.0,711.0,3590871.9,3917.65,8.421667
2004,Tamil Nadu,Rice,Kharif,1872822.0,1034.0,202901535.5,393292.62,3.015172
2005,Assam,Turmeric,Whole Year,11611.0,2184.6,1392391.12,2438.31,0.728889
2019,Jharkhand,Soyabean,Kharif,1193.0,1137.8,204909.68,441.41,0.850833
2015,Himachal Pradesh,Dry chillies,Kharif,599.0,1223.2,94588.09,197.67,0.347778
2003,Nagaland,Other Kharif pulses,Kharif,6990.0,1709.8,691870.2,1677.6,1.2925
2015,Madhya Pradesh,Horse-gram,Kharif,13000.0,1000.7,2052830.0,4290.0,0.258
2018,Sikkim,Barley,Rabi,786.0,3350.1,127489.2,275.1,1.113333
2017,West Bengal,Potato,Rabi,430615.0,1830.0,67796025.6,163633.7,30.979545
2011,Chhattisgarh,Urad,Kharif,98154.0,1302.7,16442758.08,32390.82,0.295926
2019,Jammu and Kashmir,Rice,Kharif,280513.0,1324.1,48180912.88,103789.81,2.0755
2011,Uttar Pradesh,Masoor,Rabi,573244.0,777.4,96029834.88,189170.52,1.008889
2007,Andhra Pradesh,Horse-gram,Kharif,7000.0,1004.2,933800.0,1120.0,0.585
2016,Puducherry,Groundnut,Kharif,1.0,1391.3,153.25,0.35,3.0
2018,Andhra Pradesh,Mango,Whole Year,291877.86,799.1,67974.81,3878.19,7.535515
2002,West Bengal,Rapeseed &Mustard,Rabi,408270.0,1629.1,38650920.9,102067.5,0.692778
2000,Jammu and Kashmir,Ginger,Kharif,40.0,989.5,3926.8,10.4,1.415
2018,Chhattisgarh,Castor seed,Kharif,49.0,1515.5,7947.8,17.15,0.286
2004,Nagaland,Niger seed,Kharif,800.0,1711.5,86672.0,168.0,1.11
2014,Assam,Dry chillies,Whole Year,19605.0,1899.0,2959570.8,6469.65,0.792222
2004,Nagaland,Maize,Kharif,45400.0,1711.5,4918636.0,9534.0,1.80125
2006,Nagaland,Sugarcane,Rabi,290.0,1362.5,37035.9,63.8,16.72
2004,Nagaland,Sesamum,Kharif,500.0,1711.5,54170.0,105.0,0.4325
2012,Bihar,Linseed,Rabi,21969.0,924.1,3312925.2,6810.39,0.868286
2005,Himachal Pradesh,Potato,Whole Year,14012.0,1248.1,1680319.04,2942.52,6.635833
2014,Nagaland,Other Kharif pulses,Kharif,10460.0,1333.3,1579041.6,3451.8,1.174
2004,Maharashtra,Moong(Green Gram),Kharif,656000.0,1052.0,71071040.0,137760.0,0.509091
2013,West Bengal,Niger seed,Kharif,3375.0,1939.9,487653.75,911.25,0.565
2001,Karnataka,Coconut,Whole Year,369828.0,1002.9,37770533.64,96155.28,4164.951481
2003,Maharashtra,Moong(Green Gram),Kharif,700100.0,1037.4,69295898.0,168024.0,0.583939
2008,Haryana,Rice,Kharif,1211149.0,715.6,173242753.0,109003.41,2.569
2020,Andhra Pradesh,Jowar,Kharif,529222.98,1166.6,118645.69,3054.41,1.481607
2007,Uttarakhand,Sugarcane,Whole Year,122533.0,1924.3,16345902.2,19605.28,62.128571
2016,Arunachal Pradesh,Masoor,Rabi,413.0,2933.7,63292.25,144.55,0.511
2003,Puducherry,Sugarcane,Whole Year,1733.0,1434.6,171532.34,415.92,54.985
2017,Maharashtra,Wheat,Rabi,1137731.5,1129.5,179124447.4,432337.97,1.505484
2019,Maharashtra,Linseed,Rabi,5493.0,1555.8,943477.68,2032.41,0.313333
2020,Haryana,Wheat,Rabi,1012978.99,452.2,213759.75,5778.93,4.092146
2014,Punjab,Rice,Kharif,2894000.0,382.7,436878240.0,955020.0,3.728182
2017,Gujarat,Sesamum,Kharif,107763.0,814.8,16966206.72,40949.94,0.608621
2019,Uttar Pradesh,Guar seed,Kharif,1979.0,814.5,339913.04,732.23,0.710877
2013,Odisha,Sugarcane,Winter,14213.0,1632.4,2053636.37,3837.51,62.185357
2017,Gujarat,Wheat,Rabi,1058778.0,814.8,166694008.3,402335.64,2.926667
2006,Uttarakhand,Small millets,Kharif,71050.0,1178.9,9073795.5,15631.0,1.161818
2019,Gujarat,Garlic,Whole Year,11313.0,1067.8,1943120.88,4185.81,7.213182
2002,Karnataka,Potato,Whole Year,50645.0,860.8,4794562.15,12661.25,5.757143
2006,Andhra Pradesh,Jowar,Kharif,163068.0,845.2,20825414.28,35874.96,0.909524
2001,Puducherry,Urad,Rabi,811.0,1434.6,82827.43,210.86,0.423333
2020,Karnataka,Black pepper,Whole Year,29299.31,1016.9,6171.02,401.23,0.404892
2012,Chhattisgarh,Ragi,Kharif,8305.0,1366.8,1252394.0,2574.55,0.270625
2013,Tamil Nadu,Jowar,Kharif,225010.0,740.9,32511694.9,60752.7,1.271154
2017,Madhya Pradesh,Other Kharif pulses,Kharif,1870.0,800.0,294412.8,710.6,0.63
2003,Karnataka,Niger seed,Kharif,27485.0,867.6,2720465.3,6596.4,0.213043
2011,Maharashtra,Ragi,Kharif,130300.0,1174.1,21827856.0,42999.0,1.037273
2015,West Bengal,Moong(Green Gram),Kharif,1192.0,1717.0,188228.72,393.36,0.762727
2016,Himachal Pradesh,Soyabean,Kharif,512.0,1373.9,78464.0,179.2,1.522857
2003,Manipur,Maize,Kharif,2340.0,687.7,231613.2,561.6,2.76
2007,Gujarat,Wheat,Rabi,1273900.0,1021.6,169938260.0,203824.0,2.9304
2012,Karnataka,Castor seed,Kharif,11462.0,956.2,1728469.6,3553.22,0.658095
2010,Manipur,Maize,Kharif,18520.0,2160.5,3076357.2,4444.8,1.74
2002,Punjab,Sesamum,Kharif,17300.0,301.8,1637791.0,4325.0,0.250714
2013,Madhya Pradesh,Dry chillies,Whole Year,71877.0,1451.4,10385507.73,19406.79,1.165
2013,Puducherry,Sesamum,Kharif,11.0,1083.2,1589.39,2.97,0.73
2012,Gujarat,Guar seed,Whole Year,207100.0,460.6,31230680.0,64201.0,2.929412
2018,Uttarakhand,Turmeric,Whole Year,1308.0,1373.0,212157.6,457.8,2.91
2020,Assam,Mustard,Rabi,917528.21,2447.1,133436.27,2493.98,1.67611
2019,Jharkhand,Niger seed,Kharif,3117.0,1137.8,535375.92,1153.29,0.481667
2011,Karnataka,Sannhamp,Whole Year,42.0,1179.0,7035.84,13.86,0.225
2006,West Bengal,Dry chillies,Whole Year,52246.0,1631.4,6672336.66,11494.12,1.115
2015,Uttar Pradesh,Bajra,Kharif,974881.0,596.7,153943458.7,321710.73,1.444127
2017,Puducherry,Bajra,Kharif,9.0,1582.4,1416.96,3.42,2.78
2016,West Bengal,Niger seed,Kharif,4134.0,1795.8,633535.5,1446.9,0.62
2003,Assam,Linseed,Rabi,9604.0,2213.7,950603.92,2304.96,0.524545
2009,Assam,Ginger,Whole Year,15690.0,1727.1,2444815.8,2667.3,6.941481
2010,Chhattisgarh,Bajra,Kharif,76.0,1283.1,12624.36,18.24,0.546667
2013,Gujarat,Other Cereals,Kharif,12100.0,1006.5,1748329.0,3267.0,0.588333
2020,Punjab,Potato,Rabi,231950.85,562.3,58913.38,889.88,25.838932
2012,Delhi,Wheat,Rabi,19450.0,451.9,2933060.0,6029.5,4.36
2011,Haryana,Maize,Kharif,11045.0,471.5,1850258.4,3644.85,1.145
2004,Manipur,Ginger,Kharif,2480.0,1613.3,268683.2,520.8,1.73375
2002,West Bengal,Niger seed,Kharif,6809.0,1629.1,644608.03,1702.25,0.50625
2007,Assam,Tapioca,Whole Year,2609.0,2154.1,348040.6,417.44,4.444615
2019,Puducherry,Turmeric,Kharif,11.0,1317.0,1889.36,4.07,15.0
2001,Uttarakhand,Moth,Kharif,11.0,1541.3,1123.43,2.86,0.34
2009,Haryana,Barley,Rabi,42096.0,393.0,6559398.72,7156.32,1.881429
2012,Karnataka,Horse-gram,Kharif,63877.0,956.2,9632651.6,19801.87,0.419231
2015,Himachal Pradesh,Groundnut,Kharif,35.0,1223.2,5526.85,11.55,0.905
2002,Odisha,Turmeric,Whole Year,23640.0,1102.8,2237998.8,5910.0,2.164828
2012,Gujarat,Jowar,Kharif,49500.0,460.6,7464600.0,15345.0,1.369286
2003,Haryana,Urad,Kharif,2419.0,592.3,239432.62,580.56,0.042857
2001,Odisha,Maize,Kharif,51428.0,1672.5,5252341.64,13371.28,0.714615
2001,Haryana,Masoor,Rabi,9325.0,483.8,952362.25,2424.5,0.811333
2011,Andhra Pradesh,Sweet potato,Whole Year,980.0,861.9,164169.6,323.4,12.917333
2018,Himachal Pradesh,Moth,Kharif,16.0,1052.2,2595.2,5.6,0.59
2017,Andhra Pradesh,Cowpea(Lobia),Kharif,4302.0,868.2,677306.88,1634.76,0.691429
2011,Rajasthan,Sesamum,Kharif,26136.55,410.4,4211.5,124.71,0.514166
2006,Assam,Maize,Kharif,18657.0,1774.9,2382685.47,4104.54,0.6252
2016,Madhya Pradesh,Urad,Kharif,1168000.0,1048.4,178996000.0,408800.0,0.914318
2013,Karnataka,Castor seed,Kharif,12184.0,1235.6,1760466.16,3289.68,0.906957
2017,Punjab,Rapeseed &Mustard,Rabi,30500.0,497.5,4801920.0,11590.0,1.469091
2004,Odisha,Ragi,Autumn,24161.0,1290.4,2617602.74,5073.81,0.548571
2014,Andhra Pradesh,Maize,Kharif,99863.0,687.6,15075318.48,32954.79,3.446923
2020,Madhya Pradesh,Rice,Kharif,1918509.65,1381.0,314951.67,19448.92,3.564483
2006,Himachal Pradesh,Masoor,Rabi,727.0,1207.0,92845.17,159.94,0.696364
2011,Karnataka,Tapioca,Whole Year,860.0,1179.0,144067.2,283.8,10.352222
2014,Tripura,Other  Rabi pulses,Rabi,552.0,2015.7,83329.92,182.16,0.835
2010,Bihar,Banana,Whole Year,87947.58,1078.4,18978.95,951.69,27.834559
2017,Tripura,Rapeseed &Mustard,Rabi,7795.0,3326.8,1227244.8,2962.1,0.82625
2005,Himachal Pradesh,Barley,Rabi,25235.0,1248.1,3026181.2,5299.35,1.133636
2003,Uttarakhand,Tobacco,Whole Year,23.0,1734.3,2276.54,5.52,3.26
2011,Sikkim,Soyabean,Kharif,3870.0,2585.5,648302.4,1277.1,0.8875
2007,Tamil Nadu,Rapeseed &Mustard,Whole Year,275.0,1067.2,36685.0,44.0,0.204545
2002,Assam,Arhar/Tur,Kharif,7013.0,1973.6,663920.71,1753.25,0.71087
2008,Himachal Pradesh,Sesamum,Kharif,3307.0,1357.1,473033.28,297.63,0.335556
2013,Arunachal Pradesh,Rice,Kharif,131989.0,2042.9,19071090.61,35637.03,1.300588
2012,Mizoram,Maize,Kharif,5995.2,2050.2,904076.16,1858.51,1.375
2010,Madhya Pradesh,Maize,Kharif,837865.0,856.3,139177755.1,201087.6,1.3712
2010,Telangana,Cotton(lint),Kharif,1029443.36,1094.5,172083.6,7669.52,0.483171
2003,Tamil Nadu,Maize,Kharif,160159.0,345.6,15852537.82,38438.16,1.7856
2002,Tamil Nadu,Cotton(lint),Kharif,75572.0,315.9,7154401.24,18893.0,1.429231
2017,Bihar,Tobacco,Whole Year,10893.0,1112.0,1714993.92,4139.34,1.758889
2011,Gujarat,Gram,Rabi,239900.0,890.5,40188048.0,79167.0,1.1832
2011,Jammu and Kashmir,Turmeric,Kharif,13.0,887.6,2177.76,4.29,1.036667
2005,Andhra Pradesh,Sweet potato,Whole Year,1085.0,1075.5,130113.2,227.85,8.547778
2019,Nagaland,Mesta,Kharif,1960.0,1593.0,336649.6,725.2,1.093636
2013,Karnataka,Urad,Kharif,95294.0,1235.6,13769030.06,25729.38,0.403684
2010,Uttar Pradesh,Maize,Kharif,718026.0,742.6,119271298.9,172326.24,1.409155
2012,Manipur,Potato,Whole Year,15000.0,1176.7,2262000.0,4650.0,8.478889
2005,Puducherry,Urad,Rabi,1638.0,1434.6,196428.96,343.98,0.633333
2004,West Bengal,Maize,Kharif,64629.0,1612.9,7001905.86,13572.09,2.584375
2004,Bihar,Castor seed,Kharif,173.0,1147.8,18742.82,36.33,0.962222
2017,Telangana,Jowar,Kharif,43138.0,815.7,6791646.72,16392.44,0.921364
2008,Chhattisgarh,Groundnut,Kharif,30047.0,1117.9,4297922.88,2704.23,1.334706
2014,Puducherry,Tapioca,Kharif,188.0,1330.0,28380.48,62.04,25.44
2011,Manipur,Wheat,Rabi,2150.0,1533.6,360168.0,709.5,2.473333
2001,Chhattisgarh,Maize,Kharif,93820.0,1550.0,9581836.6,24393.2,0.75375
2006,Maharashtra,Jowar,Kharif,1409200.0,1439.4,179968932.0,310024.0,1.118846
2009,Nagaland,Small millets,Kharif,9650.0,1225.9,1503663.0,1640.5,0.357778
2010,Bihar,Small millets,Kharif,5303.0,629.2,880881.33,1272.72,0.799444
2018,West Bengal,Peas & beans (Pulses),Rabi,17100.0,2012.6,2773620.0,5985.0,1.205714
2011,Karnataka,Niger seed,Kharif,18547.0,1179.0,3106993.44,6120.51,0.268846
2017,Nagaland,Cowpea(Lobia),Kharif,540.0,1722.1,85017.6,205.2,1.46
2005,Meghalaya,Cotton(lint),Kharif,7231.0,3374.4,867141.52,1518.51,1.046667
2016,Jharkhand,Urad,Autumn,35690.0,1296.3,5469492.5,12491.5,1.117368
2000,Maharashtra,Rapeseed &Mustard,Rabi,8200.0,1057.8,804994.0,2132.0,0.217083
2005,Bihar,Banana,Whole Year,15596.0,907.8,1870272.32,3275.16,17.247273
2003,Odisha,Safflower,Rabi,1620.0,1648.2,160347.6,388.8,0.42875
2008,Tamil Nadu,Banana,Whole Year,115804.0,1201.9,16564604.16,10422.36,44.544839
2013,Jammu and Kashmir,Garlic,Rabi,653.0,1193.8,94351.97,176.31,0.854444
2007,Madhya Pradesh,Horse-gram,Kharif,23989.0,740.4,3200132.6,3838.24,0.286667
2004,Karnataka,Coriander,Whole Year,9626.0,1117.7,1042880.84,2021.46,0.119
2009,Uttarakhand,Maize,Kharif,26103.0,847.8,4067369.46,4437.51,1.236154
2016,Uttar Pradesh,Jowar,Kharif,182923.0,965.3,28032949.75,64023.05,1.038772
2017,Chhattisgarh,Sunflower,Kharif,1265.0,1124.5,199161.6,480.7,0.050667
2017,West Bengal,Banana,Whole Year,68970.48,1744.6,7649.15,831.04,32.847331
2006,Manipur,Sesamum,Kharif,1900.0,1533.6,242649.0,418.0,0.495
2019,Kerala,Groundnut,Whole Year,117.0,3119.2,20095.92,43.29,1.26
2009,Odisha,Wheat,Summer,3994.0,1330.3,622345.08,678.98,1.3456
2014,Kerala,Black pepper,Whole Year,85431.0,3046.4,12896663.76,28192.23,0.382857
2006,Madhya Pradesh,Onion,Whole Year,37825.0,1072.3,4830630.75,8321.5,14.81125
2002,Sikkim,Maize,Kharif,36720.0,2496.2,3476282.4,9180.0,1.415
2012,Nagaland,Gram,Rabi,760.0,1296.6,114608.0,235.6,0.823636
2008,Chhattisgarh,Small millets,Kharif,181785.0,1117.9,26002526.4,16360.65,0.199444
2018,Telangana,Onion,Kharif,4812.0,1350.3,780506.4,1684.2,12.82
2016,Manipur,Arhar/Tur,Kharif,533.0,2039.8,81682.25,186.55,1.128889
2015,Jammu and Kashmir,Sannhamp,Kharif,6.0,1572.6,947.46,1.98,0.775
2003,West Bengal,Niger seed,Kharif,7954.0,1526.7,787286.92,1908.96,0.54625
2004,Uttar Pradesh,Bajra,Kharif,878399.0,704.0,95165747.66,184463.79,1.386667
2006,Maharashtra,Rice,Kharif,1491300.0,1439.4,190453923.0,328086.0,1.166333
2002,Uttar Pradesh,Maize,Kharif,755265.0,664.0,71500937.55,188816.25,1.069565
2020,Karnataka,Onion,Rabi,124759.34,2292.3,34489.15,638.99,21.173373
2000,Chhattisgarh,Dry chillies,Whole Year,5434.0,896.4,533455.78,1412.84,0.250625
2001,Chhattisgarh,Linseed,Rabi,82260.0,1550.0,8401213.8,21387.6,0.272
2005,Mizoram,Other  Rabi pulses,Rabi,1598.0,2075.4,191632.16,335.58,1.79125
2018,Kerala,Sesamum,Whole Year,377.66,2989.7,61255.97,132.18,0.481667
2010,Puducherry,Bajra,Kharif,29.0,1434.6,4817.19,6.96,2.34
2017,Kerala,Groundnut,Whole Year,274.0,2664.8,43138.56,104.12,1.39
2008,Puducherry,Cotton(lint),Summer,48.0,1434.6,6865.92,4.32,0.81
2011,Gujarat,Jowar,Kharif,68200.0,890.5,11424864.0,22506.0,1.107857
2014,Haryana,Sugarcane,Whole Year,95000.0,301.3,14341200.0,31350.0,72.151538
2011,Jammu and Kashmir,Groundnut,Kharif,5.0,887.6,837.6,1.65,0.66
2008,Gujarat,Ragi,Kharif,19400.0,746.1,2774976.0,1746.0,1.0925
2000,Tamil Nadu,Other Kharif pulses,Kharif,167657.0,971.1,16458887.69,43590.82,0.1988
2009,Mizoram,Cotton(lint),Kharif,201.0,2086.3,31319.82,34.17,0.653333
2018,Himachal Pradesh,Maize,Kharif,286780.0,1052.2,46515716.0,100373.0,2.600833
2010,Puducherry,Rice,Kharif,4384.0,1434.6,728226.24,1052.16,2.673333
2017,Kerala,Ragi,Whole Year,86.5,2664.8,13618.56,32.87,1.36
2015,Karnataka,Rapeseed &Mustard,Kharif,1605.0,1024.9,253445.55,529.65,0.18875
2002,Uttar Pradesh,Cotton(lint),Kharif,4987.0,664.0,472119.29,1246.75,0.967857
2009,West Bengal,Sugarcane,Whole Year,13750.0,1317.2,2142525.0,2337.5,78.334286
2001,Maharashtra,Sunflower,Kharif,80400.0,1035.8,8211252.0,20904.0,0.419565
2005,Delhi,Gram,Rabi,47.0,653.1,5636.24,9.87,1.43
2009,Gujarat,Other  Rabi pulses,Rabi,21200.0,618.0,3303384.0,3604.0,0.703636
2001,Telangana,Turmeric,Kharif,17597.85,951.7,3504.42,19.61,4.163163
2011,Haryana,Garlic,Whole Year,1252.0,471.5,209735.04,413.16,0.686
2004,Haryana,Masoor,Rabi,5911.0,484.6,640397.74,1241.31,0.778
2014,Rajasthan,Sesamum,Kharif,48229.55,253.2,7896.95,102.56,0.495889
2006,Haryana,Rapeseed &Mustard,Rabi,598245.0,329.3,76401868.95,131613.9,1.276
2010,Uttar Pradesh,Turmeric,Rabi,1294.0,742.6,214946.34,310.56,3.1075
2020,Uttar Pradesh,Potato,Rabi,312567.12,1079.2,62020.11,4145.35,26.751647
2013,Telangana,Groundnut,Kharif,21394.0,1348.7,3091219.06,5776.38,1.25875
2007,Tamil Nadu,Onion,Whole Year,29809.0,1067.2,3976520.6,4769.44,9.574348
2000,Maharashtra,Maize,Kharif,258500.0,1057.8,25376945.0,67210.0,0.856538
2011,Rajasthan,Jowar,Kharif,994723.4,408.4,152357.55,6919.79,1.327719
2004,Arunachal Pradesh,Ginger,Whole Year,4451.0,2939.5,482221.34,934.71,6.24375
2000,Uttar Pradesh,Soyabean,Kharif,15743.0,874.4,1545490.31,4093.18,0.644545
2018,Manipur,Gram,Rabi,849.0,1196.9,137707.8,297.15,0.925556
2009,Haryana,Dry chillies,Whole Year,908.0,393.0,141484.56,154.36,0.823571
2000,Karnataka,Rapeseed &Mustard,Rabi,7637.0,1213.3,749724.29,1985.62,0.208889
2003,Tripura,Moong(Green Gram),Whole Year,4032.0,2487.9,399087.36,967.68,0.6775
2004,Mizoram,Moong(Green Gram),Kharif,15.0,2640.8,1625.1,3.15,1.13
2000,Andhra Pradesh,Onion,Kharif,17058.0,935.6,1674583.86,4435.08,12.773158
2019,Kerala,Wheat,Whole Year,1.0,3119.2,171.76,0.37,2.0
2008,Assam,Tobacco,Whole Year,493.0,2109.9,70518.72,44.37,0.649167
2004,Nagaland,Rapeseed &Mustard,Rabi,26330.0,1711.5,2852592.2,5529.3,0.755
2004,Puducherry,Ragi,Kharif,104.0,1434.6,11267.36,21.84,1.3
2004,Uttar Pradesh,Soyabean,Kharif,9306.0,704.0,1008212.04,1954.26,0.462963
2018,Karnataka,Small millets,Kharif,19229.0,1419.1,3118943.8,6730.15,0.852143
2018,Chhattisgarh,Sannhamp,Kharif,983.0,1515.5,159442.6,344.05,0.497778
2016,Chhattisgarh,Tobacco,Whole Year,5.0,1298.9,766.25,1.75,0.6
2008,Karnataka,Arecanut,Whole Year,184515.0,1164.1,26393025.6,16606.35,6.214286
2011,Himachal Pradesh,Arhar/Tur,Kharif,12.0,1108.3,2010.24,3.96,0.433333
2017,Jammu and Kashmir,Peas & beans (Pulses),Kharif,240.0,1279.1,37785.6,91.2,4.13
2008,Himachal Pradesh,Sannhamp,Kharif,6.0,1357.1,858.24,0.54,0.1
2008,Gujarat,Other Kharif pulses,Kharif,26000.0,746.1,3719040.0,2340.0,0.594286
2015,Bihar,Horse-gram,Kharif,7763.0,874.0,1225855.33,2561.79,0.925
2011,Madhya Pradesh,Mesta,Kharif,394.0,852.6,66002.88,130.02,1.508182
2020,Kerala,Arecanut,Whole Year,20497.52,3289.6,5971.8,59.05,2.110357
2011,Himachal Pradesh,Rapeseed &Mustard,Rabi,9106.0,1108.3,1525437.12,3004.98,0.970909
2010,Haryana,Gram,Rabi,111521.0,639.2,18524753.31,26765.04,0.515714
2008,Karnataka,Arhar/Tur,Kharif,596622.0,1164.1,85340810.88,53695.98,0.546154
2005,Nagaland,Small millets,Kharif,15050.0,1568.6,1804796.0,3160.5,1.0625
2015,Maharashtra,Rice,Kharif,1471400.0,875.7,232348774.0,485562.0,1.334583
2019,Telangana,Groundnut,Kharif,12363.0,1031.7,2123468.88,4574.31,2.6504
2007,Himachal Pradesh,Other Kharif pulses,Kharif,1745.0,1095.4,232783.0,279.2,0.37
2011,Uttarakhand,Other Kharif pulses,Kharif,10189.0,1564.7,1706861.28,3362.37,0.806364
2014,West Bengal,Jute,Kharif,567215.0,1483.5,85626776.4,187180.95,16.978824
2018,Himachal Pradesh,Wheat,Rabi,319002.0,1052.2,51742124.4,111650.7,1.594167
2010,West Bengal,Sesamum,Autumn,1057.0,1096.0,175578.27,253.68,0.605455
2001,Madhya Pradesh,Soyabean,Kharif,4435868.0,955.0,453035198.8,1153325.68,0.862222
2012,Uttarakhand,Turmeric,Whole Year,672.0,1309.8,101337.6,208.32,7.579
2002,Odisha,Jowar,Kharif,11000.0,1102.8,1041370.0,2750.0,0.5605
2005,Jammu and Kashmir,Ginger,Kharif,38.0,1721.8,4556.96,7.98,1.325
2015,Tamil Nadu,Castor seed,Kharif,5495.0,1201.9,867715.45,1813.35,0.325417
2008,Punjab,Maize,Kharif,151000.0,691.3,21599040.0,13590.0,3.419231
2000,Uttarakhand,Maize,Kharif,33467.0,1413.4,3285455.39,8701.42,1.337692
2008,Andhra Pradesh,Castor seed,Kharif,158723.0,944.6,22703737.92,14285.07,0.586667
2009,Tripura,Groundnut,Kharif,236.0,2004.2,36773.52,40.12,1.115
2019,Kerala,Other Kharif pulses,Kharif,91.0,3119.2,15630.16,33.67,2.4
2001,Jammu and Kashmir,Linseed,Rabi,436.0,953.8,44528.68,113.36,0.68625
2017,Jammu and Kashmir,Rice,Kharif,273582.0,1279.1,43072750.08,103961.16,2.31
2016,Himachal Pradesh,Rapeseed &Mustard,Rabi,7129.0,1373.9,1092519.25,2495.15,0.3
2002,Uttar Pradesh,Urad,Kharif,401329.0,664.0,37993816.43,100332.25,0.453971
2013,Meghalaya,Castor seed,Kharif,63.0,2448.4,9102.87,17.01,0.9
2018,West Bengal,Other Kharif pulses,Kharif,1840.0,2012.6,298448.0,644.0,0.656
2014,Chhattisgarh,Cotton(lint),Whole Year,59.0,1274.7,8906.64,19.47,0.976667
2018,Assam,Maize,Kharif,32264.0,2372.9,5233220.8,11292.4,2.868519
2014,Andhra Pradesh,Cowpea(Lobia),Kharif,4459.0,687.6,673130.64,1471.47,0.4125
2002,Assam,Masoor,Rabi,19730.0,1973.6,1867839.1,4932.5,0.524762
2018,Assam,Sweet potato,Whole Year,5020.0,2372.9,814244.0,1757.0,5.694815
2019,Himachal Pradesh,Horse-gram,Kharif,1633.0,1217.7,280484.08,604.21,0.613
2014,Telangana,Coriander,Whole Year,1597.0,746.4,241083.12,527.01,0.241429
2016,West Bengal,Groundnut,Autumn,2243.0,1795.8,343739.75,785.05,1.141818
2019,Odisha,Small millets,Kharif,32870.0,1593.9,5645751.2,12161.9,0.498125
2009,Manipur,Gram,Rabi,1848.0,992.5,287955.36,314.16,0.817778
2004,Assam,Rice,Autumn,436244.0,2536.9,47262674.96,91611.24,0.802174
2007,Madhya Pradesh,Mustard,Rabi,1171150.97,1122.2,76933.21,7957.14,1.200534
2002,Maharashtra,Grapes,Whole Year,37084.76,1550.0,6714.3,40.32,21.38508
2009,Nagaland,Wheat,Rabi,2010.0,1225.9,313198.2,341.7,1.198889
2013,Himachal Pradesh,Small millets,Kharif,4165.0,1216.9,601800.85,1124.55,0.737143
2014,Madhya Pradesh,Peas & beans (Pulses),Rabi,216000.0,891.2,32607360.0,71280.0,1.28641
2015,Karnataka,Moong(Green Gram),Kharif,340527.0,1024.9,53772618.57,112373.91,0.150417
2003,Sikkim,Rapeseed &Mustard,Rabi,6000.0,2838.1,593880.0,1440.0,0.74
2013,Assam,Sweet potato,Whole Year,6046.0,1797.7,873586.54,1632.42,5.091481
2013,Meghalaya,Arhar/Tur,Kharif,1141.0,2448.4,164863.09,308.07,1.08
2018,Meghalaya,Tapioca,Kharif,5416.0,5649.1,878475.2,1895.6,7.553636
2008,Chhattisgarh,Bajra,Kharif,121.0,1117.9,17307.84,10.89,0.3775
2006,Karnataka,Soyabean,Kharif,131139.0,1146.3,16747761.69,28850.58,0.763333
2016,Puducherry,Moong(Green Gram),Rabi,8.0,1391.3,1226.0,2.8,0.75
2018,Odisha,Jute,Autumn,200.0,1635.9,32440.0,70.0,1.54
2002,Uttarakhand,Turmeric,Whole Year,142.0,1610.3,13443.14,35.5,1.926
2018,Telangana,Garlic,Rabi,86.0,1350.3,13949.2,30.1,2.463333
2010,Odisha,Onion,Rabi,75005.9,1210.9,7268.85,525.86,17.972248
2010,Maharashtra,Sunflower,Kharif,68800.0,1389.0,11428368.0,16512.0,0.4765
2012,West Bengal,Horse-gram,Kharif,1933.0,1566.0,291496.4,599.23,0.518
2019,Jharkhand,Maize,Kharif,249127.0,1137.8,42790053.52,92176.99,2.047917
2004,Karnataka,Cardamom,Whole Year,19461.0,1117.7,2108404.74,4086.81,0.0575
2009,Himachal Pradesh,Potato,Kharif,6436.0,969.9,1002857.52,1094.12,11.582
2009,Andhra Pradesh,Arecanut,Whole Year,386.0,711.0,60146.52,65.62,0.855
2019,Tamil Nadu,Onion,Kharif,11137.0,910.1,1912891.12,4120.69,9.088148
2018,Jammu and Kashmir,Other  Rabi pulses,Rabi,304.0,1016.3,49308.8,106.4,0.722
2011,Assam,Small millets,Kharif,3991.0,1743.4,668572.32,1317.03,0.523913
2003,Gujarat,Rapeseed &Mustard,Rabi,269300.0,902.5,26655314.0,64632.0,1.439
2011,Uttarakhand,Masoor,Rabi,10978.0,1564.7,1839034.56,3622.74,0.744615
2019,West Bengal,Sannhamp,Kharif,370.0,1733.4,63551.2,136.9,4.64
2012,Himachal Pradesh,Turmeric,Kharif,283.0,1035.0,42676.4,87.73,0.515
2002,Andhra Pradesh,Arhar/Tur,Kharif,423436.0,648.1,40086686.12,105859.0,0.337727
2012,Madhya Pradesh,Cotton(lint),Kharif,593642.0,1049.5,89521213.6,184029.02,1.714444
2013,Himachal Pradesh,Bajra,Kharif,731.0,1216.9,105622.19,197.37,0.532
2014,Uttar Pradesh,Cotton(lint),Kharif,6317.0,616.4,953614.32,2084.61,0.294
2011,Mizoram,Cotton(lint),Kharif,158.0,2439.3,26468.16,52.14,0.63
2004,Gujarat,Garlic,Whole Year,25900.0,719.8,2806006.0,5439.0,4.966429
2002,Uttar Pradesh,Bajra,Kharif,831306.0,664.0,78699739.02,207826.5,1.176324
2004,Punjab,Potato,Rabi,158056.3,563.3,11109.76,407.27,24.031858
2005,Punjab,Bajra,Kharif,5000.0,566.7,599600.0,1050.0,1.0
2018,Kerala,Arecanut,Whole Year,95739.29,2989.7,15528912.84,33508.75,0.795714
2019,Karnataka,Dry chillies,Kharif,74078.0,1422.3,12723637.28,27408.86,1.992353
2008,Nagaland,Groundnut,Kharif,740.0,1540.9,105849.6,66.6,0.964
2003,Manipur,Onion,Whole Year,970.0,687.7,96010.6,232.8,2.068333
2008,Punjab,Cotton(lint),Kharif,527000.0,691.3,75382080.0,47430.0,4.371818
2014,Uttarakhand,Urad,Kharif,12610.0,1287.4,1903605.6,4161.3,0.75
2019,Maharashtra,Other Summer Pulses,Summer,12685.0,1555.8,2178775.6,4693.45,0.489474
2006,Chhattisgarh,Small millets,Kharif,200820.0,1317.2,25646722.2,44180.4,1.076111
2015,Punjab,Potato,Rabi,234098.23,689.8,17374.91,2730.0,25.063247
2010,Gujarat,Maize,Kharif,422500.0,1107.5,70181475.0,101400.0,1.692632
2012,Uttar Pradesh,Arhar/Tur,Kharif,311455.0,746.3,46967414.0,96551.05,0.992533
2012,Delhi,Sugarcane,Whole Year,3.0,451.9,452.4,0.93,75.33
2013,Karnataka,Moong(Green Gram),Kharif,313563.0,1235.6,45306717.87,84662.01,0.249583
2012,Tripura,Peas & beans (Pulses),Rabi,995.0,1882.2,150046.0,308.45,0.75625
2018,Karnataka,Sesamum,Kharif,24776.0,1419.1,4018667.2,8671.6,0.768571
2010,West Bengal,Castor seed,Kharif,85.0,1096.0,14119.35,20.4,0.6
2013,Chhattisgarh,Gram,Rabi,289734.0,1418.3,41863665.66,78228.18,0.813846
2011,Madhya Pradesh,Bajra,Kharif,199984.0,852.6,33501319.68,65994.72,1.157333
2018,Haryana,Rice,Kharif,1447000.0,533.2,234703400.0,506450.0,2.949524
2008,Tripura,Masoor,Rabi,352.0,1827.8,50350.08,31.68,0.82
2012,Sikkim,Wheat,Rabi,520.0,3006.9,78416.0,161.2,1.0475
2011,Chhattisgarh,Masoor,Rabi,16650.0,1302.7,2789208.0,5494.5,0.334545
2013,Telangana,Rice,Kharif,1166334.0,1348.7,168523599.7,314910.18,3.115556
2003,Tamil Nadu,Turmeric,Whole Year,16181.0,345.6,1601595.38,3883.44,3.909615
2012,Punjab,Moong(Green Gram),Kharif,4800.0,338.9,723840.0,1488.0,0.894545
2004,West Bengal,Jute,Kharif,569157.0,1612.9,61662469.38,119522.97,14.439412
2018,Bihar,Gram,Rabi,56477.0,1521.4,9160569.4,19766.95,1.216333
2018,Chhattisgarh,Ragi,Kharif,6880.0,1515.5,1115936.0,2408.0,0.195
2018,Rajasthan,Barley,Rabi,13708.75,378.6,4001.33,142.66,2.674441
2018,Nagaland,Linseed,Rabi,5850.0,1372.7,948870.0,2047.5,0.810909
2012,Haryana,Guar seed,Whole Year,387815.0,307.9,58482502.0,120222.65,0.646875
2015,Meghalaya,Potato,Summer,12498.0,3870.8,1973559.18,4124.34,8.179091
2017,Andhra Pradesh,Tapioca,Kharif,7468.0,868.2,1175761.92,2837.84,13.266667
2005,Andhra Pradesh,Coriander,Whole Year,28114.0,1075.5,3371430.88,5903.94,0.503333
2018,Uttar Pradesh,Soyabean,Kharif,22722.0,792.8,3685508.4,7952.7,0.902308
2010,Himachal Pradesh,Horse-gram,Kharif,1805.0,1319.8,299828.55,433.2,0.554
2001,Maharashtra,Groundnut,Kharif,353400.0,1035.8,36092742.0,91884.0,0.733704
2019,Assam,Rice,Autumn,127223.0,2084.7,21851822.48,47072.51,1.464815
2012,Chhattisgarh,Jowar,Kharif,6235.0,1366.8,940238.0,1932.85,0.7128
2013,Haryana,Coriander,Whole Year,2540.0,452.2,367004.6,685.8,1.62
2018,Assam,Masoor,Rabi,26731.0,2372.9,4335768.2,9355.85,0.721154
2005,Tamil Nadu,Sugarcane,Whole Year,335397.0,1364.1,40220808.24,70433.37,102.484286
2019,Bihar,Mango,Whole Year,118383.93,1231.9,30888.72,1519.99,7.398995
2010,Chhattisgarh,Other Kharif pulses,Kharif,6685.0,1283.1,1110445.35,1604.4,0.243529
2000,Tamil Nadu,Tobacco,Whole Year,5926.0,971.1,581755.42,1540.76,1.527
2007,Kerala,Sweet potato,Whole Year,499.0,3489.6,66566.6,79.84,11.497857
2005,Jharkhand,Potato,Rabi,13345.34,965.2,1600373.17,2802.52,7.759333
2005,Karnataka,Sannhamp,Whole Year,205.0,1316.2,24583.6,43.05,0.215
2012,Uttar Pradesh,Rapeseed &Mustard,Rabi,662326.0,746.3,99878760.8,205321.06,1.114933
2008,Madhya Pradesh,Mustard,Rabi,769892.25,680.2,47910.8,6121.23,1.330712
2018,Chhattisgarh,Garlic,Whole Year,1244.0,1515.5,201776.8,435.4,2.879412
2019,Tripura,Cowpea(Lobia),Kharif,4032.0,2252.8,692536.32,1491.84,0.77625
2016,Chhattisgarh,Maize,Kharif,120547.0,1298.9,18473827.75,42191.45,2.348519
2004,Uttar Pradesh,Sannhamp,Kharif,3254.0,704.0,352538.36,683.34,0.262245
2007,Rajasthan,Cotton(lint),Kharif,1316608.06,380.1,83040.02,3103.28,0.460821
2015,Uttar Pradesh,Moong,Kharif,34121.0,893.2,9482.2,409.08,0.710412
2016,Assam,Gram,Rabi,2429.0,2296.8,372244.25,850.15,0.6056
2000,Maharashtra,Groundnut,Kharif,403700.0,1057.8,39631229.0,104962.0,0.649655
2013,Uttarakhand,Ragi,Kharif,108656.0,1735.4,15699705.44,29337.12,1.480909
2019,Gujarat,Sesamum,Kharif,109958.0,1067.8,18886386.08,40684.46,0.507931
2016,Odisha,Niger seed,Winter,15018.0,1460.5,2301508.5,5256.3,0.288889
2009,West Bengal,Castor seed,Kharif,60.0,1317.2,9349.2,10.2,0.58
2007,Himachal Pradesh,Linseed,Rabi,1571.0,1095.4,209571.4,251.36,0.216667
2011,Delhi,Wheat,Rabi,18927.0,641.4,3170651.04,6245.91,4.34
2015,Tamil Nadu,Other Kharif pulses,Kharif,113836.0,1201.9,17975842.76,37565.88,0.598889
2014,Meghalaya,Black pepper,Whole Year,980.0,3484.4,147940.8,323.4,0.710909
2010,Chhattisgarh,Rapeseed &Mustard,Rabi,50248.0,1283.1,8346695.28,12059.52,0.393333
2016,Andhra Pradesh,Other Kharif pulses,Kharif,3721.0,890.0,570243.25,1302.35,0.6775
2003,Odisha,Rice,Kharif,4501000.0,1648.2,445508980.0,1080240.0,1.516333
2007,Tamil Nadu,Mango,Whole Year,159028.27,1190.0,16807.71,348.29,5.695073
2007,Meghalaya,Arhar/Tur,Kharif,804.0,4702.0,107253.6,128.64,0.796667
2018,Haryana,other oilseeds,Rabi,3000.0,533.2,486600.0,1050.0,1.47
2008,Karnataka,Sweet potato,Whole Year,2592.0,1164.1,370759.68,233.28,10.140667
2013,Mizoram,Soyabean,Kharif,980.0,1848.8,141600.2,264.6,1.3875
2009,Nagaland,Cotton(lint),Kharif,90.0,1225.9,14023.8,15.3,0.465
2015,Haryana,Gram,Rabi,42000.0,426.8,6632220.0,13860.0,0.7025
2010,Kerala,Cashewnut,Whole Year,43847.75,3131.8,7283549.75,10523.46,0.47
2007,Puducherry,Tapioca,Kharif,333.0,1434.6,44422.2,53.28,26.9
2005,Andhra Pradesh,Wheat,Rabi,11109.0,1075.5,1332191.28,2332.89,0.774
2005,Tamil Nadu,Cotton(lint),Kharif,109742.0,1364.1,13160260.64,23045.82,1.643704
2009,Odisha,Rice,Autumn,687000.0,1330.3,107048340.0,116790.0,1.024074
2006,Meghalaya,Cotton(lint),Rabi,7208.0,2454.7,920533.68,1585.76,1.05
2004,Mizoram,Rice,Kharif,57085.0,2640.8,6184588.9,11987.85,1.9225
2003,West Bengal,Turmeric,Whole Year,12619.0,1526.7,1249028.62,3028.56,1.866111
2005,Andhra Pradesh,Small millets,Kharif,43674.0,1075.5,5237386.08,9171.54,0.6
2008,Uttarakhand,Garlic,Whole Year,2972.0,1363.7,425114.88,267.48,5.802727
2015,Sikkim,Other Kharif pulses,Kharif,2766.0,2949.1,436779.06,912.78,0.9575
2002,Bihar,Linseed,Rabi,29156.0,1105.8,2760198.52,7289.0,0.748
2005,Nagaland,Sunflower,Kharif,500.0,1568.6,59960.0,105.0,0.73
2012,Himachal Pradesh,Onion,Rabi,748.0,1035.0,112798.4,231.88,9.482
2008,Uttarakhand,Groundnut,Kharif,1355.0,1363.7,193819.2,121.95,1.043333
2011,Tamil Nadu,Sugarcane,Whole Year,346350.0,926.5,58020552.0,114295.5,113.736
2011,Maharashtra,Castor seed,Kharif,8100.0,1174.1,1356912.0,2673.0,0.445385
2016,Maharashtra,Banana,Whole Year,63064.54,2832.2,16133.68,102.95,27.547577
2019,Haryana,Barley,Rabi,12100.0,351.8,2078296.0,4477.0,3.988235
2001,Jammu and Kashmir,Groundnut,Kharif,12.0,953.8,1225.56,3.12,0.5
2005,Uttar Pradesh,Mustard,Rabi,1173515.45,869.8,254494.48,8633.29,1.444716
2011,West Bengal,Onion,Rabi,219672.9,1530.3,58141.68,1996.47,19.419024
2008,Manipur,Groundnut,Kharif,3217.0,1134.8,460159.68,289.53,0.73
2004,Meghalaya,Garlic,Whole Year,365.0,4767.9,39544.1,76.65,1.79
2020,Maharashtra,Soyabean,Kharif,2005085.43,1276.2,485728.29,18942.38,1.614075
2018,Madhya Pradesh,Jute,Kharif,409.0,1102.2,66339.8,143.15,0.367576
2001,Karnataka,Sugarcane,Whole Year,406950.0,1002.9,41561803.5,105807.0,84.002692
2000,Nagaland,Bajra,Kharif,1500.0,1631.8,147255.0,390.0,0.82875
2013,Punjab,Sesamum,Kharif,4100.0,586.6,592409.0,1107.0,0.265556
2002,Karnataka,Coconut,Whole Year,375425.0,860.8,35541484.75,93856.25,4165.087778
2004,Haryana,Arhar/Tur,Kharif,28860.0,484.6,3126692.4,6060.6,0.841111
2000,Tamil Nadu,Rapeseed &Mustard,Rabi,753.0,971.1,73922.01,195.78,0.228
2006,Bihar,Barley,Rabi,18663.0,1052.8,2383451.73,4105.86,1.116667
2001,Puducherry,Other  Rabi pulses,Rabi,116.0,1434.6,11847.08,30.16,0.68
2008,Manipur,Other Kharif pulses,Kharif,1309.0,1134.8,187239.36,117.81,1.134444
2015,Andhra Pradesh,Arecanut,Kharif,516.0,940.7,81481.56,170.28,3.32
2011,Manipur,Arhar/Tur,Kharif,545.0,1533.6,91298.4,179.85,0.968889
2010,Kerala,Tapioca,Whole Year,72284.1,3131.8,12007111.85,17348.18,34.24
2018,Tamil Nadu,Other Cereals,Kharif,1685.0,986.2,273307.0,589.75,1.262941
2006,Madhya Pradesh,Small millets,Kharif,318015.0,1072.3,40613695.65,69963.3,0.275625
2003,Odisha,Castor seed,Kharif,10900.0,1648.2,1078882.0,2616.0,0.480769
2003,Assam,Gram,Rabi,2419.0,2213.7,239432.62,580.56,0.518696
2007,Assam,Tobacco,Whole Year,501.0,2154.1,66833.4,80.16,0.5824
2013,Chhattisgarh,Guar seed,Kharif,26.0,1418.3,3756.74,7.02,0.81
2005,Odisha,Wheat,Summer,3276.0,1503.4,392857.92,687.96,1.2124
2003,Punjab,Maize,Kharif,154000.0,451.7,15242920.0,36960.0,3.086923
2004,Odisha,Sesamum,Autumn,4001.0,1290.4,433468.34,840.21,0.199375
2011,Assam,Onion,Whole Year,7372.0,1743.4,1234957.44,2432.76,3.02963
2015,Maharashtra,Maize,Kharif,789100.0,875.7,124606781.0,260403.0,1.200833
2018,Goa,Other Kharif pulses,Kharif,170.0,4406.0,27574.0,59.5,0.69
2001,Himachal Pradesh,Turmeric,Whole Year,127.0,918.1,12970.51,33.02,0.59625
2018,Rajasthan,Bajra,Kharif,2442076.82,493.7,516218.43,30221.22,1.656975
2004,Bihar,Horse-gram,Kharif,15011.0,1147.8,1626291.74,3152.31,0.7795
2015,Telangana,Other  Rabi pulses,Rabi,54.0,747.9,8527.14,17.82,0.305
2015,Himachal Pradesh,Maize,Kharif,280811.0,1223.2,44342865.01,92667.63,2.868333
2014,Haryana,Jowar,Kharif,53000.0,301.3,8000880.0,17490.0,0.405556
2018,Arunachal Pradesh,Sugarcane,Whole Year,2130.0,2992.9,345486.0,745.5,23.578
2007,Assam,Castor seed,Kharif,1193.0,2154.1,159146.2,190.88,0.4468
2003,Arunachal Pradesh,Wheat,Rabi,4150.0,2782.2,410767.0,996.0,1.511818
2002,Himachal Pradesh,Other Kharif pulses,Kharif,5605.0,890.8,530625.35,1401.25,0.364167
2015,Jharkhand,Rapeseed &Mustard,Rabi,37130.0,1085.6,5863198.3,12252.9,0.920455
2019,Haryana,Potato,Whole Year,38200.0,351.8,6561232.0,14134.0,25.395
2006,Punjab,Moth,Kharif,100.0,569.6,12771.0,22.0,1.0
2007,Bihar,Sesamum,Kharif,2832.0,1600.2,377788.8,453.12,0.811852
2003,Karnataka,Other Kharif pulses,Kharif,120612.0,867.6,11938175.76,28946.88,0.2812
2011,Assam,Ginger,Whole Year,16338.0,1743.4,2736941.76,5391.54,7.513333
2006,Uttarakhand,Onion,Whole Year,2116.0,1178.9,270234.36,465.52,6.464615
2018,Chhattisgarh,Ginger,Whole Year,1843.0,1515.5,298934.6,645.05,0.788261
2009,Uttarakhand,Horse-gram,Kharif,9538.0,847.8,1486211.16,1621.46,0.650909
2005,Uttar Pradesh,Bajra,Kharif,869288.0,751.9,104245017.0,182550.48,1.311935
2019,Odisha,Urad,Autumn,10170.0,1593.9,1746799.2,3762.9,0.318182
2010,Madhya Pradesh,Cowpea(Lobia),Kharif,2872.0,856.3,477067.92,689.28,0.2088
2017,Kerala,Arhar/Tur,Whole Year,207.0,2664.8,32590.08,78.66,1.56
2012,Uttar Pradesh,Soyabean,Kharif,13679.0,746.3,2062793.2,4240.49,1.415714
2007,Manipur,Sugarcane,Whole Year,510.0,1435.7,68034.0,81.6,32.616667
2013,Tripura,Mesta,Kharif,854.0,2043.5,123394.46,230.58,8.17625
2004,Punjab,Cotton(lint),Kharif,509000.0,366.4,55145060.0,106890.0,3.638889
2009,Uttar Pradesh,Turmeric,Rabi,1315.0,585.8,204903.3,223.55,3.282973
2002,Odisha,Wheat,Rabi,4627.0,1102.8,438038.09,1156.75,1.133636
2020,Andhra Pradesh,Maize,Kharif,216857.54,700.3,21429.43,2820.97,3.558253
2007,Jammu and Kashmir,Ginger,Kharif,75.0,1042.2,10005.0,12.0,1.3
2017,Madhya Pradesh,Cotton(lint),Kharif,603190.0,800.0,94966233.6,229212.2,1.484
2010,Madhya Pradesh,Mustard,Rabi,631765.95,897.8,158868.74,5995.4,1.475934
2012,Assam,Arhar/Tur,Kharif,5958.0,2167.5,898466.4,1846.98,0.81963
2014,Nagaland,Small millets,Kharif,8680.0,1333.3,1310332.8,2864.4,1.118889
2006,Bihar,Mesta,Kharif,18178.0,1052.8,2321512.38,3999.16,7.761429
2002,Karnataka,Jowar,Kharif,320455.0,860.8,30337474.85,80113.75,0.979524
2012,Karnataka,Tomato,Whole Year,40900.95,651.2,10524.81,105.38,24.840106
2013,Tamil Nadu,Bajra,Kharif,30322.0,740.9,4381225.78,8186.94,2.3008
2002,Madhya Pradesh,Rapeseed &Mustard,Rabi,368327.0,800.8,34869517.09,92081.75,0.517273
2020,Tamil Nadu,Tapioca,Whole Year,43876.64,946.5,5045.66,250.0,31.811568
2011,Karnataka,Peas & beans (Pulses),Kharif,3589.0,1179.0,601229.28,1184.37,8.606667
2019,Kerala,Ginger,Whole Year,2819.0,3119.2,484191.44,1043.03,3.65
2010,Bihar,Lentil,Rabi,13916.96,1091.2,3591.72,65.77,0.815644
2006,Assam,Arhar/Tur,Kharif,6676.0,1774.9,852591.96,1468.72,0.706667
2002,Gujarat,Groundnut,Kharif,1972600.0,458.4,186746042.0,493150.0,0.633158
2005,Haryana,Dry chillies,Whole Year,1548.0,516.9,185636.16,325.08,0.612667
2011,Puducherry,Cashewnut,Kharif,159.0,1434.6,26635.68,52.47,0.466667
2013,Jammu and Kashmir,Ginger,Rabi,3.0,1193.8,433.47,0.81,0.9
2010,West Bengal,Jute,Kharif,568463.0,1096.0,94427388.93,136431.12,15.625882
2015,Assam,Gram,Rabi,2193.0,2155.3,346296.63,723.69,0.649615
2017,Rajasthan,Mustard,Rabi,995213.25,566.4,133884.52,2047.4,1.561428
2008,Uttar Pradesh,Sugarcane,Kharif,2084179.0,891.6,298120964.2,187576.11,47.592571
2016,Maharashtra,Wheat,Rabi,1272006.0,1151.1,194934919.5,445202.1,1.734839
2008,Manipur,Rapeseed &Mustard,Rabi,26000.0,1134.8,3719040.0,2340.0,0.78
2003,Jammu and Kashmir,Masoor,Rabi,174.0,1430.3,17222.52,41.76,0.465
2011,Meghalaya,Other  Rabi pulses,Rabi,890.0,4083.1,149092.8,293.7,0.71
2016,Assam,Rice,Autumn,168044.0,2296.8,25752743.0,58815.4,1.405185
2007,Kerala,Rice,Autumn,77533.0,3489.6,10342902.2,12405.28,2.07
2017,Manipur,Potato,Whole Year,15250.0,1780.0,2400960.0,5795.0,8.488889
2000,Madhya Pradesh,Garlic,Whole Year,17552.0,723.3,1723079.84,4563.52,2.833111
2014,Maharashtra,Safflower,Rabi,74200.0,1001.6,11201232.0,24486.0,0.571579
2018,Telangana,Wheat,Rabi,4844.0,1350.3,785696.8,1695.4,1.807
2016,Himachal Pradesh,Dry chillies,Kharif,445.0,1373.9,68196.25,155.75,0.306
2016,Assam,Arhar/Tur,Kharif,5721.0,2296.8,876743.25,2002.35,0.845926
2011,Goa,Other  Rabi pulses,Rabi,9737.0,3340.4,1631142.24,3213.21,0.835
2009,Odisha,Sesamum,Autumn,4560.0,1330.3,710539.2,775.2,0.197778
2004,Uttar Pradesh,Moong,Kharif,35163.74,726.6,2986.55,152.66,0.535589
2010,Andhra Pradesh,Arecanut,Whole Year,438.0,1297.0,72756.18,105.12,0.443333
2019,Madhya Pradesh,Maize,Kharif,1516103.0,1446.7,260405851.3,560958.11,1.999412
2000,Himachal Pradesh,Groundnut,Kharif,137.0,1068.4,13449.29,35.62,0.408333
2015,Telangana,Mango,Whole Year,189719.74,989.6,25535.21,617.62,7.173521
2013,Tripura,Arhar/Tur,Kharif,3854.0,2043.5,556864.46,1040.58,0.73
2009,Nagaland,Rice,Kharif,168570.0,1225.9,26266577.4,28656.9,1.393636
2017,Haryana,Horse-gram,Kharif,290.0,417.1,45657.6,110.2,0.145
2003,Andhra Pradesh,Coconut,Whole Year,103965.0,826.0,10290455.7,24951.6,9524.628235
2018,Himachal Pradesh,Rapeseed &Mustard,Rabi,8533.0,1052.2,1384052.6,2986.55,0.501818
2012,Jammu and Kashmir,Sannhamp,Kharif,55.0,1116.7,8294.0,17.05,0.744
2007,Maharashtra,Safflower,Rabi,230900.0,1257.2,30802060.0,36944.0,0.677143
2003,Meghalaya,Other  Rabi pulses,Rabi,2100.0,3321.3,207858.0,504.0,0.757143
2019,Madhya Pradesh,Banana,Whole Year,26634.09,1446.7,4574671.3,9854.61,47.165
2001,Andhra Pradesh,Horse-gram,Kharif,11412.0,928.4,1165507.56,2967.12,0.368889
2003,Kerala,Small millets,Kharif,1233.0,2386.0,122042.34,295.92,0.726667
2017,Jammu and Kashmir,Potato,Kharif,1897.0,1279.1,298663.68,720.86,11.975294
2019,Telangana,Horse-gram,Kharif,431.0,1031.7,74028.56,159.47,0.818333
2019,Tripura,Sesamum,Kharif,6611.0,2252.8,1135505.36,2446.07,0.65625
2019,Uttarakhand,Turmeric,Whole Year,1313.0,1378.9,225520.88,485.81,3.042
2018,Odisha,Moong(Green Gram),Autumn,10615.0,1635.9,1721753.0,3715.25,0.418
2018,Rajasthan,Jowar,Kharif,1045576.43,339.3,139447.11,12592.17,1.525757
2004,Odisha,Coriander,Whole Year,19060.0,1290.4,2064960.4,4002.6,0.482333
2020,Odisha,Sugarcane,Whole Year,260430.69,1281.7,39105.46,1815.22,72.927355
2018,Jharkhand,Gram,Rabi,189673.0,1222.7,30764960.6,66385.55,1.182917
2006,Kerala,Sweet potato,Whole Year,505.0,3429.7,64493.55,111.1,11.500714
2005,Meghalaya,Sweet potato,Whole Year,4975.0,3374.4,596602.0,1044.75,3.391429
2005,Delhi,Arhar/Tur,Kharif,151.0,653.1,18107.92,31.71,1.5
2006,Assam,Turmeric,Whole Year,11741.0,1774.9,1499443.11,2583.02,0.723704
2016,Madhya Pradesh,Rice,Kharif,2260000.0,1048.4,346345000.0,791000.0,2.040294
2016,Nagaland,Moong(Green Gram),Kharif,450.0,1959.8,68962.5,157.5,1.008889
2000,Assam,Jute,Kharif,69513.0,1965.5,6824091.21,18073.38,9.794783
2019,Assam,Linseed,Rabi,4885.0,2084.7,839047.6,1807.45,0.588696
2005,Maharashtra,Niger seed,Kharif,53700.0,1387.2,6439704.0,11277.0,0.385238
2013,Himachal Pradesh,Ragi,Kharif,1927.0,1216.9,278432.23,520.29,0.798571
2020,Punjab,Mustard,Rabi,1298711.15,500.4,389406.72,10140.11,1.518307
2016,Uttar Pradesh,Moong,Kharif,40080.87,882.7,4818.41,338.51,0.774598
2002,Madhya Pradesh,Niger seed,Kharif,102500.0,800.8,9703675.0,25625.0,0.1828
2015,Manipur,Sugarcane,Whole Year,6000.0,1329.1,947460.0,1980.0,54.381111
2000,Jharkhand,Rice,Kharif,735538.98,1406.4,40235.84,6762.23,2.228389
2011,Maharashtra,Other Kharif pulses,Kharif,87900.0,1174.1,14725008.0,29007.0,0.444839
2016,West Bengal,Soyabean,Kharif,605.0,1795.8,92716.25,211.75,0.6275
2012,Andhra Pradesh,Banana,Whole Year,97670.09,1406.2,20264.98,463.43,26.685423
2010,Sikkim,Other Cereals,Rabi,4390.0,2527.0,729222.9,1053.6,0.9025
2008,Karnataka,Tomato,Whole Year,46287.37,1379.7,5854.47,98.32,24.146677
2020,Karnataka,Mango,Whole Year,168328.56,2896.0,27013.63,1411.54,7.024602
2018,Assam,Ginger,Whole Year,17865.0,2372.9,2897703.0,6252.75,9.172222
2008,Tripura,Gram,Rabi,91.0,1827.8,13016.64,8.19,1.02
2011,Bihar,Maize,Autumn,263936.0,1097.1,44214558.72,87098.88,2.402432
2005,Uttar Pradesh,Jowar,Kharif,227183.0,751.9,27243785.36,47708.43,1.062031
2019,Andhra Pradesh,Black pepper,Whole Year,17645.0,899.2,3030705.2,6528.65,1.0
2001,Assam,Arecanut,Whole Year,73223.0,1824.7,7478264.99,19037.98,0.985652
2013,Andhra Pradesh,Coconut,Whole Year,99066.0,1062.3,14314046.34,26747.82,13712.57308
2016,Assam,Tobacco,Whole Year,227.0,2296.8,34787.75,79.45,0.652308
2018,Mizoram,Onion,Rabi,19.0,1665.2,3081.8,6.65,4.2925
2004,Bihar,Arhar/Tur,Kharif,35839.0,1147.8,3882797.26,7526.19,1.226053
2004,Assam,Other  Rabi pulses,Rabi,78945.0,2536.9,8552901.3,16578.45,0.560714
2015,Uttarakhand,Other Kharif pulses,Kharif,12297.0,1247.6,1941819.27,4058.01,0.969167
2008,Chhattisgarh,Sugarcane,Whole Year,9034.0,1117.9,1292223.36,813.06,2.77875
2017,Tamil Nadu,Dry chillies,Whole Year,44120.0,970.9,6946252.8,16765.6,0.707742
2015,Madhya Pradesh,Ginger,Whole Year,20337.91,1000.7,3211559.37,6711.51,15.381042
2012,Assam,Maize,Kharif,23695.0,2167.5,3573206.0,7345.45,0.771481
2019,Odisha,Cotton(lint),Kharif,169560.0,1593.9,29123625.6,62737.2,3.399167
2009,Maharashtra,Safflower,Rabi,188100.0,1002.4,29309742.0,31977.0,0.6455
2010,Assam,Small millets,Kharif,5186.0,2578.5,861446.46,1244.64,0.505385
2003,Maharashtra,Arhar/Tur,Kharif,1046300.0,1037.4,103562774.0,251112.0,0.59125
2016,Uttar Pradesh,Dry chillies,Kharif,13194.0,965.3,2021980.5,4617.9,0.933288
2015,Uttarakhand,Urad,Kharif,11940.0,1247.6,1885445.4,3940.2,0.832308
2005,Bihar,Sannhamp,Whole Year,3191.0,907.8,382664.72,670.11,0.773226
2004,Gujarat,Castor seed,Kharif,330500.0,719.8,35806370.0,69405.0,1.746957
2017,Jharkhand,Gram,Rabi,232684.0,1165.7,36633768.96,88419.92,1.2325
2012,Haryana,Dry chillies,Whole Year,832.0,307.9,125465.6,257.92,10.437857
2010,Andhra Pradesh,Turmeric,Kharif,14258.08,1054.8,2434.87,110.21,5.33672
2017,Kerala,Ginger,Whole Year,4370.0,2664.8,688012.8,1660.6,3.752857
2011,Meghalaya,Cotton(lint),Kharif,6871.0,4083.1,1151029.92,2267.43,0.903333
2005,West Bengal,Soyabean,Kharif,573.0,1650.1,68714.16,120.33,0.605
2005,Andhra Pradesh,Onion,Kharif,20434.0,1075.5,2450445.28,4291.14,15.5455
2003,Puducherry,Ginger,Kharif,187.0,1434.6,18509.26,44.88,0.565
2018,Gujarat,Tobacco,Kharif,61555.0,1125.4,9984221.0,21544.25,1.754444
2012,Haryana,Gram,Rabi,47033.0,307.9,7092576.4,14580.23,0.496842
2012,Meghalaya,Arhar/Tur,Kharif,1136.0,2945.3,171308.8,352.16,1.003333
2015,West Bengal,Sesamum,Autumn,1372.0,1717.0,216652.52,452.76,0.756667
2012,Meghalaya,Castor seed,Kharif,60.0,2945.3,9048.0,18.6,0.926667
2003,Jammu and Kashmir,Other Kharif pulses,Kharif,1370.0,1430.3,135602.6,328.8,0.517
2002,Puducherry,Dry chillies,Whole Year,14.0,1434.6,1325.38,3.5,2.57
2002,Madhya Pradesh,Safflower,Rabi,280.0,800.8,26507.6,70.0,0.215556
2009,Karnataka,Cashewnut,Whole Year,63314.0,1321.0,9865587.48,10763.38,0.764545
2002,Assam,Cotton(lint),Kharif,1556.0,1973.6,147306.52,389.0,0.422609
2009,West Bengal,Niger seed,Kharif,3658.0,1317.2,569989.56,621.86,0.527143
2001,Punjab,Moth,Kharif,300.0,479.3,30639.0,78.0,1.0
2009,Rajasthan,Bajra,Kharif,1040295.5,317.0,188058.92,5875.23,1.460968
2008,Bihar,Peas & beans (Pulses),Rabi,23768.0,1197.7,3399774.72,2139.12,0.957568
2013,Himachal Pradesh,Rice,Kharif,73139.0,1216.9,10567854.11,19747.53,1.565455
2010,Maharashtra,Gram,Rabi,1437900.0,1389.0,238849569.0,345096.0,0.866452
2019,Odisha,Sannhamp,Kharif,4880.0,1593.9,838188.8,1805.6,4.954
2013,Uttarakhand,Moong(Green Gram),Kharif,15.0,1735.4,2167.35,4.05,0.525
2019,Telangana,Onion,Kharif,2383.0,1031.7,409304.08,881.71,21.954783
2005,West Bengal,Sugarcane,Whole Year,15031.0,1650.1,1802517.52,3156.51,80.030667
2014,Himachal Pradesh,Tobacco,Kharif,0.8,1019.9,120.77,0.26,1.435
2000,Assam,Tapioca,Whole Year,2859.0,1965.5,280668.03,743.34,4.423478
2018,Puducherry,Moong(Green Gram),Rabi,5.0,1693.9,811.0,1.75,0.835
2018,Odisha,Onion,Rabi,73163.64,1210.2,12451.56,569.66,19.822052
2003,Himachal Pradesh,Bajra,Kharif,312.0,1112.6,30881.76,74.88,0.56
2013,Sikkim,Maize,Kharif,39930.0,2567.6,5769485.7,10781.1,1.685
2006,Himachal Pradesh,Other  Rabi pulses,Rabi,727.0,1207.0,92845.17,159.94,0.696364
2007,Rajasthan,Wheat,Rabi,4138769.59,531.6,472091.64,44324.2,3.474314
2011,Puducherry,Rice,Kharif,4237.0,1434.6,709782.24,1398.21,3.046667
2013,Kerala,Maize,Whole Year,51.0,3255.4,7368.99,13.77,1.445
2005,Assam,Linseed,Rabi,8172.0,2184.6,979986.24,1716.12,0.493077
2008,Karnataka,Turmeric,Whole Year,14159.0,1164.1,2025303.36,1274.31,4.191053
2019,Telangana,Ragi,Kharif,1488.0,1031.7,255578.88,550.56,1.644286
2011,Tripura,Arhar/Tur,Kharif,1621.0,2295.6,271549.92,534.93,0.75
2001,Jammu and Kashmir,Masoor,Rabi,51.0,953.8,5208.63,13.26,0.45
2006,Uttarakhand,Bajra,Kharif,11.0,1178.9,1404.81,2.42,1.11
2018,Kerala,Tobacco,Whole Year,7.28,2989.7,1180.82,2.55,1.6
2009,Haryana,Moth,Kharif,2789.0,393.0,434581.98,474.13,0.192857
2015,Himachal Pradesh,Turmeric,Kharif,206.0,1223.2,32529.46,67.98,0.5225
2006,Uttarakhand,other oilseeds,Kharif,831.0,1178.9,106127.01,182.82,0.587
2000,Karnataka,Sunflower,Kharif,188140.0,1213.3,18469703.8,48916.4,0.5375
2001,Uttar Pradesh,Jowar,Kharif,322575.0,849.9,32944584.75,83869.5,0.949848
2009,Assam,Jute,Kharif,65270.0,1727.1,10170371.4,11095.9,10.611481
2011,Punjab,Bajra,Kharif,3000.0,705.2,502560.0,990.0,1.0
2015,Tamil Nadu,Bajra,Kharif,35460.0,1201.9,5599488.6,11701.8,2.82
2016,Himachal Pradesh,Ragi,Kharif,1867.0,1373.9,286117.75,653.45,0.852857
2014,Meghalaya,Cotton(lint),Kharif,7305.0,3484.4,1102762.8,2410.65,1.186
2008,Nagaland,Ginger,Kharif,4400.0,1540.9,629376.0,396.0,9.490909
2010,Meghalaya,Wheat,Rabi,393.0,3119.7,65281.23,94.32,1.2475
2011,Tamil Nadu,Dry chillies,Whole Year,56442.0,926.5,9455163.84,18625.86,0.532258
2009,Puducherry,Ragi,Kharif,12.0,1434.6,1869.84,2.04,1.775
2009,Maharashtra,Arhar/Tur,Kharif,1093200.0,1002.4,170342424.0,185844.0,0.790938
2011,Himachal Pradesh,Barley,Rabi,21123.0,1108.3,3538524.96,6970.59,1.520909
2009,Manipur,Masoor,Rabi,1413.0,992.5,220173.66,240.21,0.812222
2006,Himachal Pradesh,Bajra,Kharif,360.0,1207.0,45975.6,79.2,0.484
2017,Delhi,Wheat,Rabi,19671.0,533.7,3097002.24,7474.98,4.24
2018,Uttar Pradesh,Sesamum,Kharif,327257.0,792.8,53081085.4,114539.95,0.216901
2006,Manipur,Ginger,Kharif,4260.0,1533.6,544044.6,937.2,1.671429
2017,Rajasthan,Bajra,Kharif,1277940.42,325.9,147096.61,13368.77,1.631326
2010,Maharashtra,Wheat,Rabi,1306600.0,1389.0,217039326.0,313584.0,1.709333
2014,Himachal Pradesh,Arhar/Tur,Kharif,20.0,1019.9,3019.2,6.6,0.243333
2009,Odisha,Groundnut,Autumn,30731.0,1330.3,4788504.42,5224.27,0.813913
2018,Punjab,Barley,Rabi,6800.0,585.5,1102960.0,2380.0,3.77
2010,Haryana,Ginger,Kharif,61.0,639.2,10132.71,14.64,1.64
2012,Assam,Mustard,Rabi,961076.36,1834.5,252055.61,7225.95,1.454099
2009,Maharashtra,Grapes,Whole Year,24365.1,766.1,3121.11,107.75,22.470773
2004,Tamil Nadu,Onion,Whole Year,26491.0,1034.0,2870034.94,5563.11,9.490357
2014,Tamil Nadu,Cardamom,Whole Year,3992.0,911.3,602632.32,1317.36,0.07
2014,Chhattisgarh,Rapeseed &Mustard,Rabi,46564.0,1274.7,7029301.44,15366.12,0.51037
2016,Punjab,Urad,Kharif,2100.0,635.9,321825.0,735.0,0.684
2011,Manipur,Ginger,Kharif,2374.0,1533.6,397692.48,783.42,11.6
2001,Chhattisgarh,Rice,Kharif,3810112.0,1550.0,389126738.6,990629.12,1.34375
2002,Himachal Pradesh,Small millets,Kharif,13414.0,890.8,1269903.38,3353.5,0.356667
2006,Mizoram,Sugarcane,Whole Year,1340.0,2353.0,171131.4,294.8,7.32625
2009,Manipur,Potato,Whole Year,13650.0,992.5,2126943.0,2320.5,8.286667
2015,Odisha,Mustard,Rabi,537062.66,1219.9,42148.49,711.08,1.7321
2015,Manipur,Potato,Whole Year,15250.0,1329.1,2408127.5,5032.5,8.488889
2002,Maharashtra,Rice,Kharif,1496800.0,967.4,141702056.0,374200.0,0.890312
2011,Chhattisgarh,Mesta,Kharif,1215.0,1302.7,203536.8,400.95,1.934211
2010,Andhra Pradesh,Gram,Rabi,583563.0,1297.0,96935649.93,140055.12,1.36
2006,Nagaland,Potato,Kharif,3500.0,1362.5,446985.0,770.0,8.96
2015,Andhra Pradesh,Cashewnut,Kharif,109823.0,940.7,17342149.93,36241.59,0.379167
2001,Arunachal Pradesh,Small millets,Kharif,19740.0,2128.5,2016046.2,5132.4,0.939231
2002,Madhya Pradesh,Groundnut,Kharif,204780.0,800.8,19386522.6,51195.0,0.688889
2018,Odisha,Sesamum,Autumn,1592.0,1635.9,258222.4,557.2,0.287
2005,Gujarat,Ragi,Kharif,21700.0,942.4,2602264.0,4557.0,1.04
2015,Gujarat,Soyabean,Kharif,80354.0,584.3,12688700.14,26516.82,0.732222
2014,Arunachal Pradesh,Rice,Kharif,127200.0,2403.2,19202112.0,41976.0,1.447059
2018,Goa,Groundnut,Kharif,210.0,4406.0,34062.0,73.5,2.37
2016,Haryana,Groundnut,Kharif,4700.0,554.7,720275.0,1645.0,1.151667
2011,Uttar Pradesh,Small millets,Kharif,8748.0,777.4,1465464.96,2886.84,0.977826
2005,Meghalaya,Rapeseed &Mustard,Rabi,7196.0,3374.4,862944.32,1511.16,0.62
2014,Himachal Pradesh,Urad,Kharif,7342.0,1019.9,1108348.32,2422.86,0.453636
2008,Nagaland,Sesamum,Kharif,4800.0,1540.9,686592.0,432.0,0.575455
2013,Gujarat,Onion,Rabi,68688.0,1006.5,9924729.12,18545.76,30.733913
2016,Bihar,Moong(Green Gram),Kharif,10651.0,1205.6,1632265.75,3727.85,0.765161
2010,Madhya Pradesh,Ginger,Whole Year,8356.0,856.3,1388015.16,2005.44,1.134884
2005,Rajasthan,Maize,Kharif,429599.74,343.8,84634.89,3220.97,2.693643
2013,Tamil Nadu,Coriander,Whole Year,7527.0,740.9,1087576.23,2032.29,0.349167
2014,Manipur,Rapeseed &Mustard,Rabi,28270.0,987.5,4267639.2,9329.1,0.87
2006,Jharkhand,Sugarcane,Whole Year,587.89,1465.1,75079.43,129.34,38.048333
2011,Assam,Sweet potato,Whole Year,6558.0,1743.4,1098596.16,2164.14,4.177778
2004,Gujarat,Wheat,Rabi,727400.0,719.8,78806516.0,152754.0,2.6312
2002,Uttarakhand,Rice,Kharif,271219.0,1610.3,25676302.73,67804.75,1.461538
2017,Jharkhand,Ragi,Kharif,19013.0,1165.7,2993406.72,7224.94,0.912857
2009,Karnataka,Arhar/Tur,Kharif,604305.0,1321.0,94162805.1,102731.85,0.526923
2017,Sikkim,Other Kharif pulses,Kharif,2656.0,2873.6,418160.64,1009.28,0.965
2006,Madhya Pradesh,Jute,Kharif,4608.0,1072.3,588487.68,1013.76,1.976905
2014,Jharkhand,Wheat,Rabi,63741.0,1156.6,9622341.36,21034.53,1.46625
2010,Andhra Pradesh,Mesta,Kharif,25244.0,1297.0,4193280.84,6058.56,8.89
2003,Nagaland,Peas & beans (Pulses),Kharif,1370.0,1709.8,135602.6,328.8,1.5825
2005,Tripura,Wheat,Rabi,1750.0,1765.9,209860.0,367.5,1.8325
2011,Jharkhand,Wheat,Rabi,47933.0,1374.7,8029736.16,15817.89,1.486667
2001,Odisha,Sugarcane,Whole Year,10988.0,1672.5,1122204.44,2856.88,52.851724
2013,Nagaland,Ragi,Kharif,320.0,1350.9,46236.8,86.4,0.965714
2010,Arunachal Pradesh,Oilseeds total,Whole Year,31854.0,2574.1,5291267.94,7644.96,1.085625
2003,Assam,Arhar/Tur,Kharif,7012.0,2213.7,694047.76,1682.88,0.708696
2006,Assam,Tapioca,Whole Year,2671.0,1774.9,341113.41,587.62,4.426923
2018,Gujarat,Urad,Kharif,106156.0,1125.4,17218503.2,37154.6,0.646875
2005,Madhya Pradesh,Rice,Kharif,1700446.0,1032.7,203917484.3,357093.66,0.881042
2002,West Bengal,Dry chillies,Autumn,17988.0,1629.1,1702923.96,4497.0,0.774444
2008,West Bengal,Other  Rabi pulses,Rabi,185.0,1560.1,26462.4,16.65,0.355
2017,Bihar,Arhar/Tur,Kharif,18487.0,1112.0,2910593.28,7025.06,1.773939
2006,Manipur,Potato,Summer,850.0,1533.6,108553.5,187.0,5.22
2018,Jharkhand,Soyabean,Kharif,6099.0,1222.7,989257.8,2134.65,0.76
2000,Tripura,Moong(Green Gram),Whole Year,6260.0,2437.5,614544.2,1627.6,0.7025
2014,Puducherry,Dry chillies,Kharif,20.0,1330.0,3019.2,6.6,0.9
2018,Manipur,Rice,Kharif,233500.0,1196.9,37873700.0,81725.0,2.232222
2016,Meghalaya,Black pepper,Rabi,1013.0,3837.1,155242.25,354.55,0.755455
2010,Puducherry,Urad,Kharif,22.0,1434.6,3654.42,5.28,0.77
2004,Delhi,Arhar/Tur,Kharif,119.0,651.9,12892.46,24.99,1.43
2007,Punjab,Jowar,Kharif,100.0,527.2,13340.0,16.0,1.0
2013,Punjab,Bajra,Kharif,800.0,586.6,115592.0,216.0,1.0
2018,Chhattisgarh,Mesta,Kharif,1473.0,1515.5,238920.6,515.55,1.908125
2010,Karnataka,Maize,Kharif,1139899.0,1317.7,189348622.9,273575.76,3.354286
2010,Uttar Pradesh,Peas & beans (Pulses),Rabi,303341.0,742.6,50387973.51,72801.84,1.291159
2001,Assam,Linseed,Rabi,9972.0,1824.7,1018440.36,2592.72,0.505714
2010,Manipur,Rice,Kharif,212680.0,2160.5,35328274.8,51043.2,1.945556
2008,Madhya Pradesh,Jowar,Kharif,482926.0,895.0,69077735.04,43463.34,1.2454
2016,Odisha,Maize,Autumn,68457.0,1460.5,10491035.25,23959.95,1.746522
2000,Uttarakhand,Barley,Rabi,25797.0,1413.4,2532491.49,6707.22,0.978462
2006,Tripura,Peas & beans (Pulses),Rabi,828.0,1764.3,105743.88,182.16,0.74
2004,Chhattisgarh,Coriander,Whole Year,4087.0,1122.8,442785.58,858.27,0.2475
2015,Tamil Nadu,Sugarcane,Whole Year,252272.0,1201.9,39836271.52,83249.76,98.0
2017,Jammu and Kashmir,Tobacco,Kharif,2.0,1279.1,314.88,0.76,0.4
2015,Himachal Pradesh,Soyabean,Kharif,554.0,1223.2,87482.14,182.82,1.657143
2008,Chhattisgarh,Tobacco,Whole Year,27.0,1117.9,3862.08,2.43,0.506667
2017,Jammu and Kashmir,Rapeseed &Mustard,Rabi,47401.0,1279.1,7462813.44,18012.38,0.815
2019,Andhra Pradesh,Cotton(lint),Kharif,653953.0,899.2,112322967.3,241962.61,0.543846
2004,Bihar,Sunflower,Kharif,16555.0,1147.8,1793568.7,3476.55,1.368929
2000,Bihar,Moong(Green Gram),Kharif,9229.0,1207.0,906010.93,2399.54,0.605333
2008,Karnataka,Banana,Whole Year,61001.0,1164.1,8725583.04,5490.09,20.474483
2011,Jammu and Kashmir,Other  Rabi pulses,Rabi,353.0,887.6,59134.56,116.49,0.568571
2014,Chhattisgarh,Sugarcane,Whole Year,12453.0,1274.7,1879904.88,4109.49,6.04087
2016,Jammu and Kashmir,Maize,Kharif,295174.0,902.8,45235415.5,103310.9,1.6325
2006,Himachal Pradesh,Soyabean,Kharif,638.0,1207.0,81478.98,140.36,1.691429
2013,Delhi,Rice,Kharif,6068.0,706.8,876765.32,1638.36,3.26
2008,Karnataka,Maize,Kharif,932901.0,1164.1,133442159.0,83961.09,2.895556
2008,Haryana,Bajra,Kharif,612934.0,715.6,87674079.36,55164.06,1.94
2015,Assam,Dry chillies,Whole Year,19929.0,2155.3,3146988.39,6576.57,0.794815
2016,Himachal Pradesh,Peas & beans (Pulses),Kharif,612.0,1373.9,93789.0,214.2,1.316667
2002,Nagaland,Soyabean,Kharif,26000.0,1536.6,2461420.0,6500.0,1.4075
2015,Bihar,Other Kharif pulses,Kharif,1686.0,874.0,266236.26,556.38,0.874545
2008,Sikkim,Maize,Kharif,39200.0,2247.5,5607168.0,3528.0,1.8
2003,Bihar,Linseed,Rabi,34696.0,1353.9,3434210.08,8327.04,0.771316
2010,Odisha,Jute,Autumn,3181.0,1291.9,528395.91,763.44,10.504286
2001,Gujarat,Moth,Kharif,43200.0,666.5,4412016.0,11232.0,0.293333
2019,Tamil Nadu,Coriander,Whole Year,7397.0,910.1,1270508.72,2736.89,0.470909
2011,Bihar,Masoor,Rabi,168490.0,1097.1,28225444.8,55601.7,0.997105
2018,West Bengal,Horse-gram,Rabi,1405.0,2012.6,227891.0,491.75,0.568571
2020,Chhattisgarh,Arhar/Tur,Kharif,266055.88,1347.4,53286.44,3220.56,1.268854
2002,Madhya Pradesh,Maize,Kharif,848970.0,800.8,80371989.9,212242.5,1.662
2007,Bihar,Small millets,Kharif,7000.0,1600.2,933800.0,1120.0,0.752727
2014,Uttarakhand,Bajra,Kharif,2.0,1287.4,301.92,0.66,1.0
2007,Rajasthan,Barley,Rabi,40758.58,396.7,4530.12,354.35,2.452658
2002,Jammu and Kashmir,Urad,Kharif,14232.0,933.2,1347343.44,3558.0,0.485556
2010,Andhra Pradesh,Cashewnut,Whole Year,138101.0,1297.0,22939957.11,33144.24,0.25
2003,Madhya Pradesh,Niger seed,Kharif,102368.0,1163.0,10132384.64,24568.32,0.245
2013,Bihar,Maize,Autumn,276577.0,1069.9,39962610.73,74675.79,2.933784
2009,Chhattisgarh,Arhar/Tur,Kharif,52999.0,956.9,8258304.18,9009.83,0.513889
2009,Nagaland,Potato,Kharif,3030.0,1225.9,472134.6,515.1,9.416364
2010,Tamil Nadu,Ragi,Kharif,75650.0,1095.2,12566221.5,18156.0,2.283462
2017,Assam,Turmeric,Whole Year,16871.0,2098.6,2656170.24,6410.98,1.164074
2007,Odisha,Maize,Autumn,64690.0,1633.8,8629646.0,10350.4,1.096923
2017,Madhya Pradesh,Rice,Kharif,2023070.0,800.0,318512140.8,768766.6,1.806889
2002,Delhi,Rice,Kharif,6096.0,593.6,577108.32,1524.0,2.12
2019,Himachal Pradesh,Ginger,Kharif,2264.0,1217.7,388864.64,837.68,3.946667
2008,Uttarakhand,Arhar/Tur,Kharif,2383.0,1363.7,340864.32,214.47,0.72
2002,Karnataka,Linseed,Rabi,17401.0,860.8,1647352.67,4350.25,0.342857
2017,Kerala,Cardamom,Whole Year,39080.0,2664.8,6152755.2,14850.4,0.11
2009,Himachal Pradesh,Other Kharif pulses,Kharif,6982.0,969.9,1087935.24,1186.94,0.515714
2002,Assam,Urad,Rabi,40381.0,1973.6,3822869.27,10095.25,0.498696
2018,Jharkhand,Wheat,Rabi,163847.0,1222.7,26575983.4,57346.45,1.921667
2008,Meghalaya,Soyabean,Kharif,1055.0,3114.3,150907.2,94.95,1.061429
2016,Himachal Pradesh,Moth,Kharif,15.0,1373.9,2298.75,5.25,0.176667
2015,Mizoram,Potato,Kharif,6.0,2310.8,947.46,1.98,1.0
2018,Punjab,Peas & beans (Pulses),Rabi,3400.0,585.5,551480.0,1190.0,1.257778
2003,Telangana,Turmeric,Kharif,43558.56,961.0,4017.23,398.22,4.744837
2001,Chhattisgarh,Moong(Green Gram),Kharif,9669.0,1550.0,987494.97,2513.94,0.261875
2018,Mizoram,Sesamum,Kharif,770.0,1665.2,124894.0,269.5,0.785
2007,Bihar,Castor seed,Kharif,203.0,1600.2,27080.2,32.48,0.9775
2005,Jammu and Kashmir,Other Kharif pulses,Kharif,1157.0,1721.8,138747.44,242.97,0.52125
2010,Uttarakhand,Moth,Kharif,22.0,1419.0,3654.42,5.28,0.405
2020,Kerala,Cardamom,Whole Year,49754.35,3202.7,12903.7,484.37,0.318143
2019,Telangana,Sesamum,Kharif,495.0,1031.7,85021.2,183.15,0.095
2009,Uttarakhand,Rice,Kharif,270608.0,847.8,42166138.56,46003.36,1.613846
2017,Kerala,Cashewnut,Whole Year,39720.0,2664.8,6253516.8,15093.6,0.33
2004,Madhya Pradesh,Urad,Kharif,547073.0,895.7,59269888.82,114885.33,0.346042
2000,West Bengal,Bajra,Kharif,313.0,1907.7,30727.21,81.38,0.8875
2017,Uttarakhand,Moth,Kharif,9.0,1475.8,1416.96,3.42,0.535
2008,Meghalaya,Arecanut,Whole Year,12632.0,3114.3,1806881.28,1136.88,1.244286
2015,Haryana,Rapeseed &Mustard,Rabi,509000.0,426.8,80376190.0,167970.0,1.64
2002,Arunachal Pradesh,Potato,Whole Year,4335.0,2832.8,410394.45,1083.75,6.894
2015,Uttarakhand,Horse-gram,Kharif,11580.0,1247.6,1828597.8,3821.4,0.893636
2015,Bihar,Sugarcane,Whole Year,244021.0,874.0,38533356.11,80526.93,61.678333
2016,West Bengal,Rapeseed &Mustard,Rabi,459105.0,1795.8,70357841.25,160686.75,0.867727
2014,Assam,Rice,Autumn,196188.0,1899.0,29616540.48,64742.04,1.531481
2009,West Bengal,Onion,Rabi,59914.41,1517.5,8603.25,663.23,15.991075
2002,Madhya Pradesh,Sweet potato,Whole Year,3757.0,800.8,355675.19,939.25,5.559556
2010,Manipur,Ginger,Kharif,2200.0,2160.5,365442.0,528.0,11.386667
2009,Uttarakhand,other oilseeds,Kharif,598.0,847.8,93180.36,101.66,0.781111
2002,Madhya Pradesh,Arhar/Tur,Kharif,299548.0,800.8,28358209.16,74887.0,0.551556
2014,West Bengal,Urad,Kharif,61669.0,1483.5,9309552.24,20350.77,0.57
2010,Punjab,Bajra,Kharif,3000.0,392.7,498330.0,720.0,1.0
2010,Punjab,Wheat,Rabi,3510000.0,392.7,583046100.0,842400.0,4.6485
2003,Arunachal Pradesh,Small millets,Kharif,22279.0,2782.2,2205175.42,5346.96,0.973333
2010,Karnataka,Small millets,Kharif,24095.0,1317.7,4002420.45,5782.8,0.552857
2011,Odisha,Maize,Autumn,98714.0,1346.2,16536569.28,32575.62,1.3072
2003,Andhra Pradesh,Rapeseed &Mustard,Rabi,1695.0,826.0,167771.1,406.8,0.285714
2007,Karnataka,Sesamum,Kharif,86908.0,1323.3,11593527.2,13905.28,0.565185
2008,Bihar,Ginger,Kharif,780.0,1197.7,111571.2,70.2,1.624615
2006,Assam,Other  Rabi pulses,Rabi,14486.0,1774.9,1850007.06,3186.92,0.508077
2012,Rajasthan,Mustard,Rabi,453547.93,574.0,34409.65,1281.08,1.384067
2005,Himachal Pradesh,Bajra,Kharif,304.0,1248.1,36455.68,63.84,0.4875
2013,Madhya Pradesh,Sesamum,Whole Year,269597.0,1451.4,38954070.53,72791.19,0.540784
2016,Gujarat,Moth,Kharif,32478.0,710.5,4977253.5,11367.3,0.477895
2002,Maharashtra,Onion,Rabi,92646.49,417.3,12448.95,164.43,13.406661
2007,Rajasthan,Moong,Kharif,21583.6,312.3,2065.15,88.71,0.533202
2013,Tamil Nadu,Dry chillies,Whole Year,41401.0,740.9,5982030.49,11178.27,0.363333
2000,Maharashtra,Moong(Green Gram),Kharif,714300.0,1057.8,70122831.0,185718.0,0.472727
2008,Arunachal Pradesh,Wheat,Rabi,3278.0,2244.4,468885.12,295.02,1.57
2014,Nagaland,Other  Rabi pulses,Rabi,9230.0,1333.3,1393360.8,3045.9,1.252222
2002,Meghalaya,Jute,Kharif,4074.0,4355.3,385685.58,1018.5,7.073333
2017,Odisha,Jute,Autumn,947.0,1344.4,149095.68,359.86,2.055
2009,Chhattisgarh,Safflower,Rabi,847.0,956.9,131979.54,143.99,0.27375
2012,Andhra Pradesh,Rice,Kharif,2487000.0,968.7,375039600.0,770970.0,2.969545
2011,Maharashtra,Soyabean,Kharif,3010300.0,1174.1,504285456.0,993399.0,1.484286
2019,Jammu and Kashmir,Peas & beans (Pulses),Kharif,281.0,1324.1,48264.56,103.97,4.504
2000,Haryana,Other Kharif pulses,Kharif,3458.0,383.7,339471.86,899.08,0.075
2002,Assam,Mesta,Kharif,5133.0,1973.6,485941.11,1283.25,4.652857
2017,West Bengal,Jowar,Autumn,6.0,1830.0,944.64,2.28,0.5
2000,Maharashtra,Arhar/Tur,Kharif,1096100.0,1057.8,107604137.0,284986.0,0.526562
2019,Punjab,Rapeseed &Mustard,Rabi,28400.0,653.2,4877984.0,10508.0,1.51
2017,Meghalaya,Gram,Rabi,1858.0,4472.3,292523.52,706.04,1.08
2018,Uttarakhand,Sesamum,Kharif,1848.0,1373.0,299745.6,646.8,0.260833
2006,Haryana,Arhar/Tur,Kharif,27412.0,329.3,3500786.52,6030.64,0.817368
2017,Haryana,Guar seed,Kharif,272500.0,417.1,42902400.0,103550.0,0.766923
2019,Bihar,Bajra,Kharif,3159.0,1194.7,542589.84,1168.83,1.1325
2003,Karnataka,Arecanut,Whole Year,148939.0,867.6,14741982.22,35745.36,1.302727
2005,Chhattisgarh,Horse-gram,Kharif,51006.0,1292.7,6116639.52,10711.26,0.479375
2019,Tamil Nadu,Other  Rabi pulses,Rabi,21610.0,910.1,3711733.6,7995.7,0.776667
2017,Assam,Linseed,Rabi,5004.0,2098.6,787829.76,1901.52,0.555652
2006,Nagaland,Small millets,Kharif,25000.0,1362.5,3192750.0,5500.0,0.69375
2004,Uttar Pradesh,Cotton(lint),Kharif,5612.0,704.0,608004.08,1178.52,0.162778
2006,Nagaland,Cardamom,Kharif,900.0,1362.5,114939.0,198.0,1.612
2008,Maharashtra,Sesamum,Kharif,54100.0,1052.8,7738464.0,4869.0,0.47125
2015,Bihar,Arhar/Tur,Kharif,23543.0,874.0,3717675.13,7769.19,1.595833
2013,Chhattisgarh,Masoor,Rabi,16245.0,1418.3,2347240.05,4386.15,0.320455
2003,Uttarakhand,Onion,Whole Year,1719.0,1734.3,170146.62,412.56,11.308462
2014,Jharkhand,Rapeseed &Mustard,Rabi,27096.0,1156.6,4090412.16,8941.68,0.9625
2010,Uttarakhand,other oilseeds,Kharif,431.0,1419.0,71593.41,103.44,0.57625
2012,Andhra Pradesh,Niger seed,Rabi,8273.0,968.7,1247568.4,2564.63,0.63
2016,Nagaland,Ginger,Kharif,3860.0,1959.8,591545.0,1351.0,9.126364
2009,Mizoram,Tapioca,Kharif,194.0,2086.3,30229.08,32.98,10.416
2005,West Bengal,Castor seed,Rabi,45.0,1650.1,5396.4,9.45,0.82
2004,Andhra Pradesh,Turmeric,Kharif,26814.07,745.6,5817.46,153.39,4.04656
2013,Gujarat,Guar seed,Whole Year,442766.0,1006.5,63975259.34,119546.82,0.888182
2011,Odisha,Sesamum,Autumn,4517.0,1346.2,756687.84,1490.61,0.182
2018,Meghalaya,Peas & beans (Pulses),Rabi,2335.0,5649.1,378737.0,817.25,1.800909
2018,West Bengal,Banana,Whole Year,39160.98,1826.9,4347.84,494.92,27.563354
2006,Assam,Dry chillies,Whole Year,15453.0,1774.9,1973502.63,3399.66,0.633704
2009,Bihar,Tobacco,Whole Year,9040.0,889.3,1408612.8,1536.8,1.897
2018,Tripura,Other Kharif pulses,Kharif,123.0,2169.1,19950.6,43.05,0.918
2011,Gujarat,Cotton(lint),Kharif,3003100.0,890.5,503079312.0,991023.0,3.286522
2004,Gujarat,Mango,Whole Year,118099.06,739.3,12493.09,610.64,5.677164
2016,Bihar,Rice,Autumn,556827.0,1205.6,85333737.75,194889.45,1.736154
2013,Uttar Pradesh,Barley,Rabi,156344.0,995.2,22590144.56,42212.88,2.875541
2014,Odisha,Mustard,Rabi,367910.31,1385.5,33967.76,1044.13,1.617177
2004,Uttarakhand,Linseed,Rabi,21.0,1219.6,2275.14,4.41,0.315
2017,Rajasthan,Groundnut,Kharif,340475.06,121.0,41536.4,1288.79,1.818146
2004,Chhattisgarh,Safflower,Rabi,964.0,1122.8,104439.76,202.44,0.223333
2000,Assam,Coconut,Whole Year,20913.0,1965.5,2053029.21,5437.38,5771.352609
2014,Tripura,Masoor,Rabi,2498.0,2015.7,377098.08,824.34,0.76
2003,Assam,Rapeseed &Mustard,Rabi,264103.0,2213.7,26140914.94,63384.72,0.51913
2019,Puducherry,Bajra,Kharif,14.0,1317.0,2404.64,5.18,2.57
2002,Karnataka,Garlic,Whole Year,5344.0,860.8,505916.48,1336.0,1.382
2008,Gujarat,Arhar/Tur,Kharif,266100.0,746.1,38062944.0,23949.0,0.97
2017,Uttar Pradesh,Sweet potato,Kharif,16318.0,652.1,2569105.92,6200.84,11.144571
2017,Jammu and Kashmir,Turmeric,Kharif,9.0,1279.1,1416.96,3.42,1.006667
2005,Rajasthan,Mustard,Rabi,1245134.73,525.3,176651.35,3096.23,1.422326
2014,Chhattisgarh,Other  Rabi pulses,Rabi,2717.0,1274.7,410158.32,896.61,0.184091
2013,Meghalaya,Maize,Whole Year,18025.0,2448.4,2604432.25,4866.75,2.16
2016,Andhra Pradesh,Small millets,Kharif,24448.0,890.0,3746656.0,8556.8,0.57
2004,Punjab,Moth,Kharif,300.0,366.4,32502.0,63.0,0.666667
2015,Delhi,Jowar,Kharif,3161.0,757.7,499153.51,1043.13,0.96
2011,Arunachal Pradesh,Turmeric,Whole Year,625.0,2193.7,104700.0,206.25,4.595
2011,Gujarat,Urad,Kharif,96200.0,890.5,16115424.0,31746.0,0.7364
2010,Punjab,Sesamum,Kharif,5700.0,392.7,946827.0,1368.0,0.42
2015,Bihar,Jute,Kharif,93909.0,874.0,14829170.19,30989.97,15.8025
2010,Assam,Arecanut,Rabi,68947.0,2578.5,11452786.17,16547.28,0.981852
2016,Manipur,Soyabean,Kharif,5100.0,2039.8,781575.0,1785.0,0.845556
2017,Kerala,Banana,Whole Year,62108.0,2664.8,9778283.52,23601.04,8.570714
2013,Jammu and Kashmir,Moong(Green Gram),Rabi,72.0,1193.8,10403.28,19.44,1.2
2014,Rajasthan,Bajra,Kharif,2218077.74,530.8,386379.14,9502.17,1.601566
2006,Nagaland,Soyabean,Kharif,25480.0,1362.5,3254050.8,5605.6,1.20125
2016,Karnataka,Coconut,Whole Year,437099.0,1147.2,66985421.75,152984.65,7996.762143
2013,Puducherry,Sweet potato,Kharif,1.0,1083.2,144.49,0.27,9.0
2003,Jammu and Kashmir,Small millets,Kharif,3831.0,1430.3,379192.38,919.44,1.462
2003,Bihar,Khesari,Rabi,133064.0,1353.9,13170674.72,31935.36,0.835946
2011,Sikkim,Wheat,Rabi,2500.0,2585.5,418800.0,825.0,1.065
2010,Andhra Pradesh,Cotton(lint),Kharif,1784237.0,1297.0,296379608.1,428216.88,1.980455
2010,Himachal Pradesh,Moth,Kharif,16.0,1319.8,2657.76,3.84,0.166667
2008,Uttarakhand,Masoor,Rabi,10987.0,1363.7,1571580.48,988.83,0.385385
2016,Rajasthan,Mustard,Rabi,1095751.05,322.1,104812.62,3699.66,1.602519
2009,Gujarat,Other Kharif pulses,Kharif,29900.0,618.0,4659018.0,5083.0,0.764762
2000,Puducherry,Rapeseed &Mustard,Rabi,63.0,1434.6,6184.71,16.38,6.265
2009,Nagaland,Barley,Rabi,500.0,1225.9,77910.0,85.0,1.449091
2016,Telangana,Cotton(lint),Kharif,1408760.0,942.6,215892470.0,493066.0,2.445667
2003,Kerala,Ginger,Whole Year,8516.0,2386.0,842913.68,2043.84,2.874286
2016,Assam,Cotton(lint),Kharif,882.0,2296.8,135166.5,308.7,0.567273
2017,Bihar,Other Kharif pulses,Kharif,1796.0,1112.0,282762.24,682.48,0.8655
2011,West Bengal,Sannhamp,Kharif,703.0,1686.5,117766.56,231.99,3.87625
2008,Uttarakhand,Maize,Kharif,26780.0,1363.7,3830611.2,2410.2,1.197692
2009,Andhra Pradesh,Onion,Kharif,22954.0,711.0,3576692.28,3902.18,15.856111
2016,Uttarakhand,Groundnut,Kharif,935.0,1580.9,143288.75,327.25,1.296
2002,West Bengal,Mesta,Kharif,8216.0,1629.1,777808.72,2054.0,10.04
2012,Bihar,Ragi,Kharif,7935.0,924.1,1196598.0,2459.85,1.301786
2002,Odisha,Other  Rabi pulses,Rabi,26900.0,1102.8,2546623.0,6725.0,0.592963
2012,Assam,Turmeric,Whole Year,16309.0,2167.5,2459397.2,5055.79,0.928889
2007,Uttarakhand,Other Kharif pulses,Kharif,11920.0,1924.3,1590128.0,1907.2,0.753636
2007,Himachal Pradesh,Potato,Kharif,13583.0,1095.4,1811972.2,2173.28,9.051667
2018,West Bengal,Gram,Rabi,35907.0,2012.6,5824115.4,12567.45,1.097
2013,Kerala,Ginger,Whole Year,4538.0,3255.4,655695.62,1225.26,3.392857
2008,Manipur,Urad,Kharif,1487.0,1134.8,212700.48,133.83,1.135556
2005,Karnataka,Other  Rabi pulses,Rabi,29137.0,1316.2,3494109.04,6118.77,0.118889
2009,Bihar,Other Kharif pulses,Kharif,1593.0,889.3,248221.26,270.81,0.765652
2009,Manipur,Other  Rabi pulses,Rabi,8993.0,992.5,1401289.26,1528.81,0.817778
2008,Assam,Sweet potato,Whole Year,6338.0,2109.9,906587.52,570.42,3.421481
2017,Tamil Nadu,Horse-gram,Kharif,8712.0,970.9,1371617.28,3310.56,0.77
2000,Bihar,Lentil,Rabi,15296.85,1235.1,1370.73,89.89,0.709173
2015,Uttarakhand,Arhar/Tur,Kharif,3334.0,1247.6,526471.94,1100.22,0.750769
2004,Jammu and Kashmir,Wheat,Rabi,248613.0,1032.1,26934732.42,52208.73,1.814545
2002,Jammu and Kashmir,Other  Rabi pulses,Rabi,63.0,933.2,5964.21,15.75,1.994
2006,Uttar Pradesh,Garlic,Rabi,31932.0,590.5,4078035.72,7025.04,4.47
2009,Maharashtra,Rapeseed &Mustard,Rabi,5800.0,1002.4,903756.0,986.0,0.493
2001,Meghalaya,Arecanut,Whole Year,11128.0,4241.0,1136502.64,2893.28,1.185714
2014,Gujarat,Banana,Whole Year,26989.0,605.6,4074259.44,8906.37,67.331818
2005,Andhra Pradesh,Linseed,Rabi,3845.0,1075.5,461092.4,807.45,0.371667
2011,Tripura,Maize,Kharif,3743.0,2295.6,627027.36,1235.19,1.3375
2004,Odisha,Potato,Winter,8506.0,1290.4,921540.04,1786.26,8.655
2013,West Bengal,Sesamum,Autumn,1065.0,1939.9,153881.85,287.55,0.697778
2007,Bihar,Rice,Autumn,524266.0,1600.2,69937084.4,83882.56,0.617
2020,Jharkhand,Wheat,Rabi,3340590.86,1319.3,803697.57,26383.8,4.162611
2004,Arunachal Pradesh,Sugarcane,Whole Year,736.0,2939.5,79738.24,154.56,15.670909
2012,Assam,Banana,Whole Year,47063.0,2167.5,7097100.4,14589.53,15.990741
2017,Chhattisgarh,Soyabean,Kharif,91560.0,1124.5,14415206.4,34792.8,0.396
2013,Madhya Pradesh,Rice,Kharif,1881546.0,1451.4,271864581.5,508017.42,1.410204
2003,Karnataka,Sannhamp,Whole Year,466.0,867.6,46124.68,111.84,0.144286
2015,Telangana,Onion,Kharif,5269.0,747.9,832027.79,1738.77,13.5075
2011,Uttar Pradesh,Gram,Rabi,576684.0,777.4,96606103.68,190305.72,1.253529
2005,West Bengal,Mustard,Rabi,1269296.16,1577.8,213026.06,6118.53,1.060301
2008,Maharashtra,Gram,Rabi,1143300.0,1052.8,163537632.0,102897.0,0.664839
2019,Delhi,Jowar,Kharif,3150.0,546.9,541044.0,1165.5,1.0
2000,Madhya Pradesh,Ginger,Kharif,4265.0,723.3,418695.05,1108.9,1.027895
2002,Jammu and Kashmir,Small millets,Kharif,470.0,933.2,44494.9,117.5,0.19
2012,Maharashtra,Banana,Whole Year,51467.16,3083.7,7015.19,141.59,26.704425
2003,Himachal Pradesh,Rice,Kharif,81335.0,1112.6,8050538.3,19520.4,1.469091
2002,Karnataka,Sesamum,Kharif,74423.0,860.8,7045625.41,18605.75,0.4028
2014,Assam,Mesta,Kharif,4599.0,1899.0,694265.04,1517.67,5.331154
2005,Uttarakhand,Other  Rabi pulses,Rabi,30.0,1353.3,3597.6,6.3,0.5575
2011,Chhattisgarh,Moong(Green Gram),Kharif,8652.0,1302.7,1449383.04,2855.16,0.256296
2018,Arunachal Pradesh,Groundnut,Kharif,921.0,2992.9,149386.2,322.35,1.265
2004,Chhattisgarh,Barley,Rabi,3959.0,1122.8,428918.06,831.39,0.815
2014,Nagaland,Arhar/Tur,Kharif,3010.0,1333.3,454389.6,993.3,0.883636
2018,Andhra Pradesh,Turmeric,Kharif,42298.25,651.0,5736.0,474.02,5.973374
2002,West Bengal,Sunflower,Kharif,2369.0,1629.1,224273.23,592.25,1.062
2020,Uttarakhand,Ragi,Kharif,85427.0,1313.9,16539521.47,31607.99,1.589091
2012,West Bengal,Mango,Whole Year,98482.23,1269.5,23269.89,1041.33,6.193002
2007,Madhya Pradesh,Arhar/Tur,Kharif,300463.0,740.4,40081764.2,48074.08,0.565
2018,Uttar Pradesh,Maize,Kharif,673768.0,792.8,109285169.6,235818.8,1.9284
2001,Nagaland,Potato,Whole Year,3550.0,1532.0,362561.5,923.0,12.14875
2005,Punjab,Sesamum,Kharif,11300.0,566.7,1355096.0,2373.0,0.468333
2009,Jammu and Kashmir,Other Kharif pulses,Kharif,5595.0,751.7,871812.9,951.15,0.807778
2012,Nagaland,Groundnut,Kharif,810.0,1296.6,122148.0,251.1,0.969091
2015,Mizoram,Onion,Rabi,5.0,2310.8,789.55,1.65,14.6
2004,Odisha,Bajra,Kharif,3155.0,1290.4,341812.7,662.55,0.499231
2011,Assam,Rapeseed &Mustard,Rabi,247949.0,1743.4,41536416.48,81823.17,0.538889
2012,Karnataka,Turmeric,Whole Year,19688.0,956.2,2968950.4,6103.28,4.742174
2002,Andhra Pradesh,Sunflower,Kharif,416579.0,648.1,39437533.93,104144.75,0.9025
2005,Haryana,Cotton(lint),Kharif,583779.0,516.9,70006777.68,122593.59,1.185
2006,Uttar Pradesh,Small millets,Kharif,17136.0,590.5,2188438.56,3769.92,0.659697
2012,Kerala,Sugarcane,Whole Year,1742.0,2187.6,262693.6,540.02,48.690909
2013,Sikkim,Urad,Kharif,3280.0,2567.6,473927.2,885.6,0.92
2009,Jharkhand,Ragi,Autumn,27726.0,996.1,4320265.32,4713.42,0.564
2003,Uttar Pradesh,Urad,Kharif,566876.0,1075.6,56109386.48,136050.24,0.367143
2004,Himachal Pradesh,Barley,Rabi,24427.0,939.2,2646421.18,5129.67,1.432727
2009,Maharashtra,Urad,Kharif,353500.0,1002.4,55082370.0,60095.0,0.500606
2017,Nagaland,Mesta,Kharif,1900.0,1722.1,299136.0,722.0,1.091818
2012,Jammu and Kashmir,other oilseeds,Kharif,9.0,1116.7,1357.2,2.79,0.57
2016,Himachal Pradesh,Sesamum,Kharif,2715.0,1373.9,416073.75,950.25,0.322222
2004,Tamil Nadu,Other Kharif pulses,Kharif,91578.0,1034.0,9921560.52,19231.38,0.201071
2008,Puducherry,Rice,Kharif,4493.0,1434.6,642678.72,404.37,3.0
2004,Chhattisgarh,Maize,Kharif,97851.0,1122.8,10601177.34,20548.71,1.343125
2017,Sikkim,Rice,Kharif,9501.0,2873.6,1495837.44,3610.38,1.815
2015,Himachal Pradesh,Linseed,Rabi,803.0,1223.2,126801.73,264.99,0.29
2003,Manipur,Cashewnut,Whole Year,325.0,687.7,32168.5,78.0,0.4
2019,Madhya Pradesh,Turmeric,Whole Year,16271.0,1446.7,2794706.96,6020.27,18.867083
2008,Chhattisgarh,Urad,Kharif,106086.0,1117.9,15174541.44,9547.74,0.298889
2016,Karnataka,Urad,Kharif,82772.0,1147.2,12684809.0,28970.2,0.352273
2003,Meghalaya,Cotton(lint),Kharif,7281.0,3321.3,720673.38,1747.44,1.036667
2020,Andhra Pradesh,Rice,Kharif,1579636.63,733.1,151014.16,10644.26,3.020959
2009,Uttarakhand,Urad,Kharif,10731.0,847.8,1672104.42,1824.27,0.661538
2014,Goa,Rice,Kharif,27840.0,3491.2,4202726.4,9187.2,2.925
2019,Telangana,Cashewnut,Kharif,1521.0,1031.7,261246.96,562.77,0.306667
2005,Delhi,Bajra,Kharif,1690.0,653.1,202664.8,354.9,1.79
2018,Karnataka,Black pepper,Whole Year,148379.0,1419.1,24067073.8,51932.65,0.5975
2003,Madhya Pradesh,Potato,Whole Year,46546.0,1163.0,4607123.08,11171.04,13.334043
2017,Nagaland,Maize,Kharif,63680.0,1722.1,10025779.2,24198.4,1.981818
2016,Sikkim,Maize,Kharif,38498.0,2971.6,5899818.5,13474.3,1.73
2014,Sikkim,Rapeseed &Mustard,Rabi,3860.0,2627.0,582705.6,1273.8,0.8025
2000,Himachal Pradesh,Rapeseed &Mustard,Rabi,9686.0,1068.4,950874.62,2518.36,0.500909
2005,Tripura,Maize,Kharif,2150.0,1765.9,257828.0,451.5,0.9825
2003,Uttarakhand,Peas & beans (Pulses),Rabi,4451.0,1734.3,440559.98,1068.24,0.663333
2007,Himachal Pradesh,Onion,Rabi,823.0,1095.4,109788.2,131.68,8.408
2015,Punjab,Urad,Kharif,2000.0,512.6,315820.0,660.0,0.614
2000,Chhattisgarh,Bajra,Kharif,78.0,896.4,7657.26,20.28,0.473333
2015,Chhattisgarh,Urad,Kharif,93650.0,1136.0,14788271.5,30904.5,0.322963
2014,Karnataka,Coriander,Whole Year,4339.0,1238.5,655015.44,1431.87,0.3344
2016,Goa,Cashewnut,Whole Year,56735.0,3266.9,8694638.75,19857.25,0.43
2014,Telangana,Gram,Rabi,59337.0,746.4,8957513.52,19581.21,1.283333
2018,Madhya Pradesh,Linseed,Rabi,37745.0,1102.2,6122239.0,13210.75,0.812326
2012,Haryana,Moth,Kharif,591.0,307.9,89122.8,183.21,0.436
2011,Jammu and Kashmir,Rice,Kharif,262169.0,887.6,43918550.88,86515.77,2.0225
2011,Andhra Pradesh,Sugarcane,Whole Year,204038.0,861.9,34180445.76,67332.54,86.0155
2002,Himachal Pradesh,Other  Rabi pulses,Rabi,35.0,890.8,3313.45,8.75,0.26
2004,Jharkhand,Potato,Rabi,8320.97,1149.2,901493.89,1747.4,7.845
2014,Telangana,Cashewnut,Kharif,4089.0,746.4,617275.44,1349.37,0.57
2015,Gujarat,Small millets,Rabi,14582.0,584.3,2302643.62,4812.06,1.245
2016,Odisha,Sugarcane,Winter,5493.0,1460.5,841802.25,1922.55,56.1604
2010,Kerala,Sugarcane,Whole Year,2844.91,3131.8,472568.0,682.78,41.517143
2001,Telangana,Rice,Kharif,1762518.8,1054.9,247160.41,11819.41,2.585559
2017,Goa,Coconut,Whole Year,26169.0,2772.5,4120047.36,9944.22,5027.095
2016,Telangana,Sugarcane,Kharif,29357.0,942.6,4498960.25,10274.95,65.524
2016,Manipur,Urad,Kharif,1443.0,2039.8,221139.75,505.05,1.144444
2014,Maharashtra,Arhar/Tur,Kharif,1210200.0,1001.6,182691792.0,399366.0,0.313529
2005,Himachal Pradesh,Groundnut,Kharif,63.0,1248.1,7554.96,13.23,0.6475
2014,Karnataka,Horse-gram,Kharif,57641.0,1238.5,8701485.36,19021.53,0.4912
2002,Himachal Pradesh,Wheat,Rabi,359439.0,890.8,34028090.13,89859.75,1.389167
2005,Tripura,Rice,Kharif,253067.0,1765.9,30347794.64,53144.07,2.305
2010,Andhra Pradesh,Other Kharif pulses,Kharif,2581.0,1297.0,428729.91,619.44,0.82
2001,Mizoram,Moong(Green Gram),Kharif,5.5,2406.4,561.72,1.43,0.69
2018,Gujarat,Moong(Green Gram),Kharif,63056.0,1125.4,10227683.2,22069.6,0.383103
2001,Manipur,Peas & beans (Pulses),Kharif,4090.0,2013.1,417711.7,1063.4,0.53
2001,Telangana,Cotton(lint),Kharif,1438226.77,1013.8,242069.3,14024.46,0.471237
2009,Gujarat,Other Cereals,Kharif,26300.0,618.0,4098066.0,4471.0,0.686364
2000,Jharkhand,Arhar/Tur,Kharif,363324.62,1475.0,64476.95,3028.62,0.885211
2004,Haryana,Bajra,Kharif,565313.0,484.6,61246010.42,118715.73,1.768421
2017,Goa,Cashewnut,Whole Year,56248.0,2772.5,8855685.12,21374.24,0.465
2019,Uttar Pradesh,Barley,Rabi,166979.0,814.5,28680313.04,61782.23,3.205556
2018,Telangana,Sweet potato,Kharif,6.0,1350.3,973.2,2.1,6.33
2005,Himachal Pradesh,Sannhamp,Kharif,37.0,1248.1,4437.04,7.77,0.6125
2009,Punjab,Peas & beans (Pulses),Rabi,1600.0,371.3,249312.0,272.0,1.071429
2019,Assam,Onion,Whole Year,8155.0,2084.7,1400702.8,3017.35,8.022963
2008,Chhattisgarh,Coriander,Whole Year,3035.0,1117.9,434126.4,273.15,0.580588
2012,Meghalaya,Black pepper,Whole Year,950.0,2945.3,143260.0,294.5,0.697143
2003,Maharashtra,Jowar,Kharif,1586100.0,1037.4,156992178.0,380664.0,1.253333
2012,Jammu and Kashmir,Turmeric,Kharif,11.0,1116.7,1658.8,3.41,1.0575
2013,Kerala,Garlic,Whole Year,146.0,3255.4,21095.54,39.42,9.0
2006,Delhi,Potato,Whole Year,55.0,462.7,7024.05,12.1,15.87
2004,West Bengal,Arhar/Tur,Rabi,1481.0,1612.9,160451.54,311.01,0.778333
2011,Madhya Pradesh,Arhar/Tur,Kharif,532260.0,852.6,89164195.2,175645.8,0.56
2017,Madhya Pradesh,Sunflower,Kharif,1020.0,800.0,160588.8,387.6,0.615
2004,Jharkhand,Barley,Rabi,2962.57,1149.2,320964.83,622.14,0.61
2004,Tamil Nadu,Ragi,Kharif,108845.0,1034.0,11792267.3,22857.45,1.742308
2014,Haryana,Wheat,Rabi,2628000.0,301.3,396722880.0,867240.0,3.782857
2013,West Bengal,Onion,Rabi,177581.53,1631.9,16697.59,1318.38,17.765908
2001,Bihar,Sesamum,Kharif,3297.0,1247.0,336722.61,857.22,0.636
2013,Karnataka,Wheat,Rabi,209079.0,1235.6,30209824.71,56451.33,1.068571
2020,Madhya Pradesh,Wheat,Rabi,3649455.48,948.5,371110.96,26468.91,4.306417
2003,West Bengal,Urad,Kharif,51227.0,1526.7,5070448.46,12294.48,0.523529
2007,Odisha,Horse-gram,Summer,152.0,1633.8,20276.8,24.32,0.226667
2009,West Bengal,Tobacco,Whole Year,14169.0,1317.2,2207813.58,2408.73,0.935
2019,West Bengal,Khesari,Rabi,97112.0,1733.4,16679957.12,35931.44,1.003333
2000,Bihar,Horse-gram,Kharif,17533.0,1207.0,1721214.61,4558.58,0.748261
2015,Meghalaya,Cotton(lint),Kharif,7295.0,3870.8,1151953.45,2407.35,1.176
2016,Madhya Pradesh,Dry chillies,Whole Year,98537.8,1048.4,15100917.85,34488.23,3.738372
2011,Madhya Pradesh,Rapeseed &Mustard,Rabi,662435.0,852.6,110971111.2,218603.55,1.011042
2000,Meghalaya,Arecanut,Whole Year,11184.0,6258.8,1097933.28,2907.84,1.178571
2008,West Bengal,Barley,Rabi,2768.0,1560.1,395934.72,249.12,1.641667
2007,Telangana,Maize,Kharif,473102.29,975.3,102060.13,2869.13,3.1277
2009,Assam,Gram,Rabi,1725.0,1727.1,268789.5,293.25,0.505926
2012,Kerala,Banana,Whole Year,61011.0,2187.6,9200458.8,18913.41,8.320714
2002,Odisha,Bajra,Kharif,3760.0,1102.8,355959.2,940.0,0.528333
2014,Mizoram,Sugarcane,Whole Year,1476.0,2029.9,222816.96,487.08,27.9
2011,Puducherry,Dry chillies,Kharif,1.0,1434.6,167.52,0.33,2.0
2005,Andhra Pradesh,Arhar/Tur,Kharif,494523.0,1075.5,59303198.16,103849.83,0.554545
2011,Madhya Pradesh,Sunflower,Whole Year,55.0,852.6,9213.6,18.15,0.355
2015,Gujarat,Onion,Rabi,52885.0,584.3,8351070.35,17452.05,26.941538
2000,Arunachal Pradesh,Small millets,Kharif,20149.0,2157.7,1978027.33,5238.74,0.905385
2009,Karnataka,Coriander,Whole Year,6580.0,1321.0,1025295.6,1118.6,0.498095
2004,Maharashtra,Mango,Whole Year,238067.71,1270.9,24826.73,1408.79,5.624877
2010,Punjab,Maize,Kharif,133000.0,392.7,22092630.0,31920.0,3.710909
2017,Rajasthan,Gram,Rabi,830567.04,460.8,111021.32,9696.66,1.328751
2001,Uttar Pradesh,Mustard,Rabi,812206.28,925.5,91141.08,6587.44,1.280734
2014,Uttarakhand,Moth,Kharif,37.0,1287.4,5585.52,12.21,0.43
2020,Chhattisgarh,Gram,Rabi,384288.69,1499.9,74370.18,1305.85,1.29837
2016,Madhya Pradesh,Sweet potato,Whole Year,4432.2,1048.4,679234.65,1551.27,17.193871
2002,Meghalaya,Cashewnut,Whole Year,6649.0,4355.3,629460.83,1662.25,1.0
2013,Maharashtra,Sesamum,Kharif,37700.0,1409.8,5447273.0,10179.0,0.191034
2018,Goa,Coconut,Whole Year,26381.0,4406.0,4278998.2,9233.35,5013.69
2011,Jammu and Kashmir,Masoor,Kharif,686.0,887.6,114918.72,226.38,0.65
2006,Kerala,Sugarcane,Whole Year,1161.0,3429.7,148271.31,255.42,33.668
2012,Rajasthan,Cotton(lint),Kharif,928826.97,175.7,108167.33,1783.9,0.491216
2013,Chhattisgarh,Ragi,Kharif,7648.0,1418.3,1105059.52,2064.96,0.271333
2001,Chhattisgarh,Potato,Whole Year,9315.0,1550.0,951340.95,2421.9,6.849375
2008,West Bengal,Mango,Whole Year,139797.11,1806.1,18994.86,309.47,6.366681
2019,Meghalaya,Tobacco,Rabi,803.0,3844.4,137923.28,297.11,1.056667
2015,West Bengal,Wheat,Rabi,339851.0,1717.0,53665871.41,112150.83,2.191111
2016,Delhi,Bajra,Kharif,1487.0,747.1,227882.75,520.45,2.2
2001,Karnataka,Arecanut,Whole Year,136065.0,1002.9,13896318.45,35376.9,1.292
2014,Tamil Nadu,Potato,Kharif,3018.0,911.3,455597.28,995.94,21.708333
2001,Assam,Onion,Whole Year,7476.0,1824.7,763523.88,1943.76,2.351304
2000,Uttar Pradesh,Groundnut,Kharif,115425.0,874.4,11331272.25,30010.5,0.927414
2013,Maharashtra,Cotton(lint),Kharif,4159500.0,1409.8,601006155.0,1123065.0,2.0644
2012,Haryana,Sugarcane,Whole Year,100986.0,307.9,15228688.8,31305.66,61.4215
2019,Telangana,Arhar/Tur,Kharif,294597.0,1031.7,50599980.72,109000.89,1.562812
2011,Bihar,Wheat,Rabi,2141892.0,1097.1,358809747.8,706824.36,3.028684
2016,Rajasthan,Gram,Rabi,1039662.87,408.5,280704.46,2888.18,1.173959
2006,Karnataka,Tobacco,Whole Year,104030.0,1146.3,13285671.3,22886.6,0.471875
2006,Nagaland,Maize,Kharif,63200.0,1362.5,8071272.0,13904.0,1.67
2006,Karnataka,Sugarcane,Whole Year,269440.0,1146.3,34410182.4,59276.8,90.2876
2007,Karnataka,Castor seed,Kharif,23387.0,1323.3,3119825.8,3741.92,0.6725
2005,Nagaland,Arhar/Tur,Kharif,8000.0,1568.6,959360.0,1680.0,0.9225
2014,Andhra Pradesh,Sugarcane,Whole Year,139226.0,687.6,21017556.96,45944.58,81.936154
2007,Bihar,Tobacco,Whole Year,13330.0,1600.2,1778222.0,2132.8,1.808333
2017,Nagaland,Rice,Kharif,206750.0,1722.1,32550720.0,78565.0,2.421818
2008,Kerala,Tobacco,Whole Year,39.0,2524.8,5578.56,3.51,1.62
2007,Haryana,Onion,Whole Year,3193.0,443.8,425946.2,510.88,18.207333
2014,Andhra Pradesh,Castor seed,Kharif,46122.0,687.6,6962577.12,15220.26,0.72
2019,Delhi,Maize,Kharif,20.0,546.9,3435.2,7.4,5.1
2008,Jammu and Kashmir,Masoor,Rabi,81.0,1390.1,11586.24,7.29,0.496667
2002,Arunachal Pradesh,Ginger,Whole Year,4448.0,2832.8,421092.16,1112.0,6.605714
2018,Andhra Pradesh,Arecanut,Kharif,976.0,1220.5,158307.2,341.6,4.153333
2014,Kerala,Sweet potato,Whole Year,361.0,3046.4,54496.56,119.13,13.186429
2019,Bihar,Rice,Autumn,443965.0,1194.7,76255428.4,164267.05,1.759583
2015,Telangana,Ginger,Kharif,1822.0,747.9,287712.02,601.26,5.5225
2007,Andhra Pradesh,Other  Rabi pulses,Rabi,3000.0,1004.2,400200.0,480.0,1.25
2001,Himachal Pradesh,Garlic,Whole Year,1597.0,918.1,163101.61,415.22,1.018
2010,Chhattisgarh,Niger seed,Kharif,69408.0,1283.1,11529362.88,16657.92,0.186
2009,Odisha,Sugarcane,Winter,7968.0,1330.3,1241573.76,1354.56,54.976207
2019,Karnataka,Sesamum,Kharif,30964.0,1422.3,5318376.64,11456.68,0.818889
2007,Jharkhand,Masoor,Rabi,4425.09,1444.7,590307.01,708.01,0.653077
2020,Jharkhand,Arhar/Tur,Kharif,380687.27,1030.9,39809.31,3374.22,1.211809
2020,Uttar Pradesh,Barley,Rabi,38784.66,717.6,11647.98,116.16,2.978787
2015,Telangana,Jowar,Kharif,45161.0,747.9,7131373.51,14903.13,0.96
2012,Jharkhand,Onion,Rabi,3087.0,1102.0,465519.6,956.97,6.117826
2007,Haryana,Barley,Rabi,39528.0,443.8,5273035.2,6324.48,1.846
2002,Goa,Other  Rabi pulses,Rabi,9167.0,2516.3,867839.89,2291.75,0.79
2008,Tamil Nadu,Coriander,Whole Year,14139.0,1201.9,2022442.56,1272.51,0.357826
2012,Maharashtra,Safflower,Rabi,104900.0,1003.4,15818920.0,32519.0,0.516111
2006,Andhra Pradesh,Tobacco,Whole Year,191822.0,845.2,24497587.62,42200.84,4.163571
2009,Andhra Pradesh,Dry chillies,Kharif,156475.0,711.0,24381934.5,26600.75,3.287143
2000,Puducherry,Rice,Kharif,42779.0,1434.6,4199614.43,11122.54,2.605
2016,Kerala,Coconut,Whole Year,781496.0,2924.3,119764262.0,273523.6,6418.719286
2015,Tamil Nadu,Arecanut,Whole Year,6884.0,1201.9,1087052.44,2271.72,1.597143
2012,Himachal Pradesh,Masoor,Rabi,608.0,1035.0,91686.4,188.48,0.845556
2009,Meghalaya,Rice,Autumn,32560.0,2995.9,5073499.2,5535.2,1.542857
2014,Puducherry,Sesamum,Kharif,3.0,1330.0,452.88,0.99,0.67
2015,Mizoram,Arhar/Tur,Kharif,268.0,2310.8,42319.88,88.44,1.038333
2003,West Bengal,Rice,Autumn,339753.0,1526.7,33628751.94,81540.72,2.131667
2013,Tamil Nadu,Groundnut,Kharif,215825.0,740.9,31184554.25,58272.75,2.305862
2000,Odisha,Moong(Green Gram),Kharif,147440.0,1066.0,14474184.8,38334.4,0.21
2017,Sikkim,Other Cereals,Kharif,3435.0,2873.6,540806.4,1305.3,0.97
2011,Jharkhand,Onion,Rabi,3184.0,1374.7,533383.68,1050.72,6.4995
2010,Himachal Pradesh,Masoor,Rabi,550.0,1319.8,91360.5,132.0,0.491111
2014,Karnataka,Black pepper,Whole Year,32665.0,1238.5,4931108.4,10779.45,0.58375
2014,Assam,Tapioca,Whole Year,3301.0,1899.0,498318.96,1089.33,8.383462
2014,Andhra Pradesh,Turmeric,Kharif,31338.19,1018.3,4200.23,310.5,6.219581
2014,Nagaland,Ragi,Kharif,320.0,1333.3,48307.2,105.6,0.965714
2003,Kerala,Ragi,Kharif,1504.0,2386.0,148865.92,360.96,0.76
2001,Nagaland,Cotton(lint),Kharif,400.0,1532.0,40852.0,104.0,0.99125
2016,Andhra Pradesh,Banana,Whole Year,55743.0,890.0,8542614.75,19510.05,41.427692
2005,Manipur,Dry chillies,Whole Year,6490.0,1585.4,778280.8,1362.9,0.591111
2012,Uttar Pradesh,Tobacco,Rabi,23350.0,746.3,3521180.0,7238.5,5.349048
2016,Telangana,Castor seed,Kharif,44442.0,942.6,6810736.5,15554.7,0.538333
2007,Rajasthan,Groundnut,Kharif,289910.07,527.6,37050.62,2434.21,1.441019
2002,Andhra Pradesh,Arecanut,Whole Year,296.0,648.1,28022.32,74.0,1.4525
2000,Andhra Pradesh,Cotton(lint),Kharif,1021721.0,935.6,100302350.6,265647.46,1.687727
2003,Nagaland,Masoor,Rabi,2500.0,1709.8,247450.0,600.0,0.4475
2007,Punjab,Arhar/Tur,Kharif,6000.0,527.2,800400.0,960.0,0.948333
2015,Telangana,Bajra,Kharif,1632.0,747.9,257709.12,538.56,0.882
2018,Uttar Pradesh,Rapeseed &Mustard,Rabi,753181.0,792.8,122165958.2,263613.35,1.237733
2009,Assam,Cotton(lint),Kharif,1646.0,1727.1,256479.72,279.82,0.51625
2018,Nagaland,other oilseeds,Kharif,2510.0,1372.7,407122.0,878.5,0.602222
2014,Goa,Ragi,Kharif,15.5,3491.2,2339.88,5.12,0.725
2003,Jharkhand,Wheat,Rabi,60269.7,1258.3,5965494.91,14464.73,1.360909
2002,Haryana,Jowar,Kharif,113069.0,353.9,10704242.23,28267.25,0.0975
2016,Haryana,Turmeric,Whole Year,1885.0,554.7,288876.25,659.75,12.551
2005,Uttarakhand,Peas & beans (Pulses),Rabi,3837.0,1353.3,460133.04,805.77,0.650769
2003,Gujarat,Gram,Rabi,149600.0,902.5,14807408.0,35904.0,0.8475
2011,Uttar Pradesh,Maize,Kharif,745217.0,777.4,124838751.8,245921.61,1.535352
2006,Uttarakhand,Turmeric,Whole Year,207.0,1178.9,26435.97,45.54,1.915
2005,Madhya Pradesh,Ragi,Kharif,421.0,1032.7,50486.32,88.41,0.3175
2006,Himachal Pradesh,Urad,Kharif,11459.0,1207.0,1463428.89,2520.98,0.557273
2017,Jharkhand,Castor seed,Kharif,153.0,1165.7,24088.32,58.14,0.483333
2014,Bihar,Potato,Rabi,114626.22,1154.9,27986.98,1345.82,23.14914
2012,Tripura,Maize,Kharif,3948.0,1882.2,595358.4,1223.88,1.3175
2008,Uttarakhand,Peas & beans (Pulses),Rabi,3516.0,1363.7,502928.64,316.44,0.373077
2017,Chhattisgarh,Turmeric,Whole Year,1783.0,1124.5,280715.52,677.54,1.403
2018,Meghalaya,Black pepper,Rabi,1036.0,5649.1,168039.2,362.6,0.760909
2009,Haryana,Potato,Whole Year,12269.0,393.0,1911755.58,2085.73,17.303571
2004,Arunachal Pradesh,Potato,Whole Year,4217.0,2939.5,456869.78,885.57,6.794667
2008,Punjab,Urad,Kharif,2900.0,691.3,414816.0,261.0,0.491429
2010,Karnataka,Sweet potato,Whole Year,2060.0,1317.7,342186.6,494.4,8.400667
2019,Nagaland,Soyabean,Kharif,25170.0,1593.0,4323199.2,9312.9,1.254545
2010,Meghalaya,Linseed,Rabi,82.0,3119.7,13621.02,19.68,0.48
2017,Uttar Pradesh,Sugarcane,Kharif,2234282.0,652.1,351765358.1,849027.16,67.241067
2001,Assam,Cotton(lint),Kharif,1882.0,1824.7,192208.66,489.32,0.443913
2005,West Bengal,Maize,Kharif,71753.0,1650.1,8604619.76,15068.13,2.601765
2013,Gujarat,Rapeseed &Mustard,Rabi,276999.0,1006.5,40023585.51,74789.73,1.745217
2006,Uttar Pradesh,Masoor,Rabi,615721.0,590.5,78633728.91,135458.62,0.778429
2018,Puducherry,Tapioca,Kharif,182.0,1693.9,29520.4,63.7,32.25
2014,Bihar,Maize,Autumn,277416.0,1061.0,41878719.36,91547.28,2.717368
2000,Madhya Pradesh,Soyabean,Kharif,4461676.0,723.3,438002732.9,1160035.76,0.719778
2008,Andhra Pradesh,Horse-gram,Kharif,4963.0,944.6,709907.52,446.67,0.489
2004,West Bengal,Ragi,Kharif,12358.0,1612.9,1338865.72,2595.18,0.838333
2000,Odisha,Small millets,Kharif,40520.0,1066.0,3977848.4,10535.2,0.411667
2009,Nagaland,Arhar/Tur,Kharif,3000.0,1225.9,467460.0,510.0,0.699091
2002,Bihar,Small millets,Kharif,6522.0,1105.8,617437.74,1630.5,0.764138
2006,Tamil Nadu,Potato,Whole Year,5190.0,927.9,662814.9,1141.8,15.113333
2007,Puducherry,Urad,Kharif,57.0,1434.6,7603.8,9.12,0.68
2010,Chhattisgarh,Wheat,Rabi,103701.0,1283.1,17225773.11,24888.24,1.395882
2010,Gujarat,Rice,Kharif,728300.0,1107.5,120977913.0,174792.0,1.8275
2012,Karnataka,Coriander,Whole Year,4219.0,956.2,636225.2,1307.89,0.401304
2012,Jammu and Kashmir,Rice,Kharif,261663.0,1116.7,39458780.4,81115.53,1.8875
2013,Rajasthan,Bajra,Kharif,2261498.08,220.3,442081.78,4542.75,1.351774
2013,West Bengal,Groundnut,Autumn,1903.0,1939.9,274964.47,513.81,0.968889
2005,Manipur,Sugarcane,Whole Year,70.0,1585.4,8394.4,14.7,32.75
2012,Andhra Pradesh,Other Kharif pulses,Kharif,2929.0,968.7,441693.2,907.99,0.6075
2009,Tripura,Arhar/Tur,Kharif,987.0,2004.2,153794.34,167.79,0.725
2004,Meghalaya,Cotton(lint),Kharif,7231.0,4767.9,783406.54,1518.51,1.046667
2002,Uttar Pradesh,Arhar/Tur,Kharif,673301.67,888.2,67953.8,5841.37,0.72207
2014,Mizoram,Other Kharif pulses,Kharif,1000.0,2029.9,150960.0,330.0,1.40125
2015,Haryana,Sugarcane,Whole Year,93000.0,426.8,14685630.0,30690.0,74.577333
2013,Meghalaya,Tobacco,Rabi,780.0,2448.4,112702.2,210.6,0.996667
2004,Puducherry,Moong(Green Gram),Rabi,1862.0,1434.6,201729.08,391.02,0.45
2005,Jammu and Kashmir,Onion,Kharif,94.0,1721.8,11272.48,19.74,0.966667
2018,Assam,Mesta,Kharif,3287.0,2372.9,533151.4,1150.45,5.711154
2009,Tamil Nadu,Black pepper,Whole Year,2790.0,928.5,434737.8,474.3,0.153846
2007,Delhi,Other Kharif pulses,Kharif,391.0,677.5,52159.4,62.56,1.5
2010,Meghalaya,Cashewnut,Whole Year,8650.0,3119.7,1436851.5,2076.0,1.476667
2019,Nagaland,Sweet potato,Kharif,1880.0,1593.0,322908.8,695.6,8.515455
2013,Chhattisgarh,Sesamum,Kharif,17018.0,1418.3,2458930.82,4594.86,0.281481
2013,Haryana,Turmeric,Whole Year,3044.0,452.2,439827.56,821.88,11.3
2009,Uttarakhand,Moong(Green Gram),Kharif,8.0,847.8,1246.56,1.36,0.855
2010,Gujarat,Soyabean,Kharif,84000.0,1107.5,13953240.0,20160.0,0.852308
2008,Chhattisgarh,Other Kharif pulses,Kharif,6761.0,1117.9,967093.44,608.49,0.233889
2018,Assam,Onion,Whole Year,8211.0,2372.9,1331824.2,2873.85,7.455185
2014,Himachal Pradesh,Peas & beans (Pulses),Kharif,1361.0,1019.9,205456.56,449.13,1.296667
2005,Karnataka,Cardamom,Whole Year,19814.0,1316.2,2376094.88,4160.94,0.05875
2009,Bihar,Maize,Autumn,234920.0,889.3,36605234.4,39936.4,1.760526
2001,Chhattisgarh,Small millets,Kharif,279037.0,1550.0,28498048.81,72549.62,0.239375
2003,Andhra Pradesh,Gram,Kharif,52.0,826.0,5146.96,12.48,1.656667
2017,Karnataka,Sesamum,Kharif,35612.0,1111.7,5606753.28,13532.56,0.915862
2015,Uttarakhand,Sunflower,Kharif,102.0,1247.6,16106.82,33.66,0.96
2011,Chhattisgarh,Soyabean,Kharif,103220.0,1302.7,17291414.4,34062.6,0.848182
2014,Mizoram,Other  Rabi pulses,Rabi,1578.3,2029.9,238260.17,520.84,1.315
2001,Nagaland,Rice,Kharif,155000.0,1532.0,15830150.0,40300.0,1.485
2006,Uttar Pradesh,Lentil,Rabi,46968.45,885.0,2879.91,76.76,0.816968
2009,Madhya Pradesh,Khesari,Whole Year,53778.0,904.1,8379687.96,9142.26,0.646667
2009,Gujarat,Potato,Whole Year,47300.0,618.0,7370286.0,8041.0,18.8975
2013,Himachal Pradesh,Garlic,Rabi,4961.0,1216.9,716814.89,1339.47,1.433
2012,Uttar Pradesh,Mustard,Rabi,1259717.75,822.4,160574.66,7222.74,1.446269
2011,Assam,Coconut,Whole Year,20710.0,1743.4,3469339.2,6834.3,7299.402593
2016,Tripura,Peas & beans (Pulses),Rabi,3200.0,2475.3,490400.0,1120.0,0.86875
2006,Tripura,Wheat,Rabi,970.0,1764.3,123878.7,213.4,1.885
2020,Rajasthan,Maize,Kharif,338018.39,596.6,52660.37,1034.41,3.720396
2013,Maharashtra,Rice,Kharif,1567500.0,1409.8,226488075.0,423225.0,1.436
2007,Karnataka,Cotton(lint),Whole Year,403029.0,1323.3,53764068.6,64484.64,1.809
2007,Gujarat,Other Cereals,Kharif,12200.0,1021.6,1627480.0,1952.0,0.674286
2001,Madhya Pradesh,Sannhamp,Whole Year,6015.0,955.0,614311.95,1563.9,1.862619
2000,Puducherry,Dry chillies,Whole Year,10.0,1434.6,981.7,2.6,2.6775
2018,Tripura,Cotton(lint),Kharif,812.0,2169.1,131706.4,284.2,1.4175
2008,Chhattisgarh,Sesamum,Kharif,19972.0,1117.9,2856794.88,1797.48,0.298333
2016,Odisha,Groundnut,Autumn,21190.0,1460.5,3247367.5,7416.5,0.982381
2014,Tamil Nadu,Urad,Kharif,61525.0,911.3,9287814.0,20303.25,0.825357
2017,Jammu and Kashmir,Linseed,Rabi,62.0,1279.1,9761.28,23.56,0.47
2003,Madhya Pradesh,Castor seed,Kharif,1523.0,1163.0,150746.54,365.52,0.25
2018,Karnataka,Horse-gram,Kharif,37589.0,1419.1,6096935.8,13156.15,0.450741
2008,Tripura,Other  Rabi pulses,Rabi,933.0,1827.8,133456.32,83.97,0.86
2001,Bihar,Groundnut,Kharif,245.0,1247.0,25021.85,63.7,0.577143
2007,Madhya Pradesh,Sugarcane,Whole Year,77120.0,740.4,10287808.0,12339.2,30.213261
2007,Madhya Pradesh,Tobacco,Whole Year,157.0,740.4,20943.8,25.12,0.428889
2010,Meghalaya,Maize,Kharif,17276.0,3119.7,2869716.36,4146.24,1.561429
2015,West Bengal,Peas & beans (Pulses),Rabi,15025.0,1717.0,2372597.75,4958.25,0.724667
2016,Kerala,Rice,Autumn,56601.0,2924.3,8674103.25,19810.35,2.524615
2010,Manipur,Turmeric,Whole Year,1440.0,2160.5,239198.4,345.6,11.226667
2000,Maharashtra,Other  Rabi pulses,Rabi,101700.0,1057.8,9983889.0,26442.0,0.351923
2000,Jammu and Kashmir,Tobacco,Whole Year,99.0,989.5,9718.83,25.74,0.12
2012,Himachal Pradesh,Potato,Kharif,6404.0,1035.0,965723.2,1985.24,10.782
2010,Karnataka,Coconut,Whole Year,440741.0,1317.7,73211487.51,105777.84,9678.503667
2016,Assam,Ginger,Whole Year,17632.0,2296.8,2702104.0,6171.2,8.37
2007,Punjab,Mustard,Rabi,1428505.05,539.4,137182.51,10997.2,1.369821
2012,Kerala,Sweet potato,Whole Year,282.0,2187.6,42525.6,87.42,13.722308
2014,Jammu and Kashmir,Other Cereals,Kharif,519.0,1278.4,78348.24,171.27,0.517143
2004,Puducherry,Sugarcane,Whole Year,1517.0,1434.6,164351.78,318.57,63.66
2018,Jharkhand,Other Kharif pulses,Kharif,24612.0,1222.7,3992066.4,8614.2,0.573043
2012,Sikkim,Small millets,Kharif,2980.0,3006.9,449384.0,923.8,0.9875
2011,Uttarakhand,Sesamum,Kharif,1745.0,1564.7,292322.4,575.85,0.226154
2001,Uttarakhand,Maize,Kharif,32938.0,1541.3,3363957.94,8563.88,1.185385
2014,Andhra Pradesh,Safflower,Kharif,85.0,687.6,12831.6,28.05,0.44
2001,Bihar,Banana,Whole Year,16263.0,1247.0,1660940.19,4228.38,21.291364
2004,Haryana,Urad,Kharif,2155.0,484.6,233472.7,452.55,0.145385
2010,Assam,Urad,Rabi,48796.0,2578.5,8105503.56,11711.04,0.577037
2017,Maharashtra,Ragi,Kharif,92817.0,1129.5,14613108.48,35270.46,1.120833
2003,Madhya Pradesh,Soyabean,Kharif,4198619.0,1163.0,415579308.6,1007668.56,1.019792
2004,Uttarakhand,Sunflower,Kharif,206.0,1219.6,22318.04,43.26,1.05
2003,Odisha,Moong(Green Gram),Kharif,257261.0,1648.2,25463693.78,61742.64,0.229333
2019,Chhattisgarh,Onion,Whole Year,4395.0,1420.3,754885.2,1626.15,5.0708
2017,Jammu and Kashmir,other oilseeds,Kharif,6.0,1279.1,944.64,2.28,0.5
2002,Uttar Pradesh,Moong(Green Gram),Kharif,22130.0,664.0,2095047.1,5532.5,0.382742
2010,Maharashtra,Groundnut,Kharif,275200.0,1389.0,45713472.0,66048.0,0.9456
2006,Arunachal Pradesh,Sugarcane,Whole Year,1030.0,1940.0,131541.3,226.6,16.362
2011,Himachal Pradesh,Wheat,Rabi,345182.0,1108.3,57824888.64,113910.06,1.423333
2010,Tripura,Urad,Kharif,912.0,2348.3,151492.32,218.88,0.5725
2013,Gujarat,Ragi,Kharif,14326.0,1006.5,2069963.74,3868.02,0.98
2007,Gujarat,Tobacco,Whole Year,45700.0,1021.6,6096380.0,7312.0,1.613333
2018,Odisha,Rice,Autumn,454370.0,1635.9,73698814.0,159029.5,1.322917
2012,Telangana,Maize,Kharif,284722.56,1073.2,41860.28,3417.94,3.465404
2019,Puducherry,Rice,Kharif,4323.0,1317.0,742518.48,1599.51,3.216667
2007,Uttarakhand,other oilseeds,Kharif,150.0,1924.3,20010.0,24.0,0.574
2000,Assam,Potato,Whole Year,80504.0,1965.5,7903077.68,20931.04,7.459565
2010,Himachal Pradesh,Garlic,Kharif,3.0,1319.8,498.33,0.72,1.33
2018,Odisha,Potato,Winter,4900.0,1635.9,794780.0,1715.0,13.017308
2012,Uttar Pradesh,Moong,Kharif,36700.84,1095.7,7061.9,325.65,0.773257
2015,Uttarakhand,Sugarcane,Whole Year,95538.0,1247.6,15086405.58,31527.54,63.5
2015,Maharashtra,Cotton(lint),Kharif,4207200.0,875.7,664358952.0,1388376.0,0.8904
2000,West Bengal,Sannhamp,Whole Year,1519.0,1907.7,149120.23,394.94,4.527143
2005,Bihar,Onion,Whole Year,18401.0,907.8,2206647.92,3864.21,8.135263
2014,Bihar,Safflower,Rabi,102.0,1061.0,15397.92,33.66,0.9
2001,Gujarat,Rice,Kharif,664000.0,666.5,67814320.0,172640.0,1.533571
2011,Tamil Nadu,Ginger,Whole Year,635.0,926.5,106375.2,209.55,11.014444
2010,Punjab,Groundnut,Kharif,2200.0,392.7,365442.0,528.0,1.283333
2001,Jammu and Kashmir,Horse-gram,Kharif,1944.0,953.8,198540.72,505.44,0.37
2015,Andhra Pradesh,Wheat,Rabi,164.0,940.7,25897.24,54.12,0.696667
2007,Odisha,Ragi,Autumn,26217.0,1633.8,3497347.8,4194.72,0.541
2001,Andhra Pradesh,Dry chillies,Kharif,170661.0,928.4,17429607.93,44371.86,2.497273
2018,Uttarakhand,Garlic,Whole Year,4384.0,1373.0,711084.8,1534.4,6.03913
2008,Jammu and Kashmir,Arhar/Tur,Rabi,22.0,1390.1,3146.88,1.98,0.55
2016,Puducherry,Bajra,Kharif,12.0,1391.3,1839.0,4.2,1.33
2010,Arunachal Pradesh,Turmeric,Whole Year,611.0,2574.1,101493.21,146.64,4.58375
2006,Delhi,Jowar,Kharif,8840.0,462.7,1128956.4,1944.8,0.95
2017,Uttarakhand,Groundnut,Kharif,805.0,1475.8,126739.2,305.9,1.30875
2014,Chhattisgarh,Small millets,Kharif,116185.0,1274.7,17539287.6,38341.05,0.24
2012,Kerala,Cardamom,Whole Year,41600.0,2187.6,6273280.0,12896.0,0.075556
2000,Karnataka,Cardamom,Whole Year,19881.0,1213.3,1951717.77,5169.06,0.06
2017,Tamil Nadu,Banana,Whole Year,78482.0,970.9,12356206.08,29823.16,37.846774
2012,Uttarakhand,other oilseeds,Kharif,43.0,1309.8,6484.4,13.33,0.746667
2019,Maharashtra,Gram,Rabi,2043208.0,1555.8,350941406.1,755986.96,0.96303
2001,West Bengal,Masoor,Rabi,71377.0,1556.6,7289733.01,18558.02,0.574706
2002,Chhattisgarh,Urad,Kharif,116301.0,1001.4,11010215.67,29075.25,0.259375
2016,Nagaland,Tapioca,Kharif,2380.0,1959.8,364735.0,833.0,20.248182
2012,Rajasthan,Sesamum,Kharif,35388.5,220.2,2711.79,184.58,0.501401
2006,Andhra Pradesh,Turmeric,Kharif,24861.27,887.1,3041.01,258.74,4.247356
2006,Himachal Pradesh,Barley,Rabi,24098.0,1207.0,3077555.58,5301.56,1.398182
2000,Sikkim,Urad,Kharif,3780.0,2504.8,371082.6,982.8,0.6125
2015,Madhya Pradesh,Peas & beans (Pulses),Rabi,453000.0,1000.7,71533230.0,149490.0,0.813488
2018,Karnataka,Rice,Kharif,1037158.0,1419.1,168227027.6,363005.3,2.637
2000,Tamil Nadu,Mesta,Kharif,134.0,971.1,13154.78,34.84,3.683333
2005,Delhi,Barley,Kharif,70.0,653.1,8394.4,14.7,2.61
2008,Himachal Pradesh,Rice,Kharif,77709.0,1357.1,11115495.36,6993.81,1.6
2003,Bihar,Urad,Kharif,24199.0,1353.9,2395217.02,5807.76,0.747879
2013,Uttar Pradesh,Guar seed,Kharif,2381.0,995.2,344030.69,642.87,0.829153
2002,Uttarakhand,Maize,Kharif,28506.0,1610.3,2698663.02,7126.5,1.043077
2000,Puducherry,Cotton(lint),Kharif,452.0,1434.6,44372.84,117.52,5.11
2012,Chhattisgarh,Turmeric,Whole Year,1046.0,1366.8,157736.8,324.26,1.022174
2018,Manipur,Potato,Whole Year,15550.0,1196.9,2522210.0,5442.5,8.283333
2014,Andhra Pradesh,Urad,Kharif,19424.0,687.6,2932247.04,6409.92,1.113077
2013,Assam,Ginger,Whole Year,15683.0,1797.7,2266036.67,4234.41,7.903333
2008,Puducherry,Urad,Kharif,21.0,1434.6,3003.84,1.89,0.76
2013,Bihar,Horse-gram,Kharif,8221.0,1069.9,1187852.29,2219.67,0.957143
2014,Haryana,Garlic,Whole Year,3342.0,301.3,504508.32,1102.86,10.696667
2009,Maharashtra,Onion,Rabi,182186.74,1654.3,16618.73,1403.06,17.223071
2019,Assam,Coconut,Whole Year,20800.0,2084.7,3572608.0,7696.0,7582.287813
2012,Odisha,Rapeseed &Mustard,Winter,14631.0,1430.2,2206354.8,4535.61,0.238276
2019,Bihar,Khesari,Rabi,43784.0,1194.7,7520339.84,16200.08,0.767879
2008,Gujarat,Guar seed,Whole Year,150400.0,746.1,21513216.0,13536.0,0.506667
2015,Himachal Pradesh,Moth,Kharif,17.0,1223.2,2684.47,5.61,0.216667
2000,Sikkim,Small millets,Kharif,4563.0,2504.8,447949.71,1186.38,0.9275
2003,Meghalaya,Wheat,Rabi,862.0,3321.3,85320.76,206.88,1.49
2017,Puducherry,Sugarcane,Kharif,1445.0,1582.4,227500.8,549.1,125.0
2018,Telangana,Urad,Kharif,26783.0,1350.3,4344202.6,9374.05,0.862308
2009,Uttar Pradesh,Ginger,Kharif,786.0,585.8,122474.52,133.62,3.0
2007,Chhattisgarh,Small millets,Kharif,207112.0,1246.2,27628740.8,33137.92,0.258889
2014,Andhra Pradesh,Coconut,Whole Year,99097.0,687.6,14959683.12,32702.01,12941.33667
2009,Karnataka,Sannhamp,Whole Year,282.0,1321.0,43941.24,47.94,0.163333
2018,Tripura,other oilseeds,Rabi,53.0,2169.1,8596.6,18.55,0.755
2009,Madhya Pradesh,Jowar,Kharif,452428.0,904.1,70497330.96,76912.76,1.3486
2002,Kerala,Ginger,Whole Year,8998.0,2511.2,851840.66,2249.5,2.951429
2008,Telangana,Groundnut,Kharif,855371.11,770.6,174520.05,5202.54,1.617979
2015,Arunachal Pradesh,Dry chillies,Whole Year,2960.0,2593.2,467413.6,976.8,2.6985
2012,Bihar,Lentil,Rabi,17302.52,1337.4,4607.52,57.13,0.955052
2000,Meghalaya,Turmeric,Whole Year,1523.0,6258.8,149512.91,395.98,5.464286
2017,Uttar Pradesh,Garlic,Rabi,35219.0,652.1,5544879.36,13383.22,5.339688
2007,Haryana,Bajra,Kharif,627983.0,443.8,83772932.2,100477.28,2.016
2002,Uttarakhand,Gram,Rabi,954.0,1610.3,90315.18,238.5,0.599
2020,Bihar,Sugarcane,Whole Year,469756.8,1105.4,52756.14,5448.1,73.340427
2015,West Bengal,Khesari,Rabi,65422.0,1717.0,10330788.02,21589.26,0.894375
2007,Gujarat,Groundnut,Kharif,1712400.0,1021.6,228434160.0,273984.0,1.708333
2001,Himachal Pradesh,Groundnut,Kharif,129.0,918.1,13174.77,33.54,0.508333
2014,Nagaland,Jowar,Kharif,240.0,1333.3,36230.4,79.2,0.96
2007,Delhi,Rice,Kharif,7419.0,677.5,989694.6,1187.04,2.82
2001,Andhra Pradesh,Jowar,Kharif,299306.0,928.4,30568121.78,77819.56,0.838095
2002,Andhra Pradesh,Sesamum,Kharif,87085.0,648.1,8244336.95,21771.25,0.128571
2017,West Bengal,Other Kharif pulses,Kharif,7822.0,1830.0,1231495.68,2972.36,0.66
2010,Uttar Pradesh,Urad,Kharif,494406.0,742.6,82125780.66,118657.44,0.653194
2010,Delhi,Maize,Kharif,40.0,989.5,6644.4,9.6,21.95
2016,Meghalaya,Mesta,Kharif,4464.0,3837.1,684108.0,1562.4,6.296
2017,Tamil Nadu,Cardamom,Whole Year,3876.0,970.9,610237.44,1472.88,0.081
2006,Andhra Pradesh,Urad,Kharif,82015.0,845.2,10474135.65,18043.3,0.339474
2017,Bihar,Jowar,Kharif,1358.0,1112.0,213803.52,516.04,1.09
2002,Bihar,Other Kharif pulses,Kharif,5913.0,1105.8,559783.71,1478.25,0.575294
2015,Karnataka,Onion,Kharif,173510.0,1024.9,27398964.1,57258.3,4.7168
2015,Himachal Pradesh,Urad,Kharif,6922.0,1223.2,1093053.02,2284.26,0.579091
2017,Arunachal Pradesh,Rapeseed &Mustard,Rabi,28186.0,2745.5,4437603.84,10710.68,1.221579
2005,Punjab,Maize,Kharif,148000.0,566.7,17748160.0,31080.0,2.827
2013,Meghalaya,Masoor,Rabi,1227.0,2448.4,177289.23,331.29,1.37
2000,West Bengal,Cotton(lint),Kharif,1188.0,1907.7,116625.96,308.88,2.3
2016,Madhya Pradesh,Small millets,Kharif,132000.0,1048.4,20229000.0,46200.0,1.1425
2005,Tamil Nadu,Groundnut,Kharif,618835.0,1364.1,74210693.2,129955.35,1.91
2017,Assam,Sugarcane,Whole Year,30559.0,2098.6,4811208.96,11612.42,36.487037
2002,Manipur,Ginger,Kharif,1270.0,1743.7,120230.9,317.5,1.663333
2015,Goa,Coconut,Whole Year,25818.0,2587.1,4076920.38,8519.94,5011.155
2006,Bihar,Bajra,Kharif,4106.0,1052.8,524377.26,903.32,1.049
2007,Bihar,Maize,Autumn,263299.0,1600.2,35124086.6,42127.84,1.305526
2018,Madhya Pradesh,Jowar,Kharif,74655.0,1102.2,12109041.0,26129.25,1.66549
2006,Karnataka,Other  Rabi pulses,Rabi,33685.0,1146.3,4301911.35,7410.7,0.269259
2013,Punjab,Rice,Kharif,2851000.0,586.6,411940990.0,769770.0,3.834091
2009,Jammu and Kashmir,Potato,Kharif,1098.0,751.7,171090.36,186.66,6.574615
2016,Mizoram,Arhar/Tur,Kharif,272.0,2626.8,41684.0,95.2,1.191429
2013,Andhra Pradesh,Jowar,Kharif,32732.0,1062.3,4729446.68,8837.64,1.718462
2010,Tamil Nadu,Castor seed,Kharif,5972.0,1095.2,992008.92,1433.28,0.5676
2016,Uttarakhand,Peas & beans (Pulses),Rabi,4232.0,1580.9,648554.0,1481.2,0.680833
2006,Kerala,Rice,Autumn,83859.0,3429.7,10709632.89,18448.98,2.270769
2004,Chhattisgarh,Small millets,Kharif,217787.0,1122.8,23595043.58,45735.27,0.278125
2007,Tamil Nadu,Jowar,Whole Year,283526.0,1067.2,37822368.4,45364.16,1.0528
2016,Sikkim,Barley,Rabi,453.0,2971.6,69422.25,158.55,1.01
2010,Meghalaya,Potato,Whole Year,17685.0,3119.7,2937655.35,4244.4,7.374286
2012,Assam,Rapeseed &Mustard,Rabi,279496.0,2167.5,42147996.8,86643.76,0.564815
2016,Karnataka,Sunflower,Kharif,133872.0,1147.2,20515884.0,46855.2,0.532174
2007,Himachal Pradesh,Turmeric,Kharif,142.0,1095.4,18942.8,22.72,0.476667
2004,Haryana,Moong(Green Gram),Kharif,16039.0,484.6,1737665.26,3368.19,0.148824
2013,Assam,Masoor,Rabi,29993.0,1797.7,4333688.57,8098.11,0.6948
2002,Manipur,Turmeric,Whole Year,330.0,1743.7,31241.1,82.5,0.803333
2010,Tripura,Peas & beans (Pulses),Rabi,918.0,2348.3,152488.98,220.32,0.765
2004,Delhi,Maize,Kharif,82.0,651.9,8883.88,17.22,1.52
2007,Assam,Banana,Whole Year,43999.0,2154.1,5869466.6,7039.84,13.68963
2011,Karnataka,Rapeseed &Mustard,Rabi,4209.0,1179.0,705091.68,1388.97,0.295
2008,Meghalaya,Maize,Kharif,17117.0,3114.3,2448415.68,1540.53,1.545714
2009,Andhra Pradesh,Ragi,Kharif,38906.0,711.0,6062332.92,6614.02,1.08
2000,Bihar,Ragi,Kharif,22452.0,1207.0,2204112.84,5837.52,1.332903
2006,Punjab,Rapeseed &Mustard,Rabi,41000.0,569.6,5236110.0,9020.0,1.067222
2003,Himachal Pradesh,Barley,Rabi,24324.0,1112.6,2407589.52,5837.76,1.142727
2009,Delhi,Jowar,Kharif,3280.0,528.4,511089.6,557.6,0.97
2007,Nagaland,Wheat,Rabi,1150.0,1769.0,153410.0,184.0,1.56375
2015,Chhattisgarh,Sweet potato,Whole Year,2652.0,1136.0,418777.32,875.16,5.950741
2017,Chhattisgarh,Cotton(lint),Whole Year,478.0,1124.5,75256.32,181.64,1.9925
2005,West Bengal,Moong(Green Gram),Kharif,725.0,1650.1,86942.0,152.25,0.565
2001,Bihar,Coriander,Whole Year,2286.0,1247.0,233469.18,594.36,0.574516
2002,Chhattisgarh,Coriander,Whole Year,3755.0,1001.4,355485.85,938.75,0.244286
2019,Assam,Banana,Whole Year,49445.0,2084.7,8492673.2,18294.65,18.075556
2010,Himachal Pradesh,Bajra,Kharif,201.0,1319.8,33388.11,48.24,0.46
2015,Jharkhand,Sugarcane,Whole Year,1079939.8,1368.7,217037.77,4224.56,75.5622
2019,Tamil Nadu,Other Kharif pulses,Kharif,32430.0,910.1,5570176.8,11999.1,0.746154
2002,Mizoram,Tobacco,Whole Year,300.0,2627.0,28401.0,75.0,0.7975
2014,Maharashtra,Urad,Kharif,276500.0,1001.6,41740440.0,91245.0,0.408788
2008,West Bengal,Onion,Rabi,202856.76,1317.8,23934.17,1150.15,17.319751
2014,Chhattisgarh,Onion,Whole Year,4808.0,1274.7,725815.68,1586.64,8.96087
2004,Odisha,Groundnut,Autumn,30494.0,1290.4,3303719.96,6403.74,0.715769
2012,Nagaland,Ginger,Kharif,3370.0,1296.6,508196.0,1044.7,9.116364
2003,Mizoram,Rice,Kharif,59196.0,2499.5,5859220.08,14207.04,1.925
2017,Jammu and Kashmir,Moong(Green Gram),Kharif,614.0,1279.1,96668.16,233.32,0.478571
2000,Bihar,Bajra,Kharif,1534.0,1207.0,150592.78,398.84,0.7475
2017,Andhra Pradesh,Other  Rabi pulses,Rabi,10004.0,868.2,1575029.76,3801.52,0.94
2009,Tamil Nadu,Rapeseed &Mustard,Whole Year,262.0,928.5,40824.84,44.54,0.167778
2013,West Bengal,Horse-gram,Kharif,1931.0,1939.9,279010.19,521.37,0.564444
2019,Tamil Nadu,Banana,Whole Year,92440.0,910.1,15877494.4,34202.8,42.708438
2000,West Bengal,Niger seed,Kharif,6874.0,1907.7,674820.58,1787.24,0.405556
2014,Uttarakhand,Other  Rabi pulses,Rabi,6.0,1287.4,905.76,1.98,0.9175
2016,Andhra Pradesh,Horse-gram,Kharif,1411.0,890.0,216235.75,493.85,0.155
2015,West Bengal,Jute,Kharif,544701.0,1717.0,86013734.91,179751.33,15.375882
2004,Andhra Pradesh,Potato,Whole Year,4037.0,781.8,437368.58,847.77,7.64
2017,Tamil Nadu,Sunflower,Kharif,542.0,970.9,85332.48,205.96,1.972778
2017,Chhattisgarh,Coriander,Whole Year,1690.0,1124.5,266073.6,642.2,0.265
2006,Arunachal Pradesh,Ginger,Whole Year,5832.0,1940.0,744804.72,1283.04,5.573125
2015,Madhya Pradesh,Onion,Whole Year,147866.95,1000.7,23349670.07,48796.09,22.430196
2016,Uttar Pradesh,Coriander,Rabi,7002.0,965.3,1073056.5,2450.7,0.533284
2002,Andhra Pradesh,Sweet potato,Whole Year,1286.0,648.1,121745.62,321.5,11.295882
2008,Madhya Pradesh,Sunflower,Kharif,395.0,895.0,56500.8,35.55,0.358462
2018,Chhattisgarh,Masoor,Rabi,12585.0,1515.5,2041287.0,4404.75,0.375
2014,Chhattisgarh,Khesari,Rabi,338202.0,1274.7,51054973.92,111606.66,0.924348
2011,Telangana,Maize,Kharif,529660.11,1073.9,68570.86,5858.59,2.957553
2012,Chhattisgarh,Garlic,Whole Year,1175.0,1366.8,177190.0,364.25,2.834444
2017,Tamil Nadu,Sugarcane,Whole Year,171856.0,970.9,27057008.64,65305.28,94.5
2004,Nagaland,Arhar/Tur,Kharif,6400.0,1711.5,693376.0,1344.0,0.94125
2006,Manipur,Other Kharif pulses,Kharif,3710.0,1533.6,473804.1,816.2,0.568571
2006,Arunachal Pradesh,Small millets,Kharif,21708.0,1940.0,2772328.68,4775.76,1.003125
2019,Karnataka,Cotton(lint),Kharif,803067.0,1422.3,137934787.9,297134.79,2.51
2010,Jharkhand,Wheat,Rabi,49596.0,694.6,8238391.56,11903.04,1.091667
2007,Bihar,Coriander,Whole Year,2167.0,1600.2,289077.8,346.72,0.736667
2017,Karnataka,Potato,Kharif,23219.0,1111.7,3655599.36,8823.22,9.301176
2014,Gujarat,Gram,Rabi,163984.0,605.6,24755024.64,54114.72,1.037812
2011,Andhra Pradesh,Arecanut,Whole Year,562.0,861.9,94146.24,185.46,0.296667
2019,Puducherry,Cotton(lint),Kharif,500.0,1317.0,85880.0,185.0,2.745
2011,Tripura,Urad,Kharif,1151.0,2295.6,192815.52,379.83,0.62
2005,Maharashtra,Maize,Kharif,389100.0,1387.2,46660872.0,81711.0,1.67037
2005,Tripura,Arhar/Tur,Kharif,1135.0,1765.9,136109.2,238.35,0.7125
2002,Madhya Pradesh,Rice,Kharif,1671107.0,800.8,158203699.7,417776.75,0.608
2020,Odisha,Jute,Kharif,175517.36,1529.9,39300.8,1174.96,2.488067
2000,Tamil Nadu,Dry chillies,Whole Year,66601.0,971.1,6538220.17,17316.26,0.692593
2017,Goa,Arecanut,Whole Year,1836.0,2772.5,289059.84,697.68,1.92
2009,Tamil Nadu,Sweet potato,Whole Year,778.0,928.5,121227.96,132.26,14.6992
2012,Jharkhand,Maize,Autumn,93589.0,1102.0,14113221.2,29012.59,1.367917
2015,Gujarat,Garlic,Whole Year,7594.0,584.3,1199168.54,2506.02,5.516667
2015,Andhra Pradesh,Cotton(lint),Kharif,662671.0,940.7,104642377.6,218681.43,2.519231
2005,Odisha,Mustard,Rabi,654464.59,1521.4,116191.49,7038.23,1.320161
2018,Karnataka,Bajra,Kharif,193010.0,1419.1,31306222.0,67553.5,0.9675
2004,Chhattisgarh,Jowar,Kharif,8388.0,1122.8,908755.92,1761.48,0.666875
2011,Tamil Nadu,Onion,Whole Year,34913.0,926.5,5848625.76,11521.29,11.167037
2010,Sikkim,Rapeseed &Mustard,Rabi,5260.0,2527.0,873738.6,1262.4,0.7625
2002,Karnataka,Ragi,Kharif,680801.0,860.8,64451430.67,170200.25,0.825263
2002,Tamil Nadu,Coriander,Whole Year,25326.0,315.9,2397612.42,6331.5,0.191818
2011,Puducherry,Bajra,Kharif,11.0,1434.6,1842.72,3.63,2.64
2012,Punjab,Gram,Rabi,2400.0,338.9,361920.0,744.0,1.132727
2015,Chhattisgarh,Other Kharif pulses,Kharif,6362.0,1136.0,1004623.42,2099.46,0.2444
2019,Meghalaya,Arhar/Tur,Kharif,1186.0,3844.4,203707.36,438.82,1.122
2011,Rajasthan,Gram,Rabi,802281.34,212.8,168836.04,5478.16,1.099305
2008,Tamil Nadu,Maize,Whole Year,286639.0,1201.9,41000842.56,25797.51,5.226296
2000,Tamil Nadu,Ginger,Kharif,95.0,971.1,9326.15,24.7,26.405
2006,Gujarat,Castor seed,Kharif,327100.0,1056.2,41773941.0,71962.0,1.845455
2010,Chhattisgarh,Rice,Kharif,3937796.0,1283.1,654107293.6,945071.04,1.702222
2002,Meghalaya,Sugarcane,Whole Year,80.0,4355.3,7573.6,20.0,2.37
2019,Andhra Pradesh,Tapioca,Kharif,6986.0,899.2,1199915.36,2584.82,13.611667
2015,Meghalaya,Wheat,Rabi,448.0,3870.8,70743.68,147.84,1.646
2016,Himachal Pradesh,Arhar/Tur,Kharif,11.0,1373.9,1685.75,3.85,0.37
2017,Assam,Wheat,Rabi,17786.0,2098.6,2800227.84,6758.68,1.3388
2019,Jammu and Kashmir,Turmeric,Kharif,4.0,1324.1,687.04,1.48,1.0
2001,Sikkim,Rapeseed &Mustard,Rabi,5800.0,2372.5,592354.0,1508.0,0.6075
2009,Meghalaya,Sesamum,Kharif,1590.0,2995.9,247753.8,270.3,0.595
2002,Karnataka,Sugarcane,Whole Year,382719.0,860.8,36232007.73,95679.75,83.892308
2007,Tamil Nadu,Groundnut,Whole Year,535211.0,1067.2,71397147.4,85633.76,1.850357
2017,Rajasthan,Barley,Rabi,44217.08,569.1,7599.56,346.7,2.617759
2009,Tamil Nadu,Garlic,Whole Year,330.0,928.5,51420.6,56.1,4.256
2016,Puducherry,Turmeric,Kharif,6.0,1391.3,919.5,2.1,3.0
2008,Tamil Nadu,Moong(Green Gram),Whole Year,138598.0,1201.9,19825057.92,12473.82,0.336333
2008,Assam,Sesamum,Kharif,12197.0,2109.9,1744658.88,1097.73,0.499259
2015,West Bengal,Urad,Kharif,63103.0,1717.0,9964594.73,20823.99,0.580625
2018,Telangana,Turmeric,Kharif,53104.0,1350.3,8613468.8,18586.4,6.31
2010,Himachal Pradesh,Peas & beans (Pulses),Kharif,1250.0,1319.8,207637.5,300.0,1.310909
2010,Gujarat,Groundnut,Kharif,1691200.0,1107.5,280925232.0,405888.0,1.680417
2004,Telangana,Sugarcane,Whole Year,853859.19,1037.0,61590.11,7641.0,69.128767
2002,Maharashtra,Sugarcane,Whole Year,573100.0,967.4,54255377.0,143275.0,65.246667
2001,Chhattisgarh,Arhar/Tur,Kharif,50323.0,1550.0,5139487.99,13083.98,0.388125
2007,Manipur,Turmeric,Whole Year,400.0,1435.7,53360.0,64.0,0.7625
2007,Haryana,Sugarcane,Whole Year,140365.0,443.8,18724691.0,22458.4,50.77
2005,Bihar,Wheat,Rabi,2001771.0,907.8,240052378.3,420371.91,1.349737
2000,Manipur,Peas & beans (Pulses),Kharif,4060.0,1969.7,398570.2,1055.6,0.55375
2011,Chhattisgarh,Small millets,Kharif,151178.0,1302.7,25325338.56,49888.74,0.203704
2015,Jammu and Kashmir,Bajra,Kharif,8897.0,1572.6,1404925.27,2936.01,0.604
2020,Bihar,Rice,Kharif,1313162.28,1362.4,141942.12,13725.82,3.607517
2006,Punjab,Barley,Rabi,19000.0,569.6,2426490.0,4180.0,3.3
2002,Sikkim,other oilseeds,Whole Year,60.0,2496.2,5680.2,15.0,0.5
2005,Tamil Nadu,Rapeseed &Mustard,Rabi,528.0,1364.1,63317.76,110.88,0.25
2015,Maharashtra,Banana,Whole Year,61384.71,1811.0,8362.71,760.23,28.696154
2006,Chhattisgarh,Horse-gram,Kharif,50346.0,1317.2,6429687.66,11076.12,0.281667
2016,Tamil Nadu,Ginger,Whole Year,371.0,912.4,56855.75,129.85,22.459
2018,Madhya Pradesh,Small millets,Kharif,82094.0,1102.2,13315646.8,28732.9,0.555556
2014,Karnataka,Groundnut,Kharif,479475.0,1238.5,72381546.0,158226.75,0.740714
2016,Punjab,Maize,Kharif,116000.0,635.9,17777000.0,40600.0,3.600769
2019,Arunachal Pradesh,Turmeric,Whole Year,835.0,2433.3,143419.6,308.95,4.297692
2005,Uttar Pradesh,Sweet potato,Whole Year,20476.0,751.9,2455481.92,4299.96,13.183188
2013,Tamil Nadu,Arhar/Tur,Whole Year,59643.0,740.9,8617817.07,16103.61,0.955172
2011,Manipur,Rice,Kharif,223670.0,1533.6,37469198.4,73811.1,2.34
2001,Uttarakhand,Gram,Rabi,1259.0,1541.3,128581.67,327.34,0.594167
2016,Karnataka,Onion,Kharif,183065.0,1147.2,28054711.25,64072.75,7.5872
2004,Bihar,Banana,Whole Year,14784.0,1147.8,1601698.56,3104.64,14.465455
2019,Jammu and Kashmir,Ginger,Kharif,19.0,1324.1,3263.44,7.03,1.925
2004,Karnataka,Black pepper,Whole Year,12344.0,1117.7,1337348.96,2592.24,2.26
2012,Gujarat,Mango,Whole Year,97442.04,1004.1,8126.67,703.73,6.481522
2011,Uttar Pradesh,Sesamum,Kharif,344914.0,777.4,57779993.28,113821.62,0.212537
2016,Kerala,Tobacco,Whole Year,12.0,2924.3,1839.0,4.2,1.5
2018,Kerala,Sweet potato,Whole Year,210.41,2989.7,34128.5,73.64,13.177143
2010,Haryana,Wheat,Rabi,2503963.0,639.2,415933293.9,600951.12,4.483333
2009,Kerala,Rubber,Whole Year,23151.48,2369.7,2537.24,195.2,1.57788
2002,Madhya Pradesh,Ginger,Kharif,5187.0,800.8,491053.29,1296.75,0.931842
2010,Telangana,Groundnut,Kharif,307275.91,708.3,40687.66,653.57,1.491982
2017,Himachal Pradesh,Wheat,Rabi,342675.0,1182.2,53950752.0,130216.5,1.608333
2014,Tamil Nadu,Maize,Kharif,191481.0,911.3,28905971.76,63188.73,8.406538
2000,West Bengal,Wheat,Rabi,426000.0,1907.7,41820420.0,110760.0,2.330556
2000,Karnataka,Coriander,Whole Year,9829.0,1213.3,964912.93,2555.54,0.119048
2004,Manipur,Potato,Whole Year,2960.0,1613.3,320686.4,621.6,5.2175
2006,Uttar Pradesh,Linseed,Rabi,33759.0,590.5,4311361.89,7426.98,0.325217
2011,Karnataka,Castor seed,Kharif,16282.0,1179.0,2727560.64,5373.06,0.857917
2003,Puducherry,Banana,Whole Year,280.0,1434.6,27714.4,67.2,26.56
2001,Assam,Mesta,Kharif,4969.0,1824.7,507483.97,1291.94,4.6045
2011,Mizoram,Sesamum,Kharif,954.0,2439.3,159814.08,314.82,0.5125
2019,Maharashtra,Bajra,Kharif,672783.0,1555.8,115557208.1,248929.71,0.579545
2001,Jammu and Kashmir,Moong(Green Gram),Kharif,2406.0,953.8,245724.78,625.56,0.49125
2002,Uttarakhand,Bajra,Kharif,4.0,1610.3,378.68,1.0,1.165
2002,Jammu and Kashmir,Potato,Whole Year,1737.0,933.2,164441.79,434.25,9.146667
2018,Haryana,Peas & beans (Pulses),Kharif,15586.0,533.2,2528049.2,5455.1,10.433333
2009,West Bengal,Mesta,Kharif,5358.0,1317.2,834883.56,910.86,11.27
2015,West Bengal,Barley,Rabi,2500.0,1717.0,394775.0,825.0,1.408571
2000,Telangana,Groundnut,Kharif,771393.45,816.8,52324.39,3184.8,1.256913
2012,Delhi,Barley,Kharif,65.0,451.9,9802.0,20.15,2.82
2006,Madhya Pradesh,Groundnut,Kharif,197231.0,1072.3,25188371.01,43390.82,0.862708
2019,Gujarat,Mango,Whole Year,213108.48,1157.9,37701.2,427.59,9.007964
2009,Telangana,Jowar,Kharif,953344.32,1091.5,235576.58,8123.66,1.074905
2000,Karnataka,Rice,Kharif,1120549.0,1213.3,110004295.3,291342.74,2.357407
2015,Tamil Nadu,Masoor,Kharif,59007.0,1201.9,9317795.37,19472.31,1.063929
2020,Assam,Rice,Kharif,1312115.63,2398.4,348786.31,17798.16,3.176306
2008,Meghalaya,Ginger,Kharif,9283.0,3114.3,1327840.32,835.47,6.414286
2011,Uttarakhand,Tobacco,Whole Year,6.0,1564.7,1005.12,1.98,1.39
2012,Uttarakhand,Bajra,Kharif,1.0,1309.8,150.8,0.31,1.0
2017,Tamil Nadu,Onion,Kharif,6293.0,970.9,990769.92,2391.34,9.714167
2011,Mizoram,Rapeseed &Mustard,Kharif,10.0,2439.3,1675.2,3.3,0.4
2018,Madhya Pradesh,Peas & beans (Pulses),Rabi,64696.0,1102.2,10493691.2,22643.6,0.7708
2007,Sikkim,Urad,Kharif,2100.0,2003.4,280140.0,336.0,1.945
2005,Chhattisgarh,Barley,Rabi,3604.0,1292.7,432191.68,756.84,0.877143
2001,Maharashtra,Turmeric,Kharif,15927.97,640.7,2004.47,136.54,3.982949
2000,Punjab,Maize,Kharif,165000.0,405.3,16198050.0,42900.0,2.904615
2009,Bihar,Small millets,Kharif,3123.0,889.3,486625.86,530.91,0.780588
2017,Uttar Pradesh,Rice,Kharif,5897871.0,652.1,928560810.2,2241190.98,2.541333
2016,Haryana,Peas & beans (Pulses),Kharif,14225.0,554.7,2179981.25,4978.75,8.504762
2014,Goa,Banana,Whole Year,2380.0,3491.2,359284.8,785.4,11.29
2013,Tamil Nadu,Sesamum,Kharif,19500.0,740.9,2817555.0,5265.0,0.50963
2008,Andhra Pradesh,Arecanut,Whole Year,359.0,944.6,51351.36,32.31,0.915
2018,Mizoram,Maize,Kharif,5733.0,1665.2,929892.6,2006.55,1.79125
2006,West Bengal,Rapeseed &Mustard,Rabi,421522.0,1631.4,53832574.62,92734.84,0.688333
2012,Madhya Pradesh,Khesari,Rabi,47460.0,1049.5,7156968.0,14712.6,0.836207
2004,Chhattisgarh,Tobacco,Whole Year,33.0,1122.8,3575.22,6.93,0.68
2019,Punjab,Arhar/Tur,Kharif,2000.0,653.2,343520.0,740.0,1.118571
2004,Assam,Linseed,Rabi,9262.0,2536.9,1003445.08,1945.02,0.519545
2017,Kerala,Potato,Whole Year,516.0,2664.8,81239.04,196.08,14.15
2010,Rajasthan,Moong,Kharif,15919.08,280.8,4044.57,91.45,0.671166
2009,Sikkim,Rapeseed &Mustard,Rabi,5440.0,2176.6,847660.8,924.8,2.1625
2017,Jharkhand,Rice,Kharif,1735411.0,1165.7,273223107.8,659456.18,2.023333
2004,Assam,Masoor,Rabi,20386.0,2536.9,2208619.24,4281.06,0.505714
2009,Uttar Pradesh,Sweet potato,Kharif,16758.0,585.8,2611231.56,2848.86,13.610986
2010,Karnataka,Peas & beans (Pulses),Kharif,4019.0,1317.7,667596.09,964.56,8.276842
2014,Bihar,Wheat,Rabi,2154423.0,1061.0,325231696.1,710959.59,1.676316
2014,Uttarakhand,Moong(Green Gram),Kharif,17.0,1287.4,2566.32,5.61,0.843333
2011,Gujarat,Potato,Whole Year,77800.0,890.5,13033056.0,25674.0,21.342308
2002,Punjab,Potato,Rabi,274445.76,640.2,28475.19,1718.68,21.270187
2015,Jammu and Kashmir,other oilseeds,Rabi,21.0,1572.6,3316.11,6.93,0.78
2017,Tripura,Small millets,Kharif,493.0,3326.8,77617.92,187.34,0.78375
2001,West Bengal,Cardamom,Whole Year,2875.0,1556.6,293623.75,747.5,0.24
2007,Karnataka,Other Kharif pulses,Kharif,145273.0,1323.3,19379418.2,23243.68,0.766154
2019,Jammu and Kashmir,Other Kharif pulses,Kharif,4237.0,1324.1,727747.12,1567.69,1.08
2017,Madhya Pradesh,Bajra,Kharif,309940.0,800.0,48796953.6,117777.2,1.604348
2001,Rajasthan,Wheat,Rabi,3624832.8,399.0,219141.11,14130.48,3.237444
2003,Manipur,Arhar/Tur,Kharif,40.0,687.7,3959.2,9.6,0.5
2004,Bihar,Onion,Whole Year,14115.0,1147.8,1529219.1,2964.15,7.463684
2001,Himachal Pradesh,Ginger,Kharif,2609.0,918.1,266457.17,678.34,10.948889
2016,Maharashtra,Grapes,Whole Year,11747.2,862.6,2840.47,127.0,22.82223
2015,Assam,Jute,Kharif,72128.0,2155.3,11389732.48,23802.24,11.727037
2003,Telangana,Rice,Kharif,2566842.5,860.7,511241.35,22190.0,2.521098
2012,Meghalaya,Gram,Rabi,1800.0,2945.3,271440.0,558.0,0.976667
2018,Madhya Pradesh,Bajra,Kharif,327080.0,1102.2,53052376.0,114478.0,1.517917
2015,Uttarakhand,Rapeseed &Mustard,Rabi,12275.0,1247.6,1938345.25,4050.75,0.71
2006,Andhra Pradesh,Mesta,Kharif,61894.0,845.2,7904482.74,13616.68,8.692222
2012,Tripura,Urad,Kharif,827.0,1882.2,124711.6,256.37,0.575
2019,Meghalaya,Cotton(lint),Kharif,7245.0,3844.4,1244401.2,2680.65,1.158
2020,Kerala,Rubber,Whole Year,34772.12,2968.0,6838.68,232.66,1.738159
2003,Bihar,Lentil,Rabi,36295.19,1075.8,2321.22,296.58,0.823661
2020,West Bengal,Arhar/Tur,Kharif,312690.32,1893.2,28344.57,1535.65,1.096629
2004,Mizoram,Masoor,Kharif,0.5,2640.8,54.17,0.1,0.4
2001,Chhattisgarh,Rapeseed &Mustard,Rabi,50335.0,1550.0,5140713.55,13087.1,0.346875
2003,Gujarat,Guar seed,Whole Year,266000.0,902.5,26328680.0,63840.0,0.798
2004,West Bengal,Mango,Whole Year,253041.62,1582.4,19641.97,2569.24,5.280076
2001,Arunachal Pradesh,Rice,Kharif,119455.0,2128.5,12199939.15,31058.3,1.135385
2018,Manipur,Sugarcane,Whole Year,5450.0,1196.9,883990.0,1907.5,54.306667
2019,Nagaland,Urad,Rabi,830.0,1593.0,142560.8,307.1,0.810909
2018,Nagaland,Potato,Rabi,7520.0,1372.7,1219744.0,2632.0,9.993636
2001,Gujarat,Mango,Whole Year,68658.13,651.2,4715.91,276.58,5.337917
2017,Mizoram,Potato,Kharif,58.0,3865.8,9131.52,22.04,3.28
2006,Karnataka,Arhar/Tur,Kharif,595697.0,1146.3,76076463.87,131053.34,0.4648
2016,Mizoram,Sesamum,Kharif,850.0,2626.8,130262.5,297.5,0.7225
2004,Gujarat,Onion,Whole Year,44000.0,719.8,4766960.0,9240.0,28.478947
2013,Goa,Other  Rabi pulses,Rabi,7928.0,3642.6,1145516.72,2140.56,1.115
2004,Mizoram,Sesamum,Kharif,2567.0,2640.8,278108.78,539.07,0.5725
2005,Arunachal Pradesh,Sugarcane,Whole Year,878.0,2767.0,105289.76,184.38,17.005556
2001,Uttar Pradesh,Masoor,Rabi,625265.0,849.9,63858314.45,162568.9,0.820145
2009,Uttar Pradesh,Arhar/Tur,Kharif,304747.0,585.8,47485677.54,51806.99,0.721972
2000,Karnataka,Tomato,Whole Year,21285.09,633.4,1526.62,61.71,18.95661
2011,Karnataka,Tobacco,Whole Year,114558.0,1179.0,19190756.16,37804.14,0.943077
2013,Maharashtra,Other Kharif pulses,Kharif,104800.0,1409.8,15142552.0,28296.0,0.395172
2020,Odisha,Arhar/Tur,Kharif,319371.84,1715.2,95064.52,1894.7,0.961034
2002,Jammu and Kashmir,Sugarcane,Whole Year,117.0,933.2,11076.39,29.25,2.65
2016,Karnataka,Ginger,Whole Year,23088.0,1147.2,3538236.0,8080.8,25.640455
2012,Karnataka,Bajra,Kharif,274615.0,956.2,41411942.0,85130.65,0.98619
2010,Maharashtra,Soyabean,Kharif,2729100.0,1389.0,453330801.0,654984.0,1.663929
2010,Haryana,Castor seed,Kharif,1654.0,639.2,274745.94,396.96,0.138333
2008,Chhattisgarh,Soyabean,Kharif,81764.0,1117.9,11695522.56,7358.76,1.242857
2002,Puducherry,Onion,Whole Year,3.0,1434.6,284.01,0.75,15.0
2016,Jammu and Kashmir,Small millets,Kharif,3382.0,902.8,518291.5,1183.7,0.503
2016,Karnataka,Turmeric,Whole Year,19327.0,1147.2,2961862.75,6764.45,5.775294
2013,Chhattisgarh,Barley,Rabi,2702.0,1418.3,390411.98,729.54,1.097273
2012,Manipur,Gram,Rabi,710.0,1176.7,107068.0,220.1,0.846667
2003,Madhya Pradesh,Linseed,Rabi,143384.0,1163.0,14192148.32,34412.16,0.579149
2002,Bihar,Onion,Whole Year,13589.0,1105.8,1286470.63,3397.25,8.524054
2012,Nagaland,Sunflower,Kharif,260.0,1296.6,39208.0,80.6,0.751667
2010,Haryana,Urad,Kharif,1387.0,639.2,230394.57,332.88,0.351
2002,Andhra Pradesh,Onion,Kharif,15403.0,648.1,1458202.01,3850.75,10.494118
2002,Tamil Nadu,Ragi,Kharif,104286.0,315.9,9872755.62,26071.5,1.6392
2001,Jammu and Kashmir,Peas & beans (Pulses),Rabi,538.0,953.8,54945.94,139.88,0.81125
2006,Odisha,Horse-gram,Summer,197.0,1716.9,25158.87,43.34,0.242857
2012,Maharashtra,Maize,Kharif,688800.0,1003.4,103871040.0,213528.0,1.825769
2014,Rajasthan,Gram,Rabi,659282.33,330.9,116482.91,6680.28,0.988657
2003,Bihar,Jowar,Kharif,1513.0,1353.9,149756.74,363.12,1.004545
2005,Assam,Sesamum,Kharif,13864.0,2184.6,1662570.88,2911.44,0.487778
2012,Jammu and Kashmir,Barley,Kharif,36.0,1116.7,5428.8,11.16,0.32
2009,Uttar Pradesh,Linseed,Rabi,34339.0,585.8,5350702.98,5837.63,0.401892
2016,Haryana,Sugarcane,Whole Year,101500.0,554.7,15554875.0,35525.0,77.640556
2005,Bihar,Maize,Kharif,276983.0,907.8,33215801.36,58166.43,1.619211
2008,Uttar Pradesh,Groundnut,Kharif,94534.0,891.6,13522143.36,8508.06,0.746275
2015,Tamil Nadu,Garlic,Whole Year,581.0,1201.9,91745.71,191.73,4.412
2018,Jharkhand,Urad,Kharif,128669.0,1222.7,20870111.8,45034.15,0.77125
2019,Jharkhand,Rapeseed &Mustard,Rabi,291431.0,1137.8,50056188.56,107829.47,0.800833
2010,Meghalaya,Cotton(lint),Kharif,6816.0,3119.7,1132205.76,1635.84,0.823333
2007,Himachal Pradesh,Coriander,Rabi,236.0,1095.4,31482.4,37.76,0.252
2016,Assam,Onion,Whole Year,8266.0,2296.8,1266764.5,2893.1,7.141111
2004,Bihar,Rice,Autumn,534477.0,1147.8,57905238.18,112240.17,0.788148
2011,Jammu and Kashmir,Dry chillies,Kharif,564.0,887.6,94481.28,186.12,0.95
2010,Chhattisgarh,Sunflower,Kharif,4056.0,1283.1,673742.16,973.44,0.498462
2016,Maharashtra,Ragi,Kharif,92825.0,1151.1,14225431.25,32488.75,1.089286
2005,Haryana,Sesamum,Kharif,3959.0,516.9,474763.28,831.39,0.2245
2015,Tamil Nadu,Rice,Kharif,2000212.0,1201.9,315853476.9,660069.96,4.06129
2017,Telangana,Coriander,Kharif,16.0,815.7,2519.04,6.08,0.6
2019,Goa,Black pepper,Whole Year,843.0,4489.5,144793.68,311.91,0.37
2011,Gujarat,Rapeseed &Mustard,Rabi,207600.0,890.5,34777152.0,68508.0,1.5275
2013,Andhra Pradesh,Onion,Kharif,20959.0,1062.3,3028365.91,5658.93,18.401818
2016,Delhi,Gram,Rabi,25.0,747.1,3831.25,8.75,2.12
2005,Maharashtra,Turmeric,Kharif,43124.68,2455.6,3759.04,113.62,4.969703
2017,Karnataka,Cotton(lint),Kharif,521372.0,1111.7,82084807.68,198121.36,3.038636
2008,Puducherry,Tapioca,Kharif,300.0,1434.6,42912.0,27.0,20.0
2016,Manipur,Rice,Kharif,244000.0,2039.8,37393000.0,85400.0,2.313333
2018,Uttar Pradesh,Barley,Rabi,150880.0,792.8,24472736.0,52808.0,3.080811
2002,Chhattisgarh,Dry chillies,Whole Year,6450.0,1001.4,610621.5,1612.5,0.856875
2016,Maharashtra,Other Kharif pulses,Kharif,87140.0,1151.1,13354205.0,30499.0,0.476897
2003,Assam,Mesta,Kharif,5420.0,2213.7,536471.6,1300.8,4.419048
2019,Odisha,Garlic,Rabi,13500.0,1593.9,2318760.0,4995.0,4.251429
2012,Bihar,Masoor,Rabi,159714.0,924.1,24084871.2,49511.34,1.033158
2001,Andhra Pradesh,Tobacco,Whole Year,188936.0,928.4,19296033.68,49123.36,2.970476
2001,Himachal Pradesh,Tobacco,Whole Year,23.0,918.1,2348.99,5.98,1.05
2000,Bihar,Mango,Whole Year,135611.88,1436.7,15702.25,1124.69,5.631583
2018,Madhya Pradesh,Niger seed,Kharif,17681.0,1102.2,2867858.2,6188.35,0.248649
2018,Himachal Pradesh,Gram,Rabi,384.0,1052.2,62284.8,134.4,1.014444
2009,Punjab,Guar seed,Kharif,21800.0,371.3,3396876.0,3706.0,0.911667
2019,Mizoram,Rapeseed &Mustard,Kharif,23.0,2178.5,3950.48,8.51,0.84
2014,Manipur,Gram,Rabi,680.0,987.5,102652.8,224.4,0.847778
2009,Bihar,Peas & beans (Pulses),Rabi,19936.0,889.3,3106427.52,3389.12,1.0
2000,Nagaland,Rice,Kharif,150000.0,1631.8,14725500.0,39000.0,1.5025
2003,Uttar Pradesh,Ragi,Rabi,221.0,1075.6,21874.58,53.04,1.423
2006,Maharashtra,Turmeric,Kharif,36081.55,760.7,3919.29,256.96,4.534519
2013,Kerala,Turmeric,Whole Year,2430.0,3255.4,351110.7,656.1,2.362857
2001,Himachal Pradesh,Wheat,Rabi,366518.0,918.1,37432483.34,95294.68,1.72
2001,Odisha,Turmeric,Whole Year,26420.0,1672.5,2698274.6,6869.2,2.108
2018,Bihar,Groundnut,Kharif,856.0,1521.4,138843.2,299.6,1.006667
2004,Tamil Nadu,Bajra,Kharif,97608.0,1034.0,10574850.72,20497.68,1.408846
2001,Tripura,Maize,Kharif,2080.0,2284.4,212430.4,540.8,0.99
2018,Telangana,Horse-gram,Kharif,144.0,1350.3,23356.8,50.4,0.654
2018,Tripura,Gram,Rabi,257.0,2169.1,41685.4,89.95,0.67
2018,Jammu and Kashmir,Moth,Kharif,1124.0,1016.3,182312.8,393.4,0.73875
2016,Chhattisgarh,Khesari,Rabi,222628.0,1298.9,34117741.0,77919.8,1.545652
2001,Gujarat,Groundnut,Kharif,1850700.0,666.5,189011991.0,481182.0,1.281053
2013,West Bengal,Sugarcane,Whole Year,17021.0,1939.9,2459364.29,4595.67,104.220667
2010,Mizoram,Cotton(lint),Kharif,151.0,2738.7,25082.61,36.24,0.6425
2003,Gujarat,Moong(Green Gram),Kharif,206800.0,902.5,20469064.0,49632.0,0.597083
2008,Goa,Other  Rabi pulses,Rabi,9467.0,3271.6,1354159.68,852.03,1.22
2005,Nagaland,Other  Rabi pulses,Rabi,5620.0,1568.6,673950.4,1180.2,1.48
2015,Rajasthan,Bajra,Kharif,552488.28,203.6,41730.24,3139.14,1.666418
2009,Punjab,Arhar/Tur,Kharif,4600.0,371.3,716772.0,782.0,0.988571
2012,West Bengal,Sugarcane,Whole Year,16096.0,1566.0,2427276.8,4989.76,99.781875
2017,West Bengal,Other  Rabi pulses,Rabi,543.0,1830.0,85489.92,206.34,0.81
2020,Maharashtra,Wheat,Rabi,1494876.91,797.9,478065.97,3869.56,4.251559
2008,Meghalaya,Sugarcane,Whole Year,92.0,3114.3,13159.68,8.28,2.316
2000,Chhattisgarh,Moong(Green Gram),Kharif,9836.0,896.4,965600.12,2557.36,0.216875
2008,Madhya Pradesh,Soyabean,Kharif,5281337.0,895.0,755442444.5,475320.33,0.978163
2009,Haryana,Castor seed,Kharif,1012.0,393.0,157689.84,172.04,0.965
2012,Andhra Pradesh,Soyabean,Kharif,1317.0,968.7,198603.6,408.27,1.793333
2015,Nagaland,Ragi,Kharif,330.0,1308.3,52110.3,108.9,1.001429
2017,Arunachal Pradesh,Urad,Kharif,1134.0,2745.5,178536.96,430.92,0.949444
2014,Karnataka,Garlic,Whole Year,4725.0,1238.5,713286.0,1559.25,1.254286
2019,Delhi,Rice,Kharif,5848.0,546.9,1004452.48,2163.76,3.01
2001,Madhya Pradesh,Other  Rabi pulses,Rabi,743975.0,955.0,75982166.75,193433.5,0.445778
2013,Odisha,Onion,Rabi,144148.16,1428.5,32666.14,1161.71,19.213641
2001,Goa,Arecanut,Whole Year,1600.0,2530.6,163408.0,416.0,1.56
2017,Nagaland,Sugarcane,Kharif,4430.0,1722.1,697459.2,1683.4,43.503636
2008,Bihar,Garlic,Whole Year,2522.0,1197.7,360746.88,226.98,1.587143
2016,Punjab,Peas & beans (Pulses),Rabi,3100.0,635.9,475075.0,1085.0,1.375
2001,Jharkhand,Rice,Kharif,682719.89,1385.9,122964.32,2113.78,2.151678
2001,Bihar,Garlic,Whole Year,2156.0,1247.0,220192.28,560.56,1.432759
2019,Goa,Banana,Whole Year,2460.0,4489.5,422529.6,910.2,13.095
2011,Gujarat,Bajra,Kharif,433800.0,890.5,72670176.0,143154.0,1.274737
2005,Manipur,Soyabean,Kharif,170.0,1585.4,20386.4,35.7,1.0525
2012,Telangana,Groundnut,Kharif,825597.09,821.9,122385.45,4056.05,1.600908
2006,Kerala,Turmeric,Whole Year,3917.0,3429.7,500240.07,861.74,2.168571
2019,Punjab,Masoor,Rabi,800.0,653.2,137408.0,296.0,0.5
2011,Karnataka,Garlic,Whole Year,5100.0,1179.0,854352.0,1683.0,1.326667
2004,West Bengal,Sunflower,Kharif,8541.0,1612.9,925331.94,1793.61,1.073333
2008,Jharkhand,Sugarcane,Whole Year,729.31,1295.2,104320.5,65.64,27.251429
2009,Karnataka,Sweet potato,Whole Year,2397.0,1321.0,373500.54,407.49,6.936667
2017,Assam,Rapeseed &Mustard,Rabi,290285.0,2098.6,45702470.4,110308.3,0.636667
2009,Jammu and Kashmir,Ginger,Kharif,37.0,751.7,5765.34,6.29,1.346667
2015,Maharashtra,Other Kharif pulses,Kharif,117702.0,875.7,18586322.82,38841.66,0.346296
2003,Goa,Ragi,Kharif,439.0,3011.6,43452.22,105.36,0.9
2012,Chhattisgarh,Sunflower,Kharif,3182.0,1366.8,479845.6,986.42,0.452105
2017,Madhya Pradesh,Rapeseed &Mustard,Rabi,747900.0,800.0,117749376.0,284202.0,0.956739
2007,Uttarakhand,Masoor,Rabi,10873.0,1924.3,1450458.2,1739.68,0.500769
2017,Telangana,Mango,Whole Year,237650.15,941.7,44535.19,738.87,7.632558
2018,Himachal Pradesh,Bajra,Kharif,88.0,1052.2,14273.6,30.8,0.631667
2005,Tamil Nadu,Arhar/Tur,Kharif,37769.0,1364.1,4529258.48,7931.49,0.6375
2011,Andhra Pradesh,Mesta,Kharif,25760.0,861.9,4315315.2,8500.8,5.77625
2004,West Bengal,Groundnut,Whole Year,46467.0,1612.9,5034234.78,9758.07,1.383333
2001,West Bengal,Sunflower,Kharif,1279.0,1556.6,130624.27,332.54,1.048
2020,Bihar,Wheat,Rabi,4808450.11,1154.5,421582.88,33574.21,4.154653
2018,Himachal Pradesh,Barley,Rabi,20356.0,1052.2,3301743.2,7124.6,1.78
2017,Chhattisgarh,Peas & beans (Pulses),Rabi,12016.0,1124.5,1891799.04,4566.08,0.36
2016,Maharashtra,Rice,Kharif,1465730.0,1151.1,224623122.5,513005.5,1.664444
2007,Tripura,Rice,Kharif,252897.0,2831.8,33736459.8,40463.52,2.4375
2012,Telangana,Sugarcane,Whole Year,589253.67,865.4,155513.21,2456.35,68.348177
2016,Madhya Pradesh,Cotton(lint),Kharif,600000.0,1048.4,91950000.0,210000.0,1.417
2010,Jammu and Kashmir,Other Kharif pulses,Kharif,5035.0,1352.0,836363.85,1208.4,1.126
2016,Nagaland,Peas & beans (Pulses),Kharif,2350.0,1959.8,360137.5,822.5,1.354
2017,Arunachal Pradesh,Masoor,Rabi,438.0,2745.5,68958.72,166.44,0.581
2004,Sikkim,Soyabean,Kharif,3890.0,1650.5,421442.6,816.9,0.6375
2007,Bihar,Potato,Whole Year,153909.0,1600.2,20531460.6,24625.44,8.115
2016,Meghalaya,Dry chillies,Whole Year,2307.0,3837.1,353547.75,807.45,1.220909
2019,Punjab,Sesamum,Kharif,2600.0,653.2,446576.0,962.0,0.39875
2008,Tamil Nadu,Cashewnut,Whole Year,99168.0,1201.9,14184990.72,8925.12,338.548966
2015,West Bengal,Arhar/Tur,Rabi,2837.0,1717.0,447990.67,936.21,0.842727
2008,Karnataka,Coconut,Whole Year,418581.0,1164.1,59873826.24,37672.29,6801.366552
2018,Bihar,Khesari,Rabi,50452.0,1521.4,8183314.4,17658.2,0.854545
2014,Manipur,Turmeric,Whole Year,2149.0,987.5,324413.04,709.17,11.944444
2011,Himachal Pradesh,Ragi,Kharif,2179.0,1108.3,365026.08,719.07,0.892857
2013,Jharkhand,Potato,Rabi,17421.0,1253.6,2517160.29,4703.67,6.32375
2013,Andhra Pradesh,Urad,Kharif,14508.0,1062.3,2096260.92,3917.16,0.724615
2002,Puducherry,Moong(Green Gram),Rabi,1017.0,1434.6,96279.39,254.25,0.403333
2007,West Bengal,Mesta,Kharif,7432.0,2007.5,991428.8,1189.12,7.864
2007,West Bengal,Banana,Whole Year,63109.87,1489.9,6907.22,185.79,25.286548
2011,Nagaland,Gram,Rabi,750.0,1544.4,125640.0,247.5,0.714545
2008,Punjab,Linseed,Rabi,100.0,691.3,14304.0,9.0,1.0
2018,Telangana,Ragi,Kharif,1034.0,1350.3,167714.8,361.9,0.974286
2010,Haryana,Horse-gram,Kharif,416.0,639.2,69101.76,99.84,0.0725
2006,Jammu and Kashmir,Other  Rabi pulses,Rabi,52.0,1786.5,6640.92,11.44,0.47
2018,Andhra Pradesh,Oilseeds total,Kharif,941981.0,1220.5,152789318.2,329693.35,4.400769
2016,Kerala,Sugarcane,Whole Year,1062.5,2924.3,162828.43,371.88,72.10375
2012,Uttar Pradesh,Gram,Rabi,604015.0,746.3,91085462.0,187244.65,1.179275
2019,Haryana,Gram,Rabi,43970.0,351.8,7552287.2,16268.9,1.168889
2012,Karnataka,Arhar/Tur,Kharif,659742.0,956.2,99489093.6,204520.02,0.573333
2000,Meghalaya,Gram,Rabi,463.0,6258.8,45452.71,120.38,0.613333
2013,Uttarakhand,Sesamum,Kharif,1798.0,1735.4,259793.02,485.46,0.274615
2016,Chhattisgarh,Sannhamp,Kharif,1189.0,1298.9,182214.25,416.15,0.44619
2016,Karnataka,Small millets,Kharif,21081.0,1147.2,3230663.25,7378.35,0.392941
2004,West Bengal,Dry chillies,Whole Year,52182.0,1612.9,5653397.88,10958.22,1.038889
2016,Haryana,Cotton(lint),Kharif,571100.0,554.7,87521075.0,199885.0,3.212941
2019,Kerala,Arhar/Tur,Whole Year,313.0,3119.2,53760.88,115.81,1.335
2003,Jammu and Kashmir,Peas & beans (Pulses),Kharif,184.0,1430.3,18212.32,44.16,0.6
2005,Meghalaya,Banana,Whole Year,6426.0,3374.4,770605.92,1349.46,10.224286
2005,Gujarat,Maize,Kharif,456900.0,942.4,54791448.0,95949.0,1.618125
2017,Manipur,Gram,Rabi,815.0,1780.0,128313.6,309.7,0.935556
2007,Chhattisgarh,Sweet potato,Whole Year,2671.0,1246.2,356311.4,427.36,5.865
2010,Puducherry,Sweet potato,Kharif,1.0,1434.6,166.11,0.24,8.0
2004,Kerala,Garlic,Whole Year,306.0,2880.2,33152.04,64.26,17.0
2014,Sikkim,Rice,Kharif,11040.0,2627.0,1666598.4,3643.2,1.76
2010,Haryana,Groundnut,Kharif,2318.0,639.2,385042.98,556.32,0.698182
2004,Meghalaya,Linseed,Rabi,75.0,4767.9,8125.5,15.75,0.47
2010,Kerala,Turmeric,Whole Year,2390.78,3131.8,397132.47,573.79,2.415
2019,Madhya Pradesh,Sugarcane,Whole Year,124681.0,1446.7,21415208.56,46131.97,39.055102
2018,Uttarakhand,Sugarcane,Whole Year,92863.0,1373.0,15062378.6,32502.05,73.1
2014,Meghalaya,Wheat,Rabi,442.0,3484.4,66724.32,145.86,1.568
2019,Andhra Pradesh,Onion,Kharif,23864.0,899.2,4098880.64,8829.68,22.224444
2015,Andhra Pradesh,Small millets,Kharif,46696.0,940.7,7373765.36,15409.68,0.703333
2009,Uttarakhand,Tobacco,Whole Year,11.0,847.8,1714.02,1.87,0.64
2006,Maharashtra,Bajra,Kharif,1452200.0,1439.4,185460462.0,319484.0,0.633333
2010,Chhattisgarh,Peas & beans (Pulses),Rabi,14177.0,1283.1,2354941.47,3402.48,0.344375
2000,West Bengal,Other Kharif pulses,Kharif,825.0,1907.7,80990.25,214.5,0.548333
2005,Arunachal Pradesh,Wheat,Rabi,3976.0,2767.0,476801.92,834.96,1.589167
2008,Chhattisgarh,Castor seed,Kharif,39.0,1117.9,5578.56,3.51,0.218333
2012,Karnataka,Black pepper,Whole Year,26837.0,956.2,4047019.6,8319.47,2.986
2019,Jammu and Kashmir,Gram,Kharif,9.0,1324.1,1545.84,3.33,0.3
2014,Telangana,Dry chillies,Kharif,55485.0,746.4,8376015.6,18310.05,2.612222
2013,Andhra Pradesh,Arhar/Tur,Kharif,182826.0,1062.3,26416528.74,49363.02,0.696923
2010,West Bengal,Cotton(lint),Kharif,631.0,1096.0,104815.41,151.44,1.763333
2016,Tamil Nadu,Garlic,Whole Year,781.0,912.4,119688.25,273.35,5.206667
2012,Andhra Pradesh,Small millets,Kharif,36000.0,968.7,5428800.0,11160.0,1.283333
2020,Tamil Nadu,Turmeric,Kharif,47024.87,1115.2,4944.15,544.31,6.261353
2003,Puducherry,Coconut,Whole Year,2252.0,1434.6,222902.96,540.48,12300.735
2005,West Bengal,Linseed,Rabi,6667.0,1650.1,799506.64,1400.07,0.302
2017,Telangana,Small millets,Kharif,288.0,815.7,45342.72,109.44,1.33
2008,Madhya Pradesh,Castor seed,Kharif,1420.0,895.0,203116.8,127.8,0.293125
2009,Karnataka,Safflower,Rabi,67924.0,1321.0,10583917.68,11547.08,0.694
2005,Gujarat,Sugarcane,Whole Year,213200.0,942.4,25566944.0,44772.0,75.317143
2005,Maharashtra,Moong(Green Gram),Kharif,533800.0,1387.2,64013296.0,112098.0,0.459697
2004,Andhra Pradesh,Cotton(lint),Kharif,1178419.0,781.8,127669914.5,247467.99,1.901429
2017,Maharashtra,Bajra,Kharif,787833.0,1129.5,124036427.5,299376.54,0.609048
2004,Kerala,Jowar,Kharif,2566.0,2880.2,278000.44,538.86,0.505
2012,Gujarat,Castor seed,Kharif,750700.0,460.6,113205560.0,232717.0,1.958696
2006,Tamil Nadu,Tapioca,Whole Year,139628.0,927.9,17831891.88,30718.16,41.627857
2019,Odisha,Sesamum,Autumn,1935.0,1593.9,332355.6,715.95,0.428333
2012,Andhra Pradesh,Sugarcane,Whole Year,196000.0,968.7,29556800.0,60760.0,81.799412
2019,Kerala,Coconut,Whole Year,760776.0,3119.2,130670885.8,281487.12,5882.037143
2019,Karnataka,Turmeric,Whole Year,20740.0,1422.3,3562302.4,7673.8,6.133571
2003,Madhya Pradesh,Arhar/Tur,Kharif,311195.0,1163.0,30802081.1,74686.8,0.743333
2001,Chhattisgarh,Peas & beans (Pulses),Rabi,11851.0,1550.0,1210342.63,3081.26,0.329375
2001,Haryana,Wheat,Rabi,2299876.0,483.8,234886335.9,597967.76,3.979474
2002,West Bengal,Tobacco,Whole Year,7757.0,1629.1,734355.19,1939.25,0.67
2018,Jharkhand,Bajra,Kharif,130.0,1222.7,21086.0,45.5,0.6025
2001,Chhattisgarh,Barley,Rabi,4245.0,1550.0,433541.85,1103.7,0.841429
2004,Maharashtra,Rice,Kharif,1488200.0,1052.0,161231588.0,312522.0,1.022903
2012,Goa,Groundnut,Kharif,534.0,3048.9,80527.2,165.54,2.52
2010,Uttar Pradesh,Potato,Rabi,556533.0,742.6,92445696.63,133567.92,22.967778
2019,Odisha,Rapeseed &Mustard,Winter,6952.0,1593.9,1194075.52,2572.24,0.263333
2017,Karnataka,Sannhamp,Whole Year,348.0,1111.7,54789.12,132.24,0.21
2008,Assam,Tapioca,Whole Year,3045.0,2109.9,435556.8,274.05,4.509615
2004,Andhra Pradesh,Mesta,Kharif,53629.0,781.8,5810165.86,11262.09,8.414444
2004,Karnataka,Cotton(lint),Kharif,521860.0,1117.7,56538312.4,109590.6,1.357143
2001,Telangana,Maize,Kharif,476317.65,811.4,55481.61,2741.28,2.553357
2018,Bihar,Maize,Autumn,223317.0,1521.4,36222017.4,78160.95,2.154375
2016,Bihar,Safflower,Rabi,107.0,1205.6,16397.75,37.45,0.912
2015,Sikkim,Urad,Kharif,2904.0,2949.1,458570.64,958.32,0.94
2004,Bihar,Masoor,Rabi,178768.0,1147.8,19367725.12,37541.28,0.631053
2009,West Bengal,Sannhamp,Kharif,835.0,1317.2,130109.7,141.95,5.38375
2018,Assam,Arecanut,Rabi,67210.0,2372.9,10901462.0,23523.5,0.727407
2015,Goa,Other  Rabi pulses,Rabi,6983.0,2587.1,1102685.53,2304.39,0.835
2015,Jammu and Kashmir,Sugarcane,Kharif,193.0,1572.6,30476.63,63.69,1.5
2004,West Bengal,Barley,Rabi,2421.0,1612.9,262291.14,508.41,1.574286
2004,Uttarakhand,Wheat,Rabi,387103.0,1219.6,41938739.02,81291.63,1.776923
2008,Madhya Pradesh,Ragi,Kharif,444.0,895.0,63509.76,39.96,0.224
2016,Madhya Pradesh,Other Cereals,Kharif,52000.0,1048.4,7969000.0,18200.0,0.795625
2007,Madhya Pradesh,Turmeric,Whole Year,655.0,740.4,87377.0,104.8,0.908276
2015,Tripura,Groundnut,Kharif,529.0,2334.4,83534.39,174.57,1.14125
2014,Meghalaya,Maize,Whole Year,18037.0,3484.4,2722865.52,5952.21,2.214545
2019,Maharashtra,other oilseeds,Kharif,10634.0,1555.8,1826495.84,3934.58,0.271364
2010,Puducherry,Arecanut,Kharif,60.0,1434.6,9966.6,14.4,1.3
2016,Karnataka,Coriander,Whole Year,1778.0,1147.2,272478.5,622.3,0.390625
2000,Chhattisgarh,Arhar/Tur,Kharif,49383.0,896.4,4847929.11,12839.58,0.42625
2014,West Bengal,Groundnut,Autumn,2008.0,1483.5,303127.68,662.64,1.008889
2016,Andhra Pradesh,Sesamum,Kharif,33460.0,890.0,5127745.0,11711.0,0.244167
2006,Maharashtra,Castor seed,Kharif,11900.0,1439.4,1519749.0,2618.0,0.34875
2009,Assam,Moong(Green Gram),Rabi,7519.0,1727.1,1171610.58,1278.23,0.447037
2002,Rajasthan,Barley,Rabi,45478.11,402.1,8683.17,308.45,2.12442
2019,Maharashtra,Maize,Kharif,771711.0,1555.8,132549081.4,285533.07,1.363214
2014,Chhattisgarh,Safflower,Rabi,1329.0,1274.7,200625.84,438.57,0.321818
2017,Telangana,Cotton(lint),Kharif,1896993.0,815.7,298662577.9,720857.34,2.856333
2010,Jammu and Kashmir,Bajra,Kharif,16544.0,1352.0,2748123.84,3970.56,0.605
2000,Bihar,Urad,Kharif,32064.0,1207.0,3147722.88,8336.64,0.630938
2002,Gujarat,Tobacco,Whole Year,66400.0,458.4,6286088.0,16600.0,1.61
2014,Mizoram,Potato,Kharif,23.0,2029.9,3472.08,7.59,4.595
2019,Tamil Nadu,Rapeseed &Mustard,Rabi,137.0,910.1,23531.12,50.69,0.19
2019,Madhya Pradesh,Barley,Rabi,29737.0,1446.7,5107627.12,11002.69,2.414286
2002,Bihar,Peas & beans (Pulses),Rabi,23295.0,1105.8,2205337.65,5823.75,0.896286
2016,Himachal Pradesh,Linseed,Rabi,417.0,1373.9,63905.25,145.95,0.195
2014,Jammu and Kashmir,Peas & beans (Pulses),Kharif,48.0,1278.4,7246.08,15.84,0.46
2009,Delhi,Wheat,Rabi,21309.0,528.4,3320368.38,3622.53,4.34
2005,Chhattisgarh,Maize,Kharif,101587.0,1292.7,12182313.04,21333.27,1.088125
2014,Punjab,Guar seed,Kharif,28200.0,382.7,4257072.0,9306.0,0.93875
2017,Telangana,Castor seed,Kharif,27876.0,815.7,4388797.44,10592.88,0.93
2000,West Bengal,Jute,Kharif,612994.0,1907.7,60177620.98,159378.44,13.524118
2004,West Bengal,Mustard,Rabi,1356396.89,1247.2,296474.06,5322.59,1.251915
2011,Karnataka,Arhar/Tur,Kharif,767419.0,1179.0,128558030.9,253248.27,0.52
2003,Nagaland,Sesamum,Kharif,5000.0,1709.8,494900.0,1200.0,1.0375
2015,Karnataka,Small millets,Kharif,28488.0,1024.9,4498540.08,9401.04,0.41
2007,Puducherry,Bajra,Kharif,64.0,1434.6,8537.6,10.24,2.08
2007,Puducherry,Small millets,Kharif,2.0,1434.6,266.8,0.32,0.5
2004,Karnataka,Tomato,Whole Year,36270.97,2193.4,2840.37,288.93,23.217824
2001,Uttar Pradesh,Small millets,Kharif,28500.0,849.9,2910705.0,7410.0,0.924375
2008,Madhya Pradesh,Rice,Kharif,1706557.0,895.0,244105913.3,153590.13,0.91102
2013,Nagaland,Castor seed,Kharif,300.0,1350.9,43347.0,81.0,0.621111
2005,Uttar Pradesh,Small millets,Kharif,20663.0,751.9,2477906.96,4339.23,0.705484
2015,Uttar Pradesh,Small millets,Kharif,8249.0,596.7,1302599.59,2722.17,0.695833
2017,Karnataka,Linseed,Rabi,2294.0,1111.7,361167.36,871.72,0.366667
2012,Puducherry,Moong(Green Gram),Rabi,37.0,1098.3,5579.6,11.47,0.79
2019,Odisha,Onion,Rabi,35120.0,1593.9,6032211.2,12994.4,12.214138
2005,Bihar,Masoor,Rabi,159358.0,907.8,19110211.36,33465.18,0.673421
2018,Bihar,Banana,Whole Year,90910.08,1496.2,22741.77,966.73,31.883508
2007,Mizoram,Maize,Kharif,7153.0,3095.2,954210.2,1144.48,0.12375
2017,Manipur,Ginger,Kharif,5515.0,1780.0,868281.6,2095.7,12.2
2018,Uttarakhand,Urad,Kharif,12491.0,1373.0,2026040.2,4371.85,0.950769
2004,Uttarakhand,Maize,Kharif,29501.0,1219.6,3196138.34,6195.21,1.438462
2010,Chhattisgarh,Potato,Whole Year,11893.0,1283.1,1975546.23,2854.32,5.708235
2019,Assam,Sugarcane,Whole Year,29703.0,2084.7,5101787.28,10990.11,38.921111
2011,Punjab,Barley,Rabi,12000.0,705.2,2010240.0,3960.0,3.875
2017,Maharashtra,Sugarcane,Whole Year,902035.0,1129.5,142016390.4,342773.3,66.338333
2016,Uttarakhand,Moong(Green Gram),Kharif,37.0,1580.9,5670.25,12.95,0.333333
2014,Bihar,Urad,Kharif,15725.0,1061.0,2373846.0,5189.25,0.917407
2015,Tripura,Cowpea(Lobia),Kharif,4315.0,2334.4,681381.65,1423.95,0.77625
2005,Tamil Nadu,Gram,Rabi,5907.0,1364.1,708367.44,1240.47,0.493125
2003,Gujarat,Arhar/Tur,Kharif,296700.0,902.5,29367366.0,71208.0,0.915217
2003,Punjab,Rice,Kharif,2614000.0,451.7,258733720.0,627360.0,3.678235
2017,Manipur,Rapeseed &Mustard,Rabi,29260.0,1780.0,4606694.4,11118.8,0.855556
2006,Madhya Pradesh,Sesamum,Whole Year,246733.0,1072.3,31510271.43,54281.26,0.337292
2014,Kerala,Sesamum,Whole Year,262.0,3046.4,39551.52,86.46,0.31625
2010,Haryana,Rice,Kharif,1243281.0,639.2,206521406.9,298387.44,2.561429
2007,Haryana,Dry chillies,Whole Year,1321.0,443.8,176221.4,211.36,8.716429
2014,West Bengal,Sunflower,Kharif,6899.0,1483.5,1041473.04,2276.67,1.265333
2019,Jammu and Kashmir,Sesamum,Kharif,3825.0,1324.1,656982.0,1415.25,0.405
2019,West Bengal,Onion,Rabi,113892.93,1735.3,20713.73,1426.37,22.269485
2017,Tripura,Soyabean,Kharif,238.0,3326.8,37470.72,90.44,0.67625
2009,Goa,Other  Rabi pulses,Rabi,7534.0,3334.9,1173947.88,1280.78,1.065
2003,Chhattisgarh,Sweet potato,Whole Year,2665.0,1643.7,263781.7,639.6,5.71625
2004,Kerala,Rice,Autumn,105349.0,2880.2,11413510.66,22123.29,2.271538
2003,Haryana,Dry chillies,Whole Year,1342.0,592.3,132831.16,322.08,1.01
2003,Assam,Sesamum,Kharif,14465.0,2213.7,1431745.7,3471.6,0.48913
2018,Telangana,Castor seed,Kharif,19489.0,1350.3,3161115.8,6821.15,0.724
2010,Jammu and Kashmir,Gram,Rabi,165.0,1352.0,27408.15,39.6,0.55
2005,Andhra Pradesh,Jowar,Kharif,182851.0,1075.5,21927491.92,38398.71,0.996818
2011,Puducherry,Tapioca,Kharif,245.0,1434.6,41042.4,80.85,18.725
2002,Mizoram,Urad,Kharif,6.0,2627.0,568.02,1.5,0.67
2017,Jharkhand,Maize,Kharif,284565.0,1165.7,44801913.6,108134.7,2.102917
2003,Andhra Pradesh,Ginger,Whole Year,1873.0,826.0,185389.54,449.52,2.995
2001,Uttar Pradesh,Bajra,Kharif,850727.0,849.9,86884748.51,221189.02,1.143333
2014,Madhya Pradesh,Gram,Rabi,2796000.0,891.2,422084160.0,922680.0,0.976471
2015,Uttarakhand,Jowar,Kharif,5.0,1247.6,789.55,1.65,0.8
2006,Bihar,Masoor,Rabi,167871.0,1052.8,21438805.41,36931.62,0.68973
2018,Uttar Pradesh,Garlic,Rabi,34313.0,792.8,5565568.6,12009.55,6.654
2002,Tripura,Rice,Kharif,255270.0,2579.8,24166410.9,63817.5,2.255
2011,West Bengal,Jute,Kharif,599027.0,1686.5,100349003.0,197678.91,15.074706
2009,Nagaland,Maize,Kharif,63100.0,1225.9,9832242.0,10727.0,1.037273
2005,Uttar Pradesh,Rice,Kharif,5571524.0,751.9,668137158.1,1170020.04,1.951714
2011,Tripura,Mesta,Kharif,628.0,2295.6,105202.56,207.24,8.2775
2013,Jammu and Kashmir,Peas & beans (Pulses),Rabi,1512.0,1193.8,218468.88,408.24,0.702857
2009,Jammu and Kashmir,Masoor,Kharif,1001.0,751.7,155975.82,170.17,0.6
2011,Uttarakhand,Turmeric,Whole Year,1292.0,1564.7,216435.84,426.36,8.801
2013,Manipur,Urad,Kharif,1460.0,1428.8,210955.4,394.2,1.122222
2018,Himachal Pradesh,Linseed,Rabi,811.0,1052.2,131544.2,283.85,0.295
2017,Assam,Ginger,Whole Year,18105.0,2098.6,2850451.2,6879.9,8.38963
2012,Jammu and Kashmir,Linseed,Rabi,165.0,1116.7,24882.0,51.15,0.518333
2017,Arunachal Pradesh,other oilseeds,Kharif,715.0,2745.5,112569.6,271.7,1.14
2009,West Bengal,Linseed,Rabi,4715.0,1317.2,734691.3,801.55,0.300714
2005,Manipur,Rice,Kharif,166260.0,1585.4,19937899.2,34914.6,2.238889
2019,Madhya Pradesh,Wheat,Rabi,10216517.0,1446.7,1754788960.0,3780111.29,3.519423
2004,Karnataka,Mango,Whole Year,70478.17,753.9,11552.63,386.05,4.192917
2012,Himachal Pradesh,Coriander,Rabi,144.0,1035.0,21715.2,44.64,0.318
2004,Andhra Pradesh,Tapioca,Whole Year,20137.0,781.8,2181642.58,4228.77,6.748
2017,Haryana,other oilseeds,Rabi,1300.0,417.1,204672.0,494.0,1.2
2016,Andhra Pradesh,Dry chillies,Kharif,169242.0,890.0,25936336.5,59234.7,4.829091
2013,Madhya Pradesh,Bajra,Kharif,191328.0,1451.4,27644982.72,51658.56,1.126562
2015,Madhya Pradesh,Barley,Kharif,94000.0,1000.7,14843540.0,31020.0,2.8575
2016,Kerala,Cotton(lint),Whole Year,80.0,2924.3,12260.0,28.0,1.5
2005,Maharashtra,Groundnut,Kharif,336700.0,1387.2,40377064.0,70707.0,0.766923
2012,Uttar Pradesh,Garlic,Rabi,36077.0,746.3,5440411.6,11183.87,5.1945
2001,Assam,Maize,Kharif,19600.0,1824.7,2001748.0,5096.0,0.608696
2009,Tamil Nadu,Groundnut,Whole Year,413011.0,928.5,64355374.02,70211.87,2.120323
2013,Uttarakhand,Potato,Kharif,9246.0,1735.4,1335954.54,2496.42,9.480909
2014,Haryana,Sunflower,Kharif,7100.0,301.3,1071816.0,2343.0,3.083333
2004,Uttar Pradesh,Mustard,Rabi,1143416.02,1056.7,202971.3,5281.17,1.246914
2018,Karnataka,Jowar,Kharif,114479.0,1419.1,18568493.8,40067.65,1.432692
2014,Manipur,Groundnut,Kharif,3365.0,987.5,507980.4,1110.45,0.845556
2010,Andhra Pradesh,Onion,Kharif,25612.0,1297.0,4254409.32,6146.88,17.78625
2016,Telangana,Moong(Green Gram),Kharif,134700.0,942.6,20642775.0,47145.0,0.648667
2003,Bihar,Safflower,Rabi,200.0,1353.9,19796.0,48.0,0.864286
2011,Madhya Pradesh,Safflower,Rabi,157.0,852.6,26300.64,51.81,0.26
2005,Punjab,Moth,Kharif,300.0,566.7,35976.0,63.0,1.0
2002,Chhattisgarh,Jowar,Kharif,7798.0,1001.4,738236.66,1949.5,0.936667
2012,Assam,Tapioca,Whole Year,3866.0,2167.5,582992.8,1198.46,8.665556
2010,Karnataka,Onion,Kharif,143154.0,1317.7,23779310.94,34356.96,6.8968
2015,Meghalaya,Peas & beans (Pulses),Rabi,2271.0,3870.8,358613.61,749.43,1.810909
2003,Uttar Pradesh,Lentil,Rabi,32421.88,993.5,5450.16,161.13,0.832639
2012,Jammu and Kashmir,Bajra,Kharif,19538.0,1116.7,2946330.4,6056.78,0.604286
2009,Gujarat,Sesamum,Kharif,225900.0,618.0,35199738.0,38403.0,0.364
2017,Gujarat,Urad,Kharif,128059.0,814.8,20161608.96,48662.42,0.6625
2000,Haryana,Mustard,Rabi,522568.99,528.4,52341.19,3485.42,1.100134
2017,Chhattisgarh,Niger seed,Kharif,56320.0,1124.5,8867020.8,21401.6,0.252222
2007,Chhattisgarh,Rapeseed &Mustard,Rabi,51397.0,1246.2,6856359.8,8223.52,0.388889
2007,Chhattisgarh,Groundnut,Kharif,31653.0,1246.2,4222510.2,5064.48,1.35
2019,Tamil Nadu,Jowar,Kharif,231845.0,910.1,39821697.2,85782.65,1.238846
2007,Jharkhand,Potato,Rabi,16143.02,1444.7,2153478.87,2582.88,7.252273
2016,Telangana,Maize,Kharif,636407.0,942.6,97529372.75,222742.45,3.304333
2017,Nagaland,Jowar,Kharif,270.0,1722.1,42508.8,102.6,0.96
2013,Maharashtra,Other  Rabi pulses,Rabi,122300.0,1409.8,17671127.0,33021.0,0.429615
2001,Haryana,Sunflower,Rabi,2581.0,483.8,263597.53,671.06,1.175
2010,Bihar,Bajra,Kharif,4851.0,629.2,805799.61,1164.24,0.995
2006,Meghalaya,Sugarcane,Whole Year,87.0,2454.7,11110.77,19.14,2.348
2015,Gujarat,Potato,Whole Year,109188.0,584.3,17241877.08,36032.04,24.209286
2009,Meghalaya,Arhar/Tur,Kharif,781.0,2995.9,121695.42,132.77,0.79
2013,Assam,Banana,Whole Year,50806.0,1797.7,7340958.94,13717.62,16.40037
2016,Jammu and Kashmir,Bajra,Kharif,13730.0,902.8,2104122.5,4805.5,0.602857
2004,Haryana,Sunflower,Rabi,5334.0,484.6,577885.56,1120.14,2.694286
2018,Meghalaya,Onion,Rabi,557.0,5649.1,90345.4,194.95,8.429
2010,Punjab,Mustard,Rabi,1011725.68,637.6,140107.49,9761.92,1.438149
2012,Jammu and Kashmir,Other Kharif pulses,Kharif,4539.0,1116.7,684481.2,1407.09,0.884706
2001,West Bengal,Castor seed,Kharif,80.0,1556.6,8170.4,20.8,0.91
2008,Andhra Pradesh,Dry chillies,Kharif,160013.0,944.6,22888259.52,14401.17,3.326818
2013,Kerala,Tobacco,Whole Year,9.0,3255.4,1300.41,2.43,1.89
2005,Chhattisgarh,Bajra,Kharif,81.0,1292.7,9713.52,17.01,0.58
2004,Delhi,Gram,Rabi,57.0,651.9,6175.38,11.97,1.32
2013,Telangana,Sugarcane,Kharif,39309.0,1348.7,5679757.41,10613.43,83.918889
2011,West Bengal,Maize,Autumn,34052.0,1686.5,5704391.04,11237.16,2.037273
2013,Nagaland,Barley,Rabi,530.0,1350.9,76579.7,143.1,1.01
2011,Maharashtra,Other  Rabi pulses,Rabi,104000.0,1174.1,17422080.0,34320.0,0.487083
2000,Tripura,Maize,Kharif,1580.0,2437.5,155108.6,410.8,1.0
2017,Nagaland,Small millets,Kharif,8820.0,1722.1,1388620.8,3351.6,1.169
2015,Tripura,Other  Rabi pulses,Rabi,604.0,2334.4,95377.64,199.32,0.816
2000,Uttar Pradesh,Sesamum,Kharif,107983.0,874.4,10600691.11,28075.58,0.165075
2019,Bihar,Castor seed,Kharif,87.0,1194.7,14943.12,32.19,0.992
2016,Puducherry,Rice,Kharif,3693.0,1391.3,565952.25,1292.55,3.24
2012,Odisha,Ragi,Autumn,17502.0,1430.2,2639301.6,5425.62,0.632
2000,Telangana,Mango,Whole Year,72048.64,529.8,14381.16,651.22,4.594091
2006,Goa,Coconut,Whole Year,25468.0,2928.8,3252518.28,5602.96,4974.045
2000,Tamil Nadu,Black pepper,Whole Year,1640.0,971.1,160998.8,426.4,0.184286
2004,Jharkhand,Onion,Rabi,1360.19,1149.2,147362.98,285.64,8.532
2008,Andhra Pradesh,Cotton(lint),Kharif,1398900.0,944.6,200098656.0,125901.0,2.456364
2003,Bihar,Peas & beans (Pulses),Rabi,23740.0,1353.9,2349785.2,5697.6,0.931944
2008,Odisha,Arhar/Tur,Kharif,580339.91,1340.3,105490.71,5453.96,0.893293
2010,Jammu and Kashmir,Cowpea(Lobia),Kharif,762.0,1352.0,126575.82,182.88,0.5
2014,Puducherry,Rice,Kharif,3643.0,1330.0,549947.28,1202.19,2.936667
2000,West Bengal,Sunflower,Kharif,246.0,1907.7,24149.82,63.96,1.276667
2008,Madhya Pradesh,Garlic,Whole Year,49080.0,895.0,7020403.2,4417.2,3.0538
2003,Bihar,Small millets,Kharif,7010.0,1353.9,693849.8,1682.4,0.780938
2019,Meghalaya,Wheat,Rabi,464.0,3844.4,79696.64,171.68,1.638
2011,Sikkim,Rice,Kharif,12070.0,2585.5,2021966.4,3983.1,1.6225
2001,Odisha,Linseed,Rabi,23080.0,1672.5,2357160.4,6000.8,0.355333
2014,Nagaland,Moong(Green Gram),Kharif,350.0,1333.3,52836.0,115.5,1.0
2016,Telangana,Onion,Kharif,6153.0,942.6,942947.25,2153.55,15.685294
2001,Nagaland,Wheat,Rabi,6000.0,1532.0,612780.0,1560.0,2.04
2005,West Bengal,Niger seed,Kharif,5033.0,1650.1,603557.36,1056.93,0.45875
2019,Assam,Urad,Rabi,58100.0,2084.7,9979256.0,21497.0,0.618889
2012,Himachal Pradesh,Dry chillies,Kharif,630.0,1035.0,95004.0,195.3,0.322
2016,Punjab,Barley,Rabi,8300.0,635.9,1271975.0,2905.0,3.753333
2019,Uttarakhand,Sunflower,Kharif,28.0,1378.9,4809.28,10.36,0.75
2001,Assam,Other  Rabi pulses,Rabi,108818.0,1824.7,11113582.34,28292.68,0.52913
2010,Meghalaya,Soyabean,Kharif,1078.0,3119.7,179066.58,258.72,1.038571
2000,Andhra Pradesh,Small millets,Kharif,64766.0,935.6,6358078.22,16839.16,0.668125
2013,Telangana,Maize,Kharif,552897.0,1348.7,79888087.53,149282.19,4.022222
2006,Maharashtra,Moong(Green Gram),Kharif,573100.0,1439.4,73190601.0,126082.0,0.538182
2014,Jharkhand,Gram,Rabi,27679.0,1156.6,4178421.84,9134.07,0.883333
2009,Himachal Pradesh,Gram,Rabi,604.0,969.9,94115.28,102.68,0.397778
2004,Uttar Pradesh,Small millets,Kharif,15937.0,704.0,1726614.58,3346.77,0.322927
2015,Haryana,Ginger,Whole Year,289.0,426.8,45635.99,95.37,14.3375
2015,Uttar Pradesh,Cotton(lint),Kharif,7688.0,596.7,1214012.08,2537.04,0.307692
2001,Uttarakhand,Rice,Kharif,280816.0,1541.3,28679738.08,73012.16,1.608462
2000,Himachal Pradesh,Sugarcane,Whole Year,2817.0,1068.4,276544.89,732.42,2.665714
2011,Tripura,Jute,Kharif,639.0,2295.6,107045.28,210.87,8.57
2008,Arunachal Pradesh,Maize,Kharif,42897.0,2244.4,6135986.88,3860.73,1.459375
2013,West Bengal,Sannhamp,Kharif,782.0,1939.9,112991.18,211.14,4.332857
2002,Manipur,Soyabean,Kharif,280.0,1743.7,26507.6,70.0,1.21
2008,Nagaland,Jute,Kharif,2500.0,1540.9,357600.0,225.0,1.916
2014,Assam,Turmeric,Whole Year,16244.0,1899.0,2452194.24,5360.52,0.968148
2009,Gujarat,Rice,Kharif,658500.0,618.0,102607470.0,111945.0,1.693529
2011,Puducherry,Moong(Green Gram),Kharif,1.0,1434.6,167.52,0.33,1.0
2003,Madhya Pradesh,Small millets,Kharif,400775.0,1163.0,39668709.5,96186.0,0.301622
2018,Haryana,Moong(Green Gram),Kharif,30947.0,533.2,5019603.4,10831.45,0.566875
2009,Bihar,Arhar/Tur,Kharif,27032.0,889.3,4212126.24,4595.44,1.448108
2014,Kerala,Ginger,Whole Year,4800.0,3046.4,724608.0,1584.0,3.689286
2015,Uttar Pradesh,Garlic,Rabi,33599.0,596.7,5305618.09,11087.67,5.782931
2010,Karnataka,Tapioca,Whole Year,879.0,1317.7,146010.69,210.96,11.117778
2015,Madhya Pradesh,Sweet potato,Whole Year,3376.0,1000.7,533104.16,1114.08,15.489231
2010,Rajasthan,Cotton(lint),Kharif,2165779.86,353.3,534266.44,7214.95,0.456433
2009,Andhra Pradesh,Rice,Kharif,2062870.0,711.0,321436403.4,350687.9,2.790909
2005,Madhya Pradesh,Sesamum,Kharif,184090.0,1032.7,22076072.8,38658.9,0.399792
2008,Tripura,Mesta,Kharif,637.0,1827.8,91116.48,57.33,7.905
2013,Nagaland,Groundnut,Kharif,860.0,1350.9,124261.4,232.2,1.012727
2016,Madhya Pradesh,Sesamum,Whole Year,382000.0,1048.4,58541500.0,133700.0,0.497308
2006,Tamil Nadu,Rapeseed &Mustard,Whole Year,344.0,927.9,43932.24,75.68,0.150769
2005,Uttarakhand,Ragi,Kharif,124379.0,1353.3,14915529.68,26119.59,1.38
2001,Andhra Pradesh,Sunflower,Kharif,267613.0,928.4,27331315.69,69579.38,0.986111
2016,Jammu and Kashmir,Cowpea(Lobia),Kharif,256.0,902.8,39232.0,89.6,0.2
2002,Haryana,Sesamum,Kharif,9432.0,353.9,892927.44,2358.0,0.165556
2010,Nagaland,Mesta,Kharif,1550.0,1771.8,257470.5,372.0,1.92
2015,Tamil Nadu,Dry chillies,Whole Year,46522.0,1201.9,7346289.02,15352.26,0.7025
2012,Meghalaya,Potato,Whole Year,18139.0,2945.3,2735361.2,5623.09,7.585714
2000,Assam,Mustard,Rabi,873328.52,2669.6,82294.21,7046.88,0.961091
2005,West Bengal,Wheat,Rabi,366729.0,1650.1,43978141.68,77013.09,1.953333
2018,Madhya Pradesh,Other  Rabi pulses,Rabi,21572.0,1102.2,3498978.4,7550.2,0.715455
2011,Odisha,Arhar/Tur,Kharif,581408.71,1242.7,71274.9,4320.42,0.945486
2013,Kerala,Rubber,Whole Year,13360.07,2473.8,2756.61,167.67,1.544829
2018,Tamil Nadu,Potato,Kharif,2334.0,986.2,378574.8,816.9,13.195
2008,Maharashtra,Groundnut,Kharif,253600.0,1052.8,36274944.0,22824.0,0.7352
2014,Puducherry,Groundnut,Kharif,8.0,1330.0,1207.68,2.64,3.0
2007,Himachal Pradesh,Moth,Kharif,9.0,1095.4,1200.6,1.44,0.276667
2007,Tripura,Rapeseed &Mustard,Rabi,1451.0,2831.8,193563.4,232.16,0.725
2003,Uttar Pradesh,Sugarcane,Whole Year,2110126.0,1075.6,208860271.5,506430.24,48.922143
2006,Tamil Nadu,Maize,Whole Year,197782.0,927.9,25258739.22,43512.04,4.483077
2014,Bihar,Jute,Kharif,94801.0,1061.0,14311158.96,31284.33,14.647273
2020,Uttar Pradesh,Lentil,Rabi,15620.68,751.6,3318.77,71.41,1.12589
2000,Chhattisgarh,Masoor,Rabi,12614.0,896.4,1238316.38,3279.64,0.285333
2015,Karnataka,Sweet potato,Whole Year,3207.0,1024.9,506417.37,1058.31,14.828667
2000,Haryana,Rapeseed &Mustard,Rabi,408772.0,383.7,40129147.24,106280.72,1.202105
2007,Madhya Pradesh,Ragi,Kharif,456.0,740.4,60830.4,72.96,0.21
2015,Chhattisgarh,Wheat,Rabi,105785.0,1136.0,16704509.35,34909.05,1.522
2009,Mizoram,other oilseeds,Kharif,2326.0,2086.3,362437.32,395.42,1.05625
2005,Meghalaya,Tapioca,Whole Year,3989.0,3374.4,478360.88,837.69,6.392857
2002,Rajasthan,Coriander,Rabi,21205.36,317.3,1304.08,218.93,0.656015
2005,Uttar Pradesh,Sannhamp,Kharif,4224.0,751.9,506542.08,887.04,0.342162
2012,Sikkim,Rice,Kharif,11920.0,3006.9,1797536.0,3695.2,1.7175
2014,Assam,Rapeseed &Mustard,Rabi,281006.0,1899.0,42420665.76,92731.98,0.634074
2013,Tripura,Rice,Kharif,254254.0,2043.5,36737160.46,68648.58,2.775
2015,Maharashtra,Wheat,Rabi,910854.0,875.7,143832955.1,300581.82,1.027812
2018,Madhya Pradesh,Castor seed,Kharif,1403.0,1102.2,227566.6,491.05,0.237778
2012,Gujarat,Maize,Kharif,373200.0,460.6,56278560.0,115692.0,1.673889
2013,Chhattisgarh,Small millets,Kharif,127486.0,1418.3,18420452.14,34421.22,0.216667
2014,Kerala,Coconut,Whole Year,793856.0,3046.4,119840501.8,261972.48,6883.315
2006,Himachal Pradesh,Cotton(lint),Kharif,55.0,1207.0,7024.05,12.1,0.5325
2004,Andhra Pradesh,Jowar,Kharif,200661.0,781.8,21739612.74,42138.81,0.863636
2003,Andhra Pradesh,Dry chillies,Kharif,199545.0,826.0,19750964.1,47890.8,3.072273
2008,Andhra Pradesh,Groundnut,Kharif,1499640.0,944.6,214508505.6,134967.6,1.040909
2003,Telangana,Groundnut,Kharif,780807.78,791.1,73402.72,4471.56,1.326288
2014,Maharashtra,Linseed,Rabi,23900.0,1001.6,3607944.0,7887.0,0.235
2012,Chhattisgarh,Maize,Kharif,116839.0,1366.8,17619321.2,36220.09,1.844815
2007,Gujarat,Castor seed,Kharif,358100.0,1021.6,47770540.0,57296.0,2.08
2015,Gujarat,Arhar/Tur,Kharif,229431.0,584.3,36229449.21,75712.23,1.226786
2014,Gujarat,Moong(Green Gram),Kharif,82314.0,605.6,12426121.44,27163.62,0.549062
2003,Gujarat,Tobacco,Whole Year,68200.0,902.5,6750436.0,16368.0,1.79
2017,Tripura,Linseed,Rabi,120.0,3326.8,18892.8,45.6,0.7
2019,Haryana,Ginger,Whole Year,74.0,351.8,12710.24,27.38,10.345
2017,Tamil Nadu,Moong(Green Gram),Kharif,29447.0,970.9,4636135.68,11189.86,0.642143
2008,Puducherry,Moong(Green Gram),Rabi,5.0,1434.6,715.2,0.45,0.6
2019,Chhattisgarh,Peas & beans (Pulses),Rabi,11655.0,1420.3,2001862.8,4312.35,0.362593
2015,Assam,Peas & beans (Pulses),Rabi,28334.0,2155.3,4474221.94,9350.22,0.902593
2016,Arunachal Pradesh,Dry chillies,Whole Year,3541.0,2933.7,542658.25,1239.35,2.7195
2002,Jammu and Kashmir,Groundnut,Kharif,49.0,933.2,4638.83,12.25,0.53
2006,Himachal Pradesh,Garlic,Rabi,2932.0,1207.0,374445.72,645.04,1.043
2017,Maharashtra,Soyabean,Kharif,3693729.0,1129.5,581540693.8,1403617.02,1.225357
2001,Assam,Niger seed,Kharif,8914.0,1824.7,910386.82,2317.64,0.532778
2017,Arunachal Pradesh,Sesamum,Kharif,2050.0,2745.5,322752.0,779.0,0.83125
2006,Himachal Pradesh,Sesamum,Kharif,3802.0,1207.0,485553.42,836.44,0.412222
2000,Punjab,Masoor,Rabi,4700.0,405.3,461399.0,1222.0,0.77375
2015,Himachal Pradesh,Potato,Kharif,6475.0,1223.2,1022467.25,2136.75,10.163
2017,Tamil Nadu,Bajra,Kharif,46028.0,970.9,7246648.32,17490.64,2.344167
2011,West Bengal,Mustard,Rabi,449152.94,1445.2,108777.07,1013.15,1.22229
2012,West Bengal,Safflower,Rabi,487.0,1566.0,73439.6,150.97,0.841667
2001,Andhra Pradesh,Castor seed,Kharif,283585.0,928.4,28962536.05,73732.1,0.296842
2015,Madhya Pradesh,Rapeseed &Mustard,Rabi,621000.0,1000.7,98062110.0,204930.0,0.935238
2001,Madhya Pradesh,Potato,Whole Year,38387.0,955.0,3920464.31,9980.62,13.389556
2007,Tripura,Mesta,Kharif,949.0,2831.8,126596.6,151.84,7.56
2017,Madhya Pradesh,Other Cereals,Rabi,4100.0,800.0,645504.0,1558.0,0.62
2002,Kerala,Sugarcane,Whole Year,3758.0,2511.2,355769.86,939.5,88.460833
2011,Karnataka,Black pepper,Whole Year,21701.0,1179.0,3635351.52,7161.33,0.296923
2013,Odisha,Ragi,Autumn,15768.0,1632.4,2278318.32,4257.36,0.598
2000,Bihar,Mesta,Kharif,31906.0,1207.0,3132212.02,8295.56,6.971053
2012,Madhya Pradesh,Wheat,Rabi,5601025.0,1049.5,844634570.0,1736317.75,2.8566
2002,Karnataka,Groundnut,Kharif,716940.0,860.8,67872709.8,179235.0,0.5808
2011,Maharashtra,Onion,Rabi,139661.79,2068.2,20476.75,1145.77,15.506061
2015,Chhattisgarh,Ginger,Whole Year,1970.0,1136.0,311082.7,650.1,1.194737
2015,Nagaland,Groundnut,Kharif,890.0,1308.3,140539.9,293.7,1.028182
2013,Punjab,Guar seed,Kharif,37100.0,586.6,5360579.0,10017.0,0.914444
2011,Maharashtra,Moong(Green Gram),Kharif,432700.0,1174.1,72485904.0,142791.0,0.5225
2004,Karnataka,Maize,Kharif,783835.0,1117.7,84920683.9,164605.35,3.0068
2003,Andhra Pradesh,Other  Rabi pulses,Rabi,4333.0,826.0,428880.34,1039.92,0.181818
2009,Chhattisgarh,Potato,Whole Year,12076.0,956.9,1881682.32,2052.92,4.504667
2007,Karnataka,Potato,Kharif,54981.0,1323.3,7334465.4,8796.96,5.07
2014,Puducherry,Turmeric,Rabi,1.0,1330.0,150.96,0.33,2.0
2017,Assam,Banana,Whole Year,53082.0,2098.6,8357230.08,20171.16,16.841852
2014,Sikkim,Other Kharif pulses,Kharif,3030.0,2627.0,457408.8,999.9,0.9475
2013,Andhra Pradesh,Black pepper,Kharif,4.0,1062.3,577.96,1.08,0.75
2012,Bihar,Peas & beans (Pulses),Rabi,18496.0,924.1,2789196.8,5733.76,1.037895
2004,Haryana,Maize,Kharif,15768.0,484.6,1708305.12,3311.28,0.746875
2006,Haryana,Maize,Kharif,13412.0,329.3,1712846.52,2950.64,0.520625
2020,Jharkhand,Maize,Kharif,430492.87,1195.1,61494.84,2560.25,4.087163
2013,Madhya Pradesh,Mesta,Kharif,299.0,1451.4,43202.51,80.73,2.164167
2010,Mizoram,Other  Rabi pulses,Rabi,1311.0,2738.7,217770.21,314.64,1.5825
2014,Madhya Pradesh,Small millets,Kharif,122000.0,891.2,18417120.0,40260.0,0.490833
2006,Karnataka,Small millets,Kharif,39586.0,1146.3,5055528.06,8708.92,0.442105
2005,Bihar,Rapeseed &Mustard,Rabi,83622.0,907.8,10027950.24,17560.62,0.894474
2015,Andhra Pradesh,Maize,Kharif,75017.0,940.7,11845934.47,24755.61,3.876923
2016,Uttarakhand,Turmeric,Whole Year,855.0,1580.9,131028.75,299.25,1.975
2000,Andhra Pradesh,Gram,Kharif,100.0,935.6,9817.0,26.0,1.1575
2006,Tripura,Other  Rabi pulses,Rabi,1006.0,1764.3,128476.26,221.32,0.7625
2017,Kerala,Small millets,Whole Year,23.51,2664.8,3701.41,8.93,0.72
2013,Chhattisgarh,Wheat,Rabi,105033.0,1418.3,15176218.17,28358.91,1.5332
2018,Uttarakhand,Rice,Kharif,243666.0,1373.0,39522625.2,85283.1,1.804615
2002,Maharashtra,Banana,Whole Year,83725.16,1802.3,5819.54,608.1,24.364946
2005,Himachal Pradesh,Dry chillies,Kharif,600.0,1248.1,71952.0,126.0,0.292222
2003,Uttarakhand,Wheat,Rabi,383387.0,1734.3,37947645.26,92012.88,1.525385
2014,Bihar,Arhar/Tur,Kharif,19851.0,1061.0,2996706.96,6550.83,1.456757
2017,West Bengal,Maize,Autumn,56185.0,1830.0,8845766.4,21350.3,2.583158
2007,Gujarat,Maize,Kharif,424000.0,1021.6,56561600.0,67840.0,1.401176
2007,Tamil Nadu,Sunflower,Whole Year,44177.0,1067.2,5893211.8,7068.32,1.513077
2015,Andhra Pradesh,Sweet potato,Kharif,135.0,940.7,21317.85,44.55,11.0375
2016,Nagaland,Soyabean,Kharif,24980.0,1959.8,3828185.0,8743.0,1.245455
2015,Maharashtra,Urad,Kharif,285900.0,875.7,45146469.0,94347.0,0.323939
2017,Bihar,Groundnut,Kharif,569.0,1112.0,89583.36,216.22,1.0125
2000,Jharkhand,Onion,Rabi,119073.85,1016.4,19565.15,482.06,14.661568
2010,Meghalaya,Tobacco,Rabi,631.0,3119.7,104815.41,151.44,0.7475
2017,Gujarat,Onion,Rabi,42668.0,814.8,6717649.92,16213.84,28.763793
2013,Punjab,Arhar/Tur,Kharif,2900.0,586.6,419021.0,783.0,0.92375
2004,Assam,Mesta,Kharif,5095.0,2536.9,551992.3,1069.95,4.660952
2017,Assam,Urad,Rabi,61460.0,2098.6,9676262.4,23354.8,0.650741
2000,Arunachal Pradesh,Maize,Kharif,38429.0,2157.7,3772574.93,9991.54,1.478462
2003,Delhi,Sugarcane,Whole Year,4.0,962.3,395.92,0.96,73.25
2002,Rajasthan,Wheat,Rabi,2228139.93,208.3,360706.25,6286.66,3.088233
2004,Nagaland,Sugarcane,Rabi,210.0,1711.5,22751.4,44.1,15.95
2018,Jharkhand,Rice,Kharif,1527103.0,1222.7,247696106.6,534486.05,1.817917
2005,Haryana,Horse-gram,Kharif,5685.0,516.9,681745.2,1193.85,0.121667
2014,Puducherry,Sugarcane,Kharif,1921.0,1330.0,289994.16,633.93,165.0
2007,Odisha,Mustard,Rabi,1057912.71,1753.5,112284.88,5341.53,1.311332
2005,Maharashtra,Rice,Kharif,1473700.0,1387.2,176726104.0,309477.0,1.215667
2019,Chhattisgarh,Potato,Kharif,1741.0,1420.3,299034.16,644.17,6.59375
2016,Gujarat,Mango,Whole Year,150465.25,533.7,19508.83,994.68,5.935808
2011,Gujarat,Garlic,Whole Year,41800.0,890.5,7002336.0,13794.0,5.1405
2011,Puducherry,Black pepper,Kharif,11.0,1434.6,1842.72,3.63,0.45
2016,Kerala,Turmeric,Whole Year,2632.0,2924.3,403354.0,921.2,2.429286
2017,Assam,Sweet potato,Whole Year,5303.0,2098.6,834904.32,2015.14,5.514815
2015,Meghalaya,Cashewnut,Rabi,9498.0,3870.8,1499829.18,3134.34,1.722
2017,Uttarakhand,Rice,Kharif,246539.0,1475.8,38815100.16,93684.82,1.909231
2003,West Bengal,Jowar,Kharif,1283.0,1526.7,126991.34,307.92,0.5325
2001,Arunachal Pradesh,Wheat,Rabi,3805.0,2128.5,388604.65,989.3,1.4325
2006,Uttar Pradesh,Sugarcane,Kharif,2246520.0,590.5,286903069.2,494234.4,51.904571
2012,Haryana,Sweet potato,Whole Year,179.0,307.9,26993.2,55.49,16.783333
2010,Himachal Pradesh,Maize,Kharif,281664.0,1319.8,46787207.04,67599.36,2.593333
2009,Meghalaya,Jute,Kharif,3928.0,2995.9,612060.96,667.76,6.803333
2017,Chhattisgarh,Sweet potato,Whole Year,2511.0,1124.5,395331.84,954.18,5.702083
2019,Himachal Pradesh,Other  Rabi pulses,Rabi,9080.0,1217.7,1559580.8,3359.6,4.0
2018,Tamil Nadu,Other Kharif pulses,Kharif,28942.0,986.2,4694392.4,10129.7,0.689524
2001,Uttar Pradesh,Wheat,Rabi,9255937.0,849.9,945308845.8,2406543.62,2.729565
2007,Delhi,Potato,Whole Year,56.0,677.5,7470.4,8.96,15.86
2001,Assam,Banana,Whole Year,43600.0,1824.7,4452868.0,11336.0,13.776522
2017,Meghalaya,Cowpea(Lobia),Rabi,1669.0,4472.3,262767.36,634.22,1.630909
2003,Chhattisgarh,Niger seed,Kharif,74381.0,1643.7,7362231.38,17851.44,0.192857
2009,Odisha,Rapeseed &Mustard,Winter,12841.0,1330.3,2000884.62,2182.97,0.197241
2007,Goa,Black pepper,Whole Year,666.0,3674.7,88844.4,106.56,0.31
2004,Manipur,Other Kharif pulses,Kharif,3380.0,1613.3,366189.2,709.8,0.512857
2016,Bihar,Sannhamp,Kharif,1201.0,1205.6,184053.25,420.35,0.832
2019,Chhattisgarh,Turmeric,Whole Year,1030.0,1420.3,176912.8,381.1,1.156923
2015,Uttar Pradesh,Coriander,Rabi,7474.0,596.7,1180219.34,2466.42,0.345593
2009,West Bengal,Wheat,Rabi,315888.0,1317.2,49221668.16,53700.96,2.401765
2013,Punjab,Masoor,Rabi,900.0,586.6,130041.0,243.0,0.664
2016,Jammu and Kashmir,Sugarcane,Kharif,45.0,902.8,6896.25,15.75,1.5
2000,Odisha,Sesamum,Kharif,50502.0,1066.0,4957781.34,13130.52,0.182
2015,Jammu and Kashmir,Potato,Kharif,1710.0,1572.6,270026.1,564.3,5.697333
2018,Kerala,Rice,Autumn,60718.46,2989.7,9848534.21,21251.46,1.565385
2011,Uttarakhand,Other Cereals,Rabi,477.0,1564.7,79907.04,157.41,0.848571
2004,Karnataka,Tapioca,Whole Year,1066.0,1117.7,115490.44,223.86,9.385
2005,Tamil Nadu,Black pepper,Whole Year,3745.0,1364.1,449100.4,786.45,0.173077
2019,Assam,Potato,Whole Year,104750.0,2084.7,17991860.0,38757.5,7.303704
2013,Karnataka,Sesamum,Kharif,40986.0,1235.6,5922067.14,11066.22,0.506923
2014,Uttar Pradesh,Peas & beans (Pulses),Rabi,416056.0,616.4,62807813.76,137298.48,0.801216
2018,Tamil Nadu,Jowar,Kharif,182554.0,986.2,29610258.8,63893.9,1.5472
2012,Tripura,Wheat,Rabi,334.0,1882.2,50367.2,103.54,2.43625
2012,Chhattisgarh,Masoor,Rabi,15864.0,1366.8,2392291.2,4917.84,0.329565
2006,West Bengal,Jute,Kharif,594874.0,1631.4,75971358.54,130872.28,14.856471
2002,Uttar Pradesh,Lentil,Rabi,20593.23,1067.0,2988.41,197.25,0.708767
2010,Karnataka,Mango,Whole Year,230185.32,972.0,50442.3,2280.8,5.874617
2016,Assam,Mesta,Kharif,3544.0,2296.8,543118.0,1240.4,5.905385
2000,Karnataka,Ginger,Kharif,10758.0,1213.3,1056112.86,2797.08,12.768235
2002,Nagaland,Other  Rabi pulses,Rabi,14690.0,1536.6,1390702.3,3672.5,0.84875
2014,Kerala,Ragi,Whole Year,79.0,3046.4,11925.84,26.07,0.995
2011,Meghalaya,Dry chillies,Whole Year,1893.0,4083.1,317115.36,624.69,1.041429
2009,Andhra Pradesh,Turmeric,Kharif,45503.25,830.0,6571.4,308.22,5.682778
2013,Maharashtra,Sugarcane,Whole Year,937100.0,1409.8,135401579.0,253017.0,79.051154
2005,Mizoram,Other Kharif pulses,Kharif,4223.0,2075.4,506422.16,886.83,1.1275
2020,Bihar,Arhar/Tur,Kharif,317597.0,1469.5,52078.22,1461.75,1.024683
2014,Madhya Pradesh,Maize,Kharif,1131000.0,891.2,170735760.0,373230.0,2.093061
2005,Tripura,Other  Rabi pulses,Rabi,1275.0,1765.9,152898.0,267.75,0.7825
2009,Rajasthan,Coriander,Rabi,19931.55,155.3,2307.48,149.97,0.810031
2007,Tamil Nadu,Tobacco,Whole Year,5903.0,1067.2,787460.2,944.48,1.4625
2019,Jharkhand,Potato,Rabi,102674.48,610.8,11831.5,416.32,26.085564
2004,Madhya Pradesh,Barley,Rabi,82522.0,895.7,8940433.48,17329.62,1.428421
2005,Rajasthan,Jowar,Kharif,501109.59,393.7,73969.81,3070.86,0.956756
2006,Manipur,Rice,Kharif,165370.0,1533.6,21119402.7,36381.4,2.276667
2004,West Bengal,Horse-gram,Rabi,2785.0,1612.9,301726.9,584.85,0.364
2011,Tripura,Masoor,Rabi,425.0,2295.6,71196.0,140.25,0.775
2012,West Bengal,Jute,Kharif,576709.0,1566.0,86967717.2,178779.79,15.568125
2000,West Bengal,Ragi,Kharif,12651.0,1907.7,1241948.67,3289.26,0.926
2019,Assam,Black pepper,Whole Year,3410.0,2084.7,585701.6,1261.7,2.28963
2003,Nagaland,Wheat,Rabi,10000.0,1709.8,989800.0,2400.0,1.86625
2003,Jammu and Kashmir,Cotton(lint),Kharif,10.0,1430.3,989.8,2.4,0.41
2008,Nagaland,Other Kharif pulses,Kharif,1400.0,1540.9,200256.0,126.0,0.878182
2007,Jammu and Kashmir,Barley,Kharif,560.0,1042.2,74704.0,89.6,0.26
2019,Andhra Pradesh,Ginger,Kharif,294.0,899.2,50497.44,108.78,1.922
2014,Telangana,Other  Rabi pulses,Rabi,107.0,746.4,16152.72,35.31,1.11
2006,Haryana,Moth,Kharif,1917.0,329.3,244820.07,421.74,0.1775
2002,Goa,Banana,Whole Year,2116.0,2516.3,200321.72,529.0,7.44
2000,West Bengal,Soyabean,Kharif,538.0,1907.7,52815.46,139.88,0.5775
2017,Goa,Banana,Whole Year,2428.0,2772.5,382264.32,922.64,11.115
2019,Tamil Nadu,Rice,Autumn,206535.0,910.1,35474451.6,76417.95,4.077241
2001,Bihar,Wheat,Rabi,2181543.0,1247.0,222800986.6,567201.18,1.977568
2003,Odisha,Ragi,Kharif,70490.0,1648.2,6977100.2,16917.6,0.4768
2016,Madhya Pradesh,Arhar/Tur,Kharif,692000.0,1048.4,106049000.0,242200.0,1.214324
2002,Karnataka,Moong(Green Gram),Kharif,402442.0,860.8,38099184.14,100610.5,0.079565
2004,Uttar Pradesh,Gram,Rabi,692987.0,704.0,75078211.58,145527.27,0.951857
2012,Uttar Pradesh,Groundnut,Kharif,94399.0,746.3,14235369.2,29263.69,1.058103
2013,Assam,Tapioca,Whole Year,3128.0,1797.7,451964.72,844.56,8.4792
2001,Madhya Pradesh,Turmeric,Whole Year,382.0,955.0,39013.66,99.32,0.968571
2011,Mizoram,Maize,Kharif,6696.0,2439.3,1121713.92,2209.68,1.32
2008,Tripura,Rapeseed &Mustard,Rabi,1588.0,1827.8,227147.52,142.92,0.735
2015,Meghalaya,Maize,Kharif,18056.0,3870.8,2851222.96,5958.48,2.24
2016,Himachal Pradesh,Bajra,Kharif,157.0,1373.9,24060.25,54.95,0.58
2017,Nagaland,Arhar/Tur,Kharif,3200.0,1722.1,503808.0,1216.0,0.91
2012,Madhya Pradesh,Sugarcane,Whole Year,53901.0,1049.5,8128270.8,16709.31,36.849583
2006,Haryana,Barley,Rabi,37650.0,329.3,4808281.5,8283.0,1.874
2010,Maharashtra,Jowar,Kharif,1031700.0,1389.0,171375687.0,247608.0,1.2292
2012,Madhya Pradesh,Niger seed,Kharif,77683.0,1049.5,11714596.4,24081.73,0.320588
2007,Andhra Pradesh,Bajra,Kharif,60000.0,1004.2,8004000.0,9600.0,1.391538
2011,Uttar Pradesh,Jowar,Kharif,192340.0,777.4,32220796.8,63472.2,0.984828
2002,Maharashtra,Jowar,Kharif,1718300.0,967.4,162671461.0,429575.0,1.252857
2008,Maharashtra,Arhar/Tur,Kharif,1008500.0,1052.8,144255840.0,90765.0,0.5575
2000,Delhi,Barley,Kharif,235.0,544.3,23069.95,61.1,0.32
2006,Uttar Pradesh,Potato,Rabi,469301.0,590.5,59934430.71,103246.22,20.566571
2007,Andhra Pradesh,Arhar/Tur,Kharif,463000.0,1004.2,61764200.0,74080.0,0.635714
2018,Tripura,Rapeseed &Mustard,Rabi,7729.0,2169.1,1253643.8,2705.15,0.83125
2007,Odisha,Sesamum,Autumn,4528.0,1633.8,604035.2,724.48,0.197059
2008,Tamil Nadu,Sweet potato,Whole Year,658.0,1201.9,94120.32,59.22,13.525652
2012,Haryana,Garlic,Whole Year,657.0,307.9,99075.6,203.67,9.393333
2002,West Bengal,Small millets,Kharif,3126.0,1629.1,295938.42,781.5,0.85625
2017,Telangana,Potato,Kharif,19.0,815.7,2991.36,7.22,7.94
2013,Assam,Cotton(lint),Kharif,1140.0,1797.7,164718.6,307.8,0.469167
2018,Maharashtra,Arhar/Tur,Kharif,1261309.0,1387.4,204584319.8,441458.15,0.56871
2002,Himachal Pradesh,Ginger,Kharif,2455.0,890.8,232414.85,613.75,6.73
2005,Chhattisgarh,Tobacco,Whole Year,29.0,1292.7,3477.68,6.09,0.525
2000,Andhra Pradesh,Sunflower,Kharif,197261.0,935.6,19365112.37,51287.86,1.038421
2018,Bihar,Small millets,Kharif,9317.0,1521.4,1511217.4,3260.95,0.779167
2013,Karnataka,Horse-gram,Kharif,60159.0,1235.6,8692373.91,16242.93,0.537778
2013,Uttarakhand,Arhar/Tur,Kharif,2330.0,1735.4,336661.7,629.1,0.793077
2018,Tamil Nadu,Arhar/Tur,Kharif,41381.0,986.2,6711998.2,14483.35,1.188571
2011,Puducherry,Coconut,Whole Year,2095.0,1434.6,350954.4,691.35,9838.6475
2010,Uttarakhand,Other Kharif pulses,Kharif,13019.0,1419.0,2162586.09,3124.56,0.893636
2015,Jharkhand,Urad,Autumn,43173.0,1085.6,6817448.43,14247.09,1.472353
2019,Chhattisgarh,Ginger,Whole Year,1162.0,1420.3,199585.12,429.94,1.413182
2001,Assam,Turmeric,Whole Year,11812.0,1824.7,1206359.56,3071.12,0.672174
2017,Assam,Moong(Green Gram),Rabi,11410.0,2098.6,1796390.4,4335.8,0.658519
2001,Karnataka,Mesta,Kharif,3668.0,1002.9,374612.84,953.68,1.94375
2004,Uttarakhand,Other Kharif pulses,Kharif,14316.0,1219.6,1550995.44,3006.36,0.620769
2010,Tamil Nadu,Cotton(lint),Kharif,120765.0,1095.2,20060274.15,28983.6,2.360345
2017,Uttarakhand,Ragi,Kharif,101504.0,1475.8,15980789.76,38571.52,1.492727
2015,Puducherry,Onion,Summer,1.0,1980.6,157.91,0.33,6.0
2019,Chhattisgarh,Bajra,Kharif,96.0,1420.3,16488.96,35.52,0.696
2005,Karnataka,Gram,Rabi,418369.0,1316.2,50170810.48,87857.49,0.522
2013,Telangana,other oilseeds,Kharif,3645.0,1348.7,526666.05,984.15,8.973333
2014,Telangana,Wheat,Rabi,5828.0,746.4,879794.88,1923.24,1.156
2005,Bihar,Small millets,Kharif,6900.0,907.8,827448.0,1449.0,0.767692
2009,Tamil Nadu,Bajra,Whole Year,54427.0,928.5,8480815.14,9252.59,1.649615
2018,West Bengal,Safflower,Kharif,6.0,2012.6,973.2,2.1,0.67
2004,Tamil Nadu,Cardamom,Whole Year,4936.0,1034.0,534766.24,1036.56,0.071818
2017,Punjab,Mustard,Rabi,953946.23,590.4,182681.87,11856.67,1.403406
2014,Tamil Nadu,Small millets,Kharif,20444.0,911.3,3086226.24,6746.52,1.504091
2010,Karnataka,Rice,Kharif,1129304.0,1317.7,187588687.4,271032.96,2.654
2000,Mizoram,Maize,Kharif,6410.0,2834.3,629269.7,1666.6,2.1825
2017,Chhattisgarh,Linseed,Rabi,17761.0,1124.5,2796291.84,6749.18,0.21625
2007,Uttar Pradesh,Bajra,Kharif,876979.0,672.9,116988998.6,140316.64,1.394516
2017,Gujarat,Bajra,Kharif,153027.0,814.8,24092570.88,58150.26,1.644
2019,Himachal Pradesh,Cotton(lint),Kharif,15.0,1217.7,2576.4,5.55,0.47
2017,Haryana,Gram,Rabi,32100.0,417.1,5053824.0,12198.0,1.284615
2015,Tripura,Wheat,Rabi,182.0,2334.4,28739.62,60.06,2.221429
2002,Kerala,Cardamom,Whole Year,41412.0,2511.2,3920474.04,10353.0,0.068
2013,Maharashtra,Maize,Kharif,746700.0,1409.8,107890683.0,201609.0,2.6244
2006,Gujarat,Banana,Whole Year,26600.0,1056.2,3397086.0,5852.0,57.658462
2012,Uttarakhand,Groundnut,Kharif,1067.0,1309.8,160903.6,330.77,1.106667
2013,Puducherry,Turmeric,Rabi,2.0,1083.2,288.98,0.54,2.5
2016,Tripura,Sugarcane,Whole Year,822.0,2475.3,125971.5,287.7,54.71125
2009,Uttar Pradesh,Maize,Kharif,674808.0,585.8,105148582.6,114717.36,1.431
2005,Jammu and Kashmir,Sannhamp,Kharif,225.0,1721.8,26982.0,47.25,0.6375
2012,Andhra Pradesh,Cotton(lint),Kharif,2402000.0,968.7,362221600.0,744620.0,2.440455
2002,Nagaland,Groundnut,Kharif,2000.0,1536.6,189340.0,500.0,1.33875
2017,Bihar,Rapeseed &Mustard,Rabi,79126.0,1112.0,12457597.44,30067.88,1.191053
2000,Tamil Nadu,Other Cereals,Kharif,87384.0,971.1,8578487.28,22719.84,0.826316
2012,Odisha,Rice,Autumn,561000.0,1430.2,84598800.0,173910.0,1.56
2002,Andhra Pradesh,Turmeric,Kharif,15846.83,623.5,2029.74,91.17,5.412954
2011,Himachal Pradesh,Sesamum,Kharif,2876.0,1108.3,481787.52,949.08,0.317778
2003,Meghalaya,Dry chillies,Whole Year,1807.0,3321.3,178856.86,433.68,0.671429
2000,Tamil Nadu,Potato,Whole Year,2723.0,971.1,267316.91,707.98,18.08
2012,Assam,Arecanut,Rabi,67327.0,2167.5,10152911.6,20871.37,1.557037
2012,Kerala,Small millets,Whole Year,62.0,2187.6,9349.6,19.22,0.98
2011,Assam,Arecanut,Rabi,68699.0,1743.4,11508456.48,22670.67,0.878148
2014,Telangana,Castor seed,Kharif,49717.0,746.4,7505278.32,16406.61,0.474286
2004,Delhi,Other Kharif pulses,Kharif,150.0,651.9,16251.0,31.5,1.43
2004,Haryana,Gram,Rabi,107920.0,484.6,11692052.8,22663.2,0.721053
2017,Uttar Pradesh,Dry chillies,Kharif,13636.0,652.1,2146851.84,5181.68,0.928194
2005,Maharashtra,Other  Rabi pulses,Rabi,141100.0,1387.2,16920712.0,29631.0,0.462593
2012,Goa,Other Kharif pulses,Kharif,226.0,3048.9,34080.8,70.06,0.67
2002,Meghalaya,Arhar/Tur,Kharif,810.0,4355.3,76682.7,202.5,0.793333
2005,West Bengal,Potato,Whole Year,354455.0,1650.1,42506243.6,74435.55,19.345
2017,Jammu and Kashmir,Other Cereals,Kharif,2395.0,1279.1,377068.8,910.1,2.171667
2020,Odisha,Groundnut,Kharif,630498.71,1323.1,69327.96,5299.74,1.859484
2007,Himachal Pradesh,Rice,Kharif,78571.0,1095.4,10481371.4,12571.36,1.686364
2010,Karnataka,Other  Rabi pulses,Rabi,12965.0,1317.7,2153616.15,3111.6,0.363889
2002,Gujarat,Banana,Whole Year,49994.83,765.4,6180.08,143.87,19.04338
2015,Sikkim,Maize,Kharif,38955.0,2949.1,6151384.05,12855.15,1.72
2019,Rajasthan,Groundnut,Kharif,563046.0,588.8,69550.44,2320.25,1.889668
2005,Andhra Pradesh,Other  Rabi pulses,Rabi,16032.0,1075.5,1922557.44,3366.72,0.401667
2014,Tamil Nadu,Coconut,Whole Year,427841.0,911.3,64586877.36,141187.53,10713.87226
2006,Gujarat,Urad,Kharif,89500.0,1056.2,11430045.0,19690.0,0.510833
2017,Karnataka,Gram,Rabi,1265207.0,1111.7,199194190.1,480778.66,0.737917
2020,Karnataka,Maize,Kharif,199220.18,1895.7,44354.8,961.01,3.611736
2015,Uttar Pradesh,Guar seed,Kharif,1755.0,596.7,277132.05,579.15,0.822889
2007,Jammu and Kashmir,Urad,Kharif,15687.0,1042.2,2092645.8,2509.92,0.497143
2002,Karnataka,Tobacco,Whole Year,82350.0,860.8,7796074.5,20587.5,0.67875
2003,Nagaland,Other  Rabi pulses,Rabi,4030.0,1709.8,398889.4,967.2,0.85125
2005,West Bengal,Rice,Autumn,288129.0,1650.1,34552429.68,60507.09,2.116111
2010,Bihar,Rice,Autumn,495218.0,629.2,82260661.98,118852.32,0.919643
2007,Kerala,Other Cereals,Kharif,341.0,3489.6,45489.4,54.56,0.853333
2011,Jharkhand,Masoor,Rabi,5097.0,1374.7,853849.44,1682.01,1.0125
2016,Bihar,Horse-gram,Kharif,8300.0,1205.6,1271975.0,2905.0,0.919444
2011,Uttar Pradesh,Lentil,Rabi,22868.27,792.8,3741.19,237.42,0.881443
2019,Rajasthan,Jowar,Kharif,1360202.85,396.2,290942.67,3713.01,1.648761
2016,Karnataka,Mango,Whole Year,153974.53,2621.4,16265.85,512.19,7.812396
2005,Punjab,Peas & beans (Pulses),Rabi,3500.0,566.7,419720.0,735.0,0.987
2006,Manipur,Soyabean,Kharif,300.0,1533.6,38313.0,66.0,1.215
2017,Bihar,Mesta,Kharif,20727.0,1112.0,3263258.88,7876.26,1.500769
2007,Gujarat,Jowar,Kharif,81400.0,1021.6,10858760.0,13024.0,1.297778
2007,Tamil Nadu,Ragi,Whole Year,93701.0,1067.2,12499713.4,14992.16,1.996538
2009,Rajasthan,Groundnut,Kharif,539517.22,345.9,136386.21,2563.02,1.334366
2006,Gujarat,Jowar,Kharif,95600.0,1056.2,12209076.0,21032.0,1.106667
2015,Himachal Pradesh,Masoor,Rabi,441.0,1223.2,69638.31,145.53,0.564444
2005,Meghalaya,Other  Rabi pulses,Rabi,2163.0,3374.4,259386.96,454.23,0.775714
2001,Chhattisgarh,Safflower,Rabi,338.0,1550.0,34519.94,87.88,0.24125
2008,Karnataka,Black pepper,Whole Year,17451.0,1164.1,2496191.04,1570.59,4.133571
2012,Telangana,Mango,Whole Year,210038.92,824.6,28403.29,2283.07,6.047035
2015,Telangana,Moong(Green Gram),Kharif,411094.0,747.9,64915853.54,135661.02,1.773333
2011,Uttar Pradesh,Guar seed,Kharif,2352.0,777.4,394007.04,776.16,0.812419
2009,Tamil Nadu,Coriander,Whole Year,15977.0,928.5,2489536.14,2716.09,0.355417
2012,Uttarakhand,Other Cereals,Rabi,631.0,1309.8,95154.8,195.61,0.807143
2003,West Bengal,Sannhamp,Whole Year,1273.0,1526.7,126001.54,305.52,5.142857
2006,Chhattisgarh,Turmeric,Whole Year,879.0,1317.2,112257.09,193.38,0.792222
2019,Tripura,Soyabean,Kharif,35.0,2252.8,6011.6,12.95,0.7325
2012,Assam,Dry chillies,Whole Year,18974.0,2167.5,2861279.2,5881.94,0.746667
2004,West Bengal,Soyabean,Kharif,540.0,1612.9,58503.6,113.4,0.5375
2005,Assam,Potato,Whole Year,69638.0,2184.6,8350988.96,14623.98,5.326296
2019,Chhattisgarh,Gram,Rabi,419934.0,1420.3,72127863.84,155375.58,0.397407
2018,Gujarat,Garlic,Whole Year,9870.0,1125.4,1600914.0,3454.5,6.822857
2003,Bihar,Rice,Autumn,553904.0,1353.9,54825417.92,132936.96,1.141667
2013,Madhya Pradesh,Coriander,Whole Year,143986.0,1451.4,20804537.14,38876.22,0.465
2015,Tamil Nadu,Sunflower,Kharif,1957.0,1201.9,309029.87,645.81,1.389524
2006,Tripura,Other Kharif pulses,Kharif,1651.0,1764.3,210849.21,363.22,0.6775
2006,Chhattisgarh,Sesamum,Kharif,21335.0,1317.2,2724692.85,4693.7,0.274444
2003,Chhattisgarh,Moong(Green Gram),Kharif,9804.0,1643.7,970399.92,2352.96,0.258125
2012,Bihar,Rapeseed &Mustard,Rabi,86823.0,924.1,13092908.4,26915.13,1.306486
2018,Arunachal Pradesh,other oilseeds,Kharif,715.0,2992.9,115973.0,250.25,1.14
2011,Arunachal Pradesh,Wheat,Rabi,3700.0,2193.7,619824.0,1221.0,1.818
2017,Himachal Pradesh,Masoor,Rabi,441.0,1182.2,69431.04,167.58,0.848889
2004,Assam,Cotton(lint),Kharif,1389.0,2536.9,150484.26,291.69,0.482609
2019,Telangana,Cotton(lint),Kharif,2126621.0,1031.7,365268423.0,786849.77,3.249062
2002,Kerala,Cotton(lint),Kharif,3400.0,2511.2,321878.0,850.0,1.61
2017,Odisha,Niger seed,Winter,18348.0,1344.4,2888709.12,6972.24,0.264444
2010,Odisha,Mustard,Rabi,454912.43,1274.5,48106.46,1275.18,1.456908
2012,Kerala,Ragi,Whole Year,113.0,2187.6,17040.4,35.03,0.55
2004,Uttar Pradesh,Barley,Rabi,209126.0,704.0,22656710.84,43916.46,1.896286
2016,Bihar,Sesamum,Kharif,2032.0,1205.6,311404.0,711.2,0.9192
2000,West Bengal,Turmeric,Whole Year,13885.0,1907.7,1363090.45,3610.1,1.536111
2019,Uttar Pradesh,Potato,Rabi,552382.0,814.5,94877132.32,204381.34,25.4704
2005,Jharkhand,Maize,Autumn,74754.36,965.2,8964542.85,15698.42,1.040909
2005,Gujarat,Moong(Green Gram),Kharif,153700.0,942.4,18431704.0,32277.0,0.587917
2018,Odisha,Groundnut,Autumn,10974.0,1635.9,1779982.8,3840.9,1.1135
2002,Tamil Nadu,Moong(Green Gram),Kharif,112812.0,315.9,10679912.04,28203.0,0.411852
2007,Tamil Nadu,Rice,Kharif,1789170.0,1067.2,238675278.0,286267.2,3.213793
2017,Uttarakhand,Gram,Rabi,530.0,1475.8,83443.2,201.4,0.733333
2011,Jharkhand,Potato,Rabi,16213.0,1374.7,2716001.76,5350.29,7.81625
2010,Chhattisgarh,Safflower,Rabi,802.0,1283.1,133220.22,192.48,0.287143
2010,Uttar Pradesh,Lentil,Rabi,14744.71,959.8,2904.34,164.94,0.84903
2012,Punjab,Wheat,Rabi,3517000.0,338.9,530363600.0,1090270.0,4.677273
2001,Delhi,Barley,Kharif,122.0,611.9,12459.86,31.72,0.49
2014,Chhattisgarh,Ragi,Kharif,7640.0,1274.7,1153334.4,2521.2,0.235
2013,Assam,Mesta,Kharif,4444.0,1797.7,642113.56,1199.88,5.858148
2010,Uttarakhand,Tobacco,Whole Year,8.0,1419.0,1328.88,1.92,2.89
2017,Jharkhand,Groundnut,Kharif,32273.0,1165.7,5081061.12,12263.74,0.926667
2015,Meghalaya,Soyabean,Kharif,1735.0,3870.8,273973.85,572.55,2.27
2013,Tripura,Gram,Rabi,125.0,2043.5,18061.25,33.75,0.753333
2003,Chhattisgarh,Ragi,Kharif,10647.0,1643.7,1053840.06,2555.28,0.265455
2002,Andhra Pradesh,Mango,Whole Year,239548.58,981.9,20858.96,2379.64,4.941206
2003,Rajasthan,Mustard,Rabi,948866.36,407.9,202735.3,9533.08,1.219875
2016,West Bengal,Sugarcane,Whole Year,20995.0,1795.8,3217483.75,7348.25,72.571053
2018,Himachal Pradesh,Urad,Kharif,7001.0,1052.2,1135562.2,2450.35,0.732727
2004,Chhattisgarh,Other Kharif pulses,Kharif,7220.0,1122.8,782214.8,1516.2,0.278125
2008,Goa,Rice,Kharif,33638.0,3271.6,4811579.52,3027.42,2.325
2015,Andhra Pradesh,Groundnut,Kharif,682130.0,940.7,107715148.3,225102.9,1.811538
2020,Uttarakhand,Sugarcane,Whole Year,90184.0,1313.9,17460524.24,33368.08,81.54
2016,Uttar Pradesh,Ginger,Kharif,916.0,965.3,140377.0,320.6,4.085714
2013,Telangana,Sweet potato,Whole Year,109.0,1348.7,15749.41,29.43,7.57
2002,Nagaland,Wheat,Rabi,7650.0,1536.6,724225.5,1912.5,2.0775
2012,Chhattisgarh,Groundnut,Kharif,29397.0,1366.8,4433067.6,9113.07,1.467826
2002,Rajasthan,Bajra,Kharif,1538580.2,240.0,287048.09,15087.54,1.16511
2006,West Bengal,Castor seed,Rabi,58.0,1631.4,7407.18,12.76,0.84
2003,Andhra Pradesh,Sunflower,Kharif,490757.0,826.0,48575127.86,117781.68,1.057143
2009,Tamil Nadu,Potato,Whole Year,4611.0,928.5,718486.02,783.87,19.2475
2014,Karnataka,Tobacco,Whole Year,94322.0,1238.5,14238849.12,31126.26,0.782727
2001,Bihar,Jute,Kharif,142635.0,1247.0,14567312.55,37085.1,6.347778
2006,Uttar Pradesh,Urad,Kharif,27184.11,890.3,2137.11,80.56,0.602061
2017,Punjab,Masoor,Rabi,800.0,497.5,125952.0,304.0,0.75
2011,West Bengal,Horse-gram,Kharif,2046.0,1686.5,342745.92,675.18,0.525
2003,Tripura,Cotton(lint),Kharif,1217.0,2487.9,120458.66,292.08,0.2475
2017,Andhra Pradesh,Oilseeds total,Kharif,786064.0,868.2,123757916.2,298704.32,7.239231
2007,Kerala,Cashewnut,Whole Year,58381.0,3489.6,7788025.4,9340.96,0.579286
2014,Uttarakhand,Sesamum,Kharif,1540.0,1287.4,232478.4,508.2,0.256154
2002,Mizoram,Rice,Kharif,57067.0,2627.0,5402532.89,14266.75,1.89
2008,Meghalaya,Rice,Autumn,32570.0,3114.3,4658812.8,2931.3,1.53
2019,Haryana,Moong(Green Gram),Kharif,23852.0,351.8,4096819.52,8825.24,0.5855
2008,Madhya Pradesh,Peas & beans (Pulses),Rabi,202535.0,895.0,28970606.4,18228.15,0.4734
2014,Nagaland,Linseed,Rabi,5780.0,1333.3,872548.8,1907.4,0.805455
2014,West Bengal,Small millets,Autumn,1020.0,1483.5,153979.2,336.6,0.58
2006,Assam,Mustard,Rabi,302664.08,2423.0,69131.31,1684.11,1.253426
2011,Puducherry,Other Kharif pulses,Kharif,1.0,1434.6,167.52,0.33,1.0
2016,Uttar Pradesh,Soyabean,Kharif,10520.0,965.3,1612190.0,3682.0,0.692308
2019,Chhattisgarh,Other  Rabi pulses,Rabi,2772.0,1420.3,476118.72,1025.64,0.235
2019,Puducherry,Banana,Kharif,273.0,1317.0,46890.48,101.01,32.766667
2006,Chhattisgarh,Masoor,Rabi,16871.0,1317.2,2154595.41,3711.62,0.308667
2002,Karnataka,Soyabean,Kharif,57543.0,860.8,5447595.81,14385.75,0.807
2012,Nagaland,Bajra,Kharif,680.0,1296.6,102544.0,210.8,0.989091
2016,Tamil Nadu,Castor seed,Kharif,4705.0,912.4,721041.25,1646.75,0.29375
2001,Chhattisgarh,Ragi,Kharif,10860.0,1550.0,1109131.8,2823.6,0.283636
2015,Assam,Linseed,Rabi,5272.0,2155.3,832501.52,1739.76,0.599167
2017,Chhattisgarh,Dry chillies,Whole Year,6680.0,1124.5,1051699.2,2538.4,0.682692
2018,Kerala,Cardamom,Whole Year,38882.0,2989.7,6306660.4,13608.7,0.068571
2016,Andhra Pradesh,Mesta,Kharif,6702.0,890.0,1027081.5,2345.7,9.31
2008,Gujarat,Maize,Kharif,418900.0,746.1,59919456.0,37701.0,1.478333
2002,Odisha,Urad,Kharif,117293.0,1102.8,11104128.31,29323.25,0.202333
2019,Karnataka,Gram,Rabi,908637.0,1422.3,156067491.1,336195.69,0.7125
2017,Himachal Pradesh,Urad,Kharif,6922.0,1182.2,1089799.68,2630.36,0.729091
2013,Chhattisgarh,Coriander,Rabi,17.0,1418.3,2456.33,4.59,0.53
2012,Meghalaya,Wheat,Rabi,406.0,2945.3,61224.8,125.86,1.356667
2002,Uttarakhand,Onion,Rabi,8497.0,1610.3,804410.99,2124.25,10.32
2003,Punjab,Moth,Kharif,600.0,451.7,59388.0,144.0,0.833333
2008,Manipur,Turmeric,Whole Year,834.0,1134.8,119295.36,75.06,11.776667
2016,Maharashtra,Urad,Kharif,337944.0,1151.1,51789918.0,118280.4,0.577879
2016,Odisha,Rapeseed &Mustard,Winter,9698.0,1460.5,1486218.5,3394.3,0.293214
2001,Maharashtra,Cotton(lint),Kharif,3104700.0,1035.8,317083011.0,807222.0,0.897308
2010,Maharashtra,Rapeseed &Mustard,Rabi,7700.0,1389.0,1279047.0,1848.0,0.414348
2002,Arunachal Pradesh,Small millets,Kharif,21110.0,2832.8,1998483.7,5277.5,0.942
2001,Uttar Pradesh,Groundnut,Kharif,107515.0,849.9,10980506.95,27953.9,0.894915
2019,Tamil Nadu,Cardamom,Whole Year,3831.0,910.1,658012.56,1417.47,0.093333
2013,Bihar,Banana,Whole Year,26133.89,1016.7,2769.07,176.17,25.94232
2001,Meghalaya,Dry chillies,Whole Year,1825.0,4241.0,186387.25,474.5,0.655714
2009,West Bengal,Soyabean,Kharif,551.0,1317.2,85856.82,93.67,0.64
2012,Tripura,Moong(Green Gram),Kharif,386.0,1882.2,58208.8,119.66,0.535
2017,Uttarakhand,Maize,Kharif,20806.0,1475.8,3275696.64,7906.28,1.868462
2002,Andhra Pradesh,Other Kharif pulses,Kharif,6915.0,648.1,654643.05,1728.75,0.223
2018,Chhattisgarh,Soyabean,Kharif,81562.0,1515.5,13229356.4,28546.7,0.764706
2002,West Bengal,Peas & beans (Pulses),Rabi,10754.0,1629.1,1018081.18,2688.5,0.807647
2017,Haryana,Arhar/Tur,Kharif,4410.0,417.1,694310.4,1675.8,1.108333
2011,Assam,Tobacco,Whole Year,341.0,1743.4,57124.32,112.53,0.631304
2008,Tamil Nadu,Dry chillies,Whole Year,65412.0,1201.9,9356532.48,5887.08,0.65129
2003,Gujarat,Potato,Whole Year,31000.0,902.5,3068380.0,7440.0,22.146
2019,Odisha,Niger seed,Winter,15898.0,1593.9,2730640.48,5882.26,0.287
2002,Arunachal Pradesh,Wheat,Rabi,4114.0,2832.8,389472.38,1028.5,1.481538
2009,Bihar,Jute,Kharif,125111.0,889.3,19494796.02,21268.87,9.361429
2010,Madhya Pradesh,Dry chillies,Whole Year,54136.0,856.3,8992530.96,12992.64,1.942245
2015,Arunachal Pradesh,Turmeric,Whole Year,800.0,2593.2,126328.0,264.0,4.782
2011,Manipur,Maize,Kharif,20000.0,1533.6,3350400.0,6600.0,1.696667
2005,Chhattisgarh,Safflower,Rabi,960.0,1292.7,115123.2,201.6,0.189091
2007,Bihar,Jowar,Kharif,3426.0,1600.2,457028.4,548.16,1.086429
2019,Maharashtra,Sesamum,Kharif,20063.0,1555.8,3446020.88,7423.31,0.184138
2002,Madhya Pradesh,Banana,Whole Year,16117.0,800.8,1525796.39,4029.25,17.725652
2012,Uttarakhand,Moong(Green Gram),Summer,12.0,1309.8,1809.6,3.72,0.725
2018,Jharkhand,Masoor,Rabi,57262.0,1222.7,9287896.4,20041.7,0.854167
2018,Goa,Banana,Whole Year,2411.0,4406.0,391064.2,843.85,11.18
2015,Puducherry,Sweet potato,Kharif,5.0,1980.6,789.55,1.65,14.6
2018,Jharkhand,Sugarcane,Whole Year,691493.81,1005.2,184417.29,3821.26,73.919408
2004,Andhra Pradesh,Arhar/Tur,Kharif,471825.0,781.8,51117520.5,99083.25,0.479091
2001,Rajasthan,Groundnut,Kharif,253564.09,403.4,42949.81,2273.68,1.198164
2000,Karnataka,Maize,Kharif,599893.0,1213.3,58891495.81,155972.18,3.1712
2002,Manipur,Sugarcane,Whole Year,320.0,1743.7,30294.4,80.0,32.656667
2012,Karnataka,Soyabean,Kharif,169509.0,956.2,25561957.2,52547.79,0.878889
2006,Himachal Pradesh,Moong(Green Gram),Kharif,452.0,1207.0,57724.92,99.44,0.415556
2017,Arunachal Pradesh,Other  Rabi pulses,Rabi,1268.0,2745.5,199633.92,481.84,0.764667
2005,Bihar,Garlic,Whole Year,2711.0,907.8,325103.12,569.31,1.476774
2000,Punjab,Barley,Rabi,32000.0,405.3,3141440.0,8320.0,3.314
2006,Nagaland,Linseed,Rabi,8800.0,1362.5,1123848.0,1936.0,0.63375
2011,Bihar,Horse-gram,Kharif,8641.0,1097.1,1447540.32,2851.53,0.954762
2008,Telangana,Sugarcane,Whole Year,823598.6,750.3,101494.0,1042.27,71.002966
2018,Tamil Nadu,Gram,Rabi,5851.0,986.2,949032.2,2047.85,0.945
2000,Karnataka,Ragi,Kharif,983456.0,1213.3,96545875.52,255698.56,1.644
2011,Chhattisgarh,Castor seed,Kharif,49.0,1302.7,8208.48,16.17,0.34
2014,Manipur,Cashewnut,Whole Year,31.0,987.5,4679.76,10.23,0.64
2017,West Bengal,Onion,Rabi,185893.06,1605.2,33425.1,1676.01,19.942314
2018,Uttarakhand,Sunflower,Kharif,5.0,1373.0,811.0,1.75,0.6
2002,Uttarakhand,other oilseeds,Rabi,587.0,1610.3,55571.29,146.75,0.498571
2019,Uttar Pradesh,Sugarcane,Kharif,2208347.0,814.5,379305680.7,817088.39,70.969733
2010,Uttarakhand,Peas & beans (Pulses),Rabi,6636.0,1419.0,1102305.96,1592.64,0.711538
2016,Madhya Pradesh,Moong(Green Gram),Kharif,224000.0,1048.4,34328000.0,78400.0,0.576957
2004,Gujarat,Maize,Kharif,459500.0,719.8,49782230.0,96495.0,1.0375
2015,Bihar,Maize,Autumn,270700.0,874.0,42746237.0,89331.0,2.795263
2001,Maharashtra,Arhar/Tur,Kharif,1017300.0,1035.8,103896849.0,264498.0,0.627188
2014,Jammu and Kashmir,Other Kharif pulses,Kharif,546.0,1278.4,82424.16,180.18,1.648333
2013,Haryana,Rice,Kharif,1244000.0,452.2,179745560.0,335880.0,3.112
2004,West Bengal,Peas & beans (Pulses),Rabi,14347.0,1612.9,1554353.98,3012.87,0.688125
2014,Puducherry,Cashewnut,Kharif,144.0,1330.0,21738.24,47.52,0.4
2005,West Bengal,Sannhamp,Whole Year,1257.0,1650.1,150739.44,263.97,5.41625
2015,Mizoram,Soyabean,Kharif,1048.0,2310.8,165489.68,345.84,1.43625
2020,Uttar Pradesh,Gram,Rabi,726301.49,1058.7,160006.23,8188.87,1.173014
2014,Manipur,Moong(Green Gram),Kharif,428.0,987.5,64610.88,141.24,0.971111
2012,Delhi,Potato,Whole Year,689.0,451.9,103901.2,213.59,21.27
2000,Assam,Turmeric,Whole Year,11626.0,1965.5,1141324.42,3022.76,0.668696
2015,Meghalaya,Mesta,Kharif,4469.0,3870.8,705699.79,1474.77,6.104
2020,Maharashtra,Rice,Kharif,1009378.38,1329.7,152867.54,12600.11,3.587453
2006,Punjab,Urad,Kharif,3300.0,569.6,421443.0,726.0,0.351667
2005,Karnataka,Sweet potato,Whole Year,3356.0,1316.2,402451.52,704.76,6.076154
2000,Karnataka,Wheat,Rabi,266310.0,1213.3,26143652.7,69240.6,0.93375
2008,Kerala,Coconut,Whole Year,787769.0,2524.8,112682477.8,70899.21,6765.202857
2002,Bihar,Rice,Autumn,583274.0,1105.8,55218549.58,145818.5,1.060714
2016,Uttar Pradesh,Sunflower,Summer,3325.0,965.3,509556.25,1163.75,1.163077
2017,Maharashtra,Tobacco,Whole Year,549.0,1129.5,86434.56,208.62,1.28
2016,Himachal Pradesh,Rice,Kharif,70855.0,1373.9,10858528.75,24799.25,1.559091
2018,Maharashtra,Rapeseed &Mustard,Rabi,5738.0,1387.4,930703.6,2008.3,0.383636
2005,Himachal Pradesh,Rapeseed &Mustard,Rabi,9630.0,1248.1,1154829.6,2022.3,0.338182
2003,Bihar,Rapeseed &Mustard,Rabi,83666.0,1353.9,8281260.68,20079.84,0.812105
2018,Uttar Pradesh,Coriander,Rabi,6635.0,792.8,1076197.0,2322.25,0.794219
2011,Rajasthan,Moong,Kharif,39835.3,239.8,4637.03,482.77,0.730838
2013,Puducherry,Coconut,Whole Year,1536.0,1083.2,221936.64,414.72,9619.11
2002,Bihar,Sweet potato,Whole Year,5000.0,1105.8,473350.0,1250.0,12.524
2016,Gujarat,Cotton(lint),Kharif,2390944.0,710.5,366412168.0,836830.4,2.946333
2013,Maharashtra,Gram,Rabi,1519500.0,1409.8,219552555.0,410265.0,0.863333
2019,Uttar Pradesh,Sannhamp,Kharif,1613.0,814.5,277048.88,596.81,0.307188
2014,Maharashtra,Gram,Rabi,1427500.0,1001.6,215495400.0,471075.0,0.731613
2015,Punjab,Barley,Rabi,9000.0,512.6,1421190.0,2970.0,3.621429
2011,Andhra Pradesh,Urad,Kharif,62571.0,861.9,10481893.92,20648.43,0.598095
2000,Meghalaya,Soyabean,Kharif,983.0,6258.8,96501.11,255.58,0.91
2005,Karnataka,Mango,Whole Year,175362.33,2185.5,17724.44,1850.14,5.611161
2014,Puducherry,Onion,Kharif,1.0,1330.0,150.96,0.33,9.0
2015,Chhattisgarh,Sugarcane,Whole Year,19221.0,1136.0,3035188.11,6342.93,2.912273
2003,Odisha,Tobacco,Whole Year,5310.0,1648.2,525583.8,1274.4,0.537
2015,Manipur,Gram,Rabi,768.0,1329.1,121274.88,253.44,0.926667
2009,Chhattisgarh,Rapeseed &Mustard,Rabi,52390.0,956.9,8163409.8,8906.3,0.420556
2006,Kerala,Tapioca,Whole Year,87128.0,3429.7,11127116.88,19168.16,29.462143
2003,Chhattisgarh,Sesamum,Kharif,25084.0,1643.7,2482814.32,6020.16,0.288125
2019,Bihar,Moong(Green Gram),Kharif,7383.0,1194.7,1268104.08,2731.71,0.707308
2017,Uttar Pradesh,Groundnut,Kharif,87922.0,652.1,13842439.68,33410.36,1.076441
2010,Maharashtra,Urad,Kharif,481700.0,1389.0,80015187.0,115608.0,0.713636
2007,Uttar Pradesh,Coriander,Rabi,5594.0,672.9,746239.6,895.04,0.577931
2011,Jammu and Kashmir,Barley,Kharif,29.0,887.6,4858.08,9.57,0.34
2008,Gujarat,Moong(Green Gram),Kharif,162000.0,746.1,23172480.0,14580.0,0.454
2012,Himachal Pradesh,Urad,Kharif,9519.0,1035.0,1435465.2,2950.89,0.527273
2019,Uttar Pradesh,Moong(Green Gram),Kharif,48924.0,814.5,8403186.24,18101.88,0.404265
2000,Puducherry,Bajra,Kharif,186.0,1434.6,18259.62,48.36,2.76
2015,West Bengal,Cotton(lint),Kharif,451.0,1717.0,71217.41,148.83,2.94
2001,Haryana,Groundnut,Kharif,485.0,483.8,49533.05,126.1,0.303636
2000,Rajasthan,Moong,Kharif,27731.78,516.4,5226.18,268.25,0.55923
2013,Andhra Pradesh,Cashewnut,Kharif,120012.0,1062.3,17340533.88,32403.24,0.3225
2000,Gujarat,Cotton(lint),Kharif,1615400.0,379.7,158583818.0,420004.0,0.918824
2008,Uttar Pradesh,Moong,Kharif,33072.62,644.9,5132.73,308.55,0.632054
2016,Haryana,Barley,Rabi,20800.0,554.7,3187600.0,7280.0,3.608
2007,Chhattisgarh,Rice,Kharif,3902881.0,1246.2,520644325.4,624460.96,1.393889
2003,Tamil Nadu,Mango,Whole Year,152144.55,646.4,10386.19,889.61,4.287303
2005,Telangana,Turmeric,Kharif,18464.12,997.1,2140.19,131.1,4.798192
2018,Maharashtra,Moong(Green Gram),Kharif,481049.0,1387.4,78026147.8,168367.15,0.366897
2015,Madhya Pradesh,Mustard,Rabi,755804.25,1151.2,81175.43,5701.81,1.536201
2007,Tamil Nadu,Cashewnut,Whole Year,101309.0,1067.2,13514620.6,16209.44,0.548148
2019,Sikkim,Maize,Kharif,38387.0,2740.0,6593351.12,14203.19,1.735
2019,West Bengal,Other  Rabi pulses,Rabi,666.0,1733.4,114392.16,246.42,0.73
2010,Himachal Pradesh,Linseed,Rabi,955.0,1319.8,158635.05,229.2,0.275
2005,Arunachal Pradesh,Ginger,Whole Year,4814.0,2767.0,577294.88,1010.94,5.896
2016,Uttar Pradesh,Rice,Kharif,5965657.0,965.3,914236935.3,2087979.95,2.3668
2002,Assam,Onion,Whole Year,7500.0,1973.6,710025.0,1875.0,2.337826
2002,Assam,Sweet potato,Whole Year,8243.0,1973.6,780364.81,2060.75,3.405652
2007,Puducherry,Onion,Rabi,3.0,1434.6,400.2,0.48,8.33
2011,Bihar,Other Kharif pulses,Kharif,3859.0,1097.1,646459.68,1273.47,0.792
2004,Karnataka,Arhar/Tur,Kharif,562127.0,1117.7,60900839.18,118046.67,0.53875
2008,Bihar,Wheat,Rabi,2158345.0,1197.7,308729668.8,194251.05,1.984474
2012,Odisha,Mustard,Rabi,1280799.8,1440.5,104961.58,15353.31,1.515012
2016,Tamil Nadu,Horse-gram,Kharif,3751.0,912.4,574840.75,1312.85,0.393636
2001,Madhya Pradesh,Wheat,Rabi,3691707.0,955.0,377034035.9,959843.82,1.654889
2013,Jharkhand,Rapeseed &Mustard,Rabi,31770.0,1253.6,4590447.3,8577.9,0.986522
2001,Mizoram,Maize,Kharif,5493.0,2406.4,561000.09,1428.18,2.076667
2017,Maharashtra,Sesamum,Kharif,26822.0,1129.5,4222855.68,10192.36,0.228571
2006,Telangana,Maize,Kharif,239765.3,935.5,17963.33,765.4,2.775627
2006,Jammu and Kashmir,Rice,Kharif,252516.0,1786.5,32248818.36,55553.52,2.060833
2002,Goa,Sugarcane,Whole Year,1188.0,2516.3,112467.96,297.0,55.11
2002,Uttar Pradesh,Mustard,Rabi,839836.12,766.0,105628.23,6461.3,1.288954
2012,Uttarakhand,Maize,Kharif,26096.0,1309.8,3935276.8,8089.76,1.387692
2014,Delhi,Wheat,Rabi,19360.0,416.4,2922585.6,6388.8,4.42
2006,Madhya Pradesh,Other  Rabi pulses,Rabi,2051.0,1072.3,261933.21,451.22,0.276
2002,Haryana,Barley,Rabi,30326.0,353.9,2870962.42,7581.5,1.6
2018,Tripura,Other  Rabi pulses,Rabi,857.0,2169.1,139005.4,299.95,0.8575
2004,Gujarat,Other Kharif pulses,Kharif,18900.0,719.8,2047626.0,3969.0,0.564211
2020,Gujarat,Banana,Whole Year,37870.85,920.5,7919.69,398.43,31.949556
2007,Himachal Pradesh,Maize,Kharif,300150.0,1095.4,40040010.0,48024.0,2.303333
2009,Haryana,Urad,Kharif,2964.0,393.0,461850.48,503.88,0.25875
2005,Jammu and Kashmir,Groundnut,Kharif,34.0,1721.8,4077.28,7.14,0.5
2012,Uttarakhand,Rapeseed &Mustard,Rabi,13238.0,1309.8,1996290.4,4103.78,0.65
2009,Karnataka,Niger seed,Kharif,26380.0,1321.0,4110531.6,4484.6,0.33375
2013,Karnataka,Safflower,Rabi,43135.0,1235.6,6232576.15,11646.45,0.773333
2019,Karnataka,Soyabean,Kharif,336850.0,1422.3,57857356.0,124634.5,1.065556
2004,Odisha,Masoor,Rabi,10400.0,1290.4,1126736.0,2184.0,0.393333
2006,West Bengal,Turmeric,Whole Year,13659.0,1631.4,1744390.89,3004.98,1.942778
2010,Tamil Nadu,Coconut,Whole Year,159647.37,754.0,17009.23,1483.26,8826.766879
2014,Jammu and Kashmir,Onion,Kharif,110.0,1278.4,16605.6,36.3,0.84
2009,Chhattisgarh,Moong(Green Gram),Kharif,9429.0,956.9,1469226.78,1602.93,0.241111
2007,Tamil Nadu,Castor seed,Whole Year,5184.0,1067.2,691545.6,829.44,0.344783
2001,Nagaland,Small millets,Kharif,11000.0,1532.0,1123430.0,2860.0,0.685
2009,West Bengal,Banana,Whole Year,33542.84,1609.2,6825.66,128.91,23.486391
2002,Himachal Pradesh,Onion,Whole Year,807.0,890.8,76398.69,201.75,5.328
2011,Tripura,Sugarcane,Whole Year,921.0,2295.6,154285.92,303.93,48.8375
2009,Chhattisgarh,Coriander,Whole Year,3146.0,956.9,490209.72,534.82,0.227222
2018,Tripura,Urad,Kharif,2526.0,2169.1,409717.2,884.1,0.58625
2013,Nagaland,Moong(Green Gram),Kharif,330.0,1350.9,47681.7,89.1,1.0
2000,Andhra Pradesh,Mango,Whole Year,80846.75,962.7,4718.36,450.6,4.463438
2000,Madhya Pradesh,Dry chillies,Whole Year,43196.0,723.3,4240551.32,11230.96,0.325778
2017,Telangana,Turmeric,Kharif,50154.0,815.7,7896245.76,19058.52,5.892381
2010,Puducherry,Moong(Green Gram),Kharif,1.0,1434.6,166.11,0.24,1.0
2017,Nagaland,Peas & beans (Pulses),Kharif,2330.0,1722.1,366835.2,885.4,1.366
2010,Uttar Pradesh,Wheat,Rabi,9636540.0,742.6,1600725659.0,2312769.6,3.077222
2010,Odisha,Sugarcane,Winter,13142.0,1291.9,2183017.62,3154.08,62.2525
2001,Punjab,Rice,Kharif,2487000.0,479.3,253997310.0,646620.0,3.517059
2005,West Bengal,Mango,Whole Year,86661.72,1636.7,12820.53,858.73,5.877436
2013,Assam,Coconut,Whole Year,21141.0,1797.7,3054663.09,5708.07,6475.464074
2018,Maharashtra,Niger seed,Kharif,10929.0,1387.4,1772683.8,3825.15,0.123077
2008,Bihar,Tobacco,Rabi,41142.67,1361.4,6730.49,221.89,1.665682
2015,Himachal Pradesh,Horse-gram,Kharif,1614.0,1223.2,254866.74,532.62,0.452
2006,Chhattisgarh,Maize,Kharif,100145.0,1317.2,12789517.95,22031.9,1.048889
2000,Nagaland,Other Kharif pulses,Kharif,4400.0,1631.8,431948.0,1144.0,0.985
2010,Tamil Nadu,Horse-gram,Kharif,47320.0,1095.2,7860325.2,11356.8,0.444615
2014,Karnataka,Gram,Rabi,939014.0,1238.5,141753553.4,309874.62,0.714815
2011,Delhi,Potato,Whole Year,48.0,641.4,8040.96,15.84,311.0
2000,Haryana,Groundnut,Kharif,340.0,383.7,33377.8,88.4,0.204167
2013,Sikkim,Soyabean,Kharif,3880.0,2567.6,560621.2,1047.6,0.9325
2016,Andhra Pradesh,Rapeseed &Mustard,Kharif,6.0,890.0,919.5,2.1,0.5
2011,Odisha,Onion,Rabi,110996.05,1279.3,19903.13,505.86,16.627989
2004,Madhya Pradesh,Maize,Kharif,873546.0,895.7,94639973.64,183444.66,1.34125
2013,Tamil Nadu,Urad,Kharif,69872.0,740.9,10095805.28,18865.44,0.824828
2015,Puducherry,Cashewnut,Kharif,143.0,1980.6,22581.13,47.19,0.433333
2019,Assam,Turmeric,Whole Year,16359.0,2084.7,2809821.84,6052.83,1.284074
2012,Assam,Potato,Whole Year,95436.0,2167.5,14391748.8,29585.16,7.105556
2010,Tamil Nadu,Turmeric,Kharif,43825.39,774.4,10739.12,136.14,5.848646
2019,Uttarakhand,Urad,Kharif,13173.0,1378.9,2262594.48,4874.01,0.976154
2003,Madhya Pradesh,Sweet potato,Whole Year,3821.0,1163.0,378202.58,917.04,5.932174
2012,Uttar Pradesh,Small millets,Kharif,8725.0,746.3,1315730.0,2704.75,1.018095
2003,Jharkhand,Ragi,Autumn,73301.3,1258.3,7255362.67,17592.31,0.79
2014,Uttarakhand,Ragi,Kharif,107904.0,1287.4,16289187.84,35608.32,1.483636
2019,West Bengal,Maize,Autumn,50026.0,1733.4,8592465.76,18509.62,3.178333
2002,Jharkhand,Sugarcane,Whole Year,1082816.09,1415.9,204451.97,4411.25,58.384484
2015,Uttarakhand,Gram,Rabi,646.0,1247.6,102009.86,213.18,0.794
2010,West Bengal,Rapeseed &Mustard,Rabi,410793.0,1096.0,68236825.23,98590.32,0.974444
2017,Haryana,Garlic,Whole Year,4420.0,417.1,695884.8,1679.6,12.013684
2002,Tamil Nadu,Arhar/Tur,Kharif,44127.0,315.9,4177503.09,11031.75,0.535417
2005,Andhra Pradesh,Safflower,Rabi,17654.0,1075.5,2117067.68,3707.34,0.415455
2013,Haryana,Masoor,Rabi,2500.0,452.2,361225.0,675.0,1.092222
2016,Telangana,Dry chillies,Kharif,109671.0,942.6,16807080.75,38384.85,3.338667
2019,Arunachal Pradesh,Wheat,Rabi,3930.0,2433.3,675016.8,1454.1,2.168333
2015,Haryana,Turmeric,Whole Year,1852.0,426.8,292449.32,611.16,10.836364
2000,Haryana,Maize,Kharif,15429.0,383.7,1514664.93,4011.54,0.740556
2017,Karnataka,Moong(Green Gram),Kharif,391710.0,1111.7,61670822.4,148849.8,0.264091
2012,Rajasthan,Moong,Kharif,33712.8,491.8,6141.88,400.67,0.737515
2010,Odisha,Ragi,Autumn,27570.0,1291.9,4579652.7,6616.8,0.6125
2001,Madhya Pradesh,Niger seed,Kharif,109214.0,955.0,11154025.82,28395.64,0.199231
2002,Sikkim,Barley,Rabi,1230.0,2496.2,116444.1,307.5,1.1
2016,Uttar Pradesh,Small millets,Kharif,9167.0,965.3,1404842.75,3208.45,0.516071
2004,Karnataka,Small millets,Kharif,58359.0,1117.7,6322614.06,12255.39,0.532105
2017,Uttar Pradesh,Peas & beans (Pulses),Rabi,294414.0,652.1,46352540.16,111877.32,1.446575
2011,Gujarat,Moth,Kharif,45700.0,890.5,7655664.0,15081.0,0.648462
2007,Karnataka,Tapioca,Whole Year,774.0,1323.3,103251.6,123.84,9.747143
2015,Karnataka,Urad,Kharif,82234.0,1024.9,12985570.94,27137.22,0.262381
2017,Maharashtra,Castor seed,Kharif,6152.0,1129.5,968570.88,2337.76,0.257
2015,Himachal Pradesh,Moong(Green Gram),Kharif,130.0,1223.2,20528.3,42.9,0.5
2012,West Bengal,Rice,Autumn,205082.0,1566.0,30926365.6,63575.42,2.259444
2012,Andhra Pradesh,Turmeric,Kharif,12131.04,980.9,1840.17,19.86,5.629024
2004,Jammu and Kashmir,Other  Rabi pulses,Rabi,589.0,1032.1,63812.26,123.69,0.5
2003,Meghalaya,Ginger,Kharif,8982.0,3321.3,889038.36,2155.68,6.782857
2005,Tripura,Masoor,Rabi,402.0,1765.9,48207.84,84.42,0.72
2012,Karnataka,Sugarcane,Whole Year,425393.0,956.2,64149264.4,131871.83,83.306897
2019,Himachal Pradesh,Groundnut,Kharif,44.0,1217.7,7557.44,16.28,1.0825
2008,Gujarat,Onion,Rabi,54400.0,746.1,7781376.0,4896.0,26.605
2002,Bihar,Groundnut,Kharif,371.0,1105.8,35122.57,92.75,0.491429
2012,Tamil Nadu,Maize,Kharif,291052.0,706.8,43890641.6,90226.12,3.498214
2014,Jharkhand,Ragi,Autumn,21395.0,1156.6,3229789.2,7060.35,0.929474
2016,Karnataka,Black pepper,Whole Year,37746.0,1147.2,5784574.5,13211.1,0.618824
2009,Madhya Pradesh,Sesamum,Whole Year,320540.0,904.1,49946542.8,54491.8,0.4246
2015,Bihar,Small millets,Kharif,1769.0,874.0,279342.79,583.77,0.818889
2008,Tamil Nadu,Small millets,Kharif,33512.0,1201.9,4793556.48,3016.08,1.742
2009,Uttarakhand,Other Kharif pulses,Kharif,11255.0,847.8,1753754.1,1913.35,0.849167
2017,Tamil Nadu,Other  Rabi pulses,Rabi,10235.0,970.9,1611398.4,3889.3,0.66
2019,Uttar Pradesh,Wheat,Rabi,9852504.0,814.5,1692266087.0,3645426.48,3.688533
2004,Maharashtra,Other Cereals,Kharif,75000.0,1052.0,8125500.0,15750.0,0.474138
2004,Bihar,Rapeseed &Mustard,Rabi,83112.0,1147.8,9004354.08,17453.52,0.866579
2018,Jharkhand,Horse-gram,Kharif,17053.0,1222.7,2765996.6,5968.55,0.625714
2011,West Bengal,Small millets,Kharif,1020.0,1686.5,170870.4,336.6,0.51
2017,Himachal Pradesh,Linseed,Rabi,803.0,1182.2,126424.32,305.14,0.295
2017,Bihar,Sannhamp,Kharif,821.0,1112.0,129258.24,311.98,0.86
2007,Jharkhand,Gram,Rabi,14932.22,1444.7,1991958.15,2389.16,0.88
2009,Kerala,Tobacco,Whole Year,29.0,2821.5,4518.78,4.93,1.17
2019,Assam,Rapeseed &Mustard,Rabi,287447.0,2084.7,49371896.72,106355.39,0.583704
2011,Andhra Pradesh,Soyabean,Kharif,130488.0,861.9,21859349.76,43061.04,1.570769
2020,Uttarakhand,Potato,Kharif,6020.0,1313.9,1165532.2,2227.4,9.942
2010,Gujarat,Rapeseed &Mustard,Rabi,222700.0,1107.5,36992697.0,53448.0,1.562
2016,Bihar,Onion,Rabi,13634.0,1205.6,2089410.5,4771.9,10.708649
2015,Puducherry,Ragi,Kharif,34.0,1980.6,5368.94,11.22,2.195
2000,West Bengal,Mesta,Kharif,10891.0,1907.7,1069169.47,2831.66,6.860833
2011,Madhya Pradesh,Sannhamp,Kharif,3283.0,852.6,549968.16,1083.39,1.528974
2013,Andhra Pradesh,Ginger,Kharif,358.0,1062.3,51727.42,96.66,5.35
2004,Chhattisgarh,Turmeric,Whole Year,738.0,1122.8,79954.92,154.98,1.040625
2013,West Bengal,Coconut,Whole Year,29300.0,1939.9,4233557.0,7911.0,12507.61667
2000,Odisha,Safflower,Rabi,1390.0,1066.0,136456.3,361.4,0.546
2003,Kerala,Tobacco,Whole Year,76.0,2386.0,7522.48,18.24,5.57
2016,Uttarakhand,Linseed,Rabi,25.0,1580.9,3831.25,8.75,0.253333
2012,Puducherry,Rice,Kharif,3559.0,1098.3,536697.2,1103.29,3.076667
2003,Karnataka,Tobacco,Whole Year,98050.0,867.6,9704989.0,23532.0,0.574286
2018,Jammu and Kashmir,Wheat,Rabi,288387.0,1016.3,46776371.4,100935.45,1.687143
2010,Uttar Pradesh,Gram,Rabi,570289.0,742.6,94730705.79,136869.36,1.031159
2017,Maharashtra,Maize,Kharif,694785.0,1129.5,109386950.4,264018.3,2.253462
2015,Himachal Pradesh,Garlic,Rabi,4404.0,1223.2,695435.64,1453.32,1.164
2005,Chhattisgarh,Khesari,Rabi,458064.0,1292.7,54931034.88,96193.44,0.456667
2007,Karnataka,Other  Rabi pulses,Rabi,34421.0,1323.3,4591761.4,5507.36,0.269643
2002,Chhattisgarh,Other  Rabi pulses,Rabi,1156.0,1001.4,109438.52,289.0,0.314286
2002,Nagaland,Barley,Rabi,5000.0,1536.6,473350.0,1250.0,1.90625
2014,West Bengal,Maize,Autumn,45415.0,1483.5,6855848.4,14986.95,3.369167
2011,Mizoram,Cowpea(Lobia),Kharif,1387.0,2439.3,232350.24,457.71,0.96625
2004,Andhra Pradesh,Ginger,Whole Year,1873.0,781.8,202920.82,393.33,5.2775
2002,Chhattisgarh,Turmeric,Whole Year,680.0,1001.4,64375.6,170.0,1.030714
2005,Uttarakhand,Other Cereals,Kharif,75076.0,1353.3,9003113.92,15765.96,1.015455
2011,Jharkhand,Maize,Autumn,65931.0,1374.7,11044761.12,21757.23,1.34625
2008,Puducherry,Sunflower,Kharif,3.0,1434.6,429.12,0.27,0.67
2019,Gujarat,Moth,Kharif,11559.0,1067.8,1985373.84,4276.83,0.453158
2016,Haryana,Jowar,Kharif,52800.0,554.7,8091600.0,18480.0,0.576667
2004,Nagaland,Gram,Rabi,1360.0,1711.5,147342.4,285.6,0.788571
2010,Chhattisgarh,Urad,Kharif,102808.0,1283.1,17077436.88,24673.92,0.291111
2017,Maharashtra,Other Summer Pulses,Summer,2164.0,1129.5,340700.16,822.32,0.334667
2001,Mizoram,Rapeseed &Mustard,Rabi,2494.0,2406.4,254712.22,648.44,0.8475
2012,Gujarat,Sesamum,Kharif,125700.0,460.6,18955560.0,38967.0,1.284762
2019,Andhra Pradesh,Cashewnut,Kharif,115785.0,899.2,19887231.6,42840.45,1.0
2015,Punjab,Sugarcane,Whole Year,90000.0,512.6,14211900.0,29700.0,77.086
2016,West Bengal,Horse-gram,Rabi,2160.0,1795.8,331020.0,756.0,0.683333
2008,Bihar,Barley,Rabi,14529.0,1197.7,2078228.16,1307.61,1.023333
2008,Tamil Nadu,Coconut,Whole Year,389429.0,1201.9,55703924.16,35048.61,13834.07258
2015,Madhya Pradesh,Gram,Rabi,3018000.0,1000.7,476572380.0,995940.0,1.092157
2004,Madhya Pradesh,Rice,Kharif,1675513.0,895.7,181525078.4,351857.73,0.803542
2006,West Bengal,Gram,Rabi,31212.0,1631.4,3986084.52,6866.64,0.699333
2004,Madhya Pradesh,Mustard,Rabi,945645.35,538.2,65733.64,2483.78,1.255469
2000,Arunachal Pradesh,Ginger,Whole Year,4774.0,2157.7,468663.58,1241.24,5.773
2018,Tamil Nadu,Sesamum,Kharif,9457.0,986.2,1533925.4,3309.95,0.472
2014,Tripura,Gram,Rabi,161.0,2015.7,24304.56,53.13,0.853333
2010,Bihar,Onion,Rabi,74356.02,1220.8,13691.39,720.1,18.475106
2003,Jharkhand,Barley,Rabi,4519.82,1258.3,447371.78,1084.76,0.943333
2011,Chhattisgarh,Other Kharif pulses,Kharif,7012.0,1302.7,1174650.24,2313.96,0.2436
2008,Bihar,Bajra,Kharif,2960.0,1197.7,423398.4,266.4,1.12
2019,Karnataka,Linseed,Rabi,818.0,1422.3,140499.68,302.66,0.381
2014,Karnataka,Maize,Kharif,1210336.0,1238.5,182712322.6,399410.88,3.134643
2014,Madhya Pradesh,Niger seed,Kharif,42000.0,891.2,6340320.0,13860.0,0.478333
2014,Gujarat,Maize,Kharif,308788.0,605.6,46614636.48,101900.04,1.409091
2019,Mizoram,Arhar/Tur,Kharif,290.0,2178.5,49810.4,107.3,1.26
2000,Gujarat,Rice,Kharif,583500.0,379.7,57282195.0,151710.0,0.8725
2019,Jammu and Kashmir,Horse-gram,Kharif,631.0,1324.1,108380.56,233.47,0.361667
2017,Himachal Pradesh,Horse-gram,Kharif,1614.0,1182.2,254108.16,613.32,0.561
2015,Chhattisgarh,Coriander,Whole Year,2424.0,1136.0,382773.84,799.92,0.258148
2009,Karnataka,Moong(Green Gram),Kharif,370345.0,1321.0,57707157.9,62958.65,0.199565
2017,Uttar Pradesh,Jowar,Kharif,169145.0,652.1,26630188.8,64275.1,1.150536
2019,Odisha,Potato,Winter,4397.0,1593.9,755228.72,1626.89,11.347308
2019,West Bengal,Soyabean,Kharif,249.0,1733.4,42768.24,92.13,1.255
2002,Uttarakhand,Other Kharif pulses,Kharif,10844.0,1610.3,1026601.48,2711.0,0.570833
2000,Karnataka,Arhar/Tur,Kharif,582763.0,1213.3,57209843.71,151518.38,0.492083
2005,Tamil Nadu,Ginger,Kharif,660.0,1364.1,79147.2,138.6,19.317143
2018,Puducherry,Dry chillies,Kharif,1.0,1693.9,162.2,0.35,14.0
2018,Karnataka,Garlic,Whole Year,4006.0,1419.1,649773.2,1402.1,6.4125
2013,Rajasthan,Barley,Rabi,51261.73,404.6,4061.09,230.74,2.650825
2013,Assam,Onion,Whole Year,7436.0,1797.7,1074427.64,2007.72,3.347037
2007,Delhi,Gram,Rabi,47.0,677.5,6269.8,7.52,1.45
2018,Uttar Pradesh,Masoor,Rabi,475681.0,792.8,77155458.2,166488.35,1.00473
2003,Maharashtra,Gram,Rabi,795200.0,1037.4,78708896.0,190848.0,0.555806
2002,Tripura,other oilseeds,Whole Year,5003.0,2579.8,473634.01,1250.75,0.695
2002,Himachal Pradesh,Bajra,Kharif,102.0,890.8,9656.34,25.5,0.775
2004,Punjab,Maize,Kharif,154000.0,366.4,16684360.0,32340.0,2.883636
2001,Himachal Pradesh,Sugarcane,Whole Year,2635.0,918.1,269112.55,685.1,4.411429
2010,Uttarakhand,Arhar/Tur,Kharif,1963.0,1419.0,326073.93,471.12,0.691818
2012,Madhya Pradesh,Rice,Kharif,1791157.0,1049.5,270106475.6,555258.67,1.631042
2000,Tamil Nadu,Sweet potato,Whole Year,916.0,971.1,89923.72,238.16,11.926471
2009,Arunachal Pradesh,Ginger,Whole Year,6401.0,1701.9,997403.82,1088.17,6.3375
2009,Karnataka,Sunflower,Kharif,389147.0,1321.0,60636885.54,66154.99,0.36
2009,Kerala,Tapioca,Whole Year,74925.0,2821.5,11674813.5,12737.25,34.511429
2017,Meghalaya,Cotton(lint),Kharif,7255.0,4472.3,1142227.2,2756.9,1.17
2002,Puducherry,Cotton(lint),Kharif,314.0,1434.6,29726.38,78.5,5.225
2005,Tamil Nadu,Castor seed,Kharif,8391.0,1364.1,1006248.72,1762.11,0.313333
2018,Odisha,Ragi,Autumn,8511.0,1635.9,1380484.2,2978.85,0.640909
2018,Jharkhand,Arhar/Tur,Kharif,231040.0,1222.7,37474688.0,80864.0,0.985
2010,Himachal Pradesh,Wheat,Rabi,346936.0,1319.8,57629538.96,83264.64,1.539167
2010,Karnataka,Urad,Kharif,118318.0,1317.7,19653802.98,28396.32,0.362917
2005,Gujarat,Other Cereals,Kharif,16600.0,942.4,1990672.0,3486.0,0.198182
2008,Kerala,Rice,Autumn,79381.0,2524.8,11354658.24,7144.29,2.295385
2009,Uttar Pradesh,Peas & beans (Pulses),Rabi,312009.0,585.8,48617242.38,53041.53,1.235362
2015,Puducherry,Tobacco,Rabi,209.0,1980.6,33003.19,68.97,30.17
2012,Kerala,Garlic,Whole Year,72.0,2187.6,10857.6,22.32,9.14
2003,Puducherry,Arecanut,Whole Year,64.0,1434.6,6334.72,15.36,1.2
2014,Andhra Pradesh,Tapioca,Kharif,10736.0,687.6,1620706.56,3542.88,18.75
2002,Jammu and Kashmir,other oilseeds,Whole Year,36.0,933.2,3408.12,9.0,0.465
2010,Maharashtra,Onion,Rabi,156463.53,2391.6,39670.46,1666.6,18.526802
2002,Andhra Pradesh,Cotton(lint),Kharif,803274.0,648.1,76045949.58,200818.5,1.455238
2015,Uttar Pradesh,Soyabean,Kharif,35542.0,596.7,5612437.22,11728.86,0.1775
2011,Andhra Pradesh,Mango,Whole Year,158994.05,729.1,33720.36,1389.15,7.192219
2010,Manipur,Peas & beans (Pulses),Rabi,16110.0,2160.5,2676032.1,3866.4,0.876667
2005,Jammu and Kashmir,Rapeseed &Mustard,Kharif,3223.0,1721.8,386502.16,676.83,0.4
2010,Assam,Wheat,Rabi,44772.0,2578.5,7437076.92,10745.28,1.196667
2014,Kerala,Tobacco,Whole Year,13.0,3046.4,1962.48,4.29,1.62
2007,Uttar Pradesh,Sannhamp,Kharif,2533.0,672.9,337902.2,405.28,0.191
2019,Andhra Pradesh,Groundnut,Kharif,567875.0,899.2,97538210.0,210113.75,2.255385
2009,Madhya Pradesh,Cowpea(Lobia),Kharif,2992.0,904.1,466213.44,508.64,0.331786
2017,Odisha,Onion,Rabi,70616.06,1581.6,18354.6,434.31,18.84577
2015,Meghalaya,Onion,Rabi,521.0,3870.8,82271.11,171.93,8.331
2003,Jammu and Kashmir,Urad,Kharif,14609.0,1430.3,1445998.82,3506.16,0.484444
2011,West Bengal,Wheat,Rabi,315659.0,1686.5,52879195.68,104167.47,2.49
2001,Odisha,Other  Rabi pulses,Rabi,35620.0,1672.5,3637870.6,9261.2,0.62
2011,Bihar,Bajra,Kharif,4457.0,1097.1,746636.64,1470.81,1.095
2009,Himachal Pradesh,Barley,Rabi,21017.0,969.9,3274868.94,3572.89,0.784545
2003,Manipur,Rapeseed &Mustard,Rabi,20.0,687.7,1979.6,4.8,0.5
2011,Haryana,Coriander,Whole Year,275.0,471.5,46068.0,90.75,0.705
2001,Himachal Pradesh,Rapeseed &Mustard,Rabi,10387.0,918.1,1060824.31,2700.62,0.638333
2001,Jharkhand,Wheat,Rabi,4482973.33,1171.9,345668.09,27567.49,2.554116
2008,Delhi,Potato,Whole Year,79.0,614.6,11300.16,7.11,16.77
2003,Puducherry,Rice,Kharif,25065.0,1434.6,2480933.7,6015.6,2.993333
2012,Uttarakhand,Peas & beans (Pulses),Rabi,6117.0,1309.8,922443.6,1896.27,0.768462
2006,West Bengal,Mesta,Kharif,9660.0,1631.4,1233678.6,2125.2,9.248333
2001,West Bengal,Mango,Whole Year,257714.33,1615.0,51789.38,1638.93,4.818239
2004,Punjab,Moong(Green Gram),Kharif,15000.0,366.4,1625100.0,3150.0,0.811667
2007,Kerala,Turmeric,Whole Year,3155.0,3489.6,420877.0,504.8,2.167857
2010,Nagaland,Linseed,Rabi,5700.0,1771.8,946827.0,1368.0,0.807273
2014,Nagaland,Ginger,Kharif,3620.0,1333.3,546475.2,1194.6,9.122727
2004,West Bengal,Sesamum,Whole Year,148267.0,1612.9,16063246.78,31136.07,0.761765
2016,Uttarakhand,Tobacco,Whole Year,9.0,1580.9,1379.25,3.15,1.89
2005,Uttar Pradesh,Sunflower,Summer,12599.0,751.9,1510872.08,2645.79,1.271364
2017,Manipur,Peas & beans (Pulses),Rabi,18339.0,1780.0,2887292.16,6968.82,0.934444
2013,West Bengal,Rapeseed &Mustard,Rabi,448591.0,1939.9,64816913.59,121119.57,0.993889
2019,West Bengal,Jowar,Autumn,180.0,1733.4,30916.8,66.6,0.515
2012,Arunachal Pradesh,Oilseeds total,Whole Year,32767.0,2760.7,4941263.6,10157.77,1.12125
2011,Chhattisgarh,Potato,Kharif,1847.0,1302.7,309409.44,609.51,6.5875
2016,Chhattisgarh,Linseed,Rabi,13521.06,1989.8,3861.61,178.24,0.61571
2007,Karnataka,Coriander,Whole Year,6423.0,1323.3,856828.2,1027.68,0.329545
2017,Madhya Pradesh,Moong(Green Gram),Kharif,228400.0,800.0,35959296.0,86792.0,0.59451
2012,Andhra Pradesh,Cowpea(Lobia),Kharif,5000.0,968.7,754000.0,1550.0,0.4
2014,Tamil Nadu,Cashewnut,Whole Year,89021.0,911.3,13438610.16,29376.93,0.468571
2007,Himachal Pradesh,Ragi,Kharif,1845.0,1095.4,246123.0,295.2,1.117143
2007,Uttarakhand,Urad,Kharif,11409.0,1924.3,1521960.6,1825.44,0.686923
2012,West Bengal,Rapeseed &Mustard,Rabi,446918.0,1566.0,67395234.4,138544.58,0.965
2000,Mizoram,Rice,Kharif,51839.0,2834.3,5089034.63,13478.14,1.8875
2005,Nagaland,Sesamum,Kharif,5500.0,1568.6,659560.0,1155.0,0.67875
2005,Madhya Pradesh,Soyabean,Kharif,4576216.0,1032.7,548779822.7,961005.36,0.936875
2011,Haryana,Urad,Kharif,2013.0,471.5,337217.76,664.29,0.162308
2020,Kerala,Ginger,Kharif,38854.6,3141.8,11618.92,273.34,9.872794
2014,Bihar,Moong(Green Gram),Kharif,11016.0,1061.0,1662975.36,3635.28,0.7175
2009,Himachal Pradesh,Peas & beans (Pulses),Kharif,817.0,969.9,127304.94,138.89,0.97
2009,Andhra Pradesh,Arhar/Tur,Kharif,438392.0,711.0,68310241.44,74526.64,0.525909
2010,Bihar,Masoor,Rabi,172692.0,629.2,28685868.12,41446.08,0.843947
2016,Madhya Pradesh,Turmeric,Whole Year,12876.75,1048.4,1973361.94,4506.86,19.308913
2019,Uttarakhand,Onion,Whole Year,3474.0,1378.9,596694.24,1285.38,16.146154
2019,Madhya Pradesh,Bajra,Kharif,339656.0,1446.7,58339314.56,125672.72,1.273404
2019,Tamil Nadu,Sugarcane,Whole Year,131207.0,910.1,22536114.32,48546.59,102.784333
2008,Maharashtra,Sunflower,Kharif,110800.0,1052.8,15848832.0,9972.0,0.565714
2018,Tamil Nadu,Rapeseed &Mustard,Rabi,305.0,986.2,49471.0,106.75,0.08
2002,Bihar,Sugarcane,Whole Year,107270.0,1105.8,10155250.9,26817.5,39.257879
2001,West Bengal,Ginger,Kharif,8133.0,1556.6,830623.29,2114.58,1.52
2015,Assam,Arecanut,Rabi,65102.0,2155.3,10280256.82,21483.66,0.895185
2008,Jharkhand,Rapeseed &Mustard,Rabi,10308.78,1295.2,1474567.89,927.79,0.76625
2013,Telangana,Small millets,Kharif,882.0,1348.7,127440.18,238.14,0.75
2003,Odisha,Wheat,Rabi,5129.0,1648.2,507668.42,1230.96,1.377407
2013,Madhya Pradesh,Arhar/Tur,Kharif,395709.0,1451.4,57175993.41,106841.43,0.66098
2007,West Bengal,Jowar,Kharif,1659.0,2007.5,221310.6,265.44,0.46
2014,Delhi,Jowar,Kharif,3242.0,416.4,489412.32,1069.86,0.91
2012,Uttarakhand,Horse-gram,Kharif,10867.0,1309.8,1638743.6,3368.77,0.803636
2004,Mizoram,Cotton(lint),Kharif,289.0,2640.8,31310.26,60.69,3.43
2003,Karnataka,Sweet potato,Whole Year,3580.0,867.6,354348.4,859.2,6.229333
2019,Himachal Pradesh,Turmeric,Kharif,285.0,1217.7,48951.6,105.45,0.747778
2004,Rajasthan,Mustard,Rabi,1408723.66,405.2,241226.27,2454.72,1.145116
2008,Punjab,Wheat,Rabi,3466000.0,691.3,495776640.0,311940.0,4.5035
2003,Uttar Pradesh,Tobacco,Whole Year,23384.0,1075.6,2314548.32,5612.16,6.369091
2015,Telangana,Castor seed,Kharif,47373.0,747.9,7480670.43,15633.09,0.34875
2020,Gujarat,Rice,Kharif,1582941.03,523.5,503744.33,14926.23,3.769949
2009,Andhra Pradesh,Wheat,Rabi,9872.0,711.0,1538255.04,1678.24,0.95
2017,Himachal Pradesh,Turmeric,Kharif,136.0,1182.2,21411.84,51.68,0.66375
2005,Himachal Pradesh,Sugarcane,Whole Year,2589.0,1248.1,310472.88,543.69,6.542857
2001,Jammu and Kashmir,Sannhamp,Whole Year,271.0,953.8,27677.23,70.46,0.49
2011,Gujarat,Tobacco,Kharif,62600.0,890.5,10486752.0,20658.0,1.658571
2018,Kerala,Other Kharif pulses,Kharif,1532.83,2989.7,248624.38,536.49,1.076
2012,Andhra Pradesh,Arhar/Tur,Kharif,480000.0,968.7,72384000.0,148800.0,0.5885
2011,Bihar,Arhar/Tur,Kharif,22123.0,1097.1,3706044.96,7300.59,1.869737
2016,Haryana,Horse-gram,Kharif,200.0,554.7,30650.0,70.0,0.5
2019,Meghalaya,Tapioca,Kharif,5424.0,3844.4,931626.24,2006.88,7.553636
2006,Kerala,Jowar,Kharif,1827.0,3429.7,233326.17,401.94,0.593333
2017,Andhra Pradesh,Castor seed,Kharif,30904.0,868.2,4865525.76,11743.52,0.8425
2006,Uttarakhand,Tobacco,Whole Year,13.0,1178.9,1660.23,2.86,2.857143
2005,Jammu and Kashmir,Peas & beans (Pulses),Kharif,81.0,1721.8,9713.52,17.01,0.46
2009,West Bengal,Jute,Kharif,614365.0,1317.2,95730354.3,104442.05,14.996875
2001,Maharashtra,Sesamum,Kharif,113300.0,1035.8,11571329.0,29458.0,0.344688
2013,Telangana,Safflower,Rabi,7867.0,1348.7,1136702.83,2124.09,0.75
2011,Mizoram,Soyabean,Kharif,1143.7,2439.3,191592.62,377.42,1.17125
2000,Manipur,Ginger,Kharif,1140.0,1969.7,111913.8,296.4,1.672857
2005,Assam,Arecanut,Whole Year,71176.0,2184.6,8535425.92,14946.96,0.913478
2012,Assam,Sweet potato,Whole Year,6277.0,2167.5,946571.6,1945.87,4.54037
2016,Uttarakhand,Other  Rabi pulses,Rabi,19.0,1580.9,2911.75,6.65,0.816
2008,Bihar,Rice,Autumn,546872.0,1197.7,78224570.88,49218.48,1.230345
2002,Uttarakhand,Garlic,Whole Year,2180.0,1610.3,206380.6,545.0,4.292692
2018,West Bengal,Groundnut,Autumn,3917.0,2012.6,635337.4,1370.95,1.301667
2003,Assam,Moong(Green Gram),Rabi,7595.0,2213.7,751753.1,1822.8,0.443913
2007,Puducherry,Coconut,Whole Year,2164.0,1434.6,288677.6,346.24,10937.2025
2007,Karnataka,Arhar/Tur,Kharif,681136.0,1323.3,90863542.4,108981.76,0.644231
2011,Kerala,Cardamom,Whole Year,8510.0,3035.1,1425595.2,2808.3,0.03875
2002,Jammu and Kashmir,Masoor,Rabi,193.0,933.2,18271.31,48.25,0.482
2008,Arunachal Pradesh,Ginger,Whole Year,6356.0,2244.4,909162.24,572.04,6.07
2017,Karnataka,Maize,Kharif,1183334.0,1111.7,186304105.0,449666.92,4.282857
2016,Mizoram,Tobacco,Whole Year,222.0,2626.8,34021.5,77.7,0.69
2016,West Bengal,Moth,Rabi,16.0,1795.8,2452.0,5.6,0.94
2005,Nagaland,Gram,Rabi,400.0,1568.6,47968.0,84.0,0.962857
2006,West Bengal,Onion,Rabi,240654.86,1587.6,16516.23,2439.47,18.760264
2012,Karnataka,Tobacco,Whole Year,106446.0,956.2,16052056.8,32998.26,0.662727
2019,Uttarakhand,other oilseeds,Kharif,12.0,1378.9,2061.12,4.44,0.82
2003,Assam,Potato,Whole Year,77894.0,2213.7,7709948.12,18694.56,6.471304
2002,Chhattisgarh,Barley,Rabi,4017.0,1001.4,380289.39,1004.25,0.606667
2005,Meghalaya,Rice,Autumn,32678.0,3374.4,3918745.76,6862.38,1.597143
2014,Tripura,Rapeseed &Mustard,Rabi,5934.0,2015.7,895796.64,1958.22,0.8225
2016,Telangana,Garlic,Rabi,191.0,942.6,29270.75,66.85,2.74
2016,Assam,Tapioca,Whole Year,3266.0,2296.8,500514.5,1143.1,8.355
2018,Uttar Pradesh,Turmeric,Rabi,1420.0,792.8,230324.0,497.0,1.254231
2014,Rajasthan,Cotton(lint),Kharif,1294583.52,486.1,356537.07,2291.32,0.471885
2020,Haryana,Cotton(lint),Kharif,2062393.57,538.8,246596.13,16352.4,0.573502
2000,Nagaland,Wheat,Rabi,5000.0,1631.8,490850.0,1300.0,2.0675
2019,Chhattisgarh,Sunflower,Whole Year,629.0,1420.3,108037.04,232.73,0.639333
2017,Jharkhand,Potato,Rabi,193781.01,1242.0,55705.2,1950.86,25.285642
2003,Madhya Pradesh,Maize,Kharif,898618.0,1163.0,88945209.64,215668.32,1.916042
2008,Chhattisgarh,Horse-gram,Kharif,49308.0,1117.9,7053016.32,4437.72,0.288889
2009,Arunachal Pradesh,Oilseeds total,Whole Year,121468.0,1701.9,18927143.76,20649.56,1.679375
2019,Gujarat,Cotton(lint),Kharif,2654636.0,1067.8,455960279.4,982215.32,3.182
2019,Haryana,Maize,Kharif,6050.0,351.8,1039148.0,2238.5,3.085263
2014,Andhra Pradesh,Groundnut,Kharif,803988.0,687.6,121370028.5,265316.04,1.315385
2003,Bihar,Maize,Kharif,259030.0,1353.9,25638789.4,62167.2,1.68
2015,Karnataka,Coconut,Whole Year,441100.0,1024.9,69654101.0,145563.0,8706.411724
2012,Tamil Nadu,Horse-gram,Kharif,63505.0,706.8,9576554.0,19686.55,0.331923
2005,Mizoram,Moong(Green Gram),Kharif,18.0,2075.4,2158.56,3.78,0.94
2004,Haryana,Potato,Whole Year,10832.0,484.6,1173538.88,2274.72,23.1075
2009,Jammu and Kashmir,Linseed,Rabi,135.0,751.7,21035.7,22.95,0.471667
2017,Nagaland,Soyabean,Kharif,25040.0,1722.1,3942297.6,9515.2,1.25
2018,Tamil Nadu,Castor seed,Kharif,4756.0,986.2,771423.2,1664.6,0.333636
2017,Andhra Pradesh,Other Kharif pulses,Kharif,2551.0,868.2,401629.44,969.38,0.905
2007,Himachal Pradesh,Sesamum,Kharif,3586.0,1095.4,478372.4,573.76,0.337778
2020,Uttarakhand,Wheat,Rabi,297189.0,1313.9,57538762.29,109959.93,2.216154
2008,Maharashtra,Linseed,Rabi,38200.0,1052.8,5464128.0,3438.0,0.263333
2011,Punjab,Arhar/Tur,Kharif,3100.0,705.2,519312.0,1023.0,0.923
2014,Uttar Pradesh,Sweet potato,Kharif,16833.0,616.4,2541109.68,5554.89,12.387895
2019,Kerala,Tapioca,Whole Year,62070.0,3119.2,10661143.2,22965.9,41.951429
2007,Tamil Nadu,Tapioca,Whole Year,140092.0,1067.2,18688272.8,22414.72,42.097857
2004,Assam,Moong(Green Gram),Rabi,7293.0,2536.9,790123.62,1531.53,0.449565
2009,Haryana,Sugarcane,Whole Year,79171.0,393.0,12336425.22,13459.07,47.4235
2011,Madhya Pradesh,Dry chillies,Whole Year,57863.0,852.6,9693209.76,19094.79,1.296327
2001,Assam,Masoor,Rabi,21308.0,1824.7,2176186.04,5540.08,0.511905
2017,Andhra Pradesh,Sweet potato,Kharif,188.0,868.2,29598.72,71.44,12.685714
2012,Uttarakhand,Sesamum,Kharif,1778.0,1309.8,268122.4,551.18,0.281667
2007,Madhya Pradesh,Urad,Kharif,567959.0,740.4,75765730.6,90873.44,0.33
2015,Uttarakhand,Sesamum,Kharif,1700.0,1247.6,268447.0,561.0,0.235833
2008,Jammu and Kashmir,Linseed,Rabi,126.0,1390.1,18023.04,11.34,0.782
2006,Haryana,Jowar,Kharif,89158.0,329.3,11386368.18,19614.76,0.188125
2001,Gujarat,Other Kharif pulses,Kharif,21300.0,666.5,2175369.0,5538.0,0.42
2019,Bihar,Groundnut,Kharif,841.0,1194.7,144450.16,311.17,1.008
2011,Himachal Pradesh,Sugarcane,Whole Year,1967.0,1108.3,329511.84,649.11,10.678571
2009,Andhra Pradesh,Linseed,Rabi,673.0,711.0,104866.86,114.41,0.155
2001,Punjab,Linseed,Rabi,300.0,479.3,30639.0,78.0,1.0
2005,Rajasthan,Cotton(lint),Kharif,774311.31,286.0,112124.28,8385.71,0.461835
2011,Gujarat,other oilseeds,Whole Year,69600.0,890.5,11659392.0,22968.0,0.454706
2017,Gujarat,Other Kharif pulses,Kharif,6137.0,814.8,966209.28,2332.06,0.641429
2010,West Bengal,Small millets,Kharif,952.0,1096.0,158136.72,228.48,0.576667
2020,Punjab,Bajra,Kharif,1824703.86,555.1,574439.17,14646.46,1.888742
2000,Jammu and Kashmir,Sannhamp,Whole Year,275.0,989.5,26996.75,71.5,0.494
2014,Delhi,Potato,Whole Year,436.0,416.4,65818.56,143.88,21.27
2014,West Bengal,Onion,Rabi,85304.86,1765.5,16557.32,512.26,18.136605
2018,Haryana,Gram,Rabi,44900.0,533.2,7282780.0,15715.0,1.510769
2009,Himachal Pradesh,Maize,Kharif,290199.0,969.9,45218808.18,49333.83,2.08
2005,Gujarat,Wheat,Rabi,858800.0,942.4,102987296.0,180348.0,2.5792
2008,Bihar,Maize,Autumn,244993.0,1197.7,35043798.72,22049.37,1.592632
2004,Tamil Nadu,Moong(Green Gram),Kharif,154959.0,1034.0,16788258.06,32541.39,0.417778
2013,Goa,Rice,Kharif,28330.0,3642.6,4093401.7,7649.1,2.82
2014,West Bengal,Jowar,Autumn,25.0,1483.5,3774.0,8.25,0.32
2015,Madhya Pradesh,Jute,Kharif,6000.0,1000.7,947460.0,1980.0,1.0
2015,Karnataka,Horse-gram,Kharif,53718.0,1024.9,8482609.38,17726.94,0.4544
2006,Himachal Pradesh,Sugarcane,Whole Year,3019.0,1207.0,385556.49,664.18,13.465
2011,Sikkim,Barley,Rabi,580.0,2585.5,97161.6,191.4,0.9675
2000,Manipur,Sesamum,Kharif,1260.0,1969.7,123694.2,327.6,0.496667
2010,Madhya Pradesh,Linseed,Rabi,94394.0,856.3,15679787.34,22654.56,0.543696
2007,Karnataka,Rapeseed &Mustard,Kharif,3957.0,1323.3,527863.8,633.12,0.341875
2000,Karnataka,Sweet potato,Whole Year,3501.0,1213.3,343693.17,910.26,6.222143
2010,Assam,Dry chillies,Whole Year,18808.0,2578.5,3124196.88,4513.92,0.636667
2010,Punjab,Peas & beans (Pulses),Rabi,3200.0,392.7,531552.0,768.0,1.226667
2017,Delhi,Rice,Kharif,5854.0,533.7,921653.76,2224.52,2.88
2013,Chhattisgarh,Other  Rabi pulses,Rabi,2422.0,1418.3,349954.78,653.94,1.198
2014,Tamil Nadu,Garlic,Whole Year,449.0,911.3,67781.04,148.17,2.711667
2015,Telangana,Soyabean,Kharif,242802.0,747.9,38340863.82,80124.66,1.063333
2015,Jammu and Kashmir,Turmeric,Kharif,9.0,1572.6,1421.19,2.97,1.0
2000,Tamil Nadu,Turmeric,Whole Year,28675.0,971.1,2815024.75,7455.5,5.306087
2017,Madhya Pradesh,Mesta,Kharif,2000.0,800.0,314880.0,760.0,1.083333
2007,Jammu and Kashmir,Groundnut,Kharif,3.0,1042.2,400.2,0.48,0.5
2010,Himachal Pradesh,Small millets,Kharif,5371.0,1319.8,892176.81,1289.04,0.591429
2012,Nagaland,Small millets,Kharif,8580.0,1296.6,1293864.0,2659.8,1.116667
2001,Bihar,Arhar/Tur,Kharif,41954.0,1247.0,4284762.02,10908.04,1.242162
2001,Andhra Pradesh,Rice,Kharif,2426073.0,928.4,247774835.5,630778.98,2.627273
2007,Delhi,Jowar,Kharif,8837.0,677.5,1178855.8,1413.92,0.93
2017,Andhra Pradesh,Arhar/Tur,Kharif,275367.0,868.2,43353780.48,104639.46,0.567692
2019,Arunachal Pradesh,Ginger,Whole Year,7900.0,2433.3,1356904.0,2923.0,6.1016
2004,Chhattisgarh,Bajra,Kharif,49.0,1122.8,5308.66,10.29,0.422
2015,Sikkim,Barley,Rabi,447.0,2949.1,70585.77,147.51,1.005
2008,Haryana,Maize,Kharif,11769.0,715.6,1683437.76,1059.21,1.152222
2017,Mizoram,Soyabean,Kharif,1008.3,3865.8,158746.75,383.15,1.3675
2014,Mizoram,Rice,Autumn,20064.0,2029.9,3028861.44,6621.12,1.14875
2015,Chhattisgarh,Linseed,Rabi,25078.0,1136.0,3960066.98,8275.74,0.38
2010,Madhya Pradesh,Soyabean,Kharif,5538358.0,856.3,919976647.4,1329205.92,0.9984
2013,Rajasthan,Mustard,Rabi,1428408.87,401.9,392361.43,3604.79,1.152138
2007,Punjab,Gram,Rabi,2700.0,527.2,360180.0,432.0,1.006667
2004,Uttar Pradesh,Dry chillies,Whole Year,19027.0,704.0,2061385.18,3995.67,0.938939
2012,Gujarat,Dry chillies,Whole Year,6500.0,460.6,980200.0,2015.0,0.993571
2014,Uttar Pradesh,Arhar/Tur,Kharif,286511.0,616.4,43251700.56,94548.63,0.656944
2015,Assam,Tapioca,Whole Year,3177.0,2155.3,501680.07,1048.41,8.456538
2017,Uttarakhand,Onion,Whole Year,3499.0,1475.8,550882.56,1329.62,16.44
2018,Nagaland,Horse-gram,Kharif,540.0,1372.7,87588.0,189.0,1.041818
2001,Himachal Pradesh,Moong(Green Gram),Kharif,94.0,918.1,9600.22,24.44,0.498571
2013,Gujarat,Other  Rabi pulses,Rabi,20524.0,1006.5,2965512.76,5541.48,0.7475
2007,Bihar,Khesari,Rabi,98114.0,1600.2,13088407.6,15698.24,0.803684
2016,Uttarakhand,Sugarcane,Whole Year,91995.0,1580.9,14098233.75,32198.25,63.694
2004,Bihar,Jute,Kharif,134450.0,1147.8,14566313.0,28234.5,7.890714
2003,Himachal Pradesh,Potato,Whole Year,15036.0,1112.6,1488263.28,3608.64,11.486667
2003,Uttarakhand,other oilseeds,Kharif,411.0,1734.3,40680.78,98.64,0.637
2018,Chhattisgarh,Bajra,Kharif,44.0,1515.5,7136.8,15.4,0.591667
2018,Puducherry,Sesamum,Kharif,2.0,1693.9,324.4,0.7,1.0
2000,Mizoram,Cotton(lint),Kharif,483.0,2834.3,47416.11,125.58,2.645
2015,Assam,Banana,Whole Year,51103.0,2155.3,8069674.73,16863.99,16.633704
2000,Punjab,Arhar/Tur,Kharif,8700.0,405.3,854079.0,2262.0,0.913846
2007,Manipur,Rice,Kharif,166150.0,1435.7,22164410.0,26584.0,2.378889
2009,Gujarat,Guar seed,Whole Year,132700.0,618.0,20677314.0,22559.0,0.376364
2008,Manipur,Moong(Green Gram),Kharif,431.0,1134.8,61650.24,38.79,1.133333
2011,Meghalaya,Tapioca,Kharif,4203.0,4083.1,704086.56,1386.99,6.122857
2018,Manipur,Wheat,Rabi,2290.0,1196.9,371438.0,801.5,2.395556
2007,Maharashtra,Other Kharif pulses,Kharif,177400.0,1257.2,23665160.0,28384.0,0.496774
2019,Kerala,Cotton(lint),Whole Year,54.0,3119.2,9275.04,19.98,1.51
2018,Madhya Pradesh,Coriander,Whole Year,279980.0,1102.2,45412756.0,97993.0,1.6896
2006,Tamil Nadu,Banana,Whole Year,105206.0,927.9,13435858.26,23145.32,54.02931
2018,Andhra Pradesh,Rapeseed &Mustard,Rabi,4485.0,1220.5,727467.0,1569.75,0.25
2004,Uttar Pradesh,Jowar,Kharif,243547.0,704.0,26385881.98,51144.87,0.946562
2006,Jammu and Kashmir,Masoor,Rabi,129.0,1786.5,16474.59,28.38,0.4775
2016,West Bengal,Castor seed,Kharif,62.0,1795.8,9501.5,21.7,0.63
2003,Uttar Pradesh,Wheat,Rabi,9443104.0,1075.6,934678433.9,2266344.96,2.767429
2007,Bihar,Mesta,Kharif,22626.0,1600.2,3018308.4,3620.16,8.203043
2020,Uttar Pradesh,Onion,Rabi,173292.01,808.2,15629.83,2072.18,21.731859
2011,Haryana,Jowar,Kharif,64690.0,471.5,10836868.8,21347.7,0.506364
2012,Madhya Pradesh,Jowar,Kharif,291553.0,1049.5,43966192.4,90381.43,1.712653
2000,West Bengal,Mustard,Rabi,508541.9,1568.5,41716.84,3642.22,1.197626
2016,Punjab,Cotton(lint),Kharif,285000.0,635.9,43676250.0,99750.0,4.2325
2006,Punjab,Bajra,Kharif,6000.0,569.6,766260.0,1320.0,1.0
2001,Maharashtra,Gram,Rabi,756300.0,1035.8,77240919.0,196638.0,0.583871
2012,Maharashtra,Ragi,Kharif,124500.0,1003.4,18774600.0,38595.0,1.117
2010,Meghalaya,Mesta,Kharif,4122.0,3119.7,684705.42,989.28,4.5
2012,Uttar Pradesh,Dry chillies,Kharif,13883.0,746.3,2093556.4,4303.73,0.810455
2017,West Bengal,Masoor,Rabi,155818.0,1830.0,24531985.92,59210.84,0.822857
2015,Karnataka,Other Kharif pulses,Kharif,51342.0,1024.9,8107415.22,16942.86,1.2296
2015,Gujarat,Dry chillies,Whole Year,5913.0,584.3,933721.83,1951.29,0.9625
2014,Meghalaya,Cowpea(Lobia),Rabi,1622.0,3484.4,244857.12,535.26,1.549091
2011,Arunachal Pradesh,Sugarcane,Whole Year,1550.0,2193.7,259656.0,511.5,20.083333
2018,Kerala,Cotton(lint),Whole Year,59.4,2989.7,9634.68,20.79,1.51
2001,Gujarat,Maize,Kharif,443500.0,666.5,45294655.0,115310.0,2.108667
2008,Karnataka,Other Kharif pulses,Kharif,132310.0,1164.1,18925622.4,11907.9,0.77
2014,Telangana,Mesta,Kharif,7.0,746.4,1056.72,2.31,7.14
2020,Kerala,Coconut,Whole Year,237270.57,2756.6,33925.81,1744.24,9092.590556
2005,Manipur,Banana,Whole Year,4420.0,1585.4,530046.4,928.2,12.8775
2003,Odisha,Bajra,Kharif,3270.0,1648.2,323664.6,784.8,0.538333
2018,Jammu and Kashmir,Dry chillies,Kharif,672.0,1016.3,108998.4,235.2,0.863636
2005,Gujarat,Rice,Kharif,648300.0,942.4,77744136.0,136143.0,1.843125
2008,Karnataka,Rapeseed &Mustard,Rabi,4573.0,1164.1,654121.92,411.57,0.3875
2000,Jammu and Kashmir,Wheat,Rabi,276815.0,989.5,27174928.55,71971.9,0.820833
2015,Chhattisgarh,Onion,Whole Year,5170.0,1136.0,816394.7,1706.1,5.973043
2011,Chhattisgarh,Wheat,Rabi,104825.0,1302.7,17560284.0,34592.25,1.512
2017,Jammu and Kashmir,Cotton(lint),Kharif,5.0,1279.1,787.2,1.9,0.52
2000,Bihar,Maize,Kharif,272957.0,1207.0,26796188.69,70968.82,1.728919
2010,West Bengal,Rice,Autumn,212132.0,1096.0,35237246.52,50911.68,2.081667
2013,Rajasthan,Wheat,Rabi,3069549.35,404.3,617291.89,29888.54,4.238933
2002,Rajasthan,Mustard,Rabi,1033538.26,364.8,152845.41,9745.75,1.225192
2012,Jammu and Kashmir,Masoor,Kharif,344.0,1116.7,51875.2,106.64,0.6
2010,Sikkim,Other Kharif pulses,Kharif,3000.0,2527.0,498330.0,720.0,2.715
2010,Mizoram,Onion,Rabi,3.0,2738.7,498.33,0.72,3.0
2011,Uttar Pradesh,Moong(Green Gram),Kharif,38194.0,777.4,6398258.88,12604.02,0.426923
2016,Madhya Pradesh,Other Kharif pulses,Kharif,2000.0,1048.4,306500.0,700.0,1.0
2000,Kerala,Sweet potato,Whole Year,816.0,2412.6,80106.72,212.16,11.466154
2020,Himachal Pradesh,Potato,Rabi,212099.27,1099.7,30317.31,1579.62,25.084518
2009,Bihar,Onion,Rabi,78779.8,738.3,11215.48,106.07,14.982299
2015,Chhattisgarh,Turmeric,Whole Year,1800.0,1136.0,284238.0,594.0,1.093182
2002,Assam,Mustard,Rabi,900027.27,1920.7,78890.31,5190.88,1.137523
2011,Tamil Nadu,Sweet potato,Whole Year,390.0,926.5,65332.8,128.7,20.572381
2006,Jammu and Kashmir,Cowpea(Lobia),Kharif,1432.0,1786.5,182880.72,315.04,0.4
2011,Kerala,Ginger,Whole Year,6907.59,3035.1,1157159.48,2279.5,3.563571
2011,Nagaland,Ragi,Kharif,310.0,1544.4,51931.2,102.3,0.962857
2006,West Bengal,Tobacco,Whole Year,11991.0,1631.4,1531370.61,2638.02,0.8
2018,Meghalaya,Arhar/Tur,Kharif,1183.0,5649.1,191882.6,414.05,1.118
2017,Meghalaya,Black pepper,Rabi,1025.0,4472.3,161376.0,389.5,0.76
2019,Gujarat,Sugarcane,Whole Year,160940.0,1067.8,27643054.4,59547.8,70.57
2020,Andhra Pradesh,Coconut,Whole Year,173991.87,961.3,29131.49,587.4,9158.374707
2010,Chhattisgarh,Coriander,Whole Year,3342.0,1283.1,555139.62,802.08,0.278235
2003,Andhra Pradesh,Other Kharif pulses,Kharif,8349.0,826.0,826384.02,2003.76,0.240769
2002,West Bengal,Sannhamp,Whole Year,1374.0,1629.1,130076.58,343.5,5.218571
2008,Gujarat,Sesamum,Kharif,238500.0,746.1,34115040.0,21465.0,0.342857
2013,Uttar Pradesh,Sesamum,Kharif,293360.0,995.2,42387586.4,79207.2,0.140299
2014,Nagaland,Masoor,Rabi,2110.0,1333.3,318525.6,696.3,0.816667
2001,Chhattisgarh,Gram,Rabi,169488.0,1550.0,17309809.44,44066.88,0.7325
2006,West Bengal,Cardamom,Whole Year,2874.0,1631.4,367038.54,632.28,0.24
2010,Nagaland,Castor seed,Kharif,270.0,1771.8,44849.7,64.8,0.626667
2004,Puducherry,Sesamum,Kharif,142.0,1434.6,15384.28,29.82,0.445
2009,Madhya Pradesh,Cotton(lint),Whole Year,623072.0,904.1,97087079.04,105922.24,0.198421
2016,West Bengal,Sunflower,Kharif,7231.0,1795.8,1108150.75,2530.85,1.32625
2016,Maharashtra,Jowar,Kharif,603420.0,1151.1,92474115.0,211197.0,0.926154
2005,Uttarakhand,Maize,Kharif,31372.0,1353.3,3762130.24,6588.12,1.142308
2001,Maharashtra,Niger seed,Kharif,56000.0,1035.8,5719280.0,14560.0,0.359524
2012,Kerala,Potato,Whole Year,975.0,2187.6,147030.0,302.25,18.905
2000,Karnataka,Cotton(lint),Kharif,551763.0,1213.3,54166573.71,143458.38,1.593333
2013,Manipur,Rapeseed &Mustard,Rabi,28270.0,1428.8,4084732.3,7632.9,0.838889
2002,Maharashtra,Groundnut,Kharif,350900.0,967.4,33219703.0,87725.0,0.748276
2017,Jharkhand,Horse-gram,Kharif,14088.0,1165.7,2218014.72,5353.44,0.631
2017,Jharkhand,Linseed,Rabi,52072.0,1165.7,8198215.68,19787.36,0.582609
2001,West Bengal,Cotton(lint),Kharif,1795.0,1556.6,183323.35,466.7,1.993333
2016,Meghalaya,Jute,Kharif,6665.0,3837.1,1021411.25,2332.75,9.924
2002,Assam,Niger seed,Kharif,9904.0,1973.6,937611.68,2476.0,0.52
2015,Maharashtra,Mango,Whole Year,165574.32,2179.1,46429.15,240.77,7.283321
2006,Uttarakhand,Other Cereals,Kharif,4615.0,1178.9,589381.65,1015.3,0.43625
2014,Assam,Niger seed,Kharif,7152.0,1899.0,1079665.92,2360.16,0.590455
2017,Nagaland,Horse-gram,Kharif,520.0,1722.1,81868.8,197.6,1.064545
2017,Telangana,Banana,Kharif,1717.0,815.7,270324.48,652.46,64.510833
2016,Jharkhand,Ragi,Autumn,19421.0,1296.3,2976268.25,6797.35,0.992667
2003,Madhya Pradesh,Peas & beans (Pulses),Rabi,5.0,1163.0,494.9,1.2,0.4
2011,Tamil Nadu,Rice,Kharif,1903772.0,926.5,318919885.4,628244.76,4.226452
2012,Jammu and Kashmir,Peas & beans (Pulses),Kharif,165.0,1116.7,24882.0,51.15,6.005
2011,Delhi,Barley,Kharif,66.0,641.4,11056.32,21.78,2.95
2006,Karnataka,Niger seed,Kharif,27426.0,1146.3,3502574.46,6033.72,0.213043
2014,Himachal Pradesh,Coriander,Rabi,172.0,1019.9,25965.12,56.76,0.24
2012,Sikkim,Soyabean,Kharif,3860.0,3006.9,582088.0,1196.6,0.9175
2016,Chhattisgarh,Sunflower,Kharif,2273.0,1298.9,348337.25,795.55,0.054706
2000,Gujarat,Urad,Kharif,84000.0,379.7,8246280.0,21840.0,0.32875
2015,Nagaland,Jute,Kharif,2430.0,1308.3,383721.3,801.9,6.1725
2019,Nagaland,Rapeseed &Mustard,Rabi,27490.0,1593.0,4721682.4,10171.3,1.011818
2003,Delhi,Barley,Kharif,86.0,962.3,8512.28,20.64,2.97
2013,Haryana,Sesamum,Kharif,1300.0,452.2,187837.0,351.0,0.407778
2008,West Bengal,Linseed,Rabi,4565.0,1560.1,652977.6,410.85,0.218
2007,West Bengal,Rapeseed &Mustard,Rabi,407498.0,2007.5,54360233.2,65199.68,0.771667
2005,Karnataka,Tomato,Whole Year,29102.2,848.6,2361.4,114.97,20.683748
2016,Haryana,Ginger,Whole Year,108.0,554.7,16551.0,37.8,15.103333
2007,Himachal Pradesh,Garlic,Rabi,4299.0,1095.4,573486.6,687.84,1.125
2015,Telangana,Groundnut,Kharif,13470.0,747.9,2127047.7,4445.1,1.348333
2002,Jammu and Kashmir,Sesamum,Kharif,6416.0,933.2,607402.72,1604.0,0.4275
2001,Himachal Pradesh,Sesamum,Kharif,4475.0,918.1,457031.75,1163.5,0.35
2005,Assam,Jute,Kharif,56757.0,2184.6,6806299.44,11918.97,10.287407
2014,Uttarakhand,Other Kharif pulses,Kharif,12717.0,1287.4,1919758.32,4196.61,0.955455
2010,Himachal Pradesh,Sesamum,Kharif,2890.0,1319.8,480057.9,693.6,0.318889
2011,Andhra Pradesh,Rapeseed &Mustard,Rabi,6617.0,861.9,1108479.84,2183.61,2.444286
2017,Manipur,Arhar/Tur,Kharif,527.0,1780.0,82970.88,200.26,1.128889
2011,Madhya Pradesh,Banana,Whole Year,16990.0,852.6,2846164.8,5606.7,19.146316
2008,Assam,Coconut,Whole Year,19135.0,2109.9,2737070.4,1722.15,7716.895185
2012,Goa,Other  Rabi pulses,Rabi,9723.0,3048.9,1466228.4,3014.13,0.905
2005,Karnataka,Coconut,Whole Year,395885.0,1316.2,47474529.2,83135.85,4165.660741
2018,Punjab,Rice,Kharif,3103000.0,585.5,503306600.0,1086050.0,4.011818
2020,Chhattisgarh,Sugarcane,Whole Year,1280113.07,1573.6,142408.08,8648.57,76.899582
2014,Andhra Pradesh,Rice,Kharif,1634921.0,687.6,246807674.2,539523.93,3.184615
2016,Telangana,Mango,Whole Year,121393.56,719.4,19231.94,504.55,6.884825
2003,Uttarakhand,Masoor,Rabi,11618.0,1734.3,1149949.64,2788.32,0.61
2015,Nagaland,Rice,Kharif,176790.0,1308.3,27916908.9,58340.7,2.41
2011,Uttarakhand,Garlic,Whole Year,3039.0,1564.7,509093.28,1002.87,6.487826
2004,Chhattisgarh,Other  Rabi pulses,Rabi,1393.0,1122.8,150917.62,292.53,0.9
2008,Maharashtra,Cotton(lint),Kharif,3146000.0,1052.8,450003840.0,283140.0,1.516296
2016,Karnataka,Cardamom,Whole Year,16682.0,1147.2,2556516.5,5838.7,0.105714
2000,Rajasthan,Maize,Kharif,262984.6,299.7,31728.12,1216.91,2.325758
2017,Chhattisgarh,Sesamum,Kharif,17255.0,1124.5,2716627.2,6556.9,0.307778
2019,Andhra Pradesh,Cowpea(Lobia),Kharif,5816.0,899.2,998956.16,2151.92,0.503333
2015,Odisha,Rapeseed &Mustard,Winter,7308.0,1210.1,1154006.28,2411.64,0.206786
2005,Sikkim,Other Cereals,Rabi,2010.0,2041.6,241039.2,422.1,0.7975
2004,West Bengal,Rapeseed &Mustard,Rabi,457495.0,1612.9,49565008.3,96073.95,0.707222
2002,Madhya Pradesh,Sugarcane,Whole Year,39073.0,800.8,3699040.91,9768.25,28.415
2013,Maharashtra,Wheat,Rabi,1028200.0,1409.8,148564618.0,277614.0,1.462414
2005,Nagaland,Moong(Green Gram),Kharif,730.0,1568.6,87541.6,153.3,0.83125
2012,Jammu and Kashmir,Onion,Kharif,86.0,1116.7,12968.8,26.66,0.94
2016,Karnataka,Linseed,Rabi,2854.0,1147.2,437375.5,998.9,0.079091
2000,Bihar,Garlic,Whole Year,2560.0,1207.0,251315.2,665.6,1.365
2019,Tripura,Arhar/Tur,Kharif,4832.0,2252.8,829944.32,1787.84,0.78875
2019,Nagaland,Cowpea(Lobia),Kharif,560.0,1593.0,96185.6,207.2,1.483333
2006,Delhi,Maize,Kharif,67.0,462.7,8556.57,14.74,1.82
2008,Maharashtra,Small millets,Kharif,68300.0,1052.8,9769632.0,6147.0,0.457586
2012,Uttar Pradesh,Urad,Kharif,524224.0,746.3,79052979.2,162509.44,0.656164
2016,Meghalaya,Banana,Kharif,7240.0,3837.1,1109530.0,2534.0,10.725455
2000,Punjab,Cotton(lint),Kharif,474000.0,405.3,46532580.0,123240.0,2.131
2011,Assam,Sesamum,Kharif,11801.0,1743.4,1976903.52,3894.33,0.594444
2010,Tamil Nadu,Moong(Green Gram),Kharif,171666.0,1095.2,28515439.26,41199.84,0.465667
2013,Meghalaya,Turmeric,Whole Year,2465.0,2448.4,356167.85,665.55,5.89
2019,Haryana,Horse-gram,Kharif,425.0,351.8,72998.0,157.25,0.666667
2014,Uttarakhand,Arhar/Tur,Kharif,3150.0,1287.4,475524.0,1039.5,0.7825
2010,Manipur,Sugarcane,Whole Year,5200.0,2160.5,863772.0,1248.0,59.034444
2004,Haryana,Horse-gram,Kharif,515.0,484.6,55795.1,108.15,0.103333
2004,Delhi,Sugarcane,Whole Year,4.0,651.9,433.36,0.84,75.25
2002,Maharashtra,Castor seed,Kharif,29700.0,967.4,2811699.0,7425.0,0.1815
2014,Chhattisgarh,Maize,Kharif,125074.0,1274.7,18881171.04,41274.42,1.803333
2002,Tamil Nadu,Sunflower,Kharif,7709.0,315.9,729811.03,1927.25,1.075217
2003,Goa,Other  Rabi pulses,Rabi,9284.0,3011.6,918930.32,2228.16,0.95
2012,Haryana,Sunflower,Kharif,3891.0,307.9,586762.8,1206.21,2.086667
2004,Bihar,Tobacco,Whole Year,16071.0,1147.8,1741132.14,3374.91,1.137647
2008,Maharashtra,Safflower,Rabi,185700.0,1052.8,26562528.0,16713.0,0.5495
2001,Assam,Moong(Green Gram),Rabi,8206.0,1824.7,838078.78,2133.56,0.441739
2016,Bihar,Garlic,Whole Year,1866.0,1205.6,285964.5,653.1,1.525517
2007,Jammu and Kashmir,Rapeseed &Mustard,Rabi,58490.0,1042.2,7802566.0,9358.4,0.547368
2018,Uttar Pradesh,Rice,Kharif,5894983.0,792.8,956166242.6,2063244.05,2.6056
2002,Odisha,Potato,Whole Year,7076.0,1102.8,669884.92,1769.0,8.908214
2009,Tamil Nadu,Turmeric,Whole Year,33366.0,928.5,5199090.12,5672.22,5.103077
2007,Karnataka,Turmeric,Whole Year,13500.0,1323.3,1800900.0,2160.0,7.861111
2005,West Bengal,Ragi,Kharif,12621.0,1650.1,1513510.32,2650.41,0.868
2014,Karnataka,Cashewnut,Whole Year,64550.0,1238.5,9744468.0,21301.5,0.83619
2003,Bihar,Coriander,Whole Year,2169.0,1353.9,214687.62,520.56,0.690968
2018,Manipur,Ginger,Kharif,5493.0,1196.9,890964.6,1922.55,12.255
2005,Odisha,Groundnut,Autumn,34909.0,1503.4,4186287.28,7330.89,0.706
2010,West Bengal,Maize,Autumn,32295.0,1096.0,5364522.45,7750.8,2.453846
2000,Telangana,Cotton(lint),Kharif,1657562.67,1024.1,182191.61,2244.19,0.459625
2002,Uttarakhand,Rapeseed &Mustard,Rabi,11423.0,1610.3,1081415.41,2855.75,0.480769
2014,Telangana,Turmeric,Kharif,43470.0,746.4,6562231.2,14345.1,4.693333
2019,Himachal Pradesh,Ragi,Kharif,1757.0,1217.7,301782.32,650.09,1.0725
2001,Tamil Nadu,Arhar/Tur,Kharif,63613.0,481.3,6496795.69,16539.38,0.623333
2003,Odisha,Coriander,Whole Year,19010.0,1648.2,1881609.8,4562.4,0.480667
2018,Assam,Black pepper,Whole Year,3388.0,2372.9,549533.6,1185.8,2.131111
2017,Meghalaya,Potato,Summer,12559.0,4472.3,1977288.96,4772.42,8.254545
2007,Jammu and Kashmir,Potato,Kharif,1380.0,1042.2,184092.0,220.8,4.94875
2007,Madhya Pradesh,Linseed,Rabi,108444.0,740.4,14466429.6,17351.04,0.5075
2006,Meghalaya,Potato,Rabi,18173.0,2454.7,2320873.83,3998.06,8.212857
2010,Goa,Sugarcane,Whole Year,921.0,4193.3,152987.31,221.04,48.715
2008,Rajasthan,Groundnut,Kharif,640628.78,390.3,106813.54,4613.24,1.611338
2007,West Bengal,Groundnut,Kharif,3257.0,2007.5,434483.8,521.12,1.014
2005,Manipur,Potato,Whole Year,4870.0,1585.4,584010.4,1022.7,5.2
2005,Meghalaya,Sugarcane,Whole Year,80.0,3374.4,9593.6,16.8,2.342
2001,Tamil Nadu,Sugarcane,Whole Year,321173.0,481.3,32801398.49,83504.98,102.010741
2002,Himachal Pradesh,Maize,Kharif,299801.0,890.8,28382160.67,74950.25,1.6075
2007,Bihar,Sunflower,Rabi,22052.0,1600.2,2941736.8,3528.32,1.43037
2016,Delhi,Rice,Kharif,5973.0,747.1,915362.25,2090.55,2.89
2011,Haryana,Ginger,Kharif,64.0,471.5,10721.28,21.12,0.583333
2019,West Bengal,Ragi,Autumn,2851.0,1733.4,489687.76,1054.87,0.86
2014,Bihar,Rapeseed &Mustard,Rabi,84445.0,1061.0,12747817.2,27866.85,1.041892
2002,Madhya Pradesh,Sunflower,Kharif,2354.0,800.8,222853.18,588.5,0.272273
2019,Kerala,Small millets,Kharif,30.0,3119.2,5152.8,11.1,0.73
2014,Telangana,Groundnut,Kharif,12402.0,746.4,1872205.92,4092.66,1.36125
2007,Rajasthan,Coriander,Rabi,33144.88,258.4,4547.99,157.95,0.705702
2015,Haryana,Rice,Kharif,1353000.0,426.8,213652230.0,446490.0,2.963
2005,Jharkhand,Sugarcane,Whole Year,130.68,965.2,15671.15,27.44,4.12
2009,Tripura,Urad,Kharif,764.0,2004.2,119046.48,129.88,0.5875
2002,Assam,Jute,Kharif,67915.0,1973.6,6429513.05,16978.75,9.963478
2019,Bihar,Onion,Rabi,12965.0,1194.7,2226868.4,4797.05,12.605263
2013,Tripura,Moong(Green Gram),Kharif,631.0,2043.5,91173.19,170.37,0.5275
2008,Uttar Pradesh,Jowar,Kharif,192564.0,891.6,27544354.56,17330.76,1.083621
2016,Madhya Pradesh,Mesta,Kharif,2000.0,1048.4,306500.0,700.0,0.65125
2015,Punjab,Mustard,Rabi,478002.44,565.0,119006.18,5035.05,1.653427
2019,Andhra Pradesh,Sunflower,Kharif,1869.0,899.2,321019.44,691.53,1.23
2015,Manipur,Cowpea(Lobia),Kharif,962.0,1329.1,151909.42,317.46,1.107778
2011,Andhra Pradesh,Coriander,Whole Year,12821.0,861.9,2147773.92,4230.93,0.6025
2018,Andhra Pradesh,Potato,Kharif,486.0,1220.5,78829.2,170.1,7.44
2001,Mizoram,Tapioca,Whole Year,307.0,2406.4,31353.91,79.82,5.7375
2007,Bihar,Ginger,Kharif,699.0,1600.2,93246.6,111.84,1.644545
2018,Uttarakhand,Other Cereals,Kharif,768.0,1373.0,124569.6,268.8,0.561429
2009,Tamil Nadu,Sesamum,Whole Year,62677.0,928.5,9766330.14,10655.09,0.413448
2019,Tamil Nadu,Small millets,Kharif,17928.0,910.1,3079313.28,6633.36,1.360769
2007,Tripura,Sesamum,Kharif,1776.0,2831.8,236918.4,284.16,0.5
2011,Gujarat,Soyabean,Kharif,42100.0,890.5,7052592.0,13893.0,0.768
2013,Telangana,Masoor,Rabi,382.0,1348.7,55195.18,103.14,0.51
2019,Andhra Pradesh,Coriander,Rabi,1119.0,899.2,192199.44,414.03,0.50375
2000,Andhra Pradesh,Safflower,Rabi,16198.0,935.6,1590157.66,4211.48,0.34
2002,Mizoram,Masoor,Kharif,26.0,2627.0,2461.42,6.5,1.08
2003,West Bengal,Wheat,Rabi,425721.0,1526.7,42137864.58,102173.04,2.194444
2003,Jammu and Kashmir,Sesamum,Kharif,5744.0,1430.3,568541.12,1378.56,0.438
2014,Jharkhand,Rice,Autumn,139909.0,1156.6,21120662.64,46169.97,1.01
2013,Himachal Pradesh,Dry chillies,Kharif,419.0,1216.9,60541.31,113.13,0.312
2018,Karnataka,Mango,Whole Year,174124.97,2026.4,44035.21,1295.06,7.655376
2009,Delhi,Potato,Whole Year,88.0,528.4,13712.16,14.96,249.99
2007,Uttarakhand,Wheat,Rabi,372919.0,1924.3,49747394.6,59667.04,1.673846
2007,West Bengal,Tobacco,Whole Year,11698.0,2007.5,1560513.2,1871.68,0.796667
2019,Karnataka,Cardamom,Whole Year,1939.0,1422.3,333042.64,717.43,0.105238
2001,Uttarakhand,Other  Rabi pulses,Rabi,211.0,1541.3,21549.43,54.86,0.3875
2014,Himachal Pradesh,Moong(Green Gram),Kharif,222.0,1019.9,33513.12,73.26,0.485714
2009,Puducherry,Dry chillies,Kharif,1.0,1434.6,155.82,0.17,1.0
2013,Meghalaya,Peas & beans (Pulses),Rabi,2207.0,2448.4,318889.43,595.89,1.666364
2014,West Bengal,Rapeseed &Mustard,Rabi,448602.0,1483.5,67720957.92,148038.66,0.932778
2006,Meghalaya,Arecanut,Rabi,12081.0,2454.7,1542864.51,2657.82,1.254286
2008,Kerala,Cotton(lint),Kharif,1152.0,2524.8,164782.08,103.68,1.3
2007,West Bengal,Safflower,Rabi,865.0,2007.5,115391.0,138.4,1.088889
2018,Gujarat,Other Cereals,Kharif,1300.0,1125.4,210860.0,455.0,0.873077
2002,Gujarat,Cotton(lint),Kharif,1634800.0,458.4,154766516.0,408700.0,1.349412
2004,Tripura,Urad,Kharif,1026.0,2706.3,111156.84,215.46,0.575
2014,Chhattisgarh,Sweet potato,Whole Year,2553.0,1274.7,385400.88,842.49,5.429231
2010,Punjab,Barley,Rabi,12000.0,392.7,1993320.0,2880.0,3.64625
2012,Gujarat,Onion,Rabi,14500.0,460.6,2186600.0,4495.0,23.321
2006,Assam,Masoor,Rabi,20137.0,1774.9,2571696.27,4430.14,0.5184
2004,Sikkim,Rapeseed &Mustard,Rabi,4290.0,1650.5,464778.6,900.9,2.29
2001,Karnataka,Moong(Green Gram),Kharif,251332.0,1002.9,25668537.16,65346.32,0.318261
2007,Delhi,Wheat,Rabi,17482.0,677.5,2332098.8,2797.12,4.36
2019,Nagaland,Sesamum,Kharif,3740.0,1593.0,642382.4,1383.8,0.613636
2005,Tamil Nadu,Horse-gram,Kharif,60415.0,1364.1,7244966.8,12687.15,0.3724
2014,Assam,Coconut,Whole Year,20340.0,1899.0,3070526.4,6712.2,6784.791481
2000,Delhi,Potato,Whole Year,2487.0,544.3,244148.79,646.62,18.48
2019,Puducherry,Urad,Kharif,2.0,1317.0,343.52,0.74,1.0
2003,Andhra Pradesh,Maize,Kharif,557812.0,826.0,55212231.76,133874.88,2.420909
2015,Andhra Pradesh,Potato,Kharif,574.0,940.7,90640.34,189.42,7.96
2003,Maharashtra,Other  Rabi pulses,Rabi,129800.0,1037.4,12847604.0,31152.0,0.43087
2015,Haryana,Onion,Whole Year,30645.0,426.8,4839151.95,10112.85,23.163333
2007,Arunachal Pradesh,Ginger,Whole Year,6305.0,3223.9,841087.0,1008.8,5.950625
2018,Puducherry,Cashewnut,Kharif,145.0,1693.9,23519.0,50.75,0.416667
2015,Nagaland,Masoor,Rabi,2130.0,1308.3,336348.3,702.9,0.828889
2019,Kerala,Other  Rabi pulses,Rabi,1256.0,3119.2,215730.56,464.72,1.098889
2012,Goa,Ragi,Kharif,48.0,3048.9,7238.4,14.88,1.1
2002,Assam,Peas & beans (Pulses),Rabi,23077.0,1973.6,2184699.59,5769.25,0.585217
2001,West Bengal,Urad,Kharif,49291.0,1556.6,5034089.83,12815.66,0.600556
2003,Meghalaya,Gram,Rabi,508.0,3321.3,50281.84,121.92,0.6
2005,Maharashtra,Sesamum,Kharif,102900.0,1387.2,12339768.0,21609.0,0.319394
2012,Nagaland,Sesamum,Kharif,3540.0,1296.6,533832.0,1097.4,0.605455
2013,Telangana,Mango,Whole Year,103725.76,854.8,22194.78,1154.59,6.898896
2018,Kerala,Potato,Whole Year,536.9,2989.7,87085.18,187.92,13.75
2013,Bihar,Sannhamp,Kharif,1397.0,1069.9,201852.53,377.19,0.822941
2017,Meghalaya,Castor seed,Rabi,72.0,4472.3,11335.68,27.36,1.004
2002,Maharashtra,Safflower,Rabi,262900.0,967.4,24888743.0,65725.0,0.427895
2017,Goa,Rice,Kharif,27219.0,2772.5,4285359.36,10343.22,2.635
2013,Nagaland,Sweet potato,Kharif,1490.0,1350.9,215290.1,402.3,8.509091
2007,Chhattisgarh,Turmeric,Whole Year,918.0,1246.2,122461.2,146.88,1.045
2019,Tamil Nadu,Arhar/Tur,Kharif,38920.0,910.1,6684899.2,14400.4,1.2748
2013,Tamil Nadu,Rapeseed &Mustard,Rabi,576.0,740.9,83226.24,155.52,0.18
2010,Puducherry,Other Kharif pulses,Kharif,1.0,1434.6,166.11,0.24,1.0
2019,Haryana,Coriander,Whole Year,2163.6,351.8,371619.94,800.53,3.844737
2017,Tamil Nadu,Rapeseed &Mustard,Rabi,292.0,970.9,45972.48,110.96,0.08
2016,Meghalaya,Maize,Kharif,18128.0,3837.1,2778116.0,6344.8,2.245455
2011,Manipur,Dry chillies,Whole Year,8337.0,1533.6,1396614.24,2751.21,7.6
2020,Andhra Pradesh,Sugarcane,Whole Year,833391.43,796.9,258390.48,1381.01,80.492261
2000,Gujarat,Dry chillies,Whole Year,13900.0,379.7,1364563.0,3614.0,0.853333
2002,Madhya Pradesh,Jowar,Kharif,636951.0,800.8,60300151.17,159237.75,0.852222
2019,Tamil Nadu,Castor seed,Kharif,5259.0,910.1,903285.84,1945.83,0.306429
2002,Assam,Dry chillies,Whole Year,14885.0,1973.6,1409162.95,3721.25,0.637826
2012,Punjab,Masoor,Rabi,900.0,338.9,135720.0,279.0,0.857143
2016,Bihar,Turmeric,Whole Year,3063.0,1205.6,469404.75,1072.05,1.010909
2017,Madhya Pradesh,Peas & beans (Pulses),Rabi,311880.0,800.0,49102387.2,118514.4,0.930263
2011,Jammu and Kashmir,Sugarcane,Kharif,19.0,887.6,3182.88,6.27,1.5
2016,Karnataka,Ragi,Kharif,575562.0,1147.2,88204876.5,201446.7,0.853684
2004,Tamil Nadu,Coconut,Whole Year,357056.0,1034.0,38683447.04,74981.76,10877.70276
2010,Nagaland,Cotton(lint),Kharif,100.0,1771.8,16611.0,24.0,0.5
2003,Madhya Pradesh,Groundnut,Kharif,214353.0,1163.0,21216659.94,51444.72,1.045417
2003,Maharashtra,Rice,Kharif,1500400.0,1037.4,148509592.0,360096.0,1.232258
2003,Bihar,Sweet potato,Whole Year,4551.0,1353.9,450457.98,1092.24,12.979655
2017,Haryana,Rapeseed &Mustard,Rabi,547700.0,417.1,86229888.0,208126.0,2.027727
2013,Tamil Nadu,Black pepper,Whole Year,3918.0,740.9,566111.82,1057.86,0.184167
2000,Bihar,Banana,Whole Year,16186.0,1207.0,1588979.62,4208.36,17.94875
2000,Assam,Other  Rabi pulses,Rabi,101474.0,1965.5,9961702.58,26383.24,0.521739
2003,Odisha,Small millets,Kharif,26570.0,1648.2,2629898.6,6376.8,0.435789
2019,Rajasthan,Mustard,Rabi,790346.96,522.3,62693.3,10361.48,1.605381
2007,Delhi,Barley,Kharif,75.0,677.5,10005.0,12.0,2.61
2011,Uttarakhand,Peas & beans (Pulses),Rabi,6396.0,1564.7,1071457.92,2110.68,0.71
2006,Karnataka,Garlic,Whole Year,6615.0,1146.3,844801.65,1455.3,1.276667
2015,Uttar Pradesh,Rapeseed &Mustard,Rabi,593351.0,596.7,93696056.41,195805.83,0.8876
2007,Madhya Pradesh,Rice,Kharif,1634912.0,740.4,218097260.8,261585.92,0.875
2018,Tripura,Groundnut,Kharif,1257.0,2169.1,203885.4,439.95,1.31625
2009,Puducherry,Cotton(lint),Summer,10.0,1434.6,1558.2,1.7,0.89
2006,Karnataka,Dry chillies,Whole Year,132521.0,1146.3,16924256.91,29154.62,1.618889
2013,Gujarat,Urad,Kharif,86413.0,1006.5,12485814.37,23331.51,0.6348
2018,Delhi,Wheat,Rabi,19220.0,678.5,3117484.0,6727.0,4.31
2003,Kerala,Rice,Autumn,102770.0,2386.0,10172174.6,24664.8,2.140769
2009,Delhi,Maize,Kharif,48.0,528.4,7479.36,8.16,21.96
2016,Uttarakhand,Other Summer Pulses,Summer,12.0,1580.9,1839.0,4.2,0.58
2013,Bihar,Wheat,Rabi,2148818.0,1069.9,310482712.8,580180.86,2.835
2006,Delhi,Other Kharif pulses,Kharif,180.0,462.7,22987.8,39.6,1.51
2002,Uttarakhand,Small millets,Kharif,73179.0,1610.3,6927855.93,18294.75,0.906364
2016,Jharkhand,Gram,Rabi,52054.0,1296.3,7977275.5,18218.9,1.09625
2012,Tamil Nadu,Ragi,Kharif,70294.0,706.8,10600335.2,21791.14,2.089259
2009,Assam,Castor seed,Kharif,1157.0,1727.1,180283.74,196.69,0.427917
2006,Rajasthan,Gram,Rabi,871197.17,283.8,131013.02,4290.27,0.844893
2009,Jammu and Kashmir,Garlic,Kharif,114.0,751.7,17763.48,19.38,0.755
2009,Chhattisgarh,Sannhamp,Whole Year,1532.0,956.9,238716.24,260.44,0.275294
2016,Karnataka,Rice,Kharif,942025.0,1147.2,144365331.3,329708.75,2.529667
2003,Karnataka,Rapeseed &Mustard,Rabi,6048.0,867.6,598631.04,1451.52,0.223529
2015,Chhattisgarh,Other  Rabi pulses,Rabi,2388.0,1136.0,377089.08,788.04,0.180417
2000,West Bengal,Tobacco,Whole Year,10456.0,1907.7,1026465.52,2718.56,0.598
2019,Sikkim,Small millets,Kharif,2282.0,2740.0,391956.32,844.34,1.0375
2004,Punjab,Guar seed,Whole Year,27100.0,366.4,2936014.0,5691.0,0.8
2006,Meghalaya,Sesamum,Rabi,1635.0,2454.7,208805.85,359.7,0.58
2007,Delhi,Maize,Kharif,69.0,677.5,9204.6,11.04,1.83
2015,Gujarat,Tobacco,Kharif,61136.0,584.3,9653985.76,20174.88,1.892
2014,Goa,Other Kharif pulses,Kharif,208.0,3491.2,31399.68,68.64,0.945
2004,Meghalaya,Rice,Autumn,32667.0,4767.9,3539142.78,6860.07,1.492857
2016,Bihar,Banana,Whole Year,61516.99,1175.5,5241.57,781.59,32.239672
2018,Andhra Pradesh,Sweet potato,Kharif,91.0,1220.5,14760.2,31.85,17.15
2006,Karnataka,Wheat,Rabi,269494.0,1146.3,34417078.74,59288.68,0.810714
2017,Assam,Peas & beans (Pulses),Rabi,30968.0,2098.6,4875601.92,11767.84,0.903704
2000,Gujarat,Mango,Whole Year,55136.94,713.2,3128.24,217.77,4.694767
2020,Madhya Pradesh,Linseed,Rabi,31096.94,1151.0,7182.58,345.48,0.676151
2013,Uttar Pradesh,Cotton(lint),Kharif,3901.0,995.2,563655.49,1053.27,0.22125
2018,Bihar,Castor seed,Kharif,85.0,1521.4,13787.0,29.75,0.992
2018,Bihar,Lentil,Rabi,10834.0,1080.3,1746.95,51.71,0.969213
2001,Chhattisgarh,Sannhamp,Whole Year,1736.0,1550.0,177297.68,451.36,0.34875
2014,Meghalaya,Arecanut,Whole Year,16747.0,3484.4,2528127.12,5526.51,1.380909
2018,Haryana,Moth,Kharif,101.0,533.2,16382.2,35.35,0.713333
2007,Gujarat,Ragi,Kharif,21700.0,1021.6,2894780.0,3472.0,0.9175
2005,Chhattisgarh,Arhar/Tur,Kharif,50719.0,1292.7,6082222.48,10650.99,0.42875
2016,Puducherry,Black pepper,Kharif,10.0,1391.3,1532.5,3.5,1.8
2014,Puducherry,Urad,Kharif,9.0,1330.0,1358.64,2.97,0.78
2013,Arunachal Pradesh,Oilseeds total,Whole Year,33114.0,2042.9,4784641.86,8940.78,1.115294
2006,Assam,Niger seed,Kharif,10029.0,1774.9,1280803.59,2206.38,0.53
2002,Tripura,Potato,Whole Year,5735.0,2579.8,542932.45,1433.75,18.61
2009,Punjab,Barley,Rabi,14000.0,371.3,2181480.0,2380.0,3.40625
2003,Maharashtra,Sesamum,Kharif,116800.0,1037.4,11560864.0,28032.0,0.364375
2009,Meghalaya,Cotton(lint),Kharif,6891.0,2995.9,1073755.62,1171.47,0.82
2000,Maharashtra,Linseed,Rabi,69900.0,1057.8,6862083.0,18174.0,0.263158
2004,Meghalaya,Maize,Kharif,16875.0,4767.9,1828237.5,3543.75,1.465714
2001,Gujarat,Guar seed,Whole Year,264200.0,666.5,26982746.0,68692.0,0.47
2001,Goa,Groundnut,Kharif,148.0,2530.6,15115.24,38.48,0.93
2018,Haryana,Cotton(lint),Kharif,708900.0,533.2,114983580.0,248115.0,2.7825
2017,Andhra Pradesh,Rice,Kharif,1476928.0,868.2,232527544.3,561232.64,3.25
2015,Uttar Pradesh,Sunflower,Summer,2198.0,596.7,347086.18,725.34,1.624474
2018,Himachal Pradesh,Potato,Kharif,2900.0,1052.2,470380.0,1015.0,5.96875
2000,Chhattisgarh,Tobacco,Whole Year,42.0,896.4,4123.14,10.92,0.346667
2000,Nagaland,Niger seed,Kharif,750.0,1631.8,73627.5,195.0,0.512
2008,Himachal Pradesh,Moth,Kharif,23.0,1357.1,3289.92,2.07,0.206667
2017,Jammu and Kashmir,Sesamum,Kharif,4326.0,1279.1,681085.44,1643.88,0.421667
2011,Madhya Pradesh,Sesamum,Whole Year,328209.0,852.6,54981571.68,108308.97,0.5806
2017,Tamil Nadu,Groundnut,Kharif,188544.0,970.9,29684367.36,71646.72,2.411667
2002,Uttarakhand,Peas & beans (Pulses),Rabi,3550.0,1610.3,336078.5,887.5,0.627692
2002,Chhattisgarh,Ragi,Kharif,10523.0,1001.4,996212.41,2630.75,0.210909
2019,Jammu and Kashmir,Bajra,Kharif,9656.0,1324.1,1658514.56,3572.72,0.603333
2004,Haryana,Sweet potato,Whole Year,75.0,484.6,8125.5,15.75,18.602
2000,Arunachal Pradesh,Turmeric,Whole Year,454.0,2157.7,44569.18,118.04,4.847143
2018,Telangana,Tobacco,Kharif,1150.0,1350.3,186530.0,402.5,4.306667
2011,Karnataka,Arecanut,Whole Year,216168.0,1179.0,36212463.36,71335.44,8.221905
2000,Maharashtra,Cotton(lint),Kharif,3076900.0,1057.8,302059273.0,799994.0,0.881154
2018,Nagaland,Ragi,Kharif,350.0,1372.7,56770.0,122.5,0.982857
2019,Uttar Pradesh,Linseed,Rabi,27073.0,814.5,4650058.48,10017.01,0.693696
2002,Himachal Pradesh,Rice,Kharif,83273.0,890.8,7883454.91,20818.25,1.133636
2011,Gujarat,Onion,Rabi,63600.0,890.5,10654272.0,20988.0,24.669565
2016,Puducherry,Coconut,Whole Year,1930.0,1391.3,295772.5,675.5,10804.615
2006,Meghalaya,Rapeseed &Mustard,Rabi,7261.0,2454.7,927302.31,1597.42,0.657143
2009,Punjab,Masoor,Rabi,1100.0,371.3,171402.0,187.0,0.734
2001,Assam,Jute,Kharif,68178.0,1824.7,6963019.14,17726.28,9.675652
2009,Jammu and Kashmir,Other  Rabi pulses,Rabi,269.0,751.7,41915.58,45.73,0.505
2006,Uttar Pradesh,Ginger,Kharif,887.0,590.5,113278.77,195.14,3.0505
2013,Karnataka,Potato,Kharif,29813.0,1235.6,4307680.37,8049.51,7.544118
2000,West Bengal,Linseed,Rabi,11869.0,1907.7,1165179.73,3085.94,0.460769
2006,Bihar,Banana,Whole Year,20473.71,1052.4,4241.69,196.48,24.543763
2015,Maharashtra,Grapes,Whole Year,36338.94,621.1,4365.63,231.9,24.773667
2016,Tripura,Rice,Autumn,38136.0,2475.3,5844342.0,13347.6,2.5475
2001,Uttar Pradesh,Arhar/Tur,Kharif,394228.0,849.9,40262505.64,102499.28,1.031159
2007,Tamil Nadu,Coriander,Whole Year,13288.0,1067.2,1772619.2,2126.08,0.385909
2001,Uttar Pradesh,Cotton(lint),Kharif,4512.0,849.9,460810.56,1173.12,1.3275
2011,Uttar Pradesh,Soyabean,Kharif,17670.0,777.4,2960078.4,5831.1,1.25
2016,Punjab,Sunflower,Rabi,5800.0,635.9,888850.0,2030.0,1.595
2011,Karnataka,Coriander,Whole Year,3042.0,1179.0,509595.84,1003.86,0.406
2005,Delhi,Potato,Whole Year,53.0,653.1,6355.76,11.13,15.87
2005,Goa,Coconut,Whole Year,25312.0,3392.8,3035415.04,5315.52,4951.73
2007,Karnataka,Mango,Whole Year,99565.08,825.6,14756.21,325.15,6.197225
2012,Chhattisgarh,Other Kharif pulses,Kharif,12660.0,1366.8,1909128.0,3924.6,0.26
2012,Telangana,Jowar,Kharif,1000935.02,882.9,136213.83,3651.2,1.30338
2003,West Bengal,Mustard,Rabi,699779.25,1567.8,96175.18,4975.08,1.227829
2019,Maharashtra,Onion,Rabi,128939.34,1899.2,26475.05,380.7,20.825105
2008,Chhattisgarh,Sunflower,Kharif,4550.0,1117.9,650832.0,409.5,0.341176
2009,Bihar,Rice,Autumn,525890.0,889.3,81944179.8,89401.3,0.905667
2002,Manipur,Dry chillies,Whole Year,10140.0,1743.7,959953.8,2535.0,0.587778
2006,Madhya Pradesh,Khesari,Rabi,46723.0,1072.3,5966994.33,10279.06,0.68069
2000,Himachal Pradesh,Arhar/Tur,Kharif,272.0,1068.4,26702.24,70.72,0.305714
2010,Odisha,Sesamum,Autumn,6354.0,1291.9,1055462.94,1524.96,0.205556
2001,Odisha,Niger seed,Kharif,115170.0,1672.5,11762312.1,29944.2,0.283077
2012,Assam,Small millets,Kharif,4429.0,2167.5,667893.2,1372.99,0.537308
2007,Uttar Pradesh,Soyabean,Kharif,4834.0,672.9,644855.6,773.44,0.676429
2010,Uttarakhand,Potato,Kharif,7578.0,1419.0,1258781.58,1818.72,8.47
2009,Meghalaya,Linseed,Rabi,77.0,2995.9,11998.14,13.09,0.47
2006,Andhra Pradesh,Bajra,Kharif,48995.0,845.2,6257151.45,10778.9,0.7375
2006,Sikkim,Rapeseed &Mustard,Rabi,5280.0,2270.2,674308.8,1161.6,0.765
2015,Manipur,Peas & beans (Pulses),Rabi,18290.0,1329.1,2888173.9,6035.7,0.935556
2006,Andhra Pradesh,Cashewnut,Whole Year,145095.0,845.2,18530082.45,31920.9,0.2375
2012,Himachal Pradesh,Wheat,Rabi,350121.0,1035.0,52798246.8,108537.51,1.894167
2010,Kerala,Arecanut,Whole Year,99833.5,3131.8,16583342.68,23960.04,0.827857
2011,Tripura,Rice,Kharif,265999.0,2295.6,44560152.48,87779.67,2.63
2008,Assam,Turmeric,Whole Year,14459.0,2109.9,2068215.36,1301.31,0.792963
2007,Maharashtra,Bajra,Kharif,1283000.0,1257.2,171152200.0,205280.0,0.742273
2005,Odisha,Horse-gram,Summer,439.0,1503.4,52644.88,92.19,0.217778
2015,Maharashtra,Soyabean,Kharif,3702000.0,875.7,584582820.0,1221660.0,0.668929
2004,Bihar,Groundnut,Kharif,539.0,1147.8,58395.26,113.19,0.496667
2007,Gujarat,Banana,Whole Year,31200.0,1021.6,4162080.0,4992.0,57.961667
2003,West Bengal,Mango,Whole Year,199970.5,1280.6,30702.29,2006.2,5.323412
2007,Andhra Pradesh,Sugarcane,Whole Year,247000.0,1004.2,32949800.0,39520.0,83.4125
2016,Meghalaya,Linseed,Rabi,92.0,3837.1,14099.0,32.2,0.6
2005,Rajasthan,Wheat,Rabi,4736442.62,407.9,709529.03,21619.99,3.614946
2010,Nagaland,Barley,Rabi,460.0,1771.8,76410.6,110.4,1.589091
2011,Jammu and Kashmir,Tobacco,Kharif,2.0,887.6,335.04,0.66,0.4
2003,Chhattisgarh,Tobacco,Whole Year,41.0,1643.7,4058.18,9.84,0.656
2013,Goa,Other Kharif pulses,Kharif,172.0,3642.6,24852.28,46.44,0.73
2017,Uttar Pradesh,Sesamum,Kharif,278080.0,652.1,43780915.2,105670.4,0.250588
2003,Tamil Nadu,Banana,Whole Year,71088.0,345.6,7036290.24,17061.12,34.529655
2013,Tripura,Other  Rabi pulses,Rabi,906.0,2043.5,130907.94,244.62,0.83875
2004,Rajasthan,Wheat,Rabi,2300722.11,436.5,233649.45,13039.09,3.509474
2001,Karnataka,Onion,Whole Year,125815.0,1002.9,12849485.95,32711.9,7.9108
2003,Madhya Pradesh,Dry chillies,Whole Year,48810.0,1163.0,4831213.8,11714.4,0.623958
2015,Uttar Pradesh,Banana,Summer,4582.0,596.7,723543.62,1512.06,44.394359
2016,Goa,Sugarcane,Whole Year,897.0,3266.9,137465.25,313.95,41.525
2004,Odisha,Other  Rabi pulses,Rabi,41790.0,1290.4,4527528.6,8775.9,0.598667
2000,Madhya Pradesh,Small millets,Kharif,466911.0,723.3,45836652.87,121396.86,0.207143
2015,Tripura,Mesta,Kharif,627.0,2334.4,99009.57,206.91,8.7475
2009,Assam,Peas & beans (Pulses),Rabi,22013.0,1727.1,3430065.66,3742.21,0.623704
2015,Karnataka,Banana,Whole Year,19558.95,1208.7,4557.48,138.85,30.313026
2013,Madhya Pradesh,Mustard,Rabi,498064.33,1109.1,83674.88,2814.78,1.321244
2007,Chhattisgarh,Garlic,Whole Year,901.0,1246.2,120193.4,144.16,3.006667
2009,Uttar Pradesh,Groundnut,Kharif,90652.0,585.8,14125394.64,15410.84,0.698909
2015,Tamil Nadu,Cashewnut,Whole Year,88415.0,1201.9,13961612.65,29176.95,0.3
2014,Telangana,Cotton(lint),Kharif,1662925.0,746.4,251035158.0,548765.25,2.068889
2009,Bihar,Banana,Whole Year,81143.03,1137.8,19511.24,743.96,25.492216
2013,Meghalaya,Tapioca,Kharif,5298.0,2448.4,765508.02,1430.46,6.927273
2011,Himachal Pradesh,Gram,Rabi,612.0,1108.3,102522.24,201.96,0.664444
2010,Nagaland,Gram,Rabi,720.0,1771.8,119599.2,172.8,0.706364
2017,Tamil Nadu,Sweet potato,Whole Year,302.0,970.9,47546.88,114.76,26.339444
2014,Chhattisgarh,Castor seed,Rabi,48.0,1274.7,7246.08,15.84,0.234
2005,Mizoram,Cotton(lint),Kharif,308.0,2075.4,36935.36,64.68,0.812
2011,Uttar Pradesh,Dry chillies,Kharif,13284.0,777.4,2225335.68,4383.72,0.838676
2015,Uttarakhand,Moth,Kharif,15.0,1247.6,2368.65,4.95,0.53
2016,Himachal Pradesh,Urad,Kharif,9124.0,1373.9,1398253.0,3193.4,0.528182
2015,Telangana,Garlic,Rabi,285.0,747.9,45004.35,94.05,3.5225
2006,West Bengal,Potato,Whole Year,407941.0,1631.4,52098145.11,89747.02,13.351111
2007,Gujarat,Garlic,Whole Year,44600.0,1021.6,5949640.0,7136.0,5.839412
2008,Uttarakhand,Bajra,Kharif,20.0,1363.7,2860.8,1.8,0.95
2003,Karnataka,Cotton(lint),Kharif,316674.0,867.6,31344392.52,76001.76,1.192857
2017,Andhra Pradesh,Maize,Kharif,107276.0,868.2,16889533.44,40764.88,4.422308
2009,Gujarat,Banana,Whole Year,22100.0,618.0,3443622.0,3757.0,65.11
2004,West Bengal,Linseed,Rabi,5320.0,1612.9,576368.8,1117.2,0.285
2016,Tamil Nadu,Turmeric,Whole Year,35795.0,912.4,5485583.75,12528.25,3.36037
2011,Uttarakhand,Groundnut,Kharif,1214.0,1564.7,203369.28,400.62,1.251667
2011,Bihar,Groundnut,Kharif,812.0,1097.1,136026.24,267.96,1.0075
2012,Manipur,Wheat,Rabi,2400.0,1176.7,361920.0,744.0,2.5
2019,Himachal Pradesh,Sugarcane,Whole Year,1603.0,1217.7,275331.28,593.11,16.911667
2003,West Bengal,Rapeseed &Mustard,Rabi,452002.0,1526.7,44739157.96,108480.48,0.845556
2015,Kerala,Cashewnut,Whole Year,43089.84,2602.9,6804316.63,14219.65,0.327857
2020,Andhra Pradesh,Arhar/Tur,Kharif,201794.92,1027.1,30076.95,967.26,1.17886
2013,Uttar Pradesh,Sunflower,Summer,3149.0,995.2,454999.01,850.23,1.573889
2004,Haryana,Groundnut,Kharif,2071.0,484.6,224372.14,434.91,0.58
2014,Chhattisgarh,Wheat,Rabi,103195.0,1274.7,15578317.2,34054.35,1.745385
2009,Puducherry,Groundnut,Kharif,25.0,1434.6,3895.5,4.25,1.88
2012,Tamil Nadu,Cotton(lint),Kharif,117417.0,706.8,17706483.6,36399.27,2.005556
2012,Chhattisgarh,Castor seed,Kharif,90.0,1366.8,13572.0,27.9,0.376
2009,Madhya Pradesh,Masoor,Whole Year,519238.0,904.1,80907665.16,88270.46,0.491667
2001,Himachal Pradesh,Rice,Kharif,80579.0,918.1,8229533.27,20950.54,1.654545
2014,Haryana,Sesamum,Kharif,1700.0,301.3,256632.0,561.0,0.385
2016,Karnataka,Horse-gram,Kharif,35541.0,1147.2,5446658.25,12439.35,0.521667
2017,Assam,Niger seed,Kharif,5968.0,2098.6,939601.92,2267.84,0.545714
2004,Puducherry,Cashewnut,Whole Year,218.0,1434.6,23618.12,45.78,0.63
2010,Andhra Pradesh,Jowar,Kharif,114324.0,1297.0,18990359.64,27437.76,1.261
2014,Karnataka,Tapioca,Whole Year,730.0,1238.5,110200.8,240.9,9.176667
2012,Meghalaya,Small millets,Rabi,2805.0,2945.3,422994.0,869.55,1.041429
2002,Tamil Nadu,Jowar,Kharif,319607.0,315.9,30257194.69,79901.75,0.765652
2003,Bihar,Horse-gram,Kharif,15425.0,1353.9,1526766.5,3702.0,0.743043
2001,Andhra Pradesh,Coconut,Whole Year,104244.0,928.4,10646439.72,27103.44,9057.671111
2008,Assam,Masoor,Rabi,21726.0,2109.9,3107687.04,1955.34,0.5236
2011,Chhattisgarh,Maize,Kharif,107435.0,1302.7,17997511.2,35453.55,1.542593
2018,Tamil Nadu,Banana,Whole Year,87514.0,986.2,14194770.8,30629.9,37.39125
2010,Manipur,Arhar/Tur,Kharif,490.0,2160.5,81393.9,117.6,1.028889
2019,Chhattisgarh,Rice,Kharif,4266022.0,1420.3,732731938.7,1578428.14,1.936429
2006,Maharashtra,Sunflower,Kharif,121400.0,1439.4,15503994.0,26708.0,0.583478
2017,Haryana,Mustard,Rabi,1225278.71,495.9,125916.5,5443.87,1.642627
2004,Himachal Pradesh,Ginger,Kharif,2043.0,939.2,221338.62,429.03,7.264286
2005,Sikkim,Urad,Kharif,774.0,2041.6,92818.08,162.54,4.1875
2014,West Bengal,Rice,Autumn,227829.0,1483.5,34393065.84,75183.57,2.516111
2000,Gujarat,Tobacco,Whole Year,87800.0,379.7,8619326.0,22828.0,1.51375
2015,Karnataka,Linseed,Rabi,4961.0,1024.9,783391.51,1637.13,0.109333
2006,Punjab,Mustard,Rabi,398226.71,736.9,23524.3,1558.63,1.384548
2013,Punjab,Urad,Kharif,2200.0,586.6,317878.0,594.0,0.464
2005,Uttar Pradesh,Dry chillies,Whole Year,14999.0,751.9,1798680.08,3149.79,0.919403
2004,Tamil Nadu,Garlic,Whole Year,443.0,1034.0,47994.62,93.03,5.854
2014,Uttarakhand,Soyabean,Kharif,10772.0,1287.4,1626141.12,3554.76,0.903333
2013,Karnataka,Other  Rabi pulses,Rabi,8711.0,1235.6,1258652.39,2351.97,0.707368
2002,Chhattisgarh,Peas & beans (Pulses),Rabi,12181.0,1001.4,1153175.27,3045.25,0.30875
2008,Uttarakhand,Other Kharif pulses,Kharif,11120.0,1363.7,1590604.8,1000.8,1.674615
2010,Jammu and Kashmir,Tobacco,Kharif,3.0,1352.0,498.33,0.72,0.37
2019,Rajasthan,Wheat,Rabi,3243033.28,456.2,719963.54,20774.74,4.286841
2011,Chhattisgarh,Linseed,Rabi,35241.0,1302.7,5903572.32,11629.53,0.3975
2012,Manipur,Cowpea(Lobia),Kharif,840.0,1176.7,126672.0,260.4,0.997778
2001,Punjab,Wheat,Rabi,3420000.0,479.3,349284600.0,889200.0,4.487059
2016,Meghalaya,Rapeseed &Mustard,Rabi,9852.0,3837.1,1509819.0,3448.2,0.889091
2002,Karnataka,Horse-gram,Kharif,132978.0,860.8,12589027.26,33244.5,0.426667
2017,Arunachal Pradesh,Peas & beans (Pulses),Kharif,662.0,2745.5,104225.28,251.56,0.952632
2013,Uttarakhand,Sunflower,Kharif,40.0,1735.4,5779.6,10.8,0.992
2000,Himachal Pradesh,Jowar,Kharif,287.0,1068.4,28174.79,74.62,0.15
2015,Uttarakhand,Other  Rabi pulses,Rabi,4.0,1247.6,631.64,1.32,1.0
2019,Karnataka,Onion,Kharif,155401.0,1422.3,26691675.76,57498.37,8.256154
2019,Tripura,Rice,Autumn,34235.0,2252.8,5880203.6,12666.95,2.6425
2017,Assam,Small millets,Kharif,5233.0,2098.6,823883.52,1988.54,0.610385
2018,Puducherry,Arecanut,Kharif,52.0,1693.9,8434.4,18.2,1.5
2013,Karnataka,Tapioca,Whole Year,772.0,1235.6,111546.28,208.44,8.904444
2010,Puducherry,Sesamum,Kharif,5.0,1434.6,830.55,1.2,0.8
2012,Madhya Pradesh,Small millets,Kharif,216119.0,1049.5,32590745.2,66996.89,0.353243
2001,Uttarakhand,Urad,Kharif,10685.0,1541.3,1091259.05,2778.1,0.592308
2000,West Bengal,Barley,Rabi,3471.0,1907.7,340748.07,902.46,0.62
2012,Jammu and Kashmir,Groundnut,Kharif,4.0,1116.7,603.2,1.24,0.65
2005,Nagaland,Rice,Kharif,155500.0,1568.6,18647560.0,32655.0,1.6425
2014,Sikkim,Small millets,Kharif,2960.0,2627.0,446841.6,976.8,1.0
2007,Andhra Pradesh,Other Kharif pulses,Kharif,6000.0,1004.2,800400.0,960.0,0.5
2014,Mizoram,Cotton(lint),Kharif,91.0,2029.9,13737.36,30.03,0.644
2009,Chhattisgarh,Wheat,Rabi,109163.0,956.9,17009778.66,18557.71,1.301765
2001,Bihar,Urad,Kharif,31963.0,1247.0,3264381.19,8310.38,0.666333
2016,Jammu and Kashmir,Turmeric,Kharif,14.0,902.8,2145.5,4.9,1.0
2002,Tamil Nadu,Mango,Whole Year,92102.76,906.6,6524.86,805.99,4.464286
2015,Andhra Pradesh,Coconut,Whole Year,103948.0,940.7,16414428.68,34302.84,12616.92333
2017,Gujarat,Dry chillies,Whole Year,5571.0,814.8,877098.24,2116.98,1.078182
2019,Goa,Rice,Kharif,24411.0,4489.5,4192833.36,9032.07,2.475
2016,Tripura,Wheat,Rabi,200.0,2475.3,30650.0,70.0,2.25625
2012,Goa,Rice,Kharif,31255.0,3048.9,4713254.0,9689.05,2.59
2019,Kerala,Rubber,Whole Year,39161.27,3184.0,4953.99,72.57,1.698218
2012,Jharkhand,Rapeseed &Mustard,Rabi,21277.0,1102.0,3208571.6,6595.87,0.96875
2008,Uttarakhand,Sunflower,Kharif,37.0,1363.7,5292.48,3.33,0.95
2019,Arunachal Pradesh,Masoor,Rabi,454.0,2433.3,77979.04,167.98,0.923846
2008,West Bengal,Bajra,Kharif,75.0,1560.1,10728.0,6.75,0.35
2003,Madhya Pradesh,Moong(Green Gram),Kharif,709.0,1163.0,70176.82,170.16,0.24
2017,Bihar,Castor seed,Kharif,19.0,1112.0,2991.36,7.22,1.0
2009,Meghalaya,Peas & beans (Pulses),Rabi,1012.0,2995.9,157689.84,172.04,1.202857
2003,Andhra Pradesh,Arhar/Tur,Kharif,513239.0,826.0,50800396.22,123177.36,0.424091
2011,West Bengal,Arhar/Tur,Rabi,1248.0,1686.5,209064.96,411.84,0.43
2014,Uttar Pradesh,Sannhamp,Kharif,1847.0,616.4,278823.12,609.51,0.47
2000,Meghalaya,Jute,Kharif,4220.0,6258.8,414277.4,1097.2,7.133333
2018,Arunachal Pradesh,Turmeric,Whole Year,820.0,2992.9,133004.0,287.0,4.379091
2002,Telangana,Rice,Kharif,1713181.54,1035.7,264743.06,4361.68,2.736674
2008,Bihar,Sunflower,Rabi,22052.0,1197.7,3154318.08,1984.68,1.43037
2005,West Bengal,Jowar,Kharif,1439.0,1650.1,172564.88,302.19,0.436667
2000,Bihar,Turmeric,Whole Year,3121.0,1207.0,306388.57,811.46,1.01
2001,Mizoram,Masoor,Rabi,45.0,2406.4,4595.85,11.7,1.023333
2007,Jammu and Kashmir,Rice,Kharif,263246.0,1042.2,35117016.4,42119.36,1.9745
2017,Maharashtra,Urad,Kharif,350577.0,1129.5,55194842.88,133219.26,0.376562
2012,Rajasthan,Jowar,Kharif,490719.88,518.0,123547.44,2653.69,1.479144
2020,Uttar Pradesh,Rice,Kharif,677509.38,976.9,147285.56,2420.77,3.742188
2001,Uttar Pradesh,Barley,Rabi,253713.0,849.9,25911708.69,65965.38,2.195362
2018,Uttar Pradesh,Potato,Rabi,571399.0,792.8,92680917.8,199989.65,27.7596
2000,Assam,Banana,Whole Year,42534.0,1965.5,4175562.78,11058.84,13.732174
2008,Meghalaya,Sesamum,Kharif,1623.0,3114.3,232153.92,146.07,0.658333
2006,Gujarat,Other  Rabi pulses,Rabi,11500.0,1056.2,1468665.0,2530.0,0.7775
2013,Nagaland,Rapeseed &Mustard,Rabi,27180.0,1350.9,3927238.2,7338.6,1.01
2011,Uttarakhand,Barley,Rabi,20712.0,1564.7,3469674.24,6834.96,1.410769
2004,Uttar Pradesh,Rapeseed &Mustard,Rabi,618640.0,704.0,67023457.6,129914.4,0.902857
2010,Assam,Peas & beans (Pulses),Rabi,22401.0,2578.5,3721030.11,5376.24,0.604815
2006,Chhattisgarh,Sunflower,Kharif,6493.0,1317.2,829221.03,1428.46,5.02
2015,Manipur,Masoor,Rabi,671.0,1329.1,105957.61,221.43,0.927778
2008,Gujarat,Tobacco,Kharif,49200.0,746.1,7037568.0,4428.0,1.37875
2020,Gujarat,Bajra,Kharif,907911.4,1281.8,193004.97,5556.58,1.699446
2013,Karnataka,Cowpea(Lobia),Kharif,63704.0,1235.6,9204590.96,17200.08,0.383333
2017,Karnataka,Other  Rabi pulses,Rabi,10383.0,1111.7,1634699.52,3945.54,0.701176
2001,Uttar Pradesh,Urad,Kharif,362868.0,849.9,37059708.84,94345.68,0.418986
2017,Jharkhand,Arhar/Tur,Kharif,245096.0,1165.7,38587914.24,93136.48,1.065417
2007,Himachal Pradesh,Sugarcane,Kharif,2697.0,1095.4,359779.8,431.52,13.812857
2003,Jharkhand,Onion,Whole Year,1137.98,1258.3,112637.26,273.12,9.12
2014,Gujarat,Potato,Whole Year,101663.0,605.6,15347046.48,33548.79,25.4975
2002,Tamil Nadu,Ginger,Whole Year,416.0,315.9,39382.72,104.0,16.008889
2008,Karnataka,Sesamum,Kharif,56234.0,1164.1,8043711.36,5061.06,0.50963
2004,Meghalaya,Rapeseed &Mustard,Rabi,7222.0,4767.9,782431.48,1516.62,0.64
2001,Uttar Pradesh,Maize,Kharif,913718.0,849.9,93318019.34,237566.68,1.50087
2009,Himachal Pradesh,Turmeric,Kharif,194.0,969.9,30229.08,32.98,0.5625
2007,Haryana,Mustard,Rabi,418111.23,690.2,47922.49,659.17,1.448865
2001,Chhattisgarh,Horse-gram,Kharif,57694.0,1550.0,5892288.22,15000.44,0.325625
2019,Uttar Pradesh,Tobacco,Rabi,34796.0,814.5,5976560.96,12874.52,2.738333
2016,Madhya Pradesh,Peas & beans (Pulses),Rabi,507000.0,1048.4,77697750.0,177450.0,0.9696
2017,West Bengal,Small millets,Autumn,633.0,1830.0,99659.52,240.54,0.693333
2001,Madhya Pradesh,Mustard,Rabi,409760.87,1061.1,32346.78,920.5,1.113816
2008,West Bengal,Urad,Kharif,50246.0,1560.1,7187187.84,4522.14,0.629444
2012,Andhra Pradesh,Ginger,Kharif,702.0,968.7,105861.6,217.62,6.5525
2019,Karnataka,Groundnut,Kharif,413854.0,1422.3,71083563.04,153125.98,0.949286
2004,Chhattisgarh,Sugarcane,Whole Year,6770.0,1122.8,733461.8,1421.7,2.764
2018,Manipur,Dry chillies,Whole Year,525.0,1196.9,85155.0,183.75,8.655
2001,Goa,Sugarcane,Whole Year,1205.0,2530.6,123066.65,313.3,58.56
2002,Telangana,Sugarcane,Whole Year,566786.9,1061.1,98810.39,2789.98,59.322398
2005,Haryana,Maize,Kharif,17469.0,516.9,2094882.48,3668.49,0.4965
2001,Mizoram,Tobacco,Whole Year,292.0,2406.4,29821.96,75.92,0.76
2007,Manipur,Onion,Whole Year,940.0,1435.7,125396.0,150.4,2.11
2012,Karnataka,Potato,Kharif,27314.0,956.2,4118951.2,8467.34,7.302
2019,Meghalaya,Cashewnut,Rabi,10471.0,3844.4,1798498.96,3874.27,1.402
2000,Gujarat,Jowar,Kharif,125700.0,379.7,12339969.0,32682.0,0.59375
2017,Uttar Pradesh,Sannhamp,Kharif,2116.0,652.1,333143.04,804.08,0.182414
2000,Meghalaya,Sesamum,Kharif,1317.0,6258.8,129289.89,342.42,0.614286
2018,Andhra Pradesh,Coconut,Whole Year,104530.0,1220.5,16954766.0,36585.5,15636.63231
2008,West Bengal,Ginger,Kharif,11131.0,1560.1,1592178.24,1001.79,1.812222
2019,Puducherry,Ragi,Kharif,32.0,1317.0,5496.32,11.84,2.41
2018,Tamil Nadu,Other  Rabi pulses,Rabi,20761.0,986.2,3367434.2,7266.35,0.7015
2000,Andhra Pradesh,Potato,Whole Year,2489.0,935.6,244345.13,647.14,6.14375
2004,Mizoram,Wheat,Rabi,3.0,2640.8,325.02,0.63,1.33
2013,Telangana,Horse-gram,Kharif,507.0,1348.7,73256.43,136.89,0.61
2005,Andhra Pradesh,Horse-gram,Kharif,9919.0,1075.5,1189486.48,2082.99,0.43
2015,Tripura,Cotton(lint),Kharif,904.0,2334.4,142750.64,298.32,1.49125
2016,Gujarat,Potato,Whole Year,134306.0,710.5,20582394.5,47007.1,24.92625
2007,Tripura,Peas & beans (Pulses),Rabi,644.0,2831.8,85909.6,103.04,0.6925
2001,West Bengal,Soyabean,Kharif,516.0,1556.6,52699.08,134.16,0.5375
2015,Maharashtra,Jowar,Kharif,620800.0,875.7,98030528.0,204864.0,0.638
2018,Bihar,Rice,Autumn,445393.0,1521.4,72242744.6,155887.55,1.439545
2016,Telangana,Soyabean,Kharif,276543.0,942.6,42380214.75,96790.05,1.270714
2008,Goa,Other Kharif pulses,Kharif,388.0,3271.6,55499.52,34.92,0.41
2010,Gujarat,Onion,Whole Year,67100.0,1107.5,11145981.0,16104.0,26.0365
2004,Odisha,Maize,Autumn,58692.0,1290.4,6358691.28,12325.32,1.0572
2000,Goa,Other Kharif pulses,Kharif,650.0,3886.9,63810.5,169.0,0.48
2014,Telangana,Masoor,Rabi,54.0,746.4,8151.84,17.82,0.39
2000,Jammu and Kashmir,Onion,Whole Year,365.0,989.5,35832.05,94.9,2.285
2007,Meghalaya,Small millets,Kharif,2627.0,4702.0,350441.8,420.32,0.991429
2000,Assam,Small millets,Kharif,10591.0,1965.5,1039718.47,2753.66,0.495455
2016,Mizoram,Sugarcane,Whole Year,1588.0,2626.8,243361.0,555.8,30.9975
2009,Uttarakhand,Other Cereals,Kharif,3767.0,847.8,586973.94,640.39,0.435
2000,Kerala,Cashewnut,Whole Year,92122.0,2412.6,9043616.74,23951.72,0.507857
2017,Sikkim,Urad,Kharif,2690.0,2873.6,423513.6,1022.2,0.94
2019,Karnataka,Sannhamp,Whole Year,2081.0,1422.3,357432.56,769.97,0.644615
2004,Odisha,Sunflower,Rabi,7578.0,1290.4,821000.52,1591.38,0.651379
2006,Madhya Pradesh,Soyabean,Kharif,4691195.0,1072.3,599112513.5,1032062.9,0.875833
2009,Haryana,Peas & beans (Pulses),Rabi,1651.0,393.0,257258.82,280.67,0.586875
2001,Jharkhand,Sugarcane,Whole Year,1027026.09,1482.5,159312.82,5253.05,65.367786
2002,Uttar Pradesh,Sannhamp,Whole Year,4001.0,664.0,378774.67,1000.25,0.316667
2017,Telangana,Gram,Kharif,1.0,815.7,157.44,0.38,1.0
2016,Chhattisgarh,Potato,Kharif,1398.0,1298.9,214243.5,489.3,5.674167
2017,Rajasthan,Maize,Kharif,332234.66,228.1,35089.48,3982.92,3.88523
2002,Karnataka,Maize,Kharif,578711.0,860.8,54786570.37,144677.75,2.174
2017,Chhattisgarh,Garlic,Whole Year,1160.0,1124.5,182630.4,440.8,2.96
2017,Puducherry,Other Cereals,Rabi,5.0,1582.4,787.2,1.9,1.6
2018,Himachal Pradesh,Sugarcane,Whole Year,1585.0,1052.2,257087.0,554.75,17.335
2012,Mizoram,Sesamum,Kharif,697.0,2050.2,105107.6,216.07,0.625
2014,Gujarat,Tobacco,Kharif,48148.0,605.6,7268422.08,15888.84,1.7825
2012,Karnataka,Mango,Whole Year,74748.04,2737.9,10116.34,527.8,6.425334
2008,Kerala,Cardamom,Whole Year,41588.0,2524.8,5948747.52,3742.92,0.061111
2002,West Bengal,Turmeric,Whole Year,11731.0,1629.1,1110573.77,2932.75,1.704444
2006,Uttarakhand,Sunflower,Kharif,47.0,1178.9,6002.37,10.34,1.23
2015,Nagaland,Horse-gram,Kharif,490.0,1308.3,77375.9,161.7,1.040909
2017,Nagaland,Sunflower,Kharif,350.0,1722.1,55104.0,133.0,0.898333
2009,Puducherry,Cashewnut,Kharif,171.0,1434.6,26645.22,29.07,0.903333
2003,Maharashtra,Mango,Whole Year,129596.99,1097.8,23754.1,934.29,6.161146
2018,Madhya Pradesh,Rapeseed &Mustard,Rabi,707437.0,1102.2,114746281.4,247602.95,0.7016
2016,Gujarat,Dry chillies,Whole Year,7349.0,710.5,1126234.25,2572.15,1.154667
2012,Himachal Pradesh,Peas & beans (Pulses),Kharif,1381.0,1035.0,208254.8,428.11,1.318333
2019,Uttar Pradesh,Onion,Rabi,11734.0,814.5,2015431.84,4341.58,14.461733
2014,West Bengal,Arhar/Tur,Rabi,2049.0,1483.5,309317.04,676.17,1.377
2013,Gujarat,Dry chillies,Whole Year,6274.0,1006.5,906530.26,1693.98,0.977333
2007,Assam,Dry chillies,Whole Year,16101.0,2154.1,2147873.4,2576.16,0.625556
2017,Haryana,Sugarcane,Whole Year,114900.0,417.1,18089856.0,43662.0,82.124737
2008,Chhattisgarh,Safflower,Rabi,745.0,1117.9,106564.8,67.05,0.29875
2017,Madhya Pradesh,Coriander,Whole Year,279836.92,800.0,44057524.68,106338.03,1.603878
2008,Himachal Pradesh,Other Kharif pulses,Kharif,2152.0,1357.1,307822.08,193.68,0.358333
2010,Goa,Ragi,Kharif,150.0,4193.3,24916.5,36.0,0.9
2007,Assam,Jute,Kharif,59842.0,2154.1,7982922.8,9574.72,10.374444
2019,Madhya Pradesh,Potato,Whole Year,149435.36,1446.7,25667017.43,55291.08,21.801176
2016,Kerala,Jowar,Whole Year,140.0,2924.3,21455.0,49.0,0.79
2007,Uttar Pradesh,Jowar,Kharif,211640.0,672.9,28232776.0,33862.4,0.829667
2010,Manipur,Dry chillies,Whole Year,8210.0,2160.5,1363763.1,1970.4,7.55
2015,Andhra Pradesh,Mango,Whole Year,237356.31,906.7,17759.04,714.16,7.510206
2000,Uttarakhand,Horse-gram,Kharif,9223.0,1413.4,905421.91,2397.98,0.555455
2018,Meghalaya,Linseed,Rabi,94.0,5649.1,15246.8,32.9,0.605
2000,Gujarat,Potato,Whole Year,32800.0,379.7,3219976.0,8528.0,21.335556
2015,Gujarat,Banana,Whole Year,24439.0,584.3,3859162.49,8064.87,72.355455
2018,Madhya Pradesh,Wheat,Rabi,7721549.0,1102.2,1252435248.0,2702542.15,3.141765
2019,Tamil Nadu,Bajra,Kharif,50298.0,910.1,8639184.48,18610.26,2.9272
2015,West Bengal,Potato,Rabi,489959.0,1717.0,77369425.69,161686.47,21.852778
2016,Madhya Pradesh,Maize,Kharif,1264000.0,1048.4,193708000.0,442400.0,2.47913
2017,Maharashtra,Jowar,Kharif,565298.0,1129.5,89000517.12,214813.24,0.904231
2015,Telangana,Masoor,Rabi,46.0,747.9,7263.86,15.18,0.35
2010,Uttar Pradesh,Dry chillies,Kharif,13673.0,742.6,2271222.03,3281.52,0.885441
2009,Uttarakhand,Potato,Kharif,10187.0,847.8,1587338.34,1731.79,9.59
2019,Bihar,Other  Rabi pulses,Rabi,1091.0,1194.7,187390.16,403.67,1.002308
2008,Nagaland,Soyabean,Kharif,24470.0,1540.9,3500188.8,2202.3,1.511818
2000,Assam,Onion,Whole Year,7359.0,1965.5,722433.03,1913.34,2.331304
2008,Haryana,Sesamum,Kharif,3644.0,715.6,521237.76,327.96,0.157
2006,Maharashtra,Maize,Kharif,475000.0,1439.4,60662250.0,104500.0,1.599643
2014,Nagaland,Wheat,Rabi,3070.0,1333.3,463447.2,1013.1,1.823333
2013,Chhattisgarh,Rice,Kharif,3987721.0,1418.3,576185807.3,1076684.67,1.75037
2000,Bihar,Wheat,Rabi,2067333.0,1207.0,202950080.6,537506.58,2.073514
2017,Gujarat,Soyabean,Kharif,146015.0,814.8,22988601.6,55485.7,1.001176
2018,Uttarakhand,Tobacco,Whole Year,1.0,1373.0,162.2,0.35,2.0
2014,Tripura,Jute,Kharif,650.0,2015.7,98124.0,214.5,8.45625
2013,Goa,Groundnut,Kharif,394.0,3642.6,56929.06,106.38,2.41
2005,Mizoram,Groundnut,Kharif,10.0,2075.4,1199.2,2.1,0.833333
2002,Meghalaya,Dry chillies,Whole Year,1839.0,4355.3,174098.13,459.75,0.62
2004,Nagaland,Potato,Whole Year,13750.0,1711.5,1489675.0,2887.5,6.58125
2014,Uttar Pradesh,Masoor,Rabi,438067.0,616.4,66130594.32,144562.11,0.574324
2008,Assam,Rice,Autumn,350649.0,2109.9,50156832.96,31558.41,1.117778
2020,Uttar Pradesh,Mustard,Rabi,764124.68,722.2,179064.36,2688.87,1.565322
2011,Tamil Nadu,Turmeric,Whole Year,67246.0,926.5,11265049.92,22191.18,5.563793
2003,Madhya Pradesh,Bajra,Kharif,201165.0,1163.0,19911311.7,48279.6,1.078056
2004,Odisha,Tobacco,Whole Year,4760.0,1290.4,515698.4,999.6,0.561
2006,West Bengal,Jowar,Kharif,1395.0,1631.4,178155.45,306.9,0.473333
2009,Tamil Nadu,Gram,Whole Year,7432.0,928.5,1158054.24,1263.44,0.523
2001,West Bengal,Rice,Autumn,353048.0,1556.6,36056792.24,91792.48,2.094706
2014,Uttar Pradesh,Small millets,Kharif,6865.0,616.4,1036340.4,2265.45,0.768235
2017,Assam,Mustard,Rabi,560829.92,1881.6,143797.3,3773.74,1.75893
2006,Manipur,Rapeseed &Mustard,Rabi,40.0,1533.6,5108.4,8.8,0.5
2003,Punjab,Guar seed,Whole Year,38500.0,451.7,3810730.0,9240.0,0.674286
2019,Goa,Cashewnut,Whole Year,56476.0,4489.5,9700317.76,20896.12,0.485
2019,Tamil Nadu,Black pepper,Whole Year,6080.0,910.1,1044300.8,2249.6,0.175556
2000,Telangana,Jowar,Kharif,1277809.66,909.4,121467.84,7179.76,0.873913
2005,Sikkim,Wheat,Rabi,5740.0,2041.6,688340.8,1205.4,1.5525
2010,Maharashtra,Maize,Kharif,730600.0,1389.0,121359966.0,175344.0,2.230769
2002,Chhattisgarh,Small millets,Kharif,260007.0,1001.4,24614862.69,65001.75,0.155625
2000,Haryana,Barley,Rabi,44116.0,383.7,4330867.72,11470.16,1.613158
2001,Maharashtra,Other  Rabi pulses,Rabi,131000.0,1035.8,13379030.0,34060.0,0.479615
2015,Bihar,Rapeseed &Mustard,Rabi,89657.0,874.0,14157736.87,29586.81,1.002895
2015,Meghalaya,Sesamum,Rabi,2234.0,3870.8,352770.94,737.22,1.060909
2016,Madhya Pradesh,Mustard,Rabi,1132259.09,1245.4,181214.28,8717.0,1.608484
2012,Uttar Pradesh,Potato,Rabi,547660.0,746.3,82587128.0,169774.6,22.3752
2019,Tripura,Cotton(lint),Kharif,760.0,2252.8,130537.6,281.2,1.3975
2005,Jammu and Kashmir,Tobacco,Kharif,4.0,1721.8,479.68,0.84,0.325
2008,Karnataka,Horse-gram,Kharif,94450.0,1164.1,13510128.0,8500.5,0.4976
2003,Chhattisgarh,Khesari,Rabi,460893.0,1643.7,45619189.14,110614.32,0.622
2018,Gujarat,Groundnut,Kharif,1566372.0,1125.4,254065538.4,548230.2,1.559375
2002,Chhattisgarh,Masoor,Rabi,14999.0,1001.4,1419955.33,3749.75,0.289333
2015,West Bengal,Mesta,Kharif,9379.0,1717.0,1481037.89,3095.07,9.565
2012,Puducherry,Sweet potato,Kharif,2.0,1098.3,301.6,0.62,12.0
2012,Uttar Pradesh,Sesamum,Kharif,344424.0,746.3,51939139.2,106771.44,0.184853
2019,Madhya Pradesh,Sweet potato,Whole Year,5814.2,1446.7,998646.99,2151.25,17.346571
2010,Rajasthan,Mustard,Rabi,650769.38,239.3,60428.23,6672.78,1.334245
2012,Rajasthan,Wheat,Rabi,1379380.31,390.7,218203.95,12857.55,3.898733
2014,Chhattisgarh,Horse-gram,Kharif,43859.0,1274.7,6620954.64,14473.47,0.324348
2006,Maharashtra,Sugarcane,Whole Year,848800.0,1439.4,108400248.0,186736.0,70.674444
2015,Andhra Pradesh,Linseed,Kharif,259.0,940.7,40898.69,85.47,0.64
2012,Chhattisgarh,Cotton(lint),Kharif,131.0,1366.8,19754.8,40.61,1.154
2000,Rajasthan,Coriander,Rabi,23423.42,203.2,4067.41,153.19,0.628073
2004,Karnataka,Arecanut,Whole Year,152759.0,1117.7,16549910.06,32079.39,1.297273
2011,Mizoram,Tapioca,Kharif,391.0,2439.3,65500.32,129.03,4.176667
2012,Assam,Ginger,Whole Year,16718.0,2167.5,2521074.4,5182.58,7.902963
2009,Uttar Pradesh,Small millets,Kharif,6951.0,585.8,1083104.82,1181.67,0.530417
2013,Chhattisgarh,Peas & beans (Pulses),Rabi,13319.0,1418.3,1924462.31,3596.13,0.33625
2018,Chhattisgarh,Sugarcane,Whole Year,43267.0,1515.5,7017907.4,15143.45,1.731304
2005,Assam,Banana,Whole Year,41967.0,2184.6,5032682.64,8813.07,13.705556
2003,Sikkim,Maize,Kharif,36700.0,2838.1,3632566.0,8808.0,1.5375
2001,Bihar,Gram,Rabi,71525.0,1247.0,7304848.25,18596.5,0.857812
2005,Madhya Pradesh,Masoor,Rabi,580847.0,1032.7,69655172.24,121977.87,0.453478
2018,Puducherry,Sweet potato,Kharif,3.0,1693.9,486.6,1.05,8.0
2002,Puducherry,Banana,Whole Year,274.0,1434.6,25939.58,68.5,21.5625
2016,Gujarat,Banana,Whole Year,28500.0,710.5,4367625.0,9975.0,82.902727
2013,Karnataka,Banana,Whole Year,75339.93,2565.9,6993.89,424.11,33.715342
2009,Manipur,Urad,Kharif,361.0,992.5,56251.02,61.37,0.706667
2019,Telangana,Tobacco,Kharif,1358.0,1031.7,233250.08,502.46,3.01
2013,Andhra Pradesh,Mango,Whole Year,141911.14,1111.3,21696.94,1779.17,7.003975
2014,Chhattisgarh,Other Kharif pulses,Kharif,9957.0,1274.7,1503108.72,3285.81,0.247692
2019,Maharashtra,Wheat,Rabi,1056965.0,1555.8,181544308.4,391077.05,1.564
2006,Uttar Pradesh,Groundnut,Kharif,100483.0,590.5,12832683.93,22106.26,0.7936
2018,Jharkhand,Peas & beans (Pulses),Rabi,49614.0,1222.7,8047390.8,17364.9,1.227917
2013,Uttar Pradesh,Masoor,Rabi,449264.0,995.2,64914155.36,121301.28,0.862667
2009,Nagaland,Urad,Kharif,300.0,1225.9,46746.0,51.0,0.60375
2010,Tamil Nadu,Arhar/Tur,Kharif,35751.0,1095.2,5938598.61,8580.24,0.688929
2004,Manipur,Banana,Whole Year,3870.0,1613.3,419275.8,812.7,12.881111
2010,Chhattisgarh,Garlic,Whole Year,1083.0,1283.1,179897.13,259.92,2.667333
2009,Manipur,Groundnut,Kharif,475.0,992.5,74014.5,80.75,0.522222
2004,Meghalaya,Arhar/Tur,Kharif,804.0,4767.9,87105.36,168.84,0.806667
2011,Karnataka,Cashewnut,Whole Year,63165.0,1179.0,10581400.8,20844.45,0.864091
2001,Maharashtra,Ragi,Kharif,150700.0,1035.8,15390991.0,39182.0,1.223333
2007,Madhya Pradesh,Wheat,Rabi,4089343.0,740.4,545518356.2,654294.88,1.548958
2015,Delhi,Maize,Kharif,34.0,757.7,5368.94,11.22,5.12
2018,Haryana,Mustard,Rabi,992003.52,723.9,214840.37,10243.52,1.484705
2013,Uttarakhand,other oilseeds,Kharif,61.0,1735.4,8813.89,16.47,0.6
2004,Madhya Pradesh,Niger seed,Kharif,97833.0,895.7,10599227.22,20544.93,0.227308
2011,Assam,Masoor,Rabi,22544.0,1743.4,3776570.88,7439.52,0.526
2003,Punjab,Sugarcane,Whole Year,123000.0,451.7,12174540.0,29520.0,54.72
2006,Haryana,Potato,Whole Year,12826.0,329.3,1638008.46,2821.72,21.907143
2011,Bihar,Moong(Green Gram),Kharif,7736.0,1097.1,1295934.72,2552.88,0.625938
2018,Mizoram,Rapeseed &Mustard,Kharif,25.0,1665.2,4055.0,8.75,0.68
2010,Andhra Pradesh,Tapioca,Whole Year,12859.0,1297.0,2136008.49,3086.16,6.1075
2001,West Bengal,Arhar/Tur,Kharif,3938.0,1556.6,402187.94,1023.88,0.816923
2007,Manipur,Peas & beans (Pulses),Kharif,6610.0,1435.7,881774.0,1057.6,0.508889
2016,Rajasthan,Moong,Kharif,48545.44,408.0,13515.32,517.75,0.751709
2010,Meghalaya,Rice,Autumn,32596.0,3119.7,5414521.56,7823.04,1.53
2018,Jammu and Kashmir,Ragi,Kharif,159.0,1016.3,25789.8,55.65,0.55
2003,Andhra Pradesh,Bajra,Kharif,128512.0,826.0,12720117.76,30842.88,1.072632
2001,Uttar Pradesh,Tobacco,Whole Year,19772.0,849.9,2019314.36,5140.72,6.335926
2004,Himachal Pradesh,Potato,Whole Year,14808.0,939.2,1604298.72,3109.68,10.271667
2004,Jharkhand,Maize,Autumn,92036.15,1149.2,9971196.49,19327.59,1.367727
2000,Delhi,Gram,Rabi,50.0,544.3,4908.5,13.0,0.16
2014,Madhya Pradesh,Jowar,Kharif,220000.0,891.2,33211200.0,72600.0,1.541429
2005,Karnataka,Tapioca,Whole Year,841.0,1316.2,100852.72,176.61,9.59
2018,Gujarat,Gram,Rabi,172954.0,1125.4,28053138.8,60533.9,1.263939
2015,Uttar Pradesh,Lentil,Rabi,38141.03,825.3,7555.35,145.48,0.952935
2017,Jammu and Kashmir,Maize,Kharif,302516.0,1279.1,47628119.04,114956.08,1.534
2001,Madhya Pradesh,Onion,Whole Year,23057.0,955.0,2354811.41,5994.82,13.411556
2015,Telangana,Rice,Kharif,748713.0,747.9,118229269.8,247075.29,2.822222
2016,Andhra Pradesh,Cashewnut,Kharif,111894.0,890.0,17147755.5,39162.9,0.445833
2012,Kerala,Rubber,Whole Year,28020.1,3442.0,5586.4,244.73,1.47231
2015,Rajasthan,Mustard,Rabi,838923.93,593.9,196525.88,2978.11,1.579223
2013,Rajasthan,Gram,Rabi,691757.31,289.6,178433.98,8680.57,0.995537
2019,Chhattisgarh,Other Kharif pulses,Kharif,4213.0,1420.3,723624.88,1558.81,0.265
2002,Assam,Potato,Whole Year,75486.0,1973.6,7146259.62,18871.5,7.566957
2001,Maharashtra,Soyabean,Kharif,1104900.0,1035.8,112843437.0,287274.0,1.250357
2008,Puducherry,Cashewnut,Kharif,174.0,1434.6,24888.96,15.66,0.943333
2007,Punjab,Cotton(lint),Kharif,604000.0,527.2,80573600.0,96640.0,4.037273
2010,Jammu and Kashmir,Sugarcane,Kharif,18.0,1352.0,2989.98,4.32,1.5
2015,Telangana,Rapeseed &Mustard,Rabi,1365.0,747.9,215547.15,450.45,1.023333
2016,Haryana,Urad,Kharif,1320.0,554.7,202290.0,462.0,1.5825
2018,Meghalaya,Potato,Summer,12569.0,5649.1,2038691.8,4399.15,8.255455
2009,Himachal Pradesh,Sugarcane,Whole Year,2124.0,969.9,330961.68,361.08,16.118571
2015,Tamil Nadu,Moong(Green Gram),Kharif,34470.0,1201.9,5443157.7,11375.1,0.789286
2008,West Bengal,Turmeric,Whole Year,15216.0,1560.1,2176496.64,1369.44,2.138889
2001,Chhattisgarh,Masoor,Rabi,15946.0,1550.0,1628564.98,4145.96,0.417333
2016,Tamil Nadu,Arhar/Tur,Kharif,56560.0,912.4,8667820.0,19796.0,0.591034
2009,Andhra Pradesh,Soyabean,Kharif,156296.0,711.0,24354042.72,26570.32,0.703636
2010,Uttarakhand,Other  Rabi pulses,Rabi,33.0,1419.0,5481.63,7.92,0.638333
2018,Punjab,Groundnut,Kharif,1300.0,585.5,210860.0,455.0,2.0
2001,Tripura,Wheat,Rabi,1220.0,2284.4,124598.6,317.2,2.015
2020,Rajasthan,Jowar,Kharif,1053909.65,384.1,256840.27,4613.41,1.50308
2011,Maharashtra,Niger seed,Kharif,37400.0,1174.1,6265248.0,12342.0,0.277368
2006,Andhra Pradesh,Arecanut,Whole Year,255.0,845.2,32566.05,56.1,0.685
2015,Telangana,Safflower,Rabi,3855.0,747.9,608743.05,1272.15,0.806
2018,Karnataka,Linseed,Rabi,1704.0,1419.1,276388.8,596.4,0.187857
2016,Meghalaya,Masoor,Rabi,1252.0,3837.1,191869.0,438.2,1.318571
2004,Assam,Sesamum,Kharif,13159.0,2536.9,1425646.06,2763.39,0.503043
2007,Karnataka,Small millets,Kharif,35680.0,1323.3,4759712.0,5708.8,0.465238
2016,Andhra Pradesh,Soyabean,Kharif,1570.0,890.0,240602.5,549.5,1.0175
2003,Mizoram,Soyabean,Kharif,1978.0,2499.5,195782.44,474.72,1.085
2006,Karnataka,Potato,Whole Year,63374.0,1146.3,8093493.54,13942.28,12.976875
2009,Karnataka,Potato,Kharif,28305.0,1321.0,4410485.1,4811.85,6.492667
2013,Haryana,Castor seed,Kharif,700.0,452.2,101143.0,189.0,0.733333
2006,Gujarat,Arhar/Tur,Kharif,256800.0,1056.2,32795928.0,56496.0,0.853913
2010,Andhra Pradesh,Small millets,Kharif,28040.0,1297.0,4657724.4,6729.6,0.909091
2016,Assam,Banana,Whole Year,49266.0,2296.8,7550014.5,17243.1,16.791111
2003,Haryana,Bajra,Kharif,624513.0,592.3,61814296.74,149883.12,1.646316
2016,Nagaland,Jute,Kharif,3070.0,1959.8,470477.5,1074.5,1.905
2018,Rajasthan,Groundnut,Kharif,535746.18,285.1,117415.32,3227.85,1.743217
2005,Odisha,Maize,Autumn,56216.0,1503.4,6741422.72,11805.36,0.9388
2016,Tripura,Urad,Kharif,2590.0,2475.3,396917.5,906.5,0.565
2011,Haryana,Barley,Rabi,41197.0,471.5,6901321.44,13595.01,2.395
2002,Mizoram,Sugarcane,Whole Year,1370.0,2627.0,129697.9,342.5,6.4075
2012,Meghalaya,Tapioca,Kharif,4983.0,2945.3,751436.4,1544.73,6.795714
2019,Assam,Castor seed,Kharif,748.0,2084.7,128476.48,276.76,0.632273
2019,Karnataka,Mango,Whole Year,223361.81,2192.1,24216.19,2546.83,7.366621
2019,Madhya Pradesh,Niger seed,Kharif,6210.0,1446.7,1066629.6,2297.7,0.282222
