Domain Code,Domain,Area Code (M49),Area,Element Code,Element,Item Code (CPC),Item,Year Code,Year,Unit,Value,Flag,Flag Description,Note
"QCL","Crops and livestock products","356","India","5312","Area harvested","01371","Almonds, in shell","2015","2015","ha","21000","A","Official value",""
"QCL","Crops and livestock products","356","India","5412","Yield","01371","Almonds, in shell","2015","2015","kg/ha","476.2","A","Official value",""
"QCL","Crops and livestock products","356","India","5510","Production","01371","Almonds, in shell","2015","2015","t","10000","A","Official value",""
"QCL","Crops and livestock products","356","India","5312","Area harvested","01371","Almonds, in shell","2016","2016","ha","11685","A","Official value",""
"QCL","Crops and livestock products","356","India","5412","Yield","01371","Almonds, in shell","2016","2016","kg/ha","678.9","A","Official value",""
"QCL","Crops and livestock products","356","India","5510","Production","01371","Almonds, in shell","2016","2016","t","7933","A","Official value",""
"QCL","Crops and livestock products","356","India","5312","Area harvested","01371","Almonds, in shell","2017","2017","ha","12075","A","Official value",""
"QCL","Crops and livestock products","356","India","5412","Yield","01371","Almonds, in shell","2017","2017","kg/ha","584.8","A","Official value",""
"QCL","Crops and livestock products","356","India","5510","Production","01371","Almonds, in shell","2017","2017","t","7061","A","Official value",""
"QCL","Crops and livestock products","356","India","5312","Area harvested","01371","Almonds, in shell","2018","2018","ha","10584","A","Official value",""
"QCL","Crops and livestock products","356","India","5412","Yield","01371","Almonds, in shell","2018","2018","kg/ha","1293.3","A","Official value",""
"QCL","Crops and livestock products","356","India","5510","Production","01371","Almonds, in shell","2018","2018","t","13688","A","Official value",""
"QCL","Crops and livestock products","356","India","5312","Area harvested","01371","Almonds, in shell","2019","2019","ha","10432","A","Official value",""
"QCL","Crops and livestock products","356","India","5412","Yield","01371","Almonds, in shell","2019","2019","kg/ha","1051.3","A","Official value",""
"QCL","Crops and livestock products","356","India","5510","Production","01371","Almonds, in shell","2019","2019","t","10967","A","Official value",""
"QCL","Crops and livestock products","356","India","5312","Area harvested","01371","Almonds, in shell","2020","2020","ha","8954","A","Official value",""
"QCL","Crops and livestock products","356","India","5412","Yield","01371","Almonds, in shell","2020","2020","kg/ha","1214.4","A","Official value",""
"QCL","Crops and livestock products","356","India","5510","Production","01371","Almonds, in shell","2020","2020","t","10874","A","Official value",""
"QCL","Crops and livestock products","356","India","5312","Area harvested","01371","Almonds, in shell","2021","2021","ha","10156","A","Official value",""
"QCL","Crops and livestock products","356","India","5412","Yield","01371","Almonds, in shell","2021","2021","kg/ha","1110.9","A","Official value",""
"QCL","Crops and livestock products","356","India","5510","Production","01371","Almonds, in shell","2021","2021","t","11282","A","Official value",""
"QCL","Crops and livestock products","356","India","5312","Area harvested","01371","Almonds, in shell","2022","2022","ha","10282","A","Official value",""
"QCL","Crops and livestock products","356","India","5412","Yield","01371","Almonds, in shell","2022","2022","kg/ha","1171.6","A","Official value",""
"QCL","Crops and livestock products","356","India","5510","Production","01371","Almonds, in shell","2022","2022","t","12046","A","Official value",""
"QCL","Crops and livestock products","356","India","5312","Area harvested","01371","Almonds, in shell","2023","2023","ha","9944","A","Official value",""
"QCL","Crops and livestock products","356","India","5412","Yield","01371","Almonds, in shell","2023","2023","kg/ha","1252.5","A","Official value",""
"QCL","Crops and livestock products","356","India","5510","Production","01371","Almonds, in shell","2023","2023","t","12455","A","Official value",""
"QCL","Crops and livestock products","356","India","5312","Area harvested","01371","Almonds, in shell","2024","2024","ha","9680","A","Official value",""
"QCL","Crops and livestock products","356","India","5412","Yield","01371","Almonds, in shell","2024","2024","kg/ha","1275.3","A","Official value",""
"QCL","Crops and livestock products","356","India","5510","Production","01371","Almonds, in shell","2024","2024","t","12345.47","A","Official value",""
"QCL","Crops and livestock products","356","India","5312","Area harvested","01654","Anise, badian, coriander, cumin, caraway, fennel and juniper berries, raw","2015","2015","ha","1482000","A","Official value",""
"QCL","Crops and livestock products","356","India","5412","Yield","01654","Anise, badian, coriander, cumin, caraway, fennel and juniper berries, raw","2015","2015","kg/ha","680.2","A","Official value",""
"QCL","Crops and livestock products","356","India","5510","Production","01654","Anise, badian, coriander, cumin, caraway, fennel and juniper berries, raw","2015","2015","t","1008000","A","Official value",""
"QCL","Crops and livestock products","356","India","5312","Area harvested","01654","Anise, badian, coriander, cumin, caraway, fennel and juniper berries, raw","2016","2016","ha","1465550","A","Official value",""
"QCL","Crops and livestock products","356","India","5412","Yield","01654","Anise, badian, coriander, cumin, caraway, fennel and juniper berries, raw","2016","2016","kg/ha","830.8","A","Official value",""
"QCL","Crops and livestock products","356","India","5510","Production","01654","Anise, badian, coriander, cumin, caraway, fennel and juniper berries, raw","2016","2016","t","1217610","A","Official value",""
"QCL","Crops and livestock products","356","India","5312","Area harvested","01654","Anise, badian, coriander, cumin, caraway, fennel and juniper berries, raw","2017","2017","ha","1546000","A","Official value",""
"QCL","Crops and livestock products","356","India","5412","Yield","01654","Anise, badian, coriander, cumin, caraway, fennel and juniper berries, raw","2017","2017","kg/ha","989","A","Official value",""
"QCL","Crops and livestock products","356","India","5510","Production","01654","Anise, badian, coriander, cumin, caraway, fennel and juniper berries, raw","2017","2017","t","1529000","A","Official value",""
"QCL","Crops and livestock products","356","India","5312","Area harvested","01654","Anise, badian, coriander, cumin, caraway, fennel and juniper berries, raw","2018","2018","ha","1564000","A","Official value",""
"QCL","Crops and livestock products","356","India","5412","Yield","01654","Anise, badian, coriander, cumin, caraway, fennel and juniper berries, raw","2018","2018","kg/ha","961","A","Official value",""
"QCL","Crops and livestock products","356","India","5510","Production","01654","Anise, badian, coriander, cumin, caraway, fennel and juniper berries, raw","2018","2018","t","1503000","A","Official value",""
"QCL","Crops and livestock products","356","India","5312","Area harvested","01654","Anise, badian, coriander, cumin, caraway, fennel and juniper berries, raw","2019","2019","ha","1587000","A","Official value",""
"QCL","Crops and livestock products","356","India","5412","Yield","01654","Anise, badian, coriander, cumin, caraway, fennel and juniper berries, raw","2019","2019","kg/ha","912.4","A","Official value",""
"QCL","Crops and livestock products","356","India","5510","Production","01654","Anise, badian, coriander, cumin, caraway, fennel and juniper berries, raw","2019","2019","t","1448000","A","Official value",""
"QCL","Crops and livestock products","356","India","5312","Area harvested","01654","Anise, badian, coriander, cumin, caraway, fennel and juniper berries, raw","2020","2020","ha","1888000","A","Official value",""
"QCL","Crops and livestock products","356","India","5412","Yield","01654","Anise, badian, coriander, cumin, caraway, fennel and juniper berries, raw","2020","2020","kg/ha","928.5","A","Official value",""
"QCL","Crops and livestock products","356","India","5510","Production","01654","Anise, badian, coriander, cumin, caraway, fennel and juniper berries, raw","2020","2020","t","1753000","A","Official value",""
"QCL","Crops and livestock products","356","India","5312","Area harvested","01654","Anise, badian, coriander, cumin, caraway, fennel and juniper berries, raw","2021","2021","ha","1826000","A","Official value",""
"QCL","Crops and livestock products","356","India","5412","Yield","01654","Anise, badian, coriander, cumin, caraway, fennel and juniper berries, raw","2021","2021","kg/ha","998.4","A","Official value",""
"QCL","Crops and livestock products","356","India","5510","Production","01654","Anise, badian, coriander, cumin, caraway, fennel and juniper berries, raw","2021","2021","t","1823000","A","Official value",""
"QCL","Crops and livestock products","356","India","5312","Area harvested","01654","Anise, badian, coriander, cumin, caraway, fennel and juniper berries, raw","2022","2022","ha","1487207","A","Official value",""
"QCL","Crops and livestock products","356","India","5412","Yield","01654","Anise, badian, coriander, cumin, caraway, fennel and juniper berries, raw","2022","2022","kg/ha","945.4","A","Official value",""
"QCL","Crops and livestock products","356","India","5510","Production","01654","Anise, badian, coriander, cumin, caraway, fennel and juniper berries, raw","2022","2022","t","1406040","A","Official value",""
"QCL","Crops and livestock products","356","India","5312","Area harvested","01654","Anise, badian, coriander, cumin, caraway, fennel and juniper berries, raw","2023","2023","ha","1736508","A","Official value",""
"QCL","Crops and livestock products","356","India","5412","Yield","01654","Anise, badian, coriander, cumin, caraway, fennel and juniper berries, raw","2023","2023","kg/ha","980.8","A","Official value",""
"QCL","Crops and livestock products","356","India","5510","Production","01654","Anise, badian, coriander, cumin, caraway, fennel and juniper berries, raw","2023","2023","t","1703183","A","Official value",""
"QCL","Crops and livestock products","356","India","5312","Area harvested","01654","Anise, badian, coriander, cumin, caraway, fennel and juniper berries, raw","2024","2024","ha","2122427","A","Official value",""
"QCL","Crops and livestock products","356","India","5412","Yield","01654","Anise, badian, coriander, cumin, caraway, fennel and juniper berries, raw","2024","2024","kg/ha","992.8","A","Official value",""
"QCL","Crops and livestock products","356","India","5510","Production","01654","Anise, badian, coriander, cumin, caraway, fennel and juniper berries, raw","2024","2024","t","2107138","A","Official value",""
"QCL","Crops and livestock products","356","India","5312","Area harvested","01341","Apples","2015","2015","ha","319000","A","Official value",""
"QCL","Crops and livestock products","356","India","5412","Yield","01341","Apples","2015","2015","kg/ha","6689.7","A","Official value",""
"QCL","Crops and livestock products","356","India","5510","Production","01341","Apples","2015","2015","t","2134000","A","Official value",""
"QCL","Crops and livestock products","356","India","5312","Area harvested","01341","Apples","2016","2016","ha","277000","A","Official value",""
"QCL","Crops and livestock products","356","India","5412","Yield","01341","Apples","2016","2016","kg/ha","9101.1","A","Official value",""
"QCL","Crops and livestock products","356","India","5510","Production","01341","Apples","2016","2016","t","2521000","A","Official value",""
"QCL","Crops and livestock products","356","India","5312","Area harvested","01341","Apples","2017","2017","ha","305000","A","Official value",""
"QCL","Crops and livestock products","356","India","5412","Yield","01341","Apples","2017","2017","kg/ha","7426.2","A","Official value",""
"QCL","Crops and livestock products","356","India","5510","Production","01341","Apples","2017","2017","t","2265000","A","Official value",""
"QCL","Crops and livestock products","356","India","5312","Area harvested","01341","Apples","2018","2018","ha","301000","A","Official value",""
"QCL","Crops and livestock products","356","India","5412","Yield","01341","Apples","2018","2018","kg/ha","7730.9","A","Official value",""
"QCL","Crops and livestock products","356","India","5510","Production","01341","Apples","2018","2018","t","2327000","A","Official value",""
"QCL","Crops and livestock products","356","India","5312","Area harvested","01341","Apples","2019","2019","ha","308000","A","Official value",""
"QCL","Crops and livestock products","356","India","5412","Yield","01341","Apples","2019","2019","kg/ha","7519.5","A","Official value",""
"QCL","Crops and livestock products","356","India","5510","Production","01341","Apples","2019","2019","t","2316000","A","Official value",""
"QCL","Crops and livestock products","356","India","5312","Area harvested","01341","Apples","2020","2020","ha","310000","A","Official value",""
"QCL","Crops and livestock products","356","India","5412","Yield","01341","Apples","2020","2020","kg/ha","9077.4","A","Official value",""
"QCL","Crops and livestock products","356","India","5510","Production","01341","Apples","2020","2020","t","2814000","A","Official value",""
"QCL","Crops and livestock products","356","India","5312","Area harvested","01341","Apples","2021","2021","ha","313000","A","Official value",""
"QCL","Crops and livestock products","356","India","5412","Yield","01341","Apples","2021","2021","kg/ha","7271.6","A","Official value",""
"QCL","Crops and livestock products","356","India","5510","Production","01341","Apples","2021","2021","t","2276000","A","Official value",""
"QCL","Crops and livestock products","356","India","5312","Area harvested","01341","Apples","2022","2022","ha","315000","A","Official value",""
"QCL","Crops and livestock products","356","India","5412","Yield","01341","Apples","2022","2022","kg/ha","8219","A","Official value",""
"QCL","Crops and livestock products","356","India","5510","Production","01341","Apples","2022","2022","t","2589000","A","Official value",""
"QCL","Crops and livestock products","356","India","5312","Area harvested","01341","Apples","2023","2023","ha","304000","A","Official value",""
"QCL","Crops and livestock products","356","India","5412","Yield","01341","Apples","2023","2023","kg/ha","9460.5","A","Official value",""
"QCL","Crops and livestock products","356","India","5510","Production","01341","Apples","2023","2023","t","2876000","A","Official value",""
"QCL","Crops and livestock products","356","India","5312","Area harvested","01341","Apples","2024","2024","ha","304130","A","Official value",""
"QCL","Crops and livestock products","356","India","5412","Yield","01341","Apples","2024","2024","kg/ha","8634.1","A","Official value",""
"QCL","Crops and livestock products","356","India","5510","Production","01341","Apples","2024","2024","t","2625899","A","Official value",""
"QCL","Crops and livestock products","356","India","5312","Area harvested","01343","Apricots","2015","2015","ha","5014","I","Value imputed by a receiving agency",""
"QCL","Crops and livestock products","356","India","5412","Yield","01343","Apricots","2015","2015","kg/ha","2814.7","E","Estimated value",""
"QCL","Crops and livestock products","356","India","5510","Production","01343","Apricots","2015","2015","t","14113.22","I","Value imputed by a receiving agency",""
"QCL","Crops and livestock products","356","India","5312","Area harvested","01343","Apricots","2016","2016","ha","5419","I","Value imputed by a receiving agency",""
"QCL","Crops and livestock products","356","India","5412","Yield","01343","Apricots","2016","2016","kg/ha","2818.9","E","Estimated value",""
"QCL","Crops and livestock products","356","India","5510","Production","01343","Apricots","2016","2016","t","15274.89","I","Value imputed by a receiving agency",""
"QCL","Crops and livestock products","356","India","5312","Area harvested","01343","Apricots","2017","2017","ha","5496","I","Value imputed by a receiving agency",""
"QCL","Crops and livestock products","356","India","5412","Yield","01343","Apricots","2017","2017","kg/ha","2826","E","Estimated value",""
"QCL","Crops and livestock products","356","India","5510","Production","01343","Apricots","2017","2017","t","15531.76","I","Value imputed by a receiving agency",""
"QCL","Crops and livestock products","356","India","5312","Area harvested","01343","Apricots","2018","2018","ha","5603","I","Value imputed by a receiving agency",""
"QCL","Crops and livestock products","356","India","5412","Yield","01343","Apricots","2018","2018","kg/ha","2825.9","E","Estimated value",""
"QCL","Crops and livestock products","356","India","5510","Production","01343","Apricots","2018","2018","t","15832.74","I","Value imputed by a receiving agency",""
"QCL","Crops and livestock products","356","India","5312","Area harvested","01343","Apricots","2019","2019","ha","5709","I","Value imputed by a receiving agency",""
"QCL","Crops and livestock products","356","India","5412","Yield","01343","Apricots","2019","2019","kg/ha","2825.8","E","Estimated value",""
"QCL","Crops and livestock products","356","India","5510","Production","01343","Apricots","2019","2019","t","16133.71","I","Value imputed by a receiving agency",""
"QCL","Crops and livestock products","356","India","5312","Area harvested","01343","Apricots","2020","2020","ha","5603","E","Estimated value",""
"QCL","Crops and livestock products","356","India","5412","Yield","01343","Apricots","2020","2020","kg/ha","2825.9","E","Estimated value",""
"QCL","Crops and livestock products","356","India","5510","Production","01343","Apricots","2020","2020","t","15832.74","E","Estimated value",""
"QCL","Crops and livestock products","356","India","5312","Area harvested","01343","Apricots","2021","2021","ha","5638","E","Estimated value",""
"QCL","Crops and livestock products","356","India","5412","Yield","01343","Apricots","2021","2021","kg/ha","2825.9","E","Estimated value",""
"QCL","Crops and livestock products","356","India","5510","Production","01343","Apricots","2021","2021","t","15933.06","E","Estimated value",""
"QCL","Crops and livestock products","356","India","5312","Area harvested","01343","Apricots","2022","2022","ha","5650","E","Estimated value",""
"QCL","Crops and livestock products","356","India","5412","Yield","01343","Apricots","2022","2022","kg/ha","2825.9","E","Estimated value",""
"QCL","Crops and livestock products","356","India","5510","Production","01343","Apricots","2022","2022","t","15966.5","E","Estimated value",""
"QCL","Crops and livestock products","356","India","5312","Area harvested","01343","Apricots","2023","2023","ha","5630","E","Estimated value",""
"QCL","Crops and livestock products","356","India","5412","Yield","01343","Apricots","2023","2023","kg/ha","2825.9","E","Estimated value",""
"QCL","Crops and livestock products","356","India","5510","Production","01343","Apricots","2023","2023","t","15910.77","E","Estimated value",""
"QCL","Crops and livestock products","356","India","5312","Area harvested","01343","Apricots","2024","2024","ha","5640","E","Estimated value",""
"QCL","Crops and livestock products","356","India","5412","Yield","01343","Apricots","2024","2024","kg/ha","2825.9","E","Estimated value",""
"QCL","Crops and livestock products","356","India","5510","Production","01343","Apricots","2024","2024","t","15936.78","E","Estimated value",""
"QCL","Crops and livestock products","356","India","5312","Area harvested","01379.01","Areca nuts","2015","2015","ha","450000","A","Official value",""
"QCL","Crops and livestock products","356","India","5412","Yield","01379.01","Areca nuts","2015","2015","kg/ha","1660","A","Official value",""
"QCL","Crops and livestock products","356","India","5510","Production","01379.01","Areca nuts","2015","2015","t","747000","A","Official value",""
"QCL","Crops and livestock products","356","India","5312","Area harvested","01379.01","Areca nuts","2016","2016","ha","474000","A","Official value",""
"QCL","Crops and livestock products","356","India","5412","Yield","01379.01","Areca nuts","2016","2016","kg/ha","1506.3","A","Official value",""
"QCL","Crops and livestock products","356","India","5510","Production","01379.01","Areca nuts","2016","2016","t","714000","A","Official value",""
"QCL","Crops and livestock products","356","India","5312","Area harvested","01379.01","Areca nuts","2017","2017","ha","455000","A","Official value",""
"QCL","Crops and livestock products","356","India","5412","Yield","01379.01","Areca nuts","2017","2017","kg/ha","1589","A","Official value",""
"QCL","Crops and livestock products","356","India","5510","Production","01379.01","Areca nuts","2017","2017","t","723000","A","Official value",""
"QCL","Crops and livestock products","356","India","5312","Area harvested","01379.01","Areca nuts","2018","2018","ha","497000","A","Official value",""
"QCL","Crops and livestock products","356","India","5412","Yield","01379.01","Areca nuts","2018","2018","kg/ha","1676.1","A","Official value",""
"QCL","Crops and livestock products","356","India","5510","Production","01379.01","Areca nuts","2018","2018","t","833000","A","Official value",""
"QCL","Crops and livestock products","356","India","5312","Area harvested","01379.01","Areca nuts","2019","2019","ha","522000","A","Official value",""
"QCL","Crops and livestock products","356","India","5412","Yield","01379.01","Areca nuts","2019","2019","kg/ha","1726.1","A","Official value",""
"QCL","Crops and livestock products","356","India","5510","Production","01379.01","Areca nuts","2019","2019","t","901000","A","Official value",""
"QCL","Crops and livestock products","356","India","5312","Area harvested","01379.01","Areca nuts","2020","2020","ha","747000","A","Official value",""
"QCL","Crops and livestock products","356","India","5412","Yield","01379.01","Areca nuts","2020","2020","kg/ha","1850.1","A","Official value",""
"QCL","Crops and livestock products","356","India","5510","Production","01379.01","Areca nuts","2020","2020","t","1382000","A","Official value",""
"QCL","Crops and livestock products","356","India","5312","Area harvested","01379.01","Areca nuts","2021","2021","ha","794000","A","Official value",""
"QCL","Crops and livestock products","356","India","5412","Yield","01379.01","Areca nuts","2021","2021","kg/ha","1968.5","A","Official value",""
"QCL","Crops and livestock products","356","India","5510","Production","01379.01","Areca nuts","2021","2021","t","1563000","A","Official value",""
"QCL","Crops and livestock products","356","India","5312","Area harvested","01379.01","Areca nuts","2022","2022","ha","849000","A","Official value",""
"QCL","Crops and livestock products","356","India","5412","Yield","01379.01","Areca nuts","2022","2022","kg/ha","1962.3","A","Official value",""
"QCL","Crops and livestock products","356","India","5510","Production","01379.01","Areca nuts","2022","2022","t","1666000","A","Official value",""
"QCL","Crops and livestock products","356","India","5312","Area harvested","01379.01","Areca nuts","2023","2023","ha","938000","A","Official value",""
"QCL","Crops and livestock products","356","India","5412","Yield","01379.01","Areca nuts","2023","2023","kg/ha","1459.5","A","Official value",""
"QCL","Crops and livestock products","356","India","5510","Production","01379.01","Areca nuts","2023","2023","t","1369000","A","Official value",""
"QCL","Crops and livestock products","356","India","5312","Area harvested","01379.01","Areca nuts","2024","2024","ha","949403","A","Official value",""
"QCL","Crops and livestock products","356","India","5412","Yield","01379.01","Areca nuts","2024","2024","kg/ha","1486.2","A","Official value",""
"QCL","Crops and livestock products","356","India","5510","Production","01379.01","Areca nuts","2024","2024","t","1410966","A","Official value",""
"QCL","Crops and livestock products","356","India","5312","Area harvested","01312","Bananas","2015","2015","ha","822000","A","Official value",""
"QCL","Crops and livestock products","356","India","5412","Yield","01312","Bananas","2015","2015","kg/ha","35548.7","A","Official value",""
"QCL","Crops and livestock products","356","India","5510","Production","01312","Bananas","2015","2015","t","29221000","A","Official value",""
"QCL","Crops and livestock products","356","India","5312","Area harvested","01312","Bananas","2016","2016","ha","841000","A","Official value",""
"QCL","Crops and livestock products","356","India","5412","Yield","01312","Bananas","2016","2016","kg/ha","34643.3","A","Official value",""
"QCL","Crops and livestock products","356","India","5510","Production","01312","Bananas","2016","2016","t","29135000","A","Official value",""
"QCL","Crops and livestock products","356","India","5312","Area harvested","01312","Bananas","2017","2017","ha","860000","A","Official value",""
"QCL","Crops and livestock products","356","India","5412","Yield","01312","Bananas","2017","2017","kg/ha","35438.4","A","Official value",""
"QCL","Crops and livestock products","356","India","5510","Production","01312","Bananas","2017","2017","t","30477000","A","Official value",""
"QCL","Crops and livestock products","356","India","5312","Area harvested","01312","Bananas","2018","2018","ha","884000","A","Official value",""
"QCL","Crops and livestock products","356","India","5412","Yield","01312","Bananas","2018","2018","kg/ha","34850.7","A","Official value",""
"QCL","Crops and livestock products","356","India","5510","Production","01312","Bananas","2018","2018","t","30808000","A","Official value",""
"QCL","Crops and livestock products","356","India","5312","Area harvested","01312","Bananas","2019","2019","ha","866000","A","Official value",""
"QCL","Crops and livestock products","356","India","5412","Yield","01312","Bananas","2019","2019","kg/ha","35173.2","A","Official value",""
"QCL","Crops and livestock products","356","India","5510","Production","01312","Bananas","2019","2019","t","30460000","A","Official value",""
"QCL","Crops and livestock products","356","India","5312","Area harvested","01312","Bananas","2020","2020","ha","897000","A","Official value",""
"QCL","Crops and livestock products","356","India","5412","Yield","01312","Bananas","2020","2020","kg/ha","36340","A","Official value",""
"QCL","Crops and livestock products","356","India","5510","Production","01312","Bananas","2020","2020","t","32597000","A","Official value",""
"QCL","Crops and livestock products","356","India","5312","Area harvested","01312","Bananas","2021","2021","ha","924000","A","Official value",""
"QCL","Crops and livestock products","356","India","5412","Yield","01312","Bananas","2021","2021","kg/ha","35781.4","A","Official value",""
"QCL","Crops and livestock products","356","India","5510","Production","01312","Bananas","2021","2021","t","33062000","A","Official value",""
"QCL","Crops and livestock products","356","India","5312","Area harvested","01312","Bananas","2022","2022","ha","963000","A","Official value",""
"QCL","Crops and livestock products","356","India","5412","Yield","01312","Bananas","2022","2022","kg/ha","35854.6","A","Official value",""
"QCL","Crops and livestock products","356","India","5510","Production","01312","Bananas","2022","2022","t","34528000","A","Official value",""
"QCL","Crops and livestock products","356","India","5312","Area harvested","01312","Bananas","2023","2023","ha","994000","A","Official value",""
"QCL","Crops and livestock products","356","India","5412","Yield","01312","Bananas","2023","2023","kg/ha","36835","A","Official value",""
"QCL","Crops and livestock products","356","India","5510","Production","01312","Bananas","2023","2023","t","36614000","A","Official value",""
"QCL","Crops and livestock products","356","India","5312","Area harvested","01312","Bananas","2024","2024","ha","948469","A","Official value",""
"QCL","Crops and livestock products","356","India","5412","Yield","01312","Bananas","2024","2024","kg/ha","39658","A","Official value",""
"QCL","Crops and livestock products","356","India","5510","Production","01312","Bananas","2024","2024","t","37614362","A","Official value",""
"QCL","Crops and livestock products","356","India","5312","Area harvested","0115","Barley","2015","2015","ha","707000","A","Official value",""
"QCL","Crops and livestock products","356","India","5412","Yield","0115","Barley","2015","2015","kg/ha","2281.5","A","Official value",""
"QCL","Crops and livestock products","356","India","5510","Production","0115","Barley","2015","2015","t","1613000","A","Official value",""
"QCL","Crops and livestock products","356","India","5312","Area harvested","0115","Barley","2016","2016","ha","590000","A","Official value",""
"QCL","Crops and livestock products","356","India","5412","Yield","0115","Barley","2016","2016","kg/ha","2440.7","A","Official value",""
"QCL","Crops and livestock products","356","India","5510","Production","0115","Barley","2016","2016","t","1440000","A","Official value",""
"QCL","Crops and livestock products","356","India","5312","Area harvested","0115","Barley","2017","2017","ha","656250","A","Official value",""
"QCL","Crops and livestock products","356","India","5412","Yield","0115","Barley","2017","2017","kg/ha","2662.8","A","Official value",""
"QCL","Crops and livestock products","356","India","5510","Production","0115","Barley","2017","2017","t","1747450","A","Official value",""
"QCL","Crops and livestock products","356","India","5312","Area harvested","0115","Barley","2018","2018","ha","660800","A","Official value",""
"QCL","Crops and livestock products","356","India","5412","Yield","0115","Barley","2018","2018","kg/ha","2694.9","A","Official value",""
"QCL","Crops and livestock products","356","India","5510","Production","0115","Barley","2018","2018","t","1780810","A","Official value",""
"QCL","Crops and livestock products","356","India","5312","Area harvested","0115","Barley","2019","2019","ha","575600","A","Official value",""
"QCL","Crops and livestock products","356","India","5412","Yield","0115","Barley","2019","2019","kg/ha","2837.2","A","Official value",""
"QCL","Crops and livestock products","356","India","5510","Production","0115","Barley","2019","2019","t","1633070","A","Official value",""
"QCL","Crops and livestock products","356","India","5312","Area harvested","0115","Barley","2020","2020","ha","589570","A","Official value",""
"QCL","Crops and livestock products","356","India","5412","Yield","0115","Barley","2020","2020","kg/ha","2920.5","A","Official value",""
"QCL","Crops and livestock products","356","India","5510","Production","0115","Barley","2020","2020","t","1721830","A","Official value",""
"QCL","Crops and livestock products","356","India","5312","Area harvested","0115","Barley","2021","2021","ha","592470","A","Official value",""
"QCL","Crops and livestock products","356","India","5412","Yield","0115","Barley","2021","2021","kg/ha","2795.7","A","Official value",""
"QCL","Crops and livestock products","356","India","5510","Production","0115","Barley","2021","2021","t","1656340","A","Official value",""
"QCL","Crops and livestock products","356","India","5312","Area harvested","0115","Barley","2022","2022","ha","453320","A","Official value",""
"QCL","Crops and livestock products","356","India","5412","Yield","0115","Barley","2022","2022","kg/ha","3025.1","A","Official value",""
"QCL","Crops and livestock products","356","India","5510","Production","0115","Barley","2022","2022","t","1371360","A","Official value",""
"QCL","Crops and livestock products","356","India","5312","Area harvested","0115","Barley","2023","2023","ha","628325","A","Official value",""
"QCL","Crops and livestock products","356","India","5412","Yield","0115","Barley","2023","2023","kg/ha","3044.5","A","Official value",""
"QCL","Crops and livestock products","356","India","5510","Production","0115","Barley","2023","2023","t","1912919.44","A","Official value",""
"QCL","Crops and livestock products","356","India","5312","Area harvested","0115","Barley","2024","2024","ha","551317","A","Official value",""
"QCL","Crops and livestock products","356","India","5412","Yield","0115","Barley","2024","2024","kg/ha","3082.1","A","Official value",""
"QCL","Crops and livestock products","356","India","5510","Production","0115","Barley","2024","2024","t","1699235.48","A","Official value",""
"QCL","Crops and livestock products","356","India","5312","Area harvested","01701","Beans, dry","2015","2015","ha","10210401","A","Official value",""
"QCL","Crops and livestock products","356","India","5412","Yield","01701","Beans, dry","2015","2015","kg/ha","589.9","A","Official value",""
"QCL","Crops and livestock products","356","India","5510","Production","01701","Beans, dry","2015","2015","t","6023531.63","A","Official value",""
"QCL","Crops and livestock products","356","India","5312","Area harvested","01701","Beans, dry","2016","2016","ha","12045276","A","Official value",""
"QCL","Crops and livestock products","356","India","5412","Yield","01701","Beans, dry","2016","2016","kg/ha","620","A","Official value",""
"QCL","Crops and livestock products","356","India","5510","Production","01701","Beans, dry","2016","2016","t","7468601.53","A","Official value",""
"QCL","Crops and livestock products","356","India","5312","Area harvested","01701","Beans, dry","2017","2017","ha","12432165","A","Official value",""
"QCL","Crops and livestock products","356","India","5412","Yield","01701","Beans, dry","2017","2017","kg/ha","640.4","A","Official value",""
"QCL","Crops and livestock products","356","India","5510","Production","01701","Beans, dry","2017","2017","t","7961142.08","A","Official value",""
"QCL","Crops and livestock products","356","India","5312","Area harvested","01701","Beans, dry","2018","2018","ha","13225137","A","Official value",""
"QCL","Crops and livestock products","356","India","5412","Yield","01701","Beans, dry","2018","2018","kg/ha","596.2","A","Official value",""
"QCL","Crops and livestock products","356","India","5510","Production","01701","Beans, dry","2018","2018","t","7885365.98","A","Official value",""
"QCL","Crops and livestock products","356","India","5312","Area harvested","01701","Beans, dry","2019","2019","ha","11812814","A","Official value",""
"QCL","Crops and livestock products","356","India","5412","Yield","01701","Beans, dry","2019","2019","kg/ha","579.7","A","Official value",""
"QCL","Crops and livestock products","356","India","5510","Production","01701","Beans, dry","2019","2019","t","6847843.72","A","Official value",""
"QCL","Crops and livestock products","356","India","5312","Area harvested","01701","Beans, dry","2020","2020","ha","11559011","A","Official value",""
"QCL","Crops and livestock products","356","India","5412","Yield","01701","Beans, dry","2020","2020","kg/ha","625.1","A","Official value",""
"QCL","Crops and livestock products","356","India","5510","Production","01701","Beans, dry","2020","2020","t","7225166.79","A","Official value",""
"QCL","Crops and livestock products","356","India","5312","Area harvested","01701","Beans, dry","2021","2021","ha","12469911","A","Official value",""
"QCL","Crops and livestock products","356","India","5412","Yield","01701","Beans, dry","2021","2021","kg/ha","597.8","A","Official value",""
"QCL","Crops and livestock products","356","India","5510","Production","01701","Beans, dry","2021","2021","t","7454701.48","A","Official value",""
"QCL","Crops and livestock products","356","India","5312","Area harvested","01701","Beans, dry","2022","2022","ha","11725112","A","Official value",""
"QCL","Crops and livestock products","356","India","5412","Yield","01701","Beans, dry","2022","2022","kg/ha","730.4","A","Official value",""
"QCL","Crops and livestock products","356","India","5510","Production","01701","Beans, dry","2022","2022","t","8564105.78","A","Official value",""
"QCL","Crops and livestock products","356","India","5312","Area harvested","01701","Beans, dry","2023","2023","ha","11354281","A","Official value",""
"QCL","Crops and livestock products","356","India","5412","Yield","01701","Beans, dry","2023","2023","kg/ha","719.4","A","Official value",""
"QCL","Crops and livestock products","356","India","5510","Production","01701","Beans, dry","2023","2023","t","8168142.7","A","Official value",""
"QCL","Crops and livestock products","356","India","5312","Area harvested","01701","Beans, dry","2024","2024","ha","11713147","I","Value imputed by a receiving agency",""
"QCL","Crops and livestock products","356","India","5412","Yield","01701","Beans, dry","2024","2024","kg/ha","682.2","E","Estimated value",""
"QCL","Crops and livestock products","356","India","5510","Production","01701","Beans, dry","2024","2024","t","7990946","I","Value imputed by a receiving agency",""
"QCL","Crops and livestock products","356","India","5312","Area harvested","01212","Cabbages","2015","2015","ha","386000","A","Official value",""
"QCL","Crops and livestock products","356","India","5412","Yield","01212","Cabbages","2015","2015","kg/ha","22240.9","A","Official value",""
"QCL","Crops and livestock products","356","India","5510","Production","01212","Cabbages","2015","2015","t","8585000","A","Official value",""
"QCL","Crops and livestock products","356","India","5312","Area harvested","01212","Cabbages","2016","2016","ha","394000","A","Official value",""
"QCL","Crops and livestock products","356","India","5412","Yield","01212","Cabbages","2016","2016","kg/ha","22350.3","A","Official value",""
"QCL","Crops and livestock products","356","India","5510","Production","01212","Cabbages","2016","2016","t","8806000","A","Official value",""
"QCL","Crops and livestock products","356","India","5312","Area harvested","01212","Cabbages","2017","2017","ha","395000","A","Official value",""
"QCL","Crops and livestock products","356","India","5412","Yield","01212","Cabbages","2017","2017","kg/ha","22296.2","A","Official value",""
"QCL","Crops and livestock products","356","India","5510","Production","01212","Cabbages","2017","2017","t","8807000","A","Official value",""
"QCL","Crops and livestock products","356","India","5312","Area harvested","01212","Cabbages","2018","2018","ha","399000","A","Official value",""
"QCL","Crops and livestock products","356","India","5412","Yield","01212","Cabbages","2018","2018","kg/ha","22649.1","A","Official value",""
"QCL","Crops and livestock products","356","India","5510","Production","01212","Cabbages","2018","2018","t","9037000","A","Official value",""
"QCL","Crops and livestock products","356","India","5312","Area harvested","01212","Cabbages","2019","2019","ha","400000","A","Official value",""
"QCL","Crops and livestock products","356","India","5412","Yield","01212","Cabbages","2019","2019","kg/ha","22817.5","A","Official value",""
"QCL","Crops and livestock products","356","India","5510","Production","01212","Cabbages","2019","2019","t","9127000","A","Official value",""
"QCL","Crops and livestock products","356","India","5312","Area harvested","01212","Cabbages","2020","2020","ha","401000","A","Official value",""
"QCL","Crops and livestock products","356","India","5412","Yield","01212","Cabbages","2020","2020","kg/ha","23122.2","A","Official value",""
"QCL","Crops and livestock products","356","India","5510","Production","01212","Cabbages","2020","2020","t","9272000","A","Official value",""
"QCL","Crops and livestock products","356","India","5312","Area harvested","01212","Cabbages","2021","2021","ha","412000","A","Official value",""
"QCL","Crops and livestock products","356","India","5412","Yield","01212","Cabbages","2021","2021","kg/ha","23203.9","A","Official value",""
"QCL","Crops and livestock products","356","India","5510","Production","01212","Cabbages","2021","2021","t","9560000","A","Official value",""
"QCL","Crops and livestock products","356","India","5312","Area harvested","01212","Cabbages","2022","2022","ha","423000","A","Official value",""
"QCL","Crops and livestock products","356","India","5412","Yield","01212","Cabbages","2022","2022","kg/ha","23227","A","Official value",""
"QCL","Crops and livestock products","356","India","5510","Production","01212","Cabbages","2022","2022","t","9825000","A","Official value",""
"QCL","Crops and livestock products","356","India","5312","Area harvested","01212","Cabbages","2023","2023","ha","433000","A","Official value",""
"QCL","Crops and livestock products","356","India","5412","Yield","01212","Cabbages","2023","2023","kg/ha","23207.9","A","Official value",""
"QCL","Crops and livestock products","356","India","5510","Production","01212","Cabbages","2023","2023","t","10049000","A","Official value",""
"QCL","Crops and livestock products","356","India","5312","Area harvested","01212","Cabbages","2024","2024","ha","442332","A","Official value",""
"QCL","Crops and livestock products","356","India","5412","Yield","01212","Cabbages","2024","2024","kg/ha","23583.4","A","Official value",""
"QCL","Crops and livestock products","356","India","5510","Production","01212","Cabbages","2024","2024","t","10431705","A","Official value",""
"QCL","Crops and livestock products","356","India","5312","Area harvested","01229","Cantaloupes and other melons","2015","2015","ha","42000","A","Official value",""
"QCL","Crops and livestock products","356","India","5412","Yield","01229","Cantaloupes and other melons","2015","2015","kg/ha","20547.6","A","Official value",""
"QCL","Crops and livestock products","356","India","5510","Production","01229","Cantaloupes and other melons","2015","2015","t","863000","A","Official value",""
"QCL","Crops and livestock products","356","India","5312","Area harvested","01229","Cantaloupes and other melons","2016","2016","ha","45000","A","Official value",""
"QCL","Crops and livestock products","356","India","5412","Yield","01229","Cantaloupes and other melons","2016","2016","kg/ha","20777.8","A","Official value",""
"QCL","Crops and livestock products","356","India","5510","Production","01229","Cantaloupes and other melons","2016","2016","t","935000","A","Official value",""
"QCL","Crops and livestock products","356","India","5312","Area harvested","01229","Cantaloupes and other melons","2017","2017","ha","50000","A","Official value",""
"QCL","Crops and livestock products","356","India","5412","Yield","01229","Cantaloupes and other melons","2017","2017","kg/ha","21940","A","Official value",""
"QCL","Crops and livestock products","356","India","5510","Production","01229","Cantaloupes and other melons","2017","2017","t","1097000","A","Official value",""
"QCL","Crops and livestock products","356","India","5312","Area harvested","01229","Cantaloupes and other melons","2018","2018","ha","54000","A","Official value",""
"QCL","Crops and livestock products","356","India","5412","Yield","01229","Cantaloupes and other melons","2018","2018","kg/ha","22796.3","A","Official value",""
"QCL","Crops and livestock products","356","India","5510","Production","01229","Cantaloupes and other melons","2018","2018","t","1231000","A","Official value",""
"QCL","Crops and livestock products","356","India","5312","Area harvested","01229","Cantaloupes and other melons","2019","2019","ha","57000","A","Official value",""
"QCL","Crops and livestock products","356","India","5412","Yield","01229","Cantaloupes and other melons","2019","2019","kg/ha","22210.5","A","Official value",""
"QCL","Crops and livestock products","356","India","5510","Production","01229","Cantaloupes and other melons","2019","2019","t","1266000","A","Official value",""
"QCL","Crops and livestock products","356","India","5312","Area harvested","01229","Cantaloupes and other melons","2020","2020","ha","61000","A","Official value",""
"QCL","Crops and livestock products","356","India","5412","Yield","01229","Cantaloupes and other melons","2020","2020","kg/ha","22426.2","A","Official value",""
"QCL","Crops and livestock products","356","India","5510","Production","01229","Cantaloupes and other melons","2020","2020","t","1368000","A","Official value",""
"QCL","Crops and livestock products","356","India","5312","Area harvested","01229","Cantaloupes and other melons","2021","2021","ha","75000","A","Official value",""
"QCL","Crops and livestock products","356","India","5412","Yield","01229","Cantaloupes and other melons","2021","2021","kg/ha","19706.7","A","Official value",""
"QCL","Crops and livestock products","356","India","5510","Production","01229","Cantaloupes and other melons","2021","2021","t","1478000","A","Official value",""
"QCL","Crops and livestock products","356","India","5312","Area harvested","01229","Cantaloupes and other melons","2022","2022","ha","68000","A","Official value",""
"QCL","Crops and livestock products","356","India","5412","Yield","01229","Cantaloupes and other melons","2022","2022","kg/ha","22029.4","A","Official value",""
"QCL","Crops and livestock products","356","India","5510","Production","01229","Cantaloupes and other melons","2022","2022","t","1498000","A","Official value",""
"QCL","Crops and livestock products","356","India","5312","Area harvested","01229","Cantaloupes and other melons","2023","2023","ha","68000","A","Official value",""
"QCL","Crops and livestock products","356","India","5412","Yield","01229","Cantaloupes and other melons","2023","2023","kg/ha","22029.4","A","Official value",""
"QCL","Crops and livestock products","356","India","5510","Production","01229","Cantaloupes and other melons","2023","2023","t","1498000","A","Official value",""
"QCL","Crops and livestock products","356","India","5312","Area harvested","01229","Cantaloupes and other melons","2024","2024","ha","66614","A","Official value",""
"QCL","Crops and livestock products","356","India","5412","Yield","01229","Cantaloupes and other melons","2024","2024","kg/ha","23129.3","A","Official value",""
"QCL","Crops and livestock products","356","India","5510","Production","01229","Cantaloupes and other melons","2024","2024","t","1540738","A","Official value",""
"QCL","Crops and livestock products","356","India","5312","Area harvested","01251","Carrots and turnips","2015","2015","ha","64000","A","Official value",""
"QCL","Crops and livestock products","356","India","5412","Yield","01251","Carrots and turnips","2015","2015","kg/ha","15125","A","Official value",""
"QCL","Crops and livestock products","356","India","5510","Production","01251","Carrots and turnips","2015","2015","t","968000","A","Official value",""
"QCL","Crops and livestock products","356","India","5312","Area harvested","01251","Carrots and turnips","2016","2016","ha","82303","A","Official value",""
"QCL","Crops and livestock products","356","India","5412","Yield","01251","Carrots and turnips","2016","2016","kg/ha","16262.7","A","Official value",""
"QCL","Crops and livestock products","356","India","5510","Production","01251","Carrots and turnips","2016","2016","t","1338472.61","A","Official value",""
"QCL","Crops and livestock products","356","India","5312","Area harvested","01251","Carrots and turnips","2017","2017","ha","86239","A","Official value",""
"QCL","Crops and livestock products","356","India","5412","Yield","01251","Carrots and turnips","2017","2017","kg/ha","15650.8","A","Official value",""
"QCL","Crops and livestock products","356","India","5510","Production","01251","Carrots and turnips","2017","2017","t","1349712.8","A","Official value",""
"QCL","Crops and livestock products","356","India","5312","Area harvested","01251","Carrots and turnips","2018","2018","ha","96508","A","Official value",""
"QCL","Crops and livestock products","356","India","5412","Yield","01251","Carrots and turnips","2018","2018","kg/ha","17078.9","A","Official value",""
"QCL","Crops and livestock products","356","India","5510","Production","01251","Carrots and turnips","2018","2018","t","1648245.2","A","Official value",""
"QCL","Crops and livestock products","356","India","5312","Area harvested","01251","Carrots and turnips","2019","2019","ha","109462","A","Official value",""
"QCL","Crops and livestock products","356","India","5412","Yield","01251","Carrots and turnips","2019","2019","kg/ha","17297.8","A","Official value",""
"QCL","Crops and livestock products","356","India","5510","Production","01251","Carrots and turnips","2019","2019","t","1893452.82","A","Official value",""
"QCL","Crops and livestock products","356","India","5312","Area harvested","01251","Carrots and turnips","2020","2020","ha","104982","A","Official value",""
"QCL","Crops and livestock products","356","India","5412","Yield","01251","Carrots and turnips","2020","2020","kg/ha","17414.3","A","Official value",""
"QCL","Crops and livestock products","356","India","5510","Production","01251","Carrots and turnips","2020","2020","t","1828189.05","A","Official value",""
"QCL","Crops and livestock products","356","India","5312","Area harvested","01251","Carrots and turnips","2021","2021","ha","108393","A","Official value",""
"QCL","Crops and livestock products","356","India","5412","Yield","01251","Carrots and turnips","2021","2021","kg/ha","17386.4","A","Official value",""
"QCL","Crops and livestock products","356","India","5510","Production","01251","Carrots and turnips","2021","2021","t","1884564.49","A","Official value",""
"QCL","Crops and livestock products","356","India","5312","Area harvested","01251","Carrots and turnips","2022","2022","ha","133552","A","Official value",""
"QCL","Crops and livestock products","356","India","5412","Yield","01251","Carrots and turnips","2022","2022","kg/ha","17101.6","A","Official value",""
"QCL","Crops and livestock products","356","India","5510","Production","01251","Carrots and turnips","2022","2022","t","2283952","A","Official value",""
"QCL","Crops and livestock products","356","India","5312","Area harvested","01251","Carrots and turnips","2023","2023","ha","122664","A","Official value",""
"QCL","Crops and livestock products","356","India","5412","Yield","01251","Carrots and turnips","2023","2023","kg/ha","19557.6","A","Official value",""
"QCL","Crops and livestock products","356","India","5510","Production","01251","Carrots and turnips","2023","2023","t","2399008","A","Official value",""
"QCL","Crops and livestock products","356","India","5312","Area harvested","01251","Carrots and turnips","2024","2024","ha","125010","A","Official value",""
"QCL","Crops and livestock products","356","India","5412","Yield","01251","Carrots and turnips","2024","2024","kg/ha","22208.9","A","Official value",""
"QCL","Crops and livestock products","356","India","5510","Production","01251","Carrots and turnips","2024","2024","t","2776332","A","Official value",""
"QCL","Crops and livestock products","356","India","5312","Area harvested","01372","Cashew nuts, in shell","2015","2015","ha","1030000","A","Official value",""
"QCL","Crops and livestock products","356","India","5412","Yield","01372","Cashew nuts, in shell","2015","2015","kg/ha","723.3","A","Official value",""
"QCL","Crops and livestock products","356","India","5510","Production","01372","Cashew nuts, in shell","2015","2015","t","745000","A","Official value",""
"QCL","Crops and livestock products","356","India","5312","Area harvested","01372","Cashew nuts, in shell","2016","2016","ha","1036000","A","Official value",""
"QCL","Crops and livestock products","356","India","5412","Yield","01372","Cashew nuts, in shell","2016","2016","kg/ha","647.7","A","Official value",""
"QCL","Crops and livestock products","356","India","5510","Production","01372","Cashew nuts, in shell","2016","2016","t","671000","A","Official value",""
"QCL","Crops and livestock products","356","India","5312","Area harvested","01372","Cashew nuts, in shell","2017","2017","ha","978000","A","Official value",""
"QCL","Crops and livestock products","356","India","5412","Yield","01372","Cashew nuts, in shell","2017","2017","kg/ha","761.8","A","Official value",""
"QCL","Crops and livestock products","356","India","5510","Production","01372","Cashew nuts, in shell","2017","2017","t","745000","A","Official value",""
"QCL","Crops and livestock products","356","India","5312","Area harvested","01372","Cashew nuts, in shell","2018","2018","ha","1062000","A","Official value",""
"QCL","Crops and livestock products","356","India","5412","Yield","01372","Cashew nuts, in shell","2018","2018","kg/ha","769.3","A","Official value",""
"QCL","Crops and livestock products","356","India","5510","Production","01372","Cashew nuts, in shell","2018","2018","t","817000","A","Official value",""
"QCL","Crops and livestock products","356","India","5312","Area harvested","01372","Cashew nuts, in shell","2019","2019","ha","1105000","A","Official value",""
"QCL","Crops and livestock products","356","India","5412","Yield","01372","Cashew nuts, in shell","2019","2019","kg/ha","672.4","A","Official value",""
"QCL","Crops and livestock products","356","India","5510","Production","01372","Cashew nuts, in shell","2019","2019","t","743000","A","Official value",""
"QCL","Crops and livestock products","356","India","5312","Area harvested","01372","Cashew nuts, in shell","2020","2020","ha","1125000","A","Official value",""
"QCL","Crops and livestock products","356","India","5412","Yield","01372","Cashew nuts, in shell","2020","2020","kg/ha","624.9","A","Official value",""
"QCL","Crops and livestock products","356","India","5510","Production","01372","Cashew nuts, in shell","2020","2020","t","703000","A","Official value",""
"QCL","Crops and livestock products","356","India","5312","Area harvested","01372","Cashew nuts, in shell","2021","2021","ha","1159000","A","Official value",""
"QCL","Crops and livestock products","356","India","5412","Yield","01372","Cashew nuts, in shell","2021","2021","kg/ha","636.8","A","Official value",""
"QCL","Crops and livestock products","356","India","5510","Production","01372","Cashew nuts, in shell","2021","2021","t","738000","A","Official value",""
"QCL","Crops and livestock products","356","India","5312","Area harvested","01372","Cashew nuts, in shell","2022","2022","ha","1184000","A","Official value",""
"QCL","Crops and livestock products","356","India","5412","Yield","01372","Cashew nuts, in shell","2022","2022","kg/ha","635.1","A","Official value",""
"QCL","Crops and livestock products","356","India","5510","Production","01372","Cashew nuts, in shell","2022","2022","t","752000","A","Official value",""
"QCL","Crops and livestock products","356","India","5312","Area harvested","01372","Cashew nuts, in shell","2023","2023","ha","1195000","A","Official value",""
"QCL","Crops and livestock products","356","India","5412","Yield","01372","Cashew nuts, in shell","2023","2023","kg/ha","654.4","A","Official value",""
"QCL","Crops and livestock products","356","India","5510","Production","01372","Cashew nuts, in shell","2023","2023","t","782000","A","Official value",""
"QCL","Crops and livestock products","356","India","5312","Area harvested","01372","Cashew nuts, in shell","2024","2024","ha","1199084","A","Official value",""
"QCL","Crops and livestock products","356","India","5412","Yield","01372","Cashew nuts, in shell","2024","2024","kg/ha","662.9","A","Official value",""
"QCL","Crops and livestock products","356","India","5510","Production","01372","Cashew nuts, in shell","2024","2024","t","794910","A","Official value",""
"QCL","Crops and livestock products","356","India","5312","Area harvested","01520.01","Cassava, fresh","2015","2015","ha","208000","A","Official value",""
"QCL","Crops and livestock products","356","India","5412","Yield","01520.01","Cassava, fresh","2015","2015","kg/ha","21024","A","Official value",""
"QCL","Crops and livestock products","356","India","5510","Production","01520.01","Cassava, fresh","2015","2015","t","4373000","A","Official value",""
"QCL","Crops and livestock products","356","India","5312","Area harvested","01520.01","Cassava, fresh","2016","2016","ha","204000","A","Official value",""
"QCL","Crops and livestock products","356","India","5412","Yield","01520.01","Cassava, fresh","2016","2016","kg/ha","21294.1","A","Official value",""
"QCL","Crops and livestock products","356","India","5510","Production","01520.01","Cassava, fresh","2016","2016","t","4344000","A","Official value",""
"QCL","Crops and livestock products","356","India","5312","Area harvested","01520.01","Cassava, fresh","2017","2017","ha","199000","A","Official value",""
"QCL","Crops and livestock products","356","India","5412","Yield","01520.01","Cassava, fresh","2017","2017","kg/ha","20959.8","A","Official value",""
"QCL","Crops and livestock products","356","India","5510","Production","01520.01","Cassava, fresh","2017","2017","t","4171000","A","Official value",""
"QCL","Crops and livestock products","356","India","5312","Area harvested","01520.01","Cassava, fresh","2018","2018","ha","173000","A","Official value",""
"QCL","Crops and livestock products","356","India","5412","Yield","01520.01","Cassava, fresh","2018","2018","kg/ha","28612.7","A","Official value",""
"QCL","Crops and livestock products","356","India","5510","Production","01520.01","Cassava, fresh","2018","2018","t","4950000","A","Official value",""
"QCL","Crops and livestock products","356","India","5312","Area harvested","01520.01","Cassava, fresh","2019","2019","ha","163000","A","Official value",""
"QCL","Crops and livestock products","356","India","5412","Yield","01520.01","Cassava, fresh","2019","2019","kg/ha","30527.6","A","Official value",""
"QCL","Crops and livestock products","356","India","5510","Production","01520.01","Cassava, fresh","2019","2019","t","4976000","A","Official value",""
"QCL","Crops and livestock products","356","India","5312","Area harvested","01520.01","Cassava, fresh","2020","2020","ha","173000","A","Official value",""
"QCL","Crops and livestock products","356","India","5412","Yield","01520.01","Cassava, fresh","2020","2020","kg/ha","35028.9","A","Official value",""
"QCL","Crops and livestock products","356","India","5510","Production","01520.01","Cassava, fresh","2020","2020","t","6060000","A","Official value",""
"QCL","Crops and livestock products","356","India","5312","Area harvested","01520.01","Cassava, fresh","2021","2021","ha","183000","A","Official value",""
"QCL","Crops and livestock products","356","India","5412","Yield","01520.01","Cassava, fresh","2021","2021","kg/ha","37929","A","Official value",""
"QCL","Crops and livestock products","356","India","5510","Production","01520.01","Cassava, fresh","2021","2021","t","6941000","A","Official value",""
"QCL","Crops and livestock products","356","India","5312","Area harvested","01520.01","Cassava, fresh","2022","2022","ha","172000","A","Official value",""
"QCL","Crops and livestock products","356","India","5412","Yield","01520.01","Cassava, fresh","2022","2022","kg/ha","36122.1","A","Official value",""
"QCL","Crops and livestock products","356","India","5510","Production","01520.01","Cassava, fresh","2022","2022","t","6213000","A","Official value",""
"QCL","Crops and livestock products","356","India","5312","Area harvested","01520.01","Cassava, fresh","2023","2023","ha","166000","A","Official value",""
"QCL","Crops and livestock products","356","India","5412","Yield","01520.01","Cassava, fresh","2023","2023","kg/ha","35771.1","A","Official value",""
"QCL","Crops and livestock products","356","India","5510","Production","01520.01","Cassava, fresh","2023","2023","t","5938000","A","Official value",""
"QCL","Crops and livestock products","356","India","5312","Area harvested","01520.01","Cassava, fresh","2024","2024","ha","176627","A","Official value",""
"QCL","Crops and livestock products","356","India","5412","Yield","01520.01","Cassava, fresh","2024","2024","kg/ha","35574.1","A","Official value",""
"QCL","Crops and livestock products","356","India","5510","Production","01520.01","Cassava, fresh","2024","2024","t","6283343","A","Official value",""
"QCL","Crops and livestock products","356","India","5312","Area harvested","01447","Castor oil seeds","2015","2015","ha","1060729","A","Official value",""
"QCL","Crops and livestock products","356","India","5412","Yield","01447","Castor oil seeds","2015","2015","kg/ha","1651.5","A","Official value",""
"QCL","Crops and livestock products","356","India","5510","Production","01447","Castor oil seeds","2015","2015","t","1751818","A","Official value",""
"QCL","Crops and livestock products","356","India","5312","Area harvested","01447","Castor oil seeds","2016","2016","ha","807917","A","Official value",""
"QCL","Crops and livestock products","356","India","5412","Yield","01447","Castor oil seeds","2016","2016","kg/ha","1703.7","A","Official value",""
"QCL","Crops and livestock products","356","India","5510","Production","01447","Castor oil seeds","2016","2016","t","1376421","A","Official value",""
"QCL","Crops and livestock products","356","India","5312","Area harvested","01447","Castor oil seeds","2017","2017","ha","824127","A","Official value",""
"QCL","Crops and livestock products","356","India","5412","Yield","01447","Castor oil seeds","2017","2017","kg/ha","1902.1","A","Official value",""
"QCL","Crops and livestock products","356","India","5510","Production","01447","Castor oil seeds","2017","2017","t","1567563.59","A","Official value",""
"QCL","Crops and livestock products","356","India","5312","Area harvested","01447","Castor oil seeds","2018","2018","ha","751317","A","Official value",""
"QCL","Crops and livestock products","356","India","5412","Yield","01447","Castor oil seeds","2018","2018","kg/ha","1592.8","A","Official value",""
"QCL","Crops and livestock products","356","India","5510","Production","01447","Castor oil seeds","2018","2018","t","1196679.24","A","Official value",""
"QCL","Crops and livestock products","356","India","5312","Area harvested","01447","Castor oil seeds","2019","2019","ha","1046292","A","Official value",""
"QCL","Crops and livestock products","356","India","5412","Yield","01447","Castor oil seeds","2019","2019","kg/ha","1760.5","A","Official value",""
"QCL","Crops and livestock products","356","India","5510","Production","01447","Castor oil seeds","2019","2019","t","1842021.74","A","Official value",""
"QCL","Crops and livestock products","356","India","5312","Area harvested","01447","Castor oil seeds","2020","2020","ha","887495","A","Official value",""
"QCL","Crops and livestock products","356","India","5412","Yield","01447","Castor oil seeds","2020","2020","kg/ha","1855.7","A","Official value",""
"QCL","Crops and livestock products","356","India","5510","Production","01447","Castor oil seeds","2020","2020","t","1646956.41","A","Official value",""
"QCL","Crops and livestock products","356","India","5312","Area harvested","01447","Castor oil seeds","2021","2021","ha","830978","A","Official value",""
"QCL","Crops and livestock products","356","India","5412","Yield","01447","Castor oil seeds","2021","2021","kg/ha","1948","A","Official value",""
"QCL","Crops and livestock products","356","India","5510","Production","01447","Castor oil seeds","2021","2021","t","1618760","A","Official value",""
"QCL","Crops and livestock products","356","India","5312","Area harvested","01447","Castor oil seeds","2022","2022","ha","1019279","A","Official value",""
"QCL","Crops and livestock products","356","India","5412","Yield","01447","Castor oil seeds","2022","2022","kg/ha","1942.3","A","Official value",""
"QCL","Crops and livestock products","356","India","5510","Production","01447","Castor oil seeds","2022","2022","t","1979717.74","A","Official value",""
"QCL","Crops and livestock products","356","India","5312","Area harvested","01447","Castor oil seeds","2023","2023","ha","1041071","A","Official value",""
"QCL","Crops and livestock products","356","India","5412","Yield","01447","Castor oil seeds","2023","2023","kg/ha","1881.5","A","Official value",""
"QCL","Crops and livestock products","356","India","5510","Production","01447","Castor oil seeds","2023","2023","t","1958765.38","A","Official value",""
"QCL","Crops and livestock products","356","India","5312","Area harvested","01447","Castor oil seeds","2024","2024","ha","827889","A","Official value",""
"QCL","Crops and livestock products","356","India","5412","Yield","01447","Castor oil seeds","2024","2024","kg/ha","1917.6","A","Official value",""
"QCL","Crops and livestock products","356","India","5510","Production","01447","Castor oil seeds","2024","2024","t","1587531.42","A","Official value",""
"QCL","Crops and livestock products","356","India","5312","Area harvested","01213","Cauliflowers and broccoli","2015","2015","ha","411000","A","Official value",""
"QCL","Crops and livestock products","356","India","5412","Yield","01213","Cauliflowers and broccoli","2015","2015","kg/ha","19284.7","A","Official value",""
"QCL","Crops and livestock products","356","India","5510","Production","01213","Cauliflowers and broccoli","2015","2015","t","7926000","A","Official value",""
"QCL","Crops and livestock products","356","India","5312","Area harvested","01213","Cauliflowers and broccoli","2016","2016","ha","426000","A","Official value",""
"QCL","Crops and livestock products","356","India","5412","Yield","01213","Cauliflowers and broccoli","2016","2016","kg/ha","18990.6","A","Official value",""
"QCL","Crops and livestock products","356","India","5510","Production","01213","Cauliflowers and broccoli","2016","2016","t","8090000","A","Official value",""
"QCL","Crops and livestock products","356","India","5312","Area harvested","01213","Cauliflowers and broccoli","2017","2017","ha","454000","A","Official value",""
"QCL","Crops and livestock products","356","India","5412","Yield","01213","Cauliflowers and broccoli","2017","2017","kg/ha","18848","A","Official value",""
"QCL","Crops and livestock products","356","India","5510","Production","01213","Cauliflowers and broccoli","2017","2017","t","8557000","A","Official value",""
"QCL","Crops and livestock products","356","India","5312","Area harvested","01213","Cauliflowers and broccoli","2018","2018","ha","453000","A","Official value",""
"QCL","Crops and livestock products","356","India","5412","Yield","01213","Cauliflowers and broccoli","2018","2018","kg/ha","19134.7","A","Official value",""
"QCL","Crops and livestock products","356","India","5510","Production","01213","Cauliflowers and broccoli","2018","2018","t","8668000","A","Official value",""
"QCL","Crops and livestock products","356","India","5312","Area harvested","01213","Cauliflowers and broccoli","2019","2019","ha","465000","A","Official value",""
"QCL","Crops and livestock products","356","India","5412","Yield","01213","Cauliflowers and broccoli","2019","2019","kg/ha","19533.3","A","Official value",""
"QCL","Crops and livestock products","356","India","5510","Production","01213","Cauliflowers and broccoli","2019","2019","t","9083000","A","Official value",""
"QCL","Crops and livestock products","356","India","5312","Area harvested","01213","Cauliflowers and broccoli","2020","2020","ha","467000","A","Official value",""
"QCL","Crops and livestock products","356","India","5412","Yield","01213","Cauliflowers and broccoli","2020","2020","kg/ha","19145.6","A","Official value",""
"QCL","Crops and livestock products","356","India","5510","Production","01213","Cauliflowers and broccoli","2020","2020","t","8941000","A","Official value",""
"QCL","Crops and livestock products","356","India","5312","Area harvested","01213","Cauliflowers and broccoli","2021","2021","ha","473000","A","Official value",""
"QCL","Crops and livestock products","356","India","5412","Yield","01213","Cauliflowers and broccoli","2021","2021","kg/ha","19503.2","A","Official value",""
"QCL","Crops and livestock products","356","India","5510","Production","01213","Cauliflowers and broccoli","2021","2021","t","9225000","A","Official value",""
"QCL","Crops and livestock products","356","India","5312","Area harvested","01213","Cauliflowers and broccoli","2022","2022","ha","481000","A","Official value",""
"QCL","Crops and livestock products","356","India","5412","Yield","01213","Cauliflowers and broccoli","2022","2022","kg/ha","19887.7","A","Official value",""
"QCL","Crops and livestock products","356","India","5510","Production","01213","Cauliflowers and broccoli","2022","2022","t","9566000","A","Official value",""
"QCL","Crops and livestock products","356","India","5312","Area harvested","01213","Cauliflowers and broccoli","2023","2023","ha","491000","A","Official value",""
"QCL","Crops and livestock products","356","India","5412","Yield","01213","Cauliflowers and broccoli","2023","2023","kg/ha","19446","A","Official value",""
"QCL","Crops and livestock products","356","India","5510","Production","01213","Cauliflowers and broccoli","2023","2023","t","9548000","A","Official value",""
"QCL","Crops and livestock products","356","India","5312","Area harvested","01213","Cauliflowers and broccoli","2024","2024","ha","507297","A","Official value",""
"QCL","Crops and livestock products","356","India","5412","Yield","01213","Cauliflowers and broccoli","2024","2024","kg/ha","19306.9","A","Official value",""
"QCL","Crops and livestock products","356","India","5510","Production","01213","Cauliflowers and broccoli","2024","2024","t","9794357","A","Official value",""
"QCL","Crops and livestock products","356","India","5312","Area harvested","01344.02","Cherries","2015","2015","ha","3599","I","Value imputed by a receiving agency",""
"QCL","Crops and livestock products","356","India","5412","Yield","01344.02","Cherries","2015","2015","kg/ha","3041.1","E","Estimated value",""
"QCL","Crops and livestock products","356","India","5510","Production","01344.02","Cherries","2015","2015","t","10945.25","I","Value imputed by a receiving agency",""
"QCL","Crops and livestock products","356","India","5312","Area harvested","01344.02","Cherries","2016","2016","ha","3466","E","Estimated value",""
"QCL","Crops and livestock products","356","India","5412","Yield","01344.02","Cherries","2016","2016","kg/ha","3028.2","E","Estimated value",""
"QCL","Crops and livestock products","356","India","5510","Production","01344.02","Cherries","2016","2016","t","10496.9","E","Estimated value",""
"QCL","Crops and livestock products","356","India","5312","Area harvested","01344.02","Cherries","2017","2017","ha","3377","I","Value imputed by a receiving agency",""
"QCL","Crops and livestock products","356","India","5412","Yield","01344.02","Cherries","2017","2017","kg/ha","3047.3","E","Estimated value",""
"QCL","Crops and livestock products","356","India","5510","Production","01344.02","Cherries","2017","2017","t","10289.08","I","Value imputed by a receiving agency",""
"QCL","Crops and livestock products","356","India","5312","Area harvested","01344.02","Cherries","2018","2018","ha","3481","E","Estimated value",""
"QCL","Crops and livestock products","356","India","5412","Yield","01344.02","Cherries","2018","2018","kg/ha","2918.6","E","Estimated value",""
"QCL","Crops and livestock products","356","India","5510","Production","01344.02","Cherries","2018","2018","t","10158.78","I","Value imputed by a receiving agency",""
"QCL","Crops and livestock products","356","India","5312","Area harvested","01344.02","Cherries","2019","2019","ha","3425","I","Value imputed by a receiving agency",""
"QCL","Crops and livestock products","356","India","5412","Yield","01344.02","Cherries","2019","2019","kg/ha","2947.9","E","Estimated value",""
"QCL","Crops and livestock products","356","India","5510","Production","01344.02","Cherries","2019","2019","t","10096.92","I","Value imputed by a receiving agency",""
"QCL","Crops and livestock products","356","India","5312","Area harvested","01344.02","Cherries","2020","2020","ha","3378","I","Value imputed by a receiving agency",""
"QCL","Crops and livestock products","356","India","5412","Yield","01344.02","Cherries","2020","2020","kg/ha","2992.5","E","Estimated value",""
"QCL","Crops and livestock products","356","India","5510","Production","01344.02","Cherries","2020","2020","t","10108.01","I","Value imputed by a receiving agency",""
"QCL","Crops and livestock products","356","India","5312","Area harvested","01344.02","Cherries","2021","2021","ha","3428","E","Estimated value",""
"QCL","Crops and livestock products","356","India","5412","Yield","01344.02","Cherries","2021","2021","kg/ha","2952.6","E","Estimated value",""
"QCL","Crops and livestock products","356","India","5510","Production","01344.02","Cherries","2021","2021","t","10121.24","E","Estimated value",""
"QCL","Crops and livestock products","356","India","5312","Area harvested","01344.02","Cherries","2022","2022","ha","3410","E","Estimated value",""
"QCL","Crops and livestock products","356","India","5412","Yield","01344.02","Cherries","2022","2022","kg/ha","2964.2","E","Estimated value",""
"QCL","Crops and livestock products","356","India","5510","Production","01344.02","Cherries","2022","2022","t","10108.72","E","Estimated value",""
"QCL","Crops and livestock products","356","India","5312","Area harvested","01344.02","Cherries","2023","2023","ha","3405","E","Estimated value",""
"QCL","Crops and livestock products","356","India","5412","Yield","01344.02","Cherries","2023","2023","kg/ha","2969.7","E","Estimated value",""
"QCL","Crops and livestock products","356","India","5510","Production","01344.02","Cherries","2023","2023","t","10112.66","E","Estimated value",""
"QCL","Crops and livestock products","356","India","5312","Area harvested","01344.02","Cherries","2024","2024","ha","3414","E","Estimated value",""
"QCL","Crops and livestock products","356","India","5412","Yield","01344.02","Cherries","2024","2024","kg/ha","2962.2","E","Estimated value",""
"QCL","Crops and livestock products","356","India","5510","Production","01344.02","Cherries","2024","2024","t","10114.21","E","Estimated value",""
"QCL","Crops and livestock products","356","India","5312","Area harvested","01703","Chick peas, dry","2015","2015","ha","8251000","A","Official value",""
"QCL","Crops and livestock products","356","India","5412","Yield","01703","Chick peas, dry","2015","2015","kg/ha","888.6","A","Official value",""
"QCL","Crops and livestock products","356","India","5510","Production","01703","Chick peas, dry","2015","2015","t","7332000","A","Official value",""
"QCL","Crops and livestock products","356","India","5312","Area harvested","01703","Chick peas, dry","2016","2016","ha","8399000","A","Official value",""
"QCL","Crops and livestock products","356","India","5412","Yield","01703","Chick peas, dry","2016","2016","kg/ha","840.3","A","Official value",""
"QCL","Crops and livestock products","356","India","5510","Production","01703","Chick peas, dry","2016","2016","t","7058000","A","Official value",""
"QCL","Crops and livestock products","356","India","5312","Area harvested","01703","Chick peas, dry","2017","2017","ha","9626160","A","Official value",""
"QCL","Crops and livestock products","356","India","5412","Yield","01703","Chick peas, dry","2017","2017","kg/ha","974.2","A","Official value",""
"QCL","Crops and livestock products","356","India","5510","Production","01703","Chick peas, dry","2017","2017","t","9377560","A","Official value",""
"QCL","Crops and livestock products","356","India","5312","Area harvested","01703","Chick peas, dry","2018","2018","ha","10560430","A","Official value",""
"QCL","Crops and livestock products","356","India","5412","Yield","01703","Chick peas, dry","2018","2018","kg/ha","1077.5","A","Official value",""
"QCL","Crops and livestock products","356","India","5510","Production","01703","Chick peas, dry","2018","2018","t","11379190","A","Official value",""
"QCL","Crops and livestock products","356","India","5312","Area harvested","01703","Chick peas, dry","2019","2019","ha","9547030","A","Official value",""
"QCL","Crops and livestock products","356","India","5412","Yield","01703","Chick peas, dry","2019","2019","kg/ha","1041","A","Official value",""
"QCL","Crops and livestock products","356","India","5510","Production","01703","Chick peas, dry","2019","2019","t","9937990","A","Official value",""
"QCL","Crops and livestock products","356","India","5312","Area harvested","01703","Chick peas, dry","2020","2020","ha","9698750","A","Official value",""
"QCL","Crops and livestock products","356","India","5412","Yield","01703","Chick peas, dry","2020","2020","kg/ha","1142.3","A","Official value",""
"QCL","Crops and livestock products","356","India","5510","Production","01703","Chick peas, dry","2020","2020","t","11078500","A","Official value",""
"QCL","Crops and livestock products","356","India","5312","Area harvested","01703","Chick peas, dry","2021","2021","ha","9995920","A","Official value",""
"QCL","Crops and livestock products","356","India","5412","Yield","01703","Chick peas, dry","2021","2021","kg/ha","1191.6","A","Official value",""
"QCL","Crops and livestock products","356","India","5510","Production","01703","Chick peas, dry","2021","2021","t","11911180","A","Official value",""
"QCL","Crops and livestock products","356","India","5312","Area harvested","01703","Chick peas, dry","2022","2022","ha","10740100","A","Official value",""
"QCL","Crops and livestock products","356","India","5412","Yield","01703","Chick peas, dry","2022","2022","kg/ha","1261","A","Official value",""
"QCL","Crops and livestock products","356","India","5510","Production","01703","Chick peas, dry","2022","2022","t","13543630","A","Official value",""
"QCL","Crops and livestock products","356","India","5312","Area harvested","01703","Chick peas, dry","2023","2023","ha","10470862","A","Official value",""
"QCL","Crops and livestock products","356","India","5412","Yield","01703","Chick peas, dry","2023","2023","kg/ha","1171.6","A","Official value",""
"QCL","Crops and livestock products","356","India","5510","Production","01703","Chick peas, dry","2023","2023","t","12267289.55","A","Official value",""
"QCL","Crops and livestock products","356","India","5312","Area harvested","01703","Chick peas, dry","2024","2024","ha","9587498","A","Official value",""
"QCL","Crops and livestock products","356","India","5412","Yield","01703","Chick peas, dry","2024","2024","kg/ha","1151.4","A","Official value",""
"QCL","Crops and livestock products","356","India","5510","Production","01703","Chick peas, dry","2024","2024","t","11038755.76","A","Official value",""
"QCL","Crops and livestock products","356","India","5312","Area harvested","01652","Chillies and peppers, dry (Capsicum spp., Pimenta spp.), raw","2015","2015","ha","761000","A","Official value",""
"QCL","Crops and livestock products","356","India","5412","Yield","01652","Chillies and peppers, dry (Capsicum spp., Pimenta spp.), raw","2015","2015","kg/ha","2109.1","A","Official value",""
"QCL","Crops and livestock products","356","India","5510","Production","01652","Chillies and peppers, dry (Capsicum spp., Pimenta spp.), raw","2015","2015","t","1605000","A","Official value",""
"QCL","Crops and livestock products","356","India","5312","Area harvested","01652","Chillies and peppers, dry (Capsicum spp., Pimenta spp.), raw","2016","2016","ha","811140","A","Official value",""
"QCL","Crops and livestock products","356","India","5412","Yield","01652","Chillies and peppers, dry (Capsicum spp., Pimenta spp.), raw","2016","2016","kg/ha","1874.4","A","Official value",""
"QCL","Crops and livestock products","356","India","5510","Production","01652","Chillies and peppers, dry (Capsicum spp., Pimenta spp.), raw","2016","2016","t","1520390","A","Official value",""
"QCL","Crops and livestock products","356","India","5312","Area harvested","01652","Chillies and peppers, dry (Capsicum spp., Pimenta spp.), raw","2017","2017","ha","840000","A","Official value",""
"QCL","Crops and livestock products","356","India","5412","Yield","01652","Chillies and peppers, dry (Capsicum spp., Pimenta spp.), raw","2017","2017","kg/ha","2495.2","A","Official value",""
"QCL","Crops and livestock products","356","India","5510","Production","01652","Chillies and peppers, dry (Capsicum spp., Pimenta spp.), raw","2017","2017","t","2096000","A","Official value",""
"QCL","Crops and livestock products","356","India","5312","Area harvested","01652","Chillies and peppers, dry (Capsicum spp., Pimenta spp.), raw","2018","2018","ha","752000","A","Official value",""
"QCL","Crops and livestock products","356","India","5412","Yield","01652","Chillies and peppers, dry (Capsicum spp., Pimenta spp.), raw","2018","2018","kg/ha","2857.7","A","Official value",""
"QCL","Crops and livestock products","356","India","5510","Production","01652","Chillies and peppers, dry (Capsicum spp., Pimenta spp.), raw","2018","2018","t","2149000","A","Official value",""
"QCL","Crops and livestock products","356","India","5312","Area harvested","01652","Chillies and peppers, dry (Capsicum spp., Pimenta spp.), raw","2019","2019","ha","780000","A","Official value",""
"QCL","Crops and livestock products","356","India","5412","Yield","01652","Chillies and peppers, dry (Capsicum spp., Pimenta spp.), raw","2019","2019","kg/ha","2234.6","A","Official value",""
"QCL","Crops and livestock products","356","India","5510","Production","01652","Chillies and peppers, dry (Capsicum spp., Pimenta spp.), raw","2019","2019","t","1743000","A","Official value",""
"QCL","Crops and livestock products","356","India","5312","Area harvested","01652","Chillies and peppers, dry (Capsicum spp., Pimenta spp.), raw","2020","2020","ha","626000","A","Official value",""
"QCL","Crops and livestock products","356","India","5412","Yield","01652","Chillies and peppers, dry (Capsicum spp., Pimenta spp.), raw","2020","2020","kg/ha","2931.3","A","Official value",""
"QCL","Crops and livestock products","356","India","5510","Production","01652","Chillies and peppers, dry (Capsicum spp., Pimenta spp.), raw","2020","2020","t","1835000","A","Official value",""
"QCL","Crops and livestock products","356","India","5312","Area harvested","01652","Chillies and peppers, dry (Capsicum spp., Pimenta spp.), raw","2021","2021","ha","702000","A","Official value",""
"QCL","Crops and livestock products","356","India","5412","Yield","01652","Chillies and peppers, dry (Capsicum spp., Pimenta spp.), raw","2021","2021","kg/ha","2918.8","A","Official value",""
"QCL","Crops and livestock products","356","India","5510","Production","01652","Chillies and peppers, dry (Capsicum spp., Pimenta spp.), raw","2021","2021","t","2049000","A","Official value",""
"QCL","Crops and livestock products","356","India","5312","Area harvested","01652","Chillies and peppers, dry (Capsicum spp., Pimenta spp.), raw","2022","2022","ha","678000","A","Official value",""
"QCL","Crops and livestock products","356","India","5412","Yield","01652","Chillies and peppers, dry (Capsicum spp., Pimenta spp.), raw","2022","2022","kg/ha","2764","A","Official value",""
"QCL","Crops and livestock products","356","India","5510","Production","01652","Chillies and peppers, dry (Capsicum spp., Pimenta spp.), raw","2022","2022","t","1874000","A","Official value",""
"QCL","Crops and livestock products","356","India","5312","Area harvested","01652","Chillies and peppers, dry (Capsicum spp., Pimenta spp.), raw","2023","2023","ha","852000","A","Official value",""
"QCL","Crops and livestock products","356","India","5412","Yield","01652","Chillies and peppers, dry (Capsicum spp., Pimenta spp.), raw","2023","2023","kg/ha","3265.3","A","Official value",""
"QCL","Crops and livestock products","356","India","5510","Production","01652","Chillies and peppers, dry (Capsicum spp., Pimenta spp.), raw","2023","2023","t","2782000","A","Official value",""
"QCL","Crops and livestock products","356","India","5312","Area harvested","01652","Chillies and peppers, dry (Capsicum spp., Pimenta spp.), raw","2024","2024","ha","965612","A","Official value",""
"QCL","Crops and livestock products","356","India","5412","Yield","01652","Chillies and peppers, dry (Capsicum spp., Pimenta spp.), raw","2024","2024","kg/ha","3013.5","A","Official value",""
"QCL","Crops and livestock products","356","India","5510","Production","01652","Chillies and peppers, dry (Capsicum spp., Pimenta spp.), raw","2024","2024","t","2909844","A","Official value",""
"QCL","Crops and livestock products","356","India","5312","Area harvested","01231","Chillies and peppers, green (Capsicum spp. and Pimenta spp.)","2015","2015","ha","213000","A","Official value",""
"QCL","Crops and livestock products","356","India","5412","Yield","01231","Chillies and peppers, green (Capsicum spp. and Pimenta spp.)","2015","2015","kg/ha","10239.4","A","Official value",""
"QCL","Crops and livestock products","356","India","5510","Production","01231","Chillies and peppers, green (Capsicum spp. and Pimenta spp.)","2015","2015","t","2181000","A","Official value",""
"QCL","Crops and livestock products","356","India","5312","Area harvested","01231","Chillies and peppers, green (Capsicum spp. and Pimenta spp.)","2016","2016","ha","338009","A","Official value",""
"QCL","Crops and livestock products","356","India","5412","Yield","01231","Chillies and peppers, green (Capsicum spp. and Pimenta spp.)","2016","2016","kg/ha","9597","A","Official value",""
"QCL","Crops and livestock products","356","India","5510","Production","01231","Chillies and peppers, green (Capsicum spp. and Pimenta spp.)","2016","2016","t","3243883.13","A","Official value",""
"QCL","Crops and livestock products","356","India","5312","Area harvested","01231","Chillies and peppers, green (Capsicum spp. and Pimenta spp.)","2017","2017","ha","340291","A","Official value",""
"QCL","Crops and livestock products","356","India","5412","Yield","01231","Chillies and peppers, green (Capsicum spp. and Pimenta spp.)","2017","2017","kg/ha","11578.7","A","Official value",""
"QCL","Crops and livestock products","356","India","5510","Production","01231","Chillies and peppers, green (Capsicum spp. and Pimenta spp.)","2017","2017","t","3940119.5","A","Official value",""
"QCL","Crops and livestock products","356","India","5312","Area harvested","01231","Chillies and peppers, green (Capsicum spp. and Pimenta spp.)","2018","2018","ha","332922","A","Official value",""
"QCL","Crops and livestock products","356","India","5412","Yield","01231","Chillies and peppers, green (Capsicum spp. and Pimenta spp.)","2018","2018","kg/ha","11768.1","A","Official value",""
"QCL","Crops and livestock products","356","India","5510","Production","01231","Chillies and peppers, green (Capsicum spp. and Pimenta spp.)","2018","2018","t","3917850.77","A","Official value",""
"QCL","Crops and livestock products","356","India","5312","Area harvested","01231","Chillies and peppers, green (Capsicum spp. and Pimenta spp.)","2019","2019","ha","410261","A","Official value",""
"QCL","Crops and livestock products","356","India","5412","Yield","01231","Chillies and peppers, green (Capsicum spp. and Pimenta spp.)","2019","2019","kg/ha","10431.5","A","Official value",""
"QCL","Crops and livestock products","356","India","5510","Production","01231","Chillies and peppers, green (Capsicum spp. and Pimenta spp.)","2019","2019","t","4279648.92","A","Official value",""
"QCL","Crops and livestock products","356","India","5312","Area harvested","01231","Chillies and peppers, green (Capsicum spp. and Pimenta spp.)","2020","2020","ha","421239","A","Official value",""
"QCL","Crops and livestock products","356","India","5412","Yield","01231","Chillies and peppers, green (Capsicum spp. and Pimenta spp.)","2020","2020","kg/ha","11045.9","A","Official value",""
"QCL","Crops and livestock products","356","India","5510","Production","01231","Chillies and peppers, green (Capsicum spp. and Pimenta spp.)","2020","2020","t","4652962.58","A","Official value",""
"QCL","Crops and livestock products","356","India","5312","Area harvested","01231","Chillies and peppers, green (Capsicum spp. and Pimenta spp.)","2021","2021","ha","448055","A","Official value",""
"QCL","Crops and livestock products","356","India","5412","Yield","01231","Chillies and peppers, green (Capsicum spp. and Pimenta spp.)","2021","2021","kg/ha","10994.5","A","Official value",""
"QCL","Crops and livestock products","356","India","5510","Production","01231","Chillies and peppers, green (Capsicum spp. and Pimenta spp.)","2021","2021","t","4926144.35","A","Official value",""
"QCL","Crops and livestock products","356","India","5312","Area harvested","01231","Chillies and peppers, green (Capsicum spp. and Pimenta spp.)","2022","2022","ha","464762","A","Official value",""
"QCL","Crops and livestock products","356","India","5412","Yield","01231","Chillies and peppers, green (Capsicum spp. and Pimenta spp.)","2022","2022","kg/ha","11413.9","A","Official value",""
"QCL","Crops and livestock products","356","India","5510","Production","01231","Chillies and peppers, green (Capsicum spp. and Pimenta spp.)","2022","2022","t","5304769","A","Official value",""
"QCL","Crops and livestock products","356","India","5312","Area harvested","01231","Chillies and peppers, green (Capsicum spp. and Pimenta spp.)","2023","2023","ha","453889","A","Official value",""
"QCL","Crops and livestock products","356","India","5412","Yield","01231","Chillies and peppers, green (Capsicum spp. and Pimenta spp.)","2023","2023","kg/ha","11364.2","A","Official value",""
"QCL","Crops and livestock products","356","India","5510","Production","01231","Chillies and peppers, green (Capsicum spp. and Pimenta spp.)","2023","2023","t","5158084","A","Official value",""
"QCL","Crops and livestock products","356","India","5312","Area harvested","01231","Chillies and peppers, green (Capsicum spp. and Pimenta spp.)","2024","2024","ha","479679","A","Official value",""
"QCL","Crops and livestock products","356","India","5412","Yield","01231","Chillies and peppers, green (Capsicum spp. and Pimenta spp.)","2024","2024","kg/ha","11086.6","A","Official value",""
"QCL","Crops and livestock products","356","India","5510","Production","01231","Chillies and peppers, green (Capsicum spp. and Pimenta spp.)","2024","2024","t","5317989.29","A","Official value",""
"QCL","Crops and livestock products","356","India","5312","Area harvested","01640","Cocoa beans","2015","2015","ha","78000","A","Official value",""
"QCL","Crops and livestock products","356","India","5412","Yield","01640","Cocoa beans","2015","2015","kg/ha","205.1","A","Official value",""
"QCL","Crops and livestock products","356","India","5510","Production","01640","Cocoa beans","2015","2015","t","16000","A","Official value",""
"QCL","Crops and livestock products","356","India","5312","Area harvested","01640","Cocoa beans","2016","2016","ha","81000","A","Official value",""
"QCL","Crops and livestock products","356","India","5412","Yield","01640","Cocoa beans","2016","2016","kg/ha","209.9","A","Official value",""
"QCL","Crops and livestock products","356","India","5510","Production","01640","Cocoa beans","2016","2016","t","17000","A","Official value",""
"QCL","Crops and livestock products","356","India","5312","Area harvested","01640","Cocoa beans","2017","2017","ha","83000","A","Official value",""
"QCL","Crops and livestock products","356","India","5412","Yield","01640","Cocoa beans","2017","2017","kg/ha","228.9","A","Official value",""
"QCL","Crops and livestock products","356","India","5510","Production","01640","Cocoa beans","2017","2017","t","19000","A","Official value",""
"QCL","Crops and livestock products","356","India","5312","Area harvested","01640","Cocoa beans","2018","2018","ha","89000","A","Official value",""
"QCL","Crops and livestock products","356","India","5412","Yield","01640","Cocoa beans","2018","2018","kg/ha","224.7","A","Official value",""
"QCL","Crops and livestock products","356","India","5510","Production","01640","Cocoa beans","2018","2018","t","20000","A","Official value",""
"QCL","Crops and livestock products","356","India","5312","Area harvested","01640","Cocoa beans","2019","2019","ha","94000","A","Official value",""
"QCL","Crops and livestock products","356","India","5412","Yield","01640","Cocoa beans","2019","2019","kg/ha","255.3","A","Official value",""
"QCL","Crops and livestock products","356","India","5510","Production","01640","Cocoa beans","2019","2019","t","24000","A","Official value",""
"QCL","Crops and livestock products","356","India","5312","Area harvested","01640","Cocoa beans","2020","2020","ha","98000","A","Official value",""
"QCL","Crops and livestock products","356","India","5412","Yield","01640","Cocoa beans","2020","2020","kg/ha","265.3","A","Official value",""
"QCL","Crops and livestock products","356","India","5510","Production","01640","Cocoa beans","2020","2020","t","26000","A","Official value",""
"QCL","Crops and livestock products","356","India","5312","Area harvested","01640","Cocoa beans","2021","2021","ha","103000","A","Official value",""
"QCL","Crops and livestock products","356","India","5412","Yield","01640","Cocoa beans","2021","2021","kg/ha","262.1","A","Official value",""
"QCL","Crops and livestock products","356","India","5510","Production","01640","Cocoa beans","2021","2021","t","27000","A","Official value",""
"QCL","Crops and livestock products","356","India","5312","Area harvested","01640","Cocoa beans","2022","2022","ha","106000","A","Official value",""
"QCL","Crops and livestock products","356","India","5412","Yield","01640","Cocoa beans","2022","2022","kg/ha","264.2","A","Official value",""
"QCL","Crops and livestock products","356","India","5510","Production","01640","Cocoa beans","2022","2022","t","28000","A","Official value",""
"QCL","Crops and livestock products","356","India","5312","Area harvested","01640","Cocoa beans","2023","2023","ha","109000","A","Official value",""
"QCL","Crops and livestock products","356","India","5412","Yield","01640","Cocoa beans","2023","2023","kg/ha","275.2","A","Official value",""
"QCL","Crops and livestock products","356","India","5510","Production","01640","Cocoa beans","2023","2023","t","30000","A","Official value",""
"QCL","Crops and livestock products","356","India","5312","Area harvested","01640","Cocoa beans","2024","2024","ha","111036","A","Official value",""
"QCL","Crops and livestock products","356","India","5412","Yield","01640","Cocoa beans","2024","2024","kg/ha","273.7","A","Official value",""
"QCL","Crops and livestock products","356","India","5510","Production","01640","Cocoa beans","2024","2024","t","30388","A","Official value",""
"QCL","Crops and livestock products","356","India","5312","Area harvested","01460","Coconuts, in shell","2015","2015","ha","2088500","A","Official value",""
"QCL","Crops and livestock products","356","India","5412","Yield","01460","Coconuts, in shell","2015","2015","kg/ha","5367.3","A","Official value",""
"QCL","Crops and livestock products","356","India","5510","Production","01460","Coconuts, in shell","2015","2015","t","11209641","A","Official value",""
"QCL","Crops and livestock products","356","India","5312","Area harvested","01460","Coconuts, in shell","2016","2016","ha","2082000","A","Official value",""
"QCL","Crops and livestock products","356","India","5412","Yield","01460","Coconuts, in shell","2016","2016","kg/ha","5448.8","A","Official value",""
"QCL","Crops and livestock products","356","India","5510","Production","01460","Coconuts, in shell","2016","2016","t","11344306","A","Official value",""
"QCL","Crops and livestock products","356","India","5312","Area harvested","01460","Coconuts, in shell","2017","2017","ha","2081000","A","Official value",""
"QCL","Crops and livestock products","356","India","5412","Yield","01460","Coconuts, in shell","2017","2017","kg/ha","5366.1","A","Official value",""
"QCL","Crops and livestock products","356","India","5510","Production","01460","Coconuts, in shell","2017","2017","t","11166772","A","Official value",""
"QCL","Crops and livestock products","356","India","5312","Area harvested","01460","Coconuts, in shell","2018","2018","ha","2097000","A","Official value",""
"QCL","Crops and livestock products","356","India","5412","Yield","01460","Coconuts, in shell","2018","2018","kg/ha","7826.9","A","Official value",""
"QCL","Crops and livestock products","356","India","5510","Production","01460","Coconuts, in shell","2018","2018","t","16413000","A","Official value",""
"QCL","Crops and livestock products","356","India","5312","Area harvested","01460","Coconuts, in shell","2019","2019","ha","2151000","A","Official value",""
"QCL","Crops and livestock products","356","India","5412","Yield","01460","Coconuts, in shell","2019","2019","kg/ha","6825.7","A","Official value",""
"QCL","Crops and livestock products","356","India","5510","Production","01460","Coconuts, in shell","2019","2019","t","14682000","A","Official value",""
"QCL","Crops and livestock products","356","India","5312","Area harvested","01460","Coconuts, in shell","2020","2020","ha","2173000","A","Official value",""
"QCL","Crops and livestock products","356","India","5412","Yield","01460","Coconuts, in shell","2020","2020","kg/ha","6445.5","A","Official value",""
"QCL","Crops and livestock products","356","India","5510","Production","01460","Coconuts, in shell","2020","2020","t","14006000","A","Official value",""
"QCL","Crops and livestock products","356","India","5312","Area harvested","01460","Coconuts, in shell","2021","2021","ha","2199000","A","Official value",""
"QCL","Crops and livestock products","356","India","5412","Yield","01460","Coconuts, in shell","2021","2021","kg/ha","6503.4","A","Official value",""
"QCL","Crops and livestock products","356","India","5510","Production","01460","Coconuts, in shell","2021","2021","t","14301000","A","Official value",""
"QCL","Crops and livestock products","356","India","5312","Area harvested","01460","Coconuts, in shell","2022","2022","ha","2154000","A","Official value",""
"QCL","Crops and livestock products","356","India","5412","Yield","01460","Coconuts, in shell","2022","2022","kg/ha","6182.5","A","Official value",""
"QCL","Crops and livestock products","356","India","5510","Production","01460","Coconuts, in shell","2022","2022","t","13317000","A","Official value",""
"QCL","Crops and livestock products","356","India","5312","Area harvested","01460","Coconuts, in shell","2023","2023","ha","2277000","A","Official value",""
"QCL","Crops and livestock products","356","India","5412","Yield","01460","Coconuts, in shell","2023","2023","kg/ha","6220","A","Official value",""
"QCL","Crops and livestock products","356","India","5510","Production","01460","Coconuts, in shell","2023","2023","t","14163000","A","Official value",""
"QCL","Crops and livestock products","356","India","5312","Area harvested","01460","Coconuts, in shell","2024","2024","ha","2165203","A","Official value",""
"QCL","Crops and livestock products","356","India","5412","Yield","01460","Coconuts, in shell","2024","2024","kg/ha","6792.7","A","Official value",""
"QCL","Crops and livestock products","356","India","5510","Production","01460","Coconuts, in shell","2024","2024","t","14707567","A","Official value",""
"QCL","Crops and livestock products","356","India","5312","Area harvested","01610","Coffee, green","2015","2015","ha","423270","A","Official value",""
"QCL","Crops and livestock products","356","India","5412","Yield","01610","Coffee, green","2015","2015","kg/ha","772.6","A","Official value",""
"QCL","Crops and livestock products","356","India","5510","Production","01610","Coffee, green","2015","2015","t","327000","A","Official value",""
"QCL","Crops and livestock products","356","India","5312","Area harvested","01610","Coffee, green","2016","2016","ha","434436","A","Official value",""
"QCL","Crops and livestock products","356","India","5412","Yield","01610","Coffee, green","2016","2016","kg/ha","801","A","Official value",""
"QCL","Crops and livestock products","356","India","5510","Production","01610","Coffee, green","2016","2016","t","348000","A","Official value",""
"QCL","Crops and livestock products","356","India","5312","Area harvested","01610","Coffee, green","2017","2017","ha","449357","A","Official value",""
"QCL","Crops and livestock products","356","India","5412","Yield","01610","Coffee, green","2017","2017","kg/ha","694.3","A","Official value",""
"QCL","Crops and livestock products","356","India","5510","Production","01610","Coffee, green","2017","2017","t","312000","A","Official value",""
"QCL","Crops and livestock products","356","India","5312","Area harvested","01610","Coffee, green","2018","2018","ha","413020","A","Official value",""
"QCL","Crops and livestock products","356","India","5412","Yield","01610","Coffee, green","2018","2018","kg/ha","765.1","A","Official value",""
"QCL","Crops and livestock products","356","India","5510","Production","01610","Coffee, green","2018","2018","t","316000","A","Official value",""
"QCL","Crops and livestock products","356","India","5312","Area harvested","01610","Coffee, green","2019","2019","ha","416741","A","Official value",""
"QCL","Crops and livestock products","356","India","5412","Yield","01610","Coffee, green","2019","2019","kg/ha","766.7","A","Official value",""
"QCL","Crops and livestock products","356","India","5510","Production","01610","Coffee, green","2019","2019","t","319500","A","Official value",""
"QCL","Crops and livestock products","356","India","5312","Area harvested","01610","Coffee, green","2020","2020","ha","418167","A","Official value",""
"QCL","Crops and livestock products","356","India","5412","Yield","01610","Coffee, green","2020","2020","kg/ha","712.6","A","Official value",""
"QCL","Crops and livestock products","356","India","5510","Production","01610","Coffee, green","2020","2020","t","298000","A","Official value",""
"QCL","Crops and livestock products","356","India","5312","Area harvested","01610","Coffee, green","2021","2021","ha","422924","A","Official value",""
"QCL","Crops and livestock products","356","India","5412","Yield","01610","Coffee, green","2021","2021","kg/ha","789.7","A","Official value",""
"QCL","Crops and livestock products","356","India","5510","Production","01610","Coffee, green","2021","2021","t","334000","A","Official value",""
"QCL","Crops and livestock products","356","India","5312","Area harvested","01610","Coffee, green","2022","2022","ha","479669","A","Official value",""
"QCL","Crops and livestock products","356","India","5412","Yield","01610","Coffee, green","2022","2022","kg/ha","733.8","A","Official value",""
"QCL","Crops and livestock products","356","India","5510","Production","01610","Coffee, green","2022","2022","t","352000","A","Official value",""
"QCL","Crops and livestock products","356","India","5312","Area harvested","01610","Coffee, green","2023","2023","ha","489619","A","Official value",""
"QCL","Crops and livestock products","356","India","5412","Yield","01610","Coffee, green","2023","2023","kg/ha","736.3","A","Official value",""
"QCL","Crops and livestock products","356","India","5510","Production","01610","Coffee, green","2023","2023","t","360500","A","Official value",""
"QCL","Crops and livestock products","356","India","5312","Area harvested","01610","Coffee, green","2024","2024","ha","491419","A","Official value",""
"QCL","Crops and livestock products","356","India","5412","Yield","01610","Coffee, green","2024","2024","kg/ha","738.7","A","Official value",""
"QCL","Crops and livestock products","356","India","5510","Production","01610","Coffee, green","2024","2024","t","363000","A","Official value",""
"QCL","Crops and livestock products","356","India","5510","Production","01929.08","Coir, raw","2015","2015","t","560480","X","Value from external organization","Unofficial figure"
"QCL","Crops and livestock products","356","India","5510","Production","01929.08","Coir, raw","2016","2016","t","562432.93","I","Value imputed by a receiving agency",""
"QCL","Crops and livestock products","356","India","5510","Production","01929.08","Coir, raw","2017","2017","t","567349.83","I","Value imputed by a receiving agency",""
"QCL","Crops and livestock products","356","India","5510","Production","01929.08","Coir, raw","2018","2018","t","715735","I","Value imputed by a receiving agency",""
"QCL","Crops and livestock products","356","India","5510","Production","01929.08","Coir, raw","2019","2019","t","867119.69","I","Value imputed by a receiving agency",""
"QCL","Crops and livestock products","356","India","5510","Production","01929.08","Coir, raw","2020","2020","t","1029200","E","Estimated value",""
"QCL","Crops and livestock products","356","India","5510","Production","01929.08","Coir, raw","2021","2021","t","1122000","E","Estimated value",""
"QCL","Crops and livestock products","356","India","5510","Production","01929.08","Coir, raw","2022","2022","t","1211246.92","I","Value imputed by a receiving agency",""
"QCL","Crops and livestock products","356","India","5510","Production","01929.08","Coir, raw","2023","2023","t","984021.06","I","Value imputed by a receiving agency",""
"QCL","Crops and livestock products","356","India","5510","Production","01929.08","Coir, raw","2024","2024","t","1051469.73","I","Value imputed by a receiving agency",""
"QCL","Crops and livestock products","356","India","5312","Area harvested","01232","Cucumbers and gherkins","2015","2015","ha","43000","A","Official value",""
"QCL","Crops and livestock products","356","India","5412","Yield","01232","Cucumbers and gherkins","2015","2015","kg/ha","15767.4","A","Official value",""
"QCL","Crops and livestock products","356","India","5510","Production","01232","Cucumbers and gherkins","2015","2015","t","678000","A","Official value",""
"QCL","Crops and livestock products","356","India","5312","Area harvested","01232","Cucumbers and gherkins","2016","2016","ha","71348","A","Official value",""
"QCL","Crops and livestock products","356","India","5412","Yield","01232","Cucumbers and gherkins","2016","2016","kg/ha","16844.7","A","Official value",""
"QCL","Crops and livestock products","356","India","5510","Production","01232","Cucumbers and gherkins","2016","2016","t","1201839.55","A","Official value",""
"QCL","Crops and livestock products","356","India","5312","Area harvested","01232","Cucumbers and gherkins","2017","2017","ha","73990","A","Official value",""
"QCL","Crops and livestock products","356","India","5412","Yield","01232","Cucumbers and gherkins","2017","2017","kg/ha","15429","A","Official value",""
"QCL","Crops and livestock products","356","India","5510","Production","01232","Cucumbers and gherkins","2017","2017","t","1141594.6","A","Official value",""
"QCL","Crops and livestock products","356","India","5312","Area harvested","01232","Cucumbers and gherkins","2018","2018","ha","82042","A","Official value",""
"QCL","Crops and livestock products","356","India","5412","Yield","01232","Cucumbers and gherkins","2018","2018","kg/ha","15357.3","A","Official value",""
"QCL","Crops and livestock products","356","India","5510","Production","01232","Cucumbers and gherkins","2018","2018","t","1259942.65","A","Official value",""
"QCL","Crops and livestock products","356","India","5312","Area harvested","01232","Cucumbers and gherkins","2019","2019","ha","104582","A","Official value",""
"QCL","Crops and livestock products","356","India","5412","Yield","01232","Cucumbers and gherkins","2019","2019","kg/ha","15187.9","A","Official value",""
"QCL","Crops and livestock products","356","India","5510","Production","01232","Cucumbers and gherkins","2019","2019","t","1588385","A","Official value",""
"QCL","Crops and livestock products","356","India","5312","Area harvested","01232","Cucumbers and gherkins","2020","2020","ha","112026","A","Official value",""
"QCL","Crops and livestock products","356","India","5412","Yield","01232","Cucumbers and gherkins","2020","2020","kg/ha","14781.7","A","Official value",""
"QCL","Crops and livestock products","356","India","5510","Production","01232","Cucumbers and gherkins","2020","2020","t","1655937.3","A","Official value",""
"QCL","Crops and livestock products","356","India","5312","Area harvested","01232","Cucumbers and gherkins","2021","2021","ha","116615","A","Official value",""
"QCL","Crops and livestock products","356","India","5412","Yield","01232","Cucumbers and gherkins","2021","2021","kg/ha","14165.5","A","Official value",""
"QCL","Crops and livestock products","356","India","5510","Production","01232","Cucumbers and gherkins","2021","2021","t","1651915.3","A","Official value",""
"QCL","Crops and livestock products","356","India","5312","Area harvested","01232","Cucumbers and gherkins","2022","2022","ha","119131","A","Official value",""
"QCL","Crops and livestock products","356","India","5412","Yield","01232","Cucumbers and gherkins","2022","2022","kg/ha","14221.4","A","Official value",""
"QCL","Crops and livestock products","356","India","5510","Production","01232","Cucumbers and gherkins","2022","2022","t","1694209","A","Official value",""
"QCL","Crops and livestock products","356","India","5312","Area harvested","01232","Cucumbers and gherkins","2023","2023","ha","127493","A","Official value",""
"QCL","Crops and livestock products","356","India","5412","Yield","01232","Cucumbers and gherkins","2023","2023","kg/ha","13426","A","Official value",""
"QCL","Crops and livestock products","356","India","5510","Production","01232","Cucumbers and gherkins","2023","2023","t","1711715","A","Official value",""
"QCL","Crops and livestock products","356","India","5312","Area harvested","01232","Cucumbers and gherkins","2024","2024","ha","139486","A","Official value",""
"QCL","Crops and livestock products","356","India","5412","Yield","01232","Cucumbers and gherkins","2024","2024","kg/ha","14697.8","A","Official value",""
"QCL","Crops and livestock products","356","India","5510","Production","01232","Cucumbers and gherkins","2024","2024","t","2050135","A","Official value",""
"QCL","Crops and livestock products","356","India","5312","Area harvested","01233","Eggplants (aubergines)","2015","2015","ha","673000","A","Official value",""
"QCL","Crops and livestock products","356","India","5412","Yield","01233","Eggplants (aubergines)","2015","2015","kg/ha","18705.8","A","Official value",""
"QCL","Crops and livestock products","356","India","5510","Production","01233","Eggplants (aubergines)","2015","2015","t","12589000","A","Official value",""
"QCL","Crops and livestock products","356","India","5312","Area harvested","01233","Eggplants (aubergines)","2016","2016","ha","663000","A","Official value",""
"QCL","Crops and livestock products","356","India","5412","Yield","01233","Eggplants (aubergines)","2016","2016","kg/ha","18876.3","A","Official value",""
"QCL","Crops and livestock products","356","India","5510","Production","01233","Eggplants (aubergines)","2016","2016","t","12515000","A","Official value",""
"QCL","Crops and livestock products","356","India","5312","Area harvested","01233","Eggplants (aubergines)","2017","2017","ha","733000","A","Official value",""
"QCL","Crops and livestock products","356","India","5412","Yield","01233","Eggplants (aubergines)","2017","2017","kg/ha","17066.8","A","Official value",""
"QCL","Crops and livestock products","356","India","5510","Production","01233","Eggplants (aubergines)","2017","2017","t","12510000","A","Official value",""
"QCL","Crops and livestock products","356","India","5312","Area harvested","01233","Eggplants (aubergines)","2018","2018","ha","730000","A","Official value",""
"QCL","Crops and livestock products","356","India","5412","Yield","01233","Eggplants (aubergines)","2018","2018","kg/ha","17535.6","A","Official value",""
"QCL","Crops and livestock products","356","India","5510","Production","01233","Eggplants (aubergines)","2018","2018","t","12801000","A","Official value",""
"QCL","Crops and livestock products","356","India","5312","Area harvested","01233","Eggplants (aubergines)","2019","2019","ha","727000","A","Official value",""
"QCL","Crops and livestock products","356","India","5412","Yield","01233","Eggplants (aubergines)","2019","2019","kg/ha","17441.5","A","Official value",""
"QCL","Crops and livestock products","356","India","5510","Production","01233","Eggplants (aubergines)","2019","2019","t","12680000","A","Official value",""
"QCL","Crops and livestock products","356","India","5312","Area harvested","01233","Eggplants (aubergines)","2020","2020","ha","744000","A","Official value",""
"QCL","Crops and livestock products","356","India","5412","Yield","01233","Eggplants (aubergines)","2020","2020","kg/ha","17045.7","A","Official value",""
"QCL","Crops and livestock products","356","India","5510","Production","01233","Eggplants (aubergines)","2020","2020","t","12682000","A","Official value",""
"QCL","Crops and livestock products","356","India","5312","Area harvested","01233","Eggplants (aubergines)","2021","2021","ha","749000","A","Official value",""
"QCL","Crops and livestock products","356","India","5412","Yield","01233","Eggplants (aubergines)","2021","2021","kg/ha","17188.3","A","Official value",""
"QCL","Crops and livestock products","356","India","5510","Production","01233","Eggplants (aubergines)","2021","2021","t","12874000","A","Official value",""
"QCL","Crops and livestock products","356","India","5312","Area harvested","01233","Eggplants (aubergines)","2022","2022","ha","675000","A","Official value",""
"QCL","Crops and livestock products","356","India","5412","Yield","01233","Eggplants (aubergines)","2022","2022","kg/ha","18911.1","A","Official value",""
"QCL","Crops and livestock products","356","India","5510","Production","01233","Eggplants (aubergines)","2022","2022","t","12765000","A","Official value",""
"QCL","Crops and livestock products","356","India","5312","Area harvested","01233","Eggplants (aubergines)","2023","2023","ha","681000","A","Official value",""
"QCL","Crops and livestock products","356","India","5412","Yield","01233","Eggplants (aubergines)","2023","2023","kg/ha","18784.1","A","Official value",""
"QCL","Crops and livestock products","356","India","5510","Production","01233","Eggplants (aubergines)","2023","2023","t","12792000","A","Official value",""
"QCL","Crops and livestock products","356","India","5312","Area harvested","01233","Eggplants (aubergines)","2024","2024","ha","683138","A","Official value",""
"QCL","Crops and livestock products","356","India","5412","Yield","01233","Eggplants (aubergines)","2024","2024","kg/ha","19027.4","A","Official value",""
"QCL","Crops and livestock products","356","India","5510","Production","01233","Eggplants (aubergines)","2024","2024","t","12998367","A","Official value",""
"QCL","Crops and livestock products","356","India","5312","Area harvested","01315","Figs","2015","2015","ha","5649","I","Value imputed by a receiving agency",""
"QCL","Crops and livestock products","356","India","5412","Yield","01315","Figs","2015","2015","kg/ha","2530.3","E","Estimated value",""
"QCL","Crops and livestock products","356","India","5510","Production","01315","Figs","2015","2015","t","14295.15","I","Value imputed by a receiving agency",""
"QCL","Crops and livestock products","356","India","5312","Area harvested","01315","Figs","2016","2016","ha","5650","I","Value imputed by a receiving agency",""
"QCL","Crops and livestock products","356","India","5412","Yield","01315","Figs","2016","2016","kg/ha","2540.7","E","Estimated value",""
"QCL","Crops and livestock products","356","India","5510","Production","01315","Figs","2016","2016","t","14354.24","I","Value imputed by a receiving agency",""
"QCL","Crops and livestock products","356","India","5312","Area harvested","01315","Figs","2017","2017","ha","5667","I","Value imputed by a receiving agency",""
"QCL","Crops and livestock products","356","India","5412","Yield","01315","Figs","2017","2017","kg/ha","2552.3","E","Estimated value",""
"QCL","Crops and livestock products","356","India","5510","Production","01315","Figs","2017","2017","t","14462.78","I","Value imputed by a receiving agency",""
"QCL","Crops and livestock products","356","India","5312","Area harvested","01315","Figs","2018","2018","ha","5691","I","Value imputed by a receiving agency",""
"QCL","Crops and livestock products","356","India","5412","Yield","01315","Figs","2018","2018","kg/ha","2560.8","E","Estimated value",""
"QCL","Crops and livestock products","356","India","5510","Production","01315","Figs","2018","2018","t","14574.59","I","Value imputed by a receiving agency",""
"QCL","Crops and livestock products","356","India","5312","Area harvested","01315","Figs","2019","2019","ha","5716","I","Value imputed by a receiving agency",""
"QCL","Crops and livestock products","356","India","5412","Yield","01315","Figs","2019","2019","kg/ha","2568.9","E","Estimated value",""
"QCL","Crops and livestock products","356","India","5510","Production","01315","Figs","2019","2019","t","14683.16","I","Value imputed by a receiving agency",""
"QCL","Crops and livestock products","356","India","5312","Area harvested","01315","Figs","2020","2020","ha","5758","I","Value imputed by a receiving agency",""
"QCL","Crops and livestock products","356","India","5412","Yield","01315","Figs","2020","2020","kg/ha","2576.1","E","Estimated value",""
"QCL","Crops and livestock products","356","India","5510","Production","01315","Figs","2020","2020","t","14833.44","I","Value imputed by a receiving agency",""
"QCL","Crops and livestock products","356","India","5312","Area harvested","01315","Figs","2021","2021","ha","5900","I","Value imputed by a receiving agency",""
"QCL","Crops and livestock products","356","India","5412","Yield","01315","Figs","2021","2021","kg/ha","2491.1","E","Estimated value",""
"QCL","Crops and livestock products","356","India","5510","Production","01315","Figs","2021","2021","t","14697.07","E","Estimated value",""
"QCL","Crops and livestock products","356","India","5312","Area harvested","01315","Figs","2022","2022","ha","5944","I","Value imputed by a receiving agency",""
"QCL","Crops and livestock products","356","India","5412","Yield","01315","Figs","2022","2022","kg/ha","2479.5","E","Estimated value",""
"QCL","Crops and livestock products","356","India","5510","Production","01315","Figs","2022","2022","t","14737.89","E","Estimated value",""
"QCL","Crops and livestock products","356","India","5312","Area harvested","01315","Figs","2023","2023","ha","5867","E","Estimated value",""
"QCL","Crops and livestock products","356","India","5412","Yield","01315","Figs","2023","2023","kg/ha","2515","E","Estimated value",""
"QCL","Crops and livestock products","356","India","5510","Production","01315","Figs","2023","2023","t","14756.13","E","Estimated value",""
"QCL","Crops and livestock products","356","India","5312","Area harvested","01315","Figs","2024","2024","ha","5904","E","Estimated value",""
"QCL","Crops and livestock products","356","India","5412","Yield","01315","Figs","2024","2024","kg/ha","2495.2","E","Estimated value",""
"QCL","Crops and livestock products","356","India","5510","Production","01315","Figs","2024","2024","t","14730.36","E","Estimated value",""
"QCL","Crops and livestock products","356","India","5312","Area harvested","01657","Ginger, raw","2015","2015","ha","142000","A","Official value",""
"QCL","Crops and livestock products","356","India","5412","Yield","01657","Ginger, raw","2015","2015","kg/ha","5352.1","A","Official value",""
"QCL","Crops and livestock products","356","India","5510","Production","01657","Ginger, raw","2015","2015","t","760000","A","Official value",""
"QCL","Crops and livestock products","356","India","5312","Area harvested","01657","Ginger, raw","2016","2016","ha","165000","A","Official value",""
"QCL","Crops and livestock products","356","India","5412","Yield","01657","Ginger, raw","2016","2016","kg/ha","6721.2","A","Official value",""
"QCL","Crops and livestock products","356","India","5510","Production","01657","Ginger, raw","2016","2016","t","1109000","A","Official value",""
"QCL","Crops and livestock products","356","India","5312","Area harvested","01657","Ginger, raw","2017","2017","ha","168000","A","Official value",""
"QCL","Crops and livestock products","356","India","5412","Yield","01657","Ginger, raw","2017","2017","kg/ha","6369","A","Official value",""
"QCL","Crops and livestock products","356","India","5510","Production","01657","Ginger, raw","2017","2017","t","1070000","A","Official value",""
"QCL","Crops and livestock products","356","India","5312","Area harvested","01657","Ginger, raw","2018","2018","ha","165000","A","Official value",""
"QCL","Crops and livestock products","356","India","5412","Yield","01657","Ginger, raw","2018","2018","kg/ha","10678.8","A","Official value",""
"QCL","Crops and livestock products","356","India","5510","Production","01657","Ginger, raw","2018","2018","t","1762000","A","Official value",""
"QCL","Crops and livestock products","356","India","5312","Area harvested","01657","Ginger, raw","2019","2019","ha","164000","A","Official value",""
"QCL","Crops and livestock products","356","India","5412","Yield","01657","Ginger, raw","2019","2019","kg/ha","10902.4","A","Official value",""
"QCL","Crops and livestock products","356","India","5510","Production","01657","Ginger, raw","2019","2019","t","1788000","A","Official value",""
"QCL","Crops and livestock products","356","India","5312","Area harvested","01657","Ginger, raw","2020","2020","ha","178000","A","Official value",""
"QCL","Crops and livestock products","356","India","5412","Yield","01657","Ginger, raw","2020","2020","kg/ha","10494.4","A","Official value",""
"QCL","Crops and livestock products","356","India","5510","Production","01657","Ginger, raw","2020","2020","t","1868000","A","Official value",""
"QCL","Crops and livestock products","356","India","5312","Area harvested","01657","Ginger, raw","2021","2021","ha","205000","A","Official value",""
"QCL","Crops and livestock products","356","India","5412","Yield","01657","Ginger, raw","2021","2021","kg/ha","10853.7","A","Official value",""
"QCL","Crops and livestock products","356","India","5510","Production","01657","Ginger, raw","2021","2021","t","2225000","A","Official value",""
"QCL","Crops and livestock products","356","India","5312","Area harvested","01657","Ginger, raw","2022","2022","ha","210000","A","Official value",""
"QCL","Crops and livestock products","356","India","5412","Yield","01657","Ginger, raw","2022","2022","kg/ha","11919","A","Official value",""
"QCL","Crops and livestock products","356","India","5510","Production","01657","Ginger, raw","2022","2022","t","2503000","A","Official value",""
"QCL","Crops and livestock products","356","India","5312","Area harvested","01657","Ginger, raw","2023","2023","ha","191000","A","Official value",""
"QCL","Crops and livestock products","356","India","5412","Yield","01657","Ginger, raw","2023","2023","kg/ha","11523.6","A","Official value",""
"QCL","Crops and livestock products","356","India","5510","Production","01657","Ginger, raw","2023","2023","t","2201000","A","Official value",""
"QCL","Crops and livestock products","356","India","5312","Area harvested","01657","Ginger, raw","2024","2024","ha","194243","A","Official value",""
"QCL","Crops and livestock products","356","India","5412","Yield","01657","Ginger, raw","2024","2024","kg/ha","12010.7","A","Official value",""
"QCL","Crops and livestock products","356","India","5510","Production","01657","Ginger, raw","2024","2024","t","2333000","A","Official value",""
"QCL","Crops and livestock products","356","India","5312","Area harvested","01330","Grapes","2015","2015","ha","120000","A","Official value",""
"QCL","Crops and livestock products","356","India","5412","Yield","01330","Grapes","2015","2015","kg/ha","21683.3","A","Official value",""
"QCL","Crops and livestock products","356","India","5510","Production","01330","Grapes","2015","2015","t","2602000","A","Official value",""
"QCL","Crops and livestock products","356","India","5312","Area harvested","01330","Grapes","2016","2016","ha","122000","A","Official value",""
"QCL","Crops and livestock products","356","India","5412","Yield","01330","Grapes","2016","2016","kg/ha","21229.5","A","Official value",""
"QCL","Crops and livestock products","356","India","5510","Production","01330","Grapes","2016","2016","t","2590000","A","Official value",""
"QCL","Crops and livestock products","356","India","5312","Area harvested","01330","Grapes","2017","2017","ha","137000","A","Official value",""
"QCL","Crops and livestock products","356","India","5412","Yield","01330","Grapes","2017","2017","kg/ha","21328.5","A","Official value",""
"QCL","Crops and livestock products","356","India","5510","Production","01330","Grapes","2017","2017","t","2922000","A","Official value",""
"QCL","Crops and livestock products","356","India","5312","Area harvested","01330","Grapes","2018","2018","ha","139000","A","Official value",""
"QCL","Crops and livestock products","356","India","5412","Yield","01330","Grapes","2018","2018","kg/ha","21007.2","A","Official value",""
"QCL","Crops and livestock products","356","India","5510","Production","01330","Grapes","2018","2018","t","2920000","A","Official value",""
"QCL","Crops and livestock products","356","India","5312","Area harvested","01330","Grapes","2019","2019","ha","140000","A","Official value",""
"QCL","Crops and livestock products","356","India","5412","Yield","01330","Grapes","2019","2019","kg/ha","21721.4","A","Official value",""
"QCL","Crops and livestock products","356","India","5510","Production","01330","Grapes","2019","2019","t","3041000","A","Official value",""
"QCL","Crops and livestock products","356","India","5312","Area harvested","01330","Grapes","2020","2020","ha","150000","A","Official value",""
"QCL","Crops and livestock products","356","India","5412","Yield","01330","Grapes","2020","2020","kg/ha","21206.7","A","Official value",""
"QCL","Crops and livestock products","356","India","5510","Production","01330","Grapes","2020","2020","t","3181000","A","Official value",""
"QCL","Crops and livestock products","356","India","5312","Area harvested","01330","Grapes","2021","2021","ha","155000","A","Official value",""
"QCL","Crops and livestock products","356","India","5412","Yield","01330","Grapes","2021","2021","kg/ha","21664.5","A","Official value",""
"QCL","Crops and livestock products","356","India","5510","Production","01330","Grapes","2021","2021","t","3358000","A","Official value",""
"QCL","Crops and livestock products","356","India","5312","Area harvested","01330","Grapes","2022","2022","ha","163000","A","Official value",""
"QCL","Crops and livestock products","356","India","5412","Yield","01330","Grapes","2022","2022","kg/ha","20865","A","Official value",""
"QCL","Crops and livestock products","356","India","5510","Production","01330","Grapes","2022","2022","t","3401000","A","Official value",""
"QCL","Crops and livestock products","356","India","5312","Area harvested","01330","Grapes","2023","2023","ha","169000","A","Official value",""
"QCL","Crops and livestock products","356","India","5412","Yield","01330","Grapes","2023","2023","kg/ha","22130.2","A","Official value",""
"QCL","Crops and livestock products","356","India","5510","Production","01330","Grapes","2023","2023","t","3740000","A","Official value",""
"QCL","Crops and livestock products","356","India","5312","Area harvested","01330","Grapes","2024","2024","ha","179629","A","Official value",""
"QCL","Crops and livestock products","356","India","5412","Yield","01330","Grapes","2024","2024","kg/ha","21735.3","A","Official value",""
"QCL","Crops and livestock products","356","India","5510","Production","01330","Grapes","2024","2024","t","3904287","A","Official value",""
"QCL","Crops and livestock products","356","India","5312","Area harvested","01252","Green garlic","2015","2015","ha","262000","A","Official value",""
"QCL","Crops and livestock products","356","India","5412","Yield","01252","Green garlic","2015","2015","kg/ha","5438.9","A","Official value",""
"QCL","Crops and livestock products","356","India","5510","Production","01252","Green garlic","2015","2015","t","1425000","A","Official value",""
"QCL","Crops and livestock products","356","India","5312","Area harvested","01252","Green garlic","2016","2016","ha","281000","A","Official value",""
"QCL","Crops and livestock products","356","India","5412","Yield","01252","Green garlic","2016","2016","kg/ha","5754.4","A","Official value",""
"QCL","Crops and livestock products","356","India","5510","Production","01252","Green garlic","2016","2016","t","1617000","A","Official value",""
"QCL","Crops and livestock products","356","India","5312","Area harvested","01252","Green garlic","2017","2017","ha","321000","A","Official value",""
"QCL","Crops and livestock products","356","India","5412","Yield","01252","Green garlic","2017","2017","kg/ha","5274.1","A","Official value",""
"QCL","Crops and livestock products","356","India","5510","Production","01252","Green garlic","2017","2017","t","1693000","A","Official value",""
"QCL","Crops and livestock products","356","India","5312","Area harvested","01252","Green garlic","2018","2018","ha","317000","A","Official value",""
"QCL","Crops and livestock products","356","India","5412","Yield","01252","Green garlic","2018","2018","kg/ha","5082","A","Official value",""
"QCL","Crops and livestock products","356","India","5510","Production","01252","Green garlic","2018","2018","t","1611000","A","Official value",""
"QCL","Crops and livestock products","356","India","5312","Area harvested","01252","Green garlic","2019","2019","ha","358000","A","Official value",""
"QCL","Crops and livestock products","356","India","5412","Yield","01252","Green garlic","2019","2019","kg/ha","8128.5","A","Official value",""
"QCL","Crops and livestock products","356","India","5510","Production","01252","Green garlic","2019","2019","t","2910000","A","Official value",""
"QCL","Crops and livestock products","356","India","5312","Area harvested","01252","Green garlic","2020","2020","ha","352000","A","Official value",""
"QCL","Crops and livestock products","356","India","5412","Yield","01252","Green garlic","2020","2020","kg/ha","8309.7","A","Official value",""
"QCL","Crops and livestock products","356","India","5510","Production","01252","Green garlic","2020","2020","t","2925000","A","Official value",""
"QCL","Crops and livestock products","356","India","5312","Area harvested","01252","Green garlic","2021","2021","ha","392000","A","Official value",""
"QCL","Crops and livestock products","356","India","5412","Yield","01252","Green garlic","2021","2021","kg/ha","8137.8","A","Official value",""
"QCL","Crops and livestock products","356","India","5510","Production","01252","Green garlic","2021","2021","t","3190000","A","Official value",""
"QCL","Crops and livestock products","356","India","5312","Area harvested","01252","Green garlic","2022","2022","ha","393000","A","Official value",""
"QCL","Crops and livestock products","356","India","5412","Yield","01252","Green garlic","2022","2022","kg/ha","8162.8","A","Official value",""
"QCL","Crops and livestock products","356","India","5510","Production","01252","Green garlic","2022","2022","t","3208000","A","Official value",""
"QCL","Crops and livestock products","356","India","5312","Area harvested","01252","Green garlic","2023","2023","ha","389000","A","Official value",""
"QCL","Crops and livestock products","356","India","5412","Yield","01252","Green garlic","2023","2023","kg/ha","8524.4","A","Official value",""
"QCL","Crops and livestock products","356","India","5510","Production","01252","Green garlic","2023","2023","t","3316000","A","Official value",""
"QCL","Crops and livestock products","356","India","5312","Area harvested","01252","Green garlic","2024","2024","ha","387000","A","Official value",""
"QCL","Crops and livestock products","356","India","5412","Yield","01252","Green garlic","2024","2024","kg/ha","8369.5","A","Official value",""
"QCL","Crops and livestock products","356","India","5510","Production","01252","Green garlic","2024","2024","t","3239000","A","Official value",""
"QCL","Crops and livestock products","356","India","5312","Area harvested","0142","Groundnuts, excluding shelled","2015","2015","ha","4592970","A","Official value",""
"QCL","Crops and livestock products","356","India","5412","Yield","0142","Groundnuts, excluding shelled","2015","2015","kg/ha","1489","A","Official value",""
"QCL","Crops and livestock products","356","India","5510","Production","0142","Groundnuts, excluding shelled","2015","2015","t","6838734.6","A","Official value",""
"QCL","Crops and livestock products","356","India","5312","Area harvested","0142","Groundnuts, excluding shelled","2016","2016","ha","5336989","A","Official value",""
"QCL","Crops and livestock products","356","India","5412","Yield","0142","Groundnuts, excluding shelled","2016","2016","kg/ha","1389.1","A","Official value",""
"QCL","Crops and livestock products","356","India","5510","Production","0142","Groundnuts, excluding shelled","2016","2016","t","7413461.75","A","Official value",""
"QCL","Crops and livestock products","356","India","5312","Area harvested","0142","Groundnuts, excluding shelled","2017","2017","ha","4901613","A","Official value",""
"QCL","Crops and livestock products","356","India","5412","Yield","0142","Groundnuts, excluding shelled","2017","2017","kg/ha","1838","A","Official value",""
"QCL","Crops and livestock products","356","India","5510","Production","0142","Groundnuts, excluding shelled","2017","2017","t","9009250.45","A","Official value",""
"QCL","Crops and livestock products","356","India","5312","Area harvested","0142","Groundnuts, excluding shelled","2018","2018","ha","4877613","A","Official value",""
"QCL","Crops and livestock products","356","India","5412","Yield","0142","Groundnuts, excluding shelled","2018","2018","kg/ha","1444.2","A","Official value",""
"QCL","Crops and livestock products","356","India","5510","Production","0142","Groundnuts, excluding shelled","2018","2018","t","7044182.42","A","Official value",""
"QCL","Crops and livestock products","356","India","5312","Area harvested","0142","Groundnuts, excluding shelled","2019","2019","ha","4759309","A","Official value",""
"QCL","Crops and livestock products","356","India","5412","Yield","0142","Groundnuts, excluding shelled","2019","2019","kg/ha","2044.2","A","Official value",""
"QCL","Crops and livestock products","356","India","5510","Production","0142","Groundnuts, excluding shelled","2019","2019","t","9729153.53","A","Official value",""
"QCL","Crops and livestock products","356","India","5312","Area harvested","0142","Groundnuts, excluding shelled","2020","2020","ha","5836201","A","Official value",""
"QCL","Crops and livestock products","356","India","5412","Yield","0142","Groundnuts, excluding shelled","2020","2020","kg/ha","1729.1","A","Official value",""
"QCL","Crops and livestock products","356","India","5510","Production","0142","Groundnuts, excluding shelled","2020","2020","t","10091481.06","A","Official value",""
"QCL","Crops and livestock products","356","India","5312","Area harvested","0142","Groundnuts, excluding shelled","2021","2021","ha","5756262","A","Official value",""
"QCL","Crops and livestock products","356","India","5412","Yield","0142","Groundnuts, excluding shelled","2021","2021","kg/ha","1763.3","A","Official value",""
"QCL","Crops and livestock products","356","India","5510","Production","0142","Groundnuts, excluding shelled","2021","2021","t","10150062.65","A","Official value",""
"QCL","Crops and livestock products","356","India","5312","Area harvested","0142","Groundnuts, excluding shelled","2022","2022","ha","5054547","A","Official value",""
"QCL","Crops and livestock products","356","India","5412","Yield","0142","Groundnuts, excluding shelled","2022","2022","kg/ha","2030.3","A","Official value",""
"QCL","Crops and livestock products","356","India","5510","Production","0142","Groundnuts, excluding shelled","2022","2022","t","10262311.03","A","Official value",""
"QCL","Crops and livestock products","356","India","5312","Area harvested","0142","Groundnuts, excluding shelled","2023","2023","ha","4742079","A","Official value",""
"QCL","Crops and livestock products","356","India","5412","Yield","0142","Groundnuts, excluding shelled","2023","2023","kg/ha","2192.1","A","Official value",""
"QCL","Crops and livestock products","356","India","5510","Production","0142","Groundnuts, excluding shelled","2023","2023","t","10395061.13","A","Official value",""
"QCL","Crops and livestock products","356","India","5312","Area harvested","0142","Groundnuts, excluding shelled","2024","2024","ha","5656278","A","Official value",""
"QCL","Crops and livestock products","356","India","5412","Yield","0142","Groundnuts, excluding shelled","2024","2024","kg/ha","2111.9","A","Official value",""
"QCL","Crops and livestock products","356","India","5510","Production","0142","Groundnuts, excluding shelled","2024","2024","t","11945539.43","A","Official value",""
"QCL","Crops and livestock products","356","India","5312","Area harvested","01922.01","Jute, raw or retted","2015","2015","ha","773000","A","Official value",""
"QCL","Crops and livestock products","356","India","5412","Yield","01922.01","Jute, raw or retted","2015","2015","kg/ha","2314.6","A","Official value",""
"QCL","Crops and livestock products","356","India","5510","Production","01922.01","Jute, raw or retted","2015","2015","t","1789200","A","Official value",""
"QCL","Crops and livestock products","356","India","5312","Area harvested","01922.01","Jute, raw or retted","2016","2016","ha","735827","I","Value imputed by a receiving agency",""
"QCL","Crops and livestock products","356","India","5412","Yield","01922.01","Jute, raw or retted","2016","2016","kg/ha","2519.3","E","Estimated value",""
"QCL","Crops and livestock products","356","India","5510","Production","01922.01","Jute, raw or retted","2016","2016","t","1853749.2","I","Value imputed by a receiving agency",""
"QCL","Crops and livestock products","356","India","5312","Area harvested","01922.01","Jute, raw or retted","2017","2017","ha","706070","A","Official value",""
"QCL","Crops and livestock products","356","India","5412","Yield","01922.01","Jute, raw or retted","2017","2017","kg/ha","2659.5","A","Official value",""
"QCL","Crops and livestock products","356","India","5510","Production","01922.01","Jute, raw or retted","2017","2017","t","1877760","A","Official value",""
"QCL","Crops and livestock products","356","India","5312","Area harvested","01922.01","Jute, raw or retted","2018","2018","ha","685750","A","Official value",""
"QCL","Crops and livestock products","356","India","5412","Yield","01922.01","Jute, raw or retted","2018","2018","kg/ha","2517.5","A","Official value",""
"QCL","Crops and livestock products","356","India","5510","Production","01922.01","Jute, raw or retted","2018","2018","t","1726380","A","Official value",""
"QCL","Crops and livestock products","356","India","5312","Area harvested","01922.01","Jute, raw or retted","2019","2019","ha","665300","A","Official value",""
"QCL","Crops and livestock products","356","India","5412","Yield","01922.01","Jute, raw or retted","2019","2019","kg/ha","2569.5","A","Official value",""
"QCL","Crops and livestock products","356","India","5510","Production","01922.01","Jute, raw or retted","2019","2019","t","1709460","A","Official value",""
"QCL","Crops and livestock products","356","India","5312","Area harvested","01922.01","Jute, raw or retted","2020","2020","ha","628390","A","Official value",""
"QCL","Crops and livestock products","356","India","5412","Yield","01922.01","Jute, raw or retted","2020","2020","kg/ha","2706.6","A","Official value",""
"QCL","Crops and livestock products","356","India","5510","Production","01922.01","Jute, raw or retted","2020","2020","t","1700820","A","Official value",""
"QCL","Crops and livestock products","356","India","5312","Area harvested","01922.01","Jute, raw or retted","2021","2021","ha","621860","A","Official value",""
"QCL","Crops and livestock products","356","India","5412","Yield","01922.01","Jute, raw or retted","2021","2021","kg/ha","2591.5","A","Official value",""
"QCL","Crops and livestock products","356","India","5510","Production","01922.01","Jute, raw or retted","2021","2021","t","1611540","A","Official value",""
"QCL","Crops and livestock products","356","India","5312","Area harvested","01922.01","Jute, raw or retted","2022","2022","ha","619083","A","Official value",""
"QCL","Crops and livestock products","356","India","5412","Yield","01922.01","Jute, raw or retted","2022","2022","kg/ha","2468.4","A","Official value",""
"QCL","Crops and livestock products","356","India","5510","Production","01922.01","Jute, raw or retted","2022","2022","t","1528140.63","A","Official value",""
"QCL","Crops and livestock products","356","India","5312","Area harvested","01922.01","Jute, raw or retted","2023","2023","ha","598478","A","Official value",""
"QCL","Crops and livestock products","356","India","5412","Yield","01922.01","Jute, raw or retted","2023","2023","kg/ha","2628","A","Official value",""
"QCL","Crops and livestock products","356","India","5510","Production","01922.01","Jute, raw or retted","2023","2023","t","1572800.93","A","Official value",""
"QCL","Crops and livestock products","356","India","5312","Area harvested","01922.01","Jute, raw or retted","2024","2024","ha","538458","A","Official value",""
"QCL","Crops and livestock products","356","India","5412","Yield","01922.01","Jute, raw or retted","2024","2024","kg/ha","2623","A","Official value",""
"QCL","Crops and livestock products","356","India","5510","Production","01922.01","Jute, raw or retted","2024","2024","t","1412390.45","A","Official value",""
"QCL","Crops and livestock products","356","India","5312","Area harvested","01922.02","Kenaf, and other textile bast fibres, raw or retted","2015","2015","ha","81031","I","Value imputed by a receiving agency",""
"QCL","Crops and livestock products","356","India","5412","Yield","01922.02","Kenaf, and other textile bast fibres, raw or retted","2015","2015","kg/ha","1216.1","E","Estimated value",""
"QCL","Crops and livestock products","356","India","5510","Production","01922.02","Kenaf, and other textile bast fibres, raw or retted","2015","2015","t","98542.99","I","Value imputed by a receiving agency",""
"QCL","Crops and livestock products","356","India","5312","Area harvested","01922.02","Kenaf, and other textile bast fibres, raw or retted","2016","2016","ha","89785","E","Estimated value",""
"QCL","Crops and livestock products","356","India","5412","Yield","01922.02","Kenaf, and other textile bast fibres, raw or retted","2016","2016","kg/ha","1152.7","E","Estimated value",""
"QCL","Crops and livestock products","356","India","5510","Production","01922.02","Kenaf, and other textile bast fibres, raw or retted","2016","2016","t","103492.21","E","Estimated value",""
"QCL","Crops and livestock products","356","India","5312","Area harvested","01922.02","Kenaf, and other textile bast fibres, raw or retted","2017","2017","ha","86381","E","Estimated value",""
"QCL","Crops and livestock products","356","India","5412","Yield","01922.02","Kenaf, and other textile bast fibres, raw or retted","2017","2017","kg/ha","1180.7","E","Estimated value",""
"QCL","Crops and livestock products","356","India","5510","Production","01922.02","Kenaf, and other textile bast fibres, raw or retted","2017","2017","t","101989.62","E","Estimated value",""
"QCL","Crops and livestock products","356","India","5312","Area harvested","01922.02","Kenaf, and other textile bast fibres, raw or retted","2018","2018","ha","85732","E","Estimated value",""
"QCL","Crops and livestock products","356","India","5412","Yield","01922.02","Kenaf, and other textile bast fibres, raw or retted","2018","2018","kg/ha","1182.1","E","Estimated value",""
"QCL","Crops and livestock products","356","India","5510","Production","01922.02","Kenaf, and other textile bast fibres, raw or retted","2018","2018","t","101341.61","E","Estimated value",""
"QCL","Crops and livestock products","356","India","5312","Area harvested","01922.02","Kenaf, and other textile bast fibres, raw or retted","2019","2019","ha","87299","E","Estimated value",""
"QCL","Crops and livestock products","356","India","5412","Yield","01922.02","Kenaf, and other textile bast fibres, raw or retted","2019","2019","kg/ha","1171.5","E","Estimated value",""
"QCL","Crops and livestock products","356","India","5510","Production","01922.02","Kenaf, and other textile bast fibres, raw or retted","2019","2019","t","102274.48","E","Estimated value",""
"QCL","Crops and livestock products","356","India","5312","Area harvested","01922.02","Kenaf, and other textile bast fibres, raw or retted","2020","2020","ha","86471","E","Estimated value",""
"QCL","Crops and livestock products","356","India","5412","Yield","01922.02","Kenaf, and other textile bast fibres, raw or retted","2020","2020","kg/ha","1178.1","E","Estimated value",""
"QCL","Crops and livestock products","356","India","5510","Production","01922.02","Kenaf, and other textile bast fibres, raw or retted","2020","2020","t","101868.57","E","Estimated value",""
"QCL","Crops and livestock products","356","India","5312","Area harvested","01922.02","Kenaf, and other textile bast fibres, raw or retted","2021","2021","ha","86501","E","Estimated value",""
"QCL","Crops and livestock products","356","India","5412","Yield","01922.02","Kenaf, and other textile bast fibres, raw or retted","2021","2021","kg/ha","1177.2","E","Estimated value",""
"QCL","Crops and livestock products","356","India","5510","Production","01922.02","Kenaf, and other textile bast fibres, raw or retted","2021","2021","t","101828.22","E","Estimated value",""
"QCL","Crops and livestock products","356","India","5312","Area harvested","01922.02","Kenaf, and other textile bast fibres, raw or retted","2022","2022","ha","86757","E","Estimated value",""
"QCL","Crops and livestock products","356","India","5412","Yield","01922.02","Kenaf, and other textile bast fibres, raw or retted","2022","2022","kg/ha","1175.6","E","Estimated value",""
"QCL","Crops and livestock products","356","India","5510","Production","01922.02","Kenaf, and other textile bast fibres, raw or retted","2022","2022","t","101990.42","E","Estimated value",""
"QCL","Crops and livestock products","356","India","5312","Area harvested","01922.02","Kenaf, and other textile bast fibres, raw or retted","2023","2023","ha","86576","E","Estimated value",""
"QCL","Crops and livestock products","356","India","5412","Yield","01922.02","Kenaf, and other textile bast fibres, raw or retted","2023","2023","kg/ha","1176.9","E","Estimated value",""
"QCL","Crops and livestock products","356","India","5510","Production","01922.02","Kenaf, and other textile bast fibres, raw or retted","2023","2023","t","101895.74","E","Estimated value",""
"QCL","Crops and livestock products","356","India","5312","Area harvested","01922.02","Kenaf, and other textile bast fibres, raw or retted","2024","2024","ha","86611","E","Estimated value",""
"QCL","Crops and livestock products","356","India","5412","Yield","01922.02","Kenaf, and other textile bast fibres, raw or retted","2024","2024","kg/ha","1176.6","E","Estimated value",""
"QCL","Crops and livestock products","356","India","5510","Production","01922.02","Kenaf, and other textile bast fibres, raw or retted","2024","2024","t","101904.79","E","Estimated value",""
"QCL","Crops and livestock products","356","India","5312","Area harvested","01352","Kiwi fruit","2015","2015","ha","5000","A","Official value",""
"QCL","Crops and livestock products","356","India","5412","Yield","01352","Kiwi fruit","2015","2015","kg/ha","1600","A","Official value",""
"QCL","Crops and livestock products","356","India","5510","Production","01352","Kiwi fruit","2015","2015","t","8000","A","Official value",""
"QCL","Crops and livestock products","356","India","5312","Area harvested","01352","Kiwi fruit","2016","2016","ha","4249","A","Official value",""
"QCL","Crops and livestock products","356","India","5412","Yield","01352","Kiwi fruit","2016","2016","kg/ha","2505.6","A","Official value",""
"QCL","Crops and livestock products","356","India","5510","Production","01352","Kiwi fruit","2016","2016","t","10646.34","A","Official value",""
"QCL","Crops and livestock products","356","India","5312","Area harvested","01352","Kiwi fruit","2017","2017","ha","4189","A","Official value",""
"QCL","Crops and livestock products","356","India","5412","Yield","01352","Kiwi fruit","2017","2017","kg/ha","2862.5","A","Official value",""
"QCL","Crops and livestock products","356","India","5510","Production","01352","Kiwi fruit","2017","2017","t","11991","A","Official value",""
"QCL","Crops and livestock products","356","India","5312","Area harvested","01352","Kiwi fruit","2018","2018","ha","4322","A","Official value",""
"QCL","Crops and livestock products","356","India","5412","Yield","01352","Kiwi fruit","2018","2018","kg/ha","2785.1","A","Official value",""
"QCL","Crops and livestock products","356","India","5510","Production","01352","Kiwi fruit","2018","2018","t","12037","A","Official value",""
"QCL","Crops and livestock products","356","India","5312","Area harvested","01352","Kiwi fruit","2019","2019","ha","4514","A","Official value",""
"QCL","Crops and livestock products","356","India","5412","Yield","01352","Kiwi fruit","2019","2019","kg/ha","2774.9","A","Official value",""
"QCL","Crops and livestock products","356","India","5510","Production","01352","Kiwi fruit","2019","2019","t","12524.61","A","Official value",""
"QCL","Crops and livestock products","356","India","5312","Area harvested","01352","Kiwi fruit","2020","2020","ha","4646","A","Official value",""
"QCL","Crops and livestock products","356","India","5412","Yield","01352","Kiwi fruit","2020","2020","kg/ha","2966.5","A","Official value",""
"QCL","Crops and livestock products","356","India","5510","Production","01352","Kiwi fruit","2020","2020","t","13781.11","A","Official value",""
"QCL","Crops and livestock products","356","India","5312","Area harvested","01352","Kiwi fruit","2021","2021","ha","4874","A","Official value",""
"QCL","Crops and livestock products","356","India","5412","Yield","01352","Kiwi fruit","2021","2021","kg/ha","3271.6","A","Official value",""
"QCL","Crops and livestock products","356","India","5510","Production","01352","Kiwi fruit","2021","2021","t","15946","A","Official value",""
"QCL","Crops and livestock products","356","India","5312","Area harvested","01352","Kiwi fruit","2022","2022","ha","5094","A","Official value",""
"QCL","Crops and livestock products","356","India","5412","Yield","01352","Kiwi fruit","2022","2022","kg/ha","3109.5","A","Official value",""
"QCL","Crops and livestock products","356","India","5510","Production","01352","Kiwi fruit","2022","2022","t","15840","A","Official value",""
"QCL","Crops and livestock products","356","India","5312","Area harvested","01352","Kiwi fruit","2023","2023","ha","5442","A","Official value",""
"QCL","Crops and livestock products","356","India","5412","Yield","01352","Kiwi fruit","2023","2023","kg/ha","3310.2","A","Official value",""
"QCL","Crops and livestock products","356","India","5510","Production","01352","Kiwi fruit","2023","2023","t","18014","A","Official value",""
"QCL","Crops and livestock products","356","India","5312","Area harvested","01352","Kiwi fruit","2024","2024","ha","4342","A","Official value",""
"QCL","Crops and livestock products","356","India","5412","Yield","01352","Kiwi fruit","2024","2024","kg/ha","3991.3","A","Official value",""
"QCL","Crops and livestock products","356","India","5510","Production","01352","Kiwi fruit","2024","2024","t","17330.07","A","Official value",""
"QCL","Crops and livestock products","356","India","5312","Area harvested","01322","Lemons and limes","2015","2015","ha","268000","A","Official value",""
"QCL","Crops and livestock products","356","India","5412","Yield","01322","Lemons and limes","2015","2015","kg/ha","11007.5","A","Official value",""
"QCL","Crops and livestock products","356","India","5510","Production","01322","Lemons and limes","2015","2015","t","2950000","A","Official value",""
"QCL","Crops and livestock products","356","India","5312","Area harvested","01322","Lemons and limes","2016","2016","ha","245000","A","Official value",""
"QCL","Crops and livestock products","356","India","5412","Yield","01322","Lemons and limes","2016","2016","kg/ha","9951","A","Official value",""
"QCL","Crops and livestock products","356","India","5510","Production","01322","Lemons and limes","2016","2016","t","2438000","A","Official value",""
"QCL","Crops and livestock products","356","India","5312","Area harvested","01322","Lemons and limes","2017","2017","ha","248000","A","Official value",""
"QCL","Crops and livestock products","356","India","5412","Yield","01322","Lemons and limes","2017","2017","kg/ha","9532.3","A","Official value",""
"QCL","Crops and livestock products","356","India","5510","Production","01322","Lemons and limes","2017","2017","t","2364000","A","Official value",""
"QCL","Crops and livestock products","356","India","5312","Area harvested","01322","Lemons and limes","2018","2018","ha","286000","A","Official value",""
"QCL","Crops and livestock products","356","India","5412","Yield","01322","Lemons and limes","2018","2018","kg/ha","11007","A","Official value",""
"QCL","Crops and livestock products","356","India","5510","Production","01322","Lemons and limes","2018","2018","t","3148000","A","Official value",""
"QCL","Crops and livestock products","356","India","5312","Area harvested","01322","Lemons and limes","2019","2019","ha","305000","A","Official value",""
"QCL","Crops and livestock products","356","India","5412","Yield","01322","Lemons and limes","2019","2019","kg/ha","11416.4","A","Official value",""
"QCL","Crops and livestock products","356","India","5510","Production","01322","Lemons and limes","2019","2019","t","3482000","A","Official value",""
"QCL","Crops and livestock products","356","India","5312","Area harvested","01322","Lemons and limes","2020","2020","ha","322000","A","Official value",""
"QCL","Crops and livestock products","356","India","5412","Yield","01322","Lemons and limes","2020","2020","kg/ha","11450.3","A","Official value",""
"QCL","Crops and livestock products","356","India","5510","Production","01322","Lemons and limes","2020","2020","t","3687000","A","Official value",""
"QCL","Crops and livestock products","356","India","5312","Area harvested","01322","Lemons and limes","2021","2021","ha","327000","A","Official value",""
"QCL","Crops and livestock products","356","India","5412","Yield","01322","Lemons and limes","2021","2021","kg/ha","10850.2","A","Official value",""
"QCL","Crops and livestock products","356","India","5510","Production","01322","Lemons and limes","2021","2021","t","3548000","A","Official value",""
"QCL","Crops and livestock products","356","India","5312","Area harvested","01322","Lemons and limes","2022","2022","ha","313000","A","Official value",""
"QCL","Crops and livestock products","356","India","5412","Yield","01322","Lemons and limes","2022","2022","kg/ha","12063.9","A","Official value",""
"QCL","Crops and livestock products","356","India","5510","Production","01322","Lemons and limes","2022","2022","t","3776000","A","Official value",""
"QCL","Crops and livestock products","356","India","5312","Area harvested","01322","Lemons and limes","2023","2023","ha","312000","A","Official value",""
"QCL","Crops and livestock products","356","India","5412","Yield","01322","Lemons and limes","2023","2023","kg/ha","12137.8","A","Official value",""
"QCL","Crops and livestock products","356","India","5510","Production","01322","Lemons and limes","2023","2023","t","3787000","A","Official value",""
"QCL","Crops and livestock products","356","India","5312","Area harvested","01322","Lemons and limes","2024","2024","ha","319043","A","Official value",""
"QCL","Crops and livestock products","356","India","5412","Yield","01322","Lemons and limes","2024","2024","kg/ha","12022.6","A","Official value",""
"QCL","Crops and livestock products","356","India","5510","Production","01322","Lemons and limes","2024","2024","t","3835727","A","Official value",""
"QCL","Crops and livestock products","356","India","5312","Area harvested","01704","Lentils, dry","2015","2015","ha","1469000","A","Official value",""
"QCL","Crops and livestock products","356","India","5412","Yield","01704","Lentils, dry","2015","2015","kg/ha","704.6","A","Official value",""
"QCL","Crops and livestock products","356","India","5510","Production","01704","Lentils, dry","2015","2015","t","1035000","A","Official value",""
"QCL","Crops and livestock products","356","India","5312","Area harvested","01704","Lentils, dry","2016","2016","ha","1276000","A","Official value",""
"QCL","Crops and livestock products","356","India","5412","Yield","01704","Lentils, dry","2016","2016","kg/ha","764.9","A","Official value",""
"QCL","Crops and livestock products","356","India","5510","Production","01704","Lentils, dry","2016","2016","t","976000","A","Official value",""
"QCL","Crops and livestock products","356","India","5312","Area harvested","01704","Lentils, dry","2017","2017","ha","1461140","A","Official value",""
"QCL","Crops and livestock products","356","India","5412","Yield","01704","Lentils, dry","2017","2017","kg/ha","837.6","A","Official value",""
"QCL","Crops and livestock products","356","India","5510","Production","01704","Lentils, dry","2017","2017","t","1223850","A","Official value",""
"QCL","Crops and livestock products","356","India","5312","Area harvested","01704","Lentils, dry","2018","2018","ha","1549210","A","Official value",""
"QCL","Crops and livestock products","356","India","5412","Yield","01704","Lentils, dry","2018","2018","kg/ha","1046.9","A","Official value",""
"QCL","Crops and livestock products","356","India","5510","Production","01704","Lentils, dry","2018","2018","t","1621810","A","Official value",""
"QCL","Crops and livestock products","356","India","5312","Area harvested","01704","Lentils, dry","2019","2019","ha","1362720","A","Official value",""
"QCL","Crops and livestock products","356","India","5412","Yield","01704","Lentils, dry","2019","2019","kg/ha","901","A","Official value",""
"QCL","Crops and livestock products","356","India","5510","Production","01704","Lentils, dry","2019","2019","t","1227820","A","Official value",""
"QCL","Crops and livestock products","356","India","5312","Area harvested","01704","Lentils, dry","2020","2020","ha","1302690","A","Official value",""
"QCL","Crops and livestock products","356","India","5412","Yield","01704","Lentils, dry","2020","2020","kg/ha","846.7","A","Official value",""
"QCL","Crops and livestock products","356","India","5510","Production","01704","Lentils, dry","2020","2020","t","1103030","A","Official value",""
"QCL","Crops and livestock products","356","India","5312","Area harvested","01704","Lentils, dry","2021","2021","ha","1468310","A","Official value",""
"QCL","Crops and livestock products","356","India","5412","Yield","01704","Lentils, dry","2021","2021","kg/ha","1017.4","A","Official value",""
"QCL","Crops and livestock products","356","India","5510","Production","01704","Lentils, dry","2021","2021","t","1493850","A","Official value",""
"QCL","Crops and livestock products","356","India","5312","Area harvested","01704","Lentils, dry","2022","2022","ha","1411920","A","Official value",""
"QCL","Crops and livestock products","356","India","5412","Yield","01704","Lentils, dry","2022","2022","kg/ha","898.7","A","Official value",""
"QCL","Crops and livestock products","356","India","5510","Production","01704","Lentils, dry","2022","2022","t","1268830","A","Official value",""
"QCL","Crops and livestock products","356","India","5312","Area harvested","01704","Lentils, dry","2023","2023","ha","1636781","A","Official value",""
"QCL","Crops and livestock products","356","India","5412","Yield","01704","Lentils, dry","2023","2023","kg/ha","952.3","A","Official value",""
"QCL","Crops and livestock products","356","India","5510","Production","01704","Lentils, dry","2023","2023","t","1558636.62","A","Official value",""
"QCL","Crops and livestock products","356","India","5312","Area harvested","01704","Lentils, dry","2024","2024","ha","1742671","A","Official value",""
"QCL","Crops and livestock products","356","India","5412","Yield","01704","Lentils, dry","2024","2024","kg/ha","1028","A","Official value",""
"QCL","Crops and livestock products","356","India","5510","Production","01704","Lentils, dry","2024","2024","t","1791435.76","A","Official value",""
"QCL","Crops and livestock products","356","India","5312","Area harvested","01214","Lettuce and chicory","2015","2015","ha","181630","I","Value imputed by a receiving agency",""
"QCL","Crops and livestock products","356","India","5412","Yield","01214","Lettuce and chicory","2015","2015","kg/ha","6345.2","E","Estimated value",""
"QCL","Crops and livestock products","356","India","5510","Production","01214","Lettuce and chicory","2015","2015","t","1152478.67","I","Value imputed by a receiving agency",""
"QCL","Crops and livestock products","356","India","5312","Area harvested","01214","Lettuce and chicory","2016","2016","ha","174690","E","Estimated value",""
"QCL","Crops and livestock products","356","India","5412","Yield","01214","Lettuce and chicory","2016","2016","kg/ha","6349.5","E","Estimated value",""
"QCL","Crops and livestock products","356","India","5510","Production","01214","Lettuce and chicory","2016","2016","t","1109199.48","E","Estimated value",""
"QCL","Crops and livestock products","356","India","5312","Area harvested","01214","Lettuce and chicory","2017","2017","ha","179113","I","Value imputed by a receiving agency",""
"QCL","Crops and livestock products","356","India","5412","Yield","01214","Lettuce and chicory","2017","2017","kg/ha","6334.8","E","Estimated value",""
"QCL","Crops and livestock products","356","India","5510","Production","01214","Lettuce and chicory","2017","2017","t","1134650.53","I","Value imputed by a receiving agency",""
"QCL","Crops and livestock products","356","India","5312","Area harvested","01214","Lettuce and chicory","2018","2018","ha","181124","I","Value imputed by a receiving agency",""
"QCL","Crops and livestock products","356","India","5412","Yield","01214","Lettuce and chicory","2018","2018","kg/ha","6319.3","E","Estimated value",""
"QCL","Crops and livestock products","356","India","5510","Production","01214","Lettuce and chicory","2018","2018","t","1144583","I","Value imputed by a receiving agency",""
"QCL","Crops and livestock products","356","India","5312","Area harvested","01214","Lettuce and chicory","2019","2019","ha","182759","I","Value imputed by a receiving agency",""
"QCL","Crops and livestock products","356","India","5412","Yield","01214","Lettuce and chicory","2019","2019","kg/ha","6307.7","E","Estimated value",""
"QCL","Crops and livestock products","356","India","5510","Production","01214","Lettuce and chicory","2019","2019","t","1152790.6","I","Value imputed by a receiving agency",""
"QCL","Crops and livestock products","356","India","5312","Area harvested","01214","Lettuce and chicory","2020","2020","ha","184619","I","Value imputed by a receiving agency",""
"QCL","Crops and livestock products","356","India","5412","Yield","01214","Lettuce and chicory","2020","2020","kg/ha","6295.6","E","Estimated value",""
"QCL","Crops and livestock products","356","India","5510","Production","01214","Lettuce and chicory","2020","2020","t","1162290.76","I","Value imputed by a receiving agency",""
"QCL","Crops and livestock products","356","India","5312","Area harvested","01214","Lettuce and chicory","2021","2021","ha","188255","I","Value imputed by a receiving agency",""
"QCL","Crops and livestock products","356","India","5412","Yield","01214","Lettuce and chicory","2021","2021","kg/ha","6298.4","E","Estimated value",""
"QCL","Crops and livestock products","356","India","5510","Production","01214","Lettuce and chicory","2021","2021","t","1185708.24","I","Value imputed by a receiving agency",""
"QCL","Crops and livestock products","356","India","5312","Area harvested","01214","Lettuce and chicory","2022","2022","ha","185211","E","Estimated value",""
"QCL","Crops and livestock products","356","India","5412","Yield","01214","Lettuce and chicory","2022","2022","kg/ha","6300.5","E","Estimated value",""
"QCL","Crops and livestock products","356","India","5510","Production","01214","Lettuce and chicory","2022","2022","t","1166929.86","E","Estimated value",""
"QCL","Crops and livestock products","356","India","5312","Area harvested","01214","Lettuce and chicory","2023","2023","ha","186028","E","Estimated value",""
"QCL","Crops and livestock products","356","India","5412","Yield","01214","Lettuce and chicory","2023","2023","kg/ha","6298.2","E","Estimated value",""
"QCL","Crops and livestock products","356","India","5510","Production","01214","Lettuce and chicory","2023","2023","t","1171642.95","E","Estimated value",""
"QCL","Crops and livestock products","356","India","5312","Area harvested","01214","Lettuce and chicory","2024","2024","ha","186498","E","Estimated value",""
"QCL","Crops and livestock products","356","India","5412","Yield","01214","Lettuce and chicory","2024","2024","kg/ha","6299","E","Estimated value",""
"QCL","Crops and livestock products","356","India","5510","Production","01214","Lettuce and chicory","2024","2024","t","1174760.35","E","Estimated value",""
"QCL","Crops and livestock products","356","India","5312","Area harvested","01441","Linseed","2015","2015","ha","285000","A","Official value",""
"QCL","Crops and livestock products","356","India","5412","Yield","01441","Linseed","2015","2015","kg/ha","543.9","A","Official value",""
"QCL","Crops and livestock products","356","India","5510","Production","01441","Linseed","2015","2015","t","155000","A","Official value",""
"QCL","Crops and livestock products","356","India","5312","Area harvested","01441","Linseed","2016","2016","ha","298000","A","Official value",""
"QCL","Crops and livestock products","356","India","5412","Yield","01441","Linseed","2016","2016","kg/ha","419.5","A","Official value",""
"QCL","Crops and livestock products","356","India","5510","Production","01441","Linseed","2016","2016","t","125000","A","Official value",""
"QCL","Crops and livestock products","356","India","5312","Area harvested","01441","Linseed","2017","2017","ha","325220","A","Official value",""
"QCL","Crops and livestock products","356","India","5412","Yield","01441","Linseed","2017","2017","kg/ha","566.5","A","Official value",""
"QCL","Crops and livestock products","356","India","5510","Production","01441","Linseed","2017","2017","t","184250","A","Official value",""
"QCL","Crops and livestock products","356","India","5312","Area harvested","01441","Linseed","2018","2018","ha","326180","A","Official value",""
"QCL","Crops and livestock products","356","India","5412","Yield","01441","Linseed","2018","2018","kg/ha","532.7","A","Official value",""
"QCL","Crops and livestock products","356","India","5510","Production","01441","Linseed","2018","2018","t","173760","A","Official value",""
"QCL","Crops and livestock products","356","India","5312","Area harvested","01441","Linseed","2019","2019","ha","172710","A","Official value",""
"QCL","Crops and livestock products","356","India","5412","Yield","01441","Linseed","2019","2019","kg/ha","573.6","A","Official value",""
"QCL","Crops and livestock products","356","India","5510","Production","01441","Linseed","2019","2019","t","99070","A","Official value",""
"QCL","Crops and livestock products","356","India","5312","Area harvested","01441","Linseed","2020","2020","ha","179900","A","Official value",""
"QCL","Crops and livestock products","356","India","5412","Yield","01441","Linseed","2020","2020","kg/ha","670.8","A","Official value",""
"QCL","Crops and livestock products","356","India","5510","Production","01441","Linseed","2020","2020","t","120670","A","Official value",""
"QCL","Crops and livestock products","356","India","5312","Area harvested","01441","Linseed","2021","2021","ha","174870","A","Official value",""
"QCL","Crops and livestock products","356","India","5412","Yield","01441","Linseed","2021","2021","kg/ha","636.8","A","Official value",""
"QCL","Crops and livestock products","356","India","5510","Production","01441","Linseed","2021","2021","t","111360","A","Official value",""
"QCL","Crops and livestock products","356","India","5312","Area harvested","01441","Linseed","2022","2022","ha","196900","A","Official value",""
"QCL","Crops and livestock products","356","India","5412","Yield","01441","Linseed","2022","2022","kg/ha","642.1","A","Official value",""
"QCL","Crops and livestock products","356","India","5510","Production","01441","Linseed","2022","2022","t","126420","A","Official value",""
"QCL","Crops and livestock products","356","India","5312","Area harvested","01441","Linseed","2023","2023","ha","238731","A","Official value",""
"QCL","Crops and livestock products","356","India","5412","Yield","01441","Linseed","2023","2023","kg/ha","698.5","A","Official value",""
"QCL","Crops and livestock products","356","India","5510","Production","01441","Linseed","2023","2023","t","166753.17","A","Official value",""
"QCL","Crops and livestock products","356","India","5312","Area harvested","01441","Linseed","2024","2024","ha","174975","A","Official value",""
"QCL","Crops and livestock products","356","India","5412","Yield","01441","Linseed","2024","2024","kg/ha","644","A","Official value",""
"QCL","Crops and livestock products","356","India","5510","Production","01441","Linseed","2024","2024","t","112692.61","A","Official value",""
"QCL","Crops and livestock products","356","India","5312","Area harvested","0112","Maize (corn)","2015","2015","ha","8801813","A","Official value",""
"QCL","Crops and livestock products","356","India","5412","Yield","0112","Maize (corn)","2015","2015","kg/ha","2637.2","A","Official value",""
"QCL","Crops and livestock products","356","India","5510","Production","0112","Maize (corn)","2015","2015","t","23212166.9","A","Official value",""
"QCL","Crops and livestock products","356","India","5312","Area harvested","0112","Maize (corn)","2016","2016","ha","9467938","A","Official value",""
"QCL","Crops and livestock products","356","India","5412","Yield","0112","Maize (corn)","2016","2016","kg/ha","2686.3","A","Official value",""
"QCL","Crops and livestock products","356","India","5510","Production","0112","Maize (corn)","2016","2016","t","25433487.4","A","Official value",""
"QCL","Crops and livestock products","356","India","5312","Area harvested","0112","Maize (corn)","2017","2017","ha","9225196","A","Official value",""
"QCL","Crops and livestock products","356","India","5412","Yield","0112","Maize (corn)","2017","2017","kg/ha","2937.5","A","Official value",""
"QCL","Crops and livestock products","356","India","5510","Production","0112","Maize (corn)","2017","2017","t","27099085.11","A","Official value",""
"QCL","Crops and livestock products","356","India","5312","Area harvested","0112","Maize (corn)","2018","2018","ha","9276951","A","Official value",""
"QCL","Crops and livestock products","356","India","5412","Yield","0112","Maize (corn)","2018","2018","kg/ha","3023.4","A","Official value",""
"QCL","Crops and livestock products","356","India","5510","Production","0112","Maize (corn)","2018","2018","t","28048097.7","A","Official value",""
"QCL","Crops and livestock products","356","India","5312","Area harvested","0112","Maize (corn)","2019","2019","ha","9249478","A","Official value",""
"QCL","Crops and livestock products","356","India","5412","Yield","0112","Maize (corn)","2019","2019","kg/ha","2998.1","A","Official value",""
"QCL","Crops and livestock products","356","India","5510","Production","0112","Maize (corn)","2019","2019","t","27730830.78","A","Official value",""
"QCL","Crops and livestock products","356","India","5312","Area harvested","0112","Maize (corn)","2020","2020","ha","9771598","A","Official value",""
"QCL","Crops and livestock products","356","India","5412","Yield","0112","Maize (corn)","2020","2020","kg/ha","3161.4","A","Official value",""
"QCL","Crops and livestock products","356","India","5510","Production","0112","Maize (corn)","2020","2020","t","30891725.28","A","Official value",""
"QCL","Crops and livestock products","356","India","5312","Area harvested","0112","Maize (corn)","2021","2021","ha","9921097","A","Official value",""
"QCL","Crops and livestock products","356","India","5412","Yield","0112","Maize (corn)","2021","2021","kg/ha","3303.3","A","Official value",""
"QCL","Crops and livestock products","356","India","5510","Production","0112","Maize (corn)","2021","2021","t","32772407.24","A","Official value",""
"QCL","Crops and livestock products","356","India","5312","Area harvested","0112","Maize (corn)","2022","2022","ha","10226318","A","Official value",""
"QCL","Crops and livestock products","356","India","5412","Yield","0112","Maize (corn)","2022","2022","kg/ha","3395.4","A","Official value",""
"QCL","Crops and livestock products","356","India","5510","Production","0112","Maize (corn)","2022","2022","t","34722657.26","A","Official value",""
"QCL","Crops and livestock products","356","India","5312","Area harvested","0112","Maize (corn)","2023","2023","ha","11019656","A","Official value",""
"QCL","Crops and livestock products","356","India","5412","Yield","0112","Maize (corn)","2023","2023","kg/ha","3326.5","A","Official value",""
"QCL","Crops and livestock products","356","India","5510","Production","0112","Maize (corn)","2023","2023","t","36656692.78","A","Official value",""
"QCL","Crops and livestock products","356","India","5312","Area harvested","0112","Maize (corn)","2024","2024","ha","11349065","A","Official value",""
"QCL","Crops and livestock products","356","India","5412","Yield","0112","Maize (corn)","2024","2024","kg/ha","3544.8","A","Official value",""
"QCL","Crops and livestock products","356","India","5510","Production","0112","Maize (corn)","2024","2024","t","40230572.74","A","Official value",""
"QCL","Crops and livestock products","356","India","5312","Area harvested","01316","Mangoes, guavas and mangosteens","2015","2015","ha","2409000","A","Official value",""
"QCL","Crops and livestock products","356","India","5412","Yield","01316","Mangoes, guavas and mangosteens","2015","2015","kg/ha","9348.7","A","Official value",""
"QCL","Crops and livestock products","356","India","5510","Production","01316","Mangoes, guavas and mangosteens","2015","2015","t","22521000","A","Official value",""
"QCL","Crops and livestock products","356","India","5312","Area harvested","01316","Mangoes, guavas and mangosteens","2016","2016","ha","2463430","A","Official value",""
"QCL","Crops and livestock products","356","India","5412","Yield","01316","Mangoes, guavas and mangosteens","2016","2016","kg/ha","9210.9","A","Official value",""
"QCL","Crops and livestock products","356","India","5510","Production","01316","Mangoes, guavas and mangosteens","2016","2016","t","22690327.08","A","Official value",""
"QCL","Crops and livestock products","356","India","5312","Area harvested","01316","Mangoes, guavas and mangosteens","2017","2017","ha","2472308","A","Official value",""
"QCL","Crops and livestock products","356","India","5412","Yield","01316","Mangoes, guavas and mangosteens","2017","2017","kg/ha","9437.6","A","Official value",""
"QCL","Crops and livestock products","356","India","5510","Production","01316","Mangoes, guavas and mangosteens","2017","2017","t","23332591","A","Official value",""
"QCL","Crops and livestock products","356","India","5312","Area harvested","01316","Mangoes, guavas and mangosteens","2018","2018","ha","2527152","A","Official value",""
"QCL","Crops and livestock products","356","India","5412","Yield","01316","Mangoes, guavas and mangosteens","2018","2018","kg/ha","9879.1","A","Official value",""
"QCL","Crops and livestock products","356","India","5510","Production","01316","Mangoes, guavas and mangosteens","2018","2018","t","24965999.18","A","Official value",""
"QCL","Crops and livestock products","356","India","5312","Area harvested","01316","Mangoes, guavas and mangosteens","2019","2019","ha","2572056","A","Official value",""
"QCL","Crops and livestock products","356","India","5412","Yield","01316","Mangoes, guavas and mangosteens","2019","2019","kg/ha","9965.1","A","Official value",""
"QCL","Crops and livestock products","356","India","5510","Production","01316","Mangoes, guavas and mangosteens","2019","2019","t","25630690.5","A","Official value",""
"QCL","Crops and livestock products","356","India","5312","Area harvested","01316","Mangoes, guavas and mangosteens","2020","2020","ha","2586382","A","Official value",""
"QCL","Crops and livestock products","356","India","5412","Yield","01316","Mangoes, guavas and mangosteens","2020","2020","kg/ha","9541.5","A","Official value",""
"QCL","Crops and livestock products","356","India","5510","Production","01316","Mangoes, guavas and mangosteens","2020","2020","t","24677842.12","A","Official value",""
"QCL","Crops and livestock products","356","India","5312","Area harvested","01316","Mangoes, guavas and mangosteens","2021","2021","ha","2624906","A","Official value",""
"QCL","Crops and livestock products","356","India","5412","Yield","01316","Mangoes, guavas and mangosteens","2021","2021","kg/ha","9512.1","A","Official value",""
"QCL","Crops and livestock products","356","India","5510","Production","01316","Mangoes, guavas and mangosteens","2021","2021","t","24968289.83","A","Official value",""
"QCL","Crops and livestock products","356","India","5312","Area harvested","01316","Mangoes, guavas and mangosteens","2022","2022","ha","2704000","A","Official value",""
"QCL","Crops and livestock products","356","India","5412","Yield","01316","Mangoes, guavas and mangosteens","2022","2022","kg/ha","9726","A","Official value",""
"QCL","Crops and livestock products","356","India","5510","Production","01316","Mangoes, guavas and mangosteens","2022","2022","t","26299000","A","Official value",""
"QCL","Crops and livestock products","356","India","5312","Area harvested","01316","Mangoes, guavas and mangosteens","2023","2023","ha","2698000","A","Official value",""
"QCL","Crops and livestock products","356","India","5412","Yield","01316","Mangoes, guavas and mangosteens","2023","2023","kg/ha","9724.2","A","Official value",""
"QCL","Crops and livestock products","356","India","5510","Production","01316","Mangoes, guavas and mangosteens","2023","2023","t","26236000","A","Official value",""
"QCL","Crops and livestock products","356","India","5312","Area harvested","01316","Mangoes, guavas and mangosteens","2024","2024","ha","2757664","A","Official value",""
"QCL","Crops and livestock products","356","India","5412","Yield","01316","Mangoes, guavas and mangosteens","2024","2024","kg/ha","10068.8","A","Official value",""
"QCL","Crops and livestock products","356","India","5510","Production","01316","Mangoes, guavas and mangosteens","2024","2024","t","27766261","A","Official value",""
"QCL","Crops and livestock products","356","India","5312","Area harvested","0118","Millet","2015","2015","ha","8916754","A","Official value",""
"QCL","Crops and livestock products","356","India","5412","Yield","0118","Millet","2015","2015","kg/ha","1152.8","A","Official value",""
"QCL","Crops and livestock products","356","India","5510","Production","0118","Millet","2015","2015","t","10279447.33","A","Official value",""
"QCL","Crops and livestock products","356","India","5312","Area harvested","0118","Millet","2016","2016","ha","9093724","A","Official value",""
"QCL","Crops and livestock products","356","India","5412","Yield","0118","Millet","2016","2016","kg/ha","1270.9","A","Official value",""
"QCL","Crops and livestock products","356","India","5510","Production","0118","Millet","2016","2016","t","11556916.27","A","Official value",""
"QCL","Crops and livestock products","356","India","5312","Area harvested","0118","Millet","2017","2017","ha","9221160","A","Official value",""
"QCL","Crops and livestock products","356","India","5412","Yield","0118","Millet","2017","2017","kg/ha","1261.6","A","Official value",""
"QCL","Crops and livestock products","356","India","5510","Production","0118","Millet","2017","2017","t","11633068.43","A","Official value",""
"QCL","Crops and livestock products","356","India","5312","Area harvested","0118","Millet","2018","2018","ha","8449723","A","Official value",""
"QCL","Crops and livestock products","356","India","5412","Yield","0118","Millet","2018","2018","kg/ha","1211.4","A","Official value",""
"QCL","Crops and livestock products","356","India","5510","Production","0118","Millet","2018","2018","t","10235828.75","A","Official value",""
"QCL","Crops and livestock products","356","India","5312","Area harvested","0118","Millet","2019","2019","ha","9005493","A","Official value",""
"QCL","Crops and livestock products","356","India","5412","Yield","0118","Millet","2019","2019","kg/ha","1386.8","A","Official value",""
"QCL","Crops and livestock products","356","India","5510","Production","0118","Millet","2019","2019","t","12488468.03","A","Official value",""
"QCL","Crops and livestock products","356","India","5312","Area harvested","0118","Millet","2020","2020","ha","9255542","A","Official value",""
"QCL","Crops and livestock products","356","India","5412","Yield","0118","Millet","2020","2020","kg/ha","1427.1","A","Official value",""
"QCL","Crops and livestock products","356","India","5510","Production","0118","Millet","2020","2020","t","13208479.58","A","Official value",""
"QCL","Crops and livestock products","356","India","5312","Area harvested","0118","Millet","2021","2021","ha","8488147","A","Official value",""
"QCL","Crops and livestock products","356","India","5412","Yield","0118","Millet","2021","2021","kg/ha","1396","A","Official value",""
"QCL","Crops and livestock products","356","India","5510","Production","0118","Millet","2021","2021","t","11849184.52","A","Official value",""
"QCL","Crops and livestock products","356","India","5312","Area harvested","0118","Millet","2022","2022","ha","8763589","A","Official value",""
"QCL","Crops and livestock products","356","India","5412","Yield","0118","Millet","2022","2022","kg/ha","1417.7","A","Official value",""
"QCL","Crops and livestock products","356","India","5510","Production","0118","Millet","2022","2022","t","12424565.34","A","Official value",""
"QCL","Crops and livestock products","356","India","5312","Area harvested","0118","Millet","2023","2023","ha","9060986","A","Official value",""
"QCL","Crops and livestock products","356","India","5412","Yield","0118","Millet","2023","2023","kg/ha","1419.7","A","Official value",""
"QCL","Crops and livestock products","356","India","5510","Production","0118","Millet","2023","2023","t","12864089.9","A","Official value",""
"QCL","Crops and livestock products","356","India","5312","Area harvested","0118","Millet","2024","2024","ha","8816931","A","Official value",""
"QCL","Crops and livestock products","356","India","5412","Yield","0118","Millet","2024","2024","kg/ha","1431.4","A","Official value",""
"QCL","Crops and livestock products","356","India","5510","Production","0118","Millet","2024","2024","t","12620812.83","A","Official value",""
"QCL","Crops and livestock products","356","India","5510","Production","01270","Mushrooms and truffles","2015","2015","t","51000","A","Official value",""
"QCL","Crops and livestock products","356","India","5510","Production","01270","Mushrooms and truffles","2016","2016","t","76000","A","Official value",""
"QCL","Crops and livestock products","356","India","5510","Production","01270","Mushrooms and truffles","2017","2017","t","102020.79","I","Value imputed by a receiving agency",""
"QCL","Crops and livestock products","356","India","5510","Production","01270","Mushrooms and truffles","2018","2018","t","134000","A","Official value",""
"QCL","Crops and livestock products","356","India","5510","Production","01270","Mushrooms and truffles","2019","2019","t","182000","A","Official value",""
"QCL","Crops and livestock products","356","India","5510","Production","01270","Mushrooms and truffles","2020","2020","t","211000","A","Official value",""
"QCL","Crops and livestock products","356","India","5510","Production","01270","Mushrooms and truffles","2021","2021","t","243000","A","Official value",""
"QCL","Crops and livestock products","356","India","5510","Production","01270","Mushrooms and truffles","2022","2022","t","280000","A","Official value",""
"QCL","Crops and livestock products","356","India","5510","Production","01270","Mushrooms and truffles","2023","2023","t","315000","A","Official value",""
"QCL","Crops and livestock products","356","India","5510","Production","01270","Mushrooms and truffles","2024","2024","t","347450","A","Official value",""
"QCL","Crops and livestock products","356","India","5312","Area harvested","01950.01","Natural rubber in primary forms","2015","2015","ha","455991","I","Value imputed by a receiving agency",""
"QCL","Crops and livestock products","356","India","5412","Yield","01950.01","Natural rubber in primary forms","2015","2015","kg/ha","2071.3","E","Estimated value",""
"QCL","Crops and livestock products","356","India","5510","Production","01950.01","Natural rubber in primary forms","2015","2015","t","944504.26","I","Value imputed by a receiving agency",""
"QCL","Crops and livestock products","356","India","5312","Area harvested","01950.01","Natural rubber in primary forms","2016","2016","ha","457422","I","Value imputed by a receiving agency",""
"QCL","Crops and livestock products","356","India","5412","Yield","01950.01","Natural rubber in primary forms","2016","2016","kg/ha","2078.2","E","Estimated value",""
"QCL","Crops and livestock products","356","India","5510","Production","01950.01","Natural rubber in primary forms","2016","2016","t","950600.4","I","Value imputed by a receiving agency",""
"QCL","Crops and livestock products","356","India","5312","Area harvested","01950.01","Natural rubber in primary forms","2017","2017","ha","340833","I","Value imputed by a receiving agency",""
"QCL","Crops and livestock products","356","India","5412","Yield","01950.01","Natural rubber in primary forms","2017","2017","kg/ha","2091.9","E","Estimated value",""
"QCL","Crops and livestock products","356","India","5510","Production","01950.01","Natural rubber in primary forms","2017","2017","t","713000","X","Value from external organization","Unofficial figure"
"QCL","Crops and livestock products","356","India","5312","Area harvested","01950.01","Natural rubber in primary forms","2018","2018","ha","312390","I","Value imputed by a receiving agency",""
"QCL","Crops and livestock products","356","India","5412","Yield","01950.01","Natural rubber in primary forms","2018","2018","kg/ha","2112.7","E","Estimated value",""
"QCL","Crops and livestock products","356","India","5510","Production","01950.01","Natural rubber in primary forms","2018","2018","t","660000","X","Value from external organization","Unofficial figure"
"QCL","Crops and livestock products","356","India","5312","Area harvested","01950.01","Natural rubber in primary forms","2019","2019","ha","327932","I","Value imputed by a receiving agency",""
"QCL","Crops and livestock products","356","India","5412","Yield","01950.01","Natural rubber in primary forms","2019","2019","kg/ha","2140.7","E","Estimated value",""
"QCL","Crops and livestock products","356","India","5510","Production","01950.01","Natural rubber in primary forms","2019","2019","t","702000","X","Value from external organization","Unofficial figure"
"QCL","Crops and livestock products","356","India","5312","Area harvested","01950.01","Natural rubber in primary forms","2020","2020","ha","316014","I","Value imputed by a receiving agency",""
"QCL","Crops and livestock products","356","India","5412","Yield","01950.01","Natural rubber in primary forms","2020","2020","kg/ha","2167.6","E","Estimated value",""
"QCL","Crops and livestock products","356","India","5510","Production","01950.01","Natural rubber in primary forms","2020","2020","t","685000","X","Value from external organization","Unofficial figure"
"QCL","Crops and livestock products","356","India","5312","Area harvested","01950.01","Natural rubber in primary forms","2021","2021","ha","337396","I","Value imputed by a receiving agency",""
"QCL","Crops and livestock products","356","India","5412","Yield","01950.01","Natural rubber in primary forms","2021","2021","kg/ha","2219.9","E","Estimated value",""
"QCL","Crops and livestock products","356","India","5510","Production","01950.01","Natural rubber in primary forms","2021","2021","t","749000","X","Value from external organization","Unofficial figure"
"QCL","Crops and livestock products","356","India","5312","Area harvested","01950.01","Natural rubber in primary forms","2022","2022","ha","377915","I","Value imputed by a receiving agency",""
"QCL","Crops and livestock products","356","India","5412","Yield","01950.01","Natural rubber in primary forms","2022","2022","kg/ha","2230.7","E","Estimated value",""
"QCL","Crops and livestock products","356","India","5510","Production","01950.01","Natural rubber in primary forms","2022","2022","t","843000","X","Value from external organization","Unofficial figure"
"QCL","Crops and livestock products","356","India","5312","Area harvested","01950.01","Natural rubber in primary forms","2023","2023","ha","376335","I","Value imputed by a receiving agency",""
"QCL","Crops and livestock products","356","India","5412","Yield","01950.01","Natural rubber in primary forms","2023","2023","kg/ha","2256","E","Estimated value",""
"QCL","Crops and livestock products","356","India","5510","Production","01950.01","Natural rubber in primary forms","2023","2023","t","849000","X","Value from external organization","Unofficial figure"
"QCL","Crops and livestock products","356","India","5312","Area harvested","01950.01","Natural rubber in primary forms","2024","2024","ha","383995","I","Value imputed by a receiving agency",""
"QCL","Crops and livestock products","356","India","5412","Yield","01950.01","Natural rubber in primary forms","2024","2024","kg/ha","2281.3","E","Estimated value",""
"QCL","Crops and livestock products","356","India","5510","Production","01950.01","Natural rubber in primary forms","2024","2024","t","876000","X","Value from external organization","Unofficial figure"
"QCL","Crops and livestock products","356","India","5312","Area harvested","01653","Nutmeg, mace, cardamoms, raw","2015","2015","ha","92000","A","Official value",""
"QCL","Crops and livestock products","356","India","5412","Yield","01653","Nutmeg, mace, cardamoms, raw","2015","2015","kg/ha","239.1","A","Official value",""
"QCL","Crops and livestock products","356","India","5510","Production","01653","Nutmeg, mace, cardamoms, raw","2015","2015","t","22000","A","Official value",""
"QCL","Crops and livestock products","356","India","5312","Area harvested","01653","Nutmeg, mace, cardamoms, raw","2016","2016","ha","107000","A","Official value",""
"QCL","Crops and livestock products","356","India","5412","Yield","01653","Nutmeg, mace, cardamoms, raw","2016","2016","kg/ha","355.1","A","Official value",""
"QCL","Crops and livestock products","356","India","5510","Production","01653","Nutmeg, mace, cardamoms, raw","2016","2016","t","38000","A","Official value",""
"QCL","Crops and livestock products","356","India","5312","Area harvested","01653","Nutmeg, mace, cardamoms, raw","2017","2017","ha","108000","A","Official value",""
"QCL","Crops and livestock products","356","India","5412","Yield","01653","Nutmeg, mace, cardamoms, raw","2017","2017","kg/ha","398.1","A","Official value",""
"QCL","Crops and livestock products","356","India","5510","Production","01653","Nutmeg, mace, cardamoms, raw","2017","2017","t","43000","A","Official value",""
"QCL","Crops and livestock products","356","India","5312","Area harvested","01653","Nutmeg, mace, cardamoms, raw","2018","2018","ha","108000","A","Official value",""
"QCL","Crops and livestock products","356","India","5412","Yield","01653","Nutmeg, mace, cardamoms, raw","2018","2018","kg/ha","398.1","A","Official value",""
"QCL","Crops and livestock products","356","India","5510","Production","01653","Nutmeg, mace, cardamoms, raw","2018","2018","t","43000","A","Official value",""
"QCL","Crops and livestock products","356","India","5312","Area harvested","01653","Nutmeg, mace, cardamoms, raw","2019","2019","ha","105000","A","Official value",""
"QCL","Crops and livestock products","356","India","5412","Yield","01653","Nutmeg, mace, cardamoms, raw","2019","2019","kg/ha","361.9","A","Official value",""
"QCL","Crops and livestock products","356","India","5510","Production","01653","Nutmeg, mace, cardamoms, raw","2019","2019","t","38000","A","Official value",""
"QCL","Crops and livestock products","356","India","5312","Area harvested","01653","Nutmeg, mace, cardamoms, raw","2020","2020","ha","109000","A","Official value",""
"QCL","Crops and livestock products","356","India","5412","Yield","01653","Nutmeg, mace, cardamoms, raw","2020","2020","kg/ha","339.4","A","Official value",""
"QCL","Crops and livestock products","356","India","5510","Production","01653","Nutmeg, mace, cardamoms, raw","2020","2020","t","37000","A","Official value",""
"QCL","Crops and livestock products","356","India","5312","Area harvested","01653","Nutmeg, mace, cardamoms, raw","2021","2021","ha","109000","A","Official value",""
"QCL","Crops and livestock products","356","India","5412","Yield","01653","Nutmeg, mace, cardamoms, raw","2021","2021","kg/ha","458.7","A","Official value",""
"QCL","Crops and livestock products","356","India","5510","Production","01653","Nutmeg, mace, cardamoms, raw","2021","2021","t","50000","A","Official value",""
"QCL","Crops and livestock products","356","India","5312","Area harvested","01653","Nutmeg, mace, cardamoms, raw","2022","2022","ha","109000","A","Official value",""
"QCL","Crops and livestock products","356","India","5412","Yield","01653","Nutmeg, mace, cardamoms, raw","2022","2022","kg/ha","504.6","A","Official value",""
"QCL","Crops and livestock products","356","India","5510","Production","01653","Nutmeg, mace, cardamoms, raw","2022","2022","t","55000","A","Official value",""
"QCL","Crops and livestock products","356","India","5312","Area harvested","01653","Nutmeg, mace, cardamoms, raw","2023","2023","ha","111000","A","Official value",""
"QCL","Crops and livestock products","356","India","5412","Yield","01653","Nutmeg, mace, cardamoms, raw","2023","2023","kg/ha","486.5","A","Official value",""
"QCL","Crops and livestock products","356","India","5510","Production","01653","Nutmeg, mace, cardamoms, raw","2023","2023","t","54000","A","Official value",""
"QCL","Crops and livestock products","356","India","5312","Area harvested","01653","Nutmeg, mace, cardamoms, raw","2024","2024","ha","108805","A","Official value",""
"QCL","Crops and livestock products","356","India","5412","Yield","01653","Nutmeg, mace, cardamoms, raw","2024","2024","kg/ha","496.6","A","Official value",""
"QCL","Crops and livestock products","356","India","5510","Production","01653","Nutmeg, mace, cardamoms, raw","2024","2024","t","54031","A","Official value",""
"QCL","Crops and livestock products","356","India","5312","Area harvested","01239.01","Okra","2015","2015","ha","504000","A","Official value",""
"QCL","Crops and livestock products","356","India","5412","Yield","01239.01","Okra","2015","2015","kg/ha","11327.4","A","Official value",""
"QCL","Crops and livestock products","356","India","5510","Production","01239.01","Okra","2015","2015","t","5709000","A","Official value",""
"QCL","Crops and livestock products","356","India","5312","Area harvested","01239.01","Okra","2016","2016","ha","511000","A","Official value",""
"QCL","Crops and livestock products","356","India","5412","Yield","01239.01","Okra","2016","2016","kg/ha","11446.2","A","Official value",""
"QCL","Crops and livestock products","356","India","5510","Production","01239.01","Okra","2016","2016","t","5849000","A","Official value",""
"QCL","Crops and livestock products","356","India","5312","Area harvested","01239.01","Okra","2017","2017","ha","507000","A","Official value",""
"QCL","Crops and livestock products","356","India","5412","Yield","01239.01","Okra","2017","2017","kg/ha","11840.2","A","Official value",""
"QCL","Crops and livestock products","356","India","5510","Production","01239.01","Okra","2017","2017","t","6003000","A","Official value",""
"QCL","Crops and livestock products","356","India","5312","Area harvested","01239.01","Okra","2018","2018","ha","509000","A","Official value",""
"QCL","Crops and livestock products","356","India","5412","Yield","01239.01","Okra","2018","2018","kg/ha","11974.5","A","Official value",""
"QCL","Crops and livestock products","356","India","5510","Production","01239.01","Okra","2018","2018","t","6095000","A","Official value",""
"QCL","Crops and livestock products","356","India","5312","Area harvested","01239.01","Okra","2019","2019","ha","513000","A","Official value",""
"QCL","Crops and livestock products","356","India","5412","Yield","01239.01","Okra","2019","2019","kg/ha","12039","A","Official value",""
"QCL","Crops and livestock products","356","India","5510","Production","01239.01","Okra","2019","2019","t","6176000","A","Official value",""
"QCL","Crops and livestock products","356","India","5312","Area harvested","01239.01","Okra","2020","2020","ha","521000","A","Official value",""
"QCL","Crops and livestock products","356","India","5412","Yield","01239.01","Okra","2020","2020","kg/ha","12197.7","A","Official value",""
"QCL","Crops and livestock products","356","India","5510","Production","01239.01","Okra","2020","2020","t","6355000","A","Official value",""
"QCL","Crops and livestock products","356","India","5312","Area harvested","01239.01","Okra","2021","2021","ha","531000","A","Official value",""
"QCL","Crops and livestock products","356","India","5412","Yield","01239.01","Okra","2021","2021","kg/ha","12177","A","Official value",""
"QCL","Crops and livestock products","356","India","5510","Production","01239.01","Okra","2021","2021","t","6466000","A","Official value",""
"QCL","Crops and livestock products","356","India","5312","Area harvested","01239.01","Okra","2022","2022","ha","550000","A","Official value",""
"QCL","Crops and livestock products","356","India","5412","Yield","01239.01","Okra","2022","2022","kg/ha","12496.4","A","Official value",""
"QCL","Crops and livestock products","356","India","5510","Production","01239.01","Okra","2022","2022","t","6873000","A","Official value",""
"QCL","Crops and livestock products","356","India","5312","Area harvested","01239.01","Okra","2023","2023","ha","549000","A","Official value",""
"QCL","Crops and livestock products","356","India","5412","Yield","01239.01","Okra","2023","2023","kg/ha","13038.3","A","Official value",""
"QCL","Crops and livestock products","356","India","5510","Production","01239.01","Okra","2023","2023","t","7158000","A","Official value",""
"QCL","Crops and livestock products","356","India","5312","Area harvested","01239.01","Okra","2024","2024","ha","557001","A","Official value",""
"QCL","Crops and livestock products","356","India","5412","Yield","01239.01","Okra","2024","2024","kg/ha","13115.6","A","Official value",""
"QCL","Crops and livestock products","356","India","5510","Production","01239.01","Okra","2024","2024","t","7305410","A","Official value",""
"QCL","Crops and livestock products","356","India","5312","Area harvested","01253.02","Onions and shallots, dry (excluding dehydrated)","2015","2015","ha","1173000","A","Official value",""
"QCL","Crops and livestock products","356","India","5412","Yield","01253.02","Onions and shallots, dry (excluding dehydrated)","2015","2015","kg/ha","16135.5","A","Official value",""
"QCL","Crops and livestock products","356","India","5510","Production","01253.02","Onions and shallots, dry (excluding dehydrated)","2015","2015","t","18927000","A","Official value",""
"QCL","Crops and livestock products","356","India","5312","Area harvested","01253.02","Onions and shallots, dry (excluding dehydrated)","2016","2016","ha","1320000","A","Official value",""
"QCL","Crops and livestock products","356","India","5412","Yield","01253.02","Onions and shallots, dry (excluding dehydrated)","2016","2016","kg/ha","15856.8","A","Official value",""
"QCL","Crops and livestock products","356","India","5510","Production","01253.02","Onions and shallots, dry (excluding dehydrated)","2016","2016","t","20931000","A","Official value",""
"QCL","Crops and livestock products","356","India","5312","Area harvested","01253.02","Onions and shallots, dry (excluding dehydrated)","2017","2017","ha","1306000","A","Official value",""
"QCL","Crops and livestock products","356","India","5412","Yield","01253.02","Onions and shallots, dry (excluding dehydrated)","2017","2017","kg/ha","17172.3","A","Official value",""
"QCL","Crops and livestock products","356","India","5510","Production","01253.02","Onions and shallots, dry (excluding dehydrated)","2017","2017","t","22427000","A","Official value",""
"QCL","Crops and livestock products","356","India","5312","Area harvested","01253.02","Onions and shallots, dry (excluding dehydrated)","2018","2018","ha","1285000","A","Official value",""
"QCL","Crops and livestock products","356","India","5412","Yield","01253.02","Onions and shallots, dry (excluding dehydrated)","2018","2018","kg/ha","18102.7","A","Official value",""
"QCL","Crops and livestock products","356","India","5510","Production","01253.02","Onions and shallots, dry (excluding dehydrated)","2018","2018","t","23262000","A","Official value",""
"QCL","Crops and livestock products","356","India","5312","Area harvested","01253.02","Onions and shallots, dry (excluding dehydrated)","2019","2019","ha","1220000","A","Official value",""
"QCL","Crops and livestock products","356","India","5412","Yield","01253.02","Onions and shallots, dry (excluding dehydrated)","2019","2019","kg/ha","18704.1","A","Official value",""
"QCL","Crops and livestock products","356","India","5510","Production","01253.02","Onions and shallots, dry (excluding dehydrated)","2019","2019","t","22819000","A","Official value",""
"QCL","Crops and livestock products","356","India","5312","Area harvested","01253.02","Onions and shallots, dry (excluding dehydrated)","2020","2020","ha","1431000","A","Official value",""
"QCL","Crops and livestock products","356","India","5412","Yield","01253.02","Onions and shallots, dry (excluding dehydrated)","2020","2020","kg/ha","18232.7","A","Official value",""
"QCL","Crops and livestock products","356","India","5510","Production","01253.02","Onions and shallots, dry (excluding dehydrated)","2020","2020","t","26091000","A","Official value",""
"QCL","Crops and livestock products","356","India","5312","Area harvested","01253.02","Onions and shallots, dry (excluding dehydrated)","2021","2021","ha","1624000","A","Official value",""
"QCL","Crops and livestock products","356","India","5412","Yield","01253.02","Onions and shallots, dry (excluding dehydrated)","2021","2021","kg/ha","16404.6","A","Official value",""
"QCL","Crops and livestock products","356","India","5510","Production","01253.02","Onions and shallots, dry (excluding dehydrated)","2021","2021","t","26641000","A","Official value",""
"QCL","Crops and livestock products","356","India","5312","Area harvested","01253.02","Onions and shallots, dry (excluding dehydrated)","2022","2022","ha","1941000","A","Official value",""
"QCL","Crops and livestock products","356","India","5412","Yield","01253.02","Onions and shallots, dry (excluding dehydrated)","2022","2022","kg/ha","16325.1","A","Official value",""
"QCL","Crops and livestock products","356","India","5510","Production","01253.02","Onions and shallots, dry (excluding dehydrated)","2022","2022","t","31687000","A","Official value",""
"QCL","Crops and livestock products","356","India","5312","Area harvested","01253.02","Onions and shallots, dry (excluding dehydrated)","2023","2023","ha","1740000","A","Official value",""
"QCL","Crops and livestock products","356","India","5412","Yield","01253.02","Onions and shallots, dry (excluding dehydrated)","2023","2023","kg/ha","17360.9","A","Official value",""
"QCL","Crops and livestock products","356","India","5510","Production","01253.02","Onions and shallots, dry (excluding dehydrated)","2023","2023","t","30208000","A","Official value",""
"QCL","Crops and livestock products","356","India","5312","Area harvested","01253.02","Onions and shallots, dry (excluding dehydrated)","2024","2024","ha","1540642","A","Official value",""
"QCL","Crops and livestock products","356","India","5412","Yield","01253.02","Onions and shallots, dry (excluding dehydrated)","2024","2024","kg/ha","15751","A","Official value",""
"QCL","Crops and livestock products","356","India","5510","Production","01253.02","Onions and shallots, dry (excluding dehydrated)","2024","2024","t","24266712","A","Official value",""
"QCL","Crops and livestock products","356","India","5312","Area harvested","01323","Oranges","2015","2015","ha","275000","A","Official value",""
"QCL","Crops and livestock products","356","India","5412","Yield","01323","Oranges","2015","2015","kg/ha","15378.2","A","Official value",""
"QCL","Crops and livestock products","356","India","5510","Production","01323","Oranges","2015","2015","t","4229000","A","Official value",""
"QCL","Crops and livestock products","356","India","5312","Area harvested","01323","Oranges","2016","2016","ha","243762","A","Official value",""
"QCL","Crops and livestock products","356","India","5412","Yield","01323","Oranges","2016","2016","kg/ha","14227.6","A","Official value",""
"QCL","Crops and livestock products","356","India","5510","Production","01323","Oranges","2016","2016","t","3468137","A","Official value",""
"QCL","Crops and livestock products","356","India","5312","Area harvested","01323","Oranges","2017","2017","ha","191232","A","Official value",""
"QCL","Crops and livestock products","356","India","5412","Yield","01323","Oranges","2017","2017","kg/ha","16782.8","A","Official value",""
"QCL","Crops and livestock products","356","India","5510","Production","01323","Oranges","2017","2017","t","3209401","A","Official value",""
"QCL","Crops and livestock products","356","India","5312","Area harvested","01323","Oranges","2018","2018","ha","184617","A","Official value",""
"QCL","Crops and livestock products","356","India","5412","Yield","01323","Oranges","2018","2018","kg/ha","17689.8","A","Official value",""
"QCL","Crops and livestock products","356","India","5510","Production","01323","Oranges","2018","2018","t","3265833.72","A","Official value",""
"QCL","Crops and livestock products","356","India","5312","Area harvested","01323","Oranges","2019","2019","ha","187076","A","Official value",""
"QCL","Crops and livestock products","356","India","5412","Yield","01323","Oranges","2019","2019","kg/ha","17459.1","A","Official value",""
"QCL","Crops and livestock products","356","India","5510","Production","01323","Oranges","2019","2019","t","3266171","A","Official value",""
"QCL","Crops and livestock products","356","India","5312","Area harvested","01323","Oranges","2020","2020","ha","217429","A","Official value",""
"QCL","Crops and livestock products","356","India","5412","Yield","01323","Oranges","2020","2020","kg/ha","18581.4","A","Official value",""
"QCL","Crops and livestock products","356","India","5510","Production","01323","Oranges","2020","2020","t","4040126.25","A","Official value",""
"QCL","Crops and livestock products","356","India","5312","Area harvested","01323","Oranges","2021","2021","ha","216528","A","Official value",""
"QCL","Crops and livestock products","356","India","5412","Yield","01323","Oranges","2021","2021","kg/ha","18417.5","A","Official value",""
"QCL","Crops and livestock products","356","India","5510","Production","01323","Oranges","2021","2021","t","3987913","A","Official value",""
"QCL","Crops and livestock products","356","India","5312","Area harvested","01323","Oranges","2022","2022","ha","228000","A","Official value",""
"QCL","Crops and livestock products","356","India","5412","Yield","01323","Oranges","2022","2022","kg/ha","17083.3","A","Official value",""
"QCL","Crops and livestock products","356","India","5510","Production","01323","Oranges","2022","2022","t","3895000","A","Official value",""
"QCL","Crops and livestock products","356","India","5312","Area harvested","01323","Oranges","2023","2023","ha","231000","A","Official value",""
"QCL","Crops and livestock products","356","India","5412","Yield","01323","Oranges","2023","2023","kg/ha","17000","A","Official value",""
"QCL","Crops and livestock products","356","India","5510","Production","01323","Oranges","2023","2023","t","3927000","A","Official value",""
"QCL","Crops and livestock products","356","India","5312","Area harvested","01323","Oranges","2024","2024","ha","240170","A","Official value",""
"QCL","Crops and livestock products","356","India","5412","Yield","01323","Oranges","2024","2024","kg/ha","16038","A","Official value",""
"QCL","Crops and livestock products","356","India","5510","Production","01323","Oranges","2024","2024","t","3851837","A","Official value",""
"QCL","Crops and livestock products","356","India","5312","Area harvested","01241.90","Other beans, green","2015","2015","ha","218000","A","Official value",""
"QCL","Crops and livestock products","356","India","5412","Yield","01241.90","Other beans, green","2015","2015","kg/ha","10110.1","A","Official value",""
"QCL","Crops and livestock products","356","India","5510","Production","01241.90","Other beans, green","2015","2015","t","2204000","A","Official value",""
"QCL","Crops and livestock products","356","India","5312","Area harvested","01241.90","Other beans, green","2016","2016","ha","232155","A","Official value",""
"QCL","Crops and livestock products","356","India","5412","Yield","01241.90","Other beans, green","2016","2016","kg/ha","10055","A","Official value",""
"QCL","Crops and livestock products","356","India","5510","Production","01241.90","Other beans, green","2016","2016","t","2334318.16","A","Official value",""
"QCL","Crops and livestock products","356","India","5312","Area harvested","01241.90","Other beans, green","2017","2017","ha","198008","A","Official value",""
"QCL","Crops and livestock products","356","India","5412","Yield","01241.90","Other beans, green","2017","2017","kg/ha","10160.7","A","Official value",""
"QCL","Crops and livestock products","356","India","5510","Production","01241.90","Other beans, green","2017","2017","t","2011899.55","A","Official value",""
"QCL","Crops and livestock products","356","India","5312","Area harvested","01241.90","Other beans, green","2018","2018","ha","227784","A","Official value",""
"QCL","Crops and livestock products","356","India","5412","Yield","01241.90","Other beans, green","2018","2018","kg/ha","9996.1","A","Official value",""
"QCL","Crops and livestock products","356","India","5510","Production","01241.90","Other beans, green","2018","2018","t","2276946.44","A","Official value",""
"QCL","Crops and livestock products","356","India","5312","Area harvested","01241.90","Other beans, green","2019","2019","ha","236367","A","Official value",""
"QCL","Crops and livestock products","356","India","5412","Yield","01241.90","Other beans, green","2019","2019","kg/ha","9965.9","A","Official value",""
"QCL","Crops and livestock products","356","India","5510","Production","01241.90","Other beans, green","2019","2019","t","2355606.4","A","Official value",""
"QCL","Crops and livestock products","356","India","5312","Area harvested","01241.90","Other beans, green","2020","2020","ha","239288","A","Official value",""
"QCL","Crops and livestock products","356","India","5412","Yield","01241.90","Other beans, green","2020","2020","kg/ha","9482.6","A","Official value",""
"QCL","Crops and livestock products","356","India","5510","Production","01241.90","Other beans, green","2020","2020","t","2269063.61","A","Official value",""
"QCL","Crops and livestock products","356","India","5312","Area harvested","01241.90","Other beans, green","2021","2021","ha","260950","A","Official value",""
"QCL","Crops and livestock products","356","India","5412","Yield","01241.90","Other beans, green","2021","2021","kg/ha","9943.2","A","Official value",""
"QCL","Crops and livestock products","356","India","5510","Production","01241.90","Other beans, green","2021","2021","t","2594676.22","A","Official value",""
"QCL","Crops and livestock products","356","India","5312","Area harvested","01241.90","Other beans, green","2022","2022","ha","299717","A","Official value",""
"QCL","Crops and livestock products","356","India","5412","Yield","01241.90","Other beans, green","2022","2022","kg/ha","9094.8","A","Official value",""
"QCL","Crops and livestock products","356","India","5510","Production","01241.90","Other beans, green","2022","2022","t","2725855","A","Official value",""
"QCL","Crops and livestock products","356","India","5312","Area harvested","01241.90","Other beans, green","2023","2023","ha","308819","A","Official value",""
"QCL","Crops and livestock products","356","India","5412","Yield","01241.90","Other beans, green","2023","2023","kg/ha","9167.7","A","Official value",""
"QCL","Crops and livestock products","356","India","5510","Production","01241.90","Other beans, green","2023","2023","t","2831175","A","Official value",""
"QCL","Crops and livestock products","356","India","5312","Area harvested","01241.90","Other beans, green","2024","2024","ha","310811","A","Official value",""
"QCL","Crops and livestock products","356","India","5412","Yield","01241.90","Other beans, green","2024","2024","kg/ha","9322.4","A","Official value",""
"QCL","Crops and livestock products","356","India","5510","Production","01241.90","Other beans, green","2024","2024","t","2897509","A","Official value",""
"QCL","Crops and livestock products","356","India","5312","Area harvested","01355.90","Other berries and fruits of the genus vaccinium n.e.c.","2015","2015","ha","306","I","Value imputed by a receiving agency",""
"QCL","Crops and livestock products","356","India","5412","Yield","01355.90","Other berries and fruits of the genus vaccinium n.e.c.","2015","2015","kg/ha","7192.4","E","Estimated value",""
"QCL","Crops and livestock products","356","India","5510","Production","01355.90","Other berries and fruits of the genus vaccinium n.e.c.","2015","2015","t","2200.15","I","Value imputed by a receiving agency",""
"QCL","Crops and livestock products","356","India","5312","Area harvested","01355.90","Other berries and fruits of the genus vaccinium n.e.c.","2016","2016","ha","312","I","Value imputed by a receiving agency",""
"QCL","Crops and livestock products","356","India","5412","Yield","01355.90","Other berries and fruits of the genus vaccinium n.e.c.","2016","2016","kg/ha","6863.6","E","Estimated value",""
"QCL","Crops and livestock products","356","India","5510","Production","01355.90","Other berries and fruits of the genus vaccinium n.e.c.","2016","2016","t","2144.06","E","Estimated value",""
"QCL","Crops and livestock products","356","India","5312","Area harvested","01355.90","Other berries and fruits of the genus vaccinium n.e.c.","2017","2017","ha","316","I","Value imputed by a receiving agency",""
"QCL","Crops and livestock products","356","India","5412","Yield","01355.90","Other berries and fruits of the genus vaccinium n.e.c.","2017","2017","kg/ha","7057","E","Estimated value",""
"QCL","Crops and livestock products","356","India","5510","Production","01355.90","Other berries and fruits of the genus vaccinium n.e.c.","2017","2017","t","2232.59","I","Value imputed by a receiving agency",""
"QCL","Crops and livestock products","356","India","5312","Area harvested","01355.90","Other berries and fruits of the genus vaccinium n.e.c.","2018","2018","ha","320","I","Value imputed by a receiving agency",""
"QCL","Crops and livestock products","356","India","5412","Yield","01355.90","Other berries and fruits of the genus vaccinium n.e.c.","2018","2018","kg/ha","7175.4","E","Estimated value",""
"QCL","Crops and livestock products","356","India","5510","Production","01355.90","Other berries and fruits of the genus vaccinium n.e.c.","2018","2018","t","2295.31","I","Value imputed by a receiving agency",""
"QCL","Crops and livestock products","356","India","5312","Area harvested","01355.90","Other berries and fruits of the genus vaccinium n.e.c.","2019","2019","ha","325","I","Value imputed by a receiving agency",""
"QCL","Crops and livestock products","356","India","5412","Yield","01355.90","Other berries and fruits of the genus vaccinium n.e.c.","2019","2019","kg/ha","6844.4","E","Estimated value",""
"QCL","Crops and livestock products","356","India","5510","Production","01355.90","Other berries and fruits of the genus vaccinium n.e.c.","2019","2019","t","2223.99","E","Estimated value",""
"QCL","Crops and livestock products","356","India","5312","Area harvested","01355.90","Other berries and fruits of the genus vaccinium n.e.c.","2020","2020","ha","327","I","Value imputed by a receiving agency",""
"QCL","Crops and livestock products","356","India","5412","Yield","01355.90","Other berries and fruits of the genus vaccinium n.e.c.","2020","2020","kg/ha","6995.4","E","Estimated value",""
"QCL","Crops and livestock products","356","India","5510","Production","01355.90","Other berries and fruits of the genus vaccinium n.e.c.","2020","2020","t","2288.69","I","Value imputed by a receiving agency",""
"QCL","Crops and livestock products","356","India","5312","Area harvested","01355.90","Other berries and fruits of the genus vaccinium n.e.c.","2021","2021","ha","324","E","Estimated value",""
"QCL","Crops and livestock products","356","India","5412","Yield","01355.90","Other berries and fruits of the genus vaccinium n.e.c.","2021","2021","kg/ha","7004.1","E","Estimated value",""
"QCL","Crops and livestock products","356","India","5510","Production","01355.90","Other berries and fruits of the genus vaccinium n.e.c.","2021","2021","t","2269.33","E","Estimated value",""
"QCL","Crops and livestock products","356","India","5312","Area harvested","01355.90","Other berries and fruits of the genus vaccinium n.e.c.","2022","2022","ha","325","E","Estimated value",""
"QCL","Crops and livestock products","356","India","5412","Yield","01355.90","Other berries and fruits of the genus vaccinium n.e.c.","2022","2022","kg/ha","6948","E","Estimated value",""
"QCL","Crops and livestock products","356","India","5510","Production","01355.90","Other berries and fruits of the genus vaccinium n.e.c.","2022","2022","t","2260.67","E","Estimated value",""
"QCL","Crops and livestock products","356","India","5312","Area harvested","01355.90","Other berries and fruits of the genus vaccinium n.e.c.","2023","2023","ha","326","E","Estimated value",""
"QCL","Crops and livestock products","356","India","5412","Yield","01355.90","Other berries and fruits of the genus vaccinium n.e.c.","2023","2023","kg/ha","6982.5","E","Estimated value",""
"QCL","Crops and livestock products","356","India","5510","Production","01355.90","Other berries and fruits of the genus vaccinium n.e.c.","2023","2023","t","2272.89","E","Estimated value",""
"QCL","Crops and livestock products","356","India","5312","Area harvested","01355.90","Other berries and fruits of the genus vaccinium n.e.c.","2024","2024","ha","325","E","Estimated value",""
"QCL","Crops and livestock products","356","India","5412","Yield","01355.90","Other berries and fruits of the genus vaccinium n.e.c.","2024","2024","kg/ha","6978.2","E","Estimated value",""
"QCL","Crops and livestock products","356","India","5510","Production","01355.90","Other berries and fruits of the genus vaccinium n.e.c.","2024","2024","t","2267.63","E","Estimated value",""
"QCL","Crops and livestock products","356","India","5312","Area harvested","01329","Other citrus fruit, n.e.c.","2015","2015","ha","60000","E","Estimated value",""
"QCL","Crops and livestock products","356","India","5412","Yield","01329","Other citrus fruit, n.e.c.","2015","2015","kg/ha","13025","E","Estimated value",""
"QCL","Crops and livestock products","356","India","5510","Production","01329","Other citrus fruit, n.e.c.","2015","2015","t","781500","A","Official value",""
"QCL","Crops and livestock products","356","India","5312","Area harvested","01329","Other citrus fruit, n.e.c.","2016","2016","ha","98948","I","Value imputed by a receiving agency",""
"QCL","Crops and livestock products","356","India","5412","Yield","01329","Other citrus fruit, n.e.c.","2016","2016","kg/ha","11839.5","E","Estimated value",""
"QCL","Crops and livestock products","356","India","5510","Production","01329","Other citrus fruit, n.e.c.","2016","2016","t","1171500","X","Value from external organization","Unofficial figure"
"QCL","Crops and livestock products","356","India","5312","Area harvested","01329","Other citrus fruit, n.e.c.","2017","2017","ha","136000","A","Official value",""
"QCL","Crops and livestock products","356","India","5412","Yield","01329","Other citrus fruit, n.e.c.","2017","2017","kg/ha","10352.9","A","Official value",""
"QCL","Crops and livestock products","356","India","5510","Production","01329","Other citrus fruit, n.e.c.","2017","2017","t","1408000","A","Official value",""
"QCL","Crops and livestock products","356","India","5312","Area harvested","01329","Other citrus fruit, n.e.c.","2018","2018","ha","103000","A","Official value",""
"QCL","Crops and livestock products","356","India","5412","Yield","01329","Other citrus fruit, n.e.c.","2018","2018","kg/ha","10000","A","Official value",""
"QCL","Crops and livestock products","356","India","5510","Production","01329","Other citrus fruit, n.e.c.","2018","2018","t","1030000","A","Official value",""
"QCL","Crops and livestock products","356","India","5312","Area harvested","01329","Other citrus fruit, n.e.c.","2019","2019","ha","112000","A","Official value",""
"QCL","Crops and livestock products","356","India","5412","Yield","01329","Other citrus fruit, n.e.c.","2019","2019","kg/ha","9125","A","Official value",""
"QCL","Crops and livestock products","356","India","5510","Production","01329","Other citrus fruit, n.e.c.","2019","2019","t","1022000","A","Official value",""
"QCL","Crops and livestock products","356","India","5312","Area harvested","01329","Other citrus fruit, n.e.c.","2020","2020","ha","67000","A","Official value",""
"QCL","Crops and livestock products","356","India","5412","Yield","01329","Other citrus fruit, n.e.c.","2020","2020","kg/ha","6089.6","A","Official value",""
"QCL","Crops and livestock products","356","India","5510","Production","01329","Other citrus fruit, n.e.c.","2020","2020","t","408000","A","Official value",""
"QCL","Crops and livestock products","356","India","5312","Area harvested","01329","Other citrus fruit, n.e.c.","2021","2021","ha","77000","A","Official value",""
"QCL","Crops and livestock products","356","India","5412","Yield","01329","Other citrus fruit, n.e.c.","2021","2021","kg/ha","6350.6","A","Official value",""
"QCL","Crops and livestock products","356","India","5510","Production","01329","Other citrus fruit, n.e.c.","2021","2021","t","489000","A","Official value",""
"QCL","Crops and livestock products","356","India","5312","Area harvested","01329","Other citrus fruit, n.e.c.","2022","2022","ha","103000","A","Official value",""
"QCL","Crops and livestock products","356","India","5412","Yield","01329","Other citrus fruit, n.e.c.","2022","2022","kg/ha","7592.2","A","Official value",""
"QCL","Crops and livestock products","356","India","5510","Production","01329","Other citrus fruit, n.e.c.","2022","2022","t","782000","A","Official value",""
"QCL","Crops and livestock products","356","India","5312","Area harvested","01329","Other citrus fruit, n.e.c.","2023","2023","ha","97000","A","Official value",""
"QCL","Crops and livestock products","356","India","5412","Yield","01329","Other citrus fruit, n.e.c.","2023","2023","kg/ha","7350.5","A","Official value",""
"QCL","Crops and livestock products","356","India","5510","Production","01329","Other citrus fruit, n.e.c.","2023","2023","t","713000","A","Official value",""
"QCL","Crops and livestock products","356","India","5312","Area harvested","01329","Other citrus fruit, n.e.c.","2024","2024","ha","92579","A","Official value",""
"QCL","Crops and livestock products","356","India","5412","Yield","01329","Other citrus fruit, n.e.c.","2024","2024","kg/ha","8523","A","Official value",""
"QCL","Crops and livestock products","356","India","5510","Production","01329","Other citrus fruit, n.e.c.","2024","2024","t","789051","A","Official value",""
"QCL","Crops and livestock products","356","India","5312","Area harvested","01359.90","Other fruits, n.e.c.","2015","2015","ha","835000","A","Official value",""
"QCL","Crops and livestock products","356","India","5412","Yield","01359.90","Other fruits, n.e.c.","2015","2015","kg/ha","10476.6","A","Official value",""
"QCL","Crops and livestock products","356","India","5510","Production","01359.90","Other fruits, n.e.c.","2015","2015","t","8748000","A","Official value",""
"QCL","Crops and livestock products","356","India","5312","Area harvested","01359.90","Other fruits, n.e.c.","2016","2016","ha","806464","A","Official value",""
"QCL","Crops and livestock products","356","India","5412","Yield","01359.90","Other fruits, n.e.c.","2016","2016","kg/ha","10164.8","A","Official value",""
"QCL","Crops and livestock products","356","India","5510","Production","01359.90","Other fruits, n.e.c.","2016","2016","t","8197527.81","A","Official value",""
"QCL","Crops and livestock products","356","India","5312","Area harvested","01359.90","Other fruits, n.e.c.","2017","2017","ha","820848","A","Official value",""
"QCL","Crops and livestock products","356","India","5412","Yield","01359.90","Other fruits, n.e.c.","2017","2017","kg/ha","10690.3","A","Official value",""
"QCL","Crops and livestock products","356","India","5510","Production","01359.90","Other fruits, n.e.c.","2017","2017","t","8775120.48","A","Official value",""
"QCL","Crops and livestock products","356","India","5312","Area harvested","01359.90","Other fruits, n.e.c.","2018","2018","ha","861010","A","Official value",""
"QCL","Crops and livestock products","356","India","5412","Yield","01359.90","Other fruits, n.e.c.","2018","2018","kg/ha","10130.1","A","Official value",""
"QCL","Crops and livestock products","356","India","5510","Production","01359.90","Other fruits, n.e.c.","2018","2018","t","8722078.18","A","Official value",""
"QCL","Crops and livestock products","356","India","5312","Area harvested","01359.90","Other fruits, n.e.c.","2019","2019","ha","881310","A","Official value",""
"QCL","Crops and livestock products","356","India","5412","Yield","01359.90","Other fruits, n.e.c.","2019","2019","kg/ha","10193.3","A","Official value",""
"QCL","Crops and livestock products","356","India","5510","Production","01359.90","Other fruits, n.e.c.","2019","2019","t","8983499.66","A","Official value",""
"QCL","Crops and livestock products","356","India","5312","Area harvested","01359.90","Other fruits, n.e.c.","2020","2020","ha","942934","A","Official value",""
"QCL","Crops and livestock products","356","India","5412","Yield","01359.90","Other fruits, n.e.c.","2020","2020","kg/ha","10346.7","A","Official value",""
"QCL","Crops and livestock products","356","India","5510","Production","01359.90","Other fruits, n.e.c.","2020","2020","t","9756278.25","A","Official value",""
"QCL","Crops and livestock products","356","India","5312","Area harvested","01359.90","Other fruits, n.e.c.","2021","2021","ha","982463","A","Official value",""
"QCL","Crops and livestock products","356","India","5412","Yield","01359.90","Other fruits, n.e.c.","2021","2021","kg/ha","10340.4","A","Official value",""
"QCL","Crops and livestock products","356","India","5510","Production","01359.90","Other fruits, n.e.c.","2021","2021","t","10159074.01","A","Official value",""
"QCL","Crops and livestock products","356","India","5312","Area harvested","01359.90","Other fruits, n.e.c.","2022","2022","ha","988196","A","Official value",""
"QCL","Crops and livestock products","356","India","5412","Yield","01359.90","Other fruits, n.e.c.","2022","2022","kg/ha","11549.4","A","Official value",""
"QCL","Crops and livestock products","356","India","5510","Production","01359.90","Other fruits, n.e.c.","2022","2022","t","11413041.77","A","Official value",""
"QCL","Crops and livestock products","356","India","5312","Area harvested","01359.90","Other fruits, n.e.c.","2023","2023","ha","956611","A","Official value",""
"QCL","Crops and livestock products","356","India","5412","Yield","01359.90","Other fruits, n.e.c.","2023","2023","kg/ha","12043.1","A","Official value",""
"QCL","Crops and livestock products","356","India","5510","Production","01359.90","Other fruits, n.e.c.","2023","2023","t","11520515.89","A","Official value",""
"QCL","Crops and livestock products","356","India","5312","Area harvested","01359.90","Other fruits, n.e.c.","2024","2024","ha","1010650","A","Official value",""
"QCL","Crops and livestock products","356","India","5412","Yield","01359.90","Other fruits, n.e.c.","2024","2024","kg/ha","11817.9","A","Official value",""
"QCL","Crops and livestock products","356","India","5510","Production","01359.90","Other fruits, n.e.c.","2024","2024","t","11943809.98","A","Official value",""
"QCL","Crops and livestock products","356","India","5312","Area harvested","01449.90","Other oil seeds, n.e.c.","2015","2015","ha","252000","A","Official value",""
"QCL","Crops and livestock products","356","India","5412","Yield","01449.90","Other oil seeds, n.e.c.","2015","2015","kg/ha","293.7","A","Official value",""
"QCL","Crops and livestock products","356","India","5510","Production","01449.90","Other oil seeds, n.e.c.","2015","2015","t","74000","A","Official value",""
"QCL","Crops and livestock products","356","India","5312","Area harvested","01449.90","Other oil seeds, n.e.c.","2016","2016","ha","281133","I","Value imputed by a receiving agency",""
"QCL","Crops and livestock products","356","India","5412","Yield","01449.90","Other oil seeds, n.e.c.","2016","2016","kg/ha","302.3","E","Estimated value",""
"QCL","Crops and livestock products","356","India","5510","Production","01449.90","Other oil seeds, n.e.c.","2016","2016","t","85000","A","Official value",""
"QCL","Crops and livestock products","356","India","5312","Area harvested","01449.90","Other oil seeds, n.e.c.","2017","2017","ha","226417","I","Value imputed by a receiving agency",""
"QCL","Crops and livestock products","356","India","5412","Yield","01449.90","Other oil seeds, n.e.c.","2017","2017","kg/ha","309.2","E","Estimated value",""
"QCL","Crops and livestock products","356","India","5510","Production","01449.90","Other oil seeds, n.e.c.","2017","2017","t","70000","A","Official value",""
"QCL","Crops and livestock products","356","India","5312","Area harvested","01449.90","Other oil seeds, n.e.c.","2018","2018","ha","202686","I","Value imputed by a receiving agency",""
"QCL","Crops and livestock products","356","India","5412","Yield","01449.90","Other oil seeds, n.e.c.","2018","2018","kg/ha","310.8","E","Estimated value",""
"QCL","Crops and livestock products","356","India","5510","Production","01449.90","Other oil seeds, n.e.c.","2018","2018","t","63000","A","Official value",""
"QCL","Crops and livestock products","356","India","5312","Area harvested","01449.90","Other oil seeds, n.e.c.","2019","2019","ha","134877","I","Value imputed by a receiving agency",""
"QCL","Crops and livestock products","356","India","5412","Yield","01449.90","Other oil seeds, n.e.c.","2019","2019","kg/ha","311.4","E","Estimated value",""
"QCL","Crops and livestock products","356","India","5510","Production","01449.90","Other oil seeds, n.e.c.","2019","2019","t","42000","A","Official value",""
"QCL","Crops and livestock products","356","India","5312","Area harvested","01449.90","Other oil seeds, n.e.c.","2020","2020","ha","131578","I","Value imputed by a receiving agency",""
"QCL","Crops and livestock products","356","India","5412","Yield","01449.90","Other oil seeds, n.e.c.","2020","2020","kg/ha","311.6","E","Estimated value",""
"QCL","Crops and livestock products","356","India","5510","Production","01449.90","Other oil seeds, n.e.c.","2020","2020","t","41000","A","Official value",""
"QCL","Crops and livestock products","356","India","5312","Area harvested","01449.90","Other oil seeds, n.e.c.","2021","2021","ha","134569","I","Value imputed by a receiving agency",""
"QCL","Crops and livestock products","356","India","5412","Yield","01449.90","Other oil seeds, n.e.c.","2021","2021","kg/ha","312.1","E","Estimated value",""
"QCL","Crops and livestock products","356","India","5510","Production","01449.90","Other oil seeds, n.e.c.","2021","2021","t","42000","A","Official value",""
"QCL","Crops and livestock products","356","India","5312","Area harvested","01449.90","Other oil seeds, n.e.c.","2022","2022","ha","108712","E","Estimated value",""
"QCL","Crops and livestock products","356","India","5412","Yield","01449.90","Other oil seeds, n.e.c.","2022","2022","kg/ha","312.8","E","Estimated value",""
"QCL","Crops and livestock products","356","India","5510","Production","01449.90","Other oil seeds, n.e.c.","2022","2022","t","34000","A","Official value",""
"QCL","Crops and livestock products","356","India","5312","Area harvested","01449.90","Other oil seeds, n.e.c.","2023","2023","ha","92540","I","Value imputed by a receiving agency",""
"QCL","Crops and livestock products","356","India","5412","Yield","01449.90","Other oil seeds, n.e.c.","2023","2023","kg/ha","313.4","E","Estimated value",""
"QCL","Crops and livestock products","356","India","5510","Production","01449.90","Other oil seeds, n.e.c.","2023","2023","t","29000","A","Official value",""
"QCL","Crops and livestock products","356","India","5312","Area harvested","01449.90","Other oil seeds, n.e.c.","2024","2024","ha","85986","I","Value imputed by a receiving agency",""
"QCL","Crops and livestock products","356","India","5412","Yield","01449.90","Other oil seeds, n.e.c.","2024","2024","kg/ha","314","E","Estimated value",""
"QCL","Crops and livestock products","356","India","5510","Production","01449.90","Other oil seeds, n.e.c.","2024","2024","t","27000","A","Official value",""
"QCL","Crops and livestock products","356","India","5312","Area harvested","01699","Other stimulant, spice and aromatic crops, n.e.c.","2015","2015","ha","737000","A","Official value",""
"QCL","Crops and livestock products","356","India","5412","Yield","01699","Other stimulant, spice and aromatic crops, n.e.c.","2015","2015","kg/ha","1753.1","A","Official value",""
"QCL","Crops and livestock products","356","India","5510","Production","01699","Other stimulant, spice and aromatic crops, n.e.c.","2015","2015","t","1292000","A","Official value",""
"QCL","Crops and livestock products","356","India","5312","Area harvested","01699","Other stimulant, spice and aromatic crops, n.e.c.","2016","2016","ha","768000","A","Official value",""
"QCL","Crops and livestock products","356","India","5412","Yield","01699","Other stimulant, spice and aromatic crops, n.e.c.","2016","2016","kg/ha","1989.6","A","Official value",""
"QCL","Crops and livestock products","356","India","5510","Production","01699","Other stimulant, spice and aromatic crops, n.e.c.","2016","2016","t","1528000","A","Official value",""
"QCL","Crops and livestock products","356","India","5312","Area harvested","01699","Other stimulant, spice and aromatic crops, n.e.c.","2017","2017","ha","526000","A","Official value",""
"QCL","Crops and livestock products","356","India","5412","Yield","01699","Other stimulant, spice and aromatic crops, n.e.c.","2017","2017","kg/ha","3026.6","A","Official value",""
"QCL","Crops and livestock products","356","India","5510","Production","01699","Other stimulant, spice and aromatic crops, n.e.c.","2017","2017","t","1592000","A","Official value",""
"QCL","Crops and livestock products","356","India","5312","Area harvested","01699","Other stimulant, spice and aromatic crops, n.e.c.","2018","2018","ha","836000","A","Official value",""
"QCL","Crops and livestock products","356","India","5412","Yield","01699","Other stimulant, spice and aromatic crops, n.e.c.","2018","2018","kg/ha","1631.6","A","Official value",""
"QCL","Crops and livestock products","356","India","5510","Production","01699","Other stimulant, spice and aromatic crops, n.e.c.","2018","2018","t","1364000","A","Official value",""
"QCL","Crops and livestock products","356","India","5312","Area harvested","01699","Other stimulant, spice and aromatic crops, n.e.c.","2019","2019","ha","824000","A","Official value",""
"QCL","Crops and livestock products","356","India","5412","Yield","01699","Other stimulant, spice and aromatic crops, n.e.c.","2019","2019","kg/ha","1740.3","A","Official value",""
"QCL","Crops and livestock products","356","India","5510","Production","01699","Other stimulant, spice and aromatic crops, n.e.c.","2019","2019","t","1434000","A","Official value",""
"QCL","Crops and livestock products","356","India","5312","Area harvested","01699","Other stimulant, spice and aromatic crops, n.e.c.","2020","2020","ha","742790","I","Value imputed by a receiving agency",""
"QCL","Crops and livestock products","356","India","5412","Yield","01699","Other stimulant, spice and aromatic crops, n.e.c.","2020","2020","kg/ha","1970.1","E","Estimated value",""
"QCL","Crops and livestock products","356","India","5510","Production","01699","Other stimulant, spice and aromatic crops, n.e.c.","2020","2020","t","1463333.33","E","Estimated value",""
"QCL","Crops and livestock products","356","India","5312","Area harvested","01699","Other stimulant, spice and aromatic crops, n.e.c.","2021","2021","ha","709950","I","Value imputed by a receiving agency",""
"QCL","Crops and livestock products","356","India","5412","Yield","01699","Other stimulant, spice and aromatic crops, n.e.c.","2021","2021","kg/ha","2000.8","E","Estimated value",""
"QCL","Crops and livestock products","356","India","5510","Production","01699","Other stimulant, spice and aromatic crops, n.e.c.","2021","2021","t","1420444.44","E","Estimated value",""
"QCL","Crops and livestock products","356","India","5312","Area harvested","01699","Other stimulant, spice and aromatic crops, n.e.c.","2022","2022","ha","722150","I","Value imputed by a receiving agency",""
"QCL","Crops and livestock products","356","India","5412","Yield","01699","Other stimulant, spice and aromatic crops, n.e.c.","2022","2022","kg/ha","1993","E","Estimated value",""
"QCL","Crops and livestock products","356","India","5510","Production","01699","Other stimulant, spice and aromatic crops, n.e.c.","2022","2022","t","1439259.26","E","Estimated value",""
"QCL","Crops and livestock products","356","India","5312","Area harvested","01699","Other stimulant, spice and aromatic crops, n.e.c.","2023","2023","ha","728372","I","Value imputed by a receiving agency",""
"QCL","Crops and livestock products","356","India","5412","Yield","01699","Other stimulant, spice and aromatic crops, n.e.c.","2023","2023","kg/ha","1978.4","E","Estimated value",""
"QCL","Crops and livestock products","356","India","5510","Production","01699","Other stimulant, spice and aromatic crops, n.e.c.","2023","2023","t","1441012.35","E","Estimated value",""
"QCL","Crops and livestock products","356","India","5312","Area harvested","01699","Other stimulant, spice and aromatic crops, n.e.c.","2024","2024","ha","712459","I","Value imputed by a receiving agency",""
"QCL","Crops and livestock products","356","India","5412","Yield","01699","Other stimulant, spice and aromatic crops, n.e.c.","2024","2024","kg/ha","2012.1","E","Estimated value",""
"QCL","Crops and livestock products","356","India","5510","Production","01699","Other stimulant, spice and aromatic crops, n.e.c.","2024","2024","t","1433572.02","E","Estimated value",""
"QCL","Crops and livestock products","356","India","5312","Area harvested","01349.20","Other stone fruits","2015","2015","ha","591","I","Value imputed by a receiving agency",""
"QCL","Crops and livestock products","356","India","5412","Yield","01349.20","Other stone fruits","2015","2015","kg/ha","3799.1","E","Estimated value",""
"QCL","Crops and livestock products","356","India","5510","Production","01349.20","Other stone fruits","2015","2015","t","2246.85","I","Value imputed by a receiving agency",""
"QCL","Crops and livestock products","356","India","5312","Area harvested","01349.20","Other stone fruits","2016","2016","ha","589","I","Value imputed by a receiving agency",""
"QCL","Crops and livestock products","356","India","5412","Yield","01349.20","Other stone fruits","2016","2016","kg/ha","3885.2","E","Estimated value",""
"QCL","Crops and livestock products","356","India","5510","Production","01349.20","Other stone fruits","2016","2016","t","2289.63","I","Value imputed by a receiving agency",""
"QCL","Crops and livestock products","356","India","5312","Area harvested","01349.20","Other stone fruits","2017","2017","ha","590","I","Value imputed by a receiving agency",""
"QCL","Crops and livestock products","356","India","5412","Yield","01349.20","Other stone fruits","2017","2017","kg/ha","3972.2","E","Estimated value",""
"QCL","Crops and livestock products","356","India","5510","Production","01349.20","Other stone fruits","2017","2017","t","2344.88","I","Value imputed by a receiving agency",""
"QCL","Crops and livestock products","356","India","5312","Area harvested","01349.20","Other stone fruits","2018","2018","ha","593","I","Value imputed by a receiving agency",""
"QCL","Crops and livestock products","356","India","5412","Yield","01349.20","Other stone fruits","2018","2018","kg/ha","4058.4","E","Estimated value",""
"QCL","Crops and livestock products","356","India","5510","Production","01349.20","Other stone fruits","2018","2018","t","2406.1","I","Value imputed by a receiving agency",""
"QCL","Crops and livestock products","356","India","5312","Area harvested","01349.20","Other stone fruits","2019","2019","ha","595","I","Value imputed by a receiving agency",""
"QCL","Crops and livestock products","356","India","5412","Yield","01349.20","Other stone fruits","2019","2019","kg/ha","3941.2","E","Estimated value",""
"QCL","Crops and livestock products","356","India","5510","Production","01349.20","Other stone fruits","2019","2019","t","2346.87","E","Estimated value",""
"QCL","Crops and livestock products","356","India","5312","Area harvested","01349.20","Other stone fruits","2020","2020","ha","601","I","Value imputed by a receiving agency",""
"QCL","Crops and livestock products","356","India","5412","Yield","01349.20","Other stone fruits","2020","2020","kg/ha","4056.9","E","Estimated value",""
"QCL","Crops and livestock products","356","India","5510","Production","01349.20","Other stone fruits","2020","2020","t","2438.53","I","Value imputed by a receiving agency",""
"QCL","Crops and livestock products","356","India","5312","Area harvested","01349.20","Other stone fruits","2021","2021","ha","597","I","Value imputed by a receiving agency",""
"QCL","Crops and livestock products","356","India","5412","Yield","01349.20","Other stone fruits","2021","2021","kg/ha","4016","E","Estimated value",""
"QCL","Crops and livestock products","356","India","5510","Production","01349.20","Other stone fruits","2021","2021","t","2397.17","E","Estimated value",""
"QCL","Crops and livestock products","356","India","5312","Area harvested","01349.20","Other stone fruits","2022","2022","ha","599","I","Value imputed by a receiving agency",""
"QCL","Crops and livestock products","356","India","5412","Yield","01349.20","Other stone fruits","2022","2022","kg/ha","3994.5","E","Estimated value",""
"QCL","Crops and livestock products","356","India","5510","Production","01349.20","Other stone fruits","2022","2022","t","2394.19","E","Estimated value",""
"QCL","Crops and livestock products","356","India","5312","Area harvested","01349.20","Other stone fruits","2023","2023","ha","601","I","Value imputed by a receiving agency",""
"QCL","Crops and livestock products","356","India","5412","Yield","01349.20","Other stone fruits","2023","2023","kg/ha","4010.5","E","Estimated value",""
"QCL","Crops and livestock products","356","India","5510","Production","01349.20","Other stone fruits","2023","2023","t","2409.96","E","Estimated value",""
"QCL","Crops and livestock products","356","India","5312","Area harvested","01349.20","Other stone fruits","2024","2024","ha","602","I","Value imputed by a receiving agency",""
"QCL","Crops and livestock products","356","India","5412","Yield","01349.20","Other stone fruits","2024","2024","kg/ha","3985","E","Estimated value",""
"QCL","Crops and livestock products","356","India","5510","Production","01349.20","Other stone fruits","2024","2024","t","2400.44","E","Estimated value",""
"QCL","Crops and livestock products","356","India","5312","Area harvested","01319","Other tropical fruits, n.e.c.","2015","2015","ha","191000","A","Official value",""
"QCL","Crops and livestock products","356","India","5412","Yield","01319","Other tropical fruits, n.e.c.","2015","2015","kg/ha","9774.9","A","Official value",""
"QCL","Crops and livestock products","356","India","5510","Production","01319","Other tropical fruits, n.e.c.","2015","2015","t","1867000","A","Official value",""
"QCL","Crops and livestock products","356","India","5312","Area harvested","01319","Other tropical fruits, n.e.c.","2016","2016","ha","196735","A","Official value",""
"QCL","Crops and livestock products","356","India","5412","Yield","01319","Other tropical fruits, n.e.c.","2016","2016","kg/ha","9416.3","A","Official value",""
"QCL","Crops and livestock products","356","India","5510","Production","01319","Other tropical fruits, n.e.c.","2016","2016","t","1852529.15","A","Official value",""
"QCL","Crops and livestock products","356","India","5312","Area harvested","01319","Other tropical fruits, n.e.c.","2017","2017","ha","191841","A","Official value",""
"QCL","Crops and livestock products","356","India","5412","Yield","01319","Other tropical fruits, n.e.c.","2017","2017","kg/ha","9402.5","A","Official value",""
"QCL","Crops and livestock products","356","India","5510","Production","01319","Other tropical fruits, n.e.c.","2017","2017","t","1803783","A","Official value",""
"QCL","Crops and livestock products","356","India","5312","Area harvested","01319","Other tropical fruits, n.e.c.","2018","2018","ha","189627","A","Official value",""
"QCL","Crops and livestock products","356","India","5412","Yield","01319","Other tropical fruits, n.e.c.","2018","2018","kg/ha","9821","A","Official value",""
"QCL","Crops and livestock products","356","India","5510","Production","01319","Other tropical fruits, n.e.c.","2018","2018","t","1862333.55","A","Official value",""
"QCL","Crops and livestock products","356","India","5312","Area harvested","01319","Other tropical fruits, n.e.c.","2019","2019","ha","184397","A","Official value",""
"QCL","Crops and livestock products","356","India","5412","Yield","01319","Other tropical fruits, n.e.c.","2019","2019","kg/ha","9655.2","A","Official value",""
"QCL","Crops and livestock products","356","India","5510","Production","01319","Other tropical fruits, n.e.c.","2019","2019","t","1780395.01","A","Official value",""
"QCL","Crops and livestock products","356","India","5312","Area harvested","01319","Other tropical fruits, n.e.c.","2020","2020","ha","180598","A","Official value",""
"QCL","Crops and livestock products","356","India","5412","Yield","01319","Other tropical fruits, n.e.c.","2020","2020","kg/ha","9035.8","A","Official value",""
"QCL","Crops and livestock products","356","India","5510","Production","01319","Other tropical fruits, n.e.c.","2020","2020","t","1631851.17","A","Official value",""
"QCL","Crops and livestock products","356","India","5312","Area harvested","01319","Other tropical fruits, n.e.c.","2021","2021","ha","176536","A","Official value",""
"QCL","Crops and livestock products","356","India","5412","Yield","01319","Other tropical fruits, n.e.c.","2021","2021","kg/ha","8735.4","A","Official value",""
"QCL","Crops and livestock products","356","India","5510","Production","01319","Other tropical fruits, n.e.c.","2021","2021","t","1542124.18","A","Official value",""
"QCL","Crops and livestock products","356","India","5312","Area harvested","01319","Other tropical fruits, n.e.c.","2022","2022","ha","171000","A","Official value",""
"QCL","Crops and livestock products","356","India","5412","Yield","01319","Other tropical fruits, n.e.c.","2022","2022","kg/ha","8561.4","A","Official value",""
"QCL","Crops and livestock products","356","India","5510","Production","01319","Other tropical fruits, n.e.c.","2022","2022","t","1464000","A","Official value",""
"QCL","Crops and livestock products","356","India","5312","Area harvested","01319","Other tropical fruits, n.e.c.","2023","2023","ha","169000","A","Official value",""
"QCL","Crops and livestock products","356","India","5412","Yield","01319","Other tropical fruits, n.e.c.","2023","2023","kg/ha","9591.7","A","Official value",""
"QCL","Crops and livestock products","356","India","5510","Production","01319","Other tropical fruits, n.e.c.","2023","2023","t","1621000","A","Official value",""
"QCL","Crops and livestock products","356","India","5312","Area harvested","01319","Other tropical fruits, n.e.c.","2024","2024","ha","177000","A","Official value",""
"QCL","Crops and livestock products","356","India","5412","Yield","01319","Other tropical fruits, n.e.c.","2024","2024","kg/ha","9480.2","A","Official value",""
"QCL","Crops and livestock products","356","India","5510","Production","01319","Other tropical fruits, n.e.c.","2024","2024","t","1678000","A","Official value",""
"QCL","Crops and livestock products","356","India","5312","Area harvested","01290.90","Other vegetables, fresh n.e.c.","2015","2015","ha","1822000","A","Official value",""
"QCL","Crops and livestock products","356","India","5412","Yield","01290.90","Other vegetables, fresh n.e.c.","2015","2015","kg/ha","15016.5","A","Official value",""
"QCL","Crops and livestock products","356","India","5510","Production","01290.90","Other vegetables, fresh n.e.c.","2015","2015","t","27360000","A","Official value",""
"QCL","Crops and livestock products","356","India","5312","Area harvested","01290.90","Other vegetables, fresh n.e.c.","2016","2016","ha","1824526","A","Official value",""
"QCL","Crops and livestock products","356","India","5412","Yield","01290.90","Other vegetables, fresh n.e.c.","2016","2016","kg/ha","14004","A","Official value",""
"QCL","Crops and livestock products","356","India","5510","Production","01290.90","Other vegetables, fresh n.e.c.","2016","2016","t","25550696.87","A","Official value",""
"QCL","Crops and livestock products","356","India","5312","Area harvested","01290.90","Other vegetables, fresh n.e.c.","2017","2017","ha","1761163","A","Official value",""
"QCL","Crops and livestock products","356","India","5412","Yield","01290.90","Other vegetables, fresh n.e.c.","2017","2017","kg/ha","13885.5","A","Official value",""
"QCL","Crops and livestock products","356","India","5510","Production","01290.90","Other vegetables, fresh n.e.c.","2017","2017","t","24454628.99","A","Official value",""
"QCL","Crops and livestock products","356","India","5312","Area harvested","01290.90","Other vegetables, fresh n.e.c.","2018","2018","ha","1788427","A","Official value",""
"QCL","Crops and livestock products","356","India","5412","Yield","01290.90","Other vegetables, fresh n.e.c.","2018","2018","kg/ha","14191.9","A","Official value",""
"QCL","Crops and livestock products","356","India","5510","Production","01290.90","Other vegetables, fresh n.e.c.","2018","2018","t","25381190.46","A","Official value",""
"QCL","Crops and livestock products","356","India","5312","Area harvested","01290.90","Other vegetables, fresh n.e.c.","2019","2019","ha","1641290","A","Official value",""
"QCL","Crops and livestock products","356","India","5412","Yield","01290.90","Other vegetables, fresh n.e.c.","2019","2019","kg/ha","14781.7","A","Official value",""
"QCL","Crops and livestock products","356","India","5510","Production","01290.90","Other vegetables, fresh n.e.c.","2019","2019","t","24260993.74","A","Official value",""
"QCL","Crops and livestock products","356","India","5312","Area harvested","01290.90","Other vegetables, fresh n.e.c.","2020","2020","ha","1659420","A","Official value",""
"QCL","Crops and livestock products","356","India","5412","Yield","01290.90","Other vegetables, fresh n.e.c.","2020","2020","kg/ha","14540.4","A","Official value",""
"QCL","Crops and livestock products","356","India","5510","Production","01290.90","Other vegetables, fresh n.e.c.","2020","2020","t","24128587.74","A","Official value",""
"QCL","Crops and livestock products","356","India","5312","Area harvested","01290.90","Other vegetables, fresh n.e.c.","2021","2021","ha","1724068","A","Official value",""
"QCL","Crops and livestock products","356","India","5412","Yield","01290.90","Other vegetables, fresh n.e.c.","2021","2021","kg/ha","14392.2","A","Official value",""
"QCL","Crops and livestock products","356","India","5510","Production","01290.90","Other vegetables, fresh n.e.c.","2021","2021","t","24813098.06","A","Official value",""
"QCL","Crops and livestock products","356","India","5312","Area harvested","01290.90","Other vegetables, fresh n.e.c.","2022","2022","ha","1812000","A","Official value",""
"QCL","Crops and livestock products","356","India","5412","Yield","01290.90","Other vegetables, fresh n.e.c.","2022","2022","kg/ha","14875.3","A","Official value",""
"QCL","Crops and livestock products","356","India","5510","Production","01290.90","Other vegetables, fresh n.e.c.","2022","2022","t","26954000","A","Official value",""
"QCL","Crops and livestock products","356","India","5312","Area harvested","01290.90","Other vegetables, fresh n.e.c.","2023","2023","ha","1807000","A","Official value",""
"QCL","Crops and livestock products","356","India","5412","Yield","01290.90","Other vegetables, fresh n.e.c.","2023","2023","kg/ha","14872.7","A","Official value",""
"QCL","Crops and livestock products","356","India","5510","Production","01290.90","Other vegetables, fresh n.e.c.","2023","2023","t","26875000","A","Official value",""
"QCL","Crops and livestock products","356","India","5312","Area harvested","01290.90","Other vegetables, fresh n.e.c.","2024","2024","ha","1770985","A","Official value",""
"QCL","Crops and livestock products","356","India","5412","Yield","01290.90","Other vegetables, fresh n.e.c.","2024","2024","kg/ha","14724.8","A","Official value",""
"QCL","Crops and livestock products","356","India","5510","Production","01290.90","Other vegetables, fresh n.e.c.","2024","2024","t","26077397","A","Official value",""
"QCL","Crops and livestock products","356","India","5312","Area harvested","01317","Papayas","2015","2015","ha","115000","A","Official value",""
"QCL","Crops and livestock products","356","India","5412","Yield","01317","Papayas","2015","2015","kg/ha","42721.7","A","Official value",""
"QCL","Crops and livestock products","356","India","5510","Production","01317","Papayas","2015","2015","t","4913000","A","Official value",""
"QCL","Crops and livestock products","356","India","5312","Area harvested","01317","Papayas","2016","2016","ha","132000","A","Official value",""
"QCL","Crops and livestock products","356","India","5412","Yield","01317","Papayas","2016","2016","kg/ha","42931.8","A","Official value",""
"QCL","Crops and livestock products","356","India","5510","Production","01317","Papayas","2016","2016","t","5667000","A","Official value",""
"QCL","Crops and livestock products","356","India","5312","Area harvested","01317","Papayas","2017","2017","ha","134000","A","Official value",""
"QCL","Crops and livestock products","356","India","5412","Yield","01317","Papayas","2017","2017","kg/ha","44328.4","A","Official value",""
"QCL","Crops and livestock products","356","India","5510","Production","01317","Papayas","2017","2017","t","5940000","A","Official value",""
"QCL","Crops and livestock products","356","India","5312","Area harvested","01317","Papayas","2018","2018","ha","138000","A","Official value",""
"QCL","Crops and livestock products","356","India","5412","Yield","01317","Papayas","2018","2018","kg/ha","43398.6","A","Official value",""
"QCL","Crops and livestock products","356","India","5510","Production","01317","Papayas","2018","2018","t","5989000","A","Official value",""
"QCL","Crops and livestock products","356","India","5312","Area harvested","01317","Papayas","2019","2019","ha","149000","A","Official value",""
"QCL","Crops and livestock products","356","India","5412","Yield","01317","Papayas","2019","2019","kg/ha","40604","A","Official value",""
"QCL","Crops and livestock products","356","India","5510","Production","01317","Papayas","2019","2019","t","6050000","A","Official value",""
"QCL","Crops and livestock products","356","India","5312","Area harvested","01317","Papayas","2020","2020","ha","142000","A","Official value",""
"QCL","Crops and livestock products","356","India","5412","Yield","01317","Papayas","2020","2020","kg/ha","40704.2","A","Official value",""
"QCL","Crops and livestock products","356","India","5510","Production","01317","Papayas","2020","2020","t","5780000","A","Official value",""
"QCL","Crops and livestock products","356","India","5312","Area harvested","01317","Papayas","2021","2021","ha","146000","A","Official value",""
"QCL","Crops and livestock products","356","India","5412","Yield","01317","Papayas","2021","2021","kg/ha","37945.2","A","Official value",""
"QCL","Crops and livestock products","356","India","5510","Production","01317","Papayas","2021","2021","t","5540000","A","Official value",""
"QCL","Crops and livestock products","356","India","5312","Area harvested","01317","Papayas","2022","2022","ha","150000","A","Official value",""
"QCL","Crops and livestock products","356","India","5412","Yield","01317","Papayas","2022","2022","kg/ha","35606.7","A","Official value",""
"QCL","Crops and livestock products","356","India","5510","Production","01317","Papayas","2022","2022","t","5341000","A","Official value",""
"QCL","Crops and livestock products","356","India","5312","Area harvested","01317","Papayas","2023","2023","ha","148000","A","Official value",""
"QCL","Crops and livestock products","356","India","5412","Yield","01317","Papayas","2023","2023","kg/ha","35405.4","A","Official value",""
"QCL","Crops and livestock products","356","India","5510","Production","01317","Papayas","2023","2023","t","5240000","A","Official value",""
"QCL","Crops and livestock products","356","India","5312","Area harvested","01317","Papayas","2024","2024","ha","148977","A","Official value",""
"QCL","Crops and livestock products","356","India","5412","Yield","01317","Papayas","2024","2024","kg/ha","35523.4","A","Official value",""
"QCL","Crops and livestock products","356","India","5510","Production","01317","Papayas","2024","2024","t","5292173","A","Official value",""
"QCL","Crops and livestock products","356","India","5312","Area harvested","01345","Peaches and nectarines","2015","2015","ha","19000","A","Official value",""
"QCL","Crops and livestock products","356","India","5412","Yield","01345","Peaches and nectarines","2015","2015","kg/ha","5105.3","A","Official value",""
"QCL","Crops and livestock products","356","India","5510","Production","01345","Peaches and nectarines","2015","2015","t","97000","A","Official value",""
"QCL","Crops and livestock products","356","India","5312","Area harvested","01345","Peaches and nectarines","2016","2016","ha","17553","A","Official value",""
"QCL","Crops and livestock products","356","India","5412","Yield","01345","Peaches and nectarines","2016","2016","kg/ha","6107.5","A","Official value",""
"QCL","Crops and livestock products","356","India","5510","Production","01345","Peaches and nectarines","2016","2016","t","107205.5","A","Official value",""
"QCL","Crops and livestock products","356","India","5312","Area harvested","01345","Peaches and nectarines","2017","2017","ha","18381","A","Official value",""
"QCL","Crops and livestock products","356","India","5412","Yield","01345","Peaches and nectarines","2017","2017","kg/ha","5792.3","A","Official value",""
"QCL","Crops and livestock products","356","India","5510","Production","01345","Peaches and nectarines","2017","2017","t","106468","A","Official value",""
"QCL","Crops and livestock products","356","India","5312","Area harvested","01345","Peaches and nectarines","2018","2018","ha","18538","A","Official value",""
"QCL","Crops and livestock products","356","India","5412","Yield","01345","Peaches and nectarines","2018","2018","kg/ha","6135.4","A","Official value",""
"QCL","Crops and livestock products","356","India","5510","Production","01345","Peaches and nectarines","2018","2018","t","113738.68","A","Official value",""
"QCL","Crops and livestock products","356","India","5312","Area harvested","01345","Peaches and nectarines","2019","2019","ha","18798","A","Official value",""
"QCL","Crops and livestock products","356","India","5412","Yield","01345","Peaches and nectarines","2019","2019","kg/ha","6255","A","Official value",""
"QCL","Crops and livestock products","356","India","5510","Production","01345","Peaches and nectarines","2019","2019","t","117579.52","A","Official value",""
"QCL","Crops and livestock products","356","India","5312","Area harvested","01345","Peaches and nectarines","2020","2020","ha","18578","A","Official value",""
"QCL","Crops and livestock products","356","India","5412","Yield","01345","Peaches and nectarines","2020","2020","kg/ha","6407.2","A","Official value",""
"QCL","Crops and livestock products","356","India","5510","Production","01345","Peaches and nectarines","2020","2020","t","119033.82","A","Official value",""
"QCL","Crops and livestock products","356","India","5312","Area harvested","01345","Peaches and nectarines","2021","2021","ha","18338","A","Official value",""
"QCL","Crops and livestock products","356","India","5412","Yield","01345","Peaches and nectarines","2021","2021","kg/ha","6065.7","A","Official value",""
"QCL","Crops and livestock products","356","India","5510","Production","01345","Peaches and nectarines","2021","2021","t","111230.36","A","Official value",""
"QCL","Crops and livestock products","356","India","5312","Area harvested","01345","Peaches and nectarines","2022","2022","ha","19168","A","Official value",""
"QCL","Crops and livestock products","356","India","5412","Yield","01345","Peaches and nectarines","2022","2022","kg/ha","6325.3","A","Official value",""
"QCL","Crops and livestock products","356","India","5510","Production","01345","Peaches and nectarines","2022","2022","t","121243","A","Official value",""
"QCL","Crops and livestock products","356","India","5312","Area harvested","01345","Peaches and nectarines","2023","2023","ha","16488","A","Official value",""
"QCL","Crops and livestock products","356","India","5412","Yield","01345","Peaches and nectarines","2023","2023","kg/ha","6168.4","A","Official value",""
"QCL","Crops and livestock products","356","India","5510","Production","01345","Peaches and nectarines","2023","2023","t","101705","A","Official value",""
"QCL","Crops and livestock products","356","India","5312","Area harvested","01345","Peaches and nectarines","2024","2024","ha","16686","A","Official value",""
"QCL","Crops and livestock products","356","India","5412","Yield","01345","Peaches and nectarines","2024","2024","kg/ha","6515.6","A","Official value",""
"QCL","Crops and livestock products","356","India","5510","Production","01345","Peaches and nectarines","2024","2024","t","108719","A","Official value",""
"QCL","Crops and livestock products","356","India","5312","Area harvested","01342.01","Pears","2015","2015","ha","42000","A","Official value",""
"QCL","Crops and livestock products","356","India","5412","Yield","01342.01","Pears","2015","2015","kg/ha","7214.3","A","Official value",""
"QCL","Crops and livestock products","356","India","5510","Production","01342.01","Pears","2015","2015","t","303000","A","Official value",""
"QCL","Crops and livestock products","356","India","5312","Area harvested","01342.01","Pears","2016","2016","ha","40000","A","Official value",""
"QCL","Crops and livestock products","356","India","5412","Yield","01342.01","Pears","2016","2016","kg/ha","8075","A","Official value",""
"QCL","Crops and livestock products","356","India","5510","Production","01342.01","Pears","2016","2016","t","323000","A","Official value",""
"QCL","Crops and livestock products","356","India","5312","Area harvested","01342.01","Pears","2017","2017","ha","44000","A","Official value",""
"QCL","Crops and livestock products","356","India","5412","Yield","01342.01","Pears","2017","2017","kg/ha","7863.6","A","Official value",""
"QCL","Crops and livestock products","356","India","5510","Production","01342.01","Pears","2017","2017","t","346000","A","Official value",""
"QCL","Crops and livestock products","356","India","5312","Area harvested","01342.01","Pears","2018","2018","ha","44000","A","Official value",""
"QCL","Crops and livestock products","356","India","5412","Yield","01342.01","Pears","2018","2018","kg/ha","7227.3","A","Official value",""
"QCL","Crops and livestock products","356","India","5510","Production","01342.01","Pears","2018","2018","t","318000","A","Official value",""
"QCL","Crops and livestock products","356","India","5312","Area harvested","01342.01","Pears","2019","2019","ha","42000","A","Official value",""
"QCL","Crops and livestock products","356","India","5412","Yield","01342.01","Pears","2019","2019","kg/ha","7142.9","A","Official value",""
"QCL","Crops and livestock products","356","India","5510","Production","01342.01","Pears","2019","2019","t","300000","A","Official value",""
"QCL","Crops and livestock products","356","India","5312","Area harvested","01342.01","Pears","2020","2020","ha","43000","A","Official value",""
"QCL","Crops and livestock products","356","India","5412","Yield","01342.01","Pears","2020","2020","kg/ha","6744.2","A","Official value",""
"QCL","Crops and livestock products","356","India","5510","Production","01342.01","Pears","2020","2020","t","290000","A","Official value",""
"QCL","Crops and livestock products","356","India","5312","Area harvested","01342.01","Pears","2021","2021","ha","42000","A","Official value",""
"QCL","Crops and livestock products","356","India","5412","Yield","01342.01","Pears","2021","2021","kg/ha","6571.4","A","Official value",""
"QCL","Crops and livestock products","356","India","5510","Production","01342.01","Pears","2021","2021","t","276000","A","Official value",""
"QCL","Crops and livestock products","356","India","5312","Area harvested","01342.01","Pears","2022","2022","ha","44000","A","Official value",""
"QCL","Crops and livestock products","356","India","5412","Yield","01342.01","Pears","2022","2022","kg/ha","7022.7","A","Official value",""
"QCL","Crops and livestock products","356","India","5510","Production","01342.01","Pears","2022","2022","t","309000","A","Official value",""
"QCL","Crops and livestock products","356","India","5312","Area harvested","01342.01","Pears","2023","2023","ha","35000","A","Official value",""
"QCL","Crops and livestock products","356","India","5412","Yield","01342.01","Pears","2023","2023","kg/ha","7742.9","A","Official value",""
"QCL","Crops and livestock products","356","India","5510","Production","01342.01","Pears","2023","2023","t","271000","A","Official value",""
"QCL","Crops and livestock products","356","India","5312","Area harvested","01342.01","Pears","2024","2024","ha","35023","A","Official value",""
"QCL","Crops and livestock products","356","India","5412","Yield","01342.01","Pears","2024","2024","kg/ha","7832.4","A","Official value",""
"QCL","Crops and livestock products","356","India","5510","Production","01342.01","Pears","2024","2024","t","274315","A","Official value",""
"QCL","Crops and livestock products","356","India","5312","Area harvested","01705","Peas, dry","2015","2015","ha","975000","A","Official value",""
"QCL","Crops and livestock products","356","India","5412","Yield","01705","Peas, dry","2015","2015","kg/ha","911.8","A","Official value",""
"QCL","Crops and livestock products","356","India","5510","Production","01705","Peas, dry","2015","2015","t","889000","A","Official value",""
"QCL","Crops and livestock products","356","India","5312","Area harvested","01705","Peas, dry","2016","2016","ha","903000","A","Official value",""
"QCL","Crops and livestock products","356","India","5412","Yield","01705","Peas, dry","2016","2016","kg/ha","821.7","A","Official value",""
"QCL","Crops and livestock products","356","India","5510","Production","01705","Peas, dry","2016","2016","t","742000","A","Official value",""
"QCL","Crops and livestock products","356","India","5312","Area harvested","01705","Peas, dry","2017","2017","ha","1058880","A","Official value",""
"QCL","Crops and livestock products","356","India","5412","Yield","01705","Peas, dry","2017","2017","kg/ha","955","A","Official value",""
"QCL","Crops and livestock products","356","India","5510","Production","01705","Peas, dry","2017","2017","t","1011190","A","Official value",""
"QCL","Crops and livestock products","356","India","5312","Area harvested","01705","Peas, dry","2018","2018","ha","825210","A","Official value",""
"QCL","Crops and livestock products","356","India","5412","Yield","01705","Peas, dry","2018","2018","kg/ha","1203.6","A","Official value",""
"QCL","Crops and livestock products","356","India","5510","Production","01705","Peas, dry","2018","2018","t","993250","A","Official value",""
"QCL","Crops and livestock products","356","India","5312","Area harvested","01705","Peas, dry","2019","2019","ha","606720","A","Official value",""
"QCL","Crops and livestock products","356","India","5412","Yield","01705","Peas, dry","2019","2019","kg/ha","1338","A","Official value",""
"QCL","Crops and livestock products","356","India","5510","Production","01705","Peas, dry","2019","2019","t","811810","A","Official value",""
"QCL","Crops and livestock products","356","India","5312","Area harvested","01705","Peas, dry","2020","2020","ha","597297","A","Official value",""
"QCL","Crops and livestock products","356","India","5412","Yield","01705","Peas, dry","2020","2020","kg/ha","1440.1","A","Official value",""
"QCL","Crops and livestock products","356","India","5510","Production","01705","Peas, dry","2020","2020","t","860160","A","Official value",""
"QCL","Crops and livestock products","356","India","5312","Area harvested","01705","Peas, dry","2021","2021","ha","637566","A","Official value",""
"QCL","Crops and livestock products","356","India","5412","Yield","01705","Peas, dry","2021","2021","kg/ha","1374.8","A","Official value",""
"QCL","Crops and livestock products","356","India","5510","Production","01705","Peas, dry","2021","2021","t","876542","A","Official value",""
"QCL","Crops and livestock products","356","India","5312","Area harvested","01705","Peas, dry","2022","2022","ha","761959","A","Official value",""
"QCL","Crops and livestock products","356","India","5412","Yield","01705","Peas, dry","2022","2022","kg/ha","1318.2","A","Official value",""
"QCL","Crops and livestock products","356","India","5510","Production","01705","Peas, dry","2022","2022","t","1004402","A","Official value",""
"QCL","Crops and livestock products","356","India","5312","Area harvested","01705","Peas, dry","2023","2023","ha","838961","A","Official value",""
"QCL","Crops and livestock products","356","India","5412","Yield","01705","Peas, dry","2023","2023","kg/ha","1352.1","A","Official value",""
"QCL","Crops and livestock products","356","India","5510","Production","01705","Peas, dry","2023","2023","t","1134336.56","A","Official value",""
"QCL","Crops and livestock products","356","India","5312","Area harvested","01705","Peas, dry","2024","2024","ha","771985","I","Value imputed by a receiving agency",""
"QCL","Crops and livestock products","356","India","5412","Yield","01705","Peas, dry","2024","2024","kg/ha","1381.6","E","Estimated value",""
"QCL","Crops and livestock products","356","India","5510","Production","01705","Peas, dry","2024","2024","t","1066557.47","I","Value imputed by a receiving agency",""
"QCL","Crops and livestock products","356","India","5312","Area harvested","01242","Peas, green","2015","2015","ha","476000","A","Official value",""
"QCL","Crops and livestock products","356","India","5412","Yield","01242","Peas, green","2015","2015","kg/ha","9773.1","A","Official value",""
"QCL","Crops and livestock products","356","India","5510","Production","01242","Peas, green","2015","2015","t","4652000","A","Official value",""
"QCL","Crops and livestock products","356","India","5312","Area harvested","01242","Peas, green","2016","2016","ha","498000","A","Official value",""
"QCL","Crops and livestock products","356","India","5412","Yield","01242","Peas, green","2016","2016","kg/ha","9660.6","A","Official value",""
"QCL","Crops and livestock products","356","India","5510","Production","01242","Peas, green","2016","2016","t","4811000","A","Official value",""
"QCL","Crops and livestock products","356","India","5312","Area harvested","01242","Peas, green","2017","2017","ha","530000","A","Official value",""
"QCL","Crops and livestock products","356","India","5412","Yield","01242","Peas, green","2017","2017","kg/ha","10084.9","A","Official value",""
"QCL","Crops and livestock products","356","India","5510","Production","01242","Peas, green","2017","2017","t","5345000","A","Official value",""
"QCL","Crops and livestock products","356","India","5312","Area harvested","01242","Peas, green","2018","2018","ha","540000","A","Official value",""
"QCL","Crops and livestock products","356","India","5412","Yield","01242","Peas, green","2018","2018","kg/ha","10040.7","A","Official value",""
"QCL","Crops and livestock products","356","India","5510","Production","01242","Peas, green","2018","2018","t","5422000","A","Official value",""
"QCL","Crops and livestock products","356","India","5312","Area harvested","01242","Peas, green","2019","2019","ha","552000","A","Official value",""
"QCL","Crops and livestock products","356","India","5412","Yield","01242","Peas, green","2019","2019","kg/ha","10076.1","A","Official value",""
"QCL","Crops and livestock products","356","India","5510","Production","01242","Peas, green","2019","2019","t","5562000","A","Official value",""
"QCL","Crops and livestock products","356","India","5312","Area harvested","01242","Peas, green","2020","2020","ha","568000","A","Official value",""
"QCL","Crops and livestock products","356","India","5412","Yield","01242","Peas, green","2020","2020","kg/ha","10295.8","A","Official value",""
"QCL","Crops and livestock products","356","India","5510","Production","01242","Peas, green","2020","2020","t","5848000","A","Official value",""
"QCL","Crops and livestock products","356","India","5312","Area harvested","01242","Peas, green","2021","2021","ha","567000","A","Official value",""
"QCL","Crops and livestock products","356","India","5412","Yield","01242","Peas, green","2021","2021","kg/ha","10310.4","A","Official value",""
"QCL","Crops and livestock products","356","India","5510","Production","01242","Peas, green","2021","2021","t","5846000","A","Official value",""
"QCL","Crops and livestock products","356","India","5312","Area harvested","01242","Peas, green","2022","2022","ha","590000","A","Official value",""
"QCL","Crops and livestock products","356","India","5412","Yield","01242","Peas, green","2022","2022","kg/ha","10478","A","Official value",""
"QCL","Crops and livestock products","356","India","5510","Production","01242","Peas, green","2022","2022","t","6182000","A","Official value",""
"QCL","Crops and livestock products","356","India","5312","Area harvested","01242","Peas, green","2023","2023","ha","609000","A","Official value",""
"QCL","Crops and livestock products","356","India","5412","Yield","01242","Peas, green","2023","2023","kg/ha","10824.3","A","Official value",""
"QCL","Crops and livestock products","356","India","5510","Production","01242","Peas, green","2023","2023","t","6592000","A","Official value",""
"QCL","Crops and livestock products","356","India","5312","Area harvested","01242","Peas, green","2024","2024","ha","611389","A","Official value",""
"QCL","Crops and livestock products","356","India","5412","Yield","01242","Peas, green","2024","2024","kg/ha","10910.6","A","Official value",""
"QCL","Crops and livestock products","356","India","5510","Production","01242","Peas, green","2024","2024","t","6670595","A","Official value",""
"QCL","Crops and livestock products","356","India","5312","Area harvested","01651","Pepper (Piper spp.), raw","2015","2015","ha","129000","A","Official value",""
"QCL","Crops and livestock products","356","India","5412","Yield","01651","Pepper (Piper spp.), raw","2015","2015","kg/ha","503.9","A","Official value",""
"QCL","Crops and livestock products","356","India","5510","Production","01651","Pepper (Piper spp.), raw","2015","2015","t","65000","A","Official value",""
"QCL","Crops and livestock products","356","India","5312","Area harvested","01651","Pepper (Piper spp.), raw","2016","2016","ha","129000","A","Official value",""
"QCL","Crops and livestock products","356","India","5412","Yield","01651","Pepper (Piper spp.), raw","2016","2016","kg/ha","426.4","A","Official value",""
"QCL","Crops and livestock products","356","India","5510","Production","01651","Pepper (Piper spp.), raw","2016","2016","t","55000","A","Official value",""
"QCL","Crops and livestock products","356","India","5312","Area harvested","01651","Pepper (Piper spp.), raw","2017","2017","ha","132000","A","Official value",""
"QCL","Crops and livestock products","356","India","5412","Yield","01651","Pepper (Piper spp.), raw","2017","2017","kg/ha","545.5","A","Official value",""
"QCL","Crops and livestock products","356","India","5510","Production","01651","Pepper (Piper spp.), raw","2017","2017","t","72000","A","Official value",""
"QCL","Crops and livestock products","356","India","5312","Area harvested","01651","Pepper (Piper spp.), raw","2018","2018","ha","134000","A","Official value",""
"QCL","Crops and livestock products","356","India","5412","Yield","01651","Pepper (Piper spp.), raw","2018","2018","kg/ha","492.5","A","Official value",""
"QCL","Crops and livestock products","356","India","5510","Production","01651","Pepper (Piper spp.), raw","2018","2018","t","66000","A","Official value",""
"QCL","Crops and livestock products","356","India","5312","Area harvested","01651","Pepper (Piper spp.), raw","2019","2019","ha","245000","A","Official value",""
"QCL","Crops and livestock products","356","India","5412","Yield","01651","Pepper (Piper spp.), raw","2019","2019","kg/ha","559.2","A","Official value",""
"QCL","Crops and livestock products","356","India","5510","Production","01651","Pepper (Piper spp.), raw","2019","2019","t","137000","A","Official value",""
"QCL","Crops and livestock products","356","India","5312","Area harvested","01651","Pepper (Piper spp.), raw","2020","2020","ha","259000","A","Official value",""
"QCL","Crops and livestock products","356","India","5412","Yield","01651","Pepper (Piper spp.), raw","2020","2020","kg/ha","401.5","A","Official value",""
"QCL","Crops and livestock products","356","India","5510","Production","01651","Pepper (Piper spp.), raw","2020","2020","t","104000","A","Official value",""
"QCL","Crops and livestock products","356","India","5312","Area harvested","01651","Pepper (Piper spp.), raw","2021","2021","ha","309000","A","Official value",""
"QCL","Crops and livestock products","356","India","5412","Yield","01651","Pepper (Piper spp.), raw","2021","2021","kg/ha","456.3","A","Official value",""
"QCL","Crops and livestock products","356","India","5510","Production","01651","Pepper (Piper spp.), raw","2021","2021","t","141000","A","Official value",""
"QCL","Crops and livestock products","356","India","5312","Area harvested","01651","Pepper (Piper spp.), raw","2022","2022","ha","284000","A","Official value",""
"QCL","Crops and livestock products","356","India","5412","Yield","01651","Pepper (Piper spp.), raw","2022","2022","kg/ha","334.5","A","Official value",""
"QCL","Crops and livestock products","356","India","5510","Production","01651","Pepper (Piper spp.), raw","2022","2022","t","95000","A","Official value",""
"QCL","Crops and livestock products","356","India","5312","Area harvested","01651","Pepper (Piper spp.), raw","2023","2023","ha","299000","A","Official value",""
"QCL","Crops and livestock products","356","India","5412","Yield","01651","Pepper (Piper spp.), raw","2023","2023","kg/ha","391.3","A","Official value",""
"QCL","Crops and livestock products","356","India","5510","Production","01651","Pepper (Piper spp.), raw","2023","2023","t","117000","A","Official value",""
"QCL","Crops and livestock products","356","India","5312","Area harvested","01651","Pepper (Piper spp.), raw","2024","2024","ha","312902","A","Official value",""
"QCL","Crops and livestock products","356","India","5412","Yield","01651","Pepper (Piper spp.), raw","2024","2024","kg/ha","402.8","A","Official value",""
"QCL","Crops and livestock products","356","India","5510","Production","01651","Pepper (Piper spp.), raw","2024","2024","t","126038","A","Official value",""
"QCL","Crops and livestock products","356","India","5312","Area harvested","01707","Pigeon peas, dry","2015","2015","ha","3963348","A","Official value",""
"QCL","Crops and livestock products","356","India","5412","Yield","01707","Pigeon peas, dry","2015","2015","kg/ha","646.2","A","Official value",""
"QCL","Crops and livestock products","356","India","5510","Production","01707","Pigeon peas, dry","2015","2015","t","2560960.5","A","Official value",""
"QCL","Crops and livestock products","356","India","5312","Area harvested","01707","Pigeon peas, dry","2016","2016","ha","5337886","A","Official value",""
"QCL","Crops and livestock products","356","India","5412","Yield","01707","Pigeon peas, dry","2016","2016","kg/ha","913","A","Official value",""
"QCL","Crops and livestock products","356","India","5510","Production","01707","Pigeon peas, dry","2016","2016","t","4873240.54","A","Official value",""
"QCL","Crops and livestock products","356","India","5312","Area harvested","01707","Pigeon peas, dry","2017","2017","ha","4438306","A","Official value",""
"QCL","Crops and livestock products","356","India","5412","Yield","01707","Pigeon peas, dry","2017","2017","kg/ha","966.5","A","Official value",""
"QCL","Crops and livestock products","356","India","5510","Production","01707","Pigeon peas, dry","2017","2017","t","4289822.37","A","Official value",""
"QCL","Crops and livestock products","356","India","5312","Area harvested","01707","Pigeon peas, dry","2018","2018","ha","4549542","A","Official value",""
"QCL","Crops and livestock products","356","India","5412","Yield","01707","Pigeon peas, dry","2018","2018","kg/ha","728.7","A","Official value",""
"QCL","Crops and livestock products","356","India","5510","Production","01707","Pigeon peas, dry","2018","2018","t","3315442.36","A","Official value",""
"QCL","Crops and livestock products","356","India","5312","Area harvested","01707","Pigeon peas, dry","2019","2019","ha","4532470","A","Official value",""
"QCL","Crops and livestock products","356","India","5412","Yield","01707","Pigeon peas, dry","2019","2019","kg/ha","858.6","A","Official value",""
"QCL","Crops and livestock products","356","India","5510","Production","01707","Pigeon peas, dry","2019","2019","t","3891725.17","A","Official value",""
"QCL","Crops and livestock products","356","India","5312","Area harvested","01707","Pigeon peas, dry","2020","2020","ha","4724445","A","Official value",""
"QCL","Crops and livestock products","356","India","5412","Yield","01707","Pigeon peas, dry","2020","2020","kg/ha","913.5","A","Official value",""
"QCL","Crops and livestock products","356","India","5510","Production","01707","Pigeon peas, dry","2020","2020","t","4315897.25","A","Official value",""
"QCL","Crops and livestock products","356","India","5312","Area harvested","01707","Pigeon peas, dry","2021","2021","ha","4900257","A","Official value",""
"QCL","Crops and livestock products","356","India","5412","Yield","01707","Pigeon peas, dry","2021","2021","kg/ha","861.2","A","Official value",""
"QCL","Crops and livestock products","356","India","5510","Production","01707","Pigeon peas, dry","2021","2021","t","4220191.99","A","Official value",""
"QCL","Crops and livestock products","356","India","5312","Area harvested","01707","Pigeon peas, dry","2022","2022","ha","4068434","A","Official value",""
"QCL","Crops and livestock products","356","India","5412","Yield","01707","Pigeon peas, dry","2022","2022","kg/ha","814","A","Official value",""
"QCL","Crops and livestock products","356","India","5510","Production","01707","Pigeon peas, dry","2022","2022","t","3311532.36","A","Official value",""
"QCL","Crops and livestock products","356","India","5312","Area harvested","01707","Pigeon peas, dry","2023","2023","ha","4130592","A","Official value",""
"QCL","Crops and livestock products","356","India","5412","Yield","01707","Pigeon peas, dry","2023","2023","kg/ha","827.2","A","Official value",""
"QCL","Crops and livestock products","356","India","5510","Production","01707","Pigeon peas, dry","2023","2023","t","3416838.21","A","Official value",""
"QCL","Crops and livestock products","356","India","5312","Area harvested","01707","Pigeon peas, dry","2024","2024","ha","4199271","A","Official value",""
"QCL","Crops and livestock products","356","India","5412","Yield","01707","Pigeon peas, dry","2024","2024","kg/ha","836.1","A","Official value",""
"QCL","Crops and livestock products","356","India","5510","Production","01707","Pigeon peas, dry","2024","2024","t","3510869.73","A","Official value",""
"QCL","Crops and livestock products","356","India","5312","Area harvested","01318","Pineapples","2015","2015","ha","116000","A","Official value",""
"QCL","Crops and livestock products","356","India","5412","Yield","01318","Pineapples","2015","2015","kg/ha","17103.4","A","Official value",""
"QCL","Crops and livestock products","356","India","5510","Production","01318","Pineapples","2015","2015","t","1984000","A","Official value",""
"QCL","Crops and livestock products","356","India","5312","Area harvested","01318","Pineapples","2016","2016","ha","110000","A","Official value",""
"QCL","Crops and livestock products","356","India","5412","Yield","01318","Pineapples","2016","2016","kg/ha","17490.9","A","Official value",""
"QCL","Crops and livestock products","356","India","5510","Production","01318","Pineapples","2016","2016","t","1924000","A","Official value",""
"QCL","Crops and livestock products","356","India","5312","Area harvested","01318","Pineapples","2017","2017","ha","111000","A","Official value",""
"QCL","Crops and livestock products","356","India","5412","Yield","01318","Pineapples","2017","2017","kg/ha","16765.8","A","Official value",""
"QCL","Crops and livestock products","356","India","5510","Production","01318","Pineapples","2017","2017","t","1861000","A","Official value",""
"QCL","Crops and livestock products","356","India","5312","Area harvested","01318","Pineapples","2018","2018","ha","103000","A","Official value",""
"QCL","Crops and livestock products","356","India","5412","Yield","01318","Pineapples","2018","2018","kg/ha","16563.1","A","Official value",""
"QCL","Crops and livestock products","356","India","5510","Production","01318","Pineapples","2018","2018","t","1706000","A","Official value",""
"QCL","Crops and livestock products","356","India","5312","Area harvested","01318","Pineapples","2019","2019","ha","104000","A","Official value",""
"QCL","Crops and livestock products","356","India","5412","Yield","01318","Pineapples","2019","2019","kg/ha","16451.9","A","Official value",""
"QCL","Crops and livestock products","356","India","5510","Production","01318","Pineapples","2019","2019","t","1711000","A","Official value",""
"QCL","Crops and livestock products","356","India","5312","Area harvested","01318","Pineapples","2020","2020","ha","106000","A","Official value",""
"QCL","Crops and livestock products","356","India","5412","Yield","01318","Pineapples","2020","2020","kg/ha","16339.6","A","Official value",""
"QCL","Crops and livestock products","356","India","5510","Production","01318","Pineapples","2020","2020","t","1732000","A","Official value",""
"QCL","Crops and livestock products","356","India","5312","Area harvested","01318","Pineapples","2021","2021","ha","106000","A","Official value",""
"QCL","Crops and livestock products","356","India","5412","Yield","01318","Pineapples","2021","2021","kg/ha","16971.7","A","Official value",""
"QCL","Crops and livestock products","356","India","5510","Production","01318","Pineapples","2021","2021","t","1799000","A","Official value",""
"QCL","Crops and livestock products","356","India","5312","Area harvested","01318","Pineapples","2022","2022","ha","108000","A","Official value",""
"QCL","Crops and livestock products","356","India","5412","Yield","01318","Pineapples","2022","2022","kg/ha","17138.9","A","Official value",""
"QCL","Crops and livestock products","356","India","5510","Production","01318","Pineapples","2022","2022","t","1851000","A","Official value",""
"QCL","Crops and livestock products","356","India","5312","Area harvested","01318","Pineapples","2023","2023","ha","108000","A","Official value",""
"QCL","Crops and livestock products","356","India","5412","Yield","01318","Pineapples","2023","2023","kg/ha","16925.9","A","Official value",""
"QCL","Crops and livestock products","356","India","5510","Production","01318","Pineapples","2023","2023","t","1828000","A","Official value",""
"QCL","Crops and livestock products","356","India","5312","Area harvested","01318","Pineapples","2024","2024","ha","106020","A","Official value",""
"QCL","Crops and livestock products","356","India","5412","Yield","01318","Pineapples","2024","2024","kg/ha","16350.7","A","Official value",""
"QCL","Crops and livestock products","356","India","5510","Production","01318","Pineapples","2024","2024","t","1733499","A","Official value",""
"QCL","Crops and livestock products","356","India","5312","Area harvested","01346","Plums and sloes","2015","2015","ha","23000","A","Official value",""
"QCL","Crops and livestock products","356","India","5412","Yield","01346","Plums and sloes","2015","2015","kg/ha","3130.4","A","Official value",""
"QCL","Crops and livestock products","356","India","5510","Production","01346","Plums and sloes","2015","2015","t","72000","A","Official value",""
"QCL","Crops and livestock products","356","India","5312","Area harvested","01346","Plums and sloes","2016","2016","ha","22395","A","Official value",""
"QCL","Crops and livestock products","356","India","5412","Yield","01346","Plums and sloes","2016","2016","kg/ha","3666.5","A","Official value",""
"QCL","Crops and livestock products","356","India","5510","Production","01346","Plums and sloes","2016","2016","t","82112","A","Official value",""
"QCL","Crops and livestock products","356","India","5312","Area harvested","01346","Plums and sloes","2017","2017","ha","23538","A","Official value",""
"QCL","Crops and livestock products","356","India","5412","Yield","01346","Plums and sloes","2017","2017","kg/ha","3441.2","A","Official value",""
"QCL","Crops and livestock products","356","India","5510","Production","01346","Plums and sloes","2017","2017","t","80999","A","Official value",""
"QCL","Crops and livestock products","356","India","5312","Area harvested","01346","Plums and sloes","2018","2018","ha","23434","A","Official value",""
"QCL","Crops and livestock products","356","India","5412","Yield","01346","Plums and sloes","2018","2018","kg/ha","3805.4","A","Official value",""
"QCL","Crops and livestock products","356","India","5510","Production","01346","Plums and sloes","2018","2018","t","89175.08","A","Official value",""
"QCL","Crops and livestock products","356","India","5312","Area harvested","01346","Plums and sloes","2019","2019","ha","23403","A","Official value",""
"QCL","Crops and livestock products","356","India","5412","Yield","01346","Plums and sloes","2019","2019","kg/ha","3645.2","A","Official value",""
"QCL","Crops and livestock products","356","India","5510","Production","01346","Plums and sloes","2019","2019","t","85309","A","Official value",""
"QCL","Crops and livestock products","356","India","5312","Area harvested","01346","Plums and sloes","2020","2020","ha","23421","A","Official value",""
"QCL","Crops and livestock products","356","India","5412","Yield","01346","Plums and sloes","2020","2020","kg/ha","3753.1","A","Official value",""
"QCL","Crops and livestock products","356","India","5510","Production","01346","Plums and sloes","2020","2020","t","87901.5","A","Official value",""
"QCL","Crops and livestock products","356","India","5312","Area harvested","01346","Plums and sloes","2021","2021","ha","23511","A","Official value",""
"QCL","Crops and livestock products","356","India","5412","Yield","01346","Plums and sloes","2021","2021","kg/ha","3592.1","A","Official value",""
"QCL","Crops and livestock products","356","India","5510","Production","01346","Plums and sloes","2021","2021","t","84452.53","A","Official value",""
"QCL","Crops and livestock products","356","India","5312","Area harvested","01346","Plums and sloes","2022","2022","ha","23868","A","Official value",""
"QCL","Crops and livestock products","356","India","5412","Yield","01346","Plums and sloes","2022","2022","kg/ha","3620.6","A","Official value",""
"QCL","Crops and livestock products","356","India","5510","Production","01346","Plums and sloes","2022","2022","t","86417","A","Official value",""
"QCL","Crops and livestock products","356","India","5312","Area harvested","01346","Plums and sloes","2023","2023","ha","17782","A","Official value",""
"QCL","Crops and livestock products","356","India","5412","Yield","01346","Plums and sloes","2023","2023","kg/ha","3661.6","A","Official value",""
"QCL","Crops and livestock products","356","India","5510","Production","01346","Plums and sloes","2023","2023","t","65111","A","Official value",""
"QCL","Crops and livestock products","356","India","5312","Area harvested","01346","Plums and sloes","2024","2024","ha","18050","A","Official value",""
"QCL","Crops and livestock products","356","India","5412","Yield","01346","Plums and sloes","2024","2024","kg/ha","3763.8","A","Official value",""
"QCL","Crops and livestock products","356","India","5510","Production","01346","Plums and sloes","2024","2024","t","67936","A","Official value",""
"QCL","Crops and livestock products","356","India","5312","Area harvested","01321","Pomelos and grapefruits","2015","2015","ha","11300","E","Estimated value",""
"QCL","Crops and livestock products","356","India","5412","Yield","01321","Pomelos and grapefruits","2015","2015","kg/ha","23053.1","E","Estimated value",""
"QCL","Crops and livestock products","356","India","5510","Production","01321","Pomelos and grapefruits","2015","2015","t","260500","A","Official value",""
"QCL","Crops and livestock products","356","India","5312","Area harvested","01321","Pomelos and grapefruits","2016","2016","ha","16271","E","Estimated value",""
"QCL","Crops and livestock products","356","India","5412","Yield","01321","Pomelos and grapefruits","2016","2016","kg/ha","23999.8","E","Estimated value",""
"QCL","Crops and livestock products","356","India","5510","Production","01321","Pomelos and grapefruits","2016","2016","t","390500","X","Value from external organization","Unofficial figure"
"QCL","Crops and livestock products","356","India","5312","Area harvested","01321","Pomelos and grapefruits","2017","2017","ha","","M","Missing value; data cannot exist",""
"QCL","Crops and livestock products","356","India","5510","Production","01321","Pomelos and grapefruits","2017","2017","t","","M","Missing value; data cannot exist",""
"QCL","Crops and livestock products","356","India","5312","Area harvested","01321","Pomelos and grapefruits","2018","2018","ha","","M","Missing value; data cannot exist",""
"QCL","Crops and livestock products","356","India","5510","Production","01321","Pomelos and grapefruits","2018","2018","t","","M","Missing value; data cannot exist",""
"QCL","Crops and livestock products","356","India","5312","Area harvested","01321","Pomelos and grapefruits","2019","2019","ha","","M","Missing value; data cannot exist",""
"QCL","Crops and livestock products","356","India","5510","Production","01321","Pomelos and grapefruits","2019","2019","t","","M","Missing value; data cannot exist",""
"QCL","Crops and livestock products","356","India","5312","Area harvested","01321","Pomelos and grapefruits","2020","2020","ha","","M","Missing value; data cannot exist",""
"QCL","Crops and livestock products","356","India","5510","Production","01321","Pomelos and grapefruits","2020","2020","t","","M","Missing value; data cannot exist",""
"QCL","Crops and livestock products","356","India","5312","Area harvested","01321","Pomelos and grapefruits","2021","2021","ha","","M","Missing value; data cannot exist",""
"QCL","Crops and livestock products","356","India","5510","Production","01321","Pomelos and grapefruits","2021","2021","t","","M","Missing value; data cannot exist",""
"QCL","Crops and livestock products","356","India","5312","Area harvested","01321","Pomelos and grapefruits","2022","2022","ha","","M","Missing value; data cannot exist",""
"QCL","Crops and livestock products","356","India","5510","Production","01321","Pomelos and grapefruits","2022","2022","t","","M","Missing value; data cannot exist",""
"QCL","Crops and livestock products","356","India","5312","Area harvested","01321","Pomelos and grapefruits","2023","2023","ha","","M","Missing value; data cannot exist",""
"QCL","Crops and livestock products","356","India","5510","Production","01321","Pomelos and grapefruits","2023","2023","t","","M","Missing value; data cannot exist",""
"QCL","Crops and livestock products","356","India","5312","Area harvested","01321","Pomelos and grapefruits","2024","2024","ha","","M","Missing value; data cannot exist",""
"QCL","Crops and livestock products","356","India","5510","Production","01321","Pomelos and grapefruits","2024","2024","t","","M","Missing value; data cannot exist",""
"QCL","Crops and livestock products","356","India","5510","Production","01448","Poppy seed","2015","2015","t","","M","Missing value; data cannot exist",""
"QCL","Crops and livestock products","356","India","5510","Production","01448","Poppy seed","2016","2016","t","","M","Missing value; data cannot exist",""
"QCL","Crops and livestock products","356","India","5510","Production","01448","Poppy seed","2017","2017","t","","M","Missing value; data cannot exist",""
"QCL","Crops and livestock products","356","India","5510","Production","01448","Poppy seed","2018","2018","t","","M","Missing value; data cannot exist",""
"QCL","Crops and livestock products","356","India","5510","Production","01448","Poppy seed","2019","2019","t","","M","Missing value; data cannot exist",""
"QCL","Crops and livestock products","356","India","5510","Production","01448","Poppy seed","2020","2020","t","","M","Missing value; data cannot exist",""
"QCL","Crops and livestock products","356","India","5510","Production","01448","Poppy seed","2021","2021","t","","M","Missing value; data cannot exist",""
"QCL","Crops and livestock products","356","India","5510","Production","01448","Poppy seed","2022","2022","t","","M","Missing value; data cannot exist",""
"QCL","Crops and livestock products","356","India","5510","Production","01448","Poppy seed","2023","2023","t","","M","Missing value; data cannot exist",""
"QCL","Crops and livestock products","356","India","5510","Production","01448","Poppy seed","2024","2024","t","","M","Missing value; data cannot exist",""
"QCL","Crops and livestock products","356","India","5312","Area harvested","01510","Potatoes","2015","2015","ha","2076000","A","Official value",""
"QCL","Crops and livestock products","356","India","5412","Yield","01510","Potatoes","2015","2015","kg/ha","23125.7","A","Official value",""
"QCL","Crops and livestock products","356","India","5510","Production","01510","Potatoes","2015","2015","t","48009000","A","Official value",""
"QCL","Crops and livestock products","356","India","5312","Area harvested","01510","Potatoes","2016","2016","ha","2117000","A","Official value",""
"QCL","Crops and livestock products","356","India","5412","Yield","01510","Potatoes","2016","2016","kg/ha","20508.7","A","Official value",""
"QCL","Crops and livestock products","356","India","5510","Production","01510","Potatoes","2016","2016","t","43417000","A","Official value",""
"QCL","Crops and livestock products","356","India","5312","Area harvested","01510","Potatoes","2017","2017","ha","2179000","A","Official value",""
"QCL","Crops and livestock products","356","India","5412","Yield","01510","Potatoes","2017","2017","kg/ha","22306.1","A","Official value",""
"QCL","Crops and livestock products","356","India","5510","Production","01510","Potatoes","2017","2017","t","48605000","A","Official value",""
"QCL","Crops and livestock products","356","India","5312","Area harvested","01510","Potatoes","2018","2018","ha","2142000","A","Official value",""
"QCL","Crops and livestock products","356","India","5412","Yield","01510","Potatoes","2018","2018","kg/ha","23954.2","A","Official value",""
"QCL","Crops and livestock products","356","India","5510","Production","01510","Potatoes","2018","2018","t","51310000","A","Official value",""
"QCL","Crops and livestock products","356","India","5312","Area harvested","01510","Potatoes","2019","2019","ha","2173000","A","Official value",""
"QCL","Crops and livestock products","356","India","5412","Yield","01510","Potatoes","2019","2019","kg/ha","23097.1","A","Official value",""
"QCL","Crops and livestock products","356","India","5510","Production","01510","Potatoes","2019","2019","t","50190000","A","Official value",""
"QCL","Crops and livestock products","356","India","5312","Area harvested","01510","Potatoes","2020","2020","ha","2051000","A","Official value",""
"QCL","Crops and livestock products","356","India","5412","Yield","01510","Potatoes","2020","2020","kg/ha","23677.2","A","Official value",""
"QCL","Crops and livestock products","356","India","5510","Production","01510","Potatoes","2020","2020","t","48562000","A","Official value",""
"QCL","Crops and livestock products","356","India","5312","Area harvested","01510","Potatoes","2021","2021","ha","2248000","A","Official value",""
"QCL","Crops and livestock products","356","India","5412","Yield","01510","Potatoes","2021","2021","kg/ha","24123.7","A","Official value",""
"QCL","Crops and livestock products","356","India","5510","Production","01510","Potatoes","2021","2021","t","54230000","A","Official value",""
"QCL","Crops and livestock products","356","India","5312","Area harvested","01510","Potatoes","2022","2022","ha","2226000","A","Official value",""
"QCL","Crops and livestock products","356","India","5412","Yield","01510","Potatoes","2022","2022","kg/ha","25236.3","A","Official value",""
"QCL","Crops and livestock products","356","India","5510","Production","01510","Potatoes","2022","2022","t","56176000","A","Official value",""
"QCL","Crops and livestock products","356","India","5312","Area harvested","01510","Potatoes","2023","2023","ha","2332000","A","Official value",""
"QCL","Crops and livestock products","356","India","5412","Yield","01510","Potatoes","2023","2023","kg/ha","25789.9","A","Official value",""
"QCL","Crops and livestock products","356","India","5510","Production","01510","Potatoes","2023","2023","t","60142000","A","Official value",""
"QCL","Crops and livestock products","356","India","5312","Area harvested","01510","Potatoes","2024","2024","ha","2322229","A","Official value",""
"QCL","Crops and livestock products","356","India","5412","Yield","01510","Potatoes","2024","2024","kg/ha","24568.4","A","Official value",""
"QCL","Crops and livestock products","356","India","5510","Production","01510","Potatoes","2024","2024","t","57053344","A","Official value",""
"QCL","Crops and livestock products","356","India","5312","Area harvested","01235","Pumpkins, squash and gourds","2015","2015","ha","251000","A","Official value",""
"QCL","Crops and livestock products","356","India","5412","Yield","01235","Pumpkins, squash and gourds","2015","2015","kg/ha","16195.2","A","Official value",""
"QCL","Crops and livestock products","356","India","5510","Production","01235","Pumpkins, squash and gourds","2015","2015","t","4065000","A","Official value",""
"QCL","Crops and livestock products","356","India","5312","Area harvested","01235","Pumpkins, squash and gourds","2016","2016","ha","328145","A","Official value",""
"QCL","Crops and livestock products","356","India","5412","Yield","01235","Pumpkins, squash and gourds","2016","2016","kg/ha","16080","A","Official value",""
"QCL","Crops and livestock products","356","India","5510","Production","01235","Pumpkins, squash and gourds","2016","2016","t","5276568.2","A","Official value",""
"QCL","Crops and livestock products","356","India","5312","Area harvested","01235","Pumpkins, squash and gourds","2017","2017","ha","339656","A","Official value",""
"QCL","Crops and livestock products","356","India","5412","Yield","01235","Pumpkins, squash and gourds","2017","2017","kg/ha","16165.8","A","Official value",""
"QCL","Crops and livestock products","356","India","5510","Production","01235","Pumpkins, squash and gourds","2017","2017","t","5490818.5","A","Official value",""
"QCL","Crops and livestock products","356","India","5312","Area harvested","01235","Pumpkins, squash and gourds","2018","2018","ha","352541","A","Official value",""
"QCL","Crops and livestock products","356","India","5412","Yield","01235","Pumpkins, squash and gourds","2018","2018","kg/ha","16576.3","A","Official value",""
"QCL","Crops and livestock products","356","India","5510","Production","01235","Pumpkins, squash and gourds","2018","2018","t","5843833.76","A","Official value",""
"QCL","Crops and livestock products","356","India","5312","Area harvested","01235","Pumpkins, squash and gourds","2019","2019","ha","435197","A","Official value",""
"QCL","Crops and livestock products","356","India","5412","Yield","01235","Pumpkins, squash and gourds","2019","2019","kg/ha","16121.9","A","Official value",""
"QCL","Crops and livestock products","356","India","5510","Production","01235","Pumpkins, squash and gourds","2019","2019","t","7016217.4","A","Official value",""
"QCL","Crops and livestock products","356","India","5312","Area harvested","01235","Pumpkins, squash and gourds","2020","2020","ha","459443","A","Official value",""
"QCL","Crops and livestock products","356","India","5412","Yield","01235","Pumpkins, squash and gourds","2020","2020","kg/ha","15912.9","A","Official value",""
"QCL","Crops and livestock products","356","India","5510","Production","01235","Pumpkins, squash and gourds","2020","2020","t","7311064.57","A","Official value",""
"QCL","Crops and livestock products","356","India","5312","Area harvested","01235","Pumpkins, squash and gourds","2021","2021","ha","469010","A","Official value",""
"QCL","Crops and livestock products","356","India","5412","Yield","01235","Pumpkins, squash and gourds","2021","2021","kg/ha","15845.1","A","Official value",""
"QCL","Crops and livestock products","356","India","5510","Production","01235","Pumpkins, squash and gourds","2021","2021","t","7431483.75","A","Official value",""
"QCL","Crops and livestock products","356","India","5312","Area harvested","01235","Pumpkins, squash and gourds","2022","2022","ha","496430","A","Official value",""
"QCL","Crops and livestock products","356","India","5412","Yield","01235","Pumpkins, squash and gourds","2022","2022","kg/ha","15536.8","A","Official value",""
"QCL","Crops and livestock products","356","India","5510","Production","01235","Pumpkins, squash and gourds","2022","2022","t","7712938","A","Official value",""
"QCL","Crops and livestock products","356","India","5312","Area harvested","01235","Pumpkins, squash and gourds","2023","2023","ha","491429","A","Official value",""
"QCL","Crops and livestock products","356","India","5412","Yield","01235","Pumpkins, squash and gourds","2023","2023","kg/ha","16220.6","A","Official value",""
"QCL","Crops and livestock products","356","India","5510","Production","01235","Pumpkins, squash and gourds","2023","2023","t","7971270","A","Official value",""
"QCL","Crops and livestock products","356","India","5312","Area harvested","01235","Pumpkins, squash and gourds","2024","2024","ha","560547","A","Official value",""
"QCL","Crops and livestock products","356","India","5412","Yield","01235","Pumpkins, squash and gourds","2024","2024","kg/ha","16645.7","A","Official value",""
"QCL","Crops and livestock products","356","India","5510","Production","01235","Pumpkins, squash and gourds","2024","2024","t","9330691","A","Official value",""
"QCL","Crops and livestock products","356","India","5312","Area harvested","01443","Rape or colza seed","2015","2015","ha","5791000","A","Official value",""
"QCL","Crops and livestock products","356","India","5412","Yield","01443","Rape or colza seed","2015","2015","kg/ha","1084.8","A","Official value",""
"QCL","Crops and livestock products","356","India","5510","Production","01443","Rape or colza seed","2015","2015","t","6282000","A","Official value",""
"QCL","Crops and livestock products","356","India","5312","Area harvested","01443","Rape or colza seed","2016","2016","ha","5762000","A","Official value",""
"QCL","Crops and livestock products","356","India","5412","Yield","01443","Rape or colza seed","2016","2016","kg/ha","1179.6","A","Official value",""
"QCL","Crops and livestock products","356","India","5510","Production","01443","Rape or colza seed","2016","2016","t","6797000","A","Official value",""
"QCL","Crops and livestock products","356","India","5312","Area harvested","01443","Rape or colza seed","2017","2017","ha","6073820","A","Official value",""
"QCL","Crops and livestock products","356","India","5412","Yield","01443","Rape or colza seed","2017","2017","kg/ha","1303.5","A","Official value",""
"QCL","Crops and livestock products","356","India","5510","Production","01443","Rape or colza seed","2017","2017","t","7917230","A","Official value",""
"QCL","Crops and livestock products","356","India","5312","Area harvested","01443","Rape or colza seed","2018","2018","ha","5977160","A","Official value",""
"QCL","Crops and livestock products","356","India","5412","Yield","01443","Rape or colza seed","2018","2018","kg/ha","1410.3","A","Official value",""
"QCL","Crops and livestock products","356","India","5510","Production","01443","Rape or colza seed","2018","2018","t","8429850","A","Official value",""
"QCL","Crops and livestock products","356","India","5312","Area harvested","01443","Rape or colza seed","2019","2019","ha","6123930","A","Official value",""
"QCL","Crops and livestock products","356","India","5412","Yield","01443","Rape or colza seed","2019","2019","kg/ha","1511.4","A","Official value",""
"QCL","Crops and livestock products","356","India","5510","Production","01443","Rape or colza seed","2019","2019","t","9255660","A","Official value",""
"QCL","Crops and livestock products","356","India","5312","Area harvested","01443","Rape or colza seed","2020","2020","ha","6856270","A","Official value",""
"QCL","Crops and livestock products","356","India","5412","Yield","01443","Rape or colza seed","2020","2020","kg/ha","1330.7","A","Official value",""
"QCL","Crops and livestock products","356","India","5510","Production","01443","Rape or colza seed","2020","2020","t","9123640","A","Official value",""
"QCL","Crops and livestock products","356","India","5312","Area harvested","01443","Rape or colza seed","2021","2021","ha","6699760","A","Official value",""
"QCL","Crops and livestock products","356","India","5412","Yield","01443","Rape or colza seed","2021","2021","kg/ha","1523.9","A","Official value",""
"QCL","Crops and livestock products","356","India","5510","Production","01443","Rape or colza seed","2021","2021","t","10210010","A","Official value",""
"QCL","Crops and livestock products","356","India","5312","Area harvested","01443","Rape or colza seed","2022","2022","ha","7991420","A","Official value",""
"QCL","Crops and livestock products","356","India","5412","Yield","01443","Rape or colza seed","2022","2022","kg/ha","1497","A","Official value",""
"QCL","Crops and livestock products","356","India","5510","Production","01443","Rape or colza seed","2022","2022","t","11963090","A","Official value",""
"QCL","Crops and livestock products","356","India","5312","Area harvested","01443","Rape or colza seed","2023","2023","ha","8851524","A","Official value",""
"QCL","Crops and livestock products","356","India","5412","Yield","01443","Rape or colza seed","2023","2023","kg/ha","1428.4","A","Official value",""
"QCL","Crops and livestock products","356","India","5510","Production","01443","Rape or colza seed","2023","2023","t","12643196.4","A","Official value",""
"QCL","Crops and livestock products","356","India","5312","Area harvested","01443","Rape or colza seed","2024","2024","ha","9183186","A","Official value",""
"QCL","Crops and livestock products","356","India","5412","Yield","01443","Rape or colza seed","2024","2024","kg/ha","1443.8","A","Official value",""
"QCL","Crops and livestock products","356","India","5510","Production","01443","Rape or colza seed","2024","2024","t","13259142.3","A","Official value",""
"QCL","Crops and livestock products","356","India","5312","Area harvested","0113","Rice","2015","2015","ha","43938012","A","Official value",""
"QCL","Crops and livestock products","356","India","5412","Yield","0113","Rice","2015","2015","kg/ha","3601.8","A","Official value",""
"QCL","Crops and livestock products","356","India","5510","Production","0113","Rice","2015","2015","t","158254967.78","A","Official value",""
"QCL","Crops and livestock products","356","India","5312","Area harvested","0113","Rice","2016","2016","ha","43688499","A","Official value",""
"QCL","Crops and livestock products","356","India","5412","Yield","0113","Rice","2016","2016","kg/ha","3752.6","A","Official value",""
"QCL","Crops and livestock products","356","India","5510","Production","0113","Rice","2016","2016","t","163947351.09","A","Official value",""
"QCL","Crops and livestock products","356","India","5312","Area harvested","0113","Rice","2017","2017","ha","43496848","A","Official value",""
"QCL","Crops and livestock products","356","India","5412","Yield","0113","Rice","2017","2017","kg/ha","3811.7","A","Official value",""
"QCL","Crops and livestock products","356","India","5510","Production","0113","Rice","2017","2017","t","165796205.79","A","Official value",""
"QCL","Crops and livestock products","356","India","5312","Area harvested","0113","Rice","2018","2018","ha","44389153","A","Official value",""
"QCL","Crops and livestock products","356","India","5412","Yield","0113","Rice","2018","2018","kg/ha","3976.1","A","Official value",""
"QCL","Crops and livestock products","356","India","5510","Production","0113","Rice","2018","2018","t","176493653.91","A","Official value",""
"QCL","Crops and livestock products","356","India","5312","Area harvested","0113","Rice","2019","2019","ha","43205052","A","Official value",""
"QCL","Crops and livestock products","356","India","5412","Yield","0113","Rice","2019","2019","kg/ha","4052.1","A","Official value",""
"QCL","Crops and livestock products","356","India","5510","Production","0113","Rice","2019","2019","t","175071504.27","A","Official value",""
"QCL","Crops and livestock products","356","India","5312","Area harvested","0113","Rice","2020","2020","ha","45007310","A","Official value",""
"QCL","Crops and livestock products","356","India","5412","Yield","0113","Rice","2020","2020","kg/ha","4059.4","A","Official value",""
"QCL","Crops and livestock products","356","India","5510","Production","0113","Rice","2020","2020","t","182702924.12","A","Official value",""
"QCL","Crops and livestock products","356","India","5312","Area harvested","0113","Rice","2021","2021","ha","46449121","A","Official value",""
"QCL","Crops and livestock products","356","India","5412","Yield","0113","Rice","2021","2021","kg/ha","4203.3","A","Official value",""
"QCL","Crops and livestock products","356","India","5510","Production","0113","Rice","2021","2021","t","195241449.38","A","Official value",""
"QCL","Crops and livestock products","356","India","5312","Area harvested","0113","Rice","2022","2022","ha","45643151","A","Official value",""
"QCL","Crops and livestock products","356","India","5412","Yield","0113","Rice","2022","2022","kg/ha","4238.8","A","Official value",""
"QCL","Crops and livestock products","356","India","5510","Production","0113","Rice","2022","2022","t","193473289.35","A","Official value",""
"QCL","Crops and livestock products","356","India","5312","Area harvested","0113","Rice","2023","2023","ha","48163285","A","Official value",""
"QCL","Crops and livestock products","356","India","5412","Yield","0113","Rice","2023","2023","kg/ha","4313.5","A","Official value",""
"QCL","Crops and livestock products","356","India","5510","Production","0113","Rice","2023","2023","t","207753551.26","A","Official value",""
"QCL","Crops and livestock products","356","India","5312","Area harvested","0113","Rice","2024","2024","ha","50511930","A","Official value",""
"QCL","Crops and livestock products","356","India","5412","Yield","0113","Rice","2024","2024","kg/ha","4313.2","A","Official value",""
"QCL","Crops and livestock products","356","India","5510","Production","0113","Rice","2024","2024","t","217867864.16","A","Official value",""
"QCL","Crops and livestock products","356","India","5312","Area harvested","01446","Safflower seed","2015","2015","ha","175000","A","Official value",""
"QCL","Crops and livestock products","356","India","5412","Yield","01446","Safflower seed","2015","2015","kg/ha","514.3","A","Official value",""
"QCL","Crops and livestock products","356","India","5510","Production","01446","Safflower seed","2015","2015","t","90000","A","Official value",""
"QCL","Crops and livestock products","356","India","5312","Area harvested","01446","Safflower seed","2016","2016","ha","144000","A","Official value",""
"QCL","Crops and livestock products","356","India","5412","Yield","01446","Safflower seed","2016","2016","kg/ha","368.1","A","Official value",""
"QCL","Crops and livestock products","356","India","5510","Production","01446","Safflower seed","2016","2016","t","53000","A","Official value",""
"QCL","Crops and livestock products","356","India","5312","Area harvested","01446","Safflower seed","2017","2017","ha","144270","A","Official value",""
"QCL","Crops and livestock products","356","India","5412","Yield","01446","Safflower seed","2017","2017","kg/ha","650.9","A","Official value",""
"QCL","Crops and livestock products","356","India","5510","Production","01446","Safflower seed","2017","2017","t","93900","A","Official value",""
"QCL","Crops and livestock products","356","India","5312","Area harvested","01446","Safflower seed","2018","2018","ha","82150","A","Official value",""
"QCL","Crops and livestock products","356","India","5412","Yield","01446","Safflower seed","2018","2018","kg/ha","672.9","A","Official value",""
"QCL","Crops and livestock products","356","India","5510","Production","01446","Safflower seed","2018","2018","t","55280","A","Official value",""
"QCL","Crops and livestock products","356","India","5312","Area harvested","01446","Safflower seed","2019","2019","ha","45890","A","Official value",""
"QCL","Crops and livestock products","356","India","5412","Yield","01446","Safflower seed","2019","2019","kg/ha","536.9","A","Official value",""
"QCL","Crops and livestock products","356","India","5510","Production","01446","Safflower seed","2019","2019","t","24640","A","Official value",""
"QCL","Crops and livestock products","356","India","5312","Area harvested","01446","Safflower seed","2020","2020","ha","51790","A","Official value",""
"QCL","Crops and livestock products","356","India","5412","Yield","01446","Safflower seed","2020","2020","kg/ha","843.2","A","Official value",""
"QCL","Crops and livestock products","356","India","5510","Production","01446","Safflower seed","2020","2020","t","43670","A","Official value",""
"QCL","Crops and livestock products","356","India","5312","Area harvested","01446","Safflower seed","2021","2021","ha","56040","A","Official value",""
"QCL","Crops and livestock products","356","India","5412","Yield","01446","Safflower seed","2021","2021","kg/ha","640.4","A","Official value",""
"QCL","Crops and livestock products","356","India","5510","Production","01446","Safflower seed","2021","2021","t","35890","A","Official value",""
"QCL","Crops and livestock products","356","India","5312","Area harvested","01446","Safflower seed","2022","2022","ha","78860","A","Official value",""
"QCL","Crops and livestock products","356","India","5412","Yield","01446","Safflower seed","2022","2022","kg/ha","776.9","A","Official value",""
"QCL","Crops and livestock products","356","India","5510","Production","01446","Safflower seed","2022","2022","t","61270","A","Official value",""
"QCL","Crops and livestock products","356","India","5312","Area harvested","01446","Safflower seed","2023","2023","ha","108927","A","Official value",""
"QCL","Crops and livestock products","356","India","5412","Yield","01446","Safflower seed","2023","2023","kg/ha","826.3","A","Official value",""
"QCL","Crops and livestock products","356","India","5510","Production","01446","Safflower seed","2023","2023","t","90002.46","A","Official value",""
"QCL","Crops and livestock products","356","India","5312","Area harvested","01446","Safflower seed","2024","2024","ha","65417","A","Official value",""
"QCL","Crops and livestock products","356","India","5412","Yield","01446","Safflower seed","2024","2024","kg/ha","767.6","A","Official value",""
"QCL","Crops and livestock products","356","India","5510","Production","01446","Safflower seed","2024","2024","t","50213.96","A","Official value",""
"QCL","Crops and livestock products","356","India","5312","Area harvested","01921.01","Seed cotton, unginned","2015","2015","ha","11870000","A","Official value",""
"QCL","Crops and livestock products","356","India","5412","Yield","01921.01","Seed cotton, unginned","2015","2015","kg/ha","1343.1","A","Official value",""
"QCL","Crops and livestock products","356","India","5510","Production","01921.01","Seed cotton, unginned","2015","2015","t","15943000","A","Official value",""
"QCL","Crops and livestock products","356","India","5312","Area harvested","01921.01","Seed cotton, unginned","2016","2016","ha","10830000","A","Official value",""
"QCL","Crops and livestock products","356","India","5412","Yield","01921.01","Seed cotton, unginned","2016","2016","kg/ha","1598.2","A","Official value",""
"QCL","Crops and livestock products","356","India","5510","Production","01921.01","Seed cotton, unginned","2016","2016","t","17308000","A","Official value",""
"QCL","Crops and livestock products","356","India","5312","Area harvested","01921.01","Seed cotton, unginned","2017","2017","ha","12430000","A","Official value",""
"QCL","Crops and livestock products","356","India","5412","Yield","01921.01","Seed cotton, unginned","2017","2017","kg/ha","1401.9","A","Official value",""
"QCL","Crops and livestock products","356","India","5510","Production","01921.01","Seed cotton, unginned","2017","2017","t","17425000","A","Official value",""
"QCL","Crops and livestock products","356","India","5312","Area harvested","01921.01","Seed cotton, unginned","2018","2018","ha","12586000","A","Official value",""
"QCL","Crops and livestock products","356","India","5412","Yield","01921.01","Seed cotton, unginned","2018","2018","kg/ha","1164.5","A","Official value",""
"QCL","Crops and livestock products","356","India","5510","Production","01921.01","Seed cotton, unginned","2018","2018","t","14657000","A","Official value",""
"QCL","Crops and livestock products","356","India","5312","Area harvested","01921.01","Seed cotton, unginned","2019","2019","ha","12614000","A","Official value",""
"QCL","Crops and livestock products","356","India","5412","Yield","01921.01","Seed cotton, unginned","2019","2019","kg/ha","1471.2","E","Estimated value",""
"QCL","Crops and livestock products","356","India","5510","Production","01921.01","Seed cotton, unginned","2019","2019","t","18558000","X","Value from external organization","Unofficial figure"
"QCL","Crops and livestock products","356","India","5312","Area harvested","01921.01","Seed cotton, unginned","2020","2020","ha","13477000","A","Official value",""
"QCL","Crops and livestock products","356","India","5412","Yield","01921.01","Seed cotton, unginned","2020","2020","kg/ha","1315.7","E","Estimated value",""
"QCL","Crops and livestock products","356","India","5510","Production","01921.01","Seed cotton, unginned","2020","2020","t","17731050","X","Value from external organization","Unofficial figure"
"QCL","Crops and livestock products","356","India","5312","Area harvested","01921.01","Seed cotton, unginned","2021","2021","ha","13285890","A","Official value",""
"QCL","Crops and livestock products","356","India","5412","Yield","01921.01","Seed cotton, unginned","2021","2021","kg/ha","1294.9","E","Estimated value",""
"QCL","Crops and livestock products","356","India","5510","Production","01921.01","Seed cotton, unginned","2021","2021","t","17204000","X","Value from external organization","Unofficial figure"
"QCL","Crops and livestock products","356","India","5312","Area harvested","01921.01","Seed cotton, unginned","2022","2022","ha","12926801","A","Official value",""
"QCL","Crops and livestock products","356","India","5412","Yield","01921.01","Seed cotton, unginned","2022","2022","kg/ha","1160.4","E","Estimated value",""
"QCL","Crops and livestock products","356","India","5510","Production","01921.01","Seed cotton, unginned","2022","2022","t","15000000","E","Estimated value",""
"QCL","Crops and livestock products","356","India","5312","Area harvested","01921.01","Seed cotton, unginned","2023","2023","ha","12687643","A","Official value",""
"QCL","Crops and livestock products","356","India","5412","Yield","01921.01","Seed cotton, unginned","2023","2023","kg/ha","1292.6","E","Estimated value",""
"QCL","Crops and livestock products","356","India","5510","Production","01921.01","Seed cotton, unginned","2023","2023","t","16400000","E","Estimated value",""
"QCL","Crops and livestock products","356","India","5312","Area harvested","01921.01","Seed cotton, unginned","2024","2024","ha","11446846","A","Official value",""
"QCL","Crops and livestock products","356","India","5412","Yield","01921.01","Seed cotton, unginned","2024","2024","kg/ha","1310.4","E","Estimated value",""
"QCL","Crops and livestock products","356","India","5510","Production","01921.01","Seed cotton, unginned","2024","2024","t","15000000","E","Estimated value",""
"QCL","Crops and livestock products","356","India","5312","Area harvested","01444","Sesame seed","2015","2015","ha","1950880","A","Official value",""
"QCL","Crops and livestock products","356","India","5412","Yield","01444","Sesame seed","2015","2015","kg/ha","435.7","A","Official value",""
"QCL","Crops and livestock products","356","India","5510","Production","01444","Sesame seed","2015","2015","t","850065.2","A","Official value",""
"QCL","Crops and livestock products","356","India","5312","Area harvested","01444","Sesame seed","2016","2016","ha","1666926","A","Official value",""
"QCL","Crops and livestock products","356","India","5412","Yield","01444","Sesame seed","2016","2016","kg/ha","448.1","A","Official value",""
"QCL","Crops and livestock products","356","India","5510","Production","01444","Sesame seed","2016","2016","t","747030.35","A","Official value",""
"QCL","Crops and livestock products","356","India","5312","Area harvested","01444","Sesame seed","2017","2017","ha","1579767","A","Official value",""
"QCL","Crops and livestock products","356","India","5412","Yield","01444","Sesame seed","2017","2017","kg/ha","478.2","A","Official value",""
"QCL","Crops and livestock products","356","India","5510","Production","01444","Sesame seed","2017","2017","t","755425.35","A","Official value",""
"QCL","Crops and livestock products","356","India","5312","Area harvested","01444","Sesame seed","2018","2018","ha","1419975","A","Official value",""
"QCL","Crops and livestock products","356","India","5412","Yield","01444","Sesame seed","2018","2018","kg/ha","485.4","A","Official value",""
"QCL","Crops and livestock products","356","India","5510","Production","01444","Sesame seed","2018","2018","t","689309.75","A","Official value",""
"QCL","Crops and livestock products","356","India","5312","Area harvested","01444","Sesame seed","2019","2019","ha","1622602","A","Official value",""
"QCL","Crops and livestock products","356","India","5412","Yield","01444","Sesame seed","2019","2019","kg/ha","405.2","A","Official value",""
"QCL","Crops and livestock products","356","India","5510","Production","01444","Sesame seed","2019","2019","t","657497.85","A","Official value",""
"QCL","Crops and livestock products","356","India","5312","Area harvested","01444","Sesame seed","2020","2020","ha","1722667","A","Official value",""
"QCL","Crops and livestock products","356","India","5412","Yield","01444","Sesame seed","2020","2020","kg/ha","474.2","A","Official value",""
"QCL","Crops and livestock products","356","India","5510","Production","01444","Sesame seed","2020","2020","t","816813.37","A","Official value",""
"QCL","Crops and livestock products","356","India","5312","Area harvested","01444","Sesame seed","2021","2021","ha","1627045","A","Official value",""
"QCL","Crops and livestock products","356","India","5412","Yield","01444","Sesame seed","2021","2021","kg/ha","484.8","A","Official value",""
"QCL","Crops and livestock products","356","India","5510","Production","01444","Sesame seed","2021","2021","t","788744","A","Official value",""
"QCL","Crops and livestock products","356","India","5312","Area harvested","01444","Sesame seed","2022","2022","ha","1043086","A","Official value",""
"QCL","Crops and livestock products","356","India","5412","Yield","01444","Sesame seed","2022","2022","kg/ha","375.5","A","Official value",""
"QCL","Crops and livestock products","356","India","5510","Production","01444","Sesame seed","2022","2022","t","391669.44","A","Official value",""
"QCL","Crops and livestock products","356","India","5312","Area harvested","01444","Sesame seed","2023","2023","ha","1488224","A","Official value",""
"QCL","Crops and livestock products","356","India","5412","Yield","01444","Sesame seed","2023","2023","kg/ha","541.2","A","Official value",""
"QCL","Crops and livestock products","356","India","5510","Production","01444","Sesame seed","2023","2023","t","805474.37","A","Official value",""
"QCL","Crops and livestock products","356","India","5312","Area harvested","01444","Sesame seed","2024","2024","ha","1552614","A","Official value",""
"QCL","Crops and livestock products","356","India","5412","Yield","01444","Sesame seed","2024","2024","kg/ha","557.8","A","Official value",""
"QCL","Crops and livestock products","356","India","5510","Production","01444","Sesame seed","2024","2024","t","866110.89","A","Official value",""
"QCL","Crops and livestock products","356","India","5312","Area harvested","0114","Sorghum","2015","2015","ha","6031678","A","Official value",""
"QCL","Crops and livestock products","356","India","5412","Yield","0114","Sorghum","2015","2015","kg/ha","822.5","A","Official value",""
"QCL","Crops and livestock products","356","India","5510","Production","0114","Sorghum","2015","2015","t","4961340","A","Official value",""
"QCL","Crops and livestock products","356","India","5312","Area harvested","0114","Sorghum","2016","2016","ha","5998351","A","Official value",""
"QCL","Crops and livestock products","356","India","5412","Yield","0114","Sorghum","2016","2016","kg/ha","731.2","A","Official value",""
"QCL","Crops and livestock products","356","India","5510","Production","0114","Sorghum","2016","2016","t","4386084.2","A","Official value",""
"QCL","Crops and livestock products","356","India","5312","Area harvested","0114","Sorghum","2017","2017","ha","5624910","A","Official value",""
"QCL","Crops and livestock products","356","India","5412","Yield","0114","Sorghum","2017","2017","kg/ha","867.1","A","Official value",""
"QCL","Crops and livestock products","356","India","5510","Production","0114","Sorghum","2017","2017","t","4877351.18","A","Official value",""
"QCL","Crops and livestock products","356","India","5312","Area harvested","0114","Sorghum","2018","2018","ha","4719274","A","Official value",""
"QCL","Crops and livestock products","356","India","5412","Yield","0114","Sorghum","2018","2018","kg/ha","903.7","A","Official value",""
"QCL","Crops and livestock products","356","India","5510","Production","0114","Sorghum","2018","2018","t","4264621.52","A","Official value",""
"QCL","Crops and livestock products","356","India","5312","Area harvested","0114","Sorghum","2019","2019","ha","4093763","A","Official value",""
"QCL","Crops and livestock products","356","India","5412","Yield","0114","Sorghum","2019","2019","kg/ha","839.7","A","Official value",""
"QCL","Crops and livestock products","356","India","5510","Production","0114","Sorghum","2019","2019","t","3437334.88","A","Official value",""
"QCL","Crops and livestock products","356","India","5312","Area harvested","0114","Sorghum","2020","2020","ha","4710840","A","Official value",""
"QCL","Crops and livestock products","356","India","5412","Yield","0114","Sorghum","2020","2020","kg/ha","1074.4","A","Official value",""
"QCL","Crops and livestock products","356","India","5510","Production","0114","Sorghum","2020","2020","t","5061470.76","A","Official value",""
"QCL","Crops and livestock products","356","India","5312","Area harvested","0114","Sorghum","2021","2021","ha","4201975","A","Official value",""
"QCL","Crops and livestock products","356","India","5412","Yield","0114","Sorghum","2021","2021","kg/ha","1052.8","A","Official value",""
"QCL","Crops and livestock products","356","India","5510","Production","0114","Sorghum","2021","2021","t","4423927.4","A","Official value",""
"QCL","Crops and livestock products","356","India","5312","Area harvested","0114","Sorghum","2022","2022","ha","3716443","A","Official value",""
"QCL","Crops and livestock products","356","India","5412","Yield","0114","Sorghum","2022","2022","kg/ha","1084.9","A","Official value",""
"QCL","Crops and livestock products","356","India","5510","Production","0114","Sorghum","2022","2022","t","4032110.5","A","Official value",""
"QCL","Crops and livestock products","356","India","5312","Area harvested","0114","Sorghum","2023","2023","ha","3442140","A","Official value",""
"QCL","Crops and livestock products","356","India","5412","Yield","0114","Sorghum","2023","2023","kg/ha","1116.5","A","Official value",""
"QCL","Crops and livestock products","356","India","5510","Production","0114","Sorghum","2023","2023","t","3842998.2","A","Official value",""
"QCL","Crops and livestock products","356","India","5312","Area harvested","0114","Sorghum","2024","2024","ha","4611653","A","Official value",""
"QCL","Crops and livestock products","356","India","5412","Yield","0114","Sorghum","2024","2024","kg/ha","1173.8","A","Official value",""
"QCL","Crops and livestock products","356","India","5510","Production","0114","Sorghum","2024","2024","t","5413004.64","A","Official value",""
"QCL","Crops and livestock products","356","India","5312","Area harvested","0141","Soya beans","2015","2015","ha","11604541","A","Official value",""
"QCL","Crops and livestock products","356","India","5412","Yield","0141","Soya beans","2015","2015","kg/ha","738.5","A","Official value",""
"QCL","Crops and livestock products","356","India","5510","Production","0141","Soya beans","2015","2015","t","8569794.62","A","Official value",""
"QCL","Crops and livestock products","356","India","5312","Area harvested","0141","Soya beans","2016","2016","ha","11183401","A","Official value",""
"QCL","Crops and livestock products","356","India","5412","Yield","0141","Soya beans","2016","2016","kg/ha","1176.6","A","Official value",""
"QCL","Crops and livestock products","356","India","5510","Production","0141","Soya beans","2016","2016","t","13158730","A","Official value",""
"QCL","Crops and livestock products","356","India","5312","Area harvested","0141","Soya beans","2017","2017","ha","10328825","A","Official value",""
"QCL","Crops and livestock products","356","India","5412","Yield","0141","Soya beans","2017","2017","kg/ha","1058.5","A","Official value",""
"QCL","Crops and livestock products","356","India","5510","Production","0141","Soya beans","2017","2017","t","10932972.36","A","Official value",""
"QCL","Crops and livestock products","356","India","5312","Area harvested","0141","Soya beans","2018","2018","ha","11131257","A","Official value",""
"QCL","Crops and livestock products","356","India","5412","Yield","0141","Soya beans","2018","2018","kg/ha","1191.9","A","Official value",""
"QCL","Crops and livestock products","356","India","5510","Production","0141","Soya beans","2018","2018","t","13267518.8","A","Official value",""
"QCL","Crops and livestock products","356","India","5312","Area harvested","0141","Soya beans","2019","2019","ha","12192707","A","Official value",""
"QCL","Crops and livestock products","356","India","5412","Yield","0141","Soya beans","2019","2019","kg/ha","920.7","A","Official value",""
"QCL","Crops and livestock products","356","India","5510","Production","0141","Soya beans","2019","2019","t","11225853.4","A","Official value",""
"QCL","Crops and livestock products","356","India","5312","Area harvested","0141","Soya beans","2020","2020","ha","12918278","A","Official value",""
"QCL","Crops and livestock products","356","India","5412","Yield","0141","Soya beans","2020","2020","kg/ha","976.2","A","Official value",""
"QCL","Crops and livestock products","356","India","5510","Production","0141","Soya beans","2020","2020","t","12610296.12","A","Official value",""
"QCL","Crops and livestock products","356","India","5312","Area harvested","0141","Soya beans","2021","2021","ha","12146576","A","Official value",""
"QCL","Crops and livestock products","356","India","5412","Yield","0141","Soya beans","2021","2021","kg/ha","1069.2","A","Official value",""
"QCL","Crops and livestock products","356","India","5510","Production","0141","Soya beans","2021","2021","t","12986722","A","Official value",""
"QCL","Crops and livestock products","356","India","5312","Area harvested","0141","Soya beans","2022","2022","ha","13084089","A","Official value",""
"QCL","Crops and livestock products","356","India","5412","Yield","0141","Soya beans","2022","2022","kg/ha","1145.3","A","Official value",""
"QCL","Crops and livestock products","356","India","5510","Production","0141","Soya beans","2022","2022","t","14984927.37","A","Official value",""
"QCL","Crops and livestock products","356","India","5312","Area harvested","0141","Soya beans","2023","2023","ha","13254897","A","Official value",""
"QCL","Crops and livestock products","356","India","5412","Yield","0141","Soya beans","2023","2023","kg/ha","985.4","A","Official value",""
"QCL","Crops and livestock products","356","India","5510","Production","0141","Soya beans","2023","2023","t","13061988.83","A","Official value",""
"QCL","Crops and livestock products","356","India","5312","Area harvested","0141","Soya beans","2024","2024","ha","12939104","A","Official value",""
"QCL","Crops and livestock products","356","India","5412","Yield","0141","Soya beans","2024","2024","kg/ha","1169.5","A","Official value",""
"QCL","Crops and livestock products","356","India","5510","Production","0141","Soya beans","2024","2024","t","15132082.17","A","Official value",""
"QCL","Crops and livestock products","356","India","5312","Area harvested","01354","Strawberries","2015","2015","ha","1000","A","Official value",""
"QCL","Crops and livestock products","356","India","5412","Yield","01354","Strawberries","2015","2015","kg/ha","8000","A","Official value",""
"QCL","Crops and livestock products","356","India","5510","Production","01354","Strawberries","2015","2015","t","8000","A","Official value",""
"QCL","Crops and livestock products","356","India","5312","Area harvested","01354","Strawberries","2016","2016","ha","694","A","Official value",""
"QCL","Crops and livestock products","356","India","5412","Yield","01354","Strawberries","2016","2016","kg/ha","7064.3","A","Official value",""
"QCL","Crops and livestock products","356","India","5510","Production","01354","Strawberries","2016","2016","t","4902.6","A","Official value",""
"QCL","Crops and livestock products","356","India","5312","Area harvested","01354","Strawberries","2017","2017","ha","511","A","Official value",""
"QCL","Crops and livestock products","356","India","5412","Yield","01354","Strawberries","2017","2017","kg/ha","7358.1","A","Official value",""
"QCL","Crops and livestock products","356","India","5510","Production","01354","Strawberries","2017","2017","t","3760","A","Official value",""
"QCL","Crops and livestock products","356","India","5312","Area harvested","01354","Strawberries","2018","2018","ha","653","A","Official value",""
"QCL","Crops and livestock products","356","India","5412","Yield","01354","Strawberries","2018","2018","kg/ha","8137.3","A","Official value",""
"QCL","Crops and livestock products","356","India","5510","Production","01354","Strawberries","2018","2018","t","5310.58","A","Official value",""
"QCL","Crops and livestock products","356","India","5312","Area harvested","01354","Strawberries","2019","2019","ha","742","A","Official value",""
"QCL","Crops and livestock products","356","India","5412","Yield","01354","Strawberries","2019","2019","kg/ha","6629.4","A","Official value",""
"QCL","Crops and livestock products","356","India","5510","Production","01354","Strawberries","2019","2019","t","4919","A","Official value",""
"QCL","Crops and livestock products","356","India","5312","Area harvested","01354","Strawberries","2020","2020","ha","944","A","Official value",""
"QCL","Crops and livestock products","356","India","5412","Yield","01354","Strawberries","2020","2020","kg/ha","9176.9","A","Official value",""
"QCL","Crops and livestock products","356","India","5510","Production","01354","Strawberries","2020","2020","t","8663","A","Official value",""
"QCL","Crops and livestock products","356","India","5312","Area harvested","01354","Strawberries","2021","2021","ha","3309","A","Official value",""
"QCL","Crops and livestock products","356","India","5412","Yield","01354","Strawberries","2021","2021","kg/ha","5994.3","A","Official value",""
"QCL","Crops and livestock products","356","India","5510","Production","01354","Strawberries","2021","2021","t","19835","A","Official value",""
"QCL","Crops and livestock products","356","India","5312","Area harvested","01354","Strawberries","2022","2022","ha","2569","A","Official value",""
"QCL","Crops and livestock products","356","India","5412","Yield","01354","Strawberries","2022","2022","kg/ha","4430.5","A","Official value",""
"QCL","Crops and livestock products","356","India","5510","Production","01354","Strawberries","2022","2022","t","11382","A","Official value",""
"QCL","Crops and livestock products","356","India","5312","Area harvested","01354","Strawberries","2023","2023","ha","2421","A","Official value",""
"QCL","Crops and livestock products","356","India","5412","Yield","01354","Strawberries","2023","2023","kg/ha","7793.9","A","Official value",""
"QCL","Crops and livestock products","356","India","5510","Production","01354","Strawberries","2023","2023","t","18869","A","Official value",""
"QCL","Crops and livestock products","356","India","5312","Area harvested","01354","Strawberries","2024","2024","ha","3031","A","Official value",""
"QCL","Crops and livestock products","356","India","5412","Yield","01354","Strawberries","2024","2024","kg/ha","6961.6","A","Official value",""
"QCL","Crops and livestock products","356","India","5510","Production","01354","Strawberries","2024","2024","t","21100.56","A","Official value",""
"QCL","Crops and livestock products","356","India","5312","Area harvested","01802","Sugar cane","2015","2015","ha","5070000","A","Official value",""
"QCL","Crops and livestock products","356","India","5412","Yield","01802","Sugar cane","2015","2015","kg/ha","71466.1","A","Official value",""
"QCL","Crops and livestock products","356","India","5510","Production","01802","Sugar cane","2015","2015","t","362333000","A","Official value",""
"QCL","Crops and livestock products","356","India","5312","Area harvested","01802","Sugar cane","2016","2016","ha","4950000","A","Official value",""
"QCL","Crops and livestock products","356","India","5412","Yield","01802","Sugar cane","2016","2016","kg/ha","70393.5","A","Official value",""
"QCL","Crops and livestock products","356","India","5510","Production","01802","Sugar cane","2016","2016","t","348448000","A","Official value",""
"QCL","Crops and livestock products","356","India","5312","Area harvested","01802","Sugar cane","2017","2017","ha","4435690","A","Official value",""
"QCL","Crops and livestock products","356","India","5412","Yield","01802","Sugar cane","2017","2017","kg/ha","69001.4","A","Official value",""
"QCL","Crops and livestock products","356","India","5510","Production","01802","Sugar cane","2017","2017","t","306069000","A","Official value",""
"QCL","Crops and livestock products","356","India","5312","Area harvested","01802","Sugar cane","2018","2018","ha","4737060","A","Official value",""
"QCL","Crops and livestock products","356","India","5412","Yield","01802","Sugar cane","2018","2018","kg/ha","80198.4","A","Official value",""
"QCL","Crops and livestock products","356","India","5510","Production","01802","Sugar cane","2018","2018","t","379904850","A","Official value",""
"QCL","Crops and livestock products","356","India","5312","Area harvested","01802","Sugar cane","2019","2019","ha","5061090","A","Official value",""
"QCL","Crops and livestock products","356","India","5412","Yield","01802","Sugar cane","2019","2019","kg/ha","80104.5","A","Official value",""
"QCL","Crops and livestock products","356","India","5510","Production","01802","Sugar cane","2019","2019","t","405416180","A","Official value",""
"QCL","Crops and livestock products","356","India","5312","Area harvested","01802","Sugar cane","2020","2020","ha","4602680","A","Official value",""
"QCL","Crops and livestock products","356","India","5412","Yield","01802","Sugar cane","2020","2020","kg/ha","80496.6","A","Official value",""
"QCL","Crops and livestock products","356","India","5510","Production","01802","Sugar cane","2020","2020","t","370500300","A","Official value",""
"QCL","Crops and livestock products","356","India","5312","Area harvested","01802","Sugar cane","2021","2021","ha","4851230","A","Official value",""
"QCL","Crops and livestock products","356","India","5412","Yield","01802","Sugar cane","2021","2021","kg/ha","83566.2","A","Official value",""
"QCL","Crops and livestock products","356","India","5510","Production","01802","Sugar cane","2021","2021","t","405398710","A","Official value",""
"QCL","Crops and livestock products","356","India","5312","Area harvested","01802","Sugar cane","2022","2022","ha","5175410","A","Official value",""
"QCL","Crops and livestock products","356","India","5412","Yield","01802","Sugar cane","2022","2022","kg/ha","84906.3","A","Official value",""
"QCL","Crops and livestock products","356","India","5510","Production","01802","Sugar cane","2022","2022","t","439424890","A","Official value",""
"QCL","Crops and livestock products","356","India","5312","Area harvested","01802","Sugar cane","2023","2023","ha","5885317","A","Official value",""
"QCL","Crops and livestock products","356","India","5412","Yield","01802","Sugar cane","2023","2023","kg/ha","83348.7","A","Official value",""
"QCL","Crops and livestock products","356","India","5510","Production","01802","Sugar cane","2023","2023","t","490533351.06","A","Official value",""
"QCL","Crops and livestock products","356","India","5312","Area harvested","01802","Sugar cane","2024","2024","ha","5739595","A","Official value",""
"QCL","Crops and livestock products","356","India","5412","Yield","01802","Sugar cane","2024","2024","kg/ha","78953","A","Official value",""
"QCL","Crops and livestock products","356","India","5510","Production","01802","Sugar cane","2024","2024","t","453158493.75","A","Official value",""
"QCL","Crops and livestock products","356","India","5312","Area harvested","01445","Sunflower seed","2015","2015","ha","532300","A","Official value",""
"QCL","Crops and livestock products","356","India","5412","Yield","01445","Sunflower seed","2015","2015","kg/ha","671.5","A","Official value",""
"QCL","Crops and livestock products","356","India","5510","Production","01445","Sunflower seed","2015","2015","t","357432.4","A","Official value",""
"QCL","Crops and livestock products","356","India","5312","Area harvested","01445","Sunflower seed","2016","2016","ha","502845","A","Official value",""
"QCL","Crops and livestock products","356","India","5412","Yield","01445","Sunflower seed","2016","2016","kg/ha","653","A","Official value",""
"QCL","Crops and livestock products","356","India","5510","Production","01445","Sunflower seed","2016","2016","t","328358.25","A","Official value",""
"QCL","Crops and livestock products","356","India","5312","Area harvested","01445","Sunflower seed","2017","2017","ha","342981","A","Official value",""
"QCL","Crops and livestock products","356","India","5412","Yield","01445","Sunflower seed","2017","2017","kg/ha","693.4","A","Official value",""
"QCL","Crops and livestock products","356","India","5510","Production","01445","Sunflower seed","2017","2017","t","237832.08","A","Official value",""
"QCL","Crops and livestock products","356","India","5312","Area harvested","01445","Sunflower seed","2018","2018","ha","266117","A","Official value",""
"QCL","Crops and livestock products","356","India","5412","Yield","01445","Sunflower seed","2018","2018","kg/ha","853.7","A","Official value",""
"QCL","Crops and livestock products","356","India","5510","Production","01445","Sunflower seed","2018","2018","t","227193.74","A","Official value",""
"QCL","Crops and livestock products","356","India","5312","Area harvested","01445","Sunflower seed","2019","2019","ha","269571","A","Official value",""
"QCL","Crops and livestock products","356","India","5412","Yield","01445","Sunflower seed","2019","2019","kg/ha","807.7","A","Official value",""
"QCL","Crops and livestock products","356","India","5510","Production","01445","Sunflower seed","2019","2019","t","217745.25","A","Official value",""
"QCL","Crops and livestock products","356","India","5312","Area harvested","01445","Sunflower seed","2020","2020","ha","201789","A","Official value",""
"QCL","Crops and livestock products","356","India","5412","Yield","01445","Sunflower seed","2020","2020","kg/ha","983.4","A","Official value",""
"QCL","Crops and livestock products","356","India","5510","Production","01445","Sunflower seed","2020","2020","t","198440.27","A","Official value",""
"QCL","Crops and livestock products","356","India","5312","Area harvested","01445","Sunflower seed","2021","2021","ha","264977","A","Official value",""
"QCL","Crops and livestock products","356","India","5412","Yield","01445","Sunflower seed","2021","2021","kg/ha","986.4","A","Official value",""
"QCL","Crops and livestock products","356","India","5510","Production","01445","Sunflower seed","2021","2021","t","261383.85","A","Official value",""
"QCL","Crops and livestock products","356","India","5312","Area harvested","01445","Sunflower seed","2022","2022","ha","351445","A","Official value",""
"QCL","Crops and livestock products","356","India","5412","Yield","01445","Sunflower seed","2022","2022","kg/ha","976.5","A","Official value",""
"QCL","Crops and livestock products","356","India","5510","Production","01445","Sunflower seed","2022","2022","t","343194.28","A","Official value",""
"QCL","Crops and livestock products","356","India","5312","Area harvested","01445","Sunflower seed","2023","2023","ha","212714","A","Official value",""
"QCL","Crops and livestock products","356","India","5412","Yield","01445","Sunflower seed","2023","2023","kg/ha","1029.5","A","Official value",""
"QCL","Crops and livestock products","356","India","5510","Production","01445","Sunflower seed","2023","2023","t","218987.65","A","Official value",""
"QCL","Crops and livestock products","356","India","5312","Area harvested","01445","Sunflower seed","2024","2024","ha","157662","A","Official value",""
"QCL","Crops and livestock products","356","India","5412","Yield","01445","Sunflower seed","2024","2024","kg/ha","1124.7","A","Official value",""
"QCL","Crops and livestock products","356","India","5510","Production","01445","Sunflower seed","2024","2024","t","177328.95","A","Official value",""
"QCL","Crops and livestock products","356","India","5312","Area harvested","01530","Sweet potatoes","2015","2015","ha","107000","A","Official value",""
"QCL","Crops and livestock products","356","India","5412","Yield","01530","Sweet potatoes","2015","2015","kg/ha","11476.6","A","Official value",""
"QCL","Crops and livestock products","356","India","5510","Production","01530","Sweet potatoes","2015","2015","t","1228000","A","Official value",""
"QCL","Crops and livestock products","356","India","5312","Area harvested","01530","Sweet potatoes","2016","2016","ha","126000","A","Official value",""
"QCL","Crops and livestock products","356","India","5412","Yield","01530","Sweet potatoes","2016","2016","kg/ha","11539.7","A","Official value",""
"QCL","Crops and livestock products","356","India","5510","Production","01530","Sweet potatoes","2016","2016","t","1454000","A","Official value",""
"QCL","Crops and livestock products","356","India","5312","Area harvested","01530","Sweet potatoes","2017","2017","ha","128000","A","Official value",""
"QCL","Crops and livestock products","356","India","5412","Yield","01530","Sweet potatoes","2017","2017","kg/ha","11406.3","A","Official value",""
"QCL","Crops and livestock products","356","India","5510","Production","01530","Sweet potatoes","2017","2017","t","1460000","A","Official value",""
"QCL","Crops and livestock products","356","India","5312","Area harvested","01530","Sweet potatoes","2018","2018","ha","131000","A","Official value",""
"QCL","Crops and livestock products","356","India","5412","Yield","01530","Sweet potatoes","2018","2018","kg/ha","11450.4","A","Official value",""
"QCL","Crops and livestock products","356","India","5510","Production","01530","Sweet potatoes","2018","2018","t","1500000","A","Official value",""
"QCL","Crops and livestock products","356","India","5312","Area harvested","01530","Sweet potatoes","2019","2019","ha","110000","A","Official value",""
"QCL","Crops and livestock products","356","India","5412","Yield","01530","Sweet potatoes","2019","2019","kg/ha","10509.1","A","Official value",""
"QCL","Crops and livestock products","356","India","5510","Production","01530","Sweet potatoes","2019","2019","t","1156000","A","Official value",""
"QCL","Crops and livestock products","356","India","5312","Area harvested","01530","Sweet potatoes","2020","2020","ha","108000","A","Official value",""
"QCL","Crops and livestock products","356","India","5412","Yield","01530","Sweet potatoes","2020","2020","kg/ha","10564.8","A","Official value",""
"QCL","Crops and livestock products","356","India","5510","Production","01530","Sweet potatoes","2020","2020","t","1141000","A","Official value",""
"QCL","Crops and livestock products","356","India","5312","Area harvested","01530","Sweet potatoes","2021","2021","ha","106000","A","Official value",""
"QCL","Crops and livestock products","356","India","5412","Yield","01530","Sweet potatoes","2021","2021","kg/ha","10575.5","A","Official value",""
"QCL","Crops and livestock products","356","India","5510","Production","01530","Sweet potatoes","2021","2021","t","1121000","A","Official value",""
"QCL","Crops and livestock products","356","India","5312","Area harvested","01530","Sweet potatoes","2022","2022","ha","107000","A","Official value",""
"QCL","Crops and livestock products","356","India","5412","Yield","01530","Sweet potatoes","2022","2022","kg/ha","11065.4","A","Official value",""
"QCL","Crops and livestock products","356","India","5510","Production","01530","Sweet potatoes","2022","2022","t","1184000","A","Official value",""
"QCL","Crops and livestock products","356","India","5312","Area harvested","01530","Sweet potatoes","2023","2023","ha","110000","A","Official value",""
"QCL","Crops and livestock products","356","India","5412","Yield","01530","Sweet potatoes","2023","2023","kg/ha","11718.2","A","Official value",""
"QCL","Crops and livestock products","356","India","5510","Production","01530","Sweet potatoes","2023","2023","t","1289000","A","Official value",""
"QCL","Crops and livestock products","356","India","5312","Area harvested","01530","Sweet potatoes","2024","2024","ha","111866","A","Official value",""
"QCL","Crops and livestock products","356","India","5412","Yield","01530","Sweet potatoes","2024","2024","kg/ha","11674.7","A","Official value",""
"QCL","Crops and livestock products","356","India","5510","Production","01530","Sweet potatoes","2024","2024","t","1305997","A","Official value",""
"QCL","Crops and livestock products","356","India","5312","Area harvested","01324","Tangerines, mandarins, clementines","2015","2015","ha","299000","A","Official value",""
"QCL","Crops and livestock products","356","India","5412","Yield","01324","Tangerines, mandarins, clementines","2015","2015","kg/ha","12371.2","A","Official value",""
"QCL","Crops and livestock products","356","India","5510","Production","01324","Tangerines, mandarins, clementines","2015","2015","t","3699000","A","Official value",""
"QCL","Crops and livestock products","356","India","5312","Area harvested","01324","Tangerines, mandarins, clementines","2016","2016","ha","396930","A","Official value",""
"QCL","Crops and livestock products","356","India","5412","Yield","01324","Tangerines, mandarins, clementines","2016","2016","kg/ha","10361.5","A","Official value",""
"QCL","Crops and livestock products","356","India","5510","Production","01324","Tangerines, mandarins, clementines","2016","2016","t","4112802.07","A","Official value",""
"QCL","Crops and livestock products","356","India","5312","Area harvested","01324","Tangerines, mandarins, clementines","2017","2017","ha","410230","A","Official value",""
"QCL","Crops and livestock products","356","India","5412","Yield","01324","Tangerines, mandarins, clementines","2017","2017","kg/ha","10817.1","A","Official value",""
"QCL","Crops and livestock products","356","India","5510","Production","01324","Tangerines, mandarins, clementines","2017","2017","t","4437500","A","Official value",""
"QCL","Crops and livestock products","356","India","5312","Area harvested","01324","Tangerines, mandarins, clementines","2018","2018","ha","428306","A","Official value",""
"QCL","Crops and livestock products","356","India","5412","Yield","01324","Tangerines, mandarins, clementines","2018","2018","kg/ha","11910.2","A","Official value",""
"QCL","Crops and livestock products","356","India","5510","Production","01324","Tangerines, mandarins, clementines","2018","2018","t","5101210.59","A","Official value",""
"QCL","Crops and livestock products","356","India","5312","Area harvested","01324","Tangerines, mandarins, clementines","2019","2019","ha","468680","A","Official value",""
"QCL","Crops and livestock products","356","India","5412","Yield","01324","Tangerines, mandarins, clementines","2019","2019","kg/ha","13320.4","A","Official value",""
"QCL","Crops and livestock products","356","India","5510","Production","01324","Tangerines, mandarins, clementines","2019","2019","t","6242995.85","A","Official value",""
"QCL","Crops and livestock products","356","India","5312","Area harvested","01324","Tangerines, mandarins, clementines","2020","2020","ha","454456","A","Official value",""
"QCL","Crops and livestock products","356","India","5412","Yield","01324","Tangerines, mandarins, clementines","2020","2020","kg/ha","13502.2","A","Official value",""
"QCL","Crops and livestock products","356","India","5510","Production","01324","Tangerines, mandarins, clementines","2020","2020","t","6136154.85","A","Official value",""
"QCL","Crops and livestock products","356","India","5312","Area harvested","01324","Tangerines, mandarins, clementines","2021","2021","ha","476511","A","Official value",""
"QCL","Crops and livestock products","356","India","5412","Yield","01324","Tangerines, mandarins, clementines","2021","2021","kg/ha","13051.9","A","Official value",""
"QCL","Crops and livestock products","356","India","5510","Production","01324","Tangerines, mandarins, clementines","2021","2021","t","6219381","A","Official value",""
"QCL","Crops and livestock products","356","India","5312","Area harvested","01324","Tangerines, mandarins, clementines","2022","2022","ha","454000","A","Official value",""
"QCL","Crops and livestock products","356","India","5412","Yield","01324","Tangerines, mandarins, clementines","2022","2022","kg/ha","13883.3","A","Official value",""
"QCL","Crops and livestock products","356","India","5510","Production","01324","Tangerines, mandarins, clementines","2022","2022","t","6303000","A","Official value",""
"QCL","Crops and livestock products","356","India","5312","Area harvested","01324","Tangerines, mandarins, clementines","2023","2023","ha","460000","A","Official value",""
"QCL","Crops and livestock products","356","India","5412","Yield","01324","Tangerines, mandarins, clementines","2023","2023","kg/ha","13430.4","A","Official value",""
"QCL","Crops and livestock products","356","India","5510","Production","01324","Tangerines, mandarins, clementines","2023","2023","t","6178000","A","Official value",""
"QCL","Crops and livestock products","356","India","5312","Area harvested","01324","Tangerines, mandarins, clementines","2024","2024","ha","474055","A","Official value",""
"QCL","Crops and livestock products","356","India","5412","Yield","01324","Tangerines, mandarins, clementines","2024","2024","kg/ha","12816.9","A","Official value",""
"QCL","Crops and livestock products","356","India","5510","Production","01324","Tangerines, mandarins, clementines","2024","2024","t","6075893","A","Official value",""
"QCL","Crops and livestock products","356","India","5312","Area harvested","01620","Tea leaves","2015","2015","ha","566660","A","Official value",""
"QCL","Crops and livestock products","356","India","5412","Yield","01620","Tea leaves","2015","2015","kg/ha","9460.7","E","Estimated value",""
"QCL","Crops and livestock products","356","India","5510","Production","01620","Tea leaves","2015","2015","t","5361000","E","Estimated value",""
"QCL","Crops and livestock products","356","India","5312","Area harvested","01620","Tea leaves","2016","2016","ha","577480","A","Official value",""
"QCL","Crops and livestock products","356","India","5412","Yield","01620","Tea leaves","2016","2016","kg/ha","9415","E","Estimated value",""
"QCL","Crops and livestock products","356","India","5510","Production","01620","Tea leaves","2016","2016","t","5437000","E","Estimated value",""
"QCL","Crops and livestock products","356","India","5312","Area harvested","01620","Tea leaves","2017","2017","ha","621610","A","Official value",""
"QCL","Crops and livestock products","356","India","5412","Yield","01620","Tea leaves","2017","2017","kg/ha","9267.9","E","Estimated value",""
"QCL","Crops and livestock products","356","India","5510","Production","01620","Tea leaves","2017","2017","t","5761000","E","Estimated value",""
"QCL","Crops and livestock products","356","India","5312","Area harvested","01620","Tea leaves","2018","2018","ha","621990","I","Value imputed by a receiving agency",""
"QCL","Crops and livestock products","356","India","5412","Yield","01620","Tea leaves","2018","2018","kg/ha","9357.1","E","Estimated value",""
"QCL","Crops and livestock products","356","India","5510","Production","01620","Tea leaves","2018","2018","t","5820000","E","Estimated value",""
"QCL","Crops and livestock products","356","India","5312","Area harvested","01620","Tea leaves","2019","2019","ha","637223","I","Value imputed by a receiving agency",""
"QCL","Crops and livestock products","356","India","5412","Yield","01620","Tea leaves","2019","2019","kg/ha","9484.9","E","Estimated value",""
"QCL","Crops and livestock products","356","India","5510","Production","01620","Tea leaves","2019","2019","t","6044000","E","Estimated value",""
"QCL","Crops and livestock products","356","India","5312","Area harvested","01620","Tea leaves","2020","2020","ha","572021","I","Value imputed by a receiving agency",""
"QCL","Crops and livestock products","356","India","5412","Yield","01620","Tea leaves","2020","2020","kg/ha","9588.8","E","Estimated value",""
"QCL","Crops and livestock products","356","India","5510","Production","01620","Tea leaves","2020","2020","t","5485000","E","Estimated value",""
"QCL","Crops and livestock products","356","India","5312","Area harvested","01620","Tea leaves","2021","2021","ha","627712","I","Value imputed by a receiving agency",""
"QCL","Crops and livestock products","356","India","5412","Yield","01620","Tea leaves","2021","2021","kg/ha","9701.9","E","Estimated value",""
"QCL","Crops and livestock products","356","India","5510","Production","01620","Tea leaves","2021","2021","t","6090000","E","Estimated value",""
"QCL","Crops and livestock products","356","India","5312","Area harvested","01620","Tea leaves","2022","2022","ha","633750","I","Value imputed by a receiving agency",""
"QCL","Crops and livestock products","356","India","5412","Yield","01620","Tea leaves","2022","2022","kg/ha","9832","E","Estimated value",""
"QCL","Crops and livestock products","356","India","5510","Production","01620","Tea leaves","2022","2022","t","6231000","E","Estimated value",""
"QCL","Crops and livestock products","356","India","5312","Area harvested","01620","Tea leaves","2023","2023","ha","607373","I","Value imputed by a receiving agency",""
"QCL","Crops and livestock products","356","India","5412","Yield","01620","Tea leaves","2023","2023","kg/ha","9933.8","E","Estimated value",""
"QCL","Crops and livestock products","356","India","5510","Production","01620","Tea leaves","2023","2023","t","6033531","E","Estimated value",""
"QCL","Crops and livestock products","356","India","5312","Area harvested","01620","Tea leaves","2024","2024","ha","613416","I","Value imputed by a receiving agency",""
"QCL","Crops and livestock products","356","India","5412","Yield","01620","Tea leaves","2024","2024","kg/ha","10035.7","E","Estimated value",""
"QCL","Crops and livestock products","356","India","5510","Production","01620","Tea leaves","2024","2024","t","6156031.41","I","Value imputed by a receiving agency",""
"QCL","Crops and livestock products","356","India","5312","Area harvested","01234","Tomatoes","2015","2015","ha","767000","A","Official value",""
"QCL","Crops and livestock products","356","India","5412","Yield","01234","Tomatoes","2015","2015","kg/ha","21362.5","A","Official value",""
"QCL","Crops and livestock products","356","India","5510","Production","01234","Tomatoes","2015","2015","t","16385000","A","Official value",""
"QCL","Crops and livestock products","356","India","5312","Area harvested","01234","Tomatoes","2016","2016","ha","774000","A","Official value",""
"QCL","Crops and livestock products","356","India","5412","Yield","01234","Tomatoes","2016","2016","kg/ha","24201.6","A","Official value",""
"QCL","Crops and livestock products","356","India","5510","Production","01234","Tomatoes","2016","2016","t","18732000","A","Official value",""
"QCL","Crops and livestock products","356","India","5312","Area harvested","01234","Tomatoes","2017","2017","ha","797000","A","Official value",""
"QCL","Crops and livestock products","356","India","5412","Yield","01234","Tomatoes","2017","2017","kg/ha","25982.4","A","Official value",""
"QCL","Crops and livestock products","356","India","5510","Production","01234","Tomatoes","2017","2017","t","20708000","A","Official value",""
"QCL","Crops and livestock products","356","India","5312","Area harvested","01234","Tomatoes","2018","2018","ha","789000","A","Official value",""
"QCL","Crops and livestock products","356","India","5412","Yield","01234","Tomatoes","2018","2018","kg/ha","25043.1","A","Official value",""
"QCL","Crops and livestock products","356","India","5510","Production","01234","Tomatoes","2018","2018","t","19759000","A","Official value",""
"QCL","Crops and livestock products","356","India","5312","Area harvested","01234","Tomatoes","2019","2019","ha","781000","A","Official value",""
"QCL","Crops and livestock products","356","India","5412","Yield","01234","Tomatoes","2019","2019","kg/ha","24336.7","A","Official value",""
"QCL","Crops and livestock products","356","India","5510","Production","01234","Tomatoes","2019","2019","t","19007000","A","Official value",""
"QCL","Crops and livestock products","356","India","5312","Area harvested","01234","Tomatoes","2020","2020","ha","818000","A","Official value",""
"QCL","Crops and livestock products","356","India","5412","Yield","01234","Tomatoes","2020","2020","kg/ha","25122.2","A","Official value",""
"QCL","Crops and livestock products","356","India","5510","Production","01234","Tomatoes","2020","2020","t","20550000","A","Official value",""
"QCL","Crops and livestock products","356","India","5312","Area harvested","01234","Tomatoes","2021","2021","ha","845000","A","Official value",""
"QCL","Crops and livestock products","356","India","5412","Yield","01234","Tomatoes","2021","2021","kg/ha","25066.3","A","Official value",""
"QCL","Crops and livestock products","356","India","5510","Production","01234","Tomatoes","2021","2021","t","21181000","A","Official value",""
"QCL","Crops and livestock products","356","India","5312","Area harvested","01234","Tomatoes","2022","2022","ha","843000","A","Official value",""
"QCL","Crops and livestock products","356","India","5412","Yield","01234","Tomatoes","2022","2022","kg/ha","24548","A","Official value",""
"QCL","Crops and livestock products","356","India","5510","Production","01234","Tomatoes","2022","2022","t","20694000","A","Official value",""
"QCL","Crops and livestock products","356","India","5312","Area harvested","01234","Tomatoes","2023","2023","ha","849000","A","Official value",""
"QCL","Crops and livestock products","356","India","5412","Yield","01234","Tomatoes","2023","2023","kg/ha","24057.7","A","Official value",""
"QCL","Crops and livestock products","356","India","5510","Production","01234","Tomatoes","2023","2023","t","20425000","A","Official value",""
"QCL","Crops and livestock products","356","India","5312","Area harvested","01234","Tomatoes","2024","2024","ha","853993","A","Official value",""
"QCL","Crops and livestock products","356","India","5412","Yield","01234","Tomatoes","2024","2024","kg/ha","24968.8","A","Official value",""
"QCL","Crops and livestock products","356","India","5510","Production","01234","Tomatoes","2024","2024","t","21323223","A","Official value",""
"QCL","Crops and livestock products","356","India","5312","Area harvested","01970","Unmanufactured tobacco","2015","2015","ha","430962","I","Value imputed by a receiving agency",""
"QCL","Crops and livestock products","356","India","5412","Yield","01970","Unmanufactured tobacco","2015","2015","kg/ha","1712.5","E","Estimated value",""
"QCL","Crops and livestock products","356","India","5510","Production","01970","Unmanufactured tobacco","2015","2015","t","738029.07","I","Value imputed by a receiving agency",""
"QCL","Crops and livestock products","356","India","5312","Area harvested","01970","Unmanufactured tobacco","2016","2016","ha","435530","I","Value imputed by a receiving agency",""
"QCL","Crops and livestock products","356","India","5412","Yield","01970","Unmanufactured tobacco","2016","2016","kg/ha","1717.4","E","Estimated value",""
"QCL","Crops and livestock products","356","India","5510","Production","01970","Unmanufactured tobacco","2016","2016","t","747976.54","I","Value imputed by a receiving agency",""
"QCL","Crops and livestock products","356","India","5312","Area harvested","01970","Unmanufactured tobacco","2017","2017","ha","431801","I","Value imputed by a receiving agency",""
"QCL","Crops and livestock products","356","India","5412","Yield","01970","Unmanufactured tobacco","2017","2017","kg/ha","1724","E","Estimated value",""
"QCL","Crops and livestock products","356","India","5510","Production","01970","Unmanufactured tobacco","2017","2017","t","744410.42","I","Value imputed by a receiving agency",""
"QCL","Crops and livestock products","356","India","5312","Area harvested","01970","Unmanufactured tobacco","2018","2018","ha","427979","I","Value imputed by a receiving agency",""
"QCL","Crops and livestock products","356","India","5412","Yield","01970","Unmanufactured tobacco","2018","2018","kg/ha","1738.5","E","Estimated value",""
"QCL","Crops and livestock products","356","India","5510","Production","01970","Unmanufactured tobacco","2018","2018","t","744046.46","I","Value imputed by a receiving agency",""
"QCL","Crops and livestock products","356","India","5312","Area harvested","01970","Unmanufactured tobacco","2019","2019","ha","425736","I","Value imputed by a receiving agency",""
"QCL","Crops and livestock products","356","India","5412","Yield","01970","Unmanufactured tobacco","2019","2019","kg/ha","1754.3","E","Estimated value",""
"QCL","Crops and livestock products","356","India","5510","Production","01970","Unmanufactured tobacco","2019","2019","t","746861.05","I","Value imputed by a receiving agency",""
"QCL","Crops and livestock products","356","India","5312","Area harvested","01970","Unmanufactured tobacco","2020","2020","ha","419350","I","Value imputed by a receiving agency",""
"QCL","Crops and livestock products","356","India","5412","Yield","01970","Unmanufactured tobacco","2020","2020","kg/ha","1764.9","E","Estimated value",""
"QCL","Crops and livestock products","356","India","5510","Production","01970","Unmanufactured tobacco","2020","2020","t","740127.71","I","Value imputed by a receiving agency",""
"QCL","Crops and livestock products","356","India","5312","Area harvested","01970","Unmanufactured tobacco","2021","2021","ha","409289","I","Value imputed by a receiving agency",""
"QCL","Crops and livestock products","356","India","5412","Yield","01970","Unmanufactured tobacco","2021","2021","kg/ha","1786.4","E","Estimated value",""
"QCL","Crops and livestock products","356","India","5510","Production","01970","Unmanufactured tobacco","2021","2021","t","731141.68","I","Value imputed by a receiving agency",""
"QCL","Crops and livestock products","356","India","5312","Area harvested","01970","Unmanufactured tobacco","2022","2022","ha","418125","E","Estimated value",""
"QCL","Crops and livestock products","356","India","5412","Yield","01970","Unmanufactured tobacco","2022","2022","kg/ha","1740","E","Estimated value",""
"QCL","Crops and livestock products","356","India","5510","Production","01970","Unmanufactured tobacco","2022","2022","t","727518.19","I","Value imputed by a receiving agency",""
"QCL","Crops and livestock products","356","India","5312","Area harvested","01970","Unmanufactured tobacco","2023","2023","ha","415588","E","Estimated value",""
"QCL","Crops and livestock products","356","India","5412","Yield","01970","Unmanufactured tobacco","2023","2023","kg/ha","1750.2","E","Estimated value",""
"QCL","Crops and livestock products","356","India","5510","Production","01970","Unmanufactured tobacco","2023","2023","t","727360.54","I","Value imputed by a receiving agency",""
"QCL","Crops and livestock products","356","India","5312","Area harvested","01970","Unmanufactured tobacco","2024","2024","ha","414334","E","Estimated value",""
"QCL","Crops and livestock products","356","India","5412","Yield","01970","Unmanufactured tobacco","2024","2024","kg/ha","1755.1","E","Estimated value",""
"QCL","Crops and livestock products","356","India","5510","Production","01970","Unmanufactured tobacco","2024","2024","t","727202.88","I","Value imputed by a receiving agency",""
"QCL","Crops and livestock products","356","India","5312","Area harvested","01376","Walnuts, in shell","2015","2015","ha","115000","A","Official value",""
"QCL","Crops and livestock products","356","India","5412","Yield","01376","Walnuts, in shell","2015","2015","kg/ha","2069.6","A","Official value",""
"QCL","Crops and livestock products","356","India","5510","Production","01376","Walnuts, in shell","2015","2015","t","238000","A","Official value",""
"QCL","Crops and livestock products","356","India","5312","Area harvested","01376","Walnuts, in shell","2016","2016","ha","92062","A","Official value",""
"QCL","Crops and livestock products","356","India","5412","Yield","01376","Walnuts, in shell","2016","2016","kg/ha","2483.1","A","Official value",""
"QCL","Crops and livestock products","356","India","5510","Production","01376","Walnuts, in shell","2016","2016","t","228597.2","A","Official value",""
"QCL","Crops and livestock products","356","India","5312","Area harvested","01376","Walnuts, in shell","2017","2017","ha","112115","A","Official value",""
"QCL","Crops and livestock products","356","India","5412","Yield","01376","Walnuts, in shell","2017","2017","kg/ha","2562.7","A","Official value",""
"QCL","Crops and livestock products","356","India","5510","Production","01376","Walnuts, in shell","2017","2017","t","287322","A","Official value",""
"QCL","Crops and livestock products","356","India","5312","Area harvested","01376","Walnuts, in shell","2018","2018","ha","108626","A","Official value",""
"QCL","Crops and livestock products","356","India","5412","Yield","01376","Walnuts, in shell","2018","2018","kg/ha","2759.1","A","Official value",""
"QCL","Crops and livestock products","356","India","5510","Production","01376","Walnuts, in shell","2018","2018","t","299707.28","A","Official value",""
"QCL","Crops and livestock products","356","India","5312","Area harvested","01376","Walnuts, in shell","2019","2019","ha","107544","A","Official value",""
"QCL","Crops and livestock products","356","India","5412","Yield","01376","Walnuts, in shell","2019","2019","kg/ha","2781.9","A","Official value",""
"QCL","Crops and livestock products","356","India","5510","Production","01376","Walnuts, in shell","2019","2019","t","299178","A","Official value",""
"QCL","Crops and livestock products","356","India","5312","Area harvested","01376","Walnuts, in shell","2020","2020","ha","108029","A","Official value",""
"QCL","Crops and livestock products","356","India","5412","Yield","01376","Walnuts, in shell","2020","2020","kg/ha","2651.3","A","Official value",""
"QCL","Crops and livestock products","356","India","5510","Production","01376","Walnuts, in shell","2020","2020","t","286422","A","Official value",""
"QCL","Crops and livestock products","356","India","5312","Area harvested","01376","Walnuts, in shell","2021","2021","ha","108535","A","Official value",""
"QCL","Crops and livestock products","356","India","5412","Yield","01376","Walnuts, in shell","2021","2021","kg/ha","2593.5","A","Official value",""
"QCL","Crops and livestock products","356","India","5510","Production","01376","Walnuts, in shell","2021","2021","t","281482.39","A","Official value",""
"QCL","Crops and livestock products","356","India","5312","Area harvested","01376","Walnuts, in shell","2022","2022","ha","103545","A","Official value",""
"QCL","Crops and livestock products","356","India","5412","Yield","01376","Walnuts, in shell","2022","2022","kg/ha","2790.4","A","Official value",""
"QCL","Crops and livestock products","356","India","5510","Production","01376","Walnuts, in shell","2022","2022","t","288927","A","Official value",""
"QCL","Crops and livestock products","356","India","5312","Area harvested","01376","Walnuts, in shell","2023","2023","ha","97085","A","Official value",""
"QCL","Crops and livestock products","356","India","5412","Yield","01376","Walnuts, in shell","2023","2023","kg/ha","3255","A","Official value",""
"QCL","Crops and livestock products","356","India","5510","Production","01376","Walnuts, in shell","2023","2023","t","316008","A","Official value",""
"QCL","Crops and livestock products","356","India","5312","Area harvested","01376","Walnuts, in shell","2024","2024","ha","97284","A","Official value",""
"QCL","Crops and livestock products","356","India","5412","Yield","01376","Walnuts, in shell","2024","2024","kg/ha","3266.5","A","Official value",""
"QCL","Crops and livestock products","356","India","5510","Production","01376","Walnuts, in shell","2024","2024","t","317776","A","Official value",""
"QCL","Crops and livestock products","356","India","5312","Area harvested","01221","Watermelons","2015","2015","ha","89000","A","Official value",""
"QCL","Crops and livestock products","356","India","5412","Yield","01221","Watermelons","2015","2015","kg/ha","24101.1","A","Official value",""
"QCL","Crops and livestock products","356","India","5510","Production","01221","Watermelons","2015","2015","t","2145000","A","Official value",""
"QCL","Crops and livestock products","356","India","5312","Area harvested","01221","Watermelons","2016","2016","ha","95000","A","Official value",""
"QCL","Crops and livestock products","356","India","5412","Yield","01221","Watermelons","2016","2016","kg/ha","24473.7","A","Official value",""
"QCL","Crops and livestock products","356","India","5510","Production","01221","Watermelons","2016","2016","t","2325000","A","Official value",""
"QCL","Crops and livestock products","356","India","5312","Area harvested","01221","Watermelons","2017","2017","ha","91000","A","Official value",""
"QCL","Crops and livestock products","356","India","5412","Yield","01221","Watermelons","2017","2017","kg/ha","23978","A","Official value",""
"QCL","Crops and livestock products","356","India","5510","Production","01221","Watermelons","2017","2017","t","2182000","A","Official value",""
"QCL","Crops and livestock products","356","India","5312","Area harvested","01221","Watermelons","2018","2018","ha","101000","A","Official value",""
"QCL","Crops and livestock products","356","India","5412","Yield","01221","Watermelons","2018","2018","kg/ha","24950.5","A","Official value",""
"QCL","Crops and livestock products","356","India","5510","Production","01221","Watermelons","2018","2018","t","2520000","A","Official value",""
"QCL","Crops and livestock products","356","India","5312","Area harvested","01221","Watermelons","2019","2019","ha","100000","A","Official value",""
"QCL","Crops and livestock products","356","India","5412","Yield","01221","Watermelons","2019","2019","kg/ha","24950","A","Official value",""
"QCL","Crops and livestock products","356","India","5510","Production","01221","Watermelons","2019","2019","t","2495000","A","Official value",""
"QCL","Crops and livestock products","356","India","5312","Area harvested","01221","Watermelons","2020","2020","ha","116000","A","Official value",""
"QCL","Crops and livestock products","356","India","5412","Yield","01221","Watermelons","2020","2020","kg/ha","27215.5","A","Official value",""
"QCL","Crops and livestock products","356","India","5510","Production","01221","Watermelons","2020","2020","t","3157000","A","Official value",""
"QCL","Crops and livestock products","356","India","5312","Area harvested","01221","Watermelons","2021","2021","ha","119000","A","Official value",""
"QCL","Crops and livestock products","356","India","5412","Yield","01221","Watermelons","2021","2021","kg/ha","27344.5","A","Official value",""
"QCL","Crops and livestock products","356","India","5510","Production","01221","Watermelons","2021","2021","t","3254000","A","Official value",""
"QCL","Crops and livestock products","356","India","5312","Area harvested","01221","Watermelons","2022","2022","ha","120000","A","Official value",""
"QCL","Crops and livestock products","356","India","5412","Yield","01221","Watermelons","2022","2022","kg/ha","27566.7","A","Official value",""
"QCL","Crops and livestock products","356","India","5510","Production","01221","Watermelons","2022","2022","t","3308000","A","Official value",""
"QCL","Crops and livestock products","356","India","5312","Area harvested","01221","Watermelons","2023","2023","ha","126000","A","Official value",""
"QCL","Crops and livestock products","356","India","5412","Yield","01221","Watermelons","2023","2023","kg/ha","28777.8","A","Official value",""
"QCL","Crops and livestock products","356","India","5510","Production","01221","Watermelons","2023","2023","t","3626000","A","Official value",""
"QCL","Crops and livestock products","356","India","5312","Area harvested","01221","Watermelons","2024","2024","ha","127811","A","Official value",""
"QCL","Crops and livestock products","356","India","5412","Yield","01221","Watermelons","2024","2024","kg/ha","29115.3","A","Official value",""
"QCL","Crops and livestock products","356","India","5510","Production","01221","Watermelons","2024","2024","t","3721254","A","Official value",""
"QCL","Crops and livestock products","356","India","5312","Area harvested","0111","Wheat","2015","2015","ha","31470000","A","Official value",""
"QCL","Crops and livestock products","356","India","5412","Yield","0111","Wheat","2015","2015","kg/ha","2749.6","A","Official value",""
"QCL","Crops and livestock products","356","India","5510","Production","0111","Wheat","2015","2015","t","86530000","A","Official value",""
"QCL","Crops and livestock products","356","India","5312","Area harvested","0111","Wheat","2016","2016","ha","30420000","A","Official value",""
"QCL","Crops and livestock products","356","India","5412","Yield","0111","Wheat","2016","2016","kg/ha","3033.9","A","Official value",""
"QCL","Crops and livestock products","356","India","5510","Production","0111","Wheat","2016","2016","t","92290000","A","Official value",""
"QCL","Crops and livestock products","356","India","5312","Area harvested","0111","Wheat","2017","2017","ha","30785230","A","Official value",""
"QCL","Crops and livestock products","356","India","5412","Yield","0111","Wheat","2017","2017","kg/ha","3199.9","A","Official value",""
"QCL","Crops and livestock products","356","India","5510","Production","0111","Wheat","2017","2017","t","98510220","A","Official value",""
"QCL","Crops and livestock products","356","India","5312","Area harvested","0111","Wheat","2018","2018","ha","29650590","A","Official value",""
"QCL","Crops and livestock products","356","India","5412","Yield","0111","Wheat","2018","2018","kg/ha","3368.2","A","Official value",""
"QCL","Crops and livestock products","356","India","5510","Production","0111","Wheat","2018","2018","t","99869520","A","Official value",""
"QCL","Crops and livestock products","356","India","5312","Area harvested","0111","Wheat","2019","2019","ha","29318780","A","Official value",""
"QCL","Crops and livestock products","356","India","5412","Yield","0111","Wheat","2019","2019","kg/ha","3533.4","A","Official value",""
"QCL","Crops and livestock products","356","India","5510","Production","0111","Wheat","2019","2019","t","103596230","A","Official value",""
"QCL","Crops and livestock products","356","India","5312","Area harvested","0111","Wheat","2020","2020","ha","31357020","A","Official value",""
"QCL","Crops and livestock products","356","India","5412","Yield","0111","Wheat","2020","2020","kg/ha","3439.8","A","Official value",""
"QCL","Crops and livestock products","356","India","5510","Production","0111","Wheat","2020","2020","t","107860510","A","Official value",""
"QCL","Crops and livestock products","356","India","5312","Area harvested","0111","Wheat","2021","2021","ha","31125160","A","Official value",""
"QCL","Crops and livestock products","356","India","5412","Yield","0111","Wheat","2021","2021","kg/ha","3520.8","A","Official value",""
"QCL","Crops and livestock products","356","India","5510","Production","0111","Wheat","2021","2021","t","109586500","A","Official value",""
"QCL","Crops and livestock products","356","India","5312","Area harvested","0111","Wheat","2022","2022","ha","30458530","A","Official value",""
"QCL","Crops and livestock products","356","India","5412","Yield","0111","Wheat","2022","2022","kg/ha","3537.3","A","Official value",""
"QCL","Crops and livestock products","356","India","5510","Production","0111","Wheat","2022","2022","t","107742070","A","Official value",""
"QCL","Crops and livestock products","356","India","5312","Area harvested","0111","Wheat","2023","2023","ha","31400716","A","Official value",""
"QCL","Crops and livestock products","356","India","5412","Yield","0111","Wheat","2023","2023","kg/ha","3520.7","A","Official value",""
"QCL","Crops and livestock products","356","India","5510","Production","0111","Wheat","2023","2023","t","110553675.31","A","Official value",""
"QCL","Crops and livestock products","356","India","5312","Area harvested","0111","Wheat","2024","2024","ha","31832884","A","Official value",""
"QCL","Crops and livestock products","356","India","5412","Yield","0111","Wheat","2024","2024","kg/ha","3559","A","Official value",""
"QCL","Crops and livestock products","356","India","5510","Production","0111","Wheat","2024","2024","t","113292368","A","Official value",""
"QCL","Crops and livestock products","356","India","5312","Area harvested","01540","Yams","2015","2015","ha","24000","A","Official value",""
"QCL","Crops and livestock products","356","India","5412","Yield","01540","Yams","2015","2015","kg/ha","28250","A","Official value",""
"QCL","Crops and livestock products","356","India","5510","Production","01540","Yams","2015","2015","t","678000","A","Official value",""
"QCL","Crops and livestock products","356","India","5312","Area harvested","01540","Yams","2016","2016","ha","27775","A","Official value",""
"QCL","Crops and livestock products","356","India","5412","Yield","01540","Yams","2016","2016","kg/ha","26380.8","A","Official value",""
"QCL","Crops and livestock products","356","India","5510","Production","01540","Yams","2016","2016","t","732727","A","Official value",""
"QCL","Crops and livestock products","356","India","5312","Area harvested","01540","Yams","2017","2017","ha","28837","A","Official value",""
"QCL","Crops and livestock products","356","India","5412","Yield","01540","Yams","2017","2017","kg/ha","25930.9","A","Official value",""
"QCL","Crops and livestock products","356","India","5510","Production","01540","Yams","2017","2017","t","747769","A","Official value",""
"QCL","Crops and livestock products","356","India","5312","Area harvested","01540","Yams","2018","2018","ha","30385","A","Official value",""
"QCL","Crops and livestock products","356","India","5412","Yield","01540","Yams","2018","2018","kg/ha","25469.3","A","Official value",""
"QCL","Crops and livestock products","356","India","5510","Production","01540","Yams","2018","2018","t","773879.63","A","Official value",""
"QCL","Crops and livestock products","356","India","5312","Area harvested","01540","Yams","2019","2019","ha","32568","A","Official value",""
"QCL","Crops and livestock products","356","India","5412","Yield","01540","Yams","2019","2019","kg/ha","25085.1","A","Official value",""
"QCL","Crops and livestock products","356","India","5510","Production","01540","Yams","2019","2019","t","816972","A","Official value",""
"QCL","Crops and livestock products","356","India","5312","Area harvested","01540","Yams","2020","2020","ha","31273","A","Official value",""
"QCL","Crops and livestock products","356","India","5412","Yield","01540","Yams","2020","2020","kg/ha","23154","A","Official value",""
"QCL","Crops and livestock products","356","India","5510","Production","01540","Yams","2020","2020","t","724095.8","A","Official value",""
"QCL","Crops and livestock products","356","India","5312","Area harvested","01540","Yams","2021","2021","ha","38384","A","Official value",""
"QCL","Crops and livestock products","356","India","5412","Yield","01540","Yams","2021","2021","kg/ha","22775.5","A","Official value",""
"QCL","Crops and livestock products","356","India","5510","Production","01540","Yams","2021","2021","t","874210.78","A","Official value",""
"QCL","Crops and livestock products","356","India","5312","Area harvested","01540","Yams","2022","2022","ha","42000","A","Official value",""
"QCL","Crops and livestock products","356","India","5412","Yield","01540","Yams","2022","2022","kg/ha","24761.9","A","Official value",""
"QCL","Crops and livestock products","356","India","5510","Production","01540","Yams","2022","2022","t","1040000","A","Official value",""
"QCL","Crops and livestock products","356","India","5312","Area harvested","01540","Yams","2023","2023","ha","39000","A","Official value",""
"QCL","Crops and livestock products","356","India","5412","Yield","01540","Yams","2023","2023","kg/ha","25307.7","A","Official value",""
"QCL","Crops and livestock products","356","India","5510","Production","01540","Yams","2023","2023","t","987000","A","Official value",""
"QCL","Crops and livestock products","356","India","5312","Area harvested","01540","Yams","2024","2024","ha","39000","A","Official value",""
"QCL","Crops and livestock products","356","India","5412","Yield","01540","Yams","2024","2024","kg/ha","25051.3","A","Official value",""
"QCL","Crops and livestock products","356","India","5510","Production","01540","Yams","2024","2024","t","977000","A","Official value",""
