N,P,K,Rainfall_mm,Temperature_C,Soil_pH,Year,State_Bihar,State_Gujarat,State_Haryana,State_Karnataka,State_Kerala,State_Madhya Pradesh,State_Maharashtra,State_Odisha,State_Punjab,State_Rajasthan,State_Tamil Nadu,State_Telangana,State_Uttar Pradesh,State_West Bengal,Crop_Cotton,Crop_Groundnut,Crop_Maize,Crop_Millets,Crop_Pulses,Crop_Rice,Crop_Soybean,Crop_Sugarcane,Crop_Wheat,Soil_Type_Black Soil,Soil_Type_Clay,Soil_Type_Loamy,Soil_Type_Red Soil,Soil_Type_Sandy,Fertilizer_DAP,Fertilizer_NPK,Fertilizer_Organic,Fertilizer_Urea,Yield_kg_per_acre
0.5520673926214522,-0.6481222796773403,-0.9262661222912815,-0.7379468234157391,0.5713376752056082,0.07244897407480952,-1.2211736861383233,False,False,False,True,False,False,False,False,False,False,False,False,False,False,False,False,False,False,False,False,True,False,False,False,False,True,False,False,True,False,False,False,1899
-1.2273672757061924,-0.7971661595320055,0.18801518073723836,0.9842809508737973,1.0913366227076633,-0.5005463841557407,-1.3574248412415297,False,False,False,False,False,False,False,True,False,False,False,False,False,False,True,False,False,False,False,False,False,False,False,False,False,False,True,False,False,False,False,True,1002
-1.0148974645625932,-0.7375486075901394,1.3753641101938578,-0.47405708380685857,-0.6527148300827341,0.4078608910878135,0.4138401751001527,False,False,False,False,False,False,False,False,True,False,False,False,False,False,False,True,False,False,False,False,False,False,False,False,False,False,True,False,False,False,False,False,1465
-0.4571642103106448,0.42499365527624955,0.49855259305666194,0.7065022776012914,0.5338119779631924,-1.1713702181817511,1.367598260822597,False,True,False,False,False,False,False,False,False,False,False,False,False,False,False,False,False,False,False,False,False,False,True,False,False,False,True,False,False,False,False,False,2273
0.8707721093368513,-0.051946760258679274,-0.7070632430069825,1.2065038894918019,1.7775208008547057,-0.7381298253732858,0.6863424853065654,False,False,False,False,False,False,False,False,False,False,False,False,False,False,True,False,False,False,False,False,False,False,False,False,True,False,False,False,False,False,True,False,1497
0.2333626759060532,0.9913603987239775,-1.5290740403231038,0.5120572063105373,-1.1995178470436585,-0.9337867769642061,-0.9486713759319108,False,False,False,False,False,False,False,False,False,False,True,False,False,False,False,False,False,False,False,True,False,False,False,True,False,False,False,False,False,False,False,True,4630
-0.749310200633094,0.12690589556691903,-0.597461803364833,1.4703936291006825,-0.23993216041615453,-1.4229291559415045,1.367598260822597,False,True,False,False,False,False,False,False,False,False,False,False,False,False,False,False,False,False,False,False,True,False,False,False,False,False,False,True,False,False,True,False,1778
0.2333626759060532,-0.8865924874448047,0.5898871260917865,1.2898374914735538,0.15676806757510378,-0.8639092942531624,0.8225936404097717,True,False,False,False,False,False,False,False,False,False,False,False,False,False,False,False,False,True,False,False,False,False,False,False,False,True,False,False,True,False,False,False,1583
-0.005665861630496114,0.693272639014647,-0.798397776042107,-1.2379484353062498,-1.678417221375448,-1.1573947216395417,0.9588447955129781,False,False,False,False,True,False,False,False,False,False,False,False,False,False,False,False,False,False,False,False,False,True,False,True,False,False,False,False,False,False,True,False,70433
-1.6788656243863411,-1.3933416789506665,-0.7618639628280572,0.47039040531966136,-0.17560239371486946,-1.6744880937012576,0.14133786489374,False,False,False,False,False,False,False,False,False,True,False,False,False,False,False,False,False,False,False,False,True,False,False,True,False,False,False,False,True,False,False,False,1466
1.3488291844099498,0.5442287591599817,1.740702242334356,0.5953908082922891,1.025219918042454,1.4001211455846196,-1.3574248412415297,False,False,False,False,False,False,False,False,False,False,False,False,True,False,False,False,True,False,False,False,False,False,False,False,False,False,False,False,True,False,False,False,2846
0.8707721093368513,-0.5288871757936081,-0.4147927372945838,-0.918502961042868,0.6642584493296867,-1.7443655764123014,-0.8124202208287044,True,False,False,False,False,False,False,False,False,False,False,False,False,False,False,False,False,False,False,False,False,True,False,False,False,True,False,False,False,True,False,False,84211
-1.2539260020991425,-1.691429438659997,-1.017600655326406,0.6509465429467902,0.5052209705403989,0.7991747942696529,-0.8124202208287044,False,False,False,False,False,False,False,False,False,False,False,False,False,False,False,False,False,False,False,False,False,False,True,False,False,False,False,False,True,False,False,False,3134
1.322270458017,-0.6481222796773403,-1.1272020949685555,1.2065038894918019,1.4826760368071477,-1.2412477008927936,-1.2211736861383233,False,False,False,False,False,False,False,False,False,False,True,False,False,False,False,False,False,False,False,False,True,False,False,False,False,True,False,False,True,False,False,False,2419
1.5612989955535492,-0.4096520719098759,1.3936310168008827,-0.5296128184613598,-1.6944996630507692,1.414096642126829,1.367598260822597,False,False,False,False,False,True,False,False,False,False,False,False,False,False,False,False,False,False,False,False,True,False,False,False,False,False,False,False,False,False,False,False,2237
0.5786261190144022,0.6336550870727808,-0.5609279901507832,0.8592805479011696,0.2264586481681628,1.3442191594157866,-1.084922531035117,False,False,False,False,False,False,False,False,True,False,False,False,False,False,False,False,False,False,False,False,True,False,False,False,True,False,False,False,False,False,True,False,2134
-0.8289863798119437,-0.3202257439970767,0.005346114666989206,-1.5157271085787556,1.0466631736095486,0.5056893668832736,0.550091330203359,False,False,False,False,False,False,False,False,False,False,True,False,False,False,False,False,False,False,False,False,False,False,False,False,False,False,False,True,False,False,False,False,1723
-1.731983077172241,-1.03563636729947,1.7041684291203063,-0.7935025580702404,0.16927663332257595,0.575566849594316,-1.2211736861383233,False,False,False,False,False,False,False,False,False,True,False,False,False,False,False,False,False,True,False,False,False,False,False,False,False,False,False,True,True,False,False,False,1191
1.587857721946499,1.2000218305205088,-1.437739507287979,-0.6268353541067369,-0.6044675050567704,-1.7583410729545095,1.367598260822597,False,False,False,False,False,False,False,False,False,True,False,False,False,False,True,False,False,False,False,False,False,False,False,False,False,True,False,False,False,True,False,False,1837
0.6051848454073521,-1.095253919241336,1.3022964837657582,-0.15461160954347683,-1.2727823035645667,1.6656555798865824,0.005086709790533665,False,False,False,False,False,False,False,False,False,False,False,False,True,False,False,True,False,False,False,False,False,False,False,False,False,False,True,False,False,False,False,False,1698
-1.0945736437414428,1.229830606491442,1.3022964837657582,-0.6546132214339874,1.4040507663944661,1.2883171732469525,0.4138401751001527,False,False,False,False,False,False,False,False,False,False,False,False,False,False,True,False,False,False,False,False,False,False,False,True,False,False,False,False,False,False,False,False,1379
-1.3336021812779921,-1.4231504549215996,-0.2503905778313596,-1.5573939095696314,-0.08089468162686611,1.358194655957995,0.4138401751001527,False,True,False,False,False,False,False,False,False,False,False,False,False,False,True,False,False,False,False,False,False,False,False,True,False,False,False,False,False,False,False,True,845
0.18024522312015334,-0.022137984287746222,-1.5473409469301287,0.6787244102740407,1.3700989450798995,0.5336403599676913,-1.4936759963447361,False,False,False,False,False,False,False,False,False,False,False,False,True,False,False,False,False,False,False,False,False,False,False,False,False,True,False,False,True,False,False,False,2634
1.667533901125349,-0.37984329593894284,1.119627417695509,1.012058818201048,0.3283141121118644,-0.5704238668667831,0.6863424853065654,False,False,False,False,False,False,False,False,False,False,False,False,True,False,False,False,False,False,False,False,False,False,True,False,False,False,False,False,False,True,False,False,2243
-0.6430752950612942,-0.8865924874448047,-1.035867561933431,-1.585171776896882,0.6428151937625921,1.3442191594157866,-1.6299271514479423,False,False,False,False,False,False,False,False,True,False,False,False,False,False,False,True,False,False,False,False,False,False,False,False,False,False,True,False,False,False,False,False,1794
0.3661563078708028,-0.7077398316192064,-0.816664682649132,-0.11294480855260096,1.1074190643829853,-0.752105321915494,0.6863424853065654,False,False,False,False,False,False,True,False,False,False,False,False,False,False,False,True,False,False,False,False,False,False,False,False,True,False,False,False,False,False,False,False,1825
1.0035657413016008,1.5875359181426385,-0.14078913818921013,-1.1685037669881233,0.5892070548448544,0.19822844295468617,-0.6761690657254981,False,False,False,False,False,False,False,False,False,False,False,False,False,False,False,False,False,False,False,True,False,False,False,False,False,False,False,False,False,True,False,False,5656
-0.8555451062048937,-1.3039153510378674,-1.1820028147896302,0.8453916142375443,-0.34000068639593123,-1.4229291559415045,-0.26741560041587903,False,False,False,False,False,False,False,True,False,False,False,False,False,False,False,False,False,False,False,False,False,False,True,False,False,False,False,False,True,False,False,False,3064
0.6051848454073521,0.037479567654119875,1.777236055548406,-0.9740586956973691,0.07099504530672411,1.4420476352112455,1.5038494159258033,False,False,False,False,False,False,False,False,False,False,False,False,True,False,False,False,False,False,False,False,False,True,False,False,False,True,False,False,False,False,False,True,65996
1.5612989955535492,1.0807867266367766,-0.7618639628280572,0.9981698845374225,1.1020582504912113,-1.2831741905194196,1.5038494159258033,False,False,False,False,False,False,False,False,False,False,False,False,False,True,True,False,False,False,False,False,False,False,False,False,False,True,False,False,False,False,False,False,1763
-0.5633991158824445,-0.49907839982267505,0.2062820873442633,-1.529616042242381,-0.4275606466282364,-0.9896887631330402,0.27758901999694635,False,False,False,False,False,False,False,False,False,False,False,True,False,False,False,False,False,False,False,False,False,True,False,True,False,False,False,False,False,False,False,True,78790
-1.2008085493132425,1.378874486346107,1.4118979234079077,0.7065022776012914,-0.37573944567442286,0.1842529464124779,0.4138401751001527,False,False,False,False,False,False,True,False,False,False,False,False,False,False,False,False,False,False,False,True,False,False,False,False,False,True,False,False,False,False,True,False,3592
1.4816228163746996,-0.469269623851742,0.15148136752318853,-1.3212820372880014,-1.417524278642458,0.897003270065113,0.550091330203359,False,False,False,False,False,False,False,True,False,False,False,False,False,False,True,False,False,False,False,False,False,False,False,False,False,True,False,False,True,False,False,False,1545
0.10056904394130357,0.6336550870727808,-1.1637359081826053,0.31761213501978314,1.5005454164463938,0.3938853945456052,0.550091330203359,False,False,False,False,False,False,False,False,False,False,False,False,False,True,False,False,False,False,False,False,False,False,True,False,False,True,False,False,False,False,True,False,3930
0.7910959301580015,0.4548024312471826,0.6264209393058363,-1.0018365630246198,-1.4336067203177791,-0.9617377700486226,-0.13116444531267268,False,False,False,False,False,False,False,False,False,False,False,False,False,False,False,False,False,False,False,False,False,False,False,True,False,False,False,False,False,False,True,False,2463
1.030124467694551,-0.2904169680261437,-0.19558985801028486,1.6092829657369354,0.5516813576024379,-1.7723165694967178,-0.4036667555190854,False,False,False,True,False,False,False,False,False,False,False,False,False,False,False,False,False,True,False,False,False,False,False,False,True,False,False,False,False,False,True,False,1414
-0.48372293670359473,0.15671467153785207,-1.5108071337160789,0.8037248132466684,-0.2863925474781935,0.8690522769806953,0.9588447955129781,False,False,False,False,False,False,False,False,False,False,False,False,False,True,False,False,False,False,False,True,False,False,False,False,True,False,False,False,True,False,False,False,5727
-0.722751474240144,-0.7971661595320055,0.24281590055831312,-1.585171776896882,-0.3131966169370627,1.6656555798865824,-0.9486713759319108,False,False,False,False,False,True,False,False,False,False,False,False,False,False,False,False,False,False,False,True,False,False,False,False,False,True,False,False,True,False,False,False,4162
-0.9352212853837434,0.15671467153785207,1.357097203586833,-1.112948032333622,0.6624715113657625,1.0507337320294061,-0.6761690657254981,False,False,False,False,False,False,True,False,False,False,False,False,False,False,False,False,False,True,False,False,False,False,False,True,False,False,False,False,False,True,False,False,1533
-1.4929545396356918,1.6769622460554376,-1.675209293179303,-0.5573906857886104,-1.5193797425861595,-0.16513446714273552,0.005086709790533665,True,False,False,False,False,False,False,False,False,False,False,False,False,False,False,False,False,False,False,True,False,False,False,False,True,False,False,False,False,False,False,True,3704
-0.9617800117766933,-1.691429438659997,-0.9810668421123562,-0.9046140273792427,0.3569051195346578,1.3861456490424113,-1.4936759963447361,False,False,False,False,False,False,False,False,False,False,False,False,False,True,False,False,False,False,False,False,True,False,False,False,False,False,False,False,False,False,False,True,1715
-1.2804847284920924,-1.03563636729947,-1.3098711610388047,0.7620580122557925,0.991268096727886,-0.3468159221914476,0.8225936404097717,False,False,True,False,False,False,False,False,False,False,False,False,False,False,False,False,False,True,False,False,False,False,False,False,True,False,False,False,False,True,False,False,1467
0.5786261190144022,0.8423165188693122,-0.5061272703297084,-1.3629488382788775,1.1914051486874406,0.058473477532600036,1.2313471057193908,False,False,False,True,False,False,False,False,False,False,False,False,False,False,False,True,False,False,False,False,False,False,False,False,True,False,False,False,False,True,False,False,2108
1.5612989955535492,0.21633222347971817,-1.4194726006809542,-1.4601713739242546,-1.151270522017694,-0.10923248097390131,-0.4036667555190854,False,False,False,False,False,False,False,False,False,True,False,False,False,False,False,False,False,False,False,True,False,False,False,True,False,False,False,False,False,False,True,False,5992
0.18024522312015334,-0.6183135037064073,0.7177554723409609,-0.8629472263883669,1.438002587709033,-0.20706095676936148,-1.2211736861383233,False,False,False,False,False,False,False,False,False,True,False,False,False,False,True,False,False,False,False,False,False,False,False,False,False,False,False,False,False,True,False,False,1175
-1.3601609076709422,-0.8269749355029385,1.740702242334356,-1.3629488382788775,0.578485427061307,0.938929759691739,-0.13116444531267268,False,False,False,False,True,False,False,False,False,False,False,False,False,False,False,False,False,False,False,False,True,False,False,True,False,False,False,False,False,False,False,False,1898
-1.6523068979933913,1.6769622460554376,-0.5791948967578081,-1.0990590986699968,1.3826075108273717,0.07244897407480952,0.6863424853065654,False,False,False,False,False,True,False,False,False,False,False,False,False,False,False,True,False,False,False,False,False,False,False,False,False,True,False,False,False,False,False,True,1264
-1.5195132660286417,1.3490657103751742,1.0100259780533596,-1.6962832462058846,-0.029073480673053216,-0.6682523426622433,-0.8124202208287044,False,False,False,False,False,False,False,False,False,False,False,False,False,True,False,False,False,False,False,False,False,True,False,False,False,False,False,True,False,True,False,False,57723
1.1363593732663506,-0.9760188153576038,0.8273569119831105,1.7065055013823125,0.17285050925042506,-0.8639092942531624,0.9588447955129781,False,False,False,False,False,False,False,False,False,False,False,False,False,True,False,True,False,False,False,False,False,False,False,False,True,False,False,False,False,False,False,False,1778
-1.3336021812779921,-0.8865924874448047,-0.10425532497516028,0.498168272646912,1.5166278581217156,-1.6465371006168412,1.5038494159258033,False,False,False,False,True,False,False,False,False,False,False,False,False,False,False,True,False,False,False,False,False,False,False,False,False,False,False,True,False,False,False,False,1461
0.8707721093368513,0.24614099945065124,0.2245489939512882,1.6648387003914367,1.4469372775286566,0.2681059256657286,1.5038494159258033,False,False,False,False,False,False,False,False,False,False,False,True,False,False,True,False,False,False,False,False,False,False,False,True,False,False,False,False,False,False,False,False,1589
1.4550640899817495,0.5740375351309148,-1.0724013751474808,1.0398366855282983,-0.16130689000347245,-0.9757132665908308,1.367598260822597,False,False,False,False,False,False,False,False,False,False,False,True,False,False,False,False,False,False,False,True,False,False,False,True,False,False,False,False,False,False,False,False,5016
-0.377488031131795,-1.0058275913285368,0.5716202194847616,1.164837088500926,-0.7813743634853049,-1.2552231974350019,1.6401005710290097,False,False,False,False,True,False,False,False,False,False,False,False,False,False,False,False,False,False,True,False,False,False,False,True,False,False,False,False,False,False,True,False,896
0.07401031754835365,-0.3202257439970767,0.31588352698641275,-0.36294561449785623,-0.35787006603517735,0.5056893668832736,-1.2211736861383233,False,False,False,False,False,False,False,False,False,False,False,True,False,False,False,False,False,False,False,False,False,False,True,False,False,False,False,True,False,False,False,False,4253
-1.6257481716004414,0.18652344750878513,1.5214993630500573,-0.7796136244066151,-0.37752638363834773,0.6035178426787338,-0.8124202208287044,False,False,False,False,False,False,False,False,True,False,False,False,False,False,False,False,False,False,False,True,False,False,False,True,False,False,False,False,False,False,True,False,4827
-1.2273672757061924,-0.1711818641424115,-1.0906682817545057,0.6509465429467902,-0.7367009143871902,0.8550767804384871,-0.4036667555190854,False,False,False,False,False,False,False,False,False,False,False,False,False,True,False,False,False,False,False,False,False,False,False,False,False,True,False,False,False,False,True,False,1673
0.33959758147785285,0.24614099945065124,0.09668064770211378,0.498168272646912,-0.8010306810884753,-0.0114040051784424,0.27758901999694635,False,False,False,False,False,False,False,False,False,False,True,False,False,False,False,False,False,False,False,True,False,False,False,True,False,False,False,False,False,False,False,False,6020
1.1894768260522504,0.9317428467821114,-0.5791948967578081,0.6370576092831649,1.3093430543064628,1.358194655957995,-0.13116444531267268,False,True,False,False,False,False,False,False,False,False,False,False,False,False,True,False,False,False,False,False,False,False,False,False,False,False,True,False,False,False,False,True,1840
-1.7054243507792912,-1.2144890231250682,-1.5108071337160789,0.1926117320471555,-1.5104450527665365,1.4979496213800798,-1.6299271514479423,False,False,True,False,False,False,False,False,False,False,False,False,False,False,False,True,False,False,False,False,False,False,False,False,False,False,False,True,False,False,False,False,2090
0.7114197509791518,-1.4827680068634657,1.6311008026922067,0.15094493105627962,0.6553237595100643,1.0507337320294061,0.9588447955129781,False,False,False,False,False,False,False,False,True,False,False,False,False,False,False,True,False,False,False,False,False,False,False,False,False,False,True,False,False,False,False,False,1650
-1.413278360456842,-0.6183135037064073,-0.15905604479623503,-0.8490582927247415,-1.1423358321980717,0.4497873807144394,0.6863424853065654,False,False,False,False,False,False,False,False,False,False,False,False,False,False,False,False,False,False,False,False,False,False,True,True,False,False,False,False,False,False,False,False,2724
-1.6523068979933913,0.8423165188693122,-0.5061272703297084,0.9842809508737973,-0.5312030485358622,-0.7101788322888692,1.6401005710290097,False,False,False,False,False,False,False,False,True,False,False,False,False,False,False,False,False,False,False,False,False,False,True,False,False,True,False,False,False,False,False,True,3655
1.1363593732663506,-1.125062695212269,-0.28692439104540945,-0.7657246907429898,-1.5390360601893298,1.6656555798865824,0.4138401751001527,False,False,False,False,False,False,False,False,False,False,True,False,False,False,False,False,False,False,False,False,False,True,False,False,True,False,False,False,True,False,False,False,64267
0.20680394951310327,0.18652344750878513,-1.675209293179303,1.400948960782556,-0.7974568051606261,-0.8080073080843282,-1.084922531035117,False,False,False,False,False,False,False,False,False,False,False,False,False,False,False,False,False,False,False,False,False,False,True,False,False,False,False,False,True,False,False,False,4144
0.7645372037650516,-1.125062695212269,0.7360223789479858,-1.4185045729333785,0.9787595309804151,-1.0595662458440827,0.8225936404097717,False,False,True,False,False,False,False,False,False,False,False,False,False,False,False,False,False,False,False,True,False,False,False,False,False,False,False,False,False,False,True,False,5482
1.030124467694551,-0.9462100393866708,-0.2321236712243347,0.6231686756195396,1.3951160765748438,-0.2210364533115697,-1.2211736861383233,False,False,False,False,False,False,False,False,False,False,True,False,False,False,False,False,True,False,False,False,False,False,False,True,False,False,False,False,False,False,True,False,4553
-1.5460719924215915,1.4086832623170402,-1.4194726006809542,-0.9323918947064933,-0.9690028496973861,-1.5766596179057988,-0.9486713759319108,False,False,False,False,False,False,False,True,False,False,False,False,False,False,False,False,False,False,False,False,False,False,True,False,False,True,False,False,False,False,False,True,2343
0.02089286476245381,0.3355673273634504,-1.1820028147896302,0.6648354766104155,-0.10769875108573468,1.651680083344374,0.550091330203359,False,True,False,False,False,False,False,False,False,False,False,False,False,False,False,False,False,False,False,False,False,False,False,False,False,False,False,True,False,True,False,False,2204
1.1629180996593005,-0.4394608478808089,-1.273337347824755,-1.2101705679789991,-0.08268161959079098,0.28208142220793686,-0.8124202208287044,False,False,True,False,False,False,False,False,False,False,False,False,False,False,False,False,False,False,False,True,False,False,False,False,False,False,True,False,True,False,False,False,4368
-1.5195132660286417,1.229830606491442,0.29761662037938785,-1.668505378878634,1.3540165034045775,0.17027744987026844,1.5038494159258033,False,False,False,False,False,False,False,False,False,False,False,False,False,True,False,True,False,False,False,False,False,False,False,False,False,False,True,False,False,False,True,False,2195
1.3488291844099498,-0.9164012634157378,0.26108280716533805,0.6509465429467902,0.9591032133772435,0.5196648634254819,1.367598260822597,False,False,False,False,False,False,False,False,False,False,False,True,False,False,False,False,True,False,False,False,False,False,False,False,False,False,True,False,True,False,False,False,3148
-1.466395813242742,-0.4096520719098759,0.9552252582322848,0.33150106868340845,0.06920810734279925,-0.039354998262858876,-0.8124202208287044,False,False,False,False,False,False,False,True,False,False,False,False,False,False,False,False,False,False,False,True,False,False,False,False,False,False,False,True,False,False,False,True,4629
0.8707721093368513,-1.2442977990960014,0.3706842468074875,1.164837088500926,0.6303066280151199,-1.6605125971590495,-0.5399179106222917,False,False,False,False,False,True,False,False,False,False,False,False,False,False,False,False,False,False,False,True,False,False,False,False,False,False,False,False,False,False,False,True,5153
-0.6430752950612942,-0.5586959517645411,0.09668064770211378,-1.1268369659972475,1.2610957292804996,0.3659344014611888,0.005086709790533665,False,False,True,False,False,False,False,False,False,False,False,False,False,False,False,False,False,False,False,True,False,False,False,False,False,True,False,False,False,True,False,False,4018
1.4285053635887996,-1.661620662689064,0.8821576318041852,-0.5712796194522356,-1.7248776084374868,0.7292973115586104,0.9588447955129781,False,False,False,False,False,True,False,False,False,False,False,False,False,False,False,False,False,False,False,True,False,False,False,False,False,False,False,True,False,True,False,False,4274
-1.4398370868497918,0.5144199831890487,0.9004245384112101,0.1926117320471555,-0.32391824472061,-0.31886492910702985,0.14133786489374,False,False,False,False,False,False,False,False,False,False,False,False,False,False,False,False,False,False,False,False,False,True,False,False,False,False,True,False,False,False,False,True,73260
-0.7758689270260438,1.319256934404241,0.8456238185901354,-1.4740603075878798,1.4737413469875253,0.8690522769806953,0.4138401751001527,False,False,False,False,False,False,False,True,False,False,False,False,False,False,False,False,False,False,False,False,True,False,False,True,False,False,False,False,False,False,True,False,2558
0.20680394951310327,0.5144199831890487,-1.1820028147896302,-1.7518389808603856,0.8786910050006378,-0.9757132665908308,1.367598260822597,False,True,False,False,False,False,False,False,False,False,False,False,False,False,False,False,False,False,False,False,False,False,True,False,True,False,False,False,True,False,False,False,1925
0.18024522312015334,0.21633222347971817,-0.9262661222912815,-0.05738907389809978,0.1746374472143499,-1.0036642596752485,-0.5399179106222917,False,False,False,False,False,False,False,False,False,False,False,False,False,True,False,False,False,False,False,False,True,False,False,False,False,False,False,True,False,False,False,False,2761
-0.377488031131795,-0.37984329593894284,0.1149475543091387,0.27594533402890725,0.12817706015231034,-1.2132967078083758,0.27758901999694635,False,False,False,False,True,False,False,False,False,False,False,False,False,False,False,False,False,False,False,False,False,True,False,False,False,False,False,True,False,True,False,False,77626
1.6940926275182988,0.8125077428983792,-0.5791948967578081,-0.029611206570849195,-0.5204814207523148,-0.47259539107132426,-1.084922531035117,False,False,False,False,False,False,False,False,False,False,False,False,False,True,False,True,False,False,False,False,False,False,False,False,False,True,False,False,False,False,False,False,2118
-0.2712531255599953,0.8423165188693122,0.5533533128777367,0.8453916142375443,0.0960121768016678,1.1904886974514923,0.6863424853065654,False,False,False,False,False,False,False,False,False,False,True,False,False,False,False,False,False,False,False,False,False,False,False,False,False,True,False,False,False,False,True,False,2851
-0.16501821998819566,-0.8567837114738717,-0.5243941769367333,-1.3073931036243762,0.5766984890973822,1.12061121474045,1.0950959506161844,False,False,False,False,False,False,False,False,False,False,False,False,False,True,False,False,False,False,False,True,False,False,False,False,False,False,False,True,False,True,False,False,3850
-1.1476910965273428,0.30575855139251734,-1.1272020949685555,-1.7101721798695098,-0.268523167838948,-0.43066890144469827,0.9588447955129781,True,False,False,False,False,False,False,False,False,False,False,False,False,False,False,False,False,False,False,False,False,True,False,False,False,False,True,False,False,False,False,False,69114
0.977007014908651,-1.4827680068634657,-0.2138567646173098,1.484282562764308,0.7857702308765586,0.28208142220793686,-0.6761690657254981,False,False,False,False,False,False,False,False,False,False,False,False,True,False,False,False,False,False,True,False,False,False,False,False,True,False,False,False,False,False,True,False,1379
-0.6961927478471941,0.7826989669274461,-1.5108071337160789,-1.724061113533135,1.3093430543064628,0.7432728081008186,0.27758901999694635,False,False,False,False,True,False,False,False,False,False,False,False,False,False,False,False,False,False,False,False,False,False,False,False,False,True,False,False,True,False,False,False,2196
-0.058783314416395956,-1.4231504549215996,-1.5473409469301287,-0.5018349511341091,-1.2084525368632808,-0.9337867769642061,1.0950959506161844,False,False,False,False,False,False,False,False,True,False,False,False,False,False,False,False,False,False,False,False,False,False,False,False,False,False,True,False,False,False,True,False,2611
0.4989499398355524,0.30575855139251734,1.0282928846603845,-1.0435033640154956,-0.15058526221992516,-1.1853457147239594,1.6401005710290097,False,False,False,False,False,False,False,False,False,False,False,True,False,False,False,False,False,False,False,False,False,False,True,True,False,False,False,False,False,True,False,False,2005
0.6051848454073521,1.2000218305205088,-0.6157287099718579,1.4703936291006825,-0.3042619271174396,1.6237290902599564,-0.5399179106222917,False,False,False,True,False,False,False,False,False,False,False,False,False,False,False,False,False,False,False,True,False,False,False,False,False,True,False,False,False,False,False,True,6019
-0.9352212853837434,0.9615516227530445,1.558033176264107,1.3870600271189308,0.691062518788556,0.379909898003397,0.8225936404097717,False,True,False,False,False,False,False,False,False,False,False,False,False,False,False,True,False,False,False,False,False,False,False,False,False,False,True,False,True,False,False,False,1563
-1.2273672757061924,1.6173446941135716,-1.1454690015755804,-1.3768377719425027,-0.8689343237176094,1.651680083344374,1.2313471057193908,False,False,False,False,False,False,False,True,False,False,False,False,False,False,True,False,False,False,False,False,False,False,False,False,False,False,True,False,False,False,False,False,1431
1.6940926275182988,0.21633222347971817,0.9552252582322848,-0.7935025580702404,0.5230903501796444,-0.5983748599512009,-0.9486713759319108,False,False,False,False,False,False,False,False,False,False,False,False,True,False,False,False,False,False,False,True,False,False,False,False,True,False,False,False,False,True,False,False,4086
-1.413278360456842,0.8721252948402453,-1.3281380676458296,0.9842809508737973,1.3683120071159753,0.6873708219319845,-1.2211736861383233,False,True,False,False,False,False,False,False,False,False,False,False,False,False,False,False,False,False,False,True,False,False,False,False,True,False,False,False,False,False,False,True,5942
1.4816228163746996,-0.8269749355029385,-0.816664682649132,0.7759469459194178,-0.268523167838948,-0.9896887631330402,-0.26741560041587903,False,False,False,False,False,False,False,True,False,False,False,False,False,False,False,False,False,False,False,False,False,False,True,True,False,False,False,False,False,False,True,False,2916
0.977007014908651,-0.7673573835610725,0.6812216591269111,-0.9740586956973691,1.4880368506989217,-0.8639092942531624,-0.4036667555190854,False,False,False,False,False,False,False,False,False,False,False,True,False,False,False,False,False,False,False,True,False,False,False,False,False,False,True,False,False,False,False,True,5170
1.0566831940875008,-0.5885047277354742,-1.017600655326406,-0.2657230788524792,1.77930773881863,0.01654698790597532,-1.3574248412415297,False,False,False,False,False,False,True,False,False,False,False,False,False,False,False,False,False,False,False,False,False,False,False,False,False,False,False,False,False,True,False,False,3021
1.4019466371958498,1.0509779506658437,0.6629547525198861,1.2203928231554273,-1.3799985814000415,-0.6542768461200351,-1.6299271514479423,False,False,False,False,False,False,True,False,False,False,False,False,False,False,False,False,False,False,False,True,False,False,False,False,False,False,True,False,False,True,False,False,6321
0.10056904394130357,-0.37984329593894284,0.7177554723409609,1.3592821597916802,-0.9279032765271206,-1.1853457147239594,-0.13116444531267268,False,False,False,False,False,True,False,False,False,False,False,False,False,False,False,False,True,False,False,False,False,False,False,False,True,False,False,False,False,False,False,True,2728
0.8707721093368513,-0.6481222796773403,0.13321446091616362,0.2342785330380314,1.6274180118850397,-0.8499337977109541,1.367598260822597,False,True,False,False,False,False,False,False,False,False,False,False,False,False,False,False,False,False,False,False,False,True,False,False,False,False,False,False,False,False,True,False,80701
0.41927376065670263,1.6769622460554376,-0.7070632430069825,-1.432393506597004,1.6560090193078338,-1.6465371006168412,0.27758901999694635,False,False,False,False,False,False,True,False,False,False,False,False,False,False,False,False,False,False,True,False,False,False,False,False,False,True,False,False,False,False,False,True,920
0.2333626759060532,0.9913603987239775,0.5350864062707118,0.970392017210172,-1.4103765267867598,0.6873708219319845,0.27758901999694635,True,False,False,False,False,False,False,False,False,False,False,False,False,False,False,False,False,False,False,True,False,False,False,False,False,True,False,False,False,True,False,False,4925
1.3753879108029,0.037479567654119875,-1.2368035346107051,0.5815018746286638,-1.7052212908343165,-0.053330494805067116,1.0950959506161844,False,False,False,False,True,False,False,False,False,False,False,False,False,False,False,False,False,False,False,False,False,True,False,False,False,False,False,True,False,True,False,False,77872
0.4723912134426025,-0.8269749355029385,0.699488565733936,1.484282562764308,-1.1852223433322615,-1.4369046524837126,0.14133786489374,False,False,False,False,False,False,False,True,False,False,False,False,False,False,False,False,False,False,True,False,False,False,False,False,True,False,False,False,False,False,False,False,1362
0.07401031754835365,-1.4231504549215996,-1.5290740403231038,-0.6962800224248633,1.7900293666021778,-1.1713702181817511,-0.8124202208287044,False,False,False,False,False,True,False,False,False,False,False,False,False,False,False,False,False,True,False,False,False,False,False,False,False,False,False,True,False,False,False,False,1466
-0.19157694638114556,0.8423165188693122,-1.0724013751474808,0.6648354766104155,-1.1173187007031273,-1.4089536593992962,0.550091330203359,False,False,False,False,False,False,False,False,False,False,False,False,False,True,True,False,False,False,False,False,False,False,False,False,False,False,False,False,True,False,False,False,2137
1.587857721946499,-1.691429438659997,-0.9079992156842566,-0.7101689560884886,0.031682410100382745,0.3659344014611888,1.5038494159258033,False,False,False,False,False,False,False,True,False,False,False,False,False,False,False,False,False,False,False,False,False,False,True,False,True,False,False,False,False,True,False,False,2873
1.1894768260522504,1.3490657103751742,-0.34172511086648416,-0.8073914917338656,1.2646696052083481,-1.4369046524837126,0.8225936404097717,False,False,False,False,False,True,False,False,False,False,False,False,False,False,False,False,False,False,False,False,False,False,True,True,False,False,False,False,False,False,False,False,4157
-0.1119007672022958,1.378874486346107,0.023613021274014122,-0.36294561449785623,-1.6855649732311462,0.8690522769806953,-0.8124202208287044,False,False,False,False,False,False,False,False,False,False,False,True,False,False,False,False,False,False,False,False,True,False,False,False,False,False,True,False,False,False,False,True,1580
1.640975174732399,-0.9462100393866708,-1.2916042544317798,0.4426125379924108,0.3944308167770743,-1.7024390867856753,-1.3574248412415297,False,True,False,False,False,False,False,False,False,False,False,False,False,False,False,False,True,False,False,False,False,False,False,True,False,False,False,False,False,False,True,False,3975
1.030124467694551,1.2000218305205088,-0.4147927372945838,-0.4879460174704839,-0.7724396736656818,-0.9058357838797884,-1.3574248412415297,False,False,False,False,False,False,False,False,False,False,False,True,False,False,False,False,False,False,False,False,False,True,False,False,False,False,False,False,False,False,False,True,73619
0.04745159115540373,-1.691429438659997,0.6812216591269111,-0.4879460174704839,1.3129169302343127,1.3442191594157866,1.6401005710290097,False,False,False,False,True,False,False,False,False,False,False,False,False,False,False,False,False,False,False,False,False,False,False,False,True,False,False,False,False,False,True,False,2675
-1.3601609076709422,1.319256934404241,0.023613021274014122,-1.349059904615252,-0.7492094801346617,0.7432728081008186,0.6863424853065654,False,False,False,False,True,False,False,False,False,False,False,False,False,False,True,False,False,False,False,False,False,False,False,False,False,False,False,False,False,False,False,False,1200
-0.8289863798119437,1.259639382462375,-1.1089351883615306,-1.5157271085787556,0.6874886428607069,-1.5207576317369644,0.9588447955129781,False,False,False,False,False,False,False,False,False,False,False,False,True,False,False,False,False,False,False,False,False,False,False,False,False,False,True,False,True,False,False,False,2526
-1.386719634063892,-1.125062695212269,0.24281590055831312,-1.154614833324498,0.6428151937625921,1.0926602216560322,1.2313471057193908,False,False,False,False,False,False,False,False,False,False,False,True,False,False,False,False,True,False,False,False,False,False,False,False,False,True,False,False,False,False,False,True,2033
0.9504482885157011,-0.022137984287746222,0.9369583516252599,0.3870568033379096,-0.9690028496973861,-0.053330494805067116,0.14133786489374,False,False,False,False,False,False,False,False,False,False,True,False,False,False,False,False,True,False,False,False,False,False,False,False,False,True,False,False,False,False,False,True,3126
0.8973308357298012,-1.602003110747198,-1.675209293179303,-0.39072348182510686,-1.6355307102412575,1.1904886974514923,-1.3574248412415297,False,False,False,False,False,False,False,False,False,False,False,False,False,True,False,False,False,True,False,False,False,False,False,False,False,False,False,False,False,False,False,True,728
-1.5726307188145414,-0.20099064011334453,-0.378258924080534,0.37316786967428434,-0.3006880511895905,0.3240079118345628,-0.8124202208287044,False,False,True,False,False,False,False,False,False,False,False,False,False,False,False,False,True,False,False,False,False,False,False,False,False,False,False,True,False,False,True,False,2927
-0.9617800117766933,-0.4096520719098759,1.5214993630500573,-0.08516694122535037,-0.7277662245675671,0.6035178426787338,-0.8124202208287044,False,False,False,False,False,False,False,False,False,False,False,True,False,False,False,False,False,False,False,False,False,False,True,False,True,False,False,False,False,False,False,False,1906
-0.4571642103106448,0.7826989669274461,-0.7801308694350821,1.4426157617734319,1.1235015060583058,1.6936065729710001,-1.084922531035117,False,False,False,False,False,False,False,False,False,False,False,False,True,False,False,False,False,False,False,False,False,False,False,False,True,False,False,False,False,False,False,True,1978
1.1894768260522504,1.0211691746949105,0.8821576318041852,1.5815050984096848,1.0931235606715877,-0.9617377700486226,-1.3574248412415297,False,False,False,False,False,False,False,False,False,False,False,False,False,False,False,False,False,False,False,False,False,False,True,False,False,True,False,False,False,False,False,True,2215
0.15368649672720341,-1.1548714711832022,-1.4194726006809542,-0.16850054320710214,-0.13092894461675478,0.4078608910878135,0.6863424853065654,True,False,False,False,False,False,False,False,False,False,False,False,False,False,False,False,False,False,False,False,True,False,False,True,False,False,False,False,True,False,False,False,1995
0.3661563078708028,0.06728834362505293,-0.7253301496140074,-0.9323918947064933,0.4015785686327725,-0.16513446714273552,0.27758901999694635,False,False,False,False,False,False,False,True,False,False,False,False,False,False,False,False,False,False,False,False,False,False,False,False,False,False,True,False,True,False,False,False,3360
0.44583248704965256,-0.6183135037064073,1.4484317366219575,0.262056400365282,0.3944308167770743,-1.632561604074633,0.9588447955129781,False,False,False,False,True,False,False,False,False,False,False,False,False,False,False,False,False,False,False,False,False,False,True,True,False,False,False,False,False,False,False,False,4077
-0.6430752950612942,-1.1548714711832022,-1.5473409469301287,1.3592821597916802,1.187831272759591,-1.7164145833278837,0.14133786489374,False,False,False,False,False,False,False,False,False,False,False,False,False,False,False,False,False,False,False,False,False,True,False,True,False,False,False,False,False,False,False,False,57444
-1.3070434548850423,1.6471534700845045,-0.34172511086648416,1.248170690482678,-0.2452929743079285,-1.353051673230462,-1.2211736861383233,False,False,False,False,False,False,False,False,False,False,False,False,True,False,False,False,False,False,False,False,False,False,True,False,False,False,False,False,False,True,False,False,3081
-1.5726307188145414,-1.0058275913285368,-0.8531984958631819,-0.9879476293609945,-0.7778004875574551,0.4917138703410654,1.5038494159258033,False,False,False,False,False,True,False,False,False,False,False,False,False,False,False,False,False,False,False,False,False,False,False,False,False,True,False,False,True,False,False,False,2711
-1.4929545396356918,-1.691429438659997,-0.4330596439016088,-1.3351709709516268,-0.8153261847998716,0.2122039394968944,-0.6761690657254981,False,False,True,False,False,False,False,False,False,False,False,False,False,False,True,False,False,False,False,False,False,False,False,False,False,True,False,False,False,True,False,False,1447
-0.8555451062048937,-0.7971661595320055,0.3889511534145124,-0.36294561449785623,0.15140725368333044,0.1563019533280602,1.0950959506161844,False,False,False,False,False,False,False,False,False,False,False,False,False,True,False,False,False,False,True,False,False,False,False,False,False,True,False,False,False,False,True,False,1233
-0.8024276534189938,-0.9760188153576038,0.9917590714463347,-0.9462808283701186,-0.15773301407562335,-1.6605125971590495,0.005086709790533665,False,False,False,False,False,False,False,False,False,False,False,False,False,True,False,False,False,False,False,False,False,True,False,False,False,False,False,False,False,True,False,False,62945
-1.5991894452074915,0.3355673273634504,1.338830296979808,-0.04350014023447449,-0.18989789742626587,-0.13718347405831904,1.2313471057193908,False,False,False,False,False,False,False,False,False,False,False,False,False,True,True,False,False,False,False,False,False,False,False,False,False,False,False,True,False,False,False,True,1584
-0.9883387381696432,-0.5288871757936081,0.5533533128777367,0.039833461747277275,-1.4336067203177791,1.4560231317534538,-0.6761690657254981,True,False,False,False,False,False,False,False,False,False,False,False,False,False,False,False,False,False,False,True,False,False,False,True,False,False,False,False,False,True,False,False,4236
1.587857721946499,0.24614099945065124,0.8456238185901354,-0.4185013491523574,0.8018526725518805,-0.38874241181807234,0.27758901999694635,False,False,True,False,False,False,False,False,False,False,False,False,False,False,False,False,False,False,True,False,False,False,False,False,False,False,False,False,False,False,False,False,598
0.3927150342637527,1.1404042785786428,0.4437518732355872,0.5537240073014131,-0.9975938571201796,0.4078608910878135,0.550091330203359,True,False,False,False,False,False,False,False,False,False,False,False,False,False,False,False,False,False,False,True,False,False,False,False,True,False,False,False,False,False,True,False,5410
0.2333626759060532,-1.7212382146309302,-0.9079992156842566,0.8592805479011696,-1.0565628099296913,0.9529052562339472,-1.084922531035117,False,False,False,False,True,False,False,False,False,False,False,False,False,False,True,False,False,False,False,False,False,False,False,False,False,False,True,False,False,False,False,True,1720
-1.068014917348493,-0.2307994160842776,-1.3281380676458296,1.4981714964279331,-0.28817948544211835,0.9668807527761555,0.9588447955129781,True,False,False,False,False,False,False,False,False,False,False,False,False,False,False,False,False,False,False,True,False,False,False,False,False,False,False,True,False,True,False,False,4331
1.6144164483394492,-1.602003110747198,1.0100259780533596,-0.27961201251610446,-0.9475595941302916,0.044497980990391796,-1.2211736861383233,False,False,False,True,False,False,False,False,False,False,False,False,False,False,False,False,False,False,False,True,False,False,False,False,True,False,False,False,False,False,True,False,5143
1.29571173162405,-1.3635329029797336,-1.3098711610388047,0.8870584152284202,0.3211663602561662,1.2184396905359087,-0.26741560041587903,False,False,True,False,False,False,False,False,False,False,False,False,False,False,False,False,False,False,False,False,False,True,False,True,False,False,False,False,False,False,True,False,81360
1.587857721946499,-1.1846802471541351,-0.19558985801028486,1.3453932261280548,-0.4347083984839346,-0.40271790836028054,0.6863424853065654,False,False,False,False,False,False,False,False,False,False,True,False,False,False,False,False,True,False,False,False,False,False,False,False,False,True,False,False,False,False,False,True,4288
-1.0148974645625932,-1.3933416789506665,-0.6522625231859077,-1.5157271085787556,-0.15951995203954822,1.3302436628735772,-0.4036667555190854,False,False,True,False,False,False,False,False,False,False,False,False,False,False,False,False,False,False,False,False,False,False,True,True,False,False,False,False,False,True,False,False,3176
0.2333626759060532,-0.3202257439970767,1.558033176264107,0.24816746670165668,0.15498112961117955,-0.9337867769642061,0.550091330203359,False,False,False,False,False,False,False,False,False,False,False,False,True,False,True,False,False,False,False,False,False,False,False,False,False,False,False,False,False,False,True,False,1602
0.3130388550849029,-1.0058275913285368,-0.34172511086648416,1.3731710934553054,-1.0333326163986718,-0.79403181154212,0.27758901999694635,False,False,False,True,False,False,False,False,False,False,False,False,False,False,False,False,True,False,False,False,False,False,False,False,False,False,True,False,False,False,True,False,3433
0.631743571800302,-0.051946760258679274,0.09668064770211378,0.5537240073014131,-1.2030917229715075,-1.5906351144480069,-0.9486713759319108,False,False,False,False,False,False,False,False,False,False,False,False,False,True,False,False,False,False,False,False,False,False,True,False,False,False,False,False,True,False,False,False,3001
-1.2008085493132425,1.6769622460554376,1.119627417695509,-0.7796136244066151,1.3790336348995218,1.0088072424027814,1.367598260822597,False,False,False,False,False,False,False,False,False,False,False,False,True,False,True,False,False,False,False,False,False,False,False,False,False,False,False,True,False,False,True,False,1079
-0.32437057834589517,-0.7077398316192064,1.1926950441236086,-0.29350094617972977,-0.21312809095728535,-0.31886492910702985,1.0950959506161844,False,False,False,False,False,False,False,False,False,False,False,False,True,False,False,False,False,True,False,False,False,False,False,False,False,False,False,True,True,False,False,False,1101
0.977007014908651,0.5144199831890487,0.31588352698641275,-1.015725496688245,-0.2899664234060432,-0.9757132665908308,0.4138401751001527,False,False,False,False,True,False,False,False,False,False,False,False,False,False,False,False,True,False,False,False,False,False,False,False,False,False,True,False,False,True,False,False,3503
-0.19157694638114556,1.0509779506658437,0.4072180600215373,1.637060833064186,-1.6319568343134083,-0.9617377700486226,0.27758901999694635,False,False,False,False,False,False,False,False,False,True,False,False,False,False,False,False,True,False,False,False,False,False,False,False,True,False,False,False,False,True,False,False,3353
0.15368649672720341,-1.602003110747198,1.2109619507306337,1.3870600271189308,0.015599968425061481,1.372170152500203,-0.6761690657254981,False,False,False,False,False,False,False,False,True,False,False,False,False,False,False,False,False,False,False,False,False,False,False,False,True,False,False,False,False,True,False,False,3489
-1.2273672757061924,1.170213054549576,-0.9262661222912815,-0.4601681501432333,0.2157370203846155,1.134586711282658,-0.5399179106222917,False,False,False,True,False,False,False,False,False,False,False,False,False,False,False,False,False,False,False,True,False,False,False,False,False,False,False,True,False,False,False,False,5025
1.2160355524452002,-1.095253919241336,-0.4513265505086337,-0.7101689560884886,0.23181946205993678,0.1563019533280602,-0.26741560041587903,False,False,False,False,False,False,False,False,False,False,False,False,True,False,False,False,False,False,False,False,False,False,False,False,False,False,False,True,False,True,False,False,2278
-0.19157694638114556,1.319256934404241,1.758969148941381,-1.2796152362971256,0.7607530993816143,0.379909898003397,-1.4936759963447361,False,False,False,False,False,False,False,False,True,False,False,False,False,False,False,False,False,False,False,True,False,False,False,False,False,True,False,False,False,False,True,False,3532
0.1271277703342535,0.5442287591599817,1.758969148941381,-1.6129496442241327,-1.1262533905227503,-0.10923248097390131,0.005086709790533665,False,False,False,False,False,False,False,False,True,False,False,False,False,False,False,False,False,False,False,False,True,False,False,False,True,False,False,False,False,False,False,True,1570
1.1363593732663506,-0.051946760258679274,-0.4147927372945838,-0.918502961042868,-0.8599996338979864,-0.40271790836028054,-1.2211736861383233,False,False,False,True,False,False,False,False,False,False,False,False,False,False,False,False,False,False,False,False,False,False,True,False,False,False,True,False,True,False,False,False,3933
1.667533901125349,-0.35003451996800977,-0.26865748443838455,-1.154614833324498,1.1306492579140042,1.4280721386690374,-0.5399179106222917,False,False,False,False,False,False,False,False,False,True,False,False,False,False,False,False,False,False,False,True,False,False,False,False,True,False,False,False,False,False,False,False,5511
-0.2712531255599953,-0.14137308817147842,-0.04945460515408554,-0.08516694122535037,1.6166963841014919,-1.3390761766882537,-1.084922531035117,False,False,False,False,False,False,False,False,False,False,False,False,False,False,False,False,True,False,False,False,False,False,False,False,False,True,False,False,False,True,False,False,4223
-0.8289863798119437,-1.661620662689064,0.3341504335934377,-0.8212804253974909,-1.2745692415284908,-0.30488943256482165,0.8225936404097717,False,False,False,False,False,True,False,False,False,False,False,False,False,False,False,False,False,False,False,False,True,False,False,False,False,False,False,False,False,True,False,False,2059
1.5081815427676495,-0.1711818641424115,0.3524173402004626,-1.4185045729333785,0.01381303046113725,-0.5704238668667831,1.2313471057193908,False,False,False,False,False,False,False,False,False,False,True,False,False,False,True,False,False,False,False,False,False,False,False,False,False,False,False,True,False,False,False,True,1757
1.0035657413016008,0.7528901909565131,0.18801518073723836,0.6787244102740407,-0.9958069191562553,-0.02537950172065064,-1.3574248412415297,False,False,False,False,False,True,False,False,False,False,False,False,False,False,False,True,False,False,False,False,False,False,False,False,False,False,False,True,False,False,False,True,1988
-1.5726307188145414,-0.8269749355029385,0.9552252582322848,0.4565014716560361,-1.5443968740811038,-0.179109963684945,1.0950959506161844,False,False,True,False,False,False,False,False,False,False,False,False,False,False,False,True,False,False,False,False,False,False,False,False,False,True,False,False,False,False,False,False,2084
-1.041456190955543,0.30575855139251734,-1.3464049742528545,-0.5990574867794862,-0.5991066911649964,0.044497980990391796,-1.3574248412415297,False,False,False,False,False,False,False,False,False,False,False,False,False,True,False,False,False,False,False,False,False,True,False,False,False,False,True,False,True,False,False,False,79514
-1.731983077172241,0.8721252948402453,1.576300082871132,-0.18238947687072743,-1.2459782341056973,-1.2831741905194196,-0.9486713759319108,False,False,False,False,False,False,False,False,False,False,True,False,False,False,False,True,False,False,False,False,False,False,False,False,False,False,False,True,False,True,False,False,1765
0.5520673926214522,1.3490657103751742,-0.4147927372945838,1.3315042924644296,0.7714747271651623,0.01654698790597532,-0.4036667555190854,False,False,True,False,False,False,False,False,False,False,False,False,False,False,False,False,True,False,False,False,False,False,False,True,False,False,False,False,False,False,False,False,3471
-0.6696340214542441,-0.7673573835610725,-0.5426610835437583,0.06761132907452785,0.14247256386370738,-0.9198112804219966,-1.084922531035117,False,False,False,False,False,False,False,False,False,False,False,False,True,False,False,False,False,False,False,True,False,False,False,False,False,False,False,True,False,False,True,False,5203
1.5081815427676495,0.3951848793053165,-0.32345820425945926,1.6509497667278115,-1.2459782341056973,-1.129443728555125,1.6401005710290097,False,False,False,False,False,False,False,False,False,False,False,False,False,True,False,False,False,False,False,True,False,False,False,True,False,False,False,False,False,False,True,False,5527
0.2333626759060532,0.8721252948402453,1.1926950441236086,0.5398350736377878,-1.7266645464014116,-1.548708624821381,-1.3574248412415297,False,False,False,False,False,False,False,True,False,False,False,False,False,False,False,False,False,False,False,False,False,False,False,False,False,True,False,False,False,False,False,False,1993
-0.6430752950612942,-0.26060819205521063,1.101360511088484,1.637060833064186,1.1199276301304575,0.897003270065113,1.2313471057193908,False,False,False,True,False,False,False,False,False,False,False,False,False,False,False,False,False,False,False,False,False,False,True,False,False,True,False,False,False,True,False,False,1690
1.3488291844099498,0.7528901909565131,0.2062820873442633,0.8870584152284202,-1.1316142044145237,-0.2769384394804039,1.5038494159258033,False,False,False,False,False,False,False,False,False,False,True,False,False,False,False,False,False,False,False,False,False,True,False,False,False,False,False,True,False,False,False,False,71286
-0.08534204080934588,-1.2741065750669343,-0.32345820425945926,0.6648354766104155,0.4015785686327725,0.42183638763002296,-0.8124202208287044,False,False,False,False,False,False,False,False,False,False,True,False,False,False,False,False,False,False,False,False,False,False,True,False,True,False,False,False,False,True,False,False,3218
1.6144164483394492,1.6471534700845045,0.6446878459128612,-1.7518389808603856,-0.5580071179947313,0.7712238011852364,1.2313471057193908,False,False,False,False,False,False,False,False,False,False,False,True,False,False,False,False,False,False,False,False,False,False,True,True,False,False,False,False,False,False,False,True,2434
-0.48372293670359473,0.5144199831890487,1.119627417695509,0.05372239541090257,0.32652717414794014,0.6035178426787338,0.6863424853065654,False,False,False,False,False,False,False,False,False,False,False,False,True,False,False,False,False,False,True,False,False,False,False,False,False,False,True,False,False,False,False,False,815
-1.6788656243863411,0.5442287591599817,-0.6705294297929326,1.4148378944461815,-0.6348454504434886,-0.1232079775161108,1.367598260822597,False,False,False,False,False,False,False,False,False,False,False,False,False,False,True,False,False,False,False,False,False,False,False,False,False,False,False,True,False,True,False,False,1610
1.322270458017,1.4981095902298394,-1.2916042544317798,-0.5712796194522356,-1.4496891619931005,-0.41669340490249,-0.6761690657254981,False,False,False,False,False,False,False,False,True,False,False,False,False,False,False,False,False,False,False,False,True,False,False,False,False,False,True,False,False,False,False,False,2444
0.8707721093368513,1.4086832623170402,-0.06772151176111045,-0.9046140273792427,-0.9636420358056128,-0.4586198945291148,-1.6299271514479423,False,False,False,False,False,False,False,False,False,False,False,False,False,True,False,False,False,False,False,False,False,True,False,False,False,False,False,True,False,False,False,False,64468
1.322270458017,-0.5885047277354742,-1.3464049742528545,-0.8768361600519922,-1.0887276932803338,0.46376287725664767,1.6401005710290097,False,False,False,False,False,False,False,False,False,False,False,False,True,False,False,False,False,False,False,False,True,False,False,False,True,False,False,False,False,True,False,False,1743
-1.386719634063892,0.9019340708111784,1.2109619507306337,0.24816746670165668,-0.23457134652438058,-0.039354998262858876,-1.2211736861383233,False,False,False,False,False,False,True,False,False,False,False,False,False,False,False,False,False,False,False,False,False,False,False,False,True,False,False,False,False,True,False,False,1811
1.2160355524452002,-0.37984329593894284,-1.2185366280036802,-0.015722272907223903,0.5874201168809295,1.1904886974514923,1.5038494159258033,False,False,False,False,False,False,False,False,False,True,False,False,False,False,False,False,False,False,False,False,False,False,True,False,True,False,False,False,True,False,False,False,2476
-0.13845949359524573,1.1105955026077097,1.4118979234079077,1.0953924201827996,-0.8189000607277207,1.2883171732469525,-0.8124202208287044,False,False,False,False,False,False,False,False,True,False,False,False,False,False,False,False,False,True,False,False,False,False,False,False,False,False,False,False,False,False,False,False,1695
0.7645372037650516,0.8721252948402453,1.3936310168008827,-0.3073898798433551,-1.7159429186178639,-1.1713702181817511,0.14133786489374,False,False,False,True,False,False,False,False,False,False,False,False,False,False,False,False,True,False,False,False,False,False,False,False,True,False,False,False,False,False,True,False,2881
-1.3070434548850423,1.5875359181426385,-1.273337347824755,-0.9046140273792427,0.09065136290989448,-1.2971496870616277,0.005086709790533665,False,False,False,False,False,False,False,False,True,False,False,False,False,False,False,False,True,False,False,False,False,False,False,False,False,True,False,False,False,False,False,False,3325
1.5347402691605994,-0.35003451996800977,-0.834931589256157,-1.2796152362971256,0.39979163066884826,0.4358118841722312,-0.4036667555190854,False,False,False,False,False,False,False,False,False,False,False,False,False,False,False,False,False,True,False,False,False,False,False,False,False,True,False,False,False,False,False,False,1338
-1.121132370134393,-0.4394608478808089,-1.456006413895004,1.7065055013823125,1.6720914609831545,-0.7241543288310776,1.367598260822597,False,False,False,False,True,False,False,False,False,False,False,False,False,False,False,False,False,False,False,False,False,False,True,False,False,False,False,False,False,True,False,False,3784
1.322270458017,-1.4827680068634657,-0.4878603637226835,-1.585171776896882,0.34082267785933656,-1.7024390867856753,0.6863424853065654,False,False,False,False,False,False,False,False,False,False,False,True,False,False,False,False,False,False,True,False,False,False,False,True,False,False,False,False,False,False,False,False,800
0.41927376065670263,1.3490657103751742,0.9369583516252599,0.498168272646912,-0.07910774366294125,1.3302436628735772,-1.6299271514479423,False,False,False,False,False,False,False,False,True,False,False,False,False,False,True,False,False,False,False,False,False,False,False,False,False,False,True,False,False,False,False,False,1298
-0.4306054839176949,1.6471534700845045,-0.3599920174735091,-1.1685037669881233,0.2836406630137497,-0.9757132665908308,-1.2211736861383233,False,False,False,True,False,False,False,False,False,False,False,False,False,False,False,False,False,False,False,True,False,False,False,False,False,False,False,True,False,False,True,False,3175
0.33959758147785285,0.8423165188693122,1.1561612309095588,0.039833461747277275,1.547005803508434,1.4699986282956632,0.4138401751001527,False,False,False,False,False,False,False,False,False,False,False,False,False,False,False,True,False,False,False,False,False,False,False,False,False,False,False,True,False,True,False,False,1477
0.33959758147785285,-0.26060819205521063,-0.28692439104540945,0.7898358795830431,1.193192086651365,0.7292973115586104,0.4138401751001527,False,False,False,False,False,True,False,False,False,False,False,False,False,False,False,False,False,False,False,True,False,False,False,False,False,False,False,False,False,False,False,False,5614
0.10056904394130357,0.5442287591599817,1.2840295771587333,-0.22405627786160331,-0.6080413809846195,0.897003270065113,0.6863424853065654,False,False,False,False,False,False,False,False,False,False,True,False,False,False,True,False,False,False,False,False,False,False,False,False,False,True,False,False,False,False,False,True,1113
-1.041456190955543,0.037479567654119875,1.3936310168008827,1.0815034865191744,-0.9136077728157241,-1.073541742386291,-0.6761690657254981,False,False,False,False,True,False,False,False,False,False,False,False,False,False,False,False,False,False,False,False,False,False,False,False,False,False,False,True,True,False,False,False,2020
-1.3601609076709422,1.1105955026077097,-1.1272020949685555,0.012055594420026686,-0.8224739366555699,-0.9477622735064143,-0.4036667555190854,False,False,False,False,False,False,False,False,False,False,False,True,False,False,False,False,False,False,False,False,False,False,False,False,False,True,False,False,False,False,True,False,3059
-0.4306054839176949,1.6471534700845045,-0.14078913818921013,-1.057392297679121,0.038830161956080946,0.044497980990391796,0.4138401751001527,False,False,False,False,False,False,False,False,False,False,True,False,False,False,False,False,False,False,True,False,False,False,False,True,False,False,False,False,False,False,False,False,1141
-0.8024276534189938,-1.3039153510378674,1.2292288573376586,0.7620580122557925,0.8929865087120342,-1.1713702181817511,1.367598260822597,False,False,False,False,False,False,False,False,False,True,False,False,False,False,True,False,False,False,False,False,False,False,False,False,False,False,True,False,False,False,False,True,1238
-1.5460719924215915,-0.6779310556482734,1.6311008026922067,0.2342785330380314,0.03346934806430762,-0.7101788322888692,1.5038494159258033,False,False,True,False,False,False,False,False,False,False,False,False,False,False,False,False,True,False,False,False,False,False,False,True,False,False,False,False,False,False,False,False,1728
0.33959758147785285,1.6173446941135716,-0.6157287099718579,0.262056400365282,-1.5175928046222347,-0.6542768461200351,-0.26741560041587903,False,False,False,False,True,False,False,False,False,False,False,False,False,False,False,False,False,False,False,True,False,False,False,False,False,False,False,False,False,False,False,False,3842
-0.5102816630965447,0.12690589556691903,-0.9445330288983064,0.10927813006540374,0.8197220521911267,-1.2132967078083758,-0.9486713759319108,False,False,False,False,True,False,False,False,False,False,False,False,False,False,False,False,False,False,False,False,False,False,True,False,True,False,False,False,False,True,False,False,3909
1.030124467694551,0.30575855139251734,0.3524173402004626,-1.1407258996608727,1.112779878274759,-1.0595662458440827,-1.6299271514479423,False,False,False,False,False,True,False,False,False,False,False,False,False,False,False,False,False,False,False,False,False,False,True,False,True,False,False,False,False,True,False,False,4012
0.8442133829439014,0.8125077428983792,0.060146834488063954,0.5120572063105373,-0.7277662245675671,0.9808562493183637,-0.13116444531267268,False,False,False,False,False,True,False,False,False,False,False,False,False,False,False,False,False,False,False,False,False,False,True,False,True,False,False,False,False,True,False,False,4113
0.7910959301580015,0.6336550870727808,1.6311008026922067,0.5815018746286638,0.6070764344841005,-1.1853457147239594,1.6401005710290097,False,False,False,False,False,False,False,False,False,False,False,False,False,True,False,False,True,False,False,False,False,False,False,True,False,False,False,False,False,False,False,True,4360
1.322270458017,-0.5288871757936081,1.3753641101938578,1.3176153588008044,-0.2381452224522297,-1.6744880937012576,-0.9486713759319108,True,False,False,False,False,False,False,False,False,False,False,False,False,False,False,False,False,False,False,True,False,False,False,False,False,False,False,True,False,False,False,False,5597
-1.413278360456842,0.4548024312471826,0.5350864062707118,-1.1823927006517485,1.4094115802862401,0.42183638763002296,0.005086709790533665,False,False,False,False,False,False,False,False,True,False,False,False,False,False,False,False,False,False,False,False,False,False,True,False,False,False,True,False,True,False,False,False,1989
-1.731983077172241,-1.03563636729947,1.1561612309095588,1.4703936291006825,1.252161039460876,1.6377045868021658,0.550091330203359,False,False,False,False,True,False,False,False,False,False,False,False,False,False,False,False,False,False,False,False,True,False,False,False,True,False,False,False,False,False,True,False,1742
-0.8555451062048937,0.693272639014647,1.3205633903727831,0.10927813006540374,0.11388155644091394,-0.6123503564934091,-1.6299271514479423,False,False,False,False,False,False,False,False,False,False,True,False,False,False,False,False,False,False,False,False,True,False,False,False,False,False,False,False,False,True,False,False,2350
0.33959758147785285,-0.2904169680261437,0.2245489939512882,-1.5573939095696314,0.7053580224999523,-1.353051673230462,-0.6761690657254981,False,False,False,True,False,False,False,False,False,False,False,False,False,False,False,False,False,False,False,False,True,False,False,False,False,False,False,False,False,True,False,False,2766
0.3130388550849029,-1.2144890231250682,-0.34172511086648416,-0.9323918947064933,1.3879683247191457,0.22617943603910265,1.2313471057193908,False,True,False,False,False,False,False,False,False,False,False,False,False,False,False,False,False,False,True,False,False,False,False,False,True,False,False,False,False,False,False,False,978
1.4550640899817495,-1.542385558805332,1.6493677092992316,-1.2101705679789991,0.006665278605438416,1.4001211455846196,-0.6761690657254981,True,False,False,False,False,False,False,False,False,False,False,False,False,False,False,False,False,False,False,False,True,False,False,False,True,False,False,False,False,False,False,False,2423
0.7114197509791518,-1.631811886718131,0.7177554723409609,1.164837088500926,-0.6419932022991869,0.9668807527761555,1.5038494159258033,False,True,False,False,False,False,False,False,False,False,False,False,False,False,False,False,False,False,False,False,True,False,False,False,False,False,True,False,False,False,False,True,2905
0.8442133829439014,0.9317428467821114,0.1149475543091387,1.4981714964279331,0.926938330026601,0.4078608910878135,-0.26741560041587903,False,False,False,False,False,False,False,False,False,False,False,True,False,False,False,True,False,False,False,False,False,False,False,False,True,False,False,False,False,False,False,True,1360
0.41927376065670263,0.30575855139251734,0.6081540326988114,0.5259461399741625,-0.97436366358916,-0.6682523426622433,0.14133786489374,False,False,False,False,False,False,False,False,False,False,False,False,False,False,False,False,False,False,False,False,False,True,False,False,False,False,True,False,False,True,False,False,84318
-0.749310200633094,0.037479567654119875,0.8273569119831105,0.928725216219296,-0.37395250771049865,0.11437546370143424,1.5038494159258033,False,False,False,False,False,False,False,False,False,False,True,False,False,False,False,False,False,False,True,False,False,False,False,False,False,False,False,False,False,False,False,False,675
-1.386719634063892,-0.11156431220054537,1.5032324564430324,1.484282562764308,1.3254254959817848,-1.4508801490259209,-0.4036667555190854,False,False,False,False,False,False,False,False,False,False,True,False,False,False,False,False,False,False,False,False,False,True,False,False,True,False,False,False,True,False,False,False,71451
0.6583022981932519,-1.2741065750669343,-0.32345820425945926,-0.21016734419797803,0.821508990155051,0.6035178426787338,0.27758901999694635,True,False,False,False,False,False,False,False,False,False,False,False,False,False,False,False,True,False,False,False,False,False,False,True,False,False,False,False,False,False,True,False,2702
-0.32437057834589517,1.2000218305205088,-1.437739507287979,0.7759469459194178,-0.32034436879276085,0.757248304643027,-0.8124202208287044,False,False,False,False,True,False,False,False,False,False,False,False,False,False,False,False,False,False,False,True,False,False,False,True,False,False,False,False,False,False,False,False,5199
1.6940926275182988,0.9317428467821114,-0.9993337487193812,-0.6962800224248633,-0.9940199811923305,1.59577809717554,-0.8124202208287044,False,False,False,False,False,False,False,False,False,True,False,False,False,False,False,False,False,False,False,False,True,False,False,False,False,False,False,False,False,False,False,False,2493
0.9238895621227512,0.693272639014647,0.8638907251971603,1.4565046954370573,-0.4901034753655966,-0.8639092942531624,-0.4036667555190854,True,False,False,False,False,False,False,False,False,False,False,False,False,False,False,False,False,False,True,False,False,False,False,False,False,False,True,False,False,False,False,True,918
0.6051848454073521,-0.8865924874448047,-0.8714654024702068,-0.3073898798433551,-0.7456356042068126,-1.7024390867856753,-1.2211736861383233,False,True,False,False,False,False,False,False,False,False,False,False,False,False,False,False,False,False,False,False,False,True,False,True,False,False,False,False,False,False,True,False,84352
-0.2712531255599953,-1.065445143270403,0.9552252582322848,1.4981714964279331,-1.1316142044145237,0.12835096024364373,1.6401005710290097,True,False,False,False,False,False,False,False,False,False,False,False,False,False,False,False,True,False,False,False,False,False,False,False,False,False,True,False,False,True,False,False,3472
0.7379784773721016,-1.3337241270088005,1.2840295771587333,-0.27961201251610446,0.8894126327841857,0.7013463184741927,0.6863424853065654,False,False,False,False,False,False,False,False,False,False,True,False,False,False,False,False,False,False,False,False,False,True,False,True,False,False,False,False,False,False,False,False,79520
0.7114197509791518,0.6038463111018478,-0.32345820425945926,1.6648387003914367,-0.8599996338979864,0.9948317458605732,1.6401005710290097,False,False,False,False,False,False,False,False,False,True,False,False,False,False,False,False,True,False,False,False,False,False,False,True,False,False,False,False,False,True,False,False,2560
0.4723912134426025,-0.2904169680261437,1.3936310168008827,-0.07127800756172507,-0.13986363443637784,-1.1014927354707074,-0.4036667555190854,False,False,False,False,False,False,False,False,True,False,False,False,False,False,False,False,True,False,False,False,False,False,False,False,False,False,True,False,False,False,False,False,4182
0.4989499398355524,-0.7673573835610725,-1.1637359081826053,1.3315042924644296,-0.38467413549404594,-0.8639092942531624,0.8225936404097717,False,False,False,False,False,False,True,False,False,False,False,False,False,False,False,False,False,False,True,False,False,False,False,False,False,False,False,True,False,True,False,False,683
-1.1742498229202927,-1.0058275913285368,-1.3646718808598794,-0.6546132214339874,1.7399951036122892,0.01654698790597532,0.14133786489374,False,False,False,False,False,False,False,False,False,False,False,False,False,True,False,False,False,True,False,False,False,False,False,True,False,False,False,False,False,False,True,False,889
-0.8289863798119437,-1.125062695212269,-1.3281380676458296,1.484282562764308,-0.36501781789087556,-0.6123503564934091,0.005086709790533665,False,False,False,False,False,False,False,True,False,False,False,False,False,False,False,False,True,False,False,False,False,False,False,False,True,False,False,False,False,False,False,True,2102
-1.3336021812779921,-1.2442977990960014,-1.437739507287979,-0.029611206570849195,-1.4747062934880448,1.2324151870781181,0.27758901999694635,False,False,False,False,False,True,False,False,False,False,False,False,False,False,False,False,True,False,False,False,False,False,False,False,False,False,False,False,False,False,True,False,2687
-0.4306054839176949,-1.065445143270403,1.2657626705517084,0.7898358795830431,-1.4389675342095531,-0.1232079775161108,0.4138401751001527,True,False,False,False,False,False,False,False,False,False,False,False,False,False,False,False,False,False,False,False,True,False,False,False,False,False,False,True,True,False,False,False,2667
1.4816228163746996,-0.051946760258679274,1.5397662696570822,0.6231686756195396,0.3461834917511105,1.0227827389449897,-1.4936759963447361,False,False,False,False,False,False,False,False,False,False,False,True,False,False,False,False,True,False,False,False,False,False,False,False,False,False,True,False,False,False,False,True,2997
1.640975174732399,1.4384920382879733,-0.7070632430069825,0.8037248132466684,0.3765614371378282,0.25413042912352035,-1.2211736861383233,False,False,True,False,False,False,False,False,False,False,False,False,False,False,False,False,False,False,False,False,True,False,False,False,False,False,False,True,False,False,True,False,2208
1.2425942788381503,0.663463863043714,-1.1272020949685555,0.09538919640177845,-0.2667362298750231,0.9249542631495296,1.0950959506161844,False,False,False,False,False,False,False,False,False,False,False,False,False,False,False,False,False,False,False,True,False,False,False,False,False,True,False,False,True,False,False,False,6107
-1.3070434548850423,-0.022137984287746222,-0.6339956165788828,1.2898374914735538,-0.22027584281298418,-0.6123503564934091,0.6863424853065654,False,False,False,False,False,False,True,False,False,False,False,False,False,False,False,False,False,False,True,False,False,False,False,False,False,True,False,False,False,False,False,False,1179
0.3661563078708028,-1.3337241270088005,0.2062820873442633,-1.3212820372880014,-1.5658401296481985,1.134586711282658,0.550091330203359,False,False,False,False,False,False,False,False,False,False,False,False,False,True,False,False,False,False,False,True,False,False,False,True,False,False,False,False,False,False,False,False,5190
1.6940926275182988,1.0211691746949105,1.4118979234079077,-0.2657230788524792,0.08171667309027142,-0.8080073080843282,-0.4036667555190854,False,False,False,False,False,False,False,False,False,False,False,False,False,True,False,False,False,False,False,True,False,False,False,True,False,False,False,False,False,True,False,False,4496
0.4989499398355524,-1.1548714711832022,1.7041684291203063,1.0398366855282983,0.038830161956080946,0.14232645678585196,1.0950959506161844,False,False,False,False,False,False,False,False,False,False,False,False,False,True,False,True,False,False,False,False,False,False,False,False,True,False,False,False,False,False,False,True,2113
0.7379784773721016,-0.8567837114738717,0.6446878459128612,-0.18238947687072743,-1.226321916502527,-1.0176397562174568,-0.5399179106222917,False,False,False,False,False,False,False,False,False,False,False,False,False,True,True,False,False,False,False,False,False,False,False,False,False,False,False,False,False,False,False,False,1276
0.3927150342637527,-1.1846802471541351,1.1926950441236086,0.262056400365282,-1.3889332712196645,-0.10923248097390131,0.27758901999694635,False,True,False,False,False,False,False,False,False,False,False,False,False,False,False,False,False,False,False,False,False,True,False,False,False,False,False,True,False,False,False,True,88568
0.07401031754835365,-0.1711818641424115,-1.2368035346107051,-0.8212804253974909,-1.3192426906266055,-0.6542768461200351,-0.13116444531267268,False,False,False,False,False,False,False,False,False,False,False,True,False,False,True,False,False,False,False,False,False,False,False,False,False,True,False,False,False,False,False,False,1549
0.07401031754835365,1.319256934404241,-1.3464049742528545,-0.0018333392435986083,-1.3996548990032118,-0.8359583011687459,1.0950959506161844,False,False,False,False,False,False,False,False,False,False,False,True,False,False,True,False,False,False,False,False,False,False,False,True,False,False,False,False,False,True,False,False,1817
-1.3336021812779921,-0.08175553622961232,0.7908230987690605,1.0259477518646731,0.4140871343802447,1.609753593717748,-0.5399179106222917,False,False,False,False,False,False,False,False,False,True,False,False,False,False,False,False,False,False,False,False,False,False,True,False,False,False,False,False,False,False,True,False,1781
-0.40404675752474495,0.5442287591599817,-1.6386754799652532,0.10927813006540374,-1.0583497478936155,-1.2132967078083758,0.14133786489374,False,False,False,False,False,True,False,False,False,False,False,False,False,False,False,False,False,False,False,False,False,True,False,False,False,False,False,True,False,True,False,False,63522
1.030124467694551,0.693272639014647,-0.1225222315821852,-0.18238947687072743,-0.8635735098258355,0.9808562493183637,0.005086709790533665,False,False,False,False,False,False,False,False,False,False,True,False,False,False,False,False,False,False,False,False,False,True,False,True,False,False,False,False,True,False,False,False,59751
-0.005665861630496114,-1.065445143270403,0.9552252582322848,-1.6546164452150085,-1.1405488942341466,1.6656555798865824,-0.9486713759319108,False,False,False,False,False,False,False,False,False,False,False,False,False,True,False,False,False,False,False,False,True,False,False,True,False,False,False,False,False,False,False,False,1985
-1.5195132660286417,0.09709711959598598,0.9004245384112101,-0.8768361600519922,1.6542220813439084,-1.7024390867856753,0.8225936404097717,False,False,True,False,False,False,False,False,False,False,False,False,False,False,False,False,False,False,False,False,False,False,True,False,False,True,False,False,True,False,False,False,2033
1.0832419204804506,1.5279183662007725,-1.5290740403231038,1.4981714964279331,1.286112860775444,0.6733953253897762,-1.2211736861383233,False,False,False,False,False,False,False,False,False,False,True,False,False,False,False,False,False,False,False,True,False,False,False,False,False,True,False,False,True,False,False,False,6169
0.8973308357298012,-0.7673573835610725,1.777236055548406,0.10927813006540374,-0.9368379663467435,-0.8918602873375802,0.9588447955129781,False,False,False,False,False,False,False,False,False,False,False,True,False,False,False,False,True,False,False,False,False,False,False,True,False,False,False,False,False,False,False,True,2513
0.5255086662285023,1.319256934404241,0.023613021274014122,-1.196281634315374,-0.5919589393092982,-1.632561604074633,0.550091330203359,False,False,False,True,False,False,False,False,False,False,False,False,False,False,False,False,True,False,False,False,False,False,False,False,False,False,True,False,False,False,False,False,3894
-0.058783314416395956,1.3490657103751742,1.0282928846603845,-1.2101705679789991,-1.0101024228676516,-0.36079141873365583,0.8225936404097717,False,False,False,True,False,False,False,False,False,False,False,False,False,False,False,False,False,False,False,False,False,False,True,True,False,False,False,False,True,False,False,False,2014
-1.1742498229202927,-1.2144890231250682,1.3205633903727831,-1.724061113533135,-0.005843287142033751,1.4979496213800798,-1.3574248412415297,False,False,True,False,False,False,False,False,False,False,False,False,False,False,False,False,False,False,False,True,False,False,False,False,False,False,False,False,False,False,True,False,3181
1.1629180996593005,0.42499365527624955,0.8456238185901354,0.24816746670165668,-1.6891388491589951,-1.730390079870092,0.14133786489374,False,False,False,False,False,False,False,False,False,True,False,False,False,False,False,False,False,False,False,True,False,False,False,True,False,False,False,False,True,False,False,False,5987
0.8176546565509515,-0.7673573835610725,-1.3281380676458296,0.928725216219296,0.633880503942969,0.28208142220793686,0.550091330203359,False,False,False,False,False,False,False,False,False,False,False,True,False,False,False,False,False,False,False,False,False,False,False,False,True,False,False,False,False,False,True,False,3266
-1.2804847284920924,-0.7971661595320055,-1.054134468540456,1.1092813538464248,0.10494686662129088,-0.02537950172065064,0.005086709790533665,False,False,True,False,False,False,False,False,False,False,False,False,False,False,False,False,False,False,False,True,False,False,False,False,True,False,False,False,False,False,False,True,4678
0.1271277703342535,0.06728834362505293,-0.7253301496140074,-0.2379452115252286,1.443363401600807,1.2743416767047429,-0.5399179106222917,False,True,False,False,False,False,False,False,False,False,False,False,False,False,False,False,False,False,False,False,False,False,True,False,True,False,False,False,True,False,False,False,1860
1.6144164483394492,-0.14137308817147842,1.5032324564430324,1.303726425137179,-1.1727137775847893,-1.4788311421103386,-1.6299271514479423,True,False,False,False,False,False,False,False,False,False,False,False,False,False,False,False,False,False,False,False,False,False,True,False,False,False,True,False,False,True,False,False,3760
0.8176546565509515,-1.2442977990960014,0.31588352698641275,-0.18238947687072743,1.1056321264190598,0.6035178426787338,1.6401005710290097,False,False,True,False,False,False,False,False,False,False,False,False,False,False,False,False,False,False,False,True,False,False,False,False,False,False,True,False,False,False,False,True,4757
-1.731983077172241,-1.1846802471541351,1.594566989478157,-0.21016734419797803,1.0627456152848704,0.6035178426787338,0.550091330203359,False,False,False,False,False,False,False,False,True,False,False,False,False,False,False,False,False,False,False,False,False,True,False,True,False,False,False,False,False,False,True,False,65761
-1.6523068979933913,0.9615516227530445,0.7908230987690605,0.734280144928542,-1.3049471869152092,0.5615913530521078,0.4138401751001527,False,False,False,False,False,False,False,False,False,False,True,False,False,False,False,False,False,False,False,True,False,False,False,False,True,False,False,False,False,False,False,True,4885
1.5612989955535492,0.3355673273634504,-1.6204085733582283,0.31761213501978314,-0.338213748432007,1.5259006144644975,0.6863424853065654,False,False,False,False,False,False,True,False,False,False,False,False,False,False,False,False,True,False,False,False,False,False,False,False,False,False,True,False,True,False,False,False,3442
0.41927376065670263,1.2000218305205088,1.137894324302534,-1.7101721798695098,-1.1530574599816188,1.1066357181982402,-1.4936759963447361,False,False,False,False,False,False,False,False,False,False,False,False,True,False,False,False,False,False,False,False,False,True,False,False,False,True,False,False,False,False,False,False,58142
-1.041456190955543,1.259639382462375,1.4484317366219575,1.6926165677186873,-0.8510649440783633,-1.632561604074633,0.14133786489374,False,False,False,False,False,False,False,False,False,True,False,False,False,False,False,False,False,False,False,True,False,False,False,True,False,False,False,False,False,False,False,False,6061
-0.19157694638114556,-0.7375486075901394,1.3753641101938578,1.6231718994005608,-0.8206869986916456,-0.1232079775161108,1.2313471057193908,False,False,True,False,False,False,False,False,False,False,False,False,False,False,False,False,False,False,False,False,False,False,True,False,False,False,False,False,False,False,True,False,3727
-0.9086625589907935,0.7528901909565131,0.16974827413021346,0.09538919640177845,0.2228847722403137,-0.38874241181807234,1.367598260822597,False,False,False,False,False,False,False,False,False,False,False,True,False,False,False,False,False,False,False,False,False,False,False,False,False,False,False,True,False,False,True,False,1706
-1.0148974645625932,-1.0058275913285368,-0.834931589256157,0.5398350736377878,-0.2935402993338923,-0.6822278392044515,0.550091330203359,False,False,False,False,False,False,False,False,False,False,False,False,False,False,False,False,False,False,False,False,False,False,True,True,False,False,False,False,False,False,False,False,2888
1.0566831940875008,0.2759497754215843,0.023613021274014122,-1.4046156392697533,1.6184833220654173,-0.19308546022715323,-1.3574248412415297,False,False,False,True,False,False,False,False,False,False,False,False,False,False,False,False,False,False,False,True,False,False,False,False,False,False,False,True,False,False,True,False,3636
1.030124467694551,0.4548024312471826,1.4484317366219575,0.1648338647199049,-1.3085210628430581,-0.43066890144469827,-1.4936759963447361,False,False,False,False,False,False,False,False,True,False,False,False,False,False,False,False,False,False,True,False,False,False,False,False,True,False,False,False,False,False,False,True,1421
0.10056904394130357,0.4548024312471826,-0.816664682649132,1.2620596241463031,1.7114040961894952,-0.26296294293819567,-0.6761690657254981,False,False,False,False,False,True,False,False,False,False,False,False,False,False,False,False,False,False,False,False,True,False,False,False,False,False,False,True,False,True,False,False,2335
-0.1119007672022958,0.8721252948402453,-0.031187698547060626,-1.529616042242381,-0.9368379663467435,1.651680083344374,1.6401005710290097,False,False,False,False,False,False,False,False,False,False,False,False,False,True,True,False,False,False,False,False,False,False,False,False,True,False,False,False,False,True,False,False,1021
-0.8555451062048937,0.7826989669274461,1.594566989478157,1.2342817568190525,0.9948419726557357,-1.4648556455681303,-1.4936759963447361,False,False,False,False,False,False,False,False,False,False,False,False,True,False,False,False,False,False,False,False,False,False,True,False,False,True,False,False,False,False,False,True,1606
0.5520673926214522,-1.4231504549215996,-0.15905604479623503,-0.4879460174704839,-0.5508593661390325,1.4560231317534538,-1.4936759963447361,False,False,False,False,True,False,False,False,False,False,False,False,False,False,False,False,False,True,False,False,False,False,False,False,False,False,False,True,False,True,False,False,641
1.2691530052311002,0.9615516227530445,-0.4513265505086337,1.3870600271189308,-1.2495521100335465,-0.09525698443169307,-0.5399179106222917,False,False,False,False,False,False,False,False,False,True,False,False,False,False,False,False,False,False,False,False,True,False,False,True,False,False,False,False,True,False,False,False,2353
1.0566831940875008,-1.2741065750669343,0.8456238185901354,-1.3351709709516268,1.2986214265229161,0.4078608910878135,0.9588447955129781,False,False,False,False,False,False,True,False,False,False,False,False,False,False,False,False,False,False,False,False,True,False,False,False,True,False,False,False,False,False,False,True,2661
-0.2712531255599953,0.9317428467821114,0.5898871260917865,1.0815034865191744,-0.6580756439745081,1.134586711282658,1.0950959506161844,False,False,False,False,False,False,False,False,False,False,False,False,True,False,False,False,False,False,False,False,True,False,False,True,False,False,False,False,False,False,True,False,1541
1.2425942788381503,0.06728834362505293,-0.3599920174735091,1.6509497667278115,0.5892070548448544,-0.5145218806979489,1.6401005710290097,False,False,True,False,False,False,False,False,False,False,False,False,False,False,False,False,False,False,False,False,True,False,False,False,False,False,True,False,False,False,False,True,1919
-1.413278360456842,1.0509779506658437,-1.6204085733582283,0.498168272646912,0.25862353151880535,-0.26296294293819567,-0.9486713759319108,False,True,False,False,False,False,False,False,False,False,False,False,False,False,False,False,False,False,False,False,True,False,False,False,True,False,False,False,False,False,False,False,1678
-1.2804847284920924,1.6173446941135716,-0.30519129765243436,0.2342785330380314,-0.07732080569901702,-0.3468159221914476,-0.13116444531267268,False,False,False,True,False,False,False,False,False,False,False,False,False,False,False,False,False,False,False,True,False,False,False,False,False,False,False,True,False,False,True,False,3754
1.2425942788381503,0.6336550870727808,-0.3599920174735091,1.1092813538464248,0.008452216569363282,-0.4586198945291148,1.6401005710290097,False,False,False,False,False,False,False,False,False,False,False,True,False,False,False,False,False,False,False,True,False,False,False,False,True,False,False,False,False,False,False,False,5217
-0.722751474240144,-1.542385558805332,-0.28692439104540945,-0.27961201251610446,0.8500999975778437,1.4560231317534538,-0.5399179106222917,False,False,False,True,False,False,False,False,False,False,False,False,False,False,False,True,False,False,False,False,False,False,False,True,False,False,False,False,False,False,True,False,1771
0.33959758147785285,-1.2741065750669343,-0.816664682649132,0.262056400365282,-1.4461152860652513,1.12061121474045,-0.8124202208287044,False,False,False,False,False,True,False,False,False,False,False,False,False,False,False,False,False,False,False,False,False,False,True,False,False,True,False,False,False,True,False,False,3675
-0.9617800117766933,1.2000218305205088,1.119627417695509,-0.22405627786160331,0.6213719381954969,-1.3949781628570879,-0.13116444531267268,False,True,False,False,False,False,False,False,False,False,False,False,False,False,False,False,False,False,False,False,True,False,False,False,True,False,False,False,False,False,False,True,2701
0.8442133829439014,-1.2741065750669343,0.16974827413021346,-0.36294561449785623,1.4326417738172603,-1.3949781628570879,1.6401005710290097,False,False,False,False,False,False,False,False,False,False,False,False,False,True,False,False,False,False,False,False,False,False,True,False,False,False,False,True,True,False,False,False,4137
-0.21813567277409548,-0.5586959517645411,0.24281590055831312,-0.21016734419797803,-1.5533315639007264,-0.2769384394804039,-1.084922531035117,False,False,False,False,False,False,False,False,False,False,False,True,False,False,False,False,False,False,False,True,False,False,False,False,False,False,True,False,False,False,True,False,4862
0.02089286476245381,-1.3933416789506665,-0.28692439104540945,-0.9046140273792427,-1.2584867998531695,-1.4229291559415045,0.4138401751001527,False,False,False,False,False,False,False,False,False,False,True,False,False,False,False,False,False,False,False,False,False,True,False,False,False,False,False,False,False,False,True,False,79961
0.1271277703342535,-0.7077398316192064,-0.9810668421123562,-0.21016734419797803,0.7947049206961824,0.3938853945456052,-1.084922531035117,False,False,False,False,False,False,False,True,False,False,False,False,False,False,False,False,False,False,False,False,True,False,False,False,False,True,False,False,False,False,False,False,2846
1.0566831940875008,1.6173446941135716,-0.6339956165788828,1.5815050984096848,-0.2006195252098138,-1.26919869397721,-0.13116444531267268,False,False,False,False,False,False,False,False,True,False,False,False,False,False,False,False,False,False,False,True,False,False,False,False,False,False,True,False,False,True,False,False,4497
-1.5726307188145414,-1.125062695212269,-1.3464049742528545,1.4703936291006825,-0.32034436879276085,0.058473477532600036,1.5038494159258033,False,False,False,True,False,False,False,False,False,False,False,False,False,False,False,True,False,False,False,False,False,False,False,False,True,False,False,False,False,False,False,False,955
-0.6961927478471941,-0.26060819205521063,-0.08598841836813537,0.3870568033379096,-1.2709953656006416,-1.7443655764123014,0.9588447955129781,False,False,False,False,False,False,False,False,False,False,False,False,False,False,False,False,False,False,False,False,False,False,False,True,False,False,False,False,False,False,False,False,1698
0.10056904394130357,-0.469269623851742,0.3706842468074875,1.6648387003914367,0.045977913811779784,-0.6682523426622433,-0.5399179106222917,False,False,False,True,False,False,False,False,False,False,False,False,False,False,False,False,True,False,False,False,False,False,False,True,False,False,False,False,False,True,False,False,3348
0.04745159115540373,1.229830606491442,-0.28692439104540945,0.498168272646912,-1.3085210628430581,0.5895423461365256,1.367598260822597,False,False,False,False,False,False,False,False,False,False,False,False,True,False,False,False,False,False,False,True,False,False,False,False,False,False,False,True,True,False,False,False,5647
-0.4571642103106448,1.5875359181426385,-0.28692439104540945,-0.15461160954347683,-0.06123836402369575,-0.08128148788948483,-0.8124202208287044,False,False,False,True,False,False,False,False,False,False,False,False,False,False,False,True,False,False,False,False,False,False,False,True,False,False,False,False,False,False,False,False,1551
-0.377488031131795,-1.2442977990960014,1.7041684291203063,0.6370576092831649,0.9626770893050932,1.651680083344374,0.8225936404097717,False,False,False,False,False,False,False,False,False,True,False,False,False,False,False,False,False,True,False,False,False,False,False,False,False,True,False,False,False,False,False,False,1308
1.2691530052311002,-0.7971661595320055,-1.1820028147896302,1.6509497667278115,-0.8385563783308911,1.2883171732469525,0.9588447955129781,False,False,False,True,False,False,False,False,False,False,False,False,False,False,False,False,False,False,False,False,True,False,False,True,False,False,False,False,False,False,True,False,2366
1.0832419204804506,-0.5288871757936081,-0.4878603637226835,-1.2796152362971256,-0.04515592234837448,-0.5145218806979489,1.367598260822597,False,False,False,False,False,False,False,True,False,False,False,False,False,False,False,False,False,False,False,False,True,False,False,False,False,False,False,True,False,True,False,False,1706
-0.9883387381696432,-1.5721943347762648,-1.5108071337160789,-1.3768377719425027,1.7757338628907802,-1.6185861075324235,-0.26741560041587903,False,False,False,False,False,False,False,True,False,False,False,False,False,False,False,False,False,False,False,False,False,False,True,False,False,False,False,False,False,False,False,True,2232
0.3130388550849029,0.8721252948402453,0.6081540326988114,-0.33516774717060566,0.6874886428607069,1.176513200909284,1.0950959506161844,False,False,False,False,False,False,False,False,False,False,False,False,False,True,True,False,False,False,False,False,False,False,False,False,True,False,False,False,True,False,False,False,1025
-1.5195132660286417,-0.9462100393866708,-0.6339956165788828,-0.029611206570849195,1.2396524737134038,1.414096642126829,-0.13116444531267268,False,False,False,False,False,False,True,False,False,False,False,False,False,False,False,False,False,False,True,False,False,False,False,False,True,False,False,False,True,False,False,False,621
0.2599214022990031,-1.1548714711832022,0.9004245384112101,-0.34905668083423097,-0.28103173358642014,1.0926602216560322,-1.3574248412415297,False,False,False,False,False,False,False,False,False,False,True,False,False,False,False,False,False,False,False,False,False,True,False,True,False,False,False,False,False,True,False,False,82603
-0.6430752950612942,-1.0058275913285368,0.5898871260917865,0.13705599739265434,0.9769725930164896,-1.3251006801460443,0.550091330203359,False,False,False,False,False,False,False,False,False,False,False,False,False,False,False,True,False,False,False,False,False,False,False,False,False,False,True,False,False,False,True,False,2131
1.640975174732399,0.21633222347971817,0.3524173402004626,1.067614552855549,-1.6140874546741628,1.7075820695132082,-0.8124202208287044,False,False,False,True,False,False,False,False,False,False,False,False,False,False,False,False,False,False,False,True,False,False,False,False,True,False,False,False,False,False,True,False,6393
-1.2273672757061924,-1.4827680068634657,-0.15905604479623503,0.22038959937440608,-1.3210296285905303,-0.8639092942531624,1.2313471057193908,False,False,False,True,False,False,False,False,False,False,False,False,False,False,False,False,False,False,True,False,False,False,False,False,False,False,False,False,False,True,False,False,1299
0.15368649672720341,0.9913603987239775,0.918691445018235,-1.4740603075878798,-1.035119554362596,0.757248304643027,-0.4036667555190854,False,False,False,False,False,False,False,False,True,False,False,False,False,False,False,False,False,False,False,False,False,False,False,True,False,False,False,False,False,False,True,False,3232
-0.032224588023446035,-0.1711818641424115,0.060146834488063954,-1.0435033640154956,-0.32749212064845906,1.4001211455846196,1.367598260822597,False,False,False,False,False,False,False,False,False,False,False,True,False,False,False,False,False,False,False,True,False,False,False,False,False,False,False,True,True,False,False,False,4940
1.2425942788381503,0.06728834362505293,-1.0906682817545057,0.498168272646912,1.2539479774248015,-0.9477622735064143,0.27758901999694635,False,False,False,False,False,False,False,True,False,False,False,False,False,False,False,False,False,True,False,False,False,False,False,False,False,False,False,False,True,False,False,False,1470
-1.121132370134393,-0.6183135037064073,0.9552252582322848,1.484282562764308,-0.5258422346440882,1.4001211455846196,-1.4936759963447361,False,False,False,False,False,False,False,False,False,False,False,False,False,False,False,False,False,False,True,False,False,False,False,True,False,False,False,False,False,False,False,True,1234
1.640975174732399,-1.661620662689064,1.0830936044814592,-0.4185013491523574,0.5731246131695331,-0.696203335746661,0.005086709790533665,False,False,False,False,False,False,False,False,False,False,False,False,False,True,False,False,False,False,False,False,False,True,False,False,False,False,False,False,False,True,False,False,72477
0.44583248704965256,0.7528901909565131,1.1926950441236086,-1.057392297679121,0.7679008512373126,1.6377045868021658,-1.2211736861383233,False,False,False,False,False,True,False,False,False,False,False,False,False,False,False,False,False,False,False,False,True,False,False,False,True,False,False,False,False,False,False,False,2013
-0.08534204080934588,0.3355673273634504,1.777236055548406,-0.6129464204431115,0.3301010500757892,-0.79403181154212,0.6863424853065654,False,False,False,False,False,False,True,False,False,False,False,False,False,False,False,False,False,False,False,False,False,False,True,False,False,False,False,True,False,False,False,False,3538
-0.16501821998819566,1.319256934404241,0.8821576318041852,-1.0018365630246198,-0.4865295994377475,1.553851607548914,1.5038494159258033,False,False,False,False,False,False,False,False,False,False,True,False,False,False,False,False,False,False,False,False,False,False,False,True,False,False,False,False,False,False,False,True,2282
0.8707721093368513,1.1404042785786428,1.777236055548406,1.2203928231554273,0.2979361667251467,-1.5906351144480069,1.367598260822597,False,True,False,False,False,False,False,False,False,False,False,False,False,False,False,True,False,False,False,False,False,False,False,False,False,True,False,False,False,False,False,True,1929
-0.1119007672022958,-0.11156431220054537,-0.834931589256157,-0.6962800224248633,-0.5401377383554853,0.7013463184741927,-1.6299271514479423,False,False,False,False,False,False,False,False,False,False,True,False,False,False,False,False,False,False,False,False,False,False,False,False,False,False,False,True,False,False,True,False,2535
-0.9617800117766933,-1.7212382146309302,0.3524173402004626,-0.0018333392435986083,-1.4604107897766478,0.08642447061701776,-1.4936759963447361,False,False,False,False,False,False,False,False,False,True,False,False,False,False,True,False,False,False,False,False,False,False,False,False,False,True,False,False,False,False,False,True,1356
-1.1742498229202927,1.259639382462375,0.9369583516252599,0.6231686756195396,1.77930773881863,-0.10923248097390131,-1.4936759963447361,False,False,False,False,False,False,False,False,False,False,False,False,True,False,False,False,False,False,False,False,True,False,False,False,False,False,False,False,False,False,False,True,2686
1.587857721946499,0.3355673273634504,-0.9079992156842566,0.9148362825556707,-1.3049471869152092,-0.9896887631330402,-1.2211736861383233,False,False,False,False,False,False,False,False,False,True,False,False,False,False,False,False,False,False,False,False,False,False,True,False,False,False,True,False,False,False,False,False,2922
-0.6430752950612942,-0.4096520719098759,-1.5473409469301287,1.6092829657369354,-1.5015103629469133,0.6873708219319845,-1.3574248412415297,False,False,False,True,False,False,False,False,False,False,False,False,False,False,False,False,False,False,False,False,True,False,False,False,False,False,False,True,False,False,True,False,1767
0.8442133829439014,1.170213054549576,-1.6386754799652532,-0.47405708380685857,1.3718858830438236,-1.1014927354707074,0.550091330203359,False,False,False,False,True,False,False,False,False,False,False,False,False,False,False,False,False,False,True,False,False,False,False,False,False,False,False,False,False,False,False,True,677
-0.9352212853837434,-0.35003451996800977,0.5898871260917865,-0.5435017521249851,-0.6830927754694525,0.1563019533280602,0.14133786489374,False,False,False,False,False,False,True,False,False,False,False,False,False,False,False,False,False,False,False,False,False,False,False,False,False,True,False,False,False,False,False,True,3081
1.2160355524452002,0.6038463111018478,-1.4742733205020289,-0.6546132214339874,0.558829109458136,-0.8918602873375802,-1.4936759963447361,False,False,False,False,False,False,False,False,False,False,False,False,True,False,False,False,False,False,False,False,False,True,False,False,True,False,False,False,False,False,True,False,74944
1.4816228163746996,1.4981095902298394,-0.15905604479623503,0.359278936010659,-0.5865981254175249,1.5678271040911222,0.4138401751001527,False,False,False,False,False,False,False,False,False,False,False,False,False,False,False,False,True,False,False,False,False,False,False,False,True,False,False,False,False,True,False,False,3826
-1.3070434548850423,-0.9760188153576038,-1.4012056940739293,1.6648387003914367,-0.36323087992695136,-1.6744880937012576,-0.26741560041587903,False,True,False,False,False,False,False,False,False,False,False,False,False,False,True,False,False,False,False,False,False,False,False,False,False,False,True,False,False,False,True,False,2194
-0.749310200633094,-1.3337241270088005,-0.26865748443838455,1.2203928231554273,-0.8242608746194947,-1.073541742386291,1.6401005710290097,False,False,False,False,False,False,False,True,False,False,False,False,False,False,False,False,False,False,False,True,False,False,False,False,False,False,False,True,False,False,False,False,4523
1.1629180996593005,-0.14137308817147842,-0.6157287099718579,-0.4879460174704839,-0.5365638624276362,-0.9198112804219966,0.005086709790533665,False,False,False,False,False,False,True,False,False,False,False,False,False,False,False,False,False,False,False,True,False,False,False,False,False,False,False,True,False,True,False,False,4219
-1.1742498229202927,0.3653761033343834,1.5397662696570822,-1.112948032333622,-0.2953272372978165,-0.31886492910702985,-1.6299271514479423,False,False,False,False,False,False,True,False,False,False,False,False,False,False,False,False,False,False,False,True,False,False,False,False,False,False,False,True,True,False,False,False,3347
-0.2712531255599953,-0.37984329593894284,-0.5426610835437583,1.1231702875100502,0.8090004244075788,-0.9617377700486226,1.6401005710290097,False,False,False,False,False,False,False,False,False,True,False,False,False,False,False,True,False,False,False,False,False,False,False,False,False,False,False,False,False,False,True,False,2047
1.4019466371958498,-0.8269749355029385,1.777236055548406,1.4981714964279331,0.06384729345102529,-0.053330494805067116,1.367598260822597,False,False,False,False,True,False,False,False,False,False,False,False,False,False,False,False,False,False,False,True,False,False,False,False,False,False,True,False,False,False,False,False,5956
-0.2446943991670454,0.8721252948402453,-0.798397776042107,0.7898358795830431,1.6024008803900953,1.2743416767047429,-1.4936759963447361,False,False,False,True,False,False,False,False,False,False,False,False,False,False,False,False,False,False,False,True,False,False,False,False,False,False,False,True,False,True,False,False,4196
-0.8289863798119437,0.007670791683186827,-0.7618639628280572,-1.2379484353062498,-1.608726640782389,0.7153218150164022,-1.4936759963447361,False,False,True,False,False,False,False,False,False,False,False,False,False,False,False,False,False,False,True,False,False,False,False,False,False,False,False,False,False,False,True,False,659
1.2691530052311002,1.0807867266367766,-1.0906682817545057,0.1648338647199049,0.03346934806430762,0.25413042912352035,1.0950959506161844,False,False,False,False,False,False,False,False,False,False,False,False,False,True,False,False,False,False,False,False,False,False,False,False,True,False,False,False,False,False,False,True,2232
1.5612989955535492,-0.8865924874448047,-1.1454690015755804,0.9426141498829214,0.32295329822009106,-1.4648556455681303,-1.084922531035117,False,False,False,False,False,False,False,False,False,True,False,False,False,False,False,False,False,False,False,True,False,False,False,False,False,True,False,False,False,False,True,False,5880
1.667533901125349,1.4086832623170402,1.7224353357273312,-1.5573939095696314,1.5202017340495642,0.6454443323053598,-1.2211736861383233,False,False,False,False,False,False,True,False,False,False,False,False,False,False,False,False,True,False,False,False,False,False,False,False,False,False,False,False,True,False,False,False,2466
-0.377488031131795,1.1105955026077097,-0.30519129765243436,-1.7518389808603856,-1.5837095092874447,-1.1853457147239594,-0.13116444531267268,True,False,False,False,False,False,False,False,False,False,False,False,False,False,False,False,False,False,False,False,False,True,False,False,True,False,False,False,False,False,True,False,55622
0.4989499398355524,-1.2442977990960014,-1.4194726006809542,0.10927813006540374,0.28542760097767456,0.9808562493183637,-1.3574248412415297,False,False,False,False,False,False,False,False,True,False,False,False,False,False,False,False,False,False,False,False,True,False,False,False,True,False,False,False,False,True,False,False,2060
-0.032224588023446035,-1.3337241270088005,-0.19558985801028486,-1.7518389808603856,1.2825389848475943,-0.8918602873375802,0.9588447955129781,False,True,False,False,False,False,False,False,False,False,False,False,False,False,False,False,False,False,False,False,False,False,False,False,False,True,False,False,False,True,False,False,3014
1.667533901125349,1.3490657103751742,-0.01292079194003571,-1.0851701650063714,-0.8975253311404029,-0.31886492910702985,-0.4036667555190854,False,False,False,False,False,False,False,False,False,False,False,False,False,True,False,False,False,False,False,False,False,False,False,False,True,False,False,False,False,False,True,False,3341
-1.2008085493132425,-0.6779310556482734,-1.273337347824755,-0.43239028281598274,1.3629511932242013,-0.5424728737823666,0.9588447955129781,False,False,False,False,False,False,False,False,False,True,False,False,False,False,False,False,False,False,False,False,False,False,True,False,False,False,True,False,False,True,False,False,2479
-1.3336021812779921,-0.022137984287746222,0.023613021274014122,1.0259477518646731,-1.6909257871229202,1.2324151870781181,0.6863424853065654,False,True,False,False,False,False,False,False,False,False,False,False,False,False,False,False,False,False,False,False,False,False,True,False,False,True,False,False,False,False,False,True,3332
1.5081815427676495,1.5875359181426385,-0.8714654024702068,0.4148346706651602,0.8518869355417692,-1.3251006801460443,1.0950959506161844,False,False,False,False,False,False,False,False,True,False,False,False,False,False,False,True,False,False,False,False,False,False,False,False,True,False,False,False,False,False,True,False,1973
-0.13845949359524573,-1.03563636729947,-0.5609279901507832,-1.4046156392697533,1.5666621211116043,0.19822844295468617,1.0950959506161844,False,False,False,False,False,True,False,False,False,False,False,False,False,False,False,False,False,False,False,True,False,False,False,True,False,False,False,False,False,False,False,True,5600
-0.32437057834589517,1.4981095902298394,-1.4194726006809542,-0.5573906857886104,0.5820593029891562,-1.26919869397721,1.0950959506161844,False,False,False,False,False,False,False,False,True,False,False,False,False,False,False,False,False,False,False,False,True,False,False,False,False,False,False,False,False,False,False,True,1595
-1.068014917348493,0.12690589556691903,-0.8531984958631819,0.6370576092831649,-0.19525871131803985,0.6873708219319845,-0.4036667555190854,False,False,False,False,True,False,False,False,False,False,False,False,False,False,False,False,False,False,False,False,False,False,False,False,True,False,False,False,False,False,False,False,2656
0.3661563078708028,0.9615516227530445,-0.5243941769367333,1.4981714964279331,-1.5997919509627658,1.3861456490424113,-1.6299271514479423,False,False,False,False,False,False,False,False,True,False,False,False,False,False,False,False,False,False,False,False,True,False,False,False,False,False,True,False,False,False,True,False,2192
-0.032224588023446035,-1.0058275913285368,1.4849655498360073,-0.47405708380685857,1.5202017340495642,-0.24898744639598744,-0.9486713759319108,False,True,False,False,False,False,False,False,False,False,False,False,False,False,False,False,False,False,False,False,False,False,True,False,False,False,False,True,False,True,False,False,2165
0.8973308357298012,0.007670791683186827,1.6676346159062565,1.6231718994005608,-0.08268161959079098,-0.0673059913472766,-0.26741560041587903,False,False,False,False,False,False,False,False,False,False,True,False,False,False,False,False,False,True,False,False,False,False,False,False,True,False,False,False,False,False,False,True,1574
0.20680394951310327,-0.7971661595320055,1.4484317366219575,-0.34905668083423097,-1.6551870278444278,1.4699986282956632,-1.4936759963447361,False,True,False,False,False,False,False,False,False,False,False,False,False,False,False,False,False,False,False,False,False,True,False,False,False,False,False,True,False,False,False,False,64367
-1.3070434548850423,0.693272639014647,-0.32345820425945926,1.3592821597916802,0.699997208608179,0.044497980990391796,-0.8124202208287044,False,False,True,False,False,False,False,False,False,False,False,False,False,False,False,True,False,False,False,False,False,False,False,True,False,False,False,False,False,False,True,False,1474
1.4550640899817495,1.5279183662007725,1.1744281375165837,-0.7796136244066151,-0.04158204642052538,-0.0673059913472766,0.9588447955129781,False,False,False,True,False,False,False,False,False,False,False,False,False,False,False,True,False,False,False,False,False,False,False,False,True,False,False,False,False,False,True,False,1777
-1.1476910965273428,-1.2144890231250682,1.777236055548406,0.17872279838353022,-1.3156688146987563,0.25413042912352035,1.0950959506161844,False,False,False,False,False,False,False,False,False,False,False,False,True,False,False,False,False,False,False,False,True,False,False,False,False,True,False,False,True,False,False,False,1594
0.1271277703342535,-0.6481222796773403,-0.7435970562210323,-0.446279216479608,-0.9958069191562553,0.6314688357631503,1.0950959506161844,False,False,False,False,False,False,False,False,False,False,True,False,False,False,False,False,True,False,False,False,False,False,False,False,False,False,False,True,True,False,False,False,3050
1.1098006468734005,-0.9760188153576038,1.6311008026922067,0.4565014716560361,-1.5283144324057827,-1.3949781628570879,1.0950959506161844,False,False,False,False,False,False,False,True,False,False,False,False,False,False,False,False,False,False,False,False,True,False,False,True,False,False,False,False,False,False,False,True,2278
0.33959758147785285,-1.4827680068634657,-0.08598841836813537,-0.12683374221622626,0.28721453894159876,1.0926602216560322,0.6863424853065654,False,False,False,False,False,False,False,False,False,False,False,False,True,False,False,False,False,False,False,True,False,False,False,False,False,True,False,False,True,False,False,False,5506
-0.5368403894894945,1.2000218305205088,-0.6522625231859077,0.28983426769253257,0.45697364551443515,-0.24898744639598744,1.0950959506161844,False,False,False,True,False,False,False,False,False,False,False,False,False,False,False,False,False,False,True,False,False,False,False,False,False,True,False,False,False,False,False,True,1341
0.3130388550849029,0.15671467153785207,-0.17732295140325996,-0.11294480855260096,0.042404037883930684,-1.5207576317369644,0.8225936404097717,False,False,False,False,False,False,False,False,False,True,False,False,False,False,False,False,False,False,False,False,True,False,False,False,False,True,False,False,False,True,False,False,1685
-1.3336021812779921,0.3951848793053165,-0.4878603637226835,-1.057392297679121,1.1520925134811,0.9808562493183637,-1.2211736861383233,False,False,False,False,False,False,False,False,False,False,False,False,False,True,False,False,False,False,False,False,False,False,False,False,False,True,False,False,False,False,False,True,2591
0.1271277703342535,-1.1548714711832022,1.0465597912674094,-0.6407242877703622,1.3093430543064628,-0.4586198945291148,0.005086709790533665,False,False,True,False,False,False,False,False,False,False,False,False,False,False,False,False,False,False,True,False,False,False,False,False,True,False,False,False,True,False,False,False,1485
0.7910959301580015,-0.14137308817147842,-1.3281380676458296,-1.2657263026335004,0.4355303899473399,-1.4229291559415045,0.6863424853065654,False,False,True,False,False,False,False,False,False,False,False,False,False,False,False,False,False,False,False,False,True,False,False,False,False,False,False,False,False,True,False,False,1683
-1.7054243507792912,1.4086832623170402,-1.0906682817545057,-0.8351693590611162,-1.7141559806539395,0.4358118841722312,0.9588447955129781,False,False,False,False,False,False,False,True,False,False,False,False,False,False,False,False,False,False,False,False,False,False,False,False,True,False,False,False,True,False,False,False,2306
-1.4929545396356918,0.8125077428983792,-0.378258924080534,0.02594452808365198,0.7178665882474244,1.3022926697891606,1.6401005710290097,False,False,False,False,False,False,False,False,False,False,True,False,False,False,False,False,False,False,False,True,False,False,False,False,True,False,False,False,False,False,False,True,5014
1.5612989955535492,0.7230814149855801,-1.2368035346107051,-0.18238947687072743,-0.2703101058028722,1.3302436628735772,1.5038494159258033,False,False,False,False,True,False,False,False,False,False,False,False,False,False,False,False,False,True,False,False,False,False,False,True,False,False,False,False,False,False,False,False,1394
0.3927150342637527,-0.8567837114738717,-0.8531984958631819,0.3870568033379096,0.2568365935548811,1.5678271040911222,0.005086709790533665,False,False,False,False,False,False,False,False,False,False,False,True,False,False,False,False,False,False,False,True,False,False,False,True,False,False,False,False,False,False,True,False,3997
0.10056904394130357,-0.1711818641424115,-0.3599920174735091,1.637060833064186,0.5534682955663627,1.2603661801625348,0.8225936404097717,False,False,False,False,False,True,False,False,False,False,False,False,False,False,False,False,True,False,False,False,False,False,False,False,False,False,False,False,True,False,False,False,2965
-0.9086625589907935,0.9913603987239775,0.09668064770211378,-0.22405627786160331,-0.5115467309326919,-1.7583410729545095,0.550091330203359,False,False,False,False,False,False,False,False,True,False,False,False,False,False,False,False,False,False,False,True,False,False,False,True,False,False,False,False,False,False,False,True,4486
1.030124467694551,1.2000218305205088,-0.6522625231859077,0.5676129409650384,1.5094801062660175,-0.4446443979869065,-1.6299271514479423,False,False,False,False,False,False,False,False,False,False,True,False,False,False,False,False,False,False,False,False,False,False,False,False,False,False,True,False,False,True,False,False,3762
0.4723912134426025,1.4384920382879733,-0.10425532497516028,1.3592821597916802,-1.281716993384189,1.0926602216560322,-0.9486713759319108,False,False,False,False,False,False,False,False,False,False,False,False,False,True,False,False,False,False,False,False,False,True,False,False,False,False,False,False,True,False,False,False,61072
1.667533901125349,0.12690589556691903,0.7360223789479858,1.1787260221645515,0.633880503942969,-0.48657088761353245,0.8225936404097717,False,False,False,False,False,True,False,False,False,False,False,False,False,False,False,False,False,False,False,True,False,False,False,True,False,False,False,False,True,False,False,False,6902
-0.21813567277409548,-1.4231504549215996,-0.6887963363999576,0.2065006657107808,-1.742746988076733,0.3240079118345628,0.9588447955129781,False,False,True,False,False,False,False,False,False,False,False,False,False,False,False,False,False,False,False,False,False,False,False,False,False,False,False,False,False,False,True,False,2412
-0.5633991158824445,-0.8269749355029385,-0.5791948967578081,-0.37683454816148154,1.5362841757248862,0.3519589049189793,-1.6299271514479423,False,True,False,False,False,False,False,False,False,False,False,False,False,False,False,True,False,False,False,False,False,False,False,False,True,False,False,False,False,False,False,True,1322
0.8176546565509515,-0.2904169680261437,-0.06772151176111045,0.970392017210172,-1.3585553258329461,-0.5005463841557407,-0.6761690657254981,False,False,False,False,False,False,False,False,False,False,False,False,False,True,True,False,False,False,False,False,False,False,False,False,True,False,False,False,False,False,False,False,1647
-1.1476910965273428,1.5875359181426385,-1.5473409469301287,1.2203928231554273,-1.421098154570307,1.3861456490424113,0.550091330203359,False,False,False,True,False,False,False,False,False,False,False,False,False,False,True,False,False,False,False,False,False,False,False,False,False,False,False,False,False,True,False,False,1903
-1.1476910965273428,1.319256934404241,-1.4012056940739293,-0.2518341451888539,-0.5723026217061278,-0.0114040051784424,1.0950959506161844,False,False,False,False,False,False,False,True,False,False,False,False,False,False,False,False,False,False,False,False,False,False,True,False,False,False,True,False,False,False,False,True,2134
0.33959758147785285,1.229830606491442,1.5214993630500573,-0.09905587488897566,-0.4275606466282364,-0.15115897060052727,1.2313471057193908,False,False,False,True,False,False,False,False,False,False,False,False,False,False,False,True,False,False,False,False,False,False,False,False,False,False,True,False,False,True,False,False,1542
-0.5899578422753944,1.0509779506658437,0.4254849666285623,-0.6685021550976127,-0.9958069191562553,1.7075820695132082,0.27758901999694635,False,False,False,False,False,False,False,False,False,False,False,True,False,False,False,False,False,True,False,False,False,False,False,False,False,False,False,False,True,False,False,False,1710
-1.041456190955543,0.8423165188693122,-0.5791948967578081,0.09538919640177845,0.32652717414794014,-0.053330494805067116,0.6863424853065654,False,False,False,False,False,False,False,False,False,False,False,False,False,True,False,False,False,False,False,False,True,False,False,True,False,False,False,False,False,False,True,False,2742
-1.068014917348493,-1.1846802471541351,-1.4194726006809542,0.47039040531966136,-0.1809632076066428,-1.1434192250973334,-0.8124202208287044,False,False,False,False,False,False,False,False,False,False,False,False,False,False,False,False,True,False,False,False,False,False,False,False,False,False,False,True,False,False,True,False,2476
0.8176546565509515,-1.3933416789506665,1.0465597912674094,0.7759469459194178,-1.6373176482051823,0.01654698790597532,0.4138401751001527,False,False,False,False,False,False,False,False,False,False,False,False,False,False,True,False,False,False,False,False,False,False,False,False,False,False,True,False,False,False,False,False,1327
-0.8024276534189938,-1.3039153510378674,0.699488565733936,-1.5018381749151304,-0.6205499467320916,1.0786847251138239,-0.8124202208287044,False,False,False,False,False,False,False,False,False,True,False,False,False,False,False,False,False,False,False,False,False,False,False,False,False,True,False,False,False,False,True,False,3052
1.1363593732663506,-0.8269749355029385,0.16974827413021346,-0.0018333392435986083,1.1288623199500798,0.938929759691739,0.550091330203359,False,False,False,False,False,False,False,False,False,False,True,False,False,False,False,False,False,False,True,False,False,False,False,False,True,False,False,False,True,False,False,False,1160
-0.29781185195294524,-0.469269623851742,-0.7070632430069825,1.0815034865191744,0.6982102706442541,0.9808562493183637,-1.2211736861383233,False,False,True,False,False,False,False,False,False,False,False,False,False,False,False,False,False,False,False,True,False,False,False,False,False,False,False,False,False,False,False,False,3989
0.07401031754835365,1.259639382462375,-1.437739507287979,-1.3629488382788775,0.8232959281189751,0.7013463184741927,-0.13116444531267268,False,False,True,False,False,False,False,False,False,False,False,False,False,False,False,False,False,False,False,False,False,False,False,False,False,True,False,False,False,False,False,True,3494
-0.13845949359524573,-0.6481222796773403,-1.035867561933431,0.8592805479011696,0.7285882160309725,-0.8778847907953718,0.005086709790533665,False,False,False,False,False,False,False,False,True,False,False,False,False,False,False,False,False,False,False,False,True,False,False,False,False,False,False,False,False,False,True,False,1497
1.6940926275182988,0.6038463111018478,0.2245489939512882,0.9842809508737973,-0.6509278921188099,1.2463906836203265,-1.2211736861383233,False,False,False,False,False,False,False,False,True,False,False,False,False,False,False,False,False,False,False,False,False,False,False,False,True,False,False,False,False,False,False,False,3220
-0.29781185195294524,-0.8865924874448047,-0.19558985801028486,1.1092813538464248,-1.403228774931061,1.3442191594157866,1.0950959506161844,False,False,False,False,False,False,False,False,True,False,False,False,False,False,False,True,False,False,False,False,False,False,False,False,True,False,False,False,True,False,False,False,1643
1.4816228163746996,1.6471534700845045,-0.4695934571156586,1.1231702875100502,-0.7885221153410031,-1.0875172389284993,-1.6299271514479423,False,True,False,False,False,False,False,False,False,False,False,False,False,False,False,False,False,True,False,False,False,False,False,False,False,False,True,False,False,True,False,False,1323
0.8176546565509515,1.4384920382879733,-1.5108071337160789,-1.432393506597004,1.2057006523988372,-1.311125183603836,-1.6299271514479423,False,False,False,False,False,False,False,False,False,False,False,False,True,False,False,False,False,False,False,False,True,False,False,False,False,False,True,False,False,True,False,False,1843
0.3661563078708028,-0.9760188153576038,-0.798397776042107,0.33150106868340845,1.7346342897205151,1.6377045868021658,-0.8124202208287044,False,False,False,False,False,False,True,False,False,False,False,False,False,False,False,False,False,False,False,True,False,False,False,False,False,True,False,False,True,False,False,False,5501
0.5520673926214522,1.4683008142589062,0.3341504335934377,1.5676161647460596,0.0013044647136650834,1.2603661801625348,-0.5399179106222917,False,False,False,False,False,False,False,False,False,False,False,False,True,False,False,False,False,False,False,False,False,True,False,False,False,False,False,False,True,False,False,False,87630
-0.749310200633094,-1.691429438659997,-0.5061272703297084,-1.6268385778877579,-1.7248776084374868,1.3442191594157866,-1.6299271514479423,False,False,False,True,False,False,False,False,False,False,False,False,False,False,False,True,False,False,False,False,False,False,False,False,True,False,False,False,False,True,False,False,1636
1.4019466371958498,0.7528901909565131,-0.6522625231859077,0.7620580122557925,-1.2602737378170945,1.3302436628735772,0.4138401751001527,False,False,False,False,False,False,False,False,False,False,False,False,True,False,True,False,False,False,False,False,False,False,False,False,False,True,False,False,False,False,False,False,1737
0.3130388550849029,-1.3039153510378674,-1.200269721396655,-0.3073898798433551,-0.6116152569124685,0.11437546370143424,0.6863424853065654,False,True,False,False,False,False,False,False,False,False,False,False,False,False,False,False,False,False,False,False,True,False,False,False,False,False,False,True,False,True,False,False,1807
-0.8289863798119437,-1.631811886718131,0.3706842468074875,0.5815018746286638,0.30329698061692006,0.4917138703410654,1.2313471057193908,False,False,False,False,False,False,False,False,False,True,False,False,False,False,False,False,False,False,False,False,False,False,True,False,False,True,False,False,True,False,False,False,3761
0.33959758147785285,0.8125077428983792,0.7360223789479858,0.692613343937666,-1.4907887351633662,0.12835096024364373,0.27758901999694635,False,False,False,True,False,False,False,False,False,False,False,False,False,False,False,False,False,False,False,True,False,False,False,True,False,False,False,False,False,False,True,False,6333
0.02089286476245381,-0.26060819205521063,-0.3965258306875589,0.24816746670165668,1.6024008803900953,-1.5906351144480069,-0.9486713759319108,False,False,False,False,False,False,False,False,False,False,False,False,True,False,True,False,False,False,False,False,False,False,False,False,False,True,False,False,False,False,False,True,1952
0.5520673926214522,-0.6183135037064073,-0.17732295140325996,1.5815050984096848,-0.45793859201495407,0.8271257873540706,-1.4936759963447361,False,True,False,False,False,False,False,False,False,False,False,False,False,False,False,False,False,False,False,False,False,False,True,True,False,False,False,False,False,False,True,False,3299
-0.8555451062048937,-1.065445143270403,-0.6522625231859077,0.7898358795830431,1.4933976645906957,-0.0114040051784424,-0.5399179106222917,False,False,False,False,False,False,True,False,False,False,False,False,False,False,False,False,False,False,False,False,True,False,False,True,False,False,False,False,False,False,True,False,2707
0.8176546565509515,0.007670791683186827,0.49855259305666194,1.5120604300915583,1.0216460421146043,0.4917138703410654,-1.2211736861383233,False,False,False,False,False,False,False,False,False,False,False,False,True,False,False,False,False,False,False,False,False,False,False,True,False,False,False,False,True,False,False,False,2206
0.1271277703342535,0.9317428467821114,0.005346114666989206,0.6370576092831649,0.9322991439183749,-0.0114040051784424,0.005086709790533665,False,True,False,False,False,False,False,False,False,False,False,False,False,False,True,False,False,False,False,False,False,False,False,False,False,False,False,True,False,True,False,False,1670
-1.6788656243863411,1.6769622460554376,-1.4194726006809542,0.4287236043287855,0.40336550659669734,-0.053330494805067116,1.367598260822597,False,False,False,False,False,False,False,False,False,False,False,True,False,False,False,True,False,False,False,False,False,False,False,False,False,True,False,False,False,False,False,False,1634
-0.21813567277409548,0.4846112072181156,0.3341504335934377,0.6231686756195396,0.47484302515368065,-1.1713702181817511,1.2313471057193908,False,False,False,False,False,False,False,False,True,False,False,False,False,False,False,False,False,False,False,False,True,False,False,False,False,True,False,False,False,False,True,False,2105
-0.9086625589907935,-0.9164012634157378,0.15148136752318853,1.539838297418809,0.5141556603600214,-0.79403181154212,-0.26741560041587903,False,False,False,False,False,False,False,False,False,False,False,True,False,False,False,False,False,False,False,False,False,False,True,False,False,False,False,True,False,True,False,False,3510
-0.9352212853837434,0.21633222347971817,0.480285686449637,1.0398366855282983,0.4819907770093788,-1.2132967078083758,0.005086709790533665,False,False,True,False,False,False,False,False,False,False,False,False,False,False,False,False,False,False,False,False,False,False,False,False,True,False,False,False,False,False,False,False,2806
0.41927376065670263,-1.5125767828343988,-0.30519129765243436,-1.0018365630246198,0.21395008242069063,-1.0875172389284993,-0.26741560041587903,False,False,False,False,False,False,False,False,True,False,False,False,False,False,False,False,False,False,False,False,False,False,True,False,False,False,True,False,False,False,True,False,2214
-0.6165165686683444,-0.8865924874448047,1.1926950441236086,0.27594533402890725,1.7560775452876098,1.6237290902599564,0.8225936404097717,False,False,True,False,False,False,False,False,False,False,False,False,False,False,True,False,False,False,False,False,False,False,False,False,False,True,False,False,False,False,False,False,1473
1.030124467694551,-1.4231504549215996,-1.3281380676458296,0.4148346706651602,0.8500999975778437,-1.2412477008927936,-0.6761690657254981,True,False,False,False,False,False,False,False,False,False,False,False,False,False,False,False,False,False,False,False,False,True,False,False,False,False,True,False,False,True,False,False,66528
-1.731983077172241,1.259639382462375,1.3205633903727831,-1.7379500471967604,1.0091374763671321,-0.8359583011687459,-0.8124202208287044,False,False,False,False,False,False,False,True,False,False,False,False,False,False,False,False,False,False,False,False,False,True,False,False,False,False,False,False,False,False,False,True,74231
-0.13845949359524573,-1.2144890231250682,0.699488565733936,0.5120572063105373,1.3504426274767292,0.29605691875014634,1.6401005710290097,False,False,False,False,False,False,False,False,False,False,False,True,False,False,True,False,False,False,False,False,False,False,False,False,False,False,False,False,False,True,False,False,1446
-1.386719634063892,-0.11156431220054537,-0.3599920174735091,0.27594533402890725,-0.9904461052644814,0.3659344014611888,0.4138401751001527,False,False,False,False,False,False,False,True,False,False,False,False,False,False,False,False,False,False,False,False,False,True,False,False,False,False,False,True,True,False,False,False,58987
-1.5991894452074915,-0.26060819205521063,0.5350864062707118,0.10927813006540374,-1.4604107897766478,-1.2412477008927936,-1.3574248412415297,False,False,False,False,False,False,False,True,False,False,False,False,False,False,False,False,False,True,False,False,False,False,False,False,False,False,False,False,False,False,False,False,1449
0.977007014908651,-1.3337241270088005,-0.9445330288983064,0.37316786967428434,-0.03800817049267628,0.9948317458605732,0.550091330203359,False,False,False,False,False,False,True,False,False,False,False,False,False,False,True,False,False,False,False,False,False,False,False,False,False,False,False,False,False,False,False,True,2042
-1.4929545396356918,0.4548024312471826,1.357097203586833,1.1092813538464248,0.07278198327064835,0.9668807527761555,0.6863424853065654,False,False,False,False,False,False,False,False,True,False,False,False,False,False,False,False,False,False,False,False,False,True,False,False,True,False,False,False,False,False,False,False,86674
0.1271277703342535,1.2000218305205088,1.119627417695509,-0.22405627786160331,1.1949790246152892,-0.9477622735064143,0.27758901999694635,True,False,False,False,False,False,False,False,False,False,False,False,False,False,False,False,True,False,False,False,False,False,False,False,True,False,False,False,False,False,False,False,4296
0.631743571800302,-1.4827680068634657,0.6812216591269111,1.6787276340550619,-0.1773893316787937,-0.7660808184577035,0.550091330203359,False,False,True,False,False,False,False,False,False,False,False,False,False,False,False,False,False,False,False,True,False,False,False,False,True,False,False,False,False,False,True,False,6210
1.587857721946499,1.2000218305205088,-1.273337347824755,-1.2379484353062498,0.2747059731941266,1.4979496213800798,-0.26741560041587903,False,True,False,False,False,False,False,False,False,False,False,False,False,False,False,False,False,False,False,False,True,False,False,False,False,False,False,False,True,False,False,False,1849
0.8176546565509515,-1.4231504549215996,-1.273337347824755,0.05372239541090257,0.11924237033268792,1.1066357181982402,-1.084922531035117,False,False,False,True,False,False,False,False,False,False,False,False,False,False,False,False,False,False,False,False,True,False,False,False,False,False,False,True,False,False,False,False,2803
0.20680394951310327,0.12690589556691903,0.9369583516252599,-0.34905668083423097,-1.6230221444937853,0.659419828847568,0.4138401751001527,False,True,False,False,False,False,False,False,False,False,False,False,False,False,False,False,False,False,False,False,False,False,False,True,False,False,False,False,False,True,False,False,2534
1.29571173162405,1.4683008142589062,-1.5290740403231038,1.1231702875100502,0.433743451983415,-1.4788311421103386,0.27758901999694635,False,False,False,True,False,False,False,False,False,False,False,False,False,False,False,False,False,False,True,False,False,False,False,True,False,False,False,False,False,True,False,False,1302
-0.40404675752474495,0.5144199831890487,-1.456006413895004,0.928725216219296,1.1914051486874406,-0.30488943256482165,-0.4036667555190854,False,False,False,False,False,False,False,False,False,False,False,True,False,False,False,False,True,False,False,False,False,False,False,False,False,False,True,False,False,False,True,False,3141
-0.2712531255599953,0.24614099945065124,1.1561612309095588,-0.446279216479608,-1.1977309090797337,0.1842529464124779,0.14133786489374,False,False,False,False,False,False,False,False,False,False,False,False,False,False,False,False,False,False,False,False,False,False,True,True,False,False,False,False,True,False,False,False,3861
-0.6696340214542441,-0.1711818641424115,1.137894324302534,-0.4879460174704839,0.3586920574985827,-1.115468232012917,-1.4936759963447361,False,True,False,False,False,False,False,False,False,False,False,False,False,False,False,False,True,False,False,False,False,False,False,True,False,False,False,False,True,False,False,False,2828
-0.9086625589907935,-0.5885047277354742,-0.7618639628280572,-0.7796136244066151,0.3569051195346578,-0.20706095676936148,0.4138401751001527,False,False,False,False,False,False,False,False,False,False,False,False,True,False,False,False,False,False,False,True,False,False,False,False,True,False,False,False,False,True,False,False,3168
-1.3601609076709422,0.5740375351309148,-0.5243941769367333,1.3176153588008044,-1.1745007155487142,0.3240079118345628,0.8225936404097717,False,False,False,False,False,False,False,False,False,False,False,False,True,False,False,False,False,False,False,False,False,False,True,False,True,False,False,False,False,False,False,True,2961
-0.1119007672022958,-0.08175553622961232,-0.7435970562210323,0.6092797419559143,-1.3192426906266055,-0.6263258530356174,-0.6761690657254981,False,False,False,False,False,False,False,False,False,False,True,False,False,False,False,False,False,False,False,False,True,False,False,False,False,False,False,False,False,False,True,False,1640
-1.0148974645625932,-0.9164012634157378,-0.9993337487193812,1.7065055013823125,1.732847351756591,0.9529052562339472,0.27758901999694635,False,False,False,False,False,False,False,False,True,False,False,False,False,False,False,False,False,False,False,False,False,False,False,False,False,False,True,False,False,False,True,False,3322
-0.058783314416395956,0.4846112072181156,0.13321446091616362,0.8731694815647949,-0.35608312807125253,1.1625377043670746,-0.4036667555190854,False,False,False,True,False,False,False,False,False,False,False,False,False,False,False,False,False,False,False,False,False,False,True,False,False,True,False,False,False,True,False,False,3114
1.6940926275182988,-0.5885047277354742,0.9734921648393098,0.9981698845374225,-0.9493465320942157,-0.6403013495778268,-1.084922531035117,False,False,False,True,False,False,False,False,False,False,False,False,False,False,False,False,False,False,False,False,False,False,False,False,False,False,True,False,False,True,False,False,3091
1.6144164483394492,-1.0058275913285368,-0.7618639628280572,1.400948960782556,-1.147696646089845,1.1625377043670746,0.9588447955129781,False,False,False,False,False,False,False,False,False,False,False,False,False,True,False,True,False,False,False,False,False,False,False,False,False,False,True,False,False,False,False,True,2487
-0.8024276534189938,-1.125062695212269,0.8090900053760854,1.303726425137179,0.619585000231572,-1.4089536593992962,0.4138401751001527,False,False,False,False,False,False,False,False,False,True,False,False,False,False,False,False,False,False,False,False,True,False,False,False,False,False,False,True,False,False,False,True,2216
1.2691530052311002,-1.4529592308925328,0.8821576318041852,-1.432393506597004,0.41230019641632043,1.1485622078248663,1.0950959506161844,False,False,False,False,False,False,False,False,True,False,False,False,False,False,True,False,False,False,False,False,False,False,False,False,False,False,False,False,True,False,False,False,1179
-1.413278360456842,-0.469269623851742,1.3753641101938578,1.6231718994005608,0.5338119779631924,-1.2412477008927936,1.2313471057193908,False,False,False,False,False,False,True,False,False,False,False,False,False,False,False,False,False,False,False,True,False,False,False,False,False,False,False,True,False,False,True,False,4317
-1.3601609076709422,-1.3039153510378674,-0.6887963363999576,0.5537240073014131,-1.4461152860652513,-1.4788311421103386,-0.13116444531267268,False,False,False,False,False,False,False,False,False,False,True,False,False,False,False,False,False,True,False,False,False,False,False,False,False,False,True,False,False,False,True,False,1252
0.6051848454073521,0.7230814149855801,0.29761662037938785,-0.8212804253974909,1.4254940219615622,0.46376287725664767,1.367598260822597,False,False,False,False,False,False,True,False,False,False,False,False,False,False,False,False,False,False,False,False,True,False,False,False,False,False,True,False,False,True,False,False,2791
-1.1742498229202927,-0.3202257439970767,1.4301648300149326,0.012055594420026686,-0.3721655697465738,-0.1232079775161108,0.005086709790533665,False,False,False,False,False,False,False,False,False,False,False,True,False,False,False,False,False,False,False,False,False,False,False,False,False,False,True,False,True,False,False,False,2985
0.20680394951310327,0.8125077428983792,-0.8897323090772317,-0.47405708380685857,-0.6419932022991869,1.4001211455846196,-0.5399179106222917,False,False,False,False,False,False,False,False,False,False,False,True,False,False,False,False,False,False,False,True,False,False,False,True,False,False,False,False,False,False,True,False,5935
-1.0945736437414428,-1.125062695212269,0.31588352698641275,-1.154614833324498,-0.11127262701358441,-0.5005463841557407,0.550091330203359,False,False,False,False,False,False,True,False,False,False,False,False,False,False,False,False,False,False,False,False,False,False,False,False,False,False,False,True,True,False,False,False,1699
0.9238895621227512,0.037479567654119875,1.2474957639446835,0.08150026273815315,-0.3685916938187247,-0.7660808184577035,0.9588447955129781,False,False,False,False,False,False,True,False,False,False,False,False,False,False,False,True,False,False,False,False,False,False,False,False,False,False,True,False,True,False,False,False,1578
1.3488291844099498,1.4683008142589062,1.0830936044814592,-1.0018365630246198,1.3182777441260867,-0.02537950172065064,-0.13116444531267268,True,False,False,False,False,False,False,False,False,False,False,False,False,False,False,False,False,False,False,False,False,False,False,False,True,False,False,False,False,True,False,False,2174
-0.6696340214542441,1.1105955026077097,1.3022964837657582,1.303726425137179,1.5523666174002066,-0.179109963684945,1.6401005710290097,False,False,False,False,False,False,False,False,True,False,False,False,False,False,False,False,False,False,False,False,False,True,False,False,False,False,False,False,True,False,False,False,80536
0.5786261190144022,-0.26060819205521063,0.6446878459128612,0.4287236043287855,-0.6777319615776785,-0.5704238668667831,-1.084922531035117,False,False,False,False,False,False,True,False,False,False,False,False,False,False,False,True,False,False,False,False,False,False,False,False,False,False,False,False,False,False,False,True,1374
1.1629180996593005,-1.065445143270403,0.2245489939512882,-1.3629488382788775,1.3200646820900108,0.6454443323053598,1.5038494159258033,False,False,False,False,False,False,False,False,False,False,False,False,True,False,True,False,False,False,False,False,False,False,False,False,True,False,False,False,False,False,False,True,965
1.4285053635887996,-1.3635329029797336,-1.5108071337160789,0.37316786967428434,1.025219918042454,0.8830277735229047,-0.13116444531267268,False,False,False,False,False,False,False,False,False,True,False,False,False,False,False,False,False,False,False,False,False,False,False,False,False,False,False,False,False,False,False,False,3056
0.8176546565509515,0.30575855139251734,0.13321446091616362,1.164837088500926,1.5577274312919807,1.2044641939937004,-1.6299271514479423,False,False,False,False,False,False,False,False,False,True,False,False,False,False,False,False,False,False,True,False,False,False,False,True,False,False,False,False,False,True,False,False,952
-0.2446943991670454,-1.631811886718131,1.0100259780533596,0.37316786967428434,-0.8832298274290058,1.6237290902599564,0.9588447955129781,False,False,False,False,False,False,False,True,False,False,False,False,False,False,False,False,False,False,False,False,True,False,False,True,False,False,False,False,False,False,False,False,2436
1.6940926275182988,0.9913603987239775,0.29761662037938785,-1.251837368969875,0.29614922876122185,-0.8359583011687459,0.4138401751001527,False,False,False,False,False,False,False,False,False,False,False,False,False,False,False,False,False,False,False,False,False,True,False,False,False,True,False,False,False,False,False,True,71558
0.7910959301580015,0.5740375351309148,0.27934971377236295,1.2759485578099283,-0.7813743634853049,0.7292973115586104,-0.13116444531267268,False,False,False,False,False,False,False,False,False,False,False,True,False,False,False,False,False,True,False,False,False,False,False,False,False,True,False,False,False,False,False,False,1152
1.4550640899817495,0.3951848793053165,0.8638907251971603,1.3176153588008044,1.1771096449760443,-0.38874241181807234,-0.5399179106222917,False,False,False,True,False,False,False,False,False,False,False,False,False,False,False,False,False,False,False,False,False,False,False,False,False,True,False,False,False,True,False,False,2815
-0.1119007672022958,-1.4827680068634657,1.777236055548406,-0.16850054320710214,-1.7391731121488838,0.5895423461365256,0.005086709790533665,False,False,False,False,False,False,False,False,False,False,False,False,False,True,False,False,False,False,True,False,False,False,False,False,False,False,False,False,False,True,False,False,1459
0.04745159115540373,1.6769622460554376,0.9734921648393098,0.7481690785921673,0.253262717627032,-0.10923248097390131,0.550091330203359,False,False,False,False,True,False,False,False,False,False,False,False,False,False,False,False,False,False,False,False,False,True,False,True,False,False,False,False,True,False,False,False,68437
0.3927150342637527,-0.7077398316192064,0.023613021274014122,0.4287236043287855,-0.5508593661390325,1.6936065729710001,0.550091330203359,False,False,False,True,False,False,False,False,False,False,False,False,False,False,False,False,False,False,False,False,False,False,True,True,False,False,False,False,False,False,True,False,2768
-1.3070434548850423,1.259639382462375,-0.5426610835437583,-1.724061113533135,-0.6098283189485443,0.7712238011852364,-1.2211736861383233,False,False,False,False,False,False,False,False,False,False,False,False,False,False,False,True,False,False,False,False,False,False,False,True,False,False,False,False,True,False,False,False,1418
1.3488291844099498,-1.125062695212269,-0.15905604479623503,-0.07127800756172507,0.5391727918549657,1.553851607548914,0.14133786489374,False,False,False,False,False,False,False,False,False,False,False,False,False,True,False,False,False,False,False,False,False,False,True,False,True,False,False,False,False,True,False,False,2564
-0.4306054839176949,-0.022137984287746222,-1.2368035346107051,-1.1685037669881233,1.2753912329918962,1.1485622078248663,0.8225936404097717,True,False,False,False,False,False,False,False,False,False,False,False,False,False,False,False,True,False,False,False,False,False,False,True,False,False,False,False,False,False,False,True,3892
1.2160355524452002,-1.2144890231250682,-1.4742733205020289,-1.668505378878634,0.41230019641632043,1.3861456490424113,-0.8124202208287044,False,False,False,False,False,False,False,False,True,False,False,False,False,False,False,False,False,False,False,False,False,True,False,False,True,False,False,False,False,False,False,True,59985
0.7379784773721016,1.1404042785786428,1.0282928846603845,-0.029611206570849195,1.2807520468836702,1.0786847251138239,-1.3574248412415297,False,True,False,False,False,False,False,False,False,False,False,False,False,False,True,False,False,False,False,False,False,False,False,False,False,True,False,False,True,False,False,False,2047
0.4989499398355524,0.3951848793053165,-1.2368035346107051,-1.0851701650063714,-0.8153261847998716,-0.16513446714273552,-1.6299271514479423,False,False,False,False,False,False,False,False,True,False,False,False,False,False,False,False,False,False,False,False,False,False,False,False,False,True,False,False,False,True,False,False,2380
0.20680394951310327,1.6769622460554376,-1.4925402271090538,-0.08516694122535037,0.09243830087381871,-0.8918602873375802,-0.13116444531267268,False,False,False,True,False,False,False,False,False,False,False,False,False,False,False,False,True,False,False,False,False,False,False,False,False,False,False,False,False,False,False,True,4149
1.1363593732663506,1.6173446941135716,-0.5243941769367333,-0.7518357570793645,-0.15415913814777424,-0.47259539107132426,0.27758901999694635,False,False,False,True,False,False,False,False,False,False,False,False,False,False,False,False,False,False,False,True,False,False,False,False,False,True,False,False,False,True,False,False,5688
-1.2804847284920924,0.663463863043714,0.6081540326988114,1.637060833064186,-1.7177298565817887,-1.7024390867856753,-0.26741560041587903,False,False,False,False,False,False,False,False,False,False,False,False,False,True,False,False,False,False,False,True,False,False,False,False,False,False,False,False,False,False,False,True,5105
-0.6430752950612942,-0.469269623851742,-0.7801308694350821,-1.196281634315374,0.22467171020423857,0.058473477532600036,-0.4036667555190854,False,False,False,False,False,False,False,False,False,False,False,False,False,True,False,False,False,False,False,True,False,False,False,False,False,False,True,False,False,True,False,False,4708
0.9238895621227512,1.0807867266367766,1.777236055548406,-0.29350094617972977,0.5981417446644774,-0.0114040051784424,-1.4936759963447361,False,False,False,False,False,False,False,False,False,False,False,True,False,False,True,False,False,False,False,False,False,False,False,False,False,False,True,False,False,False,False,False,1368
-0.5633991158824445,1.170213054549576,-0.06772151176111045,-0.6962800224248633,0.3497573676789596,0.058473477532600036,-1.2211736861383233,True,False,False,False,False,False,False,False,False,False,False,False,False,False,True,False,False,False,False,False,False,False,False,False,False,False,False,True,False,True,False,False,1583
0.41927376065670263,-1.5721943347762648,0.1149475543091387,1.1092813538464248,0.8643955012892414,1.6377045868021658,0.550091330203359,False,False,False,False,False,False,False,False,False,False,False,True,False,False,False,False,False,False,False,False,True,False,False,False,False,False,False,False,False,True,False,False,1902
-1.3070434548850423,0.8125077428983792,0.4254849666285623,0.7620580122557925,0.27649291115805147,1.414096642126829,0.550091330203359,False,False,False,False,False,False,False,False,False,False,False,False,False,False,True,False,False,False,False,False,False,False,False,False,False,False,False,True,True,False,False,False,1604
0.18024522312015334,0.5740375351309148,0.060146834488063954,-0.0018333392435986083,-1.5211666805500839,-1.2132967078083758,-0.6761690657254981,False,False,False,False,False,False,True,False,False,False,False,False,False,False,False,False,False,False,False,False,False,False,True,False,False,False,False,True,False,False,False,False,3836
-1.386719634063892,0.24614099945065124,1.5397662696570822,0.970392017210172,-1.3442598221215498,-0.48657088761353245,1.367598260822597,False,False,False,False,False,False,False,False,True,False,False,False,False,False,False,False,False,False,False,True,False,False,False,False,False,False,True,False,False,False,True,False,4002
0.41927376065670263,-1.3933416789506665,-1.437739507287979,1.303726425137179,0.36583980935428084,-0.2909139360226134,0.14133786489374,False,False,False,False,False,False,False,False,False,False,False,False,False,True,False,False,False,False,False,False,True,False,False,False,False,False,False,False,True,False,False,False,2722
1.4285053635887996,1.229830606491442,-1.675209293179303,1.3870600271189308,-0.77958742552138,-0.5145218806979489,1.5038494159258033,False,False,True,False,False,False,False,False,False,False,False,False,False,False,False,False,False,False,False,False,False,True,False,False,False,False,True,False,False,False,True,False,67780
1.4285053635887996,-1.3933416789506665,-1.2368035346107051,-0.5018349511341091,-1.4747062934880448,1.0227827389449897,-1.2211736861383233,False,False,False,False,False,False,False,False,False,False,False,False,False,False,False,True,False,False,False,False,False,False,False,False,False,False,False,True,False,False,False,True,1978
-0.5102816630965447,1.4981095902298394,1.7224353357273312,0.3870568033379096,-0.22742359466868237,0.058473477532600036,-0.9486713759319108,False,False,False,False,False,False,False,False,False,False,False,False,True,False,False,False,False,True,False,False,False,False,False,False,False,False,False,False,False,False,True,False,1824
1.0832419204804506,0.21633222347971817,-0.378258924080534,-1.6546164452150085,0.2157370203846155,0.22617943603910265,0.8225936404097717,True,False,False,False,False,False,False,False,False,False,False,False,False,False,False,False,False,False,True,False,False,False,False,False,False,False,False,True,False,True,False,False,1249
1.1098006468734005,-1.691429438659997,-0.4330596439016088,-1.3212820372880014,-0.5865981254175249,1.2044641939937004,1.5038494159258033,False,False,False,True,False,False,False,False,False,False,False,False,False,False,True,False,False,False,False,False,False,False,False,True,False,False,False,False,False,False,True,False,1572
-1.5195132660286417,-1.3039153510378674,0.7360223789479858,1.1787260221645515,0.8090004244075788,1.0367582354871978,-1.2211736861383233,False,False,False,False,False,False,False,False,False,False,False,True,False,False,False,False,False,False,False,True,False,False,False,False,False,False,False,False,True,False,False,False,5238
0.33959758147785285,-1.065445143270403,0.2245489939512882,-0.8768361600519922,0.5355989159271166,-1.311125183603836,-1.3574248412415297,False,False,False,False,False,False,False,False,False,False,False,False,False,False,False,False,False,False,False,False,True,False,False,False,False,False,False,False,True,False,False,False,2829
-1.3601609076709422,-0.8865924874448047,0.9917590714463347,0.15094493105627962,-0.5723026217061278,0.7153218150164022,0.9588447955129781,False,False,False,False,True,False,False,False,False,False,False,False,False,False,False,False,False,False,False,True,False,False,False,False,False,False,False,True,False,False,True,False,3786
-1.2539260020991425,0.663463863043714,-1.273337347824755,-1.585171776896882,0.9305122059544507,-0.24898744639598744,-0.9486713759319108,False,False,False,False,False,False,False,False,True,False,False,False,False,False,False,False,False,False,False,True,False,False,False,True,False,False,False,False,True,False,False,False,4266
0.631743571800302,1.1105955026077097,-1.5290740403231038,0.8870584152284202,0.5516813576024379,-0.7381298253732858,1.367598260822597,False,False,False,False,False,False,False,False,False,False,False,False,False,True,False,True,False,False,False,False,False,False,False,False,True,False,False,False,True,False,False,False,1717
-1.068014917348493,-1.542385558805332,0.4620187798426121,-0.47405708380685857,0.5123687223960971,-1.5906351144480069,-0.8124202208287044,False,False,False,True,False,False,False,False,False,False,False,False,False,False,False,False,False,False,False,True,False,False,False,False,False,False,True,False,False,False,True,False,3078
0.6848610245862019,1.0509779506658437,0.023613021274014122,0.498168272646912,0.21395008242069063,-0.0673059913472766,0.14133786489374,False,True,False,False,False,False,False,False,False,False,False,False,False,False,False,True,False,False,False,False,False,False,False,False,False,False,False,True,False,False,False,False,1365
0.41927376065670263,-0.9164012634157378,1.558033176264107,-0.918502961042868,-1.7177298565817887,-0.5284973772401584,-0.13116444531267268,False,False,False,False,True,False,False,False,False,False,False,False,False,False,True,False,False,False,False,False,False,False,False,False,False,False,False,False,False,False,False,False,1277
-0.6430752950612942,-1.3337241270088005,0.9369583516252599,0.7620580122557925,0.7232274021391984,-0.8918602873375802,0.4138401751001527,True,False,False,False,False,False,False,False,False,False,False,False,False,False,False,False,True,False,False,False,False,False,False,False,False,False,True,False,False,False,False,True,3156
-1.2539260020991425,-0.4394608478808089,-1.0906682817545057,-1.6546164452150085,-0.4186259568086133,0.659419828847568,0.9588447955129781,False,False,False,False,False,False,False,False,False,False,False,False,False,False,False,False,False,False,False,False,False,False,True,False,False,False,True,False,True,False,False,False,3700
-1.3070434548850423,-0.8567837114738717,0.6812216591269111,-1.3629488382788775,1.6006139424261712,0.9109787666073212,-0.6761690657254981,False,False,False,False,False,False,False,False,False,False,True,False,False,False,False,False,False,False,False,True,False,False,False,False,False,False,True,False,False,False,True,False,4776
0.2599214022990031,0.663463863043714,-1.437739507287979,-0.446279216479608,1.1556663894089485,-0.9198112804219966,1.367598260822597,False,False,False,True,False,False,False,False,False,False,False,False,False,False,False,False,False,False,False,False,False,False,True,False,True,False,False,False,True,False,False,False,3123
-0.08534204080934588,-0.7971661595320055,-1.675209293179303,-1.196281634315374,0.33546186396756256,-1.6046106109902152,-1.4936759963447361,False,False,False,False,False,False,False,False,True,False,False,False,False,False,False,False,False,False,True,False,False,False,False,False,False,True,False,False,False,True,False,False,581
1.0832419204804506,1.5279183662007725,-0.04945460515408554,0.4287236043287855,-0.8599996338979864,1.1904886974514923,0.005086709790533665,False,False,False,False,False,False,False,True,False,False,False,False,False,False,True,False,False,False,False,False,False,False,False,False,False,False,False,True,True,False,False,False,1428
-0.4571642103106448,0.3355673273634504,1.7041684291203063,1.2065038894918019,-1.0333326163986718,-1.7443655764123014,-0.6761690657254981,False,False,True,False,False,False,False,False,False,False,False,False,False,False,False,False,False,False,False,True,False,False,False,False,False,True,False,False,True,False,False,False,4669
-0.29781185195294524,1.6769622460554376,-0.06772151176111045,0.3037232013561579,-0.5454985522472592,1.4979496213800798,1.6401005710290097,False,False,False,False,False,True,False,False,False,False,False,False,False,False,False,False,True,False,False,False,False,False,False,False,False,True,False,False,False,False,False,False,3377
0.8707721093368513,0.8721252948402453,0.9369583516252599,1.067614552855549,-0.06123836402369575,0.42183638763002296,1.0950959506161844,False,False,False,False,True,False,False,False,False,False,False,False,False,False,False,False,False,False,False,False,False,False,True,False,False,True,False,False,False,False,True,False,2191
-0.377488031131795,-1.5721943347762648,-0.04945460515408554,-1.6129496442241327,-0.704536031036547,-0.6542768461200351,0.9588447955129781,False,False,False,False,False,False,True,False,False,False,False,False,False,False,False,False,False,False,True,False,False,False,False,False,False,False,True,False,True,False,False,False,1083
0.8973308357298012,-0.9462100393866708,1.5032324564430324,-1.7379500471967604,0.07635585919849745,-0.9058357838797884,0.4138401751001527,False,False,False,False,False,True,False,False,False,False,False,False,False,False,False,False,True,False,False,False,False,False,False,True,False,False,False,False,False,False,False,False,4336
1.3488291844099498,0.693272639014647,1.4484317366219575,0.7065022776012914,-1.1691399016569402,-1.7443655764123014,-1.2211736861383233,False,False,False,False,False,False,False,False,True,False,False,False,False,False,False,False,True,False,False,False,False,False,False,False,False,False,True,False,False,False,False,True,4004
1.3753879108029,0.8721252948402453,-1.437739507287979,0.5815018746286638,1.7256995999008928,-0.9477622735064143,0.4138401751001527,False,False,False,False,False,False,False,False,False,False,False,False,True,False,False,False,False,False,False,False,False,True,False,False,False,False,True,False,False,False,False,False,82100
-1.5726307188145414,1.259639382462375,1.0830936044814592,0.928725216219296,-1.3746377675082675,-1.2971496870616277,0.9588447955129781,False,False,False,False,False,False,False,False,False,False,False,True,False,False,False,False,False,False,True,False,False,False,False,False,False,False,False,False,False,False,False,False,1249
-0.5368403894894945,-1.03563636729947,0.3341504335934377,1.3731710934553054,1.5613013072198305,0.3659344014611888,-0.9486713759319108,False,False,False,False,False,False,False,False,False,False,False,False,True,False,False,False,False,True,False,False,False,False,False,False,False,False,False,False,False,False,False,False,868
-0.5368403894894945,1.289448158433308,1.6493677092992316,0.05372239541090257,1.4969715405185453,-1.1853457147239594,-1.2211736861383233,False,False,False,False,False,False,False,True,False,False,False,False,False,False,False,False,True,False,False,False,False,False,False,False,False,True,False,False,True,False,False,False,2139
0.8973308357298012,-0.7375486075901394,0.918691445018235,-0.6546132214339874,0.11388155644091394,0.07244897407480952,0.4138401751001527,False,False,False,False,True,False,False,False,False,False,False,False,False,False,False,False,False,False,False,False,False,True,False,False,False,False,True,False,True,False,False,False,83202
-0.32437057834589517,-0.5586959517645411,-0.17732295140325996,0.7203912112649167,0.8232959281189751,0.29605691875014634,1.367598260822597,False,False,False,False,False,False,True,False,False,False,False,False,False,False,True,False,False,False,False,False,False,False,False,False,False,True,False,False,False,False,False,True,1921
-0.1119007672022958,-0.35003451996800977,-0.378258924080534,0.9565030835465467,-0.20598033910158714,-0.7241543288310776,1.367598260822597,False,False,False,False,False,False,False,False,False,False,True,False,False,False,False,False,False,False,False,False,True,False,False,False,False,False,False,False,False,True,False,False,2246
1.667533901125349,0.6038463111018478,1.2657626705517084,-0.5573906857886104,0.48556465293722795,-1.6465371006168412,1.0950959506161844,False,False,False,False,False,False,False,True,False,False,False,False,False,False,False,False,False,False,False,True,False,False,False,True,False,False,False,False,False,True,False,False,4340
-0.4571642103106448,0.4846112072181156,0.6812216591269111,1.6926165677186873,-0.5454985522472592,-1.6465371006168412,0.005086709790533665,False,False,False,False,True,False,False,False,False,False,False,False,False,False,False,False,False,False,False,False,True,False,False,False,False,False,False,True,False,True,False,False,2237
-1.0945736437414428,0.8125077428983792,-1.200269721396655,1.5953940320733102,-0.6848797134333766,-1.6744880937012576,-1.084922531035117,False,False,False,False,False,False,False,False,False,True,False,False,False,False,False,False,False,False,False,True,False,False,False,False,False,True,False,False,False,False,False,True,3717
-1.4929545396356918,-1.03563636729947,-0.34172511086648416,1.1787260221645515,0.3015100426529958,0.8131502908118611,0.27758901999694635,False,False,False,False,False,True,False,False,False,False,False,False,False,False,True,False,False,False,False,False,False,False,False,True,False,False,False,False,False,True,False,False,1352
1.3753879108029,0.18652344750878513,0.1149475543091387,0.359278936010659,0.015599968425061481,-0.6542768461200351,-0.6761690657254981,False,False,False,False,False,False,False,True,False,False,False,False,False,False,False,False,False,False,False,False,False,False,True,False,False,False,False,True,False,True,False,False,2891
0.6848610245862019,-1.2144890231250682,-0.378258924080534,0.4287236043287855,0.30687085654476914,1.0088072424027814,-0.8124202208287044,False,False,False,False,False,True,False,False,False,False,False,False,False,False,False,False,False,False,False,False,False,True,False,False,True,False,False,False,False,False,False,False,70087
0.3661563078708028,-0.4394608478808089,-1.273337347824755,1.1509481548373008,-0.7367009143871902,-0.26296294293819567,0.14133786489374,False,False,False,True,False,False,False,False,False,False,False,False,False,False,False,False,False,True,False,False,False,False,False,False,False,True,False,False,True,False,False,False,756
0.1271277703342535,0.5144199831890487,-0.4513265505086337,-0.29350094617972977,-0.45079084015925586,-0.19308546022715323,-0.8124202208287044,False,False,False,False,False,False,False,False,False,False,False,False,True,False,False,False,False,False,False,False,True,False,False,False,False,True,False,False,True,False,False,False,1599
0.3130388550849029,-0.051946760258679274,0.9004245384112101,0.1648338647199049,-1.4604107897766478,0.01654698790597532,1.2313471057193908,False,False,False,True,False,False,False,False,False,False,False,False,False,False,False,False,False,False,False,True,False,False,False,False,True,False,False,False,False,False,False,False,5535
-0.6165165686683444,1.4384920382879733,0.4437518732355872,1.303726425137179,-1.5729878815038973,0.7153218150164022,-0.8124202208287044,False,False,True,False,False,False,False,False,False,False,False,False,False,False,False,False,False,False,False,False,False,False,False,False,True,False,False,False,False,False,False,False,2685
0.631743571800302,-0.9164012634157378,0.24281590055831312,-1.529616042242381,-0.8564257579701372,-0.8219828046265377,1.367598260822597,False,False,False,False,False,False,False,False,False,True,False,False,False,False,False,False,False,False,False,False,True,False,False,False,False,True,False,False,False,False,False,False,2296
0.3130388550849029,1.3490657103751742,0.005346114666989206,0.37316786967428434,-1.4943626110912152,-1.353051673230462,0.6863424853065654,False,False,False,False,False,False,True,False,False,False,False,False,False,False,False,False,False,False,False,False,False,False,False,False,True,False,False,False,True,False,False,False,2649
-1.068014917348493,0.3653761033343834,-0.5061272703297084,1.6787276340550619,-1.3889332712196645,0.17027744987026844,-0.4036667555190854,False,False,False,False,False,False,False,False,False,False,True,False,False,False,False,False,False,False,False,False,False,False,True,False,False,False,True,False,False,True,False,False,4052
1.4550640899817495,-1.065445143270403,-0.4513265505086337,1.6926165677186873,1.1377970097697023,-0.6263258530356174,0.6863424853065654,True,False,False,False,False,False,False,False,False,False,False,False,False,False,False,False,False,False,False,False,False,False,True,False,False,False,False,True,False,False,False,False,2186
-0.5633991158824445,0.7826989669274461,0.6446878459128612,-1.4462824402606291,-1.6194482685659362,-0.2210364533115697,0.14133786489374,False,False,False,False,False,True,False,False,False,False,False,False,False,False,False,False,False,False,True,False,False,False,False,False,False,False,False,True,False,False,False,True,698
-0.08534204080934588,-0.7375486075901394,-0.5426610835437583,0.7898358795830431,0.5892070548448544,0.4917138703410654,-0.4036667555190854,False,False,False,False,False,False,False,False,False,False,True,False,False,False,True,False,False,False,False,False,False,False,False,False,False,False,False,True,False,False,False,False,1878
0.04745159115540373,-1.4231504549215996,0.3706842468074875,0.734280144928542,-0.7885221153410031,-0.039354998262858876,-0.8124202208287044,False,False,False,False,False,True,False,False,False,False,False,False,False,False,False,False,True,False,False,False,False,False,False,False,False,False,True,False,False,False,True,False,2352
-1.7054243507792912,0.8125077428983792,-0.04945460515408554,-1.0990590986699968,1.3468687515488793,0.3938853945456052,-0.8124202208287044,False,False,False,False,False,False,False,False,True,False,False,False,False,False,False,False,False,False,False,False,False,False,False,False,True,False,False,False,False,False,False,False,2515
1.1098006468734005,1.4086832623170402,-0.2138567646173098,-1.487949241251505,-0.030860418636977447,0.12835096024364373,-0.8124202208287044,False,False,False,False,False,False,False,True,False,False,False,False,False,False,False,False,False,False,False,False,True,False,False,True,False,False,False,False,True,False,False,False,2419
-0.9617800117766933,-0.7077398316192064,0.18801518073723836,1.5259493637551838,-0.6705842097219803,0.8131502908118611,-1.084922531035117,False,False,True,False,False,False,False,False,False,False,False,False,False,False,False,False,True,False,False,False,False,False,False,False,True,False,False,False,False,False,False,False,4006
-0.4571642103106448,1.0211691746949105,1.2292288573376586,-1.7379500471967604,0.08529054901812051,0.6873708219319845,-1.6299271514479423,False,False,False,False,False,False,False,False,False,False,False,False,True,False,False,False,False,False,True,False,False,False,False,False,False,True,False,False,False,False,True,False,1471
-0.5899578422753944,-0.49907839982267505,0.4254849666285623,-0.5435017521249851,-0.3971827012415181,0.100399967159226,0.14133786489374,True,False,False,False,False,False,False,False,False,False,False,False,False,False,True,False,False,False,False,False,False,False,False,False,False,False,False,False,False,False,False,True,2014
-1.413278360456842,-0.9164012634157378,-1.456006413895004,-1.3351709709516268,0.25147577966310714,0.6035178426787338,0.6863424853065654,False,False,False,False,False,False,False,False,False,False,False,False,False,True,False,False,False,False,False,False,False,False,False,False,False,False,False,True,False,True,False,False,1714
0.3130388550849029,0.693272639014647,0.5716202194847616,0.3870568033379096,-1.351407573977248,1.2743416767047429,0.005086709790533665,False,False,False,False,False,True,False,False,False,False,False,False,False,False,False,False,False,False,False,True,False,False,False,False,True,False,False,False,False,False,False,False,5969
1.587857721946499,0.5740375351309148,0.9917590714463347,0.039833461747277275,1.7936032425300263,-0.26296294293819567,1.6401005710290097,False,False,False,False,False,False,False,False,False,False,True,False,False,False,False,False,True,False,False,False,False,False,False,True,False,False,False,False,False,False,True,False,2741
0.8442133829439014,0.693272639014647,1.0830936044814592,1.6926165677186873,-0.24171909838007877,-0.3328404256492381,-0.6761690657254981,False,False,True,False,False,False,False,False,False,False,False,False,False,False,False,False,True,False,False,False,False,False,False,False,False,True,False,False,False,False,True,False,3704
-1.068014917348493,0.9913603987239775,-0.08598841836813537,-0.682391088761238,-0.51869448278839,0.897003270065113,-0.6761690657254981,False,True,False,False,False,False,False,False,False,False,False,False,False,False,False,True,False,False,False,False,False,False,False,False,False,False,True,False,False,False,False,True,1941
-0.48372293670359473,-1.03563636729947,-1.4925402271090538,-1.7101721798695098,0.7714747271651623,0.2681059256657286,-0.4036667555190854,True,False,False,False,False,False,False,False,False,False,False,False,False,False,False,False,False,True,False,False,False,False,False,False,False,False,True,False,True,False,False,False,809
-0.005665861630496114,-1.5125767828343988,1.7224353357273312,1.5815050984096848,-0.46151246794280315,-1.5207576317369644,0.550091330203359,False,True,False,False,False,False,False,False,False,False,False,False,False,False,False,False,False,True,False,False,False,False,False,True,False,False,False,False,False,False,False,False,1422
0.5520673926214522,1.4086832623170402,-1.4194726006809542,0.1926117320471555,1.211061466290611,1.3442191594157866,-0.9486713759319108,False,False,False,True,False,False,False,False,False,False,False,False,False,False,False,False,True,False,False,False,False,False,False,False,False,True,False,False,False,False,True,False,2292
0.33959758147785285,1.4981095902298394,-1.5108071337160789,1.400948960782556,-0.13986363443637784,-1.6605125971590495,0.27758901999694635,False,False,False,False,False,False,False,False,False,False,False,False,True,False,False,False,False,False,False,False,False,True,False,False,False,False,False,True,False,False,False,True,64971
-1.1476910965273428,-0.1711818641424115,-0.9445330288983064,0.498168272646912,0.805426548479729,0.8411012838962788,0.27758901999694635,False,False,False,False,False,False,False,False,False,False,False,True,False,False,False,False,True,False,False,False,False,False,False,False,True,False,False,False,False,True,False,False,3842
0.3927150342637527,0.3951848793053165,1.137894324302534,1.5120604300915583,-1.3764247054721923,0.8830277735229047,1.6401005710290097,False,False,False,False,False,False,False,False,False,False,False,True,False,False,False,False,False,False,False,True,False,False,False,False,False,True,False,False,False,False,True,False,4506
-0.48372293670359473,-1.631811886718131,1.740702242334356,1.6509497667278115,1.2557349153887258,1.553851607548914,0.4138401751001527,False,False,False,False,False,False,False,False,False,False,False,False,False,True,False,False,True,False,False,False,False,False,False,False,False,False,True,False,False,False,False,True,2049
1.5347402691605994,0.9615516227530445,-0.3599920174735091,0.012055594420026686,0.8626085633253159,-1.5766596179057988,-0.6761690657254981,False,False,False,False,False,False,False,False,True,False,False,False,False,False,False,False,False,False,False,True,False,False,False,True,False,False,False,False,True,False,False,False,5125
1.6940926275182988,1.229830606491442,-0.7435970562210323,1.6648387003914367,-1.0047416089758783,0.31003241529235454,0.8225936404097717,False,False,False,False,False,False,False,False,False,False,True,False,False,False,False,False,False,False,False,True,False,False,False,True,False,False,False,False,True,False,False,False,6707
0.4723912134426025,-1.602003110747198,0.6446878459128612,1.012058818201048,-1.2406174202139233,-0.2769384394804039,0.9588447955129781,False,False,False,False,True,False,False,False,False,False,False,False,False,False,False,False,False,False,False,False,False,True,False,False,True,False,False,False,False,False,True,False,57606
-1.2273672757061924,1.1404042785786428,-1.1820028147896302,0.928725216219296,-0.6312715745156395,-0.6123503564934091,0.27758901999694635,False,False,False,False,False,False,False,False,False,False,False,False,False,True,False,False,False,False,False,True,False,False,False,True,False,False,False,False,False,False,True,False,4328
-0.5368403894894945,-0.2904169680261437,-0.5061272703297084,0.09538919640177845,1.7185518480451933,-1.4508801490259209,-1.3574248412415297,False,False,False,False,False,False,False,True,False,False,False,False,False,False,False,False,False,False,False,False,True,False,False,True,False,False,False,False,False,False,False,False,2669
-1.4398370868497918,1.170213054549576,-1.3829387874669044,-1.3351709709516268,-0.843917192222665,0.19822844295468617,-0.9486713759319108,False,False,False,False,False,False,False,True,False,False,False,False,False,False,True,False,False,False,False,False,False,False,False,False,False,True,False,False,False,False,False,True,989
-0.6961927478471941,-0.8567837114738717,0.04187992788103904,1.6509497667278115,-0.132715882580679,-0.09525698443169307,1.6401005710290097,False,False,False,False,False,False,False,False,False,False,True,False,False,False,False,False,False,False,False,False,False,False,True,False,False,False,False,True,False,False,True,False,2432
-0.005665861630496114,0.3951848793053165,1.4484317366219575,0.15094493105627962,-1.6516131519165786,-1.4089536593992962,-0.6761690657254981,False,False,False,False,True,False,False,False,False,False,False,False,False,False,False,False,True,False,False,False,False,False,False,False,True,False,False,False,False,False,False,False,3815
0.8973308357298012,1.319256934404241,0.8273569119831105,1.5120604300915583,-0.34357456232378036,0.3659344014611888,0.4138401751001527,False,False,False,False,False,False,True,False,False,False,False,False,False,False,False,False,False,False,False,True,False,False,False,False,False,True,False,False,False,False,False,False,5624
0.3130388550849029,0.12690589556691903,-0.5426610835437583,-1.4740603075878798,0.27649291115805147,0.7991747942696529,0.27758901999694635,False,False,False,False,False,False,False,False,True,False,False,False,False,False,False,False,True,False,False,False,False,False,False,False,False,False,False,True,False,False,True,False,4023
-1.3336021812779921,-0.35003451996800977,1.5032324564430324,1.484282562764308,1.6381396396685877,0.9109787666073212,0.005086709790533665,False,False,True,False,False,False,False,False,False,False,False,False,False,False,False,False,False,False,False,True,False,False,False,False,False,True,False,False,True,False,False,False,3822
0.44583248704965256,-0.9760188153576038,-0.9993337487193812,1.0398366855282983,0.08171667309027142,1.3861456490424113,0.9588447955129781,False,False,False,False,False,True,False,False,False,False,False,False,False,False,False,False,True,False,False,False,False,False,False,False,False,False,False,False,False,False,False,True,4261
-0.5899578422753944,-0.051946760258679274,-0.4147927372945838,-1.4462824402606291,1.1592402653367981,-0.3468159221914476,0.27758901999694635,False,False,False,False,True,False,False,False,False,False,False,False,False,False,False,False,False,False,False,False,False,False,True,False,False,True,False,False,False,False,False,True,3846
0.8973308357298012,-0.6481222796773403,0.2062820873442633,0.05372239541090257,0.19071988888967117,1.553851607548914,0.6863424853065654,False,False,False,False,False,False,False,False,False,False,False,True,False,False,False,False,False,False,False,True,False,False,False,True,False,False,False,False,True,False,False,False,4195
-1.1742498229202927,1.170213054549576,-0.7253301496140074,0.4565014716560361,-1.6140874546741628,1.2463906836203265,0.005086709790533665,True,False,False,False,False,False,False,False,False,False,False,False,False,False,False,False,False,False,False,False,False,True,False,False,False,False,False,True,False,False,True,False,56151
-1.2804847284920924,-1.542385558805332,1.4484317366219575,0.28983426769253257,-0.6366323884074129,-0.7381298253732858,1.5038494159258033,False,False,False,False,False,False,True,False,False,False,False,False,False,False,False,False,False,False,False,False,False,False,False,False,True,False,False,False,False,False,False,True,3316
-1.4398370868497918,-0.5586959517645411,0.480285686449637,1.0398366855282983,0.2925753528333727,-1.2132967078083758,-0.6761690657254981,False,False,False,False,False,True,False,False,False,False,False,False,False,False,False,False,False,False,False,False,False,False,True,False,True,False,False,False,False,False,True,False,2640
1.5081815427676495,0.9913603987239775,-0.34172511086648416,-1.3629488382788775,1.6274180118850397,-0.24898744639598744,0.14133786489374,False,False,False,False,False,True,False,False,False,False,False,False,False,False,False,False,False,False,False,False,True,False,False,False,False,False,False,True,False,False,True,False,2486
1.3488291844099498,-0.5885047277354742,-0.7070632430069825,-0.3073898798433551,1.3021953024507646,-0.3747669152758641,-0.26741560041587903,False,False,False,False,False,False,True,False,False,False,False,False,False,False,True,False,False,False,False,False,False,False,False,True,False,False,False,False,False,False,False,False,1685
-0.40404675752474495,0.09709711959598598,-1.3281380676458296,-1.0435033640154956,-0.9457726561663666,0.24015493258131212,-0.9486713759319108,False,False,False,True,False,False,False,False,False,False,False,False,False,False,False,False,False,False,False,False,True,False,False,False,False,False,True,False,True,False,False,False,2524
0.1271277703342535,1.319256934404241,-0.2503905778313596,-0.16850054320710214,-0.97436366358916,0.2681059256657286,1.5038494159258033,False,True,False,False,False,False,False,False,False,False,False,False,False,False,False,False,True,False,False,False,False,False,False,False,False,True,False,False,False,False,True,False,3927
-0.48372293670359473,0.9913603987239775,-1.1272020949685555,0.6509465429467902,-1.0422673062182943,0.8411012838962788,1.6401005710290097,False,False,False,False,False,True,False,False,False,False,False,False,False,False,False,False,False,False,False,False,False,False,True,True,False,False,False,False,False,True,False,False,2276
-1.2539260020991425,0.5740375351309148,0.7725561921620356,0.4842793389832867,1.5273494859052623,0.0025714913637658395,-1.6299271514479423,False,False,False,False,False,False,True,False,False,False,False,False,False,False,False,False,False,False,False,True,False,False,False,False,False,False,False,False,True,False,False,False,3883
-1.5991894452074915,-0.1711818641424115,-0.6339956165788828,-0.36294561449785623,1.2789651089197458,-1.4089536593992962,1.6401005710290097,False,False,False,False,True,False,False,False,False,False,False,False,False,False,False,False,False,False,False,True,False,False,False,False,False,False,False,True,False,False,False,True,5199
0.4723912134426025,1.6471534700845045,0.2245489939512882,-0.5990574867794862,1.001989724511434,1.2324151870781181,-1.4936759963447361,False,False,False,False,False,False,True,False,False,False,False,False,False,False,False,False,False,False,False,False,True,False,False,False,False,True,False,False,False,False,False,False,2701
-0.3509293047388451,1.289448158433308,-1.5108071337160789,-0.918502961042868,-0.3596570039991016,-0.696203335746661,0.005086709790533665,False,False,False,False,False,False,False,False,False,True,False,False,False,False,False,False,False,False,False,False,False,False,True,False,True,False,False,False,False,False,False,True,3266
1.0832419204804506,-1.631811886718131,-1.5108071337160789,-0.029611206570849195,0.038830161956080946,1.6237290902599564,-1.6299271514479423,False,False,False,False,False,False,False,False,False,False,False,False,False,True,False,True,False,False,False,False,False,False,False,False,False,False,True,False,False,False,False,True,2541
0.9238895621227512,1.4086832623170402,-0.9810668421123562,1.012058818201048,-0.10412487515788559,-1.3670271697726701,1.5038494159258033,False,False,False,False,False,False,False,False,False,False,False,False,False,False,False,False,False,False,False,False,False,False,True,False,False,False,False,False,True,False,False,False,3815
-0.48372293670359473,0.693272639014647,1.1561612309095588,-0.7796136244066151,-0.8564257579701372,1.5818026006333317,1.5038494159258033,False,False,False,True,False,False,False,False,False,False,False,False,False,False,True,False,False,False,False,False,False,False,False,False,True,False,False,False,False,False,False,True,1177
0.07401031754835365,1.4683008142589062,1.1926950441236086,-0.7935025580702404,0.04061709992000581,-1.4508801490259209,-1.2211736861383233,False,False,False,False,False,False,False,False,False,False,False,False,True,False,False,False,False,False,False,False,False,False,False,False,False,False,False,True,False,False,True,False,3313
-1.466395813242742,1.5875359181426385,-1.017600655326406,0.1648338647199049,-1.6498262139526545,-0.9617377700486226,1.5038494159258033,False,False,False,False,False,False,False,False,False,False,False,False,False,False,True,False,False,False,False,False,False,False,False,False,False,True,False,False,False,False,False,True,1532
1.4816228163746996,-1.0058275913285368,0.480285686449637,-0.2657230788524792,-1.2888647452398878,-1.6046106109902152,1.367598260822597,False,False,False,False,False,False,False,False,False,False,False,False,False,True,False,False,False,False,True,False,False,False,False,False,False,False,False,True,False,False,False,False,539
0.07401031754835365,-1.542385558805332,-0.4695934571156586,1.1509481548373008,1.4004768904666178,0.6873708219319845,-1.4936759963447361,False,False,False,False,False,False,False,False,False,False,False,False,False,True,False,False,False,False,False,False,False,False,True,False,False,True,False,False,False,False,False,False,2503
-1.1476910965273428,1.289448158433308,-0.9079992156842566,1.6092829657369354,0.9197905781709027,1.2044641939937004,1.0950959506161844,False,False,False,False,False,False,False,False,False,False,False,False,False,True,False,False,False,False,False,False,False,False,False,True,False,False,False,False,False,True,False,False,2934
-0.7758689270260438,-0.9164012634157378,-0.7435970562210323,1.484282562764308,-0.2524407261636267,-0.24898744639598744,0.9588447955129781,False,False,False,False,False,False,False,False,False,False,False,False,False,False,False,False,True,False,False,False,False,False,False,False,False,False,True,False,False,False,False,False,4030
-1.5195132660286417,0.30575855139251734,0.15148136752318853,1.6926165677186873,0.08350361105419564,1.4699986282956632,0.4138401751001527,False,False,False,False,False,False,False,False,False,False,True,False,False,False,False,False,False,False,False,False,False,True,False,True,False,False,False,False,False,False,False,True,64388
-1.3601609076709422,0.24614099945065124,-0.6705294297929326,1.303726425137179,-0.44006921237570856,0.29605691875014634,-1.3574248412415297,False,True,False,False,False,False,False,False,False,False,False,False,False,False,False,False,False,False,False,False,False,True,False,True,False,False,False,False,False,False,False,False,63381
0.7114197509791518,1.4683008142589062,-0.30519129765243436,1.248170690482678,0.880477942964562,0.4358118841722312,0.550091330203359,False,False,False,False,False,False,True,False,False,False,False,False,False,False,False,False,False,False,False,True,False,False,False,False,False,False,False,True,True,False,False,False,5545
-1.3070434548850423,1.0807867266367766,-0.4513265505086337,0.8870584152284202,1.0359415458260006,1.176513200909284,-1.084922531035117,True,False,False,False,False,False,False,False,False,False,False,False,False,False,False,False,False,False,False,True,False,False,False,False,False,False,True,False,False,False,False,False,5478
0.15368649672720341,1.5577271421717054,0.8090900053760854,-1.4740603075878798,0.960890151341169,-0.7381298253732858,-0.6761690657254981,False,True,False,False,False,False,False,False,False,False,False,False,False,False,False,False,False,False,False,True,False,False,False,False,False,True,False,False,False,False,True,False,5068
1.4550640899817495,1.4086832623170402,0.24281590055831312,1.539838297418809,0.816148176263277,-0.5284973772401584,-0.13116444531267268,False,False,False,False,False,False,False,False,False,False,False,True,False,False,False,False,False,False,False,True,False,False,False,False,False,True,False,False,True,False,False,False,5843
-1.466395813242742,-1.1548714711832022,0.5898871260917865,0.05372239541090257,-1.0297587404708222,1.3861456490424113,1.6401005710290097,False,False,False,False,True,False,False,False,False,False,False,False,False,False,False,False,False,False,False,False,True,False,False,False,False,False,False,False,False,True,False,False,2127
0.15368649672720341,0.7230814149855801,-0.01292079194003571,-0.6268353541067369,-0.5544332420668817,1.372170152500203,1.367598260822597,False,False,False,False,False,False,False,False,True,False,False,False,False,False,False,False,False,False,False,False,False,False,True,False,True,False,False,False,False,False,True,False,2495
1.0566831940875008,1.5875359181426385,-1.273337347824755,-0.5435017521249851,-0.08446855755471522,1.6377045868021658,-0.13116444531267268,False,False,False,False,False,False,False,False,False,False,True,False,False,False,False,False,False,False,False,True,False,False,False,False,False,False,False,False,False,False,False,True,4792
1.5612989955535492,-1.4231504549215996,0.29761662037938785,-0.22405627786160331,-0.579450373561826,1.372170152500203,-1.6299271514479423,False,False,False,False,False,False,False,False,False,False,False,False,True,False,False,False,False,False,False,True,False,False,False,False,False,False,False,False,False,False,False,True,4575
-0.8289863798119437,1.3490657103751742,-0.5791948967578081,1.4287268281098067,0.9305122059544507,-1.3251006801460443,-1.6299271514479423,False,True,False,False,False,False,False,False,False,False,False,False,False,False,False,False,False,False,False,False,False,True,False,False,False,True,False,False,False,False,False,True,85070
1.4019466371958498,0.24614099945065124,1.3753641101938578,-1.6268385778877579,-0.5848111874536,1.1066357181982402,0.27758901999694635,True,False,False,False,False,False,False,False,False,False,False,False,False,False,False,False,True,False,False,False,False,False,False,False,False,False,False,True,False,False,True,False,2654
-1.386719634063892,0.8423165188693122,-0.8897323090772317,0.3870568033379096,-1.2656345517088676,-0.3468159221914476,0.550091330203359,False,False,False,False,False,False,False,True,False,False,False,False,False,False,False,False,False,False,True,False,False,False,False,True,False,False,False,False,False,False,True,False,1247
-1.386719634063892,-1.542385558805332,1.0830936044814592,-1.5990607105605075,-0.33642681046808215,1.6936065729710001,-1.4936759963447361,False,False,False,False,False,False,False,False,False,False,False,False,False,True,False,True,False,False,False,False,False,False,False,True,False,False,False,False,False,False,True,False,1307
-1.4929545396356918,-1.065445143270403,1.576300082871132,-1.668505378878634,1.732847351756591,-0.1232079775161108,0.550091330203359,False,False,False,False,False,True,False,False,False,False,False,False,False,False,False,False,False,False,False,False,False,False,True,True,False,False,False,False,True,False,False,False,2491
-0.749310200633094,0.06728834362505293,1.7041684291203063,0.24816746670165668,-0.9547073459859897,0.1563019533280602,0.9588447955129781,False,False,False,False,False,False,False,False,False,False,False,True,False,False,False,False,False,False,False,False,False,False,True,False,False,False,True,False,True,False,False,False,2462
1.1098006468734005,0.3653761033343834,1.2474957639446835,0.9148362825556707,0.4230218241998677,0.07244897407480952,-0.5399179106222917,False,False,False,False,False,False,False,False,True,False,False,False,False,False,False,False,False,False,False,True,False,False,False,False,False,True,False,False,False,False,False,True,4944
1.4019466371958498,1.5279183662007725,-1.4012056940739293,0.9009473488920455,-0.21670196688513507,-0.6542768461200351,-0.13116444531267268,False,False,False,True,False,False,False,False,False,False,False,False,False,False,False,False,False,False,False,False,False,False,False,False,False,False,False,True,False,False,False,False,2508
-0.8555451062048937,-0.7375486075901394,-1.2916042544317798,1.7065055013823125,-1.5050842388747625,-1.506782135194755,-1.2211736861383233,False,False,False,False,False,False,False,False,False,False,False,False,True,False,False,True,False,False,False,False,False,False,False,False,False,False,True,False,False,False,False,True,2007
-1.4929545396356918,1.4086832623170402,-0.6522625231859077,-0.18238947687072743,-0.02013879085343015,1.358194655957995,0.005086709790533665,False,False,False,False,True,False,False,False,False,False,False,False,False,False,False,False,False,False,False,False,False,True,False,False,True,False,False,False,False,True,False,False,67434
1.4816228163746996,-1.1846802471541351,-0.5609279901507832,-1.4046156392697533,0.7428837197423694,1.0367582354871978,-1.2211736861383233,False,False,False,False,False,False,False,False,True,False,False,False,False,False,False,False,False,False,False,False,False,False,True,False,False,False,False,True,True,False,False,False,3848
1.29571173162405,-0.022137984287746222,0.26108280716533805,-1.5573939095696314,0.06920810734279925,-1.2831741905194196,-0.8124202208287044,False,False,False,False,False,False,False,False,False,False,False,False,False,True,False,False,False,False,False,True,False,False,False,False,False,False,False,False,False,False,True,False,4633
-1.731983077172241,-1.4827680068634657,-0.3965258306875589,1.6092829657369354,1.3486556895128037,0.938929759691739,0.14133786489374,False,False,False,False,False,True,False,False,False,False,False,False,False,False,False,False,True,False,False,False,False,False,False,False,False,False,False,True,True,False,False,False,2828
-1.4398370868497918,-0.3202257439970767,-0.04945460515408554,-1.3073931036243762,-0.7295531625314914,0.4078608910878135,-0.5399179106222917,False,False,False,False,False,False,False,False,False,False,True,False,False,False,False,False,False,False,False,False,False,False,True,False,False,False,False,True,False,False,True,False,2873
0.977007014908651,1.6769622460554376,-0.378258924080534,-0.9046140273792427,-1.4514760999570253,-0.3468159221914476,1.367598260822597,False,False,False,False,False,True,False,False,False,False,False,False,False,False,False,False,False,False,False,True,False,False,False,True,False,False,False,False,False,True,False,False,6077
-1.6523068979933913,0.693272639014647,-0.4147927372945838,1.4148378944461815,1.5791706868590765,-0.8778847907953718,-1.6299271514479423,False,False,False,False,False,False,False,False,False,False,False,False,False,False,False,False,False,False,False,False,False,False,True,False,False,False,False,True,False,True,False,False,2208
0.8442133829439014,-0.5288871757936081,-1.1454690015755804,-1.112948032333622,-0.41147820495291515,1.2324151870781181,-1.6299271514479423,False,False,False,False,False,True,False,False,False,False,False,False,False,False,False,False,False,False,False,False,True,False,False,False,False,False,False,False,True,False,False,False,1839
1.0566831940875008,-0.3202257439970767,0.18801518073723836,-0.446279216479608,0.2943622907972976,0.6733953253897762,0.9588447955129781,False,False,False,False,False,False,False,False,False,False,False,False,False,False,False,False,False,False,False,False,False,False,True,False,False,False,False,False,False,False,True,False,4235
0.4989499398355524,-0.4096520719098759,1.0648266978744343,-1.2796152362971256,1.0627456152848704,0.14232645678585196,-1.2211736861383233,False,False,False,False,False,False,False,False,False,False,False,True,False,False,False,False,False,False,False,False,True,False,False,False,False,True,False,False,False,True,False,False,1738
1.4550640899817495,1.4086832623170402,-1.1089351883615306,0.9148362825556707,-0.6026805670928461,0.3519589049189793,-1.6299271514479423,False,False,False,False,False,False,False,False,False,False,True,False,False,False,False,False,False,False,False,False,False,False,True,False,False,False,False,True,False,False,False,True,4215
0.41927376065670263,-1.0058275913285368,-0.1225222315821852,1.012058818201048,0.7929179827322569,-1.4508801490259209,1.2313471057193908,False,False,False,False,True,False,False,False,False,False,False,False,False,False,False,False,False,False,False,True,False,False,False,True,False,False,False,False,False,False,False,True,4314
-1.2539260020991425,0.5740375351309148,-0.6522625231859077,-0.7101689560884886,-1.2763561794924156,-0.1232079775161108,-0.4036667555190854,False,False,True,False,False,False,False,False,False,False,False,False,False,False,False,False,False,False,False,True,False,False,False,False,False,False,False,True,False,False,True,False,4636
1.6940926275182988,1.4683008142589062,0.29761662037938785,-0.05738907389809978,-0.720618472711869,-1.1014927354707074,-1.4936759963447361,False,False,False,False,False,False,False,False,False,False,False,False,False,True,False,False,True,False,False,False,False,False,False,False,True,False,False,False,True,False,False,False,2819
-1.4398370868497918,-1.0058275913285368,-1.5290740403231038,1.6509497667278115,-1.2424043581778483,-1.0455907493018746,1.0950959506161844,False,False,False,False,False,False,False,False,False,False,False,False,False,False,False,False,False,False,False,False,True,False,False,False,True,False,False,False,False,True,False,False,2568
0.3927150342637527,-1.1846802471541351,-1.1272020949685555,1.6926165677186873,1.1324361958779297,0.5336403599676913,1.5038494159258033,False,False,False,True,False,False,False,False,False,False,False,False,False,False,False,False,True,False,False,False,False,False,False,True,False,False,False,False,True,False,False,False,3429
0.20680394951310327,-0.5885047277354742,-0.3965258306875589,-0.6129464204431115,-0.9654289737695371,1.414096642126829,0.27758901999694635,False,False,False,False,False,True,False,False,False,False,False,False,False,False,False,True,False,False,False,False,False,False,False,False,False,True,False,False,False,False,False,True,1577
0.8442133829439014,0.6038463111018478,0.8090900053760854,-1.4185045729333785,0.7982787966240308,-0.36079141873365583,-1.3574248412415297,False,False,False,False,False,True,False,False,False,False,False,False,False,False,False,False,False,False,False,False,False,False,True,False,False,True,False,False,False,True,False,False,2293
-1.5991894452074915,0.6336550870727808,-1.456006413895004,-0.9740586956973691,1.6024008803900953,-1.0455907493018746,1.6401005710290097,False,False,False,True,False,False,False,False,False,False,False,False,False,False,False,False,False,False,False,False,False,False,False,False,False,False,False,False,True,False,False,False,2143
1.5612989955535492,-0.9462100393866708,1.7041684291203063,-1.3212820372880014,0.12102930829661214,0.4917138703410654,1.367598260822597,False,False,False,False,True,False,False,False,False,False,False,False,False,False,False,False,False,False,False,False,True,False,False,False,False,False,False,False,False,False,False,False,2693
-0.40404675752474495,1.3490657103751742,0.699488565733936,-0.8907250937156174,0.16570275739472684,1.2743416767047429,-0.5399179106222917,False,False,False,False,False,False,False,True,False,False,False,False,False,False,False,False,False,False,False,True,False,False,False,False,False,False,True,False,False,False,True,False,4128
-1.466395813242742,0.4548024312471826,-1.054134468540456,-1.5990607105605075,-0.11663344090535775,0.8411012838962788,0.550091330203359,False,False,False,False,False,False,False,False,False,False,False,True,False,False,False,False,False,False,False,True,False,False,False,True,False,False,False,False,False,False,True,False,3243
1.6144164483394492,0.12690589556691903,-1.3098711610388047,-0.8907250937156174,-0.5973197532010721,1.2603661801625348,1.0950959506161844,False,False,False,False,False,False,True,False,False,False,False,False,False,False,False,False,False,False,False,False,False,False,True,False,False,False,False,True,False,False,False,False,3633
0.18024522312015334,0.2759497754215843,-0.5243941769367333,-0.6962800224248633,-0.06481223995154485,0.100399967159226,0.005086709790533665,False,False,True,False,False,False,False,False,False,False,False,False,False,False,False,True,False,False,False,False,False,False,False,True,False,False,False,False,False,False,False,True,1689
-1.7054243507792912,1.6769622460554376,0.04187992788103904,-0.4879460174704839,0.38907000288530036,0.8550767804384871,-1.3574248412415297,False,False,False,False,False,False,False,False,False,False,False,False,True,False,False,True,False,False,False,False,False,False,False,False,False,False,True,False,False,True,False,False,1148
-1.5460719924215915,-1.1846802471541351,1.594566989478157,-1.7518389808603856,1.7542906073236857,-1.2831741905194196,-1.2211736861383233,True,False,False,False,False,False,False,False,False,False,False,False,False,False,False,False,False,False,False,False,False,False,False,False,False,False,False,False,False,False,True,False,1762
1.5347402691605994,-0.9164012634157378,-1.0724013751474808,0.7203912112649167,1.582744562786925,-0.556448370324575,-1.2211736861383233,False,False,False,False,False,False,False,False,False,False,False,False,False,False,False,False,False,False,False,False,False,False,True,True,False,False,False,False,False,False,False,False,3745
-0.3509293047388451,0.7826989669274461,0.5168194996636868,-0.7935025580702404,1.3129169302343127,-0.41669340490249,-0.26741560041587903,False,False,False,True,False,False,False,False,False,False,False,False,False,False,False,False,False,False,False,False,False,False,True,True,False,False,False,False,False,False,False,False,3983
-1.4929545396356918,1.5577271421717054,1.2840295771587333,0.12316706372902904,1.4094115802862401,0.01654698790597532,-0.8124202208287044,True,False,False,False,False,False,False,False,False,False,False,False,False,False,False,False,False,False,False,False,False,False,True,False,False,False,False,False,False,False,False,True,1937
1.2160355524452002,0.5740375351309148,-1.4194726006809542,0.9565030835465467,-0.09161630941041342,1.4699986282956632,-0.26741560041587903,False,False,False,False,False,False,False,False,False,False,True,False,False,False,False,False,True,False,False,False,False,False,False,False,False,False,True,False,False,False,False,True,4125
-1.5460719924215915,-0.7673573835610725,0.49855259305666194,0.08150026273815315,0.5838462409530804,1.2883171732469525,1.5038494159258033,False,False,False,False,True,False,False,False,False,False,False,False,False,False,True,False,False,False,False,False,False,False,False,False,False,False,False,False,True,False,False,False,1160
-0.8024276534189938,1.5875359181426385,0.060146834488063954,1.248170690482678,1.4308548358533348,-1.2971496870616277,-0.26741560041587903,False,False,False,False,False,False,False,False,False,False,False,False,False,False,False,False,False,False,False,False,False,False,True,False,False,True,False,False,False,False,True,False,2447
1.0566831940875008,-1.4529592308925328,-1.5838747601441785,-0.5712796194522356,-0.35787006603517735,-1.1713702181817511,-0.4036667555190854,False,False,False,False,False,False,True,False,False,False,False,False,False,False,False,False,False,False,False,True,False,False,False,False,False,False,False,True,True,False,False,False,4977
-1.386719634063892,0.7230814149855801,0.29761662037938785,1.2898374914735538,1.668517585055306,-0.5284973772401584,-1.084922531035117,True,False,False,False,False,False,False,False,False,False,False,False,False,False,False,False,False,True,False,False,False,False,False,False,False,False,False,False,False,False,False,False,949
0.5255086662285023,-0.8567837114738717,0.07841374109508886,-1.2240595016426246,-0.27745785765857106,-0.752105321915494,0.005086709790533665,False,False,False,False,False,False,False,False,False,False,True,False,False,False,False,True,False,False,False,False,False,False,False,False,False,False,True,False,False,True,False,False,1873
-0.4306054839176949,-1.095253919241336,-1.1089351883615306,-1.4462824402606291,0.383709188993527,0.379909898003397,-0.13116444531267268,False,False,False,False,False,False,False,False,True,False,False,False,False,False,False,False,False,False,False,False,False,False,True,False,True,False,False,False,False,True,False,False,3822
-1.2273672757061924,-1.661620662689064,1.594566989478157,-0.8212804253974909,0.769687789201238,1.3861456490424113,-0.4036667555190854,False,False,False,False,False,False,False,False,False,False,False,False,False,True,False,False,False,False,False,False,False,False,True,False,False,True,False,False,False,False,False,True,3758
0.5520673926214522,1.259639382462375,-0.17732295140325996,0.734280144928542,1.6274180118850397,1.59577809717554,-0.8124202208287044,False,False,False,False,False,True,False,False,False,False,False,False,False,False,False,False,False,False,False,True,False,False,False,False,True,False,False,False,False,True,False,False,4145
1.667533901125349,1.378874486346107,1.1561612309095588,-1.7101721798695098,-0.8868037033568555,0.5056893668832736,0.8225936404097717,False,False,False,False,False,False,False,False,True,False,False,False,False,False,False,False,False,False,False,False,False,False,True,False,False,False,False,False,False,True,False,False,2936
-0.749310200633094,0.693272639014647,0.4620187798426121,-0.015722272907223903,0.9001342605677324,1.1625377043670746,0.8225936404097717,False,False,False,False,False,False,False,False,False,False,False,False,False,False,False,False,False,False,False,True,False,False,False,False,False,True,False,False,False,True,False,False,5821
-0.5899578422753944,0.4846112072181156,-0.2503905778313596,0.6648354766104155,0.09779911476559268,0.058473477532600036,0.8225936404097717,False,False,False,False,False,False,True,False,False,False,False,False,False,False,False,False,False,False,False,False,False,True,False,False,False,False,False,True,False,False,False,False,64194
0.5255086662285023,-0.3202257439970767,-0.26865748443838455,-1.4740603075878798,-0.8010306810884753,-1.0455907493018746,-0.13116444531267268,False,False,True,False,False,False,False,False,False,False,False,False,False,False,False,False,True,False,False,False,False,False,False,False,False,False,False,False,False,True,False,False,3758
-0.5899578422753944,-1.691429438659997,0.9917590714463347,1.4148378944461815,1.0091374763671321,0.058473477532600036,0.9588447955129781,True,False,False,False,False,False,False,False,False,False,False,False,False,False,False,False,False,False,False,False,False,False,True,False,False,False,False,True,False,True,False,False,2223
0.20680394951310327,0.5144199831890487,0.26108280716533805,0.7898358795830431,0.20858926852891732,0.17027744987026844,1.2313471057193908,False,False,False,False,False,False,False,False,False,False,False,True,False,False,False,False,False,False,False,False,False,False,False,True,False,False,False,False,False,True,False,False,2456
1.4019466371958498,-0.14137308817147842,0.6081540326988114,-0.3073898798433551,0.5963548067005525,0.8271257873540706,0.27758901999694635,False,False,False,False,False,False,False,False,False,False,False,False,False,True,False,False,False,False,False,True,False,False,False,False,True,False,False,False,True,False,False,False,4337
1.4816228163746996,-1.5721943347762648,-1.4194726006809542,-0.8490582927247415,-0.6080413809846195,-1.0036642596752485,-1.084922531035117,False,False,False,False,False,False,False,False,False,False,False,False,False,False,False,False,False,False,False,True,False,False,False,False,False,True,False,False,False,False,False,False,5934
-0.40404675752474495,1.4384920382879733,0.7542892855550107,0.8315026805739191,-0.04336898438444962,-0.48657088761353245,1.5038494159258033,False,False,False,False,True,False,False,False,False,False,False,False,False,False,False,False,False,False,False,False,True,False,False,False,False,False,False,True,False,False,False,True,2663
-0.749310200633094,-0.5586959517645411,-0.3599920174735091,-1.668505378878634,0.44089120383911323,-0.5005463841557407,0.14133786489374,False,False,False,True,False,False,False,False,False,False,False,False,False,False,False,False,False,False,True,False,False,False,False,False,False,False,True,False,True,False,False,False,826
-0.40404675752474495,1.4683008142589062,0.15148136752318853,-1.0851701650063714,-0.31677049286491177,1.5818026006333317,-0.13116444531267268,False,False,False,False,False,False,False,False,False,False,False,True,False,False,True,False,False,False,False,False,False,False,False,False,False,False,False,True,False,False,True,False,1801
-1.4929545396356918,1.0211691746949105,0.09668064770211378,-1.5435049759060062,-1.0512019960379173,-0.2210364533115697,1.0950959506161844,False,False,False,False,False,False,False,False,False,False,False,True,False,False,False,True,False,False,False,False,False,False,False,False,False,False,True,False,False,False,False,False,1422
1.4285053635887996,1.0509779506658437,1.338830296979808,0.24816746670165668,1.668517585055306,0.8690522769806953,-0.26741560041587903,False,False,False,False,False,False,False,False,False,False,False,True,False,False,False,False,False,False,False,False,True,False,False,False,False,False,False,False,False,False,False,False,1764
0.10056904394130357,-1.691429438659997,-1.2185366280036802,-0.5990574867794862,0.06384729345102529,0.8550767804384871,-1.084922531035117,False,True,False,False,False,False,False,False,False,False,False,False,False,False,False,False,True,False,False,False,False,False,False,False,False,True,False,False,False,False,True,False,3796
0.4989499398355524,0.42499365527624955,-0.01292079194003571,1.7065055013823125,0.8554608114696177,-0.8499337977109541,0.4138401751001527,False,False,False,False,False,False,False,False,False,False,False,False,False,False,False,True,False,False,False,False,False,False,False,False,False,False,False,True,False,False,True,False,1957
-0.2446943991670454,1.5577271421717054,0.5898871260917865,-0.5573906857886104,-0.2935402993338923,0.22617943603910265,0.6863424853065654,False,False,False,False,False,False,False,False,False,False,False,False,False,True,True,False,False,False,False,False,False,False,False,False,False,False,False,True,False,False,True,False,1273
1.587857721946499,-1.691429438659997,1.576300082871132,-0.4046124154887321,-0.4936773512934457,1.358194655957995,-0.13116444531267268,False,False,False,False,False,True,False,False,False,False,False,False,False,False,False,False,False,False,False,False,True,False,False,False,False,True,False,False,False,False,False,True,2019
-0.722751474240144,1.0211691746949105,-0.3599920174735091,-0.7240578897521139,-0.3078358030452887,-0.10923248097390131,-1.084922531035117,False,False,False,False,False,True,False,False,False,False,False,False,False,False,False,False,False,False,False,False,True,False,False,False,False,False,False,True,False,True,False,False,2755
-0.8821038325978435,1.1404042785786428,0.5533533128777367,-1.293504169960751,-0.3006880511895905,1.5259006144644975,0.4138401751001527,False,False,False,False,False,False,False,False,False,False,False,False,False,False,False,False,False,False,False,True,False,False,False,False,False,False,True,False,False,False,False,False,5110
-1.2804847284920924,0.4548024312471826,-0.7253301496140074,0.47039040531966136,0.17999826110612388,-1.0176397562174568,-0.13116444531267268,False,False,False,False,False,False,False,False,False,False,True,False,False,False,False,False,True,False,False,False,False,False,False,False,False,False,False,True,False,True,False,False,3551
-0.2446943991670454,1.170213054549576,1.6676346159062565,-1.4046156392697533,0.178211323142199,-1.506782135194755,1.367598260822597,False,True,False,False,False,False,False,False,False,False,False,False,False,False,False,False,False,False,False,False,False,False,True,False,True,False,False,False,False,True,False,False,2070
0.7910959301580015,1.4683008142589062,1.7224353357273312,-0.8490582927247415,0.012026092497212383,1.3442191594157866,-1.4936759963447361,False,False,False,True,False,False,False,False,False,False,False,False,False,False,False,False,False,False,False,True,False,False,False,False,False,False,False,False,False,False,True,False,5463
-0.48372293670359473,-0.11156431220054537,-0.26865748443838455,-0.029611206570849195,-1.2781431174563398,1.1904886974514923,-0.9486713759319108,False,False,False,False,False,False,False,False,False,False,False,True,False,False,False,False,True,False,False,False,False,False,False,True,False,False,False,False,False,False,False,True,2392
-0.6430752950612942,0.3951848793053165,-0.01292079194003571,-0.8907250937156174,0.008452216569363282,1.6936065729710001,1.367598260822597,False,False,False,False,False,False,False,False,False,False,False,True,False,False,False,False,False,False,False,False,True,False,False,False,False,False,True,False,True,False,False,False,2770
-1.041456190955543,1.259639382462375,1.7041684291203063,-0.5573906857886104,-1.156631335909468,0.6035178426787338,1.0950959506161844,False,False,False,False,False,False,False,False,False,False,False,False,False,False,False,False,False,False,False,False,False,False,True,False,True,False,False,False,False,False,False,True,1820
0.20680394951310327,0.037479567654119875,-0.08598841836813537,-1.196281634315374,-1.3085210628430581,1.4979496213800798,1.6401005710290097,False,False,False,False,False,False,False,False,False,False,True,False,False,False,False,False,False,False,True,False,False,False,False,False,False,False,False,False,False,True,False,False,887
1.1629180996593005,1.1404042785786428,-1.456006413895004,1.2065038894918019,1.5648751831476788,1.12061121474045,-1.2211736861383233,False,False,False,False,False,True,False,False,False,False,False,False,False,False,False,False,False,False,False,True,False,False,False,False,False,True,False,False,False,False,False,True,5318
-0.9086625589907935,1.5577271421717054,-0.9079992156842566,0.8176137469102938,0.3962177547409985,1.176513200909284,0.005086709790533665,False,False,False,False,False,True,False,False,False,False,False,False,False,False,False,True,False,False,False,False,False,False,False,False,False,False,True,False,False,False,True,False,2094
-1.068014917348493,-1.5721943347762648,-0.30519129765243436,-0.4046124154887321,0.5909939928087792,0.2122039394968944,-0.4036667555190854,False,False,False,False,False,False,True,False,False,False,False,False,False,False,False,False,False,False,False,True,False,False,False,True,False,False,False,False,True,False,False,False,5060
-1.0945736437414428,1.4683008142589062,-0.7618639628280572,-0.04350014023447449,-0.32749212064845906,-0.43066890144469827,0.550091330203359,False,False,False,False,False,False,False,False,False,False,False,False,False,False,False,False,False,False,False,False,False,False,True,False,False,False,False,False,False,False,True,False,2513
0.2333626759060532,1.3490657103751742,-1.3464049742528545,-0.6685021550976127,1.4808890988432235,1.4979496213800798,0.14133786489374,False,True,False,False,False,False,False,False,False,False,False,False,False,False,False,False,False,False,False,True,False,False,False,True,False,False,False,False,True,False,False,False,4854
-1.1476910965273428,1.4981095902298394,1.0282928846603845,-1.6268385778877579,0.5141556603600214,-0.26296294293819567,1.5038494159258033,False,False,False,False,False,False,False,True,False,False,False,False,False,False,True,False,False,False,False,False,False,False,False,False,False,True,False,False,False,True,False,False,1737
-0.2446943991670454,-1.1846802471541351,0.5350864062707118,-1.5573939095696314,0.9823334069082635,0.11437546370143424,0.27758901999694635,False,True,False,False,False,False,False,False,False,False,False,False,False,False,True,False,False,False,False,False,False,False,False,False,False,True,False,False,True,False,False,False,848
1.587857721946499,1.1105955026077097,-1.25507044121773,-1.1823927006517485,-0.4454300262674819,-0.20706095676936148,-0.6761690657254981,False,False,False,False,True,False,False,False,False,False,False,False,False,False,True,False,False,False,False,False,False,False,False,False,False,False,True,False,True,False,False,False,1764
0.5520673926214522,-0.9462100393866708,-1.2185366280036802,-0.47405708380685857,1.6613698331996065,0.19822844295468617,1.367598260822597,False,False,False,False,False,True,False,False,False,False,False,False,False,False,False,False,False,True,False,False,False,False,False,False,False,False,False,True,True,False,False,False,1830
-0.9352212853837434,-1.7212382146309302,1.4666986432289824,0.8037248132466684,1.1646010792285721,-0.1232079775161108,1.5038494159258033,False,False,False,False,False,True,False,False,False,False,False,False,False,False,False,False,False,False,False,False,False,True,False,False,False,True,False,False,False,False,False,True,56090
-0.058783314416395956,1.4384920382879733,1.1561612309095588,1.2203928231554273,1.2843259228115185,-1.6046106109902152,0.6863424853065654,False,False,False,False,False,False,False,False,True,False,False,False,False,False,True,False,False,False,False,False,False,False,False,False,False,False,False,False,False,False,False,True,1278
-0.8821038325978435,-0.7673573835610725,0.49855259305666194,-1.529616042242381,-1.1459097081259206,1.316268166331369,-1.3574248412415297,False,False,False,False,False,True,False,False,False,False,False,False,False,False,True,False,False,False,False,False,False,False,False,False,False,False,False,True,False,True,False,False,1210
-1.7054243507792912,-0.5586959517645411,-0.19558985801028486,0.8453916142375443,-0.7938829292327764,-0.2210364533115697,1.6401005710290097,False,False,False,True,False,False,False,False,False,False,False,False,False,False,False,False,False,False,False,False,False,True,False,False,True,False,False,False,True,False,False,False,57984
-1.2804847284920924,-0.7971661595320055,0.13321446091616362,-1.6407275115513833,-0.7402747903150393,0.28208142220793686,0.550091330203359,False,False,False,False,False,False,False,False,False,False,False,False,True,False,True,False,False,False,False,False,False,False,False,True,False,False,False,False,False,False,False,False,1343
0.4723912134426025,0.30575855139251734,1.1744281375165837,-0.18238947687072743,-0.7938829292327764,-1.2831741905194196,1.5038494159258033,False,False,False,False,False,False,False,False,False,False,False,False,False,False,False,True,False,False,False,False,False,False,False,False,False,False,False,True,False,True,False,False,2126
-0.8289863798119437,-1.2442977990960014,-1.3829387874669044,-1.2657263026335004,1.2896867367032925,-1.7583410729545095,1.5038494159258033,True,False,False,False,False,False,False,False,False,False,False,False,False,False,False,False,False,False,True,False,False,False,False,True,False,False,False,False,True,False,False,False,1123
1.2691530052311002,-1.5125767828343988,-0.4513265505086337,1.0259477518646731,-1.6444654000608805,-0.9198112804219966,-0.8124202208287044,False,True,False,False,False,False,False,False,False,False,False,False,False,False,False,True,False,False,False,False,False,False,False,False,False,False,False,True,True,False,False,False,1524
1.1629180996593005,-0.051946760258679274,-0.8897323090772317,1.1231702875100502,-1.487214859235517,0.6873708219319845,0.005086709790533665,False,False,False,False,False,False,False,False,False,False,False,False,True,False,False,False,True,False,False,False,False,False,False,False,True,False,False,False,False,False,False,True,3839
0.5786261190144022,-0.49907839982267505,-0.5791948967578081,-1.2657263026335004,-0.7831613014492291,-1.4229291559415045,0.4138401751001527,False,False,False,False,False,False,False,False,False,False,True,False,False,False,False,False,False,False,True,False,False,False,False,False,False,True,False,False,False,True,False,False,1253
0.15368649672720341,1.170213054549576,0.5533533128777367,-1.0990590986699968,-1.0458411821461433,1.4001211455846196,-1.084922531035117,False,False,False,False,False,False,False,True,False,False,False,False,False,False,False,False,False,False,False,False,False,False,True,False,True,False,False,False,True,False,False,False,4193
1.5612989955535492,-1.4827680068634657,0.005346114666989206,-1.057392297679121,-0.9332640904188945,-1.0176397562174568,-1.2211736861383233,False,False,False,True,False,False,False,False,False,False,False,False,False,False,False,False,False,False,False,False,True,False,False,False,False,True,False,False,True,False,False,False,1856
-0.9617800117766933,0.8423165188693122,-0.34172511086648416,-0.4185013491523574,1.0841888708519651,-1.0595662458440827,-0.4036667555190854,False,False,False,False,False,False,False,False,False,False,False,False,False,True,False,True,False,False,False,False,False,False,False,False,False,True,False,False,False,True,False,False,1917
-0.3509293047388451,-0.7077398316192064,1.101360511088484,-0.11294480855260096,0.24790190373525803,-1.1434192250973334,0.005086709790533665,False,False,False,False,False,False,False,False,False,True,False,False,False,False,False,False,False,False,False,False,False,False,False,True,False,False,False,False,False,False,False,False,3350
0.5520673926214522,1.6471534700845045,-0.4695934571156586,-0.446279216479608,-1.737386174184959,-1.730390079870092,-0.4036667555190854,False,True,False,False,False,False,False,False,False,False,False,False,False,False,False,False,False,False,False,False,False,False,False,False,False,False,False,False,False,True,False,False,2782
-1.413278360456842,0.3653761033343834,0.3341504335934377,-0.7935025580702404,-0.22921053263260724,0.9249542631495296,0.14133786489374,False,False,False,False,False,False,False,False,False,False,False,False,True,False,False,False,False,False,False,False,False,True,False,False,True,False,False,False,False,True,False,False,67301
-0.6961927478471941,0.6038463111018478,-1.656942386572278,-0.7379468234157391,-0.3060488650813645,1.2883171732469525,1.2313471057193908,False,False,False,False,False,False,False,False,False,False,False,False,False,True,True,False,False,False,False,False,False,False,False,False,False,False,False,True,False,False,False,False,1133
0.6051848454073521,-0.1711818641424115,-0.06772151176111045,-0.6546132214339874,-1.3531945119411728,0.379909898003397,-0.13116444531267268,False,False,False,False,False,False,False,True,False,False,False,False,False,False,False,False,False,False,False,False,False,True,False,False,True,False,False,False,False,True,False,False,84470
0.04745159115540373,-0.14137308817147842,1.5397662696570822,-0.8212804253974909,0.6499629456182904,-1.115468232012917,-1.6299271514479423,False,False,False,False,False,False,False,False,True,False,False,False,False,False,False,False,False,True,False,False,False,False,False,True,False,False,False,False,True,False,False,False,1112
-0.6430752950612942,0.7528901909565131,-1.2185366280036802,1.6509497667278115,0.7428837197423694,-0.7800563149999117,1.0950959506161844,False,False,False,False,False,False,False,False,False,False,False,False,False,True,False,False,False,False,False,True,False,False,False,False,False,True,False,False,False,True,False,False,6192
0.7379784773721016,1.6471534700845045,0.1149475543091387,0.31761213501978314,0.8090004244075788,-0.10923248097390131,0.9588447955129781,False,False,False,True,False,False,False,False,False,False,False,False,False,False,False,False,False,True,False,False,False,False,False,True,False,False,False,False,False,False,False,False,1702
-1.2539260020991425,-1.0058275913285368,-1.200269721396655,-0.6962800224248633,0.8375914318303715,1.5678271040911222,0.9588447955129781,False,False,False,True,False,False,False,False,False,False,False,False,False,False,False,False,False,False,False,False,False,False,False,False,False,False,True,False,False,False,True,False,2217
-1.1476910965273428,0.24614099945065124,-0.06772151176111045,1.1231702875100502,-1.7588294297520544,-0.9058357838797884,-0.8124202208287044,True,False,False,False,False,False,False,False,False,False,False,False,False,False,False,False,True,False,False,False,False,False,False,False,False,False,True,False,False,True,False,False,3044
-0.32437057834589517,0.09709711959598598,0.9734921648393098,-0.15461160954347683,1.6399265776325118,0.7851992977274447,-0.5399179106222917,False,False,False,False,False,False,False,False,True,False,False,False,False,False,False,False,False,False,False,True,False,False,False,False,False,False,False,True,False,False,False,True,3434
-0.032224588023446035,-0.11156431220054537,1.6311008026922067,1.303726425137179,1.1431578236614763,-0.23501194985377918,-0.6761690657254981,False,False,False,False,False,False,False,False,False,True,False,False,False,False,False,False,False,False,False,False,False,False,True,True,False,False,False,False,True,False,False,False,2361
-1.121132370134393,-0.37984329593894284,-1.675209293179303,-1.6823943125422591,1.4630197192039773,-0.7381298253732858,0.005086709790533665,False,False,False,False,False,False,False,False,False,False,False,False,False,False,True,False,False,False,False,False,False,False,False,False,False,False,False,True,True,False,False,False,1591
-0.8555451062048937,-1.03563636729947,1.758969148941381,0.37316786967428434,-1.7034343528703924,-0.179109963684945,0.14133786489374,False,False,False,False,False,False,False,False,False,False,False,False,False,True,False,False,False,False,False,True,False,False,False,False,False,False,False,True,False,False,False,True,5118
-0.3509293047388451,1.170213054549576,0.18801518073723836,-0.7240578897521139,1.5684490590755287,-1.5207576317369644,-0.13116444531267268,False,False,False,False,False,False,False,False,True,False,False,False,False,False,False,True,False,False,False,False,False,False,False,False,False,False,True,False,False,False,False,True,1545
-1.2804847284920924,-0.37984329593894284,0.699488565733936,-0.5435017521249851,1.1270753819861556,1.0227827389449897,-0.6761690657254981,False,False,False,True,False,False,False,False,False,False,False,False,False,False,False,False,False,False,False,False,False,False,False,False,False,False,False,True,False,True,False,False,2990
-0.2446943991670454,-1.095253919241336,-0.9445330288983064,1.303726425137179,1.2235700320380831,-0.9198112804219966,1.0950959506161844,False,False,False,True,False,False,False,False,False,False,False,False,False,False,False,False,False,False,True,False,False,False,False,False,False,False,True,False,False,False,False,True,759
1.2160355524452002,-1.4231504549215996,1.3205633903727831,-1.724061113533135,-1.426458968462081,0.757248304643027,1.2313471057193908,False,False,False,False,False,False,False,False,False,False,False,False,True,False,False,False,False,False,False,False,False,True,False,False,False,True,False,False,False,False,True,False,70683
-1.6257481716004414,-0.3202257439970767,-0.7618639628280572,-1.0435033640154956,0.8733301911088638,-1.5347331282791727,0.6863424853065654,False,False,False,False,False,True,False,False,False,False,False,False,False,False,False,False,False,False,False,False,True,False,False,True,False,False,False,False,False,False,False,False,1864
-1.413278360456842,-1.5125767828343988,-1.4194726006809542,-0.7379468234157391,1.6613698331996065,1.5678271040911222,0.4138401751001527,False,False,False,False,False,False,False,False,False,True,False,False,False,False,False,True,False,False,False,False,False,False,False,False,False,False,False,True,False,False,False,True,1409
0.44583248704965256,-0.5885047277354742,-1.5473409469301287,-0.029611206570849195,0.6588976354379134,-1.1014927354707074,-0.26741560041587903,False,False,False,False,False,False,False,False,False,False,False,False,False,True,False,False,False,False,False,False,True,False,False,False,False,False,True,False,False,False,False,True,2899
-0.9883387381696432,1.4384920382879733,-0.9993337487193812,0.8453916142375443,0.2747059731941266,1.316268166331369,0.4138401751001527,True,False,False,False,False,False,False,False,False,False,False,False,False,False,False,False,True,False,False,False,False,False,False,False,True,False,False,False,False,False,True,False,3368
-1.6788656243863411,-0.7077398316192064,0.3889511534145124,0.8870584152284202,1.6113355702097192,1.0507337320294061,0.14133786489374,True,False,False,False,False,False,False,False,False,False,False,False,False,False,False,False,False,False,False,False,False,True,False,False,False,False,False,True,True,False,False,False,73332
0.631743571800302,-0.2904169680261437,-0.17732295140325996,-0.8629472263883669,-0.1809632076066428,1.609753593717748,-1.3574248412415297,False,False,False,False,False,False,False,False,False,False,False,False,False,True,False,False,False,True,False,False,False,False,False,False,False,False,False,False,True,False,False,False,1263
1.0035657413016008,-0.37984329593894284,-0.6705294297929326,-1.0435033640154956,0.3765614371378282,-0.10923248097390131,1.0950959506161844,False,False,False,False,True,False,False,False,False,False,False,False,False,False,False,False,False,False,False,False,False,False,True,False,False,True,False,False,False,True,False,False,2410
1.5081815427676495,-0.6183135037064073,1.5032324564430324,1.4981714964279331,-0.06123836402369575,0.7712238011852364,-1.4936759963447361,False,False,False,False,False,False,False,False,False,False,False,True,False,False,False,False,False,True,False,False,False,False,False,False,False,True,False,False,False,False,True,False,1083
0.2599214022990031,-1.5125767828343988,0.18801518073723836,1.2620596241463031,1.5648751831476788,-0.47259539107132426,-1.3574248412415297,False,False,False,False,False,False,False,True,False,False,False,False,False,False,False,False,False,False,False,False,False,False,False,False,True,False,False,False,False,False,False,False,3035
1.6940926275182988,-0.14137308817147842,0.8273569119831105,1.7065055013823125,-1.487214859235517,-1.129443728555125,-1.2211736861383233,True,False,False,False,False,False,False,False,False,False,False,False,False,False,False,True,False,False,False,False,False,False,False,False,False,False,True,False,False,False,False,False,2518
1.1098006468734005,-0.6481222796773403,0.16974827413021346,-0.7101689560884886,0.026321596208609417,-0.2210364533115697,1.2313471057193908,False,False,False,False,False,False,False,False,True,False,False,False,False,False,False,False,False,False,False,False,False,False,False,False,False,False,False,True,False,False,True,False,3454
0.41927376065670263,0.9615516227530445,-0.26865748443838455,0.2065006657107808,0.689275580824631,-1.1993212112661675,-1.084922531035117,False,False,False,False,False,False,False,True,False,False,False,False,False,False,False,False,False,False,False,False,False,False,True,False,False,False,True,False,False,False,False,False,2591
0.28648012869195305,0.9913603987239775,1.5397662696570822,-0.5296128184613598,1.0627456152848704,1.6656555798865824,-0.4036667555190854,False,False,False,False,False,False,False,False,True,False,False,False,False,False,False,True,False,False,False,False,False,False,False,False,False,True,False,False,True,False,False,False,1722
-1.7054243507792912,-0.5586959517645411,1.3936310168008827,-0.7657246907429898,0.3193794222922413,-1.4369046524837126,0.9588447955129781,False,False,False,False,False,False,False,False,False,False,True,False,False,False,False,False,True,False,False,False,False,False,False,False,False,False,True,False,False,False,False,False,1767
1.6144164483394492,-0.7375486075901394,-0.17732295140325996,1.4981714964279331,1.4791021608792991,0.28208142220793686,-1.4936759963447361,False,False,False,True,False,False,False,False,False,False,False,False,False,False,False,False,False,False,False,False,False,False,True,False,False,True,False,False,False,False,False,False,2319
-1.068014917348493,1.1105955026077097,-1.1454690015755804,-0.8212804253974909,1.5970400664983215,0.42183638763002296,-0.13116444531267268,False,False,False,False,False,True,False,False,False,False,False,False,False,False,False,False,True,False,False,False,False,False,False,False,False,False,True,False,False,False,True,False,2826
0.5786261190144022,0.6038463111018478,-1.6021416667512034,0.4009457370015349,-1.5301013703697068,0.11437546370143424,-1.084922531035117,False,False,False,False,False,False,False,False,False,False,False,False,True,False,False,False,False,False,False,True,False,False,False,False,True,False,False,False,False,False,True,False,5174
-1.3336021812779921,1.4683008142589062,0.480285686449637,0.9981698845374225,-0.32570518268453486,0.5476158565098996,-1.084922531035117,True,False,False,False,False,False,False,False,False,False,False,False,False,False,False,False,False,False,False,True,False,False,False,True,False,False,False,False,False,False,False,False,4078
0.18024522312015334,-1.2442977990960014,-1.1272020949685555,0.15094493105627962,-1.6748433454475988,-1.3670271697726701,1.367598260822597,False,False,False,False,False,True,False,False,False,False,False,False,False,False,False,False,False,False,False,False,False,False,True,False,True,False,False,False,False,False,False,True,3557
-0.9086625589907935,-0.7673573835610725,1.594566989478157,-0.16850054320710214,-0.5848111874536,0.17027744987026844,-1.6299271514479423,False,False,False,False,False,True,False,False,False,False,False,False,False,False,False,False,False,False,False,True,False,False,False,False,True,False,False,False,False,False,True,False,5012
-1.3601609076709422,-0.35003451996800977,-1.273337347824755,-0.9740586956973691,0.15498112961117955,-0.7660808184577035,-1.2211736861383233,False,False,False,False,False,True,False,False,False,False,False,False,False,False,False,False,False,False,False,True,False,False,False,True,False,False,False,False,False,True,False,False,3593
-1.6257481716004414,1.5279183662007725,-0.816664682649132,1.7065055013823125,1.4862499127349975,1.511925117922288,1.0950959506161844,False,False,False,False,False,False,False,False,False,False,False,True,False,False,False,False,False,False,False,True,False,False,False,True,False,False,False,False,False,True,False,False,5479
0.20680394951310327,-0.20099064011334453,0.29761662037938785,1.400948960782556,1.25752185335265,0.897003270065113,1.5038494159258033,False,False,False,False,False,False,False,True,False,False,False,False,False,False,False,False,False,False,False,False,False,False,True,False,False,False,False,True,True,False,False,False,2267
-0.377488031131795,0.6336550870727808,-0.9627999355053313,-0.8490582927247415,-1.3049471869152092,1.6237290902599564,-0.13116444531267268,False,False,False,False,False,False,False,False,True,False,False,False,False,False,False,False,False,False,False,False,True,False,False,False,False,False,False,True,False,False,False,False,2160
0.28648012869195305,1.0211691746949105,-1.5838747601441785,-0.5157238847977345,-1.426458968462081,-1.6465371006168412,-0.13116444531267268,False,False,True,False,False,False,False,False,False,False,False,False,False,False,False,False,False,False,False,True,False,False,False,False,True,False,False,False,False,False,False,True,5535
1.1629180996593005,-1.4827680068634657,-0.9993337487193812,1.637060833064186,0.34082267785933656,-0.7800563149999117,0.4138401751001527,False,False,False,False,False,False,False,False,False,False,True,False,False,False,True,False,False,False,False,False,False,False,False,False,True,False,False,False,True,False,False,False,1878
1.0566831940875008,-0.7673573835610725,1.3936310168008827,-1.0712812313427462,0.1371117499719334,-1.0875172389284993,1.5038494159258033,False,True,False,False,False,False,False,False,False,False,False,False,False,False,False,False,True,False,False,False,False,False,False,False,False,True,False,False,False,False,False,False,4393
1.6144164483394492,0.037479567654119875,0.13321446091616362,-1.5712828432332568,-0.8099653709080983,-1.730390079870092,0.550091330203359,False,False,False,False,False,True,False,False,False,False,False,False,False,False,False,False,False,False,False,False,False,True,False,False,False,True,False,False,False,False,True,False,56989
-1.5726307188145414,1.6173446941135716,-1.200269721396655,1.7065055013823125,1.4469372775286566,-0.9198112804219966,1.0950959506161844,False,False,False,False,False,False,False,False,False,False,False,False,False,False,False,False,False,False,False,True,False,False,False,False,False,False,False,True,False,True,False,False,5053
-0.6961927478471941,1.0211691746949105,-0.4330596439016088,-1.5435049759060062,1.5452188655445085,0.6035178426787338,-0.4036667555190854,False,False,False,False,False,False,False,True,False,False,False,False,False,False,False,False,False,False,False,True,False,False,False,False,False,False,False,False,False,False,False,True,4312
0.8707721093368513,0.5442287591599817,-0.6522625231859077,0.7620580122557925,-0.32391824472061,-0.9617377700486226,0.550091330203359,True,False,False,False,False,False,False,False,False,False,False,False,False,False,False,False,False,False,True,False,False,False,False,False,False,False,False,False,False,True,False,False,1226
0.4989499398355524,-1.125062695212269,-1.3829387874669044,0.6092797419559143,1.41298545621409,0.0025714913637658395,0.550091330203359,False,False,False,False,False,False,False,False,False,True,False,False,False,False,False,False,False,False,False,False,False,False,False,False,False,False,False,True,False,False,True,False,3370
-0.032224588023446035,-0.022137984287746222,-0.3965258306875589,-1.1823927006517485,-0.3900349493858199,1.3302436628735772,0.6863424853065654,True,False,False,False,False,False,False,False,False,False,False,False,False,False,False,False,False,True,False,False,False,False,False,False,False,True,False,False,False,False,False,False,1543
-1.466395813242742,0.7826989669274461,-0.834931589256157,1.1370592211736754,0.8661824392531656,0.6454443323053598,-1.4936759963447361,False,False,False,False,False,False,False,False,False,False,False,False,True,False,False,False,False,False,False,False,False,False,False,False,False,True,False,False,False,False,True,False,2922
1.1098006468734005,0.30575855139251734,-0.2503905778313596,-0.2379452115252286,-0.06302530198761998,-0.38874241181807234,1.6401005710290097,False,True,False,False,False,False,False,False,False,False,False,False,False,False,False,False,False,False,False,False,True,False,False,False,False,False,False,False,False,False,True,False,2001
-1.068014917348493,-1.4529592308925328,0.31588352698641275,-1.4601713739242546,-1.3228165665544547,-0.47259539107132426,-1.2211736861383233,False,False,True,False,False,False,False,False,False,False,False,False,False,False,True,False,False,False,False,False,False,False,False,False,False,False,True,False,False,True,False,False,1268
0.4989499398355524,-1.5721943347762648,-1.456006413895004,-0.8212804253974909,1.547005803508434,-0.179109963684945,0.8225936404097717,False,False,False,False,False,False,False,False,False,False,False,False,False,False,False,False,False,False,False,True,False,False,False,False,False,False,True,False,False,False,False,True,5049
1.5081815427676495,1.6769622460554376,0.8456238185901354,-1.5018381749151304,-0.14165057240030207,-1.1573947216395417,-0.26741560041587903,True,False,False,False,False,False,False,False,False,False,False,False,False,False,False,True,False,False,False,False,False,False,False,False,False,True,False,False,False,False,True,False,2015
0.04745159115540373,-1.3635329029797336,0.5716202194847616,-0.8490582927247415,0.8590346873974675,0.4497873807144394,0.550091330203359,False,False,True,False,False,False,False,False,False,False,False,False,False,False,False,False,False,False,False,True,False,False,False,False,False,False,True,False,False,True,False,False,5774
1.0035657413016008,0.18652344750878513,0.29761662037938785,0.5537240073014131,-0.45079084015925586,-0.5005463841557407,-0.13116444531267268,False,True,False,False,False,False,False,False,False,False,False,False,False,False,False,False,False,False,False,False,False,False,True,True,False,False,False,False,False,False,False,True,2546
0.3661563078708028,-1.1548714711832022,-0.04945460515408554,-0.7518357570793645,-1.6909257871229202,1.2044641939937004,-1.4936759963447361,False,False,False,False,False,True,False,False,False,False,False,False,False,False,False,False,False,False,False,True,False,False,False,False,False,False,False,True,False,False,False,False,4313
-0.3509293047388451,-0.051946760258679274,-0.1225222315821852,0.27594533402890725,-1.4014418369671366,0.8690522769806953,-0.9486713759319108,False,False,False,False,False,False,False,False,False,False,False,False,False,False,False,False,False,False,False,False,False,True,False,False,False,False,False,True,False,False,False,False,74473
1.0566831940875008,1.5577271421717054,-0.01292079194003571,0.2342785330380314,0.008452216569363282,0.3659344014611888,-0.5399179106222917,False,False,True,False,False,False,False,False,False,False,False,False,False,False,False,False,True,False,False,False,False,False,False,False,False,True,False,False,True,False,False,False,4301
-0.5899578422753944,-0.37984329593894284,-1.25507044121773,-1.015725496688245,0.699997208608179,-0.5005463841557407,-1.084922531035117,False,False,False,False,False,False,False,False,False,False,False,False,True,False,False,False,False,False,False,True,False,False,False,False,True,False,False,False,False,True,False,False,5452
0.631743571800302,-1.5125767828343988,-0.3599920174735091,0.359278936010659,-0.5669418078143539,-1.0455907493018746,0.9588447955129781,False,False,False,False,False,False,False,False,True,False,False,False,False,False,False,False,False,False,False,False,False,False,False,False,False,False,False,False,False,False,False,True,2499
0.9238895621227512,-1.4529592308925328,-1.6204085733582283,-0.21016734419797803,0.7196535262113494,0.938929759691739,1.0950959506161844,False,False,False,True,False,False,False,False,False,False,False,False,False,False,False,False,False,False,False,False,False,False,True,False,False,True,False,False,False,False,True,False,2142
0.8176546565509515,0.42499365527624955,0.3706842468074875,-1.5157271085787556,0.7303751539948966,-0.0673059913472766,-0.5399179106222917,False,False,False,False,False,False,False,False,True,False,False,False,False,False,False,False,False,False,False,False,False,False,False,False,False,False,True,False,False,False,False,False,2688
-1.5195132660286417,1.6173446941135716,-0.8531984958631819,0.33150106868340845,0.7500314715980677,-0.9896887631330402,1.367598260822597,False,True,False,False,False,False,False,False,False,False,False,False,False,False,False,False,False,False,False,False,True,False,False,False,False,False,False,False,False,False,False,True,1763
-1.4398370868497918,1.378874486346107,-1.3646718808598794,-0.14072267587985154,-0.0040563491781088834,-1.0875172389284993,-0.6761690657254981,False,False,False,False,False,False,False,True,False,False,False,False,False,False,False,False,False,False,True,False,False,False,False,False,True,False,False,False,False,True,False,False,1585
0.07401031754835365,0.24614099945065124,-0.9079992156842566,-0.5851685531158609,1.5005454164463938,-1.1993212112661675,0.9588447955129781,False,False,False,True,False,False,False,False,False,False,False,False,False,False,False,False,True,False,False,False,False,False,False,False,False,False,True,False,True,False,False,False,3037
-1.0148974645625932,-1.4231504549215996,1.2474957639446835,0.1648338647199049,-0.01656491492558105,0.938929759691739,-0.6761690657254981,False,False,False,False,False,False,False,False,False,False,True,False,False,False,False,False,False,False,False,False,False,False,True,True,False,False,False,False,False,False,False,False,2339
-0.2712531255599953,-1.3933416789506665,0.005346114666989206,-1.2240595016426246,-0.15415913814777424,-0.9757132665908308,1.2313471057193908,False,False,False,False,False,False,False,False,False,False,False,False,True,False,True,False,False,False,False,False,False,False,False,False,False,False,True,False,False,False,False,True,1277
0.8707721093368513,-1.4529592308925328,0.18801518073723836,-0.3073898798433551,-1.0476281201100681,0.07244897407480952,1.0950959506161844,False,False,False,False,False,False,False,False,False,False,True,False,False,False,False,False,False,False,False,True,False,False,False,True,False,False,False,False,False,False,False,True,4712
1.1629180996593005,-1.0058275913285368,0.5716202194847616,-0.8212804253974909,-0.663436457866282,-0.19308546022715323,1.367598260822597,False,False,False,False,False,False,False,False,False,False,False,True,False,False,True,False,False,False,False,False,False,False,False,False,False,False,False,False,False,False,False,True,1837
0.28648012869195305,-0.2904169680261437,-1.5108071337160789,-1.4185045729333785,-1.608726640782389,0.25413042912352035,-0.9486713759319108,False,False,False,False,False,False,False,False,False,False,False,False,False,False,True,False,False,False,False,False,False,False,False,True,False,False,False,False,False,True,False,False,937
0.977007014908651,-0.2904169680261437,-0.3599920174735091,0.8870584152284202,0.4980732186847001,1.2883171732469525,-1.3574248412415297,False,False,False,False,False,False,False,False,False,False,False,False,False,True,False,False,True,False,False,False,False,False,False,False,False,False,False,False,False,True,False,False,3011
1.0566831940875008,0.9019340708111784,1.7224353357273312,1.3453932261280548,-0.8725081996454586,1.2603661801625348,-1.084922531035117,False,False,False,True,False,False,False,False,False,False,False,False,False,False,False,False,False,False,False,True,False,False,False,False,False,False,False,False,False,True,False,False,6724
1.1363593732663506,-1.4231504549215996,-1.1272020949685555,0.4287236043287855,-0.6759450236137542,-0.19308546022715323,-0.5399179106222917,False,False,False,False,False,False,False,False,False,False,True,False,False,False,False,False,True,False,False,False,False,False,False,False,False,False,False,False,False,False,True,False,2678
1.2160355524452002,0.09709711959598598,1.1561612309095588,0.6370576092831649,0.9876942208000375,-1.7164145833278837,-0.8124202208287044,True,False,False,False,False,False,False,False,False,False,False,False,False,False,False,False,False,True,False,False,False,False,False,False,False,False,False,False,False,False,False,True,1565
-0.21813567277409548,-0.6779310556482734,-0.597461803364833,-0.05738907389809978,-0.593745877273223,-0.2769384394804039,-1.2211736861383233,False,False,False,False,False,False,False,False,False,False,True,False,False,False,False,False,False,False,False,True,False,False,False,False,False,False,False,False,False,False,False,False,4350
0.3130388550849029,-0.5885047277354742,0.699488565733936,1.2620596241463031,-0.895738393176478,0.3519589049189793,-0.8124202208287044,False,False,True,False,False,False,False,False,False,False,False,False,False,False,False,False,False,False,False,True,False,False,False,False,False,False,True,False,False,True,False,False,5476
0.2333626759060532,-0.1711818641424115,0.4620187798426121,-0.08516694122535037,-1.156631335909468,0.17027744987026844,-1.084922531035117,False,False,False,False,False,False,False,False,True,False,False,False,False,False,False,False,False,False,False,False,True,False,False,False,False,False,False,False,False,True,False,False,1585
-0.6430752950612942,0.9317428467821114,1.6493677092992316,-0.918502961042868,1.001989724511434,0.5056893668832736,-0.26741560041587903,False,False,True,False,False,False,False,False,False,False,False,False,False,False,False,False,True,False,False,False,False,False,False,False,False,False,True,False,False,False,False,True,2561
0.04745159115540373,0.5740375351309148,-1.437739507287979,-0.37683454816148154,-1.296012497095586,-1.2272722043505853,0.27758901999694635,False,False,False,False,False,False,False,False,False,False,False,True,False,False,False,False,False,False,False,False,False,False,True,False,False,False,False,False,False,True,False,False,3154
-0.8821038325978435,1.319256934404241,1.7041684291203063,-1.057392297679121,-0.14165057240030207,0.4917138703410654,-1.4936759963447361,False,False,False,True,False,False,False,False,False,False,False,False,False,False,False,False,False,False,True,False,False,False,False,True,False,False,False,False,False,False,True,False,754
0.1271277703342535,-0.08175553622961232,0.918691445018235,-0.4046124154887321,0.04776485177570401,-1.129443728555125,0.005086709790533665,False,False,False,True,False,False,False,False,False,False,False,False,False,False,False,False,False,False,False,False,False,False,False,False,False,False,False,False,False,False,True,False,2775
-0.2712531255599953,1.3490657103751742,-1.656942386572278,0.13705599739265434,0.691062518788556,0.8550767804384871,1.2313471057193908,False,False,False,False,False,False,False,False,False,False,False,True,False,False,False,False,False,False,False,True,False,False,False,False,True,False,False,False,False,True,False,False,4035
1.030124467694551,-1.7212382146309302,-1.25507044121773,1.067614552855549,0.4980732186847001,-0.5843993634089927,0.4138401751001527,False,True,False,False,False,False,False,False,False,False,False,False,False,False,True,False,False,False,False,False,False,False,False,False,False,False,False,False,False,False,False,True,1921
0.9238895621227512,-0.08175553622961232,-0.5243941769367333,-1.7379500471967604,1.1306492579140042,0.7013463184741927,-0.8124202208287044,False,False,True,False,False,False,False,False,False,False,False,False,False,False,False,False,False,False,False,False,False,False,False,False,False,False,False,False,False,False,False,True,3577
-0.40404675752474495,-1.631811886718131,0.13321446091616362,1.4287268281098067,-1.5997919509627658,-1.6046106109902152,-0.6761690657254981,False,False,False,False,False,False,True,False,False,False,False,False,False,False,False,False,False,False,False,False,False,True,False,True,False,False,False,False,False,False,False,True,57906
0.20680394951310327,-0.8567837114738717,0.3889511534145124,-1.6962832462058846,-0.7027490930726228,-0.3468159221914476,-0.9486713759319108,True,False,False,False,False,False,False,False,False,False,False,False,False,False,True,False,False,False,False,False,False,False,False,False,False,False,False,True,True,False,False,False,1046
1.4550640899817495,-1.3933416789506665,-1.25507044121773,0.8731694815647949,-0.7599311079182096,0.6873708219319845,1.5038494159258033,False,False,False,False,False,False,False,False,False,True,False,False,False,False,False,True,False,False,False,False,False,False,False,True,False,False,False,False,False,True,False,False,2387
-1.6257481716004414,-0.7077398316192064,1.137894324302534,0.970392017210172,-1.2388304822499991,-0.9757132665908308,-0.8124202208287044,False,False,False,False,False,False,False,False,True,False,False,False,False,False,False,False,False,False,False,False,False,True,False,False,True,False,False,False,False,False,False,True,76472
0.44583248704965256,0.5442287591599817,1.3205633903727831,0.734280144928542,-0.7277662245675671,1.0088072424027814,0.6863424853065654,False,False,False,True,False,False,False,False,False,False,False,False,False,False,True,False,False,False,False,False,False,False,False,False,False,False,False,True,False,False,True,False,1244
-0.40404675752474495,-0.20099064011334453,-0.031187698547060626,-0.5712796194522356,-0.6545017680466589,0.4358118841722312,1.2313471057193908,False,True,False,False,False,False,False,False,False,False,False,False,False,False,False,False,False,True,False,False,False,False,False,False,False,True,False,False,False,False,False,False,1232
-1.4929545396356918,-0.8269749355029385,1.357097203586833,0.08150026273815315,0.10137299069344177,0.28208142220793686,1.6401005710290097,False,False,False,False,False,False,False,False,False,False,False,False,False,True,False,False,False,False,False,False,False,False,True,False,False,True,False,False,False,False,False,False,1990
-1.6523068979933913,1.289448158433308,-1.2185366280036802,0.8315026805739191,0.6052894965201756,-0.5424728737823666,1.2313471057193908,True,False,False,False,False,False,False,False,False,False,False,False,False,False,False,False,False,False,False,False,True,False,False,False,True,False,False,False,False,False,False,True,1450
0.7645372037650516,1.4384920382879733,-0.5061272703297084,-0.8212804253974909,-0.4007565771693672,-0.08128148788948483,0.9588447955129781,False,False,True,False,False,False,False,False,False,False,False,False,False,False,False,False,False,False,False,False,False,False,False,True,False,False,False,False,False,False,False,False,3613
0.3661563078708028,0.8423165188693122,0.49855259305666194,-1.6407275115513833,0.805426548479729,0.31003241529235454,-0.8124202208287044,False,False,False,False,False,False,False,False,True,False,False,False,False,False,False,False,False,False,False,False,False,False,True,False,False,False,True,False,False,False,False,False,3676
-0.8024276534189938,0.2759497754215843,-1.6204085733582283,-0.47405708380685857,-0.5615809939225805,-0.1232079775161108,-1.3574248412415297,False,False,False,False,False,False,False,False,False,False,False,False,False,True,False,False,False,False,False,True,False,False,False,False,True,False,False,False,True,False,False,False,4938
-1.0945736437414428,-0.20099064011334453,1.1744281375165837,0.31761213501978314,-0.724192348639718,0.6733953253897762,-1.084922531035117,False,False,True,False,False,False,False,False,False,False,False,False,False,False,True,False,False,False,False,False,False,False,False,False,False,False,False,True,False,False,True,False,1360
0.8442133829439014,0.6336550870727808,-1.675209293179303,0.3870568033379096,0.16927663332257595,-0.26296294293819567,-1.6299271514479423,False,False,False,False,False,False,False,False,False,False,True,False,False,False,False,False,False,False,False,False,True,False,False,False,False,False,False,True,False,False,True,False,1705
0.9238895621227512,-1.542385558805332,-0.7801308694350821,0.15094493105627962,-1.6748433454475988,-1.0595662458440827,0.27758901999694635,False,False,False,False,False,False,False,False,False,False,False,False,False,True,False,False,True,False,False,False,False,False,False,False,False,False,False,False,True,False,False,False,4272
-1.5195132660286417,-1.095253919241336,0.31588352698641275,1.1231702875100502,-1.4747062934880448,-1.031615252759665,-1.3574248412415297,False,False,False,False,False,False,False,False,False,False,False,True,False,False,False,False,False,False,False,True,False,False,False,False,False,True,False,False,True,False,False,False,3387
-0.13845949359524573,1.0211691746949105,0.8456238185901354,1.484282562764308,-0.2703101058028722,-1.7583410729545095,-0.6761690657254981,False,False,False,False,True,False,False,False,False,False,False,False,False,False,False,False,False,False,False,True,False,False,False,False,False,False,False,True,False,False,False,False,4901
-0.3509293047388451,0.4846112072181156,-0.34172511086648416,-0.029611206570849195,1.6006139424261712,-0.7241543288310776,1.6401005710290097,False,True,False,False,False,False,False,False,False,False,False,False,False,False,False,False,False,False,False,False,False,True,False,False,True,False,False,False,False,True,False,False,64438
-0.08534204080934588,-0.08175553622961232,1.7224353357273312,1.484282562764308,0.8125743003354272,0.8411012838962788,-0.5399179106222917,False,False,False,False,False,False,False,False,True,False,False,False,False,False,False,False,True,False,False,False,False,False,False,False,False,False,False,True,False,False,False,False,3315
1.4550640899817495,1.1404042785786428,-0.5609279901507832,-0.918502961042868,-1.4443283481013265,1.0088072424027814,0.27758901999694635,False,False,False,False,False,True,False,False,False,False,False,False,False,False,True,False,False,False,False,False,False,False,False,False,True,False,False,False,True,False,False,False,1195
1.030124467694551,-0.022137984287746222,-0.2138567646173098,-1.057392297679121,1.25752185335265,-1.0595662458440827,-0.4036667555190854,False,False,False,False,True,False,False,False,False,False,False,False,False,False,False,False,False,False,False,False,False,False,True,False,False,False,True,False,False,False,True,False,2707
-1.6523068979933913,1.0211691746949105,1.3022964837657582,-1.6268385778877579,0.8500999975778437,1.5818026006333317,-1.4936759963447361,False,False,False,False,False,False,False,False,False,False,False,False,False,False,False,False,False,True,False,False,False,False,False,False,False,False,False,False,False,False,False,False,1705
0.7114197509791518,0.15671467153785207,-0.6705294297929326,0.09538919640177845,0.41766101030809377,-0.0114040051784424,0.9588447955129781,False,False,False,False,False,False,False,False,False,False,False,False,False,False,False,False,False,False,False,False,False,True,False,False,False,True,False,False,False,True,False,False,75508
-1.0148974645625932,1.319256934404241,0.3341504335934377,-0.9046140273792427,1.1646010792285721,1.4280721386690374,-1.084922531035117,False,False,False,False,False,False,False,False,True,False,False,False,False,False,False,False,False,False,False,True,False,False,False,False,False,False,False,True,False,False,False,False,3318
0.3661563078708028,-1.3933416789506665,-1.3098711610388047,-0.19627841053435272,-0.31855743082883664,0.7013463184741927,0.8225936404097717,False,False,False,False,False,False,False,False,False,False,False,False,False,True,False,True,False,False,False,False,False,False,False,False,True,False,False,False,False,False,False,True,2111
0.2599214022990031,-1.542385558805332,0.8821576318041852,0.08150026273815315,-0.9690028496973861,0.757248304643027,0.005086709790533665,False,False,True,False,False,False,False,False,False,False,False,False,False,False,False,True,False,False,False,False,False,False,False,True,False,False,False,False,False,False,False,False,1424
1.322270458017,-0.11156431220054537,-1.5290740403231038,-0.07127800756172507,0.06563423141495014,-1.4788311421103386,-0.26741560041587903,False,True,False,False,False,False,False,False,False,False,False,False,False,False,False,False,False,False,False,False,False,True,False,False,False,True,False,False,True,False,False,False,69722
0.07401031754835365,1.319256934404241,0.8456238185901354,0.9842809508737973,0.19608070278144515,-1.0036642596752485,-1.6299271514479423,False,False,False,False,False,False,False,False,False,True,False,False,False,False,False,False,False,False,False,False,False,False,False,False,False,False,True,False,False,False,True,False,2953
0.8442133829439014,1.4086832623170402,-0.4147927372945838,0.8870584152284202,0.15855500553902865,-1.7443655764123014,1.2313471057193908,False,False,False,False,False,False,False,False,False,False,False,False,False,False,False,False,True,False,False,False,False,False,False,False,True,False,False,False,False,False,True,False,2874
-1.731983077172241,0.09709711959598598,0.6629547525198861,-0.05738907389809978,0.2550496555909562,0.7292973115586104,0.27758901999694635,False,True,False,False,False,False,False,False,False,False,False,False,False,False,False,False,False,False,False,False,False,True,False,False,False,False,False,False,True,False,False,False,68059
0.7910959301580015,1.5875359181426385,0.4620187798426121,0.7898358795830431,1.6220571979932659,-0.5704238668667831,0.6863424853065654,False,False,False,False,False,False,False,False,False,False,False,False,False,False,False,False,False,False,False,False,False,True,False,False,False,False,False,False,False,False,False,True,79961
-1.3070434548850423,0.9317428467821114,-0.6705294297929326,0.8315026805739191,1.4558719673482792,0.9808562493183637,0.4138401751001527,False,False,False,False,False,False,False,False,False,False,True,False,False,False,True,False,False,False,False,False,False,False,False,False,False,False,True,False,True,False,False,False,2203
1.2160355524452002,1.3490657103751742,-1.1272020949685555,-0.8907250937156174,1.3611642552602758,-0.5843993634089927,-0.5399179106222917,False,False,True,False,False,False,False,False,False,False,False,False,False,False,False,False,False,False,False,False,False,False,True,False,False,False,True,False,False,False,False,False,3263
0.6583022981932519,0.42499365527624955,-1.017600655326406,-0.22405627786160331,1.0966974365994373,1.0926602216560322,-1.6299271514479423,False,False,False,False,False,False,False,False,False,False,True,False,False,False,True,False,False,False,False,False,False,False,False,False,False,False,False,False,True,False,False,False,1030
0.5786261190144022,1.378874486346107,1.5032324564430324,-0.5296128184613598,1.6024008803900953,-1.311125183603836,-0.26741560041587903,True,False,False,False,False,False,False,False,False,False,False,False,False,False,False,True,False,False,False,False,False,False,False,False,False,False,False,True,True,False,False,False,1631
0.631743571800302,1.170213054549576,-0.031187698547060626,0.8315026805739191,-1.4085895888228348,-1.1713702181817511,-0.5399179106222917,False,False,False,False,False,False,False,False,False,False,False,False,False,False,False,False,False,False,False,False,False,False,False,False,False,False,False,True,False,False,False,True,2612
-0.4571642103106448,1.4981095902298394,0.3889511534145124,-1.057392297679121,-0.8135392468359475,-0.5843993634089927,1.367598260822597,False,False,False,False,False,True,False,False,False,False,False,False,False,False,False,False,False,False,False,True,False,False,False,False,True,False,False,False,False,False,False,False,3945
-0.749310200633094,0.5442287591599817,0.6446878459128612,0.7065022776012914,0.004878340641514183,-0.3468159221914476,-0.26741560041587903,False,False,False,False,False,True,False,False,False,False,False,False,False,False,False,False,False,False,False,True,False,False,False,True,False,False,False,False,False,True,False,False,4618
-0.19157694638114556,-0.11156431220054537,1.5032324564430324,0.06761132907452785,1.25752185335265,-0.556448370324575,0.005086709790533665,False,False,False,False,False,False,False,False,False,False,True,False,False,False,True,False,False,False,False,False,False,False,False,False,True,False,False,False,False,True,False,False,1757
0.04745159115540373,-0.6779310556482734,0.5350864062707118,-0.32127881350698034,0.04061709992000581,0.897003270065113,-1.4936759963447361,False,False,False,False,False,False,False,False,False,False,False,True,False,False,False,True,False,False,False,False,False,False,False,True,False,False,False,False,False,False,True,False,1288
1.6940926275182988,0.9019340708111784,-0.4330596439016088,-0.05738907389809978,0.9072820124234305,-1.4369046524837126,0.14133786489374,False,False,False,False,True,False,False,False,False,False,False,False,False,False,False,True,False,False,False,False,False,False,False,False,False,False,True,False,True,False,False,False,1671
-0.4571642103106448,-1.03563636729947,1.7041684291203063,-1.0990590986699968,-1.2638476137449435,-0.5424728737823666,-0.9486713759319108,False,False,False,False,False,True,False,False,False,False,False,False,False,False,True,False,False,False,False,False,False,False,False,False,False,True,False,False,False,False,True,False,1452
1.587857721946499,-0.4394608478808089,-1.035867561933431,-1.3212820372880014,-0.8599996338979864,1.1485622078248663,-0.6761690657254981,False,False,False,False,False,False,False,False,False,False,False,False,False,False,False,False,True,False,False,False,False,False,False,False,True,False,False,False,False,False,False,True,3170
1.1894768260522504,-1.2442977990960014,-1.1089351883615306,-0.09905587488897566,0.8483130596139195,-1.5347331282791727,0.6863424853065654,False,False,False,False,False,False,False,False,True,False,False,False,False,False,False,True,False,False,False,False,False,False,False,False,True,False,False,False,False,True,False,False,2548
-0.48372293670359473,-1.691429438659997,-0.5243941769367333,0.7203912112649167,-1.1727137775847893,1.5259006144644975,0.4138401751001527,False,False,False,False,False,False,False,False,False,False,True,False,False,False,False,False,True,False,False,False,False,False,False,True,False,False,False,False,True,False,False,False,2891
-0.40404675752474495,-1.3635329029797336,1.4118979234079077,0.734280144928542,-0.5061859170409179,1.6796310764287905,1.0950959506161844,True,False,False,False,False,False,False,False,False,False,False,False,False,False,False,False,False,False,False,False,True,False,False,False,False,False,True,False,False,False,False,True,2644
-0.6165165686683444,-0.8269749355029385,-0.816664682649132,-0.39072348182510686,-0.8153261847998716,-1.4648556455681303,-0.13116444531267268,False,False,False,False,False,False,False,False,False,True,False,False,False,False,True,False,False,False,False,False,False,False,False,False,False,False,True,False,False,False,False,True,1982
0.8442133829439014,1.0211691746949105,-0.2138567646173098,-0.7379468234157391,-0.5115467309326919,-0.752105321915494,-0.26741560041587903,False,False,False,False,False,False,False,False,False,True,False,False,False,False,False,True,False,False,False,False,False,False,False,True,False,False,False,False,True,False,False,False,2307
1.5347402691605994,1.6471534700845045,1.1926950441236086,-1.293504169960751,0.764326975309464,-0.47259539107132426,-0.9486713759319108,False,False,False,False,False,False,False,True,False,False,False,False,False,False,False,False,False,False,False,True,False,False,False,False,False,False,True,False,False,False,False,True,3717
0.3661563078708028,-0.9164012634157378,1.0282928846603845,0.5120572063105373,-0.449003902195331,0.938929759691739,-1.3574248412415297,False,False,False,False,True,False,False,False,False,False,False,False,False,False,False,False,True,False,False,False,False,False,False,False,False,False,False,False,True,False,False,False,4302
1.1894768260522504,0.037479567654119875,-0.597461803364833,-0.7935025580702404,0.21931089631246461,0.31003241529235454,0.14133786489374,False,False,False,False,False,False,False,False,False,False,False,False,False,True,False,False,False,False,False,False,False,False,True,False,False,False,False,True,True,False,False,False,2392
-1.041456190955543,-0.9462100393866708,0.8821576318041852,0.6092797419559143,-1.403228774931061,0.47773837379885714,-1.4936759963447361,False,False,True,False,False,False,False,False,False,False,False,False,False,False,False,False,False,False,False,False,False,False,True,False,False,False,False,False,False,False,False,False,1798
1.2425942788381503,-1.3039153510378674,-1.675209293179303,-0.2379452115252286,1.1092060023469095,0.8690522769806953,-0.26741560041587903,False,False,False,False,False,True,False,False,False,False,False,False,False,False,False,False,True,False,False,False,False,False,False,False,False,True,False,False,False,False,True,False,3307
0.5255086662285023,1.0807867266367766,-0.5061272703297084,-1.5435049759060062,-0.44006921237570856,-1.3670271697726701,1.2313471057193908,False,False,False,False,False,True,False,False,False,False,False,False,False,False,False,False,False,False,False,False,True,False,False,False,True,False,False,False,False,False,False,True,1771
1.2691530052311002,1.3490657103751742,-1.0906682817545057,-0.9462808283701186,0.5516813576024379,1.134586711282658,-1.3574248412415297,False,False,False,False,False,False,False,False,False,False,False,False,False,True,False,False,False,False,False,False,False,False,True,False,False,True,False,False,False,False,False,True,2515
1.5347402691605994,0.6038463111018478,-0.9993337487193812,0.7481690785921673,0.8250828660828994,0.6873708219319845,0.6863424853065654,False,False,False,True,False,False,False,False,False,False,False,False,False,False,False,False,False,False,False,False,False,False,False,False,True,False,False,False,False,False,False,False,2583
-0.4571642103106448,-0.7673573835610725,-1.2368035346107051,-1.5018381749151304,-1.0118893608315767,0.24015493258131212,-1.6299271514479423,True,False,False,False,False,False,False,False,False,False,False,False,False,False,False,False,False,False,False,True,False,False,False,False,False,False,False,True,False,False,False,False,3581
0.2599214022990031,-1.1548714711832022,1.119627417695509,1.3731710934553054,1.3933291386109183,1.3302436628735772,1.5038494159258033,False,False,False,False,False,False,True,False,False,False,False,False,False,False,False,False,False,False,False,False,False,False,True,False,False,False,True,False,False,False,False,False,3418
-0.29781185195294524,-0.49907839982267505,-0.6157287099718579,1.248170690482678,0.43731732791126415,0.6733953253897762,-1.6299271514479423,False,False,False,False,False,False,False,False,False,False,True,False,False,False,False,False,False,True,False,False,False,False,False,False,False,False,False,False,False,True,False,False,842
-0.2712531255599953,-1.3933416789506665,1.2474957639446835,-0.446279216479608,-0.23099747059653147,-1.073541742386291,-0.13116444531267268,False,False,False,False,False,False,False,False,False,False,False,True,False,False,False,False,False,False,False,False,False,True,False,True,False,False,False,False,False,True,False,False,73466
0.7645372037650516,1.259639382462375,0.15148136752318853,-0.19627841053435272,-1.1083840108835041,-0.2769384394804039,0.27758901999694635,True,False,False,False,False,False,False,False,False,False,False,False,False,False,False,True,False,False,False,False,False,False,False,False,False,False,False,False,False,True,False,False,2494
-0.5899578422753944,0.42499365527624955,0.6264209393058363,-1.196281634315374,1.598827004462247,-0.039354998262858876,-1.084922531035117,False,False,False,False,False,False,False,False,False,False,False,False,True,False,False,False,True,False,False,False,False,False,False,False,False,False,False,True,True,False,False,False,2865
0.5520673926214522,-1.065445143270403,-0.9445330288983064,-0.6407242877703622,0.9322991439183749,-1.5766596179057988,-0.9486713759319108,False,False,False,False,False,True,False,False,False,False,False,False,False,False,False,False,False,False,False,True,False,False,False,False,False,True,False,False,False,False,False,True,5156
0.4723912134426025,0.3951848793053165,1.1926950441236086,0.6648354766104155,-1.01725017472335,1.5678271040911222,0.4138401751001527,False,False,True,False,False,False,False,False,False,False,False,False,False,False,False,False,False,False,False,False,False,False,True,True,False,False,False,False,False,False,True,False,4351
-1.3336021812779921,1.1105955026077097,-0.6522625231859077,1.3176153588008044,-0.5562201800308065,-1.3251006801460443,-0.13116444531267268,False,False,False,False,False,False,False,True,False,False,False,False,False,False,False,False,False,False,False,False,False,False,True,False,False,False,True,False,True,False,False,False,1909
-0.7758689270260438,1.5875359181426385,1.5397662696570822,-0.33516774717060566,1.1252884440222302,0.659419828847568,-0.13116444531267268,False,False,False,False,False,False,False,False,False,True,False,False,False,False,False,False,False,False,False,False,False,False,True,False,False,False,False,True,False,False,False,True,2568
0.28648012869195305,-1.3337241270088005,-0.816664682649132,-1.015725496688245,0.7196535262113494,0.0025714913637658395,-1.3574248412415297,False,False,False,False,False,True,False,False,False,False,False,False,False,False,False,False,True,False,False,False,False,False,False,True,False,False,False,False,False,False,False,True,4057
-0.5633991158824445,0.9615516227530445,-0.378258924080534,0.7759469459194178,0.9698248411607914,-1.688463590243467,1.367598260822597,False,False,False,False,False,False,False,True,False,False,False,False,False,False,False,False,False,False,False,False,False,False,True,False,False,False,False,True,False,False,False,False,3862
-0.1119007672022958,-1.0058275913285368,1.5397662696570822,-0.446279216479608,-0.1863240214984168,1.4560231317534538,-1.4936759963447361,False,False,False,False,False,False,False,False,False,False,False,False,False,False,False,False,False,False,False,False,False,False,False,False,False,False,False,True,False,False,False,False,2837
0.8973308357298012,0.5442287591599817,1.5032324564430324,0.27594533402890725,0.7947049206961824,1.2044641939937004,-0.8124202208287044,True,False,False,False,False,False,False,False,False,False,False,False,False,False,False,False,True,False,False,False,False,False,False,False,False,False,True,False,True,False,False,False,2592
-0.377488031131795,0.7826989669274461,-0.6705294297929326,-0.9046140273792427,-0.38110025956619686,0.058473477532600036,-1.4936759963447361,False,False,False,False,False,False,False,False,False,False,False,False,False,False,False,False,False,False,False,False,True,False,False,False,True,False,False,False,False,False,False,False,2696
-1.2539260020991425,1.4981095902298394,-0.5061272703297084,-0.39072348182510686,-1.0065285469398026,-0.9757132665908308,1.0950959506161844,False,False,False,False,False,False,True,False,False,False,False,False,False,False,False,False,True,False,False,False,False,False,False,True,False,False,False,False,False,False,False,True,2097
1.1363593732663506,-0.8269749355029385,-1.4742733205020289,-0.47405708380685857,0.49628628072077585,-1.353051673230462,-0.8124202208287044,False,False,False,False,False,False,False,False,True,False,False,False,False,False,False,True,False,False,False,False,False,False,False,False,False,False,True,False,False,False,False,False,1712
-0.5899578422753944,1.259639382462375,-0.4330596439016088,0.8315026805739191,1.7185518480451933,-0.5005463841557407,-0.26741560041587903,False,False,False,False,False,False,False,False,False,False,False,False,True,False,False,False,False,False,False,True,False,False,False,False,False,False,False,True,False,True,False,False,4544
-1.5726307188145414,1.5875359181426385,0.7542892855550107,-0.8629472263883669,-0.6527148300827341,-0.8778847907953718,-0.26741560041587903,True,False,False,False,False,False,False,False,False,False,False,False,False,False,False,False,True,False,False,False,False,False,False,False,False,False,True,False,False,False,False,False,2640
1.3488291844099498,1.4384920382879733,-0.06772151176111045,-0.8212804253974909,-0.11663344090535775,0.0025714913637658395,0.14133786489374,False,False,False,True,False,False,False,False,False,False,False,False,False,False,False,True,False,False,False,False,False,False,False,False,True,False,False,False,False,False,False,True,2305
0.04745159115540373,-0.14137308817147842,-1.2368035346107051,-1.3768377719425027,0.6428151937625921,1.609753593717748,-1.3574248412415297,False,False,False,False,False,False,True,False,False,False,False,False,False,False,False,False,False,False,False,False,False,False,True,False,False,False,False,False,True,False,False,False,3715
-0.8555451062048937,-1.602003110747198,-1.675209293179303,-1.5157271085787556,0.17106357128650082,0.24015493258131212,0.14133786489374,False,True,False,False,False,False,False,False,False,False,False,False,False,False,True,False,False,False,False,False,False,False,False,True,False,False,False,False,False,False,True,False,1625
0.07401031754835365,-1.3635329029797336,1.2292288573376586,-1.4046156392697533,1.2468002255691033,1.3302436628735772,-0.26741560041587903,False,False,False,True,False,False,False,False,False,False,False,False,False,False,False,False,False,False,False,False,True,False,False,False,True,False,False,False,False,False,False,False,1445
-0.29781185195294524,-0.9164012634157378,0.699488565733936,-0.32127881350698034,0.955529337449395,0.5056893668832736,-1.2211736861383233,False,False,False,False,True,False,False,False,False,False,False,False,False,False,False,False,False,False,False,False,False,False,True,False,False,True,False,False,False,False,False,True,3041
-1.4929545396356918,-0.469269623851742,-0.798397776042107,0.27594533402890725,-1.551544625936802,-0.10923248097390131,0.550091330203359,False,False,False,False,False,False,False,False,False,False,True,False,False,False,False,False,False,False,False,False,False,False,True,True,False,False,False,False,False,False,True,False,3420
-0.6430752950612942,0.9019340708111784,0.9917590714463347,-1.0018365630246198,1.7989640564218004,1.2184396905359087,0.4138401751001527,False,False,True,False,False,False,False,False,False,False,False,False,False,False,False,False,False,False,True,False,False,False,False,False,True,False,False,False,False,False,True,False,989
-0.6696340214542441,1.6769622460554376,-0.597461803364833,-0.11294480855260096,0.9215775161348283,-0.1232079775161108,-1.3574248412415297,True,False,False,False,False,False,False,False,False,False,False,False,False,False,False,False,False,False,False,False,False,False,True,False,False,False,False,True,False,True,False,False,3872
1.4816228163746996,1.2000218305205088,1.1744281375165837,-0.04350014023447449,1.3200646820900108,1.2603661801625348,1.6401005710290097,False,True,False,False,False,False,False,False,False,False,False,False,False,False,False,False,False,False,False,False,False,False,True,True,False,False,False,False,False,False,True,False,4034
-1.4929545396356918,-0.35003451996800977,1.558033176264107,0.8037248132466684,0.560616047422061,-0.752105321915494,-0.4036667555190854,False,True,False,False,False,False,False,False,False,False,False,False,False,False,False,False,False,False,False,True,False,False,False,True,False,False,False,False,False,False,False,True,4947
0.9504482885157011,1.319256934404241,-1.656942386572278,0.09538919640177845,1.291473674667218,-1.3251006801460443,1.0950959506161844,False,False,False,False,False,False,True,False,False,False,False,False,False,False,False,False,False,False,False,False,True,False,False,False,False,False,True,False,False,False,False,True,1637
1.640975174732399,0.3653761033343834,-0.3599920174735091,0.02594452808365198,-1.3585553258329461,1.2184396905359087,0.27758901999694635,False,False,False,False,False,False,False,False,False,False,False,False,False,True,False,False,False,False,True,False,False,False,False,False,False,False,False,True,False,False,False,False,1217
0.6848610245862019,-0.6183135037064073,1.6676346159062565,-1.6546164452150085,-0.5204814207523148,0.28208142220793686,-0.6761690657254981,False,False,False,False,True,False,False,False,False,False,False,False,False,False,False,False,True,False,False,False,False,False,False,False,False,True,False,False,False,False,False,False,4303
1.2425942788381503,1.1105955026077097,0.9552252582322848,1.3592821597916802,1.3647381311881255,1.3302436628735772,0.6863424853065654,False,False,False,False,False,False,False,False,True,False,False,False,False,False,False,False,False,False,False,False,False,True,False,False,False,False,False,False,False,False,False,False,67901
0.3130388550849029,0.24614099945065124,1.740702242334356,-1.057392297679121,-1.04048036825437,1.4979496213800798,-1.3574248412415297,True,False,False,False,False,False,False,False,False,False,False,False,False,False,True,False,False,False,False,False,False,False,False,False,True,False,False,False,False,False,True,False,1821
0.4989499398355524,0.09709711959598598,0.31588352698641275,1.4981714964279331,-1.4800671073798188,-1.5906351144480069,-0.8124202208287044,False,False,False,False,False,False,False,False,False,False,False,False,False,True,False,False,False,False,False,False,False,False,True,False,False,False,True,False,False,False,True,False,2821
-0.9617800117766933,1.4981095902298394,1.3022964837657582,-0.5851685531158609,1.0502370495373983,-0.02537950172065064,-0.4036667555190854,False,False,False,False,False,False,True,False,False,False,False,False,False,False,False,False,False,False,False,False,False,False,True,False,True,False,False,False,False,True,False,False,2896
-0.4571642103106448,-0.5885047277354742,-0.5791948967578081,1.2342817568190525,1.2182092181463093,-0.4586198945291148,0.9588447955129781,False,False,False,False,False,False,False,False,False,False,True,False,False,False,False,False,False,False,False,False,False,False,False,False,False,True,False,False,False,False,False,False,2857
-1.5195132660286417,-0.6481222796773403,-1.3829387874669044,-1.4185045729333785,-1.1798615294404875,0.4078608910878135,-0.5399179106222917,False,False,False,False,False,False,False,False,False,True,False,False,False,False,False,False,False,False,False,False,True,False,False,False,False,True,False,False,True,False,False,False,2188
0.07401031754835365,1.6471534700845045,-0.798397776042107,0.6648354766104155,1.286112860775444,0.9948317458605732,0.14133786489374,False,False,False,False,False,True,False,False,False,False,False,False,False,False,False,True,False,False,False,False,False,False,False,True,False,False,False,False,False,True,False,False,2281
-0.21813567277409548,0.8125077428983792,-0.30519129765243436,0.7759469459194178,0.6874886428607069,-0.79403181154212,1.367598260822597,False,False,False,False,False,True,False,False,False,False,False,False,False,False,False,False,False,False,True,False,False,False,False,False,False,True,False,False,True,False,False,False,758
-0.1119007672022958,-1.5125767828343988,1.740702242334356,0.9009473488920455,0.09422523883774359,0.17027744987026844,0.14133786489374,False,False,False,False,False,False,False,False,True,False,False,False,False,False,False,False,False,False,False,True,False,False,False,False,True,False,False,False,False,False,True,False,4414
-0.377488031131795,0.663463863043714,1.0100259780533596,1.6926165677186873,1.2003398385070632,0.7013463184741927,-0.26741560041587903,False,False,False,False,False,False,False,False,False,False,True,False,False,False,False,False,False,False,False,False,False,False,True,False,False,False,False,True,False,True,False,False,3336
-0.6961927478471941,-0.20099064011334453,1.558033176264107,1.4981714964279331,-0.2649492919110989,-1.2971496870616277,-1.6299271514479423,False,False,False,False,False,False,False,False,False,False,False,True,False,False,True,False,False,False,False,False,False,False,False,False,False,False,False,True,False,True,False,False,1462
-0.08534204080934588,0.9615516227530445,0.699488565733936,-0.6129464204431115,-1.0672844377132387,1.0786847251138239,-1.2211736861383233,False,False,False,False,False,False,False,False,True,False,False,False,False,False,False,False,False,False,True,False,False,False,False,True,False,False,False,False,False,False,False,True,1010
-0.4306054839176949,-0.7673573835610725,-0.9079992156842566,-0.47405708380685857,-0.7438486662428884,0.3519589049189793,-0.9486713759319108,True,False,False,False,False,False,False,False,False,False,False,False,False,False,False,False,False,False,False,False,True,False,False,False,False,False,False,False,False,False,True,False,1366
0.3130388550849029,1.5279183662007725,-0.6522625231859077,-0.14072267587985154,0.04061709992000581,1.5398761110067056,1.2313471057193908,True,False,False,False,False,False,False,False,False,False,False,False,False,False,False,False,False,False,False,False,False,True,False,False,True,False,False,False,False,False,True,False,59793
0.8176546565509515,0.663463863043714,-0.7801308694350821,0.15094493105627962,0.13353787404408432,-0.5843993634089927,1.2313471057193908,False,False,False,False,False,False,False,True,False,False,False,False,False,False,False,False,False,False,False,False,False,True,False,False,True,False,False,False,False,True,False,False,78080
-0.6165165686683444,-0.49907839982267505,1.558033176264107,-0.9879476293609945,1.1109929403108336,-1.3949781628570879,-1.084922531035117,False,False,False,False,False,False,False,False,False,False,False,False,False,True,False,True,False,False,False,False,False,False,False,False,False,True,False,False,False,False,True,False,2027
-0.8024276534189938,0.5144199831890487,-1.017600655326406,-1.5990607105605075,1.060958677320945,0.0025714913637658395,-1.3574248412415297,False,False,False,False,False,False,False,False,False,False,False,True,False,False,False,False,True,False,False,False,False,False,False,False,True,False,False,False,False,True,False,False,2080
1.4816228163746996,1.5875359181426385,-0.8531984958631819,0.47039040531966136,0.3122316704365431,-1.4788311421103386,-1.4936759963447361,False,False,False,False,False,True,False,False,False,False,False,False,False,False,False,False,False,False,False,False,True,False,False,False,False,False,True,False,False,False,False,True,1965
1.1098006468734005,1.5279183662007725,1.4118979234079077,-0.09905587488897566,1.0234329800785298,1.609753593717748,-1.3574248412415297,False,True,False,False,False,False,False,False,False,False,False,False,False,False,False,True,False,False,False,False,False,False,False,False,False,False,False,False,False,True,False,False,1379
-1.4929545396356918,-0.9462100393866708,-1.4194726006809542,-0.7796136244066151,-1.0762191275328616,-1.632561604074633,-0.5399179106222917,False,False,False,False,False,False,False,False,False,False,False,False,False,True,False,False,False,False,False,False,False,True,False,False,False,True,False,False,False,False,True,False,69736
0.7645372037650516,1.5875359181426385,1.2474957639446835,-1.529616042242381,-1.5801356333595955,0.8550767804384871,0.8225936404097717,False,False,False,False,False,False,False,False,False,False,False,False,True,False,False,False,False,False,False,False,False,False,False,False,False,False,True,False,False,False,True,False,2147
-1.5991894452074915,-1.5125767828343988,-0.2321236712243347,0.8592805479011696,1.3540165034045775,0.058473477532600036,0.8225936404097717,True,False,False,False,False,False,False,False,False,False,False,False,False,False,False,False,False,False,False,True,False,False,False,True,False,False,False,False,False,True,False,False,4408
-0.2446943991670454,-1.065445143270403,0.8456238185901354,-0.07127800756172507,-1.4890017971994411,-0.48657088761353245,0.550091330203359,False,False,False,False,True,False,False,False,False,False,False,False,False,False,False,False,False,False,False,True,False,False,False,False,False,False,False,True,False,True,False,False,5315
1.667533901125349,1.4086832623170402,1.0100259780533596,-0.04350014023447449,-0.8796559515011567,-1.548708624821381,0.6863424853065654,False,False,True,False,False,False,False,False,False,False,False,False,False,False,True,False,False,False,False,False,False,False,False,True,False,False,False,False,False,True,False,False,1797
0.1271277703342535,1.6173446941135716,-1.25507044121773,-1.6268385778877579,0.7178665882474244,0.4078608910878135,-0.26741560041587903,False,False,False,False,False,False,False,False,False,False,True,False,False,False,False,False,False,False,False,False,True,False,False,False,False,False,False,True,False,False,False,False,1840
-1.2008085493132425,0.15671467153785207,0.5898871260917865,-1.3351709709516268,-0.3006880511895905,0.2681059256657286,-0.13116444531267268,False,False,False,True,False,False,False,False,False,False,False,False,False,False,True,False,False,False,False,False,False,False,False,True,False,False,False,False,False,False,True,False,1601
0.6848610245862019,1.0211691746949105,0.4620187798426121,-0.9323918947064933,1.3629511932242013,-0.79403181154212,-1.3574248412415297,False,False,False,False,False,False,False,False,True,False,False,False,False,False,False,True,False,False,False,False,False,False,False,False,True,False,False,False,False,False,True,False,2409
1.6144164483394492,1.6471534700845045,-0.2321236712243347,-0.7935025580702404,-0.6973882791808488,1.414096642126829,0.6863424853065654,True,False,False,False,False,False,False,False,False,False,False,False,False,False,False,False,False,False,False,False,False,False,True,False,False,False,True,False,False,False,False,False,3090
0.3661563078708028,-1.1548714711832022,0.023613021274014122,-1.529616042242381,-1.7159429186178639,-0.7101788322888692,1.5038494159258033,False,False,False,False,False,False,False,False,False,False,False,False,False,True,False,False,False,False,False,False,False,False,True,False,False,False,False,True,False,True,False,False,2849
-0.2712531255599953,-1.2741065750669343,-0.5061272703297084,-1.0712812313427462,-0.6866666513973015,-0.20706095676936148,-0.9486713759319108,False,False,False,False,False,False,False,False,False,False,False,True,False,False,False,False,False,False,False,False,False,False,True,False,False,True,False,False,False,False,False,True,3201
1.322270458017,-1.2442977990960014,-0.08598841836813537,-1.251837368969875,0.3015100426529958,0.12835096024364373,-0.8124202208287044,False,False,True,False,False,False,False,False,False,False,False,False,False,False,False,True,False,False,False,False,False,False,False,False,False,False,True,False,False,True,False,False,1594
-1.0945736437414428,0.6336550870727808,-0.08598841836813537,1.1509481548373008,-0.4186259568086133,-1.4229291559415045,-1.6299271514479423,False,False,False,False,True,False,False,False,False,False,False,False,False,False,False,False,False,False,False,True,False,False,False,False,False,True,False,False,False,True,False,False,5202
-1.6257481716004414,-1.1846802471541351,0.9552252582322848,0.8731694815647949,0.14783337775548133,1.4839741248378715,-0.9486713759319108,False,False,False,False,False,False,False,False,False,False,False,False,False,True,False,False,False,False,False,False,False,False,False,False,False,False,True,False,False,False,False,False,2968
1.4285053635887996,-1.5125767828343988,0.6081540326988114,1.2620596241463031,1.3647381311881255,-0.4586198945291148,0.6863424853065654,False,False,False,True,False,False,False,False,False,False,False,False,False,False,False,True,False,False,False,False,False,False,False,False,False,False,True,False,False,False,True,False,1884
-1.2008085493132425,-0.6183135037064073,-0.06772151176111045,1.5815050984096848,1.4916107266267713,-1.492806638652547,0.005086709790533665,False,False,True,False,False,False,False,False,False,False,False,False,False,False,False,False,False,True,False,False,False,False,False,True,False,False,False,False,False,True,False,False,1483
-1.2804847284920924,-0.6183135037064073,-0.5791948967578081,-0.12683374221622626,-0.8117523088720225,-0.41669340490249,1.2313471057193908,False,False,False,False,False,False,False,False,False,False,False,False,True,False,False,False,False,False,False,False,False,False,False,False,False,False,False,True,False,False,True,False,2708
-0.2446943991670454,-0.1711818641424115,-1.4194726006809542,1.1231702875100502,-0.11127262701358441,0.3240079118345628,0.8225936404097717,False,False,False,True,False,False,False,False,False,False,False,False,False,False,True,False,False,False,False,False,False,False,False,False,False,False,False,True,True,False,False,False,1256
0.7114197509791518,1.0211691746949105,0.023613021274014122,1.012058818201048,0.1978676407453694,0.01654698790597532,-0.8124202208287044,False,False,False,False,False,False,True,False,False,False,False,False,False,False,False,False,False,False,False,False,False,True,False,False,False,False,True,False,False,False,True,False,61236
-1.2539260020991425,1.378874486346107,-0.7618639628280572,1.2342817568190525,1.6238441359571913,0.659419828847568,0.8225936404097717,False,False,False,False,False,False,False,False,False,False,False,False,False,False,False,False,False,False,False,True,False,False,False,False,True,False,False,False,False,False,False,True,5807
1.640975174732399,1.229830606491442,-1.200269721396655,1.0815034865191744,1.7989640564218004,-1.5766596179057988,-0.5399179106222917,False,False,False,False,False,False,True,False,False,False,False,False,False,False,False,False,False,False,False,True,False,False,False,False,True,False,False,False,False,False,False,True,6753
0.8176546565509515,0.9317428467821114,-0.34172511086648416,0.4148346706651602,-0.9207555246714223,-0.7800563149999117,-1.3574248412415297,False,False,False,False,False,True,False,False,False,False,False,False,False,False,False,False,False,False,False,False,False,False,True,False,False,True,False,False,False,True,False,False,3968
-1.2008085493132425,-0.8269749355029385,-0.5791948967578081,0.4565014716560361,0.8322306179385989,1.0926602216560322,1.367598260822597,False,False,False,False,False,False,False,False,False,False,False,False,False,True,False,False,False,False,False,True,False,False,False,False,False,True,False,False,False,False,True,False,5671
-0.6961927478471941,-0.4394608478808089,1.7041684291203063,1.2342817568190525,-0.41147820495291515,-1.492806638652547,-0.13116444531267268,True,False,False,False,False,False,False,False,False,False,False,False,False,False,False,False,False,False,False,False,False,False,True,True,False,False,False,False,False,True,False,False,2445
0.02089286476245381,0.037479567654119875,-1.1272020949685555,-0.6546132214339874,-1.7302384223292608,1.2184396905359087,0.9588447955129781,True,False,False,False,False,False,False,False,False,False,False,False,False,False,False,False,False,False,False,True,False,False,False,False,False,False,True,False,False,False,False,False,3968
1.6144164483394492,0.5144199831890487,-1.4742733205020289,-1.6129496442241327,-1.7266645464014116,-1.4508801490259209,1.5038494159258033,True,False,False,False,False,False,False,False,False,False,False,False,False,False,False,False,True,False,False,False,False,False,False,False,False,True,False,False,False,False,False,True,3335
-0.29781185195294524,-1.2442977990960014,-0.8531984958631819,1.3453932261280548,-0.11842037886928261,1.1485622078248663,0.6863424853065654,False,False,False,False,True,False,False,False,False,False,False,False,False,False,False,False,True,False,False,False,False,False,False,False,False,True,False,False,False,True,False,False,2075
1.1363593732663506,0.6038463111018478,1.2109619507306337,0.09538919640177845,-0.018351852889505284,-0.5145218806979489,-0.6761690657254981,False,False,False,False,False,False,False,False,False,False,False,False,False,False,False,False,False,False,False,True,False,False,False,False,False,False,False,False,False,False,False,False,5981
0.8442133829439014,0.42499365527624955,-1.1089351883615306,-0.05738907389809978,-1.678417221375448,0.3659344014611888,-0.5399179106222917,False,False,False,False,False,False,True,False,False,False,False,False,False,False,False,False,True,False,False,False,False,False,False,False,False,False,True,False,False,True,False,False,4512
1.2160355524452002,-0.5885047277354742,1.2292288573376586,-1.2796152362971256,0.689275580824631,-1.2412477008927936,0.005086709790533665,False,False,False,False,False,False,False,False,False,False,False,False,False,False,True,False,False,False,False,False,False,False,False,True,False,False,False,False,False,False,True,False,1774
1.29571173162405,-0.49907839982267505,1.6128338960851818,-1.3073931036243762,-0.7116837828922459,-1.5347331282791727,-0.6761690657254981,False,False,False,False,False,False,False,False,False,True,False,False,False,False,True,False,False,False,False,False,False,False,False,False,False,True,False,False,False,False,True,False,1474
1.3488291844099498,-0.3202257439970767,-0.5791948967578081,-1.5157271085787556,0.23539333798778586,-1.0176397562174568,1.2313471057193908,False,False,False,False,False,False,False,False,False,False,False,False,False,True,False,False,False,False,False,False,False,False,False,True,False,False,False,False,False,False,True,False,2561
0.5520673926214522,-1.3933416789506665,-0.8531984958631819,0.5259461399741625,-0.6866666513973015,-1.3251006801460443,-0.4036667555190854,False,False,False,False,False,False,False,False,False,False,False,False,False,False,False,False,False,False,False,False,False,False,True,False,False,False,False,True,False,False,True,False,2490
0.3927150342637527,1.1105955026077097,-0.14078913818921013,-1.585171776896882,-1.1637790877651661,-0.6822278392044515,0.550091330203359,False,True,False,False,False,False,False,False,False,False,False,False,False,False,False,False,False,False,False,False,True,False,False,True,False,False,False,False,True,False,False,False,2006
-0.005665861630496114,0.9019340708111784,-0.2321236712243347,1.0398366855282983,-0.3078358030452887,0.03052248444818356,-0.8124202208287044,False,False,False,False,False,False,False,False,True,False,False,False,False,False,True,False,False,False,False,False,False,False,False,False,True,False,False,False,False,False,False,False,1935
-1.2539260020991425,1.319256934404241,0.7725561921620356,1.4148378944461815,-0.9314771524549702,0.28208142220793686,0.550091330203359,False,False,False,False,False,False,False,False,True,False,False,False,False,False,False,True,False,False,False,False,False,False,False,False,True,False,False,False,False,False,False,False,1565
1.3753879108029,-1.2144890231250682,-1.6204085733582283,-0.5157238847977345,0.1460464397915565,0.9808562493183637,1.367598260822597,False,True,False,False,False,False,False,False,False,False,False,False,False,False,False,False,False,False,True,False,False,False,False,True,False,False,False,False,False,False,True,False,1527
-0.6430752950612942,0.6038463111018478,-0.7435970562210323,-0.2379452115252286,-1.0512019960379173,0.5196648634254819,0.6863424853065654,False,False,True,False,False,False,False,False,False,False,False,False,False,False,False,False,False,False,False,True,False,False,False,False,True,False,False,False,True,False,False,False,5464
-0.6430752950612942,1.1105955026077097,1.2109619507306337,1.1370592211736754,0.05312566566747798,0.3519589049189793,1.5038494159258033,False,False,False,False,False,False,False,True,False,False,False,False,False,False,False,False,False,True,False,False,False,False,False,False,False,False,False,True,False,False,True,False,733
-0.19157694638114556,-1.5721943347762648,0.3524173402004626,0.9009473488920455,-1.1977309090797337,-0.3328404256492381,-1.4936759963447361,False,False,False,False,True,False,False,False,False,False,False,False,False,False,False,False,False,False,False,True,False,False,False,False,False,False,True,False,True,False,False,False,4049
-1.2273672757061924,1.4683008142589062,-1.035867561933431,-1.7518389808603856,0.6320935659790442,-0.1232079775161108,-1.3574248412415297,False,False,True,False,False,False,False,False,False,False,False,False,False,False,False,False,False,False,False,True,False,False,False,False,True,False,False,False,False,False,True,False,4390
0.18024522312015334,-0.469269623851742,1.6311008026922067,-0.8907250937156174,0.926938330026601,-0.31886492910702985,0.8225936404097717,False,False,False,True,False,False,False,False,False,False,False,False,False,False,False,True,False,False,False,False,False,False,False,False,True,False,False,False,False,False,False,True,1445
-1.3070434548850423,-0.7077398316192064,-0.7070632430069825,1.248170690482678,-1.365703077688645,1.176513200909284,-1.6299271514479423,False,False,False,False,False,False,False,False,False,False,False,True,False,False,False,False,False,False,False,True,False,False,False,True,False,False,False,False,False,False,False,True,5528
-1.041456190955543,1.170213054549576,0.480285686449637,-1.293504169960751,-0.09161630941041342,-0.9617377700486226,1.0950959506161844,False,False,False,False,True,False,False,False,False,False,False,False,False,False,True,False,False,False,False,False,False,False,False,False,False,False,False,True,False,True,False,False,1516
-1.7054243507792912,1.289448158433308,0.6264209393058363,-0.33516774717060566,-1.5068711768386873,-1.7583410729545095,1.0950959506161844,False,False,False,False,True,False,False,False,False,False,False,False,False,False,False,False,False,False,False,False,False,False,False,False,False,False,True,False,False,False,True,False,1868
-0.08534204080934588,-0.14137308817147842,-1.3829387874669044,-1.6268385778877579,0.37298756120997906,0.5056893668832736,-0.4036667555190854,False,False,False,True,False,False,False,False,False,False,False,False,False,False,False,False,False,False,False,False,False,False,False,True,False,False,False,False,False,False,False,False,2621
-0.1119007672022958,0.09709711959598598,-0.32345820425945926,0.012055594420026686,-0.8171131227637966,-1.0595662458440827,1.0950959506161844,False,False,False,False,False,False,False,False,False,False,False,False,False,False,False,True,False,False,False,False,False,False,False,True,False,False,False,False,False,True,False,False,1640
0.8973308357298012,0.30575855139251734,1.1926950441236086,1.1787260221645515,0.12102930829661214,1.3442191594157866,0.14133786489374,False,False,False,False,False,False,True,False,False,False,False,False,False,False,False,False,False,False,True,False,False,False,False,False,False,False,False,False,False,False,False,True,1460
-1.2539260020991425,0.693272639014647,0.2245489939512882,-1.668505378878634,0.08529054901812051,1.2324151870781181,0.005086709790533665,False,False,False,False,False,False,True,False,False,False,False,False,False,False,False,False,False,False,False,False,False,False,False,False,False,False,False,True,False,False,True,False,1597
-1.3070434548850423,-1.2741065750669343,1.0465597912674094,-0.9879476293609945,1.5344972377609618,-1.506782135194755,-0.5399179106222917,False,False,False,False,False,False,False,False,True,False,False,False,False,False,False,False,True,False,False,False,False,False,False,False,False,False,True,False,False,True,False,False,3742
0.07401031754835365,-1.5125767828343988,0.4437518732355872,-0.6546132214339874,0.1978676407453694,-1.3949781628570879,-0.9486713759319108,False,False,False,False,False,False,False,False,False,False,True,False,False,False,True,False,False,False,False,False,False,False,False,False,False,False,False,True,False,False,True,False,1675
1.3488291844099498,0.9019340708111784,-0.9079992156842566,0.5259461399741625,0.31759248432831705,-0.039354998262858876,-0.9486713759319108,False,False,True,False,False,False,False,False,False,False,False,False,False,False,False,False,False,False,False,True,False,False,False,False,False,False,True,False,False,False,False,True,5981
0.3927150342637527,1.1105955026077097,0.3524173402004626,0.4148346706651602,-0.32749212064845906,0.3519589049189793,0.8225936404097717,False,False,False,False,False,False,False,False,False,True,False,False,False,False,False,False,False,False,False,True,False,False,False,False,False,False,False,True,False,True,False,False,3750
-0.722751474240144,0.9317428467821114,0.4072180600215373,-1.5990607105605075,1.6220571979932659,-0.8080073080843282,1.0950959506161844,False,False,False,False,False,False,False,False,False,False,False,False,False,True,False,True,False,False,False,False,False,False,False,True,False,False,False,False,False,False,False,True,1860
-0.8024276534189938,0.8125077428983792,-1.200269721396655,0.24816746670165668,1.0109244143310576,0.7292973115586104,-0.4036667555190854,False,False,False,False,False,True,False,False,False,False,False,False,False,False,False,False,False,False,False,False,True,False,False,True,False,False,False,False,True,False,False,False,2162
-0.9883387381696432,-0.8269749355029385,-1.017600655326406,-1.0990590986699968,-0.7420617282789636,0.31003241529235454,1.367598260822597,False,False,False,False,False,False,False,False,False,False,False,False,True,False,False,False,False,False,False,False,False,True,False,False,False,True,False,False,False,False,False,True,73264
-0.40404675752474495,1.4384920382879733,-0.8531984958631819,1.1787260221645515,1.2485871635330275,-0.6403013495778268,-1.3574248412415297,False,False,False,False,False,False,True,False,False,False,False,False,False,False,True,False,False,False,False,False,False,False,False,False,True,False,False,False,False,False,True,False,2086
-1.386719634063892,-1.4529592308925328,0.3706842468074875,-1.4046156392697533,-0.2184889048490593,-1.688463590243467,0.6863424853065654,False,False,False,False,False,False,False,False,False,False,False,False,False,True,False,False,False,False,False,True,False,False,False,False,False,False,False,False,False,False,False,False,4129
0.07401031754835365,-0.08175553622961232,-1.054134468540456,-0.21016734419797803,1.193192086651365,0.8550767804384871,1.0950959506161844,False,False,False,False,False,False,False,False,False,False,False,False,True,False,False,False,False,True,False,False,False,False,False,False,False,False,False,True,False,False,False,True,1714
-0.2446943991670454,0.5144199831890487,0.7177554723409609,1.164837088500926,1.1735357690481945,-1.0176397562174568,0.8225936404097717,False,False,False,False,False,False,False,False,False,False,False,False,False,True,False,False,False,False,False,False,False,False,False,False,False,False,False,False,False,False,False,False,2148
-1.4398370868497918,0.9913603987239775,-0.2321236712243347,-0.07127800756172507,-1.0851538173524846,1.1485622078248663,-1.084922531035117,False,False,False,False,False,False,False,False,False,False,False,False,False,False,False,True,False,False,False,False,False,False,False,False,False,True,False,False,True,False,False,False,2010
-1.3070434548850423,0.3355673273634504,-0.2321236712243347,1.5537272310824344,0.7393098438145197,-0.30488943256482165,1.6401005710290097,False,False,False,False,False,False,False,False,False,False,False,False,True,False,False,False,False,False,False,False,False,False,False,False,True,False,False,False,False,True,False,False,1852
-0.9617800117766933,-1.1548714711832022,1.119627417695509,-1.5990607105605075,-0.7224054106757931,0.24015493258131212,-0.26741560041587903,False,False,False,False,False,True,False,False,False,False,False,False,False,False,False,False,False,False,False,False,True,False,False,False,False,False,False,True,False,True,False,False,2475
0.5786261190144022,-1.602003110747198,0.5168194996636868,0.3037232013561579,-0.6991752171447737,1.2743416767047429,-0.4036667555190854,False,False,False,False,False,False,False,False,False,False,False,False,False,True,False,False,False,False,False,False,True,False,False,False,False,False,True,False,False,False,False,False,2898
0.8707721093368513,-1.065445143270403,0.9917590714463347,-1.1823927006517485,-0.7027490930726228,1.2463906836203265,0.550091330203359,False,True,False,False,False,False,False,False,False,False,False,False,False,False,False,False,False,False,False,True,False,False,False,False,True,False,False,False,False,True,False,False,4300
-1.1476910965273428,-1.4827680068634657,0.5350864062707118,-0.918502961042868,0.8268698040468249,-0.47259539107132426,-1.2211736861383233,False,False,False,False,False,True,False,False,False,False,False,False,False,False,False,False,False,False,False,False,False,False,True,True,False,False,False,False,False,False,False,True,2776
1.667533901125349,-0.022137984287746222,-0.2138567646173098,-0.9601697620337439,-0.9404118422745927,-1.0455907493018746,1.0950959506161844,False,False,False,False,False,False,False,False,False,False,False,False,True,False,False,False,False,False,False,False,False,False,True,False,False,True,False,False,False,False,False,False,3868
0.33959758147785285,0.007670791683186827,1.4666986432289824,0.7620580122557925,-1.7552555538242052,0.938929759691739,0.6863424853065654,False,False,False,False,False,True,False,False,False,False,False,False,False,False,False,False,False,False,False,True,False,False,False,False,True,False,False,False,False,False,True,False,4034
-0.9086625589907935,1.0211691746949105,1.119627417695509,-1.293504169960751,0.7893441068044084,-0.26296294293819567,0.6863424853065654,False,False,False,False,False,False,False,False,False,False,False,False,False,True,True,False,False,False,False,False,False,False,False,False,True,False,False,False,False,False,False,True,1409
-1.5195132660286417,0.6336550870727808,1.0465597912674094,-1.668505378878634,-1.1494835840537698,-1.1014927354707074,-1.6299271514479423,False,False,False,False,False,False,False,True,False,False,False,False,False,False,True,False,False,False,False,False,False,False,False,True,False,False,False,False,False,False,False,True,1208
-1.3601609076709422,-0.14137308817147842,0.480285686449637,-0.2518341451888539,-1.3871463332557397,1.3861456490424113,0.14133786489374,False,False,False,False,False,False,False,False,False,False,False,False,False,True,False,False,False,False,False,True,False,False,False,False,False,False,False,True,False,False,False,True,5292
-1.041456190955543,-0.37984329593894284,-0.6339956165788828,-1.2796152362971256,-0.9118208348517992,-1.073541742386291,-0.6761690657254981,False,False,False,False,False,False,False,False,False,False,False,False,False,True,False,False,False,False,False,False,False,True,False,False,False,False,True,False,False,False,True,False,84807
1.1363593732663506,-1.095253919241336,-0.5426610835437583,-1.5573939095696314,-0.4043304530972163,-1.688463590243467,-1.4936759963447361,False,False,False,False,False,False,False,False,False,False,False,False,False,False,False,False,True,False,False,False,False,False,False,True,False,False,False,False,True,False,False,False,3937
0.2599214022990031,0.15671467153785207,1.1561612309095588,0.9148362825556707,-0.06302530198761998,-1.7024390867856753,0.8225936404097717,False,False,True,False,False,False,False,False,False,False,False,False,False,False,False,True,False,False,False,False,False,False,False,False,False,False,True,False,False,True,False,False,2007
-0.032224588023446035,-1.5125767828343988,1.4484317366219575,1.2620596241463031,-1.5997919509627658,0.4078608910878135,0.27758901999694635,False,True,False,False,False,False,False,False,False,False,False,False,False,False,False,False,False,False,False,False,False,False,True,False,False,False,False,True,False,False,False,False,3721
1.1363593732663506,-1.1548714711832022,0.13321446091616362,1.3870600271189308,1.698895530442023,0.5336403599676913,-1.4936759963447361,False,False,False,False,False,False,False,False,False,True,False,False,False,False,True,False,False,False,False,False,False,False,False,False,True,False,False,False,True,False,False,False,1654
1.667533901125349,-0.2307994160842776,1.4301648300149326,-1.4185045729333785,0.7929179827322569,-0.6822278392044515,-1.2211736861383233,False,False,False,False,False,False,True,False,False,False,False,False,False,False,False,False,False,False,False,False,True,False,False,False,False,False,True,False,False,False,False,False,2258
-1.4929545396356918,0.5740375351309148,1.3205633903727831,1.484282562764308,-0.6080413809846195,-0.6542768461200351,-1.6299271514479423,False,False,False,False,True,False,False,False,False,False,False,False,False,False,False,False,False,False,False,False,False,True,False,False,False,True,False,False,False,True,False,False,73825
-0.5102816630965447,-0.5885047277354742,-0.4878603637226835,-0.9462808283701186,-0.6241238226599407,-0.5843993634089927,0.8225936404097717,False,False,False,True,False,False,False,False,False,False,False,False,False,False,False,True,False,False,False,False,False,False,False,False,False,True,False,False,False,False,True,False,2287
1.5081815427676495,-0.6481222796773403,0.9552252582322848,-0.6685021550976127,-0.16130689000347245,0.6035178426787338,1.0950959506161844,False,False,True,False,False,False,False,False,False,False,False,False,False,False,True,False,False,False,False,False,False,False,False,True,False,False,False,False,False,False,False,True,1752
-0.19157694638114556,-0.26060819205521063,1.3753641101938578,-0.5712796194522356,0.4730560871897564,-1.5626841213635894,-0.4036667555190854,False,False,False,True,False,False,False,False,False,False,False,False,False,False,False,False,True,False,False,False,False,False,False,False,False,False,False,True,False,False,False,True,3243
0.7910959301580015,-0.7375486075901394,1.338830296979808,0.09538919640177845,-1.2370435442860743,1.4699986282956632,-1.6299271514479423,False,False,False,False,False,False,False,False,False,False,False,False,False,False,False,False,True,False,False,False,False,False,False,True,False,False,False,False,False,False,True,False,4006
0.977007014908651,0.4846112072181156,-0.14078913818921013,0.734280144928542,-1.0851538173524846,-0.9896887631330402,0.9588447955129781,False,True,False,False,False,False,False,False,False,False,False,False,False,False,False,False,True,False,False,False,False,False,False,True,False,False,False,False,True,False,False,False,3137
1.5347402691605994,1.3490657103751742,1.758969148941381,1.1092813538464248,1.3039822404146888,1.7215575660554165,1.2313471057193908,True,False,False,False,False,False,False,False,False,False,False,False,False,False,False,True,False,False,False,False,False,False,False,False,False,False,False,False,True,False,False,False,2248
0.5255086662285023,-0.7673573835610725,0.8090900053760854,-0.5435017521249851,-0.84570413018659,-1.1713702181817511,0.27758901999694635,False,False,False,False,False,False,False,False,False,False,False,False,False,True,False,True,False,False,False,False,False,False,False,True,False,False,False,False,False,False,False,False,1718
1.2160355524452002,-0.8269749355029385,1.758969148941381,0.3037232013561579,-0.4043304530972163,0.9249542631495296,-1.2211736861383233,True,False,False,False,False,False,False,False,False,False,False,False,False,False,False,True,False,False,False,False,False,False,False,False,False,False,False,False,False,False,True,False,1626
-1.041456190955543,-0.14137308817147842,0.9369583516252599,-0.7796136244066151,1.3450818135849552,-0.9896887631330402,-0.8124202208287044,True,False,False,False,False,False,False,False,False,False,False,False,False,False,True,False,False,False,False,False,False,False,False,False,False,True,False,False,True,False,False,False,1610
-1.2804847284920924,-0.4394608478808089,0.5533533128777367,-0.08516694122535037,0.6035025585562508,-1.492806638652547,-0.8124202208287044,False,False,False,False,False,False,False,False,False,False,False,True,False,False,False,False,True,False,False,False,False,False,False,False,False,True,False,False,False,False,True,False,3268
0.41927376065670263,-0.7375486075901394,-1.656942386572278,-0.47405708380685857,-0.5419246763194101,1.2883171732469525,1.2313471057193908,False,False,False,False,False,False,False,False,True,False,False,False,False,False,False,False,False,False,False,False,False,False,False,True,False,False,False,False,False,True,False,False,2681
0.15368649672720341,1.6471534700845045,0.24281590055831312,-0.43239028281598274,0.6767670150771589,1.2324151870781181,1.6401005710290097,True,False,False,False,False,False,False,False,False,False,False,False,False,False,False,False,True,False,False,False,False,False,False,False,False,True,False,False,False,False,False,True,3367
-0.32437057834589517,0.3653761033343834,0.27934971377236295,-1.3212820372880014,-1.6891388491589951,-0.36079141873365583,0.6863424853065654,False,False,False,False,False,False,True,False,False,False,False,False,False,False,False,False,False,False,False,False,False,True,False,False,False,False,False,True,False,False,False,True,78598
0.1271277703342535,1.6173446941135716,-0.378258924080534,-1.0296144303518704,0.8626085633253159,0.6873708219319845,0.005086709790533665,False,False,False,False,False,False,False,True,False,False,False,False,False,False,False,False,False,False,False,False,False,False,True,False,False,False,False,False,False,False,False,True,3632
-0.749310200633094,0.09709711959598598,1.4301648300149326,-0.9462808283701186,-0.02371266678127925,0.17027744987026844,-0.4036667555190854,False,False,False,False,False,False,False,False,True,False,False,False,False,False,False,False,True,False,False,False,False,False,False,False,False,False,False,False,False,False,True,False,3888
-0.8289863798119437,-1.065445143270403,0.6081540326988114,-0.8073914917338656,1.1377970097697023,1.2044641939937004,1.5038494159258033,False,False,False,False,False,False,False,False,False,False,False,False,False,False,False,False,False,False,False,False,False,False,True,True,False,False,False,False,False,False,True,False,2401
0.41927376065670263,-0.37984329593894284,1.4118979234079077,0.8731694815647949,1.6435004535603617,-0.6682523426622433,-0.6761690657254981,False,False,False,False,True,False,False,False,False,False,False,False,False,False,False,False,False,False,False,True,False,False,False,False,False,True,False,False,False,False,False,False,6357
-1.6523068979933913,-0.08175553622961232,-0.6522625231859077,0.06761132907452785,1.5398580516527345,0.058473477532600036,-0.4036667555190854,False,False,True,False,False,False,False,False,False,False,False,False,False,False,False,False,False,False,False,True,False,False,False,False,False,False,True,False,False,False,False,True,4684
-1.1476910965273428,-1.542385558805332,-0.2138567646173098,-0.5712796194522356,1.4808890988432235,-0.08128148788948483,0.14133786489374,False,False,False,False,False,False,False,True,False,False,False,False,False,False,True,False,False,False,False,False,False,False,False,False,False,False,False,False,False,False,False,False,1836
-0.48372293670359473,0.9019340708111784,1.1926950441236086,-1.5157271085787556,0.06563423141495014,-0.5424728737823666,0.14133786489374,False,False,False,False,False,True,False,False,False,False,False,False,False,False,False,False,False,False,False,False,False,False,True,True,False,False,False,False,False,False,False,True,3397
1.5612989955535492,0.06728834362505293,0.8821576318041852,1.3870600271189308,-0.4758079716542002,1.3442191594157866,0.9588447955129781,False,False,False,False,False,False,False,False,False,False,False,False,True,False,False,False,False,False,True,False,False,False,False,True,False,False,False,False,False,False,False,False,726
-0.29781185195294524,-1.661620662689064,-1.3464049742528545,-0.6407242877703622,-0.10233793719396135,-1.1993212112661675,1.2313471057193908,False,False,False,False,False,False,False,False,False,False,False,True,False,False,False,True,False,False,False,False,False,False,False,False,False,False,False,True,False,False,False,False,1184
0.04745159115540373,-0.6183135037064073,-1.5656078535371536,1.5953940320733102,0.699997208608179,-1.2552231974350019,-0.26741560041587903,False,False,False,False,False,False,False,True,False,False,False,False,False,False,True,False,False,False,False,False,False,False,False,False,True,False,False,False,False,True,False,False,2080
0.5786261190144022,0.7528901909565131,0.8090900053760854,-0.18238947687072743,1.391542200646994,0.24015493258131212,-0.9486713759319108,False,False,False,False,False,False,False,False,False,True,False,False,False,False,False,False,False,False,False,False,False,False,True,False,True,False,False,False,False,False,False,False,3073
-1.731983077172241,-0.7375486075901394,-0.7070632430069825,0.7898358795830431,-1.0208240506511996,0.5196648634254819,1.0950959506161844,True,False,False,False,False,False,False,False,False,False,False,False,False,False,False,False,False,False,False,False,False,True,False,False,False,False,False,False,False,False,True,False,78875
0.7645372037650516,1.6173446941135716,0.2062820873442633,-1.432393506597004,1.513053982193866,-1.0875172389284993,-1.6299271514479423,False,False,False,False,False,False,False,False,False,False,False,False,False,False,False,False,False,False,False,True,False,False,False,False,False,False,False,True,False,False,False,False,4563
1.0566831940875008,-0.4394608478808089,-0.1225222315821852,-0.8490582927247415,1.1449447616254018,-0.40271790836028054,0.8225936404097717,False,False,False,False,False,False,False,False,False,False,True,False,False,False,False,False,True,False,False,False,False,False,False,False,False,False,False,True,False,False,False,True,3023
1.1098006468734005,1.4683008142589062,-0.19558985801028486,0.1926117320471555,1.7292734758287414,1.5398761110067056,-0.8124202208287044,False,False,False,False,False,False,False,False,False,False,False,False,True,False,True,False,False,False,False,False,False,False,False,False,False,False,False,True,False,False,False,False,1393
-0.6430752950612942,-0.8567837114738717,-0.5791948967578081,-0.9046140273792427,1.3772466969355976,-0.9058357838797884,1.5038494159258033,False,False,False,True,False,False,False,False,False,False,False,False,False,False,False,False,True,False,False,False,False,False,False,False,False,False,False,False,True,False,False,False,3537
0.9504482885157011,-1.2442977990960014,-0.10425532497516028,-1.015725496688245,-0.7617180458821339,0.5615913530521078,0.6863424853065654,False,False,False,False,False,False,True,False,False,False,False,False,False,False,False,False,False,False,False,False,False,False,True,False,True,False,False,False,False,False,False,True,2776
1.5347402691605994,0.007670791683186827,-1.656942386572278,0.22038959937440608,-1.3817855193639663,0.8131502908118611,-1.3574248412415297,False,False,False,True,False,False,False,False,False,False,False,False,False,False,False,False,False,False,False,False,False,False,False,False,False,False,False,True,True,False,False,False,3351
0.977007014908651,-1.4529592308925328,1.558033176264107,0.970392017210172,-1.3585553258329461,-0.20706095676936148,0.9588447955129781,False,False,False,False,False,False,False,True,False,False,False,False,False,False,False,False,True,False,False,False,False,False,False,False,False,True,False,False,False,False,False,True,3167
0.20680394951310327,1.2000218305205088,-1.1272020949685555,0.05372239541090257,-0.720618472711869,1.4979496213800798,-0.26741560041587903,False,False,False,False,True,False,False,False,False,False,False,False,False,False,True,False,False,False,False,False,False,False,False,True,False,False,False,False,False,False,True,False,1907
1.1098006468734005,0.7528901909565131,-1.0906682817545057,-1.251837368969875,0.43016957605556594,0.7991747942696529,-1.084922531035117,False,False,False,True,False,False,False,False,False,False,False,False,False,False,False,False,False,False,False,False,True,False,False,True,False,False,False,False,False,False,True,False,1782
1.4816228163746996,-1.2144890231250682,-0.2321236712243347,-1.251837368969875,1.1074190643829853,-0.179109963684945,0.8225936404097717,False,False,False,False,False,False,False,False,False,True,False,False,False,False,False,False,False,False,False,False,True,False,False,False,False,False,True,False,False,False,True,False,1931
-1.3070434548850423,-0.4096520719098759,-1.4925402271090538,1.4148378944461815,1.4451503395647325,0.2122039394968944,1.0950959506161844,False,False,False,False,False,False,False,False,False,False,False,False,False,False,False,False,False,False,False,False,False,False,True,False,False,False,True,False,True,False,False,False,3062
0.1271277703342535,1.4683008142589062,1.2474957639446835,0.05372239541090257,0.46412139737013336,0.6454443323053598,1.5038494159258033,False,False,False,False,False,True,False,False,False,False,False,False,False,False,False,True,False,False,False,False,False,False,False,False,False,False,False,False,False,True,False,False,1868
-0.1119007672022958,0.9615516227530445,0.6446878459128612,0.8870584152284202,-1.7391731121488838,0.29605691875014634,1.5038494159258033,False,False,False,False,True,False,False,False,False,False,False,False,False,False,False,False,True,False,False,False,False,False,False,False,False,False,False,False,False,False,False,True,2465
-0.6696340214542441,0.007670791683186827,0.7725561921620356,-1.2796152362971256,-1.0940885071721078,1.3022926697891606,-1.4936759963447361,False,False,True,False,False,False,False,False,False,False,False,False,False,False,False,False,False,False,False,True,False,False,False,True,False,False,False,False,False,False,True,False,5283
1.4019466371958498,0.09709711959598598,0.6446878459128612,0.734280144928542,-1.403228774931061,-0.5284973772401584,1.2313471057193908,False,False,False,False,False,False,True,False,False,False,False,False,False,False,False,True,False,False,False,False,False,False,False,False,False,True,False,False,False,False,False,True,1642
-0.5633991158824445,0.007670791683186827,-1.1272020949685555,1.2203928231554273,-0.4650863438706523,-0.7241543288310776,-1.2211736861383233,False,False,False,False,False,False,False,False,False,True,False,False,False,False,True,False,False,False,False,False,False,False,False,False,True,False,False,False,True,False,False,False,1691
-0.21813567277409548,-0.2904169680261437,1.5214993630500573,-0.04350014023447449,0.028108534172533648,-1.031615252759665,1.6401005710290097,False,False,False,False,False,False,False,False,False,True,False,False,False,False,True,False,False,False,False,False,False,False,False,False,True,False,False,False,False,True,False,False,1268
1.587857721946499,1.229830606491442,0.6081540326988114,0.4009457370015349,-1.603365826890615,-1.6465371006168412,-0.4036667555190854,False,False,False,True,False,False,False,False,False,False,False,False,False,False,False,False,False,False,False,False,False,False,False,False,False,False,False,False,True,False,False,False,2773
-0.5899578422753944,0.12690589556691903,-0.834931589256157,1.3176153588008044,-0.5169075448244658,-1.6185861075324235,-1.4936759963447361,True,False,False,False,False,False,False,False,False,False,False,False,False,False,False,True,False,False,False,False,False,False,False,False,False,True,False,False,False,False,False,True,1698
-1.3601609076709422,0.8423165188693122,1.6128338960851818,-1.5157271085787556,-1.1208925766309763,1.2743416767047429,-0.6761690657254981,False,False,False,True,False,False,False,False,False,False,False,False,False,False,False,False,True,False,False,False,False,False,False,False,False,False,False,False,False,True,False,False,2347
0.3130388550849029,-0.7971661595320055,0.26108280716533805,-0.07127800756172507,0.5463205437106645,0.6035178426787338,-1.6299271514479423,False,False,False,False,False,False,False,True,False,False,False,False,False,False,False,False,False,False,False,False,False,False,False,False,True,False,False,False,False,True,False,False,3219
0.10056904394130357,-1.4529592308925328,-1.3464049742528545,1.6231718994005608,-0.10412487515788559,0.5336403599676913,-0.9486713759319108,False,False,True,False,False,False,False,False,False,False,False,False,False,False,False,False,True,False,False,False,False,False,False,False,False,False,False,False,True,False,False,False,2959
0.9238895621227512,-1.4231504549215996,-0.2138567646173098,0.5120572063105373,0.006665278605438416,0.379909898003397,-0.26741560041587903,False,False,False,False,False,False,False,False,True,False,False,False,False,False,False,False,False,False,False,False,False,False,False,False,False,False,False,True,False,False,True,False,3263
-1.6788656243863411,1.289448158433308,0.5533533128777367,0.47039040531966136,-0.23457134652438058,1.1904886974514923,-0.4036667555190854,False,False,False,False,True,False,False,False,False,False,False,False,False,False,False,False,False,False,False,False,False,False,True,False,False,False,False,False,False,False,False,True,1970
0.5255086662285023,0.3355673273634504,0.7542892855550107,0.9009473488920455,1.6470743294882102,-0.09525698443169307,0.005086709790533665,False,False,False,True,False,False,False,False,False,False,False,False,False,False,False,False,False,False,True,False,False,False,False,True,False,False,False,False,False,False,False,False,914
0.20680394951310327,1.378874486346107,0.26108280716533805,0.37316786967428434,-0.9940199811923305,1.2743416767047429,-1.6299271514479423,False,False,False,False,False,False,False,False,False,False,False,False,False,False,True,False,False,False,False,False,False,False,False,False,False,False,False,False,False,False,False,False,1114
-0.40404675752474495,0.09709711959598598,-0.798397776042107,-1.0990590986699968,0.08171667309027142,-0.5145218806979489,-1.4936759963447361,False,False,False,False,False,False,False,False,False,False,True,False,False,False,False,False,False,False,False,False,True,False,False,True,False,False,False,False,True,False,False,False,2477
0.02089286476245381,-0.35003451996800977,-0.3599920174735091,0.5676129409650384,0.8643955012892414,1.4699986282956632,-1.3574248412415297,False,False,False,False,False,False,True,False,False,False,False,False,False,False,False,False,True,False,False,False,False,False,False,False,False,True,False,False,False,False,False,True,3471
0.2599214022990031,-0.7375486075901394,-0.7801308694350821,-1.529616042242381,0.22467171020423857,0.6733953253897762,-0.5399179106222917,False,False,False,False,False,False,False,False,False,False,False,False,False,True,False,False,False,True,False,False,False,False,False,False,True,False,False,False,False,False,False,True,1663
0.7114197509791518,1.229830606491442,-0.2138567646173098,0.5676129409650384,1.5505796794362825,-0.8778847907953718,-1.084922531035117,False,False,False,True,False,False,False,False,False,False,False,False,False,False,False,False,False,False,False,False,False,True,False,False,False,False,True,False,True,False,False,False,70490
-1.5726307188145414,1.259639382462375,0.04187992788103904,0.10927813006540374,-0.41147820495291515,0.19822844295468617,-0.4036667555190854,False,False,False,False,False,False,False,False,False,False,False,False,False,False,False,False,False,False,False,False,True,False,False,False,False,False,True,False,False,False,False,True,2363
-1.413278360456842,-1.2442977990960014,-1.4742733205020289,-0.9740586956973691,-0.10591181312181044,0.08642447061701776,-0.4036667555190854,False,False,False,False,True,False,False,False,False,False,False,False,False,False,False,True,False,False,False,False,False,False,False,False,True,False,False,False,False,False,True,False,1807
1.4285053635887996,1.3490657103751742,-1.273337347824755,-1.6546164452150085,-1.4425414101374023,-1.2971496870616277,-0.13116444531267268,False,False,False,False,False,False,False,False,False,False,False,False,False,False,False,False,False,True,False,False,False,False,False,False,False,False,True,False,True,False,False,False,604
-0.005665861630496114,1.3490657103751742,-0.7070632430069825,0.012055594420026686,0.41051325845239556,0.29605691875014634,0.6863424853065654,False,False,False,False,False,False,True,False,False,False,False,False,False,False,False,True,False,False,False,False,False,False,False,False,False,False,False,False,False,False,True,False,1454
-1.6523068979933913,-0.14137308817147842,0.4620187798426121,-0.14072267587985154,-0.7313401004954162,-0.6682523426622433,1.0950959506161844,False,False,False,False,False,False,False,False,True,False,False,False,False,False,False,False,False,False,False,False,False,True,False,False,False,True,False,False,False,False,False,True,71792
0.5786261190144022,0.5144199831890487,-0.6157287099718579,-0.9879476293609945,-1.1870092812961863,-1.5906351144480069,1.0950959506161844,False,False,False,False,False,False,False,False,False,False,False,False,False,False,False,False,False,False,False,False,False,False,False,False,False,True,False,False,True,False,False,False,2998
-1.3070434548850423,0.7826989669274461,1.3022964837657582,-0.015722272907223903,0.18178519907004811,1.5398761110067056,-1.6299271514479423,False,False,False,False,False,False,False,False,False,False,True,False,False,False,False,False,False,False,False,True,False,False,False,False,True,False,False,False,False,False,False,True,3278
-0.377488031131795,-0.5586959517645411,-1.6386754799652532,0.4426125379924108,0.1371117499719334,0.46376287725664767,-1.3574248412415297,False,False,False,False,False,False,False,False,False,False,False,False,False,False,False,False,False,False,False,False,False,False,True,False,False,False,True,False,True,False,False,False,3428
0.07401031754835365,-1.1846802471541351,-0.6339956165788828,-0.9462808283701186,-1.4890017971994411,1.2883171732469525,-1.084922531035117,False,False,False,False,False,False,False,False,False,False,False,False,False,False,False,False,False,False,False,False,False,False,True,False,False,False,False,False,False,False,False,True,3279
-1.2008085493132425,0.24614099945065124,1.6493677092992316,-0.9601697620337439,0.7285882160309725,0.5895423461365256,1.6401005710290097,False,False,False,False,False,False,False,False,False,False,False,False,False,False,False,True,False,False,False,False,False,False,False,False,False,True,False,False,False,False,True,False,1673
-1.121132370134393,0.693272639014647,-0.6522625231859077,0.17872279838353022,0.46412139737013336,-0.5284973772401584,0.550091330203359,False,False,False,False,False,True,False,False,False,False,False,False,False,False,False,False,False,False,False,False,False,False,False,False,False,True,False,False,False,False,True,False,2090
-1.6523068979933913,-0.1711818641424115,0.9552252582322848,0.6787244102740407,-1.0851538173524846,0.01654698790597532,-0.6761690657254981,False,False,False,False,False,True,False,False,False,False,False,False,False,False,False,False,False,False,False,False,False,False,True,False,False,False,False,True,False,False,False,True,2978
-1.6788656243863411,1.6769622460554376,1.357097203586833,0.4426125379924108,-0.08625549551864008,0.5895423461365256,0.550091330203359,False,False,False,False,False,False,False,False,True,False,False,False,False,False,False,False,False,False,False,False,False,False,False,False,False,False,False,True,True,False,False,False,1509
0.04745159115540373,0.15671467153785207,-0.04945460515408554,-0.2657230788524792,0.8072134864436545,1.5818026006333317,-0.5399179106222917,False,False,False,True,False,False,False,False,False,False,False,False,False,False,False,False,False,False,False,False,True,False,False,False,False,True,False,False,False,False,False,False,1505
0.9238895621227512,0.7230814149855801,-0.6887963363999576,1.164837088500926,0.12817706015231034,-0.8918602873375802,-0.9486713759319108,False,False,False,False,False,False,False,False,False,False,False,False,False,False,False,False,False,False,True,False,False,False,False,False,True,False,False,False,False,False,True,False,1307
-0.32437057834589517,-0.35003451996800977,-0.8714654024702068,0.8870584152284202,-0.3489353762155543,1.2883171732469525,0.550091330203359,False,False,False,False,False,False,False,False,False,False,False,True,False,False,False,False,False,False,False,False,False,False,True,True,False,False,False,False,False,False,True,False,2561
-0.8289863798119437,-1.5721943347762648,-1.675209293179303,-0.7379468234157391,-0.6098283189485443,1.4560231317534538,-0.6761690657254981,False,False,True,False,False,False,False,False,False,False,False,False,False,False,False,False,False,False,False,False,True,False,False,True,False,False,False,False,False,False,False,False,1796
-0.2712531255599953,-1.2741065750669343,-1.3098711610388047,0.5537240073014131,0.4158740723441695,0.575566849594316,1.0950959506161844,False,False,False,False,False,False,False,False,False,False,False,True,False,False,False,False,False,False,False,False,True,False,False,False,False,False,False,False,False,False,False,True,1672
1.1098006468734005,0.3951848793053165,-1.3098711610388047,1.067614552855549,1.588105376678699,1.4839741248378715,-0.8124202208287044,False,False,False,True,False,False,False,False,False,False,False,False,False,False,False,False,False,False,False,False,False,True,False,False,False,True,False,False,True,False,False,False,70151
-0.6961927478471941,1.5875359181426385,-0.7435970562210323,0.28983426769253257,0.633880503942969,-0.38874241181807234,-0.8124202208287044,False,False,False,False,False,False,False,False,True,False,False,False,False,False,False,False,True,False,False,False,False,False,False,False,False,True,False,False,False,False,False,True,1962
0.04745159115540373,-1.2144890231250682,-0.19558985801028486,-0.36294561449785623,-1.4925756731272903,1.553851607548914,0.27758901999694635,True,False,False,False,False,False,False,False,False,False,False,False,False,False,False,False,False,False,False,False,False,True,False,False,False,True,False,False,False,True,False,False,65212
-0.5368403894894945,-0.20099064011334453,1.4301648300149326,-1.0990590986699968,-0.11663344090535775,0.6873708219319845,-0.8124202208287044,True,False,False,False,False,False,False,False,False,False,False,False,False,False,False,False,False,False,False,False,True,False,False,False,True,False,False,False,False,False,True,False,2110
0.3130388550849029,-0.3202257439970767,1.594566989478157,1.4703936291006825,1.4147723941780141,-1.6185861075324235,1.2313471057193908,False,True,False,False,False,False,False,False,False,False,False,False,False,False,False,False,False,False,False,False,True,False,False,False,False,False,False,True,False,True,False,False,2146
-1.5991894452074915,-0.469269623851742,-0.4695934571156586,-0.7796136244066151,-1.422885092534232,1.4001211455846196,-0.6761690657254981,False,False,False,False,False,False,False,False,False,False,False,True,False,False,False,False,False,False,False,True,False,False,False,False,False,True,False,False,False,False,True,False,5399
-1.3070434548850423,-0.5885047277354742,0.3706842468074875,-0.15461160954347683,1.7650122351072335,-0.08128148788948483,-0.5399179106222917,False,False,False,True,False,False,False,False,False,False,False,False,False,False,False,False,False,False,False,False,False,False,True,False,False,True,False,False,False,False,True,False,2322
0.8707721093368513,-0.2904169680261437,-0.8897323090772317,0.7620580122557925,1.6220571979932659,-0.16513446714273552,0.27758901999694635,False,False,False,True,False,False,False,False,False,False,False,False,False,False,False,False,False,False,False,True,False,False,False,False,False,False,True,False,False,True,False,False,4994
0.3927150342637527,1.6173446941135716,1.2292288573376586,-0.07127800756172507,-1.4800671073798188,0.2122039394968944,-1.4936759963447361,False,False,False,False,False,False,False,False,False,False,False,False,True,False,False,False,False,False,True,False,False,False,False,False,True,False,False,False,False,True,False,False,1053
-1.7054243507792912,-1.3933416789506665,-1.5108071337160789,-0.682391088761238,1.5666621211116043,-1.2552231974350019,-0.8124202208287044,False,False,False,False,False,False,False,True,False,False,False,False,False,False,False,False,False,False,True,False,False,False,False,False,False,False,False,False,False,False,False,True,709
0.28648012869195305,1.4981095902298394,-0.5243941769367333,1.0537256191919238,-0.4650863438706523,-0.13718347405831904,0.27758901999694635,False,False,False,False,False,False,False,False,False,False,False,False,False,True,False,False,False,True,False,False,False,False,False,False,False,True,False,False,False,True,False,False,1739
-0.005665861630496114,-1.4529592308925328,-0.4330596439016088,0.9981698845374225,1.2503741014969518,1.134586711282658,0.6863424853065654,False,False,False,False,True,False,False,False,False,False,False,False,False,False,False,False,False,False,False,False,False,True,False,False,False,False,True,False,False,False,False,True,74457
-0.377488031131795,0.3653761033343834,-0.4513265505086337,-1.3629488382788775,-0.268523167838948,-1.7164145833278837,1.2313471057193908,False,False,False,False,False,False,False,False,False,False,False,False,True,False,False,False,False,False,False,False,False,False,True,True,False,False,False,False,False,False,False,True,2231
0.6848610245862019,1.5279183662007725,-1.1820028147896302,1.0398366855282983,-0.18811095946234163,-0.8219828046265377,0.6863424853065654,False,False,False,False,False,False,False,False,False,False,True,False,False,False,False,False,False,False,False,False,False,False,True,False,False,False,False,False,False,False,False,True,3908
-1.1742498229202927,-0.11156431220054537,1.6128338960851818,-0.47405708380685857,0.5016470946125499,-1.7583410729545095,-0.4036667555190854,False,False,False,False,False,True,False,False,False,False,False,False,False,False,False,False,False,False,False,True,False,False,False,False,False,True,False,False,False,False,True,False,3105
1.1894768260522504,-1.7212382146309302,0.4254849666285623,-0.7518357570793645,1.0002027865475096,-0.31886492910702985,1.2313471057193908,False,False,False,False,False,True,False,False,False,False,False,False,False,False,False,False,False,False,False,False,False,False,False,False,False,True,False,False,False,False,True,False,3768
1.0832419204804506,-0.2904169680261437,-0.7618639628280572,-0.37683454816148154,-1.6391045861691065,0.7712238011852364,0.6863424853065654,False,False,False,False,False,False,False,True,False,False,False,False,False,False,False,False,False,False,False,False,True,False,False,False,False,False,True,False,False,True,False,False,2861
0.02089286476245381,-0.6779310556482734,1.6128338960851818,0.6787244102740407,0.35511818157073355,1.0227827389449897,-1.6299271514479423,False,False,False,False,False,False,True,False,False,False,False,False,False,False,False,False,False,False,False,False,False,False,True,False,True,False,False,False,False,False,True,False,3199
0.07401031754835365,-1.125062695212269,-1.6204085733582283,-0.7379468234157391,-1.0940885071721078,1.5259006144644975,-0.8124202208287044,False,False,False,False,False,False,True,False,False,False,False,False,False,False,False,False,False,False,False,False,True,False,False,False,False,True,False,False,False,True,False,False,1578
0.4723912134426025,-0.6481222796773403,-0.2503905778313596,1.164837088500926,-0.5258422346440882,0.3519589049189793,-1.3574248412415297,False,False,False,False,False,False,False,False,True,False,False,False,False,False,False,False,False,False,False,True,False,False,False,True,False,False,False,False,False,False,True,False,4543
0.977007014908651,-1.03563636729947,-1.3829387874669044,0.7898358795830431,-0.51869448278839,-0.8778847907953718,0.14133786489374,False,False,False,False,False,False,False,False,False,True,False,False,False,False,False,False,False,False,False,False,False,False,False,False,False,True,False,False,True,False,False,False,2462
-0.722751474240144,-0.11156431220054537,0.27934971377236295,-0.446279216479608,-0.08804243348256431,1.4560231317534538,-0.13116444531267268,False,False,False,False,False,False,False,True,False,False,False,False,False,False,False,False,False,False,False,False,False,True,False,True,False,False,False,False,True,False,False,False,63195
-1.413278360456842,-1.0058275913285368,-0.34172511086648416,-1.529616042242381,-0.5687287457782787,0.938929759691739,0.14133786489374,False,False,False,False,False,False,False,False,False,False,False,False,False,True,False,True,False,False,False,False,False,False,False,False,False,False,False,False,False,True,False,False,1612
-0.6696340214542441,-1.542385558805332,1.5032324564430324,0.13705599739265434,-1.3764247054721923,0.24015493258131212,-1.2211736861383233,False,False,False,True,False,False,False,False,False,False,False,False,False,False,False,False,False,False,True,False,False,False,False,False,False,False,False,False,False,False,True,False,1539
-0.2446943991670454,1.4086832623170402,1.6676346159062565,1.5259493637551838,-1.2406174202139233,0.659419828847568,0.005086709790533665,False,False,False,False,False,False,True,False,False,False,False,False,False,False,False,False,True,False,False,False,False,False,False,False,False,False,False,True,False,False,True,False,2983
-1.4398370868497918,0.663463863043714,-1.273337347824755,-0.4185013491523574,-1.6391045861691065,1.4560231317534538,0.4138401751001527,False,False,False,False,False,False,False,False,False,False,False,False,False,True,False,False,False,False,False,False,True,False,False,False,False,False,False,True,False,False,False,True,2176
-1.413278360456842,1.0211691746949105,-1.3646718808598794,0.4842793389832867,-0.08268161959079098,0.7153218150164022,0.4138401751001527,False,False,False,False,False,False,False,False,False,False,False,False,False,False,False,True,False,False,False,False,False,False,False,True,False,False,False,False,False,False,False,False,1861
1.4285053635887996,1.0509779506658437,0.6629547525198861,0.6370576092831649,1.6417135155964362,-0.48657088761353245,1.2313471057193908,False,False,False,False,False,False,False,False,False,False,False,True,False,False,False,True,False,False,False,False,False,False,False,False,True,False,False,False,False,True,False,False,2420
0.8176546565509515,0.3653761033343834,-1.054134468540456,1.2342817568190525,-1.3460467600854746,0.7153218150164022,-1.084922531035117,False,False,False,False,False,False,False,False,False,False,False,True,False,False,False,False,False,False,False,False,True,False,False,False,False,True,False,False,False,False,False,False,1574
-0.2446943991670454,1.1404042785786428,-0.5243941769367333,-1.6407275115513833,1.6131225081736433,-1.632561604074633,0.9588447955129781,False,False,False,False,False,False,False,False,False,True,False,False,False,False,False,False,False,False,True,False,False,False,False,False,False,True,False,False,False,False,False,False,944
-0.6961927478471941,0.3653761033343834,1.7041684291203063,0.10927813006540374,0.8536738735056935,-0.41669340490249,1.6401005710290097,False,False,True,False,False,False,False,False,False,False,False,False,False,False,False,False,False,False,False,True,False,False,False,False,False,False,False,True,False,True,False,False,5368
1.3753879108029,-1.03563636729947,-0.6157287099718579,0.2342785330380314,0.5123687223960971,-0.3468159221914476,-0.9486713759319108,False,False,False,True,False,False,False,False,False,False,False,False,False,False,False,False,False,False,False,False,False,False,False,True,False,False,False,False,False,False,True,False,3501
0.3661563078708028,-1.4231504549215996,-1.675209293179303,-1.5018381749151304,0.5409597298188905,-1.1853457147239594,-0.9486713759319108,False,False,False,False,True,False,False,False,False,False,False,False,False,False,False,False,False,False,False,False,False,False,True,False,False,True,False,False,False,True,False,False,4096
1.640975174732399,0.42499365527624955,0.699488565733936,1.4426157617734319,1.1860443347956666,-1.688463590243467,0.6863424853065654,False,False,False,False,True,False,False,False,False,False,False,False,False,False,True,False,False,False,False,False,False,False,False,False,False,True,False,False,False,False,False,False,2033
-0.8289863798119437,-1.3933416789506665,-0.4695934571156586,0.09538919640177845,-1.3782116434361171,-1.311125183603836,-0.9486713759319108,False,False,False,False,False,False,False,False,False,False,True,False,False,False,False,False,False,False,False,True,False,False,False,False,True,False,False,False,False,False,True,False,3921
-1.6788656243863411,-0.7077398316192064,-1.017600655326406,-0.18238947687072743,0.038830161956080946,0.5196648634254819,-0.8124202208287044,False,False,False,False,True,False,False,False,False,False,False,False,False,False,True,False,False,False,False,False,False,False,False,False,False,False,True,False,True,False,False,False,1582
1.4285053635887996,0.12690589556691903,-1.1637359081826053,1.6092829657369354,0.7250143401031234,1.0367582354871978,1.5038494159258033,False,False,False,False,False,False,False,False,False,False,False,False,False,False,False,False,False,False,False,True,False,False,False,False,False,False,False,True,False,True,False,False,4484
-1.6257481716004414,0.2759497754215843,-0.06772151176111045,0.1648338647199049,0.3318879880397135,1.6796310764287905,1.5038494159258033,False,False,False,False,False,False,False,False,False,False,False,False,False,False,False,False,False,True,False,False,False,False,False,False,False,False,False,True,False,True,False,False,1441
-1.466395813242742,1.229830606491442,1.2474957639446835,-0.029611206570849195,1.2092745283266868,-0.556448370324575,0.4138401751001527,False,False,False,False,False,False,False,False,False,False,False,True,False,False,False,False,False,False,False,True,False,False,False,False,False,False,True,False,False,False,True,False,4497
1.587857721946499,0.9913603987239775,0.13321446091616362,1.067614552855549,-1.5015103629469133,0.3240079118345628,-0.5399179106222917,False,False,False,False,False,False,False,True,False,False,False,False,False,False,False,False,True,False,False,False,False,False,False,False,False,True,False,False,True,False,False,False,3978
0.1271277703342535,-0.051946760258679274,1.758969148941381,-0.918502961042868,0.7017841465721032,1.4979496213800798,0.005086709790533665,False,False,False,False,False,False,False,False,False,True,False,False,False,False,True,False,False,False,False,False,False,False,False,False,True,False,False,False,True,False,False,False,1943
1.3488291844099498,-1.3635329029797336,0.5350864062707118,1.7065055013823125,0.14425950182763225,-1.1853457147239594,-0.13116444531267268,False,False,False,False,False,False,False,False,True,False,False,False,False,False,False,False,False,False,False,False,True,False,False,False,True,False,False,False,False,False,True,False,2634
1.0566831940875008,-1.065445143270403,-0.04945460515408554,-1.1823927006517485,-0.407904329025066,0.7292973115586104,0.8225936404097717,False,False,False,False,False,False,False,False,False,False,True,False,False,False,True,False,False,False,False,False,False,False,False,False,False,False,False,True,False,False,False,True,1234
1.322270458017,0.7230814149855801,0.7177554723409609,-1.585171776896882,-0.5454985522472592,0.8690522769806953,1.367598260822597,False,False,False,False,False,False,True,False,False,False,False,False,False,False,False,False,False,False,False,True,False,False,False,False,True,False,False,False,False,True,False,False,3964
0.02089286476245381,1.4086832623170402,-1.437739507287979,0.17872279838353022,0.4533997695865854,-1.4648556455681303,1.367598260822597,False,False,False,False,False,False,False,False,False,False,False,False,False,True,False,False,False,False,False,False,True,False,False,False,False,False,False,False,False,True,False,False,2685
-0.9352212853837434,1.259639382462375,1.2474957639446835,-0.5851685531158609,1.4165593321419383,1.2324151870781181,-1.6299271514479423,False,False,False,False,False,False,False,True,False,False,False,False,False,False,False,False,False,False,False,False,False,False,True,False,False,False,True,False,False,False,False,False,1969
0.2333626759060532,-0.5885047277354742,1.0465597912674094,1.0398366855282983,0.008452216569363282,1.0647092285716155,-0.6761690657254981,False,False,False,False,False,False,True,False,False,False,False,False,False,False,False,False,False,False,False,True,False,False,False,False,False,True,False,False,False,False,True,False,4296
0.1271277703342535,0.8721252948402453,1.5214993630500573,-1.487949241251505,1.1788965829399685,-1.6605125971590495,-1.2211736861383233,False,False,False,False,False,False,False,True,False,False,False,False,False,False,False,False,False,False,False,False,False,False,True,False,False,False,False,False,False,False,False,False,2258
-0.005665861630496114,0.6336550870727808,0.699488565733936,-1.0712812313427462,-0.32570518268453486,-1.4508801490259209,1.0950959506161844,False,False,False,False,False,False,False,True,False,False,False,False,False,False,True,False,False,False,False,False,False,False,False,False,False,False,True,False,False,False,False,False,1457
0.10056904394130357,1.1404042785786428,-0.14078913818921013,0.5120572063105373,-1.3942940851114385,-1.6046106109902152,1.2313471057193908,False,False,False,False,False,False,False,True,False,False,False,False,False,False,False,True,False,False,False,False,False,False,False,True,False,False,False,False,True,False,False,False,1298
-0.6696340214542441,-1.3933416789506665,1.0648266978744343,-0.4879460174704839,-1.5390360601893298,-0.5983748599512009,0.8225936404097717,False,False,False,False,False,False,False,False,False,False,False,True,False,False,False,False,False,True,False,False,False,False,False,False,False,False,False,True,False,True,False,False,1819
-1.2273672757061924,-0.7375486075901394,-1.3098711610388047,-0.5435017521249851,-1.5765617574317463,0.0025714913637658395,1.0950959506161844,False,False,False,False,True,False,False,False,False,False,False,False,False,False,False,False,True,False,False,False,False,False,False,False,True,False,False,False,False,False,False,False,3925
-0.722751474240144,0.3653761033343834,1.4301648300149326,-0.8073914917338656,-0.4043304530972163,0.08642447061701776,-1.084922531035117,False,False,False,False,False,False,False,False,False,True,False,False,False,False,False,False,False,False,False,True,False,False,False,True,False,False,False,False,True,False,False,False,5587
-0.5633991158824445,0.4846112072181156,-1.2185366280036802,-1.251837368969875,-0.5580071179947313,-0.8359583011687459,0.550091330203359,False,False,False,False,False,False,False,False,True,False,False,False,False,False,False,False,False,False,False,False,True,False,False,False,True,False,False,False,False,False,True,False,1374
0.10056904394130357,-0.8269749355029385,-0.9445330288983064,0.17872279838353022,0.8000657345879563,1.414096642126829,-1.3574248412415297,False,False,False,False,True,False,False,False,False,False,False,False,False,False,False,False,False,False,True,False,False,False,False,False,False,False,False,False,False,False,False,False,1540
1.5612989955535492,1.0211691746949105,0.5350864062707118,1.7065055013823125,0.8876256948202602,-0.48657088761353245,0.8225936404097717,False,False,False,False,False,False,False,True,False,False,False,False,False,False,False,False,True,False,False,False,False,False,False,False,False,True,False,False,False,True,False,False,4732
0.6583022981932519,0.09709711959598598,-0.9993337487193812,-0.39072348182510686,-1.5783486953956707,-1.6185861075324235,-1.6299271514479423,False,True,False,False,False,False,False,False,False,False,False,False,False,False,False,True,False,False,False,False,False,False,False,False,False,True,False,False,False,False,False,False,2425
0.10056904394130357,-1.3635329029797336,-0.08598841836813537,-0.029611206570849195,-0.970789787661311,-0.7241543288310776,1.367598260822597,False,False,True,False,False,False,False,False,False,False,False,False,False,False,False,False,False,False,False,False,False,False,False,False,False,True,False,False,False,False,True,False,3002
1.6940926275182988,-0.8269749355029385,-1.4925402271090538,0.5676129409650384,-0.7813743634853049,0.08642447061701776,-1.6299271514479423,False,False,False,False,False,False,True,False,False,False,False,False,False,False,False,True,False,False,False,False,False,False,False,False,True,False,False,False,False,False,False,False,2228
0.4723912134426025,-1.691429438659997,-1.1637359081826053,-1.015725496688245,0.19250682685359605,-0.3468159221914476,1.367598260822597,False,False,False,True,False,False,False,False,False,False,False,False,False,False,False,False,False,False,False,True,False,False,False,True,False,False,False,False,False,True,False,False,3673
0.6051848454073521,1.319256934404241,-0.597461803364833,0.039833461747277275,-1.2441912961417732,-0.8219828046265377,0.9588447955129781,False,False,False,False,False,False,False,False,False,False,False,False,True,False,False,False,True,False,False,False,False,False,False,False,False,True,False,False,True,False,False,False,4196
0.33959758147785285,-1.3039153510378674,-0.5791948967578081,0.7065022776012914,-1.281716993384189,-1.311125183603836,-0.5399179106222917,False,False,False,False,True,False,False,False,False,False,False,False,False,False,False,True,False,False,False,False,False,False,False,True,False,False,False,False,False,True,False,False,1241
1.2425942788381503,-0.051946760258679274,0.9917590714463347,-1.196281634315374,1.6041878183540208,1.0926602216560322,1.367598260822597,False,False,False,False,False,False,False,False,False,False,False,False,False,True,False,False,False,False,True,False,False,False,False,False,True,False,False,False,True,False,False,False,849
0.7114197509791518,0.4846112072181156,1.4849655498360073,-1.1407258996608727,1.1074190643829853,1.7075820695132082,-1.084922531035117,False,False,False,False,False,False,False,False,False,False,False,True,False,False,False,False,False,False,False,False,False,True,False,False,False,False,False,False,False,False,False,True,88699
0.15368649672720341,-0.7375486075901394,1.5397662696570822,-0.33516774717060566,-1.1155317627392023,-0.6263258530356174,-0.8124202208287044,False,False,False,False,False,False,False,False,False,False,True,False,False,False,False,False,False,False,False,True,False,False,False,True,False,False,False,False,False,True,False,False,4554
-0.4571642103106448,1.319256934404241,-1.2916042544317798,-0.29350094617972977,-0.30962274100921355,-0.4446443979869065,1.6401005710290097,False,False,False,False,False,True,False,False,False,False,False,False,False,False,True,False,False,False,False,False,False,False,False,False,False,False,False,False,False,True,False,False,1154
-0.377488031131795,0.2759497754215843,-0.26865748443838455,0.13705599739265434,-0.4918904133295215,0.3938853945456052,-0.9486713759319108,False,False,False,False,False,False,False,False,True,False,False,False,False,False,False,False,False,False,False,False,True,False,False,False,True,False,False,False,False,False,True,False,2797
-0.8821038325978435,0.4846112072181156,0.3706842468074875,0.8731694815647949,1.0591717393570208,0.7432728081008186,0.550091330203359,False,False,False,True,False,False,False,False,False,False,False,False,False,False,False,False,False,False,False,False,False,False,True,False,True,False,False,False,False,False,False,False,3907
-1.1742498229202927,-0.8865924874448047,1.6859015225132814,0.012055594420026686,0.05848647955925195,-0.40271790836028054,1.2313471057193908,False,False,False,False,False,False,False,False,False,False,False,False,False,False,False,False,False,False,False,False,False,True,False,False,False,False,False,True,True,False,False,False,61359
1.2691530052311002,0.21633222347971817,0.5533533128777367,-0.5712796194522356,-1.3031602489512841,1.3861456490424113,0.550091330203359,True,False,False,False,False,False,False,False,False,False,False,False,False,False,False,True,False,False,False,False,False,False,False,False,True,False,False,False,True,False,False,False,2393
-1.2804847284920924,-1.2741065750669343,0.9004245384112101,-1.112948032333622,0.875117129072788,0.1842529464124779,0.005086709790533665,False,True,False,False,False,False,False,False,False,False,False,False,False,False,False,False,False,False,False,True,False,False,False,False,True,False,False,False,False,False,True,False,3815
1.3753879108029,-0.5885047277354742,-0.8897323090772317,-1.6962832462058846,-0.3453615002877052,-0.19308546022715323,-0.13116444531267268,False,False,False,False,False,True,False,False,False,False,False,False,False,False,False,False,True,False,False,False,False,False,False,False,False,False,True,False,False,False,True,False,3266
1.3488291844099498,0.5442287591599817,0.9369583516252599,1.067614552855549,-0.8224739366555699,0.4917138703410654,-1.2211736861383233,False,False,False,False,False,False,False,False,False,False,False,False,True,False,False,False,False,False,False,False,True,False,False,False,False,True,False,False,False,False,False,False,1998
-0.7758689270260438,-0.6481222796773403,0.07841374109508886,-1.7518389808603856,-0.42041289477253757,1.553851607548914,-0.6761690657254981,False,False,False,True,False,False,False,False,False,False,False,False,False,False,False,False,True,False,False,False,False,False,False,False,False,False,False,True,False,False,False,False,1924
-0.058783314416395956,0.663463863043714,-0.28692439104540945,-1.154614833324498,0.015599968425061481,1.0088072424027814,-1.084922531035117,False,False,False,False,False,True,False,False,False,False,False,False,False,False,False,False,False,False,False,False,True,False,False,False,False,False,False,True,False,True,False,False,1794
0.33959758147785285,-1.125062695212269,0.8638907251971603,0.31761213501978314,-0.5365638624276362,-1.632561604074633,-1.084922531035117,False,False,False,True,False,False,False,False,False,False,False,False,False,False,False,False,False,False,True,False,False,False,False,False,False,False,False,True,False,False,False,True,559
1.5081815427676495,-0.4394608478808089,-0.6887963363999576,-1.2379484353062498,-0.8975253311404029,-0.6123503564934091,0.005086709790533665,False,False,False,False,False,False,False,False,False,False,False,False,False,True,False,False,False,False,False,True,False,False,False,False,False,False,True,False,False,False,False,False,6007
-0.5899578422753944,-1.1846802471541351,-0.7618639628280572,1.6092829657369354,-0.338213748432007,-0.1232079775161108,-0.26741560041587903,False,True,False,False,False,False,False,False,False,False,False,False,False,False,True,False,False,False,False,False,False,False,False,False,False,False,False,False,False,False,True,False,2011
0.41927376065670263,0.3653761033343834,0.16974827413021346,-1.5018381749151304,-1.6909257871229202,-0.6682523426622433,-0.6761690657254981,False,False,False,False,False,False,False,False,False,False,False,False,True,False,False,False,False,False,False,False,False,False,True,False,True,False,False,False,False,False,False,False,4197
0.5520673926214522,1.289448158433308,1.357097203586833,1.1231702875100502,0.9930550346918116,0.6733953253897762,-0.6761690657254981,False,False,False,False,False,False,False,False,False,False,False,False,False,False,False,False,False,False,False,False,False,False,True,False,False,True,False,False,True,False,False,False,3596
-1.3336021812779921,-1.5125767828343988,1.2474957639446835,0.4426125379924108,-1.1494835840537698,1.12061121474045,-1.6299271514479423,False,False,False,False,False,False,False,True,False,False,False,False,False,False,False,False,False,False,False,False,False,True,False,True,False,False,False,False,False,False,False,True,59463
-0.32437057834589517,0.5442287591599817,1.2474957639446835,-0.16850054320710214,-1.6015788889266906,0.7851992977274447,0.005086709790533665,False,False,False,False,False,False,True,False,False,False,False,False,False,False,False,False,False,False,False,False,False,True,False,False,False,False,False,False,False,True,False,False,86979
0.9504482885157011,1.259639382462375,-1.1637359081826053,0.9426141498829214,0.569550737241684,1.6796310764287905,-1.084922531035117,False,False,False,False,False,False,False,False,False,False,False,False,False,False,False,False,True,False,False,False,False,False,False,False,True,False,False,False,True,False,False,False,4346
0.8442133829439014,0.21633222347971817,-0.4330596439016088,-0.5573906857886104,0.9984158485835855,-0.8219828046265377,1.0950959506161844,False,False,False,False,False,False,False,True,False,False,False,False,False,False,False,False,False,False,False,False,True,False,False,False,False,False,True,False,True,False,False,False,2050
-1.7054243507792912,-0.5288871757936081,1.2109619507306337,0.5953908082922891,1.141370885697552,1.2883171732469525,-0.6761690657254981,True,False,False,False,False,False,False,False,False,False,False,False,False,False,True,False,False,False,False,False,False,False,False,False,True,False,False,False,False,False,False,True,1260
0.7379784773721016,0.4846112072181156,-0.2321236712243347,-0.05738907389809978,-0.000482473250259784,0.9109787666073212,0.550091330203359,False,False,False,False,False,False,False,False,False,False,False,True,False,False,False,False,False,False,False,False,True,False,False,False,True,False,False,False,False,True,False,False,2568
-0.19157694638114556,0.8721252948402453,-1.1272020949685555,-0.6268353541067369,-1.026184864542973,-0.5005463841557407,1.367598260822597,False,False,False,False,False,False,False,False,False,True,False,False,False,False,False,False,False,False,False,True,False,False,False,False,False,False,True,False,False,False,True,False,5161
0.07401031754835365,0.3355673273634504,0.3524173402004626,0.37316786967428434,0.8679693772170899,0.7991747942696529,1.367598260822597,False,False,False,False,False,False,False,False,False,True,False,False,False,False,False,False,False,False,False,False,False,False,False,False,False,False,False,True,False,True,False,False,3404
1.4019466371958498,0.06728834362505293,-0.8531984958631819,0.1926117320471555,0.7339490299227458,-1.4089536593992962,0.005086709790533665,False,False,False,False,False,False,False,False,False,True,False,False,False,False,False,False,False,False,False,False,False,False,True,False,False,False,False,True,False,False,False,False,2214
0.6848610245862019,-0.9760188153576038,0.07841374109508886,-0.9601697620337439,-0.8814428894650815,0.9808562493183637,-0.5399179106222917,False,False,False,False,False,False,False,False,True,False,False,False,False,False,True,False,False,False,False,False,False,False,False,False,False,True,False,False,True,False,False,False,1069
-0.5633991158824445,0.3653761033343834,-0.7435970562210323,0.262056400365282,1.4594458432761288,0.08642447061701776,-1.4936759963447361,False,False,False,False,True,False,False,False,False,False,False,False,False,False,False,False,False,False,False,True,False,False,False,False,False,True,False,False,False,False,False,False,4967
-1.121132370134393,1.319256934404241,0.8273569119831105,-0.8351693590611162,-1.3871463332557397,-0.752105321915494,0.8225936404097717,False,False,True,False,False,False,False,False,False,False,False,False,False,False,False,False,False,False,False,False,False,False,False,False,False,False,False,True,False,False,True,False,2679
0.6583022981932519,0.7230814149855801,-0.34172511086648416,-0.07127800756172507,1.7417820415762135,0.5196648634254819,0.9588447955129781,False,False,False,False,False,False,False,False,False,False,True,False,False,False,False,False,False,False,False,False,False,True,False,False,False,False,False,False,False,False,False,False,56142
0.7379784773721016,0.3355673273634504,-0.9445330288983064,-0.5573906857886104,1.3057691783786145,0.46376287725664767,0.550091330203359,False,False,False,False,False,False,False,False,False,False,True,False,False,False,False,False,False,False,False,False,False,False,False,True,False,False,False,False,False,True,False,False,2629
-0.21813567277409548,1.4384920382879733,-0.28692439104540945,0.05372239541090257,0.6928494567524801,-1.0455907493018746,-0.8124202208287044,False,False,False,False,True,False,False,False,False,False,False,False,False,False,False,True,False,False,False,False,False,False,False,False,True,False,False,False,False,False,False,False,1860
1.640975174732399,-0.8865924874448047,0.699488565733936,-1.0018365630246198,1.5863184387147748,-1.6605125971590495,-1.3574248412415297,False,False,False,False,False,False,False,False,False,True,False,False,False,False,True,False,False,False,False,False,False,False,False,True,False,False,False,False,False,False,True,False,1719
-1.5726307188145414,1.4384920382879733,1.7224353357273312,-0.5296128184613598,0.8143612382993527,-0.26296294293819567,0.8225936404097717,False,False,False,False,False,False,True,False,False,False,False,False,False,False,False,False,False,False,False,False,False,False,False,False,True,False,False,False,False,False,True,False,2049
-0.5102816630965447,1.319256934404241,0.3889511534145124,1.2759485578099283,-1.0797930034607108,0.2122039394968944,0.8225936404097717,False,False,False,False,False,False,False,False,False,False,False,False,True,False,False,False,True,False,False,False,False,False,False,False,False,False,False,True,False,False,True,False,3004
-0.3509293047388451,0.21633222347971817,-0.7435970562210323,-0.9601697620337439,-0.18275014557056768,1.2883171732469525,1.5038494159258033,False,True,False,False,False,False,False,False,False,False,False,False,False,False,False,True,False,False,False,False,False,False,False,False,False,True,False,False,False,True,False,False,2144
-0.749310200633094,-1.1846802471541351,1.2657626705517084,1.5120604300915583,-1.5032973009108384,1.4699986282956632,-0.5399179106222917,False,False,False,False,False,False,False,False,False,False,False,False,True,False,False,False,False,False,False,False,False,True,False,False,False,False,False,False,False,False,True,False,87432
-0.3509293047388451,0.2759497754215843,1.5397662696570822,-0.8907250937156174,-0.3703786317826495,0.07244897407480952,-0.4036667555190854,False,True,False,False,False,False,False,False,False,False,False,False,False,False,False,False,False,False,False,False,False,False,False,False,False,True,False,False,True,False,False,False,2124
-0.48372293670359473,-0.022137984287746222,1.1561612309095588,-0.5018349511341091,0.8840518188924118,0.8550767804384871,0.14133786489374,False,False,False,False,False,False,False,False,False,False,False,False,True,False,False,False,True,False,False,False,False,False,False,True,False,False,False,False,False,False,True,False,2480
0.7645372037650516,0.3355673273634504,-0.10425532497516028,-1.0435033640154956,-0.38110025956619686,-0.23501194985377918,0.6863424853065654,False,False,True,False,False,False,False,False,False,False,False,False,False,False,False,False,True,False,False,False,False,False,False,False,False,True,False,False,False,False,False,False,4389
-0.058783314416395956,1.6173446941135716,0.29761662037938785,1.4426157617734319,-0.5812373115257509,0.8411012838962788,0.27758901999694635,False,False,False,False,False,False,False,False,True,False,False,False,False,False,False,False,False,False,False,False,False,False,True,False,False,False,False,True,False,False,False,False,2819
0.7114197509791518,-0.051946760258679274,0.8821576318041852,1.248170690482678,0.36226593342643176,-1.0595662458440827,-1.6299271514479423,False,False,False,False,False,False,False,False,True,False,False,False,False,False,False,False,False,False,False,True,False,False,False,False,False,False,False,False,False,False,False,False,5947
1.5612989955535492,-0.6481222796773403,-0.4330596439016088,-0.015722272907223903,1.3486556895128037,-0.47259539107132426,1.6401005710290097,False,False,False,False,False,False,False,False,False,True,False,False,False,False,False,False,False,False,False,True,False,False,False,True,False,False,False,False,False,True,False,False,5563
-0.722751474240144,0.06728834362505293,0.49855259305666194,-1.432393506597004,-1.5890703231792185,0.4497873807144394,-0.9486713759319108,True,False,False,False,False,False,False,False,False,False,False,False,False,False,False,False,False,False,False,False,False,False,False,False,False,False,False,False,False,False,False,False,2154
-1.6523068979933913,0.9913603987239775,-0.4695934571156586,-0.7657246907429898,-0.38467413549404594,-1.7024390867856753,0.27758901999694635,False,False,False,False,False,False,False,True,False,False,False,False,False,False,False,False,False,False,False,False,False,False,False,False,True,False,False,False,False,True,False,False,2641
1.587857721946499,-0.8567837114738717,-0.5791948967578081,-1.6407275115513833,-1.1941570331518845,0.757248304643027,1.6401005710290097,True,False,False,False,False,False,False,False,False,False,False,False,False,False,False,False,False,False,False,False,False,False,False,False,False,True,False,False,False,True,False,False,3255
-1.6788656243863411,0.3653761033343834,1.740702242334356,-0.2379452115252286,0.7196535262113494,1.1485622078248663,-0.9486713759319108,False,False,False,False,False,True,False,False,False,False,False,False,False,False,False,False,False,False,False,False,True,False,False,False,False,False,False,False,False,False,True,False,2036
-0.058783314416395956,0.42499365527624955,-0.3965258306875589,0.5259461399741625,-1.3817855193639663,-0.3747669152758641,0.6863424853065654,False,False,False,False,False,False,False,False,True,False,False,False,False,False,False,False,False,False,False,False,False,True,False,False,False,False,True,False,True,False,False,False,58388
-0.9883387381696432,-1.0058275913285368,1.0830936044814592,-0.4601681501432333,0.6106503104119496,-0.20706095676936148,-1.6299271514479423,False,False,False,False,False,False,False,False,True,False,False,False,False,False,False,False,False,False,False,False,False,True,False,False,False,True,False,False,False,False,True,False,88835
1.322270458017,1.1404042785786428,1.758969148941381,-0.14072267587985154,-0.7384878523511145,1.2044641939937004,1.5038494159258033,False,False,False,False,False,False,False,False,False,False,False,False,False,False,False,False,True,False,False,False,False,False,False,False,True,False,False,False,False,False,True,False,3295
-1.466395813242742,0.18652344750878513,1.0648266978744343,-0.6129464204431115,-1.0494150580739932,0.938929759691739,-1.3574248412415297,False,False,False,False,False,False,False,False,False,False,False,False,False,False,False,False,False,False,False,False,False,True,False,False,False,False,False,False,False,True,False,False,76700
0.8176546565509515,1.6769622460554376,-1.1454690015755804,0.7481690785921673,1.577383748895151,-0.7660808184577035,0.550091330203359,False,False,False,False,False,False,False,True,False,False,False,False,False,False,False,False,False,False,False,False,False,False,False,True,False,False,False,False,False,True,False,False,3524
0.9504482885157011,-1.5721943347762648,1.740702242334356,-0.6546132214339874,-1.6927127250868443,-0.6403013495778268,0.4138401751001527,False,False,False,False,False,False,False,False,False,False,False,False,False,True,False,False,False,False,False,True,False,False,False,False,True,False,False,False,False,False,False,False,4704
-1.2008085493132425,-1.2144890231250682,0.9734921648393098,0.3453900023470337,-0.19883258724588895,0.6035178426787338,-0.6761690657254981,False,False,False,False,False,True,False,False,False,False,False,False,False,False,False,False,False,False,False,True,False,False,False,False,False,False,True,False,False,False,False,False,5256
-0.722751474240144,-1.4529592308925328,0.060146834488063954,1.5120604300915583,-1.681991097303297,0.19822844295468617,0.550091330203359,True,False,False,False,False,False,False,False,False,False,False,False,False,False,True,False,False,False,False,False,False,False,False,False,False,False,False,False,False,False,True,False,2339
0.9504482885157011,0.9913603987239775,-0.6705294297929326,0.3037232013561579,-0.03622123252875142,-1.1993212112661675,-0.6761690657254981,False,False,False,False,False,False,True,False,False,False,False,False,False,False,False,False,False,False,False,False,False,False,True,False,False,False,False,True,False,False,False,True,2912
-0.5368403894894945,-1.4231504549215996,-0.7253301496140074,-0.37683454816148154,0.026321596208609417,-0.696203335746661,0.550091330203359,False,False,False,False,False,False,False,False,False,False,False,False,False,False,False,False,True,False,False,False,False,False,False,False,False,True,False,False,False,False,False,True,2817
-0.005665861630496114,1.1404042785786428,-1.5656078535371536,-1.2101705679789991,-0.6134021948763934,1.372170152500203,1.6401005710290097,False,False,False,False,False,False,True,False,False,False,False,False,False,False,False,False,False,False,False,False,False,True,False,True,False,False,False,False,False,False,False,False,85789
0.6583022981932519,0.18652344750878513,0.07841374109508886,-0.33516774717060566,-1.287077807275963,0.6314688357631503,-0.5399179106222917,False,False,False,True,False,False,False,False,False,False,False,False,False,False,True,False,False,False,False,False,False,False,False,False,False,False,False,True,False,False,False,True,1179
1.1894768260522504,0.5442287591599817,0.3706842468074875,1.5537272310824344,-0.4168390188446885,1.6656555798865824,-0.13116444531267268,False,False,False,False,False,False,False,False,False,False,False,False,False,False,True,False,False,False,False,False,False,False,False,False,False,False,False,False,False,False,False,False,1307
0.41927376065670263,1.259639382462375,0.5898871260917865,-0.9046140273792427,0.635667441906894,0.9109787666073212,1.6401005710290097,False,False,True,False,False,False,False,False,False,False,False,False,False,False,False,False,True,False,False,False,False,False,False,False,False,False,False,False,False,True,False,False,4227
1.5081815427676495,0.7528901909565131,1.594566989478157,0.9842809508737973,1.0287937939703025,1.511925117922288,0.8225936404097717,False,False,False,False,False,False,False,False,False,False,False,False,False,True,False,False,False,False,False,False,True,False,False,False,True,False,False,False,False,False,True,False,2860
0.8707721093368513,0.18652344750878513,0.7177554723409609,-0.8073914917338656,0.13175093608016009,-1.0176397562174568,-1.2211736861383233,False,False,False,False,False,True,False,False,False,False,False,False,False,False,True,False,False,False,False,False,False,False,False,False,False,False,False,False,True,False,False,False,2005
-0.8289863798119437,-0.20099064011334453,1.2657626705517084,0.2065006657107808,0.3426096158232614,0.9249542631495296,1.0950959506161844,False,False,False,False,False,False,False,False,False,False,False,True,False,False,False,False,False,False,False,False,True,False,False,True,False,False,False,False,False,False,True,False,1363
0.977007014908651,0.24614099945065124,1.2474957639446835,1.637060833064186,-1.0440542441822191,-1.7024390867856753,1.2313471057193908,False,False,False,False,False,False,False,True,False,False,False,False,False,False,True,False,False,False,False,False,False,False,False,False,False,False,False,True,False,False,False,False,1459
1.667533901125349,0.693272639014647,0.5168194996636868,-0.2518341451888539,-0.7349139764232653,0.575566849594316,1.6401005710290097,False,False,False,True,False,False,False,False,False,False,False,False,False,False,True,False,False,False,False,False,False,False,False,True,False,False,False,False,False,False,False,False,1131
-1.0945736437414428,1.378874486346107,-0.9993337487193812,0.5953908082922891,-1.1816484674044123,-0.13718347405831904,-0.26741560041587903,False,False,False,False,False,False,False,False,False,False,False,True,False,False,False,False,False,False,False,False,False,False,True,False,False,False,True,False,False,False,True,False,3325
-0.6165165686683444,0.5740375351309148,0.5350864062707118,0.7065022776012914,-0.8707212616815343,-0.556448370324575,-1.2211736861383233,False,False,False,False,False,True,False,False,False,False,False,False,False,False,False,False,False,False,False,False,False,False,True,False,False,False,True,False,False,False,False,False,3221
0.4723912134426025,-0.8269749355029385,-1.2185366280036802,0.8592805479011696,-0.9582812219138388,1.2463906836203265,0.14133786489374,True,False,False,False,False,False,False,False,False,False,False,False,False,False,False,False,False,False,False,False,False,False,False,False,False,True,False,False,False,False,False,True,2511
-0.40404675752474495,0.9615516227530445,0.6629547525198861,-1.7101721798695098,0.09243830087381871,1.2184396905359087,0.14133786489374,False,False,False,False,False,False,False,False,False,True,False,False,False,False,False,False,False,False,False,True,False,False,False,False,False,True,False,False,False,False,False,True,3041
1.6940926275182988,-1.2442977990960014,-1.6204085733582283,-0.7657246907429898,0.24611496577133318,-1.688463590243467,-0.9486713759319108,False,False,True,False,False,False,False,False,False,False,False,False,False,False,False,False,True,False,False,False,False,False,False,False,False,False,True,False,False,False,False,False,3944
1.587857721946499,-0.11156431220054537,-0.9810668421123562,1.2342817568190525,1.6077616942818693,0.3519589049189793,0.550091330203359,False,False,False,False,False,True,False,False,False,False,False,False,False,False,False,False,False,False,False,False,True,False,False,False,False,False,False,False,False,False,False,False,2495
0.07401031754835365,1.5279183662007725,-0.7070632430069825,1.0537256191919238,-1.0619236238214647,-0.48657088761353245,-1.4936759963447361,False,False,True,False,False,False,False,False,False,False,False,False,False,False,False,True,False,False,False,False,False,False,False,True,False,False,False,False,False,False,False,True,1280
-1.5195132660286417,1.0211691746949105,1.2474957639446835,-1.529616042242381,0.5284511640714183,-0.31886492910702985,-0.6761690657254981,False,False,False,False,True,False,False,False,False,False,False,False,False,False,False,False,True,False,False,False,False,False,False,False,False,False,True,False,False,False,False,False,3716
-1.7054243507792912,-0.6779310556482734,-1.0906682817545057,-0.18238947687072743,1.1538794514450241,1.134586711282658,-1.2211736861383233,False,False,True,False,False,False,False,False,False,False,False,False,False,False,False,False,False,False,False,False,True,False,False,False,False,True,False,False,False,False,False,False,1442
-1.4929545396356918,1.259639382462375,-1.3281380676458296,-0.5851685531158609,0.23718027595171073,-0.696203335746661,-0.4036667555190854,False,False,False,False,False,False,True,False,False,False,False,False,False,False,False,False,False,False,False,True,False,False,False,False,False,False,True,False,False,False,True,False,4821
1.2691530052311002,-0.9760188153576038,-1.4012056940739293,-0.9740586956973691,-0.8510649440783633,1.5259006144644975,-0.8124202208287044,False,False,False,False,True,False,False,False,False,False,False,False,False,False,False,False,False,False,False,True,False,False,False,False,False,False,False,False,True,False,False,False,5909
0.2599214022990031,-0.1711818641424115,1.0282928846603845,1.2620596241463031,-0.8224739366555699,-1.1434192250973334,-1.2211736861383233,False,False,False,False,False,False,False,False,False,False,False,False,True,False,False,False,False,False,False,True,False,False,False,False,False,False,True,False,False,False,False,True,5454
0.4989499398355524,-1.2442977990960014,1.4666986432289824,-0.27961201251610446,-1.6194482685659362,0.5476158565098996,0.4138401751001527,False,False,False,False,False,False,False,False,False,False,False,True,False,False,False,False,False,False,False,False,True,False,False,True,False,False,False,False,False,False,True,False,1846
-0.4571642103106448,0.8125077428983792,0.6264209393058363,-1.0990590986699968,-0.6705842097219803,0.575566849594316,0.14133786489374,False,False,False,False,False,False,False,False,False,True,False,False,False,False,False,False,False,False,False,False,False,False,True,False,False,False,False,True,True,False,False,False,2528
0.10056904394130357,-1.0058275913285368,-0.10425532497516028,0.6231686756195396,0.8947734466759584,-0.8918602873375802,0.4138401751001527,False,False,False,False,True,False,False,False,False,False,False,False,False,False,False,False,True,False,False,False,False,False,False,False,False,False,False,False,False,False,False,False,4090
0.631743571800302,-1.691429438659997,-0.19558985801028486,0.6370576092831649,-1.5890703231792185,-0.6403013495778268,1.6401005710290097,True,False,False,False,False,False,False,False,False,False,False,False,False,False,True,False,False,False,False,False,False,False,False,False,False,True,False,False,False,False,False,False,1472
-1.068014917348493,0.8125077428983792,-0.5609279901507832,1.2759485578099283,-0.9779375395170092,1.1485622078248663,-0.5399179106222917,False,False,False,True,False,False,False,False,False,False,False,False,False,False,False,False,True,False,False,False,False,False,False,True,False,False,False,False,False,False,True,False,3461
0.15368649672720341,-1.602003110747198,-1.1272020949685555,1.1231702875100502,0.7571792234537659,0.8830277735229047,-1.2211736861383233,False,False,False,False,False,True,False,False,False,False,False,False,False,False,False,False,False,False,False,False,False,True,False,False,False,False,True,False,False,False,False,False,88665
-1.6257481716004414,-1.631811886718131,-0.9262661222912815,1.6648387003914367,1.030580731934228,-0.6263258530356174,1.5038494159258033,False,True,False,False,False,False,False,False,False,False,False,False,False,False,False,False,False,False,True,False,False,False,False,False,False,False,True,False,False,True,False,False,1599
-1.3601609076709422,-0.6779310556482734,-1.4742733205020289,1.2620596241463031,-0.13628975850852812,0.08642447061701776,-0.9486713759319108,False,False,False,True,False,False,False,False,False,False,False,False,False,False,True,False,False,False,False,False,False,False,False,False,False,False,False,True,False,False,True,False,1820
1.5081815427676495,-1.5721943347762648,-0.5061272703297084,-0.14072267587985154,0.7285882160309725,-1.5626841213635894,-1.6299271514479423,False,False,False,False,False,False,False,False,False,False,False,False,True,False,False,False,False,False,False,False,False,False,False,False,False,True,False,False,True,False,False,False,3547
-1.731983077172241,-1.125062695212269,-0.3599920174735091,0.47039040531966136,-0.37573944567442286,-1.0455907493018746,-0.8124202208287044,False,False,False,True,False,False,False,False,False,False,False,False,False,False,False,False,False,False,False,True,False,False,False,False,False,True,False,False,False,False,True,False,5694
-1.6788656243863411,0.5442287591599817,0.699488565733936,-1.3351709709516268,-1.1887962192601105,-0.08128148788948483,-1.6299271514479423,False,False,False,False,False,False,False,False,True,False,False,False,False,False,False,False,False,False,False,False,False,False,True,False,True,False,False,False,False,False,False,True,2453
-0.5102816630965447,1.259639382462375,0.4072180600215373,-0.21016734419797803,-0.34000068639593123,-1.4788311421103386,0.8225936404097717,True,False,False,False,False,False,False,False,False,False,False,False,False,False,True,False,False,False,False,False,False,False,False,False,False,True,False,False,False,False,True,False,1299
0.7645372037650516,0.9019340708111784,0.8090900053760854,-1.112948032333622,0.30687085654476914,1.176513200909284,-0.6761690657254981,False,True,False,False,False,False,False,False,False,False,False,False,False,False,False,False,False,False,False,False,False,True,False,False,False,False,False,True,False,False,False,False,58883
-1.413278360456842,-0.9760188153576038,0.24281590055831312,0.09538919640177845,1.6184833220654173,0.7432728081008186,1.6401005710290097,False,False,False,False,True,False,False,False,False,False,False,False,False,False,False,True,False,False,False,False,False,False,False,False,True,False,False,False,False,False,False,False,1149
1.4285053635887996,-0.11156431220054537,1.576300082871132,-0.2657230788524792,-1.5140189286943855,1.5259006144644975,-1.3574248412415297,False,False,False,False,True,False,False,False,False,False,False,False,False,False,False,False,False,False,False,False,False,False,True,False,True,False,False,False,False,True,False,False,4331
-0.29781185195294524,-0.5885047277354742,-1.4012056940739293,-0.7657246907429898,0.049551789739628885,0.6454443323053598,-1.6299271514479423,False,False,False,False,True,False,False,False,False,False,False,False,False,False,False,False,False,False,False,False,True,False,False,False,False,False,True,False,False,True,False,False,2239
-0.005665861630496114,0.7528901909565131,-0.26865748443838455,-0.7796136244066151,-0.5865981254175249,1.511925117922288,-1.6299271514479423,False,False,False,False,False,False,False,False,False,False,False,False,True,False,False,False,False,False,False,False,False,True,False,False,False,False,True,False,False,True,False,False,84706
0.631743571800302,-0.7673573835610725,0.5898871260917865,0.4842793389832867,0.05312566566747798,0.17027744987026844,-0.8124202208287044,False,False,False,False,False,False,True,False,False,False,False,False,False,False,False,False,False,False,False,False,False,True,False,False,False,True,False,False,True,False,False,False,81841
-0.1119007672022958,-1.3337241270088005,0.699488565733936,-0.2657230788524792,-1.673056407483674,0.3240079118345628,1.0950959506161844,False,False,False,False,False,False,False,False,False,False,False,True,False,False,False,False,False,False,False,False,False,True,False,False,True,False,False,False,False,True,False,False,77907
0.9504482885157011,-0.08175553622961232,1.0830936044814592,-1.0296144303518704,-0.643780140263111,1.6377045868021658,0.005086709790533665,False,False,False,False,False,True,False,False,False,False,False,False,False,False,False,True,False,False,False,False,False,False,False,False,False,False,True,False,True,False,False,False,2025
-1.5460719924215915,1.229830606491442,0.8821576318041852,0.2065006657107808,1.1628141412646467,0.47773837379885714,-1.6299271514479423,False,False,False,False,False,False,False,False,False,False,False,False,False,True,True,False,False,False,False,False,False,False,False,False,False,False,False,True,False,True,False,False,1135
0.8176546565509515,0.663463863043714,0.6812216591269111,-1.5435049759060062,0.2157370203846155,-1.6605125971590495,0.4138401751001527,False,False,False,False,False,False,False,False,False,False,True,False,False,False,False,False,True,False,False,False,False,False,False,False,False,False,True,False,True,False,False,False,4248
1.3488291844099498,-1.125062695212269,0.3524173402004626,0.6092797419559143,-0.15415913814777424,0.757248304643027,1.2313471057193908,False,False,False,False,False,False,False,False,False,False,False,True,False,False,False,False,False,False,False,True,False,False,False,False,False,False,False,False,False,False,True,False,5174
-0.058783314416395956,-0.37984329593894284,0.6264209393058363,-0.15461160954347683,-0.7420617282789636,1.3861456490424113,1.2313471057193908,False,False,False,False,False,False,False,False,False,False,False,False,True,False,True,False,False,False,False,False,False,False,False,False,False,False,False,False,False,False,True,False,1645
-1.2008085493132425,-1.2741065750669343,-1.3098711610388047,-0.7518357570793645,-0.6973882791808488,1.0088072424027814,0.14133786489374,False,False,False,False,False,False,False,True,False,False,False,False,False,False,False,False,True,False,False,False,False,False,False,False,False,False,True,False,False,False,False,False,1760
1.29571173162405,1.5279183662007725,0.9917590714463347,-0.7379468234157391,-0.393608825313669,0.2681059256657286,-1.2211736861383233,True,False,False,False,False,False,False,False,False,False,False,False,False,False,False,False,False,False,True,False,False,False,False,False,True,False,False,False,True,False,False,False,1529
0.4989499398355524,-1.2741065750669343,-0.06772151176111045,-0.6407242877703622,1.2182092181463093,0.575566849594316,1.367598260822597,False,False,False,False,False,True,False,False,False,False,False,False,False,False,False,False,False,False,False,False,False,True,False,False,True,False,False,False,False,False,False,True,85693
-1.2273672757061924,0.7528901909565131,-0.834931589256157,-1.5990607105605075,1.6881739026584763,1.6936065729710001,1.367598260822597,False,False,False,False,False,False,False,False,False,False,False,True,False,False,False,False,False,False,False,False,False,True,False,True,False,False,False,False,False,False,False,False,73471
-1.5460719924215915,-0.8865924874448047,1.0465597912674094,0.012055594420026686,-0.19525871131803985,-1.4508801490259209,-0.13116444531267268,False,False,False,False,False,False,False,False,False,True,False,False,False,False,False,False,False,False,True,False,False,False,False,False,False,False,False,False,False,False,True,False,1135
-0.21813567277409548,0.9913603987239775,1.2474957639446835,-0.7935025580702404,-0.35787006603517735,0.5615913530521078,1.6401005710290097,False,False,False,False,False,False,False,False,False,False,False,False,True,False,True,False,False,False,False,False,False,False,False,False,False,False,False,True,True,False,False,False,1713
-0.5368403894894945,-1.5125767828343988,1.2292288573376586,0.27594533402890725,1.25752185335265,-0.7800563149999117,-0.13116444531267268,False,False,False,False,False,False,False,False,True,False,False,False,False,False,False,False,False,False,False,True,False,False,False,False,True,False,False,False,False,True,False,False,4112
-0.9352212853837434,0.8721252948402453,-0.14078913818921013,1.4981714964279331,-0.2381452224522297,0.46376287725664767,0.550091330203359,False,False,False,False,False,False,False,False,False,False,True,False,False,False,False,False,False,False,True,False,False,False,False,False,False,True,False,False,False,False,False,True,744
0.7114197509791518,-1.661620662689064,1.357097203586833,-1.196281634315374,0.20858926852891732,0.3519589049189793,1.0950959506161844,False,False,False,False,False,False,False,False,True,False,False,False,False,False,True,False,False,False,False,False,False,False,False,False,False,False,False,False,False,False,True,False,1621
-1.5195132660286417,0.9019340708111784,0.6446878459128612,0.7481690785921673,-0.9368379663467435,-1.2412477008927936,0.27758901999694635,False,False,False,False,True,False,False,False,False,False,False,False,False,False,False,False,True,False,False,False,False,False,False,False,False,False,False,True,False,False,False,False,1866
-1.3601609076709422,-1.1846802471541351,-0.378258924080534,0.4148346706651602,0.89119957074811,-1.0455907493018746,-0.4036667555190854,False,False,False,False,False,False,False,False,False,False,True,False,False,False,False,False,False,False,False,True,False,False,False,False,False,False,False,True,True,False,False,False,4396
0.7379784773721016,1.1404042785786428,-0.9262661222912815,0.9842809508737973,0.1371117499719334,0.3938853945456052,-1.3574248412415297,False,False,False,False,False,False,False,False,False,False,False,True,False,False,False,False,False,False,False,True,False,False,False,False,True,False,False,False,False,False,False,True,5293
-0.9883387381696432,0.21633222347971817,-1.5290740403231038,-0.9462808283701186,1.1235015060583058,-1.3251006801460443,1.367598260822597,False,False,False,False,False,False,False,False,False,True,False,False,False,False,False,False,True,False,False,False,False,False,False,False,False,False,False,True,True,False,False,False,2643
0.3661563078708028,0.6038463111018478,-1.2368035346107051,-0.5296128184613598,1.0234329800785298,-0.8499337977109541,0.9588447955129781,False,False,False,False,True,False,False,False,False,False,False,False,False,False,False,False,False,True,False,False,False,False,False,False,True,False,False,False,False,True,False,False,840
-0.8024276534189938,0.8125077428983792,-1.656942386572278,1.6926165677186873,-0.9922330432284062,1.1485622078248663,0.9588447955129781,False,False,False,False,False,False,False,False,False,False,False,False,False,True,False,False,False,False,False,False,False,True,False,False,False,False,True,False,False,False,False,False,67080
0.4723912134426025,0.4548024312471826,-1.3464049742528545,0.9009473488920455,0.7911310447683326,-0.6263258530356174,-0.13116444531267268,True,False,False,False,False,False,False,False,False,False,False,False,False,False,False,False,False,False,False,False,True,False,False,False,False,False,False,False,True,False,False,False,1978
1.1363593732663506,0.693272639014647,-1.3281380676458296,-1.432393506597004,1.0913366227076633,-0.0673059913472766,-1.6299271514479423,False,False,False,False,False,False,False,True,False,False,False,False,False,False,False,False,False,False,False,False,False,False,False,True,False,False,False,False,False,False,True,False,2888
1.3753879108029,-1.095253919241336,-0.4147927372945838,1.248170690482678,-0.5258422346440882,1.511925117922288,-1.6299271514479423,False,False,False,False,False,True,False,False,False,False,False,False,False,False,False,True,False,False,False,False,False,False,False,False,False,False,True,False,False,False,False,False,2158
-0.7758689270260438,-0.37984329593894284,-1.3829387874669044,0.2342785330380314,-1.1441227701619958,-0.9757132665908308,-0.4036667555190854,False,False,False,False,False,False,True,False,False,False,False,False,False,False,False,False,False,False,False,False,False,False,True,False,False,False,False,False,False,False,True,False,4077
0.5255086662285023,1.6173446941135716,0.5716202194847616,0.734280144928542,-1.7498947399324312,-0.41669340490249,0.6863424853065654,False,False,False,False,False,False,False,False,True,False,False,False,False,False,False,False,False,False,False,True,False,False,False,False,True,False,False,False,True,False,False,False,4250
0.1271277703342535,0.9615516227530445,-0.06772151176111045,-0.6546132214339874,-0.15237220018384937,0.3519589049189793,0.27758901999694635,False,False,False,False,False,False,False,False,True,False,False,False,False,False,False,False,False,False,False,True,False,False,False,False,False,False,False,False,False,False,False,False,5625
0.7114197509791518,-1.3635329029797336,0.023613021274014122,0.09538919640177845,-0.5026120411130688,0.8690522769806953,-1.4936759963447361,False,False,False,False,True,False,False,False,False,False,False,False,False,False,False,False,False,False,False,False,False,False,True,False,True,False,False,False,False,False,True,False,2718
0.3661563078708028,-0.7673573835610725,-0.15905604479623503,0.5259461399741625,0.21752395834853974,1.372170152500203,0.550091330203359,False,False,True,False,False,False,False,False,False,False,False,False,False,False,False,False,False,True,False,False,False,False,False,False,False,False,True,False,False,True,False,False,1368
0.9504482885157011,-1.602003110747198,0.699488565733936,1.1926149558281767,-1.0887276932803338,1.4280721386690374,-0.6761690657254981,False,False,False,False,False,False,False,False,False,False,True,False,False,False,False,False,True,False,False,False,False,False,False,False,False,True,False,False,False,True,False,False,3534
-1.386719634063892,0.9317428467821114,-0.10425532497516028,0.06761132907452785,1.3039822404146888,0.938929759691739,1.2313471057193908,False,False,False,False,False,False,False,False,False,False,False,False,False,False,False,False,True,False,False,False,False,False,False,False,False,True,False,False,True,False,False,False,2941
1.3488291844099498,0.5442287591599817,-0.7618639628280572,1.3731710934553054,-0.840343316294816,-0.9757132665908308,1.2313471057193908,False,False,False,False,False,False,False,False,False,False,False,False,False,True,False,False,False,False,False,False,True,False,False,False,False,False,False,False,False,False,False,False,2689
0.18024522312015334,-0.9462100393866708,-0.19558985801028486,-0.4879460174704839,-0.9511334700581406,-1.688463590243467,-0.5399179106222917,False,False,False,False,False,True,False,False,False,False,False,False,False,False,False,False,False,True,False,False,False,False,False,False,False,True,False,False,False,False,False,True,1096
0.6583022981932519,0.5740375351309148,1.119627417695509,0.5398350736377878,-0.04515592234837448,-0.43066890144469827,1.0950959506161844,False,False,False,False,False,False,False,False,False,False,True,False,False,False,False,False,False,True,False,False,False,False,False,False,True,False,False,False,False,False,False,False,1014
0.631743571800302,-1.03563636729947,1.6676346159062565,0.5815018746286638,0.01917384435291058,-1.2831741905194196,0.9588447955129781,False,False,True,False,False,False,False,False,False,False,False,False,False,False,False,False,False,False,False,False,False,True,False,False,False,False,False,True,False,True,False,False,83996
-0.9883387381696432,0.24614099945065124,-1.5473409469301287,-0.4879460174704839,-0.9922330432284062,0.7153218150164022,-0.26741560041587903,False,False,False,True,False,False,False,False,False,False,False,False,False,False,False,False,False,False,False,False,True,False,False,False,True,False,False,False,False,False,True,False,1582
-0.4571642103106448,1.5577271421717054,1.3205633903727831,-0.6407242877703622,-0.7903090533049273,0.5336403599676913,-0.9486713759319108,False,False,False,False,False,False,False,False,False,False,True,False,False,False,False,False,False,False,False,False,True,False,False,False,False,False,False,True,False,False,False,True,1602
0.15368649672720341,1.6769622460554376,0.5168194996636868,0.2065006657107808,-1.1548443979455438,-1.6185861075324235,1.5038494159258033,False,False,False,False,False,False,True,False,False,False,False,False,False,False,False,True,False,False,False,False,False,False,False,False,False,False,True,False,True,False,False,False,1163
-0.6430752950612942,0.12690589556691903,1.137894324302534,-0.7796136244066151,0.8018526725518805,1.1485622078248663,0.14133786489374,False,False,False,False,False,True,False,False,False,False,False,False,False,False,True,False,False,False,False,False,False,False,False,True,False,False,False,False,False,False,False,True,1171
-0.6430752950612942,1.6173446941135716,1.4666986432289824,1.2065038894918019,0.9859072828361133,-0.9058357838797884,-1.6299271514479423,False,False,False,False,False,False,False,False,False,False,False,True,False,False,False,False,False,False,False,False,False,False,True,False,False,False,False,True,True,False,False,False,2849
1.030124467694551,1.0509779506658437,-1.6204085733582283,0.7203912112649167,-0.11127262701358441,-0.26296294293819567,-0.8124202208287044,False,False,False,False,False,False,False,False,False,False,False,False,False,True,False,False,False,True,False,False,False,False,False,False,False,True,False,False,False,False,False,True,1300
-1.041456190955543,1.2000218305205088,-0.1225222315821852,-0.8629472263883669,0.7857702308765586,0.5615913530521078,1.5038494159258033,False,False,True,False,False,False,False,False,False,False,False,False,False,False,False,False,False,False,False,True,False,False,False,False,True,False,False,False,True,False,False,False,3605
-0.21813567277409548,-0.3202257439970767,0.6446878459128612,1.303726425137179,0.8626085633253159,-0.2769384394804039,-0.5399179106222917,False,False,False,True,False,False,False,False,False,False,False,False,False,False,False,False,False,False,False,False,True,False,False,False,False,False,True,False,True,False,False,False,1476
-0.5368403894894945,0.12690589556691903,0.31588352698641275,-1.0435033640154956,-1.2656345517088676,-0.23501194985377918,-0.26741560041587903,True,False,False,False,False,False,False,False,False,False,False,False,False,False,False,True,False,False,False,False,False,False,False,False,False,True,False,False,False,False,False,True,2033
-0.005665861630496114,0.5740375351309148,0.1149475543091387,1.3315042924644296,1.6846000267306267,-1.548708624821381,1.5038494159258033,False,True,False,False,False,False,False,False,False,False,False,False,False,False,False,False,False,False,False,False,True,False,False,False,False,False,True,False,False,False,False,True,2536
-1.0945736437414428,-1.3933416789506665,-1.017600655326406,-1.349059904615252,1.1663880171924963,-0.3747669152758641,1.367598260822597,False,False,True,False,False,False,False,False,False,False,False,False,False,False,False,False,False,False,False,False,True,False,False,True,False,False,False,False,True,False,False,False,2732
0.18024522312015334,-0.9164012634157378,-0.3965258306875589,0.8037248132466684,-1.0297587404708222,0.897003270065113,0.4138401751001527,False,True,False,False,False,False,False,False,False,False,False,False,False,False,False,True,False,False,False,False,False,False,False,False,True,False,False,False,False,True,False,False,2316
1.3488291844099498,-0.4394608478808089,-1.0906682817545057,1.1092813538464248,-1.095875445136032,1.4280721386690374,0.8225936404097717,False,False,False,False,False,True,False,False,False,False,False,False,False,False,False,True,False,False,False,False,False,False,False,False,False,False,False,False,False,False,False,True,2481
1.667533901125349,1.0211691746949105,-1.1272020949685555,1.1509481548373008,-1.3103080008069825,-0.3328404256492381,-1.4936759963447361,False,False,False,False,False,False,False,False,True,False,False,False,False,False,False,False,False,False,False,False,False,True,False,False,True,False,False,False,False,False,False,False,82138
0.5520673926214522,-0.469269623851742,1.6493677092992316,-0.39072348182510686,-1.2656345517088676,-0.2909139360226134,0.27758901999694635,False,False,True,False,False,False,False,False,False,False,False,False,False,False,False,False,False,False,True,False,False,False,False,True,False,False,False,False,False,False,True,False,1177
0.20680394951310327,-1.2442977990960014,0.5898871260917865,1.5953940320733102,0.9072820124234305,0.6873708219319845,-1.3574248412415297,True,False,False,False,False,False,False,False,False,False,False,False,False,False,False,False,False,False,False,False,False,False,True,False,True,False,False,False,True,False,False,False,2112
1.5612989955535492,-0.5586959517645411,-1.4742733205020289,0.4287236043287855,-0.08625549551864008,1.5259006144644975,-1.2211736861383233,False,False,False,False,False,False,False,True,False,False,False,False,False,False,False,False,False,False,False,False,False,False,True,False,False,False,False,False,True,False,False,False,3686
0.02089286476245381,-0.2904169680261437,-1.4925402271090538,-0.4046124154887321,1.030580731934228,-0.8359583011687459,0.9588447955129781,False,False,False,False,True,False,False,False,False,False,False,False,False,False,False,False,False,False,False,False,False,False,False,False,False,False,False,True,False,False,True,False,1880
-1.5991894452074915,0.7826989669274461,-0.08598841836813537,-1.1823927006517485,0.9001342605677324,-0.23501194985377918,1.2313471057193908,False,True,False,False,False,False,False,False,False,False,False,False,False,False,False,True,False,False,False,False,False,False,False,False,False,False,True,False,False,True,False,False,2095
1.5612989955535492,-0.051946760258679274,-0.378258924080534,0.1648338647199049,0.3962177547409985,1.0088072424027814,-0.8124202208287044,False,False,False,False,True,False,False,False,False,False,False,False,False,False,True,False,False,False,False,False,False,False,False,False,False,False,False,False,False,False,True,False,1606
-0.21813567277409548,0.8423165188693122,-1.1089351883615306,-1.3907267056061279,0.6874886428607069,0.3519589049189793,-0.13116444531267268,False,False,False,False,False,False,True,False,False,False,False,False,False,False,False,False,False,False,False,False,False,False,False,False,False,True,False,False,False,False,False,True,2990
0.10056904394130357,0.7528901909565131,-0.6522625231859077,0.3453900023470337,-1.6927127250868443,-1.3810026663148784,-1.2211736861383233,False,False,False,False,False,False,False,True,False,False,False,False,False,False,False,False,False,False,False,False,True,False,False,True,False,False,False,False,False,False,True,False,1494
-0.3509293047388451,0.15671467153785207,1.338830296979808,1.3870600271189308,-0.6473540161909608,0.42183638763002296,-0.4036667555190854,False,False,False,False,True,False,False,False,False,False,False,False,False,False,False,False,True,False,False,False,False,False,False,False,False,False,False,True,True,False,False,False,3162
-0.005665861630496114,0.4846112072181156,1.740702242334356,0.5537240073014131,0.5141556603600214,-1.115468232012917,-0.9486713759319108,False,False,False,False,False,False,False,False,False,False,False,False,True,False,False,False,False,False,False,True,False,False,False,False,False,True,False,False,False,False,True,False,4447
-0.21813567277409548,-0.051946760258679274,-0.1225222315821852,-0.7657246907429898,-1.7248776084374868,0.01654698790597532,1.6401005710290097,False,False,False,False,False,False,False,False,False,False,False,False,True,False,False,False,False,False,False,False,False,False,True,False,False,True,False,False,False,False,False,False,2612
0.41927376065670263,1.170213054549576,-1.3464049742528545,1.6092829657369354,-1.6408915241330315,0.07244897407480952,1.2313471057193908,False,False,False,True,False,False,False,False,False,False,False,False,False,False,False,True,False,False,False,False,False,False,False,True,False,False,False,False,False,False,False,True,1679
0.5520673926214522,0.4548024312471826,0.4254849666285623,-1.5157271085787556,1.2771781709558203,1.2883171732469525,0.14133786489374,False,False,False,False,False,False,False,False,False,False,False,False,False,True,False,False,False,False,False,False,False,True,False,False,False,False,False,True,False,False,True,False,55021
-1.7054243507792912,0.4548024312471826,1.6676346159062565,-0.6962800224248633,0.6785539530410838,-0.15115897060052727,-1.3574248412415297,False,False,False,False,False,False,False,False,True,False,False,False,False,False,False,False,False,False,False,False,True,False,False,False,False,True,False,False,True,False,False,False,1843
-0.7758689270260438,1.4384920382879733,-1.437739507287979,-1.1407258996608727,-0.8135392468359475,-0.79403181154212,0.550091330203359,False,False,False,False,False,True,False,False,False,False,False,False,False,False,False,True,False,False,False,False,False,False,False,False,False,True,False,False,False,False,False,True,1670
0.977007014908651,0.3355673273634504,-1.0906682817545057,1.2342817568190525,0.6928494567524801,-0.9617377700486226,-0.26741560041587903,False,False,True,False,False,False,False,False,False,False,False,False,False,False,False,False,False,False,False,False,False,True,False,False,False,False,False,True,True,False,False,False,84346
-1.121132370134393,1.229830606491442,-1.5108071337160789,-0.16850054320710214,1.0645325532487948,1.2883171732469525,-0.4036667555190854,False,False,False,False,False,False,False,False,False,False,False,False,False,False,False,False,False,False,False,True,False,False,False,False,True,False,False,False,False,True,False,False,4286
1.2160355524452002,0.8721252948402453,-0.2321236712243347,-0.5573906857886104,-0.6652233958302063,-1.1713702181817511,1.0950959506161844,False,False,False,False,False,False,True,False,False,False,False,False,False,False,True,False,False,False,False,False,False,False,False,False,False,True,False,False,False,False,False,False,1371
-0.032224588023446035,0.5144199831890487,-0.5243941769367333,0.17872279838353022,-1.6301698963494842,-0.2909139360226134,-0.4036667555190854,False,True,False,False,False,False,False,False,False,False,False,False,False,False,False,False,False,False,False,False,False,False,False,False,False,False,True,False,False,True,False,False,3560
1.667533901125349,-0.469269623851742,1.777236055548406,0.692613343937666,1.5648751831476788,-1.115468232012917,-0.4036667555190854,False,False,False,False,False,True,False,False,False,False,False,False,False,False,False,False,False,False,False,False,False,False,True,False,False,False,False,True,False,False,False,False,3449
1.3488291844099498,-1.065445143270403,-0.4513265505086337,1.3176153588008044,-0.5294161105719379,0.9249542631495296,-1.3574248412415297,False,False,False,False,False,False,False,True,False,False,False,False,False,False,False,False,False,False,False,False,False,False,False,False,False,True,False,False,False,False,True,False,2880
1.322270458017,-0.9462100393866708,-0.01292079194003571,0.4426125379924108,-1.3799985814000415,-0.10923248097390131,1.5038494159258033,False,False,False,False,False,False,False,False,False,True,False,False,False,False,False,False,False,False,False,False,False,True,False,True,False,False,False,False,False,False,False,True,71861
1.030124467694551,-0.022137984287746222,0.5898871260917865,-0.4879460174704839,-0.005843287142033751,-0.5424728737823666,0.27758901999694635,False,False,False,False,False,False,False,False,False,False,False,False,True,False,False,False,True,False,False,False,False,False,False,False,False,False,False,False,False,False,True,False,4159
-1.6788656243863411,1.4981095902298394,1.4301648300149326,-1.4601713739242546,0.9787595309804151,-0.5145218806979489,0.550091330203359,False,False,False,False,False,False,False,False,False,True,False,False,False,False,False,False,False,False,False,True,False,False,False,False,False,False,True,False,False,False,False,False,3465
-0.5368403894894945,-0.6481222796773403,-0.2321236712243347,0.6231686756195396,-0.9690028496973861,1.2044641939937004,0.6863424853065654,True,False,False,False,False,False,False,False,False,False,False,False,False,False,False,False,False,False,True,False,False,False,False,False,False,False,False,False,False,False,False,False,928
-0.29781185195294524,-1.5721943347762648,-0.6157287099718579,-0.4879460174704839,-0.7992437431245504,0.1563019533280602,0.8225936404097717,False,False,False,False,False,False,True,False,False,False,False,False,False,False,True,False,False,False,False,False,False,False,False,False,False,False,False,False,False,False,False,False,1813
0.2333626759060532,0.18652344750878513,1.594566989478157,0.9009473488920455,-0.8939514552125537,0.7292973115586104,0.8225936404097717,False,False,False,False,False,False,False,False,False,False,False,False,False,False,False,False,True,False,False,False,False,False,False,False,False,True,False,False,True,False,False,False,2255
-0.5633991158824445,-1.5721943347762648,0.07841374109508886,-0.6962800224248633,1.773946924926856,1.358194655957995,-0.13116444531267268,False,False,True,False,False,False,False,False,False,False,False,False,False,False,True,False,False,False,False,False,False,False,False,False,False,False,True,False,False,False,False,True,1903
0.28648012869195305,-0.26060819205521063,-1.3464049742528545,-1.4185045729333785,-1.0547758719657665,1.372170152500203,1.5038494159258033,False,False,False,True,False,False,False,False,False,False,False,False,False,False,False,False,False,False,False,False,False,False,True,False,False,False,True,False,False,False,True,False,3019
-1.121132370134393,-1.095253919241336,1.0282928846603845,-0.2657230788524792,0.2925753528333727,-0.6263258530356174,-1.084922531035117,False,False,False,False,False,False,False,False,False,False,False,False,False,False,False,True,False,False,False,False,False,False,False,False,True,False,False,False,False,False,True,False,1754
-0.8289863798119437,1.378874486346107,-1.2916042544317798,0.7203912112649167,1.5380711136888103,1.553851607548914,1.5038494159258033,False,False,False,False,False,False,True,False,False,False,False,False,False,False,False,False,False,True,False,False,False,False,False,False,False,False,False,False,False,True,False,False,1584
-1.121132370134393,0.8721252948402453,-1.5290740403231038,1.539838297418809,-1.2352566063221502,-1.688463590243467,0.4138401751001527,False,False,False,False,False,False,False,False,False,False,False,False,False,False,False,False,False,False,True,False,False,False,False,False,False,False,True,False,False,False,False,False,792
-1.0148974645625932,-1.0058275913285368,-1.5290740403231038,0.10927813006540374,1.7006824684059485,-0.4586198945291148,0.27758901999694635,False,False,False,False,False,False,True,False,False,False,False,False,False,False,True,False,False,False,False,False,False,False,False,False,True,False,False,False,False,False,False,False,2047
-1.3336021812779921,0.6038463111018478,-1.200269721396655,-0.2518341451888539,1.6166963841014919,1.358194655957995,0.27758901999694635,False,False,False,False,False,False,True,False,False,False,False,False,False,False,False,False,False,False,False,False,True,False,False,False,False,False,False,True,False,False,False,False,2668
-0.19157694638114556,0.9317428467821114,-1.3829387874669044,0.09538919640177845,1.3933291386109183,-0.8080073080843282,-0.9486713759319108,False,False,False,False,False,False,False,False,False,False,True,False,False,False,False,False,True,False,False,False,False,False,False,False,True,False,False,False,False,False,True,False,3112
-1.3601609076709422,0.3951848793053165,1.4484317366219575,-1.432393506597004,-0.9940199811923305,-0.8219828046265377,-0.13116444531267268,False,True,False,False,False,False,False,False,False,False,False,False,False,False,False,False,False,False,False,False,False,False,True,True,False,False,False,False,False,True,False,False,3858
-1.466395813242742,-0.2307994160842776,-0.8714654024702068,-1.5018381749151304,0.499860156648625,-0.7101788322888692,-1.4936759963447361,False,False,False,False,False,False,False,False,False,False,False,True,False,False,False,False,False,False,False,False,True,False,False,False,False,True,False,False,True,False,False,False,1181
0.33959758147785285,0.8721252948402453,-1.5473409469301287,-0.6129464204431115,0.9519554615215453,0.3659344014611888,0.9588447955129781,False,False,False,False,False,False,False,False,False,True,False,False,False,False,False,False,True,False,False,False,False,False,False,False,False,False,False,True,False,False,False,True,4172
1.29571173162405,-0.3202257439970767,0.9734921648393098,1.400948960782556,1.7542906073236857,-0.23501194985377918,-0.5399179106222917,False,False,False,False,False,False,False,False,False,False,False,True,False,False,False,False,False,False,False,True,False,False,False,False,False,False,False,True,True,False,False,False,5108
0.04745159115540373,1.289448158433308,0.5898871260917865,-0.16850054320710214,-1.1155317627392023,0.7712238011852364,-1.2211736861383233,False,False,False,False,False,False,False,False,False,False,False,True,False,False,False,False,False,False,True,False,False,False,False,True,False,False,False,False,False,False,True,False,842
-0.6165165686683444,0.3355673273634504,0.5533533128777367,-1.6407275115513833,0.9698248411607914,1.358194655957995,-1.084922531035117,False,False,False,False,False,False,False,False,False,False,False,True,False,False,False,True,False,False,False,False,False,False,False,False,True,False,False,False,False,False,False,False,1352
0.07401031754835365,1.2000218305205088,-1.0906682817545057,-0.21016734419797803,-0.5508593661390325,0.5895423461365256,1.0950959506161844,False,False,False,False,True,False,False,False,False,False,False,False,False,False,False,False,False,False,False,False,False,False,True,False,False,True,False,False,False,False,False,True,2657
0.2333626759060532,1.4086832623170402,-1.675209293179303,0.5120572063105373,-1.1334011423784485,-1.0595662458440827,-0.6761690657254981,False,False,False,False,False,False,False,False,False,False,False,False,True,False,False,False,False,False,False,True,False,False,False,False,True,False,False,False,False,False,True,False,4279
0.977007014908651,0.18652344750878513,-1.5838747601441785,-0.34905668083423097,-0.2578015400554,1.4839741248378715,1.2313471057193908,False,False,False,False,False,False,False,False,False,False,True,False,False,False,False,False,False,False,False,False,False,True,False,False,False,False,True,False,False,False,True,False,85799
-0.6696340214542441,0.037479567654119875,-0.9445330288983064,0.5676129409650384,1.0698933671405688,-0.8499337977109541,-0.4036667555190854,False,False,True,False,False,False,False,False,False,False,False,False,False,False,False,False,False,False,False,True,False,False,False,False,True,False,False,False,False,False,True,False,5805
-0.19157694638114556,-0.37984329593894284,1.6493677092992316,1.303726425137179,-0.10233793719396135,-1.2552231974350019,-0.8124202208287044,False,False,False,False,False,False,False,False,False,False,True,False,False,False,False,False,True,False,False,False,False,False,False,False,False,False,False,True,False,False,False,True,2211
-0.722751474240144,-0.6779310556482734,-1.6021416667512034,0.3453900023470337,0.15676806757510378,-1.4648556455681303,1.2313471057193908,False,False,False,False,False,False,False,False,True,False,False,False,False,False,False,True,False,False,False,False,False,False,False,False,False,True,False,False,False,False,False,True,1229
-1.6788656243863411,-0.022137984287746222,1.7224353357273312,-1.0990590986699968,1.7864554906743282,0.19822844295468617,0.14133786489374,False,False,False,False,False,False,False,False,True,False,False,False,False,False,False,False,False,False,False,False,False,False,False,False,True,False,False,False,False,True,False,False,3011
-1.5726307188145414,0.5144199831890487,-0.2321236712243347,0.8870584152284202,-0.33642681046808215,-1.3810026663148784,-1.084922531035117,False,False,False,False,True,False,False,False,False,False,False,False,False,False,False,False,False,False,False,False,False,False,True,False,False,True,False,False,False,True,False,False,2463
-0.4571642103106448,-0.6183135037064073,-1.3646718808598794,-0.8073914917338656,0.433743451983415,-1.2831741905194196,0.4138401751001527,False,False,False,False,False,False,False,False,False,False,False,False,True,False,True,False,False,False,False,False,False,False,False,False,False,True,False,False,True,False,False,False,1122
-1.068014917348493,-1.4231504549215996,1.5397662696570822,0.7481690785921673,-0.45793859201495407,-0.7241543288310776,0.27758901999694635,False,False,False,False,False,False,False,False,False,False,False,False,False,False,False,False,True,False,False,False,False,False,False,False,False,False,True,False,False,False,False,True,2919
0.9238895621227512,-1.3933416789506665,-0.19558985801028486,0.7620580122557925,-0.3596570039991016,-0.79403181154212,-1.084922531035117,False,True,False,False,False,False,False,False,False,False,False,False,False,False,True,False,False,False,False,False,False,False,False,False,False,False,True,False,False,False,False,True,1620
0.33959758147785285,-0.49907839982267505,-0.5061272703297084,0.5953908082922891,0.7196535262113494,0.33798340837677104,-1.3574248412415297,False,False,False,False,False,False,False,False,False,False,False,False,True,False,False,False,False,False,False,False,True,False,False,False,False,False,False,True,False,False,False,True,1780
-1.7054243507792912,1.6471534700845045,-0.17732295140325996,-0.11294480855260096,1.582744562786925,1.0786847251138239,1.367598260822597,False,False,False,False,True,False,False,False,False,False,False,False,False,False,False,False,False,False,False,False,False,False,False,True,False,False,False,False,False,True,False,False,2752
1.6144164483394492,-0.5885047277354742,1.6311008026922067,-1.1407258996608727,0.17285050925042506,0.8830277735229047,-0.4036667555190854,False,False,False,False,False,False,True,False,False,False,False,False,False,False,False,False,False,False,False,True,False,False,False,False,False,True,False,False,False,False,True,False,5305
-1.2273672757061924,0.3653761033343834,1.758969148941381,-0.029611206570849195,0.9787595309804151,-0.8499337977109541,-1.084922531035117,False,False,False,False,False,False,False,True,False,False,False,False,False,False,False,False,False,False,False,False,False,True,False,True,False,False,False,False,False,False,False,False,58388
1.3488291844099498,-1.4231504549215996,0.7908230987690605,1.2620596241463031,-1.4407544721734775,-0.9198112804219966,1.367598260822597,False,True,False,False,False,False,False,False,False,False,False,False,False,False,False,True,False,False,False,False,False,False,False,False,False,False,False,True,False,True,False,False,2481
-0.9086625589907935,-0.6779310556482734,0.699488565733936,-1.5712828432332568,-1.0065285469398026,1.59577809717554,0.27758901999694635,False,False,False,False,False,False,False,False,False,False,False,False,False,True,False,False,False,False,False,False,False,True,False,False,False,True,False,False,False,False,False,True,73987
-1.0148974645625932,-0.20099064011334453,-1.2368035346107051,1.4426157617734319,0.029895472136458514,-1.7443655764123014,0.6863424853065654,False,False,False,False,False,False,False,False,False,True,False,False,False,False,True,False,False,False,False,False,False,False,False,False,False,True,False,False,False,True,False,False,1535
0.28648012869195305,-0.8269749355029385,-0.4330596439016088,0.4148346706651602,-1.6873519111950703,1.3022926697891606,1.6401005710290097,False,True,False,False,False,False,False,False,False,False,False,False,False,False,False,False,False,False,False,False,False,False,True,False,False,False,False,False,True,False,False,False,2534
-1.731983077172241,-0.7673573835610725,1.6493677092992316,1.6231718994005608,-0.8582126959340621,-1.073541742386291,-0.6761690657254981,False,False,False,False,True,False,False,False,False,False,False,False,False,False,False,False,False,False,True,False,False,False,False,True,False,False,False,False,False,False,False,True,649
-0.2712531255599953,-1.3635329029797336,1.3753641101938578,0.09538919640177845,0.08529054901812051,1.5398761110067056,1.0950959506161844,False,False,False,False,False,False,True,False,False,False,False,False,False,False,False,False,False,False,False,False,False,True,False,False,True,False,False,False,True,False,False,False,69437
-0.8289863798119437,-1.2144890231250682,-0.19558985801028486,0.10927813006540374,-1.7052212908343165,-0.5704238668667831,-1.4936759963447361,False,False,False,False,False,False,True,False,False,False,False,False,False,False,False,False,False,False,False,True,False,False,False,False,False,False,True,False,False,False,False,True,3640
1.2160355524452002,-0.5288871757936081,1.558033176264107,-1.251837368969875,-0.8153261847998716,-0.23501194985377918,1.2313471057193908,False,False,False,True,False,False,False,False,False,False,False,False,False,False,False,False,False,False,False,False,False,False,True,False,True,False,False,False,False,True,False,False,3174
-0.9617800117766933,-0.022137984287746222,0.4437518732355872,-1.0296144303518704,0.07278198327064835,0.7013463184741927,-0.6761690657254981,False,False,False,False,False,False,False,False,False,False,False,True,False,False,False,False,False,False,False,False,False,False,False,True,False,False,False,False,False,False,True,False,1862
-0.32437057834589517,-0.08175553622961232,0.04187992788103904,-1.5157271085787556,0.2836406630137497,0.28208142220793686,1.367598260822597,False,False,False,False,False,False,False,False,False,False,False,False,True,False,False,False,False,False,False,True,False,False,False,False,False,False,True,False,False,False,False,False,4679
-0.8024276534189938,-1.03563636729947,-1.0906682817545057,1.2203928231554273,1.5398580516527345,-0.6682523426622433,-0.6761690657254981,False,False,False,False,False,False,True,False,False,False,False,False,False,False,False,False,False,False,False,False,False,True,False,False,True,False,False,False,True,False,False,False,81698
0.3661563078708028,0.42499365527624955,0.3341504335934377,1.5120604300915583,0.5409597298188905,0.1563019533280602,-1.2211736861383233,False,False,False,False,False,False,False,False,True,False,False,False,False,False,False,False,False,False,False,False,False,True,False,False,False,False,False,False,False,True,False,False,73683
-0.21813567277409548,-0.8269749355029385,0.9734921648393098,-1.2379484353062498,-0.28103173358642014,0.7851992977274447,0.8225936404097717,False,False,False,False,False,False,False,False,False,False,False,True,False,False,False,False,False,False,False,False,True,False,False,False,False,False,True,False,False,False,True,False,2388
0.44583248704965256,-0.11156431220054537,0.5898871260917865,0.8315026805739191,1.5559404933280565,-1.6185861075324235,1.367598260822597,False,False,True,False,False,False,False,False,False,False,False,False,False,False,True,False,False,False,False,False,False,False,False,False,False,True,False,False,False,True,False,False,2204
-0.032224588023446035,1.378874486346107,1.6859015225132814,0.02594452808365198,1.037728483789926,-1.730390079870092,0.6863424853065654,False,False,False,False,False,False,False,True,False,False,False,False,False,False,False,False,True,False,False,False,False,False,False,False,True,False,False,False,True,False,False,False,3486
0.07401031754835365,-1.4529592308925328,-1.4012056940739293,0.9565030835465467,-1.0458411821461433,-0.16513446714273552,1.0950959506161844,False,False,False,False,True,False,False,False,False,False,False,False,False,False,True,False,False,False,False,False,False,False,False,False,False,False,True,False,False,False,False,False,1590
1.640975174732399,0.037479567654119875,-0.2321236712243347,1.6092829657369354,-1.292438621167737,-1.311125183603836,1.367598260822597,False,False,False,False,False,False,False,False,False,True,False,False,False,False,False,True,False,False,False,False,False,False,False,False,False,False,False,False,False,True,False,False,1895
-0.40404675752474495,-1.691429438659997,-0.9993337487193812,-1.154614833324498,0.6499629456182904,0.5476158565098996,-1.6299271514479423,False,False,False,False,False,False,False,False,False,False,False,False,True,False,False,False,False,True,False,False,False,False,False,False,False,False,True,False,False,False,False,True,1718
-1.1742498229202927,1.289448158433308,1.3936310168008827,-1.112948032333622,0.23539333798778586,-1.0176397562174568,0.9588447955129781,False,False,False,False,False,True,False,False,False,False,False,False,False,False,False,False,False,False,False,True,False,False,False,False,False,False,True,False,False,False,True,False,3171
1.0832419204804506,-1.3039153510378674,0.7725561921620356,-1.2796152362971256,1.0555978634291723,-0.26296294293819567,0.27758901999694635,False,False,False,False,False,False,False,False,True,False,False,False,False,False,False,False,False,False,False,False,False,True,False,False,False,False,False,False,False,True,False,False,66075
1.1363593732663506,-1.661620662689064,-0.26865748443838455,1.2203928231554273,0.8733301911088638,-1.0875172389284993,0.6863424853065654,True,False,False,False,False,False,False,False,False,False,False,False,False,False,False,False,False,False,False,True,False,False,False,False,True,False,False,False,False,False,True,False,5700
1.322270458017,-0.469269623851742,1.6128338960851818,1.2759485578099283,0.46948221126190665,0.14232645678585196,1.2313471057193908,False,False,False,False,False,False,False,False,False,False,False,False,False,True,False,False,False,False,False,True,False,False,False,False,False,False,False,True,False,False,False,True,6030
0.9238895621227512,-0.8269749355029385,-0.5426610835437583,-0.9323918947064933,1.7560775452876098,-1.3670271697726701,-0.13116444531267268,False,False,False,False,False,False,False,False,False,False,False,False,False,False,False,False,False,False,False,False,True,False,False,False,True,False,False,False,False,False,False,False,2685
0.8973308357298012,0.3355673273634504,0.3524173402004626,-0.5157238847977345,0.14247256386370738,-1.688463590243467,-1.6299271514479423,False,False,False,False,False,False,True,False,False,False,False,False,False,False,False,False,False,False,False,False,False,False,True,True,False,False,False,False,False,False,False,False,2787
0.04745159115540373,0.24614099945065124,-0.06772151176111045,-1.0435033640154956,-1.3549814499050972,-1.5906351144480069,-0.8124202208287044,False,False,False,False,False,True,False,False,False,False,False,False,False,False,False,True,False,False,False,False,False,False,False,False,False,False,False,False,False,False,False,True,1320
-0.8024276534189938,-0.08175553622961232,1.2292288573376586,-1.6546164452150085,1.193192086651365,1.5678271040911222,0.8225936404097717,False,False,False,False,False,False,True,False,False,False,False,False,False,False,False,False,False,False,False,False,False,False,True,False,True,False,False,False,False,False,True,False,3843
-1.1742498229202927,0.12690589556691903,-0.9993337487193812,-0.27961201251610446,-0.8617865718619112,-1.26919869397721,-1.6299271514479423,False,True,False,False,False,False,False,False,False,False,False,False,False,False,False,False,False,False,False,False,False,True,False,False,False,False,True,False,False,True,False,False,57597
-0.005665861630496114,0.4846112072181156,1.0465597912674094,1.1231702875100502,1.0109244143310576,0.7013463184741927,1.5038494159258033,False,False,False,False,False,False,False,False,True,False,False,False,False,False,False,False,False,False,False,False,False,False,True,False,False,False,False,False,False,False,False,True,1977
-1.2008085493132425,-1.3039153510378674,0.9369583516252599,0.5815018746286638,1.6506482054160598,-1.5347331282791727,-0.8124202208287044,False,True,False,False,False,False,False,False,False,False,False,False,False,False,False,False,False,False,False,False,False,False,True,False,False,True,False,False,True,False,False,False,2611
0.8973308357298012,1.4981095902298394,-0.7435970562210323,0.05372239541090257,0.7232274021391984,-1.3949781628570879,-1.4936759963447361,False,False,False,True,False,False,False,False,False,False,False,False,False,False,False,False,False,False,False,False,False,False,True,False,True,False,False,False,False,False,True,False,3941
1.640975174732399,0.9913603987239775,-1.1637359081826053,1.3453932261280548,0.364052871390356,0.0025714913637658395,-0.8124202208287044,False,True,False,False,False,False,False,False,False,False,False,False,False,False,False,False,False,False,False,False,True,False,False,False,False,False,False,False,False,False,False,False,2809
-0.5899578422753944,-1.4529592308925328,0.9369583516252599,0.970392017210172,-0.11842037886928261,-0.15115897060052727,0.8225936404097717,False,False,False,True,False,False,False,False,False,False,False,False,False,False,False,False,False,False,False,False,False,False,True,False,True,False,False,False,False,False,False,True,3960
0.977007014908651,-0.6183135037064073,-0.30519129765243436,1.1787260221645515,-0.45972552997887894,1.553851607548914,0.005086709790533665,False,False,False,False,False,False,False,False,False,False,False,False,False,True,True,False,False,False,False,False,False,False,False,False,False,False,False,False,False,False,False,False,1377
-0.5102816630965447,-0.35003451996800977,0.9552252582322848,0.2065006657107808,-0.5008251031491445,1.5259006144644975,1.6401005710290097,False,False,False,False,True,False,False,False,False,False,False,False,False,False,True,False,False,False,False,False,False,False,False,False,False,False,True,False,False,False,True,False,1495
-0.722751474240144,-0.051946760258679274,-0.5243941769367333,-0.43239028281598274,0.508794846468248,0.9529052562339472,1.5038494159258033,False,False,False,True,False,False,False,False,False,False,False,False,False,False,False,False,False,False,False,False,True,False,False,False,False,True,False,False,False,False,False,False,1715
-0.9883387381696432,-0.26060819205521063,-0.031187698547060626,-1.4046156392697533,0.9180036402069786,0.33798340837677104,-1.084922531035117,False,False,False,False,False,True,False,False,False,False,False,False,False,False,False,False,False,False,False,False,False,False,True,False,False,True,False,False,False,False,False,True,3599
-0.32437057834589517,1.6471534700845045,-0.06772151176111045,-0.22405627786160331,0.6588976354379134,-0.179109963684945,1.367598260822597,False,False,False,False,False,False,False,False,False,False,False,True,False,False,False,False,False,False,False,False,False,True,False,True,False,False,False,False,False,False,True,False,71604
0.631743571800302,0.3653761033343834,-1.456006413895004,0.9842809508737973,-1.0512019960379173,-0.5284973772401584,0.8225936404097717,False,False,False,False,False,False,True,False,False,False,False,False,False,False,False,True,False,False,False,False,False,False,False,False,False,False,False,False,True,False,False,False,1231
0.4989499398355524,-1.3039153510378674,-0.378258924080534,-0.05738907389809978,0.0013044647136650834,1.5398761110067056,-1.6299271514479423,False,False,False,False,False,False,False,False,False,False,False,False,False,False,False,True,False,False,False,False,False,False,False,False,True,False,False,False,False,False,False,True,2102
-1.3070434548850423,-1.2144890231250682,1.6676346159062565,0.8176137469102938,1.0627456152848704,0.33798340837677104,-1.6299271514479423,False,False,False,False,False,False,False,False,False,False,False,True,False,False,False,False,True,False,False,False,False,False,False,False,False,True,False,False,False,True,False,False,2576
0.3661563078708028,0.693272639014647,-1.6021416667512034,1.400948960782556,-0.06302530198761998,0.25413042912352035,0.6863424853065654,False,False,False,False,False,False,False,False,False,True,False,False,False,False,True,False,False,False,False,False,False,False,False,False,False,True,False,False,False,False,False,True,1838
0.18024522312015334,1.378874486346107,-1.4742733205020289,0.5676129409650384,0.15319419164725467,-0.9617377700486226,1.5038494159258033,False,False,False,False,True,False,False,False,False,False,False,False,False,False,False,False,False,False,False,False,False,False,False,False,False,False,False,True,False,False,True,False,3418
-0.4571642103106448,0.8721252948402453,1.3936310168008827,-1.057392297679121,0.9894811587639618,-1.6046106109902152,-1.6299271514479423,False,True,False,False,False,False,False,False,False,False,False,False,False,False,False,False,False,False,False,True,False,False,False,False,False,False,False,True,False,False,False,True,3731
0.9238895621227512,-1.691429438659997,-1.6386754799652532,-0.05738907389809978,0.5981417446644774,1.5259006144644975,-1.084922531035117,True,False,False,False,False,False,False,False,False,False,False,False,False,False,False,False,False,False,False,False,False,False,True,False,False,True,False,False,True,False,False,False,2568
-1.7054243507792912,1.3490657103751742,-1.0906682817545057,-1.6962832462058846,-0.3006880511895905,-0.6822278392044515,-0.5399179106222917,False,False,False,False,False,False,False,False,False,True,False,False,False,False,False,False,False,False,False,True,False,False,False,False,False,False,False,False,True,False,False,False,3188
-0.19157694638114556,0.7528901909565131,0.5168194996636868,-0.6962800224248633,1.4308548358533348,-0.2210364533115697,-0.13116444531267268,False,False,False,False,False,False,False,False,True,False,False,False,False,False,True,False,False,False,False,False,False,False,False,True,False,False,False,False,False,True,False,False,1323
0.8176546565509515,1.170213054549576,-0.7801308694350821,0.4565014716560361,-1.1798615294404875,-1.3670271697726701,-0.5399179106222917,False,False,False,True,False,False,False,False,False,False,False,False,False,False,False,False,True,False,False,False,False,False,False,False,False,True,False,False,False,False,False,False,2488
0.8707721093368513,-0.469269623851742,1.6676346159062565,1.1231702875100502,1.7882424286382523,1.1485622078248663,0.6863424853065654,False,False,False,False,False,False,True,False,False,False,False,False,False,False,False,False,False,False,False,False,False,False,True,False,False,False,True,False,False,False,True,False,3553
0.977007014908651,-0.9760188153576038,0.8090900053760854,-1.7518389808603856,-1.3353251323019268,-1.6744880937012576,1.367598260822597,False,False,False,False,False,False,False,True,False,False,False,False,False,False,False,False,False,False,False,False,False,False,False,False,True,False,False,False,False,False,True,False,2333
-1.7054243507792912,0.3653761033343834,1.558033176264107,1.0815034865191744,-1.7052212908343165,1.134586711282658,-0.26741560041587903,False,False,False,False,False,False,False,False,False,False,False,False,True,False,True,False,False,False,False,False,False,False,False,True,False,False,False,False,False,False,False,False,2226
-0.6696340214542441,-0.6183135037064073,-1.1637359081826053,0.7620580122557925,1.41298545621409,-1.2831741905194196,-1.6299271514479423,False,False,False,False,False,True,False,False,False,False,False,False,False,False,False,False,False,False,False,True,False,False,False,False,False,False,True,False,True,False,False,False,4084
1.5081815427676495,1.0509779506658437,-0.9810668421123562,-1.6129496442241327,-0.8868037033568555,1.3302436628735772,0.8225936404097717,False,False,False,False,False,False,False,False,False,False,False,False,False,False,False,False,False,False,False,True,False,False,False,True,False,False,False,False,True,False,False,False,4160
0.41927376065670263,-0.49907839982267505,-0.031187698547060626,0.7481690785921673,0.8411653077582213,0.7712238011852364,1.2313471057193908,False,False,False,False,False,False,False,False,False,False,True,False,False,False,False,False,False,False,False,False,True,False,False,False,False,False,True,False,False,False,False,True,1909
-0.9883387381696432,-1.602003110747198,0.13321446091616362,-1.6546164452150085,1.1306492579140042,-1.1993212112661675,1.6401005710290097,False,False,False,False,False,True,False,False,False,False,False,False,False,False,False,False,False,False,False,False,False,False,True,False,True,False,False,False,False,True,False,False,3359
-1.386719634063892,-1.4231504549215996,1.4666986432289824,0.359278936010659,1.3021953024507646,0.19822844295468617,-0.4036667555190854,False,False,False,False,False,False,False,False,False,False,False,False,False,True,False,False,False,False,False,False,False,True,False,False,True,False,False,False,False,True,False,False,69538
-1.4398370868497918,0.18652344750878513,-1.3829387874669044,0.5676129409650384,1.773946924926856,-0.6822278392044515,-1.4936759963447361,False,False,False,False,False,False,False,True,False,False,False,False,False,False,False,False,False,False,False,False,False,False,False,False,False,False,False,True,False,True,False,False,2979
0.8707721093368513,-0.7375486075901394,-0.6705294297929326,-1.3212820372880014,-0.7116837828922459,-1.1434192250973334,-0.8124202208287044,True,False,False,False,False,False,False,False,False,False,False,False,False,False,False,True,False,False,False,False,False,False,False,False,False,False,False,False,False,False,False,True,2244
0.3927150342637527,-1.7212382146309302,-0.8531984958631819,1.2342817568190525,0.7714747271651623,1.2324151870781181,0.9588447955129781,False,False,False,False,False,False,False,False,False,False,False,False,True,False,False,False,False,False,False,False,False,True,False,False,False,False,True,False,False,True,False,False,86602
1.0566831940875008,0.7230814149855801,-0.4695934571156586,-1.3768377719425027,-1.347833698049399,-0.36079141873365583,-1.4936759963447361,False,False,False,False,False,False,False,True,False,False,False,False,False,False,False,False,False,False,True,False,False,False,False,False,False,False,False,True,False,False,False,False,1332
-0.9086625589907935,-1.691429438659997,0.9004245384112101,1.0953924201827996,-0.30962274100921355,-0.3747669152758641,0.8225936404097717,False,True,False,False,False,False,False,False,False,False,False,False,False,False,False,False,False,False,False,False,False,False,False,False,False,False,True,False,False,False,False,True,1698
0.20680394951310327,0.7826989669274461,-0.4695934571156586,1.5259493637551838,1.262882667244424,-1.1853457147239594,-0.9486713759319108,False,False,False,True,False,False,False,False,False,False,False,False,False,False,True,False,False,False,False,False,False,False,False,False,False,False,False,True,False,False,False,False,2193
0.3927150342637527,-1.1548714711832022,-1.273337347824755,0.05372239541090257,-0.449003902195331,-0.43066890144469827,-0.4036667555190854,False,False,False,False,True,False,False,False,False,False,False,False,False,False,False,False,False,False,False,False,False,True,False,False,True,False,False,False,False,False,False,True,86894
0.07401031754835365,0.06728834362505293,0.023613021274014122,1.400948960782556,0.3479704297150347,1.2743416767047429,-0.5399179106222917,False,False,False,False,False,False,False,False,False,False,False,False,False,False,False,True,False,False,False,False,False,False,False,True,False,False,False,False,False,True,False,False,2425
-0.5633991158824445,0.8423165188693122,1.758969148941381,0.012055594420026686,0.03704322399215672,-0.5005463841557407,-0.6761690657254981,False,False,True,False,False,False,False,False,False,False,False,False,False,False,False,False,False,False,True,False,False,False,False,False,False,False,False,True,False,False,False,False,637
1.0566831940875008,-1.125062695212269,1.0648266978744343,1.2759485578099283,0.5427466677828148,1.553851607548914,-0.26741560041587903,False,False,False,True,False,False,False,False,False,False,False,False,False,False,False,False,False,False,False,True,False,False,False,False,False,False,True,False,False,False,False,False,5786
0.8973308357298012,0.8721252948402453,1.137894324302534,1.1787260221645515,1.7078302202616467,1.5398761110067056,-0.5399179106222917,False,False,True,False,False,False,False,False,False,False,False,False,False,False,True,False,False,False,False,False,False,False,False,False,False,False,True,False,False,False,False,False,1441
-1.5195132660286417,0.2759497754215843,-0.7070632430069825,1.5537272310824344,-1.5604793157564252,-1.26919869397721,0.9588447955129781,False,False,False,False,False,False,False,False,False,True,False,False,False,False,False,False,True,False,False,False,False,False,False,False,False,False,False,False,False,False,False,True,2229
-0.1119007672022958,-1.3933416789506665,0.8273569119831105,1.1092813538464248,0.28542760097767456,-1.1573947216395417,0.9588447955129781,False,False,False,False,True,False,False,False,False,False,False,False,False,False,False,False,False,False,False,False,False,False,True,False,True,False,False,False,False,False,True,False,3573
-0.9883387381696432,-1.095253919241336,-0.28692439104540945,-0.9046140273792427,1.316490806162161,1.2463906836203265,-0.5399179106222917,False,False,False,False,False,False,False,False,False,False,False,False,True,False,False,False,False,False,True,False,False,False,False,False,False,False,True,False,False,True,False,False,1575
1.5612989955535492,-1.1548714711832022,-1.4012056940739293,-1.3907267056061279,-0.04336898438444962,-0.40271790836028054,-0.6761690657254981,False,False,False,False,False,False,True,False,False,False,False,False,False,False,False,False,False,False,True,False,False,False,False,False,False,True,False,False,False,False,False,False,1154
1.2691530052311002,0.693272639014647,-0.9445330288983064,1.637060833064186,-1.478280169415894,-1.7583410729545095,0.27758901999694635,False,False,False,False,False,False,False,False,False,False,True,False,False,False,False,False,True,False,False,False,False,False,False,True,False,False,False,False,False,False,True,False,4317
1.4285053635887996,-1.7212382146309302,0.09668064770211378,-1.1407258996608727,0.23896721391563497,-0.8219828046265377,-1.4936759963447361,False,False,False,False,False,False,False,False,True,False,False,False,False,False,True,False,False,False,False,False,False,False,False,False,False,False,False,True,False,True,False,False,897
0.33959758147785285,-0.8567837114738717,1.6493677092992316,-0.3073898798433551,-0.5758764976339769,0.31003241529235454,1.5038494159258033,False,False,False,False,False,False,False,False,False,False,False,True,False,False,False,False,True,False,False,False,False,False,False,False,False,False,False,False,False,True,False,False,2200
0.7114197509791518,1.1404042785786428,0.6446878459128612,-0.4879460174704839,-1.2066655988993567,1.0227827389449897,-1.6299271514479423,False,False,False,False,True,False,False,False,False,False,False,False,False,False,False,False,False,False,False,False,True,False,False,True,False,False,False,False,False,False,False,False,2403
-1.6523068979933913,-1.03563636729947,-0.5791948967578081,-1.4185045729333785,1.2664565431722736,-1.311125183603836,-0.5399179106222917,False,False,False,True,False,False,False,False,False,False,False,False,False,False,False,False,False,False,False,False,True,False,False,False,True,False,False,False,False,False,False,False,1735
0.41927376065670263,-1.3337241270088005,-0.1225222315821852,1.484282562764308,0.09958605272951755,-1.3810026663148784,-0.5399179106222917,False,False,False,False,False,False,False,False,False,False,False,False,False,False,False,False,False,False,False,False,False,False,False,False,False,False,False,False,False,False,False,True,3456
0.2333626759060532,-0.6779310556482734,0.4620187798426121,0.8592805479011696,1.5666621211116043,1.4560231317534538,0.005086709790533665,False,False,False,False,False,False,False,False,False,False,False,True,False,False,True,False,False,False,False,False,False,False,False,False,False,False,False,True,False,False,True,False,1508
-1.386719634063892,0.30575855139251734,0.13321446091616362,-1.154614833324498,1.112779878274759,0.8550767804384871,-0.6761690657254981,False,False,False,False,False,False,False,False,False,False,False,False,False,True,False,False,False,False,False,False,False,False,True,False,False,False,False,True,False,False,True,False,2463
1.2691530052311002,0.4846112072181156,-0.798397776042107,1.539838297418809,0.7107188363917263,0.28208142220793686,1.0950959506161844,False,False,False,False,False,False,False,False,False,False,False,False,False,True,False,False,False,False,True,False,False,False,False,False,False,True,False,False,False,False,False,False,1080
-0.1119007672022958,-1.03563636729947,1.594566989478157,1.3592821597916802,-1.7409600501128082,0.9109787666073212,-1.084922531035117,False,False,False,False,False,False,False,True,False,False,False,False,False,False,False,False,False,False,False,False,False,False,True,False,True,False,False,False,False,True,False,False,2609
1.0566831940875008,0.037479567654119875,-1.656942386572278,0.6509465429467902,-0.23457134652438058,-0.2769384394804039,-1.3574248412415297,False,False,False,False,False,False,False,False,False,False,False,True,False,False,False,True,False,False,False,False,False,False,False,False,False,False,False,False,False,False,False,False,2426
-0.058783314416395956,1.0807867266367766,0.49855259305666194,0.2065006657107808,-1.0547758719657665,0.8830277735229047,1.0950959506161844,False,False,False,False,False,False,False,False,False,False,False,False,False,False,False,False,False,True,False,False,False,False,False,False,False,False,False,False,False,True,False,False,1203
0.9504482885157011,-0.11156431220054537,1.558033176264107,0.12316706372902904,1.4862499127349975,-0.47259539107132426,-1.2211736861383233,False,False,False,False,False,False,False,False,False,False,False,False,True,False,True,False,False,False,False,False,False,False,False,False,False,False,True,False,False,True,False,False,1536
1.0566831940875008,0.5442287591599817,0.5533533128777367,0.6787244102740407,-1.1369750183062977,-0.9198112804219966,0.550091330203359,False,False,False,False,False,False,False,False,False,True,False,False,False,False,False,False,False,False,False,False,False,True,False,False,False,True,False,False,False,False,False,False,83891
-1.2273672757061924,0.6336550870727808,-0.1225222315821852,0.2065006657107808,-0.7402747903150393,0.7712238011852364,0.4138401751001527,False,False,True,False,False,False,False,False,False,False,False,False,False,False,False,False,False,False,True,False,False,False,False,False,False,True,False,False,True,False,False,False,843
-0.21813567277409548,-1.03563636729947,1.4301648300149326,0.9148362825556707,0.08350361105419564,-0.30488943256482165,0.4138401751001527,False,False,False,False,False,False,False,True,False,False,False,False,False,False,False,False,False,True,False,False,False,False,False,False,False,False,False,False,False,False,True,False,1662
1.2160355524452002,0.5442287591599817,-0.28692439104540945,-0.6546132214339874,-0.8206869986916456,1.651680083344374,1.6401005710290097,False,False,False,False,False,False,False,False,False,False,False,False,False,True,False,False,True,False,False,False,False,False,False,False,False,False,False,False,False,True,False,False,2628
-0.2446943991670454,-1.03563636729947,0.7908230987690605,-0.6268353541067369,-1.0118893608315767,-0.556448370324575,0.9588447955129781,False,False,False,False,False,False,False,False,True,False,False,False,False,False,False,True,False,False,False,False,False,False,False,True,False,False,False,False,False,True,False,False,1335
1.4019466371958498,-0.14137308817147842,-0.6157287099718579,0.10927813006540374,0.3765614371378282,1.4420476352112455,-1.3574248412415297,False,False,False,False,False,False,False,False,True,False,False,False,False,False,False,True,False,False,False,False,False,False,False,True,False,False,False,False,True,False,False,False,2520
0.8176546565509515,-0.9760188153576038,-1.4742733205020289,1.1092813538464248,-1.4425414101374023,1.4839741248378715,-0.9486713759319108,False,False,False,True,False,False,False,False,False,False,False,False,False,False,False,False,False,False,False,False,False,False,False,True,False,False,False,False,False,False,False,True,3446
0.6848610245862019,0.21633222347971817,-1.6204085733582283,-0.5435017521249851,-1.551544625936802,-0.9337867769642061,-1.6299271514479423,False,False,False,False,False,False,False,False,False,False,False,False,True,False,False,False,False,False,False,False,False,False,False,False,False,True,False,False,True,False,False,False,2603
-0.377488031131795,0.6336550870727808,0.4437518732355872,0.692613343937666,-0.43292146052000974,1.0227827389449897,1.0950959506161844,False,False,False,False,False,False,True,False,False,False,False,False,False,False,False,False,False,False,False,True,False,False,False,False,False,False,True,False,True,False,False,False,5251
-0.7758689270260438,-0.6183135037064073,0.04187992788103904,-0.0018333392435986083,0.8090004244075788,-0.26296294293819567,0.4138401751001527,False,False,False,False,False,False,False,False,False,False,False,False,False,True,False,True,False,False,False,False,False,False,False,False,False,False,False,True,False,True,False,False,2263
-1.5460719924215915,1.5279183662007725,0.5898871260917865,1.6092829657369354,0.21752395834853974,1.4280721386690374,0.27758901999694635,True,False,False,False,False,False,False,False,False,False,False,False,False,False,True,False,False,False,False,False,False,False,False,True,False,False,False,False,False,False,True,False,1517
-0.5899578422753944,0.18652344750878513,-0.9445330288983064,-1.0018365630246198,-0.2524407261636267,-0.19308546022715323,-0.8124202208287044,False,False,False,False,False,False,False,False,False,False,False,False,True,False,False,False,False,False,False,False,True,False,False,False,False,False,True,False,True,False,False,False,1400
0.8442133829439014,1.6173446941135716,0.5533533128777367,0.1926117320471555,0.2568365935548811,0.8271257873540706,-1.4936759963447361,False,False,False,False,False,False,False,False,False,True,False,False,False,False,False,False,True,False,False,False,False,False,False,False,True,False,False,False,False,False,False,True,3485
1.3753879108029,0.4846112072181156,-1.5656078535371536,1.0259477518646731,-0.4561516540510298,-0.13718347405831904,-0.4036667555190854,False,False,True,False,False,False,False,False,False,False,False,False,False,False,False,False,False,False,False,False,False,False,True,True,False,False,False,False,False,False,False,False,2524
0.07401031754835365,-0.2307994160842776,-0.4330596439016088,0.7898358795830431,1.577383748895151,-0.9757132665908308,1.6401005710290097,False,False,False,False,False,False,False,False,False,False,False,False,False,False,False,False,False,True,False,False,False,False,False,False,False,False,False,True,True,False,False,False,843
-0.5633991158824445,-0.7077398316192064,-0.4330596439016088,-0.9879476293609945,-1.5640531916842741,-1.073541742386291,0.27758901999694635,False,False,False,False,False,False,False,False,False,False,False,True,False,False,False,False,False,False,False,False,False,True,False,False,True,False,False,False,True,False,False,False,85312
-0.9086625589907935,-0.469269623851742,-0.2138567646173098,-1.5573939095696314,0.6410282557986673,-0.2909139360226134,-0.9486713759319108,False,False,False,False,False,False,False,False,False,False,False,False,False,True,True,False,False,False,False,False,False,False,False,False,True,False,False,False,False,False,False,True,836
-0.8821038325978435,-0.8865924874448047,-1.1454690015755804,0.8037248132466684,1.4165593321419383,0.8690522769806953,-1.4936759963447361,False,False,False,False,False,False,False,False,False,False,False,True,False,False,False,False,True,False,False,False,False,False,False,False,False,False,False,True,False,False,True,False,3672
1.587857721946499,-0.6481222796773403,-0.3599920174735091,-0.9601697620337439,1.1056321264190598,0.33798340837677104,1.5038494159258033,False,False,False,False,False,False,False,False,True,False,False,False,False,False,False,False,False,False,False,False,False,False,True,True,False,False,False,False,True,False,False,False,3339
0.02089286476245381,0.663463863043714,-1.5838747601441785,0.498168272646912,-1.1030231969917301,0.6314688357631503,1.5038494159258033,False,False,False,False,False,False,False,False,False,False,False,False,False,False,False,False,False,False,False,True,False,False,False,False,False,True,False,False,True,False,False,False,5110
-0.9617800117766933,-0.022137984287746222,-0.06772151176111045,-0.5435017521249851,-0.704536031036547,-0.7800563149999117,0.550091330203359,False,False,False,False,False,False,False,False,False,False,False,False,False,False,False,False,False,False,False,False,False,True,False,False,False,False,False,True,False,False,True,False,77840
1.2691530052311002,-0.14137308817147842,0.9917590714463347,-0.4185013491523574,0.7964918586601066,-0.09525698443169307,-1.6299271514479423,False,False,False,False,False,False,False,False,False,False,False,False,False,False,False,False,False,False,False,False,False,True,False,False,False,False,False,True,False,False,False,True,69669
-0.9883387381696432,-0.5885047277354742,-0.4878603637226835,0.2342785330380314,-1.4586238518127235,-1.6185861075324235,-1.6299271514479423,False,False,False,False,False,False,False,False,True,False,False,False,False,False,False,False,False,False,False,False,False,False,False,False,False,False,False,True,True,False,False,False,1798
-0.9617800117766933,-0.49907839982267505,-1.5108071337160789,-1.6546164452150085,1.1342231338418538,1.0786847251138239,-1.2211736861383233,False,False,False,False,False,False,False,False,False,True,False,False,False,False,False,True,False,False,False,False,False,False,False,False,True,False,False,False,False,False,True,False,1150
1.6940926275182988,-0.9164012634157378,0.9369583516252599,1.303726425137179,0.8036396105158048,1.6796310764287905,0.9588447955129781,False,False,False,False,False,False,False,False,False,False,False,True,False,False,False,False,False,False,False,False,True,False,False,False,False,False,True,False,True,False,False,False,2787
-0.1119007672022958,-0.8865924874448047,-1.017600655326406,1.2203928231554273,0.8411653077582213,-0.3468159221914476,0.4138401751001527,False,False,False,False,False,True,False,False,False,False,False,False,False,False,False,False,False,False,False,False,False,True,False,False,False,True,False,False,False,False,False,False,62515
-1.6788656243863411,-0.469269623851742,-0.28692439104540945,0.6370576092831649,-1.4014418369671366,-1.730390079870092,-0.6761690657254981,False,False,False,False,False,False,False,False,False,False,False,True,False,False,False,False,False,False,False,False,True,False,False,True,False,False,False,False,False,True,False,False,1190
0.04745159115540373,-1.661620662689064,-0.28692439104540945,1.3315042924644296,0.7982787966240308,-1.1853457147239594,-1.6299271514479423,False,True,False,False,False,False,False,False,False,False,False,False,False,False,False,True,False,False,False,False,False,False,False,True,False,False,False,False,False,False,False,False,2404
-1.0945736437414428,-1.4529592308925328,-1.1089351883615306,-1.2101705679789991,0.6642584493296867,0.5056893668832736,0.8225936404097717,False,False,True,False,False,False,False,False,False,False,False,False,False,False,False,False,False,False,False,False,True,False,False,False,False,False,True,False,True,False,False,False,2706
-0.5899578422753944,0.007670791683186827,-0.834931589256157,1.5815050984096848,1.2021267764709886,0.3659344014611888,-0.26741560041587903,True,False,False,False,False,False,False,False,False,False,False,False,False,False,False,False,True,False,False,False,False,False,False,False,False,False,False,True,False,False,False,True,2740
-0.29781185195294524,1.4086832623170402,0.31588352698641275,0.7620580122557925,-1.6105135787463132,0.9808562493183637,0.550091330203359,False,False,False,False,False,True,False,False,False,False,False,False,False,False,True,False,False,False,False,False,False,False,False,False,False,True,False,False,False,True,False,False,1190
1.6940926275182988,-1.3337241270088005,1.4301648300149326,1.6648387003914367,-1.676630283411523,-0.8918602873375802,1.6401005710290097,False,False,True,False,False,False,False,False,False,False,False,False,False,False,False,False,True,False,False,False,False,False,False,True,False,False,False,False,False,False,False,False,4145
-0.6696340214542441,0.5144199831890487,0.49855259305666194,-1.5712828432332568,-0.42934758459216066,0.897003270065113,-0.4036667555190854,False,False,False,False,False,False,False,True,False,False,False,False,False,False,False,False,False,False,True,False,False,False,False,False,False,False,False,False,False,False,True,False,1414
-0.058783314416395956,-0.35003451996800977,1.3022964837657582,0.8315026805739191,-1.2281088544664518,0.6314688357631503,-0.13116444531267268,False,False,False,False,False,False,False,False,False,False,False,False,True,False,False,False,False,False,False,False,True,False,False,True,False,False,False,False,False,False,False,True,1579
-0.9352212853837434,-0.49907839982267505,1.119627417695509,1.637060833064186,0.2300325240960119,-0.6403013495778268,-0.5399179106222917,False,False,False,False,False,False,False,False,False,False,False,False,True,False,False,False,False,False,False,False,True,False,False,False,False,False,False,True,False,False,False,False,1463
-0.5102816630965447,1.0509779506658437,-1.5108071337160789,1.3176153588008044,1.5094801062660175,0.12835096024364373,-0.8124202208287044,False,False,False,False,False,False,False,False,False,False,True,False,False,False,False,False,False,False,False,False,False,False,True,False,False,False,False,False,False,False,True,False,3564
1.6940926275182988,-0.7971661595320055,1.2109619507306337,-1.0296144303518704,-0.36323087992695136,-1.2552231974350019,-0.13116444531267268,False,False,False,False,False,False,False,False,False,False,False,False,True,False,False,False,False,False,False,False,False,False,False,False,False,False,True,False,True,False,False,False,3754
0.7910959301580015,-0.7971661595320055,0.07841374109508886,1.4426157617734319,1.252161039460876,-0.19308546022715323,0.27758901999694635,False,False,False,False,False,False,False,False,False,False,False,True,False,False,True,False,False,False,False,False,False,False,False,False,False,True,False,False,False,False,True,False,2129
0.28648012869195305,-0.49907839982267505,1.1744281375165837,-0.0018333392435986083,-1.7588294297520544,1.3022926697891606,-0.6761690657254981,False,False,False,False,False,False,False,False,True,False,False,False,False,False,False,False,False,False,False,False,False,False,True,False,False,False,True,False,False,False,False,False,2527
1.1629180996593005,-0.7971661595320055,-1.6021416667512034,0.3870568033379096,-1.1584182738733928,-0.30488943256482165,0.550091330203359,True,False,False,False,False,False,False,False,False,False,False,False,False,False,False,False,False,False,False,False,True,False,False,False,False,False,True,False,False,False,False,False,2193
0.07401031754835365,-0.9760188153576038,-0.28692439104540945,0.6648354766104155,-1.6498262139526545,1.1625377043670746,-1.084922531035117,False,False,False,False,False,False,True,False,False,False,False,False,False,False,False,False,False,False,False,False,False,True,False,False,False,True,False,False,True,False,False,False,75428
-0.21813567277409548,1.6769622460554376,-1.675209293179303,-0.6546132214339874,-0.590172001345374,0.29605691875014634,0.14133786489374,False,False,False,True,False,False,False,False,False,False,False,False,False,False,False,False,False,False,False,False,False,False,True,False,False,True,False,False,False,False,True,False,2218
1.0566831940875008,-1.7212382146309302,0.699488565733936,-0.16850054320710214,1.477315222915375,-1.1014927354707074,-1.4936759963447361,False,False,False,False,False,False,False,False,False,False,True,False,False,False,False,False,False,False,False,False,False,True,False,True,False,False,False,False,False,False,True,False,62160
-0.5899578422753944,-0.08175553622961232,-0.4695934571156586,0.09538919640177845,-1.4139504027146088,0.25413042912352035,0.4138401751001527,False,False,False,False,True,False,False,False,False,False,False,False,False,False,False,False,False,True,False,False,False,False,False,True,False,False,False,False,True,False,False,False,967
0.20680394951310327,1.4086832623170402,1.2840295771587333,-1.0018365630246198,0.4015785686327725,-0.0114040051784424,0.550091330203359,False,False,False,False,True,False,False,False,False,False,False,False,False,False,False,True,False,False,False,False,False,False,False,False,False,True,False,False,False,False,True,False,1811
-0.2712531255599953,-1.691429438659997,-1.4194726006809542,1.3592821597916802,-0.15058526221992516,-0.3747669152758641,-1.3574248412415297,False,False,False,True,False,False,False,False,False,False,False,False,False,False,False,False,False,False,False,False,False,True,False,False,False,False,False,False,True,False,False,False,72367
1.6144164483394492,0.663463863043714,0.005346114666989206,-1.154614833324498,1.5845315007508494,-1.353051673230462,1.367598260822597,False,False,True,False,False,False,False,False,False,False,False,False,False,False,False,False,False,False,False,False,True,False,False,False,True,False,False,False,False,False,False,True,2865
-0.9617800117766933,-0.8567837114738717,-1.1454690015755804,-1.5157271085787556,-1.3228165665544547,-0.31886492910702985,-1.6299271514479423,False,False,False,True,False,False,False,False,False,False,False,False,False,False,False,False,False,False,False,False,False,False,False,True,False,False,False,False,False,False,False,False,2950
0.1271277703342535,1.319256934404241,0.18801518073723836,-1.5435049759060062,-1.0029546710119535,-1.5207576317369644,0.6863424853065654,False,False,False,True,False,False,False,False,False,False,False,False,False,False,False,False,True,False,False,False,False,False,False,False,True,False,False,False,False,False,False,True,4161
1.3753879108029,0.3653761033343834,-0.19558985801028486,-1.5990607105605075,-1.6534000898805037,-1.4229291559415045,0.6863424853065654,False,False,False,False,True,False,False,False,False,False,False,False,False,False,False,False,False,False,False,False,False,False,False,False,False,False,False,False,False,True,False,False,3534
-0.29781185195294524,-0.20099064011334453,-0.32345820425945926,0.28983426769253257,-0.21312809095728535,-0.31886492910702985,-1.2211736861383233,False,False,False,False,False,False,False,False,False,False,True,False,False,False,False,False,False,False,False,False,True,False,False,False,False,True,False,False,False,True,False,False,1736
0.02089286476245381,0.9615516227530445,1.4301648300149326,-1.1407258996608727,-0.7688657977378327,-0.7101788322888692,0.27758901999694635,False,False,False,False,False,False,False,True,False,False,False,False,False,False,True,False,False,False,False,False,False,False,False,False,False,False,False,False,False,True,False,False,1252
-1.6788656243863411,-1.4827680068634657,-0.597461803364833,0.9009473488920455,1.3415079376571053,1.4560231317534538,0.8225936404097717,False,False,False,False,False,False,False,False,False,False,False,True,False,False,False,False,False,False,False,False,False,False,True,True,False,False,False,False,True,False,False,False,2542
-1.068014917348493,-1.095253919241336,-0.9627999355053313,1.4565046954370573,0.3962177547409985,-0.4586198945291148,0.8225936404097717,False,False,False,False,False,False,False,False,False,False,False,False,False,False,False,False,False,False,False,False,False,False,True,False,False,False,True,False,False,False,True,False,1593
-0.2446943991670454,-0.7375486075901394,1.1744281375165837,0.8315026805739191,0.4283826380916417,0.8690522769806953,-0.4036667555190854,False,False,False,False,False,False,False,False,False,False,False,False,True,False,False,True,False,False,False,False,False,False,False,False,False,True,False,False,False,False,False,True,2273
1.587857721946499,1.5279183662007725,-0.34172511086648416,-0.47405708380685857,0.1371117499719334,0.08642447061701776,-1.084922531035117,False,False,False,False,False,False,False,False,False,False,False,False,True,False,False,False,False,False,False,False,False,False,True,False,False,False,False,True,False,False,False,True,2286
-0.3509293047388451,-0.2904169680261437,0.5168194996636868,1.3176153588008044,-1.4318197823538543,0.6873708219319845,0.8225936404097717,False,False,False,False,False,False,False,False,True,False,False,False,False,False,True,False,False,False,False,False,False,False,False,False,True,False,False,False,False,False,False,True,1596
-0.6165165686683444,-1.7212382146309302,0.9917590714463347,1.2620596241463031,-0.17381545575094462,-0.8639092942531624,-0.26741560041587903,False,False,False,False,False,False,False,False,False,False,True,False,False,False,False,False,False,False,False,False,False,False,True,False,False,False,False,False,False,False,False,True,3074
-0.4571642103106448,0.42499365527624955,-1.6386754799652532,-1.4601713739242546,1.80253793234965,1.511925117922288,-0.8124202208287044,False,False,False,False,False,False,False,False,True,False,False,False,False,False,False,False,False,False,False,False,False,True,False,False,False,True,False,False,False,True,False,False,72606
-0.6430752950612942,0.7528901909565131,-1.035867561933431,-0.4185013491523574,1.216422280182385,0.08642447061701776,-1.084922531035117,False,False,False,False,False,False,True,False,False,False,False,False,False,False,False,False,False,False,False,True,False,False,False,False,False,False,False,False,False,False,False,True,4893
-1.466395813242742,-0.1711818641424115,-0.9079992156842566,1.7065055013823125,1.4254940219615622,1.134586711282658,0.9588447955129781,False,False,False,False,False,False,True,False,False,False,False,False,False,False,False,False,False,False,False,False,True,False,False,False,False,True,False,False,False,False,True,False,1971
0.977007014908651,0.7230814149855801,0.918691445018235,1.637060833064186,1.1753227070121188,-0.5005463841557407,-0.13116444531267268,False,False,False,False,False,False,False,False,True,False,False,False,False,False,False,False,False,False,False,False,False,False,True,True,False,False,False,False,False,True,False,False,2505
0.8442133829439014,1.229830606491442,1.3936310168008827,1.4426157617734319,-1.3925071471475137,-1.4229291559415045,0.8225936404097717,False,False,False,False,False,False,False,False,False,False,True,False,False,False,False,False,False,False,False,False,True,False,False,True,False,False,False,False,False,False,False,True,1829
0.4989499398355524,-0.5586959517645411,0.4072180600215373,-1.112948032333622,-0.9475595941302916,0.575566849594316,0.27758901999694635,False,False,False,False,False,False,False,False,True,False,False,False,False,False,False,False,False,False,True,False,False,False,False,True,False,False,False,False,True,False,False,False,1497
0.8973308357298012,-0.4096520719098759,0.29761662037938785,-1.3629488382788775,-1.748107801968507,-1.7443655764123014,-0.13116444531267268,False,False,False,False,False,False,False,False,False,False,False,False,True,False,True,False,False,False,False,False,False,False,False,False,False,False,False,False,False,False,False,False,1146
1.0035657413016008,0.2759497754215843,-0.04945460515408554,1.2065038894918019,-0.6777319615776785,-0.10923248097390131,-1.2211736861383233,False,False,False,False,False,True,False,False,False,False,False,False,False,False,False,False,True,False,False,False,False,False,False,False,False,False,False,True,False,False,False,False,2937
-0.5368403894894945,-1.4827680068634657,1.3022964837657582,-1.1407258996608727,-1.3710638915804183,-1.1014927354707074,-0.13116444531267268,False,True,False,False,False,False,False,False,False,False,False,False,False,False,False,False,False,False,True,False,False,False,False,True,False,False,False,False,False,False,False,False,954
-0.5899578422753944,1.378874486346107,-0.15905604479623503,-0.6962800224248633,-0.07374692977116791,0.42183638763002296,0.6863424853065654,False,False,False,False,True,False,False,False,False,False,False,False,False,False,False,False,False,False,False,False,False,False,False,False,False,True,False,False,False,True,False,False,1915
-1.1742498229202927,-1.095253919241336,-0.28692439104540945,-1.6407275115513833,0.6535368215461395,1.651680083344374,0.550091330203359,False,False,False,False,True,False,False,False,False,False,False,False,False,False,False,False,True,False,False,False,False,False,False,True,False,False,False,False,False,False,False,True,2883
1.2691530052311002,-1.2144890231250682,1.2474957639446835,-1.432393506597004,1.3575903793324273,-0.15115897060052727,0.8225936404097717,True,False,False,False,False,False,False,False,False,False,False,False,False,False,False,False,False,False,False,False,False,False,False,False,False,False,True,False,False,True,False,False,3212
1.5612989955535492,0.5144199831890487,-1.6021416667512034,-1.5573939095696314,0.9108558883512803,1.0786847251138239,0.4138401751001527,False,False,False,True,False,False,False,False,False,False,False,False,False,False,False,False,False,False,True,False,False,False,False,True,False,False,False,False,False,False,True,False,1364
1.5347402691605994,1.4086832623170402,-0.26865748443838455,0.5120572063105373,1.5863184387147748,0.0025714913637658395,-0.26741560041587903,False,True,False,False,False,False,False,False,False,False,False,False,False,False,False,False,True,False,False,False,False,False,False,False,False,False,False,False,True,False,False,False,4067
-0.9617800117766933,-0.469269623851742,-0.031187698547060626,-1.585171776896882,-1.5676270676121233,-0.039354998262858876,-1.4936759963447361,False,False,False,False,False,False,False,False,False,False,False,True,False,False,False,False,False,False,False,True,False,False,False,False,False,False,False,True,True,False,False,False,3143
-1.5460719924215915,-0.5885047277354742,-0.10425532497516028,-0.5018349511341091,-1.7159429186178639,1.4839741248378715,0.4138401751001527,False,False,False,False,False,False,False,False,False,False,True,False,False,False,False,False,True,False,False,False,False,False,False,False,False,False,True,False,False,False,False,False,2667
0.8442133829439014,0.42499365527624955,-1.437739507287979,0.6231686756195396,0.5981417446644774,1.3302436628735772,-1.6299271514479423,False,False,False,False,False,False,False,False,False,True,False,False,False,False,False,False,False,False,False,True,False,False,False,False,False,False,False,False,False,False,False,False,4040
-0.2446943991670454,-1.5721943347762648,0.2062820873442633,-0.36294561449785623,-0.7277662245675671,0.9668807527761555,0.550091330203359,False,True,False,False,False,False,False,False,False,False,False,False,False,False,False,False,True,False,False,False,False,False,False,False,False,False,False,False,False,False,False,False,2002
1.1894768260522504,0.7230814149855801,-0.17732295140325996,-0.7796136244066151,-0.8564257579701372,-0.7381298253732858,0.6863424853065654,True,False,False,False,False,False,False,False,False,False,False,False,False,False,False,False,False,False,False,False,False,False,True,False,False,False,False,False,False,False,False,True,3230
0.18024522312015334,-0.3202257439970767,1.5032324564430324,1.012058818201048,-0.579450373561826,0.12835096024364373,1.6401005710290097,False,False,False,False,False,False,True,False,False,False,False,False,False,False,True,False,False,False,False,False,False,False,False,False,False,True,False,False,False,False,True,False,1476
1.29571173162405,1.5577271421717054,-0.7070632430069825,1.4148378944461815,-0.7974568051606261,-0.9896887631330402,0.005086709790533665,False,False,True,False,False,False,False,False,False,False,False,False,False,False,True,False,False,False,False,False,False,False,False,False,False,False,False,False,False,False,True,False,2007
-1.2273672757061924,-1.542385558805332,0.7177554723409609,1.4703936291006825,0.06384729345102529,-0.2210364533115697,-1.084922531035117,False,False,False,True,False,False,False,False,False,False,False,False,False,False,False,False,False,False,False,False,True,False,False,False,False,True,False,False,False,False,True,False,2302
-1.0945736437414428,0.6336550870727808,0.04187992788103904,1.0953924201827996,-0.18989789742626587,-0.08128148788948483,1.6401005710290097,True,False,False,False,False,False,False,False,False,False,False,False,False,False,False,True,False,False,False,False,False,False,False,False,False,False,False,False,False,False,True,False,2166
-1.2539260020991425,0.30575855139251734,-1.5290740403231038,-0.07127800756172507,0.06742116937887438,1.134586711282658,1.5038494159258033,False,False,False,False,False,False,False,False,False,False,False,False,False,False,False,False,False,False,False,False,True,False,False,False,True,False,False,False,False,False,False,False,2353
-1.6257481716004414,-1.2741065750669343,-0.7253301496140074,-0.7101689560884886,0.6374543798708182,1.358194655957995,-0.9486713759319108,False,False,False,False,False,False,False,False,False,True,False,False,False,False,False,False,False,False,False,True,False,False,False,False,False,False,True,False,True,False,False,False,2937
0.2333626759060532,-1.7212382146309302,-0.28692439104540945,0.5120572063105373,-0.3793133216022726,-0.31886492910702985,-1.6299271514479423,False,False,False,False,False,False,False,False,False,False,True,False,False,False,False,True,False,False,False,False,False,False,False,False,True,False,False,False,False,False,False,False,1635
1.640975174732399,1.6769622460554376,-0.597461803364833,-0.15461160954347683,-0.8635735098258355,-1.7164145833278837,-0.4036667555190854,False,False,False,True,False,False,False,False,False,False,False,False,False,False,False,False,False,False,False,False,False,False,False,False,False,False,False,False,False,False,True,False,2576
0.15368649672720341,-0.6481222796773403,-0.8531984958631819,-0.918502961042868,-1.167352963693016,1.2324151870781181,-1.084922531035117,False,False,False,False,False,False,False,False,False,False,False,True,False,False,False,False,False,False,False,False,True,False,False,False,False,False,True,False,False,False,False,False,2003
-0.6961927478471941,1.319256934404241,-0.7070632430069825,1.4565046954370573,-0.5133336688966167,-1.1573947216395417,-1.6299271514479423,False,True,False,False,False,False,False,False,False,False,False,False,False,False,False,True,False,False,False,False,False,False,False,False,False,False,True,False,False,False,True,False,1255
-1.068014917348493,0.7230814149855801,-0.34172511086648416,1.1370592211736754,0.8840518188924118,0.3938853945456052,1.367598260822597,False,False,False,False,False,False,True,False,False,False,False,False,False,False,False,False,False,False,False,False,False,True,False,False,False,False,False,True,False,True,False,False,58321
-1.041456190955543,-0.6481222796773403,0.3524173402004626,0.5676129409650384,0.9376599578101489,-1.688463590243467,-0.26741560041587903,False,False,False,False,False,False,False,True,False,False,False,False,False,False,False,False,False,False,False,True,False,False,False,False,True,False,False,False,True,False,False,False,4710
0.44583248704965256,0.663463863043714,0.04187992788103904,1.637060833064186,0.6177980622676478,-0.3747669152758641,1.5038494159258033,False,False,False,False,False,True,False,False,False,False,False,False,False,False,False,False,False,False,False,False,True,False,False,False,False,False,False,True,False,True,False,False,2548
1.640975174732399,0.15671467153785207,1.3205633903727831,1.303726425137179,-0.9243294005992714,1.6656555798865824,1.5038494159258033,False,False,False,False,False,False,False,False,False,False,False,False,False,False,False,False,False,False,False,False,False,False,False,False,False,False,True,False,False,False,False,True,3348
-0.8821038325978435,0.9317428467821114,-1.273337347824755,-0.015722272907223903,0.33724880193148743,-1.4229291559415045,-0.8124202208287044,False,False,False,False,False,False,False,False,False,True,False,False,False,False,False,False,False,False,False,False,False,False,False,False,False,True,False,False,False,False,False,False,2421
0.8176546565509515,0.8125077428983792,-1.200269721396655,0.3870568033379096,0.2747059731941266,-0.2909139360226134,0.6863424853065654,False,False,False,False,False,True,False,False,False,False,False,False,False,False,False,False,False,False,False,False,False,False,True,False,False,False,True,False,False,False,False,True,3248
1.1894768260522504,0.09709711959598598,-0.4147927372945838,-1.7518389808603856,-0.032647356600902316,-0.696203335746661,1.0950959506161844,False,False,False,True,False,False,False,False,False,False,False,False,False,False,False,False,False,False,False,False,False,False,True,False,False,False,False,True,False,False,False,False,3343
-1.3336021812779921,0.3951848793053165,0.29761662037938785,1.6231718994005608,0.20144151667321847,1.3861456490424113,0.9588447955129781,False,False,False,False,False,False,True,False,False,False,False,False,False,False,False,False,False,False,True,False,False,False,False,False,True,False,False,False,False,True,False,False,1260
-1.1476910965273428,0.06728834362505293,1.758969148941381,0.4842793389832867,-0.005843287142033751,1.2603661801625348,1.0950959506161844,False,False,False,False,False,False,True,False,False,False,False,False,False,False,False,False,True,False,False,False,False,False,False,False,False,False,False,False,False,False,True,False,1834
-1.068014917348493,-0.7673573835610725,-0.28692439104540945,-0.8212804253974909,0.2568365935548811,-0.9477622735064143,-0.4036667555190854,True,False,False,False,False,False,False,False,False,False,False,False,False,False,False,False,False,False,False,True,False,False,False,False,False,False,False,False,False,False,True,False,4793
0.7910959301580015,0.21633222347971817,1.576300082871132,-0.5435017521249851,0.7911310447683326,-1.492806638652547,1.6401005710290097,False,False,False,False,True,False,False,False,False,False,False,False,False,False,False,False,False,False,False,False,False,False,False,False,True,False,False,False,False,False,False,False,2972
-1.4398370868497918,-0.8567837114738717,-0.7801308694350821,-1.4740603075878798,-1.3674900156525693,0.42183638763002296,0.27758901999694635,False,False,False,False,True,False,False,False,False,False,False,False,False,False,False,True,False,False,False,False,False,False,False,False,False,False,False,False,False,False,True,False,1220
0.15368649672720341,1.5577271421717054,0.5716202194847616,0.47039040531966136,0.9126428263152045,-0.5983748599512009,-1.2211736861383233,False,True,False,False,False,False,False,False,False,False,False,False,False,False,False,False,False,False,False,False,False,False,True,False,False,False,False,False,False,True,False,False,1909
1.0566831940875008,-1.1548714711832022,-1.3464049742528545,0.10927813006540374,-1.2745692415284908,0.575566849594316,0.4138401751001527,True,False,False,False,False,False,False,False,False,False,False,False,False,False,False,True,False,False,False,False,False,False,False,False,False,False,False,True,False,False,True,False,1386
1.3488291844099498,0.037479567654119875,-1.675209293179303,0.9148362825556707,-1.5211666805500839,-1.6605125971590495,0.27758901999694635,False,False,False,False,False,False,False,False,False,False,False,False,True,False,False,False,False,False,False,False,False,True,False,False,True,False,False,False,False,True,False,False,72839
-1.068014917348493,0.693272639014647,-0.9627999355053313,1.4703936291006825,1.7185518480451933,-1.311125183603836,0.27758901999694635,False,True,False,False,False,False,False,False,False,False,False,False,False,False,False,False,False,False,False,True,False,False,False,True,False,False,False,False,False,False,False,True,5579
-1.1742498229202927,1.4384920382879733,1.2292288573376586,-1.724061113533135,1.6506482054160598,0.6314688357631503,-0.13116444531267268,False,False,False,False,False,False,False,False,False,False,False,False,True,False,False,False,True,False,False,False,False,False,False,False,False,True,False,False,False,True,False,False,2486
-1.413278360456842,0.4548024312471826,-1.2916042544317798,1.5120604300915583,-1.542609936117179,-1.031615252759665,-0.6761690657254981,False,False,False,False,True,False,False,False,False,False,False,False,False,False,False,True,False,False,False,False,False,False,False,False,False,True,False,False,True,False,False,False,1458
1.0832419204804506,-1.03563636729947,0.3524173402004626,-1.057392297679121,-0.17917626964271857,1.2184396905359087,-0.6761690657254981,True,False,False,False,False,False,False,False,False,False,False,False,False,False,False,True,False,False,False,False,False,False,False,False,False,False,False,False,True,False,False,False,2462
-1.1476910965273428,-1.631811886718131,-0.9627999355053313,-0.6685021550976127,-1.095875445136032,-1.5626841213635894,0.6863424853065654,False,False,False,False,False,False,False,False,False,False,False,False,True,False,False,False,False,False,False,True,False,False,False,False,False,True,False,False,True,False,False,False,3521
0.8176546565509515,-0.6481222796773403,-0.9993337487193812,-0.446279216479608,-0.029073480673053216,-1.0176397562174568,-0.9486713759319108,False,False,False,False,False,False,False,False,False,False,False,False,False,False,False,False,False,False,False,False,False,True,False,False,True,False,False,False,False,False,False,False,58527
-1.2804847284920924,-1.631811886718131,-0.816664682649132,0.7620580122557925,1.1985529005431388,1.7215575660554165,-1.084922531035117,True,False,False,False,False,False,False,False,False,False,False,False,False,False,False,False,False,False,False,True,False,False,False,False,True,False,False,False,False,False,False,False,4232
1.3488291844099498,0.5442287591599817,1.6493677092992316,1.1231702875100502,1.629204949848964,-0.26296294293819567,-1.4936759963447361,False,False,False,False,True,False,False,False,False,False,False,False,False,False,False,False,False,False,False,False,True,False,False,False,False,False,True,False,False,False,False,False,2722
-0.9617800117766933,0.9019340708111784,-0.32345820425945926,1.0398366855282983,0.5016470946125499,0.6873708219319845,-0.13116444531267268,False,True,False,False,False,False,False,False,False,False,False,False,False,False,False,False,False,False,False,False,False,False,False,False,False,False,True,False,False,True,False,False,2721
-1.068014917348493,0.5442287591599817,1.6493677092992316,1.6509497667278115,-0.49725122722129544,-1.129443728555125,-1.2211736861383233,False,False,False,False,False,False,False,False,False,False,False,False,False,True,False,False,False,False,False,False,True,False,False,False,False,True,False,False,False,False,False,False,1863
-0.722751474240144,-1.2144890231250682,1.576300082871132,1.303726425137179,0.3908569408492252,0.3519589049189793,1.367598260822597,True,False,False,False,False,False,False,False,False,False,False,False,False,False,False,False,False,False,True,False,False,False,False,True,False,False,False,False,False,False,False,True,1561
1.6940926275182988,0.8721252948402453,0.26108280716533805,-0.05738907389809978,-0.6473540161909608,0.7712238011852364,0.005086709790533665,False,False,False,False,False,False,False,True,False,False,False,False,False,False,False,False,False,False,False,False,True,False,False,False,False,False,True,False,True,False,False,False,2758
1.2425942788381503,0.21633222347971817,1.740702242334356,0.8315026805739191,1.4826760368071477,-0.6682523426622433,0.550091330203359,False,False,False,False,False,False,False,False,False,True,False,False,False,False,False,False,True,False,False,False,False,False,False,False,False,False,True,False,False,True,False,False,2496
-0.5368403894894945,-0.3202257439970767,-1.5473409469301287,-1.6823943125422591,1.343294875621031,1.12061121474045,0.4138401751001527,False,False,False,False,True,False,False,False,False,False,False,False,False,False,False,False,False,False,False,False,True,False,False,False,True,False,False,False,True,False,False,False,2436
-0.4306054839176949,-0.7673573835610725,-0.1225222315821852,0.4148346706651602,0.2300325240960119,0.33798340837677104,-0.5399179106222917,False,False,False,False,False,False,False,False,True,False,False,False,False,False,False,False,False,True,False,False,False,False,False,True,False,False,False,False,False,False,False,False,631
1.0566831940875008,-0.022137984287746222,-0.4513265505086337,-1.529616042242381,-0.6008936291289212,-0.41669340490249,-1.6299271514479423,False,False,False,False,False,False,False,False,True,False,False,False,False,False,False,False,False,False,False,True,False,False,False,False,False,False,False,False,False,True,False,False,5074
0.15368649672720341,0.7230814149855801,-0.32345820425945926,-0.14072267587985154,-0.7134707208561701,0.17027744987026844,0.27758901999694635,False,True,False,False,False,False,False,False,False,False,False,False,False,False,True,False,False,False,False,False,False,False,False,False,False,True,False,False,False,False,True,False,1263
0.20680394951310327,0.42499365527624955,0.8090900053760854,-0.9323918947064933,-1.6391045861691065,0.24015493258131212,-0.13116444531267268,False,True,False,False,False,False,False,False,False,False,False,False,False,False,False,False,False,False,False,False,False,False,True,False,False,False,True,False,False,False,False,True,3689
-1.3070434548850423,-0.9164012634157378,-0.04945460515408554,0.31761213501978314,1.1485186375532501,-1.1993212112661675,-1.084922531035117,False,False,False,False,False,True,False,False,False,False,False,False,False,False,True,False,False,False,False,False,False,False,False,True,False,False,False,False,False,False,False,False,1438
0.10056904394130357,-0.7077398316192064,0.6812216591269111,0.3453900023470337,-0.15415913814777424,-0.36079141873365583,1.367598260822597,False,False,False,False,False,False,False,False,False,True,False,False,False,False,True,False,False,False,False,False,False,False,False,True,False,False,False,False,False,False,False,False,2062
-1.5991894452074915,1.319256934404241,-0.2321236712243347,-0.029611206570849195,-0.6008936291289212,-0.5704238668667831,1.5038494159258033,False,False,False,False,False,False,False,False,False,True,False,False,False,False,False,False,False,True,False,False,False,False,False,False,False,True,False,False,False,False,False,True,1037
-1.068014917348493,-1.4529592308925328,0.04187992788103904,-0.6407242877703622,-0.08089468162686611,-0.3747669152758641,0.6863424853065654,False,False,False,False,False,False,False,False,False,False,False,False,False,False,False,False,False,False,False,False,False,False,True,True,False,False,False,False,False,False,False,True,3086
0.8707721093368513,0.18652344750878513,-0.4147927372945838,-0.5851685531158609,1.1592402653367981,0.8830277735229047,0.9588447955129781,False,True,False,False,False,False,False,False,False,False,False,False,False,False,False,False,False,False,False,False,False,True,False,True,False,False,False,False,False,False,True,False,64721
-1.1742498229202927,-0.49907839982267505,-0.04945460515408554,-1.057392297679121,-1.3156688146987563,-0.08128148788948483,-1.4936759963447361,False,False,False,False,False,False,False,False,False,True,False,False,False,False,False,False,True,False,False,False,False,False,False,True,False,False,False,False,False,False,False,False,3826
-0.40404675752474495,0.7826989669274461,-0.6157287099718579,0.7065022776012914,1.2968344885589906,1.511925117922288,-1.2211736861383233,False,False,False,False,False,False,False,False,False,False,False,True,False,False,False,False,True,False,False,False,False,False,False,False,False,False,True,False,False,False,False,False,3716
1.0035657413016008,-1.4827680068634657,0.9917590714463347,0.1648338647199049,1.4397895256729585,-0.752105321915494,0.27758901999694635,False,False,False,False,False,True,False,False,False,False,False,False,False,False,True,False,False,False,False,False,False,False,False,False,False,True,False,False,True,False,False,False,1343
0.6051848454073521,0.037479567654119875,-1.1820028147896302,0.7898358795830431,1.6149094461375675,-0.31886492910702985,-0.9486713759319108,False,False,False,False,False,False,False,False,False,False,False,False,True,False,False,True,False,False,False,False,False,False,False,True,False,False,False,False,False,True,False,False,2427
-1.5195132660286417,1.5577271421717054,-0.378258924080534,-0.7796136244066151,-0.3417876243598561,0.9808562493183637,1.2313471057193908,False,False,False,False,False,False,True,False,False,False,False,False,False,False,False,False,False,False,False,False,False,True,False,True,False,False,False,False,False,True,False,False,67143
0.33959758147785285,-1.3039153510378674,-1.437739507287979,0.5953908082922891,-0.9850852913727074,0.14232645678585196,-0.13116444531267268,False,False,False,False,False,False,True,False,False,False,False,False,False,False,False,False,False,False,True,False,False,False,False,False,False,False,True,False,True,False,False,False,1217
-0.377488031131795,1.2000218305205088,-1.25507044121773,-1.2240595016426246,-0.4275606466282364,0.14232645678585196,0.6863424853065654,False,False,False,False,False,False,False,False,False,False,False,False,True,False,False,True,False,False,False,False,False,False,False,False,False,True,False,False,False,True,False,False,2048
1.6940926275182988,-0.051946760258679274,0.3524173402004626,-0.8073914917338656,-0.5723026217061278,-1.5906351144480069,0.9588447955129781,False,False,False,False,False,False,False,False,False,False,True,False,False,False,False,True,False,False,False,False,False,False,False,False,True,False,False,False,False,False,False,True,1346
-1.413278360456842,0.30575855139251734,-0.8897323090772317,1.5120604300915583,-1.1316142044145237,-0.3747669152758641,-1.2211736861383233,False,False,False,False,True,False,False,False,False,False,False,False,False,False,False,False,False,False,False,True,False,False,False,False,False,False,True,False,False,True,False,False,6009
-0.40404675752474495,1.378874486346107,-0.6705294297929326,-1.0990590986699968,0.4051524445606216,-0.8219828046265377,-1.6299271514479423,False,False,False,False,False,True,False,False,False,False,False,False,False,False,False,False,False,False,True,False,False,False,False,False,False,True,False,False,False,True,False,False,878
-0.8555451062048937,-1.095253919241336,0.49855259305666194,-0.029611206570849195,-0.06123836402369575,1.7215575660554165,0.27758901999694635,False,False,False,False,False,False,False,False,False,False,False,True,False,False,False,True,False,False,False,False,False,False,False,True,False,False,False,False,True,False,False,False,1275
-0.8289863798119437,0.15671467153785207,1.576300082871132,-0.9740586956973691,1.3254254959817848,-0.696203335746661,0.6863424853065654,False,False,False,False,False,False,False,False,False,True,False,False,False,False,False,False,False,False,False,False,False,False,True,False,False,True,False,False,False,False,True,False,3576
1.4285053635887996,-0.5288871757936081,-1.1089351883615306,-1.4740603075878798,-1.6444654000608805,1.316268166331369,0.14133786489374,False,False,False,False,False,False,False,False,False,False,False,False,False,True,False,False,False,False,False,False,False,False,False,False,False,True,False,False,False,True,False,False,3310
0.10056904394130357,0.8423165188693122,1.558033176264107,-0.6268353541067369,0.5355989159271166,0.5895423461365256,-1.3574248412415297,False,False,False,False,False,True,False,False,False,False,False,False,False,False,False,False,False,False,False,False,True,False,False,False,False,False,False,False,False,True,False,False,1546
0.02089286476245381,0.3653761033343834,1.3936310168008827,-0.39072348182510686,0.9591032133772435,-0.5843993634089927,0.27758901999694635,True,False,False,False,False,False,False,False,False,False,False,False,False,False,False,False,False,False,False,False,True,False,False,False,False,True,False,False,False,False,True,False,1579
0.977007014908651,-0.08175553622961232,-1.2368035346107051,0.28983426769253257,0.9465946476297713,0.12835096024364373,-1.084922531035117,False,False,False,False,False,False,False,False,False,False,False,False,True,False,False,False,False,False,False,True,False,False,False,False,True,False,False,False,True,False,False,False,5743
0.18024522312015334,-1.065445143270403,0.4254849666285623,-1.5573939095696314,1.3986899525026923,1.1625377043670746,1.5038494159258033,False,False,False,False,False,False,False,False,False,False,False,True,False,False,False,False,False,True,False,False,False,False,False,False,False,True,False,False,False,False,True,False,697
1.322270458017,1.4683008142589062,1.758969148941381,-0.8073914917338656,0.839378369794297,1.316268166331369,1.2313471057193908,False,False,False,False,False,False,False,True,False,False,False,False,False,False,False,True,False,False,False,False,False,False,False,False,True,False,False,False,True,False,False,False,2467
0.02089286476245381,-1.0058275913285368,-0.4878603637226835,1.0815034865191744,1.547005803508434,-1.2132967078083758,-1.3574248412415297,False,False,True,False,False,False,False,False,False,False,False,False,False,False,False,False,False,False,False,True,False,False,False,True,False,False,False,False,False,False,False,True,5752
1.4550640899817495,0.9615516227530445,-0.9262661222912815,0.7203912112649167,-0.5740895596700527,-0.5843993634089927,1.2313471057193908,False,False,False,True,False,False,False,False,False,False,False,False,False,False,False,False,False,False,False,False,False,False,True,False,True,False,False,False,True,False,False,False,3015
0.7379784773721016,1.378874486346107,1.3022964837657582,-0.7101689560884886,0.03346934806430762,-0.5983748599512009,-0.8124202208287044,False,False,False,False,True,False,False,False,False,False,False,False,False,False,False,False,False,False,False,True,False,False,False,True,False,False,False,False,False,False,False,True,4467
1.667533901125349,-1.5721943347762648,-0.30519129765243436,-0.9046140273792427,-1.7087951667621657,-1.6185861075324235,-0.9486713759319108,False,False,False,False,False,False,False,False,False,False,False,False,True,False,False,False,True,False,False,False,False,False,False,True,False,False,False,False,False,False,False,True,3630
0.6583022981932519,-0.7375486075901394,0.8090900053760854,-0.11294480855260096,-1.73381229825711,0.3240079118345628,1.2313471057193908,False,False,False,False,False,False,False,False,False,False,False,False,False,True,False,False,False,False,False,True,False,False,False,False,True,False,False,False,True,False,False,False,4610
