Rainfall,Temperature,Humidity,Month,Year,Region
3.5,22.3,72.9,1,1997,Andhra Pradesh
2.2,24.9,66.1,2,1997,Andhra Pradesh
1.8,30.8,62.7,3,1997,Andhra Pradesh
4.1,32.9,59.2,4,1997,Andhra Pradesh
3.1,34.9,67.6,5,1997,Andhra Pradesh
59.3,30.8,64.3,6,1997,Andhra Pradesh
44.2,28.4,68.5,7,1997,Andhra Pradesh
87.3,30.2,70.2,8,1997,Andhra Pradesh
23.1,28.5,65.1,9,1997,Andhra Pradesh
0.4,26.4,68.1,10,1997,Andhra Pradesh
2.9,25.9,65.5,11,1997,Andhra Pradesh
0.6,24.0,67.3,12,1997,Andhra Pradesh
4.5,20.8,74.5,1,1998,Andhra Pradesh
4.0,24.6,62.3,2,1998,Andhra Pradesh
5.8,30.7,62.2,3,1998,Andhra Pradesh
4.9,32.7,64.7,4,1998,Andhra Pradesh
0.6,33.9,58.7,5,1998,Andhra Pradesh
69.1,31.3,71.1,6,1998,Andhra Pradesh
45.9,30.1,67.8,7,1998,Andhra Pradesh
176.9,28.5,71.9,8,1998,Andhra Pradesh
45.9,27.1,71.9,9,1998,Andhra Pradesh
9.0,27.3,68.3,10,1998,Andhra Pradesh
4.3,25.1,66.9,11,1998,Andhra Pradesh
4.2,22.2,67.3,12,1998,Andhra Pradesh
1.3,22.1,66.9,1,1999,Andhra Pradesh
2.7,23.9,62.9,2,1999,Andhra Pradesh
1.6,30.7,64.6,3,1999,Andhra Pradesh
4.4,34.1,62.8,4,1999,Andhra Pradesh
2.1,36.4,56.8,5,1999,Andhra Pradesh
24.9,32.2,68.7,6,1999,Andhra Pradesh
60.2,31.0,68.3,7,1999,Andhra Pradesh
49.1,28.8,62.3,8,1999,Andhra Pradesh
5.0,29.4,63.7,9,1999,Andhra Pradesh
0.8,28.8,62.0,10,1999,Andhra Pradesh
2.0,23.5,67.6,11,1999,Andhra Pradesh
5.7,23.9,63.4,12,1999,Andhra Pradesh
1.5,23.9,68.2,1,2000,Andhra Pradesh
1.1,24.4,69.8,2,2000,Andhra Pradesh
0.6,31.7,66.8,3,2000,Andhra Pradesh
5.8,33.9,60.5,4,2000,Andhra Pradesh
7.5,34.8,60.8,5,2000,Andhra Pradesh
34.5,32.3,63.7,6,2000,Andhra Pradesh
35.8,29.2,64.7,7,2000,Andhra Pradesh
33.7,29.8,67.4,8,2000,Andhra Pradesh
57.1,28.4,66.6,9,2000,Andhra Pradesh
1.7,27.8,66.2,10,2000,Andhra Pradesh
2.1,24.8,67.6,11,2000,Andhra Pradesh
2.6,22.1,72.9,12,2000,Andhra Pradesh
4.9,21.6,64.7,1,2001,Andhra Pradesh
4.3,22.2,68.3,2,2001,Andhra Pradesh
0.9,30.5,61.0,3,2001,Andhra Pradesh
3.3,33.1,60.1,4,2001,Andhra Pradesh
1.4,32.9,56.5,5,2001,Andhra Pradesh
5.1,31.0,63.0,6,2001,Andhra Pradesh
69.0,28.4,71.3,7,2001,Andhra Pradesh
104.4,28.2,70.8,8,2001,Andhra Pradesh
37.1,26.5,68.8,9,2001,Andhra Pradesh
5.3,26.2,69.0,10,2001,Andhra Pradesh
1.8,24.2,66.0,11,2001,Andhra Pradesh
3.8,21.8,73.7,12,2001,Andhra Pradesh
1.1,21.9,71.3,1,2002,Andhra Pradesh
1.8,22.8,68.1,2,2002,Andhra Pradesh
4.0,30.7,61.8,3,2002,Andhra Pradesh
3.9,34.9,64.4,4,2002,Andhra Pradesh
1.8,35.2,59.3,5,2002,Andhra Pradesh
141.8,31.4,72.2,6,2002,Andhra Pradesh
44.8,29.0,62.4,7,2002,Andhra Pradesh
3.4,28.5,59.5,8,2002,Andhra Pradesh
39.8,27.6,65.0,9,2002,Andhra Pradesh
3.8,25.4,67.3,10,2002,Andhra Pradesh
3.5,23.8,66.9,11,2002,Andhra Pradesh
2.9,23.7,66.8,12,2002,Andhra Pradesh
3.4,22.5,69.8,1,2003,Andhra Pradesh
0.6,25.0,67.7,2,2003,Andhra Pradesh
5.1,31.2,63.5,3,2003,Andhra Pradesh
1.3,34.7,63.5,4,2003,Andhra Pradesh
1.6,33.5,58.9,5,2003,Andhra Pradesh
77.1,32.3,63.2,6,2003,Andhra Pradesh
149.0,29.5,71.3,7,2003,Andhra Pradesh
33.8,28.2,66.7,8,2003,Andhra Pradesh
14.8,28.2,68.4,9,2003,Andhra Pradesh
3.5,27.3,62.3,10,2003,Andhra Pradesh
9.8,26.2,67.8,11,2003,Andhra Pradesh
10.5,23.5,75.0,12,2003,Andhra Pradesh
1.4,22.6,70.4,1,2004,Andhra Pradesh
3.5,23.5,66.2,2,2004,Andhra Pradesh
4.5,30.7,66.9,3,2004,Andhra Pradesh
3.5,34.6,65.5,4,2004,Andhra Pradesh
3.1,35.0,60.9,5,2004,Andhra Pradesh
139.2,33.0,71.0,6,2004,Andhra Pradesh
190.7,29.9,68.4,7,2004,Andhra Pradesh
79.6,29.0,64.9,8,2004,Andhra Pradesh
18.2,27.3,66.7,9,2004,Andhra Pradesh
4.1,27.0,61.8,10,2004,Andhra Pradesh
2.3,24.5,68.9,11,2004,Andhra Pradesh
4.9,21.9,72.2,12,2004,Andhra Pradesh
8.9,21.9,66.5,1,2005,Andhra Pradesh
3.5,24.3,66.9,2,2005,Andhra Pradesh
5.7,29.5,62.8,3,2005,Andhra Pradesh
5.4,33.5,64.3,4,2005,Andhra Pradesh
0.9,33.8,59.4,5,2005,Andhra Pradesh
63.8,31.0,70.6,6,2005,Andhra Pradesh
75.2,29.6,67.2,7,2005,Andhra Pradesh
200.0,27.8,68.2,8,2005,Andhra Pradesh
42.4,28.4,65.1,9,2005,Andhra Pradesh
6.0,26.6,71.3,10,2005,Andhra Pradesh
5.2,24.8,64.5,11,2005,Andhra Pradesh
3.6,23.8,61.7,12,2005,Andhra Pradesh
17.4,23.3,65.2,1,2006,Andhra Pradesh
5.4,25.4,65.5,2,2006,Andhra Pradesh
2.8,29.3,65.4,3,2006,Andhra Pradesh
9.1,32.7,62.9,4,2006,Andhra Pradesh
5.7,35.2,63.2,5,2006,Andhra Pradesh
41.0,31.6,64.7,6,2006,Andhra Pradesh
150.0,29.7,66.8,7,2006,Andhra Pradesh
89.7,29.4,67.6,8,2006,Andhra Pradesh
26.7,28.2,63.2,9,2006,Andhra Pradesh
5.1,26.3,67.0,10,2006,Andhra Pradesh
3.6,24.5,70.9,11,2006,Andhra Pradesh
7.7,23.1,70.9,12,2006,Andhra Pradesh
1.7,21.8,64.1,1,2007,Andhra Pradesh
3.3,25.1,66.9,2,2007,Andhra Pradesh
6.0,31.0,65.2,3,2007,Andhra Pradesh
4.0,31.6,62.1,4,2007,Andhra Pradesh
3.4,33.5,61.2,5,2007,Andhra Pradesh
34.6,31.9,66.3,6,2007,Andhra Pradesh
35.4,28.6,69.3,7,2007,Andhra Pradesh
3.3,27.2,63.2,8,2007,Andhra Pradesh
13.0,28.7,66.8,9,2007,Andhra Pradesh
1.8,26.7,64.0,10,2007,Andhra Pradesh
0.7,23.4,68.1,11,2007,Andhra Pradesh
4.6,23.1,69.9,12,2007,Andhra Pradesh
1.1,22.1,64.5,1,2008,Andhra Pradesh
2.3,22.1,64.8,2,2008,Andhra Pradesh
4.2,29.2,66.0,3,2008,Andhra Pradesh
4.3,34.2,58.8,4,2008,Andhra Pradesh
3.1,34.1,60.3,5,2008,Andhra Pradesh
62.2,30.3,69.1,6,2008,Andhra Pradesh
69.0,29.1,65.5,7,2008,Andhra Pradesh
45.0,27.0,71.2,8,2008,Andhra Pradesh
13.6,26.7,64.0,9,2008,Andhra Pradesh
2.3,25.2,68.3,10,2008,Andhra Pradesh
1.2,24.1,65.0,11,2008,Andhra Pradesh
2.2,20.6,67.6,12,2008,Andhra Pradesh
1.1,21.7,65.3,1,2009,Andhra Pradesh
0.9,24.2,65.2,2,2009,Andhra Pradesh
2.1,31.0,64.8,3,2009,Andhra Pradesh
1.2,34.0,61.2,4,2009,Andhra Pradesh
2.6,34.4,60.7,5,2009,Andhra Pradesh
46.2,31.9,67.2,6,2009,Andhra Pradesh
14.4,29.3,64.3,7,2009,Andhra Pradesh
92.9,29.8,68.7,8,2009,Andhra Pradesh
24.8,28.2,67.9,9,2009,Andhra Pradesh
3.1,28.3,60.6,10,2009,Andhra Pradesh
7.3,25.1,65.5,11,2009,Andhra Pradesh
5.4,22.4,71.6,12,2009,Andhra Pradesh
4.1,20.6,65.8,1,2010,Andhra Pradesh
2.7,23.8,65.6,2,2010,Andhra Pradesh
3.2,28.4,68.8,3,2010,Andhra Pradesh
4.1,32.0,64.3,4,2010,Andhra Pradesh
2.8,33.7,60.3,5,2010,Andhra Pradesh
33.5,32.4,65.3,6,2010,Andhra Pradesh
150.2,28.2,72.8,7,2010,Andhra Pradesh
100.8,28.9,66.9,8,2010,Andhra Pradesh
66.3,27.6,64.5,9,2010,Andhra Pradesh
2.9,26.4,63.3,10,2010,Andhra Pradesh
9.9,23.1,69.4,11,2010,Andhra Pradesh
5.7,22.5,64.8,12,2010,Andhra Pradesh
1.0,23.9,72.3,1,2011,Andhra Pradesh
1.4,24.8,60.7,2,2011,Andhra Pradesh
6.7,31.2,65.0,3,2011,Andhra Pradesh
4.4,33.4,62.8,4,2011,Andhra Pradesh
7.1,35.0,60.7,5,2011,Andhra Pradesh
144.1,31.4,72.7,6,2011,Andhra Pradesh
119.7,30.1,72.4,7,2011,Andhra Pradesh
157.3,29.7,64.5,8,2011,Andhra Pradesh
36.1,29.0,67.8,9,2011,Andhra Pradesh
2.4,28.8,69.7,10,2011,Andhra Pradesh
1.3,23.7,64.9,11,2011,Andhra Pradesh
1.5,23.6,72.6,12,2011,Andhra Pradesh
5.4,23.7,72.3,1,2012,Andhra Pradesh
6.6,24.1,67.2,2,2012,Andhra Pradesh
3.8,31.0,63.3,3,2012,Andhra Pradesh
4.5,34.2,65.1,4,2012,Andhra Pradesh
8.4,34.0,64.2,5,2012,Andhra Pradesh
26.0,32.2,63.0,6,2012,Andhra Pradesh
140.6,30.7,69.2,7,2012,Andhra Pradesh
41.5,29.4,68.3,8,2012,Andhra Pradesh
38.2,27.0,68.4,9,2012,Andhra Pradesh
5.9,27.7,66.9,10,2012,Andhra Pradesh
1.4,27.0,71.0,11,2012,Andhra Pradesh
1.2,23.3,72.6,12,2012,Andhra Pradesh
3.9,21.7,68.3,1,2013,Andhra Pradesh
11.2,24.9,67.6,2,2013,Andhra Pradesh
3.3,30.2,64.7,3,2013,Andhra Pradesh
2.5,35.0,58.9,4,2013,Andhra Pradesh
1.7,33.8,57.7,5,2013,Andhra Pradesh
26.5,31.8,62.6,6,2013,Andhra Pradesh
19.8,29.0,65.2,7,2013,Andhra Pradesh
27.5,28.4,71.1,8,2013,Andhra Pradesh
51.9,26.5,68.0,9,2013,Andhra Pradesh
4.2,26.5,64.8,10,2013,Andhra Pradesh
2.7,24.0,62.5,11,2013,Andhra Pradesh
2.4,23.0,68.5,12,2013,Andhra Pradesh
3.9,21.8,69.5,1,2014,Andhra Pradesh
2.3,25.4,64.9,2,2014,Andhra Pradesh
0.8,30.2,63.4,3,2014,Andhra Pradesh
1.4,34.4,62.5,4,2014,Andhra Pradesh
2.3,33.1,66.0,5,2014,Andhra Pradesh
56.6,32.2,67.3,6,2014,Andhra Pradesh
98.3,30.0,63.3,7,2014,Andhra Pradesh
60.0,28.9,65.5,8,2014,Andhra Pradesh
33.7,28.8,66.1,9,2014,Andhra Pradesh
1.1,26.8,67.4,10,2014,Andhra Pradesh
2.7,23.4,67.2,11,2014,Andhra Pradesh
10.2,21.5,66.6,12,2014,Andhra Pradesh
6.9,22.5,67.1,1,2015,Andhra Pradesh
5.7,24.9,59.8,2,2015,Andhra Pradesh
1.9,29.4,62.9,3,2015,Andhra Pradesh
3.5,35.1,60.8,4,2015,Andhra Pradesh
4.6,33.6,59.7,5,2015,Andhra Pradesh
35.4,29.8,67.5,6,2015,Andhra Pradesh
63.7,29.7,66.5,7,2015,Andhra Pradesh
96.3,28.2,66.5,8,2015,Andhra Pradesh
3.1,27.9,66.7,9,2015,Andhra Pradesh
4.9,27.5,64.2,10,2015,Andhra Pradesh
1.6,25.2,67.0,11,2015,Andhra Pradesh
2.9,24.6,65.2,12,2015,Andhra Pradesh
3.0,22.1,67.4,1,2016,Andhra Pradesh
2.7,24.7,73.6,2,2016,Andhra Pradesh
4.7,29.9,62.9,3,2016,Andhra Pradesh
2.9,32.5,63.3,4,2016,Andhra Pradesh
8.1,33.8,61.6,5,2016,Andhra Pradesh
52.9,31.1,69.9,6,2016,Andhra Pradesh
115.8,30.3,71.7,7,2016,Andhra Pradesh
42.2,29.6,64.2,8,2016,Andhra Pradesh
67.2,28.5,64.9,9,2016,Andhra Pradesh
2.9,26.5,67.7,10,2016,Andhra Pradesh
3.1,24.2,68.1,11,2016,Andhra Pradesh
1.7,22.0,69.4,12,2016,Andhra Pradesh
2.2,22.5,72.6,1,2017,Andhra Pradesh
2.4,24.1,68.6,2,2017,Andhra Pradesh
2.5,29.6,63.7,3,2017,Andhra Pradesh
0.5,33.0,60.7,4,2017,Andhra Pradesh
4.0,35.1,62.5,5,2017,Andhra Pradesh
39.7,32.8,59.6,6,2017,Andhra Pradesh
58.8,30.1,66.9,7,2017,Andhra Pradesh
31.0,30.3,67.5,8,2017,Andhra Pradesh
76.2,28.8,67.6,9,2017,Andhra Pradesh
1.7,28.4,68.1,10,2017,Andhra Pradesh
4.9,24.6,71.8,11,2017,Andhra Pradesh
4.1,23.9,63.0,12,2017,Andhra Pradesh
3.9,23.3,64.7,1,2018,Andhra Pradesh
0.4,25.3,67.1,2,2018,Andhra Pradesh
2.5,30.8,58.3,3,2018,Andhra Pradesh
2.9,34.3,60.6,4,2018,Andhra Pradesh
4.0,34.4,63.2,5,2018,Andhra Pradesh
10.3,31.6,63.5,6,2018,Andhra Pradesh
140.0,29.7,73.2,7,2018,Andhra Pradesh
312.5,29.4,74.6,8,2018,Andhra Pradesh
40.4,28.3,69.0,9,2018,Andhra Pradesh
1.5,26.9,65.3,10,2018,Andhra Pradesh
0.9,26.1,68.9,11,2018,Andhra Pradesh
2.1,22.3,68.6,12,2018,Andhra Pradesh
5.5,24.0,70.2,1,2019,Andhra Pradesh
0.6,26.1,65.4,2,2019,Andhra Pradesh
4.8,31.5,59.8,3,2019,Andhra Pradesh
6.4,34.3,64.5,4,2019,Andhra Pradesh
10.7,33.4,61.5,5,2019,Andhra Pradesh
76.5,32.9,63.5,6,2019,Andhra Pradesh
91.2,30.0,66.0,7,2019,Andhra Pradesh
24.7,29.8,63.1,8,2019,Andhra Pradesh
51.4,28.1,67.4,9,2019,Andhra Pradesh
7.9,28.2,68.1,10,2019,Andhra Pradesh
2.1,25.1,61.8,11,2019,Andhra Pradesh
2.4,23.1,70.2,12,2019,Andhra Pradesh
3.2,22.1,71.2,1,2020,Andhra Pradesh
1.9,24.1,59.5,2,2020,Andhra Pradesh
3.0,30.8,65.9,3,2020,Andhra Pradesh
1.5,32.9,63.7,4,2020,Andhra Pradesh
3.1,33.5,63.4,5,2020,Andhra Pradesh
39.7,31.7,67.6,6,2020,Andhra Pradesh
52.3,30.2,63.4,7,2020,Andhra Pradesh
94.7,27.4,69.6,8,2020,Andhra Pradesh
115.8,28.7,74.3,9,2020,Andhra Pradesh
1.6,25.9,67.7,10,2020,Andhra Pradesh
7.4,24.3,70.2,11,2020,Andhra Pradesh
1.5,22.2,71.9,12,2020,Andhra Pradesh
4.8,10.5,81.3,1,1997,Arunachal Pradesh
4.6,14.4,81.4,2,1997,Arunachal Pradesh
3.0,19.1,74.4,3,1997,Arunachal Pradesh
2.8,24.9,74.7,4,1997,Arunachal Pradesh
7.5,26.0,68.6,5,1997,Arunachal Pradesh
66.2,22.5,71.7,6,1997,Arunachal Pradesh
29.7,19.8,79.9,7,1997,Arunachal Pradesh
186.6,18.8,88.1,8,1997,Arunachal Pradesh
41.5,17.9,83.0,9,1997,Arunachal Pradesh
1.6,16.7,78.4,10,1997,Arunachal Pradesh
4.8,13.5,78.2,11,1997,Arunachal Pradesh
2.0,10.6,79.6,12,1997,Arunachal Pradesh
2.7,9.4,81.1,1,1998,Arunachal Pradesh
9.0,13.1,76.3,2,1998,Arunachal Pradesh
0.2,20.2,79.0,3,1998,Arunachal Pradesh
9.6,24.7,76.1,4,1998,Arunachal Pradesh
5.8,25.0,70.7,5,1998,Arunachal Pradesh
70.1,23.0,76.6,6,1998,Arunachal Pradesh
57.4,21.3,83.7,7,1998,Arunachal Pradesh
99.5,20.1,88.4,8,1998,Arunachal Pradesh
88.2,18.4,80.1,9,1998,Arunachal Pradesh
5.2,15.8,77.4,10,1998,Arunachal Pradesh
10.4,13.4,84.8,11,1998,Arunachal Pradesh
5.1,9.8,78.6,12,1998,Arunachal Pradesh
5.7,10.2,81.4,1,1999,Arunachal Pradesh
3.7,13.3,76.9,2,1999,Arunachal Pradesh
19.9,20.5,76.6,3,1999,Arunachal Pradesh
4.5,25.9,79.2,4,1999,Arunachal Pradesh
7.8,24.6,80.2,5,1999,Arunachal Pradesh
36.8,25.2,74.9,6,1999,Arunachal Pradesh
27.1,21.5,81.2,7,1999,Arunachal Pradesh
81.1,19.6,81.3,8,1999,Arunachal Pradesh
47.8,19.2,79.4,9,1999,Arunachal Pradesh
8.6,16.8,78.6,10,1999,Arunachal Pradesh
1.9,14.4,81.0,11,1999,Arunachal Pradesh
17.2,10.7,81.1,12,1999,Arunachal Pradesh
7.2,9.8,86.6,1,2000,Arunachal Pradesh
4.2,13.0,82.1,2,2000,Arunachal Pradesh
34.9,21.2,76.6,3,2000,Arunachal Pradesh
9.0,24.3,76.1,4,2000,Arunachal Pradesh
12.6,25.1,78.3,5,2000,Arunachal Pradesh
90.3,22.7,82.0,6,2000,Arunachal Pradesh
90.2,19.3,79.6,7,2000,Arunachal Pradesh
82.6,18.9,80.7,8,2000,Arunachal Pradesh
94.4,18.3,84.9,9,2000,Arunachal Pradesh
3.8,15.0,85.6,10,2000,Arunachal Pradesh
6.9,13.0,80.3,11,2000,Arunachal Pradesh
11.6,11.5,81.2,12,2000,Arunachal Pradesh
1.7,9.4,82.9,1,2001,Arunachal Pradesh
3.2,13.3,75.5,2,2001,Arunachal Pradesh
2.5,20.2,73.3,3,2001,Arunachal Pradesh
12.6,26.2,77.0,4,2001,Arunachal Pradesh
13.9,26.2,81.8,5,2001,Arunachal Pradesh
58.1,21.4,83.1,6,2001,Arunachal Pradesh
699.5,19.5,98.0,7,2001,Arunachal Pradesh
361.7,19.5,92.8,8,2001,Arunachal Pradesh
21.6,19.5,76.5,9,2001,Arunachal Pradesh
3.6,17.0,81.9,10,2001,Arunachal Pradesh
6.6,13.4,87.2,11,2001,Arunachal Pradesh
1.5,11.1,82.3,12,2001,Arunachal Pradesh
10.7,10.3,82.1,1,2002,Arunachal Pradesh
9.3,13.8,77.3,2,2002,Arunachal Pradesh
6.0,21.7,76.1,3,2002,Arunachal Pradesh
2.8,25.8,73.0,4,2002,Arunachal Pradesh
4.3,27.1,74.1,5,2002,Arunachal Pradesh
47.4,23.4,78.8,6,2002,Arunachal Pradesh
112.8,20.3,81.7,7,2002,Arunachal Pradesh
14.2,18.4,81.7,8,2002,Arunachal Pradesh
61.8,18.3,78.8,9,2002,Arunachal Pradesh
8.8,17.0,84.4,10,2002,Arunachal Pradesh
11.7,12.8,75.3,11,2002,Arunachal Pradesh
11.3,9.3,88.3,12,2002,Arunachal Pradesh
6.3,11.2,81.6,1,2003,Arunachal Pradesh
4.3,12.8,78.2,2,2003,Arunachal Pradesh
11.6,20.8,78.1,3,2003,Arunachal Pradesh
4.1,25.4,71.5,4,2003,Arunachal Pradesh
15.8,26.4,77.3,5,2003,Arunachal Pradesh
76.0,24.3,77.4,6,2003,Arunachal Pradesh
74.7,21.2,77.6,7,2003,Arunachal Pradesh
111.8,18.9,83.4,8,2003,Arunachal Pradesh
36.8,17.4,79.9,9,2003,Arunachal Pradesh
3.2,17.4,81.2,10,2003,Arunachal Pradesh
8.7,13.0,81.8,11,2003,Arunachal Pradesh
1.5,11.9,81.3,12,2003,Arunachal Pradesh
9.8,9.9,89.4,1,2004,Arunachal Pradesh
11.9,13.7,85.0,2,2004,Arunachal Pradesh
37.4,20.1,79.4,3,2004,Arunachal Pradesh
9.3,23.9,73.5,4,2004,Arunachal Pradesh
1.0,25.3,68.3,5,2004,Arunachal Pradesh
190.2,20.9,79.9,6,2004,Arunachal Pradesh
238.7,19.1,84.4,7,2004,Arunachal Pradesh
96.8,16.9,88.2,8,2004,Arunachal Pradesh
33.0,16.8,82.8,9,2004,Arunachal Pradesh
9.5,15.2,77.6,10,2004,Arunachal Pradesh
6.4,13.5,79.0,11,2004,Arunachal Pradesh
1.3,10.2,79.9,12,2004,Arunachal Pradesh
11.5,9.8,85.0,1,2005,Arunachal Pradesh
10.0,13.4,81.8,2,2005,Arunachal Pradesh
6.1,20.7,76.9,3,2005,Arunachal Pradesh
4.2,23.9,76.9,4,2005,Arunachal Pradesh
9.7,25.1,79.3,5,2005,Arunachal Pradesh
38.3,23.4,76.9,6,2005,Arunachal Pradesh
221.4,20.3,84.5,7,2005,Arunachal Pradesh
42.8,19.1,75.3,8,2005,Arunachal Pradesh
66.6,18.6,79.0,9,2005,Arunachal Pradesh
10.0,16.7,81.6,10,2005,Arunachal Pradesh
1.3,12.4,81.1,11,2005,Arunachal Pradesh
20.7,11.4,79.3,12,2005,Arunachal Pradesh
6.2,9.0,83.9,1,2006,Arunachal Pradesh
5.2,12.3,75.7,2,2006,Arunachal Pradesh
5.5,19.4,79.3,3,2006,Arunachal Pradesh
13.5,25.7,74.9,4,2006,Arunachal Pradesh
10.4,24.2,73.4,5,2006,Arunachal Pradesh
57.8,23.3,77.5,6,2006,Arunachal Pradesh
27.6,18.7,82.7,7,2006,Arunachal Pradesh
13.1,19.4,78.2,8,2006,Arunachal Pradesh
48.3,16.6,73.9,9,2006,Arunachal Pradesh
20.0,16.8,77.5,10,2006,Arunachal Pradesh
8.7,12.9,86.3,11,2006,Arunachal Pradesh
3.8,10.1,81.0,12,2006,Arunachal Pradesh
7.3,11.7,78.3,1,2007,Arunachal Pradesh
21.0,13.6,84.2,2,2007,Arunachal Pradesh
4.6,20.4,76.9,3,2007,Arunachal Pradesh
19.6,25.2,77.4,4,2007,Arunachal Pradesh
1.6,26.0,75.0,5,2007,Arunachal Pradesh
82.2,21.5,76.6,6,2007,Arunachal Pradesh
235.1,18.9,86.4,7,2007,Arunachal Pradesh
182.8,18.7,80.7,8,2007,Arunachal Pradesh
149.5,17.5,88.6,9,2007,Arunachal Pradesh
2.6,17.6,80.0,10,2007,Arunachal Pradesh
6.6,12.9,84.5,11,2007,Arunachal Pradesh
4.8,10.5,88.7,12,2007,Arunachal Pradesh
7.1,10.8,78.7,1,2008,Arunachal Pradesh
5.5,14.5,82.1,2,2008,Arunachal Pradesh
5.1,21.8,71.8,3,2008,Arunachal Pradesh
5.6,26.6,64.3,4,2008,Arunachal Pradesh
8.4,27.8,71.8,5,2008,Arunachal Pradesh
16.0,24.1,77.6,6,2008,Arunachal Pradesh
102.0,20.5,74.4,7,2008,Arunachal Pradesh
141.1,19.6,84.4,8,2008,Arunachal Pradesh
41.4,18.8,79.3,9,2008,Arunachal Pradesh
0.7,18.1,81.0,10,2008,Arunachal Pradesh
5.1,14.0,81.6,11,2008,Arunachal Pradesh
0.9,11.6,81.6,12,2008,Arunachal Pradesh
12.1,10.9,78.8,1,2009,Arunachal Pradesh
5.3,12.4,80.8,2,2009,Arunachal Pradesh
4.7,19.8,74.8,3,2009,Arunachal Pradesh
8.3,23.8,74.1,4,2009,Arunachal Pradesh
8.0,25.4,72.0,5,2009,Arunachal Pradesh
64.6,21.0,82.1,6,2009,Arunachal Pradesh
115.8,18.2,81.7,7,2009,Arunachal Pradesh
87.5,19.1,82.5,8,2009,Arunachal Pradesh
67.5,19.8,75.7,9,2009,Arunachal Pradesh
5.6,14.9,82.5,10,2009,Arunachal Pradesh
11.5,12.6,86.3,11,2009,Arunachal Pradesh
4.5,9.7,86.7,12,2009,Arunachal Pradesh
17.3,10.8,82.9,1,2010,Arunachal Pradesh
13.4,13.5,79.2,2,2010,Arunachal Pradesh
8.4,22.0,71.8,3,2010,Arunachal Pradesh
2.7,27.5,69.8,4,2010,Arunachal Pradesh
1.2,26.0,70.2,5,2010,Arunachal Pradesh
65.8,24.3,73.9,6,2010,Arunachal Pradesh
140.6,19.8,81.0,7,2010,Arunachal Pradesh
49.7,18.9,84.0,8,2010,Arunachal Pradesh
36.6,19.3,82.9,9,2010,Arunachal Pradesh
13.3,15.4,80.6,10,2010,Arunachal Pradesh
3.7,13.5,85.3,11,2010,Arunachal Pradesh
3.3,11.2,82.6,12,2010,Arunachal Pradesh
4.9,12.3,81.9,1,2011,Arunachal Pradesh
6.1,14.8,81.7,2,2011,Arunachal Pradesh
5.2,19.8,77.2,3,2011,Arunachal Pradesh
15.7,26.3,68.1,4,2011,Arunachal Pradesh
14.9,27.8,73.7,5,2011,Arunachal Pradesh
147.9,23.3,86.5,6,2011,Arunachal Pradesh
26.3,19.3,77.3,7,2011,Arunachal Pradesh
230.0,20.0,84.4,8,2011,Arunachal Pradesh
37.8,19.5,80.6,9,2011,Arunachal Pradesh
9.2,18.1,75.4,10,2011,Arunachal Pradesh
23.0,14.0,77.0,11,2011,Arunachal Pradesh
0.7,12.4,87.7,12,2011,Arunachal Pradesh
2.8,11.2,81.0,1,2012,Arunachal Pradesh
4.2,14.3,77.2,2,2012,Arunachal Pradesh
4.2,21.8,73.6,3,2012,Arunachal Pradesh
1.9,26.0,77.9,4,2012,Arunachal Pradesh
6.7,26.8,69.2,5,2012,Arunachal Pradesh
66.1,22.2,80.5,6,2012,Arunachal Pradesh
39.6,21.6,81.4,7,2012,Arunachal Pradesh
34.9,20.0,80.5,8,2012,Arunachal Pradesh
46.1,19.8,82.7,9,2012,Arunachal Pradesh
4.3,17.1,77.5,10,2012,Arunachal Pradesh
21.4,14.2,81.1,11,2012,Arunachal Pradesh
8.7,10.4,84.9,12,2012,Arunachal Pradesh
10.7,10.9,77.5,1,2013,Arunachal Pradesh
3.5,14.8,79.9,2,2013,Arunachal Pradesh
7.1,22.7,72.1,3,2013,Arunachal Pradesh
5.2,26.2,69.6,4,2013,Arunachal Pradesh
13.7,27.4,75.1,5,2013,Arunachal Pradesh
93.9,23.0,81.5,6,2013,Arunachal Pradesh
38.3,21.6,78.0,7,2013,Arunachal Pradesh
159.5,21.2,82.0,8,2013,Arunachal Pradesh
57.1,20.0,82.5,9,2013,Arunachal Pradesh
3.1,17.7,79.3,10,2013,Arunachal Pradesh
5.9,15.7,78.2,11,2013,Arunachal Pradesh
10.3,12.3,82.6,12,2013,Arunachal Pradesh
1.9,9.2,81.6,1,2014,Arunachal Pradesh
7.0,12.0,81.7,2,2014,Arunachal Pradesh
4.2,20.0,76.7,3,2014,Arunachal Pradesh
9.4,25.2,71.3,4,2014,Arunachal Pradesh
12.8,25.6,78.2,5,2014,Arunachal Pradesh
68.3,21.7,80.9,6,2014,Arunachal Pradesh
9.7,19.6,78.1,7,2014,Arunachal Pradesh
51.0,18.1,80.1,8,2014,Arunachal Pradesh
53.4,18.0,75.7,9,2014,Arunachal Pradesh
5.4,16.4,78.2,10,2014,Arunachal Pradesh
4.0,13.9,76.8,11,2014,Arunachal Pradesh
0.8,11.0,80.5,12,2014,Arunachal Pradesh
2.5,9.0,83.5,1,2015,Arunachal Pradesh
10.5,13.0,81.2,2,2015,Arunachal Pradesh
24.8,19.1,78.4,3,2015,Arunachal Pradesh
12.3,25.8,75.3,4,2015,Arunachal Pradesh
17.0,25.6,74.7,5,2015,Arunachal Pradesh
39.8,20.5,78.9,6,2015,Arunachal Pradesh
153.9,19.6,86.1,7,2015,Arunachal Pradesh
27.0,18.8,76.7,8,2015,Arunachal Pradesh
88.1,18.3,80.9,9,2015,Arunachal Pradesh
3.4,16.1,77.7,10,2015,Arunachal Pradesh
1.7,12.4,75.6,11,2015,Arunachal Pradesh
4.6,11.7,84.2,12,2015,Arunachal Pradesh
2.4,10.9,82.0,1,2016,Arunachal Pradesh
14.6,12.0,84.3,2,2016,Arunachal Pradesh
4.7,20.5,82.4,3,2016,Arunachal Pradesh
8.8,24.7,70.6,4,2016,Arunachal Pradesh
6.2,26.2,77.3,5,2016,Arunachal Pradesh
120.6,21.9,83.1,6,2016,Arunachal Pradesh
137.3,19.4,84.2,7,2016,Arunachal Pradesh
90.4,18.2,82.0,8,2016,Arunachal Pradesh
47.7,17.1,76.5,9,2016,Arunachal Pradesh
11.2,15.5,81.9,10,2016,Arunachal Pradesh
9.4,13.4,82.9,11,2016,Arunachal Pradesh
9.6,11.2,79.1,12,2016,Arunachal Pradesh
8.8,10.5,74.9,1,2017,Arunachal Pradesh
3.9,12.8,78.8,2,2017,Arunachal Pradesh
7.6,20.4,74.5,3,2017,Arunachal Pradesh
1.8,27.3,75.2,4,2017,Arunachal Pradesh
4.3,26.9,80.2,5,2017,Arunachal Pradesh
34.4,23.9,75.9,6,2017,Arunachal Pradesh
19.7,21.7,77.5,7,2017,Arunachal Pradesh
48.8,19.6,81.8,8,2017,Arunachal Pradesh
53.9,19.2,75.9,9,2017,Arunachal Pradesh
2.7,17.0,79.6,10,2017,Arunachal Pradesh
3.1,13.1,76.2,11,2017,Arunachal Pradesh
2.1,12.7,80.6,12,2017,Arunachal Pradesh
11.8,10.9,85.0,1,2018,Arunachal Pradesh
13.4,13.7,77.2,2,2018,Arunachal Pradesh
2.8,20.1,76.0,3,2018,Arunachal Pradesh
3.1,26.3,78.3,4,2018,Arunachal Pradesh
8.7,26.7,77.0,5,2018,Arunachal Pradesh
78.1,23.0,79.3,6,2018,Arunachal Pradesh
76.1,20.7,74.8,7,2018,Arunachal Pradesh
32.2,19.2,81.5,8,2018,Arunachal Pradesh
57.4,18.6,85.1,9,2018,Arunachal Pradesh
10.7,15.4,81.1,10,2018,Arunachal Pradesh
9.5,13.9,80.8,11,2018,Arunachal Pradesh
2.7,10.7,84.0,12,2018,Arunachal Pradesh
4.5,10.5,79.9,1,2019,Arunachal Pradesh
7.3,13.6,81.4,2,2019,Arunachal Pradesh
2.9,19.9,77.7,3,2019,Arunachal Pradesh
7.5,26.0,74.7,4,2019,Arunachal Pradesh
4.2,24.7,73.2,5,2019,Arunachal Pradesh
116.8,23.0,83.8,6,2019,Arunachal Pradesh
51.9,19.8,79.8,7,2019,Arunachal Pradesh
24.2,19.8,78.9,8,2019,Arunachal Pradesh
36.7,18.1,82.8,9,2019,Arunachal Pradesh
3.4,15.1,75.2,10,2019,Arunachal Pradesh
14.1,11.8,79.6,11,2019,Arunachal Pradesh
2.7,9.2,80.9,12,2019,Arunachal Pradesh
0.8,10.3,82.9,1,2020,Arunachal Pradesh
7.6,11.2,79.4,2,2020,Arunachal Pradesh
6.9,19.1,76.7,3,2020,Arunachal Pradesh
4.5,25.7,74.7,4,2020,Arunachal Pradesh
4.2,25.8,80.5,5,2020,Arunachal Pradesh
39.8,22.4,77.5,6,2020,Arunachal Pradesh
90.0,18.9,81.4,7,2020,Arunachal Pradesh
74.5,16.8,87.0,8,2020,Arunachal Pradesh
65.2,17.4,81.0,9,2020,Arunachal Pradesh
2.6,14.8,79.5,10,2020,Arunachal Pradesh
7.3,14.1,79.2,11,2020,Arunachal Pradesh
4.6,11.5,80.8,12,2020,Arunachal Pradesh
1.2,16.4,85.2,1,1997,Assam
3.2,19.4,83.0,2,1997,Assam
3.8,25.6,82.5,3,1997,Assam
3.8,28.8,76.1,4,1997,Assam
2.8,30.1,76.0,5,1997,Assam
26.8,27.4,76.6,6,1997,Assam
15.1,24.5,81.9,7,1997,Assam
82.8,23.7,83.4,8,1997,Assam
34.0,22.6,81.6,9,1997,Assam
2.6,22.4,79.4,10,1997,Assam
9.7,19.8,81.6,11,1997,Assam
5.0,16.8,81.9,12,1997,Assam
1.9,16.4,82.4,1,1998,Assam
5.7,19.7,88.3,2,1998,Assam
5.3,26.7,78.3,3,1998,Assam
5.2,30.7,75.2,4,1998,Assam
13.7,32.5,80.4,5,1998,Assam
104.2,27.0,85.7,6,1998,Assam
34.8,26.4,81.4,7,1998,Assam
167.4,25.5,81.7,8,1998,Assam
46.4,24.5,86.1,9,1998,Assam
9.6,23.2,83.1,10,1998,Assam
5.9,19.8,78.6,11,1998,Assam
3.1,16.8,84.6,12,1998,Assam
0.3,17.2,83.1,1,1999,Assam
4.8,17.3,85.2,2,1999,Assam
2.1,26.3,75.3,3,1999,Assam
6.4,29.5,77.4,4,1999,Assam
1.4,29.7,78.4,5,1999,Assam
83.4,26.7,80.6,6,1999,Assam
139.7,24.5,82.4,7,1999,Assam
129.8,23.3,85.0,8,1999,Assam
42.7,23.2,86.2,9,1999,Assam
8.6,20.8,84.0,10,1999,Assam
5.8,19.5,84.3,11,1999,Assam
3.0,17.1,85.9,12,1999,Assam
6.3,18.0,81.0,1,2000,Assam
9.4,20.2,79.1,2,2000,Assam
0.5,26.6,86.8,3,2000,Assam
5.1,30.1,73.4,4,2000,Assam
1.4,31.2,82.2,5,2000,Assam
3.5,27.8,79.7,6,2000,Assam
65.7,26.3,87.1,7,2000,Assam
279.2,24.6,85.9,8,2000,Assam
13.4,25.1,83.0,9,2000,Assam
1.4,23.0,82.2,10,2000,Assam
6.9,19.1,78.2,11,2000,Assam
4.8,19.3,83.6,12,2000,Assam
4.0,16.8,85.0,1,2001,Assam
9.5,19.4,81.3,2,2001,Assam
11.8,27.4,79.4,3,2001,Assam
2.9,29.2,79.6,4,2001,Assam
1.6,30.1,77.4,5,2001,Assam
108.1,28.6,83.4,6,2001,Assam
45.2,26.5,82.1,7,2001,Assam
48.1,24.9,78.7,8,2001,Assam
49.2,23.9,81.0,9,2001,Assam
3.0,21.7,81.2,10,2001,Assam
2.3,19.7,85.7,11,2001,Assam
2.7,17.5,89.7,12,2001,Assam
6.6,17.7,81.7,1,2002,Assam
8.9,19.5,80.1,2,2002,Assam
4.6,27.2,84.0,3,2002,Assam
15.4,30.4,78.1,4,2002,Assam
17.5,31.5,80.1,5,2002,Assam
344.3,27.6,92.9,6,2002,Assam
284.3,24.4,92.2,7,2002,Assam
129.4,25.2,84.7,8,2002,Assam
155.6,24.8,89.0,9,2002,Assam
12.2,21.8,82.3,10,2002,Assam
3.7,20.2,85.3,11,2002,Assam
6.6,19.5,80.9,12,2002,Assam
7.4,17.0,88.5,1,2003,Assam
6.3,21.8,80.0,2,2003,Assam
4.2,26.1,81.2,3,2003,Assam
4.6,28.9,85.4,4,2003,Assam
2.4,31.1,80.1,5,2003,Assam
49.2,27.4,81.3,6,2003,Assam
30.2,25.5,83.0,7,2003,Assam
64.7,25.4,84.2,8,2003,Assam
61.3,23.2,79.6,9,2003,Assam
8.0,23.8,80.1,10,2003,Assam
5.8,20.2,79.2,11,2003,Assam
7.9,18.0,82.9,12,2003,Assam
2.5,18.2,80.8,1,2004,Assam
10.3,20.9,78.7,2,2004,Assam
20.6,26.0,82.8,3,2004,Assam
2.3,30.9,76.1,4,2004,Assam
4.6,31.7,75.9,5,2004,Assam
117.3,29.9,82.3,6,2004,Assam
287.3,25.2,86.5,7,2004,Assam
257.1,27.6,83.2,8,2004,Assam
71.6,25.3,80.2,9,2004,Assam
2.8,23.8,82.2,10,2004,Assam
2.0,19.7,85.0,11,2004,Assam
3.9,17.7,81.6,12,2004,Assam
13.2,16.8,82.5,1,2005,Assam
4.9,19.5,80.8,2,2005,Assam
5.8,26.1,76.8,3,2005,Assam
10.0,31.9,72.8,4,2005,Assam
1.3,33.0,78.2,5,2005,Assam
140.6,26.8,85.3,6,2005,Assam
45.7,24.2,80.0,7,2005,Assam
78.2,24.6,78.4,8,2005,Assam
32.1,25.1,81.7,9,2005,Assam
1.7,23.0,81.3,10,2005,Assam
2.4,18.4,85.3,11,2005,Assam
1.8,19.4,81.2,12,2005,Assam
3.8,17.7,78.9,1,2006,Assam
4.1,19.9,78.8,2,2006,Assam
4.8,27.0,80.3,3,2006,Assam
2.5,31.5,76.5,4,2006,Assam
7.2,31.9,75.7,5,2006,Assam
56.4,30.4,81.8,6,2006,Assam
175.8,26.3,83.0,7,2006,Assam
76.1,25.1,90.6,8,2006,Assam
144.1,23.7,86.4,9,2006,Assam
2.3,22.9,81.3,10,2006,Assam
4.5,20.2,79.6,11,2006,Assam
4.5,18.2,82.6,12,2006,Assam
1.7,17.2,87.4,1,2007,Assam
12.4,20.2,80.4,2,2007,Assam
0.9,26.1,81.4,3,2007,Assam
5.8,30.8,77.8,4,2007,Assam
2.3,31.8,77.7,5,2007,Assam
57.2,28.9,78.8,6,2007,Assam
33.2,26.2,79.1,7,2007,Assam
68.3,24.5,82.0,8,2007,Assam
93.5,23.7,89.6,9,2007,Assam
4.9,23.8,84.0,10,2007,Assam
3.3,19.9,84.1,11,2007,Assam
3.1,16.2,85.6,12,2007,Assam
4.7,17.8,88.1,1,2008,Assam
5.5,18.6,82.8,2,2008,Assam
5.0,24.3,80.8,3,2008,Assam
3.8,30.3,78.7,4,2008,Assam
11.3,31.5,73.8,5,2008,Assam
14.9,27.4,79.4,6,2008,Assam
153.9,24.9,83.2,7,2008,Assam
50.5,24.2,84.5,8,2008,Assam
119.2,24.1,79.7,9,2008,Assam
4.2,22.7,81.2,10,2008,Assam
5.8,19.1,82.4,11,2008,Assam
12.5,18.7,78.6,12,2008,Assam
3.4,15.5,82.8,1,2009,Assam
4.3,18.6,85.3,2,2009,Assam
2.1,27.5,76.0,3,2009,Assam
11.4,29.1,75.9,4,2009,Assam
3.8,31.9,81.4,5,2009,Assam
32.8,29.9,83.4,6,2009,Assam
111.4,26.2,86.3,7,2009,Assam
76.4,25.5,82.7,8,2009,Assam
74.4,24.4,83.3,9,2009,Assam
3.2,24.1,81.0,10,2009,Assam
22.4,20.0,87.3,11,2009,Assam
5.1,18.6,81.3,12,2009,Assam
6.8,15.2,90.1,1,2010,Assam
12.1,19.8,80.4,2,2010,Assam
2.8,25.6,81.8,3,2010,Assam
6.5,31.1,75.3,4,2010,Assam
3.0,31.1,80.0,5,2010,Assam
137.8,27.6,81.7,6,2010,Assam
195.8,25.2,88.2,7,2010,Assam
40.7,25.8,80.5,8,2010,Assam
93.8,24.0,85.1,9,2010,Assam
10.4,22.8,80.4,10,2010,Assam
5.4,19.3,83.4,11,2010,Assam
7.7,17.9,82.7,12,2010,Assam
6.1,17.4,82.2,1,2011,Assam
12.5,18.8,84.7,2,2011,Assam
0.7,26.2,80.1,3,2011,Assam
2.7,29.7,72.0,4,2011,Assam
2.7,30.2,78.0,5,2011,Assam
151.5,28.1,86.9,6,2011,Assam
41.2,25.5,84.3,7,2011,Assam
222.0,24.6,90.9,8,2011,Assam
60.3,24.1,86.0,9,2011,Assam
0.6,22.9,80.6,10,2011,Assam
7.1,19.1,85.5,11,2011,Assam
11.6,14.5,86.5,12,2011,Assam
4.3,15.4,81.5,1,2012,Assam
2.9,18.7,84.3,2,2012,Assam
3.5,26.2,78.7,3,2012,Assam
18.4,29.2,73.4,4,2012,Assam
7.3,29.9,78.6,5,2012,Assam
230.2,26.8,86.0,6,2012,Assam
39.6,23.0,83.4,7,2012,Assam
139.8,24.7,89.5,8,2012,Assam
54.3,24.3,83.1,9,2012,Assam
6.4,21.0,84.6,10,2012,Assam
19.2,18.1,86.9,11,2012,Assam
3.0,16.2,83.8,12,2012,Assam
3.5,18.1,81.0,1,2013,Assam
3.8,20.2,83.5,2,2013,Assam
6.3,26.5,79.7,3,2013,Assam
3.5,29.1,76.3,4,2013,Assam
14.8,30.8,78.3,5,2013,Assam
60.8,29.4,78.5,6,2013,Assam
97.0,25.2,78.6,7,2013,Assam
105.5,25.3,78.6,8,2013,Assam
83.9,25.0,84.8,9,2013,Assam
1.2,22.8,81.7,10,2013,Assam
4.2,20.4,79.3,11,2013,Assam
2.8,18.6,78.6,12,2013,Assam
15.3,17.3,79.5,1,2014,Assam
8.0,18.8,81.1,2,2014,Assam
13.7,26.9,79.6,3,2014,Assam
1.9,28.5,74.7,4,2014,Assam
16.3,30.1,79.4,5,2014,Assam
111.6,28.4,80.3,6,2014,Assam
53.7,26.0,78.8,7,2014,Assam
108.4,24.4,82.8,8,2014,Assam
97.6,25.0,80.8,9,2014,Assam
5.3,23.4,79.8,10,2014,Assam
5.4,20.1,83.9,11,2014,Assam
1.3,16.9,88.0,12,2014,Assam
1.9,16.2,84.3,1,2015,Assam
2.3,19.3,82.1,2,2015,Assam
4.6,24.9,73.8,3,2015,Assam
14.4,31.0,72.9,4,2015,Assam
10.6,32.0,79.3,5,2015,Assam
34.2,29.7,76.2,6,2015,Assam
94.9,23.4,85.9,7,2015,Assam
166.0,24.0,83.7,8,2015,Assam
72.7,23.3,81.7,9,2015,Assam
2.5,23.0,83.1,10,2015,Assam
3.8,19.7,79.7,11,2015,Assam
1.7,16.9,80.6,12,2015,Assam
17.7,17.8,78.2,1,2016,Assam
4.4,20.4,82.5,2,2016,Assam
10.2,26.0,78.8,3,2016,Assam
1.5,30.9,77.0,4,2016,Assam
9.5,30.6,76.5,5,2016,Assam
182.4,26.6,81.9,6,2016,Assam
116.2,24.9,81.8,7,2016,Assam
114.4,24.8,86.1,8,2016,Assam
7.6,24.1,81.4,9,2016,Assam
3.2,21.6,86.1,10,2016,Assam
10.6,19.5,86.9,11,2016,Assam
4.0,16.5,86.1,12,2016,Assam
8.3,18.2,80.9,1,2017,Assam
0.3,19.7,82.8,2,2017,Assam
7.2,27.7,79.6,3,2017,Assam
2.7,30.2,78.6,4,2017,Assam
8.2,31.3,71.0,5,2017,Assam
50.7,28.9,77.6,6,2017,Assam
127.7,26.1,79.3,7,2017,Assam
23.5,25.4,79.8,8,2017,Assam
12.3,25.3,80.7,9,2017,Assam
3.7,24.0,80.8,10,2017,Assam
7.1,20.7,72.9,11,2017,Assam
5.2,18.8,84.4,12,2017,Assam
11.5,17.2,83.3,1,2018,Assam
4.2,20.6,83.1,2,2018,Assam
3.6,26.3,78.4,3,2018,Assam
7.1,30.0,77.9,4,2018,Assam
7.8,31.2,76.4,5,2018,Assam
104.6,26.8,87.0,6,2018,Assam
62.7,25.1,83.8,7,2018,Assam
64.8,26.0,82.4,8,2018,Assam
12.1,25.6,85.2,9,2018,Assam
19.0,22.1,75.9,10,2018,Assam
3.9,20.2,82.9,11,2018,Assam
27.7,18.9,87.8,12,2018,Assam
3.0,16.4,81.8,1,2019,Assam
1.1,20.3,85.4,2,2019,Assam
10.4,26.1,82.5,3,2019,Assam
1.6,31.1,77.6,4,2019,Assam
5.8,31.8,74.5,5,2019,Assam
144.8,27.3,83.2,6,2019,Assam
120.7,25.0,80.3,7,2019,Assam
86.8,26.2,82.2,8,2019,Assam
51.3,23.6,77.9,9,2019,Assam
6.5,23.7,82.8,10,2019,Assam
1.8,20.5,83.4,11,2019,Assam
7.7,19.0,79.0,12,2019,Assam
1.1,17.0,84.4,1,2020,Assam
10.0,20.7,81.3,2,2020,Assam
5.0,25.7,80.3,3,2020,Assam
3.4,31.3,78.4,4,2020,Assam
3.3,31.9,73.5,5,2020,Assam
204.9,29.2,84.3,6,2020,Assam
19.2,26.0,73.3,7,2020,Assam
113.9,24.4,85.7,8,2020,Assam
13.2,24.7,80.7,9,2020,Assam
1.4,23.3,88.1,10,2020,Assam
9.9,20.6,79.9,11,2020,Assam
9.2,17.8,85.5,12,2020,Assam
1.9,16.7,71.0,1,1997,Bihar
3.0,21.2,69.7,2,1997,Bihar
1.0,29.5,63.9,3,1997,Bihar
1.3,34.1,65.4,4,1997,Bihar
2.1,38.2,58.1,5,1997,Bihar
55.0,33.6,69.7,6,1997,Bihar
69.2,29.1,65.3,7,1997,Bihar
189.0,28.6,74.0,8,1997,Bihar
21.4,27.0,63.9,9,1997,Bihar
1.4,25.6,65.5,10,1997,Bihar
2.7,20.6,73.3,11,1997,Bihar
2.1,18.0,75.2,12,1997,Bihar
2.7,17.7,68.8,1,1998,Bihar
0.9,19.9,76.9,2,1998,Bihar
4.1,29.0,65.0,3,1998,Bihar
3.0,35.4,66.5,4,1998,Bihar
0.7,36.5,64.5,5,1998,Bihar
28.8,32.0,66.5,6,1998,Bihar
177.7,29.4,72.9,7,1998,Bihar
115.1,25.5,72.8,8,1998,Bihar
55.6,27.5,66.9,9,1998,Bihar
6.0,23.0,57.8,10,1998,Bihar
1.0,21.0,73.1,11,1998,Bihar
1.3,17.1,68.7,12,1998,Bihar
4.4,17.8,74.9,1,1999,Bihar
3.7,21.2,74.3,2,1999,Bihar
5.7,30.0,64.4,3,1999,Bihar
3.9,35.3,62.9,4,1999,Bihar
1.7,35.7,59.7,5,1999,Bihar
51.0,34.4,67.2,6,1999,Bihar
126.1,27.3,65.6,7,1999,Bihar
27.7,26.8,69.6,8,1999,Bihar
20.8,26.3,68.8,9,1999,Bihar
4.5,24.8,74.3,10,1999,Bihar
0.3,21.1,70.7,11,1999,Bihar
1.2,18.1,76.0,12,1999,Bihar
0.3,16.2,74.9,1,2000,Bihar
2.8,20.8,68.9,2,2000,Bihar
1.0,27.7,63.4,3,2000,Bihar
3.5,35.1,64.0,4,2000,Bihar
0.1,36.2,63.0,5,2000,Bihar
37.4,31.5,67.5,6,2000,Bihar
106.1,28.3,69.3,7,2000,Bihar
86.5,26.3,72.6,8,2000,Bihar
19.7,26.5,68.5,9,2000,Bihar
1.9,24.3,64.6,10,2000,Bihar
0.5,20.7,72.7,11,2000,Bihar
1.3,17.8,66.9,12,2000,Bihar
1.5,16.3,75.7,1,2001,Bihar
3.1,17.8,74.3,2,2001,Bihar
4.5,27.4,68.4,3,2001,Bihar
1.2,35.7,64.8,4,2001,Bihar
0.2,35.1,60.8,5,2001,Bihar
62.5,32.4,70.5,6,2001,Bihar
62.7,29.4,70.0,7,2001,Bihar
157.0,25.8,74.5,8,2001,Bihar
40.4,26.0,71.9,9,2001,Bihar
8.5,24.3,71.5,10,2001,Bihar
1.6,20.2,68.5,11,2001,Bihar
5.7,17.9,69.7,12,2001,Bihar
1.2,14.7,74.8,1,2002,Bihar
1.2,17.5,71.2,2,2002,Bihar
1.4,29.3,70.1,3,2002,Bihar
2.2,33.9,69.9,4,2002,Bihar
0.8,34.8,63.2,5,2002,Bihar
42.6,32.8,65.3,6,2002,Bihar
29.1,26.1,64.7,7,2002,Bihar
83.5,26.9,72.0,8,2002,Bihar
70.1,24.9,74.6,9,2002,Bihar
2.6,24.1,70.7,10,2002,Bihar
0.4,20.4,68.2,11,2002,Bihar
3.3,16.7,76.6,12,2002,Bihar
0.6,15.7,76.2,1,2003,Bihar
2.1,18.4,66.7,2,2003,Bihar
0.7,29.1,68.5,3,2003,Bihar
1.0,36.1,59.1,4,2003,Bihar
2.3,37.8,63.1,5,2003,Bihar
77.0,32.9,69.8,6,2003,Bihar
13.7,28.2,70.1,7,2003,Bihar
72.2,27.2,71.0,8,2003,Bihar
10.6,24.9,72.2,9,2003,Bihar
1.3,24.7,67.3,10,2003,Bihar
2.1,20.7,74.2,11,2003,Bihar
3.6,18.0,78.2,12,2003,Bihar
2.7,15.9,72.1,1,2004,Bihar
0.6,19.5,74.4,2,2004,Bihar
0.9,27.5,67.5,3,2004,Bihar
2.5,35.5,62.0,4,2004,Bihar
0.6,35.6,63.4,5,2004,Bihar
40.9,31.9,72.2,6,2004,Bihar
67.9,27.4,64.6,7,2004,Bihar
63.8,26.2,69.3,8,2004,Bihar
77.2,25.9,68.9,9,2004,Bihar
0.8,23.7,72.6,10,2004,Bihar
1.8,19.2,70.4,11,2004,Bihar
5.4,18.8,69.5,12,2004,Bihar
0.3,17.6,69.9,1,2005,Bihar
2.1,20.5,71.4,2,2005,Bihar
0.3,29.0,64.1,3,2005,Bihar
0.9,35.6,63.8,4,2005,Bihar
0.8,37.0,62.3,5,2005,Bihar
38.6,31.5,69.3,6,2005,Bihar
14.7,27.3,69.2,7,2005,Bihar
81.2,25.4,73.7,8,2005,Bihar
21.7,25.1,68.8,9,2005,Bihar
2.3,24.3,70.2,10,2005,Bihar
2.2,19.1,65.8,11,2005,Bihar
0.9,16.3,77.5,12,2005,Bihar
1.4,14.6,72.7,1,2006,Bihar
1.4,19.8,67.2,2,2006,Bihar
2.3,28.8,61.5,3,2006,Bihar
5.5,34.9,60.3,4,2006,Bihar
1.4,34.1,66.5,5,2006,Bihar
104.7,30.3,69.6,6,2006,Bihar
250.6,26.4,74.8,7,2006,Bihar
206.9,26.2,77.3,8,2006,Bihar
32.5,25.8,69.5,9,2006,Bihar
1.2,23.9,69.7,10,2006,Bihar
1.8,18.9,74.0,11,2006,Bihar
2.7,17.6,67.1,12,2006,Bihar
6.2,16.6,75.1,1,2007,Bihar
0.3,20.6,73.9,2,2007,Bihar
0.1,29.7,69.4,3,2007,Bihar
3.0,35.3,71.9,4,2007,Bihar
3.2,37.0,62.7,5,2007,Bihar
25.3,33.6,67.8,6,2007,Bihar
124.2,27.3,70.4,7,2007,Bihar
7.7,26.8,66.8,8,2007,Bihar
87.8,25.5,73.8,9,2007,Bihar
0.7,24.2,66.5,10,2007,Bihar
0.8,20.4,78.5,11,2007,Bihar
1.4,18.1,73.8,12,2007,Bihar
0.4,14.2,69.3,1,2008,Bihar
1.1,21.8,71.7,2,2008,Bihar
2.9,28.2,65.3,3,2008,Bihar
0.8,35.2,62.5,4,2008,Bihar
1.1,35.6,63.5,5,2008,Bihar
93.5,32.0,66.3,6,2008,Bihar
71.0,26.5,71.0,7,2008,Bihar
45.0,27.6,66.5,8,2008,Bihar
29.2,25.7,74.1,9,2008,Bihar
7.3,23.9,74.2,10,2008,Bihar
0.4,19.7,73.5,11,2008,Bihar
0.2,16.1,76.1,12,2008,Bihar
0.6,15.4,72.0,1,2009,Bihar
1.0,19.2,71.9,2,2009,Bihar
0.9,27.7,67.7,3,2009,Bihar
5.0,34.3,67.5,4,2009,Bihar
2.3,37.2,66.5,5,2009,Bihar
67.4,31.6,66.9,6,2009,Bihar
60.7,28.7,67.9,7,2009,Bihar
86.1,25.6,72.9,8,2009,Bihar
65.4,26.1,69.5,9,2009,Bihar
1.3,24.2,69.2,10,2009,Bihar
2.0,20.1,74.1,11,2009,Bihar
1.7,17.4,69.1,12,2009,Bihar
2.8,16.3,72.2,1,2010,Bihar
4.8,20.7,69.7,2,2010,Bihar
0.3,29.4,58.3,3,2010,Bihar
2.0,36.6,66.1,4,2010,Bihar
4.1,36.9,66.1,5,2010,Bihar
74.1,31.6,63.6,6,2010,Bihar
99.0,28.5,65.7,7,2010,Bihar
45.8,27.1,67.3,8,2010,Bihar
5.9,27.6,76.5,9,2010,Bihar
7.6,26.4,68.4,10,2010,Bihar
1.3,19.2,70.9,11,2010,Bihar
2.4,17.9,72.9,12,2010,Bihar
0.8,15.7,70.5,1,2011,Bihar
2.3,19.0,73.9,2,2011,Bihar
0.7,28.8,64.9,3,2011,Bihar
2.1,35.1,62.2,4,2011,Bihar
1.6,35.2,65.7,5,2011,Bihar
108.9,31.0,70.1,6,2011,Bihar
120.2,27.5,75.6,7,2011,Bihar
64.1,26.1,70.4,8,2011,Bihar
56.6,26.0,68.9,9,2011,Bihar
2.9,25.7,66.2,10,2011,Bihar
1.6,18.4,71.3,11,2011,Bihar
1.0,17.3,67.5,12,2011,Bihar
1.1,15.5,78.9,1,2012,Bihar
0.4,19.1,68.5,2,2012,Bihar
0.6,28.9,67.5,3,2012,Bihar
0.7,36.3,59.7,4,2012,Bihar
1.7,35.4,61.4,5,2012,Bihar
113.4,32.7,65.0,6,2012,Bihar
90.5,27.4,76.0,7,2012,Bihar
40.4,27.3,67.7,8,2012,Bihar
36.8,27.2,64.0,9,2012,Bihar
3.8,23.7,68.3,10,2012,Bihar
0.9,20.2,78.1,11,2012,Bihar
1.6,16.6,71.8,12,2012,Bihar
1.4,15.0,73.2,1,2013,Bihar
1.7,20.4,72.0,2,2013,Bihar
3.2,28.7,68.9,3,2013,Bihar
0.6,36.4,66.0,4,2013,Bihar
3.1,36.3,67.4,5,2013,Bihar
73.7,33.3,69.8,6,2013,Bihar
90.1,28.4,71.0,7,2013,Bihar
154.7,28.5,72.2,8,2013,Bihar
47.1,26.3,72.2,9,2013,Bihar
0.7,25.6,65.1,10,2013,Bihar
2.3,19.1,70.8,11,2013,Bihar
3.2,17.8,72.0,12,2013,Bihar
0.3,17.2,70.7,1,2014,Bihar
1.1,19.7,71.9,2,2014,Bihar
1.4,30.2,63.8,3,2014,Bihar
0.2,35.3,69.1,4,2014,Bihar
1.8,36.2,66.2,5,2014,Bihar
40.4,34.2,63.5,6,2014,Bihar
186.0,27.2,70.7,7,2014,Bihar
90.8,25.8,72.0,8,2014,Bihar
58.3,24.8,72.9,9,2014,Bihar
1.4,26.1,71.7,10,2014,Bihar
1.1,19.9,71.0,11,2014,Bihar
1.1,17.7,75.4,12,2014,Bihar
2.7,16.0,73.7,1,2015,Bihar
1.0,21.3,69.3,2,2015,Bihar
5.7,31.4,63.0,3,2015,Bihar
1.6,34.6,66.9,4,2015,Bihar
1.2,38.0,59.5,5,2015,Bihar
38.1,34.6,66.9,6,2015,Bihar
97.6,28.9,66.7,7,2015,Bihar
99.0,28.3,67.1,8,2015,Bihar
13.2,28.0,73.0,9,2015,Bihar
2.4,24.9,69.6,10,2015,Bihar
2.4,21.9,67.3,11,2015,Bihar
0.9,17.7,73.8,12,2015,Bihar
0.7,17.4,72.3,1,2016,Bihar
3.6,20.7,70.3,2,2016,Bihar
1.6,30.4,61.3,3,2016,Bihar
0.4,35.3,67.7,4,2016,Bihar
1.3,34.8,63.9,5,2016,Bihar
101.7,32.3,70.9,6,2016,Bihar
47.8,28.0,66.6,7,2016,Bihar
36.4,27.2,66.7,8,2016,Bihar
20.9,27.8,66.8,9,2016,Bihar
1.5,25.1,68.0,10,2016,Bihar
1.9,21.5,66.3,11,2016,Bihar
0.2,18.9,74.3,12,2016,Bihar
4.6,15.5,74.0,1,2017,Bihar
4.0,19.1,74.3,2,2017,Bihar
1.3,28.6,67.2,3,2017,Bihar
1.7,36.0,59.7,4,2017,Bihar
1.0,34.6,60.8,5,2017,Bihar
6.3,30.7,68.4,6,2017,Bihar
111.7,28.2,70.3,7,2017,Bihar
47.1,25.0,70.0,8,2017,Bihar
31.2,25.0,74.8,9,2017,Bihar
0.4,24.6,68.7,10,2017,Bihar
1.4,18.9,68.2,11,2017,Bihar
2.0,16.0,76.6,12,2017,Bihar
6.5,15.0,71.2,1,2018,Bihar
0.5,20.0,78.3,2,2018,Bihar
3.4,28.8,67.2,3,2018,Bihar
1.5,34.9,63.4,4,2018,Bihar
2.4,35.8,57.4,5,2018,Bihar
150.1,31.2,70.2,6,2018,Bihar
128.9,28.3,70.4,7,2018,Bihar
79.3,26.7,64.8,8,2018,Bihar
113.8,26.5,71.3,9,2018,Bihar
1.7,23.6,70.1,10,2018,Bihar
4.6,18.3,72.1,11,2018,Bihar
3.0,15.8,75.5,12,2018,Bihar
4.4,16.5,76.3,1,2019,Bihar
1.2,21.0,71.9,2,2019,Bihar
0.6,29.3,63.2,3,2019,Bihar
0.9,36.3,62.8,4,2019,Bihar
6.6,37.2,64.7,5,2019,Bihar
114.1,32.8,71.5,6,2019,Bihar
54.8,29.2,68.2,7,2019,Bihar
87.6,28.1,71.2,8,2019,Bihar
102.4,27.6,70.2,9,2019,Bihar
1.8,24.3,69.8,10,2019,Bihar
2.9,21.1,72.2,11,2019,Bihar
0.6,18.9,70.7,12,2019,Bihar
0.9,16.7,69.9,1,2020,Bihar
1.5,20.1,68.1,2,2020,Bihar
0.9,30.6,68.4,3,2020,Bihar
1.9,35.2,60.8,4,2020,Bihar
0.9,36.5,66.7,5,2020,Bihar
93.9,34.8,71.8,6,2020,Bihar
171.4,28.1,75.5,7,2020,Bihar
44.7,28.7,70.3,8,2020,Bihar
24.0,26.2,65.9,9,2020,Bihar
4.1,25.6,65.5,10,2020,Bihar
2.2,21.4,69.3,11,2020,Bihar
2.2,18.1,78.5,12,2020,Bihar
1.2,20.9,63.7,1,1997,Chhattisgarh
0.7,21.7,70.1,2,1997,Chhattisgarh
0.1,30.4,64.9,3,1997,Chhattisgarh
1.1,35.9,59.7,4,1997,Chhattisgarh
0.4,34.3,57.9,5,1997,Chhattisgarh
224.0,33.1,68.7,6,1997,Chhattisgarh
23.4,29.7,62.1,7,1997,Chhattisgarh
43.3,27.4,61.5,8,1997,Chhattisgarh
70.3,28.2,66.0,9,1997,Chhattisgarh
3.6,24.9,60.5,10,1997,Chhattisgarh
3.4,21.0,67.3,11,1997,Chhattisgarh
3.2,21.7,67.2,12,1997,Chhattisgarh
0.6,19.7,68.2,1,1998,Chhattisgarh
1.9,21.7,62.8,2,1998,Chhattisgarh
1.9,30.3,61.8,3,1998,Chhattisgarh
0.9,36.8,56.1,4,1998,Chhattisgarh
0.7,36.8,53.2,5,1998,Chhattisgarh
134.7,31.8,64.1,6,1998,Chhattisgarh
36.5,27.1,62.5,7,1998,Chhattisgarh
15.5,28.1,61.3,8,1998,Chhattisgarh
35.8,26.2,63.1,9,1998,Chhattisgarh
1.0,26.0,64.7,10,1998,Chhattisgarh
0.8,21.9,65.9,11,1998,Chhattisgarh
2.1,17.8,69.1,12,1998,Chhattisgarh
1.6,19.1,63.1,1,1999,Chhattisgarh
4.0,22.0,66.6,2,1999,Chhattisgarh
0.5,30.4,59.5,3,1999,Chhattisgarh
1.7,32.8,57.1,4,1999,Chhattisgarh
2.7,33.5,59.0,5,1999,Chhattisgarh
73.2,32.2,64.0,6,1999,Chhattisgarh
101.0,27.9,68.1,7,1999,Chhattisgarh
95.1,27.9,63.5,8,1999,Chhattisgarh
88.3,26.5,65.9,9,1999,Chhattisgarh
1.2,25.5,61.9,10,1999,Chhattisgarh
1.0,22.4,67.4,11,1999,Chhattisgarh
0.3,19.1,72.5,12,1999,Chhattisgarh
2.0,19.9,64.4,1,2000,Chhattisgarh
1.1,23.8,66.0,2,2000,Chhattisgarh
2.6,32.1,61.5,3,2000,Chhattisgarh
1.7,34.0,55.3,4,2000,Chhattisgarh
1.1,35.4,56.0,5,2000,Chhattisgarh
72.1,32.2,61.7,6,2000,Chhattisgarh
56.0,29.5,56.8,7,2000,Chhattisgarh
45.6,29.0,59.5,8,2000,Chhattisgarh
104.4,27.2,64.8,9,2000,Chhattisgarh
2.6,26.1,65.4,10,2000,Chhattisgarh
2.3,24.4,60.7,11,2000,Chhattisgarh
2.7,21.1,65.6,12,2000,Chhattisgarh
1.5,19.6,68.6,1,2001,Chhattisgarh
2.3,21.8,66.7,2,2001,Chhattisgarh
1.7,28.0,64.9,3,2001,Chhattisgarh
0.5,33.5,58.3,4,2001,Chhattisgarh
0.4,34.1,57.2,5,2001,Chhattisgarh
100.2,31.6,64.0,6,2001,Chhattisgarh
187.7,29.4,67.7,7,2001,Chhattisgarh
131.3,27.4,66.7,8,2001,Chhattisgarh
11.7,27.0,54.5,9,2001,Chhattisgarh
1.5,26.4,62.5,10,2001,Chhattisgarh
0.7,22.7,68.2,11,2001,Chhattisgarh
0.3,21.1,66.1,12,2001,Chhattisgarh
1.7,19.3,62.2,1,2002,Chhattisgarh
3.3,22.0,64.8,2,2002,Chhattisgarh
1.4,28.8,64.4,3,2002,Chhattisgarh
1.6,35.5,58.3,4,2002,Chhattisgarh
0.2,35.9,59.6,5,2002,Chhattisgarh
14.0,33.0,60.0,6,2002,Chhattisgarh
27.9,29.4,61.0,7,2002,Chhattisgarh
30.4,28.8,60.8,8,2002,Chhattisgarh
85.4,29.1,61.8,9,2002,Chhattisgarh
2.7,25.2,66.0,10,2002,Chhattisgarh
0.4,23.9,67.4,11,2002,Chhattisgarh
4.0,20.0,64.7,12,2002,Chhattisgarh
2.3,18.3,67.1,1,2003,Chhattisgarh
1.1,22.5,67.6,2,2003,Chhattisgarh
0.8,29.4,60.8,3,2003,Chhattisgarh
1.9,35.1,62.0,4,2003,Chhattisgarh
0.2,35.6,61.6,5,2003,Chhattisgarh
66.7,32.3,64.5,6,2003,Chhattisgarh
20.4,30.1,57.9,7,2003,Chhattisgarh
160.5,28.2,67.6,8,2003,Chhattisgarh
13.7,28.4,61.7,9,2003,Chhattisgarh
0.1,26.9,63.4,10,2003,Chhattisgarh
0.5,22.5,59.1,11,2003,Chhattisgarh
2.8,21.4,64.8,12,2003,Chhattisgarh
0.9,18.3,69.8,1,2004,Chhattisgarh
0.6,23.6,61.7,2,2004,Chhattisgarh
0.6,29.3,57.6,3,2004,Chhattisgarh
0.3,33.5,59.0,4,2004,Chhattisgarh
1.3,35.0,55.2,5,2004,Chhattisgarh
124.8,31.1,63.8,6,2004,Chhattisgarh
28.8,28.4,61.6,7,2004,Chhattisgarh
42.5,27.0,66.1,8,2004,Chhattisgarh
31.6,27.9,57.6,9,2004,Chhattisgarh
2.1,25.5,60.3,10,2004,Chhattisgarh
2.5,22.5,66.4,11,2004,Chhattisgarh
1.0,19.6,64.5,12,2004,Chhattisgarh
0.5,17.9,66.3,1,2005,Chhattisgarh
0.2,21.7,68.6,2,2005,Chhattisgarh
0.2,30.9,60.5,3,2005,Chhattisgarh
1.0,34.0,59.7,4,2005,Chhattisgarh
0.2,34.3,66.1,5,2005,Chhattisgarh
23.5,31.1,52.0,6,2005,Chhattisgarh
24.0,28.8,64.7,7,2005,Chhattisgarh
33.4,27.2,68.2,8,2005,Chhattisgarh
4.7,25.9,70.0,9,2005,Chhattisgarh
0.8,25.1,59.3,10,2005,Chhattisgarh
0.7,22.7,64.6,11,2005,Chhattisgarh
1.4,19.5,61.5,12,2005,Chhattisgarh
0.1,20.8,63.1,1,2006,Chhattisgarh
1.0,22.5,67.1,2,2006,Chhattisgarh
0.6,30.3,61.7,3,2006,Chhattisgarh
1.7,35.3,57.7,4,2006,Chhattisgarh
0.7,35.7,56.9,5,2006,Chhattisgarh
4.1,32.1,62.1,6,2006,Chhattisgarh
78.9,30.0,68.4,7,2006,Chhattisgarh
69.4,28.2,62.5,8,2006,Chhattisgarh
10.1,28.9,59.3,9,2006,Chhattisgarh
0.4,25.0,65.1,10,2006,Chhattisgarh
0.8,23.9,62.5,11,2006,Chhattisgarh
1.7,21.8,74.1,12,2006,Chhattisgarh
2.2,20.7,64.4,1,2007,Chhattisgarh
1.9,23.3,64.0,2,2007,Chhattisgarh
1.1,30.2,57.1,3,2007,Chhattisgarh
1.0,35.3,57.9,4,2007,Chhattisgarh
1.9,33.9,56.2,5,2007,Chhattisgarh
35.6,32.3,58.8,6,2007,Chhattisgarh
173.9,28.8,69.1,7,2007,Chhattisgarh
70.9,28.7,68.6,8,2007,Chhattisgarh
124.2,27.4,66.4,9,2007,Chhattisgarh
1.4,25.7,62.2,10,2007,Chhattisgarh
3.5,23.1,68.5,11,2007,Chhattisgarh
1.8,19.9,66.4,12,2007,Chhattisgarh
0.2,18.5,67.2,1,2008,Chhattisgarh
2.7,19.2,73.3,2,2008,Chhattisgarh
2.8,28.3,58.4,3,2008,Chhattisgarh
0.7,34.2,57.3,4,2008,Chhattisgarh
1.9,34.2,60.1,5,2008,Chhattisgarh
16.0,31.1,59.4,6,2008,Chhattisgarh
362.4,28.2,76.0,7,2008,Chhattisgarh
26.8,26.7,63.9,8,2008,Chhattisgarh
150.1,25.3,72.6,9,2008,Chhattisgarh
2.0,24.8,64.9,10,2008,Chhattisgarh
3.1,21.3,65.4,11,2008,Chhattisgarh
0.3,18.2,67.7,12,2008,Chhattisgarh
0.8,18.1,67.5,1,2009,Chhattisgarh
1.7,22.0,67.6,2,2009,Chhattisgarh
2.1,30.8,65.3,3,2009,Chhattisgarh
2.1,34.0,54.2,4,2009,Chhattisgarh
0.8,34.7,56.9,5,2009,Chhattisgarh
72.7,32.7,62.4,6,2009,Chhattisgarh
30.9,27.5,64.6,7,2009,Chhattisgarh
128.0,27.8,67.0,8,2009,Chhattisgarh
43.2,25.8,68.7,9,2009,Chhattisgarh
0.2,26.1,63.0,10,2009,Chhattisgarh
1.8,21.9,64.4,11,2009,Chhattisgarh
2.5,19.7,62.9,12,2009,Chhattisgarh
4.8,19.6,67.7,1,2010,Chhattisgarh
1.8,22.1,66.8,2,2010,Chhattisgarh
1.3,29.7,59.4,3,2010,Chhattisgarh
0.5,34.1,62.4,4,2010,Chhattisgarh
0.6,36.2,58.0,5,2010,Chhattisgarh
144.3,30.7,66.7,6,2010,Chhattisgarh
49.2,29.1,66.3,7,2010,Chhattisgarh
51.2,28.4,62.6,8,2010,Chhattisgarh
13.5,28.1,59.0,9,2010,Chhattisgarh
1.0,25.6,71.3,10,2010,Chhattisgarh
0.5,24.1,62.0,11,2010,Chhattisgarh
2.0,21.0,67.4,12,2010,Chhattisgarh
2.1,19.7,67.5,1,2011,Chhattisgarh
1.8,22.7,62.5,2,2011,Chhattisgarh
0.7,28.4,63.4,3,2011,Chhattisgarh
1.2,34.0,60.2,4,2011,Chhattisgarh
5.2,35.1,59.9,5,2011,Chhattisgarh
117.8,31.0,56.5,6,2011,Chhattisgarh
181.6,28.6,66.0,7,2011,Chhattisgarh
49.4,26.2,65.9,8,2011,Chhattisgarh
35.9,26.6,65.8,9,2011,Chhattisgarh
1.5,25.6,61.0,10,2011,Chhattisgarh
0.7,21.2,67.7,11,2011,Chhattisgarh
1.3,20.1,68.8,12,2011,Chhattisgarh
1.6,18.6,61.8,1,2012,Chhattisgarh
1.4,22.6,68.1,2,2012,Chhattisgarh
0.5,29.4,61.5,3,2012,Chhattisgarh
0.8,34.4,61.4,4,2012,Chhattisgarh
1.2,34.8,60.9,5,2012,Chhattisgarh
20.3,31.7,61.8,6,2012,Chhattisgarh
104.0,27.5,68.6,7,2012,Chhattisgarh
34.7,28.6,65.8,8,2012,Chhattisgarh
12.4,27.4,65.9,9,2012,Chhattisgarh
1.4,26.2,62.1,10,2012,Chhattisgarh
0.3,22.1,63.7,11,2012,Chhattisgarh
0.8,19.9,66.2,12,2012,Chhattisgarh
4.2,19.6,61.8,1,2013,Chhattisgarh
0.8,23.4,61.7,2,2013,Chhattisgarh
0.8,28.5,64.3,3,2013,Chhattisgarh
0.2,33.6,58.8,4,2013,Chhattisgarh
2.8,34.8,61.2,5,2013,Chhattisgarh
26.1,31.9,56.7,6,2013,Chhattisgarh
26.2,28.7,61.1,7,2013,Chhattisgarh
188.9,27.7,70.2,8,2013,Chhattisgarh
42.6,25.5,57.3,9,2013,Chhattisgarh
1.8,25.8,62.7,10,2013,Chhattisgarh
0.8,22.9,61.6,11,2013,Chhattisgarh
1.5,20.2,60.9,12,2013,Chhattisgarh
1.8,19.8,64.4,1,2014,Chhattisgarh
5.3,22.2,66.4,2,2014,Chhattisgarh
0.8,30.3,60.0,3,2014,Chhattisgarh
1.1,34.9,55.8,4,2014,Chhattisgarh
1.5,35.2,51.0,5,2014,Chhattisgarh
25.6,32.5,62.9,6,2014,Chhattisgarh
46.3,30.3,61.4,7,2014,Chhattisgarh
138.7,28.5,70.7,8,2014,Chhattisgarh
9.3,27.0,63.1,9,2014,Chhattisgarh
4.8,25.6,59.1,10,2014,Chhattisgarh
1.2,22.8,61.7,11,2014,Chhattisgarh
0.4,21.3,67.7,12,2014,Chhattisgarh
1.4,21.4,64.7,1,2015,Chhattisgarh
0.6,21.9,62.6,2,2015,Chhattisgarh
2.8,31.0,55.4,3,2015,Chhattisgarh
1.2,34.8,58.2,4,2015,Chhattisgarh
0.3,35.3,55.4,5,2015,Chhattisgarh
42.6,33.3,59.0,6,2015,Chhattisgarh
68.3,29.1,67.7,7,2015,Chhattisgarh
14.3,29.0,57.2,8,2015,Chhattisgarh
48.3,28.3,61.1,9,2015,Chhattisgarh
0.8,27.0,59.6,10,2015,Chhattisgarh
0.9,23.7,66.1,11,2015,Chhattisgarh
1.1,21.1,63.4,12,2015,Chhattisgarh
0.7,19.1,66.7,1,2016,Chhattisgarh
0.9,22.2,65.2,2,2016,Chhattisgarh
0.8,28.5,58.5,3,2016,Chhattisgarh
1.2,34.5,59.2,4,2016,Chhattisgarh
0.6,35.3,58.2,5,2016,Chhattisgarh
37.5,31.1,60.9,6,2016,Chhattisgarh
110.3,28.0,68.1,7,2016,Chhattisgarh
95.7,27.3,63.5,8,2016,Chhattisgarh
79.2,25.8,68.1,9,2016,Chhattisgarh
2.3,26.8,64.0,10,2016,Chhattisgarh
0.3,21.6,69.3,11,2016,Chhattisgarh
0.4,18.1,68.6,12,2016,Chhattisgarh
1.3,20.3,68.4,1,2017,Chhattisgarh
0.6,23.7,64.6,2,2017,Chhattisgarh
0.6,29.1,62.6,3,2017,Chhattisgarh
0.6,34.3,62.9,4,2017,Chhattisgarh
3.1,36.3,60.6,5,2017,Chhattisgarh
158.2,31.9,70.8,6,2017,Chhattisgarh
49.4,29.9,58.7,7,2017,Chhattisgarh
38.5,29.0,62.5,8,2017,Chhattisgarh
89.1,28.0,63.8,9,2017,Chhattisgarh
1.9,25.9,62.9,10,2017,Chhattisgarh
1.4,23.4,65.5,11,2017,Chhattisgarh
1.4,21.8,59.4,12,2017,Chhattisgarh
3.3,21.2,64.5,1,2018,Chhattisgarh
1.5,21.6,65.3,2,2018,Chhattisgarh
0.6,29.7,59.1,3,2018,Chhattisgarh
0.5,34.5,60.4,4,2018,Chhattisgarh
0.3,36.4,53.1,5,2018,Chhattisgarh
23.8,31.2,60.7,6,2018,Chhattisgarh
119.5,29.3,62.5,7,2018,Chhattisgarh
44.2,28.0,65.8,8,2018,Chhattisgarh
83.9,29.3,65.6,9,2018,Chhattisgarh
2.1,24.9,65.4,10,2018,Chhattisgarh
1.3,22.8,65.7,11,2018,Chhattisgarh
1.2,20.0,63.6,12,2018,Chhattisgarh
0.6,19.3,66.7,1,2019,Chhattisgarh
1.7,21.4,65.6,2,2019,Chhattisgarh
3.0,27.9,61.8,3,2019,Chhattisgarh
0.2,34.4,56.8,4,2019,Chhattisgarh
2.7,33.4,60.5,5,2019,Chhattisgarh
24.4,31.8,62.7,6,2019,Chhattisgarh
189.6,27.8,68.0,7,2019,Chhattisgarh
31.3,27.7,66.3,8,2019,Chhattisgarh
29.1,27.7,65.6,9,2019,Chhattisgarh
1.4,24.2,62.1,10,2019,Chhattisgarh
0.4,20.9,69.5,11,2019,Chhattisgarh
1.4,18.3,66.3,12,2019,Chhattisgarh
2.1,18.8,65.1,1,2020,Chhattisgarh
0.3,21.4,71.3,2,2020,Chhattisgarh
1.0,28.3,60.7,3,2020,Chhattisgarh
0.5,35.2,52.0,4,2020,Chhattisgarh
1.5,34.9,58.7,5,2020,Chhattisgarh
10.1,32.7,64.0,6,2020,Chhattisgarh
121.3,28.5,64.1,7,2020,Chhattisgarh
151.1,28.5,70.3,8,2020,Chhattisgarh
59.3,27.4,65.3,9,2020,Chhattisgarh
0.2,25.5,61.4,10,2020,Chhattisgarh
0.2,21.2,69.7,11,2020,Chhattisgarh
2.9,19.4,67.3,12,2020,Chhattisgarh
1.5,9.5,67.0,1,1997,Delhi
0.5,15.4,60.5,2,1997,Delhi
1.0,28.7,50.0,3,1997,Delhi
0.6,36.2,48.8,4,1997,Delhi
0.1,36.9,45.4,5,1997,Delhi
50.7,30.6,53.6,6,1997,Delhi
24.7,27.6,58.8,7,1997,Delhi
80.2,25.2,65.1,8,1997,Delhi
46.4,24.4,58.3,9,1997,Delhi
1.6,21.3,60.5,10,1997,Delhi
0.9,14.9,53.4,11,1997,Delhi
0.8,13.1,55.9,12,1997,Delhi
0.8,10.8,64.1,1,1998,Delhi
4.0,17.1,52.4,2,1998,Delhi
1.5,27.4,57.5,3,1998,Delhi
0.4,36.1,53.8,4,1998,Delhi
1.9,36.3,45.3,5,1998,Delhi
42.9,33.3,52.6,6,1998,Delhi
78.0,27.8,56.0,7,1998,Delhi
24.5,28.1,51.9,8,1998,Delhi
27.3,23.6,57.2,9,1998,Delhi
0.6,22.6,57.2,10,1998,Delhi
1.5,17.7,63.1,11,1998,Delhi
2.1,15.5,58.8,12,1998,Delhi
1.1,11.4,67.2,1,1999,Delhi
1.1,17.9,60.3,2,1999,Delhi
2.5,29.5,58.1,3,1999,Delhi
0.8,37.9,45.2,4,1999,Delhi
0.3,38.6,48.8,5,1999,Delhi
52.3,33.0,54.6,6,1999,Delhi
48.3,28.3,55.9,7,1999,Delhi
56.0,25.7,60.1,8,1999,Delhi
34.0,24.3,57.2,9,1999,Delhi
0.9,22.3,50.8,10,1999,Delhi
0.5,16.2,60.8,11,1999,Delhi
1.4,12.4,58.1,12,1999,Delhi
0.8,12.4,55.7,1,2000,Delhi
2.5,18.0,56.7,2,2000,Delhi
1.7,29.1,49.2,3,2000,Delhi
2.1,36.6,49.1,4,2000,Delhi
1.7,39.0,48.3,5,2000,Delhi
14.0,33.2,53.4,6,2000,Delhi
20.5,27.6,58.2,7,2000,Delhi
30.4,26.9,55.9,8,2000,Delhi
42.6,24.3,57.4,9,2000,Delhi
0.3,21.4,61.2,10,2000,Delhi
2.0,16.5,57.9,11,2000,Delhi
2.5,12.6,62.3,12,2000,Delhi
1.2,13.1,60.1,1,2001,Delhi
1.4,17.0,64.7,2,2001,Delhi
0.8,28.8,55.1,3,2001,Delhi
1.3,37.0,52.5,4,2001,Delhi
0.9,38.5,49.7,5,2001,Delhi
78.9,33.7,51.2,6,2001,Delhi
100.2,26.1,55.8,7,2001,Delhi
47.9,25.8,55.5,8,2001,Delhi
8.2,24.9,58.2,9,2001,Delhi
0.9,23.8,53.1,10,2001,Delhi
0.5,18.6,61.9,11,2001,Delhi
1.8,12.1,61.7,12,2001,Delhi
0.5,10.5,60.6,1,2002,Delhi
4.0,16.0,59.5,2,2002,Delhi
2.2,28.2,53.5,3,2002,Delhi
0.2,36.0,48.5,4,2002,Delhi
1.7,37.5,53.8,5,2002,Delhi
37.4,31.7,57.6,6,2002,Delhi
129.8,26.1,60.6,7,2002,Delhi
4.3,23.6,58.1,8,2002,Delhi
24.7,24.5,55.9,9,2002,Delhi
1.2,20.3,57.2,10,2002,Delhi
1.4,15.6,63.0,11,2002,Delhi
1.3,12.2,63.1,12,2002,Delhi
1.4,11.4,56.5,1,2003,Delhi
0.7,15.9,61.9,2,2003,Delhi
2.3,28.9,53.4,3,2003,Delhi
1.6,36.7,49.4,4,2003,Delhi
1.5,36.3,48.2,5,2003,Delhi
105.4,34.1,55.8,6,2003,Delhi
62.9,26.6,55.8,7,2003,Delhi
35.6,26.5,51.5,8,2003,Delhi
20.0,25.7,55.7,9,2003,Delhi
2.2,20.2,60.9,10,2003,Delhi
1.0,16.5,55.7,11,2003,Delhi
0.7,12.7,68.7,12,2003,Delhi
1.5,13.3,61.9,1,2004,Delhi
1.7,19.3,58.5,2,2004,Delhi
4.2,29.9,48.3,3,2004,Delhi
2.0,39.2,48.0,4,2004,Delhi
2.0,39.3,49.4,5,2004,Delhi
44.7,32.5,53.3,6,2004,Delhi
72.4,28.7,55.4,7,2004,Delhi
48.9,25.7,53.3,8,2004,Delhi
47.9,26.9,57.4,9,2004,Delhi
0.7,23.7,55.8,10,2004,Delhi
2.4,18.3,55.8,11,2004,Delhi
0.3,14.5,61.9,12,2004,Delhi
0.3,11.8,61.1,1,2005,Delhi
0.4,15.0,60.8,2,2005,Delhi
0.4,29.1,51.7,3,2005,Delhi
0.8,37.6,47.0,4,2005,Delhi
2.7,35.2,50.0,5,2005,Delhi
15.6,31.8,51.7,6,2005,Delhi
53.7,27.2,47.9,7,2005,Delhi
99.3,25.4,54.3,8,2005,Delhi
71.6,24.5,60.4,9,2005,Delhi
0.9,22.6,58.5,10,2005,Delhi
0.5,15.7,58.1,11,2005,Delhi
0.4,12.1,60.5,12,2005,Delhi
1.5,12.4,65.1,1,2006,Delhi
1.6,16.7,57.7,2,2006,Delhi
1.1,29.1,53.2,3,2006,Delhi
0.9,36.9,51.5,4,2006,Delhi
1.0,37.8,50.4,5,2006,Delhi
20.7,32.2,52.3,6,2006,Delhi
91.8,28.3,53.2,7,2006,Delhi
87.0,25.1,61.3,8,2006,Delhi
40.9,25.5,56.5,9,2006,Delhi
0.5,21.3,56.6,10,2006,Delhi
1.6,16.9,60.3,11,2006,Delhi
1.7,14.3,60.9,12,2006,Delhi
1.9,11.3,66.2,1,2007,Delhi
1.0,16.9,59.4,2,2007,Delhi
2.3,28.3,50.6,3,2007,Delhi
0.1,36.0,44.8,4,2007,Delhi
1.7,38.4,44.8,5,2007,Delhi
10.1,33.6,53.9,6,2007,Delhi
25.9,26.5,54.1,7,2007,Delhi
25.0,25.8,57.7,8,2007,Delhi
65.5,25.7,57.6,9,2007,Delhi
1.6,21.9,54.7,10,2007,Delhi
0.8,17.9,59.2,11,2007,Delhi
0.4,13.4,60.5,12,2007,Delhi
0.3,12.6,61.4,1,2008,Delhi
0.9,17.6,59.6,2,2008,Delhi
0.6,29.6,52.3,3,2008,Delhi
0.5,37.6,48.9,4,2008,Delhi
1.9,38.5,45.8,5,2008,Delhi
55.5,33.0,57.9,6,2008,Delhi
104.4,27.2,54.6,7,2008,Delhi
34.6,24.9,52.4,8,2008,Delhi
62.1,25.8,56.3,9,2008,Delhi
0.6,22.9,60.3,10,2008,Delhi
1.0,18.4,65.0,11,2008,Delhi
1.0,14.1,61.5,12,2008,Delhi
0.5,13.8,52.3,1,2009,Delhi
3.5,17.8,60.0,2,2009,Delhi
0.1,31.3,54.8,3,2009,Delhi
0.5,39.1,47.4,4,2009,Delhi
0.5,39.4,51.0,5,2009,Delhi
14.7,34.4,50.7,6,2009,Delhi
35.7,29.2,53.2,7,2009,Delhi
12.4,28.1,54.2,8,2009,Delhi
18.8,25.9,56.5,9,2009,Delhi
2.0,24.1,56.5,10,2009,Delhi
0.2,18.5,57.5,11,2009,Delhi
1.0,15.0,53.9,12,2009,Delhi
2.9,11.3,65.0,1,2010,Delhi
1.0,16.9,59.4,2,2010,Delhi
0.6,28.5,52.3,3,2010,Delhi
0.7,38.4,46.3,4,2010,Delhi
2.9,37.4,51.2,5,2010,Delhi
5.4,32.5,54.8,6,2010,Delhi
38.6,28.2,54.0,7,2010,Delhi
57.2,25.7,54.5,8,2010,Delhi
9.3,26.4,62.2,9,2010,Delhi
0.7,21.9,52.3,10,2010,Delhi
1.0,17.5,57.1,11,2010,Delhi
0.5,13.4,57.8,12,2010,Delhi
0.4,13.2,63.8,1,2011,Delhi
1.4,18.5,55.2,2,2011,Delhi
1.2,29.6,58.7,3,2011,Delhi
1.4,37.8,54.2,4,2011,Delhi
0.6,38.6,53.0,5,2011,Delhi
65.8,34.8,50.8,6,2011,Delhi
74.0,28.8,58.6,7,2011,Delhi
34.7,26.0,53.6,8,2011,Delhi
30.6,26.2,51.1,9,2011,Delhi
0.8,22.7,57.7,10,2011,Delhi
2.1,17.5,56.6,11,2011,Delhi
1.3,14.1,62.8,12,2011,Delhi
0.7,11.9,61.2,1,2012,Delhi
1.1,19.2,57.8,2,2012,Delhi
1.1,29.8,55.2,3,2012,Delhi
1.3,36.8,47.6,4,2012,Delhi
0.4,37.6,47.8,5,2012,Delhi
11.2,33.8,51.4,6,2012,Delhi
20.0,27.6,54.8,7,2012,Delhi
41.2,27.6,58.9,8,2012,Delhi
23.8,25.0,51.4,9,2012,Delhi
2.1,24.1,56.3,10,2012,Delhi
0.2,17.4,53.3,11,2012,Delhi
1.1,14.2,57.6,12,2012,Delhi
0.9,12.0,59.4,1,2013,Delhi
0.5,15.0,63.6,2,2013,Delhi
1.1,30.7,51.0,3,2013,Delhi
1.1,36.6,48.2,4,2013,Delhi
0.7,37.6,46.1,5,2013,Delhi
32.4,32.7,47.6,6,2013,Delhi
70.6,26.5,62.5,7,2013,Delhi
21.9,26.8,54.0,8,2013,Delhi
14.7,25.3,53.3,9,2013,Delhi
1.5,23.8,52.0,10,2013,Delhi
2.1,17.1,60.9,11,2013,Delhi
2.5,11.8,60.3,12,2013,Delhi
1.4,12.3,60.9,1,2014,Delhi
1.0,16.4,56.5,2,2014,Delhi
1.7,27.8,55.0,3,2014,Delhi
1.3,37.0,51.4,4,2014,Delhi
0.4,38.1,53.9,5,2014,Delhi
57.7,32.5,56.3,6,2014,Delhi
35.2,26.6,58.5,7,2014,Delhi
48.2,25.7,57.6,8,2014,Delhi
16.4,25.2,57.5,9,2014,Delhi
0.1,22.3,56.8,10,2014,Delhi
0.4,15.1,60.3,11,2014,Delhi
0.8,11.9,61.0,12,2014,Delhi
0.4,11.7,63.2,1,2015,Delhi
0.4,17.8,59.7,2,2015,Delhi
0.6,28.8,59.0,3,2015,Delhi
1.9,36.8,53.0,4,2015,Delhi
1.7,37.4,53.8,5,2015,Delhi
30.7,32.1,54.5,6,2015,Delhi
38.8,27.3,56.4,7,2015,Delhi
9.6,26.2,57.1,8,2015,Delhi
6.4,25.2,55.7,9,2015,Delhi
0.8,21.1,59.1,10,2015,Delhi
0.5,16.6,63.1,11,2015,Delhi
0.1,12.3,58.1,12,2015,Delhi
0.7,12.7,61.7,1,2016,Delhi
2.3,19.2,57.4,2,2016,Delhi
1.1,30.2,58.0,3,2016,Delhi
2.6,38.3,45.7,4,2016,Delhi
1.4,38.6,52.1,5,2016,Delhi
46.0,34.2,53.1,6,2016,Delhi
38.0,28.1,56.1,7,2016,Delhi
17.3,26.1,54.3,8,2016,Delhi
14.4,26.5,52.1,9,2016,Delhi
1.0,23.4,60.0,10,2016,Delhi
0.9,18.2,60.9,11,2016,Delhi
0.3,12.6,67.8,12,2016,Delhi
1.1,12.1,59.9,1,2017,Delhi
2.0,17.1,55.4,2,2017,Delhi
0.3,27.7,51.5,3,2017,Delhi
2.1,35.9,49.9,4,2017,Delhi
1.1,38.8,45.1,5,2017,Delhi
35.1,32.8,50.9,6,2017,Delhi
54.1,27.5,55.8,7,2017,Delhi
46.5,26.7,51.8,8,2017,Delhi
25.6,25.5,52.3,9,2017,Delhi
0.6,22.4,52.6,10,2017,Delhi
0.8,17.2,60.0,11,2017,Delhi
1.6,14.1,63.6,12,2017,Delhi
1.3,13.6,62.1,1,2018,Delhi
1.7,16.8,63.5,2,2018,Delhi
0.5,28.9,55.0,3,2018,Delhi
0.3,37.5,42.3,4,2018,Delhi
1.2,38.9,46.8,5,2018,Delhi
36.4,31.9,47.6,6,2018,Delhi
18.2,28.0,49.2,7,2018,Delhi
152.5,24.8,67.5,8,2018,Delhi
30.7,24.3,60.2,9,2018,Delhi
1.3,22.3,58.3,10,2018,Delhi
1.2,17.1,60.6,11,2018,Delhi
1.3,14.6,60.2,12,2018,Delhi
1.4,11.2,57.1,1,2019,Delhi
1.9,17.0,63.4,2,2019,Delhi
0.6,29.0,53.3,3,2019,Delhi
1.2,37.1,50.0,4,2019,Delhi
1.2,39.1,49.9,5,2019,Delhi
3.8,32.6,49.0,6,2019,Delhi
27.3,27.1,56.1,7,2019,Delhi
14.2,25.8,51.3,8,2019,Delhi
39.7,26.0,54.9,9,2019,Delhi
1.2,22.8,60.3,10,2019,Delhi
1.1,17.8,58.8,11,2019,Delhi
0.4,12.6,63.6,12,2019,Delhi
0.8,13.0,56.1,1,2020,Delhi
0.9,17.1,58.5,2,2020,Delhi
1.1,27.8,48.6,3,2020,Delhi
1.1,35.1,50.8,4,2020,Delhi
0.5,37.3,48.5,5,2020,Delhi
75.9,32.7,56.1,6,2020,Delhi
80.5,26.5,52.2,7,2020,Delhi
78.8,25.2,63.2,8,2020,Delhi
34.0,23.1,55.5,9,2020,Delhi
2.9,21.4,56.8,10,2020,Delhi
2.3,16.9,50.3,11,2020,Delhi
0.0,13.4,60.8,12,2020,Delhi
0.8,23.5,78.5,1,1997,Goa
2.5,25.7,78.1,2,1997,Goa
1.2,27.3,78.7,3,1997,Goa
2.3,30.6,74.9,4,1997,Goa
1.2,30.8,73.3,5,1997,Goa
195.7,27.1,84.4,6,1997,Goa
163.8,27.2,83.9,7,1997,Goa
237.0,27.0,92.4,8,1997,Goa
156.2,26.9,85.4,9,1997,Goa
5.4,26.7,75.6,10,1997,Goa
1.1,24.5,78.3,11,1997,Goa
2.4,24.9,74.1,12,1997,Goa
1.0,23.6,76.9,1,1998,Goa
1.8,24.2,79.9,2,1998,Goa
0.7,26.6,76.4,3,1998,Goa
2.2,27.9,82.3,4,1998,Goa
0.4,29.3,74.1,5,1998,Goa
159.6,28.1,83.3,6,1998,Goa
153.5,26.9,78.0,7,1998,Goa
251.8,25.8,92.4,8,1998,Goa
46.2,27.3,74.6,9,1998,Goa
1.8,26.9,78.1,10,1998,Goa
1.1,25.0,80.8,11,1998,Goa
2.4,24.0,82.4,12,1998,Goa
1.2,24.6,75.9,1,1999,Goa
0.9,26.4,78.6,2,1999,Goa
2.4,30.5,79.2,3,1999,Goa
0.7,31.6,72.8,4,1999,Goa
1.0,31.4,72.4,5,1999,Goa
258.1,30.9,88.4,6,1999,Goa
442.2,28.3,96.0,7,1999,Goa
219.0,27.5,85.9,8,1999,Goa
58.0,27.3,81.3,9,1999,Goa
1.7,26.3,77.0,10,1999,Goa
0.5,27.1,77.2,11,1999,Goa
0.2,25.4,78.3,12,1999,Goa
2.1,24.2,78.1,1,2000,Goa
0.4,24.9,80.6,2,2000,Goa
0.1,26.6,77.2,3,2000,Goa
0.6,29.8,80.0,4,2000,Goa
0.6,28.4,78.0,5,2000,Goa
112.3,30.6,87.9,6,2000,Goa
130.4,28.1,79.9,7,2000,Goa
344.0,26.2,90.5,8,2000,Goa
37.4,24.9,78.2,9,2000,Goa
2.9,26.4,76.9,10,2000,Goa
0.5,24.3,72.4,11,2000,Goa
0.4,23.6,79.4,12,2000,Goa
1.6,24.4,78.2,1,2001,Goa
0.6,25.0,76.6,2,2001,Goa
0.9,28.5,80.4,3,2001,Goa
2.5,30.1,77.3,4,2001,Goa
1.5,28.3,78.9,5,2001,Goa
79.8,28.3,80.4,6,2001,Goa
431.8,28.4,97.1,7,2001,Goa
154.0,27.2,80.5,8,2001,Goa
39.1,26.6,79.0,9,2001,Goa
2.3,27.1,79.6,10,2001,Goa
1.8,26.2,78.4,11,2001,Goa
2.4,24.0,82.2,12,2001,Goa
2.9,24.5,78.7,1,2002,Goa
1.0,26.1,75.6,2,2002,Goa
0.2,27.7,79.8,3,2002,Goa
0.8,30.8,73.6,4,2002,Goa
1.0,31.7,77.5,5,2002,Goa
148.4,29.1,77.1,6,2002,Goa
326.7,25.9,90.8,7,2002,Goa
135.4,27.4,86.0,8,2002,Goa
124.7,28.2,80.6,9,2002,Goa
0.9,26.7,75.4,10,2002,Goa
1.8,24.3,74.6,11,2002,Goa
0.4,25.3,84.1,12,2002,Goa
2.5,23.7,81.4,1,2003,Goa
0.9,26.0,80.2,2,2003,Goa
1.3,28.1,75.0,3,2003,Goa
0.6,29.4,76.4,4,2003,Goa
1.1,30.8,66.4,5,2003,Goa
53.7,29.0,79.7,6,2003,Goa
181.2,28.2,82.7,7,2003,Goa
129.2,28.0,79.5,8,2003,Goa
55.4,26.8,80.7,9,2003,Goa
1.7,25.9,83.2,10,2003,Goa
2.4,24.2,74.1,11,2003,Goa
0.5,25.4,80.7,12,2003,Goa
1.6,24.5,75.2,1,2004,Goa
1.6,26.8,79.4,2,2004,Goa
0.6,28.6,80.1,3,2004,Goa
1.7,31.1,77.8,4,2004,Goa
1.4,29.5,75.3,5,2004,Goa
226.0,29.0,84.6,6,2004,Goa
174.0,26.9,87.7,7,2004,Goa
345.0,27.2,92.8,8,2004,Goa
114.7,27.7,85.3,9,2004,Goa
0.5,26.4,79.8,10,2004,Goa
1.1,25.2,82.2,11,2004,Goa
4.0,24.8,83.7,12,2004,Goa
1.0,24.6,77.0,1,2005,Goa
1.9,26.5,80.6,2,2005,Goa
0.5,28.4,71.7,3,2005,Goa
1.4,29.9,71.1,4,2005,Goa
0.8,30.7,76.8,5,2005,Goa
70.9,28.6,82.3,6,2005,Goa
40.3,27.5,75.1,7,2005,Goa
142.3,27.8,75.8,8,2005,Goa
66.1,27.4,77.8,9,2005,Goa
4.1,27.4,82.1,10,2005,Goa
1.4,24.1,77.0,11,2005,Goa
0.7,25.7,81.1,12,2005,Goa
2.1,25.3,80.0,1,2006,Goa
0.8,25.3,76.8,2,2006,Goa
0.4,29.4,77.3,3,2006,Goa
2.2,32.0,76.1,4,2006,Goa
2.4,30.1,76.0,5,2006,Goa
134.0,28.4,86.4,6,2006,Goa
100.7,28.3,83.3,7,2006,Goa
199.4,28.9,82.0,8,2006,Goa
101.1,26.8,86.4,9,2006,Goa
1.5,27.2,77.6,10,2006,Goa
0.6,25.6,81.6,11,2006,Goa
0.5,23.7,78.0,12,2006,Goa
1.2,24.8,76.1,1,2007,Goa
0.7,25.5,77.1,2,2007,Goa
0.2,29.9,78.4,3,2007,Goa
0.5,29.8,68.1,4,2007,Goa
1.4,29.7,80.0,5,2007,Goa
79.5,30.7,76.3,6,2007,Goa
160.9,27.9,87.8,7,2007,Goa
400.4,28.4,98.0,8,2007,Goa
88.7,28.1,81.9,9,2007,Goa
0.8,28.5,77.4,10,2007,Goa
1.3,25.4,76.1,11,2007,Goa
0.9,24.2,81.5,12,2007,Goa
1.0,23.3,84.5,1,2008,Goa
2.7,25.0,81.8,2,2008,Goa
0.6,27.7,76.4,3,2008,Goa
1.1,29.8,78.0,4,2008,Goa
0.7,30.6,77.3,5,2008,Goa
159.4,29.5,84.4,6,2008,Goa
87.8,26.5,78.4,7,2008,Goa
102.9,27.9,86.3,8,2008,Goa
175.8,27.0,83.2,9,2008,Goa
1.6,27.4,76.8,10,2008,Goa
0.5,24.1,82.3,11,2008,Goa
0.7,23.2,80.4,12,2008,Goa
2.3,22.7,80.7,1,2009,Goa
1.4,24.4,79.2,2,2009,Goa
0.5,27.5,78.8,3,2009,Goa
1.3,28.3,76.5,4,2009,Goa
1.9,29.7,82.4,5,2009,Goa
185.7,28.7,83.1,6,2009,Goa
843.7,27.7,98.0,7,2009,Goa
42.1,27.1,86.5,8,2009,Goa
55.9,27.5,84.4,9,2009,Goa
0.6,26.5,80.2,10,2009,Goa
3.6,23.5,77.8,11,2009,Goa
1.1,22.7,81.2,12,2009,Goa
3.0,22.8,81.1,1,2010,Goa
1.7,26.5,75.9,2,2010,Goa
0.7,29.0,75.3,3,2010,Goa
1.8,29.3,78.6,4,2010,Goa
0.8,30.0,81.3,5,2010,Goa
122.4,30.2,85.4,6,2010,Goa
221.1,28.1,80.4,7,2010,Goa
165.6,27.8,86.3,8,2010,Goa
201.6,26.4,85.3,9,2010,Goa
3.0,28.4,75.8,10,2010,Goa
2.4,25.1,76.3,11,2010,Goa
2.9,24.2,77.8,12,2010,Goa
0.3,24.6,75.1,1,2011,Goa
0.9,26.2,84.2,2,2011,Goa
2.2,28.6,78.4,3,2011,Goa
1.2,30.1,75.9,4,2011,Goa
1.1,31.7,70.4,5,2011,Goa
103.9,28.0,82.8,6,2011,Goa
82.5,26.2,82.6,7,2011,Goa
134.3,28.2,81.6,8,2011,Goa
29.3,28.2,77.8,9,2011,Goa
0.7,26.9,81.9,10,2011,Goa
1.9,25.3,76.8,11,2011,Goa
3.3,24.0,80.7,12,2011,Goa
1.6,22.8,77.0,1,2012,Goa
0.9,24.4,77.4,2,2012,Goa
2.6,28.6,79.4,3,2012,Goa
1.2,28.5,73.4,4,2012,Goa
1.4,29.3,77.2,5,2012,Goa
264.0,29.8,87.5,6,2012,Goa
96.9,29.3,75.6,7,2012,Goa
133.5,28.1,87.7,8,2012,Goa
126.9,27.2,81.0,9,2012,Goa
0.8,27.7,76.6,10,2012,Goa
1.2,24.9,78.6,11,2012,Goa
0.3,24.8,82.1,12,2012,Goa
0.9,24.6,75.6,1,2013,Goa
0.3,25.5,79.2,2,2013,Goa
0.9,28.7,73.1,3,2013,Goa
2.6,30.5,77.0,4,2013,Goa
2.0,29.9,81.9,5,2013,Goa
247.1,29.2,87.4,6,2013,Goa
32.5,27.5,79.2,7,2013,Goa
176.0,28.6,78.8,8,2013,Goa
100.9,26.9,82.9,9,2013,Goa
1.0,26.5,81.7,10,2013,Goa
0.9,23.7,76.4,11,2013,Goa
2.1,25.4,79.5,12,2013,Goa
0.4,24.5,78.0,1,2014,Goa
1.1,26.1,82.1,2,2014,Goa
0.4,27.0,75.0,3,2014,Goa
1.1,29.8,77.5,4,2014,Goa
2.8,31.1,75.1,5,2014,Goa
192.2,29.4,88.8,6,2014,Goa
186.8,27.4,85.7,7,2014,Goa
407.8,27.8,94.8,8,2014,Goa
43.2,25.9,74.6,9,2014,Goa
2.4,26.3,75.0,10,2014,Goa
2.1,25.1,83.6,11,2014,Goa
2.3,24.9,77.7,12,2014,Goa
0.8,24.4,77.5,1,2015,Goa
1.6,25.2,83.3,2,2015,Goa
0.9,28.3,70.4,3,2015,Goa
0.4,30.6,76.4,4,2015,Goa
0.7,29.4,76.7,5,2015,Goa
94.6,28.8,81.4,6,2015,Goa
109.8,27.5,79.1,7,2015,Goa
23.2,27.8,76.1,8,2015,Goa
46.3,27.2,85.9,9,2015,Goa
2.2,27.2,79.5,10,2015,Goa
0.8,25.7,78.2,11,2015,Goa
2.6,25.3,82.5,12,2015,Goa
0.5,23.6,84.8,1,2016,Goa
1.3,26.3,73.3,2,2016,Goa
0.9,28.1,79.2,3,2016,Goa
0.2,29.7,74.8,4,2016,Goa
1.2,30.3,79.3,5,2016,Goa
195.1,29.4,86.7,6,2016,Goa
171.3,27.7,87.5,7,2016,Goa
190.7,27.7,85.3,8,2016,Goa
77.7,27.3,77.8,9,2016,Goa
1.4,25.6,81.7,10,2016,Goa
2.5,25.6,77.1,11,2016,Goa
0.8,24.7,71.0,12,2016,Goa
3.2,25.2,78.9,1,2017,Goa
1.2,27.2,79.0,2,2017,Goa
1.9,29.9,78.6,3,2017,Goa
1.1,31.7,73.7,4,2017,Goa
1.0,30.6,79.1,5,2017,Goa
67.7,30.4,74.6,6,2017,Goa
295.0,28.3,88.2,7,2017,Goa
473.6,28.3,96.3,8,2017,Goa
92.6,28.9,85.8,9,2017,Goa
1.3,26.8,82.3,10,2017,Goa
2.4,27.9,79.7,11,2017,Goa
0.9,23.8,71.8,12,2017,Goa
0.9,25.7,75.4,1,2018,Goa
1.9,24.3,78.6,2,2018,Goa
1.3,29.0,77.6,3,2018,Goa
0.7,29.4,78.7,4,2018,Goa
0.9,31.9,75.1,5,2018,Goa
218.1,29.2,87.5,6,2018,Goa
89.4,28.4,81.2,7,2018,Goa
433.4,28.0,94.6,8,2018,Goa
206.6,28.4,80.3,9,2018,Goa
0.9,26.3,78.1,10,2018,Goa
0.8,25.4,76.5,11,2018,Goa
1.6,26.0,81.0,12,2018,Goa
1.3,24.4,78.1,1,2019,Goa
1.0,25.7,79.6,2,2019,Goa
1.6,28.7,76.2,3,2019,Goa
0.3,29.1,73.7,4,2019,Goa
0.7,31.6,77.8,5,2019,Goa
53.1,28.1,78.9,6,2019,Goa
132.5,29.7,83.0,7,2019,Goa
109.7,28.0,85.1,8,2019,Goa
44.8,27.6,78.7,9,2019,Goa
0.6,27.5,79.3,10,2019,Goa
1.1,27.1,81.6,11,2019,Goa
1.6,24.3,76.1,12,2019,Goa
0.5,25.3,76.4,1,2020,Goa
1.1,24.5,77.3,2,2020,Goa
0.2,29.4,77.3,3,2020,Goa
1.5,30.1,71.8,4,2020,Goa
0.2,28.8,74.6,5,2020,Goa
172.0,29.4,84.5,6,2020,Goa
797.5,27.5,98.0,7,2020,Goa
321.1,27.9,90.9,8,2020,Goa
31.9,28.6,76.0,9,2020,Goa
2.3,25.9,81.1,10,2020,Goa
3.8,26.1,81.9,11,2020,Goa
2.8,25.4,77.5,12,2020,Goa
0.2,18.7,56.7,1,1997,Gujarat
0.4,23.8,56.1,2,1997,Gujarat
1.1,29.2,54.9,3,1997,Gujarat
0.2,35.0,47.7,4,1997,Gujarat
1.4,36.0,55.0,5,1997,Gujarat
62.4,31.7,57.2,6,1997,Gujarat
30.8,29.5,49.2,7,1997,Gujarat
43.0,27.4,57.4,8,1997,Gujarat
37.4,27.5,52.8,9,1997,Gujarat
0.4,25.9,59.4,10,1997,Gujarat
0.2,21.0,55.5,11,1997,Gujarat
1.4,19.6,59.3,12,1997,Gujarat
3.4,18.6,62.9,1,1998,Gujarat
0.4,21.9,54.5,2,1998,Gujarat
0.7,28.8,51.5,3,1998,Gujarat
1.4,32.3,52.1,4,1998,Gujarat
2.6,34.9,48.8,5,1998,Gujarat
51.8,31.6,53.9,6,1998,Gujarat
99.2,28.5,63.6,7,1998,Gujarat
18.0,27.5,54.2,8,1998,Gujarat
31.1,26.7,49.1,9,1998,Gujarat
1.0,26.1,57.7,10,1998,Gujarat
0.9,22.2,57.6,11,1998,Gujarat
2.3,18.4,54.1,12,1998,Gujarat
0.7,18.6,58.0,1,1999,Gujarat
1.4,21.4,54.8,2,1999,Gujarat
3.1,28.8,57.6,3,1999,Gujarat
2.1,33.3,51.5,4,1999,Gujarat
1.2,34.9,45.7,5,1999,Gujarat
34.3,32.0,56.5,6,1999,Gujarat
6.7,27.6,51.9,7,1999,Gujarat
87.4,28.1,58.1,8,1999,Gujarat
91.8,26.8,57.4,9,1999,Gujarat
0.4,24.0,61.8,10,1999,Gujarat
0.1,22.3,57.6,11,1999,Gujarat
0.4,17.4,54.7,12,1999,Gujarat
2.0,18.5,60.8,1,2000,Gujarat
0.9,23.6,57.9,2,2000,Gujarat
0.7,30.4,51.1,3,2000,Gujarat
2.9,35.2,50.4,4,2000,Gujarat
0.2,36.0,49.4,5,2000,Gujarat
23.8,32.4,52.2,6,2000,Gujarat
78.7,28.7,61.3,7,2000,Gujarat
10.5,27.6,56.0,8,2000,Gujarat
20.0,28.8,55.6,9,2000,Gujarat
0.8,25.6,50.5,10,2000,Gujarat
0.4,23.6,54.8,11,2000,Gujarat
0.5,21.3,60.2,12,2000,Gujarat
0.4,19.8,57.9,1,2001,Gujarat
0.6,22.0,60.3,2,2001,Gujarat
0.6,30.1,55.6,3,2001,Gujarat
2.4,34.4,49.3,4,2001,Gujarat
1.1,35.5,49.5,5,2001,Gujarat
17.7,32.1,53.4,6,2001,Gujarat
78.6,28.2,54.1,7,2001,Gujarat
94.2,28.1,53.1,8,2001,Gujarat
11.0,27.7,54.1,9,2001,Gujarat
1.4,26.1,56.8,10,2001,Gujarat
0.9,23.2,58.6,11,2001,Gujarat
1.7,18.9,55.9,12,2001,Gujarat
0.3,17.2,64.1,1,2002,Gujarat
0.8,22.4,55.9,2,2002,Gujarat
0.5,29.0,53.5,3,2002,Gujarat
1.2,33.5,52.5,4,2002,Gujarat
0.2,34.6,49.0,5,2002,Gujarat
62.0,32.2,50.8,6,2002,Gujarat
39.9,28.1,53.9,7,2002,Gujarat
16.9,28.7,57.0,8,2002,Gujarat
22.4,27.8,57.8,9,2002,Gujarat
0.1,26.1,52.9,10,2002,Gujarat
1.1,21.9,62.5,11,2002,Gujarat
5.7,18.4,63.1,12,2002,Gujarat
0.8,18.3,56.6,1,2003,Gujarat
0.7,22.7,58.7,2,2003,Gujarat
1.8,29.8,53.0,3,2003,Gujarat
0.6,33.9,54.0,4,2003,Gujarat
0.8,35.2,51.1,5,2003,Gujarat
69.5,32.2,56.9,6,2003,Gujarat
40.0,28.3,58.6,7,2003,Gujarat
69.4,27.5,57.1,8,2003,Gujarat
69.3,28.1,57.4,9,2003,Gujarat
1.1,24.2,60.6,10,2003,Gujarat
1.7,22.4,53.9,11,2003,Gujarat
0.4,18.2,60.0,12,2003,Gujarat
0.6,19.8,55.9,1,2004,Gujarat
0.1,25.1,51.9,2,2004,Gujarat
2.8,29.6,53.8,3,2004,Gujarat
0.8,35.7,45.1,4,2004,Gujarat
3.3,35.7,45.0,5,2004,Gujarat
16.1,33.0,53.5,6,2004,Gujarat
39.8,29.4,58.7,7,2004,Gujarat
151.9,27.5,61.3,8,2004,Gujarat
45.3,27.2,56.8,9,2004,Gujarat
1.4,25.2,56.6,10,2004,Gujarat
1.2,23.5,57.5,11,2004,Gujarat
1.5,21.8,57.4,12,2004,Gujarat
0.6,19.8,61.5,1,2005,Gujarat
0.7,23.1,60.2,2,2005,Gujarat
1.1,28.5,55.7,3,2005,Gujarat
0.5,34.6,48.3,4,2005,Gujarat
0.8,34.5,52.6,5,2005,Gujarat
7.9,31.9,53.5,6,2005,Gujarat
37.5,28.8,58.0,7,2005,Gujarat
77.6,27.5,61.3,8,2005,Gujarat
27.1,27.5,55.4,9,2005,Gujarat
0.4,25.1,57.8,10,2005,Gujarat
2.5,20.9,63.0,11,2005,Gujarat
2.5,21.5,56.0,12,2005,Gujarat
0.3,19.1,58.7,1,2006,Gujarat
0.4,22.4,60.0,2,2006,Gujarat
1.4,31.0,54.6,3,2006,Gujarat
0.6,35.6,55.1,4,2006,Gujarat
0.4,34.9,55.9,5,2006,Gujarat
34.9,32.0,52.5,6,2006,Gujarat
74.7,29.8,58.2,7,2006,Gujarat
30.7,28.8,51.3,8,2006,Gujarat
24.7,26.1,60.7,9,2006,Gujarat
0.4,26.7,52.7,10,2006,Gujarat
1.8,23.3,54.3,11,2006,Gujarat
1.1,20.3,56.4,12,2006,Gujarat
0.1,20.5,58.4,1,2007,Gujarat
0.0,22.6,56.9,2,2007,Gujarat
2.1,31.9,55.2,3,2007,Gujarat
1.7,36.5,51.8,4,2007,Gujarat
1.0,36.6,51.6,5,2007,Gujarat
56.6,32.7,54.1,6,2007,Gujarat
18.7,29.5,58.0,7,2007,Gujarat
103.3,28.5,58.8,8,2007,Gujarat
19.8,27.5,59.7,9,2007,Gujarat
1.4,26.8,55.6,10,2007,Gujarat
0.5,23.7,56.7,11,2007,Gujarat
0.3,20.4,64.2,12,2007,Gujarat
0.4,20.1,57.8,1,2008,Gujarat
0.1,22.7,50.8,2,2008,Gujarat
1.6,30.4,57.4,3,2008,Gujarat
2.3,34.7,46.6,4,2008,Gujarat
1.6,35.5,50.9,5,2008,Gujarat
16.8,33.3,51.5,6,2008,Gujarat
13.8,29.5,55.3,7,2008,Gujarat
123.8,28.0,59.2,8,2008,Gujarat
23.0,28.0,60.6,9,2008,Gujarat
1.2,25.4,56.2,10,2008,Gujarat
1.0,23.1,58.3,11,2008,Gujarat
0.6,18.8,53.1,12,2008,Gujarat
0.8,18.8,60.4,1,2009,Gujarat
1.3,23.3,51.5,2,2009,Gujarat
1.2,29.2,53.7,3,2009,Gujarat
0.4,35.9,55.8,4,2009,Gujarat
0.2,35.5,48.5,5,2009,Gujarat
48.6,32.4,53.2,6,2009,Gujarat
16.4,28.3,55.6,7,2009,Gujarat
73.6,30.3,54.1,8,2009,Gujarat
15.3,27.2,54.4,9,2009,Gujarat
0.1,26.2,53.6,10,2009,Gujarat
0.5,22.4,62.8,11,2009,Gujarat
0.0,20.0,58.9,12,2009,Gujarat
0.9,18.5,57.1,1,2010,Gujarat
0.8,22.6,58.9,2,2010,Gujarat
0.9,29.5,54.8,3,2010,Gujarat
0.7,34.2,53.1,4,2010,Gujarat
1.2,36.4,50.7,5,2010,Gujarat
31.5,31.7,51.5,6,2010,Gujarat
96.2,29.4,57.6,7,2010,Gujarat
41.3,27.1,55.9,8,2010,Gujarat
12.6,26.1,52.0,9,2010,Gujarat
0.3,26.4,50.5,10,2010,Gujarat
0.7,22.3,55.4,11,2010,Gujarat
0.6,19.2,63.5,12,2010,Gujarat
0.3,19.8,59.3,1,2011,Gujarat
0.9,23.2,54.3,2,2011,Gujarat
0.1,30.2,51.1,3,2011,Gujarat
0.9,33.6,55.7,4,2011,Gujarat
0.7,34.0,52.1,5,2011,Gujarat
9.7,32.0,49.2,6,2011,Gujarat
71.2,28.9,57.8,7,2011,Gujarat
6.2,27.4,60.3,8,2011,Gujarat
5.8,27.6,57.1,9,2011,Gujarat
0.2,25.5,53.3,10,2011,Gujarat
0.1,22.6,56.1,11,2011,Gujarat
0.7,20.2,55.5,12,2011,Gujarat
0.2,20.4,59.7,1,2012,Gujarat
0.5,20.4,58.8,2,2012,Gujarat
0.9,29.4,49.4,3,2012,Gujarat
0.2,34.3,52.8,4,2012,Gujarat
1.6,35.2,53.4,5,2012,Gujarat
52.8,32.7,51.8,6,2012,Gujarat
23.7,27.9,54.9,7,2012,Gujarat
1.9,27.1,54.5,8,2012,Gujarat
23.0,27.9,54.1,9,2012,Gujarat
0.0,24.7,58.3,10,2012,Gujarat
0.6,21.4,55.9,11,2012,Gujarat
0.7,19.9,58.9,12,2012,Gujarat
0.5,18.4,61.6,1,2013,Gujarat
0.6,22.6,56.6,2,2013,Gujarat
0.5,28.9,46.9,3,2013,Gujarat
0.9,34.8,54.9,4,2013,Gujarat
2.3,33.7,63.6,5,2013,Gujarat
9.4,31.7,50.8,6,2013,Gujarat
60.9,27.7,51.6,7,2013,Gujarat
13.1,28.5,51.8,8,2013,Gujarat
44.4,26.4,52.5,9,2013,Gujarat
1.1,24.8,61.1,10,2013,Gujarat
0.3,22.2,55.7,11,2013,Gujarat
0.4,18.9,56.2,12,2013,Gujarat
1.5,19.9,56.6,1,2014,Gujarat
0.8,23.2,55.0,2,2014,Gujarat
0.6,30.0,51.2,3,2014,Gujarat
1.2,34.5,46.9,4,2014,Gujarat
0.3,36.6,51.3,5,2014,Gujarat
14.5,32.8,49.1,6,2014,Gujarat
20.9,30.0,55.3,7,2014,Gujarat
6.9,28.2,59.0,8,2014,Gujarat
16.8,29.3,60.4,9,2014,Gujarat
0.5,24.2,59.0,10,2014,Gujarat
1.2,23.1,65.4,11,2014,Gujarat
0.3,20.1,68.2,12,2014,Gujarat
1.8,18.5,56.9,1,2015,Gujarat
0.9,20.6,65.8,2,2015,Gujarat
0.6,29.4,52.8,3,2015,Gujarat
0.7,34.8,51.7,4,2015,Gujarat
1.8,35.8,51.2,5,2015,Gujarat
14.1,31.1,52.2,6,2015,Gujarat
55.7,28.7,55.8,7,2015,Gujarat
22.4,26.0,56.5,8,2015,Gujarat
34.4,26.9,55.2,9,2015,Gujarat
0.7,25.0,50.6,10,2015,Gujarat
1.0,22.8,59.6,11,2015,Gujarat
0.2,21.0,58.6,12,2015,Gujarat
1.3,20.3,57.5,1,2016,Gujarat
1.1,23.7,55.9,2,2016,Gujarat
0.5,30.5,53.1,3,2016,Gujarat
1.8,35.5,52.6,4,2016,Gujarat
1.2,36.3,56.6,5,2016,Gujarat
74.9,32.3,57.2,6,2016,Gujarat
112.5,30.3,56.9,7,2016,Gujarat
18.9,29.2,52.4,8,2016,Gujarat
44.0,28.2,50.0,9,2016,Gujarat
0.7,26.4,53.4,10,2016,Gujarat
0.2,23.9,53.0,11,2016,Gujarat
1.6,21.8,53.4,12,2016,Gujarat
3.6,18.6,58.7,1,2017,Gujarat
1.1,21.7,57.3,2,2017,Gujarat
0.6,29.2,52.9,3,2017,Gujarat
0.2,33.6,52.3,4,2017,Gujarat
1.0,34.6,55.4,5,2017,Gujarat
12.2,32.8,52.6,6,2017,Gujarat
95.9,28.4,56.2,7,2017,Gujarat
56.3,26.0,62.8,8,2017,Gujarat
8.0,25.5,56.9,9,2017,Gujarat
0.3,23.3,57.1,10,2017,Gujarat
1.3,21.9,59.6,11,2017,Gujarat
0.8,18.5,57.1,12,2017,Gujarat
0.8,18.2,57.4,1,2018,Gujarat
2.0,22.3,62.4,2,2018,Gujarat
1.6,30.8,50.7,3,2018,Gujarat
0.7,33.3,51.6,4,2018,Gujarat
0.8,35.8,50.0,5,2018,Gujarat
42.6,32.5,55.1,6,2018,Gujarat
33.8,27.8,56.2,7,2018,Gujarat
80.6,27.1,57.9,8,2018,Gujarat
26.4,26.3,54.6,9,2018,Gujarat
0.2,25.3,55.8,10,2018,Gujarat
0.5,21.9,54.5,11,2018,Gujarat
0.6,21.8,63.9,12,2018,Gujarat
0.6,18.7,61.8,1,2019,Gujarat
0.4,22.9,65.8,2,2019,Gujarat
1.1,29.6,53.7,3,2019,Gujarat
0.1,34.6,53.6,4,2019,Gujarat
0.1,36.4,47.8,5,2019,Gujarat
28.9,32.8,54.5,6,2019,Gujarat
111.2,28.3,60.0,7,2019,Gujarat
36.2,28.5,54.0,8,2019,Gujarat
19.8,26.8,53.1,9,2019,Gujarat
1.1,26.0,56.0,10,2019,Gujarat
0.2,22.5,57.6,11,2019,Gujarat
0.7,20.9,61.6,12,2019,Gujarat
1.1,19.6,65.1,1,2020,Gujarat
2.6,21.9,57.0,2,2020,Gujarat
0.8,30.7,56.4,3,2020,Gujarat
0.4,34.8,55.0,4,2020,Gujarat
0.8,34.2,44.0,5,2020,Gujarat
58.6,32.4,54.1,6,2020,Gujarat
69.3,29.8,56.4,7,2020,Gujarat
76.5,28.0,65.0,8,2020,Gujarat
27.6,28.2,52.5,9,2020,Gujarat
1.3,25.8,55.0,10,2020,Gujarat
1.2,22.4,59.0,11,2020,Gujarat
0.5,20.0,51.8,12,2020,Gujarat
1.7,11.9,63.5,1,1997,Haryana
2.0,16.9,57.7,2,1997,Haryana
0.5,29.3,52.0,3,1997,Haryana
1.0,36.1,53.4,4,1997,Haryana
0.6,36.9,47.9,5,1997,Haryana
27.3,32.1,56.6,6,1997,Haryana
27.9,28.3,45.5,7,1997,Haryana
36.3,27.6,47.3,8,1997,Haryana
55.4,24.3,53.5,9,1997,Haryana
0.6,23.3,54.3,10,1997,Haryana
2.2,17.4,54.6,11,1997,Haryana
1.3,13.7,57.1,12,1997,Haryana
1.7,12.2,63.8,1,1998,Haryana
4.1,17.5,55.7,2,1998,Haryana
0.3,29.2,52.7,3,1998,Haryana
1.6,37.5,42.5,4,1998,Haryana
5.6,38.1,46.5,5,1998,Haryana
50.9,33.9,50.0,6,1998,Haryana
71.8,29.1,53.5,7,1998,Haryana
47.9,25.6,55.6,8,1998,Haryana
13.5,25.7,52.9,9,1998,Haryana
0.1,22.2,55.0,10,1998,Haryana
1.3,19.8,56.9,11,1998,Haryana
2.0,15.1,56.8,12,1998,Haryana
0.3,11.4,62.1,1,1999,Haryana
1.3,17.2,57.6,2,1999,Haryana
0.3,28.4,49.6,3,1999,Haryana
2.4,34.5,47.9,4,1999,Haryana
0.5,36.6,46.6,5,1999,Haryana
8.3,31.9,47.0,6,1999,Haryana
42.6,27.4,53.1,7,1999,Haryana
8.2,26.1,50.9,8,1999,Haryana
3.6,24.0,54.9,9,1999,Haryana
0.6,20.6,59.4,10,1999,Haryana
1.5,16.5,58.8,11,1999,Haryana
1.3,10.4,58.8,12,1999,Haryana
1.6,13.1,57.8,1,2000,Haryana
2.3,19.2,49.6,2,2000,Haryana
0.8,28.9,45.5,3,2000,Haryana
0.1,37.3,51.2,4,2000,Haryana
2.8,38.0,46.0,5,2000,Haryana
69.1,32.9,49.7,6,2000,Haryana
55.9,28.0,50.4,7,2000,Haryana
32.9,25.4,52.8,8,2000,Haryana
5.4,26.1,53.0,9,2000,Haryana
2.4,22.7,55.7,10,2000,Haryana
1.2,17.9,53.4,11,2000,Haryana
1.2,12.6,55.8,12,2000,Haryana
0.2,13.1,59.5,1,2001,Haryana
3.0,19.1,55.5,2,2001,Haryana
0.0,29.7,49.2,3,2001,Haryana
0.4,36.8,43.3,4,2001,Haryana
2.1,37.7,41.8,5,2001,Haryana
16.4,33.5,39.3,6,2001,Haryana
32.1,28.0,54.1,7,2001,Haryana
13.9,25.1,57.3,8,2001,Haryana
9.6,26.1,54.5,9,2001,Haryana
0.9,22.6,51.0,10,2001,Haryana
1.5,16.7,52.2,11,2001,Haryana
2.1,13.1,56.3,12,2001,Haryana
1.1,12.3,59.4,1,2002,Haryana
1.2,17.0,54.0,2,2002,Haryana
1.8,29.9,48.3,3,2002,Haryana
1.2,37.3,43.2,4,2002,Haryana
3.6,37.9,45.3,5,2002,Haryana
29.6,33.7,46.0,6,2002,Haryana
9.8,26.9,53.1,7,2002,Haryana
22.9,26.0,53.2,8,2002,Haryana
30.3,24.6,48.1,9,2002,Haryana
0.7,25.3,50.0,10,2002,Haryana
0.3,16.7,53.9,11,2002,Haryana
0.9,12.9,57.7,12,2002,Haryana
0.2,13.5,56.0,1,2003,Haryana
1.6,18.8,57.0,2,2003,Haryana
0.6,29.3,45.8,3,2003,Haryana
0.3,37.0,42.6,4,2003,Haryana
0.6,37.7,46.4,5,2003,Haryana
8.7,33.3,52.0,6,2003,Haryana
32.2,27.7,53.4,7,2003,Haryana
48.2,27.0,57.9,8,2003,Haryana
50.1,26.9,54.5,9,2003,Haryana
0.4,23.5,54.9,10,2003,Haryana
0.9,18.2,53.8,11,2003,Haryana
0.5,13.0,61.9,12,2003,Haryana
1.7,12.0,56.4,1,2004,Haryana
0.4,16.9,54.1,2,2004,Haryana
1.0,29.2,54.9,3,2004,Haryana
0.5,36.5,43.1,4,2004,Haryana
0.6,38.2,48.6,5,2004,Haryana
8.3,33.3,50.6,6,2004,Haryana
82.9,28.3,52.7,7,2004,Haryana
41.2,26.6,55.8,8,2004,Haryana
20.1,24.8,48.1,9,2004,Haryana
0.4,22.3,57.2,10,2004,Haryana
0.9,17.1,55.9,11,2004,Haryana
1.6,13.8,56.0,12,2004,Haryana
1.3,12.5,58.4,1,2005,Haryana
0.8,16.9,55.4,2,2005,Haryana
2.3,27.7,51.1,3,2005,Haryana
1.8,35.4,45.7,4,2005,Haryana
1.3,37.5,44.9,5,2005,Haryana
16.5,33.8,47.1,6,2005,Haryana
46.2,28.0,51.0,7,2005,Haryana
45.5,25.6,52.9,8,2005,Haryana
25.4,24.3,53.5,9,2005,Haryana
0.5,24.7,56.3,10,2005,Haryana
0.5,15.2,55.9,11,2005,Haryana
0.3,11.9,58.7,12,2005,Haryana
1.1,11.9,58.9,1,2006,Haryana
1.9,16.6,55.8,2,2006,Haryana
1.6,29.6,46.0,3,2006,Haryana
0.3,37.2,48.9,4,2006,Haryana
0.4,36.9,44.0,5,2006,Haryana
42.5,32.0,58.4,6,2006,Haryana
71.3,28.4,56.9,7,2006,Haryana
77.4,27.5,56.3,8,2006,Haryana
19.5,26.5,46.7,9,2006,Haryana
0.1,23.0,53.9,10,2006,Haryana
0.5,16.6,55.7,11,2006,Haryana
0.5,13.9,56.8,12,2006,Haryana
0.5,12.6,58.4,1,2007,Haryana
0.5,18.0,53.4,2,2007,Haryana
0.8,28.9,50.0,3,2007,Haryana
0.6,35.9,42.8,4,2007,Haryana
0.8,37.1,40.7,5,2007,Haryana
12.5,32.2,53.6,6,2007,Haryana
37.0,26.9,50.7,7,2007,Haryana
21.2,25.7,47.9,8,2007,Haryana
20.9,24.5,50.5,9,2007,Haryana
0.7,23.4,53.5,10,2007,Haryana
0.7,16.4,52.4,11,2007,Haryana
0.4,13.6,61.4,12,2007,Haryana
3.6,11.7,64.8,1,2008,Haryana
0.2,16.9,56.8,2,2008,Haryana
0.5,28.1,49.2,3,2008,Haryana
0.8,36.8,45.2,4,2008,Haryana
8.3,38.1,44.1,5,2008,Haryana
102.7,33.1,44.2,6,2008,Haryana
16.1,27.5,51.5,7,2008,Haryana
215.8,26.6,56.5,8,2008,Haryana
50.3,25.1,49.5,9,2008,Haryana
3.7,22.2,53.3,10,2008,Haryana
2.1,16.4,57.7,11,2008,Haryana
4.2,14.6,54.9,12,2008,Haryana
1.1,13.2,58.8,1,2009,Haryana
0.8,18.1,54.8,2,2009,Haryana
0.3,27.9,49.0,3,2009,Haryana
0.6,36.8,48.7,4,2009,Haryana
0.6,38.0,44.1,5,2009,Haryana
21.7,33.5,51.5,6,2009,Haryana
34.1,26.9,53.1,7,2009,Haryana
22.6,24.6,56.0,8,2009,Haryana
32.4,24.4,52.6,9,2009,Haryana
1.8,22.4,61.1,10,2009,Haryana
0.2,16.7,55.3,11,2009,Haryana
0.5,14.4,54.4,12,2009,Haryana
2.5,12.5,55.7,1,2010,Haryana
1.6,18.5,51.4,2,2010,Haryana
0.2,29.8,48.4,3,2010,Haryana
0.7,35.8,46.4,4,2010,Haryana
0.9,37.2,49.9,5,2010,Haryana
18.2,34.3,47.2,6,2010,Haryana
61.7,28.2,53.9,7,2010,Haryana
10.2,27.0,52.3,8,2010,Haryana
14.0,25.1,54.4,9,2010,Haryana
2.9,23.3,49.7,10,2010,Haryana
0.6,18.5,62.9,11,2010,Haryana
1.6,13.7,55.7,12,2010,Haryana
3.2,12.1,53.8,1,2011,Haryana
0.6,18.8,56.4,2,2011,Haryana
0.1,28.5,50.5,3,2011,Haryana
0.7,35.9,50.8,4,2011,Haryana
4.4,38.2,42.6,5,2011,Haryana
10.6,32.8,49.4,6,2011,Haryana
82.8,27.6,55.0,7,2011,Haryana
36.2,25.0,59.2,8,2011,Haryana
31.2,23.6,56.6,9,2011,Haryana
0.4,23.2,51.0,10,2011,Haryana
0.6,17.8,57.6,11,2011,Haryana
1.3,13.3,60.5,12,2011,Haryana
0.5,12.2,58.8,1,2012,Haryana
2.0,18.9,55.2,2,2012,Haryana
0.8,28.7,54.2,3,2012,Haryana
0.3,37.8,42.0,4,2012,Haryana
2.1,37.4,41.9,5,2012,Haryana
34.6,32.9,50.9,6,2012,Haryana
66.2,27.6,53.5,7,2012,Haryana
21.4,25.7,54.9,8,2012,Haryana
30.6,25.9,50.9,9,2012,Haryana
1.0,24.2,53.6,10,2012,Haryana
0.5,17.0,56.3,11,2012,Haryana
0.1,12.6,55.3,12,2012,Haryana
0.3,11.5,65.3,1,2013,Haryana
1.0,16.7,60.5,2,2013,Haryana
2.4,30.1,48.4,3,2013,Haryana
0.5,37.9,55.1,4,2013,Haryana
2.8,38.1,41.5,5,2013,Haryana
83.8,31.2,52.1,6,2013,Haryana
35.8,27.1,53.1,7,2013,Haryana
8.7,26.0,58.9,8,2013,Haryana
34.6,23.9,48.0,9,2013,Haryana
0.9,22.6,52.9,10,2013,Haryana
1.3,16.9,58.9,11,2013,Haryana
1.6,13.4,54.1,12,2013,Haryana
1.9,13.2,61.4,1,2014,Haryana
1.6,18.2,54.4,2,2014,Haryana
1.3,29.9,51.2,3,2014,Haryana
1.6,37.4,46.6,4,2014,Haryana
0.8,37.4,43.9,5,2014,Haryana
44.0,33.7,58.3,6,2014,Haryana
45.8,27.5,49.5,7,2014,Haryana
38.6,26.6,53.1,8,2014,Haryana
107.3,25.8,49.6,9,2014,Haryana
0.5,22.9,55.0,10,2014,Haryana
1.4,17.4,53.6,11,2014,Haryana
0.8,14.4,57.9,12,2014,Haryana
2.2,13.1,60.5,1,2015,Haryana
0.4,17.0,58.1,2,2015,Haryana
0.6,29.2,56.1,3,2015,Haryana
1.0,35.3,46.8,4,2015,Haryana
1.9,37.3,42.6,5,2015,Haryana
26.0,33.5,42.2,6,2015,Haryana
36.2,27.2,57.2,7,2015,Haryana
22.1,27.0,51.6,8,2015,Haryana
37.0,25.7,57.8,9,2015,Haryana
1.5,22.6,57.0,10,2015,Haryana
1.1,15.8,56.5,11,2015,Haryana
1.2,12.3,53.8,12,2015,Haryana
1.8,12.3,58.6,1,2016,Haryana
0.3,17.8,53.5,2,2016,Haryana
1.5,29.6,51.5,3,2016,Haryana
1.5,36.8,46.3,4,2016,Haryana
1.0,39.6,45.2,5,2016,Haryana
11.9,33.5,49.1,6,2016,Haryana
63.1,27.9,52.6,7,2016,Haryana
14.9,26.6,44.6,8,2016,Haryana
32.8,26.1,58.1,9,2016,Haryana
0.5,22.7,45.1,10,2016,Haryana
0.2,17.0,54.6,11,2016,Haryana
1.5,14.2,63.9,12,2016,Haryana
0.7,12.1,52.5,1,2017,Haryana
0.5,17.7,47.9,2,2017,Haryana
1.3,28.9,50.8,3,2017,Haryana
0.6,37.1,43.8,4,2017,Haryana
2.0,39.3,43.4,5,2017,Haryana
32.3,32.5,43.9,6,2017,Haryana
55.2,27.6,54.9,7,2017,Haryana
32.7,26.1,53.5,8,2017,Haryana
31.4,26.0,51.5,9,2017,Haryana
1.0,23.1,54.0,10,2017,Haryana
1.9,18.4,55.0,11,2017,Haryana
2.3,13.2,57.3,12,2017,Haryana
1.6,12.5,57.1,1,2018,Haryana
0.3,17.6,55.6,2,2018,Haryana
2.0,28.7,50.3,3,2018,Haryana
0.3,37.7,43.8,4,2018,Haryana
1.3,38.1,45.4,5,2018,Haryana
5.8,33.2,46.8,6,2018,Haryana
17.8,28.4,53.3,7,2018,Haryana
39.7,26.6,54.8,8,2018,Haryana
21.8,23.9,49.8,9,2018,Haryana
0.5,22.9,54.3,10,2018,Haryana
1.7,18.0,58.0,11,2018,Haryana
1.7,13.4,55.2,12,2018,Haryana
0.0,12.3,58.8,1,2019,Haryana
0.8,17.3,58.5,2,2019,Haryana
0.3,28.6,50.5,3,2019,Haryana
0.9,38.5,48.9,4,2019,Haryana
0.2,38.8,47.0,5,2019,Haryana
8.4,32.1,49.5,6,2019,Haryana
26.6,27.9,54.0,7,2019,Haryana
62.4,26.7,54.1,8,2019,Haryana
32.6,24.9,47.0,9,2019,Haryana
0.6,23.5,49.5,10,2019,Haryana
1.8,17.3,57.6,11,2019,Haryana
0.4,13.2,50.2,12,2019,Haryana
1.0,12.2,58.4,1,2020,Haryana
0.4,17.0,56.1,2,2020,Haryana
1.4,29.9,44.6,3,2020,Haryana
0.8,37.2,49.7,4,2020,Haryana
1.0,38.0,43.5,5,2020,Haryana
59.4,34.0,49.4,6,2020,Haryana
10.9,28.6,47.9,7,2020,Haryana
14.7,25.7,53.7,8,2020,Haryana
57.6,24.8,54.0,9,2020,Haryana
0.6,24.4,53.8,10,2020,Haryana
1.2,18.1,51.3,11,2020,Haryana
1.1,13.5,57.5,12,2020,Haryana
2.1,1.8,67.4,1,1997,Himachal Pradesh
0.7,6.6,61.3,2,1997,Himachal Pradesh
0.7,17.7,58.7,3,1997,Himachal Pradesh
0.3,24.0,55.6,4,1997,Himachal Pradesh
5.0,24.9,59.1,5,1997,Himachal Pradesh
24.8,21.7,58.5,6,1997,Himachal Pradesh
25.0,17.1,58.7,7,1997,Himachal Pradesh
53.0,15.4,63.4,8,1997,Himachal Pradesh
29.0,14.2,60.0,9,1997,Himachal Pradesh
3.9,12.7,59.5,10,1997,Himachal Pradesh
4.6,6.6,68.3,11,1997,Himachal Pradesh
4.1,2.4,64.4,12,1997,Himachal Pradesh
5.9,2.4,64.7,1,1998,Himachal Pradesh
5.0,6.6,65.9,2,1998,Himachal Pradesh
4.2,17.2,57.5,3,1998,Himachal Pradesh
4.3,25.0,51.4,4,1998,Himachal Pradesh
5.9,26.2,52.5,5,1998,Himachal Pradesh
31.4,22.9,51.4,6,1998,Himachal Pradesh
88.6,17.7,61.2,7,1998,Himachal Pradesh
41.6,14.9,58.8,8,1998,Himachal Pradesh
9.1,14.3,56.4,9,1998,Himachal Pradesh
0.0,12.1,60.2,10,1998,Himachal Pradesh
12.9,6.7,71.8,11,1998,Himachal Pradesh
4.5,3.2,62.9,12,1998,Himachal Pradesh
5.1,1.4,70.1,1,1999,Himachal Pradesh
2.0,7.1,68.0,2,1999,Himachal Pradesh
1.9,18.7,57.0,3,1999,Himachal Pradesh
3.1,27.3,53.0,4,1999,Himachal Pradesh
1.9,27.4,52.6,5,1999,Himachal Pradesh
65.1,22.4,62.8,6,1999,Himachal Pradesh
56.7,16.2,52.1,7,1999,Himachal Pradesh
100.2,15.7,66.8,8,1999,Himachal Pradesh
11.3,14.5,60.7,9,1999,Himachal Pradesh
2.0,13.3,59.8,10,1999,Himachal Pradesh
6.0,7.8,65.7,11,1999,Himachal Pradesh
1.4,3.8,62.8,12,1999,Himachal Pradesh
1.1,2.0,66.9,1,2000,Himachal Pradesh
1.2,6.3,63.3,2,2000,Himachal Pradesh
7.3,17.0,61.5,3,2000,Himachal Pradesh
3.0,26.4,56.5,4,2000,Himachal Pradesh
18.0,24.0,55.9,5,2000,Himachal Pradesh
81.3,21.2,63.4,6,2000,Himachal Pradesh
88.0,17.0,64.0,7,2000,Himachal Pradesh
83.3,15.6,62.9,8,2000,Himachal Pradesh
39.4,14.1,65.1,9,2000,Himachal Pradesh
4.3,12.3,67.4,10,2000,Himachal Pradesh
8.3,6.5,64.5,11,2000,Himachal Pradesh
1.8,3.9,70.3,12,2000,Himachal Pradesh
0.7,3.1,70.2,1,2001,Himachal Pradesh
8.2,7.9,65.3,2,2001,Himachal Pradesh
4.1,19.1,55.1,3,2001,Himachal Pradesh
5.1,25.7,51.6,4,2001,Himachal Pradesh
2.0,27.5,55.1,5,2001,Himachal Pradesh
9.0,21.9,54.0,6,2001,Himachal Pradesh
76.0,16.2,61.9,7,2001,Himachal Pradesh
35.4,17.2,59.1,8,2001,Himachal Pradesh
58.6,15.8,61.1,9,2001,Himachal Pradesh
16.9,12.3,59.0,10,2001,Himachal Pradesh
5.8,7.5,63.8,11,2001,Himachal Pradesh
4.0,5.5,68.8,12,2001,Himachal Pradesh
7.3,3.9,61.1,1,2002,Himachal Pradesh
2.6,8.0,57.4,2,2002,Himachal Pradesh
4.9,19.1,57.7,3,2002,Himachal Pradesh
2.6,24.6,56.8,4,2002,Himachal Pradesh
7.6,26.0,52.6,5,2002,Himachal Pradesh
41.1,21.3,59.2,6,2002,Himachal Pradesh
38.8,17.7,59.7,7,2002,Himachal Pradesh
15.7,15.8,62.1,8,2002,Himachal Pradesh
85.8,14.6,57.4,9,2002,Himachal Pradesh
3.2,11.8,61.4,10,2002,Himachal Pradesh
4.1,8.5,59.1,11,2002,Himachal Pradesh
2.8,4.1,64.3,12,2002,Himachal Pradesh
10.4,3.4,63.5,1,2003,Himachal Pradesh
3.4,6.8,66.1,2,2003,Himachal Pradesh
2.3,19.2,55.1,3,2003,Himachal Pradesh
2.1,27.0,55.6,4,2003,Himachal Pradesh
3.6,26.8,50.2,5,2003,Himachal Pradesh
21.7,23.3,54.1,6,2003,Himachal Pradesh
67.8,17.3,65.5,7,2003,Himachal Pradesh
77.9,17.3,56.8,8,2003,Himachal Pradesh
34.2,14.5,63.7,9,2003,Himachal Pradesh
5.3,12.6,56.4,10,2003,Himachal Pradesh
3.9,9.3,60.3,11,2003,Himachal Pradesh
6.3,5.3,66.7,12,2003,Himachal Pradesh
5.4,3.6,63.3,1,2004,Himachal Pradesh
2.8,8.4,62.7,2,2004,Himachal Pradesh
9.8,18.0,59.0,3,2004,Himachal Pradesh
13.2,26.7,60.5,4,2004,Himachal Pradesh
6.0,26.2,51.8,5,2004,Himachal Pradesh
10.6,23.3,51.4,6,2004,Himachal Pradesh
122.3,18.4,66.4,7,2004,Himachal Pradesh
63.5,16.2,61.5,8,2004,Himachal Pradesh
7.0,16.2,61.6,9,2004,Himachal Pradesh
1.9,12.9,59.3,10,2004,Himachal Pradesh
1.5,7.7,62.8,11,2004,Himachal Pradesh
2.2,4.0,66.1,12,2004,Himachal Pradesh
5.9,2.8,65.1,1,2005,Himachal Pradesh
3.5,8.4,61.2,2,2005,Himachal Pradesh
6.0,19.2,56.9,3,2005,Himachal Pradesh
1.6,26.5,55.0,4,2005,Himachal Pradesh
2.3,28.0,49.0,5,2005,Himachal Pradesh
26.4,21.9,62.7,6,2005,Himachal Pradesh
71.8,16.9,60.6,7,2005,Himachal Pradesh
104.7,17.2,63.2,8,2005,Himachal Pradesh
27.6,15.4,56.2,9,2005,Himachal Pradesh
11.7,13.5,59.7,10,2005,Himachal Pradesh
2.1,9.5,73.0,11,2005,Himachal Pradesh
3.6,5.5,62.1,12,2005,Himachal Pradesh
2.6,3.6,68.4,1,2006,Himachal Pradesh
4.1,9.0,64.0,2,2006,Himachal Pradesh
9.4,18.9,63.7,3,2006,Himachal Pradesh
3.4,26.7,55.4,4,2006,Himachal Pradesh
4.6,26.9,59.6,5,2006,Himachal Pradesh
21.4,21.1,55.7,6,2006,Himachal Pradesh
43.4,15.9,62.6,7,2006,Himachal Pradesh
50.5,14.8,64.9,8,2006,Himachal Pradesh
63.5,14.2,66.8,9,2006,Himachal Pradesh
7.5,14.6,62.8,10,2006,Himachal Pradesh
7.0,7.0,60.1,11,2006,Himachal Pradesh
4.7,4.4,65.4,12,2006,Himachal Pradesh
2.8,3.5,65.8,1,2007,Himachal Pradesh
5.2,7.0,66.2,2,2007,Himachal Pradesh
2.1,18.9,57.5,3,2007,Himachal Pradesh
4.9,26.3,59.4,4,2007,Himachal Pradesh
6.1,27.3,58.1,5,2007,Himachal Pradesh
38.3,23.1,62.3,6,2007,Himachal Pradesh
50.5,18.4,63.2,7,2007,Himachal Pradesh
60.7,17.0,60.6,8,2007,Himachal Pradesh
29.4,15.2,58.3,9,2007,Himachal Pradesh
0.3,13.2,60.5,10,2007,Himachal Pradesh
4.4,9.6,61.9,11,2007,Himachal Pradesh
0.4,3.8,58.8,12,2007,Himachal Pradesh
2.4,4.8,64.6,1,2008,Himachal Pradesh
0.8,6.8,62.4,2,2008,Himachal Pradesh
3.7,19.1,64.7,3,2008,Himachal Pradesh
1.1,27.4,53.7,4,2008,Himachal Pradesh
2.7,27.2,53.4,5,2008,Himachal Pradesh
20.0,23.0,55.5,6,2008,Himachal Pradesh
85.6,18.9,62.0,7,2008,Himachal Pradesh
29.2,16.3,56.9,8,2008,Himachal Pradesh
23.7,15.3,59.1,9,2008,Himachal Pradesh
2.5,14.4,62.5,10,2008,Himachal Pradesh
0.6,8.2,68.2,11,2008,Himachal Pradesh
3.0,5.3,65.9,12,2008,Himachal Pradesh
15.1,2.7,69.1,1,2009,Himachal Pradesh
3.5,8.1,56.2,2,2009,Himachal Pradesh
24.5,17.6,59.6,3,2009,Himachal Pradesh
2.3,24.9,48.6,4,2009,Himachal Pradesh
2.0,26.6,54.8,5,2009,Himachal Pradesh
57.0,22.1,61.1,6,2009,Himachal Pradesh
87.8,17.5,63.8,7,2009,Himachal Pradesh
156.2,17.2,66.1,8,2009,Himachal Pradesh
50.8,13.3,62.3,9,2009,Himachal Pradesh
9.7,12.2,57.7,10,2009,Himachal Pradesh
13.4,8.7,63.6,11,2009,Himachal Pradesh
3.4,2.9,62.6,12,2009,Himachal Pradesh
2.0,2.7,62.9,1,2010,Himachal Pradesh
2.9,7.5,67.2,2,2010,Himachal Pradesh
6.1,18.4,59.1,3,2010,Himachal Pradesh
0.5,25.9,58.3,4,2010,Himachal Pradesh
3.2,27.2,55.0,5,2010,Himachal Pradesh
100.8,22.1,60.4,6,2010,Himachal Pradesh
37.1,17.6,60.6,7,2010,Himachal Pradesh
127.6,17.6,63.2,8,2010,Himachal Pradesh
26.1,15.1,57.7,9,2010,Himachal Pradesh
1.3,11.8,63.1,10,2010,Himachal Pradesh
3.2,6.0,65.8,11,2010,Himachal Pradesh
1.1,3.5,66.2,12,2010,Himachal Pradesh
2.6,1.6,64.3,1,2011,Himachal Pradesh
2.4,7.7,61.7,2,2011,Himachal Pradesh
8.2,19.4,50.4,3,2011,Himachal Pradesh
4.2,25.0,53.5,4,2011,Himachal Pradesh
3.0,26.2,51.1,5,2011,Himachal Pradesh
9.0,21.8,65.9,6,2011,Himachal Pradesh
32.3,16.8,59.5,7,2011,Himachal Pradesh
34.3,14.8,64.8,8,2011,Himachal Pradesh
175.5,13.7,67.8,9,2011,Himachal Pradesh
3.3,12.5,62.8,10,2011,Himachal Pradesh
6.1,7.6,64.4,11,2011,Himachal Pradesh
2.3,5.4,59.8,12,2011,Himachal Pradesh
7.9,2.4,71.5,1,2012,Himachal Pradesh
12.3,8.3,63.5,2,2012,Himachal Pradesh
6.3,19.2,56.8,3,2012,Himachal Pradesh
3.6,24.8,53.4,4,2012,Himachal Pradesh
10.4,27.6,51.4,5,2012,Himachal Pradesh
29.3,23.5,58.8,6,2012,Himachal Pradesh
162.0,17.1,69.8,7,2012,Himachal Pradesh
19.2,17.8,56.7,8,2012,Himachal Pradesh
19.4,16.5,59.4,9,2012,Himachal Pradesh
7.1,13.0,59.4,10,2012,Himachal Pradesh
8.2,7.2,61.0,11,2012,Himachal Pradesh
3.4,4.7,69.0,12,2012,Himachal Pradesh
4.5,2.8,65.6,1,2013,Himachal Pradesh
0.6,7.1,68.0,2,2013,Himachal Pradesh
5.4,19.0,55.1,3,2013,Himachal Pradesh
5.1,25.5,55.1,4,2013,Himachal Pradesh
6.3,27.0,51.8,5,2013,Himachal Pradesh
62.5,21.6,58.8,6,2013,Himachal Pradesh
34.1,18.4,64.5,7,2013,Himachal Pradesh
36.7,16.5,60.0,8,2013,Himachal Pradesh
52.6,15.5,64.1,9,2013,Himachal Pradesh
3.8,12.4,59.1,10,2013,Himachal Pradesh
8.9,7.8,68.4,11,2013,Himachal Pradesh
5.1,4.1,65.5,12,2013,Himachal Pradesh
4.3,3.7,59.6,1,2014,Himachal Pradesh
6.1,7.6,61.5,2,2014,Himachal Pradesh
9.0,16.8,60.3,3,2014,Himachal Pradesh
4.0,27.3,48.2,4,2014,Himachal Pradesh
5.0,28.1,54.9,5,2014,Himachal Pradesh
5.7,22.0,55.8,6,2014,Himachal Pradesh
95.5,17.7,61.9,7,2014,Himachal Pradesh
101.0,16.3,63.3,8,2014,Himachal Pradesh
17.4,14.7,59.3,9,2014,Himachal Pradesh
4.6,13.5,57.4,10,2014,Himachal Pradesh
1.7,8.1,61.4,11,2014,Himachal Pradesh
17.0,4.0,68.2,12,2014,Himachal Pradesh
0.8,4.0,68.3,1,2015,Himachal Pradesh
10.7,8.2,61.3,2,2015,Himachal Pradesh
2.7,18.4,58.3,3,2015,Himachal Pradesh
5.2,26.1,54.8,4,2015,Himachal Pradesh
6.9,29.1,52.8,5,2015,Himachal Pradesh
50.7,24.7,57.0,6,2015,Himachal Pradesh
113.3,17.9,61.5,7,2015,Himachal Pradesh
63.0,17.9,65.3,8,2015,Himachal Pradesh
59.7,16.8,62.6,9,2015,Himachal Pradesh
5.2,13.6,59.1,10,2015,Himachal Pradesh
9.8,9.5,60.5,11,2015,Himachal Pradesh
6.0,5.0,63.1,12,2015,Himachal Pradesh
8.6,3.3,63.8,1,2016,Himachal Pradesh
2.1,7.3,61.0,2,2016,Himachal Pradesh
6.3,18.7,56.6,3,2016,Himachal Pradesh
8.8,25.7,58.9,4,2016,Himachal Pradesh
8.2,27.4,57.7,5,2016,Himachal Pradesh
32.0,21.5,60.6,6,2016,Himachal Pradesh
178.0,16.2,70.7,7,2016,Himachal Pradesh
90.4,15.8,62.2,8,2016,Himachal Pradesh
32.5,15.4,59.9,9,2016,Himachal Pradesh
13.4,12.4,59.4,10,2016,Himachal Pradesh
7.2,7.0,71.4,11,2016,Himachal Pradesh
6.8,3.2,69.2,12,2016,Himachal Pradesh
2.5,3.1,70.2,1,2017,Himachal Pradesh
7.9,9.1,64.4,2,2017,Himachal Pradesh
3.0,21.1,56.0,3,2017,Himachal Pradesh
1.2,26.4,57.7,4,2017,Himachal Pradesh
7.0,27.9,46.0,5,2017,Himachal Pradesh
97.3,22.7,63.0,6,2017,Himachal Pradesh
55.5,18.4,61.0,7,2017,Himachal Pradesh
23.6,17.5,62.7,8,2017,Himachal Pradesh
25.0,15.8,58.6,9,2017,Himachal Pradesh
1.7,14.7,58.1,10,2017,Himachal Pradesh
3.7,9.2,65.4,11,2017,Himachal Pradesh
4.7,5.1,62.3,12,2017,Himachal Pradesh
22.7,2.4,71.8,1,2018,Himachal Pradesh
6.3,7.5,65.6,2,2018,Himachal Pradesh
4.2,18.6,56.8,3,2018,Himachal Pradesh
13.4,26.4,53.9,4,2018,Himachal Pradesh
4.1,26.4,55.0,5,2018,Himachal Pradesh
12.3,21.6,58.2,6,2018,Himachal Pradesh
52.5,16.9,65.6,7,2018,Himachal Pradesh
215.6,16.6,70.2,8,2018,Himachal Pradesh
57.7,16.4,63.3,9,2018,Himachal Pradesh
4.2,12.1,63.0,10,2018,Himachal Pradesh
6.1,8.0,64.5,11,2018,Himachal Pradesh
9.6,4.3,66.2,12,2018,Himachal Pradesh
4.9,1.8,64.7,1,2019,Himachal Pradesh
5.1,8.7,59.1,2,2019,Himachal Pradesh
4.3,17.0,62.7,3,2019,Himachal Pradesh
7.3,26.4,54.2,4,2019,Himachal Pradesh
3.8,26.8,58.2,5,2019,Himachal Pradesh
41.4,22.8,59.6,6,2019,Himachal Pradesh
33.9,17.7,52.9,7,2019,Himachal Pradesh
39.5,15.4,64.2,8,2019,Himachal Pradesh
63.4,15.5,58.7,9,2019,Himachal Pradesh
8.7,12.3,58.6,10,2019,Himachal Pradesh
5.6,5.7,66.1,11,2019,Himachal Pradesh
3.0,3.7,69.0,12,2019,Himachal Pradesh
2.1,3.6,65.3,1,2020,Himachal Pradesh
7.0,9.0,61.2,2,2020,Himachal Pradesh
3.5,19.7,59.4,3,2020,Himachal Pradesh
3.5,25.5,56.1,4,2020,Himachal Pradesh
3.4,27.6,54.4,5,2020,Himachal Pradesh
28.9,22.9,57.1,6,2020,Himachal Pradesh
40.6,18.0,61.6,7,2020,Himachal Pradesh
110.0,15.8,68.2,8,2020,Himachal Pradesh
20.3,15.3,61.3,9,2020,Himachal Pradesh
7.5,12.2,63.8,10,2020,Himachal Pradesh
5.5,8.2,62.4,11,2020,Himachal Pradesh
3.4,6.1,63.9,12,2020,Himachal Pradesh
14.6,-1.3,61.0,1,1997,Jammu and Kashmir
5.9,4.7,53.9,2,1997,Jammu and Kashmir
4.4,17.0,51.2,3,1997,Jammu and Kashmir
2.9,25.9,46.7,4,1997,Jammu and Kashmir
2.9,26.2,51.5,5,1997,Jammu and Kashmir
27.5,21.3,47.3,6,1997,Jammu and Kashmir
61.4,15.6,56.2,7,1997,Jammu and Kashmir
58.1,13.2,62.2,8,1997,Jammu and Kashmir
21.5,12.4,49.1,9,1997,Jammu and Kashmir
2.5,10.6,57.4,10,1997,Jammu and Kashmir
6.8,4.1,56.3,11,1997,Jammu and Kashmir
2.3,0.9,57.7,12,1997,Jammu and Kashmir
7.2,-1.0,59.9,1,1998,Jammu and Kashmir
0.8,4.4,63.1,2,1998,Jammu and Kashmir
3.5,17.9,57.6,3,1998,Jammu and Kashmir
4.7,25.3,46.4,4,1998,Jammu and Kashmir
6.4,25.6,49.2,5,1998,Jammu and Kashmir
54.2,20.9,47.6,6,1998,Jammu and Kashmir
39.8,15.6,52.1,7,1998,Jammu and Kashmir
14.8,14.2,52.9,8,1998,Jammu and Kashmir
20.5,12.5,57.7,9,1998,Jammu and Kashmir
1.7,9.9,60.4,10,1998,Jammu and Kashmir
12.0,4.8,56.7,11,1998,Jammu and Kashmir
13.1,-0.5,60.6,12,1998,Jammu and Kashmir
4.6,-0.9,56.8,1,1999,Jammu and Kashmir
5.3,3.6,54.0,2,1999,Jammu and Kashmir
6.9,16.4,51.5,3,1999,Jammu and Kashmir
6.9,25.3,50.4,4,1999,Jammu and Kashmir
6.7,26.4,48.3,5,1999,Jammu and Kashmir
22.8,21.4,54.7,6,1999,Jammu and Kashmir
17.7,17.5,54.8,7,1999,Jammu and Kashmir
24.2,13.6,53.8,8,1999,Jammu and Kashmir
3.5,12.9,56.6,9,1999,Jammu and Kashmir
0.5,11.4,53.6,10,1999,Jammu and Kashmir
6.1,6.9,59.3,11,1999,Jammu and Kashmir
2.2,1.1,60.3,12,1999,Jammu and Kashmir
5.0,0.1,64.4,1,2000,Jammu and Kashmir
2.8,6.1,61.4,2,2000,Jammu and Kashmir
15.5,17.5,54.9,3,2000,Jammu and Kashmir
17.7,26.7,51.5,4,2000,Jammu and Kashmir
2.8,28.0,45.2,5,2000,Jammu and Kashmir
68.7,21.8,54.2,6,2000,Jammu and Kashmir
32.7,15.9,55.1,7,2000,Jammu and Kashmir
7.7,14.3,53.8,8,2000,Jammu and Kashmir
25.5,13.2,58.1,9,2000,Jammu and Kashmir
4.6,10.2,57.8,10,2000,Jammu and Kashmir
3.7,5.0,59.5,11,2000,Jammu and Kashmir
7.2,0.8,58.6,12,2000,Jammu and Kashmir
4.2,-1.7,61.8,1,2001,Jammu and Kashmir
3.3,4.5,57.1,2,2001,Jammu and Kashmir
3.5,16.2,56.9,3,2001,Jammu and Kashmir
5.7,24.5,45.7,4,2001,Jammu and Kashmir
2.8,27.8,50.9,5,2001,Jammu and Kashmir
5.9,21.4,55.8,6,2001,Jammu and Kashmir
21.3,16.8,56.3,7,2001,Jammu and Kashmir
48.2,14.7,58.5,8,2001,Jammu and Kashmir
25.7,13.7,59.5,9,2001,Jammu and Kashmir
3.4,9.9,55.0,10,2001,Jammu and Kashmir
7.2,3.6,59.0,11,2001,Jammu and Kashmir
11.5,0.1,61.1,12,2001,Jammu and Kashmir
0.8,-1.7,64.5,1,2002,Jammu and Kashmir
2.1,4.7,53.5,2,2002,Jammu and Kashmir
3.8,17.4,50.9,3,2002,Jammu and Kashmir
3.3,24.5,51.3,4,2002,Jammu and Kashmir
4.3,27.9,45.8,5,2002,Jammu and Kashmir
20.4,21.6,48.9,6,2002,Jammu and Kashmir
13.5,17.4,51.3,7,2002,Jammu and Kashmir
7.5,14.9,47.9,8,2002,Jammu and Kashmir
10.0,13.3,55.1,9,2002,Jammu and Kashmir
1.7,11.3,54.1,10,2002,Jammu and Kashmir
12.2,5.1,57.5,11,2002,Jammu and Kashmir
5.3,-0.6,57.0,12,2002,Jammu and Kashmir
20.6,-1.2,64.9,1,2003,Jammu and Kashmir
9.9,6.3,56.0,2,2003,Jammu and Kashmir
14.0,18.3,50.1,3,2003,Jammu and Kashmir
3.1,25.3,48.4,4,2003,Jammu and Kashmir
3.6,26.9,49.4,5,2003,Jammu and Kashmir
65.6,22.3,52.3,6,2003,Jammu and Kashmir
76.6,16.1,57.9,7,2003,Jammu and Kashmir
87.6,15.6,56.7,8,2003,Jammu and Kashmir
29.3,13.0,54.9,9,2003,Jammu and Kashmir
7.5,9.5,60.5,10,2003,Jammu and Kashmir
4.3,4.1,58.5,11,2003,Jammu and Kashmir
22.9,1.1,59.6,12,2003,Jammu and Kashmir
1.3,-1.5,63.3,1,2004,Jammu and Kashmir
6.2,5.0,60.7,2,2004,Jammu and Kashmir
7.0,17.8,53.5,3,2004,Jammu and Kashmir
1.2,25.3,49.6,4,2004,Jammu and Kashmir
2.7,27.5,49.5,5,2004,Jammu and Kashmir
34.5,22.3,53.8,6,2004,Jammu and Kashmir
85.9,16.7,59.3,7,2004,Jammu and Kashmir
68.1,14.3,55.6,8,2004,Jammu and Kashmir
24.8,12.6,51.1,9,2004,Jammu and Kashmir
2.7,9.2,55.3,10,2004,Jammu and Kashmir
3.7,3.6,61.3,11,2004,Jammu and Kashmir
4.3,0.7,64.6,12,2004,Jammu and Kashmir
17.4,-0.4,58.1,1,2005,Jammu and Kashmir
8.0,7.0,58.9,2,2005,Jammu and Kashmir
3.9,17.7,55.5,3,2005,Jammu and Kashmir
20.7,26.4,48.1,4,2005,Jammu and Kashmir
6.6,27.9,49.4,5,2005,Jammu and Kashmir
77.1,22.4,48.4,6,2005,Jammu and Kashmir
13.7,17.0,55.5,7,2005,Jammu and Kashmir
18.1,14.3,56.5,8,2005,Jammu and Kashmir
19.2,14.1,55.6,9,2005,Jammu and Kashmir
3.1,12.4,66.7,10,2005,Jammu and Kashmir
0.7,5.4,57.7,11,2005,Jammu and Kashmir
3.7,2.0,64.5,12,2005,Jammu and Kashmir
3.8,-0.2,59.2,1,2006,Jammu and Kashmir
6.1,4.6,61.8,2,2006,Jammu and Kashmir
1.1,17.5,50.0,3,2006,Jammu and Kashmir
8.9,26.8,46.7,4,2006,Jammu and Kashmir
2.0,26.3,45.3,5,2006,Jammu and Kashmir
1.2,21.3,49.4,6,2006,Jammu and Kashmir
62.0,15.8,56.2,7,2006,Jammu and Kashmir
16.1,14.9,52.4,8,2006,Jammu and Kashmir
36.4,13.2,57.2,9,2006,Jammu and Kashmir
8.7,9.9,57.7,10,2006,Jammu and Kashmir
10.1,4.7,56.3,11,2006,Jammu and Kashmir
5.8,1.0,66.8,12,2006,Jammu and Kashmir
3.6,-2.5,58.9,1,2007,Jammu and Kashmir
6.6,3.8,57.4,2,2007,Jammu and Kashmir
0.7,16.4,49.4,3,2007,Jammu and Kashmir
6.5,24.9,55.7,4,2007,Jammu and Kashmir
6.1,26.2,45.4,5,2007,Jammu and Kashmir
30.3,21.3,49.9,6,2007,Jammu and Kashmir
14.2,15.0,53.3,7,2007,Jammu and Kashmir
13.3,14.2,51.9,8,2007,Jammu and Kashmir
7.8,12.8,53.7,9,2007,Jammu and Kashmir
1.4,9.2,54.4,10,2007,Jammu and Kashmir
3.5,5.2,66.1,11,2007,Jammu and Kashmir
2.2,-1.3,62.4,12,2007,Jammu and Kashmir
6.1,-1.7,63.1,1,2008,Jammu and Kashmir
1.7,4.6,61.2,2,2008,Jammu and Kashmir
8.1,18.4,54.0,3,2008,Jammu and Kashmir
8.3,25.2,48.1,4,2008,Jammu and Kashmir
3.0,27.1,46.2,5,2008,Jammu and Kashmir
15.2,21.1,53.0,6,2008,Jammu and Kashmir
47.8,15.4,48.1,7,2008,Jammu and Kashmir
8.7,13.5,55.5,8,2008,Jammu and Kashmir
7.4,12.8,52.6,9,2008,Jammu and Kashmir
9.4,9.7,55.2,10,2008,Jammu and Kashmir
12.4,5.3,61.2,11,2008,Jammu and Kashmir
0.5,-0.1,61.3,12,2008,Jammu and Kashmir
2.4,-1.5,60.9,1,2009,Jammu and Kashmir
7.5,3.5,56.6,2,2009,Jammu and Kashmir
2.9,18.6,49.5,3,2009,Jammu and Kashmir
2.6,25.6,51.5,4,2009,Jammu and Kashmir
5.4,27.5,47.1,5,2009,Jammu and Kashmir
10.4,21.3,50.9,6,2009,Jammu and Kashmir
45.0,16.3,54.4,7,2009,Jammu and Kashmir
53.0,14.1,52.8,8,2009,Jammu and Kashmir
31.0,12.1,61.7,9,2009,Jammu and Kashmir
2.0,8.0,59.4,10,2009,Jammu and Kashmir
2.6,5.1,57.9,11,2009,Jammu and Kashmir
8.6,0.3,59.1,12,2009,Jammu and Kashmir
7.3,0.3,59.6,1,2010,Jammu and Kashmir
2.7,6.0,58.2,2,2010,Jammu and Kashmir
1.9,19.9,46.5,3,2010,Jammu and Kashmir
4.7,28.0,46.8,4,2010,Jammu and Kashmir
7.0,28.1,47.3,5,2010,Jammu and Kashmir
23.0,21.9,53.7,6,2010,Jammu and Kashmir
40.5,15.8,59.6,7,2010,Jammu and Kashmir
21.8,15.3,57.7,8,2010,Jammu and Kashmir
3.0,14.7,58.7,9,2010,Jammu and Kashmir
1.4,11.5,58.7,10,2010,Jammu and Kashmir
4.2,5.9,54.1,11,2010,Jammu and Kashmir
4.5,2.1,57.1,12,2010,Jammu and Kashmir
1.0,-1.7,56.0,1,2011,Jammu and Kashmir
0.9,5.3,62.4,2,2011,Jammu and Kashmir
11.3,15.4,56.0,3,2011,Jammu and Kashmir
3.8,26.2,49.8,4,2011,Jammu and Kashmir
3.0,25.8,49.5,5,2011,Jammu and Kashmir
6.9,19.3,46.2,6,2011,Jammu and Kashmir
41.3,14.7,56.0,7,2011,Jammu and Kashmir
18.8,13.7,56.7,8,2011,Jammu and Kashmir
3.3,11.2,58.0,9,2011,Jammu and Kashmir
4.0,8.7,59.4,10,2011,Jammu and Kashmir
4.3,2.5,62.5,11,2011,Jammu and Kashmir
6.4,-0.6,60.5,12,2011,Jammu and Kashmir
1.8,-0.9,60.5,1,2012,Jammu and Kashmir
5.9,4.7,58.6,2,2012,Jammu and Kashmir
4.8,17.7,54.2,3,2012,Jammu and Kashmir
5.6,26.7,46.9,4,2012,Jammu and Kashmir
7.4,26.1,49.3,5,2012,Jammu and Kashmir
26.9,20.8,48.8,6,2012,Jammu and Kashmir
15.0,15.7,53.6,7,2012,Jammu and Kashmir
46.9,13.6,59.6,8,2012,Jammu and Kashmir
10.7,12.8,57.5,9,2012,Jammu and Kashmir
1.5,9.0,59.1,10,2012,Jammu and Kashmir
5.8,4.8,58.8,11,2012,Jammu and Kashmir
4.7,-1.2,60.9,12,2012,Jammu and Kashmir
4.6,-2.5,60.6,1,2013,Jammu and Kashmir
6.2,5.7,58.8,2,2013,Jammu and Kashmir
16.5,18.5,54.3,3,2013,Jammu and Kashmir
3.1,26.6,45.3,4,2013,Jammu and Kashmir
5.6,29.3,51.4,5,2013,Jammu and Kashmir
26.5,21.2,56.7,6,2013,Jammu and Kashmir
38.0,17.1,53.9,7,2013,Jammu and Kashmir
52.8,14.6,58.0,8,2013,Jammu and Kashmir
35.5,13.2,49.2,9,2013,Jammu and Kashmir
7.6,10.6,59.7,10,2013,Jammu and Kashmir
19.2,4.6,66.3,11,2013,Jammu and Kashmir
14.3,0.4,60.8,12,2013,Jammu and Kashmir
0.7,-1.0,62.1,1,2014,Jammu and Kashmir
5.1,4.7,60.7,2,2014,Jammu and Kashmir
3.4,16.3,52.3,3,2014,Jammu and Kashmir
3.7,25.2,52.0,4,2014,Jammu and Kashmir
2.7,26.1,49.1,5,2014,Jammu and Kashmir
12.1,21.2,49.5,6,2014,Jammu and Kashmir
10.3,14.2,52.7,7,2014,Jammu and Kashmir
30.4,14.8,60.8,8,2014,Jammu and Kashmir
21.6,12.7,52.2,9,2014,Jammu and Kashmir
4.3,9.0,54.7,10,2014,Jammu and Kashmir
1.6,3.8,58.8,11,2014,Jammu and Kashmir
1.9,-0.0,61.4,12,2014,Jammu and Kashmir
6.6,-0.7,63.5,1,2015,Jammu and Kashmir
0.9,4.9,62.4,2,2015,Jammu and Kashmir
3.8,17.4,56.2,3,2015,Jammu and Kashmir
6.1,27.7,47.7,4,2015,Jammu and Kashmir
8.2,27.0,43.0,5,2015,Jammu and Kashmir
36.8,21.6,53.6,6,2015,Jammu and Kashmir
46.8,16.9,51.7,7,2015,Jammu and Kashmir
12.0,16.1,52.2,8,2015,Jammu and Kashmir
5.4,14.3,54.8,9,2015,Jammu and Kashmir
1.5,11.4,58.0,10,2015,Jammu and Kashmir
1.3,4.7,61.6,11,2015,Jammu and Kashmir
2.4,0.6,63.4,12,2015,Jammu and Kashmir
4.9,-1.5,62.6,1,2016,Jammu and Kashmir
2.9,4.5,59.5,2,2016,Jammu and Kashmir
3.4,18.2,52.6,3,2016,Jammu and Kashmir
11.9,26.6,51.7,4,2016,Jammu and Kashmir
1.8,28.2,46.7,5,2016,Jammu and Kashmir
6.3,21.9,51.6,6,2016,Jammu and Kashmir
11.6,17.3,54.3,7,2016,Jammu and Kashmir
42.3,14.6,58.9,8,2016,Jammu and Kashmir
17.3,12.8,51.7,9,2016,Jammu and Kashmir
12.7,9.1,61.3,10,2016,Jammu and Kashmir
9.5,4.7,65.8,11,2016,Jammu and Kashmir
8.7,-0.1,67.5,12,2016,Jammu and Kashmir
7.3,-0.9,61.1,1,2017,Jammu and Kashmir
2.2,3.9,63.6,2,2017,Jammu and Kashmir
12.0,16.6,56.7,3,2017,Jammu and Kashmir
1.8,24.6,48.4,4,2017,Jammu and Kashmir
5.6,26.6,41.5,5,2017,Jammu and Kashmir
21.5,21.7,52.5,6,2017,Jammu and Kashmir
37.6,16.5,54.9,7,2017,Jammu and Kashmir
20.4,14.5,61.2,8,2017,Jammu and Kashmir
3.4,12.3,54.0,9,2017,Jammu and Kashmir
5.7,10.0,58.2,10,2017,Jammu and Kashmir
12.5,2.7,59.2,11,2017,Jammu and Kashmir
1.5,-0.3,57.6,12,2017,Jammu and Kashmir
18.5,-2.4,65.6,1,2018,Jammu and Kashmir
5.5,2.8,61.2,2,2018,Jammu and Kashmir
3.9,17.3,55.6,3,2018,Jammu and Kashmir
8.6,27.2,52.5,4,2018,Jammu and Kashmir
7.9,26.5,43.7,5,2018,Jammu and Kashmir
35.0,20.3,50.9,6,2018,Jammu and Kashmir
4.9,15.3,54.4,7,2018,Jammu and Kashmir
49.7,14.3,55.4,8,2018,Jammu and Kashmir
46.5,14.8,56.6,9,2018,Jammu and Kashmir
11.4,9.6,60.6,10,2018,Jammu and Kashmir
0.4,4.2,63.8,11,2018,Jammu and Kashmir
3.5,-0.7,61.2,12,2018,Jammu and Kashmir
2.5,-1.4,60.7,1,2019,Jammu and Kashmir
11.6,5.6,62.0,2,2019,Jammu and Kashmir
15.1,17.1,53.3,3,2019,Jammu and Kashmir
12.2,25.8,50.8,4,2019,Jammu and Kashmir
6.3,27.5,47.1,5,2019,Jammu and Kashmir
14.0,22.5,53.7,6,2019,Jammu and Kashmir
35.1,17.4,52.1,7,2019,Jammu and Kashmir
19.9,14.3,56.4,8,2019,Jammu and Kashmir
14.3,11.8,50.2,9,2019,Jammu and Kashmir
10.4,9.8,53.6,10,2019,Jammu and Kashmir
4.9,4.1,67.3,11,2019,Jammu and Kashmir
3.0,0.1,56.5,12,2019,Jammu and Kashmir
3.1,-2.0,61.6,1,2020,Jammu and Kashmir
5.2,4.9,58.2,2,2020,Jammu and Kashmir
1.3,18.1,48.0,3,2020,Jammu and Kashmir
2.8,24.0,50.3,4,2020,Jammu and Kashmir
8.4,27.8,49.1,5,2020,Jammu and Kashmir
3.9,22.6,52.0,6,2020,Jammu and Kashmir
6.2,14.4,55.2,7,2020,Jammu and Kashmir
45.4,14.5,55.3,8,2020,Jammu and Kashmir
7.1,13.7,59.4,9,2020,Jammu and Kashmir
4.2,10.0,58.0,10,2020,Jammu and Kashmir
5.2,4.1,61.0,11,2020,Jammu and Kashmir
3.8,0.6,63.6,12,2020,Jammu and Kashmir
2.3,17.7,63.2,1,1997,Jharkhand
1.2,21.0,70.7,2,1997,Jharkhand
0.4,28.3,64.2,3,1997,Jharkhand
3.2,32.5,60.3,4,1997,Jharkhand
0.9,33.9,61.6,5,1997,Jharkhand
65.8,31.7,61.3,6,1997,Jharkhand
15.0,26.5,72.0,7,1997,Jharkhand
6.1,26.5,63.8,8,1997,Jharkhand
34.7,24.9,68.3,9,1997,Jharkhand
1.0,23.8,62.1,10,1997,Jharkhand
0.9,19.7,65.9,11,1997,Jharkhand
2.7,17.3,64.4,12,1997,Jharkhand
3.2,17.3,66.2,1,1998,Jharkhand
0.7,21.1,69.0,2,1998,Jharkhand
0.3,27.7,61.9,3,1998,Jharkhand
1.3,32.7,59.7,4,1998,Jharkhand
1.5,34.2,57.2,5,1998,Jharkhand
66.5,31.7,65.7,6,1998,Jharkhand
52.2,27.1,60.5,7,1998,Jharkhand
38.1,25.6,64.2,8,1998,Jharkhand
19.0,25.9,69.8,9,1998,Jharkhand
0.9,22.6,66.1,10,1998,Jharkhand
2.9,19.8,67.7,11,1998,Jharkhand
1.2,17.6,64.4,12,1998,Jharkhand
2.1,15.2,70.7,1,1999,Jharkhand
0.6,19.3,70.6,2,1999,Jharkhand
2.2,28.3,62.9,3,1999,Jharkhand
2.6,32.0,62.2,4,1999,Jharkhand
0.7,34.8,53.3,5,1999,Jharkhand
112.7,29.9,65.6,6,1999,Jharkhand
51.8,26.1,67.4,7,1999,Jharkhand
46.1,24.4,68.1,8,1999,Jharkhand
8.2,24.2,62.6,9,1999,Jharkhand
1.4,22.9,58.5,10,1999,Jharkhand
1.5,19.2,67.7,11,1999,Jharkhand
1.2,15.1,64.2,12,1999,Jharkhand
1.4,14.0,72.6,1,2000,Jharkhand
3.7,18.3,62.6,2,2000,Jharkhand
1.2,27.4,68.5,3,2000,Jharkhand
0.6,31.5,59.7,4,2000,Jharkhand
2.1,32.9,60.0,5,2000,Jharkhand
139.3,29.6,65.6,6,2000,Jharkhand
94.5,26.8,66.1,7,2000,Jharkhand
43.2,24.7,65.3,8,2000,Jharkhand
96.2,25.9,66.7,9,2000,Jharkhand
0.4,22.1,62.7,10,2000,Jharkhand
2.2,19.9,69.7,11,2000,Jharkhand
2.7,15.8,66.2,12,2000,Jharkhand
11.5,17.6,70.9,1,2001,Jharkhand
4.3,20.3,69.6,2,2001,Jharkhand
3.6,29.3,66.2,3,2001,Jharkhand
3.5,34.2,60.2,4,2001,Jharkhand
2.8,34.1,62.0,5,2001,Jharkhand
95.0,31.2,62.5,6,2001,Jharkhand
71.0,27.6,68.6,7,2001,Jharkhand
47.7,26.6,68.6,8,2001,Jharkhand
78.0,27.1,63.3,9,2001,Jharkhand
1.1,23.7,64.8,10,2001,Jharkhand
2.0,21.6,66.0,11,2001,Jharkhand
3.2,16.5,72.8,12,2001,Jharkhand
1.4,16.1,67.5,1,2002,Jharkhand
1.0,19.2,70.0,2,2002,Jharkhand
1.0,27.8,68.4,3,2002,Jharkhand
1.6,33.0,64.4,4,2002,Jharkhand
0.7,33.4,60.5,5,2002,Jharkhand
62.6,30.3,60.6,6,2002,Jharkhand
84.0,25.9,62.3,7,2002,Jharkhand
68.3,25.3,62.4,8,2002,Jharkhand
95.4,24.9,64.6,9,2002,Jharkhand
1.6,23.6,63.3,10,2002,Jharkhand
2.6,19.0,67.2,11,2002,Jharkhand
0.5,17.4,65.4,12,2002,Jharkhand
2.0,15.0,66.9,1,2003,Jharkhand
1.0,19.9,66.9,2,2003,Jharkhand
2.4,27.2,60.0,3,2003,Jharkhand
5.0,33.2,56.2,4,2003,Jharkhand
0.4,33.1,58.0,5,2003,Jharkhand
37.7,30.0,61.7,6,2003,Jharkhand
51.8,27.1,69.2,7,2003,Jharkhand
94.4,26.6,75.8,8,2003,Jharkhand
31.4,24.8,66.8,9,2003,Jharkhand
1.0,23.4,63.8,10,2003,Jharkhand
1.1,20.0,64.4,11,2003,Jharkhand
2.2,14.8,73.8,12,2003,Jharkhand
0.6,16.2,63.9,1,2004,Jharkhand
2.4,19.7,63.8,2,2004,Jharkhand
0.3,27.6,60.8,3,2004,Jharkhand
2.0,32.5,64.5,4,2004,Jharkhand
0.4,33.8,52.7,5,2004,Jharkhand
45.2,29.2,71.7,6,2004,Jharkhand
91.3,27.6,66.9,7,2004,Jharkhand
12.4,27.0,60.2,8,2004,Jharkhand
51.1,24.7,65.9,9,2004,Jharkhand
3.0,22.2,65.2,10,2004,Jharkhand
4.9,18.7,64.8,11,2004,Jharkhand
1.3,16.3,65.6,12,2004,Jharkhand
0.5,15.1,70.6,1,2005,Jharkhand
4.4,18.8,62.9,2,2005,Jharkhand
2.0,28.7,57.1,3,2005,Jharkhand
2.4,33.4,58.7,4,2005,Jharkhand
0.4,33.1,59.8,5,2005,Jharkhand
23.1,31.8,62.4,6,2005,Jharkhand
53.3,27.5,63.9,7,2005,Jharkhand
55.0,25.7,61.0,8,2005,Jharkhand
64.9,25.9,62.7,9,2005,Jharkhand
1.8,23.3,62.4,10,2005,Jharkhand
2.7,20.7,65.2,11,2005,Jharkhand
3.7,17.6,63.2,12,2005,Jharkhand
2.3,16.2,65.8,1,2006,Jharkhand
0.7,18.5,67.1,2,2006,Jharkhand
0.3,28.4,67.5,3,2006,Jharkhand
4.1,33.2,58.4,4,2006,Jharkhand
2.0,33.9,60.1,5,2006,Jharkhand
13.4,30.8,60.7,6,2006,Jharkhand
60.0,28.2,54.2,7,2006,Jharkhand
78.8,26.0,72.5,8,2006,Jharkhand
15.9,25.1,65.9,9,2006,Jharkhand
0.7,22.7,67.8,10,2006,Jharkhand
0.4,19.0,65.4,11,2006,Jharkhand
4.6,17.1,69.5,12,2006,Jharkhand
1.2,15.9,68.6,1,2007,Jharkhand
1.4,18.4,70.6,2,2007,Jharkhand
1.1,27.5,61.5,3,2007,Jharkhand
3.5,33.0,58.3,4,2007,Jharkhand
0.4,33.5,59.2,5,2007,Jharkhand
150.1,29.8,66.5,6,2007,Jharkhand
249.5,27.1,76.9,7,2007,Jharkhand
112.4,26.2,68.8,8,2007,Jharkhand
44.4,26.2,60.3,9,2007,Jharkhand
1.2,25.0,66.2,10,2007,Jharkhand
1.9,19.9,67.9,11,2007,Jharkhand
1.1,18.1,65.5,12,2007,Jharkhand
0.5,16.1,66.5,1,2008,Jharkhand
0.7,20.4,65.4,2,2008,Jharkhand
0.3,27.7,68.6,3,2008,Jharkhand
6.6,32.9,59.2,4,2008,Jharkhand
0.5,34.0,59.5,5,2008,Jharkhand
185.6,30.3,71.7,6,2008,Jharkhand
47.7,27.5,61.4,7,2008,Jharkhand
141.2,26.8,76.0,8,2008,Jharkhand
66.6,24.6,65.9,9,2008,Jharkhand
1.3,23.2,64.7,10,2008,Jharkhand
0.6,21.1,65.8,11,2008,Jharkhand
5.7,18.1,65.6,12,2008,Jharkhand
0.8,16.6,70.9,1,2009,Jharkhand
3.3,20.6,66.8,2,2009,Jharkhand
0.8,29.7,61.6,3,2009,Jharkhand
3.2,33.8,62.7,4,2009,Jharkhand
1.1,35.3,55.7,5,2009,Jharkhand
287.4,31.8,75.5,6,2009,Jharkhand
55.2,27.4,65.7,7,2009,Jharkhand
7.2,27.5,63.5,8,2009,Jharkhand
88.7,26.5,62.9,9,2009,Jharkhand
2.1,22.7,69.7,10,2009,Jharkhand
4.7,20.1,68.0,11,2009,Jharkhand
3.4,18.3,73.6,12,2009,Jharkhand
2.5,16.9,67.2,1,2010,Jharkhand
1.2,19.7,66.5,2,2010,Jharkhand
1.0,28.4,60.7,3,2010,Jharkhand
4.8,34.3,55.5,4,2010,Jharkhand
2.9,34.3,59.4,5,2010,Jharkhand
43.0,30.2,67.7,6,2010,Jharkhand
42.8,26.9,62.1,7,2010,Jharkhand
39.3,25.2,67.1,8,2010,Jharkhand
23.8,26.5,65.2,9,2010,Jharkhand
1.8,23.9,67.6,10,2010,Jharkhand
0.3,18.7,63.3,11,2010,Jharkhand
1.8,16.9,68.2,12,2010,Jharkhand
2.9,15.9,73.4,1,2011,Jharkhand
1.6,19.7,65.5,2,2011,Jharkhand
0.8,29.5,60.2,3,2011,Jharkhand
3.5,33.7,61.7,4,2011,Jharkhand
0.7,34.2,52.4,5,2011,Jharkhand
48.3,31.5,63.3,6,2011,Jharkhand
23.3,27.8,63.1,7,2011,Jharkhand
132.3,26.3,68.5,8,2011,Jharkhand
76.9,25.8,64.2,9,2011,Jharkhand
0.9,23.8,59.0,10,2011,Jharkhand
0.7,20.7,70.7,11,2011,Jharkhand
0.9,18.4,72.8,12,2011,Jharkhand
1.9,17.2,72.2,1,2012,Jharkhand
0.2,18.9,68.4,2,2012,Jharkhand
4.8,27.4,60.5,3,2012,Jharkhand
5.5,33.6,61.4,4,2012,Jharkhand
0.8,34.4,65.5,5,2012,Jharkhand
25.1,30.1,59.2,6,2012,Jharkhand
113.6,27.0,61.6,7,2012,Jharkhand
158.4,27.3,67.7,8,2012,Jharkhand
91.9,26.3,63.7,9,2012,Jharkhand
1.5,23.4,67.2,10,2012,Jharkhand
2.2,20.8,67.9,11,2012,Jharkhand
1.8,16.9,65.1,12,2012,Jharkhand
0.9,17.1,72.4,1,2013,Jharkhand
1.5,18.4,68.4,2,2013,Jharkhand
2.9,28.6,60.3,3,2013,Jharkhand
2.0,32.2,60.4,4,2013,Jharkhand
0.1,34.3,62.7,5,2013,Jharkhand
55.3,30.5,63.3,6,2013,Jharkhand
23.5,26.7,64.2,7,2013,Jharkhand
58.2,26.3,65.2,8,2013,Jharkhand
60.5,26.2,70.4,9,2013,Jharkhand
0.7,22.9,65.4,10,2013,Jharkhand
1.7,19.8,64.1,11,2013,Jharkhand
2.2,15.6,73.2,12,2013,Jharkhand
0.5,17.5,66.2,1,2014,Jharkhand
2.2,20.6,66.1,2,2014,Jharkhand
0.5,27.9,63.5,3,2014,Jharkhand
0.7,33.3,56.6,4,2014,Jharkhand
1.5,33.7,63.3,5,2014,Jharkhand
66.4,31.5,68.4,6,2014,Jharkhand
303.7,27.3,75.8,7,2014,Jharkhand
29.4,26.2,62.5,8,2014,Jharkhand
22.4,25.7,62.0,9,2014,Jharkhand
1.2,23.8,66.3,10,2014,Jharkhand
0.2,21.2,67.8,11,2014,Jharkhand
1.1,15.8,68.0,12,2014,Jharkhand
1.7,14.7,77.9,1,2015,Jharkhand
0.3,19.2,62.5,2,2015,Jharkhand
1.6,26.4,65.0,3,2015,Jharkhand
1.2,34.6,58.8,4,2015,Jharkhand
6.0,34.8,59.0,5,2015,Jharkhand
36.0,30.5,62.0,6,2015,Jharkhand
165.4,27.1,62.9,7,2015,Jharkhand
31.7,25.9,63.8,8,2015,Jharkhand
6.5,24.3,60.2,9,2015,Jharkhand
2.3,22.8,63.7,10,2015,Jharkhand
2.7,18.4,70.4,11,2015,Jharkhand
1.5,17.2,66.6,12,2015,Jharkhand
1.4,15.9,63.2,1,2016,Jharkhand
1.4,18.2,66.8,2,2016,Jharkhand
1.0,27.5,63.6,3,2016,Jharkhand
1.6,32.7,66.6,4,2016,Jharkhand
0.6,32.7,60.7,5,2016,Jharkhand
28.0,31.7,61.6,6,2016,Jharkhand
17.8,24.9,64.2,7,2016,Jharkhand
133.0,25.8,67.7,8,2016,Jharkhand
15.2,22.8,70.9,9,2016,Jharkhand
0.3,23.5,65.1,10,2016,Jharkhand
1.1,19.3,68.8,11,2016,Jharkhand
1.2,16.5,70.2,12,2016,Jharkhand
3.8,16.3,65.0,1,2017,Jharkhand
0.6,18.2,66.2,2,2017,Jharkhand
3.6,27.4,66.6,3,2017,Jharkhand
1.0,33.3,61.2,4,2017,Jharkhand
0.8,32.7,58.8,5,2017,Jharkhand
14.4,31.1,65.3,6,2017,Jharkhand
71.7,26.0,60.5,7,2017,Jharkhand
73.8,26.6,67.1,8,2017,Jharkhand
11.1,26.0,62.5,9,2017,Jharkhand
0.3,23.8,65.8,10,2017,Jharkhand
1.3,20.3,67.2,11,2017,Jharkhand
0.5,16.7,71.7,12,2017,Jharkhand
1.5,16.4,68.5,1,2018,Jharkhand
0.3,19.7,66.1,2,2018,Jharkhand
1.0,28.6,61.8,3,2018,Jharkhand
2.2,35.4,56.6,4,2018,Jharkhand
4.7,35.1,62.0,5,2018,Jharkhand
116.8,30.5,63.9,6,2018,Jharkhand
102.1,27.6,68.1,7,2018,Jharkhand
104.0,25.1,67.6,8,2018,Jharkhand
68.7,24.2,69.5,9,2018,Jharkhand
1.8,22.6,69.0,10,2018,Jharkhand
4.5,19.1,68.7,11,2018,Jharkhand
4.7,16.8,74.2,12,2018,Jharkhand
0.3,14.7,71.1,1,2019,Jharkhand
0.9,19.5,73.4,2,2019,Jharkhand
1.6,27.0,63.3,3,2019,Jharkhand
3.4,33.4,59.3,4,2019,Jharkhand
1.1,34.6,57.8,5,2019,Jharkhand
60.7,30.0,64.1,6,2019,Jharkhand
9.9,26.3,62.2,7,2019,Jharkhand
22.6,25.7,65.6,8,2019,Jharkhand
30.1,24.1,64.0,9,2019,Jharkhand
1.5,23.9,61.7,10,2019,Jharkhand
2.1,19.6,67.3,11,2019,Jharkhand
1.8,17.1,75.8,12,2019,Jharkhand
3.5,15.8,65.7,1,2020,Jharkhand
2.1,20.6,65.8,2,2020,Jharkhand
0.9,26.8,60.6,3,2020,Jharkhand
0.5,33.3,68.0,4,2020,Jharkhand
3.4,33.2,58.6,5,2020,Jharkhand
52.2,29.7,67.5,6,2020,Jharkhand
10.7,26.4,65.7,7,2020,Jharkhand
102.6,26.0,70.0,8,2020,Jharkhand
10.6,24.7,65.4,9,2020,Jharkhand
0.3,24.2,67.2,10,2020,Jharkhand
0.5,19.2,66.8,11,2020,Jharkhand
3.8,16.5,66.8,12,2020,Jharkhand
3.0,21.2,62.8,1,1997,Karnataka
2.1,23.0,63.2,2,1997,Karnataka
1.1,26.7,62.5,3,1997,Karnataka
4.1,30.8,59.0,4,1997,Karnataka
2.0,32.2,57.8,5,1997,Karnataka
17.1,30.2,60.2,6,1997,Karnataka
39.0,27.2,63.2,7,1997,Karnataka
7.3,25.6,60.1,8,1997,Karnataka
12.0,26.3,61.3,9,1997,Karnataka
2.4,23.7,65.8,10,1997,Karnataka
9.4,22.4,66.5,11,1997,Karnataka
1.2,22.1,64.0,12,1997,Karnataka
2.4,20.9,64.1,1,1998,Karnataka
2.1,23.5,56.8,2,1998,Karnataka
1.9,27.9,59.4,3,1998,Karnataka
2.2,30.1,64.0,4,1998,Karnataka
3.8,31.2,57.3,5,1998,Karnataka
157.7,29.8,72.4,6,1998,Karnataka
24.5,29.1,60.8,7,1998,Karnataka
42.8,27.0,63.3,8,1998,Karnataka
19.9,27.1,62.4,9,1998,Karnataka
6.0,25.9,59.2,10,1998,Karnataka
4.6,23.8,62.2,11,1998,Karnataka
4.5,23.5,65.2,12,1998,Karnataka
3.3,20.7,68.0,1,1999,Karnataka
3.0,22.1,70.8,2,1999,Karnataka
1.7,27.4,58.4,3,1999,Karnataka
3.3,30.1,55.1,4,1999,Karnataka
2.0,31.6,59.1,5,1999,Karnataka
27.7,29.9,57.9,6,1999,Karnataka
55.2,26.1,62.8,7,1999,Karnataka
46.1,27.0,59.6,8,1999,Karnataka
18.7,26.2,61.0,9,1999,Karnataka
3.1,24.4,63.9,10,1999,Karnataka
2.2,23.8,63.3,11,1999,Karnataka
0.4,21.4,65.4,12,1999,Karnataka
3.1,20.0,61.0,1,2000,Karnataka
2.7,22.3,63.1,2,2000,Karnataka
8.2,28.3,56.4,3,2000,Karnataka
5.5,30.9,59.0,4,2000,Karnataka
2.5,32.4,57.2,5,2000,Karnataka
48.3,27.7,66.6,6,2000,Karnataka
87.0,28.2,63.8,7,2000,Karnataka
70.8,24.3,67.6,8,2000,Karnataka
17.7,25.7,64.3,9,2000,Karnataka
0.4,24.6,65.8,10,2000,Karnataka
2.7,22.3,66.3,11,2000,Karnataka
2.4,20.6,63.9,12,2000,Karnataka
5.1,20.7,64.1,1,2001,Karnataka
2.6,22.7,57.0,2,2001,Karnataka
0.7,27.2,60.2,3,2001,Karnataka
8.0,29.7,60.0,4,2001,Karnataka
2.6,30.2,58.2,5,2001,Karnataka
110.9,27.6,64.8,6,2001,Karnataka
67.3,25.8,64.3,7,2001,Karnataka
42.0,26.6,66.5,8,2001,Karnataka
29.2,26.9,65.7,9,2001,Karnataka
0.4,25.0,62.7,10,2001,Karnataka
0.7,22.6,62.4,11,2001,Karnataka
3.8,19.7,66.9,12,2001,Karnataka
4.5,21.5,60.0,1,2002,Karnataka
4.9,22.3,65.5,2,2002,Karnataka
1.6,26.8,59.7,3,2002,Karnataka
4.5,29.5,56.2,4,2002,Karnataka
3.8,30.8,60.3,5,2002,Karnataka
68.0,30.3,63.5,6,2002,Karnataka
26.9,27.4,62.9,7,2002,Karnataka
87.7,27.1,67.4,8,2002,Karnataka
32.8,25.8,59.9,9,2002,Karnataka
1.6,24.6,63.7,10,2002,Karnataka
5.7,22.1,63.8,11,2002,Karnataka
4.6,20.0,65.0,12,2002,Karnataka
3.2,19.9,61.5,1,2003,Karnataka
4.7,23.7,64.7,2,2003,Karnataka
2.8,28.4,61.3,3,2003,Karnataka
1.7,31.8,58.1,4,2003,Karnataka
1.5,30.9,60.2,5,2003,Karnataka
22.4,28.3,56.3,6,2003,Karnataka
77.0,28.3,63.4,7,2003,Karnataka
67.7,27.7,55.0,8,2003,Karnataka
41.5,26.5,69.3,9,2003,Karnataka
3.9,25.7,66.7,10,2003,Karnataka
0.5,23.7,66.1,11,2003,Karnataka
3.7,22.8,65.5,12,2003,Karnataka
4.3,23.3,60.4,1,2004,Karnataka
2.8,25.1,64.4,2,2004,Karnataka
0.7,30.3,62.1,3,2004,Karnataka
3.1,32.1,55.0,4,2004,Karnataka
1.1,32.0,57.1,5,2004,Karnataka
42.1,30.6,65.8,6,2004,Karnataka
29.5,28.6,63.2,7,2004,Karnataka
6.4,27.5,64.7,8,2004,Karnataka
17.8,27.6,62.1,9,2004,Karnataka
0.5,26.7,61.7,10,2004,Karnataka
1.9,23.7,62.8,11,2004,Karnataka
0.7,24.3,60.1,12,2004,Karnataka
5.8,21.0,59.4,1,2005,Karnataka
1.7,23.2,65.1,2,2005,Karnataka
4.5,29.0,62.4,3,2005,Karnataka
5.3,31.5,55.4,4,2005,Karnataka
5.8,30.5,55.4,5,2005,Karnataka
17.6,29.5,61.1,6,2005,Karnataka
45.7,28.1,58.7,7,2005,Karnataka
52.1,26.1,66.1,8,2005,Karnataka
22.9,26.2,63.8,9,2005,Karnataka
11.9,24.4,66.3,10,2005,Karnataka
2.2,23.6,58.1,11,2005,Karnataka
3.3,21.1,65.5,12,2005,Karnataka
2.3,20.2,61.2,1,2006,Karnataka
5.1,23.8,63.7,2,2006,Karnataka
8.2,28.6,64.8,3,2006,Karnataka
2.2,32.4,62.2,4,2006,Karnataka
2.9,31.2,59.8,5,2006,Karnataka
31.3,27.9,60.6,6,2006,Karnataka
16.7,27.4,61.1,7,2006,Karnataka
26.5,26.7,64.6,8,2006,Karnataka
52.9,26.8,59.7,9,2006,Karnataka
2.9,24.3,61.9,10,2006,Karnataka
6.3,24.7,64.5,11,2006,Karnataka
1.4,22.9,59.1,12,2006,Karnataka
2.9,21.5,64.2,1,2007,Karnataka
4.8,23.1,65.2,2,2007,Karnataka
4.5,27.3,62.7,3,2007,Karnataka
3.4,30.7,62.4,4,2007,Karnataka
6.1,30.8,58.3,5,2007,Karnataka
28.1,27.5,60.1,6,2007,Karnataka
13.7,27.2,58.7,7,2007,Karnataka
60.5,25.8,60.5,8,2007,Karnataka
60.0,25.8,62.6,9,2007,Karnataka
3.9,25.2,57.2,10,2007,Karnataka
6.6,24.0,66.3,11,2007,Karnataka
0.9,21.9,62.3,12,2007,Karnataka
2.8,21.3,57.5,1,2008,Karnataka
2.5,24.8,65.3,2,2008,Karnataka
3.1,27.2,67.6,3,2008,Karnataka
1.9,30.5,59.7,4,2008,Karnataka
0.6,31.6,64.3,5,2008,Karnataka
28.1,28.8,66.1,6,2008,Karnataka
136.5,26.5,69.2,7,2008,Karnataka
8.8,25.0,66.2,8,2008,Karnataka
31.0,26.8,63.6,9,2008,Karnataka
6.3,26.6,60.1,10,2008,Karnataka
2.6,23.3,67.2,11,2008,Karnataka
3.9,21.0,61.6,12,2008,Karnataka
5.2,21.8,70.1,1,2009,Karnataka
2.4,22.2,65.6,2,2009,Karnataka
7.3,27.2,55.5,3,2009,Karnataka
1.6,30.2,63.9,4,2009,Karnataka
1.0,32.2,59.7,5,2009,Karnataka
61.5,30.2,53.9,6,2009,Karnataka
90.9,26.9,65.8,7,2009,Karnataka
24.9,28.0,63.3,8,2009,Karnataka
9.7,27.0,63.6,9,2009,Karnataka
7.7,25.4,58.3,10,2009,Karnataka
4.7,23.8,64.0,11,2009,Karnataka
6.2,20.4,59.2,12,2009,Karnataka
2.9,20.2,61.6,1,2010,Karnataka
4.2,23.8,62.7,2,2010,Karnataka
3.3,27.0,68.0,3,2010,Karnataka
6.6,31.8,59.7,4,2010,Karnataka
6.7,31.3,55.3,5,2010,Karnataka
99.4,29.1,69.6,6,2010,Karnataka
58.8,27.1,61.5,7,2010,Karnataka
96.5,26.3,63.6,8,2010,Karnataka
12.5,26.9,59.0,9,2010,Karnataka
3.0,25.7,57.5,10,2010,Karnataka
3.6,23.9,68.7,11,2010,Karnataka
3.2,19.8,64.2,12,2010,Karnataka
2.0,23.1,66.5,1,2011,Karnataka
4.4,21.1,63.1,2,2011,Karnataka
2.8,27.4,61.6,3,2011,Karnataka
0.7,31.7,62.5,4,2011,Karnataka
0.0,31.3,52.5,5,2011,Karnataka
7.1,28.5,62.2,6,2011,Karnataka
7.7,25.8,62.2,7,2011,Karnataka
73.7,26.2,60.6,8,2011,Karnataka
61.1,24.8,68.3,9,2011,Karnataka
4.6,23.9,62.8,10,2011,Karnataka
3.4,22.0,65.9,11,2011,Karnataka
3.2,20.4,66.4,12,2011,Karnataka
2.1,21.8,66.2,1,2012,Karnataka
2.6,24.3,66.3,2,2012,Karnataka
0.9,27.4,57.8,3,2012,Karnataka
5.4,29.4,62.3,4,2012,Karnataka
4.6,31.1,60.4,5,2012,Karnataka
31.2,29.1,67.5,6,2012,Karnataka
40.7,27.0,62.8,7,2012,Karnataka
37.1,25.6,69.5,8,2012,Karnataka
65.3,26.2,64.8,9,2012,Karnataka
5.1,24.3,60.3,10,2012,Karnataka
6.8,23.3,62.0,11,2012,Karnataka
2.8,21.7,63.3,12,2012,Karnataka
1.0,20.9,64.2,1,2013,Karnataka
1.3,23.1,62.8,2,2013,Karnataka
5.5,28.4,65.4,3,2013,Karnataka
1.1,30.7,62.3,4,2013,Karnataka
4.2,30.1,58.3,5,2013,Karnataka
22.4,28.7,58.6,6,2013,Karnataka
20.4,26.4,65.0,7,2013,Karnataka
46.3,26.9,58.2,8,2013,Karnataka
37.4,27.6,58.5,9,2013,Karnataka
6.3,25.1,62.8,10,2013,Karnataka
2.1,22.4,67.8,11,2013,Karnataka
6.8,20.5,61.9,12,2013,Karnataka
0.6,21.6,62.4,1,2014,Karnataka
6.1,24.2,64.1,2,2014,Karnataka
1.6,27.9,61.4,3,2014,Karnataka
1.5,30.6,57.1,4,2014,Karnataka
4.2,31.3,59.1,5,2014,Karnataka
55.9,29.2,64.7,6,2014,Karnataka
58.6,27.7,59.8,7,2014,Karnataka
72.8,27.6,66.7,8,2014,Karnataka
14.0,26.7,59.9,9,2014,Karnataka
3.1,24.8,63.2,10,2014,Karnataka
1.2,23.4,65.6,11,2014,Karnataka
0.8,22.7,61.8,12,2014,Karnataka
6.4,21.4,60.9,1,2015,Karnataka
4.3,24.1,59.9,2,2015,Karnataka
4.2,27.8,69.0,3,2015,Karnataka
3.3,31.2,63.1,4,2015,Karnataka
1.7,30.1,57.1,5,2015,Karnataka
54.8,29.5,62.3,6,2015,Karnataka
31.8,27.5,62.4,7,2015,Karnataka
30.7,28.1,64.1,8,2015,Karnataka
20.5,26.8,64.8,9,2015,Karnataka
7.1,23.0,67.5,10,2015,Karnataka
2.1,22.9,57.9,11,2015,Karnataka
6.3,20.4,63.0,12,2015,Karnataka
3.6,20.9,66.2,1,2016,Karnataka
2.8,23.1,60.7,2,2016,Karnataka
7.5,27.9,63.6,3,2016,Karnataka
3.7,30.9,58.5,4,2016,Karnataka
9.8,30.3,56.2,5,2016,Karnataka
55.8,29.1,60.5,6,2016,Karnataka
104.8,27.2,71.4,7,2016,Karnataka
75.2,27.2,64.4,8,2016,Karnataka
68.9,25.9,63.9,9,2016,Karnataka
1.3,24.4,58.4,10,2016,Karnataka
1.4,22.0,71.4,11,2016,Karnataka
2.7,20.8,64.1,12,2016,Karnataka
2.5,19.9,64.0,1,2017,Karnataka
2.4,22.7,65.0,2,2017,Karnataka
4.3,26.0,61.7,3,2017,Karnataka
8.4,30.8,63.6,4,2017,Karnataka
3.9,31.5,59.9,5,2017,Karnataka
25.0,29.6,60.7,6,2017,Karnataka
27.0,26.9,61.0,7,2017,Karnataka
24.6,26.5,63.4,8,2017,Karnataka
48.6,26.7,59.5,9,2017,Karnataka
4.1,25.1,66.7,10,2017,Karnataka
1.5,22.7,64.2,11,2017,Karnataka
2.6,21.4,65.6,12,2017,Karnataka
9.6,20.3,68.1,1,2018,Karnataka
3.1,23.9,63.6,2,2018,Karnataka
0.3,28.1,57.5,3,2018,Karnataka
1.6,29.9,63.9,4,2018,Karnataka
11.3,29.9,58.3,5,2018,Karnataka
36.5,29.3,66.5,6,2018,Karnataka
30.2,27.9,61.8,7,2018,Karnataka
19.6,25.6,66.3,8,2018,Karnataka
61.2,25.0,67.2,9,2018,Karnataka
2.4,25.3,56.9,10,2018,Karnataka
3.9,22.8,62.2,11,2018,Karnataka
9.7,20.8,62.9,12,2018,Karnataka
1.6,19.0,64.6,1,2019,Karnataka
4.5,23.8,63.0,2,2019,Karnataka
1.3,27.8,58.9,3,2019,Karnataka
7.4,32.0,60.9,4,2019,Karnataka
1.7,30.4,57.4,5,2019,Karnataka
54.8,27.8,57.7,6,2019,Karnataka
87.7,26.6,69.7,7,2019,Karnataka
71.1,26.5,63.2,8,2019,Karnataka
31.4,24.6,65.0,9,2019,Karnataka
1.2,24.2,58.3,10,2019,Karnataka
2.0,20.4,67.3,11,2019,Karnataka
2.3,21.4,66.8,12,2019,Karnataka
1.3,21.0,70.1,1,2020,Karnataka
3.6,23.3,61.9,2,2020,Karnataka
9.8,27.7,58.7,3,2020,Karnataka
0.8,30.1,53.2,4,2020,Karnataka
6.1,31.0,61.3,5,2020,Karnataka
65.9,29.4,67.6,6,2020,Karnataka
18.4,27.1,64.5,7,2020,Karnataka
106.3,28.3,60.6,8,2020,Karnataka
5.2,25.7,59.8,9,2020,Karnataka
6.0,26.3,64.5,10,2020,Karnataka
6.4,23.5,65.5,11,2020,Karnataka
0.3,23.5,62.7,12,2020,Karnataka
1.1,24.8,79.0,1,1997,Kerala
2.5,25.0,80.5,2,1997,Kerala
8.3,27.6,78.8,3,1997,Kerala
2.9,30.2,79.1,4,1997,Kerala
3.8,29.9,77.8,5,1997,Kerala
120.7,29.3,90.8,6,1997,Kerala
141.5,27.8,85.7,7,1997,Kerala
184.3,28.3,91.7,8,1997,Kerala
135.0,27.5,89.1,9,1997,Kerala
2.2,26.7,83.5,10,1997,Kerala
2.6,26.3,84.7,11,1997,Kerala
6.8,24.2,78.3,12,1997,Kerala
0.5,24.6,82.9,1,1998,Kerala
11.9,25.0,85.6,2,1998,Kerala
10.5,28.2,84.7,3,1998,Kerala
5.6,30.5,79.6,4,1998,Kerala
6.7,30.6,81.8,5,1998,Kerala
186.5,29.0,91.9,6,1998,Kerala
111.2,27.7,89.4,7,1998,Kerala
174.3,26.5,87.6,8,1998,Kerala
54.9,28.7,81.0,9,1998,Kerala
6.3,25.8,86.8,10,1998,Kerala
6.3,24.0,85.4,11,1998,Kerala
2.2,24.3,76.1,12,1998,Kerala
1.7,25.2,85.2,1,1999,Kerala
4.8,25.5,82.8,2,1999,Kerala
5.0,27.4,84.7,3,1999,Kerala
3.4,29.7,78.2,4,1999,Kerala
11.9,29.4,81.9,5,1999,Kerala
58.8,29.7,90.7,6,1999,Kerala
216.9,28.1,88.0,7,1999,Kerala
242.4,27.2,89.6,8,1999,Kerala
48.8,26.6,85.8,9,1999,Kerala
4.4,27.0,83.3,10,1999,Kerala
2.9,25.3,87.0,11,1999,Kerala
5.0,24.3,80.2,12,1999,Kerala
1.7,24.5,83.9,1,2000,Kerala
1.8,25.7,83.3,2,2000,Kerala
3.5,27.2,78.7,3,2000,Kerala
4.4,29.3,83.0,4,2000,Kerala
1.5,30.6,77.4,5,2000,Kerala
73.5,28.4,84.1,6,2000,Kerala
108.6,26.7,90.9,7,2000,Kerala
94.2,27.8,85.3,8,2000,Kerala
18.9,26.2,79.9,9,2000,Kerala
3.9,26.5,82.6,10,2000,Kerala
7.7,24.1,83.8,11,2000,Kerala
3.5,25.7,77.4,12,2000,Kerala
1.3,22.6,87.0,1,2001,Kerala
6.4,24.5,86.3,2,2001,Kerala
3.4,28.7,78.5,3,2001,Kerala
5.3,30.0,85.6,4,2001,Kerala
1.2,31.0,74.8,5,2001,Kerala
229.4,28.5,91.4,6,2001,Kerala
141.2,27.6,87.1,7,2001,Kerala
144.7,28.0,85.1,8,2001,Kerala
78.4,28.4,82.3,9,2001,Kerala
6.3,25.3,84.3,10,2001,Kerala
8.8,25.2,80.3,11,2001,Kerala
2.7,24.2,82.4,12,2001,Kerala
5.4,24.1,84.9,1,2002,Kerala
9.6,25.9,86.7,2,2002,Kerala
12.5,28.4,71.8,3,2002,Kerala
1.7,30.5,80.5,4,2002,Kerala
4.9,30.3,82.6,5,2002,Kerala
29.9,28.4,86.3,6,2002,Kerala
44.9,26.7,85.2,7,2002,Kerala
44.9,27.1,79.3,8,2002,Kerala
84.8,27.2,84.4,9,2002,Kerala
2.2,26.8,83.8,10,2002,Kerala
1.4,24.2,83.8,11,2002,Kerala
4.1,25.7,81.9,12,2002,Kerala
1.3,25.1,80.0,1,2003,Kerala
2.3,25.8,79.3,2,2003,Kerala
5.2,27.5,87.3,3,2003,Kerala
6.7,29.0,76.9,4,2003,Kerala
1.9,29.7,75.6,5,2003,Kerala
45.3,29.6,86.8,6,2003,Kerala
79.4,27.9,83.0,7,2003,Kerala
104.1,27.8,82.5,8,2003,Kerala
58.1,26.1,81.0,9,2003,Kerala
0.5,26.8,79.5,10,2003,Kerala
6.0,27.8,77.3,11,2003,Kerala
4.1,23.3,82.8,12,2003,Kerala
2.0,24.9,79.7,1,2004,Kerala
8.1,25.7,83.9,2,2004,Kerala
10.9,27.0,84.9,3,2004,Kerala
4.1,28.6,82.6,4,2004,Kerala
5.6,29.8,78.0,5,2004,Kerala
64.3,30.6,80.0,6,2004,Kerala
92.1,26.9,83.3,7,2004,Kerala
102.4,27.2,81.3,8,2004,Kerala
90.0,27.1,82.8,9,2004,Kerala
17.2,25.9,73.4,10,2004,Kerala
3.4,23.9,86.6,11,2004,Kerala
3.6,23.0,88.2,12,2004,Kerala
7.5,23.0,87.3,1,2005,Kerala
8.9,25.7,81.5,2,2005,Kerala
10.9,27.3,78.3,3,2005,Kerala
4.3,30.2,81.1,4,2005,Kerala
15.3,30.2,80.9,5,2005,Kerala
50.1,28.7,80.6,6,2005,Kerala
139.6,27.2,82.1,7,2005,Kerala
62.4,29.3,86.0,8,2005,Kerala
53.3,28.0,84.0,9,2005,Kerala
7.8,26.8,78.1,10,2005,Kerala
4.0,26.7,84.2,11,2005,Kerala
1.2,22.7,84.2,12,2005,Kerala
2.8,23.4,91.7,1,2006,Kerala
3.0,24.4,82.1,2,2006,Kerala
2.5,28.5,81.2,3,2006,Kerala
1.5,29.4,79.3,4,2006,Kerala
1.1,29.4,75.8,5,2006,Kerala
231.1,28.9,85.6,6,2006,Kerala
71.1,27.2,86.0,7,2006,Kerala
72.9,26.7,88.2,8,2006,Kerala
37.1,25.3,82.9,9,2006,Kerala
3.8,25.7,83.5,10,2006,Kerala
4.0,25.5,78.9,11,2006,Kerala
10.3,23.9,85.1,12,2006,Kerala
0.8,24.1,80.5,1,2007,Kerala
2.9,26.6,79.3,2,2007,Kerala
2.4,28.1,76.1,3,2007,Kerala
9.1,29.7,78.7,4,2007,Kerala
3.4,28.4,82.2,5,2007,Kerala
249.9,30.0,85.2,6,2007,Kerala
86.5,28.6,82.9,7,2007,Kerala
270.6,27.5,92.8,8,2007,Kerala
114.6,28.4,82.5,9,2007,Kerala
4.6,26.2,80.0,10,2007,Kerala
18.4,26.0,81.3,11,2007,Kerala
8.5,23.7,81.6,12,2007,Kerala
9.5,24.7,82.5,1,2008,Kerala
3.2,26.0,80.1,2,2008,Kerala
2.0,29.2,82.8,3,2008,Kerala
4.2,31.2,78.9,4,2008,Kerala
7.1,30.9,80.6,5,2008,Kerala
132.1,29.0,85.4,6,2008,Kerala
39.2,28.1,85.2,7,2008,Kerala
374.0,27.9,95.2,8,2008,Kerala
174.4,27.9,86.1,9,2008,Kerala
1.5,27.5,82.7,10,2008,Kerala
4.6,26.8,83.9,11,2008,Kerala
1.8,25.3,83.3,12,2008,Kerala
2.4,25.1,90.2,1,2009,Kerala
5.6,25.4,84.1,2,2009,Kerala
0.6,28.3,81.2,3,2009,Kerala
2.3,29.2,82.0,4,2009,Kerala
2.4,30.2,84.0,5,2009,Kerala
161.1,29.1,86.2,6,2009,Kerala
111.7,27.4,88.1,7,2009,Kerala
471.7,27.9,96.8,8,2009,Kerala
96.5,26.6,85.4,9,2009,Kerala
1.9,27.1,81.5,10,2009,Kerala
9.1,25.8,82.2,11,2009,Kerala
6.5,25.3,86.2,12,2009,Kerala
6.0,24.7,79.9,1,2010,Kerala
5.0,24.1,80.6,2,2010,Kerala
4.6,28.8,80.0,3,2010,Kerala
9.3,29.2,83.6,4,2010,Kerala
7.9,29.4,82.1,5,2010,Kerala
78.9,28.2,86.9,6,2010,Kerala
90.0,30.2,83.7,7,2010,Kerala
112.9,27.2,90.9,8,2010,Kerala
54.2,26.2,83.3,9,2010,Kerala
6.3,26.3,89.3,10,2010,Kerala
4.3,25.2,81.4,11,2010,Kerala
4.0,24.5,87.8,12,2010,Kerala
7.0,24.7,88.1,1,2011,Kerala
4.7,26.0,81.2,2,2011,Kerala
2.6,29.4,83.2,3,2011,Kerala
2.8,30.3,79.7,4,2011,Kerala
0.0,30.1,80.5,5,2011,Kerala
114.8,30.4,83.0,6,2011,Kerala
97.2,27.7,84.8,7,2011,Kerala
194.5,27.5,88.9,8,2011,Kerala
30.5,27.3,79.1,9,2011,Kerala
6.8,25.8,85.1,10,2011,Kerala
6.0,25.5,84.3,11,2011,Kerala
2.3,24.6,88.4,12,2011,Kerala
8.5,24.5,82.8,1,2012,Kerala
11.1,24.0,83.5,2,2012,Kerala
10.6,27.4,83.8,3,2012,Kerala
10.1,29.3,82.8,4,2012,Kerala
4.9,29.8,83.3,5,2012,Kerala
132.1,29.0,80.8,6,2012,Kerala
219.9,25.2,91.5,7,2012,Kerala
328.4,27.8,96.9,8,2012,Kerala
277.8,27.1,96.7,9,2012,Kerala
9.2,27.5,83.3,10,2012,Kerala
2.1,25.2,88.7,11,2012,Kerala
7.7,23.9,76.7,12,2012,Kerala
2.6,23.3,85.5,1,2013,Kerala
7.4,24.5,82.0,2,2013,Kerala
1.4,29.7,76.7,3,2013,Kerala
14.1,29.9,74.8,4,2013,Kerala
9.3,30.2,80.2,5,2013,Kerala
13.4,26.8,78.4,6,2013,Kerala
141.4,29.0,88.5,7,2013,Kerala
189.4,28.2,87.3,8,2013,Kerala
36.1,26.8,83.2,9,2013,Kerala
5.0,27.3,82.4,10,2013,Kerala
6.3,24.7,80.8,11,2013,Kerala
7.5,24.2,85.3,12,2013,Kerala
6.3,23.4,84.4,1,2014,Kerala
4.7,26.5,85.9,2,2014,Kerala
2.9,27.2,84.3,3,2014,Kerala
7.7,30.4,81.3,4,2014,Kerala
11.7,29.6,78.4,5,2014,Kerala
60.7,29.5,84.3,6,2014,Kerala
166.4,27.2,84.9,7,2014,Kerala
142.7,27.9,89.0,8,2014,Kerala
4.2,26.8,85.0,9,2014,Kerala
13.3,26.9,82.0,10,2014,Kerala
5.4,25.7,81.9,11,2014,Kerala
1.7,24.7,80.2,12,2014,Kerala
2.0,25.1,84.6,1,2015,Kerala
0.2,24.9,83.2,2,2015,Kerala
2.7,29.2,83.4,3,2015,Kerala
3.2,30.1,87.5,4,2015,Kerala
3.6,31.3,82.2,5,2015,Kerala
102.4,28.9,84.0,6,2015,Kerala
238.2,27.3,94.9,7,2015,Kerala
114.0,27.7,85.7,8,2015,Kerala
149.4,26.4,87.1,9,2015,Kerala
5.7,28.7,78.7,10,2015,Kerala
2.6,25.5,81.5,11,2015,Kerala
3.1,25.6,82.7,12,2015,Kerala
2.7,24.5,80.1,1,2016,Kerala
3.5,25.5,81.1,2,2016,Kerala
11.5,26.6,78.3,3,2016,Kerala
2.3,30.4,79.6,4,2016,Kerala
15.3,30.9,78.2,5,2016,Kerala
94.8,30.5,83.3,6,2016,Kerala
127.1,27.9,89.4,7,2016,Kerala
88.4,26.6,86.7,8,2016,Kerala
221.3,26.7,94.9,9,2016,Kerala
9.5,25.8,83.8,10,2016,Kerala
11.0,25.0,82.9,11,2016,Kerala
3.3,24.6,83.4,12,2016,Kerala
3.1,23.6,83.8,1,2017,Kerala
9.2,24.6,87.7,2,2017,Kerala
7.0,27.8,79.9,3,2017,Kerala
15.5,29.1,73.9,4,2017,Kerala
2.8,29.6,85.0,5,2017,Kerala
86.3,29.2,85.8,6,2017,Kerala
142.3,27.5,82.9,7,2017,Kerala
108.9,26.9,82.5,8,2017,Kerala
35.7,26.6,86.5,9,2017,Kerala
14.1,26.9,80.5,10,2017,Kerala
11.0,23.8,87.6,11,2017,Kerala
2.8,23.5,84.4,12,2017,Kerala
1.0,24.0,82.8,1,2018,Kerala
3.6,25.7,81.6,2,2018,Kerala
9.3,27.3,83.2,3,2018,Kerala
3.8,29.8,84.1,4,2018,Kerala
3.8,30.0,85.8,5,2018,Kerala
141.8,28.1,86.3,6,2018,Kerala
354.9,28.3,92.0,7,2018,Kerala
266.6,27.3,93.4,8,2018,Kerala
161.3,28.6,90.2,9,2018,Kerala
8.1,26.7,86.4,10,2018,Kerala
4.6,24.7,80.7,11,2018,Kerala
4.8,24.1,81.1,12,2018,Kerala
3.6,24.2,84.2,1,2019,Kerala
3.5,25.6,81.8,2,2019,Kerala
0.5,26.8,85.4,3,2019,Kerala
1.9,29.9,83.9,4,2019,Kerala
7.7,30.2,80.1,5,2019,Kerala
12.0,28.0,81.0,6,2019,Kerala
271.8,28.3,95.1,7,2019,Kerala
65.5,27.1,77.8,8,2019,Kerala
146.1,27.7,89.1,9,2019,Kerala
5.8,27.4,88.0,10,2019,Kerala
9.9,25.7,85.3,11,2019,Kerala
6.5,26.4,83.1,12,2019,Kerala
21.0,24.3,83.6,1,2020,Kerala
6.9,25.8,90.8,2,2020,Kerala
7.5,28.6,78.8,3,2020,Kerala
0.8,29.0,81.4,4,2020,Kerala
11.4,30.6,79.6,5,2020,Kerala
10.5,28.4,81.3,6,2020,Kerala
213.0,28.0,90.5,7,2020,Kerala
194.7,27.9,85.4,8,2020,Kerala
123.1,26.9,90.6,9,2020,Kerala
9.2,26.2,82.7,10,2020,Kerala
0.8,25.0,81.2,11,2020,Kerala
3.8,23.8,86.8,12,2020,Kerala
0.4,16.7,59.2,1,1997,Madhya Pradesh
0.3,19.9,58.7,2,1997,Madhya Pradesh
0.6,28.5,53.3,3,1997,Madhya Pradesh
4.2,34.8,53.9,4,1997,Madhya Pradesh
0.5,37.2,52.5,5,1997,Madhya Pradesh
35.1,32.2,59.0,6,1997,Madhya Pradesh
102.8,28.4,55.2,7,1997,Madhya Pradesh
22.5,26.5,55.1,8,1997,Madhya Pradesh
42.5,26.3,59.7,9,1997,Madhya Pradesh
0.4,22.7,58.8,10,1997,Madhya Pradesh
1.2,20.0,61.5,11,1997,Madhya Pradesh
0.3,16.5,60.2,12,1997,Madhya Pradesh
2.4,16.3,60.5,1,1998,Madhya Pradesh
0.2,20.5,54.2,2,1998,Madhya Pradesh
0.4,29.5,53.0,3,1998,Madhya Pradesh
2.1,37.1,47.9,4,1998,Madhya Pradesh
0.9,36.1,51.0,5,1998,Madhya Pradesh
19.2,33.1,52.5,6,1998,Madhya Pradesh
77.8,28.2,60.1,7,1998,Madhya Pradesh
82.5,28.1,52.6,8,1998,Madhya Pradesh
5.8,27.0,56.5,9,1998,Madhya Pradesh
0.5,24.2,55.3,10,1998,Madhya Pradesh
1.9,19.6,59.2,11,1998,Madhya Pradesh
0.7,18.1,63.2,12,1998,Madhya Pradesh
0.9,15.0,63.8,1,1999,Madhya Pradesh
1.3,20.4,54.1,2,1999,Madhya Pradesh
0.3,29.1,54.3,3,1999,Madhya Pradesh
0.5,35.0,52.8,4,1999,Madhya Pradesh
0.5,35.2,52.3,5,1999,Madhya Pradesh
39.3,31.8,57.1,6,1999,Madhya Pradesh
56.4,27.6,56.8,7,1999,Madhya Pradesh
29.5,26.9,59.2,8,1999,Madhya Pradesh
9.2,26.0,51.4,9,1999,Madhya Pradesh
1.2,24.8,57.2,10,1999,Madhya Pradesh
0.5,19.3,57.4,11,1999,Madhya Pradesh
0.2,18.5,55.8,12,1999,Madhya Pradesh
1.4,16.1,64.2,1,2000,Madhya Pradesh
1.2,20.0,58.2,2,2000,Madhya Pradesh
1.2,28.6,49.2,3,2000,Madhya Pradesh
0.9,34.2,51.0,4,2000,Madhya Pradesh
1.2,36.9,45.9,5,2000,Madhya Pradesh
111.4,31.5,61.5,6,2000,Madhya Pradesh
67.0,28.7,62.1,7,2000,Madhya Pradesh
35.2,27.3,58.2,8,2000,Madhya Pradesh
4.8,24.9,63.2,9,2000,Madhya Pradesh
0.4,23.3,57.3,10,2000,Madhya Pradesh
2.7,19.8,58.8,11,2000,Madhya Pradesh
1.8,17.4,59.2,12,2000,Madhya Pradesh
2.1,16.1,60.2,1,2001,Madhya Pradesh
1.6,20.2,61.6,2,2001,Madhya Pradesh
3.8,29.1,60.7,3,2001,Madhya Pradesh
1.5,35.0,50.3,4,2001,Madhya Pradesh
0.5,35.7,51.6,5,2001,Madhya Pradesh
32.3,31.9,58.9,6,2001,Madhya Pradesh
48.3,25.6,55.3,7,2001,Madhya Pradesh
37.5,27.8,58.6,8,2001,Madhya Pradesh
32.7,24.5,56.0,9,2001,Madhya Pradesh
0.4,24.3,61.8,10,2001,Madhya Pradesh
1.6,20.9,58.3,11,2001,Madhya Pradesh
0.4,16.3,60.6,12,2001,Madhya Pradesh
4.2,17.1,58.6,1,2002,Madhya Pradesh
0.9,21.3,61.1,2,2002,Madhya Pradesh
1.8,28.2,55.3,3,2002,Madhya Pradesh
0.1,36.8,52.2,4,2002,Madhya Pradesh
0.6,35.4,50.7,5,2002,Madhya Pradesh
60.8,31.4,59.8,6,2002,Madhya Pradesh
163.3,27.9,64.5,7,2002,Madhya Pradesh
22.1,26.5,57.3,8,2002,Madhya Pradesh
66.5,26.1,56.3,9,2002,Madhya Pradesh
1.0,25.2,53.2,10,2002,Madhya Pradesh
0.2,19.7,58.1,11,2002,Madhya Pradesh
0.8,18.5,61.8,12,2002,Madhya Pradesh
2.3,17.4,58.1,1,2003,Madhya Pradesh
0.8,19.9,53.2,2,2003,Madhya Pradesh
1.8,28.5,57.3,3,2003,Madhya Pradesh
0.6,34.3,53.6,4,2003,Madhya Pradesh
1.7,36.5,51.6,5,2003,Madhya Pradesh
26.5,32.6,54.6,6,2003,Madhya Pradesh
63.8,28.7,56.3,7,2003,Madhya Pradesh
31.0,26.5,62.2,8,2003,Madhya Pradesh
49.1,26.0,57.9,9,2003,Madhya Pradesh
0.7,22.2,64.1,10,2003,Madhya Pradesh
1.4,20.0,58.7,11,2003,Madhya Pradesh
2.0,18.8,61.8,12,2003,Madhya Pradesh
0.3,14.5,68.1,1,2004,Madhya Pradesh
0.4,19.8,57.7,2,2004,Madhya Pradesh
2.2,29.1,57.5,3,2004,Madhya Pradesh
1.6,35.4,50.8,4,2004,Madhya Pradesh
1.2,36.0,49.1,5,2004,Madhya Pradesh
39.9,30.3,52.8,6,2004,Madhya Pradesh
28.0,28.1,51.9,7,2004,Madhya Pradesh
55.2,27.6,58.8,8,2004,Madhya Pradesh
23.5,26.4,63.2,9,2004,Madhya Pradesh
1.3,23.5,58.5,10,2004,Madhya Pradesh
1.4,21.0,54.2,11,2004,Madhya Pradesh
0.6,17.0,55.7,12,2004,Madhya Pradesh
4.0,15.4,65.5,1,2005,Madhya Pradesh
1.5,20.8,58.2,2,2005,Madhya Pradesh
2.6,29.5,51.3,3,2005,Madhya Pradesh
1.6,35.1,55.5,4,2005,Madhya Pradesh
0.6,36.3,48.8,5,2005,Madhya Pradesh
43.2,32.1,50.9,6,2005,Madhya Pradesh
91.9,28.4,61.7,7,2005,Madhya Pradesh
115.6,25.4,59.6,8,2005,Madhya Pradesh
25.0,25.8,59.0,9,2005,Madhya Pradesh
0.8,25.2,59.0,10,2005,Madhya Pradesh
0.3,19.6,62.8,11,2005,Madhya Pradesh
3.6,17.5,62.1,12,2005,Madhya Pradesh
1.0,16.3,60.0,1,2006,Madhya Pradesh
0.2,19.5,60.9,2,2006,Madhya Pradesh
1.0,29.0,52.1,3,2006,Madhya Pradesh
0.8,35.1,47.4,4,2006,Madhya Pradesh
0.8,35.8,44.9,5,2006,Madhya Pradesh
51.2,31.9,50.5,6,2006,Madhya Pradesh
92.7,27.1,58.2,7,2006,Madhya Pradesh
22.0,25.6,59.0,8,2006,Madhya Pradesh
19.6,25.1,54.2,9,2006,Madhya Pradesh
2.8,22.8,57.7,10,2006,Madhya Pradesh
0.6,18.6,60.3,11,2006,Madhya Pradesh
1.8,16.0,58.2,12,2006,Madhya Pradesh
0.7,16.4,67.3,1,2007,Madhya Pradesh
1.0,22.2,61.0,2,2007,Madhya Pradesh
0.5,28.2,51.8,3,2007,Madhya Pradesh
0.7,36.7,49.4,4,2007,Madhya Pradesh
1.2,37.2,50.7,5,2007,Madhya Pradesh
22.1,33.6,50.7,6,2007,Madhya Pradesh
37.8,29.1,53.9,7,2007,Madhya Pradesh
78.1,26.7,59.7,8,2007,Madhya Pradesh
11.7,27.1,55.7,9,2007,Madhya Pradesh
2.2,24.5,59.9,10,2007,Madhya Pradesh
0.8,21.5,56.7,11,2007,Madhya Pradesh
3.0,17.8,64.5,12,2007,Madhya Pradesh
1.7,15.5,65.4,1,2008,Madhya Pradesh
0.2,19.5,61.4,2,2008,Madhya Pradesh
1.4,27.7,54.6,3,2008,Madhya Pradesh
4.4,35.2,49.5,4,2008,Madhya Pradesh
3.8,34.1,54.8,5,2008,Madhya Pradesh
140.6,30.2,62.6,6,2008,Madhya Pradesh
58.6,28.7,57.6,7,2008,Madhya Pradesh
139.1,25.9,62.7,8,2008,Madhya Pradesh
121.6,26.7,60.3,9,2008,Madhya Pradesh
5.9,23.8,59.3,10,2008,Madhya Pradesh
3.2,18.7,61.2,11,2008,Madhya Pradesh
1.7,15.8,60.8,12,2008,Madhya Pradesh
0.8,15.7,57.8,1,2009,Madhya Pradesh
0.4,19.1,58.1,2,2009,Madhya Pradesh
0.5,30.2,52.3,3,2009,Madhya Pradesh
1.0,34.5,55.1,4,2009,Madhya Pradesh
1.1,35.7,51.4,5,2009,Madhya Pradesh
62.7,32.6,57.7,6,2009,Madhya Pradesh
122.6,28.4,58.9,7,2009,Madhya Pradesh
52.1,26.4,59.9,8,2009,Madhya Pradesh
30.2,26.1,58.3,9,2009,Madhya Pradesh
1.2,25.1,58.2,10,2009,Madhya Pradesh
0.8,20.8,61.9,11,2009,Madhya Pradesh
1.8,17.8,62.7,12,2009,Madhya Pradesh
1.3,17.8,58.2,1,2010,Madhya Pradesh
1.4,20.7,61.2,2,2010,Madhya Pradesh
1.4,29.0,52.7,3,2010,Madhya Pradesh
0.5,35.6,48.0,4,2010,Madhya Pradesh
3.4,37.6,48.7,5,2010,Madhya Pradesh
39.2,31.7,56.3,6,2010,Madhya Pradesh
208.3,28.1,62.9,7,2010,Madhya Pradesh
26.8,25.4,58.1,8,2010,Madhya Pradesh
42.2,25.1,59.2,9,2010,Madhya Pradesh
4.3,23.4,54.2,10,2010,Madhya Pradesh
0.3,20.3,60.9,11,2010,Madhya Pradesh
2.4,18.4,51.9,12,2010,Madhya Pradesh
1.4,16.1,63.5,1,2011,Madhya Pradesh
2.3,18.8,61.7,2,2011,Madhya Pradesh
0.7,29.7,54.5,3,2011,Madhya Pradesh
0.5,35.2,56.2,4,2011,Madhya Pradesh
1.4,36.3,53.1,5,2011,Madhya Pradesh
20.5,32.6,51.7,6,2011,Madhya Pradesh
7.5,27.2,54.9,7,2011,Madhya Pradesh
132.8,26.8,53.5,8,2011,Madhya Pradesh
78.2,26.5,58.4,9,2011,Madhya Pradesh
0.4,24.7,52.5,10,2011,Madhya Pradesh
0.6,20.8,57.2,11,2011,Madhya Pradesh
2.3,16.0,62.1,12,2011,Madhya Pradesh
0.2,17.3,59.6,1,2012,Madhya Pradesh
2.0,20.7,55.4,2,2012,Madhya Pradesh
0.6,29.5,55.9,3,2012,Madhya Pradesh
1.9,36.2,46.2,4,2012,Madhya Pradesh
1.2,37.2,49.3,5,2012,Madhya Pradesh
38.1,31.7,53.1,6,2012,Madhya Pradesh
26.2,29.3,52.5,7,2012,Madhya Pradesh
195.5,27.9,65.0,8,2012,Madhya Pradesh
106.2,26.2,60.4,9,2012,Madhya Pradesh
0.9,24.3,62.3,10,2012,Madhya Pradesh
1.5,21.3,61.6,11,2012,Madhya Pradesh
0.1,15.8,57.7,12,2012,Madhya Pradesh
1.3,15.5,62.9,1,2013,Madhya Pradesh
1.7,19.8,58.3,2,2013,Madhya Pradesh
0.5,29.5,51.6,3,2013,Madhya Pradesh
2.3,35.7,53.1,4,2013,Madhya Pradesh
0.9,37.9,52.8,5,2013,Madhya Pradesh
94.3,32.3,59.0,6,2013,Madhya Pradesh
319.7,29.0,72.9,7,2013,Madhya Pradesh
34.0,27.8,59.0,8,2013,Madhya Pradesh
10.5,26.5,60.7,9,2013,Madhya Pradesh
1.6,25.4,58.9,10,2013,Madhya Pradesh
0.7,20.3,60.3,11,2013,Madhya Pradesh
3.1,17.8,59.9,12,2013,Madhya Pradesh
0.4,15.7,65.7,1,2014,Madhya Pradesh
0.7,20.6,61.8,2,2014,Madhya Pradesh
2.5,30.1,52.3,3,2014,Madhya Pradesh
3.1,35.2,55.3,4,2014,Madhya Pradesh
0.8,36.9,44.6,5,2014,Madhya Pradesh
27.3,33.5,55.3,6,2014,Madhya Pradesh
99.6,27.6,57.8,7,2014,Madhya Pradesh
44.4,28.7,52.1,8,2014,Madhya Pradesh
65.7,27.4,59.4,9,2014,Madhya Pradesh
0.4,24.7,55.3,10,2014,Madhya Pradesh
0.4,19.5,62.7,11,2014,Madhya Pradesh
0.5,19.1,60.7,12,2014,Madhya Pradesh
0.6,15.1,65.7,1,2015,Madhya Pradesh
0.9,20.6,60.7,2,2015,Madhya Pradesh
0.7,29.2,55.8,3,2015,Madhya Pradesh
1.5,34.1,54.7,4,2015,Madhya Pradesh
0.6,34.7,56.5,5,2015,Madhya Pradesh
119.4,30.2,55.5,6,2015,Madhya Pradesh
186.8,29.5,62.6,7,2015,Madhya Pradesh
66.1,26.2,58.0,8,2015,Madhya Pradesh
61.5,25.5,57.9,9,2015,Madhya Pradesh
1.3,23.2,57.7,10,2015,Madhya Pradesh
1.3,19.4,55.7,11,2015,Madhya Pradesh
3.3,16.5,64.9,12,2015,Madhya Pradesh
1.3,16.5,56.3,1,2016,Madhya Pradesh
1.2,19.5,61.5,2,2016,Madhya Pradesh
0.5,29.8,51.2,3,2016,Madhya Pradesh
1.9,34.2,54.6,4,2016,Madhya Pradesh
1.6,36.8,57.5,5,2016,Madhya Pradesh
24.3,33.3,51.8,6,2016,Madhya Pradesh
74.1,28.1,57.9,7,2016,Madhya Pradesh
96.3,26.8,57.6,8,2016,Madhya Pradesh
144.0,27.6,61.8,9,2016,Madhya Pradesh
2.3,24.4,57.6,10,2016,Madhya Pradesh
1.4,20.7,55.6,11,2016,Madhya Pradesh
4.8,17.5,52.5,12,2016,Madhya Pradesh
1.9,16.7,58.7,1,2017,Madhya Pradesh
2.0,21.7,54.4,2,2017,Madhya Pradesh
0.7,29.3,53.5,3,2017,Madhya Pradesh
0.8,36.3,49.0,4,2017,Madhya Pradesh
0.0,35.5,54.4,5,2017,Madhya Pradesh
59.0,32.0,57.7,6,2017,Madhya Pradesh
7.5,28.7,55.7,7,2017,Madhya Pradesh
190.6,27.6,64.4,8,2017,Madhya Pradesh
47.2,26.5,59.8,9,2017,Madhya Pradesh
1.7,24.0,57.0,10,2017,Madhya Pradesh
0.3,21.9,54.6,11,2017,Madhya Pradesh
1.4,17.0,57.7,12,2017,Madhya Pradesh
0.6,16.3,59.8,1,2018,Madhya Pradesh
1.7,18.4,59.6,2,2018,Madhya Pradesh
2.0,29.8,50.8,3,2018,Madhya Pradesh
0.6,34.7,53.6,4,2018,Madhya Pradesh
1.4,35.7,56.3,5,2018,Madhya Pradesh
38.7,32.1,56.0,6,2018,Madhya Pradesh
28.4,27.5,54.4,7,2018,Madhya Pradesh
29.2,28.1,57.3,8,2018,Madhya Pradesh
57.1,24.6,56.8,9,2018,Madhya Pradesh
1.2,24.7,56.4,10,2018,Madhya Pradesh
2.0,18.7,62.3,11,2018,Madhya Pradesh
0.5,18.1,62.9,12,2018,Madhya Pradesh
1.2,16.3,61.3,1,2019,Madhya Pradesh
1.5,21.3,57.9,2,2019,Madhya Pradesh
0.8,29.1,56.8,3,2019,Madhya Pradesh
1.8,35.0,47.3,4,2019,Madhya Pradesh
0.9,37.3,46.8,5,2019,Madhya Pradesh
15.9,31.4,56.8,6,2019,Madhya Pradesh
58.0,27.2,59.7,7,2019,Madhya Pradesh
22.0,27.2,56.3,8,2019,Madhya Pradesh
79.3,26.0,60.9,9,2019,Madhya Pradesh
0.9,24.8,56.9,10,2019,Madhya Pradesh
0.6,19.8,59.0,11,2019,Madhya Pradesh
6.5,16.6,58.0,12,2019,Madhya Pradesh
1.1,15.9,68.0,1,2020,Madhya Pradesh
0.6,20.6,58.4,2,2020,Madhya Pradesh
0.4,26.8,55.9,3,2020,Madhya Pradesh
0.5,36.0,49.9,4,2020,Madhya Pradesh
1.5,36.2,54.8,5,2020,Madhya Pradesh
42.8,30.8,57.7,6,2020,Madhya Pradesh
19.0,28.5,50.8,7,2020,Madhya Pradesh
40.4,27.3,55.0,8,2020,Madhya Pradesh
77.3,26.9,58.2,9,2020,Madhya Pradesh
0.8,22.5,62.1,10,2020,Madhya Pradesh
2.8,20.1,56.1,11,2020,Madhya Pradesh
0.8,16.2,61.3,12,2020,Madhya Pradesh
4.7,22.3,59.6,1,1997,Maharashtra
2.7,23.9,63.4,2,1997,Maharashtra
4.2,29.2,55.6,3,1997,Maharashtra
0.2,33.7,62.4,4,1997,Maharashtra
9.5,32.8,54.7,5,1997,Maharashtra
6.4,30.8,58.3,6,1997,Maharashtra
14.8,28.3,61.3,7,1997,Maharashtra
54.5,29.1,62.8,8,1997,Maharashtra
76.8,26.7,64.6,9,1997,Maharashtra
1.4,26.4,66.7,10,1997,Maharashtra
1.8,23.8,64.9,11,1997,Maharashtra
0.2,22.2,62.9,12,1997,Maharashtra
4.0,20.5,64.1,1,1998,Maharashtra
2.2,23.4,65.2,2,1998,Maharashtra
6.0,28.1,54.8,3,1998,Maharashtra
3.3,31.8,59.3,4,1998,Maharashtra
8.5,31.5,59.9,5,1998,Maharashtra
40.5,31.3,56.0,6,1998,Maharashtra
72.4,29.0,65.4,7,1998,Maharashtra
186.2,28.4,71.5,8,1998,Maharashtra
64.7,26.9,64.8,9,1998,Maharashtra
0.8,26.4,54.4,10,1998,Maharashtra
3.0,23.7,59.1,11,1998,Maharashtra
3.0,21.6,65.3,12,1998,Maharashtra
0.4,21.4,68.1,1,1999,Maharashtra
1.5,22.9,64.1,2,1999,Maharashtra
0.6,29.2,60.3,3,1999,Maharashtra
1.8,33.3,61.4,4,1999,Maharashtra
1.9,31.9,56.7,5,1999,Maharashtra
28.9,30.4,58.9,6,1999,Maharashtra
58.6,29.5,64.0,7,1999,Maharashtra
83.3,27.7,67.0,8,1999,Maharashtra
84.0,25.0,63.5,9,1999,Maharashtra
2.0,26.6,62.9,10,1999,Maharashtra
0.2,24.3,56.2,11,1999,Maharashtra
0.3,23.2,61.7,12,1999,Maharashtra
5.7,20.4,63.7,1,2000,Maharashtra
2.4,23.5,65.9,2,2000,Maharashtra
0.5,29.3,51.5,3,2000,Maharashtra
0.4,33.2,57.4,4,2000,Maharashtra
1.3,33.0,56.0,5,2000,Maharashtra
30.8,30.2,62.4,6,2000,Maharashtra
21.7,28.9,59.1,7,2000,Maharashtra
52.5,27.7,61.2,8,2000,Maharashtra
51.9,28.3,58.5,9,2000,Maharashtra
0.8,26.2,55.6,10,2000,Maharashtra
1.3,22.8,64.3,11,2000,Maharashtra
2.6,22.4,61.2,12,2000,Maharashtra
3.1,21.3,66.5,1,2001,Maharashtra
2.2,23.3,58.3,2,2001,Maharashtra
0.6,28.5,63.5,3,2001,Maharashtra
3.3,34.0,55.9,4,2001,Maharashtra
2.2,31.9,60.5,5,2001,Maharashtra
56.3,31.0,57.8,6,2001,Maharashtra
61.1,28.3,64.3,7,2001,Maharashtra
101.5,27.4,65.9,8,2001,Maharashtra
45.9,26.7,60.2,9,2001,Maharashtra
2.2,25.8,61.3,10,2001,Maharashtra
4.0,23.6,63.8,11,2001,Maharashtra
3.5,21.2,66.6,12,2001,Maharashtra
1.6,21.3,59.9,1,2002,Maharashtra
1.1,23.1,61.8,2,2002,Maharashtra
0.8,28.9,57.3,3,2002,Maharashtra
1.6,31.1,62.7,4,2002,Maharashtra
0.7,32.3,56.8,5,2002,Maharashtra
12.4,31.0,52.1,6,2002,Maharashtra
100.5,28.8,59.3,7,2002,Maharashtra
172.1,28.1,65.1,8,2002,Maharashtra
10.0,27.7,56.8,9,2002,Maharashtra
1.8,25.6,61.2,10,2002,Maharashtra
3.3,23.0,63.6,11,2002,Maharashtra
3.8,20.7,68.0,12,2002,Maharashtra
0.8,21.9,60.8,1,2003,Maharashtra
2.5,24.6,65.4,2,2003,Maharashtra
0.5,27.6,60.1,3,2003,Maharashtra
1.7,32.2,63.1,4,2003,Maharashtra
2.4,33.9,62.7,5,2003,Maharashtra
28.5,32.1,61.7,6,2003,Maharashtra
81.2,29.2,63.6,7,2003,Maharashtra
73.9,27.3,62.2,8,2003,Maharashtra
34.7,26.7,59.2,9,2003,Maharashtra
1.8,24.7,59.7,10,2003,Maharashtra
2.3,23.8,58.7,11,2003,Maharashtra
0.5,22.2,64.0,12,2003,Maharashtra
4.1,22.1,65.0,1,2004,Maharashtra
2.3,23.0,61.5,2,2004,Maharashtra
2.7,29.6,60.1,3,2004,Maharashtra
1.6,32.3,57.5,4,2004,Maharashtra
2.1,33.5,56.7,5,2004,Maharashtra
25.8,30.3,63.6,6,2004,Maharashtra
26.4,27.3,61.4,7,2004,Maharashtra
13.5,28.1,64.6,8,2004,Maharashtra
42.8,26.9,59.8,9,2004,Maharashtra
5.6,25.0,62.1,10,2004,Maharashtra
1.2,23.4,60.5,11,2004,Maharashtra
1.1,21.3,64.6,12,2004,Maharashtra
2.3,20.1,65.3,1,2005,Maharashtra
1.0,23.1,61.8,2,2005,Maharashtra
0.9,29.1,60.8,3,2005,Maharashtra
6.4,32.6,58.7,4,2005,Maharashtra
0.4,33.6,54.0,5,2005,Maharashtra
88.9,31.1,68.5,6,2005,Maharashtra
37.5,28.2,66.3,7,2005,Maharashtra
107.6,26.6,70.4,8,2005,Maharashtra
45.7,28.2,59.7,9,2005,Maharashtra
0.8,27.1,59.9,10,2005,Maharashtra
2.7,24.5,53.6,11,2005,Maharashtra
2.6,21.6,64.5,12,2005,Maharashtra
3.6,21.7,57.9,1,2006,Maharashtra
2.2,24.3,56.8,2,2006,Maharashtra
1.6,29.0,56.6,3,2006,Maharashtra
7.6,33.9,54.5,4,2006,Maharashtra
5.3,33.7,56.2,5,2006,Maharashtra
95.7,29.8,62.6,6,2006,Maharashtra
89.2,29.6,57.3,7,2006,Maharashtra
203.4,27.0,70.3,8,2006,Maharashtra
95.7,27.4,61.6,9,2006,Maharashtra
5.0,25.4,59.1,10,2006,Maharashtra
3.0,24.1,60.6,11,2006,Maharashtra
1.8,21.5,64.4,12,2006,Maharashtra
4.3,21.9,71.4,1,2007,Maharashtra
1.3,23.7,65.0,2,2007,Maharashtra
2.5,28.8,56.4,3,2007,Maharashtra
5.5,33.9,60.4,4,2007,Maharashtra
2.7,33.6,60.0,5,2007,Maharashtra
121.0,31.5,61.9,6,2007,Maharashtra
46.7,29.2,63.2,7,2007,Maharashtra
40.5,28.6,60.6,8,2007,Maharashtra
24.2,26.1,57.8,9,2007,Maharashtra
1.8,25.0,59.5,10,2007,Maharashtra
1.2,25.1,56.7,11,2007,Maharashtra
2.6,21.4,66.9,12,2007,Maharashtra
2.2,21.5,57.9,1,2008,Maharashtra
0.5,23.9,59.8,2,2008,Maharashtra
1.1,28.5,59.1,3,2008,Maharashtra
5.9,32.6,52.6,4,2008,Maharashtra
5.8,32.6,51.2,5,2008,Maharashtra
18.5,30.5,58.3,6,2008,Maharashtra
17.9,27.6,57.5,7,2008,Maharashtra
20.1,27.5,57.5,8,2008,Maharashtra
53.7,27.2,65.4,9,2008,Maharashtra
1.4,25.9,64.3,10,2008,Maharashtra
1.2,23.7,63.8,11,2008,Maharashtra
2.3,22.4,64.8,12,2008,Maharashtra
3.6,19.7,63.9,1,2009,Maharashtra
0.5,21.7,60.2,2,2009,Maharashtra
3.8,28.0,56.7,3,2009,Maharashtra
1.8,31.7,58.6,4,2009,Maharashtra
2.8,32.1,61.0,5,2009,Maharashtra
7.6,29.4,54.8,6,2009,Maharashtra
67.3,27.0,64.8,7,2009,Maharashtra
12.7,26.6,62.9,8,2009,Maharashtra
65.0,27.8,63.5,9,2009,Maharashtra
0.3,27.3,63.2,10,2009,Maharashtra
3.1,21.2,62.4,11,2009,Maharashtra
1.5,22.3,61.5,12,2009,Maharashtra
0.8,22.5,59.7,1,2010,Maharashtra
4.1,23.1,58.5,2,2010,Maharashtra
1.5,29.4,57.8,3,2010,Maharashtra
2.6,31.3,62.5,4,2010,Maharashtra
1.7,33.1,56.0,5,2010,Maharashtra
44.8,30.2,63.4,6,2010,Maharashtra
41.3,27.2,59.8,7,2010,Maharashtra
87.2,28.2,62.1,8,2010,Maharashtra
12.8,27.1,59.7,9,2010,Maharashtra
1.1,25.8,58.9,10,2010,Maharashtra
2.7,24.3,61.8,11,2010,Maharashtra
6.5,22.2,60.8,12,2010,Maharashtra
0.5,20.1,65.1,1,2011,Maharashtra
1.8,24.0,60.8,2,2011,Maharashtra
2.6,29.0,57.1,3,2011,Maharashtra
0.6,33.7,57.5,4,2011,Maharashtra
4.3,33.0,57.3,5,2011,Maharashtra
57.6,31.0,60.2,6,2011,Maharashtra
97.8,28.2,64.8,7,2011,Maharashtra
92.1,26.7,63.3,8,2011,Maharashtra
31.1,27.3,56.8,9,2011,Maharashtra
1.7,25.6,64.6,10,2011,Maharashtra
2.2,23.6,62.5,11,2011,Maharashtra
2.4,22.6,61.1,12,2011,Maharashtra
2.7,21.8,62.4,1,2012,Maharashtra
4.1,24.1,59.0,2,2012,Maharashtra
0.9,29.2,64.7,3,2012,Maharashtra
1.5,32.2,60.3,4,2012,Maharashtra
1.0,32.0,56.0,5,2012,Maharashtra
16.8,31.0,60.8,6,2012,Maharashtra
102.8,30.4,61.2,7,2012,Maharashtra
55.9,27.7,62.2,8,2012,Maharashtra
19.9,26.7,57.0,9,2012,Maharashtra
0.3,26.2,61.3,10,2012,Maharashtra
0.5,23.9,62.5,11,2012,Maharashtra
2.6,22.9,60.0,12,2012,Maharashtra
1.2,20.1,64.3,1,2013,Maharashtra
2.2,21.8,60.7,2,2013,Maharashtra
1.2,30.0,58.6,3,2013,Maharashtra
6.0,32.5,61.9,4,2013,Maharashtra
3.3,33.5,60.5,5,2013,Maharashtra
22.2,31.1,53.1,6,2013,Maharashtra
220.5,28.4,67.0,7,2013,Maharashtra
47.9,27.0,61.5,8,2013,Maharashtra
47.9,27.8,60.8,9,2013,Maharashtra
3.4,26.3,60.1,10,2013,Maharashtra
2.2,23.4,65.6,11,2013,Maharashtra
3.3,21.7,65.5,12,2013,Maharashtra
0.6,22.3,56.2,1,2014,Maharashtra
1.4,24.8,56.8,2,2014,Maharashtra
2.0,31.5,51.4,3,2014,Maharashtra
1.3,34.1,56.9,4,2014,Maharashtra
2.3,34.0,60.4,5,2014,Maharashtra
49.5,30.6,59.3,6,2014,Maharashtra
27.5,30.1,61.0,7,2014,Maharashtra
41.2,26.8,56.1,8,2014,Maharashtra
81.9,27.6,60.0,9,2014,Maharashtra
0.2,25.5,64.5,10,2014,Maharashtra
1.9,24.4,63.0,11,2014,Maharashtra
1.0,21.7,63.4,12,2014,Maharashtra
3.0,23.6,61.8,1,2015,Maharashtra
2.2,24.4,62.2,2,2015,Maharashtra
0.5,29.9,59.9,3,2015,Maharashtra
1.7,34.2,53.5,4,2015,Maharashtra
1.0,34.7,56.2,5,2015,Maharashtra
82.8,31.2,58.2,6,2015,Maharashtra
74.9,29.4,66.1,7,2015,Maharashtra
78.7,29.0,62.4,8,2015,Maharashtra
12.1,28.2,68.6,9,2015,Maharashtra
4.4,27.1,63.2,10,2015,Maharashtra
7.4,23.9,65.2,11,2015,Maharashtra
2.1,22.7,62.8,12,2015,Maharashtra
2.5,22.0,62.9,1,2016,Maharashtra
0.8,25.7,58.1,2,2016,Maharashtra
2.2,28.8,53.7,3,2016,Maharashtra
0.4,33.1,59.3,4,2016,Maharashtra
7.9,34.3,54.4,5,2016,Maharashtra
101.0,31.0,64.7,6,2016,Maharashtra
127.8,29.4,66.0,7,2016,Maharashtra
51.3,28.1,58.8,8,2016,Maharashtra
31.9,27.4,59.2,9,2016,Maharashtra
0.9,26.9,64.4,10,2016,Maharashtra
1.4,23.0,64.2,11,2016,Maharashtra
2.6,21.8,59.3,12,2016,Maharashtra
0.2,22.3,57.3,1,2017,Maharashtra
1.1,23.4,65.1,2,2017,Maharashtra
1.4,29.4,56.4,3,2017,Maharashtra
1.9,33.9,54.5,4,2017,Maharashtra
1.2,34.3,58.9,5,2017,Maharashtra
41.7,30.1,57.7,6,2017,Maharashtra
143.2,28.2,66.5,7,2017,Maharashtra
38.2,28.1,60.3,8,2017,Maharashtra
179.5,28.0,64.8,9,2017,Maharashtra
1.4,26.3,62.6,10,2017,Maharashtra
6.4,25.1,58.0,11,2017,Maharashtra
1.0,21.2,61.6,12,2017,Maharashtra
3.4,22.4,56.2,1,2018,Maharashtra
2.2,24.8,64.6,2,2018,Maharashtra
1.6,29.0,57.6,3,2018,Maharashtra
2.5,33.4,56.8,4,2018,Maharashtra
7.4,34.3,54.8,5,2018,Maharashtra
16.6,31.3,53.0,6,2018,Maharashtra
85.2,28.9,63.8,7,2018,Maharashtra
102.9,27.5,64.0,8,2018,Maharashtra
8.8,28.0,57.5,9,2018,Maharashtra
0.3,26.1,59.1,10,2018,Maharashtra
1.0,25.2,53.0,11,2018,Maharashtra
1.6,22.6,59.8,12,2018,Maharashtra
1.0,21.5,59.4,1,2019,Maharashtra
3.5,22.3,58.3,2,2019,Maharashtra
1.9,28.7,60.9,3,2019,Maharashtra
2.9,32.1,56.5,4,2019,Maharashtra
1.3,33.5,54.5,5,2019,Maharashtra
4.6,31.5,49.1,6,2019,Maharashtra
11.9,27.9,61.0,7,2019,Maharashtra
53.0,26.7,61.2,8,2019,Maharashtra
3.9,28.2,61.0,9,2019,Maharashtra
1.4,26.0,61.1,10,2019,Maharashtra
2.4,23.5,61.5,11,2019,Maharashtra
1.4,21.1,67.0,12,2019,Maharashtra
3.5,21.5,66.3,1,2020,Maharashtra
3.0,25.7,61.5,2,2020,Maharashtra
1.3,28.8,56.1,3,2020,Maharashtra
3.2,32.5,60.7,4,2020,Maharashtra
2.1,33.4,57.1,5,2020,Maharashtra
13.4,30.3,60.3,6,2020,Maharashtra
210.8,28.5,70.9,7,2020,Maharashtra
40.2,28.3,56.7,8,2020,Maharashtra
43.7,27.5,59.1,9,2020,Maharashtra
2.8,25.7,63.0,10,2020,Maharashtra
4.2,23.8,61.7,11,2020,Maharashtra
3.4,23.1,62.1,12,2020,Maharashtra
1.5,13.7,83.0,1,1997,Manipur
0.2,15.9,73.1,2,1997,Manipur
2.0,22.3,78.5,3,1997,Manipur
7.6,26.5,73.5,4,1997,Manipur
2.3,27.4,76.4,5,1997,Manipur
139.4,23.7,75.0,6,1997,Manipur
104.1,20.6,76.5,7,1997,Manipur
19.7,20.6,73.2,8,1997,Manipur
56.9,20.4,78.8,9,1997,Manipur
6.5,18.9,78.6,10,1997,Manipur
1.0,14.8,74.4,11,1997,Manipur
3.7,13.0,81.0,12,1997,Manipur
11.0,13.5,71.3,1,1998,Manipur
2.9,15.0,81.1,2,1998,Manipur
5.1,24.3,72.3,3,1998,Manipur
2.0,27.1,74.7,4,1998,Manipur
4.0,26.1,73.5,5,1998,Manipur
142.9,25.9,78.8,6,1998,Manipur
5.3,21.7,81.4,7,1998,Manipur
49.6,20.9,79.3,8,1998,Manipur
15.4,18.3,76.8,9,1998,Manipur
4.3,18.4,77.9,10,1998,Manipur
3.3,16.4,74.5,11,1998,Manipur
6.0,15.3,80.1,12,1998,Manipur
4.0,13.6,76.9,1,1999,Manipur
11.6,16.2,82.9,2,1999,Manipur
7.7,22.8,76.8,3,1999,Manipur
7.0,26.1,72.4,4,1999,Manipur
3.5,25.4,71.3,5,1999,Manipur
163.0,23.7,81.7,6,1999,Manipur
61.2,22.7,78.6,7,1999,Manipur
39.0,20.1,75.0,8,1999,Manipur
7.8,20.4,73.2,9,1999,Manipur
2.2,17.8,73.6,10,1999,Manipur
2.9,16.4,74.6,11,1999,Manipur
3.3,13.5,76.9,12,1999,Manipur
6.9,12.3,76.0,1,2000,Manipur
9.8,16.0,75.9,2,2000,Manipur
3.2,21.6,76.0,3,2000,Manipur
13.0,24.9,73.0,4,2000,Manipur
5.9,27.7,70.0,5,2000,Manipur
90.3,23.6,77.9,6,2000,Manipur
79.9,21.9,78.2,7,2000,Manipur
33.6,20.2,77.0,8,2000,Manipur
22.3,20.4,80.4,9,2000,Manipur
9.1,18.2,80.4,10,2000,Manipur
8.9,14.6,76.7,11,2000,Manipur
9.9,14.1,79.5,12,2000,Manipur
3.8,13.9,82.6,1,2001,Manipur
0.8,14.8,78.5,2,2001,Manipur
3.7,23.9,73.5,3,2001,Manipur
6.2,25.4,72.5,4,2001,Manipur
6.8,28.6,68.4,5,2001,Manipur
34.8,25.4,78.2,6,2001,Manipur
72.5,21.8,76.2,7,2001,Manipur
159.6,20.6,85.4,8,2001,Manipur
28.2,19.6,70.5,9,2001,Manipur
1.9,18.7,76.2,10,2001,Manipur
1.5,16.6,77.2,11,2001,Manipur
2.2,13.7,82.8,12,2001,Manipur
4.8,11.9,75.9,1,2002,Manipur
6.6,16.2,77.8,2,2002,Manipur
2.2,23.3,71.1,3,2002,Manipur
6.9,26.5,73.8,4,2002,Manipur
5.6,28.5,72.9,5,2002,Manipur
82.3,24.5,75.3,6,2002,Manipur
69.9,21.8,75.8,7,2002,Manipur
59.8,21.6,81.4,8,2002,Manipur
62.6,21.4,74.0,9,2002,Manipur
2.8,19.2,73.4,10,2002,Manipur
5.0,16.8,72.9,11,2002,Manipur
4.7,13.8,77.2,12,2002,Manipur
4.4,14.0,76.9,1,2003,Manipur
8.1,15.7,82.4,2,2003,Manipur
3.9,22.3,72.3,3,2003,Manipur
1.3,26.9,72.5,4,2003,Manipur
6.4,27.3,76.6,5,2003,Manipur
42.8,23.0,74.9,6,2003,Manipur
41.9,21.9,79.7,7,2003,Manipur
60.8,20.6,82.3,8,2003,Manipur
40.2,20.4,76.1,9,2003,Manipur
2.0,19.6,78.6,10,2003,Manipur
5.6,14.4,81.0,11,2003,Manipur
12.9,13.1,78.8,12,2003,Manipur
15.0,13.0,85.2,1,2004,Manipur
10.1,16.1,77.3,2,2004,Manipur
12.0,21.7,77.6,3,2004,Manipur
2.9,28.0,70.8,4,2004,Manipur
1.1,27.5,72.0,5,2004,Manipur
75.5,23.5,81.4,6,2004,Manipur
153.0,22.4,80.7,7,2004,Manipur
18.1,22.0,75.7,8,2004,Manipur
62.5,21.1,83.5,9,2004,Manipur
4.2,20.3,74.4,10,2004,Manipur
12.6,17.5,81.2,11,2004,Manipur
3.1,14.4,75.8,12,2004,Manipur
7.0,12.9,79.9,1,2005,Manipur
5.1,15.9,77.8,2,2005,Manipur
8.7,22.9,71.8,3,2005,Manipur
2.1,26.3,74.5,4,2005,Manipur
4.7,26.1,72.3,5,2005,Manipur
16.8,23.4,74.1,6,2005,Manipur
95.5,21.2,85.6,7,2005,Manipur
106.0,20.9,83.4,8,2005,Manipur
78.3,20.0,83.6,9,2005,Manipur
2.5,19.6,71.7,10,2005,Manipur
1.8,16.3,80.9,11,2005,Manipur
3.1,14.6,76.1,12,2005,Manipur
6.4,14.0,82.2,1,2006,Manipur
2.2,16.7,80.4,2,2006,Manipur
4.0,22.4,75.8,3,2006,Manipur
0.5,27.4,72.2,4,2006,Manipur
0.4,29.4,71.3,5,2006,Manipur
17.6,23.8,73.9,6,2006,Manipur
13.6,21.0,76.1,7,2006,Manipur
44.1,21.1,77.1,8,2006,Manipur
44.2,21.3,76.9,9,2006,Manipur
0.6,19.2,71.2,10,2006,Manipur
1.3,17.2,79.1,11,2006,Manipur
1.0,14.7,81.9,12,2006,Manipur
7.0,12.6,82.5,1,2007,Manipur
2.8,16.3,78.2,2,2007,Manipur
6.1,22.0,77.0,3,2007,Manipur
5.7,25.1,72.4,4,2007,Manipur
12.4,25.7,75.1,5,2007,Manipur
22.5,23.3,75.5,6,2007,Manipur
7.2,20.3,77.4,7,2007,Manipur
74.3,20.5,81.7,8,2007,Manipur
29.0,19.5,82.3,9,2007,Manipur
15.8,18.3,77.3,10,2007,Manipur
5.7,14.6,81.2,11,2007,Manipur
3.2,14.2,79.0,12,2007,Manipur
8.5,13.6,86.7,1,2008,Manipur
5.1,16.4,73.5,2,2008,Manipur
4.2,22.9,76.6,3,2008,Manipur
1.4,26.2,76.6,4,2008,Manipur
14.9,27.2,68.2,5,2008,Manipur
41.8,23.6,74.1,6,2008,Manipur
144.7,20.4,79.1,7,2008,Manipur
34.1,19.7,82.3,8,2008,Manipur
57.8,20.1,77.5,9,2008,Manipur
2.5,19.4,74.6,10,2008,Manipur
2.4,14.3,76.0,11,2008,Manipur
3.3,14.0,75.6,12,2008,Manipur
14.2,13.9,77.1,1,2009,Manipur
7.4,15.9,78.0,2,2009,Manipur
1.5,23.4,69.8,3,2009,Manipur
7.2,28.4,78.1,4,2009,Manipur
3.4,29.1,74.3,5,2009,Manipur
234.4,25.6,82.5,6,2009,Manipur
41.7,21.4,78.6,7,2009,Manipur
28.3,23.0,75.7,8,2009,Manipur
46.3,19.8,79.2,9,2009,Manipur
7.0,19.1,78.5,10,2009,Manipur
3.4,17.6,78.7,11,2009,Manipur
2.3,14.2,82.7,12,2009,Manipur
4.3,13.8,78.7,1,2010,Manipur
3.2,15.7,78.0,2,2010,Manipur
2.6,19.5,75.1,3,2010,Manipur
8.0,26.1,74.9,4,2010,Manipur
8.5,26.6,73.7,5,2010,Manipur
8.2,23.9,72.6,6,2010,Manipur
47.7,20.5,78.7,7,2010,Manipur
17.5,19.7,74.8,8,2010,Manipur
40.2,20.7,76.2,9,2010,Manipur
7.1,18.9,71.8,10,2010,Manipur
2.0,13.9,77.0,11,2010,Manipur
2.1,12.1,82.3,12,2010,Manipur
13.4,12.8,83.1,1,2011,Manipur
1.1,15.0,79.7,2,2011,Manipur
5.1,22.7,75.2,3,2011,Manipur
6.5,25.9,69.0,4,2011,Manipur
9.4,27.0,72.9,5,2011,Manipur
17.2,24.5,73.3,6,2011,Manipur
23.9,22.1,76.7,7,2011,Manipur
52.3,20.5,72.1,8,2011,Manipur
31.6,20.0,79.9,9,2011,Manipur
4.1,18.5,72.4,10,2011,Manipur
3.9,15.7,73.8,11,2011,Manipur
0.6,12.7,80.3,12,2011,Manipur
2.5,12.9,83.8,1,2012,Manipur
2.6,13.5,81.6,2,2012,Manipur
4.3,21.5,70.7,3,2012,Manipur
2.8,25.6,78.6,4,2012,Manipur
6.7,26.6,77.6,5,2012,Manipur
69.5,22.3,76.3,6,2012,Manipur
134.3,21.8,81.5,7,2012,Manipur
182.8,18.8,86.2,8,2012,Manipur
17.4,18.1,79.5,9,2012,Manipur
4.6,16.4,78.4,10,2012,Manipur
11.0,15.8,80.0,11,2012,Manipur
8.8,13.0,78.2,12,2012,Manipur
5.5,13.7,79.8,1,2013,Manipur
5.9,17.3,74.1,2,2013,Manipur
2.9,21.9,75.8,3,2013,Manipur
3.6,26.6,73.0,4,2013,Manipur
1.8,28.4,73.2,5,2013,Manipur
31.6,24.9,73.5,6,2013,Manipur
256.8,22.8,82.7,7,2013,Manipur
26.5,22.5,72.0,8,2013,Manipur
22.9,22.7,74.9,9,2013,Manipur
6.7,19.5,74.9,10,2013,Manipur
7.6,16.4,78.0,11,2013,Manipur
8.5,13.7,79.7,12,2013,Manipur
0.4,11.9,82.1,1,2014,Manipur
6.6,15.1,80.0,2,2014,Manipur
4.7,21.0,73.8,3,2014,Manipur
3.2,24.6,72.0,4,2014,Manipur
4.3,25.3,72.1,5,2014,Manipur
17.9,23.6,76.2,6,2014,Manipur
27.6,21.1,77.8,7,2014,Manipur
37.9,18.5,83.2,8,2014,Manipur
30.6,19.0,82.1,9,2014,Manipur
11.7,17.0,75.7,10,2014,Manipur
3.1,16.5,73.3,11,2014,Manipur
11.0,12.3,82.2,12,2014,Manipur
1.9,12.1,85.1,1,2015,Manipur
4.8,17.2,84.8,2,2015,Manipur
3.6,23.1,76.7,3,2015,Manipur
7.8,26.8,71.6,4,2015,Manipur
1.2,28.1,78.3,5,2015,Manipur
21.8,25.7,75.1,6,2015,Manipur
58.9,21.8,74.0,7,2015,Manipur
8.4,21.2,72.9,8,2015,Manipur
94.3,19.9,79.0,9,2015,Manipur
1.0,18.1,77.5,10,2015,Manipur
7.1,16.2,80.7,11,2015,Manipur
3.3,12.7,80.6,12,2015,Manipur
5.8,14.3,76.2,1,2016,Manipur
7.6,16.8,81.3,2,2016,Manipur
2.2,22.6,77.2,3,2016,Manipur
3.1,27.0,71.1,4,2016,Manipur
0.7,26.4,71.2,5,2016,Manipur
112.9,24.3,83.5,6,2016,Manipur
2.7,21.4,76.5,7,2016,Manipur
54.8,21.4,72.5,8,2016,Manipur
27.9,19.9,76.3,9,2016,Manipur
12.5,20.0,73.0,10,2016,Manipur
1.4,16.7,76.5,11,2016,Manipur
3.5,13.8,83.0,12,2016,Manipur
7.8,12.5,83.1,1,2017,Manipur
3.8,15.4,78.4,2,2017,Manipur
4.9,21.5,82.2,3,2017,Manipur
1.4,26.8,73.4,4,2017,Manipur
3.6,26.6,73.7,5,2017,Manipur
60.6,22.3,76.3,6,2017,Manipur
88.0,19.7,73.7,7,2017,Manipur
218.1,19.7,82.6,8,2017,Manipur
37.9,19.4,74.9,9,2017,Manipur
3.6,16.7,81.0,10,2017,Manipur
8.4,15.5,82.1,11,2017,Manipur
8.7,12.8,78.9,12,2017,Manipur
1.1,14.7,78.5,1,2018,Manipur
1.9,17.2,77.7,2,2018,Manipur
4.3,22.3,72.4,3,2018,Manipur
5.4,27.9,65.0,4,2018,Manipur
9.4,27.8,71.2,5,2018,Manipur
8.6,24.7,73.1,6,2018,Manipur
11.5,21.1,74.8,7,2018,Manipur
28.5,22.1,76.7,8,2018,Manipur
53.2,21.9,76.1,9,2018,Manipur
1.7,19.2,69.8,10,2018,Manipur
4.0,16.3,78.6,11,2018,Manipur
4.6,14.8,81.8,12,2018,Manipur
5.7,13.8,82.8,1,2019,Manipur
6.2,16.2,75.3,2,2019,Manipur
17.1,23.4,68.5,3,2019,Manipur
2.7,27.0,76.7,4,2019,Manipur
1.9,29.0,69.1,5,2019,Manipur
177.1,25.1,78.9,6,2019,Manipur
90.3,21.5,79.6,7,2019,Manipur
71.3,22.1,75.9,8,2019,Manipur
63.9,21.1,79.8,9,2019,Manipur
5.8,18.7,74.9,10,2019,Manipur
2.2,15.5,75.1,11,2019,Manipur
1.7,14.8,73.5,12,2019,Manipur
13.9,14.0,78.0,1,2020,Manipur
2.7,17.3,77.6,2,2020,Manipur
0.3,22.5,74.0,3,2020,Manipur
20.2,27.3,76.2,4,2020,Manipur
12.8,28.3,73.1,5,2020,Manipur
70.7,24.6,77.9,6,2020,Manipur
47.1,20.0,79.8,7,2020,Manipur
80.2,21.2,76.3,8,2020,Manipur
80.4,21.6,81.1,9,2020,Manipur
3.5,20.2,76.4,10,2020,Manipur
1.7,15.6,78.2,11,2020,Manipur
15.0,14.3,79.4,12,2020,Manipur
7.5,13.5,88.2,1,1997,Meghalaya
6.7,14.8,85.7,2,1997,Meghalaya
5.0,23.7,85.1,3,1997,Meghalaya
2.7,26.0,81.5,4,1997,Meghalaya
6.6,24.5,83.7,5,1997,Meghalaya
206.2,22.8,91.8,6,1997,Meghalaya
177.8,21.1,88.3,7,1997,Meghalaya
139.3,21.3,87.4,8,1997,Meghalaya
149.3,18.9,93.2,9,1997,Meghalaya
16.8,18.5,84.1,10,1997,Meghalaya
2.1,15.2,86.7,11,1997,Meghalaya
5.6,13.6,86.0,12,1997,Meghalaya
1.7,13.3,86.1,1,1998,Meghalaya
6.1,16.6,88.5,2,1998,Meghalaya
16.9,21.5,82.0,3,1998,Meghalaya
6.1,27.0,81.3,4,1998,Meghalaya
2.2,27.2,83.4,5,1998,Meghalaya
63.6,21.2,85.3,6,1998,Meghalaya
271.4,21.5,93.0,7,1998,Meghalaya
214.0,20.7,92.8,8,1998,Meghalaya
42.0,20.3,84.8,9,1998,Meghalaya
5.0,18.6,86.7,10,1998,Meghalaya
2.7,17.9,85.9,11,1998,Meghalaya
17.8,14.6,89.1,12,1998,Meghalaya
7.2,15.7,85.2,1,1999,Meghalaya
6.2,16.4,85.2,2,1999,Meghalaya
6.1,21.4,86.3,3,1999,Meghalaya
8.1,25.6,84.0,4,1999,Meghalaya
13.8,27.4,88.6,5,1999,Meghalaya
81.8,25.0,90.5,6,1999,Meghalaya
116.6,21.0,90.3,7,1999,Meghalaya
266.9,21.0,92.8,8,1999,Meghalaya
47.5,20.9,83.8,9,1999,Meghalaya
15.2,18.2,83.0,10,1999,Meghalaya
3.3,18.1,84.8,11,1999,Meghalaya
7.0,14.4,89.8,12,1999,Meghalaya
11.0,15.3,87.2,1,2000,Meghalaya
6.3,16.0,84.2,2,2000,Meghalaya
3.6,22.2,79.8,3,2000,Meghalaya
2.6,26.1,82.8,4,2000,Meghalaya
9.8,27.4,82.7,5,2000,Meghalaya
69.6,24.1,86.0,6,2000,Meghalaya
222.1,21.6,93.4,7,2000,Meghalaya
160.8,21.4,90.3,8,2000,Meghalaya
63.9,20.9,86.7,9,2000,Meghalaya
2.9,20.7,81.3,10,2000,Meghalaya
7.7,16.7,90.4,11,2000,Meghalaya
4.4,14.4,86.3,12,2000,Meghalaya
6.5,14.2,87.0,1,2001,Meghalaya
2.5,16.0,89.7,2,2001,Meghalaya
3.6,22.0,89.7,3,2001,Meghalaya
0.5,25.3,84.8,4,2001,Meghalaya
2.2,25.3,81.8,5,2001,Meghalaya
68.3,24.8,84.5,6,2001,Meghalaya
148.2,19.5,84.9,7,2001,Meghalaya
13.0,20.6,81.9,8,2001,Meghalaya
67.4,19.8,86.0,9,2001,Meghalaya
3.2,18.7,86.8,10,2001,Meghalaya
9.4,18.1,86.2,11,2001,Meghalaya
3.1,14.9,90.3,12,2001,Meghalaya
8.4,14.3,93.4,1,2002,Meghalaya
6.3,18.4,89.9,2,2002,Meghalaya
1.0,22.3,87.5,3,2002,Meghalaya
3.8,25.0,83.3,4,2002,Meghalaya
1.2,25.7,82.0,5,2002,Meghalaya
17.6,23.3,84.6,6,2002,Meghalaya
176.9,20.6,92.4,7,2002,Meghalaya
119.6,20.1,87.5,8,2002,Meghalaya
55.9,20.1,85.3,9,2002,Meghalaya
2.8,19.1,85.2,10,2002,Meghalaya
3.9,17.2,85.0,11,2002,Meghalaya
2.3,13.4,82.1,12,2002,Meghalaya
8.3,13.6,88.8,1,2003,Meghalaya
9.2,17.4,91.1,2,2003,Meghalaya
5.6,22.1,76.7,3,2003,Meghalaya
6.1,25.4,80.4,4,2003,Meghalaya
11.3,26.0,83.3,5,2003,Meghalaya
52.9,23.7,86.4,6,2003,Meghalaya
152.4,22.1,90.6,7,2003,Meghalaya
213.5,19.1,89.4,8,2003,Meghalaya
54.8,20.5,85.9,9,2003,Meghalaya
5.5,19.5,85.1,10,2003,Meghalaya
2.8,15.9,86.1,11,2003,Meghalaya
7.4,16.9,85.0,12,2003,Meghalaya
11.4,14.1,82.4,1,2004,Meghalaya
7.1,16.8,89.8,2,2004,Meghalaya
10.3,20.5,82.1,3,2004,Meghalaya
9.8,25.9,83.4,4,2004,Meghalaya
1.3,26.8,78.2,5,2004,Meghalaya
206.5,24.5,92.9,6,2004,Meghalaya
182.8,23.2,93.0,7,2004,Meghalaya
47.5,19.8,87.9,8,2004,Meghalaya
147.6,19.1,95.0,9,2004,Meghalaya
16.7,19.9,83.0,10,2004,Meghalaya
5.2,17.1,90.3,11,2004,Meghalaya
7.7,15.0,86.6,12,2004,Meghalaya
3.4,14.3,92.5,1,2005,Meghalaya
5.8,17.9,85.4,2,2005,Meghalaya
7.3,20.6,85.3,3,2005,Meghalaya
2.9,27.0,86.2,4,2005,Meghalaya
3.8,25.6,82.1,5,2005,Meghalaya
213.3,23.1,94.0,6,2005,Meghalaya
43.9,21.2,81.6,7,2005,Meghalaya
172.6,19.8,88.7,8,2005,Meghalaya
288.7,20.8,97.1,9,2005,Meghalaya
5.2,18.6,84.8,10,2005,Meghalaya
8.2,17.5,87.1,11,2005,Meghalaya
6.8,14.2,90.3,12,2005,Meghalaya
3.7,12.7,89.7,1,2006,Meghalaya
6.5,16.8,90.4,2,2006,Meghalaya
0.9,20.7,87.6,3,2006,Meghalaya
6.5,23.4,82.0,4,2006,Meghalaya
4.2,24.4,95.0,5,2006,Meghalaya
23.4,22.6,86.8,6,2006,Meghalaya
16.5,19.2,85.7,7,2006,Meghalaya
113.5,19.0,96.5,8,2006,Meghalaya
181.3,18.6,90.7,9,2006,Meghalaya
1.3,17.4,85.1,10,2006,Meghalaya
1.5,15.7,86.8,11,2006,Meghalaya
3.3,14.0,87.4,12,2006,Meghalaya
5.5,13.9,87.7,1,2007,Meghalaya
18.5,16.4,88.8,2,2007,Meghalaya
12.3,21.9,85.7,3,2007,Meghalaya
8.4,25.9,80.2,4,2007,Meghalaya
2.1,25.2,79.5,5,2007,Meghalaya
75.9,23.0,84.9,6,2007,Meghalaya
330.7,21.1,95.2,7,2007,Meghalaya
93.7,21.8,85.0,8,2007,Meghalaya
119.5,20.3,89.4,9,2007,Meghalaya
4.7,19.3,83.6,10,2007,Meghalaya
3.3,18.3,83.3,11,2007,Meghalaya
2.7,14.6,82.3,12,2007,Meghalaya
11.2,14.2,86.5,1,2008,Meghalaya
14.6,15.1,87.2,2,2008,Meghalaya
2.7,22.7,79.9,3,2008,Meghalaya
13.9,25.9,79.8,4,2008,Meghalaya
4.8,25.3,82.9,5,2008,Meghalaya
340.7,23.8,95.2,6,2008,Meghalaya
269.9,20.5,93.9,7,2008,Meghalaya
53.0,23.0,86.1,8,2008,Meghalaya
77.9,19.1,87.6,9,2008,Meghalaya
6.1,18.0,84.7,10,2008,Meghalaya
17.9,17.0,87.4,11,2008,Meghalaya
4.6,15.3,86.6,12,2008,Meghalaya
1.1,15.2,88.9,1,2009,Meghalaya
2.3,16.5,80.9,2,2009,Meghalaya
5.8,23.5,81.6,3,2009,Meghalaya
2.9,25.8,82.2,4,2009,Meghalaya
0.7,26.6,80.1,5,2009,Meghalaya
177.8,26.2,88.4,6,2009,Meghalaya
31.3,20.4,87.5,7,2009,Meghalaya
62.8,21.7,79.2,8,2009,Meghalaya
60.1,19.6,81.7,9,2009,Meghalaya
4.9,21.0,82.1,10,2009,Meghalaya
0.9,17.6,82.9,11,2009,Meghalaya
1.2,14.9,90.9,12,2009,Meghalaya
5.8,14.4,90.4,1,2010,Meghalaya
6.5,15.9,77.7,2,2010,Meghalaya
4.0,22.0,85.3,3,2010,Meghalaya
3.5,24.3,80.8,4,2010,Meghalaya
3.4,27.0,79.4,5,2010,Meghalaya
145.9,23.6,85.7,6,2010,Meghalaya
220.2,20.0,95.2,7,2010,Meghalaya
218.1,18.2,94.6,8,2010,Meghalaya
154.5,19.7,86.7,9,2010,Meghalaya
6.5,20.6,78.4,10,2010,Meghalaya
10.3,16.2,83.3,11,2010,Meghalaya
4.2,14.7,86.9,12,2010,Meghalaya
2.9,15.5,87.1,1,2011,Meghalaya
9.7,17.8,83.0,2,2011,Meghalaya
4.8,21.4,80.7,3,2011,Meghalaya
4.2,25.7,81.2,4,2011,Meghalaya
10.8,24.9,87.3,5,2011,Meghalaya
156.2,22.3,95.9,6,2011,Meghalaya
393.9,21.0,95.9,7,2011,Meghalaya
58.3,19.9,87.8,8,2011,Meghalaya
45.8,19.1,83.8,9,2011,Meghalaya
7.3,18.8,88.1,10,2011,Meghalaya
17.0,15.8,90.4,11,2011,Meghalaya
8.0,14.2,85.8,12,2011,Meghalaya
5.8,14.5,87.9,1,2012,Meghalaya
15.2,16.8,85.5,2,2012,Meghalaya
2.6,23.1,81.5,3,2012,Meghalaya
6.4,25.4,79.5,4,2012,Meghalaya
3.2,25.8,84.0,5,2012,Meghalaya
60.7,23.6,88.6,6,2012,Meghalaya
109.4,19.2,86.1,7,2012,Meghalaya
354.8,20.9,98.0,8,2012,Meghalaya
180.4,19.4,95.4,9,2012,Meghalaya
6.3,19.4,88.2,10,2012,Meghalaya
4.1,16.1,90.5,11,2012,Meghalaya
5.5,13.4,85.6,12,2012,Meghalaya
13.7,13.5,95.9,1,2013,Meghalaya
11.9,16.9,88.1,2,2013,Meghalaya
3.9,21.2,85.6,3,2013,Meghalaya
3.6,26.4,80.1,4,2013,Meghalaya
7.3,26.9,76.5,5,2013,Meghalaya
182.4,23.2,91.2,6,2013,Meghalaya
26.9,22.3,87.8,7,2013,Meghalaya
155.4,21.7,88.0,8,2013,Meghalaya
259.5,20.5,98.0,9,2013,Meghalaya
11.7,18.9,81.5,10,2013,Meghalaya
5.7,16.4,86.2,11,2013,Meghalaya
13.0,14.7,84.8,12,2013,Meghalaya
6.1,15.2,89.8,1,2014,Meghalaya
1.1,17.1,85.7,2,2014,Meghalaya
10.7,21.7,85.5,3,2014,Meghalaya
6.3,26.0,80.1,4,2014,Meghalaya
4.3,25.6,85.1,5,2014,Meghalaya
186.3,23.3,90.3,6,2014,Meghalaya
529.6,21.6,98.0,7,2014,Meghalaya
91.9,22.8,86.4,8,2014,Meghalaya
57.4,21.4,89.9,9,2014,Meghalaya
22.2,19.9,84.4,10,2014,Meghalaya
5.6,16.8,86.5,11,2014,Meghalaya
3.8,15.1,87.9,12,2014,Meghalaya
5.1,12.9,90.0,1,2015,Meghalaya
4.1,16.6,90.7,2,2015,Meghalaya
7.4,21.7,83.4,3,2015,Meghalaya
19.1,23.2,84.9,4,2015,Meghalaya
1.5,24.3,82.1,5,2015,Meghalaya
106.3,23.9,79.4,6,2015,Meghalaya
42.2,21.7,87.1,7,2015,Meghalaya
10.9,21.1,85.4,8,2015,Meghalaya
97.4,20.9,90.5,9,2015,Meghalaya
2.5,17.8,84.9,10,2015,Meghalaya
6.9,16.3,85.6,11,2015,Meghalaya
5.5,14.6,91.2,12,2015,Meghalaya
4.7,14.0,89.7,1,2016,Meghalaya
5.3,17.1,86.7,2,2016,Meghalaya
4.3,20.3,88.4,3,2016,Meghalaya
1.0,24.7,78.6,4,2016,Meghalaya
5.4,27.4,81.6,5,2016,Meghalaya
106.1,23.0,89.5,6,2016,Meghalaya
47.1,21.3,88.7,7,2016,Meghalaya
80.9,20.9,86.1,8,2016,Meghalaya
70.1,19.9,84.6,9,2016,Meghalaya
6.5,18.3,87.6,10,2016,Meghalaya
4.1,16.4,82.1,11,2016,Meghalaya
1.4,14.3,84.8,12,2016,Meghalaya
9.2,14.9,86.6,1,2017,Meghalaya
2.1,18.4,81.4,2,2017,Meghalaya
10.9,23.2,85.6,3,2017,Meghalaya
5.2,27.2,87.3,4,2017,Meghalaya
9.9,27.6,84.6,5,2017,Meghalaya
72.3,24.0,88.7,6,2017,Meghalaya
148.7,23.3,85.4,7,2017,Meghalaya
185.2,20.8,97.7,8,2017,Meghalaya
44.3,20.4,89.0,9,2017,Meghalaya
5.4,19.4,85.0,10,2017,Meghalaya
8.1,17.9,84.4,11,2017,Meghalaya
8.2,15.1,84.9,12,2017,Meghalaya
2.6,15.8,84.1,1,2018,Meghalaya
6.7,16.0,86.9,2,2018,Meghalaya
5.4,22.4,82.9,3,2018,Meghalaya
3.4,25.5,83.5,4,2018,Meghalaya
0.6,27.7,82.9,5,2018,Meghalaya
98.9,23.1,89.3,6,2018,Meghalaya
128.8,21.0,90.0,7,2018,Meghalaya
26.6,20.4,83.5,8,2018,Meghalaya
61.5,19.9,82.9,9,2018,Meghalaya
3.6,19.7,88.2,10,2018,Meghalaya
6.0,17.6,88.1,11,2018,Meghalaya
6.3,14.8,85.2,12,2018,Meghalaya
7.7,14.7,87.0,1,2019,Meghalaya
3.1,17.2,90.8,2,2019,Meghalaya
5.6,25.1,84.8,3,2019,Meghalaya
5.8,26.0,83.8,4,2019,Meghalaya
6.2,27.2,78.9,5,2019,Meghalaya
131.6,23.6,91.1,6,2019,Meghalaya
143.0,21.7,90.7,7,2019,Meghalaya
40.0,22.8,87.9,8,2019,Meghalaya
34.4,21.8,86.4,9,2019,Meghalaya
1.4,18.0,89.1,10,2019,Meghalaya
2.5,17.6,86.8,11,2019,Meghalaya
6.5,16.2,87.6,12,2019,Meghalaya
21.4,14.1,87.3,1,2020,Meghalaya
0.7,16.0,83.9,2,2020,Meghalaya
8.9,23.5,83.2,3,2020,Meghalaya
2.6,25.3,81.9,4,2020,Meghalaya
1.4,25.8,77.2,5,2020,Meghalaya
48.6,21.5,82.1,6,2020,Meghalaya
268.2,21.4,93.8,7,2020,Meghalaya
123.9,22.7,83.4,8,2020,Meghalaya
89.7,19.2,87.7,9,2020,Meghalaya
6.9,18.6,81.6,10,2020,Meghalaya
14.3,16.9,80.0,11,2020,Meghalaya
3.4,14.8,89.1,12,2020,Meghalaya
7.3,16.4,79.2,1,1997,Mizoram
12.6,18.3,77.2,2,1997,Mizoram
3.0,22.1,78.5,3,1997,Mizoram
5.6,25.5,73.8,4,1997,Mizoram
6.2,27.0,74.5,5,1997,Mizoram
58.6,24.9,73.8,6,1997,Mizoram
173.0,21.8,79.7,7,1997,Mizoram
53.8,21.3,77.7,8,1997,Mizoram
27.2,21.4,76.7,9,1997,Mizoram
4.9,21.0,81.0,10,1997,Mizoram
3.3,17.1,82.3,11,1997,Mizoram
8.7,16.8,80.3,12,1997,Mizoram
8.1,12.8,81.3,1,1998,Mizoram
3.4,15.8,84.0,2,1998,Mizoram
10.1,22.9,80.8,3,1998,Mizoram
2.2,26.2,75.3,4,1998,Mizoram
4.0,26.6,78.4,5,1998,Mizoram
106.5,25.4,76.3,6,1998,Mizoram
162.3,22.2,80.5,7,1998,Mizoram
29.4,21.1,80.2,8,1998,Mizoram
32.3,20.4,79.9,9,1998,Mizoram
2.3,18.4,79.8,10,1998,Mizoram
3.8,16.8,80.6,11,1998,Mizoram
8.7,16.0,81.6,12,1998,Mizoram
1.9,13.9,77.7,1,1999,Mizoram
5.5,16.2,77.9,2,1999,Mizoram
9.8,23.6,76.6,3,1999,Mizoram
4.7,26.1,73.7,4,1999,Mizoram
3.1,27.2,72.1,5,1999,Mizoram
93.8,23.5,79.3,6,1999,Mizoram
103.1,22.6,80.3,7,1999,Mizoram
49.8,20.8,77.3,8,1999,Mizoram
50.6,20.0,84.2,9,1999,Mizoram
3.5,18.9,80.9,10,1999,Mizoram
5.4,16.1,86.2,11,1999,Mizoram
2.4,15.4,79.0,12,1999,Mizoram
3.0,15.4,81.9,1,2000,Mizoram
3.6,18.1,75.0,2,2000,Mizoram
5.9,23.1,74.1,3,2000,Mizoram
1.6,26.8,72.0,4,2000,Mizoram
2.3,26.8,71.0,5,2000,Mizoram
135.8,24.4,80.4,6,2000,Mizoram
167.7,22.7,86.5,7,2000,Mizoram
20.8,21.3,79.5,8,2000,Mizoram
99.6,19.6,85.6,9,2000,Mizoram
3.2,19.7,78.4,10,2000,Mizoram
4.6,17.3,81.0,11,2000,Mizoram
3.9,15.7,81.6,12,2000,Mizoram
0.3,16.9,79.1,1,2001,Mizoram
2.7,18.4,76.7,2,2001,Mizoram
7.2,24.2,72.1,3,2001,Mizoram
6.0,26.4,73.7,4,2001,Mizoram
6.6,26.3,71.7,5,2001,Mizoram
114.5,25.8,77.1,6,2001,Mizoram
146.6,21.2,87.2,7,2001,Mizoram
148.3,22.3,86.6,8,2001,Mizoram
235.4,20.8,85.1,9,2001,Mizoram
5.9,21.0,79.9,10,2001,Mizoram
4.1,17.9,82.9,11,2001,Mizoram
1.4,14.8,75.4,12,2001,Mizoram
3.0,15.5,77.8,1,2002,Mizoram
5.8,17.6,82.9,2,2002,Mizoram
4.9,23.2,80.7,3,2002,Mizoram
0.7,26.2,77.8,4,2002,Mizoram
4.0,28.6,75.3,5,2002,Mizoram
31.5,25.4,77.0,6,2002,Mizoram
70.6,22.6,78.1,7,2002,Mizoram
70.6,21.6,80.6,8,2002,Mizoram
59.2,20.9,79.0,9,2002,Mizoram
3.1,19.4,81.0,10,2002,Mizoram
2.1,17.3,80.6,11,2002,Mizoram
1.7,15.8,81.2,12,2002,Mizoram
3.1,14.4,82.0,1,2003,Mizoram
0.6,19.2,80.0,2,2003,Mizoram
5.4,23.5,81.3,3,2003,Mizoram
0.9,26.6,70.3,4,2003,Mizoram
3.6,27.3,79.7,5,2003,Mizoram
9.8,26.1,74.5,6,2003,Mizoram
121.8,23.5,79.0,7,2003,Mizoram
58.6,20.6,80.8,8,2003,Mizoram
75.5,21.0,77.0,9,2003,Mizoram
7.1,21.5,80.8,10,2003,Mizoram
7.6,18.9,83.6,11,2003,Mizoram
1.0,16.7,83.1,12,2003,Mizoram
1.2,16.4,82.8,1,2004,Mizoram
4.5,16.9,75.8,2,2004,Mizoram
1.3,23.8,76.8,3,2004,Mizoram
11.3,27.2,73.6,4,2004,Mizoram
5.5,27.6,74.0,5,2004,Mizoram
92.6,24.9,81.4,6,2004,Mizoram
117.8,21.5,86.0,7,2004,Mizoram
22.2,23.2,72.5,8,2004,Mizoram
76.6,22.0,80.2,9,2004,Mizoram
1.0,22.9,80.8,10,2004,Mizoram
0.5,17.7,79.8,11,2004,Mizoram
4.7,16.6,80.8,12,2004,Mizoram
5.3,14.1,86.0,1,2005,Mizoram
5.7,16.3,78.7,2,2005,Mizoram
2.4,23.1,81.3,3,2005,Mizoram
7.6,27.4,74.7,4,2005,Mizoram
3.4,27.3,75.5,5,2005,Mizoram
73.1,23.8,86.4,6,2005,Mizoram
89.6,23.8,83.8,7,2005,Mizoram
10.8,20.4,78.7,8,2005,Mizoram
68.4,21.4,75.1,9,2005,Mizoram
4.2,19.1,77.7,10,2005,Mizoram
6.9,18.1,80.6,11,2005,Mizoram
4.4,14.5,84.4,12,2005,Mizoram
3.8,14.4,87.3,1,2006,Mizoram
1.9,15.2,82.0,2,2006,Mizoram
2.5,22.1,72.6,3,2006,Mizoram
2.7,25.7,75.9,4,2006,Mizoram
1.5,25.7,75.0,5,2006,Mizoram
90.6,24.7,81.8,6,2006,Mizoram
37.9,21.0,83.2,7,2006,Mizoram
111.1,21.2,78.5,8,2006,Mizoram
72.6,20.2,77.0,9,2006,Mizoram
3.9,20.5,82.2,10,2006,Mizoram
9.4,16.0,86.0,11,2006,Mizoram
6.6,12.6,82.6,12,2006,Mizoram
4.2,16.6,77.5,1,2007,Mizoram
1.2,17.6,79.4,2,2007,Mizoram
1.9,24.0,78.4,3,2007,Mizoram
3.0,25.9,75.8,4,2007,Mizoram
4.0,27.9,75.7,5,2007,Mizoram
83.2,24.2,79.0,6,2007,Mizoram
11.5,24.2,72.0,7,2007,Mizoram
152.9,23.2,77.1,8,2007,Mizoram
180.7,22.4,87.6,9,2007,Mizoram
9.3,21.1,74.2,10,2007,Mizoram
5.1,19.0,81.4,11,2007,Mizoram
4.6,16.1,79.3,12,2007,Mizoram
9.1,15.3,83.0,1,2008,Mizoram
6.4,17.7,80.5,2,2008,Mizoram
4.0,23.5,75.9,3,2008,Mizoram
2.9,27.7,76.9,4,2008,Mizoram
2.6,28.9,71.7,5,2008,Mizoram
22.3,25.0,74.8,6,2008,Mizoram
115.3,23.1,79.0,7,2008,Mizoram
104.7,22.8,81.0,8,2008,Mizoram
41.1,23.0,83.1,9,2008,Mizoram
13.1,20.3,80.5,10,2008,Mizoram
6.0,16.3,81.4,11,2008,Mizoram
3.1,16.0,87.4,12,2008,Mizoram
6.0,16.1,81.4,1,2009,Mizoram
4.9,17.3,83.2,2,2009,Mizoram
6.7,23.6,81.0,3,2009,Mizoram
8.2,28.4,73.2,4,2009,Mizoram
1.0,27.8,76.8,5,2009,Mizoram
116.4,24.1,81.2,6,2009,Mizoram
27.5,23.0,76.9,7,2009,Mizoram
69.0,22.9,79.2,8,2009,Mizoram
69.7,21.4,84.2,9,2009,Mizoram
3.0,20.5,73.7,10,2009,Mizoram
4.0,19.4,86.4,11,2009,Mizoram
15.0,17.0,80.6,12,2009,Mizoram
4.4,17.0,76.5,1,2010,Mizoram
1.7,18.6,74.1,2,2010,Mizoram
6.8,23.2,73.3,3,2010,Mizoram
2.0,25.8,76.3,4,2010,Mizoram
4.7,27.0,74.5,5,2010,Mizoram
68.3,23.5,75.4,6,2010,Mizoram
3.0,21.3,78.6,7,2010,Mizoram
28.4,21.7,76.2,8,2010,Mizoram
32.5,21.0,78.9,9,2010,Mizoram
3.3,20.8,81.3,10,2010,Mizoram
4.1,18.1,79.4,11,2010,Mizoram
5.8,15.8,84.5,12,2010,Mizoram
4.0,13.2,86.9,1,2011,Mizoram
2.9,16.8,80.8,2,2011,Mizoram
0.4,22.7,79.0,3,2011,Mizoram
3.4,27.3,72.2,4,2011,Mizoram
1.9,27.2,74.8,5,2011,Mizoram
14.2,24.3,76.3,6,2011,Mizoram
16.1,21.8,80.3,7,2011,Mizoram
106.2,21.1,80.8,8,2011,Mizoram
8.2,22.4,75.4,9,2011,Mizoram
7.3,18.9,78.5,10,2011,Mizoram
3.2,17.7,77.8,11,2011,Mizoram
3.9,15.1,83.2,12,2011,Mizoram
2.5,15.3,82.0,1,2012,Mizoram
2.3,17.8,79.0,2,2012,Mizoram
2.7,24.2,74.0,3,2012,Mizoram
7.6,27.2,72.0,4,2012,Mizoram
2.8,28.4,74.9,5,2012,Mizoram
47.2,26.3,77.3,6,2012,Mizoram
46.4,22.9,80.6,7,2012,Mizoram
74.9,22.3,81.1,8,2012,Mizoram
48.1,22.0,72.7,9,2012,Mizoram
4.4,19.9,81.0,10,2012,Mizoram
7.3,18.3,78.3,11,2012,Mizoram
7.5,16.2,85.4,12,2012,Mizoram
4.1,16.2,78.5,1,2013,Mizoram
4.1,16.9,79.4,2,2013,Mizoram
6.2,23.6,75.1,3,2013,Mizoram
2.6,26.4,78.4,4,2013,Mizoram
7.9,27.4,69.5,5,2013,Mizoram
83.4,25.7,78.9,6,2013,Mizoram
43.4,22.3,79.5,7,2013,Mizoram
17.9,22.1,80.5,8,2013,Mizoram
47.0,22.4,81.4,9,2013,Mizoram
2.6,19.1,82.4,10,2013,Mizoram
2.5,17.6,81.1,11,2013,Mizoram
4.7,15.6,83.7,12,2013,Mizoram
0.7,15.7,83.4,1,2014,Mizoram
3.8,19.2,78.3,2,2014,Mizoram
0.6,23.2,77.8,3,2014,Mizoram
10.5,28.2,73.4,4,2014,Mizoram
4.3,27.0,73.5,5,2014,Mizoram
258.9,25.3,91.8,6,2014,Mizoram
50.6,22.2,84.4,7,2014,Mizoram
208.1,22.0,89.6,8,2014,Mizoram
58.3,19.3,81.5,9,2014,Mizoram
4.0,18.8,79.9,10,2014,Mizoram
1.7,17.6,76.3,11,2014,Mizoram
4.8,16.9,82.1,12,2014,Mizoram
0.1,14.7,84.5,1,2015,Mizoram
1.2,17.1,85.1,2,2015,Mizoram
9.2,22.9,82.0,3,2015,Mizoram
11.5,27.6,71.2,4,2015,Mizoram
8.1,27.0,75.0,5,2015,Mizoram
266.2,24.7,91.7,6,2015,Mizoram
215.7,21.9,82.2,7,2015,Mizoram
75.7,23.5,75.7,8,2015,Mizoram
61.5,21.6,79.5,9,2015,Mizoram
1.3,20.6,76.4,10,2015,Mizoram
6.4,17.8,77.9,11,2015,Mizoram
1.3,15.8,76.1,12,2015,Mizoram
4.2,14.4,82.6,1,2016,Mizoram
2.8,16.8,72.9,2,2016,Mizoram
4.0,23.7,75.0,3,2016,Mizoram
3.8,25.5,73.9,4,2016,Mizoram
2.1,26.5,73.1,5,2016,Mizoram
155.4,23.5,82.5,6,2016,Mizoram
493.7,22.6,93.9,7,2016,Mizoram
98.6,19.9,86.3,8,2016,Mizoram
21.7,20.1,76.8,9,2016,Mizoram
2.4,20.9,80.0,10,2016,Mizoram
2.4,17.5,79.0,11,2016,Mizoram
0.7,16.0,80.3,12,2016,Mizoram
1.5,16.1,77.0,1,2017,Mizoram
2.6,18.5,85.7,2,2017,Mizoram
0.6,22.9,73.7,3,2017,Mizoram
2.7,27.4,74.2,4,2017,Mizoram
0.3,26.7,71.3,5,2017,Mizoram
27.9,26.4,78.0,6,2017,Mizoram
125.2,23.7,82.6,7,2017,Mizoram
117.5,22.3,83.0,8,2017,Mizoram
13.6,19.8,81.1,9,2017,Mizoram
11.5,20.7,80.7,10,2017,Mizoram
3.8,17.9,82.6,11,2017,Mizoram
10.2,18.4,81.2,12,2017,Mizoram
11.6,16.7,83.8,1,2018,Mizoram
4.9,18.8,77.2,2,2018,Mizoram
2.7,21.9,78.7,3,2018,Mizoram
5.8,28.8,75.0,4,2018,Mizoram
17.4,27.8,75.1,5,2018,Mizoram
31.8,26.6,79.1,6,2018,Mizoram
66.2,23.0,77.3,7,2018,Mizoram
45.1,22.3,82.6,8,2018,Mizoram
51.3,21.5,78.1,9,2018,Mizoram
7.2,20.3,77.3,10,2018,Mizoram
2.5,18.1,79.8,11,2018,Mizoram
2.6,16.7,77.3,12,2018,Mizoram
11.9,13.5,81.2,1,2019,Mizoram
1.3,16.0,84.4,2,2019,Mizoram
6.5,22.7,82.4,3,2019,Mizoram
5.0,25.8,75.4,4,2019,Mizoram
4.6,26.4,74.0,5,2019,Mizoram
42.2,22.4,77.8,6,2019,Mizoram
260.0,20.7,86.8,7,2019,Mizoram
24.9,21.3,79.8,8,2019,Mizoram
25.8,21.4,79.3,9,2019,Mizoram
5.9,20.0,77.4,10,2019,Mizoram
5.2,15.6,84.7,11,2019,Mizoram
6.8,14.6,81.6,12,2019,Mizoram
5.0,13.7,84.3,1,2020,Mizoram
5.8,18.4,84.4,2,2020,Mizoram
4.3,21.8,80.7,3,2020,Mizoram
8.8,26.1,78.3,4,2020,Mizoram
4.7,24.8,75.9,5,2020,Mizoram
103.3,24.7,75.9,6,2020,Mizoram
25.9,21.6,76.2,7,2020,Mizoram
58.5,19.7,75.3,8,2020,Mizoram
125.1,21.0,80.7,9,2020,Mizoram
3.2,19.0,78.7,10,2020,Mizoram
3.2,15.9,80.2,11,2020,Mizoram
3.3,15.1,76.4,12,2020,Mizoram
3.1,14.0,76.4,1,1997,Nagaland
4.4,17.1,80.3,2,1997,Nagaland
2.7,23.1,74.5,3,1997,Nagaland
1.3,26.6,73.9,4,1997,Nagaland
8.6,27.5,72.1,5,1997,Nagaland
40.0,24.7,77.8,6,1997,Nagaland
120.9,22.6,79.5,7,1997,Nagaland
56.1,20.0,79.9,8,1997,Nagaland
26.3,21.3,79.7,9,1997,Nagaland
8.4,19.1,79.2,10,1997,Nagaland
4.9,16.9,76.7,11,1997,Nagaland
7.4,13.7,76.4,12,1997,Nagaland
16.5,14.3,80.7,1,1998,Nagaland
1.1,16.5,77.1,2,1998,Nagaland
1.8,23.2,73.3,3,1998,Nagaland
1.6,26.4,68.2,4,1998,Nagaland
3.9,28.7,72.7,5,1998,Nagaland
79.3,24.2,72.3,6,1998,Nagaland
158.9,21.7,81.1,7,1998,Nagaland
18.4,21.1,74.6,8,1998,Nagaland
69.7,20.5,76.5,9,1998,Nagaland
1.5,19.8,72.0,10,1998,Nagaland
3.7,16.3,78.4,11,1998,Nagaland
2.3,14.3,77.3,12,1998,Nagaland
4.8,14.6,77.8,1,1999,Nagaland
2.0,17.8,70.4,2,1999,Nagaland
7.0,23.2,75.2,3,1999,Nagaland
1.2,28.1,73.8,4,1999,Nagaland
3.2,28.8,69.2,5,1999,Nagaland
82.0,26.4,72.1,6,1999,Nagaland
84.2,21.9,78.9,7,1999,Nagaland
33.1,21.9,72.2,8,1999,Nagaland
82.9,20.7,73.1,9,1999,Nagaland
5.5,20.2,74.7,10,1999,Nagaland
8.3,16.5,74.5,11,1999,Nagaland
9.6,13.9,80.4,12,1999,Nagaland
0.1,13.9,76.6,1,2000,Nagaland
9.2,16.4,77.6,2,2000,Nagaland
2.2,22.6,72.5,3,2000,Nagaland
0.4,26.4,75.1,4,2000,Nagaland
3.2,25.7,71.2,5,2000,Nagaland
28.7,23.9,74.5,6,2000,Nagaland
23.5,21.8,75.9,7,2000,Nagaland
113.5,21.3,75.3,8,2000,Nagaland
38.3,20.3,76.6,9,2000,Nagaland
7.6,19.6,73.3,10,2000,Nagaland
5.6,16.2,84.9,11,2000,Nagaland
16.9,13.8,85.4,12,2000,Nagaland
3.9,14.2,80.8,1,2001,Nagaland
2.6,16.1,83.1,2,2001,Nagaland
4.7,23.0,73.4,3,2001,Nagaland
3.0,27.8,72.0,4,2001,Nagaland
4.6,29.6,70.7,5,2001,Nagaland
173.9,25.5,79.1,6,2001,Nagaland
75.0,23.8,79.4,7,2001,Nagaland
86.8,21.4,77.7,8,2001,Nagaland
65.2,21.9,78.9,9,2001,Nagaland
4.8,20.2,74.0,10,2001,Nagaland
2.6,18.4,80.0,11,2001,Nagaland
2.7,16.7,78.5,12,2001,Nagaland
2.8,16.6,75.5,1,2002,Nagaland
4.4,17.4,83.2,2,2002,Nagaland
2.4,23.1,80.4,3,2002,Nagaland
4.7,28.3,72.7,4,2002,Nagaland
2.7,28.5,74.8,5,2002,Nagaland
20.1,25.9,76.0,6,2002,Nagaland
147.0,22.7,79.8,7,2002,Nagaland
88.6,20.6,83.4,8,2002,Nagaland
48.4,22.2,73.8,9,2002,Nagaland
1.0,20.1,80.9,10,2002,Nagaland
0.4,17.1,79.8,11,2002,Nagaland
5.3,15.4,78.4,12,2002,Nagaland
6.8,15.3,75.3,1,2003,Nagaland
5.3,16.4,76.7,2,2003,Nagaland
1.0,23.4,74.7,3,2003,Nagaland
6.9,27.5,67.3,4,2003,Nagaland
11.9,28.1,71.5,5,2003,Nagaland
1.6,24.2,75.6,6,2003,Nagaland
121.6,22.9,75.0,7,2003,Nagaland
71.1,20.5,80.0,8,2003,Nagaland
61.5,21.6,80.9,9,2003,Nagaland
1.2,19.7,76.2,10,2003,Nagaland
10.1,17.5,78.0,11,2003,Nagaland
2.8,15.2,79.2,12,2003,Nagaland
0.5,15.1,78.2,1,2004,Nagaland
10.8,17.2,72.6,2,2004,Nagaland
1.7,23.4,76.2,3,2004,Nagaland
3.8,26.5,73.7,4,2004,Nagaland
2.9,28.0,77.4,5,2004,Nagaland
32.8,24.0,77.8,6,2004,Nagaland
92.0,24.6,77.2,7,2004,Nagaland
58.5,23.1,79.4,8,2004,Nagaland
45.1,20.1,76.0,9,2004,Nagaland
5.1,19.2,77.0,10,2004,Nagaland
5.1,17.2,81.5,11,2004,Nagaland
4.7,16.6,75.4,12,2004,Nagaland
1.6,12.5,77.5,1,2005,Nagaland
5.8,16.7,80.0,2,2005,Nagaland
0.7,21.7,72.8,3,2005,Nagaland
2.0,26.8,66.2,4,2005,Nagaland
6.9,28.7,77.8,5,2005,Nagaland
40.1,24.3,76.9,6,2005,Nagaland
70.3,23.2,73.4,7,2005,Nagaland
251.5,22.0,88.6,8,2005,Nagaland
55.9,20.2,74.7,9,2005,Nagaland
1.9,18.8,81.0,10,2005,Nagaland
5.8,16.3,79.1,11,2005,Nagaland
5.0,14.0,78.8,12,2005,Nagaland
4.8,14.5,80.9,1,2006,Nagaland
4.4,16.7,78.5,2,2006,Nagaland
5.5,22.0,70.8,3,2006,Nagaland
4.4,28.2,79.0,4,2006,Nagaland
1.8,28.0,77.5,5,2006,Nagaland
35.8,24.6,74.7,6,2006,Nagaland
119.5,21.9,85.8,7,2006,Nagaland
20.0,20.0,74.7,8,2006,Nagaland
25.3,20.7,76.4,9,2006,Nagaland
6.0,19.0,77.6,10,2006,Nagaland
2.5,16.3,79.7,11,2006,Nagaland
5.5,14.1,80.3,12,2006,Nagaland
2.6,15.5,81.2,1,2007,Nagaland
4.2,18.0,75.2,2,2007,Nagaland
1.5,23.1,77.1,3,2007,Nagaland
2.3,27.9,73.5,4,2007,Nagaland
2.3,28.7,72.6,5,2007,Nagaland
42.6,26.3,76.0,6,2007,Nagaland
46.5,21.7,83.6,7,2007,Nagaland
163.8,19.3,80.4,8,2007,Nagaland
83.8,20.7,77.3,9,2007,Nagaland
7.1,19.0,77.9,10,2007,Nagaland
4.9,17.2,77.3,11,2007,Nagaland
2.3,14.0,78.4,12,2007,Nagaland
4.6,13.9,81.3,1,2008,Nagaland
4.8,15.9,74.0,2,2008,Nagaland
4.5,23.9,75.4,3,2008,Nagaland
1.2,28.6,71.5,4,2008,Nagaland
2.7,28.7,65.5,5,2008,Nagaland
37.3,25.6,76.2,6,2008,Nagaland
109.7,21.1,81.6,7,2008,Nagaland
71.0,21.1,71.6,8,2008,Nagaland
152.4,20.0,83.7,9,2008,Nagaland
3.2,19.5,70.1,10,2008,Nagaland
13.8,15.7,80.0,11,2008,Nagaland
4.2,14.3,85.0,12,2008,Nagaland
4.8,14.7,79.6,1,2009,Nagaland
1.4,18.5,77.1,2,2009,Nagaland
13.8,23.3,77.7,3,2009,Nagaland
8.9,27.6,70.7,4,2009,Nagaland
7.9,27.5,74.1,5,2009,Nagaland
105.0,24.4,79.1,6,2009,Nagaland
21.7,21.6,74.5,7,2009,Nagaland
139.8,22.9,82.9,8,2009,Nagaland
65.6,22.3,82.0,9,2009,Nagaland
1.7,20.1,75.7,10,2009,Nagaland
4.7,17.3,75.2,11,2009,Nagaland
2.9,16.0,79.5,12,2009,Nagaland
5.1,13.3,84.5,1,2010,Nagaland
9.5,17.8,76.3,2,2010,Nagaland
0.6,24.5,82.2,3,2010,Nagaland
7.0,26.1,76.4,4,2010,Nagaland
3.1,29.1,70.5,5,2010,Nagaland
79.7,24.4,79.1,6,2010,Nagaland
40.8,22.3,77.0,7,2010,Nagaland
37.2,21.7,78.6,8,2010,Nagaland
84.0,21.5,81.3,9,2010,Nagaland
6.3,19.7,78.1,10,2010,Nagaland
3.0,17.1,75.7,11,2010,Nagaland
2.8,14.7,81.0,12,2010,Nagaland
4.6,13.2,79.1,1,2011,Nagaland
3.2,15.8,77.5,2,2011,Nagaland
5.5,23.5,80.2,3,2011,Nagaland
3.7,26.4,78.2,4,2011,Nagaland
3.2,27.6,65.5,5,2011,Nagaland
26.9,24.7,78.1,6,2011,Nagaland
252.3,20.2,88.8,7,2011,Nagaland
57.9,21.8,75.4,8,2011,Nagaland
46.2,21.1,75.3,9,2011,Nagaland
4.5,18.7,81.6,10,2011,Nagaland
6.1,15.6,75.7,11,2011,Nagaland
6.1,12.7,87.5,12,2011,Nagaland
7.2,15.1,85.0,1,2012,Nagaland
1.7,16.4,77.7,2,2012,Nagaland
3.5,22.2,77.9,3,2012,Nagaland
11.4,25.9,69.4,4,2012,Nagaland
6.5,29.6,73.0,5,2012,Nagaland
24.9,26.2,78.4,6,2012,Nagaland
251.9,24.8,85.2,7,2012,Nagaland
17.8,22.0,76.4,8,2012,Nagaland
9.5,20.0,80.8,9,2012,Nagaland
10.4,20.0,78.0,10,2012,Nagaland
0.5,16.9,72.3,11,2012,Nagaland
2.4,15.8,82.5,12,2012,Nagaland
5.2,14.4,79.9,1,2013,Nagaland
3.7,19.2,75.7,2,2013,Nagaland
7.7,25.8,71.7,3,2013,Nagaland
7.7,27.0,76.8,4,2013,Nagaland
7.8,30.2,75.0,5,2013,Nagaland
56.3,26.3,75.2,6,2013,Nagaland
342.4,24.1,83.9,7,2013,Nagaland
79.6,22.8,78.3,8,2013,Nagaland
25.9,22.2,76.5,9,2013,Nagaland
7.0,20.4,80.4,10,2013,Nagaland
2.2,16.5,77.5,11,2013,Nagaland
2.1,16.4,71.4,12,2013,Nagaland
6.7,16.0,80.0,1,2014,Nagaland
14.7,16.2,79.6,2,2014,Nagaland
5.2,23.0,72.9,3,2014,Nagaland
1.1,25.8,70.7,4,2014,Nagaland
9.6,27.2,67.0,5,2014,Nagaland
27.1,24.4,76.2,6,2014,Nagaland
110.0,22.6,80.5,7,2014,Nagaland
83.1,22.0,77.2,8,2014,Nagaland
22.9,21.6,74.9,9,2014,Nagaland
2.7,20.4,78.7,10,2014,Nagaland
2.2,15.6,75.8,11,2014,Nagaland
4.4,15.3,79.3,12,2014,Nagaland
3.0,14.3,84.0,1,2015,Nagaland
8.5,19.3,74.8,2,2015,Nagaland
1.6,24.8,74.2,3,2015,Nagaland
5.0,28.7,71.2,4,2015,Nagaland
5.5,29.8,69.7,5,2015,Nagaland
7.1,26.9,72.7,6,2015,Nagaland
99.7,24.8,77.7,7,2015,Nagaland
143.7,23.2,77.5,8,2015,Nagaland
4.6,22.6,78.5,9,2015,Nagaland
5.5,20.6,80.0,10,2015,Nagaland
3.1,17.2,79.8,11,2015,Nagaland
0.9,15.4,80.0,12,2015,Nagaland
3.2,12.9,81.9,1,2016,Nagaland
7.5,15.8,76.0,2,2016,Nagaland
0.9,23.7,78.8,3,2016,Nagaland
2.2,27.7,75.1,4,2016,Nagaland
1.8,29.0,73.2,5,2016,Nagaland
162.2,25.9,77.3,6,2016,Nagaland
67.0,23.7,78.7,7,2016,Nagaland
104.9,21.9,77.7,8,2016,Nagaland
83.5,20.7,77.0,9,2016,Nagaland
4.6,20.3,81.0,10,2016,Nagaland
1.2,16.5,78.4,11,2016,Nagaland
4.5,14.9,77.7,12,2016,Nagaland
6.6,15.8,81.0,1,2017,Nagaland
19.7,16.8,79.0,2,2017,Nagaland
10.5,23.9,77.0,3,2017,Nagaland
18.2,26.6,76.5,4,2017,Nagaland
3.3,29.8,70.6,5,2017,Nagaland
20.6,26.4,70.3,6,2017,Nagaland
129.8,21.9,82.3,7,2017,Nagaland
92.4,22.9,79.8,8,2017,Nagaland
79.3,22.0,75.5,9,2017,Nagaland
3.9,20.1,78.3,10,2017,Nagaland
2.5,18.0,76.7,11,2017,Nagaland
5.5,16.7,77.1,12,2017,Nagaland
5.9,15.1,79.5,1,2018,Nagaland
5.9,16.0,76.6,2,2018,Nagaland
8.9,23.0,76.0,3,2018,Nagaland
3.1,26.4,76.6,4,2018,Nagaland
6.3,27.3,66.8,5,2018,Nagaland
57.1,25.8,72.3,6,2018,Nagaland
128.6,22.0,78.9,7,2018,Nagaland
40.4,20.5,75.2,8,2018,Nagaland
108.7,21.3,76.6,9,2018,Nagaland
4.3,20.1,79.5,10,2018,Nagaland
4.0,16.5,74.9,11,2018,Nagaland
7.4,13.9,83.9,12,2018,Nagaland
1.5,14.8,79.5,1,2019,Nagaland
4.0,16.2,77.3,2,2019,Nagaland
1.9,21.8,75.6,3,2019,Nagaland
1.3,26.3,79.7,4,2019,Nagaland
5.5,26.5,76.7,5,2019,Nagaland
85.9,23.3,81.5,6,2019,Nagaland
113.9,21.9,76.5,7,2019,Nagaland
66.2,20.8,76.5,8,2019,Nagaland
82.1,18.0,80.5,9,2019,Nagaland
4.7,19.1,77.1,10,2019,Nagaland
19.4,16.4,81.5,11,2019,Nagaland
0.5,15.2,78.4,12,2019,Nagaland
2.0,15.7,75.7,1,2020,Nagaland
3.3,19.1,79.0,2,2020,Nagaland
9.1,24.5,76.2,3,2020,Nagaland
6.0,28.1,77.3,4,2020,Nagaland
1.7,28.6,72.9,5,2020,Nagaland
81.8,25.3,76.7,6,2020,Nagaland
151.3,22.9,72.3,7,2020,Nagaland
161.6,22.6,85.8,8,2020,Nagaland
37.2,23.6,72.7,9,2020,Nagaland
3.3,20.9,77.8,10,2020,Nagaland
3.3,17.6,76.3,11,2020,Nagaland
2.9,14.4,83.7,12,2020,Nagaland
0.6,21.3,70.9,1,1997,Odisha
1.3,24.8,67.6,2,1997,Odisha
0.8,29.5,70.1,3,1997,Odisha
4.0,32.0,69.6,4,1997,Odisha
1.8,32.6,64.1,5,1997,Odisha
27.6,29.8,67.6,6,1997,Odisha
102.7,27.7,81.0,7,1997,Odisha
262.6,27.2,79.1,8,1997,Odisha
65.1,27.8,76.0,9,1997,Odisha
2.7,27.0,68.0,10,1997,Odisha
4.2,24.3,67.9,11,1997,Odisha
0.3,20.5,71.5,12,1997,Odisha
2.6,19.1,78.0,1,1998,Odisha
0.5,22.7,71.7,2,1998,Odisha
1.3,28.6,71.4,3,1998,Odisha
0.5,32.7,64.3,4,1998,Odisha
0.4,32.7,67.2,5,1998,Odisha
31.1,30.7,72.0,6,1998,Odisha
3.1,27.8,71.4,7,1998,Odisha
34.9,28.5,68.1,8,1998,Odisha
46.0,27.3,73.7,9,1998,Odisha
2.8,26.9,73.7,10,1998,Odisha
2.8,22.6,75.5,11,1998,Odisha
2.6,20.9,69.7,12,1998,Odisha
1.2,23.6,77.2,1,1999,Odisha
0.5,23.9,68.4,2,1999,Odisha
1.0,28.7,69.4,3,1999,Odisha
3.7,32.8,70.3,4,1999,Odisha
3.4,35.9,67.5,5,1999,Odisha
45.5,30.4,68.3,6,1999,Odisha
21.2,29.5,71.4,7,1999,Odisha
38.8,29.1,68.7,8,1999,Odisha
28.7,27.4,68.5,9,1999,Odisha
2.1,27.2,65.9,10,1999,Odisha
0.3,24.5,75.0,11,1999,Odisha
2.6,22.1,78.8,12,1999,Odisha
5.2,21.2,73.5,1,2000,Odisha
1.7,23.3,77.9,2,2000,Odisha
3.2,29.1,67.1,3,2000,Odisha
1.2,32.8,68.2,4,2000,Odisha
0.8,33.7,66.8,5,2000,Odisha
98.6,30.4,69.7,6,2000,Odisha
121.7,30.0,75.2,7,2000,Odisha
33.1,29.0,72.0,8,2000,Odisha
25.4,27.6,74.6,9,2000,Odisha
3.4,26.0,70.0,10,2000,Odisha
0.5,23.4,69.1,11,2000,Odisha
4.5,21.6,74.7,12,2000,Odisha
7.0,22.1,68.8,1,2001,Odisha
7.1,25.4,68.3,2,2001,Odisha
4.4,29.4,72.7,3,2001,Odisha
0.6,34.6,67.0,4,2001,Odisha
2.1,33.5,62.6,5,2001,Odisha
102.0,32.4,73.6,6,2001,Odisha
111.1,27.9,74.3,7,2001,Odisha
60.9,28.3,74.5,8,2001,Odisha
57.7,29.0,69.5,9,2001,Odisha
1.8,27.1,67.2,10,2001,Odisha
1.8,24.0,72.3,11,2001,Odisha
2.3,22.8,71.0,12,2001,Odisha
1.7,21.2,72.2,1,2002,Odisha
5.9,24.4,70.9,2,2002,Odisha
5.1,29.0,68.5,3,2002,Odisha
1.7,32.6,68.5,4,2002,Odisha
2.5,32.0,68.3,5,2002,Odisha
95.4,30.5,74.1,6,2002,Odisha
61.7,27.3,76.6,7,2002,Odisha
107.7,27.1,73.6,8,2002,Odisha
61.6,26.6,69.7,9,2002,Odisha
1.0,26.2,64.5,10,2002,Odisha
2.0,23.9,71.3,11,2002,Odisha
2.0,21.4,75.1,12,2002,Odisha
4.9,20.8,81.5,1,2003,Odisha
0.9,21.9,74.4,2,2003,Odisha
1.4,27.7,71.5,3,2003,Odisha
3.7,32.0,68.1,4,2003,Odisha
3.8,32.4,65.0,5,2003,Odisha
18.9,28.6,67.8,6,2003,Odisha
9.9,27.6,66.6,7,2003,Odisha
15.3,28.4,70.3,8,2003,Odisha
27.2,25.4,69.3,9,2003,Odisha
2.9,24.1,73.9,10,2003,Odisha
4.2,23.0,71.8,11,2003,Odisha
0.2,21.7,70.3,12,2003,Odisha
5.2,21.3,70.0,1,2004,Odisha
3.2,25.2,71.8,2,2004,Odisha
2.3,28.6,68.3,3,2004,Odisha
2.3,34.0,69.7,4,2004,Odisha
1.8,34.2,65.0,5,2004,Odisha
126.1,31.2,72.0,6,2004,Odisha
65.4,28.5,73.6,7,2004,Odisha
45.0,28.6,74.4,8,2004,Odisha
48.6,27.3,73.5,9,2004,Odisha
3.2,26.3,66.1,10,2004,Odisha
1.6,24.6,69.3,11,2004,Odisha
3.3,21.8,72.8,12,2004,Odisha
2.6,21.8,74.4,1,2005,Odisha
5.9,24.0,71.8,2,2005,Odisha
1.0,28.7,66.3,3,2005,Odisha
3.0,32.6,66.3,4,2005,Odisha
9.3,33.1,66.9,5,2005,Odisha
139.0,29.9,72.0,6,2005,Odisha
96.4,28.4,70.6,7,2005,Odisha
6.7,27.9,66.6,8,2005,Odisha
64.1,26.3,66.2,9,2005,Odisha
0.4,25.8,72.6,10,2005,Odisha
0.5,22.9,69.5,11,2005,Odisha
2.5,21.0,76.2,12,2005,Odisha
1.6,20.2,76.0,1,2006,Odisha
1.4,22.5,71.9,2,2006,Odisha
1.9,29.6,73.2,3,2006,Odisha
3.3,32.0,66.3,4,2006,Odisha
1.2,34.4,60.8,5,2006,Odisha
84.7,30.7,72.6,6,2006,Odisha
276.0,27.9,82.1,7,2006,Odisha
59.8,28.0,75.5,8,2006,Odisha
53.5,27.7,73.6,9,2006,Odisha
4.0,27.0,71.7,10,2006,Odisha
3.9,23.6,77.9,11,2006,Odisha
6.1,22.3,74.0,12,2006,Odisha
0.8,22.5,72.1,1,2007,Odisha
2.0,23.4,75.0,2,2007,Odisha
0.9,28.2,70.9,3,2007,Odisha
3.0,32.7,69.9,4,2007,Odisha
0.8,33.7,66.8,5,2007,Odisha
28.8,31.2,69.4,6,2007,Odisha
75.5,30.3,68.7,7,2007,Odisha
90.8,29.2,69.4,8,2007,Odisha
15.1,28.9,70.4,9,2007,Odisha
1.0,26.3,74.8,10,2007,Odisha
2.7,23.9,68.2,11,2007,Odisha
0.2,22.9,69.1,12,2007,Odisha
1.9,22.7,74.5,1,2008,Odisha
2.9,24.8,67.2,2,2008,Odisha
1.7,29.7,69.8,3,2008,Odisha
1.6,32.1,68.7,4,2008,Odisha
3.1,34.3,60.8,5,2008,Odisha
60.0,31.5,71.4,6,2008,Odisha
36.5,29.9,75.8,7,2008,Odisha
156.9,28.2,71.5,8,2008,Odisha
174.0,27.4,72.8,9,2008,Odisha
2.6,28.0,68.7,10,2008,Odisha
2.6,24.0,75.3,11,2008,Odisha
1.1,21.8,75.9,12,2008,Odisha
5.9,21.5,75.4,1,2009,Odisha
3.3,23.9,71.4,2,2009,Odisha
1.6,29.7,71.0,3,2009,Odisha
3.8,32.5,64.6,4,2009,Odisha
4.0,32.2,70.8,5,2009,Odisha
58.5,31.1,73.8,6,2009,Odisha
138.2,28.2,74.1,7,2009,Odisha
64.3,28.7,72.3,8,2009,Odisha
65.2,26.7,74.9,9,2009,Odisha
3.2,25.0,75.0,10,2009,Odisha
3.5,23.9,71.5,11,2009,Odisha
3.2,22.3,74.4,12,2009,Odisha
1.0,22.9,71.2,1,2010,Odisha
4.6,23.5,74.6,2,2010,Odisha
1.4,28.1,71.5,3,2010,Odisha
4.5,33.8,64.1,4,2010,Odisha
0.6,33.4,68.6,5,2010,Odisha
125.2,29.5,70.1,6,2010,Odisha
51.9,28.5,70.1,7,2010,Odisha
84.8,28.0,70.9,8,2010,Odisha
7.3,29.1,71.3,9,2010,Odisha
1.3,27.3,69.7,10,2010,Odisha
3.5,24.1,68.8,11,2010,Odisha
1.2,23.0,73.2,12,2010,Odisha
4.4,22.4,75.0,1,2011,Odisha
6.0,24.7,70.6,2,2011,Odisha
4.2,29.5,70.8,3,2011,Odisha
2.4,32.2,68.0,4,2011,Odisha
5.0,33.1,65.4,5,2011,Odisha
26.8,31.0,70.7,6,2011,Odisha
132.8,28.8,79.4,7,2011,Odisha
12.9,27.3,70.9,8,2011,Odisha
26.9,25.9,71.6,9,2011,Odisha
8.5,26.2,74.2,10,2011,Odisha
4.1,24.0,72.7,11,2011,Odisha
1.9,21.5,65.2,12,2011,Odisha
3.2,20.3,73.7,1,2012,Odisha
1.4,22.7,74.4,2,2012,Odisha
1.8,28.3,72.8,3,2012,Odisha
1.9,31.7,69.0,4,2012,Odisha
1.9,31.7,67.7,5,2012,Odisha
38.6,29.3,68.8,6,2012,Odisha
319.0,27.5,80.9,7,2012,Odisha
90.5,26.7,75.8,8,2012,Odisha
54.7,26.9,73.9,9,2012,Odisha
1.9,25.2,74.6,10,2012,Odisha
2.0,22.2,76.0,11,2012,Odisha
3.3,20.5,77.0,12,2012,Odisha
2.6,20.7,75.3,1,2013,Odisha
2.0,22.2,72.6,2,2013,Odisha
1.9,29.1,70.1,3,2013,Odisha
1.3,32.8,72.4,4,2013,Odisha
1.6,31.7,67.6,5,2013,Odisha
38.2,29.7,68.2,6,2013,Odisha
150.8,27.4,76.3,7,2013,Odisha
58.5,27.2,71.8,8,2013,Odisha
57.1,26.6,70.9,9,2013,Odisha
1.5,23.9,71.8,10,2013,Odisha
0.8,23.5,70.2,11,2013,Odisha
1.8,22.0,73.0,12,2013,Odisha
0.9,21.7,73.2,1,2014,Odisha
4.3,23.3,70.2,2,2014,Odisha
4.1,28.6,67.8,3,2014,Odisha
2.4,31.9,71.8,4,2014,Odisha
1.4,31.9,70.5,5,2014,Odisha
10.5,30.2,73.0,6,2014,Odisha
78.0,27.0,68.4,7,2014,Odisha
139.2,28.0,69.0,8,2014,Odisha
23.8,26.7,66.6,9,2014,Odisha
1.8,25.4,69.0,10,2014,Odisha
8.2,24.0,71.8,11,2014,Odisha
6.0,21.7,70.6,12,2014,Odisha
0.6,19.7,73.1,1,2015,Odisha
3.2,25.0,74.6,2,2015,Odisha
2.2,27.9,68.3,3,2015,Odisha
1.1,31.8,68.9,4,2015,Odisha
2.5,34.1,64.3,5,2015,Odisha
46.0,31.2,66.7,6,2015,Odisha
56.7,27.7,73.5,7,2015,Odisha
37.7,27.7,76.0,8,2015,Odisha
43.2,25.0,74.0,9,2015,Odisha
2.0,25.6,65.7,10,2015,Odisha
0.1,24.0,71.2,11,2015,Odisha
9.5,21.1,74.8,12,2015,Odisha
1.6,21.4,69.2,1,2016,Odisha
0.8,23.3,75.9,2,2016,Odisha
1.5,28.9,70.7,3,2016,Odisha
3.4,34.3,62.3,4,2016,Odisha
3.1,33.0,64.5,5,2016,Odisha
43.9,30.9,64.6,6,2016,Odisha
85.7,28.5,71.3,7,2016,Odisha
98.6,26.5,74.0,8,2016,Odisha
75.7,27.3,73.5,9,2016,Odisha
0.6,25.1,72.8,10,2016,Odisha
1.2,25.0,73.4,11,2016,Odisha
1.2,22.9,73.1,12,2016,Odisha
6.9,21.5,66.3,1,2017,Odisha
3.5,23.9,73.1,2,2017,Odisha
4.1,29.8,67.5,3,2017,Odisha
1.9,32.6,69.4,4,2017,Odisha
4.2,33.8,66.4,5,2017,Odisha
70.5,32.3,75.3,6,2017,Odisha
111.4,29.0,75.9,7,2017,Odisha
28.9,29.6,70.0,8,2017,Odisha
49.9,27.6,73.0,9,2017,Odisha
5.4,27.5,68.4,10,2017,Odisha
0.9,25.2,68.8,11,2017,Odisha
2.3,22.8,76.3,12,2017,Odisha
2.5,22.0,65.8,1,2018,Odisha
1.3,23.6,68.8,2,2018,Odisha
0.4,28.6,69.5,3,2018,Odisha
1.2,33.0,71.5,4,2018,Odisha
1.9,31.4,66.2,5,2018,Odisha
121.7,30.7,71.5,6,2018,Odisha
178.6,27.5,81.5,7,2018,Odisha
103.2,27.0,72.9,8,2018,Odisha
55.9,26.9,74.3,9,2018,Odisha
0.6,26.5,72.7,10,2018,Odisha
1.1,24.2,74.3,11,2018,Odisha
0.8,20.4,76.0,12,2018,Odisha
3.2,22.9,75.0,1,2019,Odisha
9.1,24.1,73.8,2,2019,Odisha
2.0,27.4,73.6,3,2019,Odisha
0.7,34.4,68.1,4,2019,Odisha
3.6,34.0,68.2,5,2019,Odisha
46.1,30.3,72.1,6,2019,Odisha
23.5,29.4,68.2,7,2019,Odisha
50.4,27.6,72.2,8,2019,Odisha
19.6,28.5,70.7,9,2019,Odisha
0.3,26.5,72.3,10,2019,Odisha
2.2,25.0,73.3,11,2019,Odisha
3.0,23.6,69.5,12,2019,Odisha
0.9,21.1,72.1,1,2020,Odisha
2.8,23.9,72.3,2,2020,Odisha
1.0,28.7,74.7,3,2020,Odisha
3.0,33.0,67.4,4,2020,Odisha
1.4,33.1,64.9,5,2020,Odisha
93.7,31.6,69.4,6,2020,Odisha
133.3,29.0,72.5,7,2020,Odisha
70.8,29.7,75.1,8,2020,Odisha
87.5,27.3,77.4,9,2020,Odisha
5.1,26.1,69.5,10,2020,Odisha
5.2,25.2,71.5,11,2020,Odisha
5.5,21.5,72.6,12,2020,Odisha
2.3,25.8,73.1,1,1997,Puducherry
3.8,26.7,72.0,2,1997,Puducherry
2.8,30.5,74.2,3,1997,Puducherry
1.3,33.4,71.1,4,1997,Puducherry
4.0,35.1,68.8,5,1997,Puducherry
24.9,31.5,69.0,6,1997,Puducherry
78.5,32.1,74.4,7,1997,Puducherry
19.5,29.5,75.9,8,1997,Puducherry
10.6,29.9,75.1,9,1997,Puducherry
7.5,28.1,74.6,10,1997,Puducherry
0.7,27.6,76.6,11,1997,Puducherry
1.7,24.9,71.3,12,1997,Puducherry
1.6,24.0,78.9,1,1998,Puducherry
4.0,25.5,78.1,2,1998,Puducherry
6.5,30.8,73.0,3,1998,Puducherry
5.5,33.4,72.6,4,1998,Puducherry
1.2,33.7,72.3,5,1998,Puducherry
11.5,30.0,73.9,6,1998,Puducherry
78.6,29.9,78.0,7,1998,Puducherry
10.9,31.1,68.0,8,1998,Puducherry
28.2,27.5,72.2,9,1998,Puducherry
2.9,28.5,67.1,10,1998,Puducherry
0.6,27.1,70.8,11,1998,Puducherry
1.7,25.6,76.8,12,1998,Puducherry
2.2,25.9,76.2,1,1999,Puducherry
3.7,26.3,73.3,2,1999,Puducherry
0.7,30.0,74.7,3,1999,Puducherry
1.6,31.8,73.7,4,1999,Puducherry
2.3,33.0,67.0,5,1999,Puducherry
12.2,31.8,69.6,6,1999,Puducherry
70.6,30.7,73.1,7,1999,Puducherry
24.5,30.2,74.7,8,1999,Puducherry
39.2,29.5,76.0,9,1999,Puducherry
5.1,26.7,68.1,10,1999,Puducherry
4.3,25.9,73.7,11,1999,Puducherry
1.3,25.6,76.9,12,1999,Puducherry
10.4,24.2,71.5,1,2000,Puducherry
6.4,26.1,74.8,2,2000,Puducherry
3.0,30.1,70.5,3,2000,Puducherry
4.8,32.7,69.4,4,2000,Puducherry
4.0,33.3,73.0,5,2000,Puducherry
64.3,31.5,69.0,6,2000,Puducherry
288.8,30.6,84.8,7,2000,Puducherry
56.5,30.1,70.5,8,2000,Puducherry
55.7,29.5,78.4,9,2000,Puducherry
2.3,29.7,69.9,10,2000,Puducherry
1.1,26.9,74.4,11,2000,Puducherry
3.6,25.0,72.9,12,2000,Puducherry
2.7,26.0,72.9,1,2001,Puducherry
2.9,28.0,71.7,2,2001,Puducherry
1.7,29.6,72.2,3,2001,Puducherry
2.0,34.0,64.4,4,2001,Puducherry
0.9,32.7,71.6,5,2001,Puducherry
66.5,30.7,72.7,6,2001,Puducherry
11.9,31.1,74.2,7,2001,Puducherry
72.2,30.6,73.6,8,2001,Puducherry
10.0,30.6,75.0,9,2001,Puducherry
2.1,28.0,71.2,10,2001,Puducherry
4.2,26.4,77.8,11,2001,Puducherry
4.3,26.0,70.4,12,2001,Puducherry
4.2,27.2,73.4,1,2002,Puducherry
2.3,28.1,69.9,2,2002,Puducherry
5.3,29.1,71.0,3,2002,Puducherry
5.0,31.9,65.2,4,2002,Puducherry
2.1,31.8,69.5,5,2002,Puducherry
5.5,30.7,72.6,6,2002,Puducherry
34.1,30.5,76.1,7,2002,Puducherry
23.0,29.1,69.9,8,2002,Puducherry
58.1,27.8,78.4,9,2002,Puducherry
2.9,27.1,77.5,10,2002,Puducherry
1.1,27.0,69.3,11,2002,Puducherry
1.2,27.7,72.4,12,2002,Puducherry
2.5,25.5,75.1,1,2003,Puducherry
3.7,26.7,67.9,2,2003,Puducherry
1.3,29.5,69.9,3,2003,Puducherry
2.0,32.4,72.0,4,2003,Puducherry
2.7,33.3,68.0,5,2003,Puducherry
14.6,31.4,74.6,6,2003,Puducherry
105.6,28.7,79.0,7,2003,Puducherry
52.8,28.6,76.2,8,2003,Puducherry
20.4,29.3,69.8,9,2003,Puducherry
3.8,27.3,72.3,10,2003,Puducherry
7.9,26.9,71.8,11,2003,Puducherry
8.3,26.2,71.5,12,2003,Puducherry
1.7,25.4,68.0,1,2004,Puducherry
2.3,27.6,73.6,2,2004,Puducherry
2.4,28.8,69.7,3,2004,Puducherry
0.4,32.7,67.7,4,2004,Puducherry
3.2,32.4,70.8,5,2004,Puducherry
25.2,31.1,68.1,6,2004,Puducherry
53.9,28.6,70.1,7,2004,Puducherry
42.3,29.5,69.3,8,2004,Puducherry
49.1,29.9,76.1,9,2004,Puducherry
0.9,29.3,71.3,10,2004,Puducherry
4.9,27.8,71.7,11,2004,Puducherry
1.5,24.1,73.7,12,2004,Puducherry
1.7,24.9,71.9,1,2005,Puducherry
3.7,27.2,65.0,2,2005,Puducherry
3.9,30.3,75.9,3,2005,Puducherry
6.9,32.2,70.7,4,2005,Puducherry
12.2,31.1,72.3,5,2005,Puducherry
16.5,30.6,71.7,6,2005,Puducherry
69.4,28.4,73.7,7,2005,Puducherry
88.2,29.4,69.1,8,2005,Puducherry
4.9,29.1,74.5,9,2005,Puducherry
12.5,27.2,71.7,10,2005,Puducherry
3.8,26.9,72.1,11,2005,Puducherry
4.5,26.1,77.6,12,2005,Puducherry
4.0,24.9,81.0,1,2006,Puducherry
2.6,27.2,75.1,2,2006,Puducherry
1.0,30.9,72.5,3,2006,Puducherry
7.3,32.4,77.7,4,2006,Puducherry
2.6,33.2,73.3,5,2006,Puducherry
16.7,31.0,70.5,6,2006,Puducherry
23.9,28.9,73.1,7,2006,Puducherry
40.8,28.4,71.1,8,2006,Puducherry
36.7,29.9,73.6,9,2006,Puducherry
8.5,26.2,74.2,10,2006,Puducherry
2.5,26.1,76.6,11,2006,Puducherry
5.6,24.7,77.6,12,2006,Puducherry
2.8,25.8,73.5,1,2007,Puducherry
10.4,27.4,75.9,2,2007,Puducherry
1.8,30.6,78.7,3,2007,Puducherry
3.2,32.7,69.5,4,2007,Puducherry
1.8,33.2,70.2,5,2007,Puducherry
40.0,31.9,73.2,6,2007,Puducherry
11.1,30.5,71.7,7,2007,Puducherry
34.9,30.1,70.2,8,2007,Puducherry
12.4,29.1,71.8,9,2007,Puducherry
1.1,27.6,67.8,10,2007,Puducherry
2.4,26.3,75.7,11,2007,Puducherry
5.9,24.8,70.4,12,2007,Puducherry
2.6,24.3,75.2,1,2008,Puducherry
2.5,27.0,70.4,2,2008,Puducherry
5.8,30.3,77.0,3,2008,Puducherry
2.4,34.4,66.8,4,2008,Puducherry
8.1,31.9,65.4,5,2008,Puducherry
48.1,31.2,69.7,6,2008,Puducherry
31.3,30.3,68.3,7,2008,Puducherry
39.2,29.3,66.6,8,2008,Puducherry
31.9,29.4,72.8,9,2008,Puducherry
4.9,27.6,72.3,10,2008,Puducherry
2.0,26.8,71.7,11,2008,Puducherry
2.4,25.9,73.2,12,2008,Puducherry
10.8,25.1,73.6,1,2009,Puducherry
1.0,27.6,69.7,2,2009,Puducherry
3.2,30.9,71.1,3,2009,Puducherry
2.3,35.5,71.4,4,2009,Puducherry
1.3,34.1,70.9,5,2009,Puducherry
13.1,32.5,73.3,6,2009,Puducherry
80.5,30.7,77.9,7,2009,Puducherry
33.4,29.1,73.4,8,2009,Puducherry
39.6,28.7,73.0,9,2009,Puducherry
2.6,28.2,70.1,10,2009,Puducherry
7.6,26.8,77.6,11,2009,Puducherry
1.1,25.0,71.3,12,2009,Puducherry
6.1,23.9,75.1,1,2010,Puducherry
11.9,26.4,69.4,2,2010,Puducherry
0.2,31.7,71.8,3,2010,Puducherry
9.9,33.7,70.5,4,2010,Puducherry
8.2,33.9,70.8,5,2010,Puducherry
56.7,32.7,72.9,6,2010,Puducherry
127.6,29.7,77.5,7,2010,Puducherry
59.8,29.7,68.4,8,2010,Puducherry
72.7,29.1,68.2,9,2010,Puducherry
6.2,27.8,79.1,10,2010,Puducherry
2.1,25.5,74.7,11,2010,Puducherry
0.9,25.9,74.4,12,2010,Puducherry
10.8,25.6,80.2,1,2011,Puducherry
5.2,26.4,76.7,2,2011,Puducherry
8.4,30.2,68.7,3,2011,Puducherry
3.1,31.8,71.2,4,2011,Puducherry
0.7,33.6,70.1,5,2011,Puducherry
36.8,32.0,75.6,6,2011,Puducherry
50.2,28.6,75.7,7,2011,Puducherry
113.8,28.9,75.3,8,2011,Puducherry
33.9,30.0,72.3,9,2011,Puducherry
7.2,27.0,68.8,10,2011,Puducherry
6.7,26.0,74.3,11,2011,Puducherry
1.2,24.3,77.1,12,2011,Puducherry
1.6,25.0,69.1,1,2012,Puducherry
7.6,27.4,66.8,2,2012,Puducherry
2.5,28.8,67.3,3,2012,Puducherry
7.5,32.4,70.8,4,2012,Puducherry
6.5,34.5,62.9,5,2012,Puducherry
23.9,29.7,69.5,6,2012,Puducherry
33.2,30.3,69.8,7,2012,Puducherry
64.6,28.4,73.1,8,2012,Puducherry
31.6,28.1,74.5,9,2012,Puducherry
0.7,29.1,71.5,10,2012,Puducherry
0.9,26.0,78.1,11,2012,Puducherry
1.0,26.0,73.4,12,2012,Puducherry
2.2,26.4,76.2,1,2013,Puducherry
2.1,27.2,70.0,2,2013,Puducherry
3.0,30.0,66.5,3,2013,Puducherry
1.1,31.7,69.0,4,2013,Puducherry
6.3,32.5,77.1,5,2013,Puducherry
51.5,31.1,75.3,6,2013,Puducherry
29.7,30.4,74.7,7,2013,Puducherry
15.7,29.2,66.0,8,2013,Puducherry
9.5,30.1,69.3,9,2013,Puducherry
0.4,29.1,67.3,10,2013,Puducherry
2.5,27.7,71.0,11,2013,Puducherry
5.2,25.1,69.8,12,2013,Puducherry
1.9,24.2,74.1,1,2014,Puducherry
6.4,26.3,70.0,2,2014,Puducherry
8.9,30.5,69.3,3,2014,Puducherry
2.0,33.3,69.0,4,2014,Puducherry
2.3,33.4,71.9,5,2014,Puducherry
13.8,31.4,69.0,6,2014,Puducherry
49.8,30.3,74.7,7,2014,Puducherry
25.2,28.4,76.4,8,2014,Puducherry
35.2,28.9,71.4,9,2014,Puducherry
7.1,28.9,70.4,10,2014,Puducherry
2.4,26.5,76.2,11,2014,Puducherry
5.9,23.6,73.6,12,2014,Puducherry
2.7,25.3,76.6,1,2015,Puducherry
8.0,27.6,72.4,2,2015,Puducherry
3.7,31.3,69.7,3,2015,Puducherry
1.4,33.5,65.2,4,2015,Puducherry
1.7,32.8,74.8,5,2015,Puducherry
72.2,33.0,71.4,6,2015,Puducherry
28.3,30.3,72.2,7,2015,Puducherry
125.1,30.1,76.1,8,2015,Puducherry
25.9,29.7,69.0,9,2015,Puducherry
3.0,28.6,72.2,10,2015,Puducherry
6.0,26.2,74.9,11,2015,Puducherry
2.3,27.3,72.6,12,2015,Puducherry
4.6,25.5,67.4,1,2016,Puducherry
0.9,27.6,70.2,2,2016,Puducherry
4.1,30.9,70.4,3,2016,Puducherry
3.6,33.3,67.2,4,2016,Puducherry
1.6,33.9,69.2,5,2016,Puducherry
16.1,31.2,74.7,6,2016,Puducherry
26.5,29.4,71.2,7,2016,Puducherry
34.2,29.0,76.8,8,2016,Puducherry
30.2,29.1,74.1,9,2016,Puducherry
1.6,28.3,72.8,10,2016,Puducherry
9.4,26.7,69.0,11,2016,Puducherry
6.0,27.0,72.6,12,2016,Puducherry
7.5,24.4,78.2,1,2017,Puducherry
5.7,27.3,74.4,2,2017,Puducherry
0.9,30.8,70.4,3,2017,Puducherry
3.8,33.8,72.9,4,2017,Puducherry
0.6,32.3,74.5,5,2017,Puducherry
40.8,30.2,75.6,6,2017,Puducherry
51.0,30.6,73.3,7,2017,Puducherry
32.5,30.6,76.1,8,2017,Puducherry
8.7,29.6,74.5,9,2017,Puducherry
2.4,30.1,70.6,10,2017,Puducherry
1.3,26.8,74.3,11,2017,Puducherry
3.7,25.5,70.0,12,2017,Puducherry
4.4,25.8,74.7,1,2018,Puducherry
3.8,26.9,67.4,2,2018,Puducherry
2.4,29.9,70.2,3,2018,Puducherry
3.2,33.1,72.2,4,2018,Puducherry
2.4,33.0,72.2,5,2018,Puducherry
24.2,31.5,73.0,6,2018,Puducherry
9.1,29.6,74.7,7,2018,Puducherry
26.0,29.2,70.8,8,2018,Puducherry
20.8,29.6,64.2,9,2018,Puducherry
0.5,29.2,67.3,10,2018,Puducherry
4.1,26.8,74.4,11,2018,Puducherry
1.9,25.7,79.0,12,2018,Puducherry
6.2,25.3,73.7,1,2019,Puducherry
1.2,27.9,72.3,2,2019,Puducherry
4.8,30.2,70.0,3,2019,Puducherry
3.0,31.8,70.4,4,2019,Puducherry
2.3,32.2,73.0,5,2019,Puducherry
20.9,31.6,72.4,6,2019,Puducherry
37.2,28.2,74.6,7,2019,Puducherry
67.5,29.0,76.5,8,2019,Puducherry
7.4,29.3,72.7,9,2019,Puducherry
7.3,27.8,79.1,10,2019,Puducherry
7.0,25.5,80.7,11,2019,Puducherry
3.1,25.4,76.3,12,2019,Puducherry
5.5,26.1,74.7,1,2020,Puducherry
2.0,27.8,70.9,2,2020,Puducherry
1.0,32.6,66.8,3,2020,Puducherry
1.9,34.0,73.4,4,2020,Puducherry
1.7,35.0,67.2,5,2020,Puducherry
16.9,32.3,68.7,6,2020,Puducherry
39.9,30.1,73.1,7,2020,Puducherry
61.4,30.2,71.2,8,2020,Puducherry
57.2,31.9,68.6,9,2020,Puducherry
0.9,26.8,67.3,10,2020,Puducherry
4.1,26.9,73.3,11,2020,Puducherry
0.8,27.5,74.1,12,2020,Puducherry
1.4,12.2,61.1,1,1997,Punjab
0.5,16.1,62.7,2,1997,Punjab
0.6,28.2,50.1,3,1997,Punjab
0.6,36.6,53.1,4,1997,Punjab
0.3,37.1,43.4,5,1997,Punjab
60.5,31.7,55.5,6,1997,Punjab
22.7,27.8,53.2,7,1997,Punjab
43.1,25.6,51.0,8,1997,Punjab
4.6,25.0,57.0,9,1997,Punjab
2.8,21.4,59.3,10,1997,Punjab
1.2,17.4,56.8,11,1997,Punjab
1.1,13.6,62.9,12,1997,Punjab
1.9,11.9,61.6,1,1998,Punjab
0.9,17.3,59.0,2,1998,Punjab
1.5,27.8,56.4,3,1998,Punjab
2.1,37.0,48.5,4,1998,Punjab
1.2,37.0,44.3,5,1998,Punjab
25.9,31.5,50.1,6,1998,Punjab
4.2,27.4,57.2,7,1998,Punjab
15.4,24.9,57.2,8,1998,Punjab
56.7,24.6,62.1,9,1998,Punjab
0.7,20.9,57.5,10,1998,Punjab
2.3,16.1,57.2,11,1998,Punjab
3.3,13.5,60.5,12,1998,Punjab
0.9,11.2,56.7,1,1999,Punjab
2.2,16.2,58.7,2,1999,Punjab
0.5,27.3,51.7,3,1999,Punjab
1.1,36.1,51.4,4,1999,Punjab
0.5,38.3,51.9,5,1999,Punjab
68.2,32.6,55.9,6,1999,Punjab
115.9,28.4,57.9,7,1999,Punjab
40.8,25.1,58.3,8,1999,Punjab
24.9,23.7,53.8,9,1999,Punjab
2.5,20.8,61.7,10,1999,Punjab
2.5,15.4,52.9,11,1999,Punjab
2.8,12.4,61.3,12,1999,Punjab
1.1,11.0,56.5,1,2000,Punjab
0.7,18.0,58.4,2,2000,Punjab
2.2,28.9,55.7,3,2000,Punjab
2.2,35.0,51.7,4,2000,Punjab
1.5,36.5,45.9,5,2000,Punjab
11.6,33.3,51.5,6,2000,Punjab
75.5,26.5,58.6,7,2000,Punjab
21.1,25.5,55.7,8,2000,Punjab
64.9,24.3,56.9,9,2000,Punjab
2.8,20.8,55.8,10,2000,Punjab
1.5,16.5,52.8,11,2000,Punjab
2.9,13.4,59.1,12,2000,Punjab
2.8,12.7,56.8,1,2001,Punjab
1.2,16.6,62.9,2,2001,Punjab
1.7,28.1,57.3,3,2001,Punjab
1.2,37.5,52.4,4,2001,Punjab
8.5,38.1,48.0,5,2001,Punjab
19.7,33.2,48.8,6,2001,Punjab
48.4,26.8,57.1,7,2001,Punjab
31.2,26.6,52.6,8,2001,Punjab
39.8,24.0,57.0,9,2001,Punjab
1.9,20.8,56.5,10,2001,Punjab
1.4,16.3,59.9,11,2001,Punjab
0.7,13.5,65.4,12,2001,Punjab
4.4,11.4,64.6,1,2002,Punjab
1.2,16.6,56.3,2,2002,Punjab
0.2,29.1,52.9,3,2002,Punjab
2.4,37.0,46.5,4,2002,Punjab
4.4,36.2,48.1,5,2002,Punjab
44.9,31.5,54.9,6,2002,Punjab
69.3,27.0,58.3,7,2002,Punjab
24.9,25.4,54.6,8,2002,Punjab
11.6,26.6,55.3,9,2002,Punjab
2.2,21.5,54.7,10,2002,Punjab
2.4,17.7,58.6,11,2002,Punjab
0.7,11.8,54.5,12,2002,Punjab
1.4,13.1,61.1,1,2003,Punjab
1.0,17.3,60.3,2,2003,Punjab
1.1,30.4,51.2,3,2003,Punjab
1.4,37.5,44.9,4,2003,Punjab
2.3,37.6,48.6,5,2003,Punjab
28.9,32.7,51.3,6,2003,Punjab
121.6,28.8,59.0,7,2003,Punjab
46.7,26.9,53.8,8,2003,Punjab
16.5,26.1,54.7,9,2003,Punjab
0.8,22.2,55.6,10,2003,Punjab
2.2,18.9,59.7,11,2003,Punjab
1.3,12.9,64.8,12,2003,Punjab
0.6,11.5,62.5,1,2004,Punjab
2.6,18.7,63.8,2,2004,Punjab
1.5,28.1,58.3,3,2004,Punjab
2.4,37.0,52.1,4,2004,Punjab
0.3,37.3,45.7,5,2004,Punjab
28.2,32.8,53.5,6,2004,Punjab
55.0,28.2,51.0,7,2004,Punjab
24.1,25.8,58.1,8,2004,Punjab
29.8,25.0,52.3,9,2004,Punjab
0.7,24.2,54.3,10,2004,Punjab
1.3,17.8,61.6,11,2004,Punjab
1.2,13.6,59.1,12,2004,Punjab
3.9,9.5,61.2,1,2005,Punjab
1.7,15.5,53.7,2,2005,Punjab
2.9,30.2,50.2,3,2005,Punjab
1.2,36.2,49.4,4,2005,Punjab
0.8,37.1,49.7,5,2005,Punjab
40.7,31.9,53.1,6,2005,Punjab
69.3,26.5,56.7,7,2005,Punjab
32.1,25.6,51.9,8,2005,Punjab
31.6,24.4,55.4,9,2005,Punjab
2.6,22.5,57.6,10,2005,Punjab
2.5,16.7,54.7,11,2005,Punjab
3.2,12.7,56.0,12,2005,Punjab
1.0,12.2,62.1,1,2006,Punjab
4.1,18.7,57.6,2,2006,Punjab
0.5,28.9,54.9,3,2006,Punjab
1.0,37.2,54.7,4,2006,Punjab
1.4,37.6,50.1,5,2006,Punjab
27.2,33.5,52.4,6,2006,Punjab
134.5,25.8,63.3,7,2006,Punjab
26.3,26.1,52.0,8,2006,Punjab
8.9,24.9,57.2,9,2006,Punjab
2.7,23.2,56.9,10,2006,Punjab
0.1,16.2,64.6,11,2006,Punjab
2.2,12.3,63.1,12,2006,Punjab
2.3,12.9,54.7,1,2007,Punjab
3.2,15.9,59.6,2,2007,Punjab
0.3,29.1,51.4,3,2007,Punjab
0.4,35.6,45.2,4,2007,Punjab
1.6,36.5,56.5,5,2007,Punjab
18.7,32.0,56.7,6,2007,Punjab
14.1,26.7,48.4,7,2007,Punjab
37.8,26.7,56.1,8,2007,Punjab
7.9,24.4,53.6,9,2007,Punjab
0.3,19.9,56.0,10,2007,Punjab
0.6,15.3,59.7,11,2007,Punjab
0.6,12.2,68.2,12,2007,Punjab
2.8,10.5,63.0,1,2008,Punjab
2.1,17.2,60.8,2,2008,Punjab
1.0,29.3,51.1,3,2008,Punjab
1.4,37.0,45.7,4,2008,Punjab
0.5,37.8,46.5,5,2008,Punjab
10.6,33.0,50.3,6,2008,Punjab
13.9,26.7,52.4,7,2008,Punjab
34.2,26.6,54.5,8,2008,Punjab
36.3,25.3,55.0,9,2008,Punjab
6.6,22.6,55.2,10,2008,Punjab
6.2,17.1,61.8,11,2008,Punjab
1.3,13.2,59.1,12,2008,Punjab
0.7,10.9,59.1,1,2009,Punjab
0.9,15.5,57.9,2,2009,Punjab
0.7,27.9,49.5,3,2009,Punjab
1.4,37.2,50.1,4,2009,Punjab
2.9,38.2,49.8,5,2009,Punjab
14.5,30.2,48.5,6,2009,Punjab
64.3,26.2,57.6,7,2009,Punjab
51.2,26.3,55.1,8,2009,Punjab
15.6,25.7,59.5,9,2009,Punjab
3.1,23.2,58.8,10,2009,Punjab
1.4,16.2,60.3,11,2009,Punjab
2.5,12.7,63.2,12,2009,Punjab
0.5,11.2,62.3,1,2010,Punjab
0.5,16.7,55.1,2,2010,Punjab
0.5,27.8,51.1,3,2010,Punjab
0.4,35.9,49.2,4,2010,Punjab
1.2,37.7,55.0,5,2010,Punjab
21.2,31.8,52.2,6,2010,Punjab
51.0,27.6,55.2,7,2010,Punjab
11.3,26.9,47.6,8,2010,Punjab
93.2,23.8,58.9,9,2010,Punjab
1.2,21.1,57.7,10,2010,Punjab
0.6,15.9,59.1,11,2010,Punjab
1.4,12.2,62.3,12,2010,Punjab
3.0,11.8,60.5,1,2011,Punjab
1.8,17.0,62.2,2,2011,Punjab
4.1,27.4,55.8,3,2011,Punjab
1.5,36.6,53.4,4,2011,Punjab
3.3,35.9,46.3,5,2011,Punjab
56.2,32.2,53.8,6,2011,Punjab
33.5,26.2,56.9,7,2011,Punjab
16.6,25.0,50.3,8,2011,Punjab
30.4,25.4,53.9,9,2011,Punjab
1.6,22.7,56.2,10,2011,Punjab
1.0,17.9,61.6,11,2011,Punjab
1.0,12.8,61.2,12,2011,Punjab
1.6,11.3,63.0,1,2012,Punjab
0.6,16.5,62.6,2,2012,Punjab
5.0,26.8,51.9,3,2012,Punjab
1.5,35.6,47.0,4,2012,Punjab
1.6,37.4,48.8,5,2012,Punjab
50.8,31.7,51.9,6,2012,Punjab
9.0,26.8,53.7,7,2012,Punjab
38.8,24.7,55.4,8,2012,Punjab
6.5,23.9,58.5,9,2012,Punjab
0.9,21.7,64.4,10,2012,Punjab
0.3,15.3,58.4,11,2012,Punjab
4.2,12.6,58.4,12,2012,Punjab
1.2,12.3,58.8,1,2013,Punjab
3.0,17.0,49.4,2,2013,Punjab
0.6,27.9,57.3,3,2013,Punjab
1.5,35.5,50.7,4,2013,Punjab
0.3,38.3,47.8,5,2013,Punjab
10.5,33.0,59.8,6,2013,Punjab
60.9,28.9,54.6,7,2013,Punjab
50.2,26.1,58.2,8,2013,Punjab
24.6,25.0,54.4,9,2013,Punjab
1.6,23.2,61.0,10,2013,Punjab
0.9,17.4,57.5,11,2013,Punjab
0.6,13.7,61.4,12,2013,Punjab
2.9,11.3,67.5,1,2014,Punjab
2.5,16.2,60.7,2,2014,Punjab
0.3,28.3,50.9,3,2014,Punjab
1.2,35.3,52.4,4,2014,Punjab
0.5,36.2,43.3,5,2014,Punjab
13.9,32.1,50.1,6,2014,Punjab
51.1,27.2,57.5,7,2014,Punjab
78.0,24.5,55.5,8,2014,Punjab
50.8,24.5,57.7,9,2014,Punjab
2.2,21.8,55.2,10,2014,Punjab
1.2,16.0,56.9,11,2014,Punjab
2.1,13.3,62.3,12,2014,Punjab
0.5,11.2,64.4,1,2015,Punjab
0.4,17.6,57.1,2,2015,Punjab
1.1,28.8,45.2,3,2015,Punjab
0.3,35.8,46.7,4,2015,Punjab
1.2,37.4,49.1,5,2015,Punjab
33.1,31.2,52.5,6,2015,Punjab
1.9,28.5,54.5,7,2015,Punjab
35.4,25.5,54.8,8,2015,Punjab
7.4,24.0,55.7,9,2015,Punjab
1.2,22.1,56.0,10,2015,Punjab
1.6,16.4,58.2,11,2015,Punjab
3.1,11.1,65.7,12,2015,Punjab
4.7,10.6,62.6,1,2016,Punjab
0.4,16.2,61.6,2,2016,Punjab
1.8,28.2,55.7,3,2016,Punjab
1.7,35.2,47.6,4,2016,Punjab
2.4,36.5,48.3,5,2016,Punjab
37.9,33.0,52.7,6,2016,Punjab
24.0,26.4,54.5,7,2016,Punjab
12.9,24.9,58.1,8,2016,Punjab
35.3,25.1,59.8,9,2016,Punjab
0.6,22.9,59.1,10,2016,Punjab
0.5,17.0,64.0,11,2016,Punjab
2.2,12.9,59.1,12,2016,Punjab
2.3,11.8,61.8,1,2017,Punjab
0.1,16.1,57.5,2,2017,Punjab
1.5,27.7,55.0,3,2017,Punjab
1.6,36.2,50.1,4,2017,Punjab
1.2,36.9,48.7,5,2017,Punjab
17.7,31.8,49.8,6,2017,Punjab
42.9,26.8,54.5,7,2017,Punjab
28.7,25.7,59.5,8,2017,Punjab
19.7,24.0,53.1,9,2017,Punjab
0.3,21.6,52.5,10,2017,Punjab
1.5,15.7,59.2,11,2017,Punjab
0.6,13.0,58.4,12,2017,Punjab
1.1,10.2,64.9,1,2018,Punjab
0.8,17.0,57.1,2,2018,Punjab
0.8,28.8,54.5,3,2018,Punjab
0.2,36.2,49.2,4,2018,Punjab
1.0,39.3,42.2,5,2018,Punjab
11.4,32.3,51.6,6,2018,Punjab
7.5,26.6,48.6,7,2018,Punjab
39.3,26.4,55.9,8,2018,Punjab
53.4,24.1,54.0,9,2018,Punjab
3.6,21.4,59.1,10,2018,Punjab
1.3,16.6,64.9,11,2018,Punjab
1.0,11.8,65.8,12,2018,Punjab
1.1,12.1,57.0,1,2019,Punjab
2.9,15.0,64.8,2,2019,Punjab
1.1,29.2,54.2,3,2019,Punjab
1.4,38.0,46.2,4,2019,Punjab
0.5,38.3,51.5,5,2019,Punjab
17.1,33.4,58.2,6,2019,Punjab
40.2,29.2,55.3,7,2019,Punjab
7.1,25.8,57.8,8,2019,Punjab
19.8,24.7,57.0,9,2019,Punjab
0.4,21.3,52.5,10,2019,Punjab
3.2,16.3,59.4,11,2019,Punjab
1.6,12.4,59.9,12,2019,Punjab
0.9,11.6,61.2,1,2020,Punjab
0.6,15.8,63.0,2,2020,Punjab
1.8,28.7,50.5,3,2020,Punjab
6.3,35.5,48.3,4,2020,Punjab
1.2,36.2,47.5,5,2020,Punjab
35.4,32.7,52.2,6,2020,Punjab
85.7,27.8,58.7,7,2020,Punjab
50.8,23.4,59.6,8,2020,Punjab
110.9,23.9,59.6,9,2020,Punjab
4.2,21.5,55.7,10,2020,Punjab
0.5,15.6,59.5,11,2020,Punjab
2.1,13.2,62.1,12,2020,Punjab
1.1,6.9,81.3,1,1997,Sikkim
13.4,9.5,84.1,2,1997,Sikkim
6.0,17.1,78.3,3,1997,Sikkim
12.7,24.0,72.7,4,1997,Sikkim
2.6,23.2,73.8,5,1997,Sikkim
105.9,19.3,78.4,6,1997,Sikkim
281.1,15.6,93.1,7,1997,Sikkim
182.0,14.8,77.7,8,1997,Sikkim
87.7,14.2,82.8,9,1997,Sikkim
3.9,13.6,77.7,10,1997,Sikkim
8.1,9.4,80.0,11,1997,Sikkim
19.9,8.0,85.1,12,1997,Sikkim
6.4,5.9,81.3,1,1998,Sikkim
16.1,10.7,78.4,2,1998,Sikkim
5.9,16.1,79.8,3,1998,Sikkim
10.5,22.9,82.7,4,1998,Sikkim
10.5,23.1,75.7,5,1998,Sikkim
41.7,20.3,84.9,6,1998,Sikkim
169.0,15.5,86.5,7,1998,Sikkim
17.7,15.3,79.5,8,1998,Sikkim
61.5,14.1,85.8,9,1998,Sikkim
1.9,11.2,83.8,10,1998,Sikkim
2.0,9.0,82.5,11,1998,Sikkim
5.9,6.0,86.4,12,1998,Sikkim
1.8,6.6,80.2,1,1999,Sikkim
9.4,8.7,83.6,2,1999,Sikkim
8.7,16.5,75.9,3,1999,Sikkim
2.2,21.4,74.7,4,1999,Sikkim
5.8,22.3,72.4,5,1999,Sikkim
45.5,18.8,82.0,6,1999,Sikkim
17.3,16.3,78.1,7,1999,Sikkim
71.9,15.2,75.5,8,1999,Sikkim
22.6,14.7,80.0,9,1999,Sikkim
3.1,12.6,81.0,10,1999,Sikkim
9.7,9.3,85.6,11,1999,Sikkim
1.6,6.2,85.3,12,1999,Sikkim
5.1,5.1,87.7,1,2000,Sikkim
5.5,9.9,80.8,2,2000,Sikkim
3.4,17.4,79.8,3,2000,Sikkim
4.1,21.0,78.3,4,2000,Sikkim
12.7,22.8,73.2,5,2000,Sikkim
134.5,18.6,88.1,6,2000,Sikkim
34.5,15.3,78.2,7,2000,Sikkim
122.9,14.4,86.1,8,2000,Sikkim
23.3,12.7,84.5,9,2000,Sikkim
0.7,11.4,83.7,10,2000,Sikkim
2.5,10.3,89.9,11,2000,Sikkim
7.0,5.3,81.0,12,2000,Sikkim
5.2,6.0,80.7,1,2001,Sikkim
1.9,9.9,84.5,2,2001,Sikkim
6.1,16.0,85.1,3,2001,Sikkim
6.6,22.3,74.5,4,2001,Sikkim
7.7,21.7,78.1,5,2001,Sikkim
44.8,17.9,80.0,6,2001,Sikkim
20.7,16.9,79.6,7,2001,Sikkim
131.0,15.9,82.9,8,2001,Sikkim
62.5,14.8,81.6,9,2001,Sikkim
1.6,11.2,87.2,10,2001,Sikkim
6.3,9.9,80.0,11,2001,Sikkim
3.5,5.2,83.0,12,2001,Sikkim
8.6,6.0,85.5,1,2002,Sikkim
4.8,8.1,79.5,2,2002,Sikkim
3.3,16.5,75.6,3,2002,Sikkim
3.0,19.3,80.9,4,2002,Sikkim
9.0,23.7,70.7,5,2002,Sikkim
50.8,18.1,82.9,6,2002,Sikkim
65.9,14.7,84.1,7,2002,Sikkim
117.5,16.7,80.9,8,2002,Sikkim
47.1,12.8,82.8,9,2002,Sikkim
1.3,12.9,81.7,10,2002,Sikkim
5.6,8.8,82.2,11,2002,Sikkim
4.1,6.7,81.9,12,2002,Sikkim
22.1,6.0,86.5,1,2003,Sikkim
1.5,8.9,83.9,2,2003,Sikkim
11.1,17.0,79.3,3,2003,Sikkim
1.5,21.6,72.2,4,2003,Sikkim
3.6,22.6,71.4,5,2003,Sikkim
13.9,18.0,82.3,6,2003,Sikkim
53.5,15.1,80.9,7,2003,Sikkim
38.2,13.9,80.4,8,2003,Sikkim
9.8,13.7,79.8,9,2003,Sikkim
11.0,12.4,81.4,10,2003,Sikkim
8.3,8.9,82.4,11,2003,Sikkim
0.6,5.5,85.6,12,2003,Sikkim
10.3,7.0,85.3,1,2004,Sikkim
8.4,9.0,86.2,2,2004,Sikkim
4.9,17.3,82.1,3,2004,Sikkim
2.7,21.6,73.7,4,2004,Sikkim
9.3,23.8,73.6,5,2004,Sikkim
167.0,20.2,86.6,6,2004,Sikkim
68.5,14.8,81.5,7,2004,Sikkim
401.7,14.2,94.5,8,2004,Sikkim
55.2,12.8,77.7,9,2004,Sikkim
8.0,13.3,78.7,10,2004,Sikkim
13.1,9.8,76.9,11,2004,Sikkim
8.6,8.5,85.9,12,2004,Sikkim
9.9,5.8,85.3,1,2005,Sikkim
4.0,8.9,77.7,2,2005,Sikkim
1.4,16.8,77.4,3,2005,Sikkim
4.0,21.4,76.0,4,2005,Sikkim
7.9,22.9,77.4,5,2005,Sikkim
66.7,19.9,82.8,6,2005,Sikkim
88.9,13.7,84.4,7,2005,Sikkim
80.7,14.7,83.4,8,2005,Sikkim
85.0,12.5,82.1,9,2005,Sikkim
7.8,11.8,81.9,10,2005,Sikkim
4.0,8.0,88.2,11,2005,Sikkim
6.3,6.0,79.5,12,2005,Sikkim
1.5,5.7,88.6,1,2006,Sikkim
6.9,8.4,85.7,2,2006,Sikkim
4.6,17.6,79.8,3,2006,Sikkim
6.4,22.3,77.4,4,2006,Sikkim
3.5,22.0,76.0,5,2006,Sikkim
10.4,19.0,81.3,6,2006,Sikkim
201.3,15.5,93.5,7,2006,Sikkim
153.5,15.0,87.7,8,2006,Sikkim
220.8,14.6,89.3,9,2006,Sikkim
6.7,12.7,83.3,10,2006,Sikkim
6.0,10.9,84.8,11,2006,Sikkim
13.7,6.2,88.0,12,2006,Sikkim
2.1,4.1,83.8,1,2007,Sikkim
4.0,9.2,82.0,2,2007,Sikkim
2.3,16.3,78.8,3,2007,Sikkim
16.9,21.7,81.7,4,2007,Sikkim
5.7,23.0,70.0,5,2007,Sikkim
31.6,19.3,74.4,6,2007,Sikkim
46.3,16.5,78.9,7,2007,Sikkim
165.9,14.2,81.5,8,2007,Sikkim
162.3,14.2,85.3,9,2007,Sikkim
10.1,12.5,81.8,10,2007,Sikkim
10.3,9.1,76.0,11,2007,Sikkim
4.5,4.7,82.9,12,2007,Sikkim
1.5,5.6,84.5,1,2008,Sikkim
2.0,8.7,85.4,2,2008,Sikkim
7.6,17.2,80.2,3,2008,Sikkim
3.3,21.9,76.6,4,2008,Sikkim
6.9,22.9,73.4,5,2008,Sikkim
51.7,19.3,76.2,6,2008,Sikkim
71.2,15.9,82.9,7,2008,Sikkim
65.2,15.1,84.2,8,2008,Sikkim
90.0,13.8,83.1,9,2008,Sikkim
5.1,11.2,84.7,10,2008,Sikkim
4.0,9.9,80.8,11,2008,Sikkim
14.0,7.1,86.1,12,2008,Sikkim
3.1,7.8,83.8,1,2009,Sikkim
7.3,8.5,76.6,2,2009,Sikkim
14.8,15.5,80.0,3,2009,Sikkim
8.9,20.9,77.0,4,2009,Sikkim
0.9,22.7,75.4,5,2009,Sikkim
85.4,18.8,79.8,6,2009,Sikkim
308.4,16.8,90.3,7,2009,Sikkim
78.1,14.6,83.1,8,2009,Sikkim
93.4,14.6,82.4,9,2009,Sikkim
6.8,13.7,81.1,10,2009,Sikkim
2.0,9.1,83.5,11,2009,Sikkim
14.4,6.2,85.8,12,2009,Sikkim
7.4,6.2,85.9,1,2010,Sikkim
0.5,8.2,86.0,2,2010,Sikkim
2.7,16.8,79.4,3,2010,Sikkim
11.7,20.7,84.6,4,2010,Sikkim
5.8,23.2,80.8,5,2010,Sikkim
151.6,18.8,77.4,6,2010,Sikkim
125.6,15.3,81.0,7,2010,Sikkim
78.3,15.0,81.8,8,2010,Sikkim
32.2,15.2,77.6,9,2010,Sikkim
14.3,13.1,80.4,10,2010,Sikkim
9.6,8.6,85.5,11,2010,Sikkim
5.4,6.2,84.7,12,2010,Sikkim
1.6,6.4,80.8,1,2011,Sikkim
3.3,9.5,83.6,2,2011,Sikkim
13.8,16.4,84.0,3,2011,Sikkim
9.8,21.0,80.7,4,2011,Sikkim
10.9,21.7,82.9,5,2011,Sikkim
87.5,18.5,81.8,6,2011,Sikkim
144.3,15.7,85.2,7,2011,Sikkim
45.2,13.4,74.8,8,2011,Sikkim
89.7,13.8,78.1,9,2011,Sikkim
10.2,12.6,79.4,10,2011,Sikkim
6.8,7.2,83.1,11,2011,Sikkim
4.0,6.7,81.4,12,2011,Sikkim
13.8,6.8,85.9,1,2012,Sikkim
1.2,11.8,74.5,2,2012,Sikkim
6.8,16.5,79.0,3,2012,Sikkim
6.4,21.3,72.9,4,2012,Sikkim
10.5,23.6,73.9,5,2012,Sikkim
104.0,20.1,82.3,6,2012,Sikkim
46.3,17.4,80.7,7,2012,Sikkim
6.3,15.1,76.3,8,2012,Sikkim
71.9,15.6,82.2,9,2012,Sikkim
2.4,13.9,80.4,10,2012,Sikkim
3.8,9.3,82.2,11,2012,Sikkim
5.5,7.7,87.2,12,2012,Sikkim
2.5,5.1,85.8,1,2013,Sikkim
3.1,9.2,88.8,2,2013,Sikkim
1.8,15.7,83.4,3,2013,Sikkim
11.3,20.9,73.0,4,2013,Sikkim
4.6,22.3,73.1,5,2013,Sikkim
144.2,19.2,84.3,6,2013,Sikkim
143.3,15.9,94.2,7,2013,Sikkim
106.0,14.8,85.6,8,2013,Sikkim
88.4,12.6,84.4,9,2013,Sikkim
2.6,10.0,77.0,10,2013,Sikkim
3.9,10.0,86.2,11,2013,Sikkim
2.9,5.7,84.3,12,2013,Sikkim
1.3,6.8,83.8,1,2014,Sikkim
1.2,8.7,83.1,2,2014,Sikkim
1.8,15.5,77.8,3,2014,Sikkim
3.0,21.3,76.2,4,2014,Sikkim
2.0,21.9,73.3,5,2014,Sikkim
18.0,18.8,78.5,6,2014,Sikkim
59.6,14.8,85.0,7,2014,Sikkim
48.0,14.9,73.8,8,2014,Sikkim
200.5,13.4,83.6,9,2014,Sikkim
11.2,12.3,79.8,10,2014,Sikkim
10.8,8.9,83.2,11,2014,Sikkim
25.3,7.2,84.5,12,2014,Sikkim
20.5,6.4,80.5,1,2015,Sikkim
9.1,9.9,80.2,2,2015,Sikkim
0.3,14.9,76.3,3,2015,Sikkim
9.6,21.8,76.9,4,2015,Sikkim
3.0,22.0,79.2,5,2015,Sikkim
41.6,19.0,77.9,6,2015,Sikkim
96.7,14.1,84.4,7,2015,Sikkim
95.6,14.4,85.0,8,2015,Sikkim
99.8,13.8,86.5,9,2015,Sikkim
13.2,12.9,79.5,10,2015,Sikkim
4.5,8.7,84.2,11,2015,Sikkim
6.3,6.7,80.0,12,2015,Sikkim
6.4,7.4,84.3,1,2016,Sikkim
8.0,8.3,76.5,2,2016,Sikkim
7.3,16.5,76.9,3,2016,Sikkim
7.5,20.4,77.4,4,2016,Sikkim
3.2,22.4,79.2,5,2016,Sikkim
137.5,17.7,85.4,6,2016,Sikkim
341.3,15.4,89.1,7,2016,Sikkim
242.9,13.7,88.4,8,2016,Sikkim
24.0,13.2,78.7,9,2016,Sikkim
4.6,11.0,82.7,10,2016,Sikkim
1.5,9.3,89.8,11,2016,Sikkim
11.7,6.6,81.6,12,2016,Sikkim
3.8,7.2,84.1,1,2017,Sikkim
9.2,10.2,82.7,2,2017,Sikkim
15.7,16.8,78.7,3,2017,Sikkim
3.5,23.3,71.4,4,2017,Sikkim
8.9,21.7,79.3,5,2017,Sikkim
164.5,20.7,79.9,6,2017,Sikkim
194.3,17.0,83.7,7,2017,Sikkim
21.3,15.9,83.9,8,2017,Sikkim
36.1,16.4,86.7,9,2017,Sikkim
7.2,13.6,76.4,10,2017,Sikkim
2.0,11.3,81.3,11,2017,Sikkim
3.8,9.2,84.6,12,2017,Sikkim
3.7,6.7,92.5,1,2018,Sikkim
2.6,8.3,83.1,2,2018,Sikkim
1.4,16.8,81.9,3,2018,Sikkim
2.6,20.3,75.8,4,2018,Sikkim
5.0,21.8,74.6,5,2018,Sikkim
13.3,20.4,71.6,6,2018,Sikkim
27.6,15.3,79.8,7,2018,Sikkim
7.4,14.0,81.1,8,2018,Sikkim
52.1,14.2,79.4,9,2018,Sikkim
6.2,12.4,76.2,10,2018,Sikkim
3.7,9.1,85.2,11,2018,Sikkim
5.4,7.7,77.1,12,2018,Sikkim
17.9,5.9,90.4,1,2019,Sikkim
4.6,9.5,88.1,2,2019,Sikkim
0.6,16.2,75.9,3,2019,Sikkim
4.2,20.6,76.0,4,2019,Sikkim
4.0,21.4,77.1,5,2019,Sikkim
40.8,19.2,82.1,6,2019,Sikkim
126.2,15.1,83.0,7,2019,Sikkim
145.3,16.2,83.1,8,2019,Sikkim
17.8,14.3,77.8,9,2019,Sikkim
2.9,11.4,86.1,10,2019,Sikkim
8.5,9.0,82.7,11,2019,Sikkim
1.2,8.5,84.4,12,2019,Sikkim
9.9,5.9,83.0,1,2020,Sikkim
8.5,8.1,81.7,2,2020,Sikkim
6.5,17.2,74.1,3,2020,Sikkim
14.7,21.1,75.4,4,2020,Sikkim
14.8,23.2,72.8,5,2020,Sikkim
52.4,19.7,79.2,6,2020,Sikkim
44.1,14.1,81.3,7,2020,Sikkim
150.0,15.8,83.7,8,2020,Sikkim
97.1,13.5,84.1,9,2020,Sikkim
2.9,13.6,78.2,10,2020,Sikkim
10.8,10.8,79.2,11,2020,Sikkim
7.4,6.0,85.9,12,2020,Sikkim
3.3,25.3,69.8,1,1997,Tamil Nadu
10.5,25.5,70.8,2,1997,Tamil Nadu
3.9,28.7,68.8,3,1997,Tamil Nadu
5.6,32.4,67.8,4,1997,Tamil Nadu
2.9,31.7,70.3,5,1997,Tamil Nadu
51.8,30.6,72.7,6,1997,Tamil Nadu
22.6,28.6,64.5,7,1997,Tamil Nadu
28.9,29.6,73.7,8,1997,Tamil Nadu
14.2,27.2,73.0,9,1997,Tamil Nadu
0.8,27.8,72.7,10,1997,Tamil Nadu
13.5,25.9,71.0,11,1997,Tamil Nadu
8.1,23.3,75.9,12,1997,Tamil Nadu
7.2,26.5,62.6,1,1998,Tamil Nadu
9.2,27.1,69.1,2,1998,Tamil Nadu
7.6,30.1,66.7,3,1998,Tamil Nadu
0.6,33.2,70.1,4,1998,Tamil Nadu
39.0,33.6,74.4,5,1998,Tamil Nadu
32.2,30.7,72.3,6,1998,Tamil Nadu
50.8,31.4,73.8,7,1998,Tamil Nadu
27.0,29.0,73.9,8,1998,Tamil Nadu
53.9,29.5,73.6,9,1998,Tamil Nadu
6.5,29.2,68.5,10,1998,Tamil Nadu
7.9,26.2,65.7,11,1998,Tamil Nadu
8.1,26.7,72.6,12,1998,Tamil Nadu
2.2,24.8,75.0,1,1999,Tamil Nadu
3.2,24.7,70.8,2,1999,Tamil Nadu
3.3,29.2,69.3,3,1999,Tamil Nadu
30.1,31.0,69.1,4,1999,Tamil Nadu
13.2,30.0,70.1,5,1999,Tamil Nadu
60.0,29.7,70.2,6,1999,Tamil Nadu
44.3,28.8,71.3,7,1999,Tamil Nadu
109.3,27.2,77.1,8,1999,Tamil Nadu
24.8,27.5,71.9,9,1999,Tamil Nadu
14.7,24.5,74.9,10,1999,Tamil Nadu
2.5,25.4,69.6,11,1999,Tamil Nadu
1.1,24.6,70.2,12,1999,Tamil Nadu
14.4,24.8,73.6,1,2000,Tamil Nadu
15.4,25.6,73.0,2,2000,Tamil Nadu
5.4,28.7,68.5,3,2000,Tamil Nadu
4.0,30.4,69.6,4,2000,Tamil Nadu
12.1,32.3,70.9,5,2000,Tamil Nadu
19.1,30.7,71.3,6,2000,Tamil Nadu
64.2,28.1,71.9,7,2000,Tamil Nadu
21.3,30.6,67.7,8,2000,Tamil Nadu
13.3,27.3,73.2,9,2000,Tamil Nadu
4.4,28.0,71.4,10,2000,Tamil Nadu
3.0,25.9,71.2,11,2000,Tamil Nadu
1.2,23.9,74.3,12,2000,Tamil Nadu
3.1,23.5,73.1,1,2001,Tamil Nadu
12.0,27.3,67.1,2,2001,Tamil Nadu
8.9,29.9,66.3,3,2001,Tamil Nadu
8.6,32.8,63.8,4,2001,Tamil Nadu
15.2,32.0,68.3,5,2001,Tamil Nadu
12.9,31.5,72.4,6,2001,Tamil Nadu
94.4,29.4,68.6,7,2001,Tamil Nadu
4.1,29.4,72.1,8,2001,Tamil Nadu
44.2,29.7,71.9,9,2001,Tamil Nadu
1.5,28.6,69.8,10,2001,Tamil Nadu
6.9,25.3,72.4,11,2001,Tamil Nadu
10.6,25.9,73.6,12,2001,Tamil Nadu
7.2,23.5,79.3,1,2002,Tamil Nadu
2.9,26.8,78.1,2,2002,Tamil Nadu
3.0,27.9,73.7,3,2002,Tamil Nadu
3.3,31.4,64.6,4,2002,Tamil Nadu
9.3,30.6,67.6,5,2002,Tamil Nadu
13.6,29.4,67.1,6,2002,Tamil Nadu
53.4,28.3,70.9,7,2002,Tamil Nadu
1.0,28.0,73.3,8,2002,Tamil Nadu
46.8,26.4,66.6,9,2002,Tamil Nadu
2.4,27.0,72.8,10,2002,Tamil Nadu
1.9,24.8,73.5,11,2002,Tamil Nadu
1.9,22.4,69.7,12,2002,Tamil Nadu
1.6,25.4,67.7,1,2003,Tamil Nadu
6.3,25.6,72.7,2,2003,Tamil Nadu
7.0,29.1,65.6,3,2003,Tamil Nadu
4.9,31.9,77.2,4,2003,Tamil Nadu
2.2,32.1,63.8,5,2003,Tamil Nadu
37.1,31.4,66.5,6,2003,Tamil Nadu
42.0,29.4,69.0,7,2003,Tamil Nadu
33.6,29.8,69.5,8,2003,Tamil Nadu
28.4,28.5,76.5,9,2003,Tamil Nadu
4.0,27.3,76.4,10,2003,Tamil Nadu
7.6,26.0,67.6,11,2003,Tamil Nadu
10.2,24.4,69.8,12,2003,Tamil Nadu
2.4,23.2,75.4,1,2004,Tamil Nadu
3.7,26.5,77.2,2,2004,Tamil Nadu
2.0,29.3,67.4,3,2004,Tamil Nadu
10.0,30.8,71.0,4,2004,Tamil Nadu
3.1,32.1,68.2,5,2004,Tamil Nadu
11.8,30.2,70.5,6,2004,Tamil Nadu
80.0,27.7,69.0,7,2004,Tamil Nadu
26.4,27.0,73.5,8,2004,Tamil Nadu
13.2,27.8,68.6,9,2004,Tamil Nadu
10.3,27.6,69.6,10,2004,Tamil Nadu
23.3,24.3,73.2,11,2004,Tamil Nadu
4.2,23.7,72.2,12,2004,Tamil Nadu
10.2,23.6,81.1,1,2005,Tamil Nadu
5.0,25.8,72.7,2,2005,Tamil Nadu
7.6,29.2,73.5,3,2005,Tamil Nadu
2.6,31.7,67.3,4,2005,Tamil Nadu
7.0,32.7,67.4,5,2005,Tamil Nadu
112.6,31.0,76.9,6,2005,Tamil Nadu
48.8,28.8,69.0,7,2005,Tamil Nadu
80.8,28.6,72.3,8,2005,Tamil Nadu
16.1,27.5,66.6,9,2005,Tamil Nadu
39.5,27.2,73.2,10,2005,Tamil Nadu
1.4,26.2,74.8,11,2005,Tamil Nadu
2.4,25.0,65.5,12,2005,Tamil Nadu
4.4,23.9,72.2,1,2006,Tamil Nadu
5.1,25.4,73.4,2,2006,Tamil Nadu
1.7,29.8,68.6,3,2006,Tamil Nadu
2.8,31.0,72.6,4,2006,Tamil Nadu
12.0,31.6,70.6,5,2006,Tamil Nadu
11.4,30.9,65.0,6,2006,Tamil Nadu
152.4,28.6,81.6,7,2006,Tamil Nadu
69.9,29.0,72.3,8,2006,Tamil Nadu
13.1,27.5,70.7,9,2006,Tamil Nadu
13.0,27.0,66.2,10,2006,Tamil Nadu
13.3,26.6,76.3,11,2006,Tamil Nadu
5.3,24.5,76.1,12,2006,Tamil Nadu
7.7,24.9,68.6,1,2007,Tamil Nadu
20.0,23.9,71.3,2,2007,Tamil Nadu
0.2,28.4,72.4,3,2007,Tamil Nadu
8.6,32.3,64.2,4,2007,Tamil Nadu
7.4,31.9,71.5,5,2007,Tamil Nadu
36.0,30.9,71.6,6,2007,Tamil Nadu
88.3,29.5,70.9,7,2007,Tamil Nadu
13.0,27.7,66.6,8,2007,Tamil Nadu
36.8,28.5,69.7,9,2007,Tamil Nadu
0.5,28.8,71.7,10,2007,Tamil Nadu
3.0,26.3,71.3,11,2007,Tamil Nadu
4.4,24.9,73.2,12,2007,Tamil Nadu
1.9,24.2,79.9,1,2008,Tamil Nadu
2.6,26.9,66.3,2,2008,Tamil Nadu
9.1,29.8,69.0,3,2008,Tamil Nadu
8.3,32.9,67.2,4,2008,Tamil Nadu
4.8,34.3,70.3,5,2008,Tamil Nadu
10.3,31.0,68.4,6,2008,Tamil Nadu
14.5,31.0,69.4,7,2008,Tamil Nadu
28.6,27.3,76.2,8,2008,Tamil Nadu
23.1,28.2,68.7,9,2008,Tamil Nadu
4.6,25.5,68.6,10,2008,Tamil Nadu
1.8,26.8,67.4,11,2008,Tamil Nadu
1.0,24.2,68.8,12,2008,Tamil Nadu
8.3,24.7,75.4,1,2009,Tamil Nadu
9.3,26.0,75.2,2,2009,Tamil Nadu
5.3,29.4,68.3,3,2009,Tamil Nadu
6.7,32.5,64.2,4,2009,Tamil Nadu
4.3,32.5,64.0,5,2009,Tamil Nadu
113.0,31.8,73.0,6,2009,Tamil Nadu
167.4,29.4,81.2,7,2009,Tamil Nadu
13.7,29.0,69.1,8,2009,Tamil Nadu
60.3,29.0,71.9,9,2009,Tamil Nadu
6.8,27.9,67.4,10,2009,Tamil Nadu
3.0,27.6,69.4,11,2009,Tamil Nadu
7.3,25.8,70.2,12,2009,Tamil Nadu
4.8,24.6,74.9,1,2010,Tamil Nadu
3.7,25.5,71.0,2,2010,Tamil Nadu
17.8,31.3,63.1,3,2010,Tamil Nadu
1.5,31.7,73.1,4,2010,Tamil Nadu
4.4,33.3,67.6,5,2010,Tamil Nadu
4.2,32.6,59.7,6,2010,Tamil Nadu
109.6,29.8,75.5,7,2010,Tamil Nadu
13.5,27.8,70.0,8,2010,Tamil Nadu
4.5,29.2,67.3,9,2010,Tamil Nadu
7.3,25.7,73.0,10,2010,Tamil Nadu
2.9,27.7,75.0,11,2010,Tamil Nadu
3.6,24.3,67.5,12,2010,Tamil Nadu
35.3,25.4,70.7,1,2011,Tamil Nadu
23.8,24.0,75.6,2,2011,Tamil Nadu
10.4,28.9,68.5,3,2011,Tamil Nadu
13.6,31.0,67.9,4,2011,Tamil Nadu
8.1,31.3,68.2,5,2011,Tamil Nadu
11.4,29.3,73.3,6,2011,Tamil Nadu
21.0,28.5,70.8,7,2011,Tamil Nadu
24.7,26.7,75.2,8,2011,Tamil Nadu
36.3,27.4,68.3,9,2011,Tamil Nadu
7.8,27.0,66.2,10,2011,Tamil Nadu
15.3,24.2,70.0,11,2011,Tamil Nadu
9.2,23.6,81.6,12,2011,Tamil Nadu
6.8,23.9,77.2,1,2012,Tamil Nadu
14.6,24.2,71.3,2,2012,Tamil Nadu
15.3,29.2,71.6,3,2012,Tamil Nadu
5.0,30.3,69.3,4,2012,Tamil Nadu
5.1,30.2,70.6,5,2012,Tamil Nadu
34.4,30.6,66.4,6,2012,Tamil Nadu
42.1,29.2,67.8,7,2012,Tamil Nadu
35.2,27.1,68.1,8,2012,Tamil Nadu
57.5,27.7,71.3,9,2012,Tamil Nadu
1.4,27.8,68.5,10,2012,Tamil Nadu
19.3,24.9,68.6,11,2012,Tamil Nadu
4.3,24.2,70.1,12,2012,Tamil Nadu
15.8,23.1,75.8,1,2013,Tamil Nadu
8.6,24.9,70.4,2,2013,Tamil Nadu
5.8,29.7,66.0,3,2013,Tamil Nadu
2.9,31.8,69.7,4,2013,Tamil Nadu
3.0,30.9,70.8,5,2013,Tamil Nadu
29.7,30.8,71.9,6,2013,Tamil Nadu
124.7,27.1,74.3,7,2013,Tamil Nadu
39.8,27.9,71.4,8,2013,Tamil Nadu
33.4,27.6,74.0,9,2013,Tamil Nadu
4.4,27.3,68.7,10,2013,Tamil Nadu
15.2,25.9,69.2,11,2013,Tamil Nadu
13.6,24.3,74.9,12,2013,Tamil Nadu
4.6,25.0,73.3,1,2014,Tamil Nadu
26.7,25.4,71.8,2,2014,Tamil Nadu
9.4,30.8,68.6,3,2014,Tamil Nadu
2.7,32.5,69.7,4,2014,Tamil Nadu
2.0,31.6,71.8,5,2014,Tamil Nadu
73.3,31.5,72.1,6,2014,Tamil Nadu
35.5,28.0,73.3,7,2014,Tamil Nadu
46.3,28.0,71.5,8,2014,Tamil Nadu
16.4,26.8,75.2,9,2014,Tamil Nadu
4.5,28.1,71.2,10,2014,Tamil Nadu
3.1,25.8,67.4,11,2014,Tamil Nadu
2.1,25.0,70.8,12,2014,Tamil Nadu
6.3,25.0,72.8,1,2015,Tamil Nadu
13.7,27.7,74.0,2,2015,Tamil Nadu
6.3,29.6,77.0,3,2015,Tamil Nadu
3.0,31.5,71.0,4,2015,Tamil Nadu
7.6,31.9,70.3,5,2015,Tamil Nadu
58.1,31.3,69.4,6,2015,Tamil Nadu
89.1,29.4,78.5,7,2015,Tamil Nadu
11.2,28.3,69.9,8,2015,Tamil Nadu
28.5,27.7,78.3,9,2015,Tamil Nadu
14.2,27.3,67.3,10,2015,Tamil Nadu
4.7,25.6,69.5,11,2015,Tamil Nadu
4.1,23.6,72.1,12,2015,Tamil Nadu
6.7,24.0,65.4,1,2016,Tamil Nadu
0.8,26.5,68.3,2,2016,Tamil Nadu
6.7,30.0,73.6,3,2016,Tamil Nadu
4.9,31.8,70.6,4,2016,Tamil Nadu
7.1,34.4,67.2,5,2016,Tamil Nadu
15.2,31.5,65.1,6,2016,Tamil Nadu
50.7,29.7,72.8,7,2016,Tamil Nadu
75.0,29.1,75.7,8,2016,Tamil Nadu
19.7,30.0,65.2,9,2016,Tamil Nadu
4.1,27.8,71.9,10,2016,Tamil Nadu
14.0,27.7,77.1,11,2016,Tamil Nadu
9.2,25.8,75.5,12,2016,Tamil Nadu
3.1,23.9,74.0,1,2017,Tamil Nadu
8.9,26.1,72.2,2,2017,Tamil Nadu
10.9,28.3,69.4,3,2017,Tamil Nadu
2.7,31.3,65.5,4,2017,Tamil Nadu
1.5,31.6,75.7,5,2017,Tamil Nadu
31.5,29.4,67.1,6,2017,Tamil Nadu
71.4,28.6,70.6,7,2017,Tamil Nadu
46.5,27.9,73.7,8,2017,Tamil Nadu
13.9,28.1,73.0,9,2017,Tamil Nadu
4.3,27.0,71.3,10,2017,Tamil Nadu
2.4,26.5,68.6,11,2017,Tamil Nadu
4.5,24.1,70.3,12,2017,Tamil Nadu
3.0,24.9,69.1,1,2018,Tamil Nadu
10.7,24.8,74.6,2,2018,Tamil Nadu
9.6,29.6,73.4,3,2018,Tamil Nadu
3.0,32.3,67.1,4,2018,Tamil Nadu
4.8,32.5,66.6,5,2018,Tamil Nadu
34.1,32.3,68.9,6,2018,Tamil Nadu
39.1,28.1,76.1,7,2018,Tamil Nadu
31.6,30.1,73.9,8,2018,Tamil Nadu
31.2,29.3,73.3,9,2018,Tamil Nadu
13.9,27.9,72.5,10,2018,Tamil Nadu
9.5,26.4,69.0,11,2018,Tamil Nadu
15.9,25.8,70.5,12,2018,Tamil Nadu
5.4,25.1,69.7,1,2019,Tamil Nadu
8.2,25.4,73.7,2,2019,Tamil Nadu
6.7,27.7,65.9,3,2019,Tamil Nadu
8.6,31.1,68.8,4,2019,Tamil Nadu
2.7,31.2,67.6,5,2019,Tamil Nadu
17.8,30.0,71.0,6,2019,Tamil Nadu
60.7,27.6,71.6,7,2019,Tamil Nadu
19.8,27.4,66.7,8,2019,Tamil Nadu
49.7,28.0,73.8,9,2019,Tamil Nadu
2.4,27.7,69.4,10,2019,Tamil Nadu
4.9,26.1,67.1,11,2019,Tamil Nadu
3.6,23.9,73.0,12,2019,Tamil Nadu
3.6,26.1,76.6,1,2020,Tamil Nadu
3.8,26.5,75.2,2,2020,Tamil Nadu
3.2,28.7,73.7,3,2020,Tamil Nadu
11.1,32.1,65.4,4,2020,Tamil Nadu
1.3,32.9,70.3,5,2020,Tamil Nadu
7.8,30.1,69.6,6,2020,Tamil Nadu
20.3,29.3,69.6,7,2020,Tamil Nadu
50.0,28.0,71.3,8,2020,Tamil Nadu
17.7,28.3,75.4,9,2020,Tamil Nadu
27.9,26.7,67.8,10,2020,Tamil Nadu
4.3,25.5,71.5,11,2020,Tamil Nadu
1.2,23.5,71.4,12,2020,Tamil Nadu
0.9,22.7,57.9,1,1997,Telangana
1.7,24.5,54.3,2,1997,Telangana
1.7,31.0,56.2,3,1997,Telangana
0.4,35.7,54.4,4,1997,Telangana
3.7,36.0,49.4,5,1997,Telangana
24.3,33.0,60.3,6,1997,Telangana
130.7,29.2,66.3,7,1997,Telangana
55.5,29.2,53.0,8,1997,Telangana
39.3,28.4,56.3,9,1997,Telangana
0.9,26.8,59.1,10,1997,Telangana
1.1,24.2,60.1,11,1997,Telangana
1.8,22.4,60.2,12,1997,Telangana
1.0,20.5,60.7,1,1998,Telangana
3.7,22.6,57.3,2,1998,Telangana
1.2,28.3,59.0,3,1998,Telangana
0.9,35.0,57.7,4,1998,Telangana
4.4,35.1,62.0,5,1998,Telangana
55.0,32.9,57.0,6,1998,Telangana
16.9,28.7,56.8,7,1998,Telangana
34.8,27.8,59.5,8,1998,Telangana
23.9,28.6,57.9,9,1998,Telangana
0.5,26.0,58.2,10,1998,Telangana
2.4,22.9,60.2,11,1998,Telangana
0.6,22.2,60.2,12,1998,Telangana
0.9,20.5,62.5,1,1999,Telangana
0.6,23.0,63.7,2,1999,Telangana
2.4,30.2,56.6,3,1999,Telangana
3.4,33.3,53.5,4,1999,Telangana
1.5,35.6,54.6,5,1999,Telangana
143.7,32.5,60.7,6,1999,Telangana
68.1,28.8,60.2,7,1999,Telangana
54.1,28.0,59.6,8,1999,Telangana
13.8,27.4,59.1,9,1999,Telangana
2.9,25.8,56.2,10,1999,Telangana
4.8,22.5,58.0,11,1999,Telangana
1.6,21.8,59.1,12,1999,Telangana
1.8,21.4,57.4,1,2000,Telangana
2.0,25.7,59.7,2,2000,Telangana
0.7,30.9,59.1,3,2000,Telangana
0.9,34.2,52.4,4,2000,Telangana
1.0,35.0,50.7,5,2000,Telangana
15.9,32.8,50.8,6,2000,Telangana
106.6,29.4,64.3,7,2000,Telangana
84.0,29.2,60.3,8,2000,Telangana
35.6,28.4,63.4,9,2000,Telangana
0.6,27.5,56.7,10,2000,Telangana
2.6,23.2,58.7,11,2000,Telangana
0.7,21.5,58.5,12,2000,Telangana
1.1,21.7,64.4,1,2001,Telangana
1.0,23.7,65.2,2,2001,Telangana
1.7,29.8,58.0,3,2001,Telangana
1.4,34.5,56.7,4,2001,Telangana
0.4,35.3,57.2,5,2001,Telangana
44.5,32.1,56.8,6,2001,Telangana
159.1,30.5,68.9,7,2001,Telangana
38.4,29.6,58.7,8,2001,Telangana
37.0,29.5,59.9,9,2001,Telangana
5.6,27.3,61.5,10,2001,Telangana
2.6,23.9,61.8,11,2001,Telangana
3.7,21.5,57.4,12,2001,Telangana
2.4,21.8,60.5,1,2002,Telangana
2.9,24.1,62.9,2,2002,Telangana
1.4,29.4,58.1,3,2002,Telangana
2.5,33.6,57.3,4,2002,Telangana
1.4,35.8,55.7,5,2002,Telangana
35.1,33.0,51.3,6,2002,Telangana
65.8,29.8,60.9,7,2002,Telangana
79.8,30.1,60.7,8,2002,Telangana
75.1,28.0,62.6,9,2002,Telangana
3.3,27.6,62.7,10,2002,Telangana
4.9,23.9,58.4,11,2002,Telangana
4.0,21.9,60.5,12,2002,Telangana
2.9,21.6,62.4,1,2003,Telangana
2.1,23.4,61.2,2,2003,Telangana
0.1,31.0,54.5,3,2003,Telangana
2.3,34.3,56.6,4,2003,Telangana
3.0,35.9,55.2,5,2003,Telangana
10.3,32.5,59.3,6,2003,Telangana
17.9,29.8,63.5,7,2003,Telangana
78.3,29.0,61.5,8,2003,Telangana
51.8,29.6,58.9,9,2003,Telangana
1.1,27.0,58.6,10,2003,Telangana
1.8,23.7,61.5,11,2003,Telangana
3.0,21.3,61.8,12,2003,Telangana
0.8,21.8,62.6,1,2004,Telangana
2.9,23.8,61.0,2,2004,Telangana
2.9,30.5,57.9,3,2004,Telangana
0.6,35.2,52.9,4,2004,Telangana
3.3,34.0,56.6,5,2004,Telangana
42.6,32.9,52.5,6,2004,Telangana
116.9,29.3,60.1,7,2004,Telangana
18.4,28.5,56.7,8,2004,Telangana
13.3,28.0,68.6,9,2004,Telangana
2.1,26.7,60.4,10,2004,Telangana
1.0,23.1,64.3,11,2004,Telangana
1.1,21.7,62.0,12,2004,Telangana
1.1,21.8,60.4,1,2005,Telangana
0.0,23.7,57.3,2,2005,Telangana
2.4,30.7,55.1,3,2005,Telangana
0.7,34.5,47.9,4,2005,Telangana
0.8,35.1,56.4,5,2005,Telangana
39.1,29.8,60.6,6,2005,Telangana
37.0,29.8,58.7,7,2005,Telangana
19.5,31.6,54.3,8,2005,Telangana
98.0,29.6,61.2,9,2005,Telangana
2.7,26.5,61.3,10,2005,Telangana
7.4,23.7,57.4,11,2005,Telangana
0.7,22.3,61.7,12,2005,Telangana
1.5,19.6,63.7,1,2006,Telangana
1.6,23.0,61.9,2,2006,Telangana
2.2,29.9,59.2,3,2006,Telangana
1.8,33.2,56.9,4,2006,Telangana
0.7,35.7,56.1,5,2006,Telangana
29.6,32.8,55.0,6,2006,Telangana
28.5,29.1,61.9,7,2006,Telangana
54.3,27.5,62.5,8,2006,Telangana
11.5,27.9,57.3,9,2006,Telangana
1.4,26.2,53.2,10,2006,Telangana
1.0,23.4,60.4,11,2006,Telangana
1.1,20.9,64.5,12,2006,Telangana
0.2,20.9,64.1,1,2007,Telangana
0.5,23.2,59.7,2,2007,Telangana
0.6,29.9,57.0,3,2007,Telangana
3.1,34.5,61.3,4,2007,Telangana
0.5,34.3,58.7,5,2007,Telangana
39.5,32.2,60.9,6,2007,Telangana
52.4,29.7,53.7,7,2007,Telangana
84.6,29.3,64.6,8,2007,Telangana
27.6,28.0,57.5,9,2007,Telangana
1.0,27.8,63.5,10,2007,Telangana
0.9,23.3,62.5,11,2007,Telangana
2.3,21.1,65.7,12,2007,Telangana
0.4,21.2,61.7,1,2008,Telangana
5.3,24.0,64.3,2,2008,Telangana
3.0,29.5,70.0,3,2008,Telangana
1.2,35.0,57.9,4,2008,Telangana
3.8,36.3,57.2,5,2008,Telangana
110.7,31.7,57.1,6,2008,Telangana
32.0,28.9,58.9,7,2008,Telangana
72.6,28.0,62.9,8,2008,Telangana
46.4,28.7,62.6,9,2008,Telangana
5.7,26.1,57.9,10,2008,Telangana
0.3,24.2,58.9,11,2008,Telangana
1.4,23.3,58.5,12,2008,Telangana
0.9,22.9,63.0,1,2009,Telangana
2.2,24.1,61.0,2,2009,Telangana
0.3,31.7,54.1,3,2009,Telangana
0.3,34.2,52.8,4,2009,Telangana
3.9,36.0,56.3,5,2009,Telangana
46.2,33.3,57.8,6,2009,Telangana
77.1,31.4,59.1,7,2009,Telangana
62.4,30.1,58.7,8,2009,Telangana
117.0,28.2,64.8,9,2009,Telangana
1.4,28.1,55.9,10,2009,Telangana
4.2,25.0,56.4,11,2009,Telangana
1.2,22.0,60.0,12,2009,Telangana
2.1,22.2,56.2,1,2010,Telangana
0.5,23.1,62.9,2,2010,Telangana
2.7,29.3,54.9,3,2010,Telangana
1.4,35.5,52.5,4,2010,Telangana
4.9,35.7,53.0,5,2010,Telangana
34.8,31.7,55.9,6,2010,Telangana
46.0,27.9,61.3,7,2010,Telangana
43.3,28.3,57.4,8,2010,Telangana
35.0,28.1,60.3,9,2010,Telangana
0.4,25.9,59.2,10,2010,Telangana
2.8,23.6,61.9,11,2010,Telangana
3.6,23.1,61.9,12,2010,Telangana
2.3,22.0,55.5,1,2011,Telangana
2.1,24.9,56.9,2,2011,Telangana
0.2,30.8,52.9,3,2011,Telangana
0.9,33.7,59.4,4,2011,Telangana
1.4,36.3,55.4,5,2011,Telangana
4.1,33.8,53.9,6,2011,Telangana
64.4,31.2,62.4,7,2011,Telangana
110.3,28.7,60.6,8,2011,Telangana
59.1,29.5,58.9,9,2011,Telangana
2.9,27.1,62.1,10,2011,Telangana
1.2,24.1,58.3,11,2011,Telangana
2.2,23.2,61.1,12,2011,Telangana
1.8,21.2,59.2,1,2012,Telangana
0.8,24.0,58.9,2,2012,Telangana
2.9,32.0,59.3,3,2012,Telangana
1.7,34.6,54.8,4,2012,Telangana
1.9,33.9,56.5,5,2012,Telangana
122.3,31.6,61.3,6,2012,Telangana
52.1,28.3,55.6,7,2012,Telangana
89.6,29.5,64.5,8,2012,Telangana
38.1,28.6,64.3,9,2012,Telangana
2.7,27.4,58.9,10,2012,Telangana
0.6,23.7,61.4,11,2012,Telangana
3.5,23.1,62.2,12,2012,Telangana
2.0,22.2,58.7,1,2013,Telangana
1.6,26.0,58.9,2,2013,Telangana
1.2,30.9,60.1,3,2013,Telangana
1.3,35.2,52.7,4,2013,Telangana
1.7,35.8,52.2,5,2013,Telangana
41.6,32.6,55.7,6,2013,Telangana
61.4,29.5,58.4,7,2013,Telangana
14.2,29.5,57.5,8,2013,Telangana
4.0,28.2,58.1,9,2013,Telangana
2.4,28.6,57.4,10,2013,Telangana
3.5,24.5,57.2,11,2013,Telangana
2.3,21.9,60.3,12,2013,Telangana
2.5,21.5,64.8,1,2014,Telangana
1.1,25.2,55.3,2,2014,Telangana
0.7,31.2,57.3,3,2014,Telangana
1.6,34.5,55.4,4,2014,Telangana
0.8,36.4,54.0,5,2014,Telangana
12.8,33.1,61.0,6,2014,Telangana
106.9,30.0,65.3,7,2014,Telangana
93.3,29.9,62.4,8,2014,Telangana
108.4,30.2,59.2,9,2014,Telangana
1.0,27.4,59.0,10,2014,Telangana
0.6,25.5,58.7,11,2014,Telangana
1.8,23.4,59.9,12,2014,Telangana
3.2,20.7,63.1,1,2015,Telangana
6.1,23.6,64.0,2,2015,Telangana
1.6,28.8,54.3,3,2015,Telangana
0.2,33.7,57.2,4,2015,Telangana
1.1,33.5,47.8,5,2015,Telangana
7.9,32.1,53.2,6,2015,Telangana
10.2,29.4,53.2,7,2015,Telangana
57.3,27.4,58.1,8,2015,Telangana
22.3,27.8,60.6,9,2015,Telangana
2.9,24.9,58.2,10,2015,Telangana
0.5,22.6,60.9,11,2015,Telangana
4.1,20.2,64.3,12,2015,Telangana
1.8,20.8,57.9,1,2016,Telangana
1.0,23.2,59.5,2,2016,Telangana
1.0,29.9,56.1,3,2016,Telangana
1.1,35.8,59.8,4,2016,Telangana
2.2,35.3,58.1,5,2016,Telangana
42.6,32.4,57.9,6,2016,Telangana
50.1,31.0,59.5,7,2016,Telangana
9.0,29.3,55.9,8,2016,Telangana
40.5,28.0,59.7,9,2016,Telangana
2.3,26.7,62.2,10,2016,Telangana
2.2,22.1,59.2,11,2016,Telangana
0.3,23.0,60.3,12,2016,Telangana
2.5,23.7,60.0,1,2017,Telangana
4.6,23.9,64.4,2,2017,Telangana
0.4,31.1,57.7,3,2017,Telangana
1.2,34.8,51.1,4,2017,Telangana
4.4,35.3,52.8,5,2017,Telangana
3.7,31.6,53.5,6,2017,Telangana
48.6,31.0,63.6,7,2017,Telangana
108.7,28.9,57.8,8,2017,Telangana
62.0,29.5,61.9,9,2017,Telangana
2.5,26.5,61.2,10,2017,Telangana
1.7,25.0,64.5,11,2017,Telangana
0.9,21.6,63.3,12,2017,Telangana
0.9,21.5,58.2,1,2018,Telangana
2.4,24.7,58.7,2,2018,Telangana
1.2,30.8,53.5,3,2018,Telangana
0.7,35.9,53.0,4,2018,Telangana
0.6,36.3,54.6,5,2018,Telangana
50.6,31.5,58.9,6,2018,Telangana
171.3,30.0,61.8,7,2018,Telangana
113.9,30.1,64.4,8,2018,Telangana
76.5,29.4,57.4,9,2018,Telangana
5.4,27.3,63.4,10,2018,Telangana
0.3,24.4,63.1,11,2018,Telangana
3.2,22.1,59.7,12,2018,Telangana
1.3,23.1,59.5,1,2019,Telangana
0.8,24.3,59.9,2,2019,Telangana
0.7,30.6,54.3,3,2019,Telangana
0.6,36.0,55.3,4,2019,Telangana
0.7,35.8,50.7,5,2019,Telangana
11.4,31.9,59.1,6,2019,Telangana
49.8,29.7,62.8,7,2019,Telangana
70.0,28.5,59.8,8,2019,Telangana
25.3,28.0,55.7,9,2019,Telangana
1.8,27.7,57.9,10,2019,Telangana
0.9,24.2,61.7,11,2019,Telangana
2.5,22.4,64.8,12,2019,Telangana
1.1,20.8,61.6,1,2020,Telangana
1.6,24.2,62.0,2,2020,Telangana
1.8,30.8,56.6,3,2020,Telangana
1.7,34.7,55.0,4,2020,Telangana
0.6,36.0,56.3,5,2020,Telangana
19.7,34.0,53.9,6,2020,Telangana
51.2,29.7,61.3,7,2020,Telangana
33.0,28.7,56.8,8,2020,Telangana
8.4,28.2,60.9,9,2020,Telangana
3.9,26.2,59.9,10,2020,Telangana
1.5,24.9,61.7,11,2020,Telangana
2.8,22.9,56.9,12,2020,Telangana
5.8,17.9,83.0,1,1997,Tripura
5.1,19.4,83.4,2,1997,Tripura
2.1,25.8,78.9,3,1997,Tripura
1.9,29.3,80.4,4,1997,Tripura
4.1,29.3,85.0,5,1997,Tripura
11.6,28.4,76.8,6,1997,Tripura
117.2,26.7,83.2,7,1997,Tripura
37.8,24.4,75.3,8,1997,Tripura
48.1,24.4,85.1,9,1997,Tripura
1.8,21.9,80.7,10,1997,Tripura
4.5,20.6,87.6,11,1997,Tripura
4.1,18.9,86.3,12,1997,Tripura
5.6,17.8,79.2,1,1998,Tripura
2.9,20.5,83.9,2,1998,Tripura
1.3,24.9,81.2,3,1998,Tripura
3.2,30.0,73.9,4,1998,Tripura
1.5,29.8,74.4,5,1998,Tripura
276.4,28.2,87.7,6,1998,Tripura
79.0,25.9,85.5,7,1998,Tripura
233.1,25.8,84.3,8,1998,Tripura
5.3,23.1,75.1,9,1998,Tripura
5.3,22.7,79.3,10,1998,Tripura
3.8,19.9,81.4,11,1998,Tripura
7.7,19.4,84.4,12,1998,Tripura
6.4,17.9,80.0,1,1999,Tripura
3.2,19.4,78.2,2,1999,Tripura
1.5,26.2,75.6,3,1999,Tripura
6.0,30.0,75.6,4,1999,Tripura
6.1,28.1,73.5,5,1999,Tripura
50.0,26.0,76.4,6,1999,Tripura
214.4,25.4,87.3,7,1999,Tripura
55.8,24.0,87.4,8,1999,Tripura
30.4,24.1,81.0,9,1999,Tripura
4.0,22.5,78.5,10,1999,Tripura
6.1,20.3,84.1,11,1999,Tripura
3.0,18.6,83.9,12,1999,Tripura
4.3,18.5,87.3,1,2000,Tripura
2.3,20.5,78.0,2,2000,Tripura
3.2,26.6,78.6,3,2000,Tripura
12.0,30.4,76.3,4,2000,Tripura
16.6,30.1,77.7,5,2000,Tripura
94.0,27.9,85.8,6,2000,Tripura
86.7,26.0,82.4,7,2000,Tripura
190.7,25.2,89.2,8,2000,Tripura
106.9,25.4,85.7,9,2000,Tripura
7.0,23.0,72.5,10,2000,Tripura
4.6,21.1,82.2,11,2000,Tripura
3.6,17.9,82.2,12,2000,Tripura
7.6,17.7,80.1,1,2001,Tripura
0.3,20.3,82.1,2,2001,Tripura
8.9,25.0,75.5,3,2001,Tripura
6.2,28.5,75.9,4,2001,Tripura
2.1,30.7,81.8,5,2001,Tripura
144.0,29.6,83.6,6,2001,Tripura
117.4,25.0,79.9,7,2001,Tripura
46.9,24.3,84.5,8,2001,Tripura
5.4,24.3,79.6,9,2001,Tripura
1.5,22.8,79.3,10,2001,Tripura
2.1,20.4,84.6,11,2001,Tripura
1.7,17.6,77.7,12,2001,Tripura
18.7,17.2,85.1,1,2002,Tripura
5.9,21.0,87.4,2,2002,Tripura
6.8,26.3,78.6,3,2002,Tripura
11.9,29.9,78.2,4,2002,Tripura
4.1,29.1,83.3,5,2002,Tripura
88.5,28.2,77.1,6,2002,Tripura
199.2,24.1,87.4,7,2002,Tripura
149.3,24.4,79.9,8,2002,Tripura
75.9,22.7,85.9,9,2002,Tripura
2.8,23.4,71.7,10,2002,Tripura
2.7,20.8,82.7,11,2002,Tripura
1.3,18.0,89.1,12,2002,Tripura
3.7,18.2,78.6,1,2003,Tripura
6.2,20.3,87.1,2,2003,Tripura
9.2,27.2,76.5,3,2003,Tripura
9.9,29.1,79.3,4,2003,Tripura
0.6,30.6,75.9,5,2003,Tripura
62.3,28.7,75.4,6,2003,Tripura
80.4,24.6,78.2,7,2003,Tripura
109.7,24.2,87.9,8,2003,Tripura
59.2,24.3,81.5,9,2003,Tripura
3.1,23.2,80.7,10,2003,Tripura
0.7,20.0,79.8,11,2003,Tripura
0.8,17.0,79.7,12,2003,Tripura
5.5,18.9,78.7,1,2004,Tripura
1.9,20.4,85.1,2,2004,Tripura
8.9,24.9,82.4,3,2004,Tripura
10.0,29.5,74.4,4,2004,Tripura
7.5,30.1,74.6,5,2004,Tripura
85.4,28.2,81.2,6,2004,Tripura
339.3,27.1,91.0,7,2004,Tripura
196.5,26.2,91.2,8,2004,Tripura
122.5,23.9,81.1,9,2004,Tripura
7.3,21.6,79.7,10,2004,Tripura
4.5,21.5,77.3,11,2004,Tripura
4.4,19.7,81.6,12,2004,Tripura
3.6,18.4,83.1,1,2005,Tripura
2.6,19.2,84.8,2,2005,Tripura
1.6,27.1,77.8,3,2005,Tripura
3.1,30.6,70.7,4,2005,Tripura
5.0,31.0,75.3,5,2005,Tripura
115.8,28.4,81.9,6,2005,Tripura
114.5,25.0,88.3,7,2005,Tripura
4.8,24.2,74.7,8,2005,Tripura
69.4,24.5,80.4,9,2005,Tripura
4.5,22.9,79.8,10,2005,Tripura
4.3,20.7,83.8,11,2005,Tripura
0.6,18.7,83.4,12,2005,Tripura
3.6,17.6,77.1,1,2006,Tripura
2.6,22.6,83.5,2,2006,Tripura
1.9,25.2,82.3,3,2006,Tripura
4.3,27.9,76.3,4,2006,Tripura
1.4,29.4,78.4,5,2006,Tripura
42.4,27.6,79.4,6,2006,Tripura
101.4,25.7,82.2,7,2006,Tripura
136.6,25.1,86.1,8,2006,Tripura
17.0,24.8,81.2,9,2006,Tripura
7.2,24.3,78.3,10,2006,Tripura
3.6,21.6,83.6,11,2006,Tripura
3.2,20.0,82.9,12,2006,Tripura
2.5,18.4,83.8,1,2007,Tripura
6.3,21.3,87.3,2,2007,Tripura
5.3,25.3,76.3,3,2007,Tripura
6.4,28.3,77.2,4,2007,Tripura
7.1,30.4,75.3,5,2007,Tripura
44.0,27.4,82.9,6,2007,Tripura
90.4,24.3,91.2,7,2007,Tripura
81.7,23.8,86.4,8,2007,Tripura
67.6,22.9,79.3,9,2007,Tripura
5.0,23.7,78.6,10,2007,Tripura
6.0,18.0,87.9,11,2007,Tripura
6.2,19.0,86.7,12,2007,Tripura
13.0,17.4,82.8,1,2008,Tripura
4.2,20.4,84.9,2,2008,Tripura
12.5,25.1,80.1,3,2008,Tripura
4.8,30.2,77.5,4,2008,Tripura
6.0,30.3,75.6,5,2008,Tripura
55.9,28.9,78.1,6,2008,Tripura
191.6,27.6,85.9,7,2008,Tripura
111.8,23.8,86.4,8,2008,Tripura
20.5,24.6,80.4,9,2008,Tripura
1.6,23.2,76.7,10,2008,Tripura
1.2,22.1,83.5,11,2008,Tripura
4.7,19.0,85.1,12,2008,Tripura
5.6,18.1,82.4,1,2009,Tripura
2.7,21.5,84.6,2,2009,Tripura
1.8,25.9,79.0,3,2009,Tripura
5.0,29.0,80.8,4,2009,Tripura
1.9,30.1,80.4,5,2009,Tripura
136.2,28.4,82.1,6,2009,Tripura
138.7,26.9,81.5,7,2009,Tripura
27.8,24.4,84.2,8,2009,Tripura
44.8,23.8,82.2,9,2009,Tripura
1.8,22.1,81.8,10,2009,Tripura
5.2,20.1,84.7,11,2009,Tripura
1.3,19.8,83.1,12,2009,Tripura
2.0,19.6,85.4,1,2010,Tripura
3.0,19.9,85.7,2,2010,Tripura
9.1,28.5,72.3,3,2010,Tripura
6.6,29.9,80.9,4,2010,Tripura
7.7,30.9,79.6,5,2010,Tripura
75.3,28.9,78.4,6,2010,Tripura
145.6,25.6,83.2,7,2010,Tripura
29.7,25.4,80.6,8,2010,Tripura
97.2,24.7,86.7,9,2010,Tripura
3.9,22.9,81.0,10,2010,Tripura
4.8,22.1,77.3,11,2010,Tripura
2.3,19.3,88.2,12,2010,Tripura
2.0,18.2,88.4,1,2011,Tripura
4.8,22.8,78.3,2,2011,Tripura
2.3,26.4,80.5,3,2011,Tripura
1.7,30.3,75.0,4,2011,Tripura
8.6,32.4,77.8,5,2011,Tripura
91.7,29.4,80.2,6,2011,Tripura
52.8,26.5,81.6,7,2011,Tripura
94.0,27.1,84.9,8,2011,Tripura
49.4,25.6,80.4,9,2011,Tripura
0.9,23.0,81.6,10,2011,Tripura
0.1,20.7,83.7,11,2011,Tripura
5.1,19.7,81.9,12,2011,Tripura
6.3,19.1,85.4,1,2012,Tripura
1.0,20.8,81.5,2,2012,Tripura
1.5,26.0,79.2,3,2012,Tripura
4.9,29.6,77.5,4,2012,Tripura
9.0,30.9,74.6,5,2012,Tripura
3.5,27.9,85.4,6,2012,Tripura
116.4,24.1,86.1,7,2012,Tripura
41.0,24.2,81.0,8,2012,Tripura
57.7,24.9,81.5,9,2012,Tripura
12.5,24.1,82.2,10,2012,Tripura
9.1,21.3,77.3,11,2012,Tripura
4.9,18.3,81.9,12,2012,Tripura
11.3,17.4,86.0,1,2013,Tripura
3.7,20.9,81.8,2,2013,Tripura
2.0,26.5,81.9,3,2013,Tripura
5.0,30.1,78.9,4,2013,Tripura
15.8,30.0,73.2,5,2013,Tripura
138.7,28.3,88.7,6,2013,Tripura
106.1,25.3,86.0,7,2013,Tripura
148.0,24.0,83.0,8,2013,Tripura
142.0,23.9,86.5,9,2013,Tripura
5.9,23.7,80.9,10,2013,Tripura
2.5,19.5,83.3,11,2013,Tripura
1.0,18.1,86.3,12,2013,Tripura
3.6,18.6,82.6,1,2014,Tripura
6.1,19.6,83.0,2,2014,Tripura
2.0,26.3,78.5,3,2014,Tripura
6.8,28.1,76.0,4,2014,Tripura
5.8,28.5,84.0,5,2014,Tripura
92.4,26.5,83.8,6,2014,Tripura
202.0,25.0,85.2,7,2014,Tripura
66.3,23.3,82.2,8,2014,Tripura
39.6,23.6,80.0,9,2014,Tripura
5.3,21.8,79.6,10,2014,Tripura
2.0,20.7,85.3,11,2014,Tripura
9.1,18.0,82.9,12,2014,Tripura
12.0,18.5,80.0,1,2015,Tripura
11.1,21.2,76.6,2,2015,Tripura
6.4,25.1,85.8,3,2015,Tripura
10.0,29.0,78.9,4,2015,Tripura
6.6,28.9,81.3,5,2015,Tripura
31.1,28.0,76.9,6,2015,Tripura
187.8,25.1,92.0,7,2015,Tripura
2.3,25.7,79.0,8,2015,Tripura
7.9,24.6,80.3,9,2015,Tripura
0.7,23.8,81.8,10,2015,Tripura
1.3,20.7,83.6,11,2015,Tripura
5.6,18.8,77.5,12,2015,Tripura
3.7,18.1,83.3,1,2016,Tripura
3.0,20.7,77.3,2,2016,Tripura
16.3,27.6,80.2,3,2016,Tripura
8.1,29.7,76.8,4,2016,Tripura
1.4,29.9,71.7,5,2016,Tripura
100.9,28.1,78.4,6,2016,Tripura
59.8,26.8,76.9,7,2016,Tripura
44.9,26.5,78.2,8,2016,Tripura
58.1,25.7,80.0,9,2016,Tripura
4.3,22.1,82.1,10,2016,Tripura
6.4,20.8,81.2,11,2016,Tripura
3.2,19.3,82.2,12,2016,Tripura
7.6,18.8,85.5,1,2017,Tripura
9.2,20.3,81.2,2,2017,Tripura
6.2,26.7,78.5,3,2017,Tripura
6.4,30.0,77.9,4,2017,Tripura
4.4,30.5,75.1,5,2017,Tripura
23.1,27.3,78.6,6,2017,Tripura
31.7,25.4,86.4,7,2017,Tripura
49.0,25.8,79.4,8,2017,Tripura
27.9,23.9,77.9,9,2017,Tripura
3.9,23.4,80.4,10,2017,Tripura
14.7,19.9,84.0,11,2017,Tripura
1.0,20.3,81.0,12,2017,Tripura
5.9,19.2,85.3,1,2018,Tripura
4.8,20.0,82.1,2,2018,Tripura
10.7,25.9,76.2,3,2018,Tripura
4.9,29.5,78.3,4,2018,Tripura
4.9,29.4,78.5,5,2018,Tripura
159.8,27.4,83.2,6,2018,Tripura
104.1,26.1,83.5,7,2018,Tripura
114.9,26.8,84.3,8,2018,Tripura
127.4,24.3,86.2,9,2018,Tripura
15.3,24.2,77.0,10,2018,Tripura
8.9,22.0,81.3,11,2018,Tripura
7.3,18.9,81.4,12,2018,Tripura
3.0,19.3,79.0,1,2019,Tripura
9.9,20.7,85.2,2,2019,Tripura
4.6,26.0,76.8,3,2019,Tripura
0.5,29.0,83.1,4,2019,Tripura
6.6,31.3,78.2,5,2019,Tripura
43.9,27.6,74.5,6,2019,Tripura
201.2,24.8,89.5,7,2019,Tripura
95.6,25.6,83.6,8,2019,Tripura
66.1,24.0,83.7,9,2019,Tripura
0.4,22.1,81.7,10,2019,Tripura
7.3,21.7,81.2,11,2019,Tripura
3.3,19.4,83.9,12,2019,Tripura
9.1,18.7,81.3,1,2020,Tripura
8.2,20.4,82.7,2,2020,Tripura
7.6,25.4,83.6,3,2020,Tripura
2.6,29.3,77.7,4,2020,Tripura
4.6,30.8,75.9,5,2020,Tripura
17.9,28.1,79.4,6,2020,Tripura
141.8,23.5,85.4,7,2020,Tripura
69.4,26.5,83.6,8,2020,Tripura
38.1,23.8,79.1,9,2020,Tripura
10.1,23.3,80.2,10,2020,Tripura
15.9,21.2,82.2,11,2020,Tripura
9.0,19.3,77.8,12,2020,Tripura
0.6,12.4,65.9,1,1997,Uttar Pradesh
1.8,18.4,64.9,2,1997,Uttar Pradesh
1.4,28.7,58.2,3,1997,Uttar Pradesh
3.8,38.7,56.3,4,1997,Uttar Pradesh
3.9,36.6,54.2,5,1997,Uttar Pradesh
128.8,32.2,61.6,6,1997,Uttar Pradesh
95.8,27.7,62.5,7,1997,Uttar Pradesh
12.3,26.9,59.2,8,1997,Uttar Pradesh
56.4,26.0,65.6,9,1997,Uttar Pradesh
1.2,21.8,63.8,10,1997,Uttar Pradesh
1.4,18.6,62.0,11,1997,Uttar Pradesh
0.6,13.6,68.4,12,1997,Uttar Pradesh
0.7,12.9,66.2,1,1998,Uttar Pradesh
3.1,16.4,60.2,2,1998,Uttar Pradesh
1.5,26.6,63.9,3,1998,Uttar Pradesh
0.7,33.3,54.4,4,1998,Uttar Pradesh
0.5,35.4,60.5,5,1998,Uttar Pradesh
30.0,31.3,53.9,6,1998,Uttar Pradesh
99.0,26.9,61.0,7,1998,Uttar Pradesh
97.2,24.2,64.5,8,1998,Uttar Pradesh
8.3,24.0,64.0,9,1998,Uttar Pradesh
1.0,22.3,64.7,10,1998,Uttar Pradesh
2.1,15.5,64.6,11,1998,Uttar Pradesh
1.7,12.3,64.5,12,1998,Uttar Pradesh
1.1,13.5,67.0,1,1999,Uttar Pradesh
1.0,18.0,64.7,2,1999,Uttar Pradesh
0.4,28.2,55.7,3,1999,Uttar Pradesh
1.3,35.3,61.5,4,1999,Uttar Pradesh
0.7,35.9,56.2,5,1999,Uttar Pradesh
125.4,32.2,57.6,6,1999,Uttar Pradesh
23.1,26.8,61.9,7,1999,Uttar Pradesh
52.3,24.6,64.3,8,1999,Uttar Pradesh
11.8,24.5,54.8,9,1999,Uttar Pradesh
0.4,22.3,63.7,10,1999,Uttar Pradesh
2.3,17.2,62.5,11,1999,Uttar Pradesh
4.7,12.6,67.9,12,1999,Uttar Pradesh
1.0,13.0,67.3,1,2000,Uttar Pradesh
0.5,17.6,69.2,2,2000,Uttar Pradesh
0.2,28.4,59.2,3,2000,Uttar Pradesh
0.9,35.5,56.8,4,2000,Uttar Pradesh
0.7,37.6,52.8,5,2000,Uttar Pradesh
47.0,31.6,57.7,6,2000,Uttar Pradesh
35.2,26.0,58.8,7,2000,Uttar Pradesh
103.3,25.7,59.7,8,2000,Uttar Pradesh
76.8,25.7,63.9,9,2000,Uttar Pradesh
0.5,21.3,59.7,10,2000,Uttar Pradesh
0.4,16.7,64.0,11,2000,Uttar Pradesh
2.6,13.6,66.3,12,2000,Uttar Pradesh
1.4,12.4,66.5,1,2001,Uttar Pradesh
0.5,16.9,64.2,2,2001,Uttar Pradesh
0.2,27.2,56.7,3,2001,Uttar Pradesh
1.0,36.0,54.3,4,2001,Uttar Pradesh
0.2,34.2,57.2,5,2001,Uttar Pradesh
115.4,30.5,62.4,6,2001,Uttar Pradesh
82.4,27.8,60.7,7,2001,Uttar Pradesh
188.4,25.5,63.9,8,2001,Uttar Pradesh
189.2,25.3,67.8,9,2001,Uttar Pradesh
2.6,22.0,66.3,10,2001,Uttar Pradesh
2.5,17.6,61.2,11,2001,Uttar Pradesh
0.2,14.4,67.9,12,2001,Uttar Pradesh
1.4,13.7,64.5,1,2002,Uttar Pradesh
0.7,17.9,66.2,2,2002,Uttar Pradesh
0.8,28.9,59.9,3,2002,Uttar Pradesh
1.0,36.5,54.9,4,2002,Uttar Pradesh
0.1,36.9,49.4,5,2002,Uttar Pradesh
81.5,33.6,61.4,6,2002,Uttar Pradesh
143.7,26.9,62.1,7,2002,Uttar Pradesh
83.5,25.3,66.5,8,2002,Uttar Pradesh
10.9,25.7,57.3,9,2002,Uttar Pradesh
1.8,22.6,58.9,10,2002,Uttar Pradesh
3.2,18.1,63.7,11,2002,Uttar Pradesh
3.1,12.6,65.8,12,2002,Uttar Pradesh
1.9,13.6,67.0,1,2003,Uttar Pradesh
1.8,17.6,61.6,2,2003,Uttar Pradesh
1.7,28.8,56.2,3,2003,Uttar Pradesh
0.6,35.5,54.7,4,2003,Uttar Pradesh
2.3,38.1,55.9,5,2003,Uttar Pradesh
62.8,32.2,61.0,6,2003,Uttar Pradesh
6.0,27.8,59.7,7,2003,Uttar Pradesh
97.5,25.0,67.4,8,2003,Uttar Pradesh
10.8,26.1,54.9,9,2003,Uttar Pradesh
2.9,22.1,59.1,10,2003,Uttar Pradesh
2.2,16.6,66.4,11,2003,Uttar Pradesh
1.0,13.6,62.2,12,2003,Uttar Pradesh
1.7,12.7,67.5,1,2004,Uttar Pradesh
1.6,17.8,61.8,2,2004,Uttar Pradesh
1.1,27.1,59.5,3,2004,Uttar Pradesh
1.7,35.5,54.2,4,2004,Uttar Pradesh
2.3,36.8,57.5,5,2004,Uttar Pradesh
50.8,32.6,60.7,6,2004,Uttar Pradesh
23.4,25.7,63.5,7,2004,Uttar Pradesh
34.9,24.9,58.6,8,2004,Uttar Pradesh
7.9,25.2,60.5,9,2004,Uttar Pradesh
0.2,23.0,56.3,10,2004,Uttar Pradesh
3.6,18.0,63.3,11,2004,Uttar Pradesh
3.2,13.4,68.3,12,2004,Uttar Pradesh
1.1,12.3,67.0,1,2005,Uttar Pradesh
0.8,18.3,65.7,2,2005,Uttar Pradesh
1.9,28.4,62.5,3,2005,Uttar Pradesh
1.6,35.5,53.1,4,2005,Uttar Pradesh
0.3,35.7,50.5,5,2005,Uttar Pradesh
54.8,32.7,59.0,6,2005,Uttar Pradesh
12.3,26.1,54.3,7,2005,Uttar Pradesh
65.0,26.0,60.9,8,2005,Uttar Pradesh
17.7,23.2,59.8,9,2005,Uttar Pradesh
0.4,22.0,59.0,10,2005,Uttar Pradesh
1.0,19.1,68.2,11,2005,Uttar Pradesh
5.9,14.0,63.4,12,2005,Uttar Pradesh
0.5,14.2,66.8,1,2006,Uttar Pradesh
1.0,18.7,66.9,2,2006,Uttar Pradesh
0.7,29.0,53.7,3,2006,Uttar Pradesh
0.7,36.3,53.3,4,2006,Uttar Pradesh
1.6,37.7,54.3,5,2006,Uttar Pradesh
53.7,32.7,63.6,6,2006,Uttar Pradesh
272.1,27.7,68.5,7,2006,Uttar Pradesh
86.6,25.8,65.9,8,2006,Uttar Pradesh
100.7,25.3,64.0,9,2006,Uttar Pradesh
1.9,23.3,60.2,10,2006,Uttar Pradesh
1.7,18.2,59.8,11,2006,Uttar Pradesh
1.7,16.1,65.6,12,2006,Uttar Pradesh
2.9,13.5,66.2,1,2007,Uttar Pradesh
1.8,17.4,64.1,2,2007,Uttar Pradesh
3.7,29.5,54.4,3,2007,Uttar Pradesh
0.4,36.2,50.8,4,2007,Uttar Pradesh
3.3,39.1,54.8,5,2007,Uttar Pradesh
43.4,33.2,55.3,6,2007,Uttar Pradesh
43.6,27.8,58.3,7,2007,Uttar Pradesh
139.3,26.3,62.8,8,2007,Uttar Pradesh
35.7,25.9,54.3,9,2007,Uttar Pradesh
0.3,24.0,62.4,10,2007,Uttar Pradesh
1.1,17.3,58.9,11,2007,Uttar Pradesh
0.2,13.9,62.1,12,2007,Uttar Pradesh
0.7,12.7,69.0,1,2008,Uttar Pradesh
0.3,19.1,58.4,2,2008,Uttar Pradesh
1.7,28.8,52.1,3,2008,Uttar Pradesh
0.7,35.9,51.7,4,2008,Uttar Pradesh
4.5,37.3,57.9,5,2008,Uttar Pradesh
46.4,32.2,56.7,6,2008,Uttar Pradesh
90.3,28.1,59.3,7,2008,Uttar Pradesh
220.3,26.4,72.4,8,2008,Uttar Pradesh
31.1,25.0,57.1,9,2008,Uttar Pradesh
0.8,23.6,56.3,10,2008,Uttar Pradesh
0.7,19.6,60.0,11,2008,Uttar Pradesh
0.4,14.4,63.6,12,2008,Uttar Pradesh
0.8,13.0,67.1,1,2009,Uttar Pradesh
1.5,18.3,63.2,2,2009,Uttar Pradesh
1.3,29.9,62.1,3,2009,Uttar Pradesh
0.4,36.4,53.1,4,2009,Uttar Pradesh
1.4,36.5,52.5,5,2009,Uttar Pradesh
52.7,34.1,54.3,6,2009,Uttar Pradesh
72.4,27.7,62.1,7,2009,Uttar Pradesh
50.0,26.8,60.3,8,2009,Uttar Pradesh
89.2,26.8,61.3,9,2009,Uttar Pradesh
0.2,25.5,59.2,10,2009,Uttar Pradesh
3.8,18.2,59.2,11,2009,Uttar Pradesh
0.9,15.6,71.3,12,2009,Uttar Pradesh
0.7,11.9,74.8,1,2010,Uttar Pradesh
2.1,18.1,62.0,2,2010,Uttar Pradesh
1.1,27.9,61.3,3,2010,Uttar Pradesh
3.4,34.9,59.4,4,2010,Uttar Pradesh
1.9,35.0,51.5,5,2010,Uttar Pradesh
48.7,31.8,59.8,6,2010,Uttar Pradesh
149.9,26.6,65.8,7,2010,Uttar Pradesh
42.6,25.5,59.7,8,2010,Uttar Pradesh
28.8,25.6,64.9,9,2010,Uttar Pradesh
0.3,21.4,59.4,10,2010,Uttar Pradesh
0.3,17.8,66.1,11,2010,Uttar Pradesh
0.4,14.3,64.1,12,2010,Uttar Pradesh
2.5,12.5,72.2,1,2011,Uttar Pradesh
0.9,17.2,59.1,2,2011,Uttar Pradesh
0.3,28.1,55.4,3,2011,Uttar Pradesh
2.5,35.0,53.1,4,2011,Uttar Pradesh
0.7,38.0,55.0,5,2011,Uttar Pradesh
6.0,32.2,58.4,6,2011,Uttar Pradesh
30.9,27.5,62.2,7,2011,Uttar Pradesh
7.7,26.6,60.1,8,2011,Uttar Pradesh
125.4,25.4,60.6,9,2011,Uttar Pradesh
1.2,22.7,64.0,10,2011,Uttar Pradesh
1.5,17.6,63.3,11,2011,Uttar Pradesh
1.0,14.4,64.6,12,2011,Uttar Pradesh
1.6,13.7,68.0,1,2012,Uttar Pradesh
1.3,18.6,63.0,2,2012,Uttar Pradesh
2.0,29.1,59.1,3,2012,Uttar Pradesh
0.1,36.8,57.0,4,2012,Uttar Pradesh
0.7,37.2,51.9,5,2012,Uttar Pradesh
51.1,32.5,54.5,6,2012,Uttar Pradesh
59.4,29.3,61.8,7,2012,Uttar Pradesh
22.4,27.3,62.9,8,2012,Uttar Pradesh
55.6,25.7,63.1,9,2012,Uttar Pradesh
0.7,22.6,62.2,10,2012,Uttar Pradesh
1.3,17.5,66.2,11,2012,Uttar Pradesh
1.5,15.9,64.3,12,2012,Uttar Pradesh
1.2,13.5,66.6,1,2013,Uttar Pradesh
2.1,16.5,63.1,2,2013,Uttar Pradesh
2.8,28.6,57.1,3,2013,Uttar Pradesh
1.0,36.6,55.7,4,2013,Uttar Pradesh
2.7,35.9,52.4,5,2013,Uttar Pradesh
56.0,31.8,60.1,6,2013,Uttar Pradesh
100.1,27.6,59.9,7,2013,Uttar Pradesh
82.9,27.3,63.7,8,2013,Uttar Pradesh
35.3,26.5,60.7,9,2013,Uttar Pradesh
1.5,22.3,70.1,10,2013,Uttar Pradesh
2.0,18.0,60.5,11,2013,Uttar Pradesh
1.2,14.0,63.8,12,2013,Uttar Pradesh
1.6,13.3,66.3,1,2014,Uttar Pradesh
6.8,17.7,63.6,2,2014,Uttar Pradesh
3.9,27.2,61.9,3,2014,Uttar Pradesh
2.0,36.9,51.5,4,2014,Uttar Pradesh
2.6,34.8,56.8,5,2014,Uttar Pradesh
31.5,31.7,61.5,6,2014,Uttar Pradesh
48.0,27.6,59.5,7,2014,Uttar Pradesh
167.1,26.5,72.2,8,2014,Uttar Pradesh
171.4,25.8,67.7,9,2014,Uttar Pradesh
2.2,22.3,66.3,10,2014,Uttar Pradesh
1.5,16.4,64.0,11,2014,Uttar Pradesh
2.4,14.6,62.8,12,2014,Uttar Pradesh
0.8,13.4,67.2,1,2015,Uttar Pradesh
0.5,17.8,59.7,2,2015,Uttar Pradesh
1.0,29.6,58.6,3,2015,Uttar Pradesh
1.7,35.4,50.9,4,2015,Uttar Pradesh
1.5,37.3,54.0,5,2015,Uttar Pradesh
1.9,32.7,50.4,6,2015,Uttar Pradesh
141.7,28.0,61.5,7,2015,Uttar Pradesh
32.2,26.9,59.5,8,2015,Uttar Pradesh
40.6,25.1,62.5,9,2015,Uttar Pradesh
0.5,23.3,58.0,10,2015,Uttar Pradesh
1.1,19.3,66.4,11,2015,Uttar Pradesh
2.7,13.3,68.2,12,2015,Uttar Pradesh
1.0,14.3,61.6,1,2016,Uttar Pradesh
1.1,17.2,61.0,2,2016,Uttar Pradesh
1.1,28.6,59.7,3,2016,Uttar Pradesh
0.8,34.5,54.2,4,2016,Uttar Pradesh
0.4,37.1,53.3,5,2016,Uttar Pradesh
58.5,32.0,63.6,6,2016,Uttar Pradesh
53.6,28.1,60.9,7,2016,Uttar Pradesh
207.3,26.4,63.8,8,2016,Uttar Pradesh
34.1,26.1,61.1,9,2016,Uttar Pradesh
0.1,21.2,59.5,10,2016,Uttar Pradesh
0.7,17.8,63.8,11,2016,Uttar Pradesh
0.5,13.7,56.7,12,2016,Uttar Pradesh
1.0,11.8,66.6,1,2017,Uttar Pradesh
2.5,18.3,63.2,2,2017,Uttar Pradesh
0.4,30.2,58.1,3,2017,Uttar Pradesh
0.7,35.8,56.6,4,2017,Uttar Pradesh
1.9,36.1,54.9,5,2017,Uttar Pradesh
21.1,33.1,53.6,6,2017,Uttar Pradesh
138.5,27.7,69.0,7,2017,Uttar Pradesh
69.2,25.4,58.4,8,2017,Uttar Pradesh
8.7,25.9,58.8,9,2017,Uttar Pradesh
0.6,22.5,63.2,10,2017,Uttar Pradesh
2.0,17.5,64.5,11,2017,Uttar Pradesh
0.7,13.8,61.1,12,2017,Uttar Pradesh
1.1,10.9,69.7,1,2018,Uttar Pradesh
1.1,18.1,61.0,2,2018,Uttar Pradesh
1.9,29.2,55.4,3,2018,Uttar Pradesh
1.3,37.2,50.0,4,2018,Uttar Pradesh
1.0,38.2,50.5,5,2018,Uttar Pradesh
21.8,32.7,56.5,6,2018,Uttar Pradesh
20.3,26.9,55.9,7,2018,Uttar Pradesh
58.5,25.4,63.3,8,2018,Uttar Pradesh
139.7,25.0,67.8,9,2018,Uttar Pradesh
2.0,24.4,64.8,10,2018,Uttar Pradesh
0.6,17.0,64.3,11,2018,Uttar Pradesh
1.6,13.7,68.4,12,2018,Uttar Pradesh
2.9,13.7,67.6,1,2019,Uttar Pradesh
1.9,18.7,68.7,2,2019,Uttar Pradesh
1.2,29.3,58.6,3,2019,Uttar Pradesh
0.6,36.1,52.9,4,2019,Uttar Pradesh
1.1,38.0,51.7,5,2019,Uttar Pradesh
162.4,32.9,61.0,6,2019,Uttar Pradesh
93.9,28.4,64.1,7,2019,Uttar Pradesh
19.8,26.7,54.2,8,2019,Uttar Pradesh
22.5,25.1,63.0,9,2019,Uttar Pradesh
2.4,22.7,63.8,10,2019,Uttar Pradesh
6.5,15.8,63.6,11,2019,Uttar Pradesh
1.7,12.6,67.4,12,2019,Uttar Pradesh
0.7,13.0,60.8,1,2020,Uttar Pradesh
0.7,17.0,63.7,2,2020,Uttar Pradesh
0.1,29.9,60.7,3,2020,Uttar Pradesh
0.8,35.5,54.2,4,2020,Uttar Pradesh
0.1,36.4,59.2,5,2020,Uttar Pradesh
15.8,32.3,58.1,6,2020,Uttar Pradesh
34.6,26.8,61.0,7,2020,Uttar Pradesh
47.0,24.8,67.4,8,2020,Uttar Pradesh
17.5,26.0,59.4,9,2020,Uttar Pradesh
0.2,22.4,59.6,10,2020,Uttar Pradesh
0.7,17.5,63.2,11,2020,Uttar Pradesh
1.6,14.7,62.9,12,2020,Uttar Pradesh
0.9,5.6,74.1,1,1997,Uttarakhand
2.8,11.2,75.1,2,1997,Uttarakhand
11.9,20.6,63.7,3,1997,Uttarakhand
5.6,26.7,61.6,4,1997,Uttarakhand
4.6,28.5,64.6,5,1997,Uttarakhand
29.4,23.6,61.7,6,1997,Uttarakhand
85.5,18.5,63.6,7,1997,Uttarakhand
53.5,18.5,59.1,8,1997,Uttarakhand
94.4,18.2,70.8,9,1997,Uttarakhand
3.6,15.3,66.5,10,1997,Uttarakhand
0.8,11.2,73.1,11,1997,Uttarakhand
17.4,7.7,64.7,12,1997,Uttarakhand
1.6,7.2,66.9,1,1998,Uttarakhand
9.3,11.2,69.4,2,1998,Uttarakhand
1.5,20.3,62.2,3,1998,Uttarakhand
6.3,28.3,56.0,4,1998,Uttarakhand
8.8,28.5,57.3,5,1998,Uttarakhand
41.9,23.7,65.9,6,1998,Uttarakhand
107.7,20.6,62.0,7,1998,Uttarakhand
90.4,18.3,68.9,8,1998,Uttarakhand
117.3,18.6,68.1,9,1998,Uttarakhand
0.5,16.3,61.0,10,1998,Uttarakhand
12.0,11.7,62.5,11,1998,Uttarakhand
1.9,8.3,65.6,12,1998,Uttarakhand
0.8,6.7,71.9,1,1999,Uttarakhand
2.2,11.8,66.7,2,1999,Uttarakhand
4.6,21.2,70.6,3,1999,Uttarakhand
10.8,27.9,61.9,4,1999,Uttarakhand
4.1,29.6,56.9,5,1999,Uttarakhand
33.7,26.8,63.3,6,1999,Uttarakhand
160.9,20.1,72.5,7,1999,Uttarakhand
77.8,19.1,63.1,8,1999,Uttarakhand
69.2,19.0,73.8,9,1999,Uttarakhand
3.2,16.4,66.1,10,1999,Uttarakhand
6.5,12.2,71.0,11,1999,Uttarakhand
8.7,8.6,65.1,12,1999,Uttarakhand
1.0,7.8,65.6,1,2000,Uttarakhand
2.2,11.6,66.5,2,2000,Uttarakhand
1.3,21.7,62.9,3,2000,Uttarakhand
0.4,28.2,65.0,4,2000,Uttarakhand
4.9,30.3,60.8,5,2000,Uttarakhand
112.0,25.1,58.4,6,2000,Uttarakhand
167.5,20.6,73.4,7,2000,Uttarakhand
114.5,19.7,68.0,8,2000,Uttarakhand
15.1,18.4,62.9,9,2000,Uttarakhand
1.5,16.0,68.3,10,2000,Uttarakhand
4.0,11.4,68.9,11,2000,Uttarakhand
1.3,6.8,65.8,12,2000,Uttarakhand
13.3,6.6,70.3,1,2001,Uttarakhand
5.8,11.9,65.8,2,2001,Uttarakhand
8.7,22.7,61.5,3,2001,Uttarakhand
9.3,28.9,58.5,4,2001,Uttarakhand
10.4,29.0,58.2,5,2001,Uttarakhand
263.0,25.5,71.1,6,2001,Uttarakhand
39.9,20.0,64.9,7,2001,Uttarakhand
68.4,20.2,66.3,8,2001,Uttarakhand
72.7,18.2,63.4,9,2001,Uttarakhand
9.2,15.3,67.6,10,2001,Uttarakhand
5.0,11.9,63.2,11,2001,Uttarakhand
14.8,8.7,71.6,12,2001,Uttarakhand
5.2,6.8,69.6,1,2002,Uttarakhand
1.4,11.6,66.0,2,2002,Uttarakhand
0.5,21.6,64.5,3,2002,Uttarakhand
2.0,29.1,62.0,4,2002,Uttarakhand
3.7,30.3,61.1,5,2002,Uttarakhand
35.6,24.2,59.6,6,2002,Uttarakhand
37.0,20.1,60.6,7,2002,Uttarakhand
67.8,18.7,66.8,8,2002,Uttarakhand
66.2,17.7,65.5,9,2002,Uttarakhand
1.7,16.4,67.6,10,2002,Uttarakhand
1.8,10.8,65.2,11,2002,Uttarakhand
1.3,7.5,68.9,12,2002,Uttarakhand
10.4,6.5,70.9,1,2003,Uttarakhand
14.0,10.5,67.8,2,2003,Uttarakhand
3.7,20.4,62.4,3,2003,Uttarakhand
1.6,27.6,62.8,4,2003,Uttarakhand
6.5,29.5,61.5,5,2003,Uttarakhand
7.6,25.4,64.3,6,2003,Uttarakhand
118.3,21.4,71.7,7,2003,Uttarakhand
150.0,20.5,71.2,8,2003,Uttarakhand
103.0,18.5,71.0,9,2003,Uttarakhand
10.1,14.9,68.5,10,2003,Uttarakhand
9.8,11.6,67.5,11,2003,Uttarakhand
8.9,9.0,70.5,12,2003,Uttarakhand
5.5,6.5,68.4,1,2004,Uttarakhand
5.7,10.5,67.7,2,2004,Uttarakhand
1.2,22.0,59.8,3,2004,Uttarakhand
1.1,27.8,59.4,4,2004,Uttarakhand
5.7,28.8,60.1,5,2004,Uttarakhand
2.9,23.9,58.2,6,2004,Uttarakhand
40.6,18.1,66.2,7,2004,Uttarakhand
53.4,18.2,67.6,8,2004,Uttarakhand
34.3,18.4,59.4,9,2004,Uttarakhand
4.3,14.5,65.7,10,2004,Uttarakhand
4.2,10.4,64.6,11,2004,Uttarakhand
1.3,8.4,74.7,12,2004,Uttarakhand
4.7,6.6,67.7,1,2005,Uttarakhand
3.8,13.9,73.2,2,2005,Uttarakhand
5.7,22.7,57.2,3,2005,Uttarakhand
5.1,28.7,56.0,4,2005,Uttarakhand
10.7,29.8,59.5,5,2005,Uttarakhand
31.6,26.1,62.3,6,2005,Uttarakhand
81.3,21.3,67.3,7,2005,Uttarakhand
96.2,21.2,70.1,8,2005,Uttarakhand
96.3,20.2,70.1,9,2005,Uttarakhand
1.8,17.5,64.2,10,2005,Uttarakhand
1.8,11.7,71.9,11,2005,Uttarakhand
7.9,7.8,72.7,12,2005,Uttarakhand
2.7,7.5,67.8,1,2006,Uttarakhand
2.2,9.8,68.5,2,2006,Uttarakhand
12.8,20.6,62.9,3,2006,Uttarakhand
6.2,27.1,62.5,4,2006,Uttarakhand
3.9,28.5,61.2,5,2006,Uttarakhand
32.7,24.7,66.3,6,2006,Uttarakhand
8.9,19.1,62.2,7,2006,Uttarakhand
13.0,19.0,64.2,8,2006,Uttarakhand
49.5,17.9,67.0,9,2006,Uttarakhand
4.2,15.5,68.8,10,2006,Uttarakhand
5.3,10.3,62.5,11,2006,Uttarakhand
5.0,8.2,75.9,12,2006,Uttarakhand
4.7,7.1,71.9,1,2007,Uttarakhand
3.7,12.4,69.8,2,2007,Uttarakhand
1.1,22.7,64.2,3,2007,Uttarakhand
5.5,27.1,59.8,4,2007,Uttarakhand
8.6,29.1,61.5,5,2007,Uttarakhand
100.2,26.2,66.1,6,2007,Uttarakhand
110.9,20.5,65.6,7,2007,Uttarakhand
103.3,18.8,66.7,8,2007,Uttarakhand
50.9,18.3,62.6,9,2007,Uttarakhand
2.8,15.5,67.2,10,2007,Uttarakhand
3.5,12.0,66.0,11,2007,Uttarakhand
9.8,7.9,70.8,12,2007,Uttarakhand
1.1,6.9,72.7,1,2008,Uttarakhand
2.2,10.0,70.1,2,2008,Uttarakhand
0.4,21.8,66.3,3,2008,Uttarakhand
1.6,28.1,64.3,4,2008,Uttarakhand
9.2,29.3,62.6,5,2008,Uttarakhand
126.3,24.7,66.8,6,2008,Uttarakhand
95.0,19.5,73.3,7,2008,Uttarakhand
140.8,19.0,70.0,8,2008,Uttarakhand
12.9,17.5,67.2,9,2008,Uttarakhand
6.5,15.0,72.2,10,2008,Uttarakhand
0.8,10.7,65.2,11,2008,Uttarakhand
15.7,7.9,71.8,12,2008,Uttarakhand
4.0,7.1,70.6,1,2009,Uttarakhand
0.9,11.2,67.6,2,2009,Uttarakhand
0.6,20.5,61.9,3,2009,Uttarakhand
3.6,28.0,63.6,4,2009,Uttarakhand
8.3,27.7,61.0,5,2009,Uttarakhand
63.4,23.8,65.8,6,2009,Uttarakhand
191.5,19.0,75.0,7,2009,Uttarakhand
90.8,18.3,70.8,8,2009,Uttarakhand
29.1,17.3,70.6,9,2009,Uttarakhand
3.4,14.0,68.5,10,2009,Uttarakhand
6.1,11.1,66.4,11,2009,Uttarakhand
2.2,8.6,72.6,12,2009,Uttarakhand
0.9,8.5,72.9,1,2010,Uttarakhand
7.4,10.5,69.0,2,2010,Uttarakhand
9.3,20.5,61.3,3,2010,Uttarakhand
1.9,27.8,59.1,4,2010,Uttarakhand
6.9,29.2,58.1,5,2010,Uttarakhand
12.6,24.4,59.3,6,2010,Uttarakhand
118.7,20.3,65.2,7,2010,Uttarakhand
228.9,17.4,71.8,8,2010,Uttarakhand
58.7,18.7,63.6,9,2010,Uttarakhand
4.9,15.8,67.3,10,2010,Uttarakhand
6.8,12.8,64.1,11,2010,Uttarakhand
6.7,9.3,71.4,12,2010,Uttarakhand
4.7,7.2,70.2,1,2011,Uttarakhand
3.5,10.3,75.9,2,2011,Uttarakhand
1.5,21.5,68.3,3,2011,Uttarakhand
2.6,29.7,62.7,4,2011,Uttarakhand
3.8,28.9,59.0,5,2011,Uttarakhand
62.8,23.4,68.0,6,2011,Uttarakhand
169.3,20.9,78.2,7,2011,Uttarakhand
32.2,20.0,68.1,8,2011,Uttarakhand
23.5,17.2,65.1,9,2011,Uttarakhand
2.9,17.3,66.6,10,2011,Uttarakhand
7.6,11.1,66.7,11,2011,Uttarakhand
2.3,7.6,72.8,12,2011,Uttarakhand
1.4,8.6,68.5,1,2012,Uttarakhand
0.5,12.4,69.9,2,2012,Uttarakhand
2.1,22.6,62.6,3,2012,Uttarakhand
6.2,29.7,62.5,4,2012,Uttarakhand
1.7,28.7,58.3,5,2012,Uttarakhand
47.2,26.2,66.2,6,2012,Uttarakhand
125.2,20.1,72.9,7,2012,Uttarakhand
48.6,20.0,67.6,8,2012,Uttarakhand
34.0,18.7,63.5,9,2012,Uttarakhand
3.1,16.8,67.7,10,2012,Uttarakhand
4.9,12.3,67.4,11,2012,Uttarakhand
8.6,8.7,62.0,12,2012,Uttarakhand
9.3,7.2,69.4,1,2013,Uttarakhand
1.8,10.9,68.3,2,2013,Uttarakhand
4.7,20.1,61.9,3,2013,Uttarakhand
4.9,27.6,61.5,4,2013,Uttarakhand
5.2,29.7,59.8,5,2013,Uttarakhand
21.8,24.7,66.5,6,2013,Uttarakhand
83.4,18.6,67.5,7,2013,Uttarakhand
92.1,18.7,67.6,8,2013,Uttarakhand
86.3,18.8,69.6,9,2013,Uttarakhand
2.4,16.3,71.1,10,2013,Uttarakhand
4.1,12.2,71.9,11,2013,Uttarakhand
3.8,9.1,77.5,12,2013,Uttarakhand
2.4,7.2,73.7,1,2014,Uttarakhand
2.9,10.6,66.7,2,2014,Uttarakhand
2.0,20.3,61.3,3,2014,Uttarakhand
1.9,28.3,58.0,4,2014,Uttarakhand
5.9,28.8,60.0,5,2014,Uttarakhand
62.8,25.4,63.0,6,2014,Uttarakhand
20.3,20.5,69.2,7,2014,Uttarakhand
78.3,19.6,68.3,8,2014,Uttarakhand
16.3,17.3,64.8,9,2014,Uttarakhand
2.3,15.4,67.8,10,2014,Uttarakhand
0.8,10.7,74.0,11,2014,Uttarakhand
1.2,7.5,73.0,12,2014,Uttarakhand
2.1,6.9,72.5,1,2015,Uttarakhand
6.2,12.7,66.9,2,2015,Uttarakhand
2.5,22.8,61.9,3,2015,Uttarakhand
4.1,27.1,62.8,4,2015,Uttarakhand
3.3,29.7,63.0,5,2015,Uttarakhand
18.8,24.6,60.9,6,2015,Uttarakhand
88.5,20.7,62.8,7,2015,Uttarakhand
22.4,18.9,69.9,8,2015,Uttarakhand
36.4,19.8,69.3,9,2015,Uttarakhand
8.2,16.5,66.6,10,2015,Uttarakhand
7.3,11.5,70.0,11,2015,Uttarakhand
2.8,8.9,67.4,12,2015,Uttarakhand
2.2,8.5,73.4,1,2016,Uttarakhand
4.4,10.9,62.9,2,2016,Uttarakhand
1.5,20.7,70.3,3,2016,Uttarakhand
5.7,27.7,61.9,4,2016,Uttarakhand
2.8,30.5,54.5,5,2016,Uttarakhand
78.7,26.0,60.0,6,2016,Uttarakhand
172.6,20.1,71.7,7,2016,Uttarakhand
42.1,19.5,64.3,8,2016,Uttarakhand
54.0,18.6,63.5,9,2016,Uttarakhand
0.4,15.2,62.9,10,2016,Uttarakhand
3.1,10.3,69.9,11,2016,Uttarakhand
2.6,8.5,66.8,12,2016,Uttarakhand
2.8,5.8,71.5,1,2017,Uttarakhand
2.6,11.4,70.2,2,2017,Uttarakhand
3.9,21.5,56.7,3,2017,Uttarakhand
5.2,28.0,58.0,4,2017,Uttarakhand
6.7,30.0,64.8,5,2017,Uttarakhand
32.9,23.8,66.6,6,2017,Uttarakhand
40.1,20.8,66.6,7,2017,Uttarakhand
65.2,20.4,62.1,8,2017,Uttarakhand
93.6,19.6,67.3,9,2017,Uttarakhand
4.6,15.0,70.7,10,2017,Uttarakhand
6.6,11.4,67.5,11,2017,Uttarakhand
7.6,7.5,71.6,12,2017,Uttarakhand
6.7,6.7,66.6,1,2018,Uttarakhand
7.1,12.8,70.1,2,2018,Uttarakhand
9.2,22.7,71.1,3,2018,Uttarakhand
2.4,28.9,65.4,4,2018,Uttarakhand
3.3,29.1,63.8,5,2018,Uttarakhand
139.2,25.1,63.9,6,2018,Uttarakhand
260.9,20.3,72.4,7,2018,Uttarakhand
66.4,19.8,70.6,8,2018,Uttarakhand
18.3,18.5,66.0,9,2018,Uttarakhand
9.0,16.7,68.1,10,2018,Uttarakhand
3.1,11.2,68.0,11,2018,Uttarakhand
8.7,8.9,71.2,12,2018,Uttarakhand
1.3,6.9,69.1,1,2019,Uttarakhand
2.4,11.8,68.1,2,2019,Uttarakhand
1.2,21.6,61.8,3,2019,Uttarakhand
2.1,28.1,59.4,4,2019,Uttarakhand
2.4,27.0,60.9,5,2019,Uttarakhand
31.5,23.3,59.1,6,2019,Uttarakhand
101.5,18.5,64.0,7,2019,Uttarakhand
5.5,18.7,70.9,8,2019,Uttarakhand
62.3,18.3,69.2,9,2019,Uttarakhand
1.6,15.4,71.9,10,2019,Uttarakhand
7.5,11.1,68.1,11,2019,Uttarakhand
5.4,6.8,67.4,12,2019,Uttarakhand
4.0,8.5,71.4,1,2020,Uttarakhand
6.6,12.4,67.0,2,2020,Uttarakhand
7.7,22.8,65.9,3,2020,Uttarakhand
4.5,28.1,60.9,4,2020,Uttarakhand
1.2,31.0,49.8,5,2020,Uttarakhand
27.4,25.5,64.9,6,2020,Uttarakhand
123.1,21.9,69.7,7,2020,Uttarakhand
43.4,19.7,65.4,8,2020,Uttarakhand
75.0,19.0,69.0,9,2020,Uttarakhand
0.8,15.3,64.4,10,2020,Uttarakhand
5.3,12.9,71.6,11,2020,Uttarakhand
4.1,9.7,66.7,12,2020,Uttarakhand
1.7,20.5,81.0,1,1997,West Bengal
4.0,19.8,76.5,2,1997,West Bengal
2.7,28.8,72.6,3,1997,West Bengal
6.6,33.6,70.6,4,1997,West Bengal
5.4,33.6,68.1,5,1997,West Bengal
22.8,31.2,71.8,6,1997,West Bengal
106.7,26.5,84.1,7,1997,West Bengal
155.3,27.2,85.5,8,1997,West Bengal
128.9,27.2,75.9,9,1997,West Bengal
9.8,24.3,70.5,10,1997,West Bengal
4.9,21.0,81.8,11,1997,West Bengal
1.4,18.7,80.0,12,1997,West Bengal
1.7,17.5,77.4,1,1998,West Bengal
5.9,20.8,79.8,2,1998,West Bengal
2.3,27.9,71.6,3,1998,West Bengal
2.6,33.1,61.3,4,1998,West Bengal
1.2,31.9,70.6,5,1998,West Bengal
91.6,28.9,82.7,6,1998,West Bengal
213.5,27.5,89.0,7,1998,West Bengal
40.1,26.7,70.4,8,1998,West Bengal
151.9,25.7,84.7,9,1998,West Bengal
5.6,24.9,79.5,10,1998,West Bengal
5.5,20.8,75.7,11,1998,West Bengal
1.2,18.3,77.7,12,1998,West Bengal
1.4,19.1,80.3,1,1999,West Bengal
0.7,21.8,79.3,2,1999,West Bengal
3.3,29.8,70.1,3,1999,West Bengal
1.7,34.8,69.6,4,1999,West Bengal
0.4,36.1,71.1,5,1999,West Bengal
18.7,31.9,72.4,6,1999,West Bengal
165.5,28.3,82.6,7,1999,West Bengal
138.5,27.1,79.5,8,1999,West Bengal
81.9,27.9,77.3,9,1999,West Bengal
2.6,24.6,78.1,10,1999,West Bengal
5.5,22.8,74.8,11,1999,West Bengal
2.6,19.1,83.2,12,1999,West Bengal
5.1,17.7,82.1,1,2000,West Bengal
1.4,21.0,75.9,2,2000,West Bengal
2.6,28.3,75.0,3,2000,West Bengal
2.9,31.8,70.0,4,2000,West Bengal
6.7,33.0,76.2,5,2000,West Bengal
66.2,30.1,76.5,6,2000,West Bengal
199.8,26.4,84.4,7,2000,West Bengal
178.6,25.6,86.6,8,2000,West Bengal
62.0,26.1,75.6,9,2000,West Bengal
2.7,25.3,69.2,10,2000,West Bengal
0.4,21.4,75.0,11,2000,West Bengal
1.4,18.6,82.6,12,2000,West Bengal
2.1,16.5,80.8,1,2001,West Bengal
5.3,20.4,78.7,2,2001,West Bengal
0.2,28.3,76.9,3,2001,West Bengal
4.9,33.2,76.2,4,2001,West Bengal
0.8,34.6,71.6,5,2001,West Bengal
171.4,32.2,85.2,6,2001,West Bengal
44.4,26.5,76.0,7,2001,West Bengal
101.0,26.6,80.7,8,2001,West Bengal
46.7,27.3,77.6,9,2001,West Bengal
1.9,24.4,78.5,10,2001,West Bengal
1.9,22.8,74.9,11,2001,West Bengal
2.2,20.1,80.5,12,2001,West Bengal
1.5,17.2,78.2,1,2002,West Bengal
1.9,19.6,81.5,2,2002,West Bengal
1.4,29.5,73.4,3,2002,West Bengal
1.0,32.4,66.5,4,2002,West Bengal
3.1,33.3,68.3,5,2002,West Bengal
201.8,31.3,81.3,6,2002,West Bengal
152.1,26.9,81.5,7,2002,West Bengal
69.3,24.7,83.3,8,2002,West Bengal
133.0,25.3,80.0,9,2002,West Bengal
6.5,24.5,73.4,10,2002,West Bengal
1.7,20.6,78.1,11,2002,West Bengal
0.6,17.9,79.8,12,2002,West Bengal
3.0,18.1,77.9,1,2003,West Bengal
0.9,22.0,74.4,2,2003,West Bengal
3.1,30.4,75.2,3,2003,West Bengal
2.5,34.7,70.3,4,2003,West Bengal
3.3,33.5,72.7,5,2003,West Bengal
35.3,32.4,73.2,6,2003,West Bengal
327.6,27.4,87.8,7,2003,West Bengal
154.5,28.3,80.1,8,2003,West Bengal
84.3,26.4,80.4,9,2003,West Bengal
1.7,26.0,74.2,10,2003,West Bengal
6.3,22.3,79.3,11,2003,West Bengal
1.9,19.3,78.3,12,2003,West Bengal
4.6,17.4,82.5,1,2004,West Bengal
1.7,20.4,79.1,2,2004,West Bengal
3.6,27.2,83.8,3,2004,West Bengal
1.7,32.1,79.0,4,2004,West Bengal
3.2,34.1,69.5,5,2004,West Bengal
31.1,29.6,80.5,6,2004,West Bengal
171.6,27.4,84.4,7,2004,West Bengal
77.2,27.1,79.2,8,2004,West Bengal
113.0,25.2,72.0,9,2004,West Bengal
1.2,24.2,76.1,10,2004,West Bengal
0.7,20.5,78.6,11,2004,West Bengal
1.5,19.8,85.6,12,2004,West Bengal
4.0,17.4,83.9,1,2005,West Bengal
2.7,22.4,78.0,2,2005,West Bengal
12.4,27.9,79.0,3,2005,West Bengal
6.3,32.6,74.9,4,2005,West Bengal
3.3,35.4,73.9,5,2005,West Bengal
127.1,30.8,77.9,6,2005,West Bengal
78.6,27.4,77.5,7,2005,West Bengal
23.0,26.0,78.1,8,2005,West Bengal
47.8,26.1,81.8,9,2005,West Bengal
7.0,25.6,73.7,10,2005,West Bengal
2.7,22.4,81.8,11,2005,West Bengal
0.8,19.6,79.4,12,2005,West Bengal
9.6,17.6,81.3,1,2006,West Bengal
4.6,22.2,81.5,2,2006,West Bengal
5.9,28.6,77.4,3,2006,West Bengal
9.0,31.1,74.9,4,2006,West Bengal
2.5,34.5,72.4,5,2006,West Bengal
179.9,29.9,83.0,6,2006,West Bengal
150.1,27.3,83.6,7,2006,West Bengal
221.7,27.4,86.9,8,2006,West Bengal
80.1,25.9,74.1,9,2006,West Bengal
6.5,23.8,77.1,10,2006,West Bengal
6.3,21.9,76.4,11,2006,West Bengal
1.0,19.5,80.2,12,2006,West Bengal
2.2,18.1,86.2,1,2007,West Bengal
3.5,21.2,90.2,2,2007,West Bengal
1.3,28.6,73.5,3,2007,West Bengal
1.7,33.1,80.0,4,2007,West Bengal
2.0,35.9,71.8,5,2007,West Bengal
290.3,30.6,82.8,6,2007,West Bengal
138.8,28.4,84.8,7,2007,West Bengal
24.4,26.7,74.2,8,2007,West Bengal
32.2,26.8,81.7,9,2007,West Bengal
4.1,24.6,75.8,10,2007,West Bengal
4.5,21.2,75.3,11,2007,West Bengal
3.1,20.2,80.0,12,2007,West Bengal
2.3,16.9,83.3,1,2008,West Bengal
3.5,21.4,77.8,2,2008,West Bengal
3.3,27.4,76.7,3,2008,West Bengal
0.9,32.9,73.7,4,2008,West Bengal
0.2,33.5,72.8,5,2008,West Bengal
8.0,29.4,71.6,6,2008,West Bengal
59.3,27.3,80.7,7,2008,West Bengal
36.6,26.6,74.7,8,2008,West Bengal
127.5,25.4,79.8,9,2008,West Bengal
3.3,24.3,78.9,10,2008,West Bengal
2.8,19.8,77.3,11,2008,West Bengal
4.9,19.4,83.8,12,2008,West Bengal
1.5,20.3,78.1,1,2009,West Bengal
2.5,22.0,79.3,2,2009,West Bengal
1.5,29.0,75.6,3,2009,West Bengal
1.2,33.0,72.6,4,2009,West Bengal
2.9,33.7,73.9,5,2009,West Bengal
132.8,31.7,79.1,6,2009,West Bengal
21.5,28.6,79.9,7,2009,West Bengal
49.3,27.1,79.0,8,2009,West Bengal
35.8,26.6,80.8,9,2009,West Bengal
4.8,25.4,80.8,10,2009,West Bengal
2.2,21.2,84.2,11,2009,West Bengal
0.3,19.6,73.6,12,2009,West Bengal
1.5,18.8,72.7,1,2010,West Bengal
1.1,20.5,75.9,2,2010,West Bengal
2.3,28.6,70.1,3,2010,West Bengal
3.2,32.4,74.7,4,2010,West Bengal
0.9,34.1,73.1,5,2010,West Bengal
43.0,31.9,74.6,6,2010,West Bengal
46.9,27.5,79.8,7,2010,West Bengal
30.5,26.0,84.3,8,2010,West Bengal
104.9,27.4,82.3,9,2010,West Bengal
2.8,23.6,75.7,10,2010,West Bengal
0.5,21.6,74.7,11,2010,West Bengal
4.3,18.7,77.7,12,2010,West Bengal
6.1,19.2,84.6,1,2011,West Bengal
1.0,22.8,80.0,2,2011,West Bengal
1.1,30.2,76.4,3,2011,West Bengal
2.6,34.9,72.3,4,2011,West Bengal
1.4,33.6,74.4,5,2011,West Bengal
84.9,32.4,77.9,6,2011,West Bengal
34.3,28.2,77.6,7,2011,West Bengal
15.5,28.7,80.5,8,2011,West Bengal
22.4,26.6,83.1,9,2011,West Bengal
1.4,26.0,74.9,10,2011,West Bengal
4.6,22.6,79.6,11,2011,West Bengal
1.9,20.9,79.7,12,2011,West Bengal
2.3,16.7,76.9,1,2012,West Bengal
4.2,20.9,78.8,2,2012,West Bengal
2.0,29.0,76.2,3,2012,West Bengal
0.5,33.7,71.5,4,2012,West Bengal
1.9,33.1,75.9,5,2012,West Bengal
153.0,29.9,78.3,6,2012,West Bengal
156.7,27.5,80.6,7,2012,West Bengal
87.7,27.1,76.1,8,2012,West Bengal
127.8,25.3,87.2,9,2012,West Bengal
2.2,22.7,81.1,10,2012,West Bengal
4.1,21.0,79.6,11,2012,West Bengal
2.4,17.0,79.8,12,2012,West Bengal
3.9,19.6,78.7,1,2013,West Bengal
3.2,21.3,81.2,2,2013,West Bengal
6.3,28.4,75.4,3,2013,West Bengal
3.2,31.8,73.4,4,2013,West Bengal
6.3,34.0,74.3,5,2013,West Bengal
135.1,31.1,77.4,6,2013,West Bengal
105.6,28.3,76.3,7,2013,West Bengal
91.5,27.8,74.6,8,2013,West Bengal
95.7,26.8,79.9,9,2013,West Bengal
1.9,23.8,78.1,10,2013,West Bengal
2.1,21.5,76.7,11,2013,West Bengal
3.1,20.3,79.2,12,2013,West Bengal
1.6,18.1,78.0,1,2014,West Bengal
3.1,22.5,83.3,2,2014,West Bengal
5.6,30.7,78.3,3,2014,West Bengal
0.6,35.5,69.8,4,2014,West Bengal
2.2,35.1,72.2,5,2014,West Bengal
83.1,31.5,76.3,6,2014,West Bengal
141.2,28.3,79.0,7,2014,West Bengal
62.1,28.1,76.0,8,2014,West Bengal
25.1,25.7,79.6,9,2014,West Bengal
0.1,24.8,77.9,10,2014,West Bengal
4.6,22.3,79.2,11,2014,West Bengal
3.0,19.6,83.2,12,2014,West Bengal
0.7,18.3,76.0,1,2015,West Bengal
2.3,22.8,76.4,2,2015,West Bengal
1.7,29.1,77.5,3,2015,West Bengal
3.5,35.3,73.1,4,2015,West Bengal
3.9,33.7,76.0,5,2015,West Bengal
203.6,31.2,75.2,6,2015,West Bengal
65.4,27.6,75.7,7,2015,West Bengal
52.0,27.8,73.8,8,2015,West Bengal
88.1,26.2,77.0,9,2015,West Bengal
5.7,25.7,74.1,10,2015,West Bengal
1.4,21.5,74.8,11,2015,West Bengal
1.6,18.4,78.5,12,2015,West Bengal
4.5,17.8,80.1,1,2016,West Bengal
3.1,21.5,81.9,2,2016,West Bengal
3.0,28.5,77.6,3,2016,West Bengal
0.4,34.3,74.7,4,2016,West Bengal
0.4,34.4,70.1,5,2016,West Bengal
58.3,30.8,78.6,6,2016,West Bengal
120.8,26.5,84.9,7,2016,West Bengal
141.4,25.6,82.5,8,2016,West Bengal
50.4,25.7,77.4,9,2016,West Bengal
3.5,23.7,77.4,10,2016,West Bengal
2.4,21.3,79.1,11,2016,West Bengal
1.4,18.4,76.1,12,2016,West Bengal
1.8,19.0,80.5,1,2017,West Bengal
0.5,23.2,78.8,2,2017,West Bengal
1.9,30.4,73.4,3,2017,West Bengal
6.6,33.3,77.3,4,2017,West Bengal
3.6,34.8,70.1,5,2017,West Bengal
30.5,30.8,79.7,6,2017,West Bengal
28.4,27.4,77.6,7,2017,West Bengal
69.0,26.0,79.9,8,2017,West Bengal
118.7,24.8,76.5,9,2017,West Bengal
1.5,24.3,77.5,10,2017,West Bengal
4.0,22.1,78.6,11,2017,West Bengal
0.6,19.5,82.4,12,2017,West Bengal
3.3,19.3,75.3,1,2018,West Bengal
5.9,22.0,78.1,2,2018,West Bengal
0.9,30.1,75.1,3,2018,West Bengal
0.4,32.4,72.5,4,2018,West Bengal
1.2,34.4,72.3,5,2018,West Bengal
87.1,31.0,78.6,6,2018,West Bengal
194.1,27.7,79.0,7,2018,West Bengal
103.5,27.9,83.3,8,2018,West Bengal
41.7,26.8,69.6,9,2018,West Bengal
4.6,24.2,77.9,10,2018,West Bengal
3.3,20.7,78.8,11,2018,West Bengal
3.4,17.3,84.4,12,2018,West Bengal
1.9,18.1,79.1,1,2019,West Bengal
7.0,20.5,83.1,2,2019,West Bengal
3.8,28.8,74.5,3,2019,West Bengal
5.1,33.3,75.1,4,2019,West Bengal
3.0,32.7,70.8,5,2019,West Bengal
92.6,29.9,74.3,6,2019,West Bengal
157.6,27.1,85.8,7,2019,West Bengal
209.7,27.0,81.0,8,2019,West Bengal
29.8,24.9,76.6,9,2019,West Bengal
2.7,24.3,75.3,10,2019,West Bengal
2.1,19.0,81.1,11,2019,West Bengal
3.2,18.3,75.6,12,2019,West Bengal
5.6,18.3,81.4,1,2020,West Bengal
4.6,21.6,82.2,2,2020,West Bengal
2.6,28.9,72.5,3,2020,West Bengal
1.9,33.2,72.9,4,2020,West Bengal
3.8,33.5,72.7,5,2020,West Bengal
80.8,30.5,78.2,6,2020,West Bengal
65.7,27.9,79.4,7,2020,West Bengal
73.2,26.8,74.8,8,2020,West Bengal
53.8,26.5,74.7,9,2020,West Bengal
3.7,24.8,71.6,10,2020,West Bengal
1.6,21.3,75.9,11,2020,West Bengal
0.3,20.8,73.4,12,2020,West Bengal
