Crop,Rainfall_mm,Temperature_C,Fertilizer_Used,Irrigation_Used,Weather_Condition,Soil_Type,Region,Nitrogen,Phosphorus,Potassium,Soil_pH,Yield_kg_per_acre
Barley,1168.3,26.4,1,0,Sunny,Peaty,South,64,33,51,4.91,2167.0
Sugarcane,400.0,38.3,0,0,Rainy,Chalky,West,93,83,73,6.08,4645.5
Cotton,761.1,22.2,0,0,Stormy,Loamy,East,118,99,61,6.58,1317.0
Barley,1632.7,26.0,0,0,Windy,Loamy,East,51,29,112,7.98,2364.5
Maize,893.2,25.5,1,1,Cloudy,Clay,East,48,50,80,7.32,3162.5
Sorghum,1307.0,24.3,0,0,Sunny,Silty,West,70,55,114,5.76,2161.8
Cotton,596.4,30.1,1,0,Stormy,Sandy,Central,117,29,32,8.43,1183.3
Cotton,1034.6,40.4,0,1,Windy,Loamy,Central,132,45,99,6.48,1800.1
Barley,545.3,25.1,1,0,Stormy,Peaty,South,92,39,61,7.5,2104.3
Wheat,1020.3,30.1,1,1,Sunny,Clay,Central,82,63,31,5.58,2999.1
Maize,1152.7,15.5,0,1,Cloudy,Sandy,Central,77,81,117,4.58,2779.2
Barley,1081.5,24.6,1,1,Stormy,Clay,East,81,92,88,5.37,2303.5
Maize,796.5,36.3,1,1,Rainy,Sandy,East,111,98,102,4.5,3187.2
Maize,982.5,26.7,1,1,Windy,Sandy,South,87,28,106,8.19,3077.8
Sorghum,985.3,30.0,1,0,Stormy,Chalky,North,106,90,43,6.67,1589.2
Cotton,1099.8,23.3,0,0,Windy,Loamy,South,105,43,80,5.76,1586.5
Sugarcane,862.9,28.5,0,0,Rainy,Clay,South,55,31,40,6.86,4957.3
Sorghum,1179.3,36.8,0,1,Cloudy,Clay,West,122,79,107,6.65,2256.1
Sorghum,1330.4,20.0,1,0,Cloudy,Chalky,West,133,97,109,7.0,2197.6
Maize,804.6,40.1,1,0,Rainy,Peaty,South,55,35,39,7.47,2855.2
Soybean,913.9,17.7,0,0,Windy,Peaty,South,70,48,113,6.27,1578.7
Cotton,628.6,24.1,0,0,Stormy,Loamy,South,97,51,109,5.8,1044.4
Wheat,1002.1,22.0,1,1,Rainy,Loamy,Central,67,54,87,7.16,2976.0
Sorghum,1004.0,25.4,0,0,Sunny,Silty,West,43,62,63,7.14,2070.1
Sugarcane,917.4,21.9,0,1,Windy,Chalky,South,49,72,109,6.58,5207.1
Soybean,940.0,21.5,1,1,Cloudy,Peaty,East,90,39,107,8.24,2245.6
Soybean,1476.5,19.9,0,0,Rainy,Sandy,East,57,27,82,6.15,1918.4
Wheat,100.0,30.9,1,1,Cloudy,Clay,Central,86,61,57,5.78,2513.9
Sorghum,751.0,25.6,0,1,Windy,Loamy,Central,71,96,47,6.83,1902.0
Sugarcane,796.9,24.0,1,1,Cloudy,Clay,North,69,89,55,5.96,5409.8
Cotton,1337.1,28.7,1,1,Rainy,Clay,North,75,35,36,6.9,1810.3
Rice,1042.6,18.0,1,1,Windy,Silty,North,48,88,74,5.83,3585.2
Sugarcane,1049.9,28.8,1,1,Sunny,Peaty,Central,75,72,74,6.18,5219.6
Wheat,1278.0,26.4,1,1,Rainy,Loamy,Central,68,64,100,8.01,3171.0
Soybean,846.0,26.6,0,0,Stormy,Clay,Central,55,70,64,6.18,1393.6
Cotton,1095.7,30.1,0,0,Rainy,Loamy,East,131,25,81,5.86,1602.1
Sugarcane,740.8,36.9,0,1,Windy,Sandy,Central,60,52,50,7.44,4966.3
Rice,584.0,28.9,1,1,Rainy,Silty,East,103,98,57,5.66,3627.8
Rice,1438.3,25.8,0,0,Sunny,Sandy,North,105,34,73,5.95,2845.9
Maize,1010.7,19.9,1,0,Sunny,Loamy,North,98,33,109,6.96,3171.7
Maize,1093.4,12.7,1,0,Stormy,Loamy,North,138,58,85,7.25,2766.1
Barley,575.9,27.8,0,0,Cloudy,Peaty,South,67,82,39,7.48,1843.8
Wheat,1053.1,19.4,1,1,Windy,Clay,South,94,24,52,5.9,2732.1
Sorghum,1433.5,11.8,0,1,Windy,Clay,West,139,71,77,6.98,2346.2
Sugarcane,816.8,24.9,1,0,Cloudy,Sandy,West,70,35,81,6.13,4760.1
Sugarcane,523.3,28.4,1,0,Sunny,Silty,West,72,57,44,6.02,5363.4
Sorghum,955.2,31.5,0,0,Sunny,Chalky,South,126,72,84,7.46,1682.8
Barley,589.2,33.4,1,0,Rainy,Clay,South,99,96,72,6.06,2546.0
Soybean,432.7,32.3,0,1,Stormy,Peaty,West,80,72,79,6.72,1597.1
Soybean,679.6,32.4,1,0,Stormy,Sandy,West,120,65,35,6.62,1737.9
Barley,752.2,18.2,0,0,Stormy,Sandy,Central,85,34,62,5.64,1525.1
Soybean,603.8,26.1,1,0,Rainy,Chalky,West,88,78,91,7.27,1852.2
Maize,1297.9,30.5,0,1,Stormy,Peaty,Central,104,69,84,6.95,2839.3
Sugarcane,1466.9,27.3,0,1,Cloudy,Silty,East,81,28,68,4.91,5634.7
Barley,1085.4,26.1,1,1,Rainy,Peaty,South,62,45,41,6.72,2733.4
Sugarcane,1015.3,27.2,0,0,Cloudy,Silty,West,66,22,60,5.88,5288.8
Sorghum,857.4,28.5,1,0,Rainy,Peaty,South,128,66,103,7.38,2181.2
Rice,631.1,26.5,1,0,Stormy,Peaty,South,71,24,82,5.34,2873.2
Maize,1380.9,21.9,0,1,Cloudy,Loamy,South,122,81,63,6.21,3349.2
Cotton,881.1,16.8,0,1,Cloudy,Sandy,East,127,24,70,6.79,1374.2
Maize,761.2,25.8,0,0,Cloudy,Peaty,North,42,29,39,6.54,2421.1
Barley,1204.4,27.3,0,0,Rainy,Chalky,West,99,99,81,7.11,2102.9
Cotton,877.9,27.3,0,1,Windy,Peaty,North,115,82,104,5.29,1402.6
Rice,1193.2,32.7,1,0,Stormy,Clay,North,138,44,86,7.82,3280.9
Barley,777.1,33.8,0,0,Cloudy,Sandy,North,118,63,107,6.92,1940.5
Wheat,1205.3,26.4,1,0,Windy,Clay,South,56,44,32,7.59,2535.0
Sugarcane,1193.9,26.4,0,1,Stormy,Sandy,Central,71,49,86,7.2,4899.1
Rice,1297.4,30.4,0,0,Stormy,Clay,South,46,33,62,6.49,3078.6
Sugarcane,687.2,29.6,0,0,Cloudy,Peaty,South,122,62,36,5.47,4661.0
Soybean,875.1,24.3,1,0,Cloudy,Peaty,North,110,47,33,6.05,1927.9
Wheat,1484.3,31.0,0,0,Rainy,Loamy,South,108,38,68,7.77,2504.6
Wheat,826.1,26.1,1,1,Windy,Chalky,North,97,61,77,7.61,2466.7
Rice,1143.3,26.2,1,1,Windy,Clay,Central,79,39,103,6.0,3453.0
Wheat,1587.2,29.6,1,1,Cloudy,Silty,West,124,98,108,4.5,3198.8
Cotton,345.3,25.2,0,0,Stormy,Loamy,North,87,30,45,6.33,981.6
Wheat,816.1,27.6,1,1,Cloudy,Clay,Central,90,73,67,6.27,2887.1
Sugarcane,900.6,28.8,0,0,Stormy,Clay,West,96,43,33,6.3,4621.8
Sugarcane,360.3,31.9,1,1,Stormy,Loamy,East,110,89,33,6.92,5308.3
Barley,763.2,31.5,0,0,Cloudy,Peaty,North,76,36,56,7.2,2021.9
Sugarcane,608.6,28.6,1,1,Sunny,Clay,North,126,47,115,7.29,5752.2
Barley,1157.3,11.3,0,1,Windy,Peaty,East,114,69,115,6.86,2236.0
Sugarcane,380.2,28.5,0,1,Stormy,Loamy,East,113,74,46,5.06,5163.6
Cotton,1466.8,29.4,0,0,Stormy,Peaty,North,124,92,99,6.23,1267.6
Sorghum,1107.0,30.6,1,0,Sunny,Sandy,East,94,29,83,8.34,2028.0
Barley,583.9,21.3,1,0,Rainy,Silty,South,80,40,37,6.8,2302.8
Maize,1207.9,14.3,0,1,Sunny,Clay,West,136,77,82,6.79,3083.3
Soybean,1079.1,31.8,1,0,Sunny,Chalky,West,59,53,34,6.79,1945.1
Rice,888.4,19.7,1,0,Stormy,Silty,West,72,62,98,6.83,3059.9
Sugarcane,683.6,34.3,1,0,Windy,Peaty,South,79,30,76,4.59,4944.6
Wheat,1064.3,23.5,1,0,Sunny,Clay,East,138,52,103,6.31,2938.9
Sorghum,936.9,20.8,1,0,Rainy,Peaty,Central,73,77,69,6.47,1830.6
Sugarcane,693.2,29.1,1,0,Cloudy,Sandy,East,101,65,36,7.53,5273.2
Wheat,497.0,30.7,1,1,Sunny,Loamy,North,139,80,41,6.54,2991.1
Soybean,644.8,30.3,0,1,Sunny,Clay,West,130,81,54,5.18,2082.2
Soybean,749.0,30.0,0,0,Rainy,Sandy,East,58,20,57,6.84,1590.3
Soybean,1248.7,22.8,1,1,Windy,Sandy,Central,82,40,72,5.86,2576.2
Wheat,1158.2,17.8,0,1,Sunny,Clay,North,108,81,106,5.53,2677.1
Sugarcane,765.0,24.7,0,0,Sunny,Peaty,South,102,83,76,5.83,4915.1
Soybean,776.6,20.1,0,0,Windy,Chalky,South,132,92,78,6.93,1525.8
Cotton,1197.4,29.6,1,1,Rainy,Sandy,Central,49,75,115,7.51,1881.9
Barley,980.2,32.2,1,0,Sunny,Silty,North,52,20,83,6.89,2410.3
Wheat,976.0,28.0,1,1,Windy,Sandy,West,132,40,47,7.01,2637.8
Wheat,689.0,27.0,1,1,Sunny,Chalky,East,44,41,56,6.88,2744.8
Sugarcane,863.0,25.1,1,1,Cloudy,Peaty,North,97,73,101,6.58,5491.4
Wheat,901.3,32.9,0,0,Stormy,Peaty,South,98,23,35,7.06,1627.6
Wheat,872.6,16.0,1,1,Cloudy,Silty,Central,115,84,104,4.56,2891.8
Soybean,1120.2,19.8,0,0,Sunny,Sandy,Central,98,70,98,6.59,1783.3
Sugarcane,1129.6,38.0,1,0,Rainy,Peaty,East,116,93,100,5.66,5315.2
Soybean,624.3,19.5,0,0,Stormy,Chalky,Central,125,82,51,7.43,1490.5
Barley,749.9,30.2,1,0,Cloudy,Clay,Central,54,34,88,6.38,2272.8
Sorghum,693.8,31.4,1,0,Windy,Loamy,North,116,55,76,6.52,2086.9
Barley,1316.6,15.4,1,1,Rainy,Loamy,West,40,48,97,5.3,3122.5
Sorghum,1576.0,16.6,1,0,Cloudy,Loamy,East,77,71,61,7.31,2503.0
Soybean,760.9,34.6,1,0,Windy,Sandy,North,92,65,112,7.0,1914.4
Barley,849.9,21.2,1,0,Sunny,Silty,West,91,88,30,6.95,2862.6
Sugarcane,1152.7,21.3,0,0,Windy,Peaty,North,40,48,83,5.85,4782.2
Rice,687.8,23.9,1,0,Cloudy,Clay,North,50,66,75,5.88,2792.7
Soybean,1159.5,21.2,0,1,Cloudy,Chalky,Central,97,44,70,6.68,2080.4
Sorghum,893.7,30.2,1,0,Sunny,Clay,West,79,99,70,5.94,1980.0
Cotton,376.9,19.9,0,0,Windy,Chalky,East,125,35,37,6.85,923.9
Sorghum,509.9,15.2,0,1,Windy,Sandy,East,138,60,61,4.77,1343.4
Cotton,798.6,33.9,0,0,Sunny,Loamy,West,99,84,59,6.11,1545.8
Wheat,1266.9,20.2,0,1,Windy,Sandy,Central,83,88,75,7.94,2269.9
Barley,632.2,22.5,0,1,Sunny,Silty,South,45,39,81,6.85,2268.3
Cotton,739.8,32.0,0,1,Rainy,Silty,North,67,88,118,6.63,1729.5
Sorghum,963.3,27.4,1,1,Cloudy,Chalky,Central,70,55,90,8.09,2283.9
Wheat,399.4,33.7,0,0,Rainy,Peaty,West,47,77,42,4.63,1878.8
Rice,989.6,32.1,1,0,Stormy,Peaty,North,44,67,118,5.85,2806.3
Sugarcane,436.9,24.3,1,1,Stormy,Chalky,East,93,21,69,6.18,4700.0
Sugarcane,1070.2,33.1,0,1,Stormy,Silty,South,56,99,90,7.19,5039.8
Sugarcane,657.4,28.0,0,0,Sunny,Silty,East,77,48,73,7.2,5176.2
Cotton,617.4,23.4,1,1,Windy,Silty,West,48,35,91,5.81,1625.2
Rice,981.8,28.7,0,1,Rainy,Sandy,North,113,54,73,7.3,2910.0
Cotton,1138.2,19.1,0,1,Rainy,Silty,West,123,81,77,6.18,2004.0
Barley,1012.9,32.0,0,0,Rainy,Clay,North,117,23,103,7.47,2397.7
Cotton,962.3,31.2,0,1,Rainy,Loamy,Central,53,87,88,5.67,1857.9
Rice,966.5,27.7,0,0,Stormy,Silty,South,65,70,86,6.4,2660.9
Rice,1014.7,15.5,0,0,Rainy,Chalky,Central,132,52,40,6.11,2752.4
Barley,1034.4,33.9,0,0,Windy,Loamy,Central,101,97,54,7.34,2185.7
Rice,781.7,29.6,1,1,Stormy,Sandy,West,130,43,90,6.08,3019.3
Sorghum,1096.4,26.9,0,1,Rainy,Chalky,South,64,94,75,6.47,1587.4
Rice,660.5,25.9,1,0,Sunny,Loamy,North,119,44,83,6.91,3282.0
Sugarcane,1227.4,23.8,1,0,Cloudy,Chalky,North,75,47,63,6.94,4991.0
Sorghum,1134.7,24.9,1,0,Cloudy,Sandy,East,137,26,113,7.21,2074.8
Sorghum,1554.3,31.6,1,1,Cloudy,Clay,North,119,55,36,6.67,2588.7
Barley,1054.2,23.9,0,1,Stormy,Sandy,West,72,29,91,6.17,1957.4
Maize,1172.7,25.4,1,0,Rainy,Sandy,Central,42,55,86,6.22,2954.4
Maize,431.8,26.2,1,0,Stormy,Chalky,Central,126,37,105,6.52,2197.5
Rice,1182.5,26.4,1,1,Windy,Peaty,Central,50,25,34,6.7,3407.8
Sorghum,1252.9,23.3,1,0,Sunny,Silty,South,97,26,105,6.38,2598.5
Maize,1351.4,26.0,1,1,Sunny,Silty,North,103,31,64,6.52,3418.0
Maize,936.1,29.1,0,1,Cloudy,Clay,West,57,60,113,5.29,2999.7
Rice,797.4,21.6,0,0,Cloudy,Clay,South,86,82,66,7.03,2773.5
Maize,573.1,26.0,1,0,Cloudy,Silty,East,83,44,89,6.64,3037.0
Cotton,600.6,38.6,0,1,Rainy,Peaty,West,132,72,94,7.3,1654.8
Wheat,892.3,26.6,0,1,Windy,Silty,West,98,52,45,6.5,2874.3
Barley,374.6,21.4,1,1,Windy,Peaty,West,89,92,59,5.11,2335.7
Wheat,669.5,20.7,1,1,Windy,Clay,Central,108,25,102,6.21,2695.1
Rice,926.9,19.4,1,1,Windy,Loamy,West,127,81,71,6.34,3471.9
Sugarcane,920.2,36.8,0,0,Cloudy,Chalky,North,68,85,90,7.09,4720.4
Barley,609.2,33.0,1,1,Sunny,Clay,West,132,28,103,4.84,2898.6
Rice,529.8,19.3,0,1,Cloudy,Clay,Central,129,86,106,6.53,3090.5
Sorghum,574.6,28.3,0,1,Windy,Sandy,West,106,35,77,6.91,1532.0
Sugarcane,833.7,34.3,0,0,Cloudy,Sandy,East,41,74,91,5.97,4450.4
Wheat,1538.9,26.8,1,0,Windy,Sandy,East,64,59,113,6.56,2566.3
Rice,1218.1,24.1,0,1,Stormy,Chalky,Central,58,45,93,6.0,2693.0
Sorghum,964.3,40.4,1,1,Sunny,Sandy,North,79,57,86,5.92,2065.5
Barley,1066.2,15.6,1,0,Stormy,Peaty,North,41,54,97,6.17,2013.0
Barley,1204.8,42.8,1,0,Rainy,Silty,South,122,87,75,5.93,2560.3
Soybean,1102.7,27.4,1,0,Cloudy,Loamy,Central,104,78,57,7.05,2453.5
Sorghum,807.5,34.7,1,0,Rainy,Clay,West,101,33,106,5.91,2123.7
Cotton,646.3,19.8,0,1,Cloudy,Peaty,Central,130,66,32,5.78,1383.0
Maize,862.4,22.6,0,0,Stormy,Loamy,South,93,90,66,7.91,2594.6
Sugarcane,1201.3,20.5,0,1,Windy,Peaty,Central,84,91,77,7.27,5235.4
Sorghum,818.9,26.4,0,1,Windy,Peaty,Central,88,61,48,5.01,1603.1
Soybean,568.6,28.8,0,0,Cloudy,Clay,South,138,70,112,5.89,1994.9
Maize,383.0,33.4,1,0,Windy,Silty,North,108,38,46,6.69,2822.1
Maize,863.7,16.7,1,0,Stormy,Sandy,West,77,85,111,6.76,2468.2
Rice,592.3,27.9,0,0,Windy,Chalky,South,43,66,111,5.31,2552.3
Maize,769.0,32.4,0,1,Stormy,Silty,East,56,84,116,7.43,2693.3
Cotton,1336.9,33.5,0,1,Rainy,Chalky,North,92,61,69,7.16,1659.4
Barley,883.8,24.4,1,1,Stormy,Clay,East,124,57,79,6.89,2517.6
Soybean,674.9,24.4,1,0,Sunny,Clay,North,92,32,102,7.59,2165.4
Maize,992.6,26.4,1,1,Sunny,Clay,West,70,63,58,6.86,3421.1
Rice,1476.3,28.1,0,0,Sunny,Loamy,West,61,43,80,6.86,3260.2
Cotton,863.8,34.8,0,1,Cloudy,Chalky,Central,50,49,71,7.75,1260.9
Wheat,193.3,19.7,0,0,Cloudy,Silty,East,73,89,58,7.38,2096.4
Barley,1095.0,22.3,0,1,Cloudy,Silty,North,54,57,95,5.83,2526.3
Barley,1003.9,19.0,1,1,Stormy,Peaty,West,49,42,46,7.01,2113.5
Soybean,927.0,29.6,0,0,Cloudy,Peaty,South,135,93,60,5.97,1918.2
Barley,834.2,33.6,0,1,Rainy,Peaty,West,92,76,81,6.9,2250.9
Maize,657.8,18.5,0,1,Sunny,Clay,South,87,98,68,6.88,2714.6
Rice,1354.5,27.5,1,0,Stormy,Silty,North,70,42,89,5.39,3139.2
Barley,348.5,33.2,1,0,Sunny,Chalky,West,76,55,80,6.4,2050.1
Barley,807.3,31.7,0,0,Cloudy,Clay,West,67,76,113,6.71,2099.4
Wheat,800.3,31.6,1,0,Stormy,Loamy,North,70,20,45,6.15,2248.5
Wheat,1156.0,19.9,1,0,Windy,Peaty,West,109,91,43,6.75,2234.3
Sugarcane,1270.7,31.6,1,1,Rainy,Clay,South,53,22,119,7.14,5765.5
Cotton,832.0,25.9,1,0,Cloudy,Clay,West,126,33,113,6.48,1719.5
Maize,957.9,33.4,1,1,Cloudy,Loamy,East,55,53,71,6.68,3359.5
Barley,983.4,29.7,0,1,Rainy,Sandy,Central,64,89,80,7.61,2213.0
Sorghum,1216.0,22.1,0,0,Rainy,Silty,South,78,88,53,6.88,2058.8
Barley,1209.8,28.7,0,1,Windy,Chalky,East,105,70,111,6.66,2077.5
Rice,738.5,31.9,1,1,Cloudy,Sandy,North,77,48,72,5.73,3017.2
Sugarcane,1031.4,24.0,1,0,Cloudy,Peaty,South,80,67,102,7.04,5275.1
Cotton,1015.0,27.8,1,1,Sunny,Clay,Central,137,98,48,6.76,2113.9
Sorghum,865.2,19.0,1,0,Stormy,Loamy,Central,79,98,113,7.53,1957.6
Sugarcane,1012.1,30.3,0,0,Stormy,Loamy,North,103,35,90,6.54,4959.7
Soybean,906.1,26.7,0,0,Sunny,Silty,North,128,76,92,5.05,2129.6
Cotton,947.4,32.5,0,1,Stormy,Sandy,South,139,29,55,5.14,1007.8
Barley,493.2,30.1,0,1,Rainy,Silty,West,55,38,64,7.09,2705.8
Barley,624.6,24.6,0,1,Stormy,Clay,North,121,86,96,6.04,1982.5
Cotton,1145.3,21.9,0,1,Stormy,Silty,West,116,55,85,6.85,1646.6
Barley,536.8,20.5,1,0,Sunny,Chalky,East,98,23,69,6.59,2386.9
Maize,1041.0,24.0,1,1,Windy,Loamy,Central,130,94,58,6.37,3530.0
Cotton,875.6,32.3,0,0,Stormy,Loamy,West,137,52,35,6.42,1229.2
Sugarcane,1209.2,16.5,1,1,Stormy,Peaty,Central,50,47,81,5.81,5050.8
Cotton,1094.6,20.8,0,1,Windy,Peaty,West,40,99,30,6.49,1225.7
Sorghum,764.0,32.2,0,1,Sunny,Clay,East,52,28,81,6.03,2150.4
Barley,833.0,35.0,1,1,Windy,Chalky,North,69,94,53,6.2,2290.0
Maize,304.3,21.1,0,1,Sunny,Sandy,East,108,25,63,6.24,2568.6
Maize,860.9,20.7,0,0,Rainy,Silty,North,57,68,36,6.32,2626.8
Soybean,519.0,35.4,0,1,Sunny,Clay,North,117,95,104,7.24,1977.0
Sugarcane,834.4,26.3,1,1,Rainy,Peaty,Central,52,41,40,6.4,5552.1
Wheat,708.6,21.6,1,1,Rainy,Silty,East,71,67,65,7.32,2949.2
Wheat,637.0,33.3,1,1,Sunny,Peaty,West,110,40,49,7.73,2731.8
Cotton,1256.3,30.0,1,0,Cloudy,Silty,East,111,52,92,7.18,1827.5
Soybean,517.1,31.4,0,1,Sunny,Sandy,Central,89,75,109,6.93,1739.6
Rice,611.1,21.9,1,0,Stormy,Clay,North,110,48,92,6.76,2976.1
Cotton,690.5,29.2,1,1,Stormy,Silty,Central,119,72,98,7.19,1776.6
Soybean,755.7,34.5,1,0,Cloudy,Chalky,South,70,59,117,6.57,1998.5
Sugarcane,637.0,30.8,0,0,Rainy,Loamy,South,90,93,59,7.29,5114.1
Sugarcane,792.3,32.5,1,0,Cloudy,Chalky,West,66,37,59,6.99,4905.3
Sugarcane,990.6,35.4,1,0,Stormy,Chalky,Central,99,66,113,6.21,4878.0
Sugarcane,1101.0,29.6,0,0,Cloudy,Loamy,West,72,32,51,7.22,5273.3
Sugarcane,1086.4,23.6,0,1,Sunny,Chalky,West,92,46,90,6.57,5281.4
Soybean,327.5,32.3,0,0,Cloudy,Silty,South,132,81,50,6.42,1838.8
Soybean,1014.1,20.4,0,1,Rainy,Silty,West,111,93,66,6.12,2484.3
Maize,1032.6,25.7,1,0,Sunny,Silty,South,72,64,56,6.63,3400.3
Sorghum,701.3,30.5,0,0,Windy,Loamy,North,80,22,64,7.3,1709.3
Wheat,1400.3,10.0,1,1,Stormy,Chalky,Central,58,41,67,7.21,2176.4
Barley,1226.3,28.5,1,0,Stormy,Loamy,West,124,46,89,6.78,2621.6
Sugarcane,845.1,28.8,1,0,Cloudy,Silty,South,80,74,99,6.98,5316.1
Rice,721.2,20.2,1,0,Sunny,Chalky,East,124,86,61,7.52,3128.1
Barley,1395.4,29.0,1,0,Windy,Chalky,West,128,52,109,6.38,2258.0
Soybean,894.3,28.1,0,1,Sunny,Peaty,North,81,21,109,5.61,1823.9
Rice,925.5,27.2,1,0,Stormy,Peaty,North,62,94,56,7.54,2941.1
Rice,921.7,34.1,1,0,Sunny,Sandy,East,114,65,32,6.08,2680.8
Rice,1590.9,32.3,1,1,Windy,Clay,South,72,93,78,5.95,3228.1
Maize,835.0,30.8,0,1,Cloudy,Peaty,West,59,52,114,5.06,2828.7
Soybean,892.9,20.9,1,0,Rainy,Loamy,South,64,77,59,6.96,2453.0
Rice,650.7,26.9,1,0,Sunny,Peaty,North,129,26,51,5.2,3038.4
Sugarcane,783.2,34.1,0,1,Rainy,Sandy,South,91,34,48,5.9,5053.8
Cotton,590.6,25.7,1,0,Stormy,Chalky,North,51,45,60,6.97,627.0
Rice,656.8,36.3,1,1,Cloudy,Sandy,South,71,30,49,7.08,3165.1
Maize,357.0,31.0,0,0,Cloudy,Chalky,East,72,57,48,5.98,2282.2
Barley,1164.5,37.3,1,1,Sunny,Chalky,Central,113,46,31,6.39,2511.3
Soybean,947.0,20.6,1,1,Cloudy,Clay,East,107,26,69,5.8,2439.0
Sorghum,971.7,26.1,1,1,Sunny,Peaty,East,54,20,68,6.06,2337.5
Maize,884.3,26.6,1,0,Sunny,Loamy,Central,90,93,101,6.71,3316.9
Rice,921.5,30.6,1,0,Rainy,Loamy,Central,45,40,83,6.1,3080.3
Soybean,1385.7,22.6,0,0,Cloudy,Silty,West,130,98,56,6.3,2552.6
Cotton,669.4,17.4,0,0,Sunny,Chalky,West,108,49,108,5.33,1340.1
Rice,983.5,29.3,0,1,Rainy,Loamy,East,108,27,41,7.41,3213.4
Maize,981.9,24.8,1,1,Windy,Clay,East,121,22,107,6.91,3153.4
Wheat,1242.6,24.2,1,1,Rainy,Chalky,North,131,74,100,7.13,2845.1
Sugarcane,1031.6,22.8,1,0,Rainy,Clay,North,74,34,46,7.53,5520.5
Sorghum,1046.7,27.7,0,0,Sunny,Loamy,West,125,55,119,5.84,1874.1
Barley,522.5,20.5,1,0,Stormy,Loamy,West,73,25,113,6.21,2002.9
Maize,657.3,25.8,1,1,Stormy,Silty,North,102,61,39,4.98,2742.4
Soybean,549.9,22.0,1,0,Stormy,Loamy,North,107,69,48,8.5,1911.9
Sorghum,157.2,23.3,0,0,Rainy,Chalky,South,57,37,111,6.38,1289.9
Sorghum,1019.2,29.1,0,1,Sunny,Chalky,South,65,69,59,7.33,1928.9
Sorghum,821.5,30.9,1,1,Cloudy,Chalky,North,125,49,59,5.51,2022.9
Rice,1019.7,25.2,1,0,Rainy,Silty,South,136,96,54,7.3,3413.1
Sugarcane,910.6,32.8,1,1,Rainy,Silty,Central,100,58,117,7.99,5843.0
Rice,972.1,21.2,0,0,Sunny,Loamy,West,117,31,103,6.45,3253.6
Soybean,1301.4,17.9,0,1,Windy,Sandy,West,134,78,95,5.69,2073.0
Rice,902.2,19.0,0,1,Rainy,Sandy,North,113,95,64,6.39,3021.6
Wheat,1100.7,20.5,1,1,Windy,Silty,East,127,63,80,4.72,2840.3
Sugarcane,809.3,19.1,0,0,Windy,Loamy,North,124,23,100,6.47,4980.4
Sugarcane,1147.4,39.1,1,0,Stormy,Sandy,South,87,55,100,7.16,4872.9
Soybean,528.1,17.7,1,0,Sunny,Loamy,East,111,67,56,6.47,1987.0
Barley,348.7,32.6,0,1,Windy,Loamy,South,135,33,39,6.27,2286.1
Wheat,1532.0,26.8,1,1,Sunny,Loamy,Central,70,68,72,6.92,3349.4
Maize,1450.9,28.3,0,1,Stormy,Peaty,South,73,86,84,6.98,2701.9
Rice,316.3,21.6,1,1,Sunny,Chalky,Central,126,96,100,5.17,3184.3
Cotton,889.2,29.0,1,0,Rainy,Loamy,Central,128,28,35,6.57,1573.7
Rice,945.0,21.5,0,0,Windy,Peaty,South,46,40,35,8.45,2461.0
Sorghum,1116.9,32.5,1,0,Sunny,Silty,South,122,91,106,5.43,2707.3
Rice,1421.8,33.0,1,1,Cloudy,Sandy,Central,46,35,77,6.43,3304.0
Maize,581.6,26.2,1,1,Sunny,Chalky,East,86,35,106,8.05,2980.4
Rice,597.7,26.6,1,0,Windy,Sandy,Central,47,47,31,7.38,2731.4
Wheat,899.6,29.6,1,1,Stormy,Chalky,West,117,70,112,6.09,2434.6
Wheat,610.9,29.3,1,0,Stormy,Sandy,Central,40,75,80,6.66,2069.1
Sugarcane,100.0,33.1,1,1,Windy,Chalky,East,116,99,90,6.5,4962.9
Soybean,831.8,33.0,1,1,Rainy,Sandy,West,42,76,48,5.9,2281.1
Barley,1157.3,26.8,0,0,Rainy,Sandy,North,92,71,31,6.44,2337.0
Cotton,893.9,24.1,0,0,Stormy,Sandy,North,131,65,80,6.28,1128.6
Sorghum,1087.2,31.9,1,1,Stormy,Sandy,East,77,97,55,6.59,2248.8
Rice,1044.3,26.1,1,0,Windy,Silty,Central,90,57,99,5.9,3165.9
Rice,591.9,27.7,0,0,Rainy,Loamy,South,54,67,49,5.48,3261.1
Maize,920.4,30.2,1,1,Stormy,Clay,East,139,60,52,6.47,2908.0
Soybean,442.5,32.9,0,1,Rainy,Peaty,West,106,78,83,7.87,2019.7
Wheat,746.4,28.6,0,1,Stormy,Clay,West,103,86,44,6.57,2363.1
Cotton,915.1,23.5,0,0,Sunny,Clay,North,107,93,35,6.23,1465.3
Sugarcane,899.7,37.8,1,1,Cloudy,Chalky,West,44,85,64,7.1,5191.1
Wheat,512.7,36.2,1,1,Sunny,Loamy,East,129,46,104,6.37,3130.7
Sorghum,573.3,20.9,1,1,Stormy,Chalky,West,128,51,37,7.99,1605.7
Soybean,987.3,21.5,0,1,Cloudy,Loamy,East,49,75,86,6.5,2518.1
Sorghum,1148.2,22.3,0,1,Cloudy,Loamy,South,47,29,79,7.06,1973.0
Barley,837.9,32.1,0,0,Stormy,Sandy,North,51,59,78,5.9,1804.0
Sugarcane,822.9,38.0,1,1,Stormy,Silty,West,103,36,117,6.9,5428.9
Barley,1179.4,24.0,0,1,Rainy,Sandy,East,98,77,50,6.72,2324.0
Maize,668.4,28.0,0,0,Stormy,Silty,Central,106,25,65,6.45,2391.6
Sorghum,1418.1,22.5,1,1,Windy,Chalky,North,130,58,100,6.1,2125.8
Maize,496.4,37.2,0,1,Stormy,Silty,South,89,37,98,5.99,2538.7
Rice,1214.5,31.9,0,0,Windy,Chalky,East,62,92,87,6.73,2598.2
Barley,1061.8,22.1,1,1,Stormy,Clay,South,79,91,92,7.0,2595.1
Soybean,1623.0,14.4,1,0,Rainy,Clay,South,136,61,45,6.4,2761.5
Sorghum,563.6,33.2,0,1,Windy,Silty,West,117,23,35,6.73,1928.4
Cotton,199.8,23.6,1,0,Sunny,Silty,West,126,39,107,6.47,1622.8
Sugarcane,1274.8,32.1,0,0,Windy,Chalky,East,134,47,81,6.58,4708.7
Wheat,458.6,28.8,1,1,Rainy,Sandy,Central,116,59,31,6.34,2608.8
Soybean,1084.7,16.0,0,0,Windy,Chalky,East,115,84,118,6.51,1439.6
Soybean,1254.6,22.2,1,0,Stormy,Sandy,Central,138,63,106,8.5,1711.9
Maize,1013.9,24.9,0,1,Stormy,Clay,South,57,42,47,6.75,2940.3
Barley,969.7,22.9,1,1,Rainy,Loamy,North,60,76,110,7.02,2931.1
Sorghum,1020.3,27.7,1,0,Cloudy,Silty,East,40,66,105,6.85,2089.4
Sorghum,1151.2,29.4,1,1,Stormy,Sandy,East,77,32,64,6.29,2017.0
Rice,1076.1,37.7,1,0,Sunny,Chalky,Central,80,35,115,7.54,2844.6
Rice,535.0,29.8,1,0,Rainy,Clay,South,81,74,68,6.27,3012.8
Sugarcane,1447.5,35.9,1,1,Windy,Sandy,South,48,84,30,7.34,5159.0
Maize,915.3,24.1,1,1,Windy,Chalky,Central,62,35,66,6.23,3077.8
Soybean,1055.5,34.0,0,0,Sunny,Silty,South,117,56,50,5.73,2104.0
Sorghum,1113.3,24.7,0,1,Stormy,Silty,West,50,71,30,6.79,1491.5
Cotton,1246.8,21.5,1,1,Rainy,Peaty,North,110,29,33,5.62,2135.2
Maize,1215.6,21.2,1,0,Sunny,Loamy,East,70,57,87,6.93,3254.8
Sugarcane,939.5,11.1,0,0,Stormy,Peaty,North,127,63,30,5.54,4201.3
Sugarcane,920.2,32.1,0,0,Rainy,Clay,East,65,93,42,6.24,5000.5
Maize,1022.6,19.3,1,0,Windy,Sandy,West,69,73,75,5.35,2737.3
Sugarcane,1230.0,35.4,0,0,Rainy,Clay,South,73,70,76,8.5,5179.1
Maize,566.2,26.0,0,0,Cloudy,Chalky,Central,85,71,110,5.18,2668.9
Wheat,1093.2,17.7,1,1,Rainy,Silty,West,108,89,105,6.51,2972.7
Maize,634.1,20.3,1,0,Cloudy,Peaty,North,44,78,36,7.41,2676.6
Barley,1455.4,28.1,1,1,Rainy,Peaty,Central,100,32,80,7.33,2666.3
Maize,1010.2,15.7,0,1,Cloudy,Peaty,South,122,60,32,7.18,2555.7
Sugarcane,775.2,30.5,1,0,Windy,Clay,West,77,31,79,6.25,5240.2
Sorghum,1028.6,17.9,1,1,Stormy,Silty,Central,67,69,55,7.58,2170.3
Barley,902.8,22.6,0,0,Cloudy,Sandy,West,65,76,60,7.23,1907.7
Sugarcane,851.9,28.2,1,1,Cloudy,Chalky,West,100,69,91,6.67,5408.3
Rice,357.2,29.8,0,0,Windy,Sandy,South,62,76,55,6.69,2287.6
Rice,592.7,31.8,0,0,Cloudy,Clay,East,85,73,96,6.26,2662.9
Sorghum,857.9,19.2,0,0,Sunny,Chalky,Central,69,85,84,5.77,1598.5
Sorghum,393.5,25.1,0,0,Windy,Peaty,South,106,27,57,7.49,1562.3
Barley,723.8,33.6,0,1,Sunny,Loamy,West,131,82,73,7.55,2841.0
Wheat,750.0,25.2,0,1,Windy,Clay,South,72,28,110,5.79,2491.7
Sorghum,666.2,28.8,1,1,Cloudy,Clay,East,42,79,67,6.38,2245.9
Rice,1131.7,28.0,1,1,Sunny,Silty,Central,108,82,59,6.39,3827.1
Maize,635.9,34.8,1,1,Cloudy,Sandy,East,122,91,95,6.47,3017.8
Sugarcane,926.5,24.2,0,0,Windy,Clay,North,81,22,37,6.55,4683.7
Rice,794.1,18.7,1,0,Cloudy,Clay,Central,101,92,43,7.26,3155.5
Rice,864.4,21.2,0,0,Sunny,Peaty,East,97,32,91,5.9,2617.7
Wheat,1381.9,28.1,1,0,Sunny,Peaty,West,96,28,104,5.82,2703.4
Barley,953.9,17.6,0,0,Cloudy,Chalky,Central,40,71,92,7.49,2000.4
Barley,1011.9,23.7,1,1,Rainy,Loamy,Central,112,81,108,6.13,3110.8
Soybean,670.4,27.5,0,0,Windy,Silty,South,99,27,95,5.49,1705.3
Wheat,1087.8,22.4,1,0,Windy,Loamy,West,108,64,69,6.11,2697.2
Maize,1075.2,29.0,0,1,Cloudy,Chalky,North,98,72,42,6.24,2653.0
Barley,1046.3,31.3,1,1,Rainy,Peaty,East,85,82,46,7.74,2607.6
Sugarcane,537.2,29.7,0,0,Sunny,Sandy,South,73,76,44,7.24,4932.6
Sorghum,724.4,17.7,1,0,Stormy,Peaty,East,136,73,62,7.42,1715.7
Wheat,1330.1,27.5,1,1,Stormy,Silty,North,64,38,45,7.16,3115.6
Sorghum,693.7,27.9,1,0,Cloudy,Peaty,North,81,86,42,7.26,2089.3
Rice,1371.0,24.7,0,0,Rainy,Silty,Central,68,65,115,5.95,3260.4
Sugarcane,736.1,28.9,0,0,Rainy,Silty,North,64,29,52,6.34,5178.6
Sugarcane,944.5,28.7,0,1,Windy,Silty,East,93,37,65,5.71,5217.6
Rice,843.8,26.5,0,0,Sunny,Chalky,West,112,31,72,6.33,2607.8
Wheat,646.6,21.0,0,0,Rainy,Silty,West,106,68,79,7.05,2612.7
Rice,650.9,26.8,1,1,Stormy,Silty,Central,54,42,103,6.61,3310.7
Sorghum,688.7,38.2,0,1,Sunny,Sandy,East,43,81,110,7.55,1742.8
Soybean,944.4,24.6,1,1,Sunny,Loamy,East,77,30,42,5.59,2710.9
Sugarcane,1167.1,33.3,1,0,Cloudy,Clay,North,59,92,59,6.9,5514.9
Cotton,924.9,27.2,0,1,Rainy,Loamy,East,62,75,86,5.5,2028.4
Cotton,890.0,22.2,1,0,Cloudy,Silty,South,76,74,59,6.58,1552.2
Sorghum,1263.1,25.2,0,1,Rainy,Sandy,North,101,44,100,7.09,2114.2
Maize,912.4,26.9,0,0,Windy,Peaty,South,47,28,39,6.33,2340.0
Barley,737.1,30.9,0,1,Cloudy,Sandy,Central,76,31,95,6.94,2235.4
Rice,600.7,41.3,1,0,Cloudy,Silty,West,84,30,112,5.73,3247.9
Rice,1281.1,27.3,0,0,Stormy,Sandy,Central,136,57,68,5.17,2812.7
Maize,801.2,19.6,0,1,Cloudy,Sandy,West,72,47,66,6.95,2477.3
Maize,726.4,17.1,0,1,Rainy,Silty,Central,46,27,32,7.9,2787.9
Sorghum,700.5,24.5,1,0,Stormy,Chalky,East,61,93,118,5.7,1677.2
Sorghum,1264.3,20.2,0,1,Cloudy,Sandy,South,44,66,63,7.48,1772.8
Maize,728.1,30.3,1,0,Cloudy,Clay,West,54,55,115,6.53,2689.7
Sugarcane,1197.1,30.4,1,1,Windy,Clay,North,60,69,67,5.43,5563.7
Sorghum,830.9,26.1,0,1,Cloudy,Sandy,South,128,28,43,5.59,1794.1
Soybean,537.5,30.9,1,0,Sunny,Chalky,North,56,79,93,6.51,2184.4
Sorghum,800.3,27.4,1,1,Stormy,Peaty,South,95,91,68,6.18,1979.8
Rice,890.2,38.2,0,1,Sunny,Silty,South,89,86,83,5.45,3322.9
Sorghum,865.4,30.8,0,0,Stormy,Clay,Central,46,72,31,5.14,1358.3
Sugarcane,858.0,32.4,0,0,Windy,Peaty,West,89,36,72,5.82,4920.3
Maize,803.4,18.3,1,1,Cloudy,Sandy,West,99,72,82,6.66,3054.9
Rice,664.5,20.0,0,0,Cloudy,Peaty,South,122,47,32,6.49,2604.7
Sorghum,903.2,29.9,1,1,Cloudy,Loamy,East,46,82,70,6.1,2342.4
Sugarcane,1062.3,17.7,1,1,Stormy,Clay,East,79,34,37,6.66,5178.9
Soybean,461.2,23.3,1,0,Cloudy,Sandy,North,84,38,119,7.33,1720.6
Sorghum,1289.7,34.1,1,0,Sunny,Silty,North,98,89,104,6.82,2590.4
Sugarcane,100.0,23.1,1,0,Cloudy,Chalky,Central,127,66,92,6.4,4609.0
Soybean,922.6,19.7,0,0,Windy,Sandy,South,114,90,94,7.24,1602.9
Maize,1039.8,31.0,0,0,Sunny,Silty,North,94,67,108,5.73,3062.1
Sorghum,719.0,39.4,1,0,Cloudy,Chalky,North,103,92,33,6.32,1787.6
Soybean,262.2,22.1,1,1,Cloudy,Chalky,South,104,39,97,6.34,1907.8
Rice,871.0,34.3,0,1,Rainy,Sandy,Central,93,56,39,5.51,3071.1
Maize,950.9,21.4,0,0,Stormy,Peaty,North,135,94,104,6.16,2226.1
Rice,555.4,26.3,1,1,Sunny,Peaty,Central,79,21,79,4.84,3281.1
Cotton,651.0,26.6,1,1,Rainy,Chalky,West,92,83,52,8.03,1849.5
Wheat,1188.8,22.3,0,1,Windy,Peaty,Central,83,55,90,5.75,2422.6
Sorghum,935.3,32.3,0,1,Stormy,Loamy,East,102,24,76,7.77,1786.5
Soybean,447.4,17.8,1,0,Sunny,Chalky,East,41,83,32,6.53,1965.7
Wheat,1034.9,28.2,0,1,Cloudy,Chalky,Central,118,26,46,6.95,2382.3
Wheat,620.8,33.4,0,1,Sunny,Silty,East,60,89,51,6.11,2720.4
Soybean,667.6,31.8,1,0,Cloudy,Peaty,West,127,41,45,6.67,2227.4
Maize,959.3,29.9,1,0,Stormy,Chalky,South,89,93,109,7.02,2688.8
Sorghum,931.3,36.5,1,0,Cloudy,Loamy,East,120,65,32,7.03,2400.4
Cotton,779.2,25.7,0,0,Windy,Silty,East,91,59,81,7.12,1403.9
Rice,748.7,17.9,1,1,Cloudy,Sandy,Central,48,80,62,6.21,3219.7
Sugarcane,824.8,27.8,0,0,Windy,Chalky,West,138,65,71,6.12,4746.0
Rice,665.8,26.2,1,1,Stormy,Loamy,South,59,47,31,5.22,3001.9
Sugarcane,1226.7,14.3,1,1,Stormy,Clay,Central,122,54,68,6.92,5346.6
Rice,429.2,20.2,0,0,Sunny,Loamy,Central,57,20,75,7.37,2938.2
Soybean,827.7,19.5,0,0,Windy,Loamy,West,123,48,77,7.79,2002.3
Cotton,462.2,22.1,1,0,Windy,Silty,South,69,28,56,6.74,1454.4
Sorghum,1180.8,24.9,1,0,Rainy,Sandy,West,104,28,44,5.89,1949.4
Sugarcane,827.3,25.1,0,0,Rainy,Clay,South,63,41,36,5.14,5103.0
Sorghum,583.0,22.3,1,0,Rainy,Peaty,West,127,82,86,7.33,1810.0
Sorghum,1105.5,19.5,0,1,Cloudy,Peaty,Central,86,85,71,5.06,2158.0
Sorghum,212.4,29.3,0,1,Rainy,Loamy,Central,122,99,38,6.23,2117.2
Barley,984.3,27.7,1,1,Windy,Silty,North,133,77,35,6.32,2783.7
Maize,1245.4,27.9,0,1,Cloudy,Silty,East,129,89,86,6.44,3356.1
Rice,953.9,37.7,0,0,Stormy,Peaty,West,83,74,105,6.53,2504.0
Sorghum,748.0,28.0,0,0,Sunny,Clay,North,68,32,59,6.61,1610.2
Rice,527.3,24.8,1,1,Rainy,Sandy,East,116,38,84,4.57,3386.2
Sorghum,1224.8,26.4,0,1,Stormy,Clay,West,107,98,113,6.51,2002.3
Sugarcane,1178.2,27.6,1,1,Windy,Chalky,South,56,52,113,4.72,5164.3
Maize,706.4,30.7,1,0,Sunny,Chalky,East,136,93,83,7.09,2782.4
Maize,714.4,26.7,1,0,Stormy,Sandy,Central,44,84,56,6.06,2372.4
Soybean,1256.0,15.3,0,0,Sunny,Peaty,North,131,79,113,4.77,1781.2
Barley,1059.5,24.4,0,1,Rainy,Sandy,East,127,31,88,5.85,2589.5
Soybean,364.0,27.0,1,1,Windy,Silty,East,120,62,36,6.04,2559.7
Soybean,841.3,34.8,1,0,Sunny,Chalky,Central,89,36,69,7.45,2038.9
Soybean,830.2,22.3,0,0,Stormy,Loamy,West,79,87,101,6.66,1707.2
Soybean,974.3,17.2,1,1,Rainy,Loamy,South,85,48,31,6.78,2576.1
Soybean,901.8,27.4,1,1,Rainy,Peaty,Central,90,74,43,7.44,2525.9
Cotton,746.2,32.2,0,0,Stormy,Silty,South,50,26,39,6.42,1300.8
Maize,953.5,24.6,1,1,Stormy,Clay,West,51,63,79,7.1,2842.9
Soybean,765.7,41.3,0,0,Sunny,Silty,East,52,96,47,7.05,1747.4
Sorghum,1924.3,39.9,0,0,Cloudy,Loamy,South,103,24,47,5.47,2377.6
Maize,936.8,26.6,1,1,Rainy,Loamy,North,47,79,45,7.68,3195.2
Maize,895.6,28.1,0,1,Sunny,Chalky,North,104,25,81,5.36,2672.9
Wheat,1452.8,35.2,0,1,Stormy,Silty,Central,48,26,98,7.23,2358.6
Cotton,490.7,26.5,0,0,Sunny,Silty,West,131,65,81,5.29,1347.1
Soybean,867.0,22.2,1,1,Stormy,Loamy,Central,41,76,60,6.98,2381.2
Rice,615.1,32.3,1,1,Windy,Clay,Central,117,73,113,7.99,3430.5
Sugarcane,1090.5,29.8,1,0,Stormy,Peaty,Central,52,65,52,6.33,4768.9
Barley,751.7,22.2,0,0,Stormy,Peaty,North,41,29,71,6.29,1689.7
Sorghum,1074.0,28.7,0,1,Stormy,Silty,North,107,23,110,6.99,2156.5
Rice,1052.4,26.0,1,0,Cloudy,Peaty,Central,115,86,91,6.24,3175.5
Cotton,1134.1,24.7,1,0,Stormy,Loamy,North,87,44,106,7.95,1568.3
Sugarcane,1057.4,22.3,0,0,Rainy,Loamy,West,113,97,79,6.65,5675.8
Cotton,832.8,27.7,1,1,Rainy,Silty,Central,42,80,106,6.24,2211.0
Sorghum,480.7,25.4,1,1,Sunny,Silty,North,107,57,110,6.07,2527.8
Maize,1202.7,28.7,1,0,Cloudy,Chalky,South,45,51,44,5.75,2978.6
Sugarcane,1322.7,31.9,1,0,Sunny,Silty,Central,126,42,119,6.0,5725.2
Maize,618.6,28.4,1,0,Rainy,Clay,Central,44,56,73,6.22,2873.0
Sorghum,1120.8,28.5,0,1,Rainy,Peaty,West,42,22,71,6.11,1979.4
Rice,548.9,23.8,1,0,Windy,Silty,East,49,32,74,5.97,3154.6
Sorghum,961.0,34.0,1,0,Stormy,Sandy,East,82,53,64,8.18,1266.9
Rice,1022.8,21.9,0,1,Rainy,Chalky,West,58,84,51,5.68,2922.3
Sugarcane,772.1,17.3,0,0,Sunny,Sandy,West,53,95,103,6.62,4999.1
Sugarcane,928.5,20.6,0,1,Sunny,Loamy,West,60,27,104,6.97,5351.4
Soybean,1154.5,33.2,0,1,Stormy,Peaty,East,82,28,67,7.0,1945.2
Cotton,867.2,29.8,1,1,Stormy,Silty,West,67,47,99,6.45,1932.0
Soybean,697.5,34.9,1,0,Windy,Sandy,North,60,97,93,6.31,1764.5
Cotton,532.9,19.1,1,0,Cloudy,Peaty,Central,75,37,36,6.86,1255.7
Soybean,782.8,40.9,1,1,Sunny,Loamy,Central,63,61,73,6.71,2482.5
Maize,547.6,25.3,0,0,Stormy,Clay,South,93,60,105,6.29,2737.0
Sugarcane,786.8,16.4,0,1,Sunny,Chalky,South,77,89,36,5.25,5265.9
Rice,760.4,40.2,1,0,Stormy,Peaty,Central,56,52,95,6.13,2588.0
Cotton,1141.2,19.1,1,1,Rainy,Peaty,North,61,96,89,5.58,1814.9
Sorghum,922.0,24.6,1,1,Sunny,Clay,East,122,73,30,5.97,2526.6
Cotton,1664.2,25.8,1,0,Rainy,Peaty,East,84,55,91,6.53,1919.3
Rice,295.9,29.7,0,0,Sunny,Loamy,North,113,75,116,6.79,2862.8
Soybean,994.0,22.3,1,0,Cloudy,Loamy,East,100,36,118,7.92,2401.0
Cotton,764.5,33.2,0,0,Windy,Clay,West,50,29,47,6.07,1317.4
Barley,613.2,31.5,0,1,Rainy,Chalky,Central,100,63,36,7.12,1817.5
Maize,891.1,27.1,0,1,Stormy,Silty,Central,77,21,83,6.74,2864.1
Sugarcane,868.6,34.9,0,0,Cloudy,Sandy,North,105,33,96,7.54,4969.7
Rice,1223.3,26.6,1,0,Sunny,Silty,East,72,60,39,6.96,3404.4
Sugarcane,927.4,25.3,1,1,Rainy,Peaty,South,82,21,90,5.69,5730.1
Barley,692.2,39.0,1,0,Sunny,Sandy,South,70,38,88,5.12,2013.5
Cotton,1000.3,28.8,1,0,Sunny,Clay,East,74,99,88,6.75,1932.5
Cotton,831.1,21.1,0,0,Sunny,Clay,South,76,20,98,6.08,1373.3
Sorghum,562.4,21.9,0,0,Windy,Chalky,North,86,21,92,5.72,1243.5
Barley,825.4,27.1,0,1,Windy,Sandy,North,139,46,37,5.49,1997.8
Rice,969.3,12.6,1,1,Stormy,Loamy,East,62,21,107,6.63,3264.9
Sorghum,921.7,23.2,0,0,Rainy,Sandy,South,75,70,84,7.71,1806.3
Maize,999.1,26.4,0,1,Cloudy,Peaty,North,79,29,35,6.17,2793.3
Sorghum,742.1,26.0,0,0,Cloudy,Loamy,North,129,38,30,6.97,1747.5
Wheat,995.3,19.5,0,0,Cloudy,Clay,West,128,99,85,6.42,2447.8
Rice,936.0,24.3,1,0,Sunny,Sandy,West,120,32,104,5.47,3224.7
Wheat,938.5,34.1,0,1,Windy,Silty,North,54,67,117,7.09,2451.1
Barley,909.7,32.8,0,1,Rainy,Chalky,East,76,75,39,5.62,2418.5
Soybean,1552.8,27.6,1,1,Sunny,Silty,Central,43,91,52,6.52,2588.6
Wheat,1233.0,26.6,1,1,Windy,Chalky,Central,61,75,45,6.23,2237.3
Maize,988.6,26.0,1,1,Windy,Peaty,North,120,69,45,7.21,2964.7
Sorghum,659.9,28.4,0,0,Rainy,Silty,North,61,64,85,5.65,2005.7
Soybean,812.3,27.6,0,0,Rainy,Sandy,North,120,78,35,6.81,1669.2
Sorghum,1384.7,28.9,0,1,Rainy,Sandy,East,117,58,59,5.83,1980.7
Wheat,731.1,30.0,0,1,Sunny,Silty,West,117,40,92,6.09,2885.5
Sorghum,850.3,19.7,1,1,Stormy,Sandy,North,56,74,30,4.5,1809.7
Barley,833.6,25.1,0,0,Rainy,Peaty,North,111,76,80,8.17,2134.9
Soybean,1010.4,28.2,0,1,Stormy,Loamy,South,137,60,118,6.94,2270.8
Barley,769.0,21.2,1,0,Sunny,Peaty,East,129,89,75,5.89,2311.1
Wheat,953.1,23.0,1,0,Stormy,Chalky,North,133,68,50,5.6,2068.0
Barley,775.7,25.7,1,1,Cloudy,Peaty,South,125,63,67,6.1,2662.6
Maize,1294.4,26.0,0,0,Stormy,Chalky,Central,119,54,98,7.07,2147.3
Wheat,694.1,28.3,0,0,Rainy,Sandy,North,133,24,92,4.99,1868.5
Wheat,1193.3,21.9,0,1,Sunny,Loamy,North,119,90,79,6.39,2882.0
Wheat,724.5,32.8,0,0,Rainy,Sandy,South,77,93,41,7.92,2239.4
Rice,643.9,25.9,0,1,Cloudy,Clay,East,63,93,98,5.59,3138.4
Sorghum,689.8,27.9,1,0,Rainy,Sandy,North,139,70,102,6.56,2172.0
Rice,386.6,24.8,1,1,Rainy,Chalky,Central,138,76,73,8.26,2925.8
Rice,1031.6,28.4,0,1,Rainy,Sandy,North,45,77,81,7.01,3092.4
Maize,550.8,37.0,0,0,Windy,Sandy,Central,107,55,38,6.6,2316.8
Soybean,792.6,24.7,0,1,Cloudy,Loamy,West,121,29,94,6.91,2113.9
Sorghum,1128.5,23.7,0,0,Rainy,Sandy,West,45,69,39,6.18,1807.1
Barley,1118.8,22.0,0,0,Rainy,Loamy,Central,65,56,75,7.54,2328.7
Cotton,470.5,26.6,1,1,Rainy,Silty,East,130,39,87,6.18,2547.6
Wheat,993.2,26.6,1,0,Sunny,Clay,North,80,32,66,4.93,2396.0
Barley,1242.1,27.3,1,1,Windy,Loamy,North,114,94,81,6.19,3091.7
Wheat,708.9,29.8,0,0,Sunny,Chalky,West,77,38,110,5.73,2026.4
Maize,1054.1,29.1,0,0,Windy,Silty,Central,119,75,42,6.28,2542.2
Wheat,557.0,26.9,1,1,Rainy,Loamy,North,122,64,35,6.29,2968.8
Rice,1015.7,38.7,1,0,Cloudy,Loamy,North,82,79,87,7.46,3359.0
Sorghum,939.4,31.1,0,0,Stormy,Clay,East,92,87,77,7.06,1692.5
Cotton,1098.3,20.5,1,0,Stormy,Chalky,South,54,76,61,6.71,1395.1
Sugarcane,1079.7,17.7,1,0,Rainy,Peaty,West,129,73,40,6.5,5496.1
Wheat,494.0,22.8,0,0,Sunny,Peaty,West,95,56,110,5.65,2003.7
Barley,941.0,27.9,1,0,Cloudy,Loamy,South,95,56,34,4.76,2747.1
Rice,1335.9,22.3,1,0,Windy,Sandy,North,70,33,35,6.59,2991.4
Sugarcane,244.4,23.2,1,0,Rainy,Chalky,East,122,63,103,7.14,4902.0
Cotton,1190.1,27.2,0,1,Cloudy,Silty,East,96,61,50,6.41,1841.0
Sugarcane,1380.5,24.9,1,0,Cloudy,Sandy,West,90,20,71,6.07,5123.2
Rice,454.6,14.7,1,0,Windy,Sandy,East,63,42,110,6.87,2632.0
Sorghum,698.8,33.5,1,1,Cloudy,Chalky,South,97,83,56,6.43,1925.1
Sorghum,1055.3,32.1,0,1,Sunny,Loamy,North,112,47,32,7.85,2183.0
Soybean,634.2,19.3,0,1,Sunny,Loamy,South,126,23,89,7.49,2387.0
Sorghum,1309.4,27.3,1,0,Sunny,Loamy,Central,43,60,95,7.27,2544.1
Soybean,1217.7,20.3,0,1,Cloudy,Loamy,West,49,79,78,7.11,2295.9
Sugarcane,484.5,23.3,1,1,Sunny,Peaty,East,102,37,63,5.47,5577.6
Maize,677.1,29.9,0,0,Windy,Loamy,Central,112,82,66,7.03,2681.7
Barley,1131.0,31.9,0,0,Cloudy,Peaty,East,122,80,71,6.8,2027.4
Barley,1119.2,31.7,1,1,Stormy,Peaty,North,54,68,94,6.99,2320.2
Sugarcane,1565.5,28.5,1,1,Cloudy,Loamy,North,137,66,89,6.89,5987.6
Wheat,636.0,34.7,1,0,Windy,Clay,North,102,58,119,6.86,2415.4
Wheat,1337.8,23.3,0,0,Stormy,Silty,East,58,25,30,8.5,1758.3
Sorghum,625.8,24.7,1,0,Cloudy,Sandy,Central,102,72,88,6.44,1871.8
Barley,1050.1,11.4,0,0,Sunny,Peaty,North,95,95,33,7.25,1720.0
Barley,1167.7,26.4,0,0,Rainy,Chalky,Central,60,44,43,6.12,1787.9
Soybean,100.0,30.5,1,1,Rainy,Chalky,East,73,84,47,7.13,1824.9
Maize,1173.4,28.7,0,0,Sunny,Silty,Central,56,24,63,7.25,2763.3
Rice,1315.4,23.3,1,0,Rainy,Chalky,East,57,84,30,6.79,3023.0
Wheat,1228.8,32.1,0,0,Rainy,Clay,East,120,27,82,7.84,2417.3
Barley,1516.0,26.6,1,0,Sunny,Chalky,West,105,58,51,5.79,2579.8
Soybean,1189.6,31.6,0,0,Sunny,Sandy,East,90,62,109,6.11,1933.3
Cotton,738.8,29.9,0,1,Cloudy,Sandy,East,104,92,90,6.67,1182.1
Soybean,1271.7,35.5,1,0,Cloudy,Peaty,South,82,24,51,7.2,2076.7
Wheat,721.8,29.0,0,1,Sunny,Loamy,North,96,23,79,6.64,2796.2
Wheat,924.7,30.7,1,0,Windy,Clay,West,49,20,45,7.53,2333.1
Soybean,1149.5,26.5,0,1,Rainy,Peaty,West,76,75,57,5.97,2163.2
Rice,1034.4,24.0,0,1,Cloudy,Clay,West,87,64,115,5.59,3248.1
Sugarcane,1305.3,29.9,0,0,Rainy,Loamy,South,108,84,99,6.75,5536.0
Wheat,1646.6,36.0,1,0,Stormy,Chalky,East,95,22,118,6.44,1986.8
Soybean,558.8,23.3,1,0,Sunny,Chalky,North,115,41,71,6.93,1934.8
Barley,801.5,25.5,1,0,Windy,Loamy,Central,75,91,95,6.48,2664.5
Soybean,994.9,27.2,1,0,Stormy,Peaty,East,70,75,100,6.23,2024.0
Maize,761.0,31.1,1,1,Stormy,Loamy,South,94,37,110,6.44,3190.5
Sugarcane,877.3,29.1,0,0,Stormy,Silty,East,77,44,64,6.52,4855.4
Cotton,1132.7,32.5,0,0,Sunny,Sandy,East,112,67,49,6.26,1629.1
Rice,1092.9,38.8,1,1,Cloudy,Peaty,South,129,50,31,6.34,3596.5
Sorghum,974.2,23.2,0,0,Sunny,Clay,West,54,49,36,6.18,1823.1
Cotton,944.3,30.7,0,1,Cloudy,Silty,West,55,99,78,7.19,1601.6
Sugarcane,832.8,28.9,0,0,Stormy,Peaty,North,116,85,112,6.66,4588.3
Sugarcane,1321.4,27.1,0,1,Stormy,Loamy,North,128,29,105,8.31,5777.6
Sugarcane,1399.0,30.6,1,0,Windy,Loamy,West,133,90,38,6.63,5318.8
Cotton,1205.6,25.4,0,1,Cloudy,Loamy,Central,92,78,56,6.06,1853.5
Barley,555.2,28.9,1,1,Stormy,Loamy,East,95,70,107,8.5,2237.7
Sugarcane,821.3,19.2,1,0,Rainy,Clay,Central,46,28,31,6.83,5224.0
Soybean,959.9,23.8,0,0,Windy,Silty,East,96,73,114,7.29,1765.0
Cotton,617.8,33.3,1,0,Sunny,Chalky,West,94,81,97,6.97,1460.3
Sorghum,923.7,33.1,0,1,Windy,Sandy,North,91,28,89,7.0,1407.0
Sugarcane,906.7,28.6,0,1,Rainy,Clay,North,43,28,114,6.93,5372.6
Soybean,1225.2,24.3,0,1,Cloudy,Clay,Central,82,43,115,5.62,2438.8
Barley,750.5,32.0,1,0,Sunny,Chalky,North,79,58,78,6.79,2121.5
Maize,1249.0,34.4,1,0,Sunny,Chalky,West,69,94,31,5.44,2874.6
Barley,612.8,24.5,1,1,Cloudy,Sandy,Central,49,27,46,6.36,2252.4
Sorghum,654.6,18.3,0,0,Windy,Sandy,East,133,44,112,5.92,1457.2
Sugarcane,786.2,29.7,0,1,Stormy,Chalky,North,46,85,117,6.79,4648.6
Sorghum,914.4,32.5,0,0,Windy,Loamy,South,75,29,49,6.77,1874.7
Cotton,175.0,30.5,1,0,Rainy,Clay,North,74,43,105,6.88,1730.4
Wheat,1037.8,36.4,0,1,Stormy,Peaty,East,127,99,118,6.73,2073.9
Sugarcane,1412.8,36.4,0,0,Windy,Sandy,Central,78,78,116,6.01,4750.8
Wheat,1095.4,25.2,1,0,Cloudy,Sandy,East,75,50,61,6.29,2578.9
Soybean,836.8,28.2,1,0,Rainy,Chalky,South,59,30,80,7.24,1758.3
Maize,574.6,24.0,1,0,Rainy,Silty,West,88,25,117,7.35,2787.3
Rice,356.1,20.9,0,0,Rainy,Peaty,North,135,89,71,5.58,2769.0
Sorghum,407.1,21.2,0,1,Stormy,Peaty,Central,98,51,92,5.28,1522.4
Barley,860.7,31.3,0,0,Sunny,Sandy,West,88,58,118,5.92,1894.3
Maize,1532.1,28.8,1,1,Stormy,Loamy,East,129,67,90,7.34,3296.9
Sugarcane,100.0,32.3,1,0,Windy,Silty,Central,65,32,91,7.47,4861.6
Wheat,1110.1,42.2,1,0,Sunny,Peaty,West,75,78,32,5.76,2341.9
Barley,696.7,30.0,1,1,Windy,Sandy,Central,82,86,118,6.75,2413.8
Wheat,799.4,22.3,0,1,Sunny,Peaty,South,138,75,105,7.97,2385.2
Cotton,618.7,33.2,0,0,Stormy,Silty,South,82,60,55,6.83,1032.3
Wheat,489.8,22.2,0,0,Rainy,Silty,North,138,75,77,7.64,2298.6
Cotton,937.7,37.5,0,1,Cloudy,Clay,North,115,54,37,7.3,1392.2
Soybean,978.8,15.2,0,1,Rainy,Chalky,South,72,57,34,5.77,2006.8
Barley,1100.5,23.7,0,1,Stormy,Chalky,Central,139,86,40,6.35,1866.5
Barley,394.4,30.7,0,1,Sunny,Sandy,South,117,53,71,6.53,2163.0
Rice,1162.2,34.1,0,0,Rainy,Silty,North,136,95,70,6.58,2996.4
Sugarcane,1167.5,22.9,1,0,Stormy,Clay,South,84,89,48,7.23,4969.2
Cotton,1027.3,21.9,1,0,Windy,Clay,South,84,30,77,6.83,1689.1
Rice,773.7,27.9,0,0,Cloudy,Peaty,Central,127,46,82,4.5,3179.5
Wheat,992.5,38.5,1,0,Rainy,Peaty,West,54,67,84,5.45,2142.9
Wheat,851.9,17.8,0,1,Sunny,Clay,North,134,43,90,4.75,2613.8
Rice,1190.6,25.1,0,1,Windy,Peaty,Central,56,37,61,6.64,2974.1
Barley,790.0,28.6,1,1,Stormy,Silty,South,51,46,75,6.69,2279.4
Wheat,932.4,22.2,0,0,Cloudy,Loamy,South,61,73,65,6.73,2541.5
Sorghum,378.5,22.2,0,1,Sunny,Silty,West,62,74,47,5.73,1911.2
Soybean,991.6,25.6,0,0,Stormy,Clay,North,129,40,103,7.04,1733.6
Soybean,675.1,28.8,0,0,Stormy,Clay,North,117,78,47,7.07,1517.6
Sorghum,1053.7,25.8,0,0,Rainy,Silty,East,51,53,41,5.5,2156.4
Rice,1136.5,35.8,0,1,Rainy,Peaty,North,107,77,101,5.33,3054.1
Sorghum,717.0,30.6,0,0,Sunny,Peaty,West,90,67,75,6.5,1652.4
Cotton,909.4,29.3,1,0,Stormy,Chalky,East,52,73,84,7.93,1270.1
Cotton,952.3,33.2,1,1,Rainy,Clay,East,96,37,67,7.86,1856.6
Rice,1010.4,29.4,0,0,Cloudy,Sandy,South,94,22,107,6.95,2751.5
Sorghum,1137.0,24.3,1,1,Cloudy,Chalky,South,121,43,31,5.92,1922.1
Cotton,1097.7,25.4,0,0,Stormy,Peaty,North,67,20,38,7.21,785.6
Barley,786.0,20.2,0,1,Rainy,Silty,East,83,25,34,6.14,2466.6
Sorghum,1379.5,39.0,0,0,Sunny,Peaty,South,58,38,48,5.89,1586.6
Barley,1125.6,32.6,0,0,Sunny,Silty,West,85,62,100,4.78,2277.1
Cotton,1321.5,11.6,1,1,Sunny,Chalky,South,42,27,68,6.58,1785.0
Soybean,1004.0,35.0,1,0,Cloudy,Clay,South,122,88,71,6.0,2173.2
Cotton,1021.7,18.2,1,1,Rainy,Peaty,East,59,71,46,6.58,1940.2
Barley,864.8,30.1,1,0,Rainy,Silty,East,64,92,92,4.66,2606.4
Maize,766.9,13.8,0,1,Cloudy,Clay,Central,114,66,119,6.64,2946.7
Sugarcane,1192.6,24.4,1,0,Sunny,Sandy,West,95,47,75,4.56,5485.5
Wheat,979.4,35.0,0,0,Sunny,Silty,East,120,65,49,7.37,2568.3
Sorghum,860.5,35.4,0,0,Stormy,Chalky,North,100,23,99,6.92,1422.9
Maize,593.2,28.8,1,1,Windy,Sandy,West,94,27,37,6.28,2957.7
Cotton,1366.5,31.7,0,1,Rainy,Sandy,West,74,80,48,6.95,1563.4
Soybean,933.8,18.5,1,1,Rainy,Loamy,East,117,36,61,5.72,2853.9
Rice,532.0,30.2,1,1,Rainy,Peaty,West,98,53,48,6.56,3310.6
Cotton,924.4,32.1,1,1,Windy,Silty,East,78,39,53,7.14,1821.8
Soybean,839.7,42.4,1,0,Stormy,Sandy,South,96,99,53,4.5,1639.4
Sugarcane,827.4,23.3,1,0,Windy,Loamy,Central,122,93,85,6.14,5558.0
Cotton,1072.9,27.1,0,0,Sunny,Chalky,South,106,53,110,6.48,1445.5
Barley,840.1,27.5,1,0,Sunny,Clay,East,73,62,47,6.34,2753.0
Rice,808.4,31.2,1,0,Rainy,Silty,East,80,29,41,7.67,3457.2
Soybean,1308.7,32.3,0,1,Cloudy,Sandy,South,61,49,70,5.6,2083.8
Soybean,378.1,33.4,1,0,Rainy,Peaty,North,66,44,116,6.0,1767.7
Soybean,884.6,32.9,1,1,Cloudy,Loamy,North,60,76,77,4.97,2518.7
Sugarcane,1178.7,18.1,0,0,Windy,Sandy,North,80,82,111,7.71,4746.5
Cotton,1088.1,11.3,0,1,Sunny,Peaty,East,70,90,93,6.3,1647.4
Sugarcane,1206.0,23.9,1,1,Cloudy,Sandy,West,66,66,45,6.15,5500.7
Sorghum,1506.5,26.8,0,1,Windy,Silty,East,76,22,109,6.46,2241.5
Wheat,1409.7,23.3,1,0,Sunny,Silty,West,105,65,52,7.01,2989.5
Wheat,553.3,24.2,0,0,Cloudy,Silty,South,93,55,115,6.78,2437.1
Sorghum,416.8,25.0,1,0,Rainy,Chalky,Central,48,45,68,8.5,1598.3
Cotton,998.1,30.5,1,0,Rainy,Chalky,West,122,29,62,6.86,1836.0
Barley,493.8,20.8,1,1,Rainy,Loamy,North,81,53,53,6.13,2399.5
Sugarcane,322.1,26.5,0,1,Windy,Silty,East,75,97,90,6.05,5325.0
Rice,994.9,26.6,1,1,Rainy,Peaty,South,49,27,84,6.19,3354.8
Soybean,1070.1,30.3,0,1,Stormy,Sandy,North,98,74,90,5.3,1889.6
Soybean,1413.3,34.0,1,0,Sunny,Clay,South,79,29,113,6.53,2456.8
Cotton,1130.5,37.1,1,1,Windy,Peaty,Central,93,76,69,7.13,1754.9
Barley,1475.9,22.5,1,0,Rainy,Chalky,East,78,98,87,6.01,2499.8
Wheat,1006.7,15.0,1,1,Sunny,Chalky,East,46,64,101,5.85,2724.1
Wheat,559.1,25.5,1,1,Cloudy,Peaty,Central,43,69,103,7.71,2524.6
Soybean,1146.7,17.5,0,1,Rainy,Chalky,East,54,83,30,5.36,2096.6
Cotton,1300.3,43.4,0,0,Sunny,Silty,West,115,21,114,4.85,1459.7
Sugarcane,1017.3,21.8,0,0,Stormy,Loamy,South,87,64,54,5.58,4861.1
Wheat,1335.2,30.4,1,1,Cloudy,Sandy,North,45,81,82,5.27,2865.3
Sugarcane,863.0,32.6,1,1,Stormy,Loamy,Central,112,33,90,6.81,5541.6
Barley,1063.8,29.0,0,1,Sunny,Sandy,West,74,93,75,6.21,2391.2
Wheat,847.7,39.5,1,0,Stormy,Sandy,North,111,34,103,6.32,1965.5
Wheat,1613.7,25.8,1,0,Sunny,Loamy,North,110,33,89,7.42,3242.5
Maize,1152.4,22.0,1,0,Sunny,Peaty,Central,107,50,80,5.95,2935.8
Wheat,565.0,21.7,0,1,Stormy,Sandy,West,97,48,102,7.12,2214.1
Sorghum,1455.8,31.5,0,0,Sunny,Loamy,North,116,46,113,7.71,2246.3
Rice,680.0,25.9,0,1,Rainy,Sandy,North,58,28,77,6.14,2690.0
Sorghum,904.1,21.7,0,0,Sunny,Clay,West,101,39,113,7.09,1728.2
Cotton,1040.5,29.6,0,1,Windy,Peaty,East,110,77,69,6.31,1483.8
Cotton,1065.0,31.3,1,1,Sunny,Silty,North,49,98,36,7.24,2167.4
Sugarcane,1045.1,28.6,1,0,Windy,Sandy,South,64,68,104,5.24,5325.4
Sorghum,560.1,32.4,1,1,Sunny,Clay,West,83,76,114,5.18,2200.6
Sorghum,1046.1,27.5,1,1,Sunny,Silty,North,138,35,48,6.19,2673.7
Sorghum,1230.2,23.4,0,1,Stormy,Silty,Central,97,94,44,5.79,1816.8
Barley,1221.6,31.9,0,0,Rainy,Sandy,South,64,27,99,6.09,1940.7
Wheat,509.5,21.7,1,1,Rainy,Loamy,North,132,86,90,6.32,3294.2
Rice,703.3,20.2,0,0,Cloudy,Sandy,South,115,38,85,7.08,2467.9
Sugarcane,586.6,33.9,1,0,Stormy,Clay,South,79,86,39,6.17,4951.8
Sorghum,1001.9,24.9,1,1,Stormy,Silty,East,115,55,75,5.84,2292.5
Sorghum,434.5,37.0,1,0,Rainy,Sandy,South,109,79,109,6.22,1837.9
Maize,563.2,32.1,1,1,Stormy,Loamy,East,49,55,104,5.88,3015.4
Sugarcane,700.5,24.5,0,0,Rainy,Sandy,West,105,30,86,5.75,4665.6
Sorghum,361.0,29.9,1,1,Stormy,Peaty,East,64,70,64,5.21,1961.7
Sugarcane,891.7,42.2,0,0,Sunny,Loamy,Central,110,99,101,6.56,5498.9
Wheat,268.1,31.5,1,1,Rainy,Clay,North,126,74,32,6.05,2786.7
Maize,1045.6,30.5,1,1,Rainy,Silty,West,50,73,95,7.27,3803.0
Sugarcane,780.9,23.4,1,1,Windy,Sandy,West,75,36,82,5.34,5100.7
Rice,712.8,38.1,1,1,Stormy,Loamy,Central,88,81,107,6.07,3263.2
Rice,761.8,34.9,0,0,Stormy,Peaty,East,87,61,81,7.95,2584.1
Cotton,881.9,23.5,1,0,Rainy,Loamy,North,126,43,82,5.75,1905.1
Maize,1077.9,38.3,0,1,Sunny,Chalky,East,46,36,83,6.31,2492.4
Maize,1295.1,28.0,1,0,Sunny,Peaty,South,130,67,76,5.53,2923.4
Cotton,1204.2,22.0,1,1,Sunny,Clay,East,116,89,32,5.42,2481.6
Sugarcane,1569.5,23.4,1,1,Stormy,Silty,West,90,26,94,7.74,5458.3
Maize,1102.6,32.3,0,0,Windy,Clay,North,56,33,44,6.64,2512.3
Rice,942.1,22.0,1,0,Rainy,Sandy,East,71,30,113,6.61,2882.7
Rice,762.9,20.4,1,1,Cloudy,Loamy,North,65,31,115,5.14,3634.9
Sorghum,772.9,24.4,1,0,Windy,Chalky,North,61,24,63,6.79,1510.8
Wheat,1061.7,25.3,1,1,Cloudy,Peaty,South,52,24,79,7.43,2614.5
Maize,600.2,23.0,1,0,Windy,Peaty,South,51,39,62,7.42,2603.7
Sugarcane,968.7,24.3,0,0,Sunny,Loamy,West,110,73,102,7.03,5178.4
Cotton,894.3,32.5,0,0,Stormy,Chalky,Central,40,74,32,5.6,721.7
Cotton,681.6,28.5,1,0,Cloudy,Loamy,North,72,77,31,6.75,1984.9
Sugarcane,584.6,23.9,1,0,Windy,Sandy,Central,53,98,33,7.03,4913.0
Barley,1657.4,24.4,0,1,Stormy,Clay,West,103,49,45,5.06,2307.0
Soybean,481.0,26.2,1,0,Cloudy,Peaty,North,82,43,83,5.6,1967.4
Wheat,879.7,26.6,0,0,Rainy,Sandy,North,97,92,62,7.21,2181.6
Cotton,1266.8,26.6,1,1,Windy,Clay,Central,80,22,38,7.2,2212.1
Maize,1058.7,32.3,1,1,Rainy,Sandy,East,120,67,86,5.26,3099.4
Wheat,757.9,28.2,0,1,Sunny,Chalky,South,107,90,69,7.14,2464.0
Maize,542.4,28.4,1,0,Rainy,Peaty,East,78,41,81,6.58,2836.3
Barley,938.9,35.6,0,0,Rainy,Loamy,Central,40,33,111,7.12,2368.9
Rice,108.1,38.3,0,1,Windy,Loamy,South,80,67,45,5.99,3011.0
Wheat,951.0,19.6,0,1,Sunny,Clay,East,84,48,37,7.02,2589.4
Sorghum,910.4,17.5,1,1,Rainy,Silty,South,127,69,116,7.18,2605.4
Cotton,1221.0,24.9,0,1,Stormy,Chalky,North,137,99,89,6.22,1373.8
Wheat,557.0,31.7,0,0,Cloudy,Clay,East,137,29,65,6.51,1890.5
Wheat,803.0,29.3,1,0,Rainy,Silty,South,127,90,32,5.98,2588.1
Wheat,1031.1,33.3,1,0,Sunny,Sandy,South,118,46,44,7.82,2441.4
Soybean,961.7,24.6,1,0,Rainy,Chalky,South,120,98,111,6.4,2074.2
Wheat,497.2,15.3,1,0,Cloudy,Sandy,East,52,47,52,5.76,1943.9
Maize,705.7,18.8,1,1,Sunny,Peaty,West,110,28,32,5.93,3195.5
Rice,1320.0,30.4,1,0,Windy,Chalky,East,48,90,59,6.6,2915.8
Barley,977.8,33.4,0,1,Sunny,Silty,Central,102,99,74,7.1,2566.3
Sugarcane,400.8,15.6,1,1,Windy,Peaty,East,138,45,46,5.43,4913.8
Wheat,1165.0,35.5,0,1,Sunny,Loamy,South,62,27,87,7.98,2765.9
Cotton,420.2,29.8,1,0,Cloudy,Silty,North,93,21,87,6.75,1253.9
Wheat,807.9,26.6,0,1,Cloudy,Clay,East,86,76,86,6.87,2546.7
Cotton,1069.0,23.2,0,0,Sunny,Loamy,East,78,71,36,6.42,1684.0
Maize,1264.1,36.5,1,1,Rainy,Loamy,South,126,77,68,6.52,3635.1
Cotton,198.6,32.4,1,0,Cloudy,Clay,North,65,22,107,6.38,1189.6
Sorghum,1113.5,29.9,0,1,Windy,Chalky,North,40,27,87,7.31,1693.9
Sugarcane,1158.5,22.6,1,0,Windy,Loamy,Central,53,78,85,6.49,5211.7
Rice,732.9,36.7,1,1,Stormy,Silty,East,135,21,44,7.11,3042.3
Cotton,927.3,27.2,0,1,Windy,Peaty,North,113,81,73,6.15,1584.7
Cotton,100.0,28.8,0,1,Stormy,Loamy,North,104,68,41,6.66,1595.0
Rice,100.0,27.4,0,1,Sunny,Silty,West,108,39,37,5.86,3145.4
Sugarcane,1232.6,22.4,1,0,Sunny,Sandy,West,106,48,109,7.47,5203.1
Wheat,738.3,28.9,1,0,Sunny,Silty,North,88,36,70,5.83,2776.6
Cotton,796.1,31.2,1,0,Rainy,Peaty,Central,89,93,63,6.24,1757.1
Rice,970.4,24.4,1,1,Rainy,Silty,North,97,41,75,6.25,3754.1
Sorghum,790.2,28.4,0,1,Stormy,Clay,South,92,25,117,6.22,2151.0
Sorghum,762.4,27.4,1,1,Windy,Peaty,East,130,81,58,7.08,2036.2
Maize,1018.3,32.5,0,1,Windy,Chalky,Central,96,50,45,6.25,2624.8
Rice,451.3,25.2,1,1,Sunny,Sandy,South,125,81,34,7.62,3519.0
Maize,1248.0,28.4,1,1,Cloudy,Clay,Central,57,31,34,5.85,3510.6
Sorghum,830.9,29.6,0,0,Rainy,Chalky,South,55,31,59,6.64,1247.6
Sugarcane,598.3,25.1,1,0,Rainy,Silty,East,41,82,79,5.88,5356.6
Wheat,557.9,22.0,1,0,Sunny,Peaty,East,52,35,34,6.84,2563.0
Rice,912.8,23.0,0,0,Rainy,Sandy,West,84,44,42,6.49,3179.6
Barley,808.1,29.5,1,0,Sunny,Clay,South,119,41,78,6.38,2623.3
Sorghum,435.3,25.6,0,0,Stormy,Chalky,West,111,95,118,7.45,1162.9
Sorghum,719.4,25.5,0,0,Windy,Chalky,South,82,37,79,5.98,1221.5
Barley,657.2,30.6,0,0,Cloudy,Sandy,West,111,64,43,6.97,2183.2
Soybean,1278.6,33.1,0,1,Windy,Silty,East,93,99,75,5.88,2368.1
Sorghum,939.1,34.2,1,1,Windy,Sandy,Central,113,87,119,6.59,1961.1
Cotton,1370.8,23.3,1,1,Stormy,Chalky,West,136,31,111,5.54,1578.1
Sugarcane,687.0,32.5,1,1,Rainy,Loamy,South,70,68,113,5.97,5743.5
Rice,812.7,39.5,0,1,Cloudy,Clay,South,115,52,63,6.43,3146.0
Barley,1016.0,27.8,1,1,Rainy,Sandy,East,48,82,100,7.95,2429.5
Cotton,1081.2,26.6,1,1,Windy,Chalky,South,112,37,76,6.58,1593.8
Barley,1116.3,25.3,1,0,Sunny,Silty,North,87,73,89,7.82,2453.3
Rice,633.7,20.6,1,0,Windy,Chalky,Central,57,46,103,6.68,2835.9
Maize,642.1,32.1,0,1,Rainy,Silty,West,133,97,108,6.19,3101.5
Rice,793.4,26.6,0,0,Windy,Sandy,Central,135,44,110,7.73,2726.7
Soybean,1344.3,26.1,1,0,Sunny,Silty,East,126,53,40,6.85,2809.0
Rice,599.8,31.1,0,0,Stormy,Peaty,West,50,79,114,5.99,2367.1
Rice,741.9,31.7,1,0,Rainy,Peaty,West,101,73,79,6.88,3088.0
Soybean,1119.0,23.4,1,0,Windy,Peaty,North,123,24,33,6.27,2029.0
Sugarcane,1102.9,23.5,1,1,Rainy,Loamy,East,58,55,70,4.91,5801.3
Sorghum,1066.6,23.3,0,0,Stormy,Sandy,South,139,73,88,7.25,1630.8
Rice,924.3,39.7,1,1,Windy,Chalky,North,129,55,89,7.38,3108.9
Soybean,580.5,35.9,0,1,Windy,Chalky,North,113,88,110,7.97,1628.4
Cotton,692.8,31.2,0,1,Rainy,Loamy,Central,63,58,91,6.84,1939.4
Maize,1237.9,24.7,1,0,Rainy,Silty,Central,52,89,113,6.3,3468.6
Maize,1132.1,25.5,0,1,Sunny,Loamy,Central,85,23,54,7.17,3046.8
Rice,499.5,29.2,0,1,Stormy,Silty,North,92,93,116,7.18,3128.2
Sugarcane,1160.8,40.3,1,1,Sunny,Silty,South,137,84,108,7.81,5896.6
Sugarcane,1292.6,28.7,0,1,Windy,Clay,West,68,59,62,6.46,5273.5
Cotton,916.1,30.1,0,0,Rainy,Chalky,Central,75,56,48,6.37,1356.1
Rice,1027.9,11.7,1,1,Windy,Peaty,South,110,86,86,5.93,3077.1
Maize,1203.4,28.5,1,1,Windy,Silty,East,133,50,44,6.93,3530.6
Sugarcane,691.3,18.6,0,1,Cloudy,Clay,Central,56,96,70,5.26,5062.7
Rice,1598.9,24.1,1,1,Cloudy,Chalky,West,87,66,98,7.12,3211.7
Barley,1266.9,27.3,1,0,Windy,Peaty,East,116,46,109,6.97,2172.7
Sugarcane,1057.2,25.2,0,1,Rainy,Silty,East,63,70,89,6.97,5559.2
Soybean,889.6,23.2,0,1,Windy,Silty,West,93,39,51,6.61,1963.3
Barley,1048.4,23.2,1,1,Cloudy,Loamy,Central,134,32,72,7.73,3130.6
Sorghum,431.9,25.7,0,1,Rainy,Loamy,North,130,82,61,7.2,2416.1
Sugarcane,1524.6,25.5,1,1,Windy,Chalky,West,124,63,42,6.01,5629.8
Maize,1238.7,27.1,1,1,Stormy,Peaty,West,40,43,67,6.03,2867.2
Wheat,1339.2,26.7,0,0,Stormy,Silty,West,118,22,55,5.8,2309.5
Barley,909.2,34.7,0,1,Windy,Chalky,East,106,29,110,6.94,1783.9
Sorghum,791.9,14.7,1,0,Rainy,Chalky,South,45,84,34,5.7,1895.6
Cotton,697.7,28.5,1,0,Windy,Sandy,North,117,68,78,7.37,1450.2
Cotton,1144.1,27.4,1,1,Windy,Loamy,Central,94,77,34,7.56,2173.9
Maize,746.2,26.2,1,0,Cloudy,Peaty,Central,77,96,100,5.8,3111.4
Sugarcane,843.8,22.8,0,1,Stormy,Silty,South,72,97,77,6.35,4944.3
Rice,1063.9,26.1,1,0,Cloudy,Chalky,West,47,21,47,6.51,2902.0
Sugarcane,702.2,17.2,0,1,Cloudy,Silty,North,129,85,35,7.21,5340.7
Maize,1213.2,28.2,0,0,Windy,Sandy,Central,118,50,95,7.79,2406.1
Cotton,894.7,29.3,1,0,Cloudy,Peaty,Central,117,87,106,5.15,1615.4
Sugarcane,447.6,22.8,0,1,Stormy,Chalky,West,59,56,71,6.25,4585.0
Cotton,699.0,38.6,0,0,Cloudy,Silty,South,94,92,81,6.29,1350.0
Barley,1292.5,26.3,1,0,Stormy,Loamy,North,87,43,40,5.38,2562.0
Sorghum,618.9,27.3,0,0,Cloudy,Sandy,South,122,96,55,6.11,1393.3
Rice,1168.2,35.0,0,0,Stormy,Peaty,South,95,63,50,6.84,2656.8
Barley,936.5,39.9,1,0,Cloudy,Sandy,North,136,60,95,6.28,2300.6
Cotton,848.5,20.3,1,1,Cloudy,Loamy,North,139,93,69,5.26,2069.6
Cotton,1653.8,23.5,1,0,Rainy,Peaty,Central,127,70,85,8.5,1791.5
Wheat,514.7,26.4,1,0,Stormy,Sandy,Central,49,61,80,6.71,1648.7
Wheat,678.0,22.5,1,1,Stormy,Clay,North,91,97,49,6.59,2377.7
Barley,893.0,32.1,1,1,Stormy,Loamy,East,89,59,110,5.62,2659.7
Soybean,1624.7,21.9,1,1,Sunny,Loamy,Central,73,67,109,6.71,2895.6
Barley,893.7,34.6,0,0,Cloudy,Loamy,East,75,23,86,6.37,2340.5
Wheat,982.3,30.7,0,0,Stormy,Clay,North,100,79,34,4.99,1944.9
Cotton,799.2,34.0,1,0,Sunny,Clay,Central,139,58,43,5.64,1902.2
Maize,1007.6,21.9,0,0,Rainy,Silty,South,55,24,53,7.14,2701.9
Barley,817.9,24.7,0,1,Stormy,Chalky,North,118,25,97,8.06,1673.0
Cotton,1108.6,32.4,1,1,Stormy,Sandy,West,57,33,81,6.79,1414.9
Maize,1132.3,31.3,0,0,Sunny,Silty,East,110,89,77,7.38,2921.6
Maize,829.8,25.3,1,0,Cloudy,Sandy,North,86,97,117,6.38,2615.6
Wheat,562.4,26.1,0,0,Rainy,Chalky,North,125,31,76,6.43,2062.7
Barley,928.1,24.4,1,0,Stormy,Clay,Central,71,81,89,7.37,2134.2
Sugarcane,1320.6,26.0,0,1,Cloudy,Chalky,Central,82,46,102,7.83,5337.2
Rice,652.0,21.2,0,1,Rainy,Clay,Central,122,73,32,7.54,3315.5
Wheat,1000.2,20.2,0,0,Windy,Chalky,West,79,31,38,5.65,2057.4
Wheat,538.3,33.0,1,1,Windy,Silty,Central,104,27,111,6.45,2822.6
Sugarcane,588.1,25.8,0,0,Rainy,Peaty,North,74,93,112,6.72,4935.7
Rice,1290.1,33.9,0,0,Sunny,Silty,Central,108,35,53,6.29,3000.2
Cotton,1107.5,30.6,1,1,Rainy,Sandy,South,89,71,33,6.81,1905.5
Soybean,1004.7,28.9,1,0,Rainy,Silty,Central,51,45,38,7.16,2433.4
Barley,203.5,22.7,0,1,Sunny,Loamy,West,115,27,30,7.3,2595.8
Soybean,734.1,19.7,0,0,Sunny,Sandy,South,124,64,64,7.85,1869.4
Cotton,1082.0,24.3,0,1,Cloudy,Chalky,North,97,38,103,6.24,1661.1
Sorghum,465.3,36.2,0,0,Cloudy,Sandy,North,122,36,41,5.41,1275.1
Wheat,793.8,32.3,1,1,Sunny,Peaty,East,102,84,47,6.79,2729.9
Rice,1130.0,23.7,0,0,Windy,Clay,South,112,48,107,8.01,2960.3
Wheat,446.7,24.3,0,0,Windy,Chalky,East,88,33,39,6.12,1939.1
Maize,396.2,21.4,1,1,Rainy,Sandy,South,75,36,103,7.05,2913.9
Wheat,451.9,17.7,0,0,Stormy,Chalky,South,93,32,47,7.06,1518.8
Wheat,1000.3,27.6,0,1,Rainy,Chalky,West,86,82,53,6.65,2548.3
Cotton,732.9,37.4,0,1,Rainy,Chalky,East,71,52,30,6.51,1140.1
Cotton,1163.4,37.4,1,0,Stormy,Clay,West,138,48,108,5.76,1735.5
Cotton,936.3,30.6,1,0,Sunny,Silty,South,134,56,101,4.67,1859.3
Soybean,1464.2,23.4,0,0,Windy,Chalky,North,92,65,111,5.61,1441.0
Maize,528.8,18.3,0,0,Rainy,Loamy,South,71,43,45,6.19,2716.6
Sorghum,999.5,33.3,1,1,Stormy,Peaty,West,101,33,114,7.38,2176.5
Sorghum,661.4,29.7,0,0,Cloudy,Clay,East,76,24,44,6.42,1764.6
Cotton,1080.1,25.1,0,0,Rainy,Sandy,East,135,72,91,6.08,1553.3
Rice,936.0,24.1,1,0,Windy,Clay,West,77,49,34,5.79,3059.7
Soybean,602.1,30.6,1,1,Sunny,Sandy,East,69,79,74,7.03,2225.5
Sugarcane,852.9,22.0,1,0,Rainy,Clay,Central,97,92,81,7.59,5163.7
Rice,921.9,28.4,0,1,Rainy,Sandy,North,71,47,100,7.35,2697.8
Barley,720.2,19.7,0,0,Stormy,Chalky,North,105,45,36,6.98,1484.0
Barley,1118.2,40.4,0,1,Cloudy,Silty,North,90,37,56,5.32,2590.9
Rice,590.7,22.9,0,0,Cloudy,Sandy,East,50,55,118,6.22,2615.8
Cotton,1527.3,30.9,1,0,Sunny,Sandy,East,98,27,115,8.06,1888.8
Sugarcane,1186.1,19.8,0,1,Windy,Loamy,South,59,37,42,7.4,5490.5
Sugarcane,1004.6,26.0,0,0,Sunny,Sandy,South,76,77,46,5.27,4989.3
Soybean,1753.6,32.3,1,0,Rainy,Loamy,North,112,51,73,6.46,2680.0
Sugarcane,807.2,33.6,1,0,Rainy,Peaty,Central,88,68,42,6.79,5040.8
Barley,1083.4,31.6,0,1,Cloudy,Chalky,South,58,67,119,5.89,2432.5
Maize,966.8,26.2,1,0,Windy,Loamy,South,94,90,102,4.65,3205.0
Cotton,1139.2,23.0,1,1,Stormy,Silty,East,79,84,34,6.58,1662.9
Sugarcane,1348.8,20.5,0,1,Windy,Chalky,Central,46,52,62,5.87,4735.6
Soybean,1064.7,36.0,0,1,Rainy,Loamy,North,44,69,33,5.87,2485.1
Barley,1212.5,27.6,0,0,Stormy,Chalky,South,81,23,55,6.22,1469.5
Maize,734.9,28.7,0,1,Windy,Chalky,Central,127,55,97,6.39,2894.5
Wheat,838.2,34.0,1,1,Windy,Chalky,Central,87,47,45,6.49,1988.6
Wheat,1391.5,30.5,1,0,Stormy,Peaty,North,46,22,51,5.79,2407.9
Maize,1079.1,26.2,0,1,Rainy,Silty,Central,50,25,65,6.32,3196.3
Barley,974.5,31.5,0,1,Windy,Clay,Central,112,64,87,5.09,2307.8
Soybean,674.0,23.3,1,0,Stormy,Clay,Central,88,42,84,6.75,1796.5
Maize,1190.0,17.7,0,0,Rainy,Loamy,South,69,26,64,4.5,3183.9
Cotton,665.6,35.5,0,1,Stormy,Chalky,North,80,80,54,6.27,1081.7
Cotton,577.2,23.8,0,0,Stormy,Loamy,Central,42,84,101,7.24,986.4
Wheat,934.5,25.2,0,0,Windy,Peaty,Central,125,25,110,5.65,1847.0
Sugarcane,179.3,25.7,1,0,Rainy,Peaty,South,79,43,90,7.07,5045.3
Soybean,1083.3,23.4,0,1,Windy,Sandy,North,90,56,47,7.42,1872.1
Wheat,1013.1,33.6,1,1,Sunny,Peaty,East,123,64,87,4.5,2639.1
Sugarcane,794.2,29.2,0,0,Sunny,Sandy,South,71,70,105,6.38,4873.0
Sugarcane,821.4,25.2,0,1,Rainy,Silty,North,87,64,86,4.5,5347.0
Sorghum,864.2,19.3,1,0,Stormy,Loamy,Central,110,82,116,6.41,1972.3
Cotton,663.3,28.8,0,0,Windy,Silty,North,110,48,92,6.49,1469.3
Barley,955.4,12.3,1,0,Windy,Peaty,North,59,44,41,4.51,2187.7
Rice,825.2,28.4,0,0,Rainy,Silty,North,128,29,40,8.04,3235.1
Barley,933.7,35.1,0,0,Rainy,Silty,East,74,54,42,6.73,2096.1
Rice,853.3,27.4,0,1,Sunny,Silty,North,63,74,64,5.82,3393.0
Maize,794.2,34.2,0,1,Cloudy,Peaty,East,79,44,56,7.67,2707.4
Cotton,983.5,19.6,0,1,Rainy,Chalky,Central,116,64,118,5.06,1335.4
Sugarcane,1134.3,39.2,1,1,Cloudy,Silty,East,91,31,96,5.52,5687.3
Soybean,742.6,33.6,1,0,Rainy,Sandy,Central,78,23,118,4.66,2259.7
Rice,1018.6,29.9,0,0,Stormy,Peaty,Central,107,86,74,7.94,2547.7
Barley,1055.8,23.4,0,1,Stormy,Silty,East,100,36,103,6.77,1971.9
Sugarcane,514.8,22.4,1,1,Sunny,Chalky,South,115,92,110,7.03,5364.1
Rice,1193.0,26.6,1,0,Sunny,Peaty,West,120,84,96,6.74,3167.0
Rice,1516.9,34.2,0,0,Cloudy,Clay,North,104,72,51,6.96,3201.7
Sorghum,873.6,19.1,0,0,Rainy,Chalky,West,101,76,107,6.56,1707.6
Rice,848.6,27.1,1,1,Windy,Sandy,North,120,47,71,6.72,3161.0
Soybean,836.1,31.4,0,0,Sunny,Silty,North,41,35,49,6.59,1921.2
Cotton,1086.2,32.6,1,0,Windy,Clay,Central,45,40,77,6.01,1506.0
Soybean,1053.2,31.4,0,1,Windy,Clay,North,114,96,47,6.46,2124.5
Wheat,422.8,18.5,1,1,Rainy,Peaty,North,82,61,106,6.72,2480.8
Sugarcane,640.2,33.8,1,1,Cloudy,Clay,East,121,73,99,6.59,5305.3
Cotton,1052.2,27.4,0,0,Rainy,Sandy,West,79,51,103,5.32,1523.3
Sorghum,856.5,20.5,1,0,Sunny,Sandy,East,128,57,35,5.42,1939.2
Cotton,550.2,26.9,0,1,Windy,Loamy,North,78,89,68,7.37,1641.3
Cotton,1350.1,15.2,0,0,Rainy,Sandy,Central,67,57,40,6.25,1325.9
Barley,660.1,30.5,0,0,Rainy,Chalky,East,119,73,54,6.97,1955.2
Cotton,910.7,26.2,0,0,Rainy,Clay,East,102,79,84,5.63,1377.3
Sorghum,848.5,19.4,1,1,Sunny,Sandy,South,103,96,113,5.32,2015.0
Soybean,576.4,25.3,0,1,Cloudy,Peaty,North,51,96,87,5.83,1814.4
Cotton,955.5,22.8,0,0,Rainy,Loamy,Central,80,66,66,6.32,1689.8
Maize,1017.6,23.1,0,0,Sunny,Clay,East,68,31,45,5.97,2656.4
Sugarcane,759.7,13.4,0,0,Windy,Loamy,East,62,72,99,7.54,4818.8
Cotton,799.1,17.0,1,0,Stormy,Clay,Central,124,52,102,6.64,1687.4
Sugarcane,1080.1,25.6,0,1,Sunny,Peaty,North,119,47,66,7.98,5032.3
Maize,307.5,24.6,1,1,Stormy,Loamy,South,90,22,82,6.82,2798.6
Maize,646.5,32.8,1,0,Rainy,Silty,East,84,45,116,4.57,3370.4
Sugarcane,964.0,23.2,1,0,Rainy,Chalky,South,129,73,45,7.34,5198.9
Rice,742.0,23.8,0,1,Sunny,Chalky,West,61,59,47,5.29,2796.9
Wheat,737.7,24.1,0,0,Stormy,Clay,North,49,85,48,6.68,2083.1
Barley,1170.5,25.8,0,1,Rainy,Silty,West,46,87,73,5.88,2602.5
Rice,710.0,27.5,0,0,Windy,Loamy,West,112,66,31,8.21,2872.1
Rice,1493.8,24.6,1,1,Cloudy,Silty,West,128,21,87,7.65,3805.3
Soybean,373.6,30.4,1,0,Cloudy,Silty,North,54,61,39,5.91,1978.7
Barley,236.4,40.8,0,0,Rainy,Loamy,North,116,53,105,6.4,1929.2
Barley,1163.7,22.0,0,1,Stormy,Peaty,Central,85,40,75,6.7,1929.1
Rice,604.8,29.4,0,1,Rainy,Silty,South,129,63,111,7.19,3185.2
Cotton,609.9,27.2,0,0,Stormy,Silty,South,124,21,48,6.52,1159.4
Soybean,1195.4,33.3,0,0,Windy,Peaty,Central,126,78,67,5.68,1813.7
Soybean,750.8,28.2,0,1,Stormy,Silty,Central,100,35,66,5.93,2052.2
Maize,1173.1,22.6,0,1,Rainy,Silty,West,131,39,107,6.5,3438.3
Sorghum,716.9,20.0,1,0,Windy,Silty,Central,100,45,74,7.49,1937.2
Barley,1008.8,30.7,1,0,Sunny,Chalky,East,90,35,63,6.84,2335.1
Rice,746.6,20.5,1,1,Cloudy,Sandy,South,77,89,31,5.88,3235.1
Maize,624.1,34.1,1,1,Rainy,Peaty,Central,51,42,73,7.02,3042.0
Sugarcane,1419.2,30.3,0,1,Rainy,Silty,East,127,61,112,6.19,5596.1
Wheat,1234.9,27.5,0,1,Rainy,Chalky,East,116,56,56,7.21,2388.1
Sorghum,682.0,19.1,0,1,Windy,Peaty,East,105,91,77,8.5,1799.7
Sorghum,846.5,31.1,0,0,Sunny,Clay,East,93,25,36,6.21,1584.4
Sorghum,1342.9,36.7,0,0,Stormy,Clay,West,78,56,56,7.14,1505.5
Soybean,603.5,24.4,1,1,Sunny,Silty,East,115,41,114,5.9,2234.3
Sugarcane,619.8,22.5,0,0,Windy,Chalky,West,78,25,100,6.41,4307.5
Sorghum,1041.0,26.4,1,0,Rainy,Chalky,West,117,51,118,6.52,1930.0
Sugarcane,1581.1,29.8,0,1,Cloudy,Peaty,East,69,36,47,6.35,5416.6
Cotton,916.1,23.8,1,0,Rainy,Peaty,South,87,57,62,8.47,1733.1
Sorghum,1214.9,32.4,0,0,Stormy,Chalky,East,122,36,62,6.25,1270.2
Wheat,594.8,38.5,1,0,Cloudy,Peaty,East,70,56,54,6.97,2349.6
Sugarcane,1008.3,29.0,0,1,Rainy,Chalky,East,64,42,43,4.96,5196.7
Sugarcane,792.1,25.1,0,1,Cloudy,Sandy,South,107,68,67,6.85,5042.9
Wheat,1460.0,29.6,0,0,Sunny,Chalky,North,90,80,67,7.41,2136.8
Sorghum,1379.6,34.1,0,0,Windy,Clay,North,52,68,33,6.08,1690.6
Wheat,1583.8,28.0,1,0,Rainy,Peaty,West,139,80,91,4.5,2848.5
Sugarcane,691.4,29.9,0,0,Stormy,Chalky,West,102,96,111,6.47,4278.9
Wheat,910.6,31.2,1,0,Sunny,Chalky,South,81,51,39,6.51,2468.0
Sugarcane,1012.6,21.7,0,0,Rainy,Peaty,Central,93,82,64,7.08,5009.9
Sugarcane,703.1,29.8,1,1,Sunny,Sandy,North,106,26,52,8.11,5455.5
Cotton,939.3,18.9,0,0,Stormy,Sandy,West,119,41,118,6.2,962.9
Rice,1172.7,23.0,0,0,Rainy,Peaty,North,129,25,94,5.81,3061.8
Sugarcane,734.9,33.9,1,1,Stormy,Loamy,South,95,80,111,5.57,5336.6
Sorghum,689.0,32.2,0,0,Cloudy,Peaty,South,58,33,108,6.66,1552.4
Maize,669.1,25.4,0,0,Stormy,Peaty,Central,85,35,54,6.88,2107.6
Soybean,496.9,37.2,1,0,Cloudy,Sandy,Central,54,22,82,6.06,1649.0
Barley,1156.2,19.1,0,0,Rainy,Sandy,South,71,28,113,7.12,2184.0
Rice,688.3,25.8,1,1,Cloudy,Peaty,West,88,66,46,6.87,2945.7
Rice,656.7,28.7,0,0,Rainy,Peaty,North,60,61,86,6.53,2873.3
Rice,1058.7,10.2,1,1,Rainy,Peaty,East,104,61,104,5.78,3243.3
Cotton,896.8,26.1,1,0,Windy,Sandy,Central,109,42,106,6.11,1327.6
Sugarcane,742.3,20.3,1,0,Rainy,Peaty,East,66,22,118,4.56,5150.5
Cotton,1143.2,20.4,1,1,Cloudy,Peaty,West,62,20,49,6.69,1537.0
Sugarcane,730.4,25.4,0,0,Windy,Silty,Central,86,86,54,6.52,4835.5
Sorghum,246.9,16.0,0,1,Windy,Loamy,East,134,90,71,6.65,1775.2
Cotton,1300.0,22.2,1,1,Rainy,Clay,West,51,22,74,6.9,2019.9
Cotton,651.5,16.2,0,1,Stormy,Loamy,North,124,68,60,6.81,1287.2
Soybean,684.3,27.7,0,0,Stormy,Silty,West,105,86,94,6.41,1961.8
Maize,685.6,27.6,0,0,Windy,Clay,Central,44,74,81,6.54,2764.9
Cotton,917.9,24.9,1,0,Rainy,Peaty,South,48,23,109,5.38,1276.0
Soybean,817.7,33.0,0,0,Stormy,Silty,North,59,50,50,6.03,1670.5
Wheat,1196.4,25.2,0,1,Rainy,Peaty,East,121,85,59,6.54,2778.7
Maize,1393.5,26.9,1,0,Rainy,Sandy,Central,102,97,32,5.91,3175.1
Sorghum,696.2,21.6,0,0,Windy,Chalky,South,125,83,99,7.19,1339.5
Cotton,618.6,13.2,1,1,Windy,Silty,West,111,50,72,5.97,1733.5
Barley,743.4,26.1,1,1,Sunny,Sandy,South,137,82,58,6.67,2501.9
Rice,1031.7,25.3,1,0,Stormy,Silty,Central,112,85,32,6.59,3031.5
Wheat,865.1,37.3,0,1,Stormy,Silty,Central,110,50,87,7.1,2123.5
Wheat,749.9,31.0,0,1,Stormy,Sandy,South,69,66,62,7.22,1955.1
Sorghum,510.9,24.5,1,1,Cloudy,Clay,West,121,41,104,7.06,2069.1
Soybean,237.3,27.8,1,1,Rainy,Loamy,South,130,93,74,4.82,2569.6
Wheat,598.6,32.4,1,1,Windy,Peaty,Central,55,65,98,7.46,2251.8
Maize,1279.3,30.1,1,0,Stormy,Silty,Central,124,77,61,7.72,3011.9
Cotton,1030.8,37.0,1,0,Sunny,Peaty,East,44,80,111,6.11,1492.8
Cotton,842.5,22.3,1,0,Stormy,Chalky,East,68,65,113,6.69,1159.8
Barley,1118.9,32.9,0,0,Rainy,Sandy,North,86,20,81,5.79,2154.4
Sorghum,513.6,24.5,1,0,Rainy,Peaty,Central,61,44,93,4.94,2120.7
Rice,917.0,28.2,1,0,Windy,Sandy,East,117,80,69,5.91,2587.9
Soybean,364.1,23.7,1,0,Cloudy,Peaty,South,96,33,42,6.07,1742.5
Rice,1003.8,26.1,0,1,Windy,Loamy,West,122,64,119,6.22,3270.4
Wheat,977.9,28.3,0,0,Stormy,Loamy,South,74,96,109,5.73,2291.7
Sorghum,985.0,30.6,0,0,Sunny,Loamy,West,127,58,118,5.91,1907.8
Barley,1250.3,27.4,0,0,Windy,Loamy,East,99,85,103,6.49,2171.8
Rice,1132.8,12.1,1,1,Cloudy,Loamy,North,109,51,58,5.88,3593.7
Maize,537.3,26.5,0,0,Windy,Loamy,South,99,77,92,6.93,2705.0
Cotton,1254.8,35.8,1,0,Rainy,Sandy,South,97,75,113,7.05,1737.1
Wheat,837.2,26.5,1,1,Stormy,Silty,South,42,25,55,8.4,2623.2
Barley,309.0,36.0,1,0,Stormy,Peaty,West,73,86,88,7.4,1775.8
Rice,867.4,26.3,1,0,Stormy,Loamy,East,84,69,78,6.69,3102.5
Soybean,1094.1,17.6,1,1,Stormy,Sandy,South,89,57,82,6.0,1962.7
Maize,595.8,24.4,1,0,Stormy,Sandy,South,41,22,117,6.73,2440.1
Maize,1299.9,23.6,0,1,Stormy,Sandy,North,54,24,60,6.76,2150.3
Rice,623.0,25.6,0,0,Sunny,Silty,North,76,43,41,6.09,3223.5
Cotton,755.7,19.9,0,0,Cloudy,Peaty,East,54,73,87,7.13,807.9
Rice,700.6,26.9,0,0,Stormy,Silty,East,99,53,65,5.38,2520.7
Wheat,387.3,25.0,0,1,Cloudy,Clay,Central,135,58,39,6.3,2430.6
Rice,602.1,34.7,1,1,Stormy,Sandy,North,124,67,35,6.94,2961.6
Maize,686.4,19.7,0,1,Windy,Clay,Central,103,68,36,6.27,2290.5
Barley,861.0,28.5,0,0,Stormy,Chalky,West,120,53,60,6.33,1591.5
Rice,100.0,29.5,0,0,Rainy,Loamy,Central,137,99,101,6.39,3139.1
Cotton,1115.0,31.6,1,1,Sunny,Loamy,South,135,26,32,5.83,2427.0
Sorghum,1112.0,24.8,1,1,Windy,Silty,Central,91,37,76,7.44,2291.1
Barley,1254.4,28.3,1,0,Windy,Peaty,East,62,89,114,5.69,2219.4
Soybean,452.5,29.1,0,0,Rainy,Clay,West,138,53,30,6.75,1816.7
Sugarcane,812.2,17.1,0,0,Stormy,Peaty,South,76,70,74,6.83,4392.8
Rice,1182.4,25.0,0,0,Sunny,Silty,Central,80,87,83,5.74,3061.0
Cotton,1208.2,26.8,0,1,Windy,Loamy,West,96,33,79,6.56,1667.0
Barley,1343.7,27.5,0,0,Sunny,Peaty,West,136,88,108,5.77,2391.7
Cotton,930.8,27.4,1,0,Windy,Peaty,South,64,27,36,7.61,1410.6
Soybean,883.2,29.6,0,0,Stormy,Loamy,Central,76,34,92,5.59,1799.9
Maize,432.6,38.6,1,0,Windy,Clay,West,79,78,44,5.98,2678.8
Cotton,1219.5,23.4,0,0,Windy,Loamy,West,124,30,118,5.52,1684.5
Barley,761.9,29.3,1,0,Cloudy,Peaty,North,85,39,96,5.41,2344.0
Cotton,910.2,34.8,1,0,Stormy,Clay,West,99,74,59,7.77,1121.0
Cotton,890.2,16.2,1,1,Rainy,Clay,North,137,55,107,6.93,1913.9
Cotton,181.6,28.6,1,1,Rainy,Loamy,Central,58,33,97,6.61,1895.7
Wheat,656.6,16.9,0,1,Stormy,Peaty,Central,130,77,65,5.97,2031.7
Wheat,1036.2,40.1,0,0,Rainy,Silty,Central,48,57,96,7.23,2274.9
Maize,885.4,30.1,0,1,Stormy,Peaty,East,108,99,34,5.84,2679.6
Rice,1038.5,29.3,1,0,Rainy,Sandy,Central,44,20,54,7.13,3324.5
Cotton,1135.2,15.8,0,0,Cloudy,Chalky,West,128,84,40,5.8,1235.7
Soybean,653.0,24.0,0,0,Rainy,Silty,South,65,20,101,5.98,1972.6
Rice,745.5,24.0,0,0,Windy,Clay,North,58,79,119,7.11,2860.8
Soybean,857.6,37.6,0,1,Stormy,Silty,East,69,44,95,7.19,1557.6
Rice,1132.0,31.4,1,0,Sunny,Clay,Central,139,29,57,6.98,3410.1
Maize,829.8,17.1,1,0,Sunny,Clay,Central,87,69,89,5.66,3177.0
Cotton,365.7,29.8,0,1,Stormy,Silty,South,55,31,39,6.14,1112.0
Cotton,840.5,18.0,0,1,Cloudy,Clay,South,110,51,79,6.63,1423.5
Sugarcane,1120.0,17.2,0,1,Rainy,Clay,East,57,52,68,5.82,5251.2
Soybean,1307.1,29.7,1,0,Cloudy,Sandy,North,95,91,66,7.6,2154.3
Rice,984.2,31.5,1,1,Sunny,Peaty,Central,60,45,92,4.58,3236.0
Rice,454.2,29.8,1,0,Stormy,Peaty,East,70,61,90,5.88,2921.5
Sorghum,778.1,38.3,0,0,Stormy,Chalky,West,40,69,114,6.09,1020.8
Sorghum,1042.5,29.2,1,1,Cloudy,Chalky,West,42,80,67,4.5,1928.2
Wheat,1159.9,28.0,1,1,Cloudy,Sandy,East,134,60,62,5.38,2803.9
Sugarcane,1052.1,19.7,1,1,Rainy,Chalky,Central,64,76,104,7.0,5517.6
Barley,824.5,32.1,1,0,Windy,Silty,East,47,21,74,6.52,2253.3
Sorghum,1157.6,17.1,1,0,Windy,Loamy,Central,104,89,73,7.76,2264.8
Barley,707.8,39.1,0,0,Rainy,Loamy,South,101,50,30,7.74,2047.1
Wheat,955.4,32.2,0,0,Windy,Loamy,East,46,42,82,6.85,2481.4
Wheat,1124.9,43.7,0,0,Sunny,Sandy,Central,46,95,76,6.75,2187.7
Wheat,1073.0,29.3,0,0,Windy,Sandy,East,47,73,62,6.55,2146.0
Soybean,1079.7,32.5,1,1,Rainy,Clay,East,58,47,96,4.5,2576.3
Soybean,1072.2,25.3,0,0,Windy,Loamy,Central,56,98,119,5.38,2130.3
Maize,585.4,26.7,0,1,Stormy,Silty,Central,50,38,44,6.58,2469.1
Maize,905.3,20.7,0,1,Cloudy,Chalky,North,88,95,43,6.99,2614.4
Wheat,627.2,18.3,1,1,Sunny,Silty,East,50,67,52,6.73,3057.7
Sugarcane,813.2,28.1,0,1,Stormy,Chalky,West,80,21,83,5.79,4895.2
Rice,549.3,26.7,1,1,Stormy,Loamy,East,101,30,37,7.25,3033.7
Soybean,1003.5,20.5,1,0,Rainy,Loamy,East,91,63,83,7.69,2481.9
Sugarcane,310.5,21.6,1,0,Cloudy,Loamy,Central,105,78,65,7.25,5226.9
Cotton,1085.2,27.2,0,0,Cloudy,Sandy,East,107,78,113,7.29,1248.4
Soybean,904.6,20.4,1,0,Sunny,Chalky,East,131,57,81,6.05,2130.7
Soybean,1470.6,29.1,0,1,Rainy,Sandy,West,136,44,35,7.36,2428.0
Maize,838.6,20.6,0,1,Sunny,Sandy,Central,114,40,57,6.62,2886.8
Rice,838.5,28.5,0,1,Windy,Peaty,East,106,61,79,6.91,2865.9
Rice,1104.8,20.1,1,0,Stormy,Silty,South,79,55,67,6.79,3085.7
Sorghum,856.1,20.1,1,0,Sunny,Silty,North,44,28,59,6.4,2101.7
Barley,982.4,12.8,0,0,Stormy,Clay,West,124,31,110,5.81,1830.3
Barley,1198.3,26.0,1,0,Rainy,Sandy,East,61,29,102,6.43,2554.7
Barley,819.7,35.7,1,1,Windy,Chalky,South,76,78,83,7.29,1895.2
Barley,1258.6,35.4,1,1,Rainy,Peaty,East,50,24,100,6.15,2687.4
Cotton,396.3,28.9,0,0,Windy,Peaty,East,83,52,75,7.21,752.6
Cotton,1381.0,15.0,1,0,Windy,Silty,Central,125,88,57,7.09,1994.9
Soybean,363.6,32.1,1,1,Stormy,Sandy,Central,92,99,46,6.26,1702.7
Wheat,1305.7,28.4,0,1,Rainy,Clay,Central,116,82,77,7.61,2653.2
Maize,340.1,24.6,1,1,Rainy,Sandy,South,100,48,73,6.22,3087.2
Maize,1494.2,34.2,0,1,Sunny,Loamy,East,106,37,89,7.71,3414.0
Barley,948.3,30.7,1,0,Rainy,Sandy,North,52,25,89,6.85,2070.1
Soybean,616.5,38.8,1,1,Sunny,Loamy,West,131,72,34,6.49,2400.1
Sorghum,1459.5,18.6,1,1,Cloudy,Loamy,Central,50,51,98,5.79,2540.5
Sugarcane,573.3,19.0,1,1,Cloudy,Clay,Central,50,61,107,6.43,5188.7
Wheat,831.8,20.0,1,1,Cloudy,Chalky,East,124,66,99,6.34,2458.6
Soybean,1681.4,25.3,1,0,Rainy,Silty,East,124,50,36,5.49,2678.8
Wheat,1018.7,36.5,0,0,Rainy,Sandy,South,46,81,82,6.33,1970.5
Wheat,292.2,23.3,1,0,Sunny,Loamy,South,56,75,46,5.86,2681.6
Wheat,818.0,23.4,1,0,Windy,Sandy,Central,87,30,88,6.97,2461.4
Soybean,791.5,29.5,1,0,Sunny,Chalky,East,53,45,38,7.55,1924.7
Barley,956.6,32.1,0,0,Cloudy,Silty,North,102,46,51,5.52,2220.8
Maize,886.7,13.6,0,1,Sunny,Chalky,West,103,76,74,7.87,3037.0
Maize,1063.8,33.2,0,1,Windy,Silty,East,136,46,102,6.4,2850.8
Barley,441.6,23.1,1,1,Rainy,Peaty,East,114,78,88,5.72,2679.6
Wheat,735.6,26.4,1,1,Sunny,Silty,South,116,81,109,7.11,3268.6
Sugarcane,993.6,35.5,0,0,Cloudy,Clay,West,104,39,42,6.14,5099.4
Rice,671.4,25.7,0,1,Cloudy,Chalky,Central,73,22,112,6.43,3015.3
Soybean,1228.8,17.8,0,0,Rainy,Loamy,East,48,35,41,6.18,2119.2
Rice,677.4,18.2,1,1,Sunny,Peaty,Central,116,63,65,5.85,3234.7
Sorghum,943.0,26.8,0,1,Windy,Clay,East,76,98,39,7.08,2137.0
Barley,868.5,25.0,1,1,Rainy,Sandy,Central,69,49,45,6.27,2655.7
Sugarcane,595.6,27.4,1,0,Sunny,Chalky,West,80,59,48,5.35,5231.7
Soybean,918.1,24.6,1,1,Stormy,Loamy,South,84,84,35,6.94,2318.8
Barley,506.4,34.4,0,0,Cloudy,Silty,West,86,48,33,5.54,1904.4
Wheat,766.9,27.1,1,0,Windy,Loamy,North,46,49,59,5.58,2575.5
Maize,909.1,16.4,0,1,Windy,Sandy,South,53,51,75,7.45,2645.9
Rice,471.8,31.9,0,0,Windy,Peaty,West,87,29,56,5.54,2607.9
Cotton,1087.1,38.4,0,0,Cloudy,Peaty,North,45,70,74,4.65,1108.2
Cotton,978.1,27.9,0,1,Sunny,Chalky,East,73,27,114,7.0,1569.8
Sugarcane,1059.6,28.4,1,1,Rainy,Peaty,East,119,70,66,6.26,5405.1
Wheat,900.7,22.3,1,1,Sunny,Chalky,Central,139,55,38,6.33,2892.5
Sorghum,554.8,25.5,1,1,Rainy,Chalky,South,85,74,90,6.25,1995.6
Rice,900.0,30.0,1,1,Windy,Chalky,East,98,54,64,6.69,3210.0
Wheat,1086.9,33.8,0,1,Sunny,Silty,South,109,55,76,5.9,2631.2
Rice,542.9,29.7,0,0,Windy,Clay,East,47,75,50,7.68,2776.1
Sugarcane,566.8,37.9,0,1,Stormy,Chalky,Central,63,55,46,5.32,4520.8
Sugarcane,826.2,27.6,0,1,Windy,Chalky,West,106,80,84,6.86,4819.7
Sorghum,788.6,20.3,1,0,Windy,Clay,Central,43,81,117,7.01,1991.1
Cotton,895.2,20.4,0,1,Rainy,Loamy,North,135,44,35,5.89,1799.2
Wheat,812.5,34.4,1,0,Stormy,Chalky,East,40,83,64,5.68,2040.6
Soybean,948.0,33.0,0,1,Windy,Silty,North,73,79,79,7.31,2075.5
Cotton,1266.5,17.1,0,1,Windy,Peaty,North,48,76,66,5.71,1118.6
Wheat,1061.5,25.7,0,0,Stormy,Peaty,South,102,89,42,6.01,1803.3
Cotton,916.8,26.0,0,1,Stormy,Sandy,East,115,71,54,7.21,1156.8
Soybean,568.0,22.5,1,0,Sunny,Sandy,North,49,75,30,6.53,2129.1
Maize,683.4,18.5,1,1,Rainy,Peaty,West,49,82,78,5.06,3163.3
Maize,1152.5,22.4,1,1,Stormy,Peaty,North,89,87,64,7.9,3128.4
Sorghum,759.5,21.3,1,0,Stormy,Silty,West,83,39,112,6.08,2080.6
Maize,609.7,18.7,0,1,Cloudy,Clay,South,87,73,82,6.18,2749.6
Maize,1529.4,32.0,0,1,Stormy,Sandy,North,126,20,81,6.7,2626.0
Barley,1357.3,28.7,1,0,Rainy,Clay,Central,45,29,83,7.0,2490.7
Rice,862.7,24.2,1,1,Windy,Silty,South,127,42,105,8.07,3386.7
Barley,575.2,14.6,0,0,Windy,Peaty,West,63,70,76,5.17,1340.8
Barley,1117.0,25.2,0,1,Windy,Chalky,South,124,43,72,7.16,2101.3
Sorghum,753.0,30.1,1,0,Windy,Clay,North,134,32,49,7.09,1783.2
Barley,1166.6,22.6,1,1,Cloudy,Peaty,East,97,48,62,6.39,2565.8
Maize,753.3,20.1,1,0,Stormy,Peaty,East,103,77,45,7.13,2813.0
Soybean,1393.6,26.3,0,0,Windy,Loamy,West,133,62,107,7.25,2117.3
Sorghum,744.4,29.0,1,1,Sunny,Clay,West,95,29,36,5.39,2416.2
Sorghum,1609.4,15.0,1,1,Windy,Chalky,East,137,50,99,7.9,2323.8
Sugarcane,958.5,35.1,1,0,Stormy,Clay,West,121,93,50,5.25,5079.5
Sorghum,1315.3,19.5,1,1,Windy,Peaty,South,51,33,65,5.59,2128.9
Sugarcane,738.0,24.5,1,0,Cloudy,Chalky,Central,74,53,115,6.29,4952.9
Sorghum,506.6,34.1,0,1,Rainy,Silty,Central,110,36,83,8.04,2061.5
Rice,208.1,27.8,1,1,Rainy,Loamy,South,128,40,48,6.25,3388.4
Maize,1283.0,33.6,0,0,Stormy,Peaty,Central,45,86,54,6.47,2409.1
Sorghum,920.4,36.3,1,0,Rainy,Sandy,North,104,77,96,7.65,1717.5
Maize,525.7,18.2,1,1,Rainy,Sandy,South,119,98,82,6.26,3193.3
Maize,1295.5,32.4,1,1,Sunny,Loamy,West,99,27,104,5.56,3396.2
Cotton,1246.8,35.0,0,1,Stormy,Silty,South,107,57,77,6.17,1683.0
Sorghum,1314.7,24.7,0,1,Stormy,Peaty,East,68,45,71,7.6,1641.8
Wheat,498.1,25.2,0,1,Rainy,Clay,West,77,83,76,6.56,2346.5
Cotton,1273.9,15.5,1,0,Rainy,Loamy,East,131,49,71,8.04,2105.3
Wheat,1015.2,31.7,1,1,Rainy,Silty,West,61,28,31,7.09,3106.3
Maize,1328.3,11.8,0,1,Cloudy,Clay,Central,47,51,35,5.98,2809.6
Maize,1062.8,32.8,0,0,Windy,Sandy,South,102,30,75,6.54,2513.4
Cotton,951.9,18.5,1,0,Cloudy,Sandy,North,135,53,95,5.82,1200.2
Cotton,1278.0,35.3,0,0,Stormy,Clay,West,136,37,110,5.97,1040.9
Wheat,1155.6,29.4,1,1,Sunny,Loamy,West,52,38,69,8.5,3309.4
Sugarcane,1224.5,33.1,0,0,Windy,Sandy,East,66,73,87,7.31,4703.7
Wheat,753.6,22.1,0,0,Sunny,Peaty,Central,57,56,107,7.19,1881.5
Cotton,848.3,19.0,0,0,Stormy,Chalky,East,57,31,103,6.0,631.5
Soybean,379.9,16.4,1,0,Stormy,Clay,East,116,23,62,7.76,1542.9
Cotton,732.0,33.5,1,1,Sunny,Clay,Central,125,62,91,7.38,2012.3
Soybean,1137.1,31.0,0,1,Sunny,Sandy,North,101,46,41,8.01,2054.3
Rice,1069.3,31.2,1,1,Sunny,Loamy,East,53,70,78,7.97,3730.1
Cotton,606.1,28.7,1,0,Stormy,Peaty,East,50,24,117,5.32,1107.1
Rice,1284.7,30.3,1,0,Rainy,Loamy,West,125,25,107,5.61,3797.4
Sugarcane,1791.9,25.3,1,0,Sunny,Silty,Central,139,96,34,5.7,5936.6
Wheat,629.2,29.2,0,0,Windy,Silty,South,56,75,80,5.74,2249.4
Soybean,838.2,21.9,1,0,Stormy,Chalky,North,90,87,98,6.76,1828.8
Wheat,713.5,24.9,1,0,Cloudy,Sandy,North,135,63,61,6.05,2368.1
Rice,871.5,45.0,0,1,Cloudy,Sandy,Central,53,34,78,8.16,2537.9
Soybean,982.2,27.2,1,1,Windy,Sandy,West,96,61,89,8.02,2391.0
Wheat,690.8,15.2,1,0,Rainy,Chalky,West,132,30,75,6.49,2349.1
Cotton,816.9,24.5,1,1,Sunny,Silty,Central,45,92,97,8.06,2130.6
Maize,926.2,20.7,0,0,Stormy,Loamy,West,96,30,70,7.69,2422.9
Rice,1041.5,28.0,0,0,Sunny,Chalky,North,43,85,110,6.14,2697.4
Wheat,1339.9,21.7,1,1,Stormy,Chalky,North,50,46,96,4.89,2485.8
Rice,895.7,25.7,1,0,Cloudy,Loamy,South,113,77,42,6.33,3555.5
Barley,731.4,22.6,0,1,Sunny,Sandy,Central,131,91,47,5.98,2385.8
Rice,1108.9,28.2,0,0,Windy,Peaty,East,50,40,116,6.67,2784.6
Soybean,1020.1,23.2,0,0,Rainy,Loamy,East,138,40,80,6.57,2312.4
Barley,842.2,29.1,1,1,Windy,Silty,South,118,91,65,6.55,2713.7
Sorghum,1045.5,38.7,1,0,Rainy,Clay,South,47,20,110,6.92,2041.8
Soybean,785.1,20.1,0,0,Sunny,Clay,West,123,77,63,5.53,2175.7
Maize,740.9,31.3,1,0,Sunny,Chalky,South,98,32,41,6.83,2716.3
Barley,330.2,12.3,1,1,Rainy,Clay,South,60,92,34,6.15,2468.2
Sorghum,801.6,25.6,1,0,Cloudy,Peaty,East,104,25,77,6.66,1820.4
Cotton,371.2,28.4,1,0,Stormy,Sandy,West,132,77,69,7.27,1042.6
Rice,708.2,22.5,1,0,Windy,Silty,South,63,36,42,5.52,3006.3
Wheat,1073.8,16.3,1,1,Windy,Peaty,South,69,92,55,6.27,2429.1
Sugarcane,448.4,26.8,1,1,Windy,Silty,West,138,31,43,6.41,5585.5
Rice,843.0,36.2,0,1,Sunny,Silty,Central,136,71,40,6.09,3139.5
Sorghum,919.6,26.1,0,1,Windy,Sandy,West,123,95,67,7.22,1855.8
Rice,828.4,30.4,0,1,Stormy,Chalky,East,96,89,109,5.92,2654.1
Maize,755.6,33.8,0,0,Stormy,Clay,Central,119,92,86,6.06,2132.2
Cotton,997.6,41.8,0,1,Rainy,Sandy,North,112,71,51,5.93,1415.4
Sugarcane,1039.2,20.7,0,1,Sunny,Peaty,West,134,56,45,7.37,5305.4
Barley,900.5,21.3,0,0,Stormy,Chalky,East,56,22,106,6.11,1532.1
Barley,772.3,25.2,0,1,Cloudy,Peaty,Central,98,27,105,6.87,2154.1
Barley,1159.4,30.7,0,0,Sunny,Chalky,West,70,29,111,8.08,2096.1
Sorghum,506.8,13.1,1,1,Sunny,Peaty,South,103,66,58,6.44,2082.9
Soybean,1106.2,30.9,1,0,Stormy,Sandy,West,87,60,111,7.39,1778.9
Soybean,1025.9,27.9,0,0,Cloudy,Chalky,North,62,83,31,7.84,1711.4
Wheat,959.7,23.8,1,1,Rainy,Chalky,West,109,61,83,7.32,2878.8
Sugarcane,897.0,29.6,1,1,Stormy,Silty,Central,69,62,31,6.49,5210.3
Barley,333.0,32.3,0,0,Cloudy,Silty,Central,94,28,32,7.01,1903.3
Soybean,1316.2,33.2,0,0,Sunny,Loamy,West,46,33,85,5.47,2070.4
Sorghum,1151.6,27.1,0,0,Cloudy,Peaty,Central,114,23,101,5.88,1734.6
Wheat,611.6,29.0,1,0,Sunny,Silty,South,137,21,40,6.02,2969.7
Cotton,1127.6,28.7,1,0,Stormy,Loamy,West,51,20,105,8.29,1652.2
Wheat,956.7,34.4,0,0,Stormy,Silty,South,99,94,61,5.85,1947.5
Soybean,725.1,29.3,1,0,Windy,Peaty,South,91,84,33,5.84,1804.7
Maize,1257.5,30.9,1,1,Windy,Chalky,East,66,65,38,5.66,2994.2
Sorghum,770.7,32.4,1,0,Windy,Clay,West,51,78,117,6.95,1768.6
Maize,1306.8,38.8,0,1,Stormy,Peaty,Central,52,94,85,6.61,2410.9
Barley,1060.3,23.5,1,1,Rainy,Sandy,South,111,26,45,7.37,2774.6
Maize,1187.0,36.8,1,0,Stormy,Silty,East,119,85,110,7.04,2817.6
Barley,1073.7,41.8,1,0,Cloudy,Silty,West,101,34,115,5.4,2603.5
Barley,1059.8,23.9,1,1,Stormy,Chalky,West,68,91,100,5.85,2350.0
Soybean,964.6,25.7,1,0,Stormy,Sandy,North,74,66,39,7.59,1599.7
Maize,682.0,24.4,1,0,Sunny,Chalky,North,99,59,65,6.34,2673.3
Barley,918.8,30.9,1,1,Sunny,Sandy,South,68,61,53,7.45,2472.5
Sugarcane,1174.9,15.8,0,1,Sunny,Clay,North,70,70,93,6.38,5184.7
Cotton,1115.8,24.0,0,1,Stormy,Silty,South,116,54,85,5.73,1582.6
Wheat,1050.4,25.4,1,0,Rainy,Silty,Central,115,60,107,6.26,2872.3
Wheat,271.3,24.8,0,0,Cloudy,Clay,South,100,76,107,5.73,2227.8
Soybean,836.0,24.8,1,1,Cloudy,Loamy,North,41,57,118,6.05,2754.4
Maize,804.5,24.1,1,0,Rainy,Chalky,Central,72,91,51,6.66,2921.3
Maize,569.0,31.7,1,1,Rainy,Clay,North,111,27,81,6.91,3305.7
Barley,1171.1,30.2,0,0,Cloudy,Chalky,South,101,93,79,5.23,1689.8
Sorghum,292.4,37.2,1,1,Windy,Peaty,East,98,82,76,6.49,1932.8
Rice,1151.0,31.7,1,0,Sunny,Silty,West,79,23,52,6.03,3669.6
Barley,1298.8,20.4,0,1,Sunny,Chalky,North,88,67,119,5.98,1867.2
Cotton,837.0,26.0,0,0,Cloudy,Sandy,South,71,71,105,6.61,1310.3
Sugarcane,877.7,25.3,1,0,Rainy,Chalky,Central,77,57,112,6.06,5119.5
Wheat,1190.3,28.5,0,1,Windy,Peaty,North,131,24,48,7.61,2284.3
Barley,670.9,33.6,0,0,Cloudy,Silty,North,118,89,81,7.45,2294.1
Rice,1098.2,28.1,1,0,Sunny,Clay,West,126,43,63,7.45,3679.8
Rice,624.7,28.1,1,1,Stormy,Peaty,South,127,96,58,6.1,3139.0
Barley,534.8,27.1,1,0,Rainy,Silty,East,52,36,90,5.73,2385.6
Soybean,988.8,31.9,0,0,Stormy,Chalky,Central,124,97,114,6.57,1326.7
Wheat,892.0,23.6,0,0,Cloudy,Loamy,South,93,45,64,6.38,2462.8
Soybean,383.7,18.3,0,1,Sunny,Loamy,Central,115,22,34,6.01,2316.2
Sugarcane,1324.6,30.9,1,1,Windy,Sandy,North,52,21,105,5.56,5227.6
Rice,775.6,29.3,0,1,Stormy,Silty,West,78,21,36,6.47,2817.9
Rice,1053.2,34.9,0,1,Windy,Loamy,West,62,41,70,6.18,3551.1
Cotton,1381.6,12.4,1,1,Sunny,Clay,East,131,90,31,7.05,2314.3
Sugarcane,974.3,26.4,1,0,Stormy,Silty,West,53,23,118,7.03,5265.7
Rice,1282.0,27.6,1,0,Windy,Clay,North,56,57,39,7.38,2938.7
Sugarcane,641.1,17.9,0,1,Windy,Clay,East,63,89,73,5.49,4877.5
Wheat,1326.3,26.5,1,0,Stormy,Loamy,South,97,92,99,6.82,2672.7
Maize,652.2,34.1,0,0,Sunny,Silty,West,102,71,64,5.92,2666.3
Rice,728.7,39.5,0,0,Windy,Chalky,East,73,50,91,5.52,2608.7
Cotton,463.6,32.9,1,0,Cloudy,Peaty,North,90,45,103,6.16,1614.1
Wheat,980.5,25.1,1,1,Stormy,Loamy,Central,125,55,102,7.35,2727.6
Barley,1089.3,34.6,1,1,Rainy,Loamy,Central,49,45,49,6.2,3082.4
Sugarcane,1130.0,32.5,1,0,Rainy,Chalky,North,111,47,64,7.75,5199.5
Barley,470.5,24.1,1,0,Sunny,Silty,North,60,24,66,6.94,2792.8
Soybean,1012.5,23.5,0,1,Cloudy,Silty,Central,76,93,101,6.18,2329.4
Wheat,1023.6,26.0,0,0,Windy,Clay,East,46,37,83,7.43,2253.6
Barley,1084.4,20.7,0,0,Rainy,Chalky,Central,129,34,109,6.86,2227.5
Sorghum,668.2,25.1,1,0,Sunny,Chalky,North,52,76,57,5.75,2040.4
Sorghum,148.4,29.9,0,1,Cloudy,Silty,West,119,24,99,7.99,2039.3
Rice,1111.9,33.2,1,1,Cloudy,Clay,South,69,56,61,6.71,3429.2
Sugarcane,856.3,24.7,1,0,Sunny,Loamy,West,70,41,40,6.52,5568.8
Maize,984.1,35.3,0,0,Sunny,Sandy,West,44,71,71,5.82,2398.1
Wheat,871.6,30.9,0,0,Windy,Peaty,North,71,34,52,7.44,1985.0
Rice,970.4,31.2,1,0,Sunny,Loamy,Central,55,36,59,6.91,3223.5
Cotton,1121.1,21.5,0,0,Windy,Silty,East,112,70,38,7.0,1187.2
Soybean,342.9,37.8,1,0,Windy,Peaty,West,61,64,117,6.09,1683.6
Sugarcane,1242.3,30.3,0,1,Stormy,Sandy,Central,103,82,88,7.17,5093.1
Wheat,845.4,25.0,0,1,Cloudy,Sandy,East,83,47,57,7.23,2463.1
Sorghum,1388.1,23.9,0,0,Cloudy,Clay,West,79,78,117,5.96,1962.5
Wheat,762.2,25.1,0,1,Cloudy,Peaty,East,76,40,108,5.37,2621.7
Maize,695.5,20.9,0,0,Stormy,Clay,Central,117,61,62,6.97,2267.6
Sorghum,855.5,32.9,1,0,Windy,Loamy,South,55,88,76,5.24,1780.9
Maize,1050.0,21.5,0,1,Windy,Chalky,Central,82,36,51,6.62,2240.0
Cotton,817.7,28.7,0,1,Sunny,Chalky,North,123,87,58,6.14,1384.2
Soybean,1071.8,24.3,0,0,Stormy,Chalky,East,102,26,63,7.47,1522.3
Cotton,783.9,31.0,1,0,Sunny,Peaty,South,54,59,71,6.19,1463.6
Rice,910.5,31.8,1,1,Stormy,Chalky,East,83,59,81,7.39,2956.5
Rice,1571.0,23.1,1,1,Sunny,Loamy,East,129,62,76,6.09,4210.3
Cotton,1007.2,26.8,1,0,Rainy,Clay,West,48,92,103,7.3,1662.2
Soybean,1031.2,18.3,1,0,Cloudy,Peaty,North,104,70,80,8.15,2146.1
Cotton,458.2,37.2,0,0,Cloudy,Clay,East,138,92,74,5.65,1383.9
Soybean,1306.3,33.4,0,1,Windy,Peaty,Central,83,42,104,6.73,1838.9
Soybean,1219.9,18.6,0,0,Rainy,Clay,Central,59,51,63,8.5,2175.9
Barley,685.7,21.8,1,1,Cloudy,Sandy,West,109,50,50,6.55,2339.1
Sorghum,1214.0,26.2,1,0,Windy,Clay,North,113,36,42,6.55,2047.9
Sugarcane,998.9,27.2,0,1,Rainy,Chalky,North,72,77,83,7.13,5455.5
Soybean,913.9,22.9,1,1,Cloudy,Sandy,Central,119,54,54,6.53,2360.3
Maize,1287.3,20.1,1,1,Sunny,Clay,South,139,49,50,5.13,3628.7
Soybean,746.3,29.4,1,1,Stormy,Peaty,West,45,83,30,7.41,2102.0
Soybean,683.3,37.4,0,0,Rainy,Peaty,West,122,72,87,4.9,1667.5
Soybean,962.3,27.3,0,1,Windy,Peaty,Central,70,70,98,6.17,2113.2
Barley,1058.5,25.2,1,1,Rainy,Silty,Central,105,56,115,7.47,2864.1
Sorghum,1189.9,24.6,1,1,Windy,Loamy,South,57,25,100,6.21,2336.8
Barley,854.7,20.4,1,0,Rainy,Peaty,South,67,53,42,5.95,2193.5
Rice,645.1,23.0,1,0,Windy,Sandy,North,107,75,81,7.2,2751.2
Barley,1658.6,33.8,0,0,Cloudy,Peaty,West,104,44,52,5.82,2270.1
Maize,574.0,14.6,1,0,Sunny,Silty,West,119,32,50,5.52,3067.4
Maize,916.5,27.4,0,0,Cloudy,Chalky,Central,84,82,35,6.72,2406.4
Barley,1133.9,27.2,0,0,Sunny,Sandy,North,97,85,49,6.35,2227.3
Sorghum,1245.3,27.7,0,1,Cloudy,Silty,West,86,24,105,5.51,2226.0
Cotton,729.9,31.4,1,1,Cloudy,Chalky,North,105,94,69,7.01,1643.0
Sugarcane,337.5,27.4,0,1,Rainy,Sandy,North,91,30,38,6.87,4964.1
Sorghum,722.9,24.3,0,0,Stormy,Clay,Central,75,97,79,6.21,1539.0
Barley,1158.4,23.1,1,1,Windy,Loamy,North,40,63,57,6.27,2735.9
Soybean,1091.2,34.8,1,1,Windy,Loamy,South,78,88,40,6.88,2432.3
Wheat,1101.0,33.2,1,0,Windy,Silty,South,126,21,104,7.45,2783.2
Sugarcane,1113.5,44.3,0,1,Sunny,Chalky,East,129,59,117,6.27,5076.9
Sugarcane,1302.0,25.3,1,0,Windy,Loamy,Central,114,56,85,7.02,5413.7
Maize,667.2,23.2,0,1,Windy,Chalky,East,40,68,108,6.95,2240.4
Sugarcane,540.6,29.7,0,0,Rainy,Chalky,South,114,94,64,7.2,4940.9
Barley,1011.1,29.6,1,0,Cloudy,Silty,East,127,55,110,6.53,2618.7
Soybean,585.4,30.8,0,0,Windy,Silty,Central,113,94,54,5.77,1871.0
Soybean,521.7,32.1,0,1,Stormy,Silty,Central,53,92,48,6.13,1939.5
Rice,1267.2,30.8,0,1,Windy,Loamy,North,117,89,60,6.77,3277.2
Soybean,975.1,33.5,0,0,Sunny,Silty,West,110,53,110,7.95,1933.8
Sorghum,908.5,34.2,1,0,Sunny,Loamy,North,62,77,79,6.11,2305.1
Soybean,914.8,34.4,0,1,Sunny,Silty,Central,82,56,116,7.14,2372.4
Maize,868.2,13.4,1,1,Windy,Peaty,South,61,79,92,6.24,2815.7
Soybean,1265.2,28.4,0,0,Rainy,Chalky,South,99,31,76,6.59,2077.9
Rice,445.6,21.5,0,1,Stormy,Silty,North,139,51,30,7.71,2470.1
Wheat,433.2,33.3,1,1,Windy,Sandy,Central,66,23,87,7.11,2475.9
Barley,619.1,13.3,0,1,Rainy,Chalky,South,95,52,39,5.51,2101.0
Maize,986.7,35.8,0,0,Rainy,Chalky,Central,41,62,37,6.04,2486.1
Sorghum,1441.6,21.8,0,0,Windy,Silty,South,78,28,55,7.5,1377.0
Wheat,1160.7,20.4,0,1,Windy,Clay,Central,90,70,63,6.61,2677.3
Maize,1077.7,29.1,0,0,Rainy,Silty,East,58,39,48,5.58,2720.5
Cotton,876.0,24.8,0,1,Rainy,Chalky,Central,101,58,107,5.84,1446.0
Sugarcane,500.2,37.7,1,1,Rainy,Sandy,Central,110,42,101,7.06,5246.6
Cotton,1054.5,35.2,1,0,Windy,Chalky,North,115,60,30,7.3,1411.0
Soybean,1507.8,23.9,1,0,Rainy,Sandy,East,106,63,77,6.51,2395.2
Wheat,828.0,33.3,0,0,Sunny,Loamy,West,102,54,54,8.48,2642.5
Soybean,731.8,23.7,0,1,Windy,Peaty,North,44,42,53,7.16,1865.0
Sugarcane,829.4,23.7,0,1,Sunny,Chalky,West,111,77,76,6.31,5169.9
Maize,1079.9,31.3,1,0,Cloudy,Silty,South,117,67,113,5.85,3279.0
Sugarcane,933.5,35.7,0,0,Windy,Loamy,West,100,77,98,5.72,4870.0
Rice,1173.0,24.4,1,0,Cloudy,Peaty,Central,139,76,96,6.77,3130.5
Sugarcane,890.0,24.8,0,1,Rainy,Silty,West,110,58,61,6.11,5601.2
Rice,827.7,28.8,0,1,Rainy,Clay,North,46,47,46,7.84,3265.5
Sugarcane,968.7,21.6,0,1,Stormy,Silty,North,89,83,90,7.67,5190.1
Barley,738.1,36.4,1,0,Rainy,Sandy,West,85,81,98,7.01,2121.6
Rice,1422.2,21.6,0,0,Cloudy,Sandy,North,135,81,40,5.56,3046.5
Wheat,1146.9,23.2,1,1,Rainy,Clay,North,111,45,67,5.96,2847.9
Soybean,570.1,37.6,0,0,Windy,Loamy,West,115,70,97,7.5,1983.6
Sorghum,676.3,28.3,0,0,Rainy,Peaty,East,113,69,48,6.05,1679.5
Soybean,1069.6,38.7,1,0,Stormy,Silty,East,53,55,116,7.4,2188.0
Cotton,955.0,25.7,0,0,Rainy,Sandy,South,112,45,46,6.88,1102.3
Soybean,990.8,42.1,0,1,Cloudy,Loamy,North,133,52,42,6.54,2522.9
Maize,842.4,30.7,0,0,Cloudy,Clay,West,108,87,30,5.94,2658.1
Barley,1036.6,22.5,0,1,Rainy,Chalky,North,104,92,31,6.42,2184.2
Sugarcane,849.4,22.4,1,1,Cloudy,Sandy,Central,104,27,111,6.65,5371.1
Cotton,1069.0,18.3,1,0,Cloudy,Clay,North,96,85,95,7.33,1638.6
Maize,1131.9,18.9,0,1,Stormy,Silty,North,101,42,97,5.79,2781.3
Maize,1382.0,23.0,0,1,Windy,Peaty,East,59,89,45,6.29,2676.2
Rice,745.6,21.1,1,0,Stormy,Sandy,West,114,74,33,6.54,2556.2
Soybean,896.7,11.5,0,1,Sunny,Sandy,North,65,62,86,7.03,1977.1
Wheat,534.3,32.0,1,1,Stormy,Silty,East,83,40,102,5.77,2382.6
Sorghum,1447.9,31.7,0,1,Rainy,Chalky,South,106,41,114,5.45,1950.9
Wheat,307.4,28.9,1,1,Windy,Loamy,East,109,28,52,7.04,2509.2
Cotton,1404.9,20.2,1,1,Rainy,Peaty,East,101,53,31,5.29,1917.3
Barley,928.0,36.9,1,1,Sunny,Sandy,East,84,78,96,7.53,2712.5
Wheat,1025.5,25.9,1,1,Windy,Peaty,North,50,45,116,6.38,2468.8
Sugarcane,850.3,22.0,0,1,Cloudy,Sandy,North,111,20,55,5.26,4905.3
Wheat,909.3,28.4,0,0,Stormy,Peaty,South,132,24,36,6.12,1923.1
Cotton,1076.4,28.1,1,0,Rainy,Clay,Central,113,60,73,6.8,1840.3
Sorghum,409.0,12.0,1,0,Sunny,Sandy,Central,73,82,62,6.07,2063.0
Wheat,704.4,26.8,1,1,Cloudy,Peaty,Central,127,41,93,6.52,2704.7
Sugarcane,646.5,27.7,1,1,Stormy,Loamy,South,85,87,65,7.09,5416.8
Rice,1034.2,24.7,0,1,Cloudy,Clay,Central,120,67,33,6.34,3378.9
Barley,901.3,19.1,1,0,Stormy,Clay,Central,71,85,52,5.75,2180.6
Cotton,1085.4,19.2,1,0,Windy,Loamy,East,114,35,54,6.26,1788.6
Rice,949.4,30.1,1,0,Cloudy,Peaty,North,137,99,119,7.63,3173.9
Rice,1217.6,31.6,1,1,Cloudy,Silty,North,127,72,114,7.85,4028.0
Rice,677.9,24.3,1,0,Cloudy,Loamy,East,44,84,103,4.88,3246.1
Maize,917.4,29.3,1,0,Windy,Peaty,East,102,98,56,7.37,2725.4
Barley,1232.8,24.3,1,1,Sunny,Loamy,East,68,83,80,6.7,2904.4
Sorghum,1172.8,21.9,0,0,Stormy,Loamy,North,87,87,108,7.24,1495.9
Soybean,456.1,28.3,1,1,Cloudy,Sandy,Central,137,82,110,6.06,2373.2
Barley,593.7,20.1,1,0,Windy,Peaty,East,55,81,98,5.09,1633.2
Maize,875.5,38.4,1,1,Sunny,Silty,South,64,90,109,6.97,3370.3
Soybean,829.5,18.4,0,1,Stormy,Sandy,East,111,64,52,5.75,1575.8
Barley,880.4,28.7,0,1,Windy,Loamy,West,68,71,38,5.39,2690.9
Rice,1138.9,27.9,0,1,Stormy,Chalky,East,91,93,62,5.45,2449.8
Cotton,986.8,27.4,1,1,Cloudy,Loamy,North,85,84,64,6.98,2033.6
Soybean,1004.3,35.9,1,0,Sunny,Loamy,East,64,21,79,6.61,2344.2
Sugarcane,1101.2,10.9,1,1,Windy,Peaty,West,62,68,53,7.13,5143.6
Sugarcane,1222.3,29.5,0,1,Sunny,Peaty,South,73,41,117,7.04,5210.1
Wheat,100.0,25.4,1,1,Cloudy,Sandy,Central,106,48,53,6.16,2425.8
Soybean,784.0,30.5,0,1,Sunny,Silty,East,133,54,48,6.44,2178.0
Cotton,635.1,27.3,0,0,Sunny,Sandy,West,73,95,68,6.09,1310.6
Sorghum,1042.6,26.5,0,1,Rainy,Clay,West,71,43,90,6.33,1825.5
Maize,761.4,19.8,0,0,Sunny,Loamy,South,68,49,54,5.73,2820.8
Rice,922.8,23.0,0,1,Stormy,Chalky,North,48,61,54,6.81,2444.6
Wheat,1155.6,45.0,1,1,Windy,Loamy,East,105,90,56,7.36,3006.6
Sugarcane,719.1,30.6,1,0,Rainy,Loamy,West,96,69,61,5.85,5752.7
Maize,1008.8,33.3,0,0,Windy,Sandy,South,78,90,40,7.53,2329.0
Maize,1366.1,24.9,1,0,Windy,Chalky,Central,46,79,98,6.59,2958.6
Rice,1149.5,21.9,1,1,Cloudy,Chalky,West,108,49,62,6.69,3228.6
Sorghum,424.3,31.7,0,0,Cloudy,Chalky,South,47,31,48,5.14,1154.7
Sorghum,812.5,15.6,0,1,Rainy,Sandy,North,135,68,45,5.05,2151.0
Soybean,1006.7,23.1,1,0,Cloudy,Loamy,North,57,65,40,6.62,2398.6
Sugarcane,1065.8,24.9,1,0,Cloudy,Sandy,West,121,62,104,7.13,5232.5
Sorghum,824.3,32.7,1,1,Cloudy,Peaty,West,88,21,103,5.96,2243.7
Cotton,708.1,29.5,1,0,Windy,Peaty,East,55,94,98,7.84,1415.3
Sorghum,920.3,24.2,0,0,Rainy,Sandy,South,60,99,116,7.09,1694.9
Maize,573.9,29.2,1,1,Windy,Chalky,West,49,73,84,5.77,2555.1
Rice,1229.9,25.2,0,1,Stormy,Loamy,East,43,54,54,6.52,2995.1
Cotton,1460.6,33.4,0,1,Windy,Sandy,East,83,71,106,8.48,1582.0
Soybean,1018.4,28.4,1,0,Stormy,Sandy,West,47,52,63,5.51,1666.7
Sugarcane,830.3,37.4,1,0,Sunny,Sandy,North,94,91,41,6.92,5264.7
Soybean,1182.3,25.3,1,0,Sunny,Clay,South,58,70,117,6.24,2446.7
Maize,1131.6,34.4,0,0,Stormy,Peaty,South,103,45,50,7.07,2149.3
Cotton,817.3,27.5,0,0,Stormy,Chalky,North,79,81,58,7.51,654.6
Cotton,885.6,22.8,0,1,Windy,Silty,West,90,80,80,6.19,1619.1
Cotton,717.1,42.6,0,0,Stormy,Chalky,South,48,45,52,7.4,514.5
Maize,949.4,34.9,1,1,Rainy,Silty,West,69,56,62,8.28,3415.6
Maize,989.7,28.4,0,0,Sunny,Clay,West,95,49,37,6.55,2725.4
Soybean,666.0,31.6,0,1,Sunny,Sandy,East,120,30,71,7.13,1901.0
Wheat,577.6,20.5,1,0,Stormy,Clay,North,83,72,106,6.03,2351.3
Soybean,502.2,20.7,0,0,Cloudy,Clay,West,98,60,98,6.52,1803.9
Sugarcane,1025.0,33.7,0,1,Cloudy,Loamy,Central,54,24,70,6.36,5220.3
Rice,896.6,27.0,1,0,Stormy,Peaty,North,107,85,103,7.14,2851.6
Cotton,874.9,26.1,0,1,Rainy,Silty,South,109,32,92,7.46,2075.4
Wheat,1039.4,25.3,0,0,Cloudy,Sandy,East,100,82,43,6.41,2226.0
Rice,629.7,27.9,0,0,Stormy,Silty,South,119,44,117,7.73,2791.1
Wheat,578.9,25.5,0,1,Rainy,Chalky,South,129,63,91,7.72,2265.2
Sorghum,972.3,14.8,1,0,Rainy,Silty,North,62,33,104,7.18,2325.1
Sorghum,381.4,35.5,0,1,Windy,Chalky,South,116,88,75,6.09,1889.0
Barley,822.3,26.3,1,0,Rainy,Peaty,West,86,78,96,6.01,2240.4
Sorghum,1639.9,38.0,0,0,Cloudy,Chalky,South,56,75,82,5.85,1489.7
Soybean,495.4,16.4,1,0,Cloudy,Silty,East,96,71,81,7.26,2160.3
Sorghum,771.1,16.4,1,0,Stormy,Silty,East,93,85,36,5.53,1932.2
Maize,263.1,25.3,1,0,Stormy,Chalky,Central,130,87,110,7.04,2367.8
Cotton,829.9,32.9,0,0,Rainy,Clay,East,91,31,113,5.64,1279.8
Soybean,1490.0,19.7,0,0,Sunny,Peaty,South,61,94,83,7.16,1965.9
Rice,1040.1,19.4,0,1,Windy,Loamy,East,122,87,40,6.51,3328.3
Barley,715.9,29.2,1,0,Sunny,Sandy,North,78,62,54,7.57,2175.3
Barley,1554.4,25.1,0,0,Rainy,Silty,East,138,92,88,7.41,2693.0
Barley,377.3,30.3,0,0,Rainy,Sandy,West,52,93,117,7.65,1995.8
Rice,1036.2,25.2,0,1,Sunny,Loamy,North,117,25,95,7.67,3521.9
Rice,919.5,29.3,0,1,Windy,Sandy,Central,134,34,56,6.61,2884.9
Rice,825.9,35.2,1,0,Sunny,Loamy,West,105,61,112,5.57,3552.5
Rice,1142.1,19.7,1,0,Stormy,Chalky,South,91,50,87,5.66,2561.2
Barley,545.4,34.1,0,0,Cloudy,Clay,South,53,72,40,4.83,1756.5
Barley,993.8,16.8,0,1,Stormy,Silty,South,112,25,84,5.63,2086.2
Wheat,955.7,30.7,0,0,Cloudy,Loamy,West,113,52,48,6.56,2411.0
Soybean,638.7,35.5,1,1,Rainy,Sandy,West,102,48,68,6.05,2091.5
Cotton,1485.0,23.9,0,0,Windy,Silty,West,110,40,114,6.36,1873.1
Sorghum,845.4,30.9,1,1,Sunny,Clay,North,67,73,119,6.89,2758.8
Sorghum,858.4,24.1,1,1,Windy,Chalky,North,128,75,115,6.26,2015.0
Maize,591.7,30.5,0,0,Sunny,Silty,South,85,40,99,5.6,2815.3
Barley,851.0,13.4,0,0,Stormy,Loamy,East,67,74,40,6.46,1770.8
Maize,1600.4,28.0,0,0,Stormy,Clay,South,41,77,43,5.78,2730.8
Soybean,824.2,29.4,1,0,Sunny,Sandy,Central,56,83,89,6.28,2264.0
Soybean,1055.6,35.1,1,0,Windy,Clay,North,98,65,65,7.57,1830.6
Maize,1185.2,32.6,0,0,Sunny,Clay,West,91,41,70,6.28,2925.3
Barley,845.6,26.0,1,0,Rainy,Peaty,North,43,79,31,7.92,2070.9
Maize,777.1,28.6,0,1,Stormy,Clay,West,116,30,86,7.65,2921.9
Sorghum,1041.7,18.3,0,0,Rainy,Clay,Central,121,66,89,6.04,2000.3
Wheat,827.6,36.9,1,0,Stormy,Silty,Central,42,50,49,5.61,2103.3
Sorghum,800.4,31.1,1,1,Stormy,Sandy,North,76,96,51,6.46,1779.2
Sugarcane,1182.0,15.8,1,0,Cloudy,Silty,West,136,37,33,7.42,5399.4
Barley,879.2,28.5,1,0,Rainy,Silty,Central,63,41,85,6.11,2627.3
Barley,1264.0,28.9,0,0,Rainy,Loamy,South,111,75,87,7.23,2666.5
Cotton,872.4,22.4,0,0,Cloudy,Silty,South,74,36,117,7.47,1291.8
Rice,504.8,27.6,0,1,Windy,Peaty,West,41,57,94,5.88,3005.4
Sugarcane,100.0,21.8,1,1,Rainy,Peaty,North,72,44,117,5.96,5450.6
Soybean,348.6,18.6,0,0,Sunny,Loamy,Central,115,51,87,7.07,1846.1
Barley,400.2,23.3,1,0,Cloudy,Chalky,North,125,34,59,6.62,2038.2
Maize,980.0,28.0,1,1,Rainy,Sandy,South,116,32,105,5.95,3472.7
Sugarcane,608.6,32.6,1,0,Windy,Sandy,Central,49,77,48,6.22,5000.6
Cotton,307.8,27.4,0,1,Rainy,Silty,North,120,69,91,6.44,1698.5
Soybean,860.7,32.6,1,1,Stormy,Silty,East,101,30,97,5.25,2348.4
Rice,575.5,30.9,1,1,Sunny,Chalky,West,82,32,108,7.11,3635.8
Rice,1038.9,20.8,1,0,Cloudy,Silty,West,108,69,113,6.12,3389.1
Cotton,1031.5,30.8,1,0,Stormy,Sandy,East,98,57,73,4.5,1155.7
Cotton,1063.2,31.0,1,0,Windy,Clay,South,48,20,113,6.48,1579.3
Maize,132.5,37.5,1,1,Stormy,Peaty,Central,116,58,90,5.91,2587.1
Barley,913.6,29.5,1,0,Stormy,Clay,West,99,46,50,7.85,2030.7
Rice,863.6,19.6,1,0,Windy,Clay,East,102,55,39,6.03,3097.8
Soybean,533.5,23.7,1,1,Stormy,Sandy,East,91,51,59,5.62,1645.7
Sugarcane,258.8,15.9,1,0,Cloudy,Clay,South,62,60,53,6.91,4884.3
Soybean,867.4,30.1,1,0,Rainy,Chalky,South,69,34,77,5.97,2092.2
Wheat,1219.2,36.9,1,0,Stormy,Loamy,North,82,50,84,5.88,2208.5
Wheat,125.5,12.7,0,1,Cloudy,Silty,West,107,25,81,6.91,2451.1
Cotton,650.2,37.2,0,0,Rainy,Loamy,North,60,71,67,5.67,1151.6
Maize,939.5,30.0,1,1,Rainy,Peaty,East,82,41,96,5.33,2926.0
Wheat,1237.5,20.5,1,1,Stormy,Silty,Central,112,50,37,7.88,2657.9
Rice,806.3,28.5,1,1,Cloudy,Clay,Central,46,92,58,6.96,3441.5
Soybean,1479.3,20.7,0,0,Stormy,Peaty,South,55,65,39,6.29,1733.6
Soybean,361.4,29.6,0,0,Windy,Silty,Central,62,86,98,6.5,1731.9
Cotton,294.9,27.4,0,0,Rainy,Chalky,Central,97,62,104,6.9,1074.6
Barley,1205.3,29.0,1,1,Stormy,Chalky,Central,126,20,97,7.28,2332.0
Barley,195.1,21.5,1,1,Rainy,Chalky,East,70,63,78,5.9,2097.3
Sugarcane,1038.5,22.4,1,0,Cloudy,Chalky,Central,108,76,87,6.79,5152.8
Cotton,811.6,30.0,1,1,Sunny,Clay,Central,45,28,64,6.09,1755.5
Sorghum,629.7,24.0,0,0,Stormy,Loamy,Central,104,24,79,6.35,1586.0
Sugarcane,772.0,27.9,1,0,Stormy,Silty,North,98,98,69,6.63,5113.0
Sorghum,513.3,29.7,0,0,Rainy,Clay,East,67,28,41,6.49,1579.7
Barley,804.5,25.7,0,0,Cloudy,Chalky,South,57,64,114,7.09,1846.8
Cotton,905.2,33.9,1,0,Windy,Loamy,North,127,96,45,6.89,1796.1
Sorghum,775.1,25.9,0,0,Cloudy,Peaty,West,116,43,107,5.29,1859.7
Cotton,724.5,25.7,0,0,Stormy,Peaty,East,136,93,114,5.41,798.9
Cotton,976.2,23.2,0,1,Windy,Peaty,East,49,61,77,6.2,1334.3
Barley,1397.9,33.2,0,0,Cloudy,Chalky,West,46,41,30,7.96,1760.1
Sugarcane,820.1,22.8,1,1,Sunny,Peaty,West,76,79,94,5.82,5608.7
Sugarcane,1146.0,34.5,1,1,Rainy,Sandy,West,135,56,51,6.33,5634.7
Cotton,610.1,28.0,0,0,Cloudy,Silty,South,84,58,44,6.07,1493.6
Wheat,499.8,43.1,1,1,Cloudy,Silty,Central,125,93,113,6.06,2701.8
Maize,1036.0,23.0,0,1,Sunny,Chalky,East,55,93,96,6.64,2958.5
Barley,829.9,34.7,1,1,Stormy,Sandy,Central,127,72,43,7.62,1912.1
Maize,1238.8,30.1,1,0,Rainy,Clay,Central,53,47,102,6.86,2878.4
Maize,1297.6,23.9,1,0,Cloudy,Clay,West,50,96,48,5.86,2892.7
Sugarcane,1151.7,30.1,1,0,Windy,Peaty,South,122,34,69,8.5,5134.2
Sugarcane,1145.2,29.8,1,0,Cloudy,Loamy,North,126,79,33,6.56,5685.5
Wheat,100.0,25.0,0,0,Rainy,Clay,South,73,79,62,6.04,1697.3
Maize,1033.4,29.6,1,1,Cloudy,Loamy,Central,99,25,72,7.63,3636.9
Maize,1158.9,34.0,0,1,Sunny,Silty,South,52,71,66,6.12,3165.1
Cotton,518.5,30.1,0,0,Cloudy,Loamy,West,78,31,95,7.83,1178.7
Sugarcane,902.6,24.5,1,1,Cloudy,Silty,North,83,38,56,5.8,5643.8
Maize,587.2,24.1,0,1,Windy,Sandy,West,67,94,74,7.64,2703.7
Soybean,1208.3,26.5,1,1,Sunny,Sandy,North,79,21,110,6.66,2537.7
Wheat,613.2,33.7,0,1,Sunny,Chalky,Central,55,74,79,7.53,2413.0
Sorghum,662.1,22.5,0,0,Cloudy,Chalky,North,89,34,92,8.02,1255.4
Soybean,760.8,29.4,1,0,Windy,Peaty,North,67,83,35,5.59,1806.5
Soybean,1574.8,17.6,1,0,Cloudy,Clay,North,107,88,96,7.52,2268.6
Sorghum,1201.4,30.6,1,1,Cloudy,Peaty,South,131,34,96,5.37,2603.8
Barley,1383.8,31.5,1,1,Rainy,Silty,South,99,62,88,5.66,3088.1
Barley,356.1,39.2,0,0,Rainy,Peaty,Central,51,93,42,5.86,2163.8
Wheat,519.2,32.6,1,0,Windy,Loamy,North,55,36,50,6.9,2345.9
Soybean,1301.6,24.6,0,1,Stormy,Silty,East,92,43,93,6.53,1976.7
Maize,372.0,17.8,0,0,Rainy,Chalky,Central,93,93,66,6.37,2325.1
Sugarcane,698.5,30.1,0,0,Stormy,Sandy,North,88,49,109,6.62,4661.0
Wheat,1516.6,25.0,0,1,Sunny,Chalky,North,75,86,114,6.97,2568.4
Cotton,611.0,29.0,0,1,Rainy,Clay,South,101,70,77,7.03,1708.0
Sorghum,353.7,22.7,0,0,Rainy,Silty,Central,123,79,85,7.38,1897.8
Soybean,914.2,26.0,1,1,Windy,Silty,North,65,22,73,7.96,2401.8
Wheat,366.1,16.8,0,0,Stormy,Loamy,North,95,24,42,6.48,1792.7
Rice,1271.2,20.7,0,1,Rainy,Clay,Central,129,47,33,6.08,3325.4
Rice,631.5,19.9,0,1,Rainy,Sandy,East,61,97,102,6.99,2891.5
Barley,571.4,32.2,1,0,Windy,Silty,Central,112,30,62,5.58,2271.3
Sorghum,908.8,22.0,1,1,Windy,Silty,Central,108,91,66,5.96,2512.0
Sugarcane,778.7,35.3,0,0,Stormy,Loamy,East,120,91,82,7.3,5108.5
Maize,975.7,22.1,1,1,Sunny,Peaty,Central,88,95,53,6.4,3102.1
Sugarcane,1056.5,39.6,0,0,Sunny,Sandy,North,137,34,118,5.53,4873.9
Sugarcane,834.8,15.3,1,1,Cloudy,Chalky,Central,41,67,80,5.31,5014.8
Sugarcane,551.6,29.5,0,1,Rainy,Clay,East,92,65,70,6.54,5273.5
Sorghum,1119.2,27.2,1,0,Stormy,Silty,West,46,47,58,7.41,1838.6
Sugarcane,692.0,19.7,1,1,Rainy,Silty,Central,139,26,88,7.4,5723.9
Cotton,639.3,23.7,1,0,Stormy,Chalky,South,116,90,69,6.59,1304.8
Sorghum,942.8,25.4,0,1,Stormy,Sandy,North,59,25,80,8.11,1136.5
Cotton,321.4,28.5,0,1,Stormy,Peaty,North,133,77,79,6.42,1205.8
Sorghum,1017.3,21.4,0,0,Rainy,Silty,South,69,87,65,6.39,1915.8
Barley,958.7,29.6,1,1,Windy,Sandy,South,114,74,108,4.5,2494.9
Wheat,1236.5,27.7,1,1,Rainy,Chalky,Central,134,86,89,6.14,2773.8
Rice,749.9,31.7,0,0,Stormy,Loamy,South,106,68,47,7.18,2894.3
Sugarcane,1297.4,21.8,1,1,Cloudy,Peaty,West,98,70,49,7.75,5651.7
Barley,1058.9,24.5,0,0,Sunny,Clay,East,105,78,34,5.84,2364.8
Wheat,892.0,35.7,0,0,Stormy,Silty,South,42,25,47,6.87,2056.1
Rice,1445.0,21.6,0,0,Cloudy,Sandy,South,95,70,69,7.34,2750.7
Soybean,928.6,18.6,0,1,Windy,Loamy,West,118,57,30,6.51,2069.2
Maize,744.5,23.2,1,1,Stormy,Clay,North,56,30,48,4.67,2930.2
Cotton,937.2,16.3,1,0,Cloudy,Sandy,North,91,71,116,6.7,1360.3
Soybean,738.3,37.0,1,1,Stormy,Sandy,Central,46,39,55,7.11,1966.0
Sorghum,1012.1,25.3,0,0,Rainy,Clay,West,44,29,58,5.74,1786.3
Rice,1296.2,25.4,1,1,Cloudy,Loamy,East,137,45,88,6.3,3883.6
Soybean,897.6,31.5,0,0,Rainy,Chalky,East,136,67,92,5.58,2122.8
Maize,927.0,22.6,0,0,Rainy,Loamy,West,93,33,112,4.5,2830.1
Barley,1139.3,25.7,0,1,Cloudy,Peaty,East,100,78,91,7.32,2347.0
Rice,1256.2,22.5,0,0,Sunny,Silty,North,55,31,77,6.5,3285.8
Soybean,764.2,16.5,0,0,Cloudy,Clay,East,106,42,91,7.78,1955.1
Cotton,951.7,27.3,0,1,Sunny,Chalky,East,98,91,47,7.19,1526.6
Cotton,1140.7,33.2,1,0,Stormy,Clay,West,86,58,95,6.22,1375.6
Wheat,999.0,27.5,1,0,Stormy,Clay,West,87,28,56,6.43,2290.6
Soybean,341.4,32.5,1,1,Cloudy,Loamy,East,103,44,35,6.95,2621.8
Sugarcane,1194.8,20.4,1,0,Stormy,Silty,South,89,36,99,7.27,5112.4
Soybean,1056.9,22.5,0,0,Windy,Peaty,West,124,61,88,6.76,1742.6
Barley,1078.2,19.2,0,0,Rainy,Sandy,Central,80,48,35,7.38,1887.3
Rice,542.4,29.2,1,0,Rainy,Sandy,Central,111,79,60,6.26,3136.3
Rice,945.7,25.1,1,0,Sunny,Clay,North,61,86,85,5.7,3340.8
Barley,1153.0,24.9,1,0,Stormy,Silty,East,93,76,83,6.45,2166.2
Soybean,635.8,31.0,1,0,Sunny,Chalky,South,44,91,114,6.66,1801.2
Barley,713.8,24.2,1,0,Rainy,Loamy,North,56,33,70,5.54,2211.7
Maize,1158.1,33.5,1,1,Rainy,Silty,East,117,58,47,5.43,3383.1
Sorghum,699.9,28.4,1,0,Stormy,Silty,West,80,35,116,6.86,1971.1
Barley,837.4,24.8,1,0,Windy,Loamy,Central,131,37,52,6.17,2659.9
Cotton,589.6,17.7,0,1,Windy,Clay,South,134,94,65,6.37,1575.4
Barley,1446.0,31.0,0,0,Stormy,Silty,Central,120,39,54,6.21,2165.2
Rice,1056.2,28.7,0,0,Stormy,Sandy,West,74,65,36,7.72,2411.9
Cotton,823.4,29.0,0,0,Sunny,Loamy,East,79,64,111,7.51,1768.5
Rice,767.3,29.2,1,0,Stormy,Chalky,West,61,23,49,5.51,2585.5
Wheat,531.5,23.8,0,0,Windy,Peaty,West,87,39,34,6.07,2156.8
Sugarcane,867.0,26.1,1,0,Stormy,Clay,Central,92,30,47,7.18,4971.8
Rice,1099.5,24.2,0,1,Sunny,Loamy,South,132,84,62,6.98,3749.5
Cotton,657.1,34.5,1,1,Sunny,Peaty,West,49,37,108,6.47,1860.3
Wheat,931.7,25.3,1,1,Sunny,Peaty,Central,57,58,64,5.59,2886.7
Rice,789.8,23.3,0,1,Sunny,Chalky,South,138,63,94,5.95,2752.6
Maize,1314.0,34.9,0,1,Cloudy,Silty,East,119,37,92,6.09,3308.7
Barley,709.0,34.3,1,0,Stormy,Chalky,East,88,66,114,6.72,1762.4
Sugarcane,1133.1,28.4,1,0,Rainy,Silty,North,110,50,101,7.86,5544.8
Rice,1318.2,26.2,1,0,Stormy,Silty,Central,69,58,100,5.95,2914.9
Wheat,786.9,24.7,0,0,Cloudy,Loamy,South,58,57,70,5.68,2379.8
Maize,723.4,26.7,0,0,Sunny,Loamy,West,94,98,79,6.41,2978.0
Soybean,1176.8,21.8,1,1,Cloudy,Clay,East,99,66,59,7.33,2336.4
Wheat,365.6,29.9,0,1,Windy,Silty,South,126,89,67,5.34,2233.4
Barley,1029.2,36.9,1,0,Windy,Peaty,Central,111,27,64,7.66,2182.9
Wheat,427.4,30.4,0,0,Stormy,Sandy,North,120,84,95,6.36,1869.7
Maize,1266.7,20.4,0,0,Stormy,Clay,East,60,32,75,5.91,2445.7
Wheat,824.4,29.7,0,1,Rainy,Loamy,South,65,74,37,5.22,2898.1
Maize,872.8,28.2,0,1,Rainy,Chalky,South,67,62,97,7.07,2765.5
Rice,682.7,29.7,0,0,Windy,Clay,South,78,23,66,6.36,2668.1
Sorghum,425.2,22.1,1,1,Sunny,Clay,Central,72,90,114,6.64,2178.0
Maize,1279.8,27.0,1,0,Cloudy,Clay,Central,79,79,42,5.78,2902.6
Maize,848.7,32.3,0,1,Rainy,Clay,Central,122,31,102,6.24,3318.6
Sugarcane,1862.6,20.6,1,1,Rainy,Sandy,West,68,78,74,6.11,5845.9
Maize,656.9,24.3,1,0,Sunny,Chalky,South,59,96,58,6.42,2555.5
Maize,706.0,25.3,0,1,Sunny,Chalky,East,59,73,70,5.96,2750.1
Soybean,630.8,33.0,1,1,Stormy,Chalky,Central,113,63,85,5.27,1826.6
Sorghum,847.2,33.9,0,0,Cloudy,Silty,Central,51,35,117,8.5,1757.1
Rice,1372.6,15.5,1,1,Sunny,Peaty,South,136,25,45,5.41,3431.9
Barley,1203.0,33.0,1,0,Rainy,Chalky,Central,64,33,41,6.65,2281.0
Sugarcane,448.6,34.1,1,1,Rainy,Clay,West,64,77,95,5.08,5571.4
Soybean,1261.2,33.7,1,0,Windy,Clay,West,43,50,91,4.9,2151.7
Cotton,1104.8,23.8,1,0,Sunny,Chalky,Central,43,60,48,6.58,1517.9
Sorghum,1044.4,25.6,1,1,Stormy,Chalky,South,48,54,59,6.64,1770.4
Rice,694.7,17.6,1,1,Cloudy,Clay,South,54,29,45,7.51,3381.6
Rice,717.0,14.4,0,0,Stormy,Silty,South,65,49,117,6.82,2603.8
Cotton,941.1,24.8,0,1,Rainy,Loamy,North,118,63,42,6.38,1949.6
Barley,734.1,27.5,0,1,Stormy,Loamy,Central,129,74,98,5.74,2261.5
Maize,1293.8,28.1,0,1,Rainy,Chalky,South,131,90,52,7.7,3053.4
Soybean,721.2,31.9,1,0,Rainy,Sandy,West,110,37,91,7.24,1967.2
Wheat,316.0,45.0,1,0,Rainy,Chalky,East,71,98,60,5.5,2232.9
Sugarcane,509.6,24.6,1,0,Rainy,Chalky,East,115,58,82,6.53,4907.4
Wheat,528.6,20.7,0,1,Rainy,Loamy,South,138,61,46,6.62,2642.7
Cotton,821.0,30.3,0,1,Windy,Clay,East,91,73,78,6.22,1618.9
Rice,964.8,28.3,0,0,Stormy,Chalky,East,71,49,78,7.12,2191.2
Barley,916.1,23.6,1,0,Windy,Clay,North,48,39,96,7.17,1986.1
Rice,1038.3,32.5,0,1,Windy,Clay,West,117,61,55,6.35,3097.8
Sugarcane,824.3,22.1,1,1,Sunny,Sandy,West,52,24,42,6.28,5062.0
Rice,834.9,26.2,0,1,Sunny,Clay,North,95,69,67,7.7,3078.8
Rice,1425.6,26.6,1,1,Sunny,Loamy,North,83,60,51,7.25,3985.2
Sugarcane,1261.6,21.3,0,0,Cloudy,Silty,East,136,58,114,6.56,5248.2
Soybean,1022.5,16.7,1,1,Sunny,Silty,Central,135,76,58,5.2,2888.9
Soybean,1175.0,28.3,0,1,Stormy,Peaty,East,122,76,74,6.78,1689.6
Sugarcane,322.1,35.2,0,0,Windy,Chalky,North,69,56,75,7.06,4366.3
Barley,653.2,32.8,1,0,Stormy,Loamy,West,55,26,68,4.5,2135.2
Cotton,770.3,33.2,1,1,Sunny,Clay,East,51,24,98,6.7,1738.2
Sorghum,656.8,22.2,0,0,Cloudy,Silty,Central,113,98,107,6.17,2055.2
Rice,436.3,28.3,1,1,Cloudy,Loamy,East,105,70,111,6.32,3613.5
Barley,1026.2,18.5,0,1,Windy,Silty,South,57,27,97,5.77,2017.1
Rice,1315.7,28.0,1,0,Stormy,Clay,East,52,75,68,6.38,3001.0
Sorghum,896.2,35.3,0,0,Rainy,Silty,North,132,92,49,7.61,2069.9
Cotton,1094.5,35.5,1,1,Stormy,Chalky,West,63,30,106,6.14,1276.3
Soybean,887.2,39.2,0,0,Sunny,Chalky,West,51,41,97,7.27,1380.0
Barley,767.5,32.9,0,1,Rainy,Peaty,North,99,96,64,5.85,2300.3
Maize,1175.8,29.9,0,1,Cloudy,Peaty,South,99,30,37,7.11,3196.4
Maize,471.5,32.2,1,1,Windy,Silty,North,132,79,81,6.5,3113.1
Sorghum,341.0,31.1,0,0,Windy,Loamy,East,125,34,69,6.78,1925.9
Maize,467.3,22.2,1,1,Cloudy,Chalky,North,139,57,65,6.51,2815.9
Soybean,1156.1,17.9,1,1,Sunny,Loamy,North,40,20,35,7.01,2631.7
Sorghum,926.2,32.3,1,1,Cloudy,Loamy,South,82,65,115,4.5,2623.1
Soybean,1013.0,39.6,0,0,Sunny,Silty,East,94,62,99,5.36,2066.7
Cotton,1403.1,32.5,1,1,Rainy,Loamy,Central,79,41,102,6.83,2253.6
Rice,551.0,15.7,1,1,Cloudy,Chalky,Central,103,22,45,4.87,3105.8
Cotton,1261.3,23.9,1,1,Sunny,Clay,West,73,33,75,6.08,2404.5
Cotton,781.1,25.8,0,0,Rainy,Peaty,North,73,21,88,6.46,1317.7
Soybean,735.5,15.9,1,1,Cloudy,Clay,West,87,80,67,5.84,2260.2
Sorghum,924.4,18.7,1,1,Windy,Loamy,South,72,51,47,5.95,2268.2
Sorghum,971.3,26.8,1,0,Cloudy,Clay,Central,107,57,41,6.72,2543.9
Maize,836.8,28.6,1,0,Stormy,Chalky,North,69,65,83,7.31,2452.3
Wheat,1083.1,21.1,0,1,Cloudy,Chalky,South,123,61,76,5.73,2298.1
Rice,925.6,18.5,0,1,Stormy,Loamy,South,129,25,30,6.04,2799.4
Soybean,840.2,34.2,1,1,Rainy,Silty,North,118,60,44,5.91,2333.2
Maize,775.1,24.7,1,0,Cloudy,Clay,South,110,44,109,4.56,3068.8
Barley,971.5,25.6,1,0,Rainy,Silty,North,110,30,50,6.61,2719.6
Wheat,493.0,23.7,1,1,Rainy,Silty,North,68,60,30,7.25,2800.4
Wheat,577.7,22.4,0,0,Sunny,Sandy,East,62,90,96,7.31,2088.1
Soybean,789.8,34.8,0,1,Rainy,Loamy,West,73,76,41,5.8,2104.2
Sugarcane,1063.5,21.7,0,1,Rainy,Peaty,South,123,65,57,5.5,5281.0
Rice,1542.9,28.1,0,0,Cloudy,Chalky,South,54,67,68,6.52,2892.7
Wheat,852.2,27.1,1,1,Cloudy,Chalky,East,136,82,66,7.16,2627.0
Soybean,367.7,15.3,1,0,Windy,Loamy,East,92,58,89,6.62,2255.8
Soybean,662.9,28.4,0,0,Sunny,Peaty,East,56,29,60,6.73,1596.5
Maize,1097.7,17.7,0,1,Rainy,Chalky,Central,103,89,87,7.41,2878.0
Barley,608.9,30.8,1,0,Sunny,Loamy,Central,123,84,40,5.91,2743.6
Sugarcane,508.3,19.9,1,1,Stormy,Chalky,Central,100,78,58,6.32,4861.3
Rice,1096.1,30.1,1,0,Rainy,Silty,North,96,97,118,7.81,3480.2
Sorghum,1039.5,24.4,1,1,Sunny,Clay,South,116,55,42,6.34,2310.5
Cotton,458.2,23.0,1,1,Windy,Clay,West,127,46,80,5.49,1948.4
Barley,631.5,28.3,0,1,Windy,Chalky,North,76,92,83,5.96,1910.1
Barley,1273.4,18.2,0,0,Rainy,Sandy,South,46,74,48,5.75,2056.8
Maize,1155.9,26.6,1,1,Stormy,Peaty,South,47,89,87,6.79,2978.9
Sorghum,540.8,31.7,1,0,Windy,Peaty,East,126,72,65,5.78,1680.1
Wheat,303.3,33.3,0,0,Windy,Peaty,East,117,79,57,6.72,1845.6
Wheat,980.6,24.2,1,0,Stormy,Silty,North,107,80,97,5.91,2689.4
Maize,811.2,25.1,0,0,Sunny,Peaty,East,60,55,32,4.8,2406.8
Soybean,954.5,18.0,0,0,Windy,Clay,South,100,46,118,6.75,2091.3
Wheat,1090.4,22.5,0,1,Cloudy,Silty,East,113,60,70,6.62,2622.9
Sugarcane,613.1,17.6,0,0,Windy,Loamy,Central,125,47,64,6.91,4750.1
Rice,770.4,29.6,1,1,Sunny,Peaty,East,133,35,105,5.96,3455.0
Barley,630.3,32.1,1,1,Sunny,Peaty,South,133,54,113,5.88,2918.5
Barley,641.0,24.3,0,0,Rainy,Loamy,North,119,55,110,6.82,2036.2
Sugarcane,1069.4,20.7,1,1,Cloudy,Peaty,West,114,75,105,7.72,5470.2
Sorghum,943.2,28.8,1,1,Sunny,Loamy,East,125,38,79,6.51,2743.8
Wheat,431.1,21.8,1,0,Stormy,Silty,South,68,76,103,6.84,2246.7
Barley,1117.5,31.0,1,1,Cloudy,Clay,West,64,52,111,6.24,2745.6
Cotton,795.0,38.6,0,0,Cloudy,Loamy,West,97,42,59,5.27,1323.4
Sorghum,1131.3,21.7,1,0,Stormy,Sandy,Central,53,82,101,7.27,1542.0
Rice,595.6,22.5,0,0,Windy,Loamy,West,117,89,106,7.23,2891.1
Rice,622.3,18.2,0,1,Stormy,Peaty,South,105,41,99,7.07,2419.0
Barley,975.5,27.9,1,1,Stormy,Silty,South,93,86,83,6.35,2526.7
Maize,571.1,27.5,0,1,Windy,Chalky,East,116,99,100,6.98,2541.2
Sorghum,817.5,25.4,1,1,Windy,Silty,East,106,78,114,7.22,2317.1
Barley,537.0,27.1,1,0,Windy,Chalky,East,69,44,80,7.8,1966.9
Maize,782.6,20.7,0,0,Windy,Loamy,West,57,36,57,7.29,2321.5
Barley,890.4,17.0,1,1,Windy,Clay,West,93,58,93,6.55,2445.2
Cotton,904.6,22.4,0,0,Stormy,Sandy,Central,139,96,114,5.45,1365.3
Sorghum,790.6,15.5,0,1,Rainy,Silty,East,60,94,50,6.62,1929.5
Soybean,1000.0,21.7,1,0,Rainy,Peaty,North,92,93,117,6.71,2390.7
Rice,944.3,28.9,1,0,Sunny,Chalky,Central,122,58,56,7.07,3129.9
Barley,873.2,27.4,1,0,Rainy,Peaty,North,55,43,56,7.58,2192.4
Cotton,712.2,16.4,0,0,Rainy,Clay,West,67,57,106,6.42,1138.7
Maize,1220.5,33.3,1,0,Stormy,Chalky,Central,43,76,79,8.18,2488.9
Maize,1015.9,25.8,0,1,Windy,Silty,Central,94,63,58,5.09,3211.2
Rice,589.2,19.2,0,1,Windy,Loamy,South,54,55,68,6.84,2929.4
Sugarcane,1094.7,24.8,1,0,Stormy,Peaty,West,103,89,86,5.86,4963.0
Barley,1162.6,23.5,1,1,Rainy,Clay,West,104,99,66,4.97,3013.5
Sorghum,875.5,21.8,1,0,Stormy,Silty,Central,55,64,93,6.34,1892.0
Wheat,895.5,31.9,0,0,Sunny,Silty,West,59,45,77,5.33,2196.8
Maize,282.3,20.4,1,0,Windy,Silty,Central,103,30,51,6.37,2767.5
Sorghum,647.0,28.1,0,0,Cloudy,Silty,South,72,71,59,6.53,2054.2
Sorghum,1153.1,19.0,1,1,Sunny,Chalky,Central,120,44,57,7.39,2254.1
Soybean,665.2,26.8,1,0,Sunny,Silty,West,108,50,52,5.29,1964.3
Sorghum,852.0,28.6,0,1,Stormy,Peaty,West,108,64,33,7.23,1677.5
Sorghum,642.4,28.6,0,0,Rainy,Clay,Central,97,86,32,6.58,1807.3
Soybean,969.2,27.5,1,0,Windy,Chalky,Central,78,95,90,7.32,1629.4
Maize,1018.1,25.6,1,1,Cloudy,Silty,Central,116,59,33,6.15,3177.2
Sorghum,1026.1,20.6,1,0,Sunny,Sandy,East,75,65,94,5.43,2151.6
Sugarcane,558.2,20.7,1,0,Cloudy,Sandy,West,133,73,41,5.53,4923.0
Sugarcane,932.0,28.8,1,1,Rainy,Clay,West,107,60,42,5.47,5535.0
Cotton,1373.0,19.4,0,1,Rainy,Loamy,East,126,57,63,6.88,2026.7
Soybean,1124.5,18.1,0,1,Cloudy,Loamy,Central,60,55,88,7.68,2179.7
Cotton,928.0,35.6,0,0,Windy,Chalky,South,102,63,102,6.05,1041.8
Soybean,320.7,25.4,0,0,Rainy,Chalky,Central,124,76,60,7.0,1606.6
Barley,825.2,30.8,1,1,Cloudy,Chalky,Central,45,85,100,5.28,2165.1
Barley,1393.9,32.2,0,1,Sunny,Loamy,East,63,49,42,6.64,2594.2
Sorghum,1295.6,27.3,0,0,Cloudy,Sandy,West,92,29,83,7.03,1804.8
Wheat,1038.4,24.7,0,0,Cloudy,Loamy,Central,134,80,31,5.34,2575.3
Barley,684.2,24.8,1,1,Stormy,Peaty,West,122,82,62,6.34,2200.6
Wheat,915.7,36.6,0,1,Rainy,Silty,North,115,55,79,7.07,3005.3
Barley,1132.0,23.6,1,1,Windy,Chalky,West,117,73,36,4.5,2497.2
Rice,1182.2,28.1,0,1,Windy,Sandy,South,89,84,47,7.57,3075.7
Barley,993.8,31.1,1,0,Stormy,Clay,South,51,23,80,6.78,2017.1
Cotton,1156.5,28.5,0,0,Windy,Clay,Central,95,74,37,7.07,1415.2
Maize,882.4,33.5,1,0,Cloudy,Silty,West,54,73,84,6.17,2966.5
Sorghum,869.1,24.7,0,0,Stormy,Sandy,Central,122,83,105,5.12,1506.3
Cotton,762.3,31.0,1,1,Sunny,Loamy,East,131,41,72,6.93,2187.4
Maize,1027.4,16.2,1,0,Rainy,Loamy,South,79,44,88,6.43,3211.3
Sugarcane,1200.1,35.1,0,1,Rainy,Peaty,Central,80,78,59,6.53,5245.0
Cotton,1112.5,33.7,1,0,Rainy,Peaty,East,108,76,88,7.37,1710.8
Sugarcane,534.6,25.2,1,0,Cloudy,Loamy,Central,108,73,38,7.11,5822.5
Wheat,550.7,29.6,0,0,Sunny,Clay,West,45,63,97,8.04,2155.6
Wheat,1231.1,32.3,0,1,Stormy,Chalky,West,126,71,68,6.62,2044.8
Rice,953.0,20.8,1,0,Stormy,Clay,West,106,95,110,5.95,3068.0
Barley,964.7,26.1,0,1,Rainy,Peaty,West,72,35,40,6.35,2177.1
Cotton,957.9,19.2,0,1,Sunny,Silty,North,82,35,31,6.83,1732.2
Sugarcane,1425.5,33.8,0,0,Sunny,Loamy,East,60,74,52,7.31,5171.9
Maize,766.1,31.9,1,1,Sunny,Peaty,East,123,80,92,5.33,3299.1
Wheat,1235.0,25.3,1,0,Windy,Peaty,West,104,98,51,6.51,2569.0
Barley,970.1,24.6,1,1,Windy,Chalky,North,56,96,90,7.79,2255.6
Wheat,419.8,26.1,1,0,Rainy,Loamy,West,132,59,55,6.31,2876.9
Maize,652.5,21.6,1,1,Sunny,Chalky,North,47,40,41,7.24,2636.0
Barley,717.9,26.0,1,1,Sunny,Loamy,West,103,85,61,6.89,2802.3
Barley,1227.9,20.8,1,0,Stormy,Chalky,South,129,27,38,7.26,1915.0
Sugarcane,1268.2,32.4,0,0,Stormy,Clay,South,67,90,98,5.85,4622.1
Sugarcane,1006.2,33.8,1,0,Rainy,Silty,Central,137,29,119,5.86,5289.8
Cotton,743.2,32.7,1,0,Sunny,Silty,West,129,76,100,6.52,1874.1
Cotton,626.7,19.8,0,1,Rainy,Loamy,East,52,23,62,5.27,1777.5
Soybean,1241.3,25.7,0,1,Stormy,Sandy,Central,52,62,53,6.28,1905.8
Sorghum,514.6,30.5,0,1,Stormy,Peaty,South,77,82,118,6.7,1427.4
Soybean,868.8,31.6,1,1,Windy,Peaty,West,64,62,98,7.93,2249.2
Rice,1609.3,16.0,0,0,Rainy,Loamy,Central,101,86,67,6.82,3402.1
Wheat,744.1,31.4,1,1,Rainy,Chalky,West,62,70,40,7.0,2761.0
Cotton,518.5,19.5,1,0,Sunny,Sandy,South,125,75,61,7.43,1456.0
Sugarcane,370.4,26.1,1,1,Sunny,Clay,Central,60,62,93,5.73,5218.4
Maize,1621.2,34.5,0,0,Windy,Chalky,South,93,43,101,6.37,2526.3
Sugarcane,1004.6,33.7,0,0,Cloudy,Chalky,North,102,53,49,8.44,4602.2
Wheat,639.3,35.0,1,0,Cloudy,Loamy,South,69,78,63,6.44,2500.7
Soybean,843.3,20.6,1,0,Cloudy,Loamy,West,114,21,71,7.39,2267.1
Sugarcane,701.1,22.1,1,0,Rainy,Peaty,East,107,21,37,7.27,5086.3
Sorghum,340.9,23.6,0,1,Rainy,Loamy,South,136,29,95,5.32,2194.2
Rice,1136.4,26.1,1,0,Stormy,Loamy,East,115,42,50,6.75,3268.5
Wheat,910.1,28.3,0,1,Rainy,Loamy,North,112,34,108,6.62,2784.1
Soybean,1111.5,34.7,1,1,Rainy,Peaty,Central,71,95,99,6.76,2477.8
Sorghum,902.0,21.4,0,0,Rainy,Clay,Central,114,36,34,5.9,1863.6
Maize,939.4,23.2,1,1,Windy,Clay,East,63,33,96,5.61,3233.0
Soybean,229.6,35.5,0,1,Rainy,Loamy,Central,46,98,72,6.12,2069.0
Barley,1172.4,20.0,0,1,Sunny,Peaty,South,111,95,45,6.42,2384.9
Sorghum,573.5,31.4,0,0,Sunny,Clay,East,136,35,102,7.45,1804.9
Sorghum,650.4,26.5,0,0,Stormy,Chalky,West,128,51,64,7.95,1230.6
Rice,741.6,29.3,0,0,Windy,Clay,South,40,42,112,7.62,2561.6
Wheat,282.4,22.1,0,0,Sunny,Clay,South,42,53,72,7.19,1994.7
Maize,725.2,31.2,1,1,Windy,Peaty,South,67,35,68,5.7,2984.4
Rice,704.3,23.1,1,1,Windy,Chalky,West,82,53,39,6.17,2824.7
Soybean,786.6,18.5,1,1,Stormy,Peaty,North,136,90,103,6.67,1980.6
Rice,389.6,29.9,1,1,Windy,Loamy,Central,85,52,49,5.99,3463.8
Sorghum,1178.3,12.0,0,1,Rainy,Silty,East,40,87,30,6.96,2075.2
Wheat,1019.4,23.6,1,1,Windy,Clay,North,77,62,35,7.08,2858.7
Cotton,640.8,28.7,0,0,Stormy,Silty,East,130,83,82,6.93,1139.0
Rice,725.5,31.5,0,1,Stormy,Peaty,Central,74,90,75,7.32,2485.5
Barley,1151.4,34.4,0,1,Stormy,Peaty,West,113,37,95,5.78,1728.8
Rice,822.8,37.7,1,1,Sunny,Peaty,South,115,87,67,7.25,3562.3
Soybean,527.8,35.8,0,0,Rainy,Silty,South,113,80,62,5.94,1794.3
Soybean,874.9,28.1,1,1,Sunny,Peaty,West,93,94,96,5.75,2576.2
Maize,573.6,33.8,1,1,Cloudy,Loamy,North,137,39,106,6.93,3193.8
Soybean,687.6,28.1,1,0,Rainy,Peaty,North,63,30,64,7.47,2223.4
Sugarcane,884.8,31.1,1,1,Windy,Sandy,East,67,98,108,6.89,5568.4
Wheat,1216.6,23.4,1,0,Stormy,Silty,West,61,65,74,6.52,2206.5
Wheat,1507.0,29.8,0,0,Cloudy,Sandy,North,55,83,51,6.75,2085.8
Cotton,1308.8,24.2,0,1,Rainy,Peaty,West,52,95,97,6.61,1813.1
Cotton,878.4,26.0,1,1,Sunny,Loamy,Central,139,47,46,5.6,2349.6
Wheat,1577.2,29.8,0,0,Stormy,Clay,South,139,67,34,5.51,2390.8
Barley,1067.5,39.5,1,1,Sunny,Chalky,South,101,54,114,6.44,2410.9
Cotton,606.1,29.4,0,1,Rainy,Chalky,South,82,27,86,6.56,1673.6
Maize,928.4,26.9,0,0,Rainy,Peaty,West,126,41,117,6.51,2755.5
Soybean,702.9,22.0,0,0,Cloudy,Loamy,West,117,43,69,7.04,1822.7
Wheat,525.6,32.4,0,1,Windy,Silty,East,71,85,59,6.33,2349.7
Sorghum,547.7,25.0,0,0,Sunny,Sandy,South,106,83,71,6.95,1474.7
Cotton,855.8,29.2,0,1,Cloudy,Sandy,East,130,84,36,6.38,1753.6
Wheat,1126.3,31.2,0,1,Stormy,Sandy,South,122,33,100,7.96,2056.2
Sugarcane,1220.5,34.6,0,1,Windy,Silty,East,125,44,117,6.56,5425.2
Rice,526.6,32.1,0,1,Cloudy,Chalky,East,96,22,48,8.37,2672.0
Soybean,809.0,19.7,0,0,Sunny,Loamy,Central,104,24,70,6.78,1987.6
Wheat,1046.0,16.7,0,1,Rainy,Silty,East,108,84,63,6.33,2465.0
Rice,945.6,31.2,0,0,Stormy,Sandy,West,88,73,51,5.78,2497.3
Cotton,1108.4,27.5,0,1,Sunny,Peaty,East,72,38,81,5.35,1851.3
Rice,769.6,29.3,1,1,Windy,Clay,South,58,73,35,5.71,3113.4
Soybean,1281.9,37.3,0,0,Windy,Silty,East,75,95,103,5.8,1719.8
Wheat,898.7,23.3,0,1,Rainy,Silty,North,109,29,54,6.82,2846.8
Sugarcane,1127.3,34.7,0,0,Rainy,Loamy,South,54,35,95,6.08,4950.8
Barley,785.8,23.4,0,0,Stormy,Loamy,North,139,65,39,6.65,2162.7
Cotton,917.5,36.4,0,1,Stormy,Silty,South,136,48,103,7.53,1339.5
Wheat,421.2,31.5,0,1,Rainy,Sandy,West,63,34,55,6.43,2045.1
Soybean,649.0,18.0,1,1,Rainy,Clay,West,66,67,34,8.16,2391.6
Cotton,837.8,24.5,1,1,Windy,Loamy,West,88,30,115,5.56,1814.1
Maize,930.0,38.5,1,0,Rainy,Sandy,North,114,53,97,6.38,2749.8
Rice,1704.4,37.7,0,1,Cloudy,Peaty,Central,62,55,100,6.07,3194.4
Barley,785.4,30.6,0,1,Sunny,Loamy,South,72,49,79,7.25,2172.0
Soybean,487.0,29.1,0,1,Rainy,Sandy,West,80,92,46,4.71,2168.1
Maize,1410.7,28.4,1,1,Stormy,Sandy,South,95,38,40,5.35,2908.7
Sorghum,1223.7,29.6,0,1,Cloudy,Clay,North,68,87,82,6.41,1959.8
Wheat,553.0,26.2,0,0,Stormy,Clay,Central,70,89,79,7.74,1771.0
Sugarcane,1039.6,34.3,1,1,Cloudy,Peaty,North,104,52,37,6.68,5553.7
Cotton,1150.6,30.5,1,0,Rainy,Sandy,South,137,99,91,5.42,1860.5
Rice,949.1,21.2,0,1,Sunny,Chalky,Central,57,94,118,5.54,3204.4
Cotton,997.7,30.9,0,1,Stormy,Sandy,Central,121,41,114,7.84,1129.2
Barley,710.3,28.0,0,1,Cloudy,Clay,North,45,55,105,6.0,2311.6
Wheat,1051.1,25.1,0,0,Windy,Chalky,West,91,42,119,5.75,2069.9
Cotton,752.6,38.4,1,1,Rainy,Loamy,South,79,82,58,7.68,2159.2
Rice,106.4,27.6,0,0,Sunny,Loamy,East,104,45,73,7.31,3123.5
Wheat,958.9,15.3,0,0,Rainy,Silty,East,81,79,74,7.52,2314.8
Cotton,397.2,25.6,1,1,Windy,Clay,North,133,24,58,5.74,1715.7
Sugarcane,1204.0,33.0,0,0,Sunny,Silty,South,107,73,117,5.28,5237.1
Soybean,560.8,21.4,0,1,Windy,Chalky,South,71,57,88,6.61,1630.4
Wheat,164.1,32.8,1,1,Rainy,Clay,North,49,81,44,6.77,2736.3
Soybean,369.2,21.0,1,0,Cloudy,Peaty,South,108,44,99,6.79,1649.4
Sorghum,887.6,35.0,0,1,Rainy,Sandy,West,48,31,73,7.68,1966.0
Wheat,956.0,23.6,1,1,Rainy,Peaty,North,108,41,65,5.11,2639.2
Sugarcane,476.2,24.9,1,0,Rainy,Chalky,West,100,28,113,7.19,4984.7
Soybean,578.3,24.4,0,0,Stormy,Clay,South,50,48,86,5.62,1640.5
Maize,897.6,30.6,1,0,Windy,Chalky,North,138,63,93,7.18,2766.4
Rice,1191.7,38.1,0,0,Windy,Sandy,South,130,46,105,6.12,2711.7
Maize,537.0,27.1,0,0,Windy,Loamy,North,107,74,67,5.85,2516.2
Cotton,1013.8,26.9,0,0,Stormy,Loamy,South,113,24,46,6.01,1158.2
Sugarcane,378.4,23.6,0,1,Cloudy,Chalky,West,136,71,56,5.34,5059.5
Maize,994.8,17.2,1,0,Rainy,Silty,West,47,32,46,6.53,2961.2
Wheat,1126.7,24.2,0,0,Cloudy,Clay,South,88,61,92,5.88,2312.6
Cotton,1057.3,19.4,0,1,Stormy,Clay,North,63,34,40,7.13,1427.5
Cotton,1198.3,15.7,0,1,Windy,Loamy,East,72,98,93,7.01,1551.9
Maize,1178.3,26.5,0,0,Rainy,Peaty,West,58,37,68,7.85,2719.5
Sorghum,1454.1,23.7,1,0,Sunny,Sandy,West,41,69,31,6.79,2091.9
Maize,932.6,35.3,1,1,Sunny,Peaty,East,94,21,95,6.92,3151.7
Sorghum,1455.0,21.9,1,0,Cloudy,Peaty,South,50,32,83,7.62,1949.8
Sugarcane,616.8,31.0,0,0,Windy,Chalky,North,138,87,58,6.0,4543.7
Rice,838.4,30.9,1,1,Sunny,Loamy,South,56,66,74,5.31,3474.6
Maize,865.5,35.0,1,0,Cloudy,Loamy,Central,81,94,117,6.66,3207.2
Barley,587.2,25.9,0,1,Stormy,Loamy,West,100,69,117,5.36,2078.6
Sorghum,191.8,34.9,1,0,Cloudy,Chalky,Central,42,31,109,8.46,1666.2
Maize,1160.8,30.4,0,1,Cloudy,Silty,West,125,32,60,7.66,3123.7
Soybean,621.0,33.8,1,1,Cloudy,Peaty,West,74,28,78,8.23,1981.9
Wheat,779.8,41.4,1,1,Rainy,Chalky,Central,124,78,38,6.55,2551.7
Barley,1375.4,26.3,1,0,Cloudy,Clay,Central,128,64,56,6.94,2565.2
Barley,1071.6,28.0,1,1,Cloudy,Sandy,South,105,89,85,6.13,2734.0
Sorghum,1422.1,24.8,0,0,Rainy,Silty,Central,40,62,107,7.21,2042.4
Soybean,936.2,36.3,0,1,Rainy,Clay,South,46,93,74,5.53,2106.8
Soybean,1066.6,42.6,1,1,Stormy,Peaty,South,59,42,118,4.5,2106.8
Cotton,827.8,31.4,0,1,Windy,Loamy,South,82,98,72,5.87,1748.0
Sorghum,645.4,17.3,1,0,Sunny,Peaty,West,45,64,51,5.34,2090.2
Rice,1065.5,21.7,1,0,Sunny,Chalky,West,94,42,62,7.68,3261.1
Wheat,769.2,34.0,1,1,Cloudy,Sandy,Central,139,53,56,7.95,2506.6
Sugarcane,1093.4,20.1,1,0,Stormy,Chalky,West,60,35,69,5.38,4860.0
Barley,728.9,23.4,1,0,Cloudy,Silty,Central,90,82,55,7.53,2689.6
Sugarcane,847.4,23.2,1,0,Sunny,Silty,West,85,70,112,7.26,5735.6
Maize,871.4,26.5,0,1,Rainy,Sandy,North,74,51,74,5.24,2973.4
Maize,1223.1,28.5,0,0,Windy,Clay,North,139,57,74,6.19,2918.2
Sugarcane,772.7,15.7,1,1,Stormy,Clay,Central,47,75,55,6.04,5031.4
Maize,1256.1,17.8,0,1,Rainy,Silty,West,107,88,99,7.1,3119.6
Rice,628.5,18.0,1,1,Windy,Silty,West,55,36,96,5.52,3185.0
Soybean,981.0,18.7,0,0,Stormy,Loamy,South,106,58,35,6.42,1484.5
Maize,693.7,27.1,0,1,Stormy,Clay,East,110,60,57,5.95,2850.0
Cotton,1234.7,28.2,0,0,Sunny,Sandy,Central,103,67,96,6.88,1422.0
Maize,654.4,33.1,1,0,Rainy,Clay,East,41,47,42,6.33,3079.1
Wheat,685.0,30.3,0,1,Stormy,Loamy,East,40,96,92,6.07,2120.6
Rice,523.1,23.5,1,1,Stormy,Chalky,Central,97,69,42,6.33,2956.0
Wheat,930.9,28.4,1,1,Windy,Silty,West,40,20,106,8.13,2700.0
Wheat,1077.3,33.3,1,0,Sunny,Silty,Central,46,69,30,6.17,2556.7
Cotton,1044.9,25.6,0,0,Cloudy,Loamy,East,127,38,69,5.67,1898.9
Rice,856.7,25.1,0,1,Sunny,Sandy,West,108,78,66,6.97,3261.5
Rice,701.8,21.3,0,1,Cloudy,Silty,North,124,87,60,6.39,3270.9
Sorghum,816.4,22.2,1,0,Rainy,Peaty,Central,131,86,46,5.37,2070.3
Rice,827.8,31.1,1,0,Rainy,Silty,Central,57,60,38,8.29,3355.8
Rice,975.8,27.0,0,1,Stormy,Peaty,West,127,29,93,6.22,2832.1
Rice,955.2,38.8,1,0,Rainy,Loamy,North,71,47,86,6.2,3216.8
Cotton,1421.9,22.9,0,0,Stormy,Loamy,North,84,53,42,6.63,1313.2
Maize,911.9,31.6,0,0,Sunny,Silty,West,72,58,66,7.88,3159.1
Sorghum,1008.2,29.3,0,0,Rainy,Clay,South,113,75,43,5.16,2361.3
Wheat,921.4,26.5,0,0,Sunny,Peaty,Central,112,71,104,6.72,2582.6
Rice,802.0,24.4,1,0,Sunny,Sandy,Central,88,22,54,8.17,3112.9
Barley,1006.2,30.6,0,1,Rainy,Silty,East,72,42,107,6.6,2490.3
Maize,773.8,30.3,0,0,Sunny,Sandy,West,136,36,86,5.51,2505.2
Maize,882.5,28.2,0,1,Rainy,Silty,East,110,90,100,6.01,3109.9
Wheat,1247.8,29.6,0,1,Rainy,Clay,East,107,45,117,6.67,2700.3
Cotton,754.4,27.2,0,0,Rainy,Clay,North,67,37,71,7.56,1742.6
Sugarcane,1016.2,17.2,0,1,Cloudy,Clay,Central,126,65,71,6.23,5554.3
Sugarcane,155.6,27.5,0,1,Sunny,Chalky,East,92,89,76,7.16,5050.8
Maize,844.4,25.4,1,1,Windy,Clay,North,135,50,73,5.35,3052.2
Soybean,752.4,38.7,1,0,Rainy,Loamy,West,83,28,70,5.35,2404.6
Soybean,936.1,30.8,1,1,Sunny,Loamy,East,119,54,32,6.11,2694.7
Wheat,829.1,28.2,1,0,Stormy,Chalky,Central,94,79,119,7.65,1777.5
Sugarcane,942.5,29.8,0,1,Rainy,Peaty,East,49,95,119,6.56,5236.8
Maize,786.4,20.9,1,1,Rainy,Sandy,West,53,82,30,6.73,2888.7
Cotton,1015.9,23.3,1,1,Windy,Silty,East,75,71,108,6.72,1849.9
Sugarcane,385.6,25.0,1,1,Cloudy,Silty,Central,73,67,40,7.39,5441.2
Maize,933.4,29.3,0,0,Cloudy,Chalky,North,127,80,36,6.01,2454.8
Maize,618.9,24.4,1,1,Rainy,Loamy,Central,57,43,41,7.05,3324.9
Rice,1250.4,24.0,1,1,Sunny,Silty,North,55,93,67,5.84,3723.2
Cotton,614.0,20.6,0,0,Stormy,Loamy,South,76,77,83,8.09,855.9
Rice,1198.6,27.2,1,0,Stormy,Peaty,Central,80,83,96,5.86,3120.0
Wheat,896.5,28.0,0,0,Sunny,Sandy,Central,64,49,82,5.79,2037.6
Rice,351.4,29.6,1,1,Rainy,Peaty,West,47,48,119,6.94,3035.0
Barley,637.1,22.8,0,0,Stormy,Chalky,East,127,29,61,6.56,1444.0
Rice,1154.3,29.2,1,0,Cloudy,Clay,North,123,58,74,6.76,3325.9
Barley,1137.3,20.8,1,0,Sunny,Clay,North,133,74,80,6.68,2846.7
Sugarcane,510.2,25.7,1,0,Windy,Clay,West,123,47,66,5.63,5165.6
Soybean,1368.9,28.8,0,0,Rainy,Peaty,West,57,37,88,7.79,2016.7
Sorghum,892.6,25.4,1,0,Sunny,Silty,East,107,60,83,7.21,2393.0
Sorghum,1165.5,17.6,0,1,Stormy,Sandy,East,87,94,47,7.59,1619.6
Maize,536.4,18.3,0,0,Rainy,Clay,Central,139,84,30,6.08,2741.1
Sorghum,763.2,28.3,0,1,Cloudy,Chalky,South,109,65,50,6.83,1516.5
Barley,1024.8,30.5,0,0,Rainy,Chalky,East,106,79,57,6.66,1965.7
Cotton,806.1,29.0,1,0,Rainy,Clay,West,57,28,45,7.4,1856.6
Rice,100.0,30.6,1,0,Cloudy,Clay,East,57,64,77,7.43,3510.5
Barley,842.8,25.3,1,1,Cloudy,Sandy,North,95,79,57,6.65,2289.4
Cotton,310.6,31.4,0,0,Rainy,Clay,South,62,47,51,5.29,1298.7
Soybean,578.8,29.0,1,0,Cloudy,Sandy,Central,74,22,112,7.92,1802.6
Sorghum,479.1,23.2,0,0,Sunny,Chalky,North,45,70,30,6.94,1751.4
Soybean,1239.8,30.1,0,0,Cloudy,Clay,North,65,27,71,6.01,1742.5
Sorghum,1333.9,28.8,0,1,Cloudy,Peaty,South,124,89,99,6.83,2232.6
Rice,1002.5,37.0,1,1,Rainy,Peaty,Central,100,78,32,5.29,3148.1
Wheat,831.0,35.3,1,1,Sunny,Chalky,West,127,80,109,7.34,2677.5
Rice,908.5,26.4,0,1,Windy,Sandy,Central,54,77,110,5.32,2839.0
Sugarcane,1239.6,24.5,1,1,Windy,Peaty,East,130,89,73,6.32,5640.0
Barley,305.0,36.4,1,0,Stormy,Sandy,North,71,31,56,6.7,1445.2
Maize,577.5,30.3,0,0,Cloudy,Peaty,East,51,28,80,7.33,2478.7
Wheat,1201.2,26.0,0,0,Cloudy,Peaty,West,44,68,53,6.59,2200.1
Rice,1263.7,15.1,1,1,Sunny,Sandy,East,103,36,49,7.01,3408.8
Cotton,1076.9,22.5,0,0,Windy,Silty,Central,110,73,61,6.48,1605.7
Wheat,586.5,22.0,0,1,Stormy,Peaty,East,125,63,42,6.47,1842.5
Barley,1196.9,26.1,1,0,Sunny,Clay,West,66,51,72,6.57,2697.5
Sorghum,1308.4,30.7,1,1,Cloudy,Chalky,West,118,54,49,6.35,2164.9
Wheat,1115.5,31.6,0,0,Windy,Silty,West,84,97,31,5.15,2502.1
Sorghum,151.8,36.0,1,0,Stormy,Sandy,Central,74,68,97,5.89,1369.6
Barley,937.4,32.6,0,0,Rainy,Silty,West,65,73,89,6.7,2224.2
Rice,1075.6,19.2,0,0,Windy,Loamy,North,62,35,118,6.3,2816.2
Barley,745.3,33.2,1,1,Stormy,Loamy,West,52,31,33,6.38,2454.4
Wheat,956.0,37.4,0,0,Sunny,Peaty,East,129,27,46,6.24,2410.0
Cotton,746.0,37.1,0,0,Rainy,Peaty,East,42,40,30,5.81,1032.9
Soybean,641.5,19.7,0,0,Stormy,Clay,East,68,67,62,6.11,1286.1
Wheat,1353.2,25.9,1,1,Stormy,Chalky,Central,105,27,59,6.25,2557.7
Barley,964.5,32.8,1,0,Cloudy,Silty,East,103,47,34,6.5,2273.2
Soybean,568.2,20.0,1,0,Windy,Loamy,Central,67,99,41,6.81,1884.8
Barley,487.0,16.7,0,0,Cloudy,Peaty,Central,126,29,61,6.36,1626.4
Cotton,641.7,28.9,0,0,Rainy,Chalky,West,75,71,67,5.68,1094.0
Barley,643.3,22.9,1,0,Stormy,Silty,North,45,34,46,5.38,1819.2
Rice,944.0,17.2,1,1,Cloudy,Peaty,West,50,23,87,8.5,2881.3
Maize,1045.7,34.4,1,1,Windy,Peaty,West,77,98,69,5.6,2827.8
Sorghum,1045.3,28.0,0,1,Rainy,Loamy,Central,73,81,53,6.09,2430.8
Sorghum,675.0,23.9,1,0,Sunny,Loamy,Central,120,23,41,6.91,2099.7
Wheat,1176.2,21.2,0,1,Cloudy,Peaty,East,106,60,48,6.79,2424.8
Maize,1268.4,28.0,1,0,Rainy,Sandy,East,85,92,58,6.92,3322.6
Barley,822.0,30.1,0,0,Sunny,Peaty,West,137,74,114,6.15,2129.9
Cotton,590.4,29.0,0,0,Cloudy,Chalky,South,125,47,119,6.69,1193.1
Wheat,930.1,17.9,1,0,Rainy,Peaty,South,68,66,81,6.55,2321.4
Barley,1548.0,29.9,0,1,Rainy,Clay,East,99,28,46,6.25,2933.8
Soybean,582.5,31.2,1,1,Cloudy,Clay,South,93,21,102,6.7,2258.9
Sugarcane,742.2,24.9,0,1,Rainy,Clay,East,132,86,50,7.34,5339.2
Barley,917.2,33.2,0,0,Stormy,Sandy,Central,108,67,89,6.48,1820.8
Maize,1062.5,21.9,1,1,Cloudy,Sandy,West,113,88,104,6.49,3132.4
Wheat,304.3,34.7,0,1,Rainy,Peaty,North,113,93,49,7.35,2319.9
Maize,1291.8,27.8,1,0,Sunny,Clay,West,48,47,82,7.27,3137.9
Wheat,1287.7,24.0,1,1,Sunny,Sandy,East,124,98,109,7.77,2934.0
Barley,772.6,25.1,1,0,Stormy,Loamy,East,116,33,92,5.1,2314.8
Rice,1712.0,33.0,0,1,Cloudy,Peaty,West,49,65,86,7.22,3255.0
Soybean,1268.3,28.4,0,1,Rainy,Chalky,East,114,32,58,6.98,2025.6
Barley,1252.3,30.9,0,1,Rainy,Silty,South,107,35,30,5.79,2505.3
Sorghum,1256.3,33.4,1,0,Sunny,Peaty,South,97,59,111,6.7,2069.7
Maize,1247.6,23.8,1,1,Stormy,Silty,East,134,91,88,7.34,3049.9
Sugarcane,893.4,27.8,0,1,Sunny,Clay,East,91,49,93,5.84,5143.7
Sugarcane,863.7,25.7,0,1,Sunny,Silty,South,73,84,115,6.85,5524.9
Cotton,616.9,33.1,1,1,Stormy,Clay,East,74,77,101,7.2,1688.0
Wheat,726.8,24.7,0,0,Cloudy,Loamy,East,72,67,100,5.64,2537.3
Maize,806.7,27.3,1,0,Rainy,Silty,West,111,68,118,6.39,2891.6
Cotton,919.6,40.8,0,1,Cloudy,Peaty,North,71,21,73,6.74,1310.9
Maize,1379.5,34.7,1,1,Windy,Clay,South,94,33,77,5.86,3057.4
Sorghum,269.3,20.8,0,1,Windy,Peaty,West,136,36,104,5.8,1655.2
Wheat,1303.5,32.4,0,0,Windy,Sandy,North,47,50,44,6.39,1936.9
Barley,596.4,31.1,1,1,Stormy,Clay,East,85,29,64,7.14,2309.4
Barley,868.6,20.4,1,1,Sunny,Silty,East,53,89,52,7.01,2768.4
Sugarcane,682.7,26.3,1,0,Cloudy,Clay,West,137,56,82,5.81,5054.7
Barley,1456.3,21.3,0,0,Rainy,Peaty,East,47,83,74,7.02,1988.7
Barley,750.0,12.6,1,0,Windy,Loamy,Central,110,49,114,5.83,2323.1
Sorghum,1056.4,26.1,1,1,Cloudy,Clay,West,116,53,42,5.21,2458.8
Rice,1072.0,24.0,0,0,Windy,Silty,North,93,37,63,6.21,2711.3
Sugarcane,552.0,20.4,1,0,Windy,Sandy,West,60,82,67,7.4,4588.2
Cotton,871.0,26.9,1,1,Rainy,Chalky,South,135,68,99,7.02,1905.1
Soybean,1261.3,14.3,1,0,Stormy,Loamy,West,114,75,97,6.5,1920.3
Rice,638.0,27.2,0,1,Sunny,Sandy,East,53,77,34,6.17,2697.2
Cotton,1148.7,27.1,0,1,Stormy,Clay,East,114,46,69,6.19,1419.1
Wheat,800.7,31.1,0,0,Cloudy,Peaty,Central,41,74,99,6.59,1996.1
Rice,1249.1,17.4,1,1,Stormy,Peaty,Central,137,38,50,5.65,2957.9
Sorghum,1424.2,39.8,0,0,Cloudy,Silty,Central,100,42,57,6.22,1855.8
Cotton,297.6,37.5,1,0,Cloudy,Peaty,North,56,66,32,6.33,1239.2
Wheat,498.6,22.4,1,0,Sunny,Loamy,Central,117,98,52,5.42,2675.5
Sugarcane,768.4,35.8,1,1,Rainy,Peaty,North,128,85,101,5.83,5493.6
Soybean,1339.6,32.1,0,0,Sunny,Silty,Central,87,70,48,6.83,2154.3
Wheat,1059.7,24.4,0,1,Stormy,Chalky,North,130,47,104,6.51,2151.7
Barley,526.6,23.4,1,1,Cloudy,Clay,West,47,76,79,6.25,2624.5
Maize,1103.7,23.8,1,1,Windy,Clay,West,95,77,103,5.77,3360.6
Wheat,625.9,44.0,0,0,Windy,Peaty,East,56,34,87,7.76,1945.7
Wheat,1161.2,35.2,0,1,Cloudy,Sandy,North,108,35,49,5.83,2506.6
Soybean,1061.7,25.8,0,1,Sunny,Clay,South,51,66,101,6.7,2322.1
Maize,624.6,26.3,1,0,Rainy,Chalky,East,77,82,112,6.11,2732.5
Barley,880.2,32.1,0,0,Sunny,Peaty,West,57,31,82,6.53,1906.2
Cotton,1267.4,31.8,0,1,Cloudy,Silty,North,65,62,114,6.87,1704.7
Cotton,332.4,21.3,0,1,Cloudy,Chalky,Central,134,48,111,5.4,1288.3
Wheat,990.3,28.8,1,0,Rainy,Peaty,South,76,68,38,6.49,2651.1
Sorghum,567.9,23.7,0,1,Stormy,Chalky,West,109,22,33,7.45,1276.1
Sorghum,895.1,27.9,1,1,Stormy,Clay,East,80,88,70,7.91,2079.3
Maize,1037.3,26.7,1,1,Rainy,Silty,North,118,79,54,6.4,3453.8
Maize,1504.0,33.1,1,1,Stormy,Peaty,South,81,85,63,6.53,2992.6
Barley,892.1,25.4,0,0,Windy,Loamy,North,129,45,102,8.27,2129.7
Soybean,1339.7,27.7,0,1,Stormy,Silty,Central,115,90,38,7.41,2047.5
Sugarcane,647.9,15.7,0,0,Stormy,Loamy,East,80,93,111,6.01,4629.3
Cotton,751.5,28.9,1,1,Stormy,Chalky,North,86,88,104,6.0,1483.3
Soybean,1076.1,22.3,0,0,Windy,Sandy,West,53,66,42,7.27,1544.6
Rice,960.5,17.9,1,1,Stormy,Silty,East,40,95,38,5.69,3087.9
Cotton,801.5,33.8,0,0,Windy,Chalky,West,56,61,109,7.37,979.0
Soybean,793.3,26.7,0,1,Rainy,Loamy,North,136,50,33,6.77,2363.3
Cotton,1300.0,14.5,0,0,Sunny,Clay,East,94,41,63,6.91,1689.3
Sugarcane,813.5,22.3,0,1,Rainy,Clay,West,132,36,36,6.29,5175.8
Rice,593.7,27.0,1,1,Sunny,Sandy,Central,92,39,44,6.0,3241.3
Sorghum,643.5,27.2,1,0,Rainy,Silty,Central,70,27,67,7.67,1970.4
Sorghum,1101.0,24.0,1,0,Sunny,Silty,North,101,68,104,6.3,2356.2
Sugarcane,1577.0,10.0,1,0,Sunny,Silty,East,47,57,81,6.17,5257.8
Barley,742.8,23.7,0,0,Cloudy,Chalky,South,69,72,110,6.44,1917.9
Rice,1544.6,33.4,1,0,Sunny,Sandy,East,116,47,112,6.65,3432.0
Wheat,896.7,35.4,1,1,Sunny,Silty,Central,119,96,36,5.68,3175.9
Soybean,816.1,23.4,1,0,Cloudy,Chalky,West,105,48,74,6.05,1946.1
Rice,626.9,38.3,0,0,Stormy,Clay,South,84,91,88,6.01,2335.9
Barley,840.6,17.3,1,1,Stormy,Loamy,North,57,30,50,7.18,2219.6
Barley,673.2,22.1,1,0,Cloudy,Chalky,South,138,66,57,5.79,2370.8
Sugarcane,649.1,32.3,0,0,Windy,Clay,North,84,64,32,5.1,4980.3
Cotton,404.4,31.4,0,0,Sunny,Clay,South,58,37,43,4.93,1283.8
Rice,1429.8,26.9,1,1,Sunny,Loamy,North,116,69,31,5.32,3845.3
Soybean,1219.3,20.3,1,0,Cloudy,Clay,North,107,68,58,7.59,2498.0
Rice,981.5,20.3,0,1,Cloudy,Sandy,South,122,41,47,6.51,2862.6
Maize,856.8,22.6,1,1,Windy,Loamy,South,89,64,66,6.9,3295.1
Cotton,898.3,20.5,0,0,Stormy,Clay,North,64,80,74,6.93,1254.3
Soybean,666.9,27.8,1,1,Rainy,Peaty,Central,77,40,74,6.54,2181.1
Sorghum,559.8,26.4,1,0,Stormy,Chalky,South,134,90,53,6.44,1685.8
Soybean,1115.2,20.0,1,0,Sunny,Clay,East,75,80,75,7.34,2406.6
Wheat,821.3,24.9,1,0,Cloudy,Sandy,West,107,95,41,6.62,2426.5
Sugarcane,997.7,11.1,1,0,Windy,Silty,North,95,55,82,7.62,5048.8
Wheat,401.3,29.0,0,0,Stormy,Clay,North,78,43,74,7.0,1730.1
Soybean,805.4,31.3,0,1,Windy,Silty,West,102,51,61,6.01,2146.3
Cotton,554.0,21.5,1,1,Stormy,Peaty,Central,46,78,47,6.1,1102.6
Rice,1045.2,22.3,1,1,Sunny,Clay,West,97,94,42,5.92,3627.9
Sorghum,1198.6,28.5,1,1,Rainy,Loamy,South,119,24,33,7.47,2769.9
Rice,1337.9,27.6,0,0,Windy,Silty,West,98,35,52,6.18,3174.2
Cotton,711.3,31.6,0,0,Windy,Peaty,North,87,30,91,5.86,837.6
Soybean,561.6,22.3,0,1,Rainy,Loamy,West,44,54,83,6.76,2399.6
Barley,774.4,23.0,0,0,Windy,Loamy,East,126,94,103,6.42,2442.3
Rice,690.2,25.7,0,1,Windy,Loamy,South,75,61,84,6.74,3188.9
Barley,1029.4,20.6,0,1,Stormy,Loamy,West,135,29,98,8.01,2113.8
Rice,479.2,25.5,0,1,Stormy,Clay,North,127,27,69,7.23,2726.1
Rice,373.7,20.7,0,1,Rainy,Chalky,South,64,45,43,6.52,2725.5
Sorghum,796.1,29.5,1,0,Sunny,Clay,North,84,22,57,5.37,2176.5
Sugarcane,1118.0,21.4,0,0,Windy,Clay,Central,131,78,101,6.1,5022.1
Sugarcane,591.8,28.5,0,1,Sunny,Peaty,East,58,22,109,7.07,5113.8
Maize,1154.7,35.7,0,1,Rainy,Peaty,Central,46,57,100,5.56,2840.4
Wheat,1009.6,29.6,0,1,Rainy,Chalky,East,97,21,96,8.21,2456.9
Cotton,1364.0,28.1,1,1,Stormy,Peaty,West,120,36,58,6.51,1616.9
Cotton,659.3,18.8,0,1,Windy,Sandy,South,105,92,90,6.54,1221.2
Cotton,418.1,35.3,1,0,Cloudy,Chalky,West,119,55,97,5.97,1227.0
Maize,1079.6,33.7,1,1,Rainy,Peaty,East,78,92,38,6.9,3484.1
Sugarcane,984.0,26.1,1,1,Windy,Chalky,East,57,21,46,5.57,5361.1
Soybean,960.7,24.7,0,0,Sunny,Clay,East,40,53,78,8.23,2039.9
Barley,585.7,22.1,0,0,Stormy,Clay,North,102,46,92,7.55,1911.3
Sorghum,1132.5,37.7,0,0,Sunny,Chalky,South,42,56,113,7.29,1716.8
Barley,710.0,31.7,1,0,Rainy,Sandy,West,60,90,107,5.39,2238.7
Soybean,960.6,22.4,1,0,Rainy,Sandy,West,69,41,75,6.66,1820.1
Sorghum,762.1,33.6,1,0,Sunny,Chalky,Central,50,87,42,7.47,1788.9
Maize,1006.3,35.0,1,0,Rainy,Peaty,East,61,33,74,6.97,2806.5
Soybean,541.5,26.9,0,0,Windy,Silty,East,96,42,82,5.7,1640.1
Cotton,1049.9,24.9,0,0,Rainy,Sandy,East,128,63,46,5.98,1166.4
Wheat,1097.3,21.0,0,1,Stormy,Loamy,West,42,84,76,6.14,2461.3
Rice,934.8,31.2,1,0,Windy,Clay,Central,69,98,91,6.02,3144.5
Barley,1393.2,24.4,1,1,Cloudy,Chalky,North,127,97,79,7.72,2474.5
Sugarcane,962.1,24.2,0,1,Rainy,Loamy,South,84,80,72,4.96,5404.7
Sugarcane,1175.6,26.9,0,1,Rainy,Chalky,North,75,74,97,7.02,5376.1
Maize,927.7,22.1,1,1,Stormy,Clay,West,126,90,113,5.47,2915.2
Sorghum,1148.8,36.2,0,1,Stormy,Clay,East,111,69,104,5.73,1852.0
Sugarcane,440.0,32.8,0,1,Sunny,Sandy,South,103,31,115,4.89,4982.3
Cotton,909.9,27.5,1,1,Sunny,Sandy,West,93,98,101,6.06,2012.3
Barley,561.9,21.9,1,1,Sunny,Loamy,West,107,34,57,7.71,2655.4
Soybean,942.1,22.2,1,0,Stormy,Chalky,West,89,36,74,6.71,1647.4
Cotton,1015.3,22.0,0,1,Sunny,Clay,South,70,53,70,5.54,1762.3
Maize,1142.2,19.6,1,1,Sunny,Loamy,South,68,54,65,7.31,3530.9
Cotton,1047.0,28.9,0,1,Cloudy,Silty,Central,98,58,113,7.49,1856.9
Soybean,798.9,23.1,0,1,Sunny,Loamy,Central,75,97,62,6.58,2423.5
Wheat,673.9,22.8,1,0,Rainy,Peaty,North,116,74,54,8.13,2829.1
Maize,197.2,22.1,0,1,Stormy,Loamy,South,112,78,48,7.16,2998.8
Wheat,920.7,33.0,1,0,Windy,Peaty,South,124,24,76,7.05,2243.5
Rice,1241.4,22.4,1,0,Cloudy,Peaty,South,106,49,114,5.86,2833.9
Wheat,932.5,34.6,0,1,Stormy,Peaty,Central,128,23,62,7.0,2184.5
Rice,874.6,25.3,0,1,Stormy,Silty,West,128,34,96,6.67,3040.5
Rice,942.9,19.5,1,0,Rainy,Loamy,East,115,54,43,6.92,3584.2
Wheat,783.7,29.8,1,1,Sunny,Loamy,Central,132,93,108,5.95,3226.2
Maize,958.5,32.3,1,1,Rainy,Silty,South,50,74,62,6.6,3388.5
Sorghum,778.5,21.9,1,0,Sunny,Clay,Central,50,85,71,5.85,2280.4
Soybean,630.3,27.4,1,0,Sunny,Sandy,North,65,79,115,4.78,2243.6
Cotton,877.4,28.9,1,1,Stormy,Loamy,South,92,43,94,7.3,1605.6
