Region,Temperature,Rainfall,Soil_Type,Fertilizer_Usage,Pesticide_Usage,Irrigation,Crop_Variety,Yield
East,23.152155735731096,803.3625734259747,Clayey,204.7920110607646,20.76758957893221,1,Variety B,40.31631777820608
West,19.38241897544585,571.5676697342047,Sandy,256.2017369949576,49.2902424374646,0,Variety A,26.846639296498925
North,27.89589009645857,0.0,Loamy,222.2026258974968,25.316120561489832,0,Variety C,0.0
East,26.741361132013623,897.426194134021,Loamy,187.98409026511663,17.115362349379986,0,Variety C,45.440871287808704
East,19.090285745362397,649.3846938142119,Loamy,110.45954885383829,24.06880445382609,1,Variety B,35.47811829725485
West,29.17747138960381,891.2836506376902,Loamy,156.49937986710702,27.607213147887727,1,Variety A,46.60005176237303
North,19.00907983698832,718.1447172299668,Loamy,291.9357062084289,12.772310921531794,0,Variety A,33.34459649705373
North,30.146108956169467,758.1030837741118,Loamy,214.44134581815,33.12873524893158,1,Variety A,38.534189447509775
East,28.43931663593509,541.0533787202169,Loamy,191.0988450847474,33.905297594756014,1,Variety B,28.482637897388607
South,27.098327612990342,447.5407975620335,Clayey,283.2391563820568,39.557218213978885,0,Variety A,20.511027450270152
East,23.11502420416482,574.6962375464321,Sandy,196.62794525936215,11.166795691629732,0,Variety B,29.08369503561965
East,27.878898913332264,358.2429839506922,Loamy,181.52062960435077,31.649528577353205,1,Variety B,18.90152174654004
East,30.381859976205902,586.7761701800464,Clayey,239.8277137875513,12.116297330826576,0,Variety B,30.159745414242728
East,27.961759605540863,0.0,Clayey,228.1664047466361,38.04576879866614,1,Variety C,0.0
West,21.64874989136881,508.5864490428826,Sandy,98.2900021021082,12.22911942803938,1,Variety A,29.188909200005067
North,26.33703491177732,768.9352240204266,Loamy,167.8270686435303,46.469113933665305,1,Variety A,40.10982302957735
West,30.66017493147518,518.8617157857932,Sandy,168.1288607048963,38.08330267537986,1,Variety B,26.58065415135413
West,35.99549090278352,845.4965476061975,Loamy,144.5561288108362,30.29559060340628,0,Variety B,45.71209449454961
West,23.97393512750402,447.2509224302789,Clayey,179.32337053806327,27.660156931247,0,Variety A,23.424433802741618
East,29.289415530657152,700.5301825975655,Clayey,153.27684943178605,15.226905216530495,0,Variety B,37.2183676337886
South,30.67240260042159,324.3459852653268,Clayey,99.83637236779578,21.639975582586523,0,Variety A,18.78652028108056
North,20.93797500505118,692.3913239110757,Clayey,153.09162181867026,44.75836420083585,1,Variety C,36.130107231887806
South,33.910391590307405,546.5189816455633,Sandy,68.06923689329415,46.17811246249976,1,Variety B,31.94883394101085
West,19.67407657958277,456.04990083145424,Loamy,193.9464656936029,10.029908334821243,0,Variety A,22.772063076855883
West,29.04492757516488,0.0,Loamy,263.413637235278,33.76545565910205,1,Variety B,0.0
South,26.52659889773533,449.1246448388901,Sandy,231.3217710886388,38.77202436100454,1,Variety A,24.36680273407479
South,25.2778777999908,542.6906038559621,Loamy,140.0985100135278,34.74987929830425,1,Variety A,29.778262391440744
South,37.73416640724322,665.7418870439834,Clayey,71.76780139432705,13.26719059465416,0,Variety B,37.83544698854715
West,23.493723823365997,812.1899598198136,Loamy,100.53734980631768,18.70899595195609,0,Variety C,43.60506618770792
West,23.41327203635696,907.0065402731822,Clayey,186.3725851237089,20.01361069525544,0,Variety A,46.286298620340055
North,31.657394036988972,749.2534686245968,Sandy,101.7642708457582,43.26898525220359,1,Variety A,40.75452597797373
North,28.809018890433915,387.5819349391611,Loamy,185.9932778212419,28.52797745235682,0,Variety A,21.16502445848545
West,31.41049460479277,439.0391820964522,Sandy,107.89975619097471,29.473128477649475,0,Variety C,25.3611214447714
South,25.58434691170557,647.7830942087367,Loamy,262.23096736901823,47.395721862180345,0,Variety C,31.383327145569996
South,26.584713085060816,603.9228919695603,Clayey,149.3178682101149,35.48343555418862,0,Variety B,32.263265876924315
North,34.50467806497287,825.6691918782724,Sandy,111.38765648612276,45.94670806210655,0,Variety C,44.38588925460041
West,20.82022960209652,995.8778837419824,Loamy,253.0815450617654,28.26035421366132,0,Variety B,48.91852534597277
North,24.4856147795417,953.4360390196446,Clayey,135.7097412013627,15.97745034073177,1,Variety B,50.20599383836576
North,28.991270357127224,798.7876399596689,Sandy,77.87192195969548,47.19742376296343,1,Variety C,44.46531944515474
East,24.02069589956081,605.5805297885795,Sandy,192.6023728509104,28.34820462670153,0,Variety B,30.50605062980332
East,22.149270603584824,769.8650125891688,Loamy,195.3910511094972,17.265256875152875,0,Variety C,38.98283775795312
East,28.09242256393261,832.2882027456792,Loamy,228.67391880893356,22.09582961215689,1,Variety B,43.35803713061415
South,31.67902833245747,470.5399205489963,Loamy,110.0548583020964,12.032103587557687,1,Variety C,26.90577794664016
West,24.295828185970716,393.46780549824814,Clayey,160.9428347730613,28.732023658255407,0,Variety C,20.98239478689804
West,24.157051895946253,346.515799985665,Loamy,120.59197976066406,44.12512687640947,0,Variety B,20.336770830903596
West,21.761559871582847,324.7230533109393,Sandy,70.23843402892203,47.343218240267575,0,Variety A,19.326278708101366
West,23.520115782971327,223.6009354813619,Sandy,269.15345675397293,47.30408830014575,0,Variety B,9.411999077705213
East,30.41803039915093,549.9803418235455,Loamy,232.2174511220853,15.00920102514987,1,Variety C,27.99873228257348
South,25.405314353468285,300.04943978237367,Loamy,125.36576486470015,25.28215530044228,0,Variety A,17.38047773435423
South,20.97504669534856,343.2955631729235,Sandy,199.84324821799655,11.129150386028254,0,Variety B,17.476920317766336
East,26.311811901618317,640.2511118353455,Clayey,100.3159470336181,44.20661379885891,0,Variety B,34.718707774626154
South,30.2559700549302,536.321813250702,Loamy,272.5591554489428,24.350230480850957,0,Variety B,27.4711166506325
East,22.190571682262856,585.9249881267349,Loamy,78.72658584047758,35.24468111568939,1,Variety A,32.13203127967428
West,18.356973902022183,773.0297523784163,Sandy,50.959286376950224,38.59593752309154,1,Variety C,41.930792369868016
East,35.95412579936376,672.9059817081591,Loamy,175.50204943479554,27.19378678972621,1,Variety B,35.2491155719293
West,18.107353249783763,803.7773162905326,Clayey,195.7819558632173,22.25769346200972,0,Variety B,40.66429196664114
West,23.204887180721077,515.9952989556141,Sandy,194.7413300739511,48.488516404637785,0,Variety B,25.826000913842503
North,26.160642559293347,822.3581182624791,Loamy,63.62798185945657,48.57952900095417,1,Variety B,45.48997891626463
East,23.637861493778544,571.947352871492,Sandy,128.5109517296081,21.57745472120088,0,Variety B,30.866949824078947
North,24.625445776724906,533.7412522190406,Loamy,174.79973671033295,29.185003869778324,0,Variety C,28.828162083811755
East,27.88419083937297,792.3052412553006,Loamy,104.14479640681024,48.9137663464009,1,Variety C,43.14542300683173
East,13.041391711436033,325.56926416134104,Loamy,268.1564713714741,10.194736306220127,1,Variety B,14.54142963962112
North,18.665527642380745,904.720113508495,Clayey,71.77732236535851,26.50712993516597,1,Variety A,48.39382347235421
North,25.221296930351645,443.5799959925428,Clayey,171.8461104180107,14.018301987238736,1,Variety C,23.3845808603878
East,22.97891494013195,256.37840569013565,Sandy,222.854014378288,30.366318622504103,0,Variety A,12.819311579708671
South,25.64705629137799,630.7003904111724,Loamy,115.4377750336206,10.986798181619486,0,Variety C,33.69051839625282
West,26.13826641315652,424.5356979763479,Loamy,206.06018424937955,26.27593725562512,1,Variety B,22.18423863030952
North,14.42040002264504,905.16141838225,Clayey,257.34628753559366,18.827962991413404,0,Variety C,43.10400192670136
West,31.36820166075823,413.4198362429706,Loamy,97.58424377376188,31.33233449834963,1,Variety B,24.5063501326305
South,22.50866058449825,562.8897834703924,Clayey,279.3051479562157,49.83974596402798,1,Variety C,27.721367285688167
South,20.672434076119966,214.8813369043794,Loamy,188.3896331655895,42.02144420506991,0,Variety B,10.217469192183314
South,26.0417764797964,662.5828489794942,Sandy,124.80800107526514,43.82568366497686,1,Variety B,35.39286374881648
North,25.53580113891121,344.52198482821905,Loamy,157.71456884556767,35.41059949436324,0,Variety B,18.709411562980858
South,30.983454088273188,638.6649380665202,Loamy,128.047970946597,11.662393930890342,0,Variety B,33.29697457261469
North,26.359365813850083,414.3309520588276,Clayey,231.27778998332903,18.271907041765765,0,Variety A,21.597060601516272
South,30.7905542401215,90.61306265544005,Loamy,249.07516585378303,47.0025822578822,0,Variety B,4.272649832431964
West,20.309113122861472,526.2380180687767,Loamy,258.23434807966527,24.64452471715005,1,Variety A,25.209081494752464
West,25.709305276037497,517.2857034156871,Clayey,296.4420623964353,14.145469059231823,0,Variety A,24.40270331233101
East,19.426261463375557,676.2143147245226,Sandy,247.82107312417088,38.09621463464808,1,Variety B,33.36560683947938
West,25.4883792778014,811.2001143678408,Sandy,200.34601767214085,21.978308957370185,1,Variety A,41.2236868437532
East,24.428560221990573,882.4818819833597,Clayey,134.80507459794595,20.75427651616687,1,Variety C,46.8610554624026
West,24.213512873995484,672.8308426941771,Clayey,186.1488621776873,49.91909822233041,1,Variety B,35.039769448275266
North,24.257362238191835,555.7238384131837,Clayey,60.26704319760135,44.32555700106617,0,Variety A,30.587966333723664
West,28.681947350922982,214.53328209690693,Clayey,236.20626888247827,26.31751273471364,0,Variety B,10.609530903826895
East,16.9632017149871,540.4041873980015,Clayey,161.48888627302546,49.21044831265996,1,Variety B,27.22836696774312
East,20.501060686079136,542.9880339877865,Sandy,55.0058074330469,36.004528936768544,1,Variety B,29.972721171568885
South,24.797140866274123,460.2719480687944,Sandy,65.6267353776027,39.68089807519041,0,Variety A,26.374575946621263
North,19.10668455264375,626.5935301201617,Clayey,146.86661595543916,11.260521723288464,1,Variety C,32.38958036412877
West,25.23057053100522,724.3811421964269,Loamy,195.8553797546088,14.864210373922283,0,Variety C,37.72714879435424
South,24.745737393794627,336.3192138942632,Clayey,166.05098723803167,35.323405059849534,1,Variety A,18.504976289486564
West,17.981216774737085,333.2031291601066,Loamy,204.80107932303872,45.96095930597936,0,Variety B,15.685844836466265
West,17.734174268728612,472.14159764467416,Clayey,170.07356469783895,34.94974904350383,1,Variety A,23.90735237211601
South,11.88105882225367,376.9541618584154,Clayey,215.4259613703367,15.360995772759672,1,Variety A,18.75377959508012
South,18.896649751590434,171.7493595280274,Sandy,104.78151616770022,14.630401849852984,0,Variety A,10.343245826901873
South,25.071616291053,300.68145273540966,Loamy,78.21079679590535,43.76743583296327,1,Variety B,18.97301574323649
South,25.78093911470439,253.53577059251188,Loamy,199.10848865641495,15.572093548316571,1,Variety A,13.589468677928703
South,26.00949779814225,741.6901016036306,Sandy,171.17237923407686,30.809278420161014,0,Variety B,37.98189122906246
West,21.110405936663096,840.5654012018556,Sandy,56.71691351123383,11.48453279849209,1,Variety A,46.06469606905161
South,24.908482579892556,280.91330854108264,Sandy,145.12047137325897,13.226790695647097,0,Variety C,15.204815569063912
North,26.986223046207265,609.2147026274223,Sandy,76.53139637274887,36.8939307057146,0,Variety A,33.873256575222044
East,18.659822252494237,674.7032848939501,Loamy,182.8392079381738,37.567256417100666,1,Variety A,34.33847050598277
South,25.6166453719527,201.5462426680272,Loamy,148.9444199151077,23.658776264337696,1,Variety C,12.599449978982364
South,28.282406059175457,532.1957894358,Clayey,203.28797777575448,18.62439060972179,1,Variety B,28.781512515960355
West,22.5461393508856,1006.7032330693052,Clayey,251.4005546925596,42.54841083029232,1,Variety B,49.86567565310212
South,30.311171651748012,635.4293732715262,Sandy,124.9171709603727,18.68412917879561,1,Variety A,34.53067134014543
South,22.66282828087515,450.9398917334939,Sandy,290.52552604125685,31.68108278665519,1,Variety C,21.835671088455754
South,20.699695724384625,387.9626949563582,Sandy,183.9086251468936,48.72835363451622,1,Variety B,19.748930019716965
West,27.784205892764604,95.50768305582108,Clayey,204.57269968869696,15.914097514495351,0,Variety A,6.270583477218594
South,35.16646884733228,594.0947312233463,Clayey,220.16809330643423,47.63505069978835,1,Variety C,32.0410328548001
East,25.426768094439044,889.5633574508631,Clayey,216.68288246439744,17.315722122746745,0,Variety B,44.1876272131189
West,28.1745390205686,337.29124912041584,Clayey,177.74268576126553,32.69772832092919,1,Variety B,17.83560023314889
East,22.45641389451078,112.88306409658776,Clayey,157.19107277867087,25.080308478349785,1,Variety C,6.66568456227894
West,18.791918901019866,367.1551637293552,Clayey,63.44549104434448,48.59714406007304,0,Variety C,20.39535543570329
South,25.83132822950367,676.3199491956417,Clayey,55.521461325294936,20.94168116007748,1,Variety C,38.18958133840405
East,26.62199985893956,414.2999990355829,Sandy,139.49029863319117,25.986320083430144,1,Variety C,23.861979122898983
West,23.210444548094188,335.9063814173824,Sandy,133.41522265842315,49.31440471421682,0,Variety A,18.843122178819485
North,28.15528259010753,503.8309830115718,Sandy,146.9237887097517,31.458815647538927,1,Variety C,27.45050552708608
South,21.7295999509284,545.940149433571,Sandy,84.5920502220475,30.10520462485014,1,Variety B,30.44937569578565
West,20.48956867074129,222.3219718456611,Clayey,234.54206763421087,20.31113952815965,1,Variety B,10.539325090270449
North,30.303214652430825,456.54326061263527,Loamy,264.24110369405975,38.05454241241766,0,Variety A,23.12126644477577
West,30.32673813270815,400.5464772155323,Clayey,284.67865884350874,10.574918071111108,1,Variety B,20.082438967168525
North,21.828284470821607,371.8191301503834,Loamy,173.09057587990645,11.98050518809174,1,Variety B,20.198572328011437
South,33.59425245202411,296.5926661217104,Sandy,225.21642478135715,33.97434348543211,1,Variety C,15.820962204730902
East,23.564466537348757,688.2515709589595,Clayey,263.8877808589681,23.666982952738167,1,Variety B,33.90697099106917
North,25.423914323219797,371.1226142403944,Sandy,154.57277777337148,48.13265488803842,0,Variety A,20.369603158864876
West,24.576737290757865,101.01094283734297,Clayey,127.3531987176111,46.12762762891143,0,Variety C,7.682913346352521
South,27.6188010872284,552.8595643950866,Sandy,284.1811389633725,38.54825034706829,1,Variety C,26.91718566948543
North,26.357107469004717,645.0398945346369,Loamy,178.91913776926827,42.72582324511205,1,Variety A,34.19954867183236
West,26.28981080790829,340.79678695682446,Loamy,174.3134716477195,36.69327398670774,0,Variety C,17.82651509737252
West,19.90219184140057,388.0674620432068,Loamy,94.60402414087396,15.023284108406427,0,Variety C,22.56010868989622
West,16.557188416051577,370.1892559143255,Clayey,77.03875364333919,40.62173478756811,1,Variety A,20.916994210318386
North,30.710800141264308,430.6693277139779,Loamy,260.5267156208779,18.407678748753856,0,Variety C,21.715764674433824
North,22.27277000530128,721.3700364379645,Clayey,203.53329404687952,22.93771420400787,1,Variety A,36.80791774910758
North,24.75483313283261,477.1881655255287,Loamy,131.45614600486218,42.76936848409681,0,Variety A,27.008420230142697
East,26.633994549448904,667.9187091334411,Loamy,97.93405434756662,31.46102433573793,0,Variety B,36.215604628677895
North,33.145048016746344,306.2336736906494,Clayey,188.87432004240785,44.39762856733637,0,Variety B,16.591174073863883
North,25.80678962321254,423.2619160838032,Clayey,195.97982231528383,18.52141279373057,0,Variety C,22.14393157651227
North,23.026012185379518,690.8027631694613,Loamy,101.74840031126452,34.31113754427549,1,Variety C,37.61639180417341
East,22.382278093565716,338.87892031474814,Clayey,262.8514369728685,13.351638901930464,0,Variety A,15.846410153757136
North,24.813215793790302,702.4272921817061,Loamy,71.06609153896278,35.722439741601185,0,Variety C,37.63398142557102
West,20.45317615179693,374.3231818009724,Clayey,139.02327129160545,40.501361511021386,1,Variety A,20.217011848701027
North,25.14437861574505,435.6674969883161,Sandy,220.09610344063051,33.39723575914887,0,Variety A,22.33664011625016
West,24.73990155770993,834.032517469785,Sandy,118.53009095480016,20.64926005995241,0,Variety C,42.93128973704727
West,33.20763474322076,412.83620456675374,Sandy,256.91879869531795,11.253706754354669,1,Variety A,21.20017477906055
West,24.581994307045395,529.069160550127,Sandy,234.96695665010088,14.77795535857143,0,Variety B,26.709750286117263
East,15.37755919475575,623.2872845043472,Sandy,247.2557111370336,34.89211916296105,1,Variety C,30.210257812452248
East,38.36755485198239,545.3017299344023,Loamy,79.77663396917907,47.37680867370055,1,Variety B,33.09316437231114
East,29.784168655780483,551.0106697779153,Sandy,85.13678199888574,18.261376158880257,1,Variety C,30.453889594346773
North,35.41174372047792,488.69205120365314,Sandy,121.6184344361459,39.40104596420395,1,Variety A,27.562724309047816
West,19.21340006507758,239.55215819673543,Sandy,179.51929129939026,44.65804252996166,0,Variety C,11.151245189230329
East,23.89086609371854,569.6578660199517,Sandy,237.0040191748506,30.835287137900444,1,Variety B,29.62874481024508
East,28.3720062074716,353.50630859766915,Clayey,259.1327226902259,36.77063183374631,0,Variety A,16.857368021450284
North,27.681956861422297,655.1534434806354,Loamy,226.0838289892951,42.60061266704592,0,Variety C,32.01073062452392
East,26.53468853679776,774.4122847899371,Sandy,282.1492203826596,20.427006309623746,0,Variety C,37.42513902831072
North,14.001946407497227,138.88854771659692,Sandy,234.68587740398257,21.87582697072172,0,Variety C,4.954499924405684
South,16.43780271217843,774.7615654854209,Sandy,126.56697175115367,10.025100665138249,0,Variety B,39.54812666531312
East,32.58760054531936,417.7884416265913,Loamy,116.27032108464314,48.5237652359121,0,Variety B,23.843390339641093
South,33.47664766434845,473.8101555631055,Clayey,224.04811257527248,46.70179578385379,0,Variety C,24.95967084510822
North,24.466743542818023,317.52250949752204,Loamy,98.21764217240356,40.582730550377214,0,Variety A,18.27111251565436
West,31.95213737203191,537.6935458132554,Clayey,73.17870270256748,13.163040839065925,0,Variety A,30.62896232348195
East,19.88386116928351,513.3629766354811,Sandy,183.05571871404848,27.900115587980324,0,Variety B,25.70462296288637
North,21.0278697326566,715.38456505857,Sandy,255.4103924447388,14.075670158862112,1,Variety A,34.50795826367456
West,19.488598390684253,351.7213446739486,Loamy,75.34496061746589,10.636810690511943,1,Variety B,19.60475773893359
West,20.75040227155677,832.1604803875817,Loamy,247.9728309489323,34.647318608503895,1,Variety C,41.04136473738793
South,28.61348004761309,632.9428172617779,Clayey,252.89300108788703,48.433176683207535,0,Variety B,31.49294873536407
North,20.688238134682777,518.1937953550818,Clayey,170.5685000203859,46.114720937286,1,Variety B,26.847836320201523
West,36.19871519963933,463.8431272209018,Loamy,64.32757750262171,37.87019259741618,1,Variety C,27.12081283452592
East,27.30035303173719,438.68611057322994,Clayey,93.6474628117966,13.865623366594855,1,Variety A,25.39209162223337
East,30.422635232475443,451.7312451186991,Loamy,226.8565687904831,20.96656150689201,0,Variety B,23.906346844824995
South,27.449702914000365,533.6803913870947,Clayey,227.94448624773736,22.80226907541164,0,Variety B,26.81277687904445
West,31.0713482522964,458.2000078612536,Loamy,274.5888187919163,40.526002309822445,0,Variety C,22.23559355366595
North,20.660000002307264,371.8941086985026,Loamy,195.6715366386457,42.08996716940456,0,Variety A,18.71702768226118
East,32.23466769099778,534.8918589673405,Loamy,81.02684192844436,25.404244919596817,1,Variety B,30.295332956616356
West,25.704694427957183,332.74237625492253,Clayey,80.35372637624303,26.715359864704386,1,Variety C,19.51606416336891
West,31.046330554843696,564.4933802003494,Clayey,230.28308933920596,11.780361571046852,1,Variety B,29.449347322765043
South,17.80217973311908,455.3865929038517,Clayey,95.94616627697528,21.56546873675044,1,Variety C,25.625785057481156
East,25.902916033041816,639.3461818463688,Loamy,132.09637490415133,28.0514070871056,0,Variety A,33.84212402144239
East,25.726193583908326,697.8148421390954,Clayey,171.80300173047846,14.679321855410304,0,Variety A,35.040418906928146
North,21.903817675102797,697.7361120689477,Clayey,56.1912193940378,28.13069843020085,0,Variety A,38.13003744634478
East,26.56559414873632,563.6210112105252,Loamy,112.20475675498297,44.12703249031202,1,Variety A,32.12720592546896
North,32.69803424000757,586.966244153369,Sandy,151.97240212682,33.252840789002136,0,Variety B,31.456718507408663
East,21.519238205184397,435.44979477631296,Loamy,119.90907962330157,13.157194201536493,0,Variety B,23.437309079166347
South,29.80927178102469,635.5279376966695,Clayey,84.09258186689146,17.666852753210975,1,Variety A,35.13915566054114
East,19.36288471926746,658.1002721323447,Loamy,232.00306444904933,28.98177400634225,1,Variety A,32.9419177885097
North,35.5472229732123,186.5341692950944,Sandy,253.28691379199623,24.459485992872484,0,Variety A,9.48020075398872
North,28.923001592183542,575.6694391214528,Loamy,114.3697440359312,24.349080781843952,0,Variety B,31.89912818340667
South,33.62558666129286,773.6259615417734,Clayey,243.60487365157584,31.170697925743607,0,Variety A,38.842968996943874
East,28.36030259546884,428.7419410790431,Sandy,146.38839110032848,33.3758368635783,0,Variety A,23.516255225551955
East,26.953065888646808,385.0906047732241,Clayey,176.6714477135007,41.87446281104764,0,Variety A,20.393235750226093
South,28.96466470242959,416.0273077827361,Sandy,264.0002687232882,23.638662538499386,0,Variety C,21.195382294568653
East,24.31776268322914,199.02480143417463,Sandy,237.48842045060195,42.21865132162347,1,Variety A,10.337987624118634
East,16.91083047220839,525.1967908897822,Loamy,251.27921282904444,23.544449164505306,1,Variety C,26.11884199469152
North,27.236996732333964,505.9930880194503,Loamy,84.2112916465892,12.217319557649354,1,Variety C,28.89343999166271
East,21.22248332700123,539.4053665754602,Clayey,67.42985645843237,32.16750604019165,0,Variety A,29.658549382047344
East,19.491690423102987,583.1953242435604,Loamy,273.3511822719968,33.51609299579258,1,Variety C,28.12281622428077
South,28.18146584219305,340.4013195637047,Loamy,146.9585673927736,47.3816098248744,0,Variety A,18.513336613860474
South,23.60445762550153,554.6398398044088,Sandy,121.9699195174202,39.04245304249898,0,Variety B,29.918873754274124
West,30.138522033028448,588.6397319831459,Loamy,231.17406356545607,46.71090609977758,1,Variety B,29.97717836074928
North,21.055296156204648,402.3216538365936,Sandy,259.1038991449642,46.33388840972038,0,Variety B,19.095765845309785
East,22.64585511743087,584.0235996503945,Sandy,265.6224054745752,34.18296441032969,0,Variety B,28.580918368003267
East,30.75148013150697,516.1413252773483,Sandy,128.99928528130684,31.1104826134579,1,Variety C,29.594003026280447
West,26.39921330498804,373.762046111324,Clayey,263.0530978004185,32.297638686544,1,Variety A,18.64839172198913
East,17.6133597954693,556.5577392967353,Clayey,60.23348609358635,49.13323230708991,1,Variety A,31.31515675054499
North,26.288804414300557,441.8578513293561,Clayey,62.41537286492972,40.926707669878354,0,Variety A,25.844409425789674
West,32.406192742944015,639.4130548028775,Sandy,205.8797987935386,14.250636191695833,1,Variety B,33.40248749315702
North,22.607112776892663,452.1667239861925,Clayey,65.77659227888655,41.137136271256,1,Variety B,27.10741735863325
West,27.990288482264543,242.046883646988,Clayey,131.15229212754036,16.821521955929036,0,Variety A,13.990206086585577
West,20.753065424220477,553.3973971055302,Loamy,218.188996561731,27.894021960225025,1,Variety B,27.926893779538723
South,24.316083625152856,545.8806495662869,Clayey,134.31672401355658,18.41838688706137,1,Variety A,30.26636623725772
North,30.449177682252166,283.77257744046767,Clayey,94.89994536002398,37.58332262132919,1,Variety A,18.55027685444753
East,26.096158338774867,650.1072230870611,Sandy,120.3376554634604,45.09238944772142,0,Variety A,34.71538407797917
East,31.44634931357818,639.6441672270957,Sandy,164.39383306260794,21.61447541466724,0,Variety A,34.334175005380764
North,27.12651202113931,326.0039615050183,Sandy,168.8464638388706,13.280429648327504,0,Variety A,17.52393383236566
East,36.093698386004206,368.0747397880177,Sandy,245.7500578368005,21.93972392299853,0,Variety A,18.853766226115766
East,17.175433153903654,471.5984773940946,Sandy,237.53830735787813,36.894474317287774,1,Variety A,22.44030650137832
North,23.914033249695176,348.2295737924724,Sandy,164.20445113903378,23.150405102178,0,Variety B,18.8807336745521
West,19.577331033539743,628.0794369823356,Clayey,261.41683727469285,21.124486702152137,0,Variety A,30.547978672611126
North,19.918754127708752,529.794389865442,Sandy,78.55928464784895,17.377407623370598,1,Variety A,29.12646456530817
West,19.9640815309698,281.2885708223528,Sandy,113.83833755722536,29.900657074977342,1,Variety B,16.418119960062732
East,25.8386291102561,335.505817430142,Loamy,256.9941158755629,21.037953126287505,1,Variety B,18.04476567895742
East,26.131504674109337,737.5438354332803,Clayey,144.49850965653826,39.24041396557932,0,Variety B,39.17371319600287
East,27.13727962497558,807.1124755830831,Clayey,295.2953896984605,13.064896079688108,0,Variety A,38.71270197639307
South,19.38469719927724,607.7457952105017,Clayey,166.56332038195885,36.56132132445271,0,Variety C,31.49527421269533
West,23.37887590500855,457.7449489699373,Sandy,247.98390574094103,19.502400582710795,1,Variety C,22.31702603355356
South,20.17852680121816,412.0074175186847,Sandy,150.576760345593,29.57117044206413,1,Variety B,20.65907919321685
South,29.679407781358577,609.939883662201,Sandy,156.2383797656076,21.443596881250425,0,Variety C,32.3299612943007
North,20.64866224909513,515.1841068518974,Loamy,145.72078682104586,38.91074704043183,1,Variety B,28.19125656087996
South,23.93143924002059,177.9857105171247,Sandy,229.7689051277029,47.81228161006547,1,Variety A,9.895775327522706
North,27.80153220661553,706.3735965069661,Loamy,186.8794710149986,46.68307117879253,1,Variety C,37.04986121025622
North,21.921856627512177,769.1606534725738,Clayey,285.94452784209227,33.33704860576364,0,Variety A,36.66046307291312
South,28.46939222490327,647.4505065886397,Sandy,112.72257913352618,28.504412130279132,1,Variety C,35.708237811208114
West,32.98039867766575,281.6777610743584,Loamy,75.14068302086109,42.73202037757528,1,Variety A,18.24453417591182
West,25.948558643627628,372.6347100553321,Loamy,148.3153712748038,37.3330545051092,0,Variety C,20.003456095648637
West,29.508054572842035,128.45602772845774,Sandy,204.178176911694,17.342564568677314,0,Variety A,7.821044406625996
West,14.632895555318086,819.2096982791112,Clayey,265.1997342288737,42.83676854452001,1,Variety A,39.3567618950546
West,22.854740365760748,428.6522873481944,Clayey,136.54922167008192,27.15537557578841,1,Variety C,24.0507222488222
South,25.924504084644884,966.6578643299564,Clayey,213.4466877811154,17.559426398847005,0,Variety A,48.360316888358106
South,19.735174607998463,891.0460061815556,Loamy,137.54967025580476,21.271894015859697,0,Variety A,46.80407034217298
East,26.03824667702046,319.31471672621126,Loamy,204.3048957486145,20.70108120993369,1,Variety A,16.163145368897762
West,30.299702780295757,358.3464521193973,Loamy,271.2019867576627,30.768278984138405,1,Variety C,17.544868482993905
South,15.60219685994989,593.238068469424,Loamy,107.83941056485226,19.37480362711502,1,Variety C,31.487651031073984
East,19.05463567098076,149.09157922674592,Clayey,151.0604105267598,14.942659496063047,1,Variety A,7.846812366306144
West,25.92406635382093,412.3481765242876,Sandy,298.31629910743663,14.947634024550428,0,Variety A,17.957996408070162
North,27.30209864720024,392.3681997586543,Loamy,267.13925706236523,33.33104788556386,1,Variety C,18.51813090295013
East,28.69040187454825,870.2331883893416,Loamy,191.1599644740505,39.39037155397514,1,Variety C,44.9114557122854
South,25.55444739443884,532.2035771008912,Clayey,179.15689796356884,22.861320353533632,0,Variety A,27.44913063027501
North,27.307562025079044,443.0466044925608,Sandy,121.15009557617024,11.386028392560682,1,Variety A,25.126584256228977
North,29.51740354270341,373.7030534629398,Sandy,179.30235692338235,15.08899547748043,0,Variety A,19.95234514806151
North,22.92770949114837,678.8099194649589,Clayey,262.0453745699868,46.58778241348229,1,Variety B,33.642117663218464
East,21.957069569967896,400.6578352139184,Clayey,221.29362831944516,29.74174638357812,1,Variety C,20.077617944084604
South,24.157466845325654,489.9434051275,Sandy,122.51100704449664,28.14291238460699,0,Variety B,26.820104678753477
North,25.997439711387067,372.1752955056071,Loamy,100.36598026338324,11.521967132403637,0,Variety C,21.49834414273816
West,21.70863278399341,196.49257359692115,Sandy,116.30213424920728,39.14548089267596,1,Variety C,12.006102963332497
North,23.03121341763394,300.79297445946725,Clayey,92.43980034820665,31.12272323728316,1,Variety C,18.260479775108816
North,26.98850885253648,399.6056585270613,Loamy,73.91017400592898,18.08323744346083,1,Variety C,23.6056073635138
East,25.788753905148575,447.34903394727417,Loamy,154.78404361051375,14.402950407242288,0,Variety C,23.08948325797174
East,24.073314385921208,456.1152148152986,Clayey,78.32490109956692,25.335514545279946,1,Variety C,26.598842478057023
South,16.294653449686756,482.21605989624754,Clayey,92.97813943177609,43.48647856780103,0,Variety C,25.42729752784632
West,24.9824600399573,402.2624739697982,Clayey,186.83117108487156,44.61178236804098,0,Variety B,21.321658258359093
East,20.149980162454785,769.8252696336813,Sandy,91.14981842489368,34.11385521582545,1,Variety A,41.34527851549018
North,29.9154135260295,689.5968239713964,Sandy,65.96994185772571,39.10145708920571,0,Variety A,38.1097225595097
South,23.456394233607465,472.9781465618324,Loamy,129.3472125069713,14.606231496114814,1,Variety B,24.9691058035874
North,20.0188397188874,550.8516559481992,Clayey,105.07977465549187,33.525042618714195,1,Variety B,30.712744054896085
North,24.69228363059976,425.582351709409,Loamy,178.8262969985942,36.67862813948727,1,Variety B,22.4902630778815
East,31.35349792546096,0.0,Loamy,75.59177114580233,18.02851371655169,1,Variety B,1.0059432426900852
South,28.154079245723096,504.09860258520496,Loamy,237.9426969207445,45.20618931641036,1,Variety C,25.704497053732275
West,26.09958575302967,561.1228722502432,Loamy,276.55837985878463,17.799869500840792,0,Variety A,26.99921692285824
West,18.36952470476572,177.46764839195453,Clayey,235.8587934890486,22.53909439385801,0,Variety C,8.089562939491822
East,33.10800049883161,599.8822138389205,Loamy,183.20675935034856,34.82227388093834,1,Variety A,32.154061696543145
East,21.891864129820483,443.88466441103816,Clayey,265.1669554472213,35.53400260522923,1,Variety A,21.446584129501638
South,29.668919564361715,567.5867441269324,Clayey,223.72959494537687,37.97538963949469,0,Variety B,28.843979984569177
West,23.373185608242924,449.92027052598286,Sandy,52.637780612547466,14.480468522728229,0,Variety C,25.994108803008345
West,29.1875393624162,750.1908948453698,Clayey,148.5225381936258,43.978577197142215,0,Variety B,39.70675750301675
West,31.53437047937637,545.2457641168173,Sandy,262.7379748517,31.313885291330397,0,Variety C,27.182644363116463
North,28.24068634953767,700.4832917344015,Clayey,136.46471449381733,28.85287176420273,1,Variety A,37.92940742670472
West,28.779274798799698,716.945228434989,Clayey,58.80379338138088,49.24390498054039,1,Variety B,39.83707813178026
North,24.50780506922184,276.08885478231787,Clayey,236.54490963806808,39.61513187764079,0,Variety B,14.636768243774943
South,22.830169289635947,352.19662599577043,Sandy,250.50956757071717,14.720241064774996,1,Variety A,18.125451181341663
North,25.69149344892905,590.3221365452512,Sandy,90.14842376082714,40.26156668904963,0,Variety A,32.66350919435473
South,23.30042747115392,426.8925432483656,Loamy,184.3351242107953,13.80995735891478,1,Variety A,21.51717717839924
West,37.33601855406246,452.2786461487409,Sandy,97.98885974893145,11.098822500519391,0,Variety B,26.690766537292152
West,20.038208567547432,757.3129644341219,Sandy,229.8086047610367,26.14503581079589,1,Variety C,37.604978441809074
South,30.010426082952044,437.926724361586,Sandy,117.88761379437142,49.74312691276874,0,Variety B,24.0502861847824
East,27.585984172695067,306.21413035028354,Sandy,129.0537806408325,16.995357447794504,0,Variety C,17.307181296814623
South,26.149361040619688,333.2399996728811,Loamy,261.2427134100253,36.9057737410716,1,Variety B,16.118164452540807
East,32.3994304995692,936.4713002385402,Sandy,169.08058805172607,16.935842648244773,0,Variety B,48.93529784772916
North,26.491887263005896,464.35610392295257,Clayey,217.438612804562,38.99147899833544,1,Variety A,24.82621869763859
North,21.825465401287925,227.1504489564179,Clayey,150.59326268061693,30.214146729513047,1,Variety C,13.44121813019074
North,26.45865188626704,146.10828093668113,Sandy,124.50171429843886,37.19886840357505,0,Variety B,10.842507569886775
West,24.08410865547385,375.0726714651773,Sandy,206.36951510616532,18.114927036569384,1,Variety B,18.75784792189524
North,27.516423344083243,460.6955761145233,Clayey,88.71439351970531,39.82513330082008,1,Variety A,26.259115917505827
East,29.065368158147493,689.8347412855345,Clayey,143.24995889171575,49.82476238490827,1,Variety A,36.561762106086015
North,20.704560288179653,670.4690332923534,Loamy,102.25925934648058,36.62602002503839,1,Variety C,36.663406663685954
South,30.97668059001408,498.730715785433,Clayey,223.9487417351864,29.739199922915105,1,Variety B,25.944953835080064
South,23.725500775657704,409.16628276808217,Clayey,286.0522095865269,46.92695954477059,0,Variety C,19.20457812247797
West,27.218069613410893,567.920370684338,Sandy,298.8777420039666,10.634073689275052,1,Variety B,27.957113421465184
South,28.08515085160348,150.2507847727224,Clayey,162.56920261039767,39.19694077143284,1,Variety C,8.842275846320144
East,26.83694345315315,896.2161787858436,Loamy,113.13259740911111,45.54986067255251,1,Variety A,47.421176854822775
North,24.45445741173716,630.8211191713222,Clayey,160.70734259608105,12.466983344838296,1,Variety B,33.770987824667166
West,22.55701209003668,673.3980439456544,Sandy,261.81735249068095,28.002566816630328,1,Variety C,32.915212406218814
North,23.655027463483293,285.1693236246779,Sandy,101.50141963800996,18.188778157999955,0,Variety A,15.737119050287678
North,32.82585966264438,756.5297282593192,Clayey,288.0239129132309,32.6607266235132,1,Variety A,37.397462677123656
East,20.670667814354704,407.99656779474094,Sandy,135.46644219953777,35.98171834414642,0,Variety C,21.614432300379136
South,21.40378331018517,309.48837543628736,Loamy,296.4509148625762,22.1049273171502,0,Variety B,13.76915906552608
South,21.184255884281427,492.16552587875606,Loamy,259.6522218834906,28.399266787124034,0,Variety B,23.49825078972088
North,25.67876939958833,487.4889828023252,Clayey,252.1426335368476,21.17357941106238,0,Variety A,23.592364488366652
West,17.37647275006097,284.29258549760067,Clayey,129.4761684433209,24.77564657820455,1,Variety B,16.332409900443945
South,18.232200719328038,321.01252929172693,Clayey,52.194302986982365,16.381598267536944,0,Variety B,18.76543000849855
West,23.69522583520371,305.35364493439,Sandy,145.53322720649695,45.42237774342526,0,Variety B,16.831240967108897
South,18.561122773508814,307.25698642863506,Loamy,125.4523424156734,10.400416422365456,1,Variety A,16.92943676177495
West,18.96864345358599,422.38041858008,Loamy,59.34924760219933,45.29636745775154,1,Variety C,25.083370454438715
East,18.598657953185302,222.20297276550843,Sandy,176.34131412648242,32.86715513398954,1,Variety B,11.747372598460874
West,20.76694145433336,361.7251005172128,Loamy,150.75782782068416,23.2663137670807,0,Variety A,19.185139048176925
East,28.656232533352032,709.0269096768538,Clayey,208.6391169353812,38.92228501841319,1,Variety A,37.161686119533705
East,29.778539780605414,664.6618904208367,Clayey,205.2965805485208,30.31008607450657,1,Variety C,34.745038018661944
West,34.59500446609303,290.0241518214491,Clayey,80.18665897417003,29.96434632430426,0,Variety B,18.484519706417096
East,34.41180929256739,691.6409834588467,Loamy,294.2413865316556,14.405691316758658,1,Variety B,33.651574616867656
North,28.931563549402235,106.7121461727902,Clayey,96.73285736036172,25.58064103781635,1,Variety C,9.13442401721944
East,30.13838837400516,985.8288644024308,Sandy,161.31850619117614,19.642573834269463,1,Variety C,51.60670540380527
South,25.655510453429592,760.0626384271185,Sandy,172.02938585843373,10.627836223851189,1,Variety A,39.89887780111648
West,27.599324260061344,388.0536175719786,Loamy,253.26569930353003,24.40398523128453,0,Variety A,19.188905842718885
North,34.718015240915854,576.485312347022,Sandy,74.80739902366169,13.59288517702419,1,Variety C,33.02034038240802
West,26.856064340284156,219.81613437817416,Sandy,157.16106980213294,20.273201509007407,1,Variety B,13.480345340169263
South,30.7661928927262,512.0885579851627,Loamy,207.12554255905096,13.70066484732378,0,Variety A,26.63759964298969
South,20.328241957107444,463.2673934995066,Clayey,103.7889054060139,14.037665022255954,1,Variety A,24.975722517044343
South,21.66880637870886,333.0473221215209,Clayey,206.8669746915182,17.96045177660753,0,Variety B,17.336165828289648
East,26.56034798897484,406.28850273482817,Clayey,280.9162093874132,49.99396977945601,1,Variety A,19.13689596569689
East,25.74965835031696,386.60250483811456,Loamy,299.3795327931688,10.087365714289952,0,Variety B,18.36796503819932
West,21.90032906297552,273.65265613647296,Sandy,58.112769197668925,35.54690544481621,0,Variety B,17.453876215132926
West,37.036887919656095,328.3705508206674,Clayey,108.89705706116938,15.649747921062293,0,Variety B,19.39112747379396
North,25.862970519574333,211.6311148000575,Clayey,127.57677894792435,46.82512546843103,0,Variety C,12.554936319632878
North,22.78637473907669,671.4661531121235,Loamy,149.78152511124154,13.74531573334517,1,Variety C,35.248340504221936
West,25.75809413680315,313.5774507087462,Clayey,110.56428939619184,48.20252748504946,0,Variety C,17.957910583603343
East,25.127133513058173,255.5958256859692,Loamy,100.87199863882812,34.43705549933912,1,Variety B,16.690183840444245
South,25.939012739455443,668.3009359631994,Sandy,288.638460604375,10.05072307661961,0,Variety B,31.68881942355945
West,17.031414923244835,573.924070867866,Loamy,279.63040069262945,45.76028791667224,0,Variety C,26.653453499425694
North,31.459733482834327,660.9002111897919,Loamy,61.74812525077937,30.868472054676733,0,Variety A,37.70768265216832
East,31.74414710219575,683.2166448393309,Loamy,134.70325540121206,20.50678941321938,1,Variety B,36.9797074299923
West,32.35160386018243,887.4909793876848,Loamy,151.28713841960166,40.69116710062521,0,Variety A,46.1160767290772
West,26.627158792681488,468.7920466613632,Sandy,109.75363366648584,47.0666221554748,1,Variety A,26.53875287989146
East,28.31240530082258,208.4784642008985,Sandy,207.21822424704388,29.34763292587176,1,Variety B,12.013619526039813
West,20.668865259963752,554.2075601524251,Clayey,210.09518666106027,22.62213897772444,1,Variety B,27.87894031532228
East,29.164496642986947,366.19907542403655,Sandy,262.62605708214926,41.55780495739707,1,Variety A,18.75106648926131
South,26.258938534469696,308.49894333689184,Sandy,235.21731709630447,37.27141991153819,1,Variety A,15.158187131328193
East,22.69796692180379,519.9850344434482,Clayey,185.6433317414889,45.550099350010896,1,Variety C,26.395668237813712
East,29.323723458204203,673.150546601918,Sandy,213.396692511105,37.70056051044772,1,Variety C,34.60192268556791
East,29.5172451804555,332.80103168074334,Loamy,118.49719538575452,19.74113355598145,1,Variety B,20.01684090436349
West,25.303044178374662,754.8776174663437,Loamy,198.26404749183945,47.26636999036076,1,Variety C,39.189653331810405
West,27.191912900642016,302.0772081994368,Clayey,172.3068136874798,14.193429888239653,0,Variety C,15.78590740255742
East,19.8414149403322,451.21935573490737,Clayey,83.33611682909259,20.717710004273915,0,Variety C,25.240597296563028
West,31.215917186071792,577.2615763561736,Clayey,110.63606914574268,30.807784308955423,0,Variety C,31.8552026737184
North,20.50593405982549,422.42015826318834,Loamy,122.92336268039652,32.629681042836054,0,Variety A,22.273531718308377
North,21.47287175960412,144.7995322122926,Sandy,281.0773917631396,10.612423465076215,0,Variety B,5.098621775300754
West,25.311578227152683,685.481498357761,Loamy,107.59665984647236,41.2229090328376,1,Variety C,37.26821112112603
West,30.5725814210923,375.30713192879455,Clayey,122.31097570491704,24.46429273701558,1,Variety A,22.52117683653334
East,30.569743166078304,648.9796898787386,Sandy,142.3385325223581,26.25674164008551,1,Variety A,35.17694937548657
South,24.97587689047435,247.1711729944676,Sandy,215.93568465634675,42.37478177747783,1,Variety A,12.56997222094076
West,28.865066811269056,281.31268358071765,Loamy,79.55959811803513,25.171335669101783,1,Variety C,16.926937754262372
North,16.55470775335552,672.4866819110714,Clayey,288.48630312344403,11.888995059790194,1,Variety C,32.77482423186455
East,21.40340004935224,568.1016185484046,Loamy,266.39280502369115,17.057590818814013,1,Variety B,28.238490137041516
West,21.505247802681996,412.2828578630647,Sandy,194.30401825223757,48.23612689552729,0,Variety C,21.029625732762483
North,31.261064548799087,571.0063196341675,Loamy,218.5094668562392,12.816214496100567,0,Variety C,30.04523008309624
North,28.27327081454004,309.1921728911284,Loamy,54.165117811054,24.197248038720648,0,Variety A,19.31559291966614
South,25.923263879523,522.0518234977818,Clayey,134.73619383711218,30.127166682053783,0,Variety B,27.734675210790307
East,26.40867531914687,525.710784678013,Clayey,248.9150576653605,29.7312330935424,1,Variety C,26.725671735033234
East,32.84169638015062,425.2436789617942,Sandy,69.37074344809648,10.15839772048571,1,Variety C,25.24407587900895
South,24.14910166746724,332.94285888184834,Loamy,120.57845855268005,30.04650925829961,1,Variety A,18.652660030858957
South,18.4296634573298,514.0497156429587,Loamy,196.32420708357785,25.35089831909637,0,Variety A,26.004771541013
East,30.43597592197652,489.00377133982033,Loamy,114.10325692473543,48.88317341898229,1,Variety C,28.139600404476003
East,25.909195186025304,406.8355842160782,Sandy,283.49449353612977,16.366363359753194,1,Variety B,19.12593971844014
West,29.768358390828904,293.23710596385,Sandy,82.7646577010726,24.1661678703798,1,Variety B,17.86499914203301
West,24.776175963067463,502.4954098670935,Clayey,249.34858947694465,26.77925940359279,0,Variety A,24.39289145330602
South,20.806552381480536,407.3355270326789,Clayey,176.98717297660204,25.62774148403795,1,Variety A,21.05203571366013
West,27.014108605414883,293.06847591261334,Clayey,237.582693954989,36.6332331060745,0,Variety C,14.841425158655058
North,25.050875353707152,508.7059621516223,Loamy,127.67883207786186,18.620514301910752,0,Variety A,27.41083392027739
West,25.924711414372045,821.6610944110772,Loamy,178.6224005780097,18.842862112559672,0,Variety C,42.68553097924917
West,33.082852470587085,426.6344668185844,Clayey,264.2088374307941,39.16843794003413,0,Variety B,21.514460701989044
North,19.506487613076494,799.5553082484046,Loamy,166.7195247807761,30.011620747127186,1,Variety B,40.77173526327652
South,26.429593302379917,922.8663429460192,Clayey,139.9299654775674,26.606227042292417,0,Variety C,47.042112737044384
North,20.90501654920661,309.31621952446494,Sandy,184.038846563184,16.768122067090072,0,Variety A,15.965263692018818
West,12.04727013439971,501.8088416397929,Clayey,229.3406882590917,17.501088916486665,1,Variety B,23.35319127512965
South,24.75517405488888,920.7463835632618,Sandy,160.89083637462568,10.42206547263602,1,Variety A,47.46654223769905
West,25.155114684999035,475.7840077181912,Loamy,284.7192437855682,13.657050754468369,0,Variety B,22.249463589649768
North,28.117610514753792,507.36242915308,Clayey,123.73645601058551,32.273547787609644,1,Variety C,27.950939831475957
North,23.91229625708028,165.99890512502162,Loamy,168.86590154228008,45.6749252003364,0,Variety C,8.655839721150079
West,17.554998224380142,393.6676199360664,Sandy,239.2319148353604,21.486590605222297,0,Variety C,18.291604218479154
East,20.88784211372569,611.1177369337875,Sandy,222.28027262393957,23.109889035845125,0,Variety B,30.772017894809053
East,31.58479418343352,985.85652859025,Sandy,265.910263104289,14.624224424460488,0,Variety A,49.70467482955754
North,20.816860353546843,460.7986333056619,Loamy,299.20229517027724,25.54523782428411,1,Variety A,22.40382168496522
North,32.916127648462535,167.47473554972902,Loamy,156.7145821987724,11.488868182773167,0,Variety A,10.536131161229145
East,30.24992146285692,218.95016184533824,Loamy,77.78771994582796,46.70402785047601,1,Variety B,15.05235540408517
East,23.41109697831965,492.8420628123407,Loamy,57.60397020199199,36.92445392498115,1,Variety B,28.91143914325599
West,21.354604184486504,735.4413596104498,Sandy,231.7192265349429,49.62995237572876,1,Variety B,36.03781338980372
West,30.239564845652893,627.4707365750791,Sandy,268.5034178271789,45.31292650713975,1,Variety B,31.93023921012752
East,23.7954437745319,592.0511727020253,Clayey,105.17814648610468,28.919623747926103,0,Variety B,32.52971244453018
West,17.271749301500208,761.8288773835193,Clayey,89.61200929747649,30.78740124601508,1,Variety A,40.08189845035765
West,27.81158310311629,355.9541824962097,Loamy,65.55127288142275,17.623041860687753,0,Variety B,21.95916155029549
South,27.08631723929093,503.8189439915131,Sandy,255.6757304293016,28.481573713582225,1,Variety B,26.314922355069505
West,30.68853101357389,395.9235759595209,Sandy,127.84548497314609,46.12111493971247,1,Variety A,23.19704553512593
North,26.747974996801485,445.7088529095853,Sandy,150.42422318994414,12.034136945432843,0,Variety B,24.249007865690597
West,22.25426511477141,298.74612913490296,Clayey,175.68754790240308,44.54227211993239,0,Variety A,15.0890939856096
West,31.34839419801067,431.2047857132408,Clayey,259.8633085523877,23.63791206570439,0,Variety A,22.032414498935815
East,31.834952163394217,494.4568867509202,Sandy,212.70830539037124,45.9805106038524,1,Variety C,25.63937811975945
North,26.16602981992604,425.70570002768994,Sandy,203.7661574644528,47.63519625365939,1,Variety C,22.51143523540823
West,25.301609572664866,467.7876993972396,Sandy,93.91802498897768,36.83459548007624,0,Variety C,26.276732981014423
West,18.383644884474474,581.0081086874372,Clayey,178.29747292745745,36.57695146370712,0,Variety C,27.6746939582789
South,21.96236828826762,747.7391538128799,Sandy,228.8452542946638,28.110173508349604,0,Variety B,37.20919112534536
West,28.80384820979677,762.2311736225196,Sandy,293.3152207576229,43.4216089817483,0,Variety C,38.43637648019244
West,22.213598498186496,652.2843534793984,Loamy,100.35157730333806,48.464510337331326,1,Variety A,34.282617766586576
South,17.715810653033387,248.0037043123368,Loamy,52.38583826680666,41.00327201356477,0,Variety B,15.09710351857748
East,42.4793889480005,427.9180028860293,Clayey,68.82535839961744,34.87746935026837,0,Variety C,25.293774182741856
West,17.682970207866557,445.1429938574797,Sandy,143.9631162954948,34.271715832853474,0,Variety A,22.69911366834816
South,36.28375698217059,368.5700338422871,Sandy,255.1361619364968,43.97879606334649,0,Variety B,17.989265724191327
North,23.4628827770087,568.4702358059213,Loamy,51.78552044206126,31.648150630851934,1,Variety B,32.31386082265432
East,24.57718500428096,181.13430134370844,Clayey,164.18264822146006,42.15439544995291,0,Variety C,10.627583004814117
North,21.638608639062006,838.7132939056582,Loamy,132.30765383534862,30.35541020696983,1,Variety B,44.15824179886669
North,28.91418582368946,739.044134304343,Loamy,63.12042752493189,12.497770998956966,0,Variety A,40.11612551235867
South,17.80112893444958,595.6404523803516,Loamy,162.55907166815433,25.35788035616621,0,Variety B,30.00625670080149
West,15.79835481882914,487.5781340159631,Loamy,113.68717683417972,27.77763830685995,1,Variety A,26.321134989040296
South,33.05085764689304,745.7678590145107,Sandy,137.97120858675163,15.66468979946469,0,Variety B,39.38459254861034
South,20.98013800596511,637.8809873560534,Sandy,226.40382619607325,14.099853167568511,1,Variety C,31.2995890902199
South,28.730440597698426,721.3275568436185,Loamy,180.3877459777418,31.418597986278165,1,Variety A,37.71210345234495
South,19.57271961551892,488.189583548032,Clayey,81.16185724820333,13.405745462243283,0,Variety B,26.271159889353225
East,28.54210521447291,857.8626171728334,Clayey,290.3536351059098,22.11780671560336,1,Variety B,42.6460476365976
West,33.41773249389225,733.3775751379712,Clayey,208.9776914274346,39.78387903852304,1,Variety B,38.98044687789756
North,22.36439307292442,601.9072590871863,Clayey,241.46710641563288,48.57728718271923,1,Variety A,31.301251834691985
North,15.332794466070094,751.194584086231,Loamy,69.8032875020927,38.71482322207714,1,Variety A,40.36597635694653
West,33.44396956654953,416.1676116332056,Sandy,61.764594865004725,49.70502193811481,1,Variety A,25.74047172242491
North,29.631221607624457,266.4999281305947,Clayey,54.86201259202029,37.9335188511761,1,Variety C,17.39121964380471
West,22.63214383114346,564.3101026094951,Loamy,97.19850694336112,21.7517788261731,1,Variety C,30.766060987611105
North,23.91023973365677,488.5819108373062,Clayey,153.60209942962376,36.88210162021448,1,Variety A,26.890105649908985
South,19.44673901875157,460.45653154447416,Clayey,283.95653335070574,38.08627060787615,0,Variety B,21.15020591201136
North,32.1012846622098,743.2624078698807,Loamy,164.26491481644408,24.869079384658423,0,Variety C,39.12442425268903
West,22.32642196094677,533.427842642126,Sandy,122.56377634313236,10.70855402437556,1,Variety A,29.5642466364025
West,17.90645731226263,552.7138147070968,Sandy,190.48381337991583,38.12799139101948,0,Variety B,27.482346613039493
West,26.06822940756236,434.5894882491808,Loamy,77.98364453369732,10.868003811021666,1,Variety C,26.0268346813854
West,20.699933192107306,676.2246278559052,Sandy,202.3764727512458,35.247523122402846,1,Variety B,34.620209925006776
West,19.84992712068446,640.3751562615839,Loamy,192.10798858262584,16.544659549702203,0,Variety B,32.38928983898423
East,22.849503981190274,674.7319353788587,Loamy,247.99825835142744,32.62414110992174,1,Variety B,33.23748742649975
East,25.431776577501854,400.5472066727643,Loamy,296.67190290425606,30.156521015224,1,Variety B,19.39166293082833
North,18.094451220426265,760.817692009399,Sandy,112.71836792902764,10.540545692247305,1,Variety C,39.8814393899989
West,31.92574462606162,867.7536847532747,Loamy,177.41411270094017,24.514632679804137,1,Variety C,45.76668087434894
North,28.385798560328936,668.4076794649411,Clayey,277.2163515797509,34.04364669585211,0,Variety C,32.66372426480472
West,23.173185046136343,338.14234255114184,Sandy,246.29747110571037,43.94426207595119,1,Variety A,17.28189099554858
West,20.48328256851501,339.5595431527597,Sandy,171.8515757752019,45.54568455346069,1,Variety C,18.073388312587078
East,24.55387273541668,424.9246088813824,Sandy,286.3429124036944,29.35399880132893,1,Variety B,21.49368824465525
East,29.49717520377861,387.1245571962958,Sandy,64.30917337920235,39.13689949197753,0,Variety C,22.881988423410743
South,28.7229201359984,485.78147486254704,Clayey,282.749654928146,22.658183061338303,1,Variety B,23.73908527715252
East,30.29252150225589,626.4884932735695,Sandy,62.62684809570164,23.6874562303463,0,Variety A,35.27419674539066
South,22.59811254509839,557.9904881499697,Sandy,186.8261860286711,17.77854076729255,0,Variety B,28.96174746934864
South,10.375374104016617,540.4578112772577,Loamy,272.61023700027147,32.477924399729574,1,Variety B,25.64327247667276
South,31.239055989581235,451.7594500399709,Sandy,115.6802358903257,22.582566037094608,1,Variety B,25.98166410535141
South,24.16401928463824,485.2308145670901,Clayey,168.06212473628963,13.374835857540202,0,Variety A,25.48624474249493
South,28.33083032735831,659.3151015058003,Clayey,131.08221978424166,37.40024346652715,1,Variety C,35.84746274102722
North,33.34614377320151,97.60839450003704,Clayey,288.0359792690879,38.31012830421592,0,Variety C,3.9153781101261846
East,37.17204316618841,497.7219183042537,Clayey,255.91139868827275,24.399696751162317,0,Variety A,25.99710897894912
South,21.750892609295896,557.5975189854651,Sandy,227.2503778315949,13.068935978240912,1,Variety B,27.38102943751061
West,25.669799535828226,656.7166137094586,Sandy,196.9067466537772,27.05190869613704,1,Variety C,33.42667636808781
East,31.834182303027227,297.99081214323513,Clayey,255.14794733103705,27.69341832200862,0,Variety A,15.007513433104474
East,20.778604907385024,287.4180635093762,Clayey,148.06676038088676,36.74683539591572,0,Variety C,15.327498591516806
South,22.08944203104786,616.7909989756267,Sandy,161.88796377651548,22.61665565034734,0,Variety A,32.20881357604354
North,22.059807107705623,119.1095519486168,Clayey,232.50043027021536,37.30397119125222,0,Variety B,5.7351260391321865
South,24.85954843295989,766.4378221521571,Loamy,139.43869082342854,44.859541670295535,1,Variety C,40.58817282797062
North,23.89938159855015,545.3183982985621,Clayey,65.97523551209346,19.49944169448799,1,Variety A,30.273586366555225
West,22.031023388718378,811.7442425686874,Clayey,68.58365222151787,49.15678224479599,1,Variety C,43.931921475307554
East,20.171212921968703,282.5855246860974,Loamy,78.84070032642597,25.45472548547228,1,Variety C,17.043327785412515
West,29.05970164197646,412.7281062563519,Loamy,267.4203308359157,20.69034740588247,1,Variety C,20.80506222874801
North,31.689155104830583,18.426334614622878,Sandy,168.05660643905108,26.86044730041162,0,Variety C,2.514081109719362
North,32.413573970862075,340.8620474009448,Sandy,228.22059233618413,13.775899036154367,1,Variety A,18.48145668940654
West,22.594632213077578,463.2306238556241,Loamy,148.22733390122332,15.028236260484626,1,Variety B,24.783167217211066
North,29.268623361286387,107.45848399831266,Loamy,114.67773685390864,26.577361878733257,1,Variety A,8.720788531530657
West,26.18162951363888,421.0746375603201,Sandy,136.79804189055298,40.497780877564,1,Variety A,23.833957778611712
East,22.146643256933373,102.53196462795114,Clayey,248.5455863292959,46.01248958297964,1,Variety A,4.603053081178792
West,28.67109109354098,448.5079630177149,Loamy,206.30403125785955,36.59271962865084,0,Variety B,22.78034739999191
East,21.91697472977252,729.4223854216473,Sandy,284.40994498947555,14.208782209526788,0,Variety C,35.212800922504776
West,23.11911698609156,493.0040499771754,Clayey,219.9261946442085,36.88079048722141,0,Variety C,23.903040464226542
North,18.11635148748185,831.6414745223606,Loamy,192.5454079386735,35.41711682811888,1,Variety C,42.59863309353878
West,22.67889451283387,657.258512678922,Clayey,202.54900224645863,42.23055673173325,0,Variety B,33.0853163488588
North,26.269306045072923,769.6295697213943,Sandy,285.59285986710364,43.00994666608724,0,Variety C,37.33917269228576
West,32.84467247838748,347.01095182434324,Loamy,247.05023246667653,44.72812303115916,1,Variety B,18.46701814889799
West,23.232522768991565,342.17167432147954,Clayey,56.01030934160946,26.565260583163933,1,Variety C,21.053607066351997
South,19.80915426456533,569.1226832770737,Loamy,183.5349240339243,37.91457581408577,1,Variety C,29.269610147121192
North,32.48684485467062,184.4595816734282,Clayey,222.0846028866412,20.73001435689243,0,Variety A,10.469279716706604
South,22.477237814578917,594.2287499524181,Sandy,237.17461960978875,49.97345119934017,0,Variety B,28.879474734207896
North,16.258091719295678,435.2160366906141,Sandy,103.28552982848416,17.0133696550744,1,Variety A,24.177078656537404
South,25.66546867568392,765.9993675093315,Loamy,266.79433861283803,10.404577266433432,1,Variety A,37.49131673494367
East,23.37613263360413,635.902450815882,Clayey,288.96078679379093,15.95234858072704,0,Variety A,30.60884456381126
West,36.50197821342586,719.3412860680254,Loamy,109.17882646121744,41.034891581765066,0,Variety B,39.26974894728603
North,27.37683017173606,349.1587837209905,Loamy,270.65386437931147,27.87134706032846,1,Variety B,16.627001884452305
North,24.26828823172582,709.6420537523456,Clayey,74.24469062902385,27.900009912417133,1,Variety C,39.05235910678158
West,20.377513953721984,788.9424988728565,Clayey,63.926709028811295,48.20091678446674,0,Variety A,42.18912891186344
North,26.65083420596484,492.2572353239319,Clayey,82.30595002568734,46.78539632112297,1,Variety C,27.360463431538268
North,32.28354975030897,352.1298761267024,Sandy,64.435269866759,22.44778951216037,0,Variety A,20.48931061275097
South,26.559070917386304,355.6425597531181,Loamy,261.253059288944,18.362325151234646,0,Variety B,17.13684197690691
North,20.76285153941027,747.802598403193,Loamy,64.76253611456798,43.93928839734959,0,Variety B,40.98027733216024
East,27.69403105875977,1036.8691484846622,Sandy,117.91604784091388,46.240762841774526,0,Variety B,54.415047077393766
East,24.756965525635923,303.6709859649556,Clayey,75.9390858839641,31.663876911939475,1,Variety A,18.30631251477487
West,27.24306551659081,288.29598999148794,Sandy,123.85550907844124,35.176948444684015,1,Variety B,17.702930627508582
North,23.225963249078895,684.2828361348958,Sandy,72.63986690023012,20.27657138769173,0,Variety A,37.537552602585365
West,23.10852362869394,349.2172941266711,Sandy,217.00081268575352,42.032107519140986,0,Variety C,18.06749035448257
East,22.9111010128411,703.6710768456539,Loamy,83.33170408564379,35.284897137960925,0,Variety A,38.14997874402528
North,29.711190757486808,593.0692347053292,Sandy,262.961481459722,30.140540451919865,0,Variety C,29.808302343376308
North,23.15887362379454,495.2045395004072,Loamy,254.29776268166023,12.404342243135831,0,Variety A,24.355713349272893
West,22.701346343128865,588.2543069043376,Loamy,53.41542136765236,46.63739850044615,1,Variety C,32.875789078468515
East,20.28967049218817,576.0396738306788,Loamy,273.93158887877865,34.61805681537624,1,Variety B,27.033678593475383
North,27.27006900858384,464.0787004427649,Clayey,57.23607918584177,17.70764378771872,1,Variety C,27.025652641383267
West,26.55850901065609,148.72779367230112,Loamy,109.91144623938916,34.25544467932211,1,Variety B,10.94648014839356
East,22.75615887755685,535.730145717807,Loamy,58.09728444399877,37.098534169598935,0,Variety B,29.70967206671877
West,21.45310646221069,814.6120732128329,Clayey,133.960871759829,31.03081346732902,0,Variety C,42.12396734611247
South,34.38086706613856,178.24626735909533,Loamy,178.4666314283179,38.724069518240896,0,Variety A,10.198174979429044
North,15.59778472437581,306.84299597221104,Sandy,249.1612172537845,33.25815791714497,0,Variety A,13.643159139892832
South,27.465860016008605,585.3653949532022,Sandy,134.49538761745902,47.91078328128593,0,Variety A,31.32040341352008
East,31.45701774108004,507.7183725464561,Loamy,226.3725061682792,12.147883143972273,1,Variety A,26.750451366994607
South,8.065931192558502,582.2364319168578,Clayey,96.87611427974508,14.24982833878242,0,Variety A,29.75156194591601
South,28.970700300380894,360.13635843446764,Sandy,237.6496141860316,16.946865478173592,1,Variety B,18.38662695523199
East,23.89872699251956,732.4916573184612,Clayey,108.99915147730938,37.606842824173285,1,Variety A,39.75556031820326
West,26.280274321416297,509.3801131380422,Clayey,85.88618898594197,35.82383490999234,1,Variety B,29.041942572544016
South,23.38381017738955,639.3971044686114,Sandy,96.35221259351356,45.68235440838776,1,Variety B,35.10552822189533
West,30.376967228230384,564.0554821942192,Clayey,95.51578222046383,39.31509811535594,0,Variety B,32.09431548115891
South,26.815596708356782,535.0989935921984,Sandy,178.2157198442478,30.33421950258369,1,Variety C,28.119657759355466
West,25.65859944767158,625.366731405626,Clayey,261.1993952970365,49.673271698545214,1,Variety C,31.085699023866912
East,20.50569696520704,537.2975907933901,Sandy,69.90126924812641,20.644318246771967,1,Variety B,30.293003738439257
South,34.41146116917094,261.96019438089763,Loamy,226.73907962335568,43.32766639141816,0,Variety C,13.568620562665858
East,25.04965509866636,717.4713651431929,Sandy,213.5866149132144,27.071614887756773,0,Variety A,36.22132633788805
South,36.4490289873023,663.6254572496367,Sandy,268.12998795734063,35.94940555502937,0,Variety A,33.47467425069481
East,34.637846925890976,78.62992172843803,Sandy,111.0368901267268,39.09073881809736,1,Variety B,9.063192682261024
East,16.108245163673097,369.15994302486456,Sandy,162.5274646712574,35.35016348761346,1,Variety A,19.36820712501793
South,21.72527019598655,708.4720924985613,Clayey,281.45684361087933,15.620292124343733,0,Variety B,34.5454646550913
South,19.81524497012529,134.61429070443324,Loamy,214.9983625338293,27.71804042991731,1,Variety B,7.327243388481026
South,24.75896959256469,688.7133763801489,Sandy,147.19210321539924,32.45753511732497,0,Variety A,35.389442912385434
North,25.93582010243081,471.75549286914986,Clayey,82.85309571381711,43.96175036714387,0,Variety C,25.749882820443887
West,26.149632339467157,768.0565140667982,Loamy,115.62125197514776,27.74582995194289,1,Variety A,41.32887120046682
North,30.270643380094896,499.7706421849073,Loamy,195.30386937234584,46.74989219217006,1,Variety A,27.238186390881417
North,32.46791384654435,355.5864014008745,Loamy,229.54198689012844,27.614968921008423,1,Variety B,19.07922912667718
East,29.837438746193197,561.6171321518282,Loamy,81.10547171297337,31.951194370520465,1,Variety B,31.98191694995985
South,22.195323928881265,493.92290209800274,Sandy,199.8993150110135,41.85142731771204,0,Variety B,24.775647871093373
West,21.0898806744628,337.82977317186385,Sandy,187.58781970968772,33.322707376885745,0,Variety B,16.586739708547515
East,25.01380917941968,943.6686966022774,Clayey,178.48886167267702,48.40872289531298,0,Variety C,47.634778155807794
North,27.130597632023303,305.78036368313707,Clayey,222.530779420502,36.4134332205651,0,Variety C,14.740305514529297
South,24.084043271414387,51.40892498804118,Clayey,259.36239877086547,30.908378162704043,0,Variety C,1.2400793015695617
East,18.27257581873889,816.3397936242985,Loamy,130.74742079421708,10.943678711231836,1,Variety B,42.2662947284898
South,28.410297542884003,383.2873055368147,Loamy,272.25304752773985,26.54931590321319,0,Variety B,18.948342091332837
East,23.038426156330484,440.6453478068609,Sandy,90.15840315463768,21.969936770406417,0,Variety B,24.310408312485546
South,22.887436327889784,428.4187870741932,Loamy,93.25596743779109,39.92422671549957,0,Variety C,23.972376530517675
North,24.72693662970953,386.0697131683348,Loamy,116.693015905981,18.33110700614183,1,Variety B,22.009933608856414
West,23.800505414599197,346.7615057473108,Loamy,79.88271738676946,18.208803491762872,1,Variety A,20.86999589883156
North,23.167494722439493,300.6365395006071,Clayey,107.5798061707194,17.580761729495073,1,Variety A,17.179572858101285
West,18.59937346533405,512.9519523409132,Clayey,76.60294072571115,15.024624526249436,1,Variety B,29.00507300662662
South,24.438762665241708,419.602488464873,Sandy,255.4381042463476,22.440280146835494,0,Variety A,19.611650112364075
East,28.51476895953434,646.0724380667893,Loamy,84.74224797165616,45.43688457773701,0,Variety A,35.23634723866647
North,26.32322002560645,596.5388103232308,Loamy,236.8243893899642,40.9971388922382,1,Variety C,30.21232202703461
West,29.740607195503223,314.49756129491914,Sandy,61.97846697833344,39.41004865227174,1,Variety B,20.33944186880449
North,21.357274888399967,521.7042552144712,Loamy,287.1300818784788,41.89347222599851,0,Variety B,25.16799327976936
West,18.609707604410996,416.43233517572935,Loamy,227.79002188194156,20.776715573182862,0,Variety C,20.51080284165293
North,23.770750105110015,301.6679114732669,Clayey,51.699137146527946,45.49766763009952,1,Variety A,19.634446019971715
West,21.928816907256515,637.8863141030265,Sandy,240.9641250500535,15.492135005664176,1,Variety A,31.35332693012225
West,22.44832508396126,475.734944138327,Sandy,178.52048019154634,23.45382906862328,1,Variety B,25.556355351517155
South,26.058748590405635,418.4899959659042,Sandy,244.84129258377996,33.469924758693715,1,Variety A,21.642877170616828
West,22.48459730447672,328.8865527153441,Sandy,180.6242022226471,14.116203533680023,0,Variety C,15.882165793249108
South,18.749657553968028,294.4126477853322,Clayey,210.25621440883867,39.205207511057,0,Variety C,14.2802417345395
West,22.20502636059001,897.7536047829092,Clayey,246.5829138487601,25.489841928139,0,Variety B,44.47754330992016
East,26.70029683430401,566.8237299259993,Loamy,151.27701364696418,41.376226624336,1,Variety C,30.227968974068364
East,28.357403005034588,281.77419255943664,Loamy,50.67703745511302,29.71585142338411,1,Variety C,17.86799659322491
East,28.307113920416736,557.5731796645625,Loamy,262.4866239862971,17.234980977013453,0,Variety B,28.516725504514795
West,27.122365471239547,712.4032353591075,Loamy,145.22259065616566,39.39047245421378,0,Variety C,37.48346657744147
South,24.15953267017378,533.5035225060085,Clayey,174.01068150414577,20.08575823355774,0,Variety C,27.68011847931192
South,27.024570494795647,774.804268426625,Sandy,51.94166053849218,29.63241205072171,0,Variety C,41.74934020260344
West,24.788321709008816,191.43737158600655,Clayey,173.0230025875245,13.021330766276304,1,Variety A,10.7840602005526
East,25.565480689101182,101.73559052395784,Loamy,296.6218503929324,34.71466617648147,0,Variety B,3.261970272563412
East,20.3033663106703,552.1034843707506,Clayey,119.5669152046924,36.63431064865109,0,Variety B,29.783660160580368
South,25.219374818803576,555.2992286747766,Sandy,148.85456756059452,25.14696839891134,0,Variety B,29.56212437487033
East,26.893331171257056,0.0,Sandy,221.7974991171692,48.17691121284295,0,Variety A,0.0
North,26.705636567198543,375.28478175959697,Clayey,253.69841688091464,44.96675685928273,0,Variety A,18.64108452641452
South,18.562404869703503,298.2675371233089,Clayey,154.34790600152508,38.31763662959979,0,Variety B,15.555899150234758
East,25.481303882016917,221.6107518593687,Clayey,127.41721760032314,38.546082979749706,0,Variety A,13.197568988152934
South,17.780552112680432,297.79164707803784,Loamy,284.4564499962668,20.09606859768605,1,Variety B,13.593390508837452
North,25.868383230692636,619.1575603198719,Clayey,219.2862416679173,36.27260924353796,1,Variety A,31.869125110944317
South,21.49331404198643,296.51899574205834,Clayey,79.75532612328527,17.928250609420786,1,Variety C,18.03000063053423
South,33.528214712627225,303.3755730836317,Clayey,67.23196953366215,15.760128956792885,1,Variety C,19.88748556035352
South,25.59621664647945,176.23893822846418,Sandy,170.88746269759227,49.97871576810321,0,Variety B,10.581723477362097
South,29.00582009911961,753.7819285031652,Sandy,105.02251651181813,34.89503725892696,1,Variety A,41.30950948137063
North,35.5543631851214,586.9264730941269,Loamy,113.49618834406336,27.23951490628762,1,Variety A,32.96338532497424
West,20.912990944556395,1.528759419419771,Loamy,269.42304470696206,21.526580915358053,0,Variety C,0.0
South,27.17837455452956,303.5519841553627,Sandy,72.39150607907766,34.1568177464891,0,Variety C,19.06269183563807
South,19.070444953835768,605.7035768789851,Sandy,228.8410288072224,11.983740328803446,1,Variety A,30.171613990662493
East,26.7244850412496,756.2785097965674,Sandy,117.785563345147,13.7872396201918,1,Variety A,40.44365351837184
South,33.82854633225202,668.1677518733313,Clayey,240.08205535103443,11.314267909615854,0,Variety A,33.67403194880607
East,21.86058392779105,428.8634179484229,Clayey,230.6028461158861,29.96679333050647,1,Variety A,21.653691421965654
West,20.57022843352702,113.7246278413923,Sandy,51.84797536107325,34.0242651674873,0,Variety A,8.278866326928064
North,24.544128832407186,674.0497987822621,Clayey,177.2838532303998,12.499190454312837,0,Variety A,35.25362346966299
North,35.22908644044143,440.6206297358991,Clayey,84.82987059451159,38.84897869995666,0,Variety B,25.33843354207033
West,28.855194599766275,513.7724029230139,Loamy,266.55675764466923,19.215802860582578,0,Variety A,25.98203831599365
North,20.475426739719943,464.5159123583006,Sandy,267.89647071560165,37.408058150794645,1,Variety C,22.272793719638774
West,32.27530291240885,228.8941000847464,Sandy,154.5864518734395,49.27588560140983,0,Variety B,13.042137581195588
West,16.724685038334066,572.8500424445978,Clayey,161.09890461277013,37.644234802154045,0,Variety A,29.18758040309058
West,35.68279564401362,545.2918062226894,Sandy,125.82073485113176,45.32772211694434,1,Variety C,30.33993559940605
North,29.282253400075795,414.8422314170404,Loamy,229.15157474000776,47.9279402697227,0,Variety B,21.10449129657457
East,33.81778720003359,594.2211599724974,Loamy,139.6653407566148,29.47004193409262,1,Variety C,32.510758137696264
West,16.761009458079826,225.2000905153388,Loamy,116.94811863065844,38.09299917678828,1,Variety A,13.5696797328963
South,25.847209154298437,446.1994448233782,Sandy,158.05776487612707,44.07877014223367,1,Variety A,24.30191266404503
North,24.33055536717142,505.22549458715775,Sandy,72.87187959686469,24.264356514975447,0,Variety A,27.642642258100476
West,19.965102632766797,153.01447357298758,Sandy,236.65080116105096,20.4558926624158,1,Variety A,7.115699648492037
West,18.51988189874304,488.5806778327893,Sandy,53.14910031794674,47.86394291113355,1,Variety B,28.0705136999514
South,27.535406293797745,646.7290293362591,Sandy,211.1212653801485,39.05214001475272,0,Variety B,33.511112840485
East,27.98865854056812,439.35381519142646,Loamy,95.7161316887181,18.78728533503305,1,Variety C,25.329596576119936
East,31.49987023362876,493.1770194971312,Clayey,108.10101155360329,27.963335707044536,1,Variety A,27.62461948621292
East,22.48289473336585,612.4688078468334,Loamy,208.90799966001,41.85807078151237,1,Variety C,31.720588027903503
West,24.29195094922095,422.43997822674544,Sandy,298.2358664457268,31.882519636737683,1,Variety B,20.43675851479152
West,18.08770037526954,440.4405200911422,Loamy,244.42937226813768,35.99808392663556,1,Variety A,22.09547838887259
West,32.703929059973746,264.6592970935065,Sandy,106.459908055848,40.15072808180209,0,Variety A,16.519264158766397
North,25.34774043878621,497.01264453584696,Sandy,94.00618876028344,34.880367552359225,1,Variety B,27.74498403756685
South,28.612942508100527,433.0303032790439,Loamy,266.5582175669176,31.603172876887832,1,Variety B,21.94008930612169
West,28.78952698055506,599.8179590106645,Sandy,161.04598698037609,39.98457137551094,0,Variety B,31.812095520702
South,32.29553578650989,612.6919908366478,Clayey,84.26320070703886,39.10252141728803,0,Variety B,33.891452260419584
South,20.84300266366273,658.2418078025762,Sandy,265.55285583048453,35.19489600732716,0,Variety B,31.78465283180909
East,28.487933001735893,398.3479298209738,Clayey,254.0230882285653,24.391576535277185,1,Variety A,20.08821508223995
North,24.874956468454798,64.6837828751768,Clayey,295.9765909742909,26.232483688010863,0,Variety B,2.1739218936103417
West,35.52838533170316,648.3279492929549,Sandy,277.435921678171,48.81754195536389,1,Variety A,33.166521019412365
East,20.82817910501992,586.2241928194818,Loamy,262.9475846651354,14.495437291661034,1,Variety A,28.10928016153278
East,30.85713173881936,372.941679062782,Clayey,63.14359945275079,20.74019669011341,0,Variety B,21.89371384828553
West,26.751708896141984,610.9880399134674,Loamy,76.1038423745295,29.69607036817343,0,Variety B,33.65759045101021
South,26.489280471030103,210.28203949675168,Clayey,192.2457985760307,43.46918744575143,1,Variety A,11.83452369310964
East,25.27010363023745,706.048042574055,Sandy,182.86981157045523,16.547026549189113,0,Variety B,36.552504647363314
South,31.733329114183935,433.27508964119,Sandy,164.49080362238385,21.0781847249844,1,Variety B,24.30392327631116
North,26.319258505369675,334.2144773990209,Clayey,149.19733135364606,12.63192871180956,0,Variety B,19.08804591502146
South,17.377923309395115,375.6596887522225,Sandy,157.80262121608223,38.23941064203274,0,Variety C,19.13112761209128
North,31.097517843561224,453.7030027999575,Clayey,192.3244835336988,19.528377419024643,0,Variety A,23.686269218966423
South,30.18100916065861,497.59758534010734,Sandy,50.519129400020304,25.546990026838017,1,Variety C,28.9076905922483
East,27.93568842106424,509.65605607988135,Loamy,115.17719353321306,27.748057881186718,0,Variety B,28.34753133282377
East,19.35763185126227,414.0785112083752,Sandy,179.56993017217778,45.65255742425823,1,Variety C,21.55916623410941
North,20.1344231988934,540.0479146922958,Loamy,230.5540246684116,26.453211613249472,1,Variety B,25.977955802655075
West,15.612785573819457,501.6558548666868,Sandy,93.53917309884908,15.80900079660996,1,Variety C,27.37437052759325
North,27.301649365899067,370.48540088512016,Loamy,186.72029344685825,30.97259753360484,1,Variety B,20.153014195817285
North,18.252255759128158,340.36187511574724,Sandy,228.61492097144543,48.51831978594519,0,Variety C,16.19884744089735
South,16.406245535689177,621.6731085789675,Loamy,161.15691447847615,34.30742564203244,1,Variety C,32.149469119426975
South,31.37494559650022,604.865207199581,Clayey,56.770283417512765,49.3354888184229,1,Variety C,34.13523140166596
North,28.84089782231424,511.4272710322527,Clayey,162.31703961640918,43.6442923575548,0,Variety A,28.029628458565888
East,23.33414167584537,684.8390931980402,Loamy,124.11122193603828,11.438630248536512,1,Variety C,36.78327410180375
South,24.329767083714025,107.73446876647311,Sandy,282.4124019253321,36.33598381508168,0,Variety A,3.284602666649105
West,12.963278965080288,387.12107169865936,Loamy,81.15334641958184,21.470675102315347,1,Variety B,21.526366003384307
South,29.5837245952961,268.7365775330711,Sandy,213.11898887680803,32.38467422578896,0,Variety C,14.336181658473064
South,21.53634267755658,951.2544530275702,Clayey,63.179941583625286,21.173807637249062,1,Variety B,50.39629205000014
West,26.651454315665703,642.6439640791973,Sandy,161.54260945317412,23.954816664211616,0,Variety B,33.83330658596967
North,12.55718869104258,484.1876032683448,Clayey,188.49487180502013,46.926748470167176,1,Variety C,25.035664407925427
West,29.887840160807727,656.9981157692313,Sandy,124.48873282921636,18.26572739566821,1,Variety A,35.52673061768324
North,21.23577615307138,723.255132751023,Sandy,163.7689088800961,44.96436472103322,0,Variety C,37.22517542319133
North,18.11978868105323,721.1263383048142,Sandy,90.88844863254684,11.218312322819871,0,Variety B,38.1548261101912
North,23.301991827558165,684.3406970200706,Loamy,126.03096236700904,13.635061534785937,0,Variety B,36.510759786325366
West,22.018023910322576,447.49193534358767,Loamy,205.2765812275508,44.187001655370544,0,Variety C,22.41644658134856
North,30.37133806454933,399.7269161032096,Clayey,125.45001396528878,35.222241236367815,1,Variety A,22.481121019128704
East,22.898024388191864,307.562164003863,Clayey,274.935769602218,39.88944552158201,1,Variety A,15.121286370455335
West,31.81308513306684,600.4894533458015,Loamy,207.10173941024743,18.37670683287417,0,Variety B,30.560116097031734
East,26.650713078945365,468.21285293424376,Clayey,159.66225460899614,31.48333822360414,1,Variety B,26.28689955137328
North,29.471839436061877,416.3057938965608,Loamy,59.689233888545616,39.48876894285219,0,Variety A,24.8490736351709
South,24.98916773386057,405.86772765443953,Sandy,174.88708380116782,35.0925654804105,0,Variety C,20.995115111777
North,31.360294911699416,790.0385261269377,Clayey,241.1940605312723,28.86795067564838,1,Variety B,40.86840039314452
East,19.23188004858662,690.5360825683342,Clayey,116.3893995031034,48.39135145750859,1,Variety A,36.61760962619786
East,25.568122287471635,866.0787712256331,Loamy,251.69339241219183,37.046293338137815,1,Variety B,43.216180161287966
West,23.017820852842924,605.8032599784217,Clayey,112.95169151272036,46.31003200964952,1,Variety C,32.49247656590209
South,31.98314239753656,511.3908880509797,Clayey,255.9365969877001,39.19082046294725,1,Variety A,25.21003720278272
West,32.49517202329713,494.9195098510151,Sandy,71.31708540291935,39.418541143907326,1,Variety B,29.37134727200549
East,25.00210629618559,295.9396905477054,Clayey,266.5459272172574,13.200730790307173,1,Variety C,13.65221323174988
North,18.54244449452097,247.71620164971984,Sandy,174.7966127333326,24.378584874157745,0,Variety B,12.347475111345751
South,27.13548658395834,601.4682043785749,Loamy,124.1343974050655,44.334776268786335,0,Variety C,32.52069320614841
North,16.676951324831165,313.064257903349,Clayey,116.2783126037872,19.30415448595024,0,Variety C,16.745003574827063
North,33.13071399391556,542.2915507734472,Sandy,158.0026397325907,14.620234646258648,0,Variety A,29.346172078807577
South,22.634149646819807,723.0933366190422,Loamy,299.76237452591124,23.044242265551738,0,Variety C,33.81598664814104
West,24.847149182912524,366.9092133938207,Clayey,105.08184835939564,18.81751539570456,1,Variety B,21.054308934225425
North,21.59524462096623,902.0963269183156,Loamy,75.80416221974991,47.01152779172621,0,Variety C,47.8299504160965
East,20.49109206649589,301.8609758111801,Clayey,196.25879217966548,44.718665680085245,0,Variety C,14.74124589564742
North,28.68645658273526,698.0389512979692,Loamy,172.1356166100643,29.987329211316165,0,Variety A,37.171062629841664
South,24.206916614743392,584.9512362264725,Loamy,181.04906776582683,12.45375497935472,0,Variety C,29.728560161041063
South,25.212412694615875,738.8190499892303,Sandy,216.73385438930427,38.582493843726255,0,Variety C,37.81672507514497
South,19.980544603905805,276.7604777280621,Loamy,116.78601746766232,34.93646925345058,0,Variety B,15.416455225067203
West,29.2802961174852,961.4041833907222,Clayey,277.6662488459721,48.82218682913984,0,Variety A,46.66067602132451
North,29.78894867568433,464.24498324341886,Clayey,158.91801653057257,32.35812961081508,1,Variety A,24.9443332948301
West,23.955357565602117,635.3295878598562,Sandy,82.27154878561544,23.455748936116372,1,Variety A,35.10462381830641
West,31.33961066665944,788.8974977893001,Clayey,235.57468918348607,30.76086774314223,0,Variety C,40.383730048740446
South,24.479379228877388,379.0675865009569,Clayey,210.77608815446257,49.17053165618065,1,Variety A,20.570684051159013
South,28.898777481444103,665.1452725894358,Clayey,128.93585062100928,37.85449730132122,1,Variety C,36.13253372949266
West,16.885362095849512,345.7060709557014,Loamy,205.3796810085121,36.87904551708205,1,Variety C,16.77762426345249
North,26.76715433243206,779.3923160915679,Loamy,104.9654890922442,19.62726358903541,1,Variety B,42.18626399624908
East,23.642592661965327,347.96385375425325,Clayey,161.2098398351324,39.7441007024247,0,Variety B,18.125647820526478
West,25.77761212977498,507.7013964991518,Sandy,274.8531305418313,40.01087317887087,1,Variety B,25.161864237695735
North,25.55341202827913,561.2241402023919,Loamy,83.38355829018735,22.69155935103621,1,Variety B,30.97813977094099
South,25.62849911088492,656.8599539445231,Sandy,146.67411249686552,29.348553295628527,1,Variety B,33.927580239792434
South,28.078503646812766,893.695261685309,Clayey,255.2856061800868,21.78413331761824,0,Variety C,45.04532915515495
North,22.174131841970105,409.6062020771021,Clayey,292.37272485154455,20.34820281297147,0,Variety C,18.737060425348595
East,27.845396297678217,727.7469548547213,Loamy,163.481534105449,11.035842809979409,0,Variety A,37.92708685730319
South,31.162624415589534,894.0516897268274,Clayey,176.74990503583686,21.408469786133285,0,Variety C,46.78219951430335
South,17.949294975098383,533.1466721729835,Loamy,193.0429904459424,32.158797995131,0,Variety C,27.53082665190589
South,21.09729950885337,389.9734499759417,Clayey,283.0870354084277,10.064047501961152,0,Variety B,18.30670206758835
North,21.30732287249407,153.99325211294166,Clayey,264.55169774425747,21.328763352386694,0,Variety C,6.590861746113146
West,19.539771002745205,876.6551534822124,Loamy,92.65028115541108,45.256413292930006,1,Variety B,46.66516558933354
South,22.626511151814704,451.1111340151273,Loamy,159.18945446176875,33.74594340429444,1,Variety A,23.987027205059142
West,30.1655925769992,299.7283001538898,Loamy,166.0001070491066,34.31451296323922,1,Variety A,17.2010293136571
East,32.23793462256214,228.33398315804743,Clayey,247.2740279121892,26.13457220105413,0,Variety C,11.767443880844397
South,25.53087484873251,299.35716192199175,Clayey,200.7232206513588,37.05888573969644,0,Variety A,15.113168539544096
South,23.378819945759,683.941058645433,Sandy,213.55511550725325,17.597310649214364,0,Variety C,34.27441941014143
East,29.014619845403303,711.5737055349476,Loamy,299.5499769164044,42.74987241536766,0,Variety A,34.6726986492116
South,13.1801575287391,630.4243742911073,Clayey,68.74001086750326,14.667564797435992,0,Variety B,33.72294269886698
West,19.72410763948421,526.4675654706729,Clayey,105.75245588343324,36.24005418612437,1,Variety B,28.89940181102806
North,13.391847966500425,250.8958820997329,Loamy,151.9739843428867,23.64597303278732,1,Variety B,12.674986605741765
West,19.671501413222792,354.0118108195905,Sandy,136.9456007622218,39.90051882329907,0,Variety B,19.543458138357195
North,21.16491236549,278.67611786374493,Loamy,55.411390336745896,31.9905820506408,0,Variety C,17.51520993672824
North,32.38840938968839,614.564201105253,Sandy,72.94440161779396,28.09412153914865,0,Variety A,34.460088757766215
West,11.194690169220053,287.3375042276591,Clayey,220.23832285089404,16.77689608372988,0,Variety C,13.309332118839796
West,22.91648699882833,357.1507777892815,Sandy,269.83111584064017,35.47285857137411,1,Variety B,17.144288388979852
West,28.097832360890536,463.30255140029857,Clayey,178.5567528164944,48.99079373681652,0,Variety C,24.77975458117983
West,27.053653316345468,166.03996938073055,Loamy,184.79776987840825,43.0241369962806,0,Variety A,8.904272480036227
East,32.30869066767447,509.35428616816927,Loamy,113.77335820809483,12.400327703560473,0,Variety C,29.09434650865948
South,25.80525739298294,478.5694237928927,Loamy,241.96909090842783,25.049175134447644,0,Variety A,24.02071891668335
North,26.871390902405725,736.8418291923382,Sandy,237.94864684181408,47.02332036761087,1,Variety C,37.632974508805646
West,15.807465840987248,336.0268909932496,Clayey,197.09142230441412,30.121749902280857,0,Variety A,16.387736249460016
West,20.058655709115957,240.1608963375329,Loamy,103.1660716278357,36.484473032327166,0,Variety A,13.244279702765184
West,16.086476282759882,425.18807008174304,Loamy,74.25455455927236,46.50397382365562,1,Variety B,24.32492739123808
East,27.8630405395705,280.38174131279675,Clayey,66.05964396428148,44.95178761679523,1,Variety A,17.294417572859984
West,26.743452258786228,507.8309183626249,Loamy,198.17401666071945,30.07281502162044,1,Variety B,27.05039714090775
West,26.56768983641758,128.0130276346788,Clayey,256.2588297857,27.505852106304083,0,Variety B,5.546180161245586
West,20.592831957709627,378.9309193245437,Clayey,264.5826079452312,23.587704739183483,0,Variety B,16.920652676078223
South,20.13525110341667,314.3256660355561,Clayey,165.90551858586247,38.76077772651564,1,Variety C,16.91219789225899
East,26.047234661482086,613.5514154172138,Clayey,246.0678248266792,21.47947197886173,1,Variety C,31.45233801574452
West,21.653069736144325,337.8870580749269,Clayey,286.72004908525594,19.995504257236007,1,Variety C,15.342457021446318
North,19.89797718083881,152.78084828030018,Sandy,118.792528122017,24.249995784151203,1,Variety C,10.552506881855962
North,22.45805314370966,459.6359806130904,Loamy,149.4900865951893,17.08860227515168,1,Variety A,25.066172885037037
North,21.69628981982346,563.9772280549018,Sandy,282.86974814917016,37.80479263783069,1,Variety A,27.28947518292697
East,20.666385126857733,445.7589613478549,Loamy,134.55774182932123,34.64962597322449,0,Variety C,23.445619615372536
East,18.87116091621199,377.73544415617846,Sandy,278.46907258044905,29.315141364633742,0,Variety A,17.02155817192374
North,27.243448841694534,365.68757988314746,Clayey,295.2612155636165,25.613031170462182,0,Variety A,17.318583181429943
West,32.780247197385286,522.5896064884068,Loamy,215.45268214360615,46.36250171586926,1,Variety B,28.021471830546275
East,24.80497899690673,322.1102501520904,Loamy,254.22257237604208,11.164951399564211,1,Variety B,15.704810850948306
North,26.11217068484964,434.30340571789327,Sandy,237.3863910552713,40.76430974029197,1,Variety B,21.67540286963182
North,27.68188926300852,650.0893141774748,Sandy,224.8835644038809,46.07638286995555,1,Variety B,33.16806993788604
West,26.83282878596561,239.73538421887093,Loamy,126.73276824530814,27.85418317719704,1,Variety A,15.332211062562616
South,20.765438358415103,491.2665960519456,Sandy,64.27358447698593,32.02761965882587,1,Variety C,27.24595777873084
East,33.599231055512924,142.20211744059907,Sandy,135.76293312991265,47.77854751528152,0,Variety A,10.32600913735438
West,21.213447431610195,545.5859340019906,Sandy,216.73399630097663,18.491100611420578,0,Variety A,27.08710143303759
North,28.24044182330205,304.2381578401878,Clayey,75.63229955695034,30.805393911387394,1,Variety A,18.196936511621285
North,27.65095653671456,703.918362606159,Clayey,52.97949574456052,28.98884508512852,0,Variety B,38.67060766830536
West,15.207792289326813,204.6105380709302,Sandy,84.92309315073467,20.3357059148148,1,Variety B,12.857678305934638
East,23.2057679154354,588.4158073602016,Sandy,228.9339816026988,42.74372921492432,0,Variety B,30.063594500020024
South,25.283142259060853,744.2262157052986,Clayey,293.198425414111,45.98402379052944,1,Variety C,35.711970141198016
South,25.66575605712143,293.86211971590626,Clayey,295.7661749037051,41.277303191528354,1,Variety A,12.434769855405728
North,26.50710257758384,327.6230142010121,Loamy,173.49478728504698,17.814358433944335,0,Variety C,16.907188814379083
East,28.78831436469988,311.1608711246805,Loamy,267.33807524808685,13.469945420055264,0,Variety B,15.655321241675528
South,24.96242317864611,402.8274623191392,Clayey,234.20661393787603,34.217779412213694,1,Variety C,19.55661230152984
East,26.77308784008972,603.4843598378932,Sandy,175.26005924615086,12.283790420395356,1,Variety A,32.594952536420315
East,24.775227066138086,386.4990132225753,Sandy,193.1901332387717,36.91303554232337,0,Variety A,20.546075176848102
North,19.91333171622613,275.8083549587286,Sandy,84.30678665421777,31.216968813089707,0,Variety B,16.191133307506067
South,25.16200720684837,96.2492586833419,Sandy,284.41536515414805,36.51142930974655,1,Variety B,3.827173696595458
West,28.745449221265343,820.3895013024792,Loamy,137.9824426829442,33.60683094598976,0,Variety C,43.16200144650019
North,30.543941912376823,836.0991260829296,Clayey,161.53731411429237,26.90810278108691,1,Variety B,44.43414788916837
South,27.68657828772102,612.0474078976913,Sandy,217.91505774947467,18.03508720560913,1,Variety B,31.741965301029825
South,31.671751629746492,337.923261115003,Loamy,133.47561788163847,22.22808543241954,1,Variety A,20.763655547727087
South,27.094323737044903,649.5404230263293,Sandy,113.56479024723264,30.98002296875906,1,Variety B,35.28510649516307
South,29.319399108344182,689.7413834986132,Clayey,207.76234831755517,36.07472374590424,0,Variety B,34.61334063260249
South,29.68695574639893,449.1503737174533,Loamy,56.24602057046236,41.179320675381135,0,Variety A,25.56265349553725
East,23.88324729558132,508.2737087997781,Clayey,230.1812780066697,40.68682873796243,0,Variety A,24.35973897538407
North,28.630017162838342,746.3536458978986,Clayey,178.50584246912743,48.90754973044341,0,Variety C,38.70870662306402
East,20.29677551179543,171.90772858871833,Loamy,201.4384326302336,21.43365794653638,0,Variety B,8.479110977649562
West,26.74906171274432,699.6845646244349,Loamy,207.97003981172128,12.844428328537472,0,Variety A,35.51606090770888
South,27.885129133342264,438.1692377286973,Loamy,181.76253912314093,23.82627742167437,0,Variety C,22.793194246903184
North,30.25547560349665,277.4843395977899,Loamy,195.633444360184,39.731779008963066,1,Variety C,14.932012223674144
South,29.10379651990653,293.9387053411323,Loamy,220.94705022246865,27.52446604133181,0,Variety B,15.495541856911622
North,30.320570916673567,327.05557309618234,Loamy,238.2797117949185,42.71153722357678,0,Variety B,15.38770956065498
East,24.503098349367885,257.9858559797594,Loamy,231.8630978215301,31.9730546074406,1,Variety C,12.81154289361729
North,23.273034226649763,854.2777948778032,Sandy,267.4041144330654,47.19166890522012,0,Variety A,42.08635595787803
West,23.62550621057192,598.2405877002002,Clayey,97.36085829185068,47.91453767996275,0,Variety C,31.876943626878667
West,26.33141865224315,712.8965507217137,Loamy,150.28699237294938,12.772180240749949,1,Variety B,37.96806726375026
North,15.95626492178874,612.4736583233356,Sandy,286.9490165036143,28.25653758849697,0,Variety A,28.080199530505137
North,31.65878485197277,512.2455216940347,Sandy,149.14764359658244,34.387562449982724,0,Variety A,27.567279261052217
North,25.21936679914488,514.9510646731264,Sandy,81.21751922648068,20.234901632488512,0,Variety C,28.932599786943594
North,22.924992088324405,420.4974722180276,Clayey,181.36128159054488,26.283071175159208,1,Variety B,21.551223029391355
West,12.351418946972696,436.8435247119659,Loamy,77.37274313861553,37.10726164470793,0,Variety C,23.902502432561427
South,24.81593246910859,218.37932523742165,Sandy,100.71330968196632,19.069369075934457,0,Variety C,13.4092535613665
North,24.007617424621223,716.3652302080526,Clayey,299.5796891427392,34.0792541189781,1,Variety C,35.35564890369948
North,20.51476784677373,137.35334279939093,Clayey,185.340659599033,37.89791312657224,0,Variety A,7.316405718489631
West,21.63476577436494,288.27788189416015,Clayey,121.01459726010724,13.61985244383467,1,Variety A,16.122335416702686
West,24.866816777774183,902.406826192122,Sandy,298.69373864347654,29.90117264109811,1,Variety B,44.99714542548462
East,22.058817702061585,527.2345766129654,Loamy,291.6397296387858,20.52320119696763,0,Variety B,24.24184453567764
North,27.859390330891777,535.5420890060398,Sandy,160.1847602710659,38.97545423992178,1,Variety C,28.74577023590288
East,21.25608205677992,627.4677095535458,Sandy,115.1007771969771,17.58222034147762,1,Variety C,34.17568260289663
West,25.77304214760389,191.9325013757209,Loamy,259.5999095230475,45.689516621524255,0,Variety C,8.041967205743667
West,30.90022684405585,221.24132670599533,Loamy,228.90517924294645,27.237653460733075,1,Variety B,12.79381992490336
South,24.81702068718724,411.0211306902307,Loamy,221.7353587508776,17.920121212302142,1,Variety A,20.52260928204955
North,26.779885619798726,319.327808490462,Clayey,273.2784353306181,27.520871854013173,0,Variety A,14.951310569971822
East,26.463256937002992,485.0088069981199,Loamy,222.35428346783115,26.349750512341117,0,Variety C,24.594109326348512
West,25.03998449808633,597.1098590604272,Sandy,120.94948576038728,27.15675837974841,0,Variety C,31.919648759579548
West,24.664964290282448,777.8326095741191,Loamy,223.46579046893308,33.42245173989788,1,Variety C,39.78339912758077
East,22.14312889275044,662.2176679579181,Sandy,126.453377820916,30.8469489965415,0,Variety C,33.995724945267106
South,25.755061452789096,301.1446576622091,Clayey,239.8097449142488,15.991085267236109,1,Variety B,15.70026980699075
West,23.583662455802664,425.0071844104414,Sandy,204.9369636228915,12.623162905865453,1,Variety A,22.413607387531272
North,32.730450841173536,370.610965750077,Sandy,69.35288799618765,39.17661794906162,1,Variety C,23.431148526320403
West,29.05571629554956,296.68782419753006,Loamy,178.20884060878552,32.388697437132535,1,Variety B,15.880955641272545
North,17.73602052055827,251.16497746443352,Loamy,135.82524229893522,24.36003072317055,1,Variety C,13.380878462384288
East,18.014210008909615,832.8624775449081,Sandy,132.14265818307356,42.33431289992296,1,Variety C,43.130503889645645
North,24.347700654803173,502.12844864653,Loamy,200.56407559431432,25.52233897043828,1,Variety A,25.34949809526918
East,23.023472612801267,455.1539586790504,Clayey,130.58120611735623,41.8386035840243,0,Variety C,23.546437123178272
North,24.08403040889037,596.8515133188603,Clayey,244.22343705121816,22.230245100494987,0,Variety A,29.173777937197112
East,28.25580730326157,606.7492207483145,Loamy,67.6978590027936,12.913811901807987,1,Variety A,34.4261302684149
North,26.578679494386783,723.7651307412843,Clayey,215.0970630989564,47.305587751997166,1,Variety A,38.44367298967111
South,26.528146152290773,351.2676773266469,Loamy,252.2987009141853,25.782045171254925,0,Variety B,17.444562040300557
North,32.23097332747697,580.544443374564,Sandy,218.20792248010756,41.70770291397511,1,Variety B,31.262296051823657
North,18.0555422291346,317.76520472983424,Sandy,174.30729875499895,21.165765328892174,0,Variety A,16.185592941118404
South,25.519694170744497,461.9684112522544,Clayey,287.5767534340453,35.85460448494624,0,Variety C,22.178637907439903
West,22.10473726026373,511.3485134324108,Loamy,124.9846224495159,44.93243493030913,0,Variety A,27.20513810089021
West,32.17717892919676,530.8967991438122,Loamy,54.79197188124444,11.665760893599211,1,Variety C,32.50828002084385
North,13.953241970883282,522.0642211694382,Clayey,157.99734286586022,43.22543058744357,1,Variety A,26.495792966478504
South,14.172592071434991,660.3661965089839,Sandy,58.25298397508181,32.85332019887714,0,Variety C,34.995522203024464
North,26.52318148174025,380.6023218048456,Clayey,288.4841881316022,34.29887015634277,0,Variety B,18.311020819612363
East,30.63148279662073,536.3348545806944,Sandy,102.47951143701287,30.926320032239303,0,Variety C,29.9340372317762
East,28.86627160658525,348.21903209592,Loamy,247.23175598721983,44.9790041313457,0,Variety A,17.14086264397157
North,20.995096033411457,1084.1505131771762,Sandy,243.64302079359123,11.737334289425498,0,Variety B,53.914363420697214
West,32.532108610007896,317.42713644727405,Clayey,104.43222492073338,20.441135661433925,1,Variety C,19.515349602584266
West,18.84265625702896,359.8694691310891,Loamy,205.30663262004185,45.03050155436621,0,Variety C,17.747508066132816
North,31.53742094771673,676.5296154026239,Clayey,62.01974212161255,40.09382810127824,1,Variety C,38.35511917623506
North,19.50385874820928,414.1069712997683,Clayey,170.89364642596686,10.705806407144234,0,Variety C,20.37080116653384
East,23.24087913831389,676.6092255402059,Sandy,53.66178181812168,30.680251328388344,1,Variety C,36.78468655858453
West,28.196347689284583,530.604518745177,Clayey,280.28597004521043,31.18290722850699,1,Variety B,26.7875891115765
North,17.668960845519173,419.362146689242,Sandy,294.02150604989293,26.03528540511641,1,Variety B,19.01609246255741
East,32.34511698770384,349.4489301750445,Loamy,105.57069165964631,21.89573328247959,1,Variety B,21.02906870022484
West,23.210280842993427,342.23268767262545,Sandy,102.0265086490932,37.268994016493686,1,Variety B,20.69835161301021
South,25.686380678391448,421.5357994974516,Loamy,238.4300441405324,18.311618588190157,1,Variety A,21.332893431936288
East,30.81100394520376,465.12073633104046,Sandy,113.34484970733362,41.95794248286824,0,Variety B,25.96519580987215
West,21.03437327416425,333.62375131522515,Clayey,273.7691397904613,42.12148643069887,1,Variety C,16.257280892116107
West,30.304068431276946,478.1535139626911,Sandy,193.48228403074555,26.610457502912823,0,Variety C,24.769304402370903
East,33.20266785446185,281.1769414663985,Sandy,137.69440575257804,21.341920436385905,1,Variety B,17.726690358355572
South,21.722105013352103,651.1802433192704,Loamy,258.173436587355,21.35512726362853,1,Variety C,32.50553289526987
East,31.846938362981472,689.4724798919929,Clayey,173.35167510334878,29.29165295984841,0,Variety B,37.10645092648498
West,16.197107028791983,359.13496195829373,Sandy,277.9082284271189,38.78316898997435,1,Variety C,16.17312271061291
North,26.94800197397284,347.9653889769559,Clayey,282.00355918234527,24.35474763975435,0,Variety A,17.136485785699378
North,18.85700742148096,535.5833614019745,Sandy,91.35503803210231,34.40173381831006,0,Variety A,29.11481410510673
East,29.712842742680944,753.073218606313,Sandy,50.58085153298257,25.29937842330377,0,Variety B,40.95064498208659
West,29.302280242111017,797.3327328506348,Clayey,295.98273503560057,22.18092756605533,0,Variety B,37.57912175380852
North,35.38689997795622,219.45145535274656,Sandy,276.5343840318699,10.994380636631767,1,Variety B,11.081561643747891
West,32.106414914762496,701.2609659303048,Clayey,63.86130892596035,10.156564229415626,1,Variety C,39.64263751314516
East,24.171144011992727,487.68933241296105,Sandy,258.2585659852675,19.08830711328018,0,Variety B,23.85508366844588
North,19.5912625635058,491.562059907893,Loamy,164.45123313980167,26.256251472039818,1,Variety A,25.718664056306665
West,27.82843539834695,600.9424731301121,Clayey,114.7404012562438,44.05044669448241,1,Variety C,33.01009448825391
North,24.69634294807253,403.8085059167772,Sandy,269.68663091923247,41.93936971721702,0,Variety B,19.203330222211367
East,32.75577522297852,719.3401264216609,Sandy,99.16680809757682,20.6866105035196,1,Variety C,40.27485624829854
West,14.168095782921108,784.7924543539614,Loamy,286.8249998550167,19.78161771937197,0,Variety C,36.20178744974831
North,35.94028379644314,792.2568555070474,Clayey,101.40537192483526,19.092882842801096,0,Variety B,43.31290864526712
East,27.65995303805902,131.21704234694403,Sandy,203.42079693218588,23.56949362115468,1,Variety C,7.347055844577866
North,20.93493939139814,454.06854625431407,Loamy,105.77158363224372,29.92794878246741,1,Variety A,24.728219046681925
North,28.66994613709283,112.95388303844852,Sandy,186.4171662421587,27.546710881263017,1,Variety A,7.874460722741953
South,31.48710710644852,346.94398761133164,Clayey,220.9937824787853,18.73092795125975,0,Variety C,17.584402903175757
South,25.57173445651844,20.50022577406844,Sandy,97.5569827050344,15.21805639774472,0,Variety B,3.5612859633046483
East,16.175398079275787,590.0533269278974,Sandy,180.2214456751698,10.503112499447816,1,Variety C,30.995026441758554
South,23.53076481826447,543.8619271160348,Sandy,167.26493609752976,16.158529546660155,1,Variety A,29.119912599718432
East,30.19697526521069,413.4797786886468,Sandy,67.7593553508353,38.21425480776473,1,Variety C,24.61101419745652
South,27.483323671136876,341.7703778899397,Loamy,254.5769544188257,19.74554277382332,1,Variety C,17.059125644031216
North,24.217464845823137,562.806324870734,Loamy,133.92060016071042,28.744072404860397,0,Variety A,29.270049275575666
East,31.541579154457175,297.7155857257807,Clayey,193.64554938796988,33.65204595692979,1,Variety C,17.317348835108383
East,28.69652920416148,284.10757704653474,Loamy,178.6960587332836,45.47363611326429,0,Variety C,16.00678650203775
North,29.08169577969172,259.5167596130582,Loamy,178.31512614261055,45.55420393573678,0,Variety B,14.66100617270476
East,22.946826540095994,459.2318138522702,Clayey,76.80559855212186,39.82934934725436,1,Variety B,26.618577847985243
East,22.463081591269507,383.5384860934474,Loamy,155.8705023123332,11.406279681940056,1,Variety A,20.418560112853942
South,16.50020139658489,423.1523963072659,Loamy,163.09168980164256,33.0028167634166,1,Variety A,21.271849937621013
East,23.70304122031372,604.3617480037464,Clayey,233.4107100911121,41.46333883326026,0,Variety A,30.200447533048354
West,29.67696026899064,692.6593209718998,Clayey,260.00470798017466,10.691521790534528,1,Variety B,35.34484685270125
North,23.979533514922064,790.0961569791771,Clayey,186.2455695250045,31.98738454626313,1,Variety A,41.48137315151445
South,27.227694232645025,512.0273955936584,Sandy,71.69573851624762,44.31056583144118,0,Variety A,28.78977932948576
South,30.5559967832664,569.517820512554,Sandy,109.21236764913655,28.96408303369068,1,Variety A,31.67386771168145
West,26.86416495899316,537.7692714261827,Clayey,91.23350671318276,10.164248115897935,0,Variety B,29.63057983061007
North,27.35257380880401,165.16286023721932,Clayey,81.15376579728118,10.4405343334243,1,Variety C,12.205696989512187
North,18.21088768981223,426.0605888057827,Clayey,141.47482465445188,26.665441496550024,0,Variety A,22.1535770748437
South,23.387176079490114,426.9803554518673,Sandy,107.3483755385955,16.20034669667018,1,Variety C,24.0146483263888
East,33.633132532482975,397.8374348460777,Sandy,104.57577795287808,36.57802628373038,1,Variety A,24.0791958821141
South,25.518985905480463,491.8121342762324,Loamy,63.67329364406692,38.35197059624616,0,Variety C,27.556121353861467
North,34.48369090998288,456.1038893571343,Loamy,54.41751119885847,17.115191818425146,0,Variety B,27.86079032758872
West,21.384421846805264,302.73464721498846,Clayey,75.69206066244544,45.54133154097939,1,Variety B,18.57787783584433
South,26.169737260672697,469.79480923058935,Sandy,93.04936985590828,27.67631379915704,0,Variety A,25.31691647580841
North,23.086607812240658,372.18992058299386,Sandy,157.74593221205075,15.713836303676947,0,Variety C,19.50556106786856
South,27.959923425622765,0.0,Sandy,177.63006532471115,40.570063922775816,0,Variety B,0.0
East,29.475043340300605,220.58621593790733,Clayey,85.14797954334139,41.59898000067091,0,Variety A,14.1755158409152
South,28.012330478504506,517.7828651626157,Loamy,156.19583538104658,35.571818906618304,1,Variety A,27.81730404630004
South,30.209260718740143,718.3782628308219,Clayey,135.43721058148182,44.13862212810213,1,Variety B,39.14852238138557
North,24.934135057388367,14.55934846434701,Loamy,95.855910874489,39.49491888122685,0,Variety B,2.86375353698874
North,24.04735816168161,325.92167324926857,Loamy,51.71018703709089,45.288229489079626,0,Variety A,19.86048323885701
North,16.20903496362014,586.290766798952,Clayey,166.75446663043545,27.355521939419177,0,Variety C,29.88477630843512
South,28.192254675822824,675.6390927506336,Loamy,221.41293731629983,39.9038851239777,0,Variety C,34.30151878490198
East,25.860920461200788,415.9772876847964,Loamy,106.56933353595176,49.990062537161776,1,Variety C,24.32363155052713
West,24.660426312187333,363.4435283157861,Sandy,82.95170747416984,38.99724790078477,1,Variety A,22.51332932294558
West,24.045912972728274,743.9421499780386,Loamy,271.7606861117405,14.567351209485286,0,Variety B,36.22245604528948
North,24.815602193281048,659.2185411997137,Clayey,118.75619312194944,30.73274889716732,0,Variety A,35.26995317531998
North,23.818819342510416,671.7236796152031,Clayey,105.9031549481662,33.49391164972111,0,Variety B,35.409864339131815
South,22.35983080718348,406.3871995018509,Loamy,264.2742349024789,16.96842700285564,1,Variety C,19.2600966507497
West,26.197944403620845,722.7388475367356,Sandy,254.27677479169031,48.5156653671215,0,Variety C,36.18811614653143
North,27.420795594664764,110.98625342725768,Sandy,162.0866176311584,17.02319110538465,1,Variety B,8.000422631257873
East,21.147160428069096,726.2460183318027,Loamy,172.30971535694363,17.10231678852891,0,Variety B,36.46601271517255
East,22.996322154063044,486.69356931162207,Loamy,104.43717620850548,46.6066855189822,1,Variety A,26.391456885562565
North,23.97689124367566,525.786838249563,Clayey,69.57541761988938,28.608217324866843,0,Variety C,28.971154282107637
North,25.024066536883925,310.9494683845046,Loamy,193.35795633891527,12.527531170980648,1,Variety A,16.612031961418264
West,24.359072652071163,137.19473037836983,Sandy,74.58623039755328,33.92749999754115,0,Variety A,9.599355971932924
West,28.29860599828197,521.5408295583461,Loamy,162.31863673916246,34.07305394532192,0,Variety A,27.740786777128378
South,16.73816492148095,610.2789099182794,Clayey,285.1242996282527,12.580030347462472,0,Variety C,28.943807251683317
West,17.624814008299417,640.5384769637529,Clayey,288.2085972926461,48.90089982534648,1,Variety A,30.756285492542137
East,25.967846996267888,618.9557191649172,Clayey,109.83307163683966,31.761198611783023,0,Variety A,33.61596972397792
East,21.986570760861056,573.6323390106916,Clayey,206.0283550114136,32.39182888719057,1,Variety A,28.033938729187973
North,29.42121152886905,315.242712761408,Clayey,168.51906602696442,30.804616580095782,1,Variety A,17.026923960358474
West,30.84900476294275,653.4952145040065,Loamy,268.92128189652647,34.4292711857848,0,Variety A,31.98300715974105
South,26.16873588211455,292.8755305049343,Loamy,117.8577160690133,20.5719901109502,0,Variety A,16.587798967998147
East,19.640125418629104,721.4128472130269,Loamy,50.92560170810421,21.489653918993632,0,Variety C,39.43605678582179
East,30.272967581135298,483.2036262387654,Loamy,90.64030148285376,30.45356359184531,1,Variety A,27.435221324660663
South,25.99451331075164,489.85815602690326,Clayey,137.3807002923495,42.26743419054319,0,Variety B,26.67820895725202
South,17.565320137364413,673.1853236610203,Sandy,128.93028244262217,11.994583059767155,1,Variety A,34.944639678531864
East,18.007401759674078,700.2937251068278,Loamy,247.8407297807215,34.136168488809844,1,Variety A,33.75816969199796
East,32.584733948543224,654.1277357900277,Sandy,220.14016653470944,42.27112570025256,0,Variety C,32.98483202413962
South,31.75567956630615,335.9084300888662,Loamy,124.88907990372432,16.27669088148909,0,Variety C,20.60234110964405
East,12.414284289518775,652.5339100877104,Loamy,164.43595429155334,10.600901679222652,0,Variety B,32.17572236325133
North,18.211045523710617,337.0420780059104,Sandy,73.88977598958381,22.50853180565832,0,Variety B,19.54090653730508
North,30.704277478108278,657.5802803455318,Clayey,274.5366112050252,33.52574826918392,0,Variety C,31.679610326111817
South,24.90753705803476,214.96736078754708,Loamy,283.8562061121336,15.53132693618991,0,Variety C,10.271462125027526
West,28.509246427460464,481.2639876123271,Loamy,294.95088384523456,27.04489483889942,1,Variety A,23.689626918989568
South,24.69023626950952,335.8217720988658,Loamy,267.1382076964594,32.09285989497111,1,Variety C,16.554337512361496
South,28.272462450356016,673.9871304896052,Sandy,93.4902219240564,33.95532379029269,1,Variety B,37.3637119926064
West,25.029167733327167,723.0333548178027,Clayey,61.54912080040721,20.97646884001501,0,Variety A,39.685601960437374
West,22.81195871621517,539.7993027583865,Sandy,194.8991818531685,26.001185439451653,1,Variety B,28.277711001899917
West,30.293719149574045,533.2218287875769,Sandy,278.1512567207776,41.13356916270234,1,Variety A,26.327889510816185
North,26.01027308012823,640.8354244962271,Clayey,94.33784041493573,47.64858776482742,1,Variety C,34.927247577639406
East,28.26194358121783,724.2229759898236,Sandy,51.76072865603547,44.47521324473029,1,Variety B,40.52674052351628
North,25.78723962480383,507.4622349324323,Clayey,251.37401150806107,32.571340069337275,1,Variety A,25.766569359149933
East,22.56821553225093,400.06493501040393,Loamy,69.1989210716835,26.41171211775786,0,Variety A,22.84276214420038
North,33.04194655678596,629.4534972880977,Clayey,153.42650797750758,23.318264574856727,0,Variety C,34.09529025843288
East,26.77484127378833,128.25452578126578,Loamy,219.72183429719627,14.998262643360722,1,Variety C,7.504692121849156
North,23.22475677813924,681.9303079117651,Sandy,109.19939636404504,14.26204988864452,1,Variety C,36.62651151541326
West,31.39164735159358,357.9626101116576,Sandy,70.99064086168167,37.53430499654631,1,Variety B,21.24389243861818
South,18.39588113060521,451.9544267455102,Loamy,242.5053071139572,20.391776646846417,0,Variety A,21.335439335379935
North,36.18141825397993,683.2102646236622,Sandy,207.54377122176035,20.186467457297876,0,Variety C,36.49917824905073
East,24.104251211682858,416.8980967220618,Clayey,297.1226211217012,49.927802179111424,1,Variety B,19.982907360190204
West,18.65992896308312,629.4817757149606,Loamy,136.07700832998984,17.517038314951815,0,Variety B,32.2987664498215
North,34.52970674228783,727.7817508148829,Sandy,65.44059657254992,15.922390379553184,0,Variety B,40.65857207232589
North,22.684161934636045,522.0066180095012,Loamy,233.58750883382396,13.947409110396825,1,Variety C,26.535318951426085
West,26.216222849278136,562.2896311649424,Clayey,180.43335471331145,33.192213806671845,0,Variety C,28.80790394418289
North,28.58845370719732,476.11282521125617,Clayey,103.30098284728376,35.11455304008406,0,Variety A,27.216158921397813
South,30.92086263830073,523.119599412744,Sandy,245.43224725118984,24.60911705027528,1,Variety A,27.087270300025303
North,26.498872818607826,276.7190440099936,Clayey,100.93887146248592,31.41653342045871,0,Variety C,15.91710766652457
South,21.76342295834981,441.25238268838496,Loamy,115.16541370823414,41.535981237796506,0,Variety B,24.363836299360734
South,26.094962616669964,242.35887860349607,Clayey,73.13213859167979,42.72416673286993,1,Variety B,15.55999072760936
West,22.903422273341395,320.24655509452026,Loamy,149.85806975771362,48.31648302862593,0,Variety B,17.215943373753078
North,26.24505838182262,99.41019586556746,Loamy,154.73230598435475,42.97071943691498,0,Variety A,5.9923851632894864
West,33.14074772878429,552.7856307009773,Clayey,178.6404475870746,32.59365746869706,1,Variety B,30.19627056253072
North,28.77962595821897,838.3204330754827,Sandy,227.2410667809444,17.18627863347384,1,Variety A,42.67473030062944
North,26.03323219049169,408.7788529718858,Clayey,276.52523217010645,13.990542308113696,1,Variety A,20.34863970149164
East,28.6924541630317,693.0267181144759,Loamy,84.43352472195215,12.180475596434368,0,Variety B,37.55641963305514
North,29.050403259545927,725.1385632033832,Loamy,63.587024587164265,36.66103327141535,1,Variety B,40.05752635044543
West,19.610629485156373,260.17255313034593,Clayey,54.63280839858332,42.30145021591972,0,Variety C,15.503815901262396
South,25.20861355607849,303.2412164618356,Sandy,85.90534451720407,30.34735802736316,1,Variety C,18.662831378127013
North,37.81263829666258,698.1596176704415,Sandy,214.4873714454065,12.188566993345598,0,Variety B,36.05932237202884
East,31.06410492515933,481.5317274016296,Loamy,231.86926949912416,31.418822983653527,1,Variety A,24.944055148251724
West,22.482822204194,241.84222676988145,Loamy,246.62642838203053,47.42997046098202,1,Variety A,11.648651497619698
North,21.98396051941189,372.6280826142786,Sandy,110.92705297608566,33.904527637298415,1,Variety A,21.331301085582247
West,21.817371384121987,583.9320489624131,Clayey,126.47370331537998,42.3770995385126,1,Variety A,30.481214296923103
East,29.33159975131029,341.21266517903325,Loamy,170.78366139137486,42.00610593567002,0,Variety A,18.701636441366865
East,33.038204605581086,0.0,Loamy,65.79577421505662,47.28516399122611,1,Variety C,2.60820791646094
West,27.91083522240029,435.59736455843273,Sandy,202.78538080281157,40.80915062599493,1,Variety B,23.633257188472285
North,25.78581174934409,451.8013612289608,Clayey,295.9337584189394,39.90802056052358,0,Variety C,20.941647507016924
South,22.779223211836143,501.8452868288655,Sandy,140.20157784450066,19.36410659882562,1,Variety A,27.31345599381937
East,26.64686572791764,751.7766746579059,Clayey,238.211868772846,12.39700621284326,0,Variety A,37.63956566665009
North,20.899391399518954,510.704559579809,Clayey,175.008478892402,30.703978602152308,1,Variety A,27.359693572675376
North,15.321172263943808,548.5874708851414,Clayey,81.95296109009568,14.977368317870209,1,Variety A,28.567374087688155
South,33.18412845056224,711.1073947298839,Loamy,195.55936220064655,48.48783505111965,1,Variety B,38.01902902200508
East,19.97093664818945,502.0688031671524,Sandy,124.96856711101624,21.596990505321145,0,Variety A,26.467403644574304
East,23.375838131653403,927.3041490580204,Sandy,58.60080211336456,44.117768135371726,1,Variety B,49.65916075407386
North,28.28178725314645,247.25834120419964,Clayey,208.73243252943595,25.504985008098373,1,Variety A,13.130546120538597
North,32.17233434673027,313.17045737843114,Loamy,264.7330873311819,22.927769994295097,1,Variety B,15.431141398865304
South,26.285653262093103,622.7916816541627,Loamy,136.19244172496855,47.406342895064846,0,Variety C,32.73724137068111
South,19.03144506169586,750.8627065877278,Sandy,147.57388680319264,24.53290288344896,0,Variety A,37.95493507252643
East,23.493267751542245,459.8410006262751,Loamy,272.7554207418029,25.61151634652546,1,Variety B,22.476376976885582
West,21.607572974874603,297.8757658421189,Loamy,253.40220334183897,14.243671184516366,0,Variety C,14.281470338920816
East,24.808944862643397,852.1979170450704,Clayey,228.73820588794428,36.81786661130037,1,Variety A,42.88773951593979
North,31.15992235634818,341.5262210391379,Loamy,112.19926593828696,21.55357657910054,1,Variety A,21.198179571954057
East,12.31305701965058,567.8108902265958,Clayey,277.5541637416611,33.42416671358029,1,Variety A,26.29655629573316
West,22.943050849862544,762.8303622695571,Sandy,88.60393938480325,33.65406816212838,1,Variety B,41.00931319956975
South,22.57975181806491,411.6789553157958,Loamy,206.6926298543055,38.76798782383068,1,Variety B,20.97160002904596
West,18.716193275521803,375.5744325486572,Sandy,57.20029513662968,39.80965944689765,1,Variety C,22.305644489209644
West,27.92745371874808,389.2624515940672,Sandy,210.92995158123645,30.578097376061574,1,Variety B,20.887055671379382
West,17.92512064061976,680.3102513149529,Loamy,119.28608796833996,23.23967790413612,0,Variety B,35.66998631242837
South,18.500528603518376,712.029541040532,Loamy,162.41924429593,43.49803579338936,0,Variety A,36.1410906994911
West,29.25534607010307,506.7450783524255,Sandy,136.3161380142633,22.394625976339388,0,Variety A,26.86615433480737
West,32.502856844813344,876.6164506139467,Loamy,93.18918906155248,30.30036377877326,0,Variety A,47.05760414354236
West,24.619516156940204,506.3933118540256,Clayey,205.49519752346853,26.05010332814912,0,Variety A,26.4107831148762
North,18.91301940505367,758.4666428336332,Clayey,270.49388878515185,44.20313543878753,0,Variety A,36.91137525020148
West,21.47222954110875,413.5996791498121,Loamy,289.77106057060087,27.27674124583315,0,Variety A,19.17881089853282
South,30.040009736225223,966.7513067411128,Sandy,98.08659078847876,25.44396755349937,1,Variety A,51.68760846634938
West,25.582191203316967,814.0262831159423,Loamy,229.3431935157433,37.592947715905495,1,Variety C,41.1658601671467
West,24.494806115590382,474.4050728942969,Loamy,216.08484165142056,34.09764439445771,1,Variety C,24.158035303727612
South,26.56524854956573,786.9080417434005,Sandy,135.84444739364312,14.289873339833845,1,Variety C,42.38156383829551
West,24.8117002823728,776.7960982344034,Sandy,54.77479983843146,30.326752253758528,0,Variety C,41.80599544399212
South,32.72856148829609,810.6082152585298,Clayey,222.4478118282165,39.41913553332991,0,Variety A,41.81614531634027
West,21.254283676531998,3.602732855938939,Sandy,286.373715139875,49.68299058365425,1,Variety C,0.0
South,20.680204415823933,643.8702898581671,Clayey,208.03003047891283,35.16587335881276,1,Variety A,33.261397740093486
West,18.08273240965672,608.4597538611483,Sandy,158.82318104690853,24.81172265765271,0,Variety C,31.268185274988923
West,22.30006182137155,594.2146561886906,Loamy,181.2884735279071,19.046063992084736,1,Variety B,30.440275821041112
North,19.540122626669227,543.6692866795795,Clayey,99.90720191497938,44.91320936613281,1,Variety C,29.484676351595304
North,26.090377543263617,549.5622559029052,Clayey,237.6360409384344,42.58260848454011,1,Variety C,28.190250034064608
West,25.10473682762572,756.6280610596161,Clayey,236.60495750246224,19.356912831175396,1,Variety A,37.86020617390711
West,19.60462249966012,607.8946747386744,Loamy,86.37932509685623,18.02528360586294,0,Variety C,32.63867772765322
East,27.945696795139863,543.3812887464726,Loamy,269.4945956249148,38.605471072447024,1,Variety B,26.81727011976485
