N,P,K,Rainfall_mm,Temperature_C,Soil_pH,Year,State_Andhra Pradesh,State_Bihar,State_Gujarat,State_Haryana,State_Karnataka,State_Kerala,State_Madhya Pradesh,State_Maharashtra,State_Odisha,State_Punjab,State_Rajasthan,State_Tamil Nadu,State_Uttar Pradesh,State_West Bengal,Crop_Barley,Crop_Coffee,Crop_Cotton,Crop_Groundnut,Crop_Jute,Crop_Maize,Crop_Pulses,Crop_Rice,Crop_Soybean,Crop_Sugarcane,Crop_Tea,Crop_Wheat,Soil_Type_Black,Soil_Type_Clay,Soil_Type_Loamy,Soil_Type_Red Soil,Soil_Type_Sandy,Fertilizer_Compost,Fertilizer_DAP,Fertilizer_NPK,Fertilizer_Organic,Fertilizer_Urea,Yield_kg_per_acre
0.8868692877112411,-0.12238653970201642,0.5275252497608592,-0.15840705314795112,0.20130046235698196,1.1141257577341777,-1.3731789807012846,0.0,0.0,0.0,0.0,0.0,0.0,0.0,0.0,0.0,0.0,0.0,0.0,0.0,1.0,0.0,0.0,0.0,0.0,1.0,0.0,0.0,0.0,0.0,0.0,0.0,0.0,0.0,0.0,0.0,1.0,0.0,0.0,0.0,0.0,1.0,0.0,1933
0.26096663416086496,1.2258127960607101,1.5602612744631181,0.18703247541485557,-0.6148599118944089,0.7364915681246261,1.34396963310287,0.0,0.0,0.0,0.0,0.0,0.0,0.0,0.0,0.0,0.0,1.0,0.0,0.0,0.0,0.0,0.0,0.0,0.0,0.0,0.0,1.0,0.0,0.0,0.0,0.0,0.0,0.0,1.0,0.0,0.0,0.0,1.0,0.0,0.0,0.0,0.0,2900
0.965107119405038,-0.48190636257207686,-0.6158610633023559,-1.1256377331238099,1.7067021029848175,-0.45235680657210786,-0.8297492579404536,0.0,0.0,0.0,0.0,0.0,0.0,0.0,0.0,0.0,0.0,0.0,0.0,0.0,1.0,0.0,0.0,0.0,0.0,0.0,0.0,0.0,1.0,0.0,0.0,0.0,0.0,0.0,0.0,0.0,0.0,1.0,0.0,0.0,0.0,1.0,0.0,1330
-0.07806396984558873,1.4355326927349121,1.5787029891899442,1.596425751951107,-0.7611694390280273,-1.473367763664598,-1.3731789807012846,0.0,0.0,0.0,0.0,0.0,0.0,1.0,0.0,0.0,0.0,0.0,0.0,0.0,0.0,1.0,0.0,0.0,0.0,0.0,0.0,0.0,0.0,0.0,0.0,0.0,0.0,0.0,0.0,0.0,0.0,1.0,0.0,0.0,0.0,1.0,0.0,7177
-1.2777107224838096,-0.9013461559204806,-0.5605359191218777,1.2648038045308123,0.09553453912786039,0.17703350944381063,-1.6448938420817,0.0,0.0,0.0,0.0,0.0,0.0,0.0,1.0,0.0,0.0,0.0,0.0,0.0,0.0,0.0,0.0,0.0,0.0,0.0,0.0,0.0,0.0,1.0,0.0,0.0,0.0,0.0,0.0,0.0,0.0,1.0,0.0,1.0,0.0,0.0,0.0,1097
-0.5735702372396364,1.04605288462568,0.4722001055803811,1.4444323593834718,1.7666361261479873,-0.8859368020497411,-0.9656066886306613,0.0,0.0,0.0,0.0,0.0,0.0,0.0,0.0,0.0,0.0,0.0,0.0,1.0,0.0,0.0,0.0,0.0,0.0,0.0,1.0,0.0,0.0,0.0,0.0,0.0,0.0,0.0,1.0,0.0,0.0,0.0,0.0,0.0,0.0,0.0,1.0,1927
-1.3559485541776066,-1.1110660525946825,-1.4272965112827023,0.8917291136829812,1.5480532181411348,-1.2635709916592914,0.6646824796518315,0.0,0.0,0.0,0.0,0.0,0.0,0.0,0.0,0.0,0.0,0.0,0.0,0.0,1.0,0.0,0.0,0.0,0.0,0.0,0.0,0.0,0.0,1.0,0.0,0.0,0.0,0.0,0.0,0.0,1.0,0.0,0.0,0.0,0.0,1.0,0.0,2340
1.356296277874023,-1.0211860968771675,-0.4683273454877475,-1.7197937222518374,-0.43858337317920565,-1.2775574431263117,1.479827063793078,0.0,0.0,0.0,0.0,0.0,0.0,1.0,0.0,0.0,0.0,0.0,0.0,0.0,0.0,0.0,0.0,0.0,0.0,0.0,0.0,0.0,0.0,0.0,0.0,1.0,0.0,0.0,0.0,1.0,0.0,0.0,0.0,0.0,1.0,0.0,0.0,2281
-0.7039666233959648,0.9561729289081649,0.029598952136555886,1.3062565479583492,-0.26054406907685007,-0.9978284137859045,-1.1014641193208692,0.0,0.0,0.0,0.0,0.0,1.0,0.0,0.0,0.0,0.0,0.0,0.0,0.0,0.0,0.0,1.0,0.0,0.0,0.0,0.0,0.0,0.0,0.0,0.0,0.0,0.0,0.0,0.0,0.0,0.0,1.0,0.0,1.0,0.0,0.0,0.0,1227
-0.4692531283145738,-1.2309059935513693,0.80415097066325,1.0299049251081038,0.22245364700280654,-1.1516793799231282,-0.28631953517962266,0.0,0.0,0.0,0.0,0.0,0.0,0.0,0.0,0.0,0.0,0.0,0.0,1.0,0.0,0.0,0.0,0.0,0.0,0.0,0.0,0.0,0.0,0.0,0.0,1.0,0.0,0.0,0.0,0.0,1.0,0.0,1.0,0.0,0.0,0.0,0.0,3898
1.1476620600238978,-0.7515462297246222,0.011157237409729834,-1.028914665126224,0.8570491863775378,0.09311480064168749,-1.2373215500110768,0.0,0.0,0.0,0.0,0.0,0.0,0.0,1.0,0.0,0.0,0.0,0.0,0.0,0.0,0.0,0.0,0.0,0.0,0.0,0.0,0.0,0.0,0.0,1.0,0.0,0.0,1.0,0.0,0.0,0.0,0.0,0.0,1.0,0.0,0.0,0.0,2891
-1.3037899997150753,0.9262129436689931,0.416874961399903,-0.7249278799909541,0.3123546817475605,0.7504780195916462,1.2081122024126625,0.0,0.0,0.0,1.0,0.0,0.0,0.0,0.0,0.0,0.0,0.0,0.0,0.0,0.0,0.0,0.0,0.0,0.0,1.0,0.0,0.0,0.0,0.0,0.0,0.0,0.0,0.0,0.0,0.0,0.0,1.0,0.0,1.0,0.0,0.0,0.0,1012
1.4866926640303515,0.9861329141473365,0.39843324667307695,-1.2499959634064202,-0.7171003043492264,1.323922529739483,1.34396963310287,0.0,0.0,0.0,0.0,0.0,0.0,0.0,1.0,0.0,0.0,0.0,0.0,0.0,0.0,0.0,0.0,0.0,0.0,1.0,0.0,0.0,0.0,0.0,0.0,0.0,0.0,0.0,0.0,0.0,1.0,0.0,0.0,0.0,1.0,0.0,0.0,1198
-1.2516314452525439,-1.0511460821163392,0.7303841117559459,1.3062565479583492,-0.2446791805924818,1.5896651076128714,1.479827063793078,0.0,0.0,1.0,0.0,0.0,0.0,0.0,0.0,0.0,0.0,0.0,0.0,0.0,0.0,0.0,0.0,0.0,0.0,0.0,0.0,1.0,0.0,0.0,0.0,0.0,0.0,0.0,0.0,1.0,0.0,0.0,1.0,0.0,0.0,0.0,0.0,1899
0.44352157477972465,1.6152926041699422,1.3574024124680315,-1.761246465679374,1.5744946989484152,0.17703350944381063,-0.4221769658698304,0.0,0.0,0.0,0.0,0.0,1.0,0.0,0.0,0.0,0.0,0.0,0.0,0.0,0.0,0.0,0.0,0.0,0.0,0.0,0.0,0.0,0.0,0.0,0.0,1.0,0.0,0.0,0.0,0.0,1.0,0.0,0.0,1.0,0.0,0.0,0.0,2543
-1.0169179501711527,-1.0511460821163392,-1.5195050849168326,0.51865442283515,1.304791594714154,-0.3264787433689244,0.8005399103420392,0.0,0.0,0.0,0.0,0.0,0.0,0.0,0.0,0.0,0.0,0.0,0.0,1.0,0.0,0.0,0.0,1.0,0.0,0.0,0.0,0.0,0.0,0.0,0.0,0.0,0.0,1.0,0.0,0.0,0.0,0.0,0.0,1.0,0.0,0.0,0.0,2813
0.31312518862339633,-0.8114662002029656,-1.6485970880046148,-1.084184989696273,-1.7077744519286688,-0.49431616097316944,-0.8297492579404536,0.0,0.0,0.0,0.0,0.0,0.0,0.0,0.0,0.0,1.0,0.0,0.0,0.0,0.0,0.0,0.0,0.0,0.0,0.0,1.0,0.0,0.0,0.0,0.0,0.0,0.0,0.0,1.0,0.0,0.0,0.0,0.0,0.0,0.0,0.0,1.0,692
-0.8343630095522931,-1.4106659049863997,-1.1322290756534854,-0.9321915971286381,0.1960121661955263,-0.8719503505827199,0.9363973410322469,0.0,0.0,0.0,0.0,0.0,1.0,0.0,0.0,0.0,0.0,0.0,0.0,0.0,0.0,0.0,0.0,0.0,0.0,0.0,0.0,0.0,1.0,0.0,0.0,0.0,0.0,0.0,0.0,0.0,0.0,1.0,1.0,0.0,0.0,0.0,0.0,2005
1.0172656738675694,0.9262129436689931,-0.9109284989315728,-1.4158069371165674,-1.2670831051406608,-0.060736165495536176,0.25711018758120824,0.0,0.0,1.0,0.0,0.0,0.0,0.0,0.0,0.0,0.0,0.0,0.0,0.0,0.0,0.0,0.0,0.0,0.0,0.0,1.0,0.0,0.0,0.0,0.0,0.0,0.0,1.0,0.0,0.0,0.0,0.0,0.0,0.0,0.0,0.0,1.0,822
1.1737413372551635,-0.15234652494118814,-0.283910198219487,1.0575400873931284,0.26123448552015105,1.1001393062671563,-1.2373215500110768,0.0,0.0,0.0,0.0,0.0,0.0,0.0,1.0,0.0,0.0,0.0,0.0,0.0,0.0,0.0,0.0,0.0,0.0,0.0,0.0,0.0,0.0,0.0,1.0,0.0,0.0,0.0,0.0,0.0,1.0,0.0,0.0,1.0,0.0,0.0,0.0,993
-0.3127774649269798,-0.062466569223673024,1.6155864186435964,1.5411554273810577,0.5538535397873885,-0.9698555108518631,-0.014604673799207216,0.0,0.0,0.0,0.0,0.0,0.0,0.0,0.0,0.0,1.0,0.0,0.0,0.0,0.0,0.0,0.0,0.0,0.0,0.0,0.0,0.0,0.0,0.0,1.0,0.0,0.0,0.0,0.0,0.0,1.0,0.0,0.0,0.0,0.0,0.0,1.0,658
1.1476620600238978,0.2970532536463874,-0.22858505403900883,-1.2361783822639079,0.2330302393257185,-1.1516793799231282,-1.5090364113914922,0.0,0.0,0.0,0.0,0.0,0.0,0.0,0.0,0.0,0.0,1.0,0.0,0.0,0.0,0.0,0.0,0.0,0.0,0.0,0.0,0.0,0.0,0.0,0.0,1.0,0.0,0.0,0.0,0.0,0.0,1.0,0.0,1.0,0.0,0.0,0.0,3770
0.02625313907947395,1.135932840343195,-1.7039222321850929,-0.669657555420905,-1.5420745055363783,0.40081673291613606,1.34396963310287,0.0,0.0,1.0,0.0,0.0,0.0,0.0,0.0,0.0,0.0,0.0,0.0,0.0,0.0,0.0,0.0,0.0,0.0,0.0,0.0,0.0,1.0,0.0,0.0,0.0,0.0,0.0,0.0,1.0,0.0,0.0,0.0,0.0,0.0,1.0,0.0,2594
1.278058446180226,1.3156927517782253,0.6381755381218156,0.8917291136829812,0.9469502211222924,0.9323018886629126,1.2081122024126625,0.0,0.0,0.0,0.0,0.0,0.0,1.0,0.0,0.0,0.0,0.0,0.0,0.0,0.0,0.0,0.0,0.0,0.0,0.0,0.0,0.0,0.0,0.0,1.0,0.0,0.0,0.0,0.0,1.0,0.0,0.0,0.0,0.0,0.0,1.0,0.0,2175
-0.8865215640148245,1.1059728551040233,-1.7776890910923973,0.9608170193955425,-1.0978576279740655,-0.8579638991156997,-1.6448938420817,0.0,0.0,0.0,0.0,1.0,0.0,0.0,0.0,0.0,0.0,0.0,0.0,0.0,0.0,0.0,0.0,0.0,0.0,0.0,0.0,0.0,0.0,1.0,0.0,0.0,0.0,0.0,0.0,1.0,0.0,0.0,0.0,1.0,0.0,0.0,0.0,3523
1.4084548323365544,-0.39202640685456175,-0.26546848349266094,0.32520828683997827,1.070343798222934,0.3308844755810343,-0.9656066886306613,0.0,0.0,1.0,0.0,0.0,0.0,0.0,0.0,0.0,0.0,0.0,0.0,0.0,0.0,0.0,0.0,1.0,0.0,0.0,0.0,0.0,0.0,0.0,0.0,0.0,0.0,0.0,1.0,0.0,0.0,0.0,0.0,0.0,0.0,0.0,1.0,35286
0.8868692877112411,-0.8114662002029656,1.6709115628240745,0.11794456970229424,-0.39275147311325254,0.3029115726469941,-0.28631953517962266,0.0,0.0,0.0,0.0,1.0,0.0,0.0,0.0,0.0,0.0,0.0,0.0,0.0,0.0,0.0,1.0,0.0,0.0,0.0,0.0,0.0,0.0,0.0,0.0,0.0,0.0,0.0,0.0,0.0,0.0,1.0,0.0,1.0,0.0,0.0,0.0,2233
1.4606133867990858,-1.5005458607039146,-1.5563885143704845,0.39429619255253956,0.27533660861736764,-0.5222890639072096,0.39296761827141596,1.0,0.0,0.0,0.0,0.0,0.0,0.0,0.0,0.0,0.0,0.0,0.0,0.0,0.0,0.0,0.0,0.0,0.0,0.0,1.0,0.0,0.0,0.0,0.0,0.0,0.0,0.0,0.0,0.0,0.0,1.0,0.0,1.0,0.0,0.0,0.0,1581
0.00017386184820827966,-0.27218646589787493,0.8410344001169021,-0.2413125400030247,1.1602448329676873,-1.403435506329495,-0.4221769658698304,0.0,0.0,0.0,0.0,0.0,0.0,0.0,0.0,0.0,0.0,1.0,0.0,0.0,0.0,0.0,0.0,0.0,0.0,0.0,0.0,0.0,0.0,1.0,0.0,0.0,0.0,0.0,0.0,0.0,0.0,1.0,0.0,0.0,1.0,0.0,0.0,1899
1.1215827827926321,-1.5305058459430865,0.9148012590242064,0.5324720039776623,-0.9321576815817748,0.7924373739927077,0.9363973410322469,0.0,0.0,0.0,0.0,0.0,0.0,0.0,0.0,1.0,0.0,0.0,0.0,0.0,0.0,0.0,0.0,0.0,1.0,0.0,0.0,0.0,0.0,0.0,0.0,0.0,0.0,0.0,0.0,0.0,0.0,1.0,0.0,0.0,1.0,0.0,0.0,3290
0.65215579262985,-1.2908259640297128,-0.5789776338487038,-0.7663806234184909,-0.5302471733111113,1.5756786561458511,1.6156844944832855,0.0,0.0,1.0,0.0,0.0,0.0,0.0,0.0,0.0,0.0,0.0,0.0,0.0,0.0,0.0,0.0,0.0,0.0,0.0,0.0,0.0,1.0,0.0,0.0,0.0,0.0,1.0,0.0,0.0,0.0,0.0,0.0,0.0,0.0,1.0,0.0,2963
0.5999972381673186,0.3869332093639025,0.1033658110438601,-1.5125300051141533,-0.22705152672096188,0.9602747915969528,-0.15046210448941494,0.0,0.0,0.0,1.0,0.0,0.0,0.0,0.0,0.0,0.0,0.0,0.0,0.0,0.0,0.0,0.0,0.0,1.0,0.0,0.0,0.0,0.0,0.0,0.0,0.0,0.0,0.0,0.0,0.0,0.0,1.0,0.0,0.0,0.0,1.0,0.0,1974
-1.1994728907900125,-1.1110660525946825,-0.7080696369364862,-0.006413660580316168,1.1655331291291435,0.45676253878421774,-1.6448938420817,1.0,0.0,0.0,0.0,0.0,0.0,0.0,0.0,0.0,0.0,0.0,0.0,0.0,0.0,0.0,0.0,0.0,0.0,0.0,0.0,0.0,1.0,0.0,0.0,0.0,0.0,0.0,0.0,0.0,1.0,0.0,0.0,0.0,0.0,1.0,0.0,3749
1.199820614486429,1.555372633691599,1.431169271375336,0.7259181399728339,0.5891088475304296,0.7644644710586675,0.8005399103420392,0.0,0.0,0.0,0.0,0.0,0.0,0.0,0.0,1.0,0.0,0.0,0.0,0.0,0.0,0.0,0.0,0.0,0.0,0.0,0.0,0.0,0.0,0.0,0.0,1.0,0.0,0.0,0.0,0.0,0.0,1.0,0.0,0.0,1.0,0.0,0.0,1771
1.2258998917176946,-1.6203858016606014,1.3758441271948576,1.6378784953786436,-1.5121074939547934,-0.41039745217104634,-0.4221769658698304,0.0,0.0,0.0,0.0,0.0,0.0,0.0,1.0,0.0,0.0,0.0,0.0,0.0,0.0,0.0,0.0,0.0,0.0,1.0,0.0,0.0,0.0,0.0,0.0,0.0,0.0,1.0,0.0,0.0,0.0,0.0,0.0,0.0,0.0,1.0,0.0,1578
0.9390278421737723,-0.18230651018035982,0.6381755381218156,0.6153774908327359,-0.898665139225886,-0.7740451903135778,0.39296761827141596,0.0,0.0,0.0,0.0,0.0,0.0,0.0,0.0,0.0,0.0,0.0,0.0,1.0,0.0,1.0,0.0,0.0,0.0,0.0,0.0,0.0,0.0,0.0,0.0,0.0,0.0,0.0,1.0,0.0,0.0,0.0,0.0,1.0,0.0,0.0,0.0,829
-0.10414324707685439,1.2258127960607101,-1.4457382260095282,0.7259181399728339,-0.2058983420751373,1.645610913480953,1.2081122024126625,0.0,0.0,0.0,0.0,0.0,0.0,0.0,0.0,0.0,0.0,1.0,0.0,0.0,0.0,0.0,0.0,1.0,0.0,0.0,0.0,0.0,0.0,0.0,0.0,0.0,0.0,0.0,0.0,1.0,0.0,0.0,1.0,0.0,0.0,0.0,0.0,3241
1.1215827827926321,-0.0025465987453296202,-0.7633947811169643,0.5877423285477114,0.9240342710893156,-0.9139097049837813,0.25711018758120824,0.0,1.0,0.0,0.0,0.0,0.0,0.0,0.0,0.0,0.0,0.0,0.0,0.0,0.0,0.0,0.0,0.0,0.0,0.0,0.0,0.0,0.0,1.0,0.0,0.0,0.0,0.0,0.0,0.0,1.0,0.0,0.0,0.0,0.0,1.0,0.0,2828
1.3823755551052888,1.4654926779740838,-0.8002782105706164,-0.5038465817107578,1.0967852790302142,-1.4174219577965164,-0.15046210448941494,1.0,0.0,0.0,0.0,0.0,0.0,0.0,0.0,0.0,0.0,0.0,0.0,0.0,0.0,0.0,0.0,0.0,0.0,0.0,0.0,0.0,0.0,0.0,0.0,0.0,1.0,0.0,1.0,0.0,0.0,0.0,0.0,0.0,0.0,0.0,1.0,1391
-1.382027831408872,-0.7515462297246222,-1.5010633701900065,-0.47621141942573325,0.06909305832057953,-1.1796522828571696,0.5288250489616237,0.0,0.0,0.0,0.0,0.0,0.0,0.0,0.0,0.0,0.0,1.0,0.0,0.0,0.0,0.0,0.0,0.0,0.0,0.0,0.0,0.0,0.0,0.0,1.0,0.0,0.0,0.0,0.0,1.0,0.0,0.0,0.0,0.0,0.0,1.0,0.0,1212
-1.5124242175652005,-0.24222648065870322,-0.37611877185361725,-0.7663806234184909,-1.5138702593419457,1.0721664033331162,-0.5580343965600382,0.0,0.0,0.0,0.0,0.0,0.0,0.0,0.0,1.0,0.0,0.0,0.0,0.0,0.0,0.0,0.0,0.0,1.0,0.0,0.0,0.0,0.0,0.0,0.0,0.0,0.0,0.0,0.0,0.0,0.0,1.0,0.0,1.0,0.0,0.0,0.0,1710
-0.4692531283145738,0.11729334221135719,0.9516846884778585,1.3338917102433738,-0.01904521103702209,1.5057463988107482,0.25711018758120824,0.0,0.0,0.0,1.0,0.0,0.0,0.0,0.0,0.0,0.0,0.0,0.0,0.0,0.0,0.0,1.0,0.0,0.0,0.0,0.0,0.0,0.0,0.0,0.0,0.0,0.0,1.0,0.0,0.0,0.0,0.0,1.0,0.0,0.0,0.0,0.0,2034
1.5388512184928829,-0.9313061411596524,-1.353529652375398,-0.0755015662928775,-0.671268404283274,-0.2705329375008428,0.39296761827141596,0.0,1.0,0.0,0.0,0.0,0.0,0.0,0.0,0.0,0.0,0.0,0.0,0.0,0.0,0.0,0.0,0.0,0.0,1.0,0.0,0.0,0.0,0.0,0.0,0.0,0.0,0.0,0.0,1.0,0.0,0.0,1.0,0.0,0.0,0.0,0.0,4344
-1.382027831408872,1.1059728551040233,1.4496109861021618,-0.33803560800061055,-1.43983411308156,-1.4174219577965164,-1.1014641193208692,0.0,0.0,0.0,0.0,0.0,1.0,0.0,0.0,0.0,0.0,0.0,0.0,0.0,0.0,0.0,0.0,1.0,0.0,0.0,0.0,0.0,0.0,0.0,0.0,0.0,0.0,1.0,0.0,0.0,0.0,0.0,0.0,0.0,0.0,1.0,0.0,4886
0.8868692877112411,-0.03250658398450132,-1.353529652375398,-1.4158069371165674,1.5656808720126554,-0.6481671271103944,1.0722547717224546,0.0,0.0,0.0,0.0,0.0,0.0,0.0,0.0,0.0,0.0,0.0,0.0,0.0,1.0,0.0,0.0,0.0,0.0,0.0,0.0,0.0,0.0,0.0,0.0,0.0,1.0,0.0,0.0,1.0,0.0,0.0,0.0,0.0,0.0,0.0,1.0,3020
-0.7561251778584961,0.05737337173301378,-0.30235191294631303,-0.26894770228804926,-0.5090939886652867,1.6176380105469115,0.12125275689100051,0.0,1.0,0.0,0.0,0.0,0.0,0.0,0.0,0.0,0.0,0.0,0.0,0.0,0.0,0.0,0.0,0.0,1.0,0.0,0.0,0.0,0.0,0.0,0.0,0.0,0.0,0.0,0.0,1.0,0.0,0.0,1.0,0.0,0.0,0.0,0.0,889
-0.3127774649269798,1.7650925303658007,-0.025726192043922267,0.03503908284722063,0.9592895788323567,-1.6971509871369248,0.25711018758120824,0.0,0.0,0.0,0.0,0.0,0.0,0.0,0.0,0.0,1.0,0.0,0.0,0.0,0.0,1.0,0.0,0.0,0.0,0.0,0.0,0.0,0.0,0.0,0.0,0.0,0.0,1.0,0.0,0.0,0.0,0.0,0.0,0.0,0.0,0.0,1.0,3129
1.669247604649211,0.5666931207989327,-1.353529652375398,1.596425751951107,1.0668182674486306,0.35885737851507576,1.6156844944832855,0.0,0.0,0.0,0.0,0.0,0.0,0.0,0.0,0.0,0.0,0.0,1.0,0.0,0.0,0.0,0.0,0.0,1.0,0.0,0.0,0.0,0.0,0.0,0.0,0.0,0.0,0.0,1.0,0.0,0.0,0.0,1.0,0.0,0.0,0.0,0.0,1470
1.3041377234114917,-0.6017463035287637,-1.5563885143704845,0.44956651712258866,0.30706638558610416,-1.1656658313901482,0.25711018758120824,0.0,0.0,0.0,0.0,0.0,1.0,0.0,0.0,0.0,0.0,0.0,0.0,0.0,0.0,0.0,0.0,0.0,0.0,0.0,0.0,0.0,0.0,1.0,0.0,0.0,0.0,0.0,1.0,0.0,0.0,0.0,1.0,0.0,0.0,0.0,0.0,2525
-1.382027831408872,1.0760128698648517,1.0438932621119887,0.26993796226992917,1.0174608366083735,-1.1516793799231282,-0.5580343965600382,1.0,0.0,0.0,0.0,0.0,0.0,0.0,0.0,0.0,0.0,0.0,0.0,0.0,0.0,0.0,0.0,0.0,0.0,0.0,1.0,0.0,0.0,0.0,0.0,0.0,0.0,0.0,0.0,0.0,0.0,1.0,0.0,0.0,0.0,0.0,1.0,1326
0.20880807969833362,0.2970532536463874,0.8410344001169021,-1.2638135445489325,1.4070319871689727,-0.1586413257646794,-0.6938918272502459,0.0,0.0,0.0,0.0,0.0,0.0,0.0,0.0,0.0,0.0,1.0,0.0,0.0,0.0,0.0,1.0,0.0,0.0,0.0,0.0,0.0,0.0,0.0,0.0,0.0,0.0,1.0,0.0,0.0,0.0,0.0,0.0,0.0,1.0,0.0,0.0,2953
-0.3649360193895111,0.4768131650814176,-0.8187199252974425,1.3615268725283982,0.5432769474644765,-1.1936387343241897,-1.2373215500110768,0.0,0.0,0.0,0.0,0.0,0.0,0.0,1.0,0.0,0.0,0.0,0.0,0.0,0.0,0.0,0.0,0.0,0.0,0.0,1.0,0.0,0.0,0.0,0.0,0.0,0.0,0.0,0.0,0.0,0.0,1.0,0.0,0.0,1.0,0.0,0.0,1174
-0.7039666233959648,-0.5118663478112485,0.5090835350340333,-1.3190838691189815,0.30177808942464784,1.142098660668218,1.6156844944832855,0.0,1.0,0.0,0.0,0.0,0.0,0.0,0.0,0.0,0.0,0.0,0.0,0.0,0.0,0.0,0.0,0.0,1.0,0.0,0.0,0.0,0.0,0.0,0.0,0.0,0.0,0.0,0.0,0.0,1.0,0.0,0.0,0.0,1.0,0.0,0.0,4130
1.4345341095678201,0.08733335697218549,0.785709255936424,1.5411554273810577,-0.02080797642417377,0.16304705797678928,-0.5580343965600382,0.0,0.0,0.0,0.0,0.0,0.0,0.0,0.0,0.0,0.0,0.0,0.0,0.0,1.0,0.0,0.0,0.0,0.0,0.0,0.0,0.0,0.0,0.0,0.0,1.0,0.0,0.0,0.0,0.0,1.0,0.0,0.0,1.0,0.0,0.0,0.0,1973
-0.15630180153938575,0.836332987951478,-1.39041308182905,1.0022697628230794,-0.3451568076601477,-1.0258013167199447,-1.2373215500110768,0.0,1.0,0.0,0.0,0.0,0.0,0.0,0.0,0.0,0.0,0.0,0.0,0.0,0.0,0.0,0.0,0.0,0.0,0.0,0.0,0.0,0.0,0.0,0.0,1.0,0.0,0.0,0.0,1.0,0.0,0.0,0.0,0.0,0.0,1.0,0.0,3723
-0.9386801184773558,0.9561729289081649,0.2140160994048164,-0.22749495886051244,-0.5231961117625032,0.21899286384487093,1.6156844944832855,0.0,0.0,0.0,0.0,0.0,1.0,0.0,0.0,0.0,0.0,0.0,0.0,0.0,0.0,0.0,0.0,0.0,1.0,0.0,0.0,0.0,0.0,0.0,0.0,0.0,0.0,0.0,0.0,0.0,0.0,1.0,0.0,1.0,0.0,0.0,0.0,5903
-1.5124242175652005,0.3270132388855591,0.12180752577068614,-1.1809080576938589,-0.17945686126785707,0.6945322137235658,0.6646824796518315,0.0,0.0,0.0,0.0,0.0,0.0,1.0,0.0,0.0,0.0,0.0,0.0,0.0,0.0,1.0,0.0,0.0,0.0,0.0,0.0,0.0,0.0,0.0,0.0,0.0,0.0,1.0,0.0,0.0,0.0,0.0,0.0,0.0,0.0,1.0,0.0,2904
-1.1212350590962155,-0.7815062149637939,1.191426979926597,-1.028914665126224,-0.2147121690108976,0.6665593107895244,-1.3731789807012846,0.0,0.0,0.0,0.0,0.0,0.0,0.0,1.0,0.0,0.0,0.0,0.0,0.0,0.0,0.0,0.0,1.0,0.0,0.0,0.0,0.0,0.0,0.0,0.0,0.0,0.0,0.0,0.0,0.0,0.0,1.0,0.0,0.0,0.0,1.0,0.0,1213
1.199820614486429,-0.6017463035287637,1.0992184062924668,0.5462895851201746,0.04970263906190728,-0.8719503505827199,-1.5090364113914922,0.0,0.0,0.0,0.0,1.0,0.0,0.0,0.0,0.0,0.0,0.0,0.0,0.0,0.0,1.0,0.0,0.0,0.0,0.0,0.0,0.0,0.0,0.0,0.0,0.0,0.0,0.0,0.0,0.0,0.0,1.0,0.0,0.0,0.0,0.0,1.0,1633
1.3302170006427574,-1.6203858016606014,-0.2101433393121828,-0.9598267594136626,-0.17416856510640077,0.8483831798607895,0.5288250489616237,0.0,0.0,0.0,0.0,0.0,0.0,0.0,0.0,0.0,0.0,0.0,1.0,0.0,0.0,0.0,0.0,0.0,0.0,0.0,0.0,0.0,0.0,0.0,1.0,0.0,0.0,1.0,0.0,0.0,0.0,0.0,0.0,0.0,1.0,0.0,0.0,1001
-0.4170945738520424,-1.0211860968771675,-0.6158610633023559,1.6378784953786436,1.4599149487835332,-0.21458713163276108,1.6156844944832855,0.0,1.0,0.0,0.0,0.0,0.0,0.0,0.0,0.0,0.0,0.0,0.0,0.0,0.0,0.0,0.0,0.0,0.0,0.0,0.0,0.0,0.0,0.0,0.0,1.0,0.0,0.0,1.0,0.0,0.0,0.0,0.0,0.0,1.0,0.0,0.0,2114
0.8607900104799754,-0.6317062887679353,-1.4826216554631804,-0.5176641628532701,0.508021639721436,1.0721664033331162,0.25711018758120824,0.0,0.0,1.0,0.0,0.0,0.0,0.0,0.0,0.0,0.0,0.0,0.0,0.0,0.0,0.0,0.0,0.0,0.0,0.0,0.0,0.0,0.0,1.0,0.0,0.0,0.0,0.0,0.0,1.0,0.0,0.0,0.0,0.0,0.0,0.0,1.0,2061
-0.8865215640148245,-0.9313061411596524,0.7488258264827719,0.988452181680567,0.31940574329616844,1.7575025252171164,0.6646824796518315,0.0,0.0,0.0,0.0,0.0,0.0,0.0,0.0,0.0,0.0,0.0,0.0,1.0,0.0,0.0,0.0,0.0,1.0,0.0,0.0,0.0,0.0,0.0,0.0,0.0,0.0,0.0,0.0,0.0,0.0,1.0,1.0,0.0,0.0,0.0,0.0,2611
1.3302170006427574,-1.170986023073026,-0.6711862074828341,-1.1532728954088343,-0.08426753036164684,1.6316244620139329,1.6156844944832855,0.0,0.0,0.0,0.0,0.0,0.0,1.0,0.0,0.0,0.0,0.0,0.0,0.0,0.0,0.0,1.0,0.0,0.0,0.0,0.0,0.0,0.0,0.0,0.0,0.0,0.0,1.0,0.0,0.0,0.0,0.0,0.0,0.0,0.0,1.0,0.0,1534
-0.20846035600191706,0.536733135559761,1.4680527008289879,-1.2499959634064202,-0.16006644200918418,-1.2635709916592914,0.25711018758120824,0.0,0.0,1.0,0.0,0.0,0.0,0.0,0.0,0.0,0.0,0.0,0.0,0.0,0.0,0.0,0.0,0.0,0.0,0.0,0.0,0.0,0.0,1.0,0.0,0.0,0.0,0.0,0.0,0.0,0.0,1.0,0.0,0.0,0.0,1.0,0.0,5026
0.5217594064735217,-1.5305058459430865,-0.3945604865804433,-0.31040044571558606,-1.7289276365744934,0.12108770357572894,-1.1014641193208692,0.0,0.0,0.0,0.0,0.0,0.0,0.0,0.0,1.0,0.0,0.0,0.0,0.0,0.0,0.0,1.0,0.0,0.0,0.0,0.0,0.0,0.0,0.0,0.0,0.0,0.0,1.0,0.0,0.0,0.0,0.0,0.0,0.0,0.0,1.0,0.0,3158
-0.4431738510833081,-0.12238653970201642,1.541819559736292,1.0160873439655915,0.08143241603064381,-1.0817471225880264,1.34396963310287,0.0,0.0,0.0,0.0,0.0,0.0,0.0,0.0,0.0,1.0,0.0,0.0,0.0,0.0,0.0,0.0,1.0,0.0,0.0,0.0,0.0,0.0,0.0,0.0,0.0,0.0,0.0,0.0,0.0,0.0,1.0,0.0,1.0,0.0,0.0,0.0,992
0.00017386184820827966,-0.871386170681309,-0.04416790677074832,-0.4485762571407087,-0.8828002507415178,1.2260173694703411,-1.6448938420817,0.0,0.0,0.0,0.0,0.0,0.0,1.0,0.0,0.0,0.0,0.0,0.0,0.0,0.0,0.0,0.0,0.0,0.0,0.0,0.0,0.0,0.0,1.0,0.0,0.0,0.0,0.0,1.0,0.0,0.0,0.0,0.0,1.0,0.0,0.0,0.0,2654
-1.642820603721529,-0.24222648065870322,1.0623349768388148,0.0488566639897329,0.6525684014679027,1.2260173694703411,1.34396963310287,0.0,0.0,0.0,0.0,0.0,0.0,0.0,0.0,0.0,1.0,0.0,0.0,0.0,0.0,0.0,0.0,0.0,0.0,0.0,0.0,0.0,0.0,0.0,1.0,0.0,0.0,0.0,1.0,0.0,0.0,0.0,1.0,0.0,0.0,0.0,0.0,1511
0.28704591139213065,-0.7815062149637939,0.6935006823022938,-1.1394553142663222,0.39344188955655346,-1.473367763664598,1.34396963310287,1.0,0.0,0.0,0.0,0.0,0.0,0.0,0.0,0.0,0.0,0.0,0.0,0.0,0.0,1.0,0.0,0.0,0.0,0.0,0.0,0.0,0.0,0.0,0.0,0.0,0.0,1.0,0.0,0.0,0.0,0.0,0.0,0.0,1.0,0.0,0.0,2820
0.10449097077327096,0.536733135559761,-0.8740450694779206,-0.14458947200543884,-0.46855038476078986,0.568654150520381,1.6156844944832855,0.0,0.0,0.0,0.0,0.0,0.0,0.0,0.0,0.0,0.0,0.0,0.0,1.0,0.0,0.0,0.0,0.0,1.0,0.0,0.0,0.0,0.0,0.0,0.0,0.0,0.0,0.0,0.0,0.0,1.0,0.0,0.0,0.0,1.0,0.0,0.0,2489
0.6782350698611157,0.2071732979288723,0.9516846884778585,0.7397357211153462,-1.1983352550417314,1.6316244620139329,0.5288250489616237,0.0,1.0,0.0,0.0,0.0,0.0,0.0,0.0,0.0,0.0,0.0,0.0,0.0,0.0,0.0,0.0,1.0,0.0,0.0,0.0,0.0,0.0,0.0,0.0,0.0,0.0,0.0,0.0,0.0,1.0,0.0,0.0,0.0,0.0,0.0,1.0,2394
-0.6518080689334335,0.4168931946030742,-0.5974193485755299,0.5048368416926378,-0.9268693854203186,-0.9139097049837813,-1.6448938420817,0.0,1.0,0.0,0.0,0.0,0.0,0.0,0.0,0.0,0.0,0.0,0.0,0.0,0.0,0.0,0.0,0.0,0.0,0.0,0.0,0.0,0.0,1.0,0.0,0.0,0.0,0.0,0.0,0.0,0.0,1.0,0.0,0.0,0.0,1.0,0.0,4865
-0.6778873461646991,0.4468531798422459,-0.634302778029182,-1.084184989696273,1.105599105965975,0.09311480064168749,0.8005399103420392,0.0,0.0,0.0,0.0,1.0,0.0,0.0,0.0,0.0,0.0,0.0,0.0,0.0,0.0,0.0,0.0,0.0,0.0,0.0,0.0,0.0,0.0,1.0,0.0,0.0,0.0,0.0,0.0,0.0,0.0,1.0,1.0,0.0,0.0,0.0,0.0,2192
1.5127719412616172,-1.0811060673555108,-0.7080696369364862,-0.15840705314795112,1.6643957336931696,0.5127083446522994,0.39296761827141596,1.0,0.0,0.0,0.0,0.0,0.0,0.0,0.0,0.0,0.0,0.0,0.0,0.0,0.0,0.0,0.0,0.0,1.0,0.0,0.0,0.0,0.0,0.0,0.0,0.0,0.0,0.0,0.0,0.0,0.0,1.0,0.0,0.0,0.0,0.0,1.0,1405
1.4866926640303515,-1.2608659787905412,-0.7265113516633123,1.1818983176757387,-1.3446447821753504,-0.11668197136361785,0.25711018758120824,0.0,0.0,0.0,0.0,0.0,0.0,0.0,1.0,0.0,0.0,0.0,0.0,0.0,0.0,0.0,0.0,0.0,0.0,0.0,0.0,1.0,0.0,0.0,0.0,0.0,0.0,0.0,0.0,0.0,1.0,0.0,0.0,0.0,0.0,0.0,1.0,1650
-0.4692531283145738,-1.2009460083121977,0.7488258264827719,1.499702683953521,-0.05077498800575862,0.8623696313278095,-0.6938918272502459,0.0,0.0,0.0,0.0,0.0,0.0,0.0,0.0,1.0,0.0,0.0,0.0,0.0,0.0,0.0,0.0,0.0,0.0,0.0,0.0,0.0,1.0,0.0,0.0,0.0,0.0,0.0,0.0,1.0,0.0,0.0,0.0,0.0,1.0,0.0,0.0,1591
-0.4431738510833081,-0.03250658398450132,-0.8924867842047467,-1.2499959634064202,0.8623374825389941,-0.8579638991156997,0.8005399103420392,0.0,0.0,1.0,0.0,0.0,0.0,0.0,0.0,0.0,0.0,0.0,0.0,0.0,0.0,0.0,0.0,0.0,0.0,0.0,1.0,0.0,0.0,0.0,0.0,0.0,0.0,0.0,0.0,0.0,0.0,1.0,0.0,0.0,0.0,1.0,0.0,4214
-1.6688998809527946,1.1059728551040233,0.3615498172194248,-0.006413660580316168,0.7618598554713283,-1.053774219653985,1.479827063793078,0.0,0.0,0.0,0.0,0.0,0.0,0.0,0.0,1.0,0.0,0.0,0.0,0.0,0.0,0.0,0.0,0.0,0.0,0.0,0.0,0.0,1.0,0.0,0.0,0.0,0.0,0.0,0.0,1.0,0.0,0.0,1.0,0.0,0.0,0.0,0.0,1076
-1.642820603721529,0.4468531798422459,0.2140160994048164,0.6291950719752482,1.7842637800195078,0.4847354417182592,-0.9656066886306613,0.0,0.0,0.0,0.0,0.0,1.0,0.0,0.0,0.0,0.0,0.0,0.0,0.0,0.0,0.0,0.0,0.0,0.0,0.0,0.0,0.0,1.0,0.0,0.0,0.0,0.0,0.0,0.0,1.0,0.0,0.0,0.0,0.0,1.0,0.0,0.0,789
-0.7300459006272305,-0.18230651018035982,-0.19170162458535672,-1.4572596805441043,0.6543311668550543,-0.2285735830997812,-0.15046210448941494,0.0,0.0,0.0,0.0,0.0,0.0,0.0,0.0,0.0,0.0,0.0,0.0,0.0,1.0,0.0,0.0,0.0,1.0,0.0,0.0,0.0,0.0,0.0,0.0,0.0,0.0,1.0,0.0,0.0,0.0,0.0,0.0,1.0,0.0,0.0,0.0,2044
0.7303936243236471,0.05737337173301378,-0.4498856307609215,1.3200741291008615,1.789552076180963,1.645610913480953,-0.9656066886306613,0.0,0.0,0.0,0.0,0.0,0.0,0.0,0.0,0.0,0.0,0.0,1.0,0.0,0.0,0.0,1.0,0.0,0.0,0.0,0.0,0.0,0.0,0.0,0.0,0.0,0.0,0.0,0.0,1.0,0.0,0.0,0.0,0.0,1.0,0.0,0.0,1064
-0.5214116827771051,0.5966531060381044,-1.5748302290973106,1.2095334799607633,-0.03314733413423805,-0.42438390363806766,-1.6448938420817,0.0,0.0,0.0,0.0,0.0,0.0,0.0,0.0,0.0,1.0,0.0,0.0,0.0,0.0,0.0,0.0,1.0,0.0,0.0,0.0,0.0,0.0,0.0,0.0,0.0,0.0,0.0,0.0,0.0,1.0,0.0,0.0,1.0,0.0,0.0,0.0,1087
0.573917960936053,-0.36206642161539004,-0.30235191294631303,-0.31040044571558606,-0.8193406968040446,-1.641205181268843,0.8005399103420392,0.0,0.0,0.0,0.0,0.0,0.0,0.0,0.0,0.0,0.0,1.0,0.0,0.0,0.0,0.0,0.0,0.0,1.0,0.0,0.0,0.0,0.0,0.0,0.0,0.0,0.0,1.0,0.0,0.0,0.0,0.0,0.0,0.0,0.0,0.0,1.0,1859
0.65215579262985,-0.6616662740071071,0.1402492404975122,0.18703247541485557,-0.8828002507415178,0.6945322137235658,-0.8297492579404536,0.0,0.0,0.0,0.0,0.0,0.0,0.0,0.0,0.0,0.0,0.0,1.0,0.0,0.0,0.0,0.0,0.0,0.0,0.0,0.0,0.0,0.0,1.0,0.0,0.0,0.0,0.0,0.0,0.0,0.0,1.0,0.0,0.0,0.0,0.0,1.0,1920
-0.9386801184773558,-0.6317062887679353,-1.5010633701900065,1.0713576685356407,1.3506234947801077,-0.2845193889678629,1.2081122024126625,0.0,0.0,0.0,0.0,0.0,1.0,0.0,0.0,0.0,0.0,0.0,0.0,0.0,0.0,0.0,0.0,1.0,0.0,0.0,0.0,0.0,0.0,0.0,0.0,0.0,0.0,0.0,0.0,1.0,0.0,0.0,0.0,0.0,0.0,0.0,1.0,3273
-0.6778873461646991,-1.4106659049863997,1.2651938388339012,0.11794456970229424,1.3100798908756102,-1.7251238900709651,1.2081122024126625,0.0,0.0,0.0,0.0,0.0,1.0,0.0,0.0,0.0,0.0,0.0,0.0,0.0,0.0,0.0,0.0,0.0,0.0,0.0,0.0,0.0,0.0,0.0,0.0,0.0,1.0,0.0,0.0,0.0,1.0,0.0,0.0,0.0,0.0,0.0,1.0,3017
-1.1212350590962155,1.0160928993865082,-0.09949305095122647,1.610243333093619,-0.9303949161946226,-0.7180993844454961,-0.5580343965600382,0.0,0.0,0.0,0.0,0.0,0.0,0.0,0.0,0.0,0.0,0.0,0.0,0.0,1.0,0.0,0.0,0.0,0.0,0.0,0.0,0.0,0.0,0.0,0.0,0.0,1.0,0.0,1.0,0.0,0.0,0.0,0.0,1.0,0.0,0.0,0.0,2151
0.10449097077327096,0.9561729289081649,0.5644086792145114,0.26993796226992917,0.8358960017317139,0.5406812475863408,-0.28631953517962266,0.0,0.0,0.0,0.0,0.0,0.0,0.0,0.0,0.0,0.0,1.0,0.0,0.0,0.0,0.0,0.0,0.0,0.0,0.0,0.0,0.0,0.0,1.0,0.0,0.0,0.0,1.0,0.0,0.0,0.0,0.0,0.0,1.0,0.0,0.0,0.0,2259
0.39136302031719333,1.2557727812998818,-0.32079362767313907,-0.7249278799909541,-1.5138702593419457,-1.55728647246672,-0.28631953517962266,0.0,0.0,0.0,0.0,0.0,0.0,0.0,1.0,0.0,0.0,0.0,0.0,0.0,0.0,0.0,0.0,0.0,0.0,0.0,1.0,0.0,0.0,0.0,0.0,0.0,0.0,1.0,0.0,0.0,0.0,0.0,0.0,1.0,0.0,0.0,0.0,5660
-1.329869276946341,0.2970532536463874,-0.9662536431120509,0.26993796226992917,-0.4738386809222462,0.5266947961193208,-0.5580343965600382,0.0,0.0,0.0,0.0,0.0,0.0,0.0,0.0,0.0,0.0,0.0,1.0,0.0,0.0,1.0,0.0,0.0,0.0,0.0,0.0,0.0,0.0,0.0,0.0,0.0,0.0,0.0,0.0,0.0,1.0,0.0,1.0,0.0,0.0,0.0,0.0,1932
-0.3649360193895111,0.4168931946030742,1.3205189830143795,-0.3794883514281474,-1.055551258682417,1.6595973649479732,-1.1014641193208692,0.0,0.0,0.0,0.0,0.0,0.0,1.0,0.0,0.0,0.0,0.0,0.0,0.0,0.0,0.0,0.0,0.0,0.0,0.0,0.0,0.0,0.0,0.0,0.0,1.0,0.0,0.0,1.0,0.0,0.0,0.0,0.0,0.0,0.0,1.0,0.0,1813
1.1737413372551635,1.04605288462568,-0.33923534239996517,1.5826081708085946,0.8517608902160816,-0.9278961564508015,-0.5580343965600382,0.0,0.0,0.0,0.0,0.0,0.0,0.0,0.0,0.0,0.0,0.0,1.0,0.0,0.0,1.0,0.0,0.0,0.0,0.0,0.0,0.0,0.0,0.0,0.0,0.0,0.0,0.0,1.0,0.0,0.0,0.0,0.0,0.0,0.0,0.0,1.0,2569
0.20880807969833362,0.8063730027123063,1.541819559736292,0.7535533022578585,-1.3605096706597186,-0.2985058404348842,-0.15046210448941494,0.0,0.0,0.0,0.0,0.0,0.0,0.0,0.0,0.0,0.0,0.0,0.0,0.0,1.0,0.0,0.0,0.0,0.0,0.0,0.0,0.0,0.0,0.0,0.0,0.0,1.0,0.0,1.0,0.0,0.0,0.0,0.0,0.0,0.0,0.0,1.0,2027
0.5478386837047874,-0.48190636257207686,-0.5420942043950517,0.021221501704708365,1.7595850645993794,-0.6621535785774145,0.8005399103420392,1.0,0.0,0.0,0.0,0.0,0.0,0.0,0.0,0.0,0.0,0.0,0.0,0.0,0.0,0.0,0.0,0.0,0.0,0.0,0.0,0.0,0.0,0.0,0.0,0.0,1.0,0.0,0.0,1.0,0.0,0.0,0.0,0.0,0.0,1.0,0.0,923
-0.5474909600083707,1.04605288462568,-0.7633947811169643,1.0299049251081038,1.1602448329676873,-0.3124922919019043,-1.3731789807012846,0.0,0.0,1.0,0.0,0.0,0.0,0.0,0.0,0.0,0.0,0.0,0.0,0.0,0.0,0.0,0.0,0.0,0.0,0.0,0.0,0.0,0.0,1.0,0.0,0.0,0.0,1.0,0.0,0.0,0.0,0.0,0.0,0.0,0.0,0.0,1.0,1230
-0.2866981876957141,-1.5904258164214298,-1.7039222321850929,0.5601071662626868,0.3141174471347121,1.2260173694703411,-1.5090364113914922,0.0,0.0,0.0,0.0,0.0,0.0,0.0,0.0,1.0,0.0,0.0,0.0,0.0,0.0,0.0,0.0,0.0,0.0,0.0,1.0,0.0,0.0,0.0,0.0,0.0,0.0,0.0,0.0,1.0,0.0,0.0,0.0,0.0,0.0,1.0,0.0,1626
-1.1473143363274811,0.2670932684072157,1.154543550472945,-0.9460091782711504,-0.8898513122901257,-0.07472261696255753,-0.8297492579404536,0.0,0.0,0.0,0.0,0.0,0.0,0.0,0.0,0.0,1.0,0.0,0.0,0.0,0.0,0.0,0.0,1.0,0.0,0.0,0.0,0.0,0.0,0.0,0.0,0.0,0.0,0.0,1.0,0.0,0.0,0.0,0.0,0.0,0.0,0.0,1.0,4392
1.591009772955414,-0.21226649541953152,1.3205189830143795,0.11794456970229424,-0.19884728052652934,-0.3824245492370061,-0.15046210448941494,0.0,0.0,0.0,0.0,0.0,0.0,0.0,1.0,0.0,0.0,0.0,0.0,0.0,0.0,0.0,1.0,0.0,0.0,0.0,0.0,0.0,0.0,0.0,0.0,0.0,0.0,0.0,0.0,0.0,1.0,0.0,0.0,0.0,0.0,0.0,1.0,1875
-1.5645827720277319,-1.3207859492688845,-0.5789776338487038,0.22848521884239237,1.6291404259501285,0.5266947961193208,-0.28631953517962266,0.0,0.0,0.0,0.0,0.0,1.0,0.0,0.0,0.0,0.0,0.0,0.0,0.0,0.0,0.0,0.0,0.0,0.0,0.0,0.0,0.0,0.0,0.0,1.0,0.0,0.0,0.0,0.0,1.0,0.0,0.0,0.0,0.0,0.0,0.0,1.0,1706
-1.2516314452525439,0.9262129436689931,0.5644086792145114,1.4306147782409597,0.8658630133132987,-1.1796522828571696,0.39296761827141596,0.0,0.0,0.0,0.0,1.0,0.0,0.0,0.0,0.0,0.0,0.0,0.0,0.0,0.0,0.0,0.0,0.0,0.0,0.0,0.0,0.0,0.0,0.0,0.0,0.0,1.0,1.0,0.0,0.0,0.0,0.0,1.0,0.0,0.0,0.0,0.0,759
-1.0429972274024184,-1.5005458607039146,0.3062246730389467,-1.5263475862566656,1.0174608366083735,0.5966270534544226,-1.1014641193208692,0.0,0.0,1.0,0.0,0.0,0.0,0.0,0.0,0.0,0.0,0.0,0.0,0.0,0.0,0.0,0.0,0.0,0.0,0.0,0.0,0.0,0.0,0.0,0.0,1.0,0.0,0.0,1.0,0.0,0.0,0.0,0.0,1.0,0.0,0.0,0.0,2658
-0.9647593957086215,-0.5418263330504203,-0.48676906021457356,1.2648038045308123,1.4017436910075165,1.4637870444096879,-1.3731789807012846,0.0,0.0,0.0,0.0,0.0,1.0,0.0,0.0,0.0,0.0,0.0,0.0,0.0,0.0,0.0,0.0,0.0,0.0,1.0,0.0,0.0,0.0,0.0,0.0,0.0,0.0,1.0,0.0,0.0,0.0,0.0,0.0,1.0,0.0,0.0,0.0,4352
0.41744229754845896,1.04605288462568,-1.5010633701900065,1.3200741291008615,0.9540012826709003,-0.9558690593848429,-1.2373215500110768,0.0,1.0,0.0,0.0,0.0,0.0,0.0,0.0,0.0,0.0,0.0,0.0,0.0,0.0,0.0,0.0,0.0,0.0,0.0,0.0,0.0,1.0,0.0,0.0,0.0,0.0,0.0,0.0,0.0,0.0,1.0,0.0,0.0,1.0,0.0,0.0,3123
1.356296277874023,1.2258127960607101,1.3205189830143795,-0.5176641628532701,0.23479300471287082,-0.03276326256149596,-1.6448938420817,0.0,0.0,0.0,0.0,1.0,0.0,0.0,0.0,0.0,0.0,0.0,0.0,0.0,0.0,0.0,1.0,0.0,0.0,0.0,0.0,0.0,0.0,0.0,0.0,0.0,0.0,0.0,1.0,0.0,0.0,0.0,0.0,0.0,0.0,0.0,1.0,2710
-0.20846035600191706,1.5853326189307706,-0.652744492756008,1.3062565479583492,-1.0749416779410892,-1.5852593754007613,0.9363973410322469,1.0,0.0,0.0,0.0,0.0,0.0,0.0,0.0,0.0,0.0,0.0,0.0,0.0,0.0,0.0,0.0,0.0,0.0,0.0,1.0,0.0,0.0,0.0,0.0,0.0,0.0,0.0,1.0,0.0,0.0,0.0,1.0,0.0,0.0,0.0,0.0,1596
0.5478386837047874,0.11729334221135719,-1.335087937648572,-0.9183740159861258,-0.02609627258563007,1.6036515590798914,1.2081122024126625,0.0,0.0,0.0,0.0,0.0,0.0,1.0,0.0,0.0,0.0,0.0,0.0,0.0,0.0,0.0,1.0,0.0,0.0,0.0,0.0,0.0,0.0,0.0,0.0,0.0,0.0,0.0,0.0,0.0,0.0,1.0,0.0,0.0,0.0,0.0,1.0,549
0.65215579262985,0.2970532536463874,0.8594761148437282,0.6982829776878094,1.0844459213201498,-1.6971509871369248,1.2081122024126625,0.0,0.0,0.0,0.0,0.0,0.0,1.0,0.0,0.0,0.0,0.0,0.0,0.0,0.0,0.0,1.0,0.0,0.0,0.0,0.0,0.0,0.0,0.0,0.0,0.0,0.0,1.0,0.0,0.0,0.0,0.0,0.0,0.0,0.0,0.0,1.0,2051
-1.329869276946341,-0.39202640685456175,0.8594761148437282,1.2786213856733246,-0.9638874585505114,0.3168980241140142,0.9363973410322469,0.0,0.0,0.0,1.0,0.0,0.0,0.0,0.0,0.0,0.0,0.0,0.0,0.0,0.0,0.0,0.0,0.0,0.0,0.0,0.0,0.0,0.0,0.0,0.0,0.0,1.0,0.0,0.0,0.0,0.0,1.0,0.0,0.0,1.0,0.0,0.0,1664
-0.3127774649269798,-1.6203858016606014,0.7303841117559459,0.8917291136829812,-0.3698355230802763,-1.1237064769890879,1.34396963310287,0.0,0.0,0.0,0.0,0.0,0.0,1.0,0.0,0.0,0.0,0.0,0.0,0.0,0.0,0.0,0.0,0.0,0.0,0.0,0.0,0.0,0.0,0.0,1.0,0.0,0.0,1.0,0.0,0.0,0.0,0.0,1.0,0.0,0.0,0.0,0.0,3067
1.0172656738675694,0.11729334221135719,-0.8002782105706164,0.8364587891129321,1.361200087103019,-0.7180993844454961,-0.014604673799207216,1.0,0.0,0.0,0.0,0.0,0.0,0.0,0.0,0.0,0.0,0.0,0.0,0.0,0.0,0.0,0.0,0.0,0.0,0.0,0.0,1.0,0.0,0.0,0.0,0.0,0.0,0.0,0.0,0.0,0.0,1.0,1.0,0.0,0.0,0.0,0.0,31982
1.669247604649211,0.2970532536463874,-1.2428793640144418,0.24230279998490464,-1.5773298132794187,-0.1446548742976593,0.5288250489616237,0.0,0.0,0.0,0.0,1.0,0.0,0.0,0.0,0.0,0.0,0.0,0.0,0.0,0.0,0.0,0.0,0.0,1.0,0.0,0.0,0.0,0.0,0.0,0.0,0.0,0.0,0.0,0.0,0.0,0.0,1.0,0.0,0.0,1.0,0.0,0.0,2739
0.41744229754845896,0.02741338649384208,-1.0769039314730071,0.9608170193955425,1.142617179096168,-0.9558690593848429,0.6646824796518315,0.0,0.0,0.0,0.0,0.0,0.0,0.0,0.0,0.0,0.0,0.0,1.0,0.0,0.0,0.0,0.0,0.0,1.0,0.0,0.0,0.0,0.0,0.0,0.0,0.0,0.0,0.0,1.0,0.0,0.0,0.0,0.0,0.0,1.0,0.0,0.0,81068
-0.5214116827771051,-1.2908259640297128,1.080776691565641,1.2648038045308123,-1.2794224628507251,0.02318254330658571,-1.6448938420817,0.0,0.0,0.0,0.0,0.0,0.0,0.0,0.0,0.0,0.0,0.0,0.0,1.0,0.0,1.0,0.0,0.0,0.0,0.0,0.0,0.0,0.0,0.0,0.0,0.0,0.0,0.0,1.0,0.0,0.0,0.0,1.0,0.0,0.0,0.0,0.0,4443
-1.6688998809527946,-1.1110660525946825,-1.4641799407363543,-0.3242180268580983,-0.6025205541843446,1.3518954326735244,-0.4221769658698304,0.0,0.0,0.0,0.0,0.0,1.0,0.0,0.0,0.0,0.0,0.0,0.0,0.0,0.0,0.0,0.0,0.0,0.0,1.0,0.0,0.0,0.0,0.0,0.0,0.0,0.0,0.0,0.0,0.0,1.0,0.0,0.0,0.0,0.0,1.0,0.0,871
1.591009772955414,-1.0211860968771675,-1.685480517458267,0.4219313548375641,0.7583343246970249,-0.6621535785774145,-0.014604673799207216,0.0,0.0,0.0,0.0,0.0,0.0,0.0,0.0,1.0,0.0,0.0,0.0,0.0,0.0,0.0,0.0,0.0,0.0,0.0,0.0,0.0,0.0,0.0,0.0,1.0,0.0,0.0,0.0,0.0,1.0,0.0,0.0,0.0,0.0,1.0,0.0,1946
-0.3388567421582454,1.0160928993865082,-0.7449530663901383,-0.2413125400030247,1.1320405867732553,-1.1376929284561081,-1.3731789807012846,0.0,0.0,0.0,0.0,0.0,0.0,0.0,0.0,0.0,0.0,0.0,0.0,0.0,1.0,0.0,0.0,0.0,1.0,0.0,0.0,0.0,0.0,0.0,0.0,0.0,0.0,0.0,0.0,0.0,0.0,1.0,0.0,0.0,0.0,1.0,0.0,1381
1.5127719412616172,-0.871386170681309,-0.8187199252974425,-0.31040044571558606,0.5344631205287163,-0.39641100070402624,-1.1014641193208692,0.0,0.0,0.0,0.0,0.0,0.0,0.0,0.0,0.0,0.0,1.0,0.0,0.0,0.0,0.0,0.0,0.0,0.0,0.0,0.0,0.0,0.0,1.0,0.0,0.0,0.0,0.0,0.0,1.0,0.0,0.0,0.0,0.0,0.0,0.0,1.0,5714
0.26096663416086496,-0.5118663478112485,-0.24702676876583488,-1.6230706542542515,-1.062602320231025,-1.1376929284561081,0.6646824796518315,0.0,0.0,0.0,0.0,0.0,0.0,0.0,0.0,0.0,0.0,0.0,0.0,1.0,0.0,0.0,0.0,0.0,0.0,1.0,0.0,0.0,0.0,0.0,0.0,0.0,0.0,0.0,1.0,0.0,0.0,0.0,0.0,0.0,1.0,0.0,0.0,2050
0.8868692877112411,-1.4406258902255713,1.3389606977412056,-0.17222463429046336,-0.9797523470348797,-0.1586413257646794,-0.28631953517962266,0.0,0.0,0.0,0.0,0.0,1.0,0.0,0.0,0.0,0.0,0.0,0.0,0.0,0.0,0.0,0.0,0.0,0.0,0.0,1.0,0.0,0.0,0.0,0.0,0.0,0.0,0.0,0.0,1.0,0.0,0.0,1.0,0.0,0.0,0.0,0.0,2194
-1.4863449403339348,-0.03250658398450132,1.0623349768388148,0.5462895851201746,1.1813980176135124,-1.6691780842028834,0.5288250489616237,0.0,0.0,0.0,0.0,0.0,0.0,0.0,0.0,0.0,0.0,0.0,0.0,0.0,1.0,0.0,1.0,0.0,0.0,0.0,0.0,0.0,0.0,0.0,0.0,0.0,0.0,1.0,0.0,0.0,0.0,0.0,0.0,0.0,1.0,0.0,0.0,4875
-0.5474909600083707,-1.4406258902255713,-0.6711862074828341,1.1128104119631774,1.3206564831985228,0.19101996091083073,-0.5580343965600382,0.0,1.0,0.0,0.0,0.0,0.0,0.0,0.0,0.0,0.0,0.0,0.0,0.0,0.0,0.0,0.0,0.0,0.0,0.0,0.0,0.0,0.0,0.0,0.0,1.0,0.0,1.0,0.0,0.0,0.0,0.0,0.0,0.0,1.0,0.0,0.0,2696
-0.2606189104644484,-1.0211860968771675,-1.2244376492876157,-0.9183740159861258,-0.32929191917577944,1.1700715636022594,-0.4221769658698304,0.0,0.0,0.0,0.0,0.0,0.0,0.0,0.0,0.0,0.0,1.0,0.0,0.0,0.0,0.0,0.0,1.0,0.0,0.0,0.0,0.0,0.0,0.0,0.0,0.0,0.0,0.0,1.0,0.0,0.0,0.0,0.0,0.0,1.0,0.0,0.0,1465
1.5127719412616172,0.237133283168044,-1.1322290756534854,0.573924747405199,1.2501458677124417,-0.004790359627454505,-1.2373215500110768,0.0,0.0,0.0,0.0,0.0,1.0,0.0,0.0,0.0,0.0,0.0,0.0,0.0,0.0,0.0,0.0,0.0,0.0,0.0,0.0,0.0,0.0,0.0,1.0,0.0,0.0,0.0,0.0,0.0,1.0,0.0,0.0,0.0,0.0,0.0,1.0,1893
-0.6257287917021678,1.1658928255823668,0.06648238159020799,0.7950060456853953,-0.19708451513937703,-0.9838419623188832,-0.9656066886306613,0.0,0.0,0.0,0.0,0.0,0.0,0.0,0.0,0.0,0.0,0.0,0.0,1.0,0.0,0.0,0.0,0.0,0.0,0.0,0.0,0.0,0.0,0.0,1.0,0.0,0.0,0.0,0.0,1.0,0.0,0.0,1.0,0.0,0.0,0.0,0.0,793
0.41744229754845896,-0.39202640685456175,-0.6158610633023559,0.44956651712258866,-1.603771294086699,-0.1446548742976593,-1.2373215500110768,0.0,0.0,1.0,0.0,0.0,0.0,0.0,0.0,0.0,0.0,0.0,0.0,0.0,0.0,0.0,0.0,0.0,0.0,0.0,0.0,0.0,0.0,0.0,0.0,0.0,1.0,1.0,0.0,0.0,0.0,0.0,0.0,0.0,0.0,1.0,0.0,4698
1.356296277874023,0.5067731503205893,0.5459669644876853,-0.7525630422759786,-1.5456000363106823,1.1980444665362997,-1.3731789807012846,0.0,0.0,0.0,0.0,0.0,0.0,0.0,0.0,0.0,0.0,0.0,0.0,0.0,1.0,1.0,0.0,0.0,0.0,0.0,0.0,0.0,0.0,0.0,0.0,0.0,0.0,0.0,0.0,1.0,0.0,0.0,0.0,0.0,0.0,1.0,0.0,887
1.278058446180226,0.2670932684072157,1.136101835746119,-1.291448706833957,1.3224192485856745,-1.5712729239337402,-0.4221769658698304,0.0,0.0,0.0,1.0,0.0,0.0,0.0,0.0,0.0,0.0,0.0,0.0,0.0,0.0,1.0,0.0,0.0,0.0,0.0,0.0,0.0,0.0,0.0,0.0,0.0,0.0,0.0,0.0,1.0,0.0,0.0,1.0,0.0,0.0,0.0,0.0,556
-0.13022252430812006,1.4355326927349121,-0.4683273454877475,-0.6005696497083437,0.11316219299938035,-0.24256003456680256,0.6646824796518315,0.0,0.0,0.0,0.0,0.0,1.0,0.0,0.0,0.0,0.0,0.0,0.0,0.0,0.0,0.0,0.0,0.0,1.0,0.0,0.0,0.0,0.0,0.0,0.0,0.0,0.0,0.0,0.0,0.0,0.0,1.0,0.0,0.0,1.0,0.0,0.0,2780
-0.7822044550897618,1.7051725598874574,-1.316646222921746,-0.9736443405561749,1.0033587135111575,1.295949626805443,0.39296761827141596,0.0,0.0,0.0,0.0,0.0,0.0,0.0,0.0,0.0,0.0,0.0,1.0,0.0,0.0,0.0,0.0,0.0,1.0,0.0,0.0,0.0,0.0,0.0,0.0,0.0,0.0,0.0,0.0,1.0,0.0,0.0,1.0,0.0,0.0,0.0,0.0,3407
-0.7822044550897618,0.05737337173301378,0.5090835350340333,1.651696076521156,1.6361914874987364,-0.43837035510508776,-1.2373215500110768,0.0,0.0,0.0,0.0,0.0,0.0,0.0,0.0,0.0,0.0,0.0,0.0,1.0,0.0,0.0,0.0,0.0,1.0,0.0,0.0,0.0,0.0,0.0,0.0,0.0,0.0,1.0,0.0,0.0,0.0,0.0,0.0,0.0,0.0,1.0,0.0,3272
0.9911863966363037,-0.33210643637621834,0.2877829583121206,0.6982829776878094,1.6643957336931696,-0.8439774476486795,1.34396963310287,0.0,0.0,1.0,0.0,0.0,0.0,0.0,0.0,0.0,0.0,0.0,0.0,0.0,0.0,0.0,0.0,0.0,0.0,1.0,0.0,0.0,0.0,0.0,0.0,0.0,0.0,0.0,0.0,1.0,0.0,0.0,1.0,0.0,0.0,0.0,0.0,2559
0.7303936243236471,-0.03250658398450132,-1.335087937648572,0.35284344912500276,1.7560595338250746,-1.375462603395455,-0.4221769658698304,0.0,1.0,0.0,0.0,0.0,0.0,0.0,0.0,0.0,0.0,0.0,0.0,0.0,0.0,1.0,0.0,0.0,0.0,0.0,0.0,0.0,0.0,0.0,0.0,0.0,0.0,0.0,0.0,0.0,1.0,0.0,0.0,0.0,1.0,0.0,0.0,801
1.3302170006427574,-0.7815062149637939,-0.5236524896682256,0.988452181680567,-1.0819927394896973,0.3308844755810343,-1.5090364113914922,0.0,0.0,0.0,0.0,0.0,1.0,0.0,0.0,0.0,0.0,0.0,0.0,0.0,0.0,0.0,1.0,0.0,0.0,0.0,0.0,0.0,0.0,0.0,0.0,0.0,0.0,0.0,0.0,1.0,0.0,0.0,0.0,1.0,0.0,0.0,0.0,2913
0.36528374308592765,-1.4406258902255713,-0.8187199252974425,-0.29658286457307376,0.6737215861137266,1.0302070489320545,0.8005399103420392,0.0,0.0,0.0,0.0,0.0,0.0,1.0,0.0,0.0,0.0,0.0,0.0,0.0,0.0,0.0,0.0,0.0,1.0,0.0,0.0,0.0,0.0,0.0,0.0,0.0,0.0,0.0,1.0,0.0,0.0,0.0,0.0,0.0,0.0,1.0,0.0,1319
-1.329869276946341,1.645252589409114,0.3246663877657727,-1.5678003296842025,1.1637703637419918,-0.3824245492370061,0.8005399103420392,0.0,0.0,0.0,0.0,0.0,0.0,0.0,0.0,1.0,0.0,0.0,0.0,0.0,0.0,0.0,0.0,0.0,1.0,0.0,0.0,0.0,0.0,0.0,0.0,0.0,0.0,0.0,0.0,1.0,0.0,0.0,0.0,1.0,0.0,0.0,0.0,2787
1.669247604649211,1.735132545126629,-0.8740450694779206,1.237168642245788,-1.1930469588802757,-0.004790359627454505,1.0722547717224546,0.0,1.0,0.0,0.0,0.0,0.0,0.0,0.0,0.0,0.0,0.0,0.0,0.0,0.0,1.0,0.0,0.0,0.0,0.0,0.0,0.0,0.0,0.0,0.0,0.0,0.0,1.0,0.0,0.0,0.0,0.0,0.0,1.0,0.0,0.0,0.0,1737
-0.8343630095522931,-1.2608659787905412,1.6709115628240745,-0.6420223931358805,-0.057826049554366606,-0.8579638991156997,0.25711018758120824,0.0,0.0,1.0,0.0,0.0,0.0,0.0,0.0,0.0,0.0,0.0,0.0,0.0,0.0,0.0,0.0,1.0,0.0,0.0,0.0,0.0,0.0,0.0,0.0,0.0,0.0,0.0,1.0,0.0,0.0,0.0,0.0,0.0,0.0,0.0,1.0,4749
1.669247604649211,-0.6916262592462787,0.6750589675754677,1.3753444536709105,-1.3076267090451577,1.7015567193490346,-0.8297492579404536,0.0,0.0,0.0,0.0,0.0,0.0,0.0,1.0,0.0,0.0,0.0,0.0,0.0,0.0,0.0,0.0,0.0,0.0,1.0,0.0,0.0,0.0,0.0,0.0,0.0,0.0,1.0,0.0,0.0,0.0,0.0,1.0,0.0,0.0,0.0,0.0,2825
-0.7561251778584961,-1.2309059935513693,-0.4498856307609215,1.2786213856733246,0.6173130937248615,-0.7880316417805979,-1.1014641193208692,0.0,0.0,0.0,0.0,0.0,0.0,0.0,0.0,1.0,0.0,0.0,0.0,0.0,0.0,0.0,0.0,0.0,0.0,0.0,0.0,0.0,0.0,0.0,1.0,0.0,0.0,0.0,1.0,0.0,0.0,0.0,0.0,0.0,0.0,1.0,0.0,1185
-0.7039666233959648,-1.4406258902255713,-0.025726192043922267,-1.388171774831543,1.6079872413043046,-1.375462603395455,0.6646824796518315,0.0,0.0,0.0,0.0,0.0,0.0,0.0,0.0,0.0,1.0,0.0,0.0,0.0,0.0,0.0,0.0,0.0,0.0,0.0,0.0,0.0,0.0,0.0,1.0,0.0,0.0,0.0,0.0,0.0,1.0,0.0,0.0,0.0,0.0,0.0,1.0,1781
1.1476620600238978,1.4355326927349121,0.12180752577068614,0.35284344912500276,0.885253432571971,1.0022341459980144,1.6156844944832855,0.0,0.0,0.0,1.0,0.0,0.0,0.0,0.0,0.0,0.0,0.0,0.0,0.0,0.0,0.0,0.0,0.0,0.0,0.0,1.0,0.0,0.0,0.0,0.0,0.0,0.0,1.0,0.0,0.0,0.0,0.0,0.0,0.0,1.0,0.0,0.0,1958
-1.1212350590962155,-0.7215862444854505,-1.353529652375398,1.5826081708085946,1.3418096678443467,-0.7880316417805979,-1.1014641193208692,0.0,0.0,0.0,0.0,1.0,0.0,0.0,0.0,0.0,0.0,0.0,0.0,0.0,0.0,1.0,0.0,0.0,0.0,0.0,0.0,0.0,0.0,0.0,0.0,0.0,0.0,0.0,1.0,0.0,0.0,0.0,0.0,0.0,1.0,0.0,0.0,2738
0.6260765153985843,-0.8114662002029656,1.7077949922777267,-1.1118201519812976,-1.6971978596057569,0.19101996091083073,-0.4221769658698304,0.0,0.0,0.0,0.0,0.0,0.0,0.0,0.0,0.0,0.0,1.0,0.0,0.0,0.0,0.0,0.0,0.0,1.0,0.0,0.0,0.0,0.0,0.0,0.0,0.0,0.0,0.0,0.0,0.0,0.0,1.0,0.0,0.0,0.0,0.0,1.0,1658
1.2519791689489603,-0.42198639209373345,1.486494415555814,0.4219313548375641,0.02326115825462704,-0.6621535785774145,0.8005399103420392,0.0,0.0,0.0,0.0,0.0,0.0,1.0,0.0,0.0,0.0,0.0,0.0,0.0,0.0,0.0,0.0,0.0,0.0,0.0,0.0,0.0,0.0,0.0,0.0,1.0,0.0,0.0,0.0,0.0,0.0,1.0,0.0,0.0,1.0,0.0,0.0,1556
-1.4081071086401378,-0.42198639209373345,0.7119423970291198,-0.9045564348436136,0.44103655500965827,0.2749386697129526,0.8005399103420392,0.0,0.0,0.0,0.0,0.0,0.0,0.0,0.0,0.0,0.0,0.0,0.0,1.0,0.0,0.0,0.0,0.0,0.0,0.0,0.0,0.0,0.0,0.0,1.0,0.0,0.0,0.0,0.0,0.0,1.0,0.0,0.0,1.0,0.0,0.0,0.0,2556
1.0172656738675694,0.9561729289081649,-0.26546848349266094,0.2561203811274169,-0.5461120617954796,0.23297931531189228,-0.9656066886306613,1.0,0.0,0.0,0.0,0.0,0.0,0.0,0.0,0.0,0.0,0.0,0.0,0.0,0.0,0.0,0.0,0.0,0.0,0.0,0.0,0.0,0.0,1.0,0.0,0.0,0.0,1.0,0.0,0.0,0.0,0.0,1.0,0.0,0.0,0.0,0.0,2227
-0.15630180153938575,-0.9313061411596524,1.541819559736292,1.5273378462385454,1.2430948061638338,1.7155431708160547,-1.6448938420817,0.0,0.0,0.0,0.0,0.0,0.0,0.0,0.0,0.0,0.0,0.0,0.0,1.0,0.0,0.0,0.0,0.0,0.0,0.0,0.0,0.0,0.0,0.0,0.0,1.0,0.0,0.0,0.0,0.0,1.0,0.0,0.0,0.0,0.0,0.0,1.0,1613
-0.05198469261432306,1.555372633691599,1.080776691565641,0.40811377369505186,0.07438135448203582,1.4358141414756465,-0.014604673799207216,1.0,0.0,0.0,0.0,0.0,0.0,0.0,0.0,0.0,0.0,0.0,0.0,0.0,0.0,0.0,0.0,0.0,0.0,0.0,0.0,0.0,1.0,0.0,0.0,0.0,0.0,0.0,0.0,0.0,0.0,1.0,0.0,0.0,0.0,0.0,1.0,1506
0.46960085201099033,0.4768131650814176,0.6381755381218156,-1.388171774831543,-1.2794224628507251,-1.0817471225880264,0.8005399103420392,1.0,0.0,0.0,0.0,0.0,0.0,0.0,0.0,0.0,0.0,0.0,0.0,0.0,0.0,0.0,0.0,1.0,0.0,0.0,0.0,0.0,0.0,0.0,0.0,0.0,0.0,0.0,0.0,1.0,0.0,0.0,0.0,0.0,1.0,0.0,0.0,6952
-0.4692531283145738,0.05737337173301378,0.06648238159020799,0.20085005655736785,1.37001391403878,-0.004790359627454505,-0.9656066886306613,0.0,0.0,0.0,0.0,0.0,0.0,0.0,0.0,0.0,0.0,0.0,0.0,0.0,1.0,0.0,0.0,0.0,0.0,0.0,0.0,0.0,0.0,0.0,0.0,1.0,0.0,0.0,0.0,0.0,0.0,1.0,0.0,0.0,0.0,0.0,1.0,1147
1.3823755551052888,1.7051725598874574,-1.6485970880046148,0.8364587891129321,0.9169832095407076,-1.2775574431263117,0.8005399103420392,0.0,0.0,0.0,0.0,0.0,0.0,0.0,0.0,0.0,1.0,0.0,0.0,0.0,0.0,0.0,0.0,0.0,0.0,0.0,0.0,0.0,0.0,1.0,0.0,0.0,0.0,0.0,1.0,0.0,0.0,0.0,0.0,1.0,0.0,0.0,0.0,2075
-0.2866981876957141,0.5666931207989327,-0.22858505403900883,-1.3190838691189815,-0.31695256146571515,0.4707489902512391,1.6156844944832855,0.0,0.0,0.0,0.0,0.0,0.0,0.0,0.0,0.0,0.0,0.0,0.0,0.0,1.0,0.0,0.0,0.0,0.0,1.0,0.0,0.0,0.0,0.0,0.0,0.0,0.0,1.0,0.0,0.0,0.0,0.0,0.0,0.0,0.0,0.0,1.0,1731
-1.4863449403339348,-0.30214645113704663,0.7488258264827719,1.0575400873931284,1.6784978567903857,0.16304705797678928,-0.6938918272502459,0.0,0.0,0.0,0.0,0.0,1.0,0.0,0.0,0.0,0.0,0.0,0.0,0.0,0.0,0.0,0.0,0.0,0.0,0.0,1.0,0.0,0.0,0.0,0.0,0.0,0.0,0.0,0.0,1.0,0.0,0.0,0.0,0.0,0.0,1.0,0.0,1492
0.495680129242256,1.7051725598874574,-0.24702676876583488,1.0713576685356407,0.8693885440876021,-0.10269551989659774,-0.15046210448941494,0.0,1.0,0.0,0.0,0.0,0.0,0.0,0.0,0.0,0.0,0.0,0.0,0.0,0.0,0.0,0.0,0.0,1.0,0.0,0.0,0.0,0.0,0.0,0.0,0.0,0.0,0.0,0.0,0.0,1.0,0.0,0.0,0.0,0.0,0.0,1.0,1146
-1.6167413264902633,-1.2608659787905412,-0.24702676876583488,0.24230279998490464,1.37001391403878,-0.2845193889678629,1.2081122024126625,0.0,0.0,0.0,0.0,0.0,0.0,0.0,0.0,1.0,0.0,0.0,0.0,0.0,0.0,0.0,0.0,0.0,1.0,0.0,0.0,0.0,0.0,0.0,0.0,0.0,0.0,0.0,0.0,1.0,0.0,0.0,0.0,1.0,0.0,0.0,0.0,2138
-0.9386801184773558,0.8662929731906497,1.3020772682875534,-0.7525630422759786,-1.1013831587483702,0.037168994773605815,-1.5090364113914922,0.0,1.0,0.0,0.0,0.0,0.0,0.0,0.0,0.0,0.0,0.0,0.0,0.0,0.0,0.0,0.0,0.0,1.0,0.0,0.0,0.0,0.0,0.0,0.0,0.0,0.0,1.0,0.0,0.0,0.0,0.0,1.0,0.0,0.0,0.0,0.0,2305
-1.3559485541776066,-0.7215862444854505,-0.5236524896682256,0.06267424513224516,0.08143241603064381,-1.2355980887252513,-0.9656066886306613,0.0,0.0,0.0,0.0,0.0,0.0,0.0,0.0,0.0,0.0,1.0,0.0,0.0,0.0,0.0,0.0,0.0,0.0,0.0,1.0,0.0,0.0,0.0,0.0,0.0,0.0,0.0,0.0,0.0,0.0,1.0,0.0,0.0,1.0,0.0,0.0,819
1.356296277874023,0.4468531798422459,1.4127275566485098,-0.9460091782711504,0.4040184818794661,-0.08870906842957764,1.479827063793078,0.0,1.0,0.0,0.0,0.0,0.0,0.0,0.0,0.0,0.0,0.0,0.0,0.0,0.0,0.0,0.0,1.0,0.0,0.0,0.0,0.0,0.0,0.0,0.0,0.0,0.0,0.0,0.0,0.0,1.0,0.0,1.0,0.0,0.0,0.0,0.0,3222
1.669247604649211,-0.5717863182895919,-0.41300220130726933,-0.8354685291310522,0.32293127407047245,-1.2635709916592914,-1.2373215500110768,0.0,0.0,1.0,0.0,0.0,0.0,0.0,0.0,0.0,0.0,0.0,0.0,0.0,0.0,0.0,0.0,0.0,0.0,0.0,0.0,0.0,0.0,0.0,0.0,1.0,0.0,1.0,0.0,0.0,0.0,0.0,0.0,0.0,0.0,1.0,0.0,1828
-0.13022252430812006,-0.7815062149637939,0.08492409631703404,0.8226412079704198,-1.3005756474965495,0.8064238254597279,1.6156844944832855,0.0,0.0,0.0,1.0,0.0,0.0,0.0,0.0,0.0,0.0,0.0,0.0,0.0,0.0,0.0,0.0,0.0,0.0,0.0,0.0,0.0,0.0,0.0,1.0,0.0,0.0,0.0,0.0,0.0,1.0,0.0,0.0,0.0,0.0,0.0,1.0,2791
-0.2866981876957141,1.5853326189307706,-0.30235191294631303,-0.7663806234184909,-1.0802299741025456,0.3308844755810343,1.479827063793078,0.0,0.0,1.0,0.0,0.0,0.0,0.0,0.0,0.0,0.0,0.0,0.0,0.0,0.0,0.0,0.0,0.0,0.0,0.0,0.0,0.0,1.0,0.0,0.0,0.0,0.0,0.0,0.0,1.0,0.0,0.0,0.0,1.0,0.0,0.0,0.0,3296
-1.3559485541776066,0.4768131650814176,-1.39041308182905,-1.7474288845368617,-0.02785903797278175,-0.8160045447146381,0.5288250489616237,0.0,0.0,0.0,0.0,0.0,0.0,0.0,0.0,0.0,1.0,0.0,0.0,0.0,0.0,0.0,0.0,0.0,0.0,0.0,0.0,0.0,1.0,0.0,0.0,0.0,0.0,0.0,1.0,0.0,0.0,0.0,0.0,1.0,0.0,0.0,0.0,4711
1.1476620600238978,0.5067731503205893,-1.6485970880046148,-0.04786640400785297,-0.4315323116305977,0.7085186651905859,-0.4221769658698304,0.0,0.0,0.0,0.0,0.0,0.0,0.0,0.0,1.0,0.0,0.0,0.0,0.0,0.0,0.0,0.0,0.0,0.0,0.0,0.0,0.0,0.0,1.0,0.0,0.0,0.0,0.0,0.0,1.0,0.0,0.0,0.0,1.0,0.0,0.0,0.0,4038
1.1476620600238978,0.2670932684072157,1.6524698480972484,0.7121005588303218,-1.156028885750083,1.1141257577341777,-1.2373215500110768,0.0,0.0,0.0,0.0,0.0,0.0,0.0,0.0,0.0,0.0,0.0,0.0,0.0,1.0,0.0,0.0,0.0,0.0,0.0,0.0,0.0,0.0,0.0,0.0,0.0,1.0,0.0,1.0,0.0,0.0,0.0,0.0,0.0,0.0,1.0,0.0,1289
-0.02590541538305739,0.5067731503205893,-1.5932719438241367,1.3615268725283982,1.4934074911394215,-1.3055303460603531,-1.1014641193208692,0.0,1.0,0.0,0.0,0.0,0.0,0.0,0.0,0.0,0.0,0.0,0.0,0.0,0.0,0.0,0.0,0.0,0.0,0.0,0.0,0.0,0.0,0.0,0.0,1.0,0.0,0.0,1.0,0.0,0.0,0.0,0.0,0.0,0.0,0.0,1.0,687
-0.10414324707685439,1.135932840343195,-1.1875542198339635,0.6430126531177603,1.3929298640717556,0.12108770357572894,-0.9656066886306613,1.0,0.0,0.0,0.0,0.0,0.0,0.0,0.0,0.0,0.0,0.0,0.0,0.0,0.0,0.0,0.0,0.0,0.0,0.0,0.0,0.0,1.0,0.0,0.0,0.0,0.0,0.0,0.0,1.0,0.0,0.0,0.0,0.0,1.0,0.0,0.0,2476
1.1215827827926321,-0.48190636257207686,-0.41300220130726933,0.933181857110518,-0.6113343811201049,-1.3335032489943932,-0.15046210448941494,0.0,0.0,0.0,0.0,0.0,0.0,1.0,0.0,0.0,0.0,0.0,0.0,0.0,0.0,0.0,0.0,0.0,1.0,0.0,0.0,0.0,0.0,0.0,0.0,0.0,0.0,0.0,1.0,0.0,0.0,0.0,0.0,0.0,0.0,1.0,0.0,3157
0.41744229754845896,-0.21226649541953152,-0.43144391603409543,0.0488566639897329,0.06733029293342785,-0.7320858359125163,-1.2373215500110768,0.0,0.0,0.0,0.0,0.0,1.0,0.0,0.0,0.0,0.0,0.0,0.0,0.0,0.0,0.0,0.0,0.0,0.0,0.0,0.0,0.0,0.0,0.0,1.0,0.0,0.0,0.0,0.0,0.0,0.0,1.0,0.0,0.0,0.0,1.0,0.0,4205
1.4866926640303515,-0.15234652494118814,1.0992184062924668,-1.705976141109325,1.0668182674486306,-0.20060068016574098,-0.9656066886306613,1.0,0.0,0.0,0.0,0.0,0.0,0.0,0.0,0.0,0.0,0.0,0.0,0.0,0.0,0.0,0.0,0.0,0.0,0.0,0.0,0.0,0.0,0.0,0.0,1.0,0.0,0.0,0.0,0.0,1.0,0.0,0.0,0.0,0.0,1.0,0.0,1753
-0.15630180153938575,-1.2908259640297128,-0.5236524896682256,0.021221501704708365,0.3317451010062327,1.4078412385416061,1.0722547717224546,0.0,0.0,0.0,0.0,1.0,0.0,0.0,0.0,0.0,0.0,0.0,0.0,0.0,0.0,0.0,0.0,0.0,0.0,0.0,0.0,0.0,0.0,0.0,0.0,0.0,1.0,0.0,0.0,0.0,0.0,1.0,0.0,1.0,0.0,0.0,0.0,1388
-0.07806396984558873,0.8962529584298214,0.26934124358529454,1.4444323593834718,0.6754843515008789,-1.4314084092635366,-0.014604673799207216,0.0,0.0,0.0,0.0,0.0,1.0,0.0,0.0,0.0,0.0,0.0,0.0,0.0,0.0,0.0,0.0,0.0,0.0,0.0,0.0,0.0,0.0,0.0,0.0,1.0,0.0,0.0,0.0,0.0,1.0,0.0,0.0,0.0,1.0,0.0,0.0,2779
0.10449097077327096,-0.39202640685456175,-1.1137873609266593,-1.6230706542542515,-0.3857004115646445,-0.9558690593848429,0.8005399103420392,0.0,0.0,0.0,1.0,0.0,0.0,0.0,0.0,0.0,0.0,0.0,0.0,0.0,0.0,0.0,0.0,0.0,0.0,0.0,0.0,1.0,0.0,0.0,0.0,0.0,0.0,0.0,0.0,1.0,0.0,0.0,1.0,0.0,0.0,0.0,0.0,1672
1.669247604649211,-0.9912261116379958,0.6935006823022938,-1.5263475862566656,-1.2970501167222457,0.4847354417182592,1.6156844944832855,0.0,0.0,0.0,0.0,0.0,0.0,0.0,0.0,1.0,0.0,0.0,0.0,0.0,0.0,0.0,0.0,0.0,0.0,0.0,0.0,0.0,0.0,0.0,1.0,0.0,0.0,0.0,0.0,1.0,0.0,0.0,1.0,0.0,0.0,0.0,0.0,4760
1.3823755551052888,1.4355326927349121,-1.4088547965558762,0.1732148942723433,1.0104097750597654,0.5966270534544226,0.8005399103420392,0.0,0.0,0.0,0.0,1.0,0.0,0.0,0.0,0.0,0.0,0.0,0.0,0.0,0.0,0.0,0.0,0.0,0.0,0.0,0.0,0.0,0.0,0.0,0.0,1.0,0.0,0.0,0.0,0.0,1.0,0.0,0.0,0.0,0.0,0.0,1.0,3473
-0.9647593957086215,1.04605288462568,0.416874961399903,0.2975731245549537,0.25770895474584704,-0.004790359627454505,0.25711018758120824,0.0,0.0,0.0,0.0,0.0,0.0,0.0,0.0,0.0,0.0,0.0,0.0,1.0,0.0,0.0,0.0,0.0,0.0,0.0,0.0,1.0,0.0,0.0,0.0,0.0,0.0,1.0,0.0,0.0,0.0,0.0,0.0,0.0,1.0,0.0,0.0,1984
1.591009772955414,-0.7215862444854505,0.8225926853900761,0.021221501704708365,0.9187459749278593,0.4987218931852793,1.0722547717224546,0.0,0.0,0.0,0.0,0.0,0.0,1.0,0.0,0.0,0.0,0.0,0.0,0.0,0.0,0.0,0.0,0.0,0.0,0.0,0.0,0.0,1.0,0.0,0.0,0.0,0.0,0.0,0.0,1.0,0.0,0.0,0.0,0.0,1.0,0.0,0.0,1015
-1.382027831408872,-0.9013461559204806,-0.5974193485755299,-0.6420223931358805,0.187198339259766,-0.1446548742976593,-0.28631953517962266,0.0,0.0,1.0,0.0,0.0,0.0,0.0,0.0,0.0,0.0,0.0,0.0,0.0,0.0,0.0,0.0,0.0,0.0,0.0,1.0,0.0,0.0,0.0,0.0,0.0,0.0,0.0,0.0,0.0,0.0,1.0,0.0,0.0,1.0,0.0,0.0,691
-0.2606189104644484,0.2071732979288723,-0.9293702136583988,0.20085005655736785,0.9681034057681164,-0.8160045447146381,1.34396963310287,0.0,0.0,0.0,0.0,0.0,0.0,0.0,0.0,0.0,0.0,0.0,1.0,0.0,0.0,0.0,0.0,0.0,1.0,0.0,0.0,0.0,0.0,0.0,0.0,0.0,0.0,0.0,0.0,0.0,0.0,1.0,0.0,1.0,0.0,0.0,0.0,1922
0.46960085201099033,-0.12238653970201642,-1.2244376492876157,0.5048368416926378,0.2947270278760399,-0.25654648603382263,0.9363973410322469,0.0,0.0,0.0,0.0,1.0,0.0,0.0,0.0,0.0,0.0,0.0,0.0,0.0,0.0,0.0,0.0,0.0,0.0,0.0,0.0,0.0,0.0,0.0,0.0,1.0,0.0,0.0,0.0,1.0,0.0,0.0,0.0,1.0,0.0,0.0,0.0,1661
-1.382027831408872,1.2557727812998818,-1.1875542198339635,-1.3329014502614938,0.1889611046469177,1.3658818841405447,-0.9656066886306613,0.0,0.0,0.0,0.0,0.0,0.0,0.0,0.0,0.0,1.0,0.0,0.0,0.0,0.0,0.0,0.0,0.0,0.0,0.0,0.0,0.0,1.0,0.0,0.0,0.0,0.0,0.0,0.0,0.0,1.0,0.0,0.0,0.0,0.0,0.0,1.0,1911
0.13057024800453662,-1.4106659049863997,1.6155864186435964,0.07649182627475744,-1.4098671014999757,1.7015567193490346,-0.9656066886306613,0.0,0.0,0.0,0.0,0.0,0.0,0.0,0.0,0.0,0.0,0.0,1.0,0.0,0.0,0.0,0.0,0.0,0.0,0.0,0.0,0.0,0.0,0.0,0.0,1.0,0.0,0.0,0.0,0.0,1.0,0.0,0.0,0.0,0.0,1.0,0.0,2057
1.1737413372551635,0.14725332745052888,1.4680527008289879,0.2561203811274169,-0.33986851149869207,1.2120309180033197,-1.1014641193208692,0.0,0.0,0.0,0.0,0.0,1.0,0.0,0.0,0.0,0.0,0.0,0.0,0.0,0.0,0.0,0.0,0.0,0.0,0.0,0.0,0.0,0.0,0.0,1.0,0.0,0.0,0.0,0.0,0.0,0.0,1.0,0.0,0.0,0.0,1.0,0.0,1236
0.965107119405038,-0.21226649541953152,0.767267541209598,1.3062565479583492,-0.08426753036164684,0.5966270534544226,-0.4221769658698304,0.0,0.0,0.0,0.0,0.0,0.0,0.0,0.0,0.0,0.0,0.0,1.0,0.0,0.0,0.0,0.0,0.0,1.0,0.0,0.0,0.0,0.0,0.0,0.0,0.0,0.0,0.0,0.0,1.0,0.0,0.0,0.0,0.0,1.0,0.0,0.0,1214
-0.6778873461646991,-0.871386170681309,-0.2101433393121828,-0.5867520685658314,0.042651577513299295,-1.5433000209996999,-0.9656066886306613,0.0,0.0,0.0,0.0,1.0,0.0,0.0,0.0,0.0,0.0,0.0,0.0,0.0,0.0,0.0,0.0,0.0,0.0,0.0,0.0,0.0,0.0,0.0,0.0,0.0,1.0,0.0,0.0,0.0,0.0,1.0,0.0,1.0,0.0,0.0,0.0,1629
-0.6518080689334335,-1.0511460821163392,1.4127275566485098,1.2509862233883002,-1.607296824861003,0.17703350944381063,-0.014604673799207216,0.0,0.0,0.0,0.0,0.0,0.0,0.0,1.0,0.0,0.0,0.0,0.0,0.0,0.0,0.0,0.0,0.0,0.0,0.0,0.0,1.0,0.0,0.0,0.0,0.0,0.0,0.0,0.0,0.0,1.0,0.0,0.0,0.0,1.0,0.0,0.0,1333
0.8347107332487097,-1.1110660525946825,0.5090835350340333,0.6291950719752482,-0.6183854426687129,0.6665593107895244,-1.5090364113914922,0.0,0.0,1.0,0.0,0.0,0.0,0.0,0.0,0.0,0.0,0.0,0.0,0.0,0.0,0.0,0.0,0.0,0.0,0.0,0.0,1.0,0.0,0.0,0.0,0.0,0.0,0.0,1.0,0.0,0.0,0.0,0.0,0.0,0.0,0.0,1.0,1347
-1.069076504633684,1.2857327665390534,-1.2797627934680937,1.1542631553907143,-0.8193406968040446,1.5337193017447897,1.2081122024126625,0.0,0.0,0.0,0.0,0.0,0.0,0.0,0.0,0.0,1.0,0.0,0.0,0.0,0.0,0.0,0.0,0.0,1.0,0.0,0.0,0.0,0.0,0.0,0.0,0.0,0.0,0.0,0.0,1.0,0.0,0.0,0.0,0.0,0.0,0.0,1.0,3119
-0.8343630095522931,1.3756127222565686,1.2651938388339012,1.2095334799607633,-1.1313501703299544,1.6176380105469115,1.34396963310287,0.0,0.0,0.0,1.0,0.0,0.0,0.0,0.0,0.0,0.0,0.0,0.0,0.0,0.0,0.0,0.0,0.0,0.0,0.0,0.0,0.0,0.0,1.0,0.0,0.0,0.0,0.0,0.0,0.0,1.0,0.0,0.0,1.0,0.0,0.0,0.0,3528
-0.3649360193895111,1.2857327665390534,1.0254515473851626,0.8917291136829812,-0.056063284167214296,-1.5433000209996999,0.25711018758120824,0.0,0.0,0.0,0.0,0.0,1.0,0.0,0.0,0.0,0.0,0.0,0.0,0.0,0.0,0.0,0.0,0.0,0.0,0.0,1.0,0.0,0.0,0.0,0.0,0.0,0.0,0.0,1.0,0.0,0.0,0.0,0.0,0.0,0.0,0.0,1.0,85024
1.6431683274179454,0.7164930469947912,-0.4683273454877475,0.3804786114100273,1.0791576251586947,1.393854787074586,-1.1014641193208692,0.0,0.0,0.0,1.0,0.0,0.0,0.0,0.0,0.0,0.0,0.0,0.0,0.0,0.0,0.0,0.0,0.0,0.0,0.0,0.0,0.0,0.0,0.0,0.0,0.0,1.0,0.0,1.0,0.0,0.0,0.0,0.0,1.0,0.0,0.0,0.0,2119
-0.7300459006272305,-0.03250658398450132,-0.5420942043950517,0.9193642759680057,-1.0396863701980488,0.05115544624062592,-0.6938918272502459,0.0,0.0,0.0,0.0,0.0,0.0,0.0,0.0,0.0,0.0,1.0,0.0,0.0,0.0,0.0,1.0,0.0,0.0,0.0,0.0,0.0,0.0,0.0,0.0,0.0,0.0,0.0,0.0,0.0,0.0,1.0,0.0,0.0,1.0,0.0,0.0,3152
0.9911863966363037,-0.24222648065870322,0.08492409631703404,-1.4296245182590797,-0.2094238728494413,0.44277608731719764,0.39296761827141596,0.0,0.0,0.0,0.0,0.0,0.0,1.0,0.0,0.0,0.0,0.0,0.0,0.0,0.0,0.0,0.0,1.0,0.0,0.0,0.0,0.0,0.0,0.0,0.0,0.0,0.0,0.0,1.0,0.0,0.0,0.0,0.0,1.0,0.0,0.0,0.0,3082
-1.329869276946341,1.4355326927349121,-0.4683273454877475,0.7535533022578585,-0.46502485398648585,-0.07472261696255753,0.5288250489616237,0.0,0.0,0.0,0.0,0.0,0.0,1.0,0.0,0.0,0.0,0.0,0.0,0.0,0.0,0.0,0.0,0.0,0.0,0.0,0.0,0.0,0.0,0.0,0.0,1.0,0.0,0.0,1.0,0.0,0.0,0.0,1.0,0.0,0.0,0.0,0.0,715
1.4084548323365544,-0.42198639209373345,-0.09949305095122647,-0.26894770228804926,-0.5267216425368073,-1.053774219653985,-1.3731789807012846,0.0,0.0,0.0,0.0,0.0,0.0,0.0,0.0,0.0,0.0,0.0,0.0,0.0,1.0,0.0,0.0,0.0,0.0,0.0,0.0,0.0,1.0,0.0,0.0,0.0,0.0,0.0,1.0,0.0,0.0,0.0,0.0,0.0,1.0,0.0,0.0,601
-0.4692531283145738,1.7650925303658007,1.6524698480972484,1.0437225062506161,0.6331779822092304,-1.5293135695326798,-1.6448938420817,0.0,0.0,0.0,0.0,0.0,0.0,0.0,0.0,0.0,0.0,1.0,0.0,0.0,0.0,0.0,0.0,1.0,0.0,0.0,0.0,0.0,0.0,0.0,0.0,0.0,0.0,0.0,0.0,0.0,1.0,0.0,0.0,0.0,1.0,0.0,0.0,1152
-0.8865215640148245,1.7051725598874574,1.136101835746119,1.5411554273810577,-1.342882016788198,-1.389449054862475,1.0722547717224546,0.0,0.0,0.0,0.0,0.0,0.0,0.0,0.0,0.0,0.0,1.0,0.0,0.0,0.0,0.0,0.0,0.0,0.0,0.0,0.0,0.0,0.0,0.0,1.0,0.0,0.0,1.0,0.0,0.0,0.0,0.0,0.0,0.0,0.0,0.0,1.0,1490
0.7303936243236471,-0.42198639209373345,0.011157237409729834,0.1732148942723433,-1.1983352550417314,-0.8299909961816595,0.9363973410322469,0.0,0.0,0.0,0.0,0.0,1.0,0.0,0.0,0.0,0.0,0.0,0.0,0.0,0.0,0.0,0.0,0.0,0.0,0.0,0.0,0.0,0.0,0.0,0.0,1.0,0.0,0.0,0.0,1.0,0.0,0.0,0.0,1.0,0.0,0.0,0.0,3268
-1.382027831408872,-1.6503457868997733,0.08492409631703404,0.5324720039776623,1.6485308452088008,1.5337193017447897,0.39296761827141596,0.0,0.0,0.0,0.0,0.0,0.0,0.0,0.0,0.0,0.0,0.0,0.0,0.0,1.0,0.0,0.0,0.0,1.0,0.0,0.0,0.0,0.0,0.0,0.0,0.0,0.0,0.0,0.0,1.0,0.0,0.0,0.0,1.0,0.0,0.0,0.0,2673
0.7303936243236471,1.2857327665390534,0.6750589675754677,0.021221501704708365,0.41988337036383433,-1.1237064769890879,-1.6448938420817,0.0,0.0,0.0,0.0,0.0,1.0,0.0,0.0,0.0,0.0,0.0,0.0,0.0,0.0,0.0,0.0,0.0,0.0,0.0,0.0,1.0,0.0,0.0,0.0,0.0,0.0,0.0,0.0,0.0,1.0,0.0,0.0,1.0,0.0,0.0,0.0,3436
0.6782350698611157,0.5067731503205893,-1.4641799407363543,-1.028914665126224,-0.2957993768198912,0.9043289857288711,-0.014604673799207216,0.0,0.0,0.0,0.0,0.0,1.0,0.0,0.0,0.0,0.0,0.0,0.0,0.0,0.0,1.0,0.0,0.0,0.0,0.0,0.0,0.0,0.0,0.0,0.0,0.0,0.0,1.0,0.0,0.0,0.0,0.0,0.0,1.0,0.0,0.0,0.0,2489
-0.9386801184773558,0.02741338649384208,-1.2613210787412676,0.10412698855978197,1.3259447793599792,-0.7460722873795363,1.34396963310287,0.0,0.0,0.0,0.0,0.0,0.0,0.0,0.0,0.0,1.0,0.0,0.0,0.0,0.0,0.0,0.0,0.0,0.0,0.0,0.0,1.0,0.0,0.0,0.0,0.0,0.0,0.0,1.0,0.0,0.0,0.0,0.0,0.0,1.0,0.0,0.0,2614
1.2519791689489603,-1.3807059197472278,1.6155864186435964,-0.9874619216986872,-0.5161450502138953,1.0721664033331162,0.5288250489616237,0.0,0.0,0.0,0.0,0.0,0.0,0.0,0.0,1.0,0.0,0.0,0.0,0.0,0.0,0.0,0.0,0.0,0.0,0.0,1.0,0.0,0.0,0.0,0.0,0.0,0.0,0.0,0.0,0.0,1.0,0.0,0.0,0.0,0.0,0.0,1.0,1799
-0.5996495144709021,-1.6203858016606014,0.12180752577068614,-1.4848948428291289,0.1431292045809652,-0.620194224176353,1.0722547717224546,0.0,0.0,0.0,0.0,0.0,0.0,0.0,0.0,1.0,0.0,0.0,0.0,0.0,0.0,0.0,0.0,0.0,0.0,0.0,0.0,0.0,0.0,0.0,0.0,0.0,1.0,0.0,0.0,1.0,0.0,0.0,0.0,1.0,0.0,0.0,0.0,784
0.65215579262985,1.6152926041699422,1.431169271375336,0.49101926055012546,0.3987301857180098,-0.6761400300444346,1.2081122024126625,1.0,0.0,0.0,0.0,0.0,0.0,0.0,0.0,0.0,0.0,0.0,0.0,0.0,0.0,0.0,0.0,1.0,0.0,0.0,0.0,0.0,0.0,0.0,0.0,0.0,0.0,0.0,0.0,1.0,0.0,0.0,0.0,0.0,0.0,0.0,1.0,2628
-0.6778873461646991,0.5666931207989327,-0.5236524896682256,0.988452181680567,-1.0819927394896973,-0.6621535785774145,1.34396963310287,0.0,0.0,0.0,0.0,0.0,0.0,0.0,0.0,1.0,0.0,0.0,0.0,0.0,0.0,0.0,0.0,0.0,0.0,0.0,0.0,0.0,0.0,0.0,0.0,0.0,1.0,1.0,0.0,0.0,0.0,0.0,0.0,0.0,0.0,0.0,1.0,1680
1.3302170006427574,0.9861329141473365,-1.685480517458267,-1.1670904765513466,1.4810681334293572,0.14906060650976916,-1.3731789807012846,0.0,0.0,0.0,0.0,0.0,0.0,0.0,0.0,0.0,1.0,0.0,0.0,0.0,0.0,0.0,0.0,0.0,0.0,0.0,1.0,0.0,0.0,0.0,0.0,0.0,0.0,0.0,0.0,0.0,1.0,0.0,0.0,0.0,1.0,0.0,0.0,81003
0.26096663416086496,-0.7515462297246222,-1.39041308182905,1.3615268725283982,-0.011994149488413484,0.037168994773605815,1.6156844944832855,0.0,0.0,0.0,0.0,0.0,0.0,1.0,0.0,0.0,0.0,0.0,0.0,0.0,0.0,0.0,0.0,0.0,0.0,0.0,0.0,1.0,0.0,0.0,0.0,0.0,0.0,0.0,0.0,0.0,0.0,1.0,0.0,0.0,0.0,0.0,1.0,2778
0.8868692877112411,0.2071732979288723,1.154543550472945,-1.3329014502614938,-0.48088974247085414,1.5337193017447897,0.8005399103420392,0.0,0.0,0.0,0.0,0.0,0.0,0.0,1.0,0.0,0.0,0.0,0.0,0.0,0.0,0.0,0.0,0.0,0.0,0.0,0.0,0.0,0.0,0.0,0.0,0.0,1.0,0.0,0.0,1.0,0.0,0.0,0.0,1.0,0.0,0.0,0.0,875
0.495680129242256,-1.3507459345080561,-0.7265113516633123,-1.388171774831543,-1.6372638364425878,0.12108770357572894,-0.4221769658698304,0.0,0.0,0.0,0.0,0.0,0.0,0.0,0.0,0.0,0.0,0.0,1.0,0.0,0.0,0.0,0.0,0.0,0.0,0.0,0.0,1.0,0.0,0.0,0.0,0.0,0.0,0.0,0.0,0.0,1.0,0.0,0.0,0.0,0.0,0.0,1.0,2784
-0.13022252430812006,0.1772133126897006,-0.6896279222096601,1.4858851028110087,-0.11599730733038338,1.2400038209373612,0.12125275689100051,0.0,1.0,0.0,0.0,0.0,0.0,0.0,0.0,0.0,0.0,0.0,0.0,0.0,0.0,0.0,0.0,0.0,0.0,0.0,0.0,0.0,1.0,0.0,0.0,0.0,0.0,0.0,0.0,0.0,0.0,1.0,0.0,0.0,1.0,0.0,0.0,1073
0.5217594064735217,1.6752125746482855,0.6012921086681635,-1.6230706542542515,-1.002668297067856,0.9882476945309943,0.6646824796518315,0.0,0.0,0.0,0.0,0.0,0.0,0.0,0.0,0.0,0.0,1.0,0.0,0.0,0.0,0.0,0.0,0.0,0.0,0.0,1.0,0.0,0.0,0.0,0.0,0.0,0.0,0.0,0.0,0.0,0.0,1.0,0.0,0.0,0.0,1.0,0.0,1984
-0.49533240554583946,0.836332987951478,0.1771326699511643,-0.7525630422759786,0.1854355738726137,1.6176380105469115,-0.014604673799207216,0.0,0.0,0.0,0.0,1.0,0.0,0.0,0.0,0.0,0.0,0.0,0.0,0.0,0.0,0.0,0.0,0.0,0.0,1.0,0.0,0.0,0.0,0.0,0.0,0.0,0.0,0.0,1.0,0.0,0.0,0.0,0.0,0.0,0.0,0.0,1.0,1843
-0.3388567421582454,1.7051725598874574,1.50493613028264,-0.6282048119933682,0.19072387003407,0.6106135049214426,1.34396963310287,0.0,0.0,0.0,0.0,0.0,0.0,0.0,0.0,0.0,0.0,0.0,0.0,0.0,1.0,1.0,0.0,0.0,0.0,0.0,0.0,0.0,0.0,0.0,0.0,0.0,0.0,0.0,0.0,0.0,1.0,0.0,0.0,1.0,0.0,0.0,0.0,1836
0.20880807969833362,-1.3207859492688845,0.9332429737510324,0.9746346005380548,1.0809203905458464,0.8623696313278095,1.34396963310287,0.0,0.0,0.0,0.0,0.0,0.0,0.0,0.0,0.0,0.0,1.0,0.0,0.0,0.0,0.0,0.0,0.0,0.0,0.0,0.0,0.0,0.0,1.0,0.0,0.0,0.0,0.0,0.0,0.0,0.0,1.0,0.0,0.0,0.0,0.0,1.0,36297
1.043344951098835,-1.5604658311822581,-0.5236524896682256,1.292438966815837,1.1232267598374956,-1.403435506329495,-0.4221769658698304,0.0,0.0,0.0,0.0,0.0,1.0,0.0,0.0,0.0,0.0,0.0,0.0,0.0,0.0,0.0,0.0,1.0,0.0,0.0,0.0,0.0,0.0,0.0,0.0,0.0,0.0,1.0,0.0,0.0,0.0,0.0,0.0,0.0,1.0,0.0,0.0,1084
1.2519791689489603,1.0760128698648517,0.8779178295705543,-1.2776311256914448,0.5873460821432773,-0.3824245492370061,-0.6938918272502459,1.0,0.0,0.0,0.0,0.0,0.0,0.0,0.0,0.0,0.0,0.0,0.0,0.0,0.0,0.0,0.0,0.0,0.0,1.0,0.0,0.0,0.0,0.0,0.0,0.0,0.0,0.0,0.0,1.0,0.0,0.0,0.0,0.0,0.0,1.0,0.0,1556
0.8868692877112411,-1.4406258902255713,1.117660121019293,-1.5263475862566656,-1.1736565396216028,-1.4174219577965164,0.9363973410322469,0.0,0.0,0.0,0.0,0.0,0.0,0.0,0.0,0.0,0.0,0.0,0.0,0.0,1.0,0.0,0.0,0.0,1.0,0.0,0.0,0.0,0.0,0.0,0.0,0.0,0.0,0.0,0.0,0.0,0.0,1.0,0.0,0.0,1.0,0.0,0.0,2413
0.7043143470923814,0.9561729289081649,0.5828503939413374,1.3891620348134228,0.42340890113813834,-0.35445164630296466,1.479827063793078,0.0,0.0,0.0,0.0,0.0,0.0,0.0,0.0,1.0,0.0,0.0,0.0,0.0,0.0,0.0,0.0,0.0,0.0,0.0,0.0,0.0,0.0,0.0,1.0,0.0,0.0,0.0,0.0,0.0,1.0,0.0,0.0,0.0,0.0,0.0,1.0,797
0.20880807969833362,0.6565730765164478,-0.5236524896682256,0.14557973198731877,0.5538535397873885,1.5756786561458511,1.34396963310287,0.0,0.0,0.0,0.0,0.0,0.0,0.0,0.0,1.0,0.0,0.0,0.0,0.0,0.0,0.0,0.0,0.0,0.0,1.0,0.0,0.0,0.0,0.0,0.0,0.0,0.0,0.0,1.0,0.0,0.0,0.0,1.0,0.0,0.0,0.0,0.0,2148
0.36528374308592765,0.14725332745052888,0.6750589675754677,-0.4209410948556842,1.6291404259501285,-1.55728647246672,0.25711018758120824,0.0,0.0,1.0,0.0,0.0,0.0,0.0,0.0,0.0,0.0,0.0,0.0,0.0,0.0,0.0,0.0,0.0,0.0,0.0,0.0,0.0,0.0,0.0,1.0,0.0,0.0,0.0,0.0,0.0,0.0,1.0,1.0,0.0,0.0,0.0,0.0,1706
-1.5906620492589976,-1.3807059197472278,0.8779178295705543,0.21466763769988012,1.4863564295908136,1.142098660668218,-0.9656066886306613,0.0,1.0,0.0,0.0,0.0,0.0,0.0,0.0,0.0,0.0,0.0,0.0,0.0,0.0,0.0,1.0,0.0,0.0,0.0,0.0,0.0,0.0,0.0,0.0,0.0,0.0,0.0,0.0,0.0,1.0,0.0,0.0,1.0,0.0,0.0,0.0,1391
-0.5214116827771051,1.6152926041699422,-0.26546848349266094,-0.9736443405561749,-1.5262096170520094,-0.7041129329784748,1.6156844944832855,0.0,0.0,0.0,0.0,0.0,0.0,0.0,0.0,0.0,0.0,0.0,1.0,0.0,0.0,0.0,0.0,1.0,0.0,0.0,0.0,0.0,0.0,0.0,0.0,0.0,0.0,1.0,0.0,0.0,0.0,0.0,0.0,1.0,0.0,0.0,0.0,1814
-1.0429972274024184,-1.2908259640297128,-0.41300220130726933,-1.0012795028411994,-0.11776007271753568,-1.291543894593333,1.2081122024126625,0.0,0.0,1.0,0.0,0.0,0.0,0.0,0.0,0.0,0.0,0.0,0.0,0.0,0.0,0.0,0.0,0.0,1.0,0.0,0.0,0.0,0.0,0.0,0.0,0.0,0.0,0.0,0.0,0.0,0.0,1.0,1.0,0.0,0.0,0.0,0.0,1018
1.278058446180226,-0.27218646589787493,1.6893532775509006,-0.25513012114553696,1.2589596946482013,0.8064238254597279,1.2081122024126625,0.0,0.0,0.0,0.0,0.0,0.0,0.0,0.0,0.0,1.0,0.0,0.0,0.0,0.0,0.0,0.0,0.0,0.0,0.0,0.0,0.0,0.0,1.0,0.0,0.0,0.0,0.0,0.0,0.0,0.0,1.0,0.0,0.0,0.0,1.0,0.0,1070
1.0172656738675694,-0.9013461559204806,0.9332429737510324,1.3477092913858861,-0.6271992696044731,-0.1306684228306392,1.34396963310287,0.0,0.0,0.0,0.0,0.0,1.0,0.0,0.0,0.0,0.0,0.0,0.0,0.0,0.0,0.0,0.0,0.0,0.0,0.0,0.0,0.0,0.0,1.0,0.0,0.0,0.0,0.0,0.0,1.0,0.0,0.0,0.0,0.0,1.0,0.0,0.0,2976
-0.8604422867835588,1.2557727812998818,1.3574024124680315,1.55497300852357,-0.7135747735749225,0.05115544624062592,-0.8297492579404536,0.0,0.0,0.0,0.0,1.0,0.0,0.0,0.0,0.0,0.0,0.0,0.0,0.0,0.0,1.0,0.0,0.0,0.0,0.0,0.0,0.0,0.0,0.0,0.0,0.0,0.0,0.0,1.0,0.0,0.0,0.0,0.0,0.0,0.0,0.0,1.0,1329
-1.1994728907900125,-1.0811060673555108,1.2467521241070754,0.1317621508448065,1.4740170718807493,0.20500641237785083,-1.3731789807012846,0.0,0.0,0.0,0.0,0.0,0.0,0.0,0.0,0.0,0.0,1.0,0.0,0.0,0.0,0.0,0.0,0.0,1.0,0.0,0.0,0.0,0.0,0.0,0.0,0.0,0.0,0.0,0.0,0.0,0.0,1.0,1.0,0.0,0.0,0.0,0.0,1509
-0.4692531283145738,0.836332987951478,1.431169271375336,-0.6558399742783927,-0.3698355230802763,-0.8999232535167613,-0.4221769658698304,0.0,0.0,0.0,0.0,1.0,0.0,0.0,0.0,0.0,0.0,0.0,0.0,0.0,0.0,0.0,0.0,1.0,0.0,0.0,0.0,0.0,0.0,0.0,0.0,0.0,0.0,0.0,0.0,1.0,0.0,0.0,0.0,1.0,0.0,0.0,0.0,4422
-0.9126008412460902,-1.0511460821163392,-0.8924867842047467,1.292438966815837,0.9628151096066601,-1.3335032489943932,-1.6448938420817,0.0,0.0,0.0,0.0,0.0,0.0,0.0,0.0,0.0,0.0,1.0,0.0,0.0,0.0,1.0,0.0,0.0,0.0,0.0,0.0,0.0,0.0,0.0,0.0,0.0,0.0,1.0,0.0,0.0,0.0,0.0,0.0,0.0,1.0,0.0,0.0,1716
1.043344951098835,0.3270132388855591,-0.9662536431120509,-1.5816179108267145,1.2430948061638338,-0.634180675643373,-1.5090364113914922,0.0,0.0,0.0,0.0,0.0,0.0,0.0,1.0,0.0,0.0,0.0,0.0,0.0,0.0,0.0,0.0,0.0,0.0,0.0,0.0,0.0,1.0,0.0,0.0,0.0,0.0,0.0,1.0,0.0,0.0,0.0,0.0,1.0,0.0,0.0,0.0,1890
-0.7822044550897618,-0.8414261854421372,0.011157237409729834,-0.6972927177059295,-0.3627844615316683,1.0022341459980144,-0.014604673799207216,0.0,0.0,0.0,0.0,0.0,0.0,1.0,0.0,0.0,0.0,0.0,0.0,0.0,0.0,0.0,0.0,0.0,0.0,0.0,0.0,0.0,0.0,0.0,1.0,0.0,0.0,1.0,0.0,0.0,0.0,0.0,0.0,0.0,0.0,0.0,1.0,57814
1.3041377234114917,0.02741338649384208,1.5971447039167703,1.1542631553907143,0.9698661711552681,1.5477057532118097,0.8005399103420392,0.0,0.0,0.0,0.0,0.0,1.0,0.0,0.0,0.0,0.0,0.0,0.0,0.0,0.0,1.0,0.0,0.0,0.0,0.0,0.0,0.0,0.0,0.0,0.0,0.0,0.0,0.0,1.0,0.0,0.0,0.0,0.0,0.0,1.0,0.0,0.0,1927
0.573917960936053,-0.48190636257207686,1.2283104093802493,0.6844653965452971,-0.44034613856635796,0.16304705797678928,0.9363973410322469,0.0,0.0,0.0,0.0,0.0,0.0,0.0,0.0,1.0,0.0,0.0,0.0,0.0,0.0,0.0,0.0,0.0,0.0,0.0,0.0,0.0,0.0,0.0,1.0,0.0,0.0,1.0,0.0,0.0,0.0,0.0,1.0,0.0,0.0,0.0,0.0,3092
-1.1473143363274811,-0.961266126398824,0.45375839085355507,0.35284344912500276,1.260722460035353,-1.5013406665986384,1.34396963310287,0.0,0.0,0.0,0.0,0.0,0.0,1.0,0.0,0.0,0.0,0.0,0.0,0.0,0.0,0.0,0.0,0.0,0.0,0.0,0.0,0.0,0.0,0.0,0.0,1.0,0.0,0.0,1.0,0.0,0.0,0.0,0.0,0.0,0.0,1.0,0.0,3075
0.44352157477972465,1.4055727074957403,-0.19170162458535672,-1.5539827485416902,1.2254671522923133,-1.6831645356699034,0.8005399103420392,0.0,0.0,0.0,0.0,1.0,0.0,0.0,0.0,0.0,0.0,0.0,0.0,0.0,0.0,0.0,0.0,0.0,0.0,0.0,0.0,0.0,0.0,0.0,0.0,1.0,0.0,0.0,0.0,1.0,0.0,0.0,0.0,1.0,0.0,0.0,0.0,2849
-0.6257287917021678,-1.1110660525946825,0.37999153194625085,-1.2776311256914448,-0.7911364506096121,-0.6761400300444346,0.8005399103420392,0.0,0.0,0.0,1.0,0.0,0.0,0.0,0.0,0.0,0.0,0.0,0.0,0.0,0.0,0.0,0.0,0.0,0.0,0.0,1.0,0.0,0.0,0.0,0.0,0.0,0.0,0.0,1.0,0.0,0.0,0.0,0.0,1.0,0.0,0.0,0.0,1104
-0.05198469261432306,-0.39202640685456175,1.080776691565641,0.15939731312983105,-1.01500765477792,-1.1936387343241897,-1.5090364113914922,0.0,0.0,0.0,0.0,0.0,0.0,0.0,1.0,0.0,0.0,0.0,0.0,0.0,0.0,0.0,0.0,0.0,0.0,0.0,0.0,0.0,0.0,0.0,1.0,0.0,0.0,0.0,0.0,0.0,1.0,0.0,0.0,1.0,0.0,0.0,0.0,6826
0.9129485649425068,-0.062466569223673024,0.9516846884778585,-0.3656707702856351,0.6190758591120138,-0.9418826079178229,0.5288250489616237,1.0,0.0,0.0,0.0,0.0,0.0,0.0,0.0,0.0,0.0,0.0,0.0,0.0,0.0,0.0,0.0,0.0,0.0,0.0,0.0,1.0,0.0,0.0,0.0,0.0,0.0,0.0,0.0,0.0,0.0,1.0,0.0,0.0,0.0,1.0,0.0,2095
-1.5385034947964662,1.555372633691599,-0.5605359191218777,1.4167971970984474,-0.17416856510640077,-0.9139097049837813,-1.1014641193208692,0.0,1.0,0.0,0.0,0.0,0.0,0.0,0.0,0.0,0.0,0.0,0.0,0.0,0.0,0.0,0.0,0.0,0.0,0.0,1.0,0.0,0.0,0.0,0.0,0.0,0.0,1.0,0.0,0.0,0.0,0.0,0.0,0.0,0.0,0.0,1.0,2411
-0.02590541538305739,0.4768131650814176,-1.316646222921746,0.22848521884239237,-0.5549258887312398,0.3029115726469941,-1.5090364113914922,0.0,0.0,0.0,0.0,0.0,0.0,0.0,0.0,0.0,0.0,1.0,0.0,0.0,0.0,0.0,0.0,0.0,0.0,0.0,0.0,1.0,0.0,0.0,0.0,0.0,0.0,0.0,0.0,0.0,0.0,1.0,0.0,0.0,0.0,0.0,1.0,2148
-0.15630180153938575,-1.170986023073026,-1.003137072565703,0.8088236268279076,-0.18827068820361673,-0.7740451903135778,0.39296761827141596,0.0,0.0,0.0,0.0,0.0,0.0,0.0,0.0,0.0,1.0,0.0,0.0,0.0,0.0,0.0,0.0,0.0,0.0,1.0,0.0,0.0,0.0,0.0,0.0,0.0,0.0,0.0,0.0,0.0,1.0,0.0,1.0,0.0,0.0,0.0,0.0,2478
-1.2777107224838096,-0.7815062149637939,1.117660121019293,-1.6921585599668127,-0.34691957304730003,0.7784509225256877,0.6646824796518315,0.0,0.0,0.0,0.0,1.0,0.0,0.0,0.0,0.0,0.0,0.0,0.0,0.0,0.0,0.0,1.0,0.0,0.0,0.0,0.0,0.0,0.0,0.0,0.0,0.0,0.0,0.0,0.0,1.0,0.0,0.0,0.0,0.0,0.0,0.0,1.0,1528
1.3823755551052888,0.6266130912772762,0.08492409631703404,0.781188464542883,0.7530460285355686,1.0162205974650345,-0.28631953517962266,0.0,0.0,0.0,0.0,0.0,0.0,0.0,0.0,0.0,0.0,0.0,1.0,0.0,0.0,0.0,0.0,0.0,0.0,0.0,0.0,0.0,0.0,1.0,0.0,0.0,0.0,0.0,0.0,0.0,1.0,0.0,0.0,0.0,0.0,0.0,1.0,1650
1.043344951098835,0.9561729289081649,-0.6158610633023559,-1.2223608011213958,1.4934074911394215,-1.6132322783348017,1.0722547717224546,0.0,0.0,0.0,0.0,0.0,0.0,0.0,0.0,0.0,0.0,0.0,0.0,0.0,1.0,1.0,0.0,0.0,0.0,0.0,0.0,0.0,0.0,0.0,0.0,0.0,0.0,0.0,0.0,1.0,0.0,0.0,0.0,0.0,0.0,1.0,0.0,1599
-0.6778873461646991,-0.9013461559204806,-1.1875542198339635,0.1732148942723433,-0.4033280654361651,-0.5502619668412512,0.25711018758120824,0.0,0.0,1.0,0.0,0.0,0.0,0.0,0.0,0.0,0.0,0.0,0.0,0.0,0.0,0.0,0.0,0.0,0.0,0.0,0.0,1.0,0.0,0.0,0.0,0.0,0.0,0.0,0.0,0.0,0.0,1.0,1.0,0.0,0.0,0.0,0.0,5047
0.41744229754845896,1.1958528108215385,-0.7818364958437903,-0.9874619216986872,-1.5667532209565063,0.23297931531189228,-0.8297492579404536,0.0,0.0,0.0,0.0,0.0,1.0,0.0,0.0,0.0,0.0,0.0,0.0,0.0,0.0,0.0,0.0,1.0,0.0,0.0,0.0,0.0,0.0,0.0,0.0,0.0,0.0,0.0,0.0,0.0,0.0,1.0,0.0,0.0,1.0,0.0,0.0,2485
1.3823755551052888,-0.5418263330504203,0.7303841117559459,-0.5867520685658314,0.340558927941993,-0.8999232535167613,-0.5580343965600382,0.0,0.0,0.0,0.0,0.0,0.0,0.0,0.0,0.0,0.0,0.0,0.0,0.0,1.0,0.0,0.0,0.0,0.0,0.0,0.0,0.0,1.0,0.0,0.0,0.0,0.0,0.0,0.0,0.0,1.0,0.0,0.0,0.0,1.0,0.0,0.0,1455
1.043344951098835,1.1658928255823668,1.5971447039167703,0.670647815402785,1.2025512022593363,1.0441935003990759,0.8005399103420392,0.0,0.0,0.0,0.0,0.0,0.0,0.0,0.0,0.0,1.0,0.0,0.0,0.0,0.0,0.0,0.0,0.0,0.0,0.0,0.0,0.0,0.0,0.0,0.0,1.0,0.0,0.0,0.0,0.0,0.0,1.0,1.0,0.0,0.0,0.0,0.0,2378
0.7564729015549126,0.8962529584298214,0.7119423970291198,-0.8907388537011013,-1.4609872977273846,-0.2985058404348842,0.6646824796518315,0.0,0.0,0.0,0.0,0.0,0.0,0.0,0.0,0.0,0.0,0.0,0.0,1.0,0.0,0.0,0.0,0.0,0.0,0.0,1.0,0.0,0.0,0.0,0.0,0.0,0.0,0.0,0.0,0.0,1.0,0.0,0.0,0.0,0.0,1.0,0.0,983
1.199820614486429,-1.2908259640297128,-0.43144391603409543,0.8779115325404689,-1.182470366557363,0.05115544624062592,0.9363973410322469,0.0,0.0,0.0,0.0,0.0,0.0,0.0,0.0,0.0,1.0,0.0,0.0,0.0,0.0,0.0,0.0,0.0,0.0,0.0,0.0,0.0,0.0,0.0,1.0,0.0,0.0,0.0,1.0,0.0,0.0,0.0,0.0,1.0,0.0,0.0,0.0,2915
1.6170890501866797,-0.12238653970201642,-0.9478119283852249,0.6153774908327359,-0.8722236584186058,-0.9278961564508015,0.6646824796518315,1.0,0.0,0.0,0.0,0.0,0.0,0.0,0.0,0.0,0.0,0.0,0.0,0.0,0.0,0.0,0.0,0.0,0.0,0.0,0.0,0.0,0.0,0.0,0.0,1.0,0.0,0.0,1.0,0.0,0.0,0.0,0.0,0.0,0.0,1.0,0.0,3012
0.10449097077327096,-0.39202640685456175,1.6524698480972484,0.7535533022578585,0.005633504383106465,1.6595973649479732,-1.6448938420817,0.0,0.0,0.0,0.0,0.0,0.0,0.0,0.0,0.0,0.0,0.0,0.0,0.0,1.0,0.0,0.0,1.0,0.0,0.0,0.0,0.0,0.0,0.0,0.0,0.0,0.0,0.0,0.0,1.0,0.0,0.0,1.0,0.0,0.0,0.0,0.0,2106
-0.13022252430812006,-0.12238653970201642,0.5275252497608592,-0.1998597965754879,1.0086470096726126,1.2260173694703411,-1.3731789807012846,0.0,0.0,0.0,0.0,0.0,0.0,0.0,0.0,0.0,0.0,0.0,0.0,0.0,1.0,0.0,0.0,0.0,1.0,0.0,0.0,0.0,0.0,0.0,0.0,0.0,0.0,0.0,1.0,0.0,0.0,0.0,1.0,0.0,0.0,0.0,0.0,1283
0.7825521787861783,-1.4406258902255713,0.2508995288584685,0.40811377369505186,-1.2688458705278132,1.3379089812065044,-1.1014641193208692,0.0,0.0,0.0,0.0,0.0,0.0,0.0,0.0,0.0,0.0,1.0,0.0,0.0,0.0,0.0,0.0,1.0,0.0,0.0,0.0,0.0,0.0,0.0,0.0,0.0,0.0,0.0,0.0,1.0,0.0,0.0,0.0,1.0,0.0,0.0,0.0,3122
0.28704591139213065,-1.5005458607039146,-1.1137873609266593,0.7397357211153462,0.6807726476623353,0.45676253878421774,-0.4221769658698304,1.0,0.0,0.0,0.0,0.0,0.0,0.0,0.0,0.0,0.0,0.0,0.0,0.0,0.0,0.0,0.0,1.0,0.0,0.0,0.0,0.0,0.0,0.0,0.0,0.0,0.0,0.0,0.0,1.0,0.0,0.0,0.0,1.0,0.0,0.0,0.0,1701
1.591009772955414,0.2670932684072157,-1.6485970880046148,-1.2085432199788835,1.236043744615226,-0.8719503505827199,-1.6448938420817,0.0,0.0,0.0,1.0,0.0,0.0,0.0,0.0,0.0,0.0,0.0,0.0,0.0,0.0,0.0,0.0,1.0,0.0,0.0,0.0,0.0,0.0,0.0,0.0,0.0,0.0,0.0,0.0,0.0,0.0,1.0,0.0,0.0,0.0,1.0,0.0,1515
1.0172656738675694,0.5067731503205893,0.2140160994048164,0.6015599096902235,-0.8916140776772781,-0.8020180932476181,-1.6448938420817,0.0,0.0,0.0,0.0,0.0,0.0,0.0,0.0,1.0,0.0,0.0,0.0,0.0,0.0,0.0,0.0,1.0,0.0,0.0,0.0,0.0,0.0,0.0,0.0,0.0,0.0,0.0,0.0,0.0,1.0,0.0,0.0,0.0,0.0,1.0,0.0,1103
0.5478386837047874,1.3156927517782253,0.12180752577068614,-0.5591169062808069,-1.3041011782708536,1.2120309180033197,-0.28631953517962266,0.0,0.0,0.0,0.0,0.0,0.0,0.0,0.0,0.0,1.0,0.0,0.0,0.0,0.0,0.0,0.0,0.0,0.0,0.0,0.0,0.0,0.0,0.0,0.0,1.0,0.0,0.0,0.0,0.0,1.0,0.0,0.0,1.0,0.0,0.0,0.0,1838
1.0172656738675694,-1.0511460821163392,1.117660121019293,0.0903094074172697,-1.5738042825051148,0.5127083446522994,1.479827063793078,0.0,0.0,0.0,0.0,1.0,0.0,0.0,0.0,0.0,0.0,0.0,0.0,0.0,0.0,0.0,0.0,0.0,0.0,0.0,0.0,0.0,0.0,1.0,0.0,0.0,0.0,0.0,0.0,0.0,1.0,0.0,0.0,0.0,1.0,0.0,0.0,761
-1.4081071086401378,-1.0511460821163392,-1.4641799407363543,0.21466763769988012,0.3282195702319287,1.7155431708160547,-1.3731789807012846,0.0,0.0,0.0,0.0,0.0,0.0,0.0,1.0,0.0,0.0,0.0,0.0,0.0,0.0,0.0,0.0,0.0,0.0,1.0,0.0,0.0,0.0,0.0,0.0,0.0,0.0,0.0,0.0,0.0,0.0,1.0,0.0,0.0,1.0,0.0,0.0,1902
-1.3559485541776066,-0.6017463035287637,0.08492409631703404,0.2561203811274169,1.4493383564606206,-0.2845193889678629,-0.28631953517962266,0.0,0.0,0.0,0.0,0.0,0.0,0.0,0.0,0.0,0.0,0.0,1.0,0.0,0.0,1.0,0.0,0.0,0.0,0.0,0.0,0.0,0.0,0.0,0.0,0.0,0.0,0.0,0.0,0.0,0.0,1.0,0.0,0.0,1.0,0.0,0.0,756
-1.6688998809527946,-1.1110660525946825,0.8779178295705543,-1.3743541936890307,-1.2142001435260996,0.02318254330658571,1.0722547717224546,0.0,0.0,0.0,0.0,0.0,0.0,0.0,0.0,0.0,1.0,0.0,0.0,0.0,0.0,0.0,0.0,0.0,0.0,1.0,0.0,0.0,0.0,0.0,0.0,0.0,0.0,0.0,0.0,0.0,1.0,0.0,1.0,0.0,0.0,0.0,0.0,3321
0.965107119405038,1.555372633691599,-1.0584622167461812,0.18703247541485557,-1.5015309016318814,-0.21458713163276108,0.5288250489616237,0.0,0.0,0.0,0.0,0.0,0.0,1.0,0.0,0.0,0.0,0.0,0.0,0.0,0.0,1.0,0.0,0.0,0.0,0.0,0.0,0.0,0.0,0.0,0.0,0.0,0.0,1.0,0.0,0.0,0.0,0.0,0.0,0.0,0.0,1.0,0.0,2221
1.0172656738675694,-0.5418263330504203,-1.4826216554631804,0.7397357211153462,-0.895139608451582,1.4637870444096879,-0.6938918272502459,0.0,0.0,1.0,0.0,0.0,0.0,0.0,0.0,0.0,0.0,0.0,0.0,0.0,0.0,0.0,0.0,0.0,0.0,0.0,0.0,0.0,0.0,1.0,0.0,0.0,0.0,0.0,0.0,0.0,1.0,0.0,0.0,0.0,1.0,0.0,0.0,2928
1.2519791689489603,-1.3807059197472278,0.2877829583121206,-0.6420223931358805,1.1584820675805356,-0.6761400300444346,0.8005399103420392,0.0,0.0,1.0,0.0,0.0,0.0,0.0,0.0,0.0,0.0,0.0,0.0,0.0,0.0,0.0,0.0,0.0,0.0,0.0,0.0,0.0,0.0,1.0,0.0,0.0,0.0,0.0,0.0,0.0,1.0,0.0,0.0,0.0,1.0,0.0,0.0,1608
-0.9126008412460902,0.08733335697218549,-0.984695357838877,-0.6834751365634173,-0.5637397156670001,0.05115544624062592,1.6156844944832855,0.0,0.0,0.0,0.0,0.0,1.0,0.0,0.0,0.0,0.0,0.0,0.0,0.0,0.0,0.0,0.0,0.0,0.0,0.0,0.0,0.0,0.0,1.0,0.0,0.0,0.0,0.0,0.0,0.0,0.0,1.0,0.0,1.0,0.0,0.0,0.0,2629
-0.23453963323318275,0.6865330617556195,-0.7080696369364862,0.021221501704708365,-0.5196705809881993,1.0162205974650345,-0.014604673799207216,0.0,0.0,0.0,0.0,1.0,0.0,0.0,0.0,0.0,0.0,0.0,0.0,0.0,0.0,0.0,0.0,0.0,1.0,0.0,0.0,0.0,0.0,0.0,0.0,0.0,0.0,0.0,0.0,1.0,0.0,0.0,1.0,0.0,0.0,0.0,0.0,2023
1.043344951098835,-0.03250658398450132,0.8410344001169021,-0.2413125400030247,0.3740514702978812,-1.5153271180656585,-0.5580343965600382,0.0,0.0,0.0,0.0,0.0,0.0,1.0,0.0,0.0,0.0,0.0,0.0,0.0,0.0,0.0,0.0,0.0,0.0,0.0,0.0,0.0,0.0,0.0,0.0,1.0,0.0,0.0,0.0,0.0,1.0,0.0,0.0,1.0,0.0,0.0,0.0,1498
1.6953268818804768,0.8063730027123063,-1.6301553732777887,0.6430126531177603,0.4798173935270034,1.491759947343728,1.6156844944832855,0.0,0.0,0.0,0.0,0.0,1.0,0.0,0.0,0.0,0.0,0.0,0.0,0.0,0.0,0.0,0.0,0.0,1.0,0.0,0.0,0.0,0.0,0.0,0.0,0.0,0.0,0.0,1.0,0.0,0.0,0.0,0.0,1.0,0.0,0.0,0.0,3082
-0.8082837323210275,-0.33210643637621834,-1.7592473763655712,-1.6092530731117392,1.6256148951758238,-1.3614761519284349,0.39296761827141596,0.0,0.0,0.0,0.0,0.0,0.0,0.0,0.0,1.0,0.0,0.0,0.0,0.0,0.0,0.0,0.0,0.0,0.0,0.0,1.0,0.0,0.0,0.0,0.0,0.0,0.0,0.0,0.0,1.0,0.0,0.0,0.0,0.0,0.0,1.0,0.0,1655
0.9390278421737723,0.9561729289081649,0.2140160994048164,1.0160873439655915,-1.586143640215179,-1.0677606711210064,1.0722547717224546,0.0,0.0,0.0,0.0,0.0,1.0,0.0,0.0,0.0,0.0,0.0,0.0,0.0,0.0,0.0,1.0,0.0,0.0,0.0,0.0,0.0,0.0,0.0,0.0,0.0,0.0,0.0,0.0,0.0,1.0,0.0,0.0,0.0,1.0,0.0,0.0,2639
-0.6257287917021678,0.5067731503205893,0.785709255936424,-1.5678003296842025,-0.1618292073963365,-0.9978284137859045,-0.28631953517962266,0.0,0.0,0.0,0.0,0.0,0.0,1.0,0.0,0.0,0.0,0.0,0.0,0.0,0.0,0.0,0.0,0.0,0.0,0.0,0.0,0.0,0.0,0.0,0.0,0.0,1.0,0.0,1.0,0.0,0.0,0.0,0.0,0.0,1.0,0.0,0.0,688
-1.4341863858714035,1.2557727812998818,0.9885681179315106,1.5273378462385454,-0.1494898496862722,0.13507415504274906,-0.6938918272502459,0.0,0.0,0.0,0.0,0.0,0.0,0.0,1.0,0.0,0.0,0.0,0.0,0.0,0.0,0.0,1.0,0.0,0.0,0.0,0.0,0.0,0.0,0.0,0.0,0.0,0.0,0.0,0.0,0.0,1.0,0.0,1.0,0.0,0.0,0.0,0.0,1287
-0.7822044550897618,1.4055727074957403,-1.6485970880046148,0.7673708834003709,1.5797829951098714,-1.375462603395455,-0.4221769658698304,0.0,0.0,0.0,0.0,1.0,0.0,0.0,0.0,0.0,0.0,0.0,0.0,0.0,0.0,0.0,0.0,1.0,0.0,0.0,0.0,0.0,0.0,0.0,0.0,0.0,0.0,1.0,0.0,0.0,0.0,0.0,0.0,1.0,0.0,0.0,0.0,2228
-0.2866981876957141,1.04605288462568,-0.30235191294631303,-0.5038465817107578,0.9540012826709003,-1.0677606711210064,-0.014604673799207216,1.0,0.0,0.0,0.0,0.0,0.0,0.0,0.0,0.0,0.0,0.0,0.0,0.0,0.0,0.0,0.0,0.0,0.0,0.0,1.0,0.0,0.0,0.0,0.0,0.0,0.0,1.0,0.0,0.0,0.0,0.0,0.0,0.0,0.0,0.0,1.0,722
0.10449097077327096,0.11729334221135719,0.9332429737510324,-1.0012795028411994,-1.644314897991196,0.2609522182459325,0.39296761827141596,0.0,0.0,0.0,0.0,0.0,0.0,0.0,0.0,0.0,0.0,0.0,0.0,1.0,0.0,0.0,0.0,0.0,0.0,1.0,0.0,0.0,0.0,0.0,0.0,0.0,0.0,0.0,0.0,0.0,0.0,1.0,0.0,0.0,1.0,0.0,0.0,2025
0.10449097077327096,0.3569732241247308,-0.5974193485755299,0.49101926055012546,-0.8651725968699971,-1.2775574431263117,1.6156844944832855,0.0,1.0,0.0,0.0,0.0,0.0,0.0,0.0,0.0,0.0,0.0,0.0,0.0,0.0,0.0,0.0,0.0,0.0,0.0,0.0,0.0,0.0,0.0,1.0,0.0,0.0,0.0,0.0,0.0,0.0,1.0,0.0,0.0,1.0,0.0,0.0,2015
1.278058446180226,1.4055727074957403,-0.08105133622440043,0.8640939513979566,-0.38217488079034057,1.309936078272463,1.0722547717224546,0.0,0.0,0.0,0.0,0.0,0.0,0.0,0.0,0.0,0.0,0.0,0.0,1.0,0.0,0.0,0.0,0.0,0.0,0.0,0.0,0.0,0.0,1.0,0.0,0.0,0.0,0.0,0.0,0.0,0.0,1.0,0.0,0.0,1.0,0.0,0.0,4399
-0.6778873461646991,1.7650925303658007,1.2098686946534232,-1.498712423971641,0.21716535084135025,0.2469657667789124,-0.014604673799207216,0.0,0.0,0.0,0.0,0.0,0.0,0.0,1.0,0.0,0.0,0.0,0.0,0.0,0.0,0.0,0.0,0.0,0.0,0.0,0.0,0.0,0.0,0.0,1.0,0.0,0.0,0.0,0.0,0.0,1.0,0.0,1.0,0.0,0.0,0.0,0.0,1576
0.18272880246706796,0.2970532536463874,0.39843324667307695,-1.0012795028411994,1.674972326016081,-0.6481671271103944,0.6646824796518315,0.0,0.0,0.0,0.0,0.0,1.0,0.0,0.0,0.0,0.0,0.0,0.0,0.0,0.0,0.0,0.0,0.0,0.0,0.0,1.0,0.0,0.0,0.0,0.0,0.0,0.0,0.0,0.0,0.0,1.0,0.0,0.0,1.0,0.0,0.0,0.0,2051
-1.5906620492589976,1.7051725598874574,-0.8371616400242685,0.5601071662626868,-1.5949574671509388,1.058179951866096,0.9363973410322469,0.0,0.0,0.0,0.0,0.0,0.0,0.0,0.0,0.0,0.0,1.0,0.0,0.0,0.0,0.0,0.0,0.0,0.0,0.0,1.0,0.0,0.0,0.0,0.0,0.0,0.0,0.0,0.0,0.0,1.0,0.0,1.0,0.0,0.0,0.0,0.0,4245
-0.3127774649269798,-0.5118663478112485,-0.7449530663901383,1.0022697628230794,-1.3358309552395902,1.0861528548001362,0.6646824796518315,0.0,0.0,0.0,0.0,0.0,0.0,0.0,0.0,0.0,0.0,0.0,1.0,0.0,0.0,0.0,0.0,0.0,0.0,1.0,0.0,0.0,0.0,0.0,0.0,0.0,0.0,0.0,0.0,1.0,0.0,0.0,0.0,0.0,0.0,0.0,1.0,2263
-1.2516314452525439,0.9861329141473365,-0.5974193485755299,-1.388171774831543,0.8024034593758257,-1.0677606711210064,-1.6448938420817,0.0,0.0,0.0,0.0,0.0,0.0,1.0,0.0,0.0,0.0,0.0,0.0,0.0,0.0,0.0,0.0,0.0,0.0,0.0,0.0,0.0,0.0,0.0,0.0,0.0,1.0,0.0,0.0,0.0,1.0,0.0,0.0,0.0,0.0,1.0,0.0,1861
-1.1473143363274811,-1.5005458607039146,1.2283104093802493,1.5273378462385454,-1.6830957365085404,-0.2705329375008428,1.2081122024126625,0.0,0.0,0.0,0.0,0.0,0.0,0.0,0.0,0.0,0.0,0.0,0.0,0.0,1.0,0.0,0.0,0.0,0.0,0.0,0.0,0.0,0.0,0.0,1.0,0.0,0.0,0.0,0.0,0.0,0.0,1.0,1.0,0.0,0.0,0.0,0.0,3152
-0.10414324707685439,-0.15234652494118814,-1.2613210787412676,-1.0703674085537607,-1.54383727092353,0.3029115726469941,-0.28631953517962266,0.0,0.0,0.0,0.0,0.0,0.0,0.0,0.0,0.0,0.0,0.0,0.0,1.0,0.0,0.0,0.0,0.0,0.0,1.0,0.0,0.0,0.0,0.0,0.0,0.0,0.0,1.0,0.0,0.0,0.0,0.0,0.0,0.0,0.0,0.0,1.0,1222
1.043344951098835,1.7051725598874574,-1.2797627934680937,-0.2136773777180002,1.5621553412383509,-0.1586413257646794,0.5288250489616237,0.0,0.0,0.0,0.0,0.0,1.0,0.0,0.0,0.0,0.0,0.0,0.0,0.0,0.0,0.0,0.0,0.0,0.0,0.0,1.0,0.0,0.0,0.0,0.0,0.0,0.0,0.0,0.0,0.0,1.0,0.0,0.0,0.0,0.0,1.0,0.0,3102
-1.2516314452525439,-0.15234652494118814,-0.4683273454877475,-1.443442099401592,-0.7276768966721391,-1.375462603395455,-0.15046210448941494,0.0,0.0,0.0,0.0,0.0,0.0,0.0,0.0,0.0,0.0,1.0,0.0,0.0,0.0,1.0,0.0,0.0,0.0,0.0,0.0,0.0,0.0,0.0,0.0,0.0,0.0,0.0,1.0,0.0,0.0,0.0,1.0,0.0,0.0,0.0,0.0,824
-0.4170945738520424,0.5067731503205893,0.416874961399903,0.6568302342602726,0.5327003551415646,-1.1237064769890879,1.34396963310287,0.0,0.0,1.0,0.0,0.0,0.0,0.0,0.0,0.0,0.0,0.0,0.0,0.0,0.0,0.0,0.0,0.0,0.0,0.0,0.0,0.0,0.0,0.0,0.0,0.0,1.0,0.0,0.0,0.0,1.0,0.0,1.0,0.0,0.0,0.0,0.0,2373
1.278058446180226,1.4654926779740838,1.50493613028264,1.237168642245788,-1.4662755938888403,-0.3824245492370061,0.9363973410322469,0.0,0.0,0.0,0.0,0.0,0.0,0.0,0.0,0.0,1.0,0.0,0.0,0.0,0.0,0.0,0.0,0.0,0.0,0.0,1.0,0.0,0.0,0.0,0.0,0.0,0.0,0.0,1.0,0.0,0.0,0.0,0.0,0.0,0.0,1.0,0.0,2849
-1.6167413264902633,-0.871386170681309,-0.26546848349266094,1.237168642245788,-0.32047809224001916,0.722505116657606,0.6646824796518315,0.0,0.0,0.0,0.0,0.0,0.0,0.0,0.0,0.0,0.0,1.0,0.0,0.0,0.0,0.0,0.0,0.0,0.0,0.0,0.0,0.0,0.0,1.0,0.0,0.0,0.0,0.0,0.0,0.0,0.0,1.0,0.0,0.0,0.0,0.0,1.0,2153
0.6260765153985843,-0.12238653970201642,-0.48676906021457356,-1.2499959634064202,-1.1331129357171066,1.6036515590798914,1.479827063793078,0.0,0.0,0.0,0.0,1.0,0.0,0.0,0.0,0.0,0.0,0.0,0.0,0.0,0.0,0.0,0.0,0.0,1.0,0.0,0.0,0.0,0.0,0.0,0.0,0.0,0.0,0.0,0.0,0.0,0.0,1.0,0.0,0.0,0.0,1.0,0.0,2350
-1.1473143363274811,0.9861329141473365,-0.13637648040487857,-0.47621141942573325,0.47276633197839546,1.1700715636022594,0.9363973410322469,0.0,0.0,0.0,0.0,0.0,0.0,1.0,0.0,0.0,0.0,0.0,0.0,0.0,0.0,0.0,0.0,1.0,0.0,0.0,0.0,0.0,0.0,0.0,0.0,0.0,0.0,0.0,0.0,1.0,0.0,0.0,0.0,1.0,0.0,0.0,0.0,845
1.2519791689489603,-0.24222648065870322,-0.30235191294631303,-1.3743541936890307,-1.0361608394237447,-0.5502619668412512,0.9363973410322469,0.0,0.0,0.0,0.0,0.0,0.0,0.0,0.0,0.0,0.0,0.0,0.0,1.0,0.0,0.0,0.0,0.0,0.0,0.0,0.0,0.0,0.0,0.0,0.0,0.0,1.0,0.0,0.0,1.0,0.0,0.0,0.0,1.0,0.0,0.0,0.0,1783
-0.3388567421582454,-0.6616662740071071,0.7488258264827719,0.14557973198731877,1.5991734143685437,1.0861528548001362,-1.1014641193208692,0.0,0.0,0.0,0.0,0.0,0.0,0.0,0.0,0.0,1.0,0.0,0.0,0.0,0.0,0.0,0.0,1.0,0.0,0.0,0.0,0.0,0.0,0.0,0.0,0.0,0.0,0.0,1.0,0.0,0.0,0.0,1.0,0.0,0.0,0.0,0.0,2032
-0.8343630095522931,-1.0511460821163392,-1.1322290756534854,-0.31040044571558606,0.41988337036383433,-0.03276326256149596,-0.9656066886306613,0.0,0.0,0.0,0.0,0.0,0.0,1.0,0.0,0.0,0.0,0.0,0.0,0.0,0.0,0.0,0.0,0.0,0.0,0.0,1.0,0.0,0.0,0.0,0.0,0.0,0.0,0.0,1.0,0.0,0.0,0.0,0.0,0.0,0.0,0.0,1.0,1112
1.6953268818804768,0.2970532536463874,-1.6117136585509626,0.8502763702554444,1.5022213180751824,1.3379089812065044,0.9363973410322469,0.0,0.0,0.0,0.0,0.0,0.0,0.0,0.0,0.0,1.0,0.0,0.0,0.0,0.0,0.0,0.0,0.0,0.0,0.0,0.0,0.0,0.0,0.0,0.0,1.0,0.0,0.0,0.0,0.0,0.0,1.0,0.0,1.0,0.0,0.0,0.0,1753
0.8607900104799754,0.11729334221135719,-1.5563885143704845,0.781188464542883,1.2942150023912427,0.6245999563884628,1.0722547717224546,0.0,0.0,0.0,0.0,0.0,0.0,0.0,0.0,1.0,0.0,0.0,0.0,0.0,0.0,0.0,0.0,0.0,1.0,0.0,0.0,0.0,0.0,0.0,0.0,0.0,0.0,0.0,0.0,1.0,0.0,0.0,0.0,1.0,0.0,0.0,0.0,2777
-1.0429972274024184,0.05737337173301378,0.767267541209598,-0.9598267594136626,0.08848347757925179,0.009196091839565603,0.25711018758120824,0.0,1.0,0.0,0.0,0.0,0.0,0.0,0.0,0.0,0.0,0.0,0.0,0.0,0.0,0.0,1.0,0.0,0.0,0.0,0.0,0.0,0.0,0.0,0.0,0.0,0.0,1.0,0.0,0.0,0.0,0.0,0.0,0.0,1.0,0.0,0.0,1737
-0.6778873461646991,-1.4106659049863997,-1.2244376492876157,1.651696076521156,-0.909241731548798,1.5756786561458511,-0.15046210448941494,0.0,0.0,0.0,0.0,1.0,0.0,0.0,0.0,0.0,0.0,0.0,0.0,0.0,0.0,0.0,0.0,0.0,0.0,0.0,0.0,0.0,0.0,0.0,1.0,0.0,0.0,0.0,1.0,0.0,0.0,0.0,0.0,0.0,1.0,0.0,0.0,1005
-1.6688998809527946,-1.3807059197472278,-0.7449530663901383,-0.8492861102735645,0.4939195166242194,-0.6062077727093328,-1.1014641193208692,0.0,0.0,0.0,1.0,0.0,0.0,0.0,0.0,0.0,0.0,0.0,0.0,0.0,0.0,0.0,0.0,1.0,0.0,0.0,0.0,0.0,0.0,0.0,0.0,0.0,0.0,0.0,1.0,0.0,0.0,0.0,1.0,0.0,0.0,0.0,0.0,1264
-1.3037899997150753,-1.2009460083121977,-0.08105133622440043,-0.2136773777180002,-1.3499330783368062,0.7504780195916462,-0.5580343965600382,0.0,0.0,0.0,0.0,0.0,0.0,1.0,0.0,0.0,0.0,0.0,0.0,0.0,0.0,0.0,0.0,0.0,0.0,0.0,0.0,0.0,0.0,0.0,1.0,0.0,0.0,0.0,1.0,0.0,0.0,0.0,0.0,0.0,0.0,1.0,0.0,926
1.3823755551052888,1.2258127960607101,0.34310810249259877,-1.5954354919692268,1.3735394448130833,-0.8020180932476181,-0.5580343965600382,0.0,0.0,0.0,0.0,0.0,0.0,1.0,0.0,0.0,0.0,0.0,0.0,0.0,0.0,0.0,1.0,0.0,0.0,0.0,0.0,0.0,0.0,0.0,0.0,0.0,0.0,0.0,1.0,0.0,0.0,0.0,0.0,0.0,1.0,0.0,0.0,3828
0.7303936243236471,-0.18230651018035982,-0.5236524896682256,-0.0340488228653407,-1.272371401302117,0.8763560827948309,-0.4221769658698304,0.0,0.0,0.0,0.0,0.0,0.0,0.0,1.0,0.0,0.0,0.0,0.0,0.0,0.0,0.0,0.0,0.0,1.0,0.0,0.0,0.0,0.0,0.0,0.0,0.0,0.0,0.0,0.0,1.0,0.0,0.0,0.0,0.0,0.0,0.0,1.0,4108
0.02625313907947395,0.5067731503205893,-0.22858505403900883,0.7121005588303218,-1.260032043592053,0.6245999563884628,-0.8297492579404536,0.0,0.0,0.0,0.0,0.0,0.0,0.0,0.0,0.0,0.0,0.0,0.0,1.0,0.0,0.0,1.0,0.0,0.0,0.0,0.0,0.0,0.0,0.0,0.0,0.0,0.0,0.0,0.0,0.0,0.0,1.0,0.0,1.0,0.0,0.0,0.0,4090
0.13057024800453662,1.4355326927349121,0.39843324667307695,1.0713576685356407,-1.066127851005329,-1.2495845401922714,0.8005399103420392,0.0,0.0,0.0,0.0,0.0,0.0,1.0,0.0,0.0,0.0,0.0,0.0,0.0,0.0,0.0,0.0,0.0,0.0,0.0,1.0,0.0,0.0,0.0,0.0,0.0,0.0,0.0,1.0,0.0,0.0,0.0,0.0,0.0,0.0,1.0,0.0,1299
0.6260765153985843,-1.170986023073026,1.6155864186435964,-1.4710772616866166,-0.37512381924173255,0.12108770357572894,-0.6938918272502459,0.0,0.0,0.0,0.0,0.0,0.0,1.0,0.0,0.0,0.0,0.0,0.0,0.0,0.0,1.0,0.0,0.0,0.0,0.0,0.0,0.0,0.0,0.0,0.0,0.0,0.0,0.0,0.0,0.0,0.0,1.0,0.0,0.0,1.0,0.0,0.0,676
-0.7039666233959648,-0.5717863182895919,0.3615498172194248,1.610243333093619,0.508021639721436,0.3168980241140142,-1.1014641193208692,0.0,0.0,0.0,0.0,0.0,0.0,1.0,0.0,0.0,0.0,0.0,0.0,0.0,0.0,0.0,0.0,0.0,0.0,0.0,1.0,0.0,0.0,0.0,0.0,0.0,0.0,0.0,0.0,1.0,0.0,0.0,0.0,0.0,0.0,1.0,0.0,2035
-0.07806396984558873,-0.9013461559204806,0.8410344001169021,-0.8354685291310522,0.05146540444905959,-1.2775574431263117,1.0722547717224546,0.0,1.0,0.0,0.0,0.0,0.0,0.0,0.0,0.0,0.0,0.0,0.0,0.0,0.0,1.0,0.0,0.0,0.0,0.0,0.0,0.0,0.0,0.0,0.0,0.0,0.0,1.0,0.0,0.0,0.0,0.0,0.0,0.0,0.0,1.0,0.0,1159
-0.1823810787706514,-1.2608659787905412,0.2508995288584685,1.1266279931056897,1.1020735751916704,0.42878963585017754,1.2081122024126625,0.0,0.0,0.0,0.0,1.0,0.0,0.0,0.0,0.0,0.0,0.0,0.0,0.0,0.0,0.0,0.0,0.0,0.0,1.0,0.0,0.0,0.0,0.0,0.0,0.0,0.0,0.0,0.0,0.0,1.0,0.0,0.0,1.0,0.0,0.0,0.0,6034
1.4866926640303515,0.8662929731906497,-0.9293702136583988,-0.25513012114553696,0.17662174693685342,0.3308844755810343,-0.6938918272502459,0.0,0.0,0.0,1.0,0.0,0.0,0.0,0.0,0.0,0.0,0.0,0.0,0.0,0.0,0.0,0.0,0.0,0.0,0.0,0.0,0.0,0.0,1.0,0.0,0.0,0.0,0.0,0.0,0.0,1.0,0.0,0.0,0.0,0.0,1.0,0.0,2947
1.591009772955414,1.7650925303658007,-0.17325990985853068,-1.4158069371165674,-1.6531287249269562,-1.4174219577965164,-1.5090364113914922,0.0,0.0,0.0,1.0,0.0,0.0,0.0,0.0,0.0,0.0,0.0,0.0,0.0,0.0,0.0,0.0,0.0,1.0,0.0,0.0,0.0,0.0,0.0,0.0,0.0,0.0,0.0,0.0,1.0,0.0,0.0,0.0,0.0,0.0,0.0,1.0,1537
1.3823755551052888,0.5666931207989327,-1.316646222921746,1.0575400873931284,-0.6871332927676422,1.477773495876708,-0.15046210448941494,0.0,0.0,0.0,0.0,0.0,1.0,0.0,0.0,0.0,0.0,0.0,0.0,0.0,0.0,0.0,0.0,0.0,0.0,1.0,0.0,0.0,0.0,0.0,0.0,0.0,0.0,0.0,0.0,1.0,0.0,0.0,0.0,0.0,0.0,0.0,1.0,509
-0.8865215640148245,0.08733335697218549,0.34310810249259877,0.32520828683997827,0.7724364477942408,-1.3055303460603531,-0.15046210448941494,0.0,0.0,0.0,0.0,0.0,0.0,0.0,0.0,0.0,0.0,1.0,0.0,0.0,0.0,0.0,0.0,0.0,1.0,0.0,0.0,0.0,0.0,0.0,0.0,0.0,0.0,0.0,0.0,0.0,1.0,0.0,0.0,0.0,1.0,0.0,0.0,1963
1.0955035055613664,1.4055727074957403,0.1033658110438601,-0.43475867599819645,-0.3857004115646445,0.5966270534544226,-1.6448938420817,1.0,0.0,0.0,0.0,0.0,0.0,0.0,0.0,0.0,0.0,0.0,0.0,0.0,0.0,0.0,0.0,0.0,0.0,0.0,0.0,0.0,1.0,0.0,0.0,0.0,0.0,0.0,1.0,0.0,0.0,0.0,0.0,0.0,0.0,1.0,0.0,4146
1.5388512184928829,-1.6503457868997733,-0.4498856307609215,1.3338917102433738,-1.0960948625869138,1.4358141414756465,-1.1014641193208692,0.0,0.0,0.0,0.0,0.0,0.0,0.0,1.0,0.0,0.0,0.0,0.0,0.0,0.0,0.0,0.0,0.0,0.0,0.0,0.0,0.0,0.0,0.0,1.0,0.0,0.0,0.0,0.0,0.0,0.0,1.0,1.0,0.0,0.0,0.0,0.0,2377
-0.9908386729398871,-1.3807059197472278,-1.5748302290973106,1.6378784953786436,0.07790688525633982,-1.1237064769890879,1.2081122024126625,0.0,0.0,0.0,1.0,0.0,0.0,0.0,0.0,0.0,0.0,0.0,0.0,0.0,0.0,0.0,0.0,0.0,0.0,0.0,1.0,0.0,0.0,0.0,0.0,0.0,0.0,0.0,1.0,0.0,0.0,0.0,0.0,0.0,0.0,1.0,0.0,740
-0.9386801184773558,0.6865330617556195,-0.9478119283852249,1.1128104119631774,-1.30938947443231,-0.41039745217104634,0.5288250489616237,0.0,0.0,0.0,0.0,0.0,1.0,0.0,0.0,0.0,0.0,0.0,0.0,0.0,0.0,0.0,0.0,0.0,0.0,0.0,0.0,0.0,0.0,0.0,0.0,0.0,1.0,0.0,0.0,1.0,0.0,0.0,0.0,1.0,0.0,0.0,0.0,991
0.7564729015549126,1.525412648452427,1.2467521241070754,0.10412698855978197,1.3682511486516282,0.45676253878421774,0.5288250489616237,0.0,0.0,0.0,0.0,0.0,0.0,0.0,0.0,0.0,1.0,0.0,0.0,0.0,0.0,0.0,1.0,0.0,0.0,0.0,0.0,0.0,0.0,0.0,0.0,0.0,0.0,0.0,1.0,0.0,0.0,0.0,0.0,0.0,1.0,0.0,0.0,5942
0.33920446585466196,1.1059728551040233,1.2651938388339012,1.1818983176757387,-0.057826049554366606,0.568654150520381,-1.2373215500110768,0.0,0.0,0.0,0.0,0.0,0.0,0.0,0.0,0.0,0.0,1.0,0.0,0.0,0.0,0.0,0.0,0.0,0.0,0.0,1.0,0.0,0.0,0.0,0.0,0.0,0.0,0.0,0.0,1.0,0.0,0.0,0.0,0.0,1.0,0.0,0.0,1280
0.10449097077327096,-0.45194637733290516,1.3942858419216837,-1.1118201519812976,-0.7629322044151796,1.4218276900086262,-0.4221769658698304,0.0,0.0,0.0,0.0,0.0,0.0,0.0,0.0,0.0,1.0,0.0,0.0,0.0,0.0,0.0,1.0,0.0,0.0,0.0,0.0,0.0,0.0,0.0,0.0,0.0,0.0,0.0,1.0,0.0,0.0,0.0,0.0,1.0,0.0,0.0,0.0,1373
-0.9386801184773558,-0.24222648065870322,-1.1691125051071374,0.6153774908327359,0.9980704173497011,-0.08870906842957764,1.479827063793078,0.0,0.0,0.0,0.0,1.0,0.0,0.0,0.0,0.0,0.0,0.0,0.0,0.0,0.0,0.0,0.0,0.0,0.0,0.0,0.0,0.0,0.0,0.0,1.0,0.0,0.0,1.0,0.0,0.0,0.0,0.0,0.0,0.0,1.0,0.0,0.0,3836
0.9129485649425068,-0.9313061411596524,0.7303841117559459,-0.1169543097204143,-0.24996747675393813,-1.3335032489943932,-1.2373215500110768,0.0,0.0,0.0,0.0,0.0,0.0,0.0,0.0,0.0,0.0,1.0,0.0,0.0,0.0,0.0,0.0,0.0,0.0,0.0,0.0,1.0,0.0,0.0,0.0,0.0,0.0,0.0,0.0,1.0,0.0,0.0,0.0,1.0,0.0,0.0,0.0,3517
-0.49533240554583946,-0.21226649541953152,0.8779178295705543,1.0713576685356407,1.1884490791621205,-0.39641100070402624,0.12125275689100051,1.0,0.0,0.0,0.0,0.0,0.0,0.0,0.0,0.0,0.0,0.0,0.0,0.0,0.0,0.0,0.0,1.0,0.0,0.0,0.0,0.0,0.0,0.0,0.0,0.0,0.0,0.0,0.0,0.0,0.0,1.0,0.0,0.0,0.0,0.0,1.0,1810
1.356296277874023,1.2258127960607101,-0.3945604865804433,0.3390258679824905,1.6291404259501285,-0.368438097769986,0.12125275689100051,0.0,0.0,0.0,0.0,1.0,0.0,0.0,0.0,0.0,0.0,0.0,0.0,0.0,0.0,0.0,0.0,0.0,0.0,0.0,0.0,0.0,1.0,0.0,0.0,0.0,0.0,0.0,0.0,0.0,1.0,0.0,0.0,0.0,0.0,0.0,1.0,43086
-0.6518080689334335,1.345652737017397,0.9332429737510324,0.021221501704708365,0.6790098822751829,0.8763560827948309,-0.8297492579404536,0.0,0.0,0.0,1.0,0.0,0.0,0.0,0.0,0.0,0.0,0.0,0.0,0.0,0.0,0.0,0.0,0.0,0.0,0.0,0.0,0.0,0.0,0.0,0.0,1.0,0.0,0.0,0.0,0.0,0.0,1.0,1.0,0.0,0.0,0.0,0.0,807
0.10449097077327096,-1.2608659787905412,0.2140160994048164,-1.498712423971641,-0.19003345359076904,-0.43837035510508776,-0.5580343965600382,0.0,0.0,0.0,0.0,0.0,0.0,0.0,0.0,0.0,0.0,0.0,0.0,0.0,1.0,0.0,0.0,0.0,0.0,0.0,0.0,0.0,0.0,0.0,0.0,1.0,0.0,0.0,0.0,1.0,0.0,0.0,1.0,0.0,0.0,0.0,0.0,79875
0.5999972381673186,1.7051725598874574,-0.8002782105706164,-0.3656707702856351,1.4722543064935976,-0.6062077727093328,1.2081122024126625,0.0,0.0,0.0,0.0,0.0,1.0,0.0,0.0,0.0,0.0,0.0,0.0,0.0,0.0,0.0,0.0,0.0,0.0,1.0,0.0,0.0,0.0,0.0,0.0,0.0,0.0,0.0,0.0,0.0,0.0,1.0,0.0,0.0,0.0,0.0,1.0,1876
-0.5214116827771051,0.7164930469947912,-0.652744492756008,-0.7525630422759786,1.199025671485033,-0.5083026124401896,-0.15046210448941494,0.0,0.0,0.0,1.0,0.0,0.0,0.0,0.0,0.0,0.0,0.0,0.0,0.0,0.0,0.0,1.0,0.0,0.0,0.0,0.0,0.0,0.0,0.0,0.0,0.0,0.0,0.0,1.0,0.0,0.0,0.0,1.0,0.0,0.0,0.0,0.0,3363
-1.2516314452525439,0.3569732241247308,-1.4088547965558762,-1.0703674085537607,1.4652032449449897,1.0441935003990759,-0.28631953517962266,0.0,0.0,0.0,0.0,0.0,0.0,1.0,0.0,0.0,0.0,0.0,0.0,0.0,0.0,0.0,0.0,0.0,0.0,0.0,1.0,0.0,0.0,0.0,0.0,0.0,0.0,0.0,0.0,1.0,0.0,0.0,0.0,0.0,1.0,0.0,0.0,2688
-0.10414324707685439,-1.0811060673555108,-0.5974193485755299,1.596425751951107,1.2166533253565524,0.8763560827948309,0.9363973410322469,0.0,0.0,0.0,1.0,0.0,0.0,0.0,0.0,0.0,0.0,0.0,0.0,0.0,0.0,0.0,0.0,0.0,0.0,0.0,0.0,0.0,0.0,0.0,1.0,0.0,0.0,0.0,0.0,0.0,1.0,0.0,0.0,1.0,0.0,0.0,0.0,794
-0.10414324707685439,-0.5717863182895919,0.2877829583121206,0.5462895851201746,-0.057826049554366606,0.7085186651905859,1.34396963310287,0.0,0.0,0.0,0.0,0.0,0.0,0.0,0.0,0.0,0.0,0.0,0.0,1.0,0.0,0.0,0.0,0.0,0.0,0.0,0.0,1.0,0.0,0.0,0.0,0.0,0.0,0.0,0.0,0.0,1.0,0.0,0.0,0.0,0.0,0.0,1.0,1080
1.1476620600238978,1.5853326189307706,0.80415097066325,-0.6143872308508559,-0.514382284826743,1.7714889766841364,0.5288250489616237,0.0,0.0,0.0,0.0,0.0,0.0,0.0,0.0,0.0,1.0,0.0,0.0,0.0,0.0,0.0,0.0,0.0,0.0,0.0,0.0,0.0,0.0,1.0,0.0,0.0,0.0,1.0,0.0,0.0,0.0,0.0,1.0,0.0,0.0,0.0,0.0,2064
-0.4431738510833081,1.3756127222565686,0.2877829583121206,-1.3605366125465184,0.7054513630824631,1.5756786561458511,-0.15046210448941494,0.0,0.0,0.0,1.0,0.0,0.0,0.0,0.0,0.0,0.0,0.0,0.0,0.0,0.0,0.0,0.0,0.0,0.0,1.0,0.0,0.0,0.0,0.0,0.0,0.0,0.0,0.0,0.0,1.0,0.0,0.0,0.0,1.0,0.0,0.0,0.0,1539
-1.0169179501711527,1.645252589409114,0.5828503939413374,-1.6230706542542515,1.5022213180751824,1.5756786561458511,0.6646824796518315,0.0,0.0,0.0,0.0,0.0,0.0,0.0,0.0,1.0,0.0,0.0,0.0,0.0,0.0,0.0,1.0,0.0,0.0,0.0,0.0,0.0,0.0,0.0,0.0,0.0,0.0,1.0,0.0,0.0,0.0,0.0,0.0,0.0,1.0,0.0,0.0,3742
0.5217594064735217,-0.24222648065870322,-1.2797627934680937,-1.1394553142663222,-1.3481703129496545,0.17703350944381063,-0.4221769658698304,0.0,0.0,0.0,0.0,0.0,0.0,0.0,0.0,0.0,0.0,0.0,0.0,1.0,0.0,0.0,0.0,1.0,0.0,0.0,0.0,0.0,0.0,0.0,0.0,0.0,0.0,0.0,0.0,0.0,0.0,1.0,0.0,1.0,0.0,0.0,0.0,2091
-0.4692531283145738,1.1658928255823668,0.80415097066325,-0.8631036914160768,-0.38746317695179683,0.09311480064168749,-0.5580343965600382,0.0,0.0,0.0,0.0,0.0,0.0,0.0,0.0,1.0,0.0,0.0,0.0,0.0,0.0,0.0,0.0,0.0,0.0,0.0,0.0,0.0,0.0,0.0,0.0,1.0,0.0,0.0,0.0,0.0,0.0,1.0,1.0,0.0,0.0,0.0,0.0,916
0.7564729015549126,-0.7215862444854505,1.6709115628240745,-0.3794883514281474,-0.4103791269847731,1.309936078272463,-0.6938918272502459,0.0,0.0,0.0,1.0,0.0,0.0,0.0,0.0,0.0,0.0,0.0,0.0,0.0,0.0,1.0,0.0,0.0,0.0,0.0,0.0,0.0,0.0,0.0,0.0,0.0,0.0,1.0,0.0,0.0,0.0,0.0,0.0,1.0,0.0,0.0,0.0,1634
-0.7300459006272305,-0.871386170681309,-1.2428793640144418,-1.1947256388363712,0.20306322774413427,1.1141257577341777,-0.4221769658698304,0.0,0.0,0.0,0.0,0.0,0.0,0.0,0.0,1.0,0.0,0.0,0.0,0.0,0.0,1.0,0.0,0.0,0.0,0.0,0.0,0.0,0.0,0.0,0.0,0.0,0.0,1.0,0.0,0.0,0.0,0.0,0.0,0.0,0.0,0.0,1.0,2048
0.7303936243236471,-0.7815062149637939,-0.3945604865804433,0.4772016794076132,1.7349063491792507,-0.3124922919019043,-0.5580343965600382,0.0,0.0,0.0,0.0,0.0,1.0,0.0,0.0,0.0,0.0,0.0,0.0,0.0,0.0,0.0,0.0,1.0,0.0,0.0,0.0,0.0,0.0,0.0,0.0,0.0,0.0,1.0,0.0,0.0,0.0,0.0,0.0,0.0,0.0,0.0,1.0,1596
1.4084548323365544,-0.9912261116379958,1.4496109861021618,-0.0755015662928775,-1.6548914903141079,-0.620194224176353,-0.4221769658698304,0.0,0.0,0.0,0.0,0.0,0.0,0.0,0.0,1.0,0.0,0.0,0.0,0.0,0.0,0.0,0.0,1.0,0.0,0.0,0.0,0.0,0.0,0.0,0.0,0.0,0.0,0.0,0.0,0.0,0.0,1.0,1.0,0.0,0.0,0.0,0.0,4587
-0.7300459006272305,-0.45194637733290516,1.50493613028264,-1.2499959634064202,-0.5284844079239596,-0.2845193889678629,-0.014604673799207216,0.0,0.0,0.0,0.0,0.0,0.0,0.0,0.0,0.0,0.0,0.0,1.0,0.0,0.0,1.0,0.0,0.0,0.0,0.0,0.0,0.0,0.0,0.0,0.0,0.0,0.0,0.0,0.0,0.0,1.0,0.0,0.0,0.0,0.0,0.0,1.0,1965
-0.07806396984558873,-0.36206642161539004,1.5602612744631181,-1.388171774831543,-0.5020429271166787,0.554667699053361,-1.6448938420817,0.0,0.0,0.0,0.0,0.0,0.0,0.0,0.0,0.0,0.0,0.0,1.0,0.0,0.0,0.0,0.0,0.0,0.0,0.0,0.0,0.0,0.0,0.0,1.0,0.0,0.0,0.0,0.0,0.0,1.0,0.0,1.0,0.0,0.0,0.0,0.0,869
0.8347107332487097,-1.3207859492688845,1.117660121019293,-1.4296245182590797,-0.8810374853543661,0.5406812475863408,-0.5580343965600382,0.0,0.0,0.0,0.0,0.0,0.0,1.0,0.0,0.0,0.0,0.0,0.0,0.0,0.0,0.0,0.0,0.0,1.0,0.0,0.0,0.0,0.0,0.0,0.0,0.0,0.0,0.0,0.0,1.0,0.0,0.0,0.0,0.0,0.0,1.0,0.0,1532
1.591009772955414,-1.3207859492688845,0.6566172528486416,0.1732148942723433,-1.0432119009723528,-0.5502619668412512,1.479827063793078,0.0,0.0,0.0,0.0,1.0,0.0,0.0,0.0,0.0,0.0,0.0,0.0,0.0,0.0,0.0,0.0,0.0,0.0,1.0,0.0,0.0,0.0,0.0,0.0,0.0,0.0,0.0,0.0,0.0,0.0,1.0,0.0,0.0,0.0,0.0,1.0,4626
-0.15630180153938575,0.536733135559761,0.3062246730389467,-1.1256377331238099,1.6873116837261453,1.309936078272463,-0.5580343965600382,0.0,0.0,0.0,0.0,0.0,1.0,0.0,0.0,0.0,0.0,0.0,0.0,0.0,0.0,0.0,0.0,0.0,0.0,0.0,1.0,0.0,0.0,0.0,0.0,0.0,0.0,0.0,0.0,0.0,0.0,1.0,0.0,0.0,1.0,0.0,0.0,2729
0.02625313907947395,-1.5604658311822581,-0.43144391603409543,-1.7336113033943497,-0.5707907772156081,0.8903425342618511,0.25711018758120824,0.0,0.0,1.0,0.0,0.0,0.0,0.0,0.0,0.0,0.0,0.0,0.0,0.0,0.0,0.0,0.0,1.0,0.0,0.0,0.0,0.0,0.0,0.0,0.0,0.0,0.0,0.0,1.0,0.0,0.0,0.0,0.0,0.0,0.0,0.0,1.0,2524
-0.2866981876957141,-1.1110660525946825,-0.652744492756008,0.4772016794076132,0.9786799980910289,-1.2635709916592914,-0.9656066886306613,0.0,0.0,0.0,0.0,1.0,0.0,0.0,0.0,0.0,0.0,0.0,0.0,0.0,0.0,0.0,1.0,0.0,0.0,0.0,0.0,0.0,0.0,0.0,0.0,0.0,0.0,0.0,0.0,1.0,0.0,0.0,0.0,1.0,0.0,0.0,0.0,2076
-0.3649360193895111,-1.3207859492688845,-1.722363946911919,0.11794456970229424,1.033325725092741,-1.1516793799231282,-0.5580343965600382,0.0,0.0,1.0,0.0,0.0,0.0,0.0,0.0,0.0,0.0,0.0,0.0,0.0,0.0,0.0,1.0,0.0,0.0,0.0,0.0,0.0,0.0,0.0,0.0,0.0,0.0,0.0,1.0,0.0,0.0,0.0,0.0,0.0,0.0,0.0,1.0,2557
-0.02590541538305739,-0.5118663478112485,0.37999153194625085,-0.2136773777180002,0.5062588743342836,-0.634180675643373,-0.9656066886306613,0.0,0.0,0.0,0.0,0.0,0.0,0.0,0.0,0.0,0.0,0.0,0.0,0.0,1.0,0.0,0.0,0.0,0.0,0.0,0.0,0.0,0.0,1.0,0.0,0.0,0.0,0.0,1.0,0.0,0.0,0.0,0.0,1.0,0.0,0.0,0.0,1451
-0.5474909600083707,-1.6203858016606014,0.08492409631703404,-1.705976141109325,-0.88456301612867,-0.7460722873795363,1.479827063793078,0.0,0.0,0.0,0.0,0.0,0.0,0.0,0.0,1.0,0.0,0.0,0.0,0.0,0.0,0.0,0.0,1.0,0.0,0.0,0.0,0.0,0.0,0.0,0.0,0.0,0.0,1.0,0.0,0.0,0.0,0.0,1.0,0.0,0.0,0.0,0.0,3571
-0.7039666233959648,1.4654926779740838,-0.33923534239996517,-1.5263475862566656,1.7313808184049462,-1.473367763664598,1.34396963310287,0.0,0.0,0.0,0.0,1.0,0.0,0.0,0.0,0.0,0.0,0.0,0.0,0.0,0.0,0.0,0.0,0.0,0.0,0.0,0.0,0.0,0.0,0.0,1.0,0.0,0.0,1.0,0.0,0.0,0.0,0.0,1.0,0.0,0.0,0.0,0.0,875
-0.9647593957086215,-0.6616662740071071,1.3020772682875534,-0.5176641628532701,-0.6377758619273851,0.45676253878421774,0.39296761827141596,0.0,0.0,0.0,0.0,0.0,0.0,0.0,0.0,0.0,1.0,0.0,0.0,0.0,0.0,0.0,0.0,0.0,1.0,0.0,0.0,0.0,0.0,0.0,0.0,0.0,0.0,0.0,0.0,0.0,1.0,0.0,1.0,0.0,0.0,0.0,0.0,1463
0.9911863966363037,0.8662929731906497,0.1033658110438601,-0.5452993251382946,0.9011183210563387,0.722505116657606,0.25711018758120824,0.0,0.0,0.0,0.0,0.0,1.0,0.0,0.0,0.0,0.0,0.0,0.0,0.0,0.0,0.0,0.0,0.0,0.0,0.0,0.0,0.0,0.0,0.0,0.0,1.0,0.0,0.0,0.0,0.0,1.0,0.0,0.0,0.0,0.0,0.0,1.0,1979
1.6170890501866797,1.5853326189307706,1.5971447039167703,0.6568302342602726,-1.386951151466999,1.0721664033331162,1.6156844944832855,0.0,0.0,0.0,0.0,0.0,0.0,0.0,0.0,0.0,0.0,0.0,0.0,0.0,1.0,0.0,0.0,1.0,0.0,0.0,0.0,0.0,0.0,0.0,0.0,0.0,0.0,1.0,0.0,0.0,0.0,0.0,1.0,0.0,0.0,0.0,0.0,1344
-0.1823810787706514,0.3569732241247308,0.5828503939413374,1.3615268725283982,0.7971151632143694,-0.060736165495536176,0.9363973410322469,0.0,0.0,0.0,0.0,0.0,0.0,1.0,0.0,0.0,0.0,0.0,0.0,0.0,0.0,0.0,0.0,0.0,0.0,0.0,0.0,0.0,0.0,0.0,0.0,0.0,1.0,0.0,0.0,1.0,0.0,0.0,0.0,1.0,0.0,0.0,0.0,1093
0.26096663416086496,1.0760128698648517,-0.9109284989315728,-0.7940157857035154,-0.9868034085834877,-0.9139097049837813,-1.3731789807012846,0.0,0.0,0.0,0.0,0.0,0.0,0.0,0.0,0.0,1.0,0.0,0.0,0.0,0.0,1.0,0.0,0.0,0.0,0.0,0.0,0.0,0.0,0.0,0.0,0.0,0.0,0.0,1.0,0.0,0.0,0.0,0.0,0.0,1.0,0.0,0.0,2163
-1.6688998809527946,-0.15234652494118814,-0.33923534239996517,-1.5401651673991779,1.2113650291950973,-0.004790359627454505,-0.28631953517962266,0.0,1.0,0.0,0.0,0.0,0.0,0.0,0.0,0.0,0.0,0.0,0.0,0.0,0.0,0.0,0.0,0.0,0.0,0.0,0.0,0.0,0.0,0.0,0.0,0.0,1.0,0.0,0.0,1.0,0.0,0.0,0.0,0.0,0.0,1.0,0.0,2912
-0.9908386729398871,1.345652737017397,1.50493613028264,0.2975731245549537,0.26299725090730336,1.645610913480953,1.6156844944832855,0.0,0.0,0.0,1.0,0.0,0.0,0.0,0.0,0.0,0.0,0.0,0.0,0.0,0.0,0.0,0.0,0.0,0.0,0.0,0.0,0.0,0.0,0.0,0.0,1.0,0.0,0.0,0.0,1.0,0.0,0.0,0.0,0.0,0.0,1.0,0.0,2217
0.495680129242256,-1.4106659049863997,-0.17325990985853068,-1.4158069371165674,-0.11776007271753568,-1.7111374386039448,-1.2373215500110768,0.0,1.0,0.0,0.0,0.0,0.0,0.0,0.0,0.0,0.0,0.0,0.0,0.0,0.0,0.0,0.0,0.0,0.0,0.0,0.0,0.0,0.0,0.0,1.0,0.0,0.0,0.0,0.0,0.0,0.0,1.0,1.0,0.0,0.0,0.0,0.0,61277
-0.2606189104644484,0.4768131650814176,-0.24702676876583488,-0.4071235137131719,-0.6888960581547939,-1.5852593754007613,-0.9656066886306613,0.0,0.0,0.0,0.0,0.0,0.0,0.0,0.0,0.0,0.0,1.0,0.0,0.0,0.0,0.0,0.0,1.0,0.0,0.0,0.0,0.0,0.0,0.0,0.0,0.0,0.0,0.0,0.0,0.0,0.0,1.0,0.0,0.0,0.0,1.0,0.0,1376
-0.8082837323210275,1.4954526632132554,-1.2428793640144418,1.292438966815837,1.3277075447471307,0.5406812475863408,0.9363973410322469,0.0,0.0,0.0,1.0,0.0,0.0,0.0,0.0,0.0,0.0,0.0,0.0,0.0,0.0,0.0,0.0,0.0,0.0,0.0,0.0,0.0,0.0,0.0,0.0,0.0,1.0,0.0,1.0,0.0,0.0,0.0,0.0,0.0,1.0,0.0,0.0,3820
-1.2777107224838096,0.2670932684072157,-1.7592473763655712,0.39429619255253956,0.30354085481180015,0.35885737851507576,0.12125275689100051,0.0,0.0,0.0,0.0,0.0,0.0,0.0,0.0,0.0,1.0,0.0,0.0,0.0,0.0,0.0,0.0,0.0,0.0,0.0,0.0,0.0,0.0,0.0,1.0,0.0,0.0,0.0,0.0,1.0,0.0,0.0,0.0,1.0,0.0,0.0,0.0,5835
-1.4081071086401378,-0.961266126398824,-0.48676906021457356,1.085175249678153,-1.489191543921817,-0.8859368020497411,-0.9656066886306613,0.0,0.0,0.0,0.0,0.0,0.0,0.0,0.0,0.0,0.0,0.0,1.0,0.0,0.0,1.0,0.0,0.0,0.0,0.0,0.0,0.0,0.0,0.0,0.0,0.0,0.0,0.0,1.0,0.0,0.0,0.0,0.0,0.0,0.0,1.0,0.0,728
1.199820614486429,-1.2009460083121977,-1.39041308182905,-0.29658286457307376,-0.6007577887971923,1.0861528548001362,1.479827063793078,0.0,0.0,0.0,0.0,0.0,0.0,0.0,0.0,0.0,0.0,0.0,0.0,1.0,0.0,0.0,0.0,0.0,0.0,0.0,0.0,0.0,1.0,0.0,0.0,0.0,0.0,1.0,0.0,0.0,0.0,0.0,0.0,0.0,1.0,0.0,0.0,4917
0.65215579262985,-0.961266126398824,-0.3945604865804433,-0.17222463429046336,1.6732095606289292,-0.5782348697752914,-1.1014641193208692,0.0,0.0,0.0,0.0,0.0,0.0,1.0,0.0,0.0,0.0,0.0,0.0,0.0,0.0,0.0,0.0,0.0,0.0,0.0,0.0,1.0,0.0,0.0,0.0,0.0,0.0,0.0,1.0,0.0,0.0,0.0,0.0,0.0,0.0,0.0,1.0,8213
-0.7822044550897618,1.6152926041699422,1.50493613028264,-0.876921272558589,-0.6483524542502977,1.323922529739483,0.39296761827141596,0.0,0.0,0.0,0.0,0.0,0.0,0.0,1.0,0.0,0.0,0.0,0.0,0.0,0.0,0.0,0.0,0.0,1.0,0.0,0.0,0.0,0.0,0.0,0.0,0.0,0.0,1.0,0.0,0.0,0.0,0.0,0.0,1.0,0.0,0.0,0.0,2580
-1.3037899997150753,0.9861329141473365,1.3758441271948576,1.0299049251081038,-1.473326655437449,-0.3124922919019043,-0.014604673799207216,0.0,0.0,0.0,0.0,0.0,0.0,0.0,0.0,0.0,0.0,0.0,1.0,0.0,0.0,0.0,0.0,0.0,0.0,0.0,0.0,0.0,0.0,1.0,0.0,0.0,0.0,0.0,0.0,0.0,1.0,0.0,0.0,0.0,0.0,0.0,1.0,631
1.0172656738675694,1.7051725598874574,-1.0400205020193551,-0.35185318914312286,-0.09308135729740713,1.5896651076128714,-0.8297492579404536,0.0,0.0,0.0,0.0,0.0,0.0,1.0,0.0,0.0,0.0,0.0,0.0,0.0,0.0,0.0,0.0,0.0,0.0,1.0,0.0,0.0,0.0,0.0,0.0,0.0,0.0,0.0,0.0,1.0,0.0,0.0,0.0,0.0,0.0,1.0,0.0,2179
-0.6778873461646991,-1.4406258902255713,-0.8371616400242685,0.8364587891129321,0.5379886513030202,-0.21458713163276108,1.479827063793078,0.0,0.0,0.0,0.0,0.0,0.0,0.0,1.0,0.0,0.0,0.0,0.0,0.0,0.0,0.0,0.0,0.0,0.0,0.0,0.0,1.0,0.0,0.0,0.0,0.0,0.0,0.0,0.0,0.0,1.0,0.0,0.0,0.0,1.0,0.0,0.0,680
-0.3649360193895111,-1.3507459345080561,1.080776691565641,1.651696076521156,0.19953769696983029,-1.291543894593333,0.6646824796518315,0.0,0.0,0.0,0.0,0.0,0.0,0.0,1.0,0.0,0.0,0.0,0.0,0.0,0.0,0.0,0.0,0.0,0.0,0.0,0.0,0.0,0.0,1.0,0.0,0.0,0.0,0.0,0.0,1.0,0.0,0.0,0.0,0.0,0.0,0.0,1.0,1164
0.9129485649425068,1.4954526632132554,0.5644086792145114,1.3753444536709105,0.5309375897544122,-0.25654648603382263,1.479827063793078,1.0,0.0,0.0,0.0,0.0,0.0,0.0,0.0,0.0,0.0,0.0,0.0,0.0,0.0,0.0,0.0,0.0,0.0,0.0,0.0,1.0,0.0,0.0,0.0,0.0,0.0,1.0,0.0,0.0,0.0,0.0,0.0,0.0,0.0,0.0,1.0,3392
0.7303936243236471,1.5853326189307706,-1.353529652375398,1.237168642245788,-1.1366384664914106,1.5896651076128714,1.479827063793078,0.0,0.0,0.0,0.0,0.0,0.0,1.0,0.0,0.0,0.0,0.0,0.0,0.0,0.0,0.0,0.0,0.0,0.0,0.0,0.0,0.0,1.0,0.0,0.0,0.0,0.0,0.0,0.0,1.0,0.0,0.0,1.0,0.0,0.0,0.0,0.0,1413
1.0172656738675694,1.2557727812998818,-0.24702676876583488,1.237168642245788,1.0597672059000225,-1.55728647246672,-1.1014641193208692,0.0,0.0,0.0,0.0,0.0,0.0,0.0,0.0,1.0,0.0,0.0,0.0,0.0,0.0,0.0,1.0,0.0,0.0,0.0,0.0,0.0,0.0,0.0,0.0,0.0,0.0,0.0,0.0,0.0,0.0,1.0,0.0,0.0,0.0,1.0,0.0,2633
0.5478386837047874,1.555372633691599,1.2836355535607273,0.8917291136829812,-0.6219109734430168,-0.9838419623188832,-1.6448938420817,1.0,0.0,0.0,0.0,0.0,0.0,0.0,0.0,0.0,0.0,0.0,0.0,0.0,0.0,0.0,0.0,0.0,0.0,0.0,0.0,0.0,0.0,1.0,0.0,0.0,0.0,1.0,0.0,0.0,0.0,0.0,0.0,0.0,0.0,0.0,1.0,1518
-1.069076504633684,0.6565730765164478,0.08492409631703404,-1.401989355974055,-0.8969023738387344,0.9882476945309943,-1.2373215500110768,0.0,0.0,0.0,0.0,0.0,0.0,1.0,0.0,0.0,0.0,0.0,0.0,0.0,0.0,0.0,0.0,1.0,0.0,0.0,0.0,0.0,0.0,0.0,0.0,0.0,0.0,1.0,0.0,0.0,0.0,0.0,0.0,0.0,0.0,0.0,1.0,1961
0.7825521787861783,-0.24222648065870322,-0.06260962149757437,0.007403920562196099,0.6014482052404932,-1.0677606711210064,-1.1014641193208692,0.0,0.0,0.0,1.0,0.0,0.0,0.0,0.0,0.0,0.0,0.0,0.0,0.0,0.0,0.0,0.0,0.0,0.0,0.0,1.0,0.0,0.0,0.0,0.0,0.0,0.0,0.0,0.0,0.0,1.0,0.0,0.0,0.0,0.0,1.0,0.0,1494
-0.3649360193895111,-1.5904258164214298,1.0438932621119887,1.0713576685356407,1.3823532717488443,0.4707489902512391,0.6646824796518315,0.0,0.0,0.0,0.0,0.0,0.0,0.0,0.0,0.0,0.0,0.0,1.0,0.0,0.0,0.0,0.0,0.0,0.0,0.0,0.0,1.0,0.0,0.0,0.0,0.0,0.0,0.0,0.0,0.0,0.0,1.0,0.0,0.0,1.0,0.0,0.0,1145
-1.4863449403339348,-0.6017463035287637,0.011157237409729834,0.39429619255253956,0.17309621616254942,-0.8020180932476181,-0.8297492579404536,0.0,0.0,0.0,0.0,1.0,0.0,0.0,0.0,0.0,0.0,0.0,0.0,0.0,0.0,0.0,0.0,0.0,0.0,1.0,0.0,0.0,0.0,0.0,0.0,0.0,0.0,1.0,0.0,0.0,0.0,0.0,0.0,0.0,0.0,0.0,1.0,1350
1.669247604649211,0.836332987951478,0.8963595442973803,0.3390258679824905,-0.7294396620592908,-0.3124922919019043,-0.5580343965600382,0.0,0.0,0.0,0.0,0.0,1.0,0.0,0.0,0.0,0.0,0.0,0.0,0.0,0.0,0.0,0.0,0.0,0.0,0.0,0.0,1.0,0.0,0.0,0.0,0.0,0.0,0.0,1.0,0.0,0.0,0.0,0.0,0.0,0.0,1.0,0.0,1091
-0.2606189104644484,-1.4106659049863997,-1.722363946911919,-0.8907388537011013,0.46395250504263513,1.6595973649479732,0.39296761827141596,1.0,0.0,0.0,0.0,0.0,0.0,0.0,0.0,0.0,0.0,0.0,0.0,0.0,0.0,0.0,0.0,0.0,0.0,0.0,0.0,0.0,0.0,0.0,0.0,0.0,1.0,0.0,0.0,1.0,0.0,0.0,0.0,0.0,1.0,0.0,0.0,2019
-0.8604422867835588,-0.6916262592462787,1.080776691565641,1.1680807365332266,1.6573446721445604,1.3518954326735244,0.12125275689100051,0.0,1.0,0.0,0.0,0.0,0.0,0.0,0.0,0.0,0.0,0.0,0.0,0.0,0.0,0.0,0.0,0.0,0.0,0.0,1.0,0.0,0.0,0.0,0.0,0.0,0.0,0.0,0.0,0.0,0.0,1.0,0.0,1.0,0.0,0.0,0.0,2961
1.669247604649211,-0.15234652494118814,-1.0953456461998332,-1.5816179108267145,1.0174608366083735,0.3029115726469941,1.2081122024126625,0.0,0.0,0.0,0.0,0.0,0.0,0.0,0.0,0.0,0.0,0.0,0.0,0.0,1.0,0.0,0.0,0.0,0.0,1.0,0.0,0.0,0.0,0.0,0.0,0.0,0.0,0.0,0.0,0.0,0.0,1.0,0.0,0.0,1.0,0.0,0.0,1148
-0.5996495144709021,0.5966531060381044,1.191426979926597,0.6844653965452971,-0.353970634595908,0.6385864078554842,-0.8297492579404536,0.0,0.0,0.0,0.0,0.0,0.0,0.0,0.0,1.0,0.0,0.0,0.0,0.0,0.0,0.0,0.0,1.0,0.0,0.0,0.0,0.0,0.0,0.0,0.0,0.0,0.0,0.0,1.0,0.0,0.0,0.0,0.0,0.0,0.0,0.0,1.0,1729
-0.02590541538305739,-0.8114662002029656,-0.7818364958437903,-1.2223608011213958,1.0280374289312848,-1.4314084092635366,0.5288250489616237,0.0,1.0,0.0,0.0,0.0,0.0,0.0,0.0,0.0,0.0,0.0,0.0,0.0,0.0,0.0,0.0,0.0,0.0,0.0,0.0,0.0,0.0,0.0,0.0,1.0,0.0,1.0,0.0,0.0,0.0,0.0,0.0,0.0,1.0,0.0,0.0,2708
0.41744229754845896,-1.3207859492688845,-1.2797627934680937,-1.6783409788243004,0.72836731311544,1.142098660668218,0.39296761827141596,0.0,0.0,0.0,0.0,0.0,0.0,1.0,0.0,0.0,0.0,0.0,0.0,0.0,0.0,0.0,0.0,0.0,0.0,0.0,0.0,0.0,0.0,0.0,0.0,1.0,0.0,0.0,0.0,0.0,1.0,0.0,0.0,0.0,0.0,1.0,0.0,1519
1.356296277874023,1.2857327665390534,1.6893532775509006,-0.13077189086292657,1.1249895252246473,1.477773495876708,0.5288250489616237,0.0,0.0,0.0,0.0,0.0,0.0,0.0,0.0,0.0,0.0,0.0,0.0,0.0,1.0,0.0,0.0,0.0,0.0,0.0,0.0,1.0,0.0,0.0,0.0,0.0,0.0,0.0,0.0,1.0,0.0,0.0,1.0,0.0,0.0,0.0,0.0,2267
0.7043143470923814,-0.42198639209373345,-0.19170162458535672,-0.669657555420905,-1.0326353086494409,-0.49431616097316944,-1.1014641193208692,0.0,0.0,0.0,0.0,1.0,0.0,0.0,0.0,0.0,0.0,0.0,0.0,0.0,0.0,0.0,1.0,0.0,0.0,0.0,0.0,0.0,0.0,0.0,0.0,0.0,0.0,0.0,1.0,0.0,0.0,0.0,0.0,0.0,1.0,0.0,0.0,81895
-1.4863449403339348,1.4055727074957403,-1.353529652375398,-0.5729344874233191,1.5850712912713276,0.16304705797678928,-0.014604673799207216,0.0,1.0,0.0,0.0,0.0,0.0,0.0,0.0,0.0,0.0,0.0,0.0,0.0,0.0,0.0,0.0,0.0,0.0,0.0,0.0,0.0,1.0,0.0,0.0,0.0,0.0,0.0,0.0,0.0,1.0,0.0,0.0,0.0,0.0,1.0,0.0,1578
-1.1733936135587468,-1.4106659049863997,-0.43144391603409543,-0.47621141942573325,0.9169832095407076,0.7085186651905859,-1.6448938420817,1.0,0.0,0.0,0.0,0.0,0.0,0.0,0.0,0.0,0.0,0.0,0.0,0.0,0.0,0.0,0.0,0.0,0.0,0.0,0.0,0.0,0.0,0.0,1.0,0.0,0.0,1.0,0.0,0.0,0.0,0.0,0.0,0.0,0.0,0.0,1.0,2016
0.7825521787861783,1.2557727812998818,-0.09949305095122647,0.781188464542883,1.7772127184708986,1.5337193017447897,-0.15046210448941494,0.0,0.0,0.0,0.0,0.0,0.0,0.0,1.0,0.0,0.0,0.0,0.0,0.0,0.0,0.0,0.0,0.0,1.0,0.0,0.0,0.0,0.0,0.0,0.0,0.0,0.0,0.0,0.0,0.0,1.0,0.0,0.0,0.0,0.0,1.0,0.0,2220
0.18272880246706796,-1.0811060673555108,-0.11793476567805253,-1.2499959634064202,1.1725841906777514,1.3798683356075647,0.8005399103420392,0.0,1.0,0.0,0.0,0.0,0.0,0.0,0.0,0.0,0.0,0.0,0.0,0.0,0.0,0.0,0.0,0.0,1.0,0.0,0.0,0.0,0.0,0.0,0.0,0.0,0.0,0.0,0.0,0.0,0.0,1.0,0.0,0.0,0.0,0.0,1.0,3267
-0.20846035600191706,-1.6503457868997733,-0.5052107749413997,-0.8216509479885399,-0.5372982348597193,1.6875702678820146,-1.3731789807012846,0.0,0.0,0.0,0.0,0.0,0.0,0.0,0.0,0.0,0.0,0.0,1.0,0.0,0.0,1.0,0.0,0.0,0.0,0.0,0.0,0.0,0.0,0.0,0.0,0.0,0.0,0.0,0.0,0.0,0.0,1.0,0.0,1.0,0.0,0.0,0.0,1283
-0.13022252430812006,1.525412648452427,0.04804066686338194,-0.22749495886051244,-0.343394042272996,1.2679767238714015,-0.8297492579404536,0.0,0.0,0.0,0.0,0.0,0.0,0.0,0.0,1.0,0.0,0.0,0.0,0.0,0.0,0.0,0.0,0.0,0.0,0.0,0.0,0.0,0.0,0.0,0.0,1.0,0.0,1.0,0.0,0.0,0.0,0.0,0.0,0.0,0.0,1.0,0.0,3072
-1.4863449403339348,-0.5418263330504203,0.5275252497608592,0.8226412079704198,-0.7787970928995479,0.34487092704805566,-0.9656066886306613,0.0,0.0,0.0,0.0,0.0,0.0,0.0,0.0,0.0,0.0,0.0,1.0,0.0,0.0,0.0,0.0,0.0,0.0,0.0,0.0,0.0,0.0,0.0,1.0,0.0,0.0,0.0,0.0,0.0,0.0,1.0,0.0,0.0,1.0,0.0,0.0,2661
-0.2866981876957141,1.2857327665390534,-0.8556033547510946,-0.15840705314795112,-0.9779895816477273,-0.2285735830997812,1.34396963310287,0.0,0.0,0.0,0.0,0.0,0.0,0.0,0.0,0.0,0.0,0.0,0.0,0.0,1.0,0.0,1.0,0.0,0.0,0.0,0.0,0.0,0.0,0.0,0.0,0.0,0.0,0.0,1.0,0.0,0.0,0.0,0.0,0.0,0.0,0.0,1.0,1897
-0.9386801184773558,1.0160928993865082,-1.0400205020193551,-1.761246465679374,-0.5231961117625032,-1.5293135695326798,0.8005399103420392,0.0,0.0,1.0,0.0,0.0,0.0,0.0,0.0,0.0,0.0,0.0,0.0,0.0,0.0,0.0,0.0,0.0,0.0,0.0,0.0,0.0,0.0,0.0,0.0,0.0,1.0,0.0,0.0,1.0,0.0,0.0,0.0,0.0,0.0,1.0,0.0,3032
-0.5214116827771051,-1.2608659787905412,-0.634302778029182,-1.7197937222518374,0.1484175007424215,-1.6551916327358633,0.9363973410322469,0.0,0.0,0.0,0.0,1.0,0.0,0.0,0.0,0.0,0.0,0.0,0.0,0.0,0.0,0.0,0.0,0.0,1.0,0.0,0.0,0.0,0.0,0.0,0.0,0.0,0.0,0.0,0.0,0.0,1.0,0.0,1.0,0.0,0.0,0.0,0.0,1825
-0.5735702372396364,-0.24222648065870322,1.080776691565641,-1.5816179108267145,1.2096022638079444,0.20500641237785083,-1.5090364113914922,0.0,0.0,0.0,0.0,0.0,0.0,0.0,0.0,1.0,0.0,0.0,0.0,0.0,0.0,0.0,0.0,0.0,0.0,0.0,0.0,0.0,0.0,0.0,1.0,0.0,0.0,0.0,0.0,0.0,1.0,0.0,0.0,0.0,0.0,0.0,1.0,1735
1.669247604649211,1.0160928993865082,0.8963595442973803,0.7121005588303218,-1.603771294086699,-0.48032970950614934,-1.1014641193208692,0.0,0.0,0.0,0.0,0.0,0.0,0.0,0.0,1.0,0.0,0.0,0.0,0.0,0.0,0.0,0.0,0.0,0.0,0.0,0.0,0.0,0.0,1.0,0.0,0.0,0.0,0.0,1.0,0.0,0.0,0.0,0.0,0.0,0.0,1.0,0.0,1142
1.199820614486429,1.555372633691599,-1.5748302290973106,1.4306147782409597,-0.5919439618614326,1.2120309180033197,-0.5580343965600382,0.0,0.0,0.0,0.0,0.0,0.0,0.0,0.0,0.0,0.0,0.0,1.0,0.0,0.0,0.0,0.0,0.0,0.0,0.0,0.0,0.0,0.0,0.0,1.0,0.0,0.0,0.0,1.0,0.0,0.0,0.0,0.0,0.0,1.0,0.0,0.0,1846
0.05233241631073962,-0.15234652494118814,-0.8002782105706164,1.651696076521156,-0.7029981812520105,1.5896651076128714,1.0722547717224546,0.0,0.0,0.0,0.0,1.0,0.0,0.0,0.0,0.0,0.0,0.0,0.0,0.0,0.0,0.0,0.0,1.0,0.0,0.0,0.0,0.0,0.0,0.0,0.0,0.0,0.0,1.0,0.0,0.0,0.0,0.0,1.0,0.0,0.0,0.0,0.0,2203
0.9911863966363037,1.4954526632132554,-0.33923534239996517,0.6568302342602726,-1.3922394476284552,0.8903425342618511,-0.014604673799207216,0.0,0.0,0.0,0.0,0.0,0.0,0.0,0.0,0.0,0.0,0.0,0.0,1.0,0.0,0.0,0.0,0.0,0.0,1.0,0.0,0.0,0.0,0.0,0.0,0.0,0.0,0.0,0.0,1.0,0.0,0.0,0.0,1.0,0.0,0.0,0.0,6847
-0.7561251778584961,1.2857327665390534,-1.316646222921746,1.4858851028110087,1.7736871876965952,0.8623696313278095,1.34396963310287,0.0,0.0,0.0,0.0,0.0,0.0,1.0,0.0,0.0,0.0,0.0,0.0,0.0,0.0,0.0,0.0,0.0,0.0,0.0,0.0,0.0,0.0,1.0,0.0,0.0,0.0,0.0,0.0,0.0,0.0,1.0,0.0,0.0,0.0,1.0,0.0,1213
-1.2516314452525439,1.7650925303658007,-1.5010633701900065,-1.5954354919692268,0.22597917777711052,0.9462883401299327,-0.6938918272502459,0.0,1.0,0.0,0.0,0.0,0.0,0.0,0.0,0.0,0.0,0.0,0.0,0.0,0.0,1.0,0.0,0.0,0.0,0.0,0.0,0.0,0.0,0.0,0.0,0.0,0.0,0.0,0.0,0.0,1.0,0.0,0.0,0.0,0.0,1.0,0.0,2915
0.8868692877112411,0.3270132388855591,-1.021578787292529,-0.4900290005682455,1.632665956724433,0.7924373739927077,0.8005399103420392,0.0,0.0,0.0,0.0,0.0,0.0,0.0,0.0,0.0,1.0,0.0,0.0,0.0,0.0,0.0,0.0,0.0,0.0,0.0,0.0,0.0,0.0,0.0,0.0,0.0,1.0,1.0,0.0,0.0,0.0,0.0,1.0,0.0,0.0,0.0,0.0,3936
0.13057024800453662,-1.2009460083121977,0.34310810249259877,-0.14458947200543884,0.47276633197839546,-1.6971509871369248,-0.014604673799207216,0.0,1.0,0.0,0.0,0.0,0.0,0.0,0.0,0.0,0.0,0.0,0.0,0.0,0.0,0.0,0.0,0.0,0.0,0.0,0.0,0.0,0.0,0.0,0.0,0.0,1.0,0.0,1.0,0.0,0.0,0.0,1.0,0.0,0.0,0.0,0.0,1284
-1.4341863858714035,0.7764130174731346,0.19557438467799035,0.7121005588303218,-0.9039534353873423,-1.5013406665986384,1.0722547717224546,0.0,0.0,0.0,0.0,0.0,0.0,0.0,0.0,0.0,0.0,0.0,0.0,1.0,0.0,1.0,0.0,0.0,0.0,0.0,0.0,0.0,0.0,0.0,0.0,0.0,0.0,0.0,0.0,1.0,0.0,0.0,1.0,0.0,0.0,0.0,0.0,3543
0.00017386184820827966,-0.6317062887679353,-0.6711862074828341,0.6015599096902235,-0.49851739634237474,0.6665593107895244,1.34396963310287,0.0,0.0,0.0,0.0,0.0,0.0,0.0,0.0,1.0,0.0,0.0,0.0,0.0,0.0,0.0,0.0,0.0,0.0,0.0,0.0,0.0,0.0,0.0,0.0,1.0,0.0,1.0,0.0,0.0,0.0,0.0,0.0,1.0,0.0,0.0,0.0,886
-1.5906620492589976,1.1059728551040233,-0.8002782105706164,0.24230279998490464,0.8940672595077307,-1.5433000209996999,-0.15046210448941494,1.0,0.0,0.0,0.0,0.0,0.0,0.0,0.0,0.0,0.0,0.0,0.0,0.0,0.0,0.0,0.0,0.0,0.0,0.0,0.0,0.0,0.0,0.0,0.0,1.0,0.0,0.0,0.0,1.0,0.0,0.0,0.0,0.0,0.0,0.0,1.0,3149
-1.4081071086401378,0.05737337173301378,-0.19170162458535672,1.4582499405259841,0.7001630669210075,0.2469657667789124,0.39296761827141596,0.0,0.0,0.0,0.0,0.0,1.0,0.0,0.0,0.0,0.0,0.0,0.0,0.0,0.0,0.0,0.0,0.0,0.0,1.0,0.0,0.0,0.0,0.0,0.0,0.0,0.0,0.0,1.0,0.0,0.0,0.0,0.0,1.0,0.0,0.0,0.0,2817
0.8347107332487097,-1.2608659787905412,-0.11793476567805253,-1.4158069371165674,-1.1013831587483702,-0.2705329375008428,-1.6448938420817,0.0,0.0,0.0,0.0,0.0,0.0,0.0,0.0,0.0,0.0,0.0,0.0,1.0,0.0,0.0,0.0,0.0,0.0,0.0,0.0,0.0,1.0,0.0,0.0,0.0,0.0,0.0,0.0,0.0,0.0,1.0,0.0,0.0,1.0,0.0,0.0,1144
-0.7300459006272305,-1.3807059197472278,-0.5236524896682256,0.1317621508448065,-0.32047809224001916,-0.634180675643373,1.479827063793078,1.0,0.0,0.0,0.0,0.0,0.0,0.0,0.0,0.0,0.0,0.0,0.0,0.0,0.0,1.0,0.0,0.0,0.0,0.0,0.0,0.0,0.0,0.0,0.0,0.0,0.0,0.0,0.0,1.0,0.0,0.0,0.0,0.0,1.0,0.0,0.0,2156
0.6260765153985843,1.6152926041699422,-0.33923534239996517,-1.6368882353967638,-0.7488300813179636,1.0022341459980144,-1.3731789807012846,0.0,0.0,0.0,0.0,0.0,0.0,0.0,0.0,0.0,1.0,0.0,0.0,0.0,0.0,0.0,0.0,0.0,0.0,0.0,0.0,0.0,0.0,0.0,1.0,0.0,0.0,0.0,0.0,0.0,1.0,0.0,0.0,0.0,1.0,0.0,0.0,3488
-0.07806396984558873,-0.7515462297246222,1.2467521241070754,-0.9598267594136626,0.30706638558610416,1.4637870444096879,1.0722547717224546,0.0,0.0,0.0,0.0,0.0,0.0,0.0,0.0,0.0,0.0,0.0,1.0,0.0,0.0,0.0,0.0,0.0,0.0,0.0,1.0,0.0,0.0,0.0,0.0,0.0,0.0,0.0,0.0,0.0,1.0,0.0,0.0,0.0,0.0,1.0,0.0,2773
1.199820614486429,1.1059728551040233,0.37999153194625085,-0.9874619216986872,0.7865385708914568,-1.053774219653985,-0.5580343965600382,0.0,0.0,0.0,0.0,0.0,0.0,1.0,0.0,0.0,0.0,0.0,0.0,0.0,0.0,0.0,0.0,0.0,0.0,0.0,0.0,0.0,1.0,0.0,0.0,0.0,0.0,0.0,0.0,0.0,1.0,0.0,1.0,0.0,0.0,0.0,0.0,1236
-0.2606189104644484,0.7464530322339629,1.4680527008289879,0.20085005655736785,-0.8863257815158218,-1.4174219577965164,-0.28631953517962266,0.0,0.0,0.0,0.0,0.0,0.0,0.0,1.0,0.0,0.0,0.0,0.0,0.0,0.0,1.0,0.0,0.0,0.0,0.0,0.0,0.0,0.0,0.0,0.0,0.0,0.0,0.0,1.0,0.0,0.0,0.0,1.0,0.0,0.0,0.0,0.0,1137
1.6431683274179454,-1.1110660525946825,0.767267541209598,1.55497300852357,0.8570491863775378,-0.3124922919019043,-0.9656066886306613,0.0,0.0,0.0,0.0,0.0,0.0,0.0,1.0,0.0,0.0,0.0,0.0,0.0,0.0,0.0,0.0,0.0,0.0,0.0,0.0,0.0,1.0,0.0,0.0,0.0,0.0,1.0,0.0,0.0,0.0,0.0,0.0,1.0,0.0,0.0,0.0,2235
-0.05198469261432306,-0.7515462297246222,-1.39041308182905,1.1818983176757387,-0.6818449966061859,-0.5782348697752914,0.39296761827141596,0.0,0.0,1.0,0.0,0.0,0.0,0.0,0.0,0.0,0.0,0.0,0.0,0.0,0.0,0.0,0.0,0.0,0.0,0.0,0.0,1.0,0.0,0.0,0.0,0.0,0.0,0.0,1.0,0.0,0.0,0.0,0.0,1.0,0.0,0.0,0.0,2091
-0.2866981876957141,1.3156927517782253,1.2651938388339012,0.18703247541485557,-1.7289276365744934,-1.403435506329495,0.25711018758120824,0.0,0.0,0.0,0.0,0.0,0.0,0.0,0.0,0.0,1.0,0.0,0.0,0.0,0.0,0.0,0.0,0.0,0.0,0.0,0.0,0.0,0.0,0.0,1.0,0.0,0.0,0.0,1.0,0.0,0.0,0.0,0.0,0.0,1.0,0.0,0.0,1432
0.36528374308592765,-0.8414261854421372,0.37999153194625085,-0.9460091782711504,-1.215962908913252,-1.7111374386039448,-1.3731789807012846,0.0,0.0,1.0,0.0,0.0,0.0,0.0,0.0,0.0,0.0,0.0,0.0,0.0,0.0,0.0,0.0,0.0,1.0,0.0,0.0,0.0,0.0,0.0,0.0,0.0,0.0,0.0,0.0,1.0,0.0,0.0,0.0,0.0,0.0,0.0,1.0,1541
-1.5645827720277319,1.0760128698648517,-1.6117136585509626,1.0713576685356407,1.3329958409085871,0.5826406019874024,-1.1014641193208692,0.0,0.0,0.0,0.0,0.0,0.0,0.0,0.0,0.0,1.0,0.0,0.0,0.0,0.0,0.0,0.0,0.0,0.0,0.0,1.0,0.0,0.0,0.0,0.0,0.0,0.0,0.0,0.0,1.0,0.0,0.0,0.0,0.0,0.0,1.0,0.0,2538
-0.15630180153938575,-1.5604658311822581,-1.335087937648572,0.28375554341244147,0.04617710828760329,-1.1656658313901482,1.0722547717224546,1.0,0.0,0.0,0.0,0.0,0.0,0.0,0.0,0.0,0.0,0.0,0.0,0.0,0.0,0.0,0.0,0.0,0.0,0.0,0.0,0.0,0.0,0.0,1.0,0.0,0.0,0.0,1.0,0.0,0.0,0.0,0.0,1.0,0.0,0.0,0.0,2822
1.4084548323365544,-0.062466569223673024,0.8963595442973803,-1.1532728954088343,0.4745290973655471,1.5337193017447897,-0.5580343965600382,0.0,0.0,0.0,0.0,0.0,0.0,0.0,0.0,0.0,0.0,0.0,0.0,1.0,0.0,0.0,0.0,0.0,0.0,0.0,1.0,0.0,0.0,0.0,0.0,0.0,0.0,0.0,1.0,0.0,0.0,0.0,0.0,0.0,0.0,0.0,1.0,1126
-1.4081071086401378,-1.6503457868997733,1.7077949922777267,1.1542631553907143,0.3846280626207938,-0.3824245492370061,-0.4221769658698304,0.0,0.0,1.0,0.0,0.0,0.0,0.0,0.0,0.0,0.0,0.0,0.0,0.0,0.0,0.0,0.0,0.0,1.0,0.0,0.0,0.0,0.0,0.0,0.0,0.0,0.0,0.0,0.0,0.0,0.0,1.0,0.0,0.0,1.0,0.0,0.0,1561
-1.4602656631026691,0.5067731503205893,1.2467521241070754,-1.2085432199788835,-1.32701712830383,0.9462883401299327,0.25711018758120824,0.0,0.0,0.0,0.0,0.0,0.0,0.0,0.0,0.0,0.0,0.0,0.0,1.0,0.0,0.0,0.0,0.0,0.0,0.0,0.0,1.0,0.0,0.0,0.0,0.0,0.0,0.0,1.0,0.0,0.0,0.0,0.0,1.0,0.0,0.0,0.0,1903
1.6953268818804768,-1.2309059935513693,0.6381755381218156,-0.4071235137131719,0.5168354666571963,0.6385864078554842,0.8005399103420392,1.0,0.0,0.0,0.0,0.0,0.0,0.0,0.0,0.0,0.0,0.0,0.0,0.0,0.0,1.0,0.0,0.0,0.0,0.0,0.0,0.0,0.0,0.0,0.0,0.0,0.0,0.0,0.0,0.0,1.0,0.0,1.0,0.0,0.0,0.0,0.0,1061
0.8607900104799754,-1.2009460083121977,1.50493613028264,-0.5038465817107578,0.32469403945762476,-0.5502619668412512,-0.28631953517962266,0.0,1.0,0.0,0.0,0.0,0.0,0.0,0.0,0.0,0.0,0.0,0.0,0.0,0.0,0.0,0.0,0.0,0.0,0.0,1.0,0.0,0.0,0.0,0.0,0.0,0.0,0.0,1.0,0.0,0.0,0.0,0.0,1.0,0.0,0.0,0.0,3016
0.18272880246706796,0.6565730765164478,1.3942858419216837,-0.006413660580316168,1.2677735215839623,1.2819631753384226,-0.6938918272502459,0.0,0.0,0.0,0.0,0.0,0.0,0.0,0.0,0.0,0.0,1.0,0.0,0.0,0.0,0.0,0.0,1.0,0.0,0.0,0.0,0.0,0.0,0.0,0.0,0.0,0.0,1.0,0.0,0.0,0.0,0.0,0.0,0.0,0.0,1.0,0.0,1195
-1.5906620492589976,0.7764130174731346,-0.634302778029182,-0.7940157857035154,0.8076917555372808,0.20500641237785083,-0.28631953517962266,0.0,0.0,0.0,0.0,0.0,0.0,1.0,0.0,0.0,0.0,0.0,0.0,0.0,0.0,0.0,0.0,1.0,0.0,0.0,0.0,0.0,0.0,0.0,0.0,0.0,0.0,0.0,0.0,0.0,0.0,1.0,0.0,0.0,0.0,0.0,1.0,1697
0.1566495252358023,1.1658928255823668,1.0070098326583365,1.499702683953521,0.671958820726575,1.477773495876708,1.0722547717224546,0.0,0.0,0.0,0.0,0.0,0.0,0.0,0.0,0.0,1.0,0.0,0.0,0.0,0.0,0.0,0.0,0.0,0.0,0.0,1.0,0.0,0.0,0.0,0.0,0.0,0.0,0.0,0.0,1.0,0.0,0.0,0.0,0.0,0.0,1.0,0.0,1487
-0.3910152966207768,0.05737337173301378,-1.4088547965558762,0.9055466948254934,-0.6659801081218176,-0.8020180932476181,-1.3731789807012846,0.0,0.0,1.0,0.0,0.0,0.0,0.0,0.0,0.0,0.0,0.0,0.0,0.0,0.0,0.0,0.0,0.0,0.0,0.0,0.0,1.0,0.0,0.0,0.0,0.0,0.0,0.0,1.0,0.0,0.0,0.0,0.0,0.0,0.0,1.0,0.0,869
0.7043143470923814,-0.5418263330504203,-1.371971367102224,-1.3052662879764694,-1.2406416243333804,-0.11668197136361785,-0.8297492579404536,0.0,0.0,0.0,0.0,0.0,0.0,1.0,0.0,0.0,0.0,0.0,0.0,0.0,0.0,0.0,0.0,0.0,1.0,0.0,0.0,0.0,0.0,0.0,0.0,0.0,0.0,0.0,1.0,0.0,0.0,0.0,0.0,0.0,0.0,1.0,0.0,2568
-0.6257287917021678,1.3756127222565686,0.7488258264827719,0.573924747405199,0.6613822284036623,-0.004790359627454505,1.0722547717224546,0.0,1.0,0.0,0.0,0.0,0.0,0.0,0.0,0.0,0.0,0.0,0.0,0.0,0.0,0.0,0.0,0.0,0.0,0.0,0.0,1.0,0.0,0.0,0.0,0.0,0.0,1.0,0.0,0.0,0.0,0.0,0.0,1.0,0.0,0.0,0.0,3510
-0.3388567421582454,-0.27218646589787493,1.3389606977412056,1.4029796159559351,0.9346108634122281,1.1840580150692794,1.6156844944832855,0.0,0.0,0.0,0.0,1.0,0.0,0.0,0.0,0.0,0.0,0.0,0.0,0.0,0.0,0.0,1.0,0.0,0.0,0.0,0.0,0.0,0.0,0.0,0.0,0.0,0.0,0.0,1.0,0.0,0.0,0.0,0.0,0.0,1.0,0.0,0.0,1436
1.278058446180226,-0.36206642161539004,-1.5748302290973106,-0.6005696497083437,1.618563833627216,-0.466343258039128,-1.2373215500110768,1.0,0.0,0.0,0.0,0.0,0.0,0.0,0.0,0.0,0.0,0.0,0.0,0.0,0.0,0.0,1.0,0.0,0.0,0.0,0.0,0.0,0.0,0.0,0.0,0.0,0.0,0.0,1.0,0.0,0.0,0.0,1.0,0.0,0.0,0.0,0.0,3579
0.65215579262985,-0.6017463035287637,-1.4088547965558762,1.085175249678153,1.362962852490172,-0.04674971402851607,-0.014604673799207216,0.0,0.0,0.0,0.0,0.0,1.0,0.0,0.0,0.0,0.0,0.0,0.0,0.0,0.0,0.0,0.0,0.0,0.0,1.0,0.0,0.0,0.0,0.0,0.0,0.0,0.0,0.0,1.0,0.0,0.0,0.0,1.0,0.0,0.0,0.0,0.0,1986
1.6170890501866797,1.2258127960607101,0.6750589675754677,-1.6230706542542515,0.3722887049107295,-1.375462603395455,-0.28631953517962266,0.0,0.0,0.0,0.0,0.0,0.0,0.0,0.0,0.0,0.0,1.0,0.0,0.0,0.0,0.0,0.0,0.0,0.0,0.0,0.0,0.0,0.0,1.0,0.0,0.0,0.0,0.0,0.0,0.0,0.0,1.0,0.0,0.0,1.0,0.0,0.0,1426
0.8347107332487097,0.9861329141473365,-0.30235191294631303,0.9608170193955425,-0.3451568076601477,-0.466343258039128,1.34396963310287,0.0,0.0,0.0,0.0,0.0,0.0,0.0,0.0,0.0,1.0,0.0,0.0,0.0,0.0,0.0,0.0,0.0,0.0,0.0,0.0,0.0,0.0,0.0,0.0,1.0,0.0,0.0,0.0,0.0,0.0,1.0,0.0,0.0,0.0,1.0,0.0,2977
0.5217594064735217,0.11729334221135719,0.6566172528486416,-1.291448706833957,-1.7183510442515815,1.5197328502777696,-1.5090364113914922,0.0,0.0,1.0,0.0,0.0,0.0,0.0,0.0,0.0,0.0,0.0,0.0,0.0,0.0,0.0,0.0,0.0,0.0,0.0,0.0,0.0,1.0,0.0,0.0,0.0,0.0,1.0,0.0,0.0,0.0,0.0,0.0,0.0,0.0,1.0,0.0,3388
1.5388512184928829,-0.21226649541953152,-0.41300220130726933,0.21466763769988012,1.3470979640058032,1.6176380105469115,0.9363973410322469,0.0,0.0,0.0,0.0,0.0,0.0,0.0,0.0,0.0,0.0,1.0,0.0,0.0,0.0,0.0,0.0,0.0,0.0,0.0,1.0,0.0,0.0,0.0,0.0,0.0,0.0,0.0,0.0,0.0,0.0,1.0,0.0,0.0,0.0,0.0,1.0,64159
0.8347107332487097,0.8962529584298214,1.080776691565641,-0.6558399742783927,-0.4015653000490128,-1.1376929284561081,0.12125275689100051,0.0,0.0,0.0,0.0,1.0,0.0,0.0,0.0,0.0,0.0,0.0,0.0,0.0,0.0,1.0,0.0,0.0,0.0,0.0,0.0,0.0,0.0,0.0,0.0,0.0,0.0,0.0,0.0,1.0,0.0,0.0,0.0,1.0,0.0,0.0,0.0,1647
-0.5996495144709021,0.2670932684072157,-1.6485970880046148,0.0488566639897329,0.9804427634781806,-0.7600587388465565,-0.014604673799207216,0.0,0.0,0.0,0.0,0.0,0.0,0.0,0.0,1.0,0.0,0.0,0.0,0.0,0.0,0.0,0.0,0.0,0.0,1.0,0.0,0.0,0.0,0.0,0.0,0.0,0.0,0.0,1.0,0.0,0.0,0.0,0.0,1.0,0.0,0.0,0.0,4626
1.1215827827926321,1.3156927517782253,-0.48676906021457356,-1.6645233976817881,-1.0432119009723528,-0.34046519483594456,-0.5580343965600382,0.0,0.0,0.0,0.0,0.0,0.0,0.0,1.0,0.0,0.0,0.0,0.0,0.0,0.0,0.0,0.0,0.0,0.0,1.0,0.0,0.0,0.0,0.0,0.0,0.0,0.0,0.0,1.0,0.0,0.0,0.0,0.0,0.0,0.0,0.0,1.0,732
-0.5996495144709021,-1.2009460083121977,0.4722001055803811,0.8640939513979566,1.2924522370040896,-1.1796522828571696,-0.28631953517962266,0.0,0.0,0.0,0.0,0.0,0.0,0.0,0.0,0.0,0.0,0.0,0.0,0.0,1.0,0.0,0.0,0.0,0.0,0.0,0.0,0.0,1.0,0.0,0.0,0.0,0.0,0.0,0.0,1.0,0.0,0.0,0.0,0.0,0.0,1.0,0.0,2474
-0.9386801184773558,1.135932840343195,0.04804066686338194,-0.9460091782711504,-0.6554035157989057,-1.1097200255220665,1.479827063793078,0.0,0.0,0.0,0.0,0.0,0.0,0.0,0.0,1.0,0.0,0.0,0.0,0.0,0.0,0.0,1.0,0.0,0.0,0.0,0.0,0.0,0.0,0.0,0.0,0.0,0.0,0.0,0.0,0.0,1.0,0.0,0.0,0.0,0.0,1.0,0.0,2069
-0.7561251778584961,0.8063730027123063,-0.33923534239996517,0.8502763702554444,-0.07016540726443088,1.128112209201198,-0.6938918272502459,0.0,0.0,0.0,0.0,0.0,1.0,0.0,0.0,0.0,0.0,0.0,0.0,0.0,0.0,0.0,0.0,0.0,0.0,0.0,0.0,0.0,0.0,1.0,0.0,0.0,0.0,1.0,0.0,0.0,0.0,0.0,1.0,0.0,0.0,0.0,0.0,1459
0.41744229754845896,0.3569732241247308,-1.4088547965558762,-0.3656707702856351,-1.7324531673487975,0.6385864078554842,1.6156844944832855,0.0,1.0,0.0,0.0,0.0,0.0,0.0,0.0,0.0,0.0,0.0,0.0,0.0,0.0,0.0,0.0,0.0,0.0,0.0,0.0,0.0,0.0,0.0,0.0,0.0,1.0,0.0,0.0,0.0,0.0,1.0,1.0,0.0,0.0,0.0,0.0,1758
-0.3649360193895111,1.6152926041699422,0.2140160994048164,1.3477092913858861,-0.6201482080558652,1.4637870444096879,-0.014604673799207216,0.0,0.0,0.0,1.0,0.0,0.0,0.0,0.0,0.0,0.0,0.0,0.0,0.0,0.0,1.0,0.0,0.0,0.0,0.0,0.0,0.0,0.0,0.0,0.0,0.0,0.0,0.0,1.0,0.0,0.0,0.0,0.0,0.0,1.0,0.0,0.0,3632
0.05233241631073962,-1.5904258164214298,1.117660121019293,1.6240609142361313,1.7331435837920979,0.8763560827948309,1.479827063793078,0.0,0.0,0.0,1.0,0.0,0.0,0.0,0.0,0.0,0.0,0.0,0.0,0.0,0.0,0.0,1.0,0.0,0.0,0.0,0.0,0.0,0.0,0.0,0.0,0.0,0.0,0.0,0.0,0.0,1.0,0.0,0.0,0.0,0.0,0.0,1.0,71839
-1.1733936135587468,-0.24222648065870322,0.34310810249259877,-0.006413660580316168,-0.98856617397064,-0.620194224176353,-0.4221769658698304,0.0,1.0,0.0,0.0,0.0,0.0,0.0,0.0,0.0,0.0,0.0,0.0,0.0,0.0,0.0,0.0,0.0,0.0,0.0,0.0,0.0,0.0,0.0,1.0,0.0,0.0,0.0,0.0,1.0,0.0,0.0,0.0,1.0,0.0,0.0,0.0,1579
1.4345341095678201,-1.2009460083121977,-0.8002782105706164,1.0160873439655915,0.04970263906190728,-0.018776811094475855,-1.6448938420817,0.0,0.0,0.0,0.0,1.0,0.0,0.0,0.0,0.0,0.0,0.0,0.0,0.0,0.0,0.0,0.0,0.0,0.0,0.0,0.0,0.0,0.0,0.0,0.0,1.0,0.0,0.0,0.0,1.0,0.0,0.0,0.0,0.0,1.0,0.0,0.0,2260
-0.05198469261432306,-1.4106659049863997,-1.7592473763655712,-0.7525630422759786,-1.711299982702973,1.6595973649479732,0.39296761827141596,0.0,0.0,0.0,0.0,0.0,0.0,0.0,0.0,0.0,0.0,0.0,0.0,0.0,1.0,0.0,0.0,0.0,0.0,0.0,0.0,0.0,0.0,0.0,1.0,0.0,0.0,0.0,1.0,0.0,0.0,0.0,1.0,0.0,0.0,0.0,0.0,3324
-1.1212350590962155,1.135932840343195,1.172985265199771,-1.4572596805441043,1.0298001943184378,-1.5293135695326798,0.6646824796518315,0.0,0.0,0.0,0.0,0.0,0.0,0.0,0.0,1.0,0.0,0.0,0.0,0.0,0.0,0.0,0.0,0.0,0.0,0.0,0.0,0.0,0.0,1.0,0.0,0.0,0.0,1.0,0.0,0.0,0.0,0.0,0.0,0.0,0.0,0.0,1.0,2398
1.5127719412616172,-1.6503457868997733,0.1771326699511643,-0.6282048119933682,-1.1366384664914106,-0.466343258039128,-1.1014641193208692,0.0,0.0,0.0,0.0,0.0,0.0,0.0,0.0,0.0,1.0,0.0,0.0,0.0,0.0,1.0,0.0,0.0,0.0,0.0,0.0,0.0,0.0,0.0,0.0,0.0,0.0,1.0,0.0,0.0,0.0,0.0,0.0,0.0,0.0,0.0,1.0,2499
-1.3559485541776066,-1.2908259640297128,-0.5974193485755299,1.2648038045308123,-0.33634298072438745,1.4078412385416061,-0.8297492579404536,0.0,0.0,0.0,0.0,0.0,0.0,0.0,0.0,1.0,0.0,0.0,0.0,0.0,0.0,0.0,0.0,1.0,0.0,0.0,0.0,0.0,0.0,0.0,0.0,0.0,0.0,1.0,0.0,0.0,0.0,0.0,0.0,0.0,1.0,0.0,0.0,3381
-0.49533240554583946,-1.0511460821163392,0.011157237409729834,-0.9598267594136626,-1.2935245859479416,1.142098660668218,-0.5580343965600382,0.0,0.0,0.0,0.0,0.0,0.0,0.0,1.0,0.0,0.0,0.0,0.0,0.0,0.0,0.0,0.0,0.0,0.0,0.0,0.0,0.0,0.0,0.0,0.0,1.0,0.0,0.0,0.0,0.0,0.0,1.0,0.0,0.0,1.0,0.0,0.0,6656
-0.13022252430812006,-1.5604658311822581,1.50493613028264,-1.1394553142663222,-0.3046132037556509,1.6875702678820146,0.9363973410322469,0.0,0.0,0.0,0.0,0.0,0.0,0.0,0.0,1.0,0.0,0.0,0.0,0.0,0.0,0.0,0.0,0.0,0.0,0.0,0.0,0.0,1.0,0.0,0.0,0.0,0.0,0.0,0.0,0.0,1.0,0.0,0.0,0.0,0.0,1.0,0.0,1792
1.3041377234114917,0.7164930469947912,1.50493613028264,1.1266279931056897,0.340558927941993,1.323922529739483,-1.2373215500110768,0.0,0.0,0.0,0.0,0.0,1.0,0.0,0.0,0.0,0.0,0.0,0.0,0.0,0.0,0.0,0.0,0.0,0.0,0.0,1.0,0.0,0.0,0.0,0.0,0.0,0.0,0.0,0.0,0.0,1.0,0.0,0.0,0.0,1.0,0.0,0.0,2612
0.7043143470923814,1.2557727812998818,-0.6158610633023559,1.5411554273810577,0.2912014971017359,-0.466343258039128,-0.9656066886306613,0.0,0.0,0.0,0.0,0.0,0.0,0.0,0.0,1.0,0.0,0.0,0.0,0.0,0.0,0.0,0.0,0.0,0.0,1.0,0.0,0.0,0.0,0.0,0.0,0.0,0.0,1.0,0.0,0.0,0.0,0.0,0.0,0.0,0.0,0.0,1.0,61879
0.26096663416086496,-0.42198639209373345,-1.4457382260095282,-0.1169543097204143,0.4498503819454186,0.9183154371958913,0.25711018758120824,0.0,0.0,0.0,0.0,1.0,0.0,0.0,0.0,0.0,0.0,0.0,0.0,0.0,0.0,0.0,0.0,0.0,1.0,0.0,0.0,0.0,0.0,0.0,0.0,0.0,0.0,0.0,0.0,0.0,0.0,1.0,0.0,1.0,0.0,0.0,0.0,1745
-0.9386801184773558,-0.27218646589787493,-0.9293702136583988,1.4167971970984474,-1.3922394476284552,1.2539902724043812,-0.5580343965600382,0.0,1.0,0.0,0.0,0.0,0.0,0.0,0.0,0.0,0.0,0.0,0.0,0.0,0.0,0.0,0.0,0.0,0.0,0.0,0.0,0.0,0.0,0.0,0.0,0.0,1.0,0.0,0.0,0.0,0.0,1.0,0.0,0.0,1.0,0.0,0.0,2283
1.2519791689489603,-0.27218646589787493,1.172985265199771,0.2561203811274169,-0.5302471733111113,-0.10269551989659774,-1.6448938420817,0.0,0.0,0.0,0.0,0.0,0.0,0.0,0.0,1.0,0.0,0.0,0.0,0.0,0.0,0.0,0.0,0.0,0.0,0.0,0.0,0.0,1.0,0.0,0.0,0.0,0.0,0.0,0.0,0.0,0.0,1.0,0.0,0.0,1.0,0.0,0.0,1021
-0.8604422867835588,-1.6203858016606014,-0.5052107749413997,0.2975731245549537,-1.6548914903141079,0.4987218931852793,0.6646824796518315,0.0,0.0,0.0,0.0,0.0,0.0,0.0,0.0,0.0,1.0,0.0,0.0,0.0,0.0,0.0,0.0,0.0,0.0,0.0,0.0,0.0,1.0,0.0,0.0,0.0,0.0,0.0,1.0,0.0,0.0,0.0,0.0,0.0,0.0,0.0,1.0,3724
1.356296277874023,0.3869332093639025,1.3205189830143795,-0.25513012114553696,-0.23233982288241753,-0.5222890639072096,-0.6938918272502459,0.0,1.0,0.0,0.0,0.0,0.0,0.0,0.0,0.0,0.0,0.0,0.0,0.0,0.0,0.0,1.0,0.0,0.0,0.0,0.0,0.0,0.0,0.0,0.0,0.0,0.0,0.0,0.0,1.0,0.0,0.0,1.0,0.0,0.0,0.0,0.0,2102
-0.6778873461646991,-1.5904258164214298,-0.283910198219487,0.20085005655736785,-1.0837555048768495,-0.8439774476486795,-1.1014641193208692,0.0,0.0,0.0,0.0,0.0,0.0,0.0,0.0,0.0,0.0,0.0,0.0,1.0,0.0,0.0,0.0,0.0,0.0,0.0,0.0,0.0,0.0,0.0,0.0,1.0,0.0,0.0,0.0,0.0,1.0,0.0,0.0,0.0,1.0,0.0,0.0,2618
0.5999972381673186,0.5666931207989327,1.0070098326583365,-1.0565498274112486,0.8376587671188656,0.45676253878421774,0.39296761827141596,0.0,0.0,0.0,0.0,0.0,0.0,1.0,0.0,0.0,0.0,0.0,0.0,0.0,0.0,0.0,0.0,1.0,0.0,0.0,0.0,0.0,0.0,0.0,0.0,0.0,0.0,0.0,0.0,0.0,0.0,1.0,0.0,0.0,0.0,1.0,0.0,2269
-1.3037899997150753,-0.7815062149637939,-0.634302778029182,-0.2136773777180002,1.7490084722764667,-0.7180993844454961,-1.3731789807012846,0.0,0.0,0.0,0.0,0.0,0.0,0.0,0.0,0.0,0.0,0.0,1.0,0.0,0.0,0.0,0.0,0.0,0.0,0.0,0.0,0.0,0.0,1.0,0.0,0.0,0.0,1.0,0.0,0.0,0.0,0.0,0.0,0.0,0.0,1.0,0.0,920
0.5478386837047874,-1.1410260378338544,0.2140160994048164,0.44956651712258866,-1.5579393940207464,-0.20060068016574098,0.6646824796518315,0.0,0.0,0.0,0.0,0.0,0.0,0.0,0.0,1.0,0.0,0.0,0.0,0.0,0.0,0.0,0.0,0.0,1.0,0.0,0.0,0.0,0.0,0.0,0.0,0.0,0.0,0.0,1.0,0.0,0.0,0.0,0.0,0.0,0.0,1.0,0.0,2877
0.6260765153985843,-1.4106659049863997,1.2836355535607273,-1.0012795028411994,0.2559461893586954,-1.4593813121975767,1.0722547717224546,0.0,1.0,0.0,0.0,0.0,0.0,0.0,0.0,0.0,0.0,0.0,0.0,0.0,0.0,0.0,0.0,0.0,0.0,0.0,0.0,0.0,1.0,0.0,0.0,0.0,0.0,0.0,0.0,0.0,1.0,0.0,0.0,0.0,1.0,0.0,0.0,4270
-1.5385034947964662,1.0760128698648517,-1.6117136585509626,1.237168642245788,-1.4274947553714958,-0.8439774476486795,0.12125275689100051,0.0,1.0,0.0,0.0,0.0,0.0,0.0,0.0,0.0,0.0,0.0,0.0,0.0,0.0,0.0,0.0,0.0,0.0,1.0,0.0,0.0,0.0,0.0,0.0,0.0,0.0,0.0,0.0,0.0,0.0,1.0,0.0,1.0,0.0,0.0,0.0,1798
-1.6688998809527946,-1.5604658311822581,1.3758441271948576,-1.3052662879764694,-0.21823769978520158,-0.8020180932476181,-0.014604673799207216,0.0,0.0,0.0,0.0,0.0,0.0,0.0,0.0,0.0,0.0,0.0,1.0,0.0,0.0,0.0,0.0,0.0,0.0,0.0,0.0,0.0,0.0,0.0,1.0,0.0,0.0,1.0,0.0,0.0,0.0,0.0,0.0,0.0,0.0,0.0,1.0,1295
-0.10414324707685439,-1.2009460083121977,1.3205189830143795,-0.0755015662928775,1.4070319871689727,1.2679767238714015,-0.6938918272502459,0.0,0.0,0.0,0.0,1.0,0.0,0.0,0.0,0.0,0.0,0.0,0.0,0.0,0.0,0.0,0.0,0.0,1.0,0.0,0.0,0.0,0.0,0.0,0.0,0.0,0.0,1.0,0.0,0.0,0.0,0.0,0.0,1.0,0.0,0.0,0.0,2899
1.1476620600238978,0.5666931207989327,0.43531667612672903,-1.291448706833957,0.9592895788323567,0.35885737851507576,1.2081122024126625,0.0,0.0,0.0,0.0,0.0,0.0,0.0,0.0,0.0,0.0,0.0,1.0,0.0,0.0,0.0,0.0,1.0,0.0,0.0,0.0,0.0,0.0,0.0,0.0,0.0,0.0,0.0,0.0,1.0,0.0,0.0,0.0,0.0,0.0,0.0,1.0,3913
0.28704591139213065,-1.5904258164214298,0.06648238159020799,-1.6368882353967638,-0.6836077619933383,-0.6062077727093328,-0.4221769658698304,0.0,0.0,0.0,0.0,0.0,0.0,0.0,0.0,0.0,0.0,0.0,0.0,0.0,1.0,0.0,0.0,0.0,1.0,0.0,0.0,0.0,0.0,0.0,0.0,0.0,0.0,1.0,0.0,0.0,0.0,0.0,0.0,0.0,0.0,0.0,1.0,686
-0.3649360193895111,-1.1110660525946825,-0.5052107749413997,1.651696076521156,0.9064066172177949,-0.7880316417805979,1.2081122024126625,0.0,0.0,0.0,0.0,0.0,0.0,0.0,0.0,0.0,1.0,0.0,0.0,0.0,0.0,0.0,0.0,0.0,0.0,0.0,0.0,0.0,0.0,0.0,0.0,1.0,0.0,0.0,0.0,1.0,0.0,0.0,1.0,0.0,0.0,0.0,0.0,2043
0.18272880246706796,0.3270132388855591,-1.6485970880046148,-0.1998597965754879,-0.7488300813179636,0.09311480064168749,1.6156844944832855,0.0,0.0,0.0,0.0,0.0,0.0,0.0,0.0,1.0,0.0,0.0,0.0,0.0,0.0,0.0,0.0,0.0,0.0,0.0,0.0,0.0,0.0,0.0,1.0,0.0,0.0,0.0,0.0,0.0,1.0,0.0,0.0,0.0,0.0,0.0,1.0,2048
-1.5124242175652005,0.237133283168044,-0.9293702136583988,-0.25513012114553696,-1.0061938278421598,-1.3195167975273732,-1.1014641193208692,0.0,0.0,1.0,0.0,0.0,0.0,0.0,0.0,0.0,0.0,0.0,0.0,0.0,0.0,1.0,0.0,0.0,0.0,0.0,0.0,0.0,0.0,0.0,0.0,0.0,0.0,1.0,0.0,0.0,0.0,0.0,1.0,0.0,0.0,0.0,0.0,966
1.3302170006427574,-1.2009460083121977,-0.26546848349266094,1.195715898818251,0.3863908280079455,-0.8579638991156997,1.6156844944832855,0.0,0.0,0.0,0.0,0.0,0.0,0.0,0.0,1.0,0.0,0.0,0.0,0.0,0.0,0.0,1.0,0.0,0.0,0.0,0.0,0.0,0.0,0.0,0.0,0.0,0.0,0.0,0.0,0.0,1.0,0.0,0.0,1.0,0.0,0.0,0.0,1313
-1.5645827720277319,0.8962529584298214,0.8963595442973803,-1.2499959634064202,-0.8352055852884129,-1.2775574431263117,0.6646824796518315,0.0,0.0,1.0,0.0,0.0,0.0,0.0,0.0,0.0,0.0,0.0,0.0,0.0,0.0,0.0,0.0,0.0,0.0,0.0,0.0,0.0,0.0,0.0,0.0,0.0,1.0,0.0,0.0,0.0,1.0,0.0,0.0,0.0,0.0,0.0,1.0,2572
-0.07806396984558873,1.6152926041699422,0.45375839085355507,0.10412698855978197,-1.432783051532952,-1.3614761519284349,1.2081122024126625,0.0,0.0,0.0,0.0,0.0,0.0,1.0,0.0,0.0,0.0,0.0,0.0,0.0,0.0,1.0,0.0,0.0,0.0,0.0,0.0,0.0,0.0,0.0,0.0,0.0,0.0,1.0,0.0,0.0,0.0,0.0,0.0,0.0,0.0,0.0,1.0,4921
-1.2516314452525439,1.3756127222565686,1.6709115628240745,0.8502763702554444,0.22069088161565423,-0.49431616097316944,-1.1014641193208692,0.0,0.0,1.0,0.0,0.0,0.0,0.0,0.0,0.0,0.0,0.0,0.0,0.0,0.0,0.0,0.0,1.0,0.0,0.0,0.0,0.0,0.0,0.0,0.0,0.0,0.0,0.0,0.0,0.0,1.0,0.0,0.0,0.0,1.0,0.0,0.0,919
-0.8343630095522931,1.6752125746482855,-0.4498856307609215,1.2648038045308123,0.26123448552015105,0.4707489902512391,-0.8297492579404536,1.0,0.0,0.0,0.0,0.0,0.0,0.0,0.0,0.0,0.0,0.0,0.0,0.0,0.0,0.0,0.0,0.0,0.0,0.0,0.0,0.0,0.0,0.0,0.0,0.0,1.0,0.0,1.0,0.0,0.0,0.0,0.0,0.0,1.0,0.0,0.0,2194
0.39136302031719333,-0.6017463035287637,0.9148012590242064,-0.04786640400785297,0.22421641238995885,0.5127083446522994,-0.8297492579404536,0.0,0.0,0.0,0.0,0.0,0.0,0.0,1.0,0.0,0.0,0.0,0.0,0.0,0.0,0.0,0.0,0.0,0.0,0.0,0.0,0.0,0.0,0.0,1.0,0.0,0.0,0.0,1.0,0.0,0.0,0.0,0.0,1.0,0.0,0.0,0.0,2494
0.5478386837047874,0.11729334221135719,0.4722001055803811,-0.5729344874233191,1.4317107025891014,-1.2635709916592914,0.12125275689100051,0.0,0.0,0.0,0.0,0.0,0.0,0.0,1.0,0.0,0.0,0.0,0.0,0.0,0.0,0.0,0.0,0.0,0.0,0.0,0.0,0.0,0.0,0.0,0.0,1.0,0.0,1.0,0.0,0.0,0.0,0.0,0.0,0.0,0.0,1.0,0.0,1059
0.36528374308592765,-1.2908259640297128,1.0623349768388148,-0.6834751365634173,0.06204199677197155,-1.6551916327358633,-1.3731789807012846,0.0,0.0,0.0,0.0,0.0,0.0,0.0,0.0,0.0,0.0,0.0,0.0,0.0,1.0,0.0,0.0,0.0,0.0,0.0,0.0,0.0,1.0,0.0,0.0,0.0,0.0,0.0,0.0,0.0,0.0,1.0,1.0,0.0,0.0,0.0,0.0,2617
1.1476620600238978,0.7764130174731346,0.04804066686338194,-0.9045564348436136,1.519848971946703,-0.5922213212423126,0.12125275689100051,0.0,0.0,0.0,0.0,0.0,1.0,0.0,0.0,0.0,0.0,0.0,0.0,0.0,0.0,0.0,0.0,0.0,1.0,0.0,0.0,0.0,0.0,0.0,0.0,0.0,0.0,1.0,0.0,0.0,0.0,0.0,0.0,0.0,0.0,0.0,1.0,2870
-1.069076504633684,-1.0811060673555108,0.6197338233949895,-0.04786640400785297,-0.7505928467051153,-0.8999232535167613,0.6646824796518315,0.0,0.0,1.0,0.0,0.0,0.0,0.0,0.0,0.0,0.0,0.0,0.0,0.0,0.0,1.0,0.0,0.0,0.0,0.0,0.0,0.0,0.0,0.0,0.0,0.0,0.0,0.0,1.0,0.0,0.0,0.0,1.0,0.0,0.0,0.0,0.0,3232
-1.1994728907900125,1.2857327665390534,-0.08105133622440043,-0.5176641628532701,0.47276633197839546,0.02318254330658571,1.0722547717224546,0.0,0.0,0.0,0.0,0.0,0.0,0.0,0.0,0.0,0.0,0.0,0.0,0.0,1.0,0.0,0.0,0.0,0.0,0.0,0.0,0.0,0.0,0.0,1.0,0.0,0.0,0.0,0.0,0.0,0.0,1.0,0.0,0.0,0.0,1.0,0.0,1340
-0.4692531283145738,-1.0811060673555108,1.0623349768388148,-0.15840705314795112,-1.2353533281719242,1.7015567193490346,1.0722547717224546,0.0,0.0,0.0,0.0,0.0,0.0,0.0,0.0,0.0,0.0,0.0,1.0,0.0,0.0,0.0,0.0,0.0,0.0,0.0,0.0,1.0,0.0,0.0,0.0,0.0,0.0,0.0,0.0,1.0,0.0,0.0,0.0,0.0,0.0,1.0,0.0,4584
0.46960085201099033,-1.2309059935513693,-1.316646222921746,1.2095334799607633,-1.540311740149226,0.7504780195916462,-0.6938918272502459,0.0,0.0,0.0,0.0,0.0,0.0,0.0,1.0,0.0,0.0,0.0,0.0,0.0,0.0,0.0,0.0,1.0,0.0,0.0,0.0,0.0,0.0,0.0,0.0,0.0,0.0,0.0,0.0,0.0,0.0,1.0,0.0,0.0,0.0,0.0,1.0,2734
0.07841169354200529,-1.6203858016606014,0.19557438467799035,1.3891620348134228,0.871151309474755,0.5826406019874024,1.6156844944832855,0.0,1.0,0.0,0.0,0.0,0.0,0.0,0.0,0.0,0.0,0.0,0.0,0.0,0.0,1.0,0.0,0.0,0.0,0.0,0.0,0.0,0.0,0.0,0.0,0.0,0.0,0.0,0.0,0.0,0.0,1.0,1.0,0.0,0.0,0.0,0.0,3322
-0.9386801184773558,-1.5604658311822581,0.80415097066325,-0.5452993251382946,0.6067365014019496,0.45676253878421774,1.6156844944832855,1.0,0.0,0.0,0.0,0.0,0.0,0.0,0.0,0.0,0.0,0.0,0.0,0.0,0.0,0.0,0.0,0.0,0.0,0.0,0.0,0.0,1.0,0.0,0.0,0.0,0.0,0.0,0.0,1.0,0.0,0.0,0.0,0.0,0.0,0.0,1.0,2864
0.808631456017444,0.8962529584298214,0.4722001055803811,-1.498712423971641,-1.0537884932952648,-1.3335032489943932,-0.8297492579404536,0.0,0.0,0.0,0.0,0.0,0.0,0.0,0.0,1.0,0.0,0.0,0.0,0.0,0.0,0.0,0.0,0.0,1.0,0.0,0.0,0.0,0.0,0.0,0.0,0.0,0.0,1.0,0.0,0.0,0.0,0.0,0.0,0.0,1.0,0.0,0.0,1174
1.6431683274179454,-0.7515462297246222,1.7077949922777267,-1.650705816539276,-0.07016540726443088,-1.6691780842028834,-0.5580343965600382,0.0,0.0,0.0,0.0,0.0,0.0,0.0,0.0,0.0,0.0,1.0,0.0,0.0,0.0,0.0,0.0,1.0,0.0,0.0,0.0,0.0,0.0,0.0,0.0,0.0,0.0,0.0,1.0,0.0,0.0,0.0,1.0,0.0,0.0,0.0,0.0,722
-0.10414324707685439,-0.8414261854421372,-0.9293702136583988,-0.9321915971286381,-0.9409715085175352,0.9602747915969528,-0.8297492579404536,0.0,0.0,0.0,1.0,0.0,0.0,0.0,0.0,0.0,0.0,0.0,0.0,0.0,0.0,0.0,0.0,0.0,0.0,0.0,0.0,1.0,0.0,0.0,0.0,0.0,0.0,0.0,0.0,0.0,0.0,1.0,0.0,1.0,0.0,0.0,0.0,863
-1.5906620492589976,0.8962529584298214,-1.6301553732777887,0.781188464542883,-1.148977824201475,-1.5433000209996999,-0.8297492579404536,0.0,0.0,0.0,0.0,0.0,0.0,0.0,0.0,1.0,0.0,0.0,0.0,0.0,0.0,0.0,0.0,0.0,0.0,0.0,0.0,0.0,0.0,1.0,0.0,0.0,0.0,0.0,0.0,1.0,0.0,0.0,0.0,0.0,0.0,0.0,1.0,2769
0.20880807969833362,-1.3507459345080561,-0.9662536431120509,0.8917291136829812,-0.8034758083196765,0.6385864078554842,0.12125275689100051,0.0,0.0,0.0,0.0,0.0,0.0,0.0,0.0,0.0,0.0,0.0,0.0,0.0,1.0,0.0,0.0,0.0,0.0,0.0,0.0,0.0,1.0,0.0,0.0,0.0,0.0,0.0,0.0,0.0,0.0,1.0,1.0,0.0,0.0,0.0,0.0,1166
-1.3559485541776066,-1.470585875464743,1.172985265199771,1.6378784953786436,0.6384662783706861,0.009196091839565603,-0.014604673799207216,1.0,0.0,0.0,0.0,0.0,0.0,0.0,0.0,0.0,0.0,0.0,0.0,0.0,0.0,0.0,0.0,0.0,1.0,0.0,0.0,0.0,0.0,0.0,0.0,0.0,0.0,0.0,0.0,0.0,0.0,1.0,0.0,0.0,0.0,1.0,0.0,1136
-1.329869276946341,1.1658928255823668,0.2508995288584685,1.140445574248202,-1.2406416243333804,1.0302070489320545,-0.014604673799207216,0.0,0.0,0.0,1.0,0.0,0.0,0.0,0.0,0.0,0.0,0.0,0.0,0.0,0.0,0.0,0.0,0.0,0.0,1.0,0.0,0.0,0.0,0.0,0.0,0.0,0.0,0.0,0.0,0.0,0.0,1.0,0.0,0.0,0.0,1.0,0.0,1360
1.5388512184928829,-1.4406258902255713,1.0992184062924668,-0.8216509479885399,0.7054513630824631,0.3168980241140142,-1.5090364113914922,0.0,0.0,0.0,0.0,0.0,0.0,0.0,0.0,1.0,0.0,0.0,0.0,0.0,0.0,0.0,0.0,0.0,0.0,0.0,0.0,0.0,0.0,0.0,0.0,0.0,1.0,1.0,0.0,0.0,0.0,0.0,0.0,0.0,0.0,1.0,0.0,3322
-0.02590541538305739,-1.0211860968771675,-0.9478119283852249,-0.0340488228653407,1.7648733607608356,0.02318254330658571,0.6646824796518315,0.0,0.0,1.0,0.0,0.0,0.0,0.0,0.0,0.0,0.0,0.0,0.0,0.0,0.0,0.0,0.0,1.0,0.0,0.0,0.0,0.0,0.0,0.0,0.0,0.0,0.0,0.0,0.0,0.0,1.0,0.0,0.0,1.0,0.0,0.0,0.0,1630
0.28704591139213065,0.4168931946030742,-1.1322290756534854,1.237168642245788,0.12726431609659694,1.7714889766841364,1.6156844944832855,0.0,0.0,0.0,0.0,0.0,0.0,1.0,0.0,0.0,0.0,0.0,0.0,0.0,0.0,0.0,0.0,0.0,0.0,0.0,1.0,0.0,0.0,0.0,0.0,0.0,0.0,0.0,0.0,1.0,0.0,0.0,1.0,0.0,0.0,0.0,0.0,1518
0.9911863966363037,1.4954526632132554,1.6524698480972484,-1.291448706833957,-1.0908065664254576,1.2679767238714015,-1.3731789807012846,0.0,0.0,0.0,0.0,0.0,0.0,1.0,0.0,0.0,0.0,0.0,0.0,0.0,0.0,0.0,0.0,0.0,0.0,0.0,0.0,0.0,0.0,1.0,0.0,0.0,0.0,0.0,0.0,1.0,0.0,0.0,0.0,1.0,0.0,0.0,0.0,1485
-1.069076504633684,1.5853326189307706,-0.5974193485755299,1.5826081708085946,0.22950470855141453,-1.55728647246672,-0.4221769658698304,0.0,1.0,0.0,0.0,0.0,0.0,0.0,0.0,0.0,0.0,0.0,0.0,0.0,0.0,0.0,0.0,0.0,1.0,0.0,0.0,0.0,0.0,0.0,0.0,0.0,0.0,0.0,0.0,0.0,0.0,1.0,1.0,0.0,0.0,0.0,0.0,1624
-1.3037899997150753,-0.7815062149637939,1.3942858419216837,1.1680807365332266,0.2823876701659756,-1.6551916327358633,1.2081122024126625,0.0,0.0,0.0,0.0,0.0,0.0,0.0,0.0,0.0,0.0,0.0,0.0,0.0,1.0,0.0,0.0,0.0,0.0,0.0,0.0,0.0,1.0,0.0,0.0,0.0,0.0,1.0,0.0,0.0,0.0,0.0,0.0,0.0,0.0,1.0,0.0,1499
0.7825521787861783,1.345652737017397,1.5602612744631181,-1.2085432199788835,-1.055551258682417,1.6595973649479732,-0.014604673799207216,0.0,0.0,0.0,0.0,0.0,0.0,0.0,0.0,0.0,0.0,0.0,1.0,0.0,0.0,0.0,0.0,0.0,0.0,0.0,0.0,0.0,0.0,0.0,0.0,0.0,1.0,1.0,0.0,0.0,0.0,0.0,0.0,0.0,0.0,0.0,1.0,1202
0.495680129242256,-1.0511460821163392,0.1771326699511643,0.24230279998490464,0.6895864745980949,-1.0258013167199447,1.6156844944832855,0.0,0.0,0.0,0.0,0.0,0.0,0.0,0.0,0.0,0.0,0.0,0.0,1.0,0.0,0.0,0.0,0.0,0.0,1.0,0.0,0.0,0.0,0.0,0.0,0.0,0.0,0.0,0.0,1.0,0.0,0.0,0.0,1.0,0.0,0.0,0.0,2690
1.3302170006427574,0.4768131650814176,1.3942858419216837,-1.5401651673991779,-1.1084342202969781,-1.5293135695326798,1.2081122024126625,0.0,0.0,0.0,1.0,0.0,0.0,0.0,0.0,0.0,0.0,0.0,0.0,0.0,0.0,0.0,0.0,0.0,0.0,1.0,0.0,0.0,0.0,0.0,0.0,0.0,0.0,1.0,0.0,0.0,0.0,0.0,0.0,0.0,0.0,0.0,1.0,1818
-1.5906620492589976,-0.45194637733290516,-0.22858505403900883,1.4444323593834718,-1.4486479400173202,-0.6761400300444346,-0.5580343965600382,0.0,0.0,0.0,0.0,0.0,0.0,0.0,0.0,0.0,0.0,0.0,0.0,1.0,0.0,0.0,0.0,0.0,0.0,0.0,0.0,0.0,0.0,1.0,0.0,0.0,0.0,1.0,0.0,0.0,0.0,0.0,0.0,0.0,0.0,1.0,0.0,1281
-0.2866981876957141,-0.9013461559204806,1.6524698480972484,-0.9321915971286381,1.433473467976253,1.058179951866096,0.6646824796518315,0.0,0.0,0.0,0.0,1.0,0.0,0.0,0.0,0.0,0.0,0.0,0.0,0.0,0.0,0.0,0.0,0.0,0.0,0.0,0.0,0.0,0.0,0.0,1.0,0.0,0.0,0.0,0.0,0.0,1.0,0.0,0.0,1.0,0.0,0.0,0.0,2877
-0.9647593957086215,-0.15234652494118814,-1.4457382260095282,-0.669657555420905,-0.29051108065843495,-0.20060068016574098,-0.014604673799207216,0.0,0.0,0.0,0.0,0.0,0.0,0.0,0.0,0.0,0.0,0.0,0.0,0.0,1.0,0.0,0.0,1.0,0.0,0.0,0.0,0.0,0.0,0.0,0.0,0.0,0.0,0.0,0.0,0.0,1.0,0.0,0.0,0.0,0.0,0.0,1.0,917
0.65215579262985,-0.6916262592462787,-0.5789776338487038,-0.7940157857035154,-0.2517302421410904,-1.20762518579121,1.6156844944832855,0.0,0.0,0.0,0.0,0.0,0.0,0.0,0.0,0.0,0.0,0.0,0.0,1.0,0.0,0.0,1.0,0.0,0.0,0.0,0.0,0.0,0.0,0.0,0.0,0.0,0.0,0.0,0.0,0.0,1.0,0.0,0.0,0.0,1.0,0.0,0.0,3990
-1.1473143363274811,0.836332987951478,-0.9109284989315728,-0.25513012114553696,0.15546856229102948,1.0721664033331162,0.6646824796518315,0.0,0.0,0.0,0.0,1.0,0.0,0.0,0.0,0.0,0.0,0.0,0.0,0.0,0.0,0.0,0.0,0.0,0.0,1.0,0.0,0.0,0.0,0.0,0.0,0.0,0.0,0.0,1.0,0.0,0.0,0.0,0.0,0.0,1.0,0.0,0.0,847
1.6431683274179454,-0.0025465987453296202,1.0992184062924668,-0.2827652834305615,-1.0749416779410892,-0.6481671271103944,-0.9656066886306613,0.0,0.0,0.0,0.0,0.0,1.0,0.0,0.0,0.0,0.0,0.0,0.0,0.0,0.0,1.0,0.0,0.0,0.0,0.0,0.0,0.0,0.0,0.0,0.0,0.0,0.0,1.0,0.0,0.0,0.0,0.0,0.0,0.0,1.0,0.0,0.0,4142
-0.5214116827771051,1.2258127960607101,-0.26546848349266094,0.9746346005380548,1.475779837267902,1.2819631753384226,0.39296761827141596,0.0,0.0,0.0,0.0,0.0,0.0,0.0,0.0,0.0,0.0,0.0,0.0,0.0,1.0,0.0,1.0,0.0,0.0,0.0,0.0,0.0,0.0,0.0,0.0,0.0,0.0,0.0,0.0,0.0,1.0,0.0,0.0,0.0,1.0,0.0,0.0,5649
0.5478386837047874,1.3756127222565686,-1.4826216554631804,0.11794456970229424,1.7313808184049462,-1.473367763664598,1.479827063793078,0.0,0.0,1.0,0.0,0.0,0.0,0.0,0.0,0.0,0.0,0.0,0.0,0.0,0.0,0.0,0.0,0.0,0.0,1.0,0.0,0.0,0.0,0.0,0.0,0.0,0.0,1.0,0.0,0.0,0.0,0.0,0.0,0.0,0.0,1.0,0.0,830
1.591009772955414,1.5853326189307706,-0.4498856307609215,-1.1670904765513466,0.30354085481180015,1.128112209201198,1.6156844944832855,0.0,0.0,0.0,0.0,0.0,1.0,0.0,0.0,0.0,0.0,0.0,0.0,0.0,0.0,0.0,0.0,0.0,0.0,0.0,0.0,0.0,0.0,0.0,1.0,0.0,0.0,0.0,1.0,0.0,0.0,0.0,0.0,0.0,0.0,1.0,0.0,1802
-0.8604422867835588,0.4168931946030742,1.3758441271948576,-1.6230706542542515,-1.5914319363766347,0.3029115726469941,0.8005399103420392,0.0,0.0,1.0,0.0,0.0,0.0,0.0,0.0,0.0,0.0,0.0,0.0,0.0,0.0,0.0,0.0,0.0,1.0,0.0,0.0,0.0,0.0,0.0,0.0,0.0,0.0,0.0,1.0,0.0,0.0,0.0,0.0,0.0,1.0,0.0,0.0,1831
0.5999972381673186,0.5966531060381044,-0.11793476567805253,-0.006413660580316168,-1.2706086359149649,-0.2285735830997812,0.8005399103420392,0.0,0.0,0.0,0.0,0.0,0.0,0.0,0.0,0.0,0.0,0.0,1.0,0.0,0.0,0.0,0.0,1.0,0.0,0.0,0.0,0.0,0.0,0.0,0.0,0.0,0.0,0.0,0.0,0.0,0.0,1.0,0.0,0.0,0.0,0.0,1.0,5184
0.7043143470923814,1.4055727074957403,0.43531667612672903,-0.4071235137131719,0.9116949133792512,1.3379089812065044,1.6156844944832855,0.0,0.0,0.0,0.0,0.0,0.0,0.0,0.0,0.0,0.0,0.0,0.0,0.0,1.0,0.0,0.0,0.0,1.0,0.0,0.0,0.0,0.0,0.0,0.0,0.0,0.0,0.0,0.0,0.0,1.0,0.0,1.0,0.0,0.0,0.0,0.0,3657
0.05233241631073962,0.4168931946030742,1.3205189830143795,-0.1998597965754879,0.9099321479920995,-0.5083026124401896,-1.5090364113914922,0.0,1.0,0.0,0.0,0.0,0.0,0.0,0.0,0.0,0.0,0.0,0.0,0.0,0.0,0.0,0.0,0.0,0.0,0.0,0.0,0.0,0.0,1.0,0.0,0.0,0.0,0.0,1.0,0.0,0.0,0.0,0.0,0.0,0.0,1.0,0.0,1107
0.7564729015549126,-0.36206642161539004,-0.9109284989315728,1.4720675216684964,-0.4033280654361651,0.2609522182459325,-0.5580343965600382,0.0,0.0,0.0,0.0,0.0,0.0,0.0,0.0,0.0,1.0,0.0,0.0,0.0,0.0,0.0,0.0,0.0,0.0,0.0,0.0,0.0,0.0,0.0,1.0,0.0,0.0,0.0,0.0,1.0,0.0,0.0,0.0,0.0,0.0,1.0,0.0,4397
-0.5735702372396364,-0.7815062149637939,0.19557438467799035,0.9193642759680057,-0.18121962665500876,1.128112209201198,-1.6448938420817,0.0,0.0,0.0,0.0,1.0,0.0,0.0,0.0,0.0,0.0,0.0,0.0,0.0,0.0,0.0,0.0,0.0,0.0,0.0,0.0,0.0,0.0,0.0,1.0,0.0,0.0,0.0,0.0,1.0,0.0,0.0,0.0,0.0,1.0,0.0,0.0,1471
-0.23453963323318275,-0.15234652494118814,1.191426979926597,-0.43475867599819645,-0.45268549627642163,-1.5433000209996999,-0.9656066886306613,0.0,0.0,0.0,0.0,0.0,1.0,0.0,0.0,0.0,0.0,0.0,0.0,0.0,0.0,0.0,0.0,0.0,0.0,0.0,0.0,0.0,1.0,0.0,0.0,0.0,0.0,0.0,1.0,0.0,0.0,0.0,0.0,0.0,1.0,0.0,0.0,794
-1.0951557818649498,1.2557727812998818,0.8779178295705543,-0.2827652834305615,-1.2635575743663567,1.4498005929426665,-1.2373215500110768,0.0,0.0,0.0,0.0,1.0,0.0,0.0,0.0,0.0,0.0,0.0,0.0,0.0,0.0,0.0,0.0,1.0,0.0,0.0,0.0,0.0,0.0,0.0,0.0,0.0,0.0,0.0,0.0,0.0,0.0,1.0,0.0,0.0,1.0,0.0,0.0,1686
-1.5906620492589976,-0.12238653970201642,-0.5789776338487038,0.14557973198731877,-1.2106746127517958,1.393854787074586,-1.3731789807012846,0.0,0.0,0.0,0.0,0.0,0.0,0.0,0.0,0.0,0.0,1.0,0.0,0.0,0.0,0.0,0.0,0.0,0.0,0.0,0.0,0.0,0.0,0.0,0.0,1.0,0.0,0.0,0.0,0.0,1.0,0.0,0.0,1.0,0.0,0.0,0.0,1727
-0.3910152966207768,-1.0511460821163392,-1.003137072565703,1.0299049251081038,-0.5602141848926961,-0.1446548742976593,0.25711018758120824,0.0,0.0,0.0,0.0,0.0,0.0,0.0,0.0,1.0,0.0,0.0,0.0,0.0,0.0,0.0,0.0,0.0,0.0,0.0,0.0,1.0,0.0,0.0,0.0,0.0,0.0,1.0,0.0,0.0,0.0,0.0,0.0,0.0,0.0,1.0,0.0,803
0.10449097077327096,0.9561729289081649,-1.353529652375398,-0.5591169062808069,-1.2476926858819886,-1.6551916327358633,1.2081122024126625,0.0,0.0,0.0,0.0,1.0,0.0,0.0,0.0,0.0,0.0,0.0,0.0,0.0,0.0,0.0,0.0,0.0,0.0,0.0,0.0,0.0,1.0,0.0,0.0,0.0,0.0,0.0,0.0,1.0,0.0,0.0,0.0,0.0,0.0,1.0,0.0,1079
-0.2866981876957141,-0.9313061411596524,-0.17325990985853068,-0.7387454611334663,0.08319518141779612,0.13507415504274906,-1.6448938420817,0.0,0.0,0.0,0.0,0.0,0.0,0.0,1.0,0.0,0.0,0.0,0.0,0.0,0.0,0.0,0.0,0.0,0.0,0.0,0.0,1.0,0.0,0.0,0.0,0.0,0.0,1.0,0.0,0.0,0.0,0.0,0.0,0.0,0.0,0.0,1.0,2244
-0.9386801184773558,-0.24222648065870322,0.6566172528486416,0.2975731245549537,-0.5760790733770643,-0.3824245492370061,-1.6448938420817,0.0,0.0,0.0,0.0,0.0,0.0,0.0,0.0,0.0,0.0,0.0,1.0,0.0,0.0,0.0,0.0,0.0,0.0,0.0,0.0,0.0,0.0,0.0,0.0,0.0,1.0,1.0,0.0,0.0,0.0,0.0,0.0,0.0,1.0,0.0,0.0,3953
-0.4692531283145738,-0.18230651018035982,1.191426979926597,-0.14458947200543884,0.4375110242353543,1.323922529739483,-0.014604673799207216,0.0,0.0,0.0,0.0,0.0,0.0,0.0,0.0,0.0,0.0,0.0,0.0,1.0,0.0,0.0,1.0,0.0,0.0,0.0,0.0,0.0,0.0,0.0,0.0,0.0,0.0,1.0,0.0,0.0,0.0,0.0,0.0,0.0,0.0,0.0,1.0,6753
0.7303936243236471,1.555372633691599,1.0438932621119887,0.11794456970229424,-1.2952873513350933,1.0162205974650345,-1.2373215500110768,0.0,0.0,0.0,0.0,0.0,0.0,0.0,0.0,0.0,1.0,0.0,0.0,0.0,0.0,0.0,0.0,0.0,1.0,0.0,0.0,0.0,0.0,0.0,0.0,0.0,0.0,0.0,0.0,0.0,0.0,1.0,0.0,0.0,0.0,0.0,1.0,3577
-1.329869276946341,-0.062466569223673024,-1.2797627934680937,-0.26894770228804926,1.7102276337591222,0.7364915681246261,-1.2373215500110768,0.0,0.0,0.0,0.0,0.0,0.0,0.0,0.0,0.0,0.0,0.0,0.0,0.0,1.0,0.0,1.0,0.0,0.0,0.0,0.0,0.0,0.0,0.0,0.0,0.0,0.0,0.0,0.0,1.0,0.0,0.0,1.0,0.0,0.0,0.0,0.0,3174
1.6953268818804768,-0.21226649541953152,-0.17325990985853068,0.4772016794076132,0.4304599626867463,-0.24256003456680256,1.479827063793078,0.0,0.0,0.0,0.0,0.0,0.0,0.0,0.0,0.0,0.0,0.0,0.0,1.0,0.0,0.0,0.0,0.0,0.0,0.0,0.0,0.0,0.0,0.0,1.0,0.0,0.0,0.0,0.0,1.0,0.0,0.0,0.0,0.0,0.0,1.0,0.0,3238
-0.9908386729398871,0.7464530322339629,-0.9109284989315728,0.6291950719752482,1.7102276337591222,0.20500641237785083,1.34396963310287,0.0,0.0,0.0,0.0,0.0,0.0,0.0,0.0,1.0,0.0,0.0,0.0,0.0,0.0,0.0,1.0,0.0,0.0,0.0,0.0,0.0,0.0,0.0,0.0,0.0,0.0,0.0,0.0,0.0,1.0,0.0,0.0,0.0,0.0,1.0,0.0,1996
-1.6167413264902633,-1.4406258902255713,-0.48676906021457356,0.781188464542883,1.1461427098704713,1.2819631753384226,-0.6938918272502459,0.0,0.0,0.0,0.0,0.0,1.0,0.0,0.0,0.0,0.0,0.0,0.0,0.0,0.0,0.0,0.0,0.0,0.0,0.0,0.0,0.0,0.0,0.0,0.0,1.0,0.0,0.0,0.0,0.0,0.0,1.0,0.0,0.0,1.0,0.0,0.0,931
-0.6518080689334335,1.4355326927349121,0.15869095522433824,0.6568302342602726,1.4722543064935976,0.8064238254597279,1.2081122024126625,0.0,0.0,0.0,0.0,0.0,0.0,0.0,1.0,0.0,0.0,0.0,0.0,0.0,0.0,0.0,1.0,0.0,0.0,0.0,0.0,0.0,0.0,0.0,0.0,0.0,0.0,0.0,1.0,0.0,0.0,0.0,1.0,0.0,0.0,0.0,0.0,3213
1.4084548323365544,-0.27218646589787493,-0.9293702136583988,1.3891620348134228,-0.8810374853543661,-0.3264787433689244,1.34396963310287,0.0,0.0,0.0,0.0,0.0,0.0,0.0,0.0,1.0,0.0,0.0,0.0,0.0,0.0,0.0,0.0,0.0,0.0,0.0,0.0,0.0,0.0,0.0,1.0,0.0,0.0,1.0,0.0,0.0,0.0,0.0,0.0,0.0,0.0,1.0,0.0,2899
-1.5645827720277319,-1.2009460083121977,0.011157237409729834,1.2509862233883002,-0.8616470660956932,0.10710125210870759,-0.6938918272502459,0.0,0.0,0.0,0.0,0.0,0.0,0.0,0.0,0.0,0.0,0.0,0.0,1.0,0.0,0.0,0.0,0.0,0.0,0.0,0.0,0.0,0.0,0.0,0.0,1.0,0.0,1.0,0.0,0.0,0.0,0.0,0.0,0.0,0.0,0.0,1.0,2986
0.9911863966363037,-1.3807059197472278,-0.5974193485755299,0.7259181399728339,1.1197012290631911,0.5826406019874024,0.6646824796518315,0.0,0.0,0.0,0.0,0.0,0.0,0.0,1.0,0.0,0.0,0.0,0.0,0.0,0.0,0.0,0.0,0.0,0.0,1.0,0.0,0.0,0.0,0.0,0.0,0.0,0.0,0.0,1.0,0.0,0.0,0.0,0.0,0.0,1.0,0.0,0.0,28970
-0.13022252430812006,-0.6317062887679353,0.5275252497608592,-0.0755015662928775,-1.161317181911539,1.4637870444096879,0.25711018758120824,0.0,0.0,0.0,0.0,0.0,0.0,1.0,0.0,0.0,0.0,0.0,0.0,0.0,0.0,0.0,0.0,0.0,0.0,0.0,0.0,1.0,0.0,0.0,0.0,0.0,0.0,1.0,0.0,0.0,0.0,0.0,1.0,0.0,0.0,0.0,0.0,843
-0.9386801184773558,-0.0025465987453296202,-0.7633947811169643,1.5826081708085946,-0.11599730733038338,1.0441935003990759,-1.2373215500110768,0.0,0.0,0.0,0.0,0.0,0.0,0.0,0.0,1.0,0.0,0.0,0.0,0.0,0.0,0.0,0.0,0.0,1.0,0.0,0.0,0.0,0.0,0.0,0.0,0.0,0.0,0.0,0.0,1.0,0.0,0.0,0.0,0.0,0.0,0.0,1.0,4000
1.6953268818804768,-0.8114662002029656,-0.41300220130726933,-1.7888816279643986,-0.5425865310211755,0.34487092704805566,1.6156844944832855,0.0,0.0,0.0,0.0,0.0,0.0,0.0,0.0,0.0,0.0,0.0,1.0,0.0,0.0,0.0,0.0,0.0,1.0,0.0,0.0,0.0,0.0,0.0,0.0,0.0,0.0,0.0,1.0,0.0,0.0,0.0,0.0,0.0,1.0,0.0,0.0,1395
1.6431683274179454,-1.3807059197472278,0.2508995288584685,1.5135202650960333,-0.5972322580228883,0.8204102769267493,0.6646824796518315,0.0,0.0,0.0,0.0,0.0,0.0,0.0,0.0,1.0,0.0,0.0,0.0,0.0,0.0,0.0,0.0,0.0,0.0,0.0,0.0,0.0,1.0,0.0,0.0,0.0,0.0,0.0,0.0,1.0,0.0,0.0,1.0,0.0,0.0,0.0,0.0,724
-1.2777107224838096,0.237133283168044,-0.007284477317096217,-1.5678003296842025,0.194249400808374,1.1001393062671563,-0.4221769658698304,0.0,1.0,0.0,0.0,0.0,0.0,0.0,0.0,0.0,0.0,0.0,0.0,0.0,0.0,0.0,0.0,0.0,0.0,0.0,1.0,0.0,0.0,0.0,0.0,0.0,0.0,0.0,1.0,0.0,0.0,0.0,0.0,0.0,0.0,1.0,0.0,2969
1.4345341095678201,-0.7515462297246222,-1.5010633701900065,1.610243333093619,0.3740514702978812,1.0022341459980144,1.479827063793078,0.0,0.0,0.0,0.0,0.0,1.0,0.0,0.0,0.0,0.0,0.0,0.0,0.0,0.0,0.0,0.0,1.0,0.0,0.0,0.0,0.0,0.0,0.0,0.0,0.0,0.0,0.0,0.0,0.0,1.0,0.0,0.0,0.0,0.0,1.0,0.0,1417
-1.5124242175652005,-1.0511460821163392,1.50493613028264,-0.2413125400030247,-0.1583036766220325,1.5057463988107482,1.34396963310287,0.0,0.0,0.0,0.0,1.0,0.0,0.0,0.0,0.0,0.0,0.0,0.0,0.0,0.0,0.0,0.0,0.0,0.0,0.0,0.0,0.0,1.0,0.0,0.0,0.0,0.0,1.0,0.0,0.0,0.0,0.0,0.0,0.0,0.0,0.0,1.0,3970
1.5649304957241483,-1.6503457868997733,1.5602612744631181,0.8779115325404689,1.703176572210514,-1.0817471225880264,-0.15046210448941494,0.0,0.0,0.0,0.0,0.0,0.0,0.0,0.0,0.0,0.0,1.0,0.0,0.0,0.0,1.0,0.0,0.0,0.0,0.0,0.0,0.0,0.0,0.0,0.0,0.0,0.0,0.0,0.0,0.0,1.0,0.0,0.0,0.0,0.0,1.0,0.0,2127
1.4866926640303515,-1.2309059935513693,-1.6485970880046148,0.3804786114100273,-0.9621246931633591,-0.11668197136361785,-0.014604673799207216,0.0,1.0,0.0,0.0,0.0,0.0,0.0,0.0,0.0,0.0,0.0,0.0,0.0,0.0,1.0,0.0,0.0,0.0,0.0,0.0,0.0,0.0,0.0,0.0,0.0,0.0,1.0,0.0,0.0,0.0,0.0,0.0,1.0,0.0,0.0,0.0,1649
0.33920446585466196,1.04605288462568,-1.353529652375398,-0.6005696497083437,1.1302778213861036,0.12108770357572894,0.6646824796518315,0.0,0.0,0.0,0.0,0.0,0.0,0.0,0.0,0.0,0.0,0.0,0.0,1.0,0.0,0.0,1.0,0.0,0.0,0.0,0.0,0.0,0.0,0.0,0.0,0.0,0.0,0.0,0.0,0.0,0.0,1.0,0.0,0.0,0.0,0.0,1.0,3225
-1.5385034947964662,-0.7215862444854505,0.3062246730389467,-0.5038465817107578,-0.9127672623231026,0.9183154371958913,1.479827063793078,0.0,1.0,0.0,0.0,0.0,0.0,0.0,0.0,0.0,0.0,0.0,0.0,0.0,0.0,0.0,0.0,0.0,1.0,0.0,0.0,0.0,0.0,0.0,0.0,0.0,0.0,0.0,0.0,0.0,0.0,1.0,0.0,1.0,0.0,0.0,0.0,1500
-1.3559485541776066,1.1658928255823668,-0.9662536431120509,-0.33803560800061055,0.5996854398533416,-1.7111374386039448,-1.3731789807012846,0.0,0.0,0.0,0.0,0.0,0.0,0.0,0.0,0.0,0.0,1.0,0.0,0.0,0.0,1.0,0.0,0.0,0.0,0.0,0.0,0.0,0.0,0.0,0.0,0.0,0.0,0.0,0.0,1.0,0.0,0.0,0.0,0.0,1.0,0.0,0.0,1575
-1.382027831408872,-1.2309059935513693,-1.1691125051071374,0.7259181399728339,-1.476852186211753,-0.368438097769986,0.39296761827141596,0.0,0.0,0.0,0.0,1.0,0.0,0.0,0.0,0.0,0.0,0.0,0.0,0.0,0.0,0.0,0.0,0.0,1.0,0.0,0.0,0.0,0.0,0.0,0.0,0.0,0.0,0.0,1.0,0.0,0.0,0.0,0.0,0.0,0.0,0.0,1.0,1751
-0.9908386729398871,-1.0811060673555108,-0.15481819513170464,-1.0012795028411994,0.47276633197839546,-1.5013406665986384,-1.6448938420817,0.0,0.0,0.0,0.0,0.0,0.0,0.0,0.0,0.0,0.0,0.0,1.0,0.0,0.0,0.0,0.0,0.0,0.0,0.0,0.0,1.0,0.0,0.0,0.0,0.0,0.0,0.0,0.0,1.0,0.0,0.0,0.0,0.0,1.0,0.0,0.0,3500
-0.07806396984558873,-1.5305058459430865,-0.32079362767313907,0.28375554341244147,-1.6866212672828442,0.6245999563884628,1.6156844944832855,0.0,0.0,1.0,0.0,0.0,0.0,0.0,0.0,0.0,0.0,0.0,0.0,0.0,0.0,0.0,0.0,0.0,0.0,0.0,1.0,0.0,0.0,0.0,0.0,0.0,0.0,0.0,1.0,0.0,0.0,0.0,0.0,1.0,0.0,0.0,0.0,1487
0.5478386837047874,-0.6317062887679353,-1.7776890910923973,-0.5591169062808069,1.6132755374657597,-0.1586413257646794,-1.3731789807012846,0.0,0.0,0.0,0.0,0.0,0.0,1.0,0.0,0.0,0.0,0.0,0.0,0.0,0.0,0.0,0.0,0.0,0.0,0.0,0.0,0.0,0.0,1.0,0.0,0.0,0.0,1.0,0.0,0.0,0.0,0.0,1.0,0.0,0.0,0.0,0.0,3637
-1.2255521680212782,-1.470585875464743,0.37999153194625085,-0.0340488228653407,-1.3816628553055432,0.5966270534544226,0.6646824796518315,0.0,0.0,0.0,0.0,0.0,0.0,1.0,0.0,0.0,0.0,0.0,0.0,0.0,0.0,0.0,0.0,0.0,0.0,1.0,0.0,0.0,0.0,0.0,0.0,0.0,0.0,0.0,0.0,0.0,1.0,0.0,0.0,0.0,0.0,1.0,0.0,2951
-0.6518080689334335,-0.30214645113704663,0.9701264032046846,0.9193642759680057,-1.529735147826314,-1.4174219577965164,-0.28631953517962266,0.0,1.0,0.0,0.0,0.0,0.0,0.0,0.0,0.0,0.0,0.0,0.0,0.0,0.0,1.0,0.0,0.0,0.0,0.0,0.0,0.0,0.0,0.0,0.0,0.0,0.0,0.0,0.0,1.0,0.0,0.0,1.0,0.0,0.0,0.0,0.0,1146
0.6260765153985843,0.4168931946030742,1.5602612744631181,0.39429619255253956,-1.009719358616464,0.23297931531189228,-0.9656066886306613,0.0,0.0,0.0,0.0,0.0,0.0,0.0,0.0,0.0,0.0,0.0,1.0,0.0,0.0,0.0,0.0,0.0,0.0,0.0,0.0,0.0,0.0,0.0,1.0,0.0,0.0,0.0,0.0,0.0,0.0,1.0,0.0,0.0,0.0,0.0,1.0,3089
0.8868692877112411,-0.36206642161539004,-0.5052107749413997,0.03503908284722063,-1.540311740149226,0.35885737851507576,1.6156844944832855,0.0,0.0,0.0,0.0,0.0,0.0,1.0,0.0,0.0,0.0,0.0,0.0,0.0,0.0,0.0,0.0,0.0,0.0,0.0,0.0,0.0,0.0,0.0,1.0,0.0,0.0,0.0,0.0,1.0,0.0,0.0,0.0,1.0,0.0,0.0,0.0,1413
0.31312518862339633,1.0760128698648517,-1.685480517458267,-0.876921272558589,0.724841782341136,-0.6621535785774145,-1.3731789807012846,0.0,0.0,0.0,0.0,0.0,0.0,0.0,0.0,1.0,0.0,0.0,0.0,0.0,0.0,0.0,0.0,0.0,0.0,0.0,0.0,0.0,1.0,0.0,0.0,0.0,0.0,0.0,1.0,0.0,0.0,0.0,1.0,0.0,0.0,0.0,0.0,1435
0.7303936243236471,-0.062466569223673024,1.6709115628240745,-0.5867520685658314,0.8447098286674736,1.156085112135238,0.5288250489616237,0.0,0.0,0.0,0.0,0.0,0.0,0.0,0.0,1.0,0.0,0.0,0.0,0.0,0.0,0.0,0.0,0.0,0.0,0.0,0.0,0.0,1.0,0.0,0.0,0.0,0.0,0.0,0.0,0.0,1.0,0.0,0.0,0.0,0.0,1.0,0.0,4223
-0.2866981876957141,1.345652737017397,-1.1506707903803115,0.021221501704708365,-0.36454722691881997,0.568654150520381,0.12125275689100051,0.0,0.0,1.0,0.0,0.0,0.0,0.0,0.0,0.0,0.0,0.0,0.0,0.0,0.0,0.0,0.0,0.0,0.0,0.0,0.0,0.0,0.0,0.0,1.0,0.0,0.0,0.0,0.0,0.0,1.0,0.0,1.0,0.0,0.0,0.0,0.0,2691
1.278058446180226,0.9861329141473365,0.9516846884778585,0.8502763702554444,1.2801128792940266,-0.060736165495536176,-1.6448938420817,0.0,0.0,0.0,0.0,0.0,0.0,1.0,0.0,0.0,0.0,0.0,0.0,0.0,0.0,0.0,0.0,0.0,0.0,0.0,0.0,0.0,0.0,1.0,0.0,0.0,0.0,0.0,0.0,1.0,0.0,0.0,1.0,0.0,0.0,0.0,0.0,2400
1.2519791689489603,-0.961266126398824,1.117660121019293,0.07649182627475744,-0.842256646837021,-1.22161163725823,-0.014604673799207216,0.0,0.0,0.0,0.0,0.0,0.0,0.0,0.0,0.0,0.0,0.0,0.0,1.0,0.0,0.0,0.0,0.0,0.0,0.0,1.0,0.0,0.0,0.0,0.0,0.0,0.0,0.0,0.0,0.0,0.0,1.0,0.0,0.0,0.0,0.0,1.0,3323
0.18272880246706796,-0.42198639209373345,1.191426979926597,1.0713576685356407,1.4740170718807493,-0.6062077727093328,1.0722547717224546,0.0,0.0,0.0,0.0,0.0,0.0,0.0,0.0,0.0,0.0,1.0,0.0,0.0,0.0,0.0,0.0,0.0,0.0,0.0,0.0,0.0,0.0,0.0,0.0,0.0,1.0,0.0,0.0,1.0,0.0,0.0,0.0,0.0,1.0,0.0,0.0,1432
-0.9647593957086215,1.345652737017397,-0.7080696369364862,0.9193642759680057,0.41106954342807406,-0.2705329375008428,0.5288250489616237,0.0,0.0,0.0,0.0,0.0,0.0,0.0,0.0,0.0,0.0,0.0,0.0,1.0,0.0,0.0,0.0,0.0,0.0,0.0,0.0,0.0,0.0,1.0,0.0,0.0,0.0,0.0,0.0,1.0,0.0,0.0,1.0,0.0,0.0,0.0,0.0,1192
-0.4692531283145738,-0.961266126398824,1.3020772682875534,0.49101926055012546,-1.044974666359505,0.6106135049214426,0.5288250489616237,0.0,0.0,0.0,0.0,0.0,0.0,0.0,0.0,0.0,0.0,0.0,0.0,0.0,1.0,0.0,0.0,0.0,0.0,1.0,0.0,0.0,0.0,0.0,0.0,0.0,0.0,0.0,1.0,0.0,0.0,0.0,0.0,0.0,0.0,0.0,1.0,3140
0.8607900104799754,0.7164930469947912,-0.24702676876583488,0.8779115325404689,-0.3680727576931246,1.1001393062671563,1.34396963310287,0.0,0.0,0.0,0.0,0.0,0.0,0.0,0.0,0.0,0.0,1.0,0.0,0.0,0.0,0.0,0.0,1.0,0.0,0.0,0.0,0.0,0.0,0.0,0.0,0.0,0.0,1.0,0.0,0.0,0.0,0.0,0.0,0.0,0.0,0.0,1.0,2201
-0.4170945738520424,-0.9313061411596524,-1.316646222921746,0.44956651712258866,0.09553453912786039,-1.5852593754007613,-1.2373215500110768,0.0,0.0,0.0,0.0,0.0,0.0,0.0,0.0,0.0,0.0,1.0,0.0,0.0,0.0,0.0,0.0,1.0,0.0,0.0,0.0,0.0,0.0,0.0,0.0,0.0,0.0,0.0,0.0,0.0,0.0,1.0,0.0,0.0,1.0,0.0,0.0,4523
-1.1994728907900125,0.1772133126897006,-1.0953456461998332,0.10412698855978197,1.4281851718147967,0.19101996091083073,0.39296761827141596,0.0,0.0,0.0,0.0,0.0,0.0,0.0,0.0,0.0,0.0,0.0,0.0,1.0,0.0,0.0,0.0,0.0,0.0,0.0,0.0,1.0,0.0,0.0,0.0,0.0,0.0,0.0,0.0,0.0,0.0,1.0,0.0,0.0,1.0,0.0,0.0,818
-1.382027831408872,-1.4106659049863997,-1.740805661638745,1.1128104119631774,1.6397170182730412,-1.0397877681869647,0.5288250489616237,0.0,0.0,0.0,0.0,0.0,0.0,0.0,0.0,0.0,1.0,0.0,0.0,0.0,0.0,0.0,0.0,0.0,0.0,0.0,0.0,0.0,0.0,0.0,0.0,1.0,0.0,0.0,0.0,0.0,1.0,0.0,0.0,1.0,0.0,0.0,0.0,1075
-1.329869276946341,-0.8414261854421372,0.43531667612672903,1.4306147782409597,1.5815457604970231,1.729529622283075,-0.6938918272502459,0.0,0.0,1.0,0.0,0.0,0.0,0.0,0.0,0.0,0.0,0.0,0.0,0.0,0.0,0.0,0.0,0.0,0.0,0.0,0.0,0.0,0.0,0.0,0.0,1.0,0.0,0.0,0.0,1.0,0.0,0.0,0.0,0.0,1.0,0.0,0.0,2352
-1.2516314452525439,-1.2908259640297128,-1.7039222321850929,-1.761246465679374,0.33527063178053673,1.128112209201198,0.5288250489616237,0.0,0.0,0.0,0.0,0.0,1.0,0.0,0.0,0.0,0.0,0.0,0.0,0.0,0.0,0.0,0.0,0.0,0.0,0.0,0.0,0.0,0.0,0.0,1.0,0.0,0.0,0.0,0.0,0.0,1.0,0.0,0.0,0.0,0.0,0.0,1.0,1895
0.9911863966363037,1.6752125746482855,1.50493613028264,0.43574893598007636,0.7389439054383526,-1.5992458268677816,0.9363973410322469,0.0,0.0,0.0,0.0,0.0,0.0,0.0,0.0,0.0,0.0,0.0,0.0,1.0,0.0,0.0,0.0,0.0,0.0,0.0,0.0,0.0,1.0,0.0,0.0,0.0,0.0,0.0,0.0,0.0,1.0,0.0,1.0,0.0,0.0,0.0,0.0,4381
1.356296277874023,0.11729334221135719,0.06648238159020799,0.9193642759680057,-1.450410705404472,-1.4174219577965164,1.479827063793078,0.0,0.0,0.0,0.0,0.0,0.0,1.0,0.0,0.0,0.0,0.0,0.0,0.0,0.0,0.0,0.0,0.0,0.0,0.0,0.0,0.0,1.0,0.0,0.0,0.0,0.0,0.0,0.0,0.0,0.0,1.0,0.0,0.0,0.0,0.0,1.0,1788
0.965107119405038,0.4768131650814176,0.767267541209598,-0.31040044571558606,-1.1366384664914106,0.4707489902512391,-0.4221769658698304,1.0,0.0,0.0,0.0,0.0,0.0,0.0,0.0,0.0,0.0,0.0,0.0,0.0,0.0,0.0,0.0,0.0,0.0,0.0,0.0,0.0,0.0,0.0,1.0,0.0,0.0,0.0,0.0,0.0,1.0,0.0,0.0,0.0,0.0,1.0,0.0,1060
0.495680129242256,0.14725332745052888,-0.2101433393121828,-0.5867520685658314,0.5203609974315002,-1.5852593754007613,-1.2373215500110768,0.0,0.0,0.0,1.0,0.0,0.0,0.0,0.0,0.0,0.0,0.0,0.0,0.0,0.0,1.0,0.0,0.0,0.0,0.0,0.0,0.0,0.0,0.0,0.0,0.0,0.0,1.0,0.0,0.0,0.0,0.0,0.0,0.0,0.0,1.0,0.0,2123
-0.3649360193895111,1.6152926041699422,0.2508995288584685,0.49101926055012546,1.0985480444173672,-0.9838419623188832,0.9363973410322469,0.0,0.0,0.0,0.0,0.0,0.0,0.0,1.0,0.0,0.0,0.0,0.0,0.0,0.0,0.0,0.0,1.0,0.0,0.0,0.0,0.0,0.0,0.0,0.0,0.0,0.0,0.0,0.0,0.0,1.0,0.0,0.0,0.0,0.0,0.0,1.0,2289
-0.9647593957086215,-0.6616662740071071,0.029598952136555886,0.781188464542883,0.17309621616254942,0.6385864078554842,0.6646824796518315,0.0,0.0,0.0,0.0,0.0,0.0,0.0,0.0,0.0,0.0,1.0,0.0,0.0,0.0,0.0,0.0,1.0,0.0,0.0,0.0,0.0,0.0,0.0,0.0,0.0,0.0,1.0,0.0,0.0,0.0,0.0,0.0,1.0,0.0,0.0,0.0,783
1.591009772955414,0.3569732241247308,-0.9662536431120509,-0.0755015662928775,0.8411842978931702,0.5266947961193208,-0.4221769658698304,0.0,0.0,0.0,0.0,0.0,0.0,0.0,0.0,0.0,1.0,0.0,0.0,0.0,0.0,0.0,0.0,0.0,0.0,0.0,0.0,1.0,0.0,0.0,0.0,0.0,0.0,0.0,0.0,0.0,1.0,0.0,0.0,0.0,0.0,0.0,1.0,2147
-0.49533240554583946,-1.5604658311822581,-0.7080696369364862,0.0903094074172697,-1.536786209374922,-0.2845193889678629,-0.9656066886306613,0.0,0.0,0.0,0.0,0.0,0.0,1.0,0.0,0.0,0.0,0.0,0.0,0.0,0.0,0.0,0.0,0.0,0.0,0.0,1.0,0.0,0.0,0.0,0.0,0.0,0.0,0.0,1.0,0.0,0.0,0.0,0.0,1.0,0.0,0.0,0.0,1766
1.5649304957241483,0.4168931946030742,1.2283104093802493,1.1680807365332266,1.7137531645334256,0.34487092704805566,-0.5580343965600382,0.0,0.0,0.0,0.0,0.0,0.0,0.0,0.0,0.0,1.0,0.0,0.0,0.0,0.0,0.0,0.0,0.0,1.0,0.0,0.0,0.0,0.0,0.0,0.0,0.0,0.0,0.0,0.0,1.0,0.0,0.0,1.0,0.0,0.0,0.0,0.0,3049
-0.3127774649269798,0.02741338649384208,0.9885681179315106,0.8088236268279076,-0.39451423850040485,-0.8439774476486795,-0.014604673799207216,0.0,0.0,0.0,0.0,0.0,0.0,0.0,0.0,0.0,0.0,0.0,0.0,0.0,1.0,0.0,0.0,0.0,0.0,0.0,0.0,0.0,0.0,0.0,1.0,0.0,0.0,0.0,0.0,0.0,1.0,0.0,0.0,0.0,0.0,1.0,0.0,1441
0.36528374308592765,-1.3207859492688845,0.1402492404975122,1.140445574248202,-0.35044510382160404,0.7924373739927077,-0.4221769658698304,0.0,0.0,0.0,0.0,0.0,0.0,1.0,0.0,0.0,0.0,0.0,0.0,0.0,0.0,0.0,0.0,0.0,1.0,0.0,0.0,0.0,0.0,0.0,0.0,0.0,0.0,0.0,0.0,1.0,0.0,0.0,0.0,0.0,0.0,0.0,1.0,885
0.7043143470923814,-1.2908259640297128,0.011157237409729834,-1.7474288845368617,0.7389439054383526,1.5337193017447897,-0.4221769658698304,0.0,0.0,0.0,0.0,0.0,0.0,1.0,0.0,0.0,0.0,0.0,0.0,0.0,0.0,0.0,0.0,0.0,0.0,0.0,1.0,0.0,0.0,0.0,0.0,0.0,0.0,0.0,0.0,0.0,0.0,1.0,1.0,0.0,0.0,0.0,0.0,2523
-1.2516314452525439,0.11729334221135719,1.2467521241070754,1.6378784953786436,1.0967852790302142,0.16304705797678928,0.6646824796518315,0.0,0.0,0.0,0.0,1.0,0.0,0.0,0.0,0.0,0.0,0.0,0.0,0.0,0.0,0.0,0.0,0.0,1.0,0.0,0.0,0.0,0.0,0.0,0.0,0.0,0.0,0.0,0.0,1.0,0.0,0.0,0.0,0.0,0.0,1.0,0.0,3201
-1.642820603721529,-0.5118663478112485,-0.7265113516633123,0.2561203811274169,0.20835152390559059,-1.0397877681869647,0.39296761827141596,0.0,0.0,0.0,0.0,0.0,0.0,0.0,0.0,0.0,0.0,0.0,1.0,0.0,0.0,0.0,0.0,0.0,0.0,0.0,0.0,1.0,0.0,0.0,0.0,0.0,0.0,0.0,0.0,1.0,0.0,0.0,0.0,1.0,0.0,0.0,0.0,3195
-0.07806396984558873,1.0760128698648517,0.34310810249259877,-0.8354685291310522,-1.3605096706597186,-1.1376929284561081,1.479827063793078,1.0,0.0,0.0,0.0,0.0,0.0,0.0,0.0,0.0,0.0,0.0,0.0,0.0,0.0,0.0,0.0,0.0,0.0,1.0,0.0,0.0,0.0,0.0,0.0,0.0,0.0,0.0,1.0,0.0,0.0,0.0,1.0,0.0,0.0,0.0,0.0,1681
1.4866926640303515,-0.27218646589787493,1.2651938388339012,1.4720675216684964,1.5868340566584793,-1.6691780842028834,0.8005399103420392,1.0,0.0,0.0,0.0,0.0,0.0,0.0,0.0,0.0,0.0,0.0,0.0,0.0,0.0,0.0,1.0,0.0,0.0,0.0,0.0,0.0,0.0,0.0,0.0,0.0,0.0,0.0,0.0,0.0,0.0,1.0,0.0,1.0,0.0,0.0,0.0,53257
-0.3127774649269798,-1.1110660525946825,-0.5420942043950517,1.4720675216684964,-1.711299982702973,0.6665593107895244,1.2081122024126625,0.0,0.0,0.0,0.0,1.0,0.0,0.0,0.0,0.0,0.0,0.0,0.0,0.0,0.0,0.0,0.0,0.0,0.0,0.0,0.0,0.0,0.0,0.0,1.0,0.0,0.0,0.0,0.0,1.0,0.0,0.0,1.0,0.0,0.0,0.0,0.0,4461
1.356296277874023,1.1059728551040233,-0.8371616400242685,-0.31040044571558606,0.885253432571971,-1.6691780842028834,-0.28631953517962266,0.0,0.0,0.0,0.0,0.0,0.0,1.0,0.0,0.0,0.0,0.0,0.0,0.0,0.0,0.0,0.0,0.0,0.0,0.0,0.0,0.0,0.0,0.0,0.0,1.0,0.0,0.0,0.0,0.0,0.0,1.0,0.0,0.0,0.0,1.0,0.0,1727
-0.7822044550897618,-1.3807059197472278,1.191426979926597,0.6291950719752482,1.7155159299205784,-0.536275515374231,1.479827063793078,0.0,0.0,0.0,0.0,1.0,0.0,0.0,0.0,0.0,0.0,0.0,0.0,0.0,0.0,1.0,0.0,0.0,0.0,0.0,0.0,0.0,0.0,0.0,0.0,0.0,0.0,0.0,1.0,0.0,0.0,0.0,0.0,0.0,0.0,1.0,0.0,1314
-1.5385034947964662,-1.0511460821163392,0.8963595442973803,0.1732148942723433,0.7054513630824631,-0.8719503505827199,-0.014604673799207216,0.0,0.0,0.0,0.0,0.0,1.0,0.0,0.0,0.0,0.0,0.0,0.0,0.0,0.0,0.0,0.0,0.0,0.0,1.0,0.0,0.0,0.0,0.0,0.0,0.0,0.0,1.0,0.0,0.0,0.0,0.0,0.0,0.0,0.0,1.0,0.0,3165
-1.2516314452525439,0.8063730027123063,-1.2982045081949198,0.021221501704708365,-0.2623068344640024,1.7714889766841364,-1.3731789807012846,0.0,0.0,0.0,1.0,0.0,0.0,0.0,0.0,0.0,0.0,0.0,0.0,0.0,0.0,0.0,0.0,0.0,0.0,0.0,0.0,1.0,0.0,0.0,0.0,0.0,0.0,1.0,0.0,0.0,0.0,0.0,0.0,0.0,0.0,0.0,1.0,3634
0.8868692877112411,0.11729334221135719,-1.0400205020193551,1.0160873439655915,-0.6624545773475137,1.645610913480953,-0.8297492579404536,0.0,0.0,0.0,0.0,0.0,0.0,0.0,0.0,1.0,0.0,0.0,0.0,0.0,0.0,0.0,0.0,0.0,1.0,0.0,0.0,0.0,0.0,0.0,0.0,0.0,0.0,0.0,0.0,0.0,1.0,0.0,0.0,0.0,0.0,0.0,1.0,2186
0.20880807969833362,-1.3507459345080561,0.4722001055803811,1.4306147782409597,-1.646077663378348,0.37284382998209586,1.479827063793078,0.0,0.0,0.0,0.0,0.0,1.0,0.0,0.0,0.0,0.0,0.0,0.0,0.0,0.0,0.0,0.0,0.0,0.0,0.0,0.0,0.0,0.0,1.0,0.0,0.0,0.0,0.0,0.0,1.0,0.0,0.0,1.0,0.0,0.0,0.0,0.0,918
-1.5906620492589976,1.4954526632132554,-1.722363946911919,0.24230279998490464,-0.6201482080558652,-0.8719503505827199,1.6156844944832855,0.0,0.0,0.0,0.0,1.0,0.0,0.0,0.0,0.0,0.0,0.0,0.0,0.0,0.0,0.0,1.0,0.0,0.0,0.0,0.0,0.0,0.0,0.0,0.0,0.0,0.0,0.0,0.0,0.0,1.0,0.0,1.0,0.0,0.0,0.0,0.0,2132
-1.382027831408872,-1.5005458607039146,-0.8187199252974425,-0.4900290005682455,-1.2565065128177488,0.9742612430639729,-0.4221769658698304,0.0,0.0,0.0,0.0,0.0,0.0,0.0,0.0,1.0,0.0,0.0,0.0,0.0,0.0,0.0,0.0,0.0,0.0,0.0,1.0,0.0,0.0,0.0,0.0,0.0,0.0,0.0,0.0,1.0,0.0,0.0,0.0,1.0,0.0,0.0,0.0,1743
-0.4692531283145738,-0.5717863182895919,-1.021578787292529,-0.8216509479885399,0.5697184282717568,0.12108770357572894,-1.2373215500110768,0.0,0.0,0.0,0.0,1.0,0.0,0.0,0.0,0.0,0.0,0.0,0.0,0.0,0.0,0.0,0.0,0.0,0.0,0.0,0.0,0.0,0.0,1.0,0.0,0.0,0.0,0.0,0.0,1.0,0.0,0.0,0.0,1.0,0.0,0.0,0.0,1839
0.2348873569295993,0.2970532536463874,-0.26546848349266094,-0.9460091782711504,1.026274663544133,-0.9838419623188832,0.9363973410322469,0.0,0.0,1.0,0.0,0.0,0.0,0.0,0.0,0.0,0.0,0.0,0.0,0.0,0.0,0.0,0.0,0.0,0.0,0.0,0.0,1.0,0.0,0.0,0.0,0.0,0.0,0.0,0.0,1.0,0.0,0.0,0.0,1.0,0.0,0.0,0.0,1511
-0.8604422867835588,0.237133283168044,-0.22858505403900883,-0.13077189086292657,1.433473467976253,1.156085112135238,1.0722547717224546,0.0,0.0,0.0,0.0,0.0,0.0,0.0,1.0,0.0,0.0,0.0,0.0,0.0,0.0,0.0,0.0,0.0,0.0,0.0,0.0,0.0,0.0,0.0,0.0,0.0,1.0,0.0,1.0,0.0,0.0,0.0,0.0,0.0,0.0,1.0,0.0,2249
-1.0429972274024184,-1.0211860968771675,0.029598952136555886,0.2975731245549537,-1.1630799472986908,1.3798683356075647,0.5288250489616237,0.0,0.0,0.0,1.0,0.0,0.0,0.0,0.0,0.0,0.0,0.0,0.0,0.0,0.0,0.0,0.0,0.0,0.0,1.0,0.0,0.0,0.0,0.0,0.0,0.0,0.0,0.0,0.0,0.0,1.0,0.0,0.0,0.0,1.0,0.0,0.0,1519
-1.4863449403339348,-0.03250658398450132,-1.0769039314730071,-0.4900290005682455,0.27181107784306363,-0.8859368020497411,-1.5090364113914922,0.0,0.0,0.0,0.0,0.0,0.0,0.0,0.0,0.0,1.0,0.0,0.0,0.0,0.0,0.0,0.0,0.0,0.0,0.0,0.0,0.0,0.0,1.0,0.0,0.0,0.0,0.0,1.0,0.0,0.0,0.0,0.0,0.0,1.0,0.0,0.0,1688
0.7043143470923814,-0.03250658398450132,1.0992184062924668,0.51865442283515,-1.1895214281059718,0.14906060650976916,-0.8297492579404536,0.0,0.0,0.0,0.0,0.0,0.0,0.0,0.0,0.0,0.0,0.0,0.0,0.0,1.0,0.0,0.0,0.0,1.0,0.0,0.0,0.0,0.0,0.0,0.0,0.0,0.0,0.0,0.0,0.0,0.0,1.0,1.0,0.0,0.0,0.0,0.0,829
-1.4081071086401378,0.1772133126897006,1.6340281333704223,1.4444323593834718,1.7137531645334256,-0.7600587388465565,-1.6448938420817,0.0,0.0,0.0,0.0,0.0,0.0,1.0,0.0,0.0,0.0,0.0,0.0,0.0,0.0,0.0,0.0,0.0,0.0,1.0,0.0,0.0,0.0,0.0,0.0,0.0,0.0,1.0,0.0,0.0,0.0,0.0,0.0,0.0,0.0,1.0,0.0,3859
-1.3037899997150753,0.4168931946030742,-1.7592473763655712,-0.9183740159861258,0.3599493472006653,-1.0817471225880264,-0.15046210448941494,0.0,0.0,0.0,0.0,0.0,1.0,0.0,0.0,0.0,0.0,0.0,0.0,0.0,0.0,0.0,0.0,0.0,0.0,1.0,0.0,0.0,0.0,0.0,0.0,0.0,0.0,1.0,0.0,0.0,0.0,0.0,0.0,0.0,0.0,1.0,0.0,2774
1.1476620600238978,1.1658928255823668,-1.2797627934680937,1.2233510611032756,0.07614411986918813,0.9742612430639729,0.6646824796518315,0.0,0.0,0.0,0.0,0.0,0.0,0.0,0.0,0.0,0.0,0.0,0.0,1.0,0.0,0.0,0.0,0.0,0.0,0.0,0.0,0.0,1.0,0.0,0.0,0.0,0.0,0.0,0.0,1.0,0.0,0.0,1.0,0.0,0.0,0.0,0.0,2269
0.573917960936053,0.08733335697218549,1.4680527008289879,0.988452181680567,-0.16888026894494448,1.0721664033331162,-1.2373215500110768,0.0,0.0,0.0,0.0,0.0,0.0,0.0,0.0,1.0,0.0,0.0,0.0,0.0,0.0,0.0,0.0,0.0,0.0,0.0,1.0,0.0,0.0,0.0,0.0,0.0,0.0,0.0,1.0,0.0,0.0,0.0,0.0,0.0,0.0,1.0,0.0,2801
-0.8082837323210275,0.237133283168044,-0.3576770571267912,-1.6230706542542515,0.2383185354871748,-0.2845193889678629,0.6646824796518315,0.0,1.0,0.0,0.0,0.0,0.0,0.0,0.0,0.0,0.0,0.0,0.0,0.0,0.0,0.0,0.0,0.0,0.0,1.0,0.0,0.0,0.0,0.0,0.0,0.0,0.0,0.0,0.0,0.0,0.0,1.0,0.0,0.0,0.0,1.0,0.0,1142
1.5649304957241483,0.7464530322339629,0.9701264032046846,1.1680807365332266,0.45337591271972255,-0.9278961564508015,-1.3731789807012846,0.0,0.0,0.0,0.0,0.0,0.0,0.0,0.0,0.0,1.0,0.0,0.0,0.0,0.0,0.0,0.0,1.0,0.0,0.0,0.0,0.0,0.0,0.0,0.0,0.0,0.0,0.0,1.0,0.0,0.0,0.0,0.0,0.0,0.0,0.0,1.0,3464
-0.5996495144709021,0.7464530322339629,0.2877829583121206,-1.7750640468218863,1.6855489183389936,0.6805457622565444,1.34396963310287,0.0,0.0,0.0,1.0,0.0,0.0,0.0,0.0,0.0,0.0,0.0,0.0,0.0,0.0,0.0,0.0,1.0,0.0,0.0,0.0,0.0,0.0,0.0,0.0,0.0,0.0,0.0,0.0,0.0,1.0,0.0,0.0,0.0,1.0,0.0,0.0,2563
1.2519791689489603,-0.48190636257207686,-0.6158610633023559,-1.443442099401592,1.4863564295908136,-1.2775574431263117,0.5288250489616237,0.0,0.0,0.0,0.0,0.0,0.0,0.0,0.0,1.0,0.0,0.0,0.0,0.0,0.0,0.0,0.0,0.0,0.0,0.0,0.0,0.0,0.0,0.0,1.0,0.0,0.0,0.0,0.0,0.0,0.0,1.0,1.0,0.0,0.0,0.0,0.0,1035
-1.6167413264902633,-0.36206642161539004,-0.8924867842047467,1.3891620348134228,-1.289999055173637,0.2469657667789124,0.6646824796518315,0.0,0.0,0.0,0.0,0.0,0.0,0.0,1.0,0.0,0.0,0.0,0.0,0.0,0.0,0.0,0.0,0.0,0.0,1.0,0.0,0.0,0.0,0.0,0.0,0.0,0.0,0.0,0.0,1.0,0.0,0.0,0.0,1.0,0.0,0.0,0.0,3447
-0.49533240554583946,-0.18230651018035982,-0.43144391603409543,0.20085005655736785,-1.489191543921817,1.1980444665362997,0.12125275689100051,0.0,1.0,0.0,0.0,0.0,0.0,0.0,0.0,0.0,0.0,0.0,0.0,0.0,0.0,0.0,0.0,0.0,1.0,0.0,0.0,0.0,0.0,0.0,0.0,0.0,0.0,0.0,0.0,1.0,0.0,0.0,1.0,0.0,0.0,0.0,0.0,3132
-0.3910152966207768,-1.170986023073026,-1.4641799407363543,-1.2776311256914448,-1.0872810356511535,-1.4453948607305567,0.25711018758120824,0.0,0.0,0.0,0.0,0.0,0.0,0.0,0.0,1.0,0.0,0.0,0.0,0.0,0.0,0.0,1.0,0.0,0.0,0.0,0.0,0.0,0.0,0.0,0.0,0.0,0.0,0.0,0.0,0.0,0.0,1.0,1.0,0.0,0.0,0.0,0.0,85516
-0.4170945738520424,0.4168931946030742,0.45375839085355507,0.6568302342602726,-0.008468618714109494,0.9882476945309943,-1.1014641193208692,0.0,1.0,0.0,0.0,0.0,0.0,0.0,0.0,0.0,0.0,0.0,0.0,0.0,0.0,0.0,0.0,0.0,0.0,0.0,0.0,0.0,0.0,1.0,0.0,0.0,0.0,0.0,0.0,0.0,1.0,0.0,0.0,0.0,0.0,1.0,0.0,782
0.33920446585466196,0.14725332745052888,1.7077949922777267,-0.8078333668460277,-1.3552213744982624,-1.22161163725823,0.8005399103420392,0.0,0.0,0.0,0.0,0.0,0.0,0.0,1.0,0.0,0.0,0.0,0.0,0.0,0.0,0.0,0.0,0.0,0.0,0.0,0.0,0.0,1.0,0.0,0.0,0.0,0.0,0.0,0.0,0.0,0.0,1.0,0.0,0.0,0.0,1.0,0.0,2245
-1.6688998809527946,-1.4406258902255713,1.080776691565641,1.2095334799607633,-1.3975277437899116,1.1980444665362997,-0.8297492579404536,0.0,0.0,0.0,0.0,0.0,0.0,0.0,0.0,0.0,0.0,0.0,0.0,1.0,0.0,0.0,0.0,0.0,0.0,1.0,0.0,0.0,0.0,0.0,0.0,0.0,0.0,0.0,0.0,1.0,0.0,0.0,0.0,0.0,0.0,0.0,1.0,847
1.6431683274179454,1.3756127222565686,-0.32079362767313907,-0.020231241722828436,-1.4451224092430164,1.7155431708160547,-1.3731789807012846,0.0,0.0,0.0,0.0,0.0,0.0,0.0,0.0,0.0,0.0,0.0,0.0,0.0,1.0,0.0,0.0,0.0,0.0,0.0,0.0,0.0,0.0,1.0,0.0,0.0,0.0,0.0,0.0,0.0,1.0,0.0,1.0,0.0,0.0,0.0,0.0,933
-0.4431738510833081,-1.3507459345080561,-0.5420942043950517,-1.5263475862566656,-0.48265250785800645,-0.20060068016574098,0.8005399103420392,0.0,0.0,0.0,0.0,0.0,0.0,0.0,0.0,0.0,0.0,0.0,1.0,0.0,0.0,0.0,0.0,0.0,0.0,0.0,0.0,0.0,0.0,1.0,0.0,0.0,0.0,0.0,0.0,0.0,0.0,1.0,0.0,0.0,1.0,0.0,0.0,2280
0.573917960936053,-0.18230651018035982,0.34310810249259877,-0.6420223931358805,-0.3151897960785635,-0.21458713163276108,0.5288250489616237,0.0,0.0,0.0,0.0,0.0,0.0,0.0,0.0,0.0,0.0,1.0,0.0,0.0,0.0,1.0,0.0,0.0,0.0,0.0,0.0,0.0,0.0,0.0,0.0,0.0,0.0,0.0,0.0,0.0,1.0,0.0,0.0,0.0,1.0,0.0,0.0,2060
-1.5124242175652005,1.6752125746482855,-1.667038802731441,0.9193642759680057,-1.3816628553055432,0.14906060650976916,1.479827063793078,0.0,0.0,0.0,0.0,0.0,0.0,0.0,0.0,0.0,0.0,0.0,0.0,0.0,1.0,0.0,0.0,0.0,0.0,0.0,0.0,0.0,0.0,1.0,0.0,0.0,0.0,0.0,0.0,0.0,1.0,0.0,1.0,0.0,0.0,0.0,0.0,3201
0.2348873569295993,1.2857327665390534,-0.5605359191218777,-0.35185318914312286,-0.5514003579569359,-0.08870906842957764,-0.5580343965600382,1.0,0.0,0.0,0.0,0.0,0.0,0.0,0.0,0.0,0.0,0.0,0.0,0.0,0.0,0.0,0.0,0.0,0.0,0.0,0.0,0.0,0.0,0.0,1.0,0.0,0.0,0.0,1.0,0.0,0.0,0.0,0.0,0.0,0.0,1.0,0.0,2879
-0.20846035600191706,-0.39202640685456175,1.080776691565641,1.1818983176757387,0.7177907207925275,0.17703350944381063,-1.3731789807012846,0.0,0.0,0.0,0.0,0.0,0.0,0.0,0.0,0.0,0.0,1.0,0.0,0.0,0.0,0.0,0.0,0.0,0.0,0.0,0.0,0.0,0.0,0.0,0.0,0.0,1.0,0.0,0.0,0.0,1.0,0.0,0.0,0.0,0.0,0.0,1.0,4882
1.6170890501866797,0.7464530322339629,0.3246663877657727,-0.2827652834305615,-1.429257520758648,-0.466343258039128,-1.1014641193208692,0.0,0.0,0.0,0.0,0.0,0.0,0.0,0.0,0.0,0.0,0.0,1.0,0.0,0.0,0.0,0.0,0.0,0.0,0.0,0.0,0.0,0.0,1.0,0.0,0.0,0.0,1.0,0.0,0.0,0.0,0.0,0.0,0.0,0.0,0.0,1.0,1353
0.1566495252358023,-0.9313061411596524,1.0254515473851626,-1.6230706542542515,-1.3675607322083267,-1.6272187298018217,0.8005399103420392,0.0,0.0,0.0,0.0,1.0,0.0,0.0,0.0,0.0,0.0,0.0,0.0,0.0,0.0,0.0,0.0,0.0,0.0,0.0,0.0,1.0,0.0,0.0,0.0,0.0,0.0,0.0,0.0,0.0,1.0,0.0,0.0,0.0,1.0,0.0,0.0,1704
1.6170890501866797,-1.170986023073026,-0.283910198219487,-0.462393838283221,-1.0132448893907684,0.37284382998209586,0.6646824796518315,0.0,0.0,0.0,0.0,0.0,0.0,0.0,0.0,0.0,0.0,0.0,0.0,1.0,0.0,0.0,0.0,1.0,0.0,0.0,0.0,0.0,0.0,0.0,0.0,0.0,0.0,1.0,0.0,0.0,0.0,0.0,0.0,0.0,0.0,0.0,1.0,2621
0.808631456017444,-1.0511460821163392,1.191426979926597,-1.4848948428291289,-1.429257520758648,0.568654150520381,-0.9656066886306613,0.0,0.0,0.0,0.0,0.0,0.0,0.0,0.0,0.0,1.0,0.0,0.0,0.0,0.0,0.0,0.0,0.0,0.0,0.0,0.0,0.0,0.0,1.0,0.0,0.0,0.0,0.0,0.0,0.0,1.0,0.0,0.0,0.0,1.0,0.0,0.0,1629
1.5388512184928829,-0.7215862444854505,1.3574024124680315,0.1732148942723433,1.2254671522923133,0.6106135049214426,-0.014604673799207216,0.0,0.0,0.0,0.0,1.0,0.0,0.0,0.0,0.0,0.0,0.0,0.0,0.0,0.0,0.0,0.0,0.0,0.0,0.0,0.0,0.0,0.0,0.0,1.0,0.0,0.0,0.0,0.0,0.0,1.0,0.0,0.0,1.0,0.0,0.0,0.0,2021
1.278058446180226,1.0160928993865082,-0.8187199252974425,-0.4900290005682455,0.04441434290045098,0.13507415504274906,0.6646824796518315,0.0,0.0,0.0,0.0,1.0,0.0,0.0,0.0,0.0,0.0,0.0,0.0,0.0,0.0,1.0,0.0,0.0,0.0,0.0,0.0,0.0,0.0,0.0,0.0,0.0,0.0,0.0,0.0,0.0,1.0,0.0,0.0,0.0,0.0,1.0,0.0,954
-1.1212350590962155,0.7764130174731346,-1.1322290756534854,0.007403920562196099,-0.47031315014794217,-0.41039745217104634,-1.6448938420817,0.0,0.0,0.0,0.0,0.0,0.0,0.0,0.0,0.0,0.0,0.0,0.0,1.0,0.0,0.0,0.0,0.0,0.0,0.0,0.0,0.0,1.0,0.0,0.0,0.0,0.0,0.0,0.0,0.0,1.0,0.0,0.0,0.0,0.0,1.0,0.0,1851
0.5478386837047874,0.1772133126897006,1.4127275566485098,-0.5314817439957823,0.5573790705616924,-0.34046519483594456,-1.3731789807012846,0.0,0.0,0.0,0.0,0.0,0.0,0.0,0.0,0.0,0.0,1.0,0.0,0.0,0.0,0.0,0.0,0.0,0.0,0.0,0.0,0.0,1.0,0.0,0.0,0.0,0.0,0.0,0.0,0.0,0.0,1.0,1.0,0.0,0.0,0.0,0.0,2626
-1.6167413264902633,0.7764130174731346,-1.0769039314730071,0.07649182627475744,-0.5619769502798478,1.0441935003990759,0.9363973410322469,0.0,0.0,0.0,0.0,0.0,0.0,0.0,0.0,0.0,0.0,0.0,0.0,1.0,0.0,0.0,0.0,0.0,0.0,0.0,0.0,0.0,0.0,1.0,0.0,0.0,0.0,0.0,0.0,0.0,1.0,0.0,1.0,0.0,0.0,0.0,0.0,3707
0.5478386837047874,-0.7215862444854505,0.8779178295705543,0.14557973198731877,-0.28522278449697863,-0.5922213212423126,-1.3731789807012846,0.0,0.0,0.0,0.0,0.0,0.0,0.0,0.0,0.0,0.0,0.0,0.0,1.0,0.0,0.0,1.0,0.0,0.0,0.0,0.0,0.0,0.0,0.0,0.0,0.0,0.0,0.0,0.0,1.0,0.0,0.0,0.0,0.0,1.0,0.0,0.0,5678
-1.4863449403339348,0.9262129436689931,0.7488258264827719,-0.4209410948556842,0.749520497761264,1.142098660668218,-1.2373215500110768,0.0,0.0,0.0,0.0,0.0,0.0,0.0,0.0,0.0,0.0,0.0,0.0,1.0,0.0,0.0,0.0,1.0,0.0,0.0,0.0,0.0,0.0,0.0,0.0,0.0,0.0,0.0,0.0,1.0,0.0,0.0,1.0,0.0,0.0,0.0,0.0,1700
1.6953268818804768,-0.7815062149637939,0.9148012590242064,-1.443442099401592,0.194249400808374,1.5616922046788297,-0.6938918272502459,0.0,0.0,0.0,0.0,0.0,0.0,0.0,1.0,0.0,0.0,0.0,0.0,0.0,0.0,0.0,0.0,0.0,0.0,1.0,0.0,0.0,0.0,0.0,0.0,0.0,0.0,0.0,0.0,0.0,0.0,1.0,0.0,0.0,0.0,1.0,0.0,1898
-1.382027831408872,0.7764130174731346,-0.5789776338487038,-1.1809080576938589,1.1955001407107284,-0.8999232535167613,0.39296761827141596,0.0,0.0,0.0,0.0,0.0,0.0,0.0,0.0,0.0,0.0,1.0,0.0,0.0,0.0,0.0,0.0,0.0,0.0,0.0,0.0,0.0,0.0,0.0,1.0,0.0,0.0,1.0,0.0,0.0,0.0,0.0,0.0,0.0,0.0,1.0,0.0,1704
-1.4081071086401378,-0.09242655446284473,-0.24702676876583488,0.7397357211153462,-0.8898513122901257,-1.1376929284561081,-1.1014641193208692,0.0,0.0,1.0,0.0,0.0,0.0,0.0,0.0,0.0,0.0,0.0,0.0,0.0,0.0,0.0,1.0,0.0,0.0,0.0,0.0,0.0,0.0,0.0,0.0,0.0,0.0,0.0,0.0,0.0,1.0,0.0,0.0,0.0,1.0,0.0,0.0,2523
1.6953268818804768,-0.15234652494118814,0.7303841117559459,-1.6783409788243004,-0.6289620349916248,0.37284382998209586,-0.5580343965600382,0.0,0.0,0.0,0.0,1.0,0.0,0.0,0.0,0.0,0.0,0.0,0.0,0.0,0.0,0.0,0.0,0.0,0.0,0.0,1.0,0.0,0.0,0.0,0.0,0.0,0.0,0.0,0.0,1.0,0.0,0.0,1.0,0.0,0.0,0.0,0.0,735
0.9390278421737723,1.645252589409114,-1.7776890910923973,-1.3052662879764694,-0.006705853326957813,-1.4314084092635366,0.12125275689100051,0.0,0.0,0.0,1.0,0.0,0.0,0.0,0.0,0.0,0.0,0.0,0.0,0.0,0.0,0.0,0.0,0.0,0.0,1.0,0.0,0.0,0.0,0.0,0.0,0.0,0.0,0.0,1.0,0.0,0.0,0.0,0.0,0.0,0.0,0.0,1.0,1260
-1.4602656631026691,-1.5305058459430865,-1.722363946911919,0.007403920562196099,-0.8105268698682844,-0.03276326256149596,0.8005399103420392,0.0,0.0,0.0,1.0,0.0,0.0,0.0,0.0,0.0,0.0,0.0,0.0,0.0,0.0,0.0,0.0,0.0,0.0,1.0,0.0,0.0,0.0,0.0,0.0,0.0,0.0,1.0,0.0,0.0,0.0,0.0,0.0,0.0,0.0,1.0,0.0,3175
0.808631456017444,0.3869332093639025,-1.1137873609266593,1.6240609142361313,-0.33634298072438745,0.2609522182459325,-1.3731789807012846,0.0,0.0,0.0,0.0,0.0,0.0,0.0,0.0,0.0,0.0,0.0,1.0,0.0,0.0,0.0,0.0,0.0,0.0,0.0,0.0,0.0,1.0,0.0,0.0,0.0,0.0,0.0,0.0,0.0,1.0,0.0,0.0,0.0,0.0,1.0,0.0,847
-0.02590541538305739,1.6152926041699422,0.2877829583121206,-0.25513012114553696,0.6084992667891018,0.35885737851507576,-0.8297492579404536,0.0,0.0,0.0,0.0,0.0,0.0,0.0,0.0,0.0,0.0,1.0,0.0,0.0,0.0,0.0,0.0,0.0,0.0,0.0,0.0,0.0,0.0,1.0,0.0,0.0,0.0,1.0,0.0,0.0,0.0,0.0,0.0,1.0,0.0,0.0,0.0,1490
1.1737413372551635,1.4355326927349121,0.7303841117559459,-1.3605366125465184,-0.6324875657659295,0.2469657667789124,0.9363973410322469,0.0,1.0,0.0,0.0,0.0,0.0,0.0,0.0,0.0,0.0,0.0,0.0,0.0,0.0,0.0,0.0,0.0,0.0,0.0,0.0,0.0,0.0,1.0,0.0,0.0,0.0,0.0,1.0,0.0,0.0,0.0,0.0,0.0,1.0,0.0,0.0,3529
1.2258998917176946,-1.1410260378338544,0.6197338233949895,0.44956651712258866,0.5556163051745407,0.4847354417182592,-0.8297492579404536,0.0,0.0,0.0,0.0,1.0,0.0,0.0,0.0,0.0,0.0,0.0,0.0,0.0,0.0,0.0,0.0,0.0,0.0,0.0,1.0,0.0,0.0,0.0,0.0,0.0,0.0,0.0,0.0,0.0,1.0,0.0,0.0,0.0,0.0,0.0,1.0,2198
1.0694242283301008,-0.09242655446284473,0.6566172528486416,0.28375554341244147,-0.5055684578909827,-0.8020180932476181,-1.6448938420817,0.0,1.0,0.0,0.0,0.0,0.0,0.0,0.0,0.0,0.0,0.0,0.0,0.0,0.0,0.0,0.0,0.0,0.0,1.0,0.0,0.0,0.0,0.0,0.0,0.0,0.0,0.0,0.0,0.0,0.0,1.0,0.0,0.0,1.0,0.0,0.0,2831
0.808631456017444,1.345652737017397,0.9885681179315106,1.292438966815837,-1.6249244787325237,0.009196091839565603,0.8005399103420392,0.0,0.0,0.0,0.0,0.0,0.0,0.0,0.0,0.0,0.0,0.0,1.0,0.0,0.0,0.0,0.0,0.0,0.0,0.0,0.0,0.0,0.0,1.0,0.0,0.0,0.0,0.0,0.0,1.0,0.0,0.0,0.0,1.0,0.0,0.0,0.0,1337
-0.8082837323210275,1.4954526632132554,0.08492409631703404,-1.0980025708387853,1.6273776605629768,1.0441935003990759,-0.6938918272502459,0.0,0.0,0.0,0.0,0.0,0.0,1.0,0.0,0.0,0.0,0.0,0.0,0.0,0.0,0.0,0.0,0.0,0.0,1.0,0.0,0.0,0.0,0.0,0.0,0.0,0.0,0.0,0.0,0.0,1.0,0.0,0.0,0.0,1.0,0.0,0.0,4146
-0.3910152966207768,-1.0811060673555108,0.26934124358529454,0.26993796226992917,1.234280979228073,0.9602747915969528,1.34396963310287,0.0,0.0,0.0,0.0,0.0,0.0,0.0,0.0,1.0,0.0,0.0,0.0,0.0,0.0,0.0,0.0,0.0,1.0,0.0,0.0,0.0,0.0,0.0,0.0,0.0,0.0,1.0,0.0,0.0,0.0,0.0,0.0,0.0,0.0,0.0,1.0,855
1.0172656738675694,1.2557727812998818,-0.19170162458535672,-0.7387454611334663,-0.8475449429984773,0.6385864078554842,0.39296761827141596,0.0,0.0,0.0,0.0,0.0,0.0,0.0,1.0,0.0,0.0,0.0,0.0,0.0,0.0,0.0,0.0,1.0,0.0,0.0,0.0,0.0,0.0,0.0,0.0,0.0,0.0,1.0,0.0,0.0,0.0,0.0,0.0,0.0,0.0,1.0,0.0,3521
-0.6778873461646991,1.2857327665390534,0.06648238159020799,0.9469994382530302,-0.27817172294837067,-1.1516793799231282,1.2081122024126625,0.0,0.0,0.0,0.0,0.0,0.0,0.0,0.0,0.0,1.0,0.0,0.0,0.0,0.0,0.0,1.0,0.0,0.0,0.0,0.0,0.0,0.0,0.0,0.0,0.0,0.0,0.0,0.0,0.0,0.0,1.0,0.0,0.0,0.0,1.0,0.0,1666
1.4606133867990858,0.08733335697218549,-0.5420942043950517,1.195715898818251,-1.1401639972657147,-0.35445164630296466,-1.1014641193208692,0.0,0.0,0.0,0.0,0.0,0.0,0.0,0.0,0.0,1.0,0.0,0.0,0.0,0.0,0.0,0.0,0.0,0.0,0.0,0.0,0.0,0.0,1.0,0.0,0.0,0.0,1.0,0.0,0.0,0.0,0.0,0.0,0.0,0.0,1.0,0.0,1496
0.8868692877112411,-1.0211860968771675,-1.2613210787412676,-1.6921585599668127,-0.3998025346618611,-0.8719503505827199,-1.2373215500110768,0.0,1.0,0.0,0.0,0.0,0.0,0.0,0.0,0.0,0.0,0.0,0.0,0.0,0.0,0.0,0.0,0.0,0.0,1.0,0.0,0.0,0.0,0.0,0.0,0.0,0.0,0.0,0.0,0.0,1.0,0.0,0.0,0.0,0.0,1.0,0.0,71416
-0.3649360193895111,1.4654926779740838,1.2651938388339012,-1.2499959634064202,0.5415141820773242,0.8623696313278095,0.5288250489616237,0.0,0.0,0.0,0.0,0.0,0.0,0.0,0.0,0.0,0.0,0.0,0.0,0.0,1.0,1.0,0.0,0.0,0.0,0.0,0.0,0.0,0.0,0.0,0.0,0.0,0.0,0.0,0.0,1.0,0.0,0.0,0.0,0.0,0.0,0.0,1.0,1969
0.8868692877112411,0.05737337173301378,0.23245781413164246,-1.4848948428291289,-0.738253488995051,1.156085112135238,-0.28631953517962266,0.0,0.0,1.0,0.0,0.0,0.0,0.0,0.0,0.0,0.0,0.0,0.0,0.0,0.0,0.0,0.0,1.0,0.0,0.0,0.0,0.0,0.0,0.0,0.0,0.0,0.0,0.0,1.0,0.0,0.0,0.0,0.0,0.0,0.0,0.0,1.0,1311
-1.5645827720277319,-0.03250658398450132,1.3020772682875534,0.24230279998490464,0.7125024246310717,1.1700715636022594,1.2081122024126625,0.0,0.0,0.0,0.0,0.0,0.0,0.0,0.0,1.0,0.0,0.0,0.0,0.0,0.0,0.0,0.0,1.0,0.0,0.0,0.0,0.0,0.0,0.0,0.0,0.0,0.0,0.0,1.0,0.0,0.0,0.0,0.0,0.0,0.0,1.0,0.0,1314
1.4084548323365544,0.02741338649384208,-1.335087937648572,0.28375554341244147,0.9804427634781806,0.7784509225256877,-1.1014641193208692,0.0,0.0,0.0,0.0,1.0,0.0,0.0,0.0,0.0,0.0,0.0,0.0,0.0,0.0,0.0,0.0,0.0,1.0,0.0,0.0,0.0,0.0,0.0,0.0,0.0,0.0,0.0,0.0,0.0,0.0,1.0,1.0,0.0,0.0,0.0,0.0,3791
1.4084548323365544,1.0160928993865082,1.431169271375336,-1.0150970839837117,-1.2459299204948362,-1.3474897004614146,-0.15046210448941494,0.0,0.0,0.0,0.0,0.0,0.0,0.0,0.0,0.0,0.0,0.0,0.0,1.0,0.0,0.0,0.0,0.0,0.0,0.0,0.0,1.0,0.0,0.0,0.0,0.0,0.0,0.0,1.0,0.0,0.0,0.0,1.0,0.0,0.0,0.0,0.0,1187
-0.9908386729398871,-0.0025465987453296202,-1.5195050849168326,1.0299049251081038,-0.664217342734666,0.21899286384487093,0.25711018758120824,0.0,0.0,0.0,0.0,1.0,0.0,0.0,0.0,0.0,0.0,0.0,0.0,0.0,0.0,1.0,0.0,0.0,0.0,0.0,0.0,0.0,0.0,0.0,0.0,0.0,0.0,0.0,0.0,1.0,0.0,0.0,1.0,0.0,0.0,0.0,0.0,3513
-0.05198469261432306,-1.2309059935513693,-1.2797627934680937,-1.6921585599668127,-1.316440535980918,0.8623696313278095,0.5288250489616237,0.0,0.0,0.0,0.0,0.0,0.0,0.0,0.0,0.0,0.0,1.0,0.0,0.0,0.0,0.0,0.0,0.0,0.0,0.0,1.0,0.0,0.0,0.0,0.0,0.0,0.0,0.0,0.0,0.0,0.0,1.0,0.0,1.0,0.0,0.0,0.0,4120
0.7303936243236471,-1.0511460821163392,1.6709115628240745,0.2561203811274169,0.06733029293342785,-0.3124922919019043,-0.014604673799207216,0.0,0.0,0.0,0.0,0.0,0.0,0.0,0.0,0.0,0.0,0.0,0.0,0.0,1.0,0.0,0.0,1.0,0.0,0.0,0.0,0.0,0.0,0.0,0.0,0.0,0.0,0.0,0.0,0.0,0.0,1.0,1.0,0.0,0.0,0.0,0.0,1560
0.33920446585466196,-0.12238653970201642,1.6340281333704223,-0.8078333668460277,1.191974609936425,-0.8299909961816595,1.6156844944832855,0.0,0.0,0.0,0.0,0.0,1.0,0.0,0.0,0.0,0.0,0.0,0.0,0.0,0.0,0.0,1.0,0.0,0.0,0.0,0.0,0.0,0.0,0.0,0.0,0.0,0.0,0.0,0.0,0.0,1.0,0.0,1.0,0.0,0.0,0.0,0.0,1516
1.0172656738675694,1.4055727074957403,-0.2101433393121828,-0.2136773777180002,-1.1419267626528664,-0.2985058404348842,-0.6938918272502459,0.0,1.0,0.0,0.0,0.0,0.0,0.0,0.0,0.0,0.0,0.0,0.0,0.0,0.0,1.0,0.0,0.0,0.0,0.0,0.0,0.0,0.0,0.0,0.0,0.0,0.0,0.0,1.0,0.0,0.0,0.0,1.0,0.0,0.0,0.0,0.0,1382
-1.5906620492589976,-0.7815062149637939,1.431169271375336,1.596425751951107,-0.2147121690108976,-0.39641100070402624,-0.8297492579404536,0.0,0.0,0.0,0.0,0.0,0.0,0.0,0.0,0.0,0.0,0.0,0.0,0.0,1.0,0.0,0.0,0.0,0.0,0.0,0.0,0.0,1.0,0.0,0.0,0.0,0.0,1.0,0.0,0.0,0.0,0.0,0.0,0.0,0.0,0.0,1.0,2233
-0.4170945738520424,1.135932840343195,-1.371971367102224,0.7673708834003709,-0.5372982348597193,0.037168994773605815,0.6646824796518315,0.0,0.0,0.0,0.0,1.0,0.0,0.0,0.0,0.0,0.0,0.0,0.0,0.0,0.0,0.0,0.0,0.0,0.0,0.0,0.0,0.0,1.0,0.0,0.0,0.0,0.0,1.0,0.0,0.0,0.0,0.0,0.0,0.0,0.0,0.0,1.0,1854
0.7303936243236471,-0.7215862444854505,0.3615498172194248,-0.8631036914160768,1.5850712912713276,1.729529622283075,-0.4221769658698304,0.0,1.0,0.0,0.0,0.0,0.0,0.0,0.0,0.0,0.0,0.0,0.0,0.0,0.0,0.0,0.0,0.0,0.0,0.0,0.0,1.0,0.0,0.0,0.0,0.0,0.0,0.0,0.0,1.0,0.0,0.0,0.0,0.0,0.0,0.0,1.0,4754
0.46960085201099033,0.4768131650814176,-1.4826216554631804,1.140445574248202,1.297740533165546,1.1001393062671563,0.5288250489616237,0.0,1.0,0.0,0.0,0.0,0.0,0.0,0.0,0.0,0.0,0.0,0.0,0.0,0.0,0.0,0.0,0.0,0.0,0.0,0.0,0.0,0.0,0.0,0.0,1.0,0.0,0.0,0.0,0.0,1.0,0.0,0.0,0.0,0.0,0.0,1.0,1396
-0.9908386729398871,1.4355326927349121,0.767267541209598,1.0437225062506161,-1.4521734707916243,0.5966270534544226,0.25711018758120824,0.0,1.0,0.0,0.0,0.0,0.0,0.0,0.0,0.0,0.0,0.0,0.0,0.0,0.0,0.0,0.0,0.0,0.0,0.0,1.0,0.0,0.0,0.0,0.0,0.0,0.0,1.0,0.0,0.0,0.0,0.0,0.0,0.0,0.0,0.0,1.0,1536
-1.6167413264902633,-0.03250658398450132,0.45375839085355507,-0.2827652834305615,-0.5637397156670001,-0.1306684228306392,-0.9656066886306613,0.0,0.0,0.0,0.0,0.0,0.0,0.0,0.0,1.0,0.0,0.0,0.0,0.0,0.0,0.0,1.0,0.0,0.0,0.0,0.0,0.0,0.0,0.0,0.0,0.0,0.0,0.0,0.0,0.0,0.0,1.0,0.0,0.0,0.0,0.0,1.0,1675
1.2519791689489603,0.8962529584298214,1.4496109861021618,-0.15840705314795112,-1.5314979132134656,1.4498005929426665,0.12125275689100051,0.0,0.0,0.0,0.0,0.0,0.0,0.0,0.0,0.0,0.0,0.0,1.0,0.0,0.0,0.0,0.0,0.0,0.0,0.0,0.0,0.0,1.0,0.0,0.0,0.0,0.0,0.0,0.0,0.0,1.0,0.0,0.0,0.0,0.0,0.0,1.0,1508
-1.4863449403339348,-0.27218646589787493,-1.2982045081949198,1.085175249678153,0.28062490477882396,-1.20762518579121,-0.9656066886306613,0.0,0.0,0.0,0.0,0.0,0.0,0.0,0.0,0.0,0.0,0.0,0.0,0.0,1.0,0.0,0.0,0.0,0.0,0.0,0.0,0.0,1.0,0.0,0.0,0.0,0.0,0.0,0.0,0.0,0.0,1.0,0.0,0.0,1.0,0.0,0.0,3004
-0.4431738510833081,0.4168931946030742,1.2467521241070754,1.0575400873931284,0.36700040874927325,-1.1516793799231282,1.479827063793078,0.0,0.0,0.0,0.0,1.0,0.0,0.0,0.0,0.0,0.0,0.0,0.0,0.0,0.0,0.0,1.0,0.0,0.0,0.0,0.0,0.0,0.0,0.0,0.0,0.0,0.0,0.0,0.0,1.0,0.0,0.0,0.0,1.0,0.0,0.0,0.0,875
0.7043143470923814,-0.6916262592462787,-0.06260962149757437,1.6240609142361313,-0.2058983420751373,-0.21458713163276108,-0.8297492579404536,1.0,0.0,0.0,0.0,0.0,0.0,0.0,0.0,0.0,0.0,0.0,0.0,0.0,0.0,0.0,0.0,0.0,0.0,1.0,0.0,0.0,0.0,0.0,0.0,0.0,0.0,0.0,0.0,0.0,0.0,1.0,1.0,0.0,0.0,0.0,0.0,3861
-0.9386801184773558,1.0760128698648517,0.767267541209598,1.4720675216684964,0.7583343246970249,1.0162205974650345,-1.2373215500110768,0.0,0.0,0.0,0.0,0.0,0.0,0.0,0.0,1.0,0.0,0.0,0.0,0.0,0.0,0.0,0.0,1.0,0.0,0.0,0.0,0.0,0.0,0.0,0.0,0.0,0.0,0.0,0.0,0.0,0.0,1.0,1.0,0.0,0.0,0.0,0.0,1408
-0.4431738510833081,0.6266130912772762,0.80415097066325,-1.3743541936890307,-0.2693578960126104,1.5616922046788297,-0.4221769658698304,0.0,0.0,0.0,0.0,0.0,0.0,0.0,1.0,0.0,0.0,0.0,0.0,0.0,0.0,0.0,0.0,0.0,0.0,0.0,0.0,1.0,0.0,0.0,0.0,0.0,0.0,0.0,0.0,0.0,0.0,1.0,1.0,0.0,0.0,0.0,0.0,2192
0.7043143470923814,-0.8414261854421372,-0.8556033547510946,-1.401989355974055,-1.226539501236164,0.20500641237785083,-0.8297492579404536,0.0,0.0,0.0,1.0,0.0,0.0,0.0,0.0,0.0,0.0,0.0,0.0,0.0,0.0,1.0,0.0,0.0,0.0,0.0,0.0,0.0,0.0,0.0,0.0,0.0,0.0,0.0,1.0,0.0,0.0,0.0,0.0,0.0,0.0,0.0,1.0,2710
0.9129485649425068,1.0760128698648517,-0.08105133622440043,-1.0150970839837117,-0.514382284826743,0.5127083446522994,-1.5090364113914922,0.0,0.0,0.0,0.0,0.0,0.0,1.0,0.0,0.0,0.0,0.0,0.0,0.0,0.0,0.0,0.0,0.0,0.0,0.0,0.0,0.0,0.0,1.0,0.0,0.0,0.0,0.0,0.0,0.0,1.0,0.0,0.0,1.0,0.0,0.0,0.0,1651
0.02625313907947395,-0.5118663478112485,1.5971447039167703,0.8917291136829812,0.49744504739852335,0.9323018886629126,0.8005399103420392,0.0,0.0,0.0,1.0,0.0,0.0,0.0,0.0,0.0,0.0,0.0,0.0,0.0,0.0,0.0,0.0,0.0,0.0,0.0,0.0,1.0,0.0,0.0,0.0,0.0,0.0,0.0,0.0,0.0,1.0,0.0,0.0,0.0,0.0,0.0,1.0,857
-0.3127774649269798,-0.24222648065870322,-0.41300220130726933,1.1128104119631774,-0.5302471733111113,1.2120309180033197,1.2081122024126625,0.0,0.0,0.0,0.0,0.0,0.0,0.0,0.0,0.0,1.0,0.0,0.0,0.0,0.0,0.0,0.0,0.0,0.0,0.0,0.0,1.0,0.0,0.0,0.0,0.0,0.0,1.0,0.0,0.0,0.0,0.0,0.0,0.0,0.0,0.0,1.0,4022
-1.4863449403339348,0.4768131650814176,-1.4826216554631804,1.3753444536709105,0.8834906671848194,-1.1376929284561081,1.0722547717224546,0.0,0.0,0.0,0.0,0.0,0.0,0.0,0.0,1.0,0.0,0.0,0.0,0.0,0.0,0.0,0.0,1.0,0.0,0.0,0.0,0.0,0.0,0.0,0.0,0.0,0.0,0.0,0.0,0.0,0.0,1.0,0.0,0.0,0.0,0.0,1.0,2653
-0.7822044550897618,0.9861329141473365,-0.3576770571267912,0.49101926055012546,0.8782023710233631,-1.7111374386039448,0.8005399103420392,0.0,1.0,0.0,0.0,0.0,0.0,0.0,0.0,0.0,0.0,0.0,0.0,0.0,0.0,0.0,0.0,0.0,0.0,0.0,0.0,0.0,0.0,0.0,0.0,1.0,0.0,0.0,1.0,0.0,0.0,0.0,1.0,0.0,0.0,0.0,0.0,1730
0.44352157477972465,-0.45194637733290516,-1.0769039314730071,0.6015599096902235,-0.6025205541843446,-0.2845193889678629,0.25711018758120824,0.0,0.0,0.0,0.0,0.0,0.0,0.0,1.0,0.0,0.0,0.0,0.0,0.0,0.0,0.0,1.0,0.0,0.0,0.0,0.0,0.0,0.0,0.0,0.0,0.0,0.0,0.0,0.0,0.0,1.0,0.0,0.0,1.0,0.0,0.0,0.0,895
-1.382027831408872,-1.2608659787905412,-1.335087937648572,-0.47621141942573325,-1.3305426590781337,-0.48032970950614934,-1.5090364113914922,0.0,0.0,0.0,1.0,0.0,0.0,0.0,0.0,0.0,0.0,0.0,0.0,0.0,0.0,0.0,0.0,0.0,0.0,0.0,0.0,1.0,0.0,0.0,0.0,0.0,0.0,0.0,0.0,0.0,1.0,0.0,0.0,1.0,0.0,0.0,0.0,2441
0.44352157477972465,-1.3807059197472278,0.9516846884778585,0.8226412079704198,0.8059289901501291,-0.3124922919019043,0.8005399103420392,0.0,0.0,0.0,0.0,0.0,0.0,0.0,1.0,0.0,0.0,0.0,0.0,0.0,0.0,0.0,0.0,0.0,0.0,0.0,0.0,1.0,0.0,0.0,0.0,0.0,0.0,0.0,0.0,0.0,1.0,0.0,0.0,0.0,0.0,1.0,0.0,2369
-1.382027831408872,1.0760128698648517,1.4680527008289879,-1.1670904765513466,1.1302778213861036,0.9323018886629126,0.6646824796518315,0.0,0.0,0.0,0.0,0.0,0.0,0.0,1.0,0.0,0.0,0.0,0.0,0.0,0.0,0.0,0.0,0.0,0.0,0.0,0.0,0.0,0.0,0.0,0.0,0.0,1.0,0.0,0.0,1.0,0.0,0.0,1.0,0.0,0.0,0.0,0.0,4671
-0.7822044550897618,-0.9013461559204806,1.3020772682875534,-1.1670904765513466,0.7883013362786084,-1.473367763664598,-1.6448938420817,0.0,0.0,0.0,0.0,0.0,1.0,0.0,0.0,0.0,0.0,0.0,0.0,0.0,0.0,0.0,0.0,0.0,0.0,0.0,0.0,1.0,0.0,0.0,0.0,0.0,0.0,0.0,0.0,1.0,0.0,0.0,1.0,0.0,0.0,0.0,0.0,1327
1.4866926640303515,0.6266130912772762,-0.8556033547510946,-1.650705816539276,1.5462904527539831,-1.4873542151316181,-0.4221769658698304,0.0,0.0,0.0,0.0,0.0,0.0,0.0,0.0,1.0,0.0,0.0,0.0,0.0,0.0,0.0,0.0,0.0,0.0,0.0,0.0,0.0,0.0,0.0,1.0,0.0,0.0,0.0,0.0,1.0,0.0,0.0,1.0,0.0,0.0,0.0,0.0,3331
-1.3037899997150753,1.0160928993865082,0.9148012590242064,0.9746346005380548,-0.22881429210811355,-0.620194224176353,-1.1014641193208692,0.0,0.0,0.0,0.0,0.0,0.0,1.0,0.0,0.0,0.0,0.0,0.0,0.0,0.0,0.0,0.0,0.0,0.0,0.0,0.0,0.0,1.0,0.0,0.0,0.0,0.0,0.0,0.0,1.0,0.0,0.0,1.0,0.0,0.0,0.0,0.0,4446
-0.07806396984558873,0.14725332745052888,-1.2982045081949198,1.5135202650960333,0.976917232703876,-0.07472261696255753,0.8005399103420392,0.0,0.0,0.0,0.0,0.0,0.0,0.0,0.0,0.0,0.0,0.0,1.0,0.0,0.0,0.0,1.0,0.0,0.0,0.0,0.0,0.0,0.0,0.0,0.0,0.0,0.0,0.0,1.0,0.0,0.0,0.0,0.0,1.0,0.0,0.0,0.0,1727
-1.1212350590962155,1.2557727812998818,-0.08105133622440043,-1.3190838691189815,-0.6571662811860574,-0.5782348697752914,0.6646824796518315,0.0,0.0,0.0,1.0,0.0,0.0,0.0,0.0,0.0,0.0,0.0,0.0,0.0,0.0,0.0,0.0,0.0,0.0,0.0,0.0,0.0,0.0,1.0,0.0,0.0,0.0,0.0,0.0,0.0,0.0,1.0,0.0,0.0,1.0,0.0,0.0,3115
0.6260765153985843,-1.2309059935513693,0.5459669644876853,0.8088236268279076,0.5591418359488448,-0.7600587388465565,1.479827063793078,0.0,1.0,0.0,0.0,0.0,0.0,0.0,0.0,0.0,0.0,0.0,0.0,0.0,0.0,0.0,1.0,0.0,0.0,0.0,0.0,0.0,0.0,0.0,0.0,0.0,0.0,0.0,1.0,0.0,0.0,0.0,0.0,0.0,0.0,1.0,0.0,1124
-0.2866981876957141,1.5853326189307706,1.6709115628240745,0.1732148942723433,-1.0132448893907684,0.6805457622565444,0.6646824796518315,0.0,0.0,0.0,0.0,0.0,0.0,0.0,1.0,0.0,0.0,0.0,0.0,0.0,0.0,0.0,0.0,0.0,0.0,0.0,0.0,1.0,0.0,0.0,0.0,0.0,0.0,0.0,0.0,0.0,1.0,0.0,0.0,1.0,0.0,0.0,0.0,777
-1.069076504633684,1.6152926041699422,1.2467521241070754,0.24230279998490464,-1.4204436938228877,-1.403435506329495,1.479827063793078,0.0,0.0,0.0,0.0,0.0,0.0,0.0,0.0,0.0,0.0,0.0,1.0,0.0,0.0,0.0,0.0,0.0,0.0,0.0,0.0,0.0,1.0,0.0,0.0,0.0,0.0,0.0,0.0,1.0,0.0,0.0,1.0,0.0,0.0,0.0,0.0,853
-0.49533240554583946,-1.0811060673555108,0.8779178295705543,1.499702683953521,-0.3240036230143238,1.3518954326735244,-1.6448938420817,0.0,0.0,0.0,0.0,0.0,0.0,0.0,0.0,0.0,0.0,1.0,0.0,0.0,0.0,0.0,0.0,0.0,0.0,0.0,0.0,0.0,0.0,1.0,0.0,0.0,0.0,0.0,0.0,0.0,0.0,1.0,0.0,0.0,0.0,1.0,0.0,1708
1.669247604649211,-1.3507459345080561,0.029598952136555886,0.51865442283515,1.0245118981569814,-0.41039745217104634,-1.2373215500110768,0.0,0.0,0.0,0.0,0.0,0.0,0.0,0.0,0.0,0.0,0.0,1.0,0.0,0.0,0.0,0.0,0.0,0.0,1.0,0.0,0.0,0.0,0.0,0.0,0.0,0.0,1.0,0.0,0.0,0.0,0.0,0.0,1.0,0.0,0.0,0.0,1666
-0.4170945738520424,1.0760128698648517,0.26934124358529454,0.6982829776878094,-0.9321576815817748,0.9602747915969528,-1.2373215500110768,0.0,1.0,0.0,0.0,0.0,0.0,0.0,0.0,0.0,0.0,0.0,0.0,0.0,0.0,0.0,1.0,0.0,0.0,0.0,0.0,0.0,0.0,0.0,0.0,0.0,0.0,0.0,0.0,0.0,1.0,0.0,0.0,0.0,0.0,1.0,0.0,1625
0.495680129242256,0.14725332745052888,-1.4088547965558762,-1.6921585599668127,1.3277075447471307,1.5337193017447897,1.2081122024126625,0.0,0.0,0.0,0.0,0.0,0.0,0.0,0.0,0.0,0.0,1.0,0.0,0.0,0.0,0.0,0.0,0.0,0.0,0.0,0.0,0.0,0.0,0.0,0.0,1.0,0.0,1.0,0.0,0.0,0.0,0.0,0.0,1.0,0.0,0.0,0.0,1761
-0.7561251778584961,-1.5904258164214298,-0.7818364958437903,-1.0150970839837117,-0.3134270306914112,-0.3264787433689244,1.0722547717224546,0.0,0.0,0.0,0.0,0.0,0.0,0.0,1.0,0.0,0.0,0.0,0.0,0.0,0.0,0.0,0.0,1.0,0.0,0.0,0.0,0.0,0.0,0.0,0.0,0.0,0.0,0.0,0.0,1.0,0.0,0.0,0.0,0.0,0.0,0.0,1.0,2287
0.33920446585466196,1.555372633691599,-1.003137072565703,0.51865442283515,1.2783501139068738,0.10710125210870759,-0.014604673799207216,0.0,1.0,0.0,0.0,0.0,0.0,0.0,0.0,0.0,0.0,0.0,0.0,0.0,0.0,0.0,0.0,0.0,0.0,0.0,0.0,0.0,0.0,1.0,0.0,0.0,0.0,0.0,0.0,0.0,1.0,0.0,0.0,0.0,0.0,1.0,0.0,1460
-0.7822044550897618,0.2071732979288723,-0.15481819513170464,-0.9045564348436136,-0.6818449966061859,1.309936078272463,-0.5580343965600382,0.0,0.0,0.0,0.0,0.0,1.0,0.0,0.0,0.0,0.0,0.0,0.0,0.0,0.0,0.0,0.0,0.0,0.0,0.0,1.0,0.0,0.0,0.0,0.0,0.0,0.0,0.0,0.0,1.0,0.0,0.0,0.0,0.0,1.0,0.0,0.0,1039
-0.2606189104644484,0.3569732241247308,-0.007284477317096217,-0.0755015662928775,0.8641002479261458,-1.0258013167199447,0.25711018758120824,0.0,1.0,0.0,0.0,0.0,0.0,0.0,0.0,0.0,0.0,0.0,0.0,0.0,0.0,0.0,0.0,0.0,0.0,0.0,1.0,0.0,0.0,0.0,0.0,0.0,0.0,0.0,0.0,1.0,0.0,0.0,0.0,0.0,0.0,1.0,0.0,2410
-0.5474909600083707,-0.12238653970201642,0.43531667612672903,-0.669657555420905,-1.0326353086494409,-0.48032970950614934,0.9363973410322469,0.0,0.0,0.0,0.0,0.0,0.0,0.0,0.0,0.0,0.0,0.0,0.0,1.0,0.0,0.0,0.0,0.0,0.0,0.0,0.0,0.0,1.0,0.0,0.0,0.0,0.0,0.0,0.0,0.0,1.0,0.0,1.0,0.0,0.0,0.0,0.0,3702
-1.1733936135587468,-0.7515462297246222,0.9885681179315106,1.596425751951107,-1.5614649247950505,-1.22161163725823,-0.28631953517962266,0.0,0.0,0.0,0.0,0.0,0.0,0.0,0.0,0.0,0.0,0.0,0.0,0.0,1.0,1.0,0.0,0.0,0.0,0.0,0.0,0.0,0.0,0.0,0.0,0.0,0.0,0.0,0.0,0.0,0.0,1.0,0.0,0.0,1.0,0.0,0.0,1540
-0.8343630095522931,-1.0511460821163392,1.5602612744631181,-0.9874619216986872,0.7777247439556971,-1.0118148652529246,0.6646824796518315,0.0,0.0,0.0,0.0,0.0,0.0,0.0,0.0,0.0,0.0,1.0,0.0,0.0,0.0,0.0,0.0,0.0,0.0,0.0,0.0,1.0,0.0,0.0,0.0,0.0,0.0,1.0,0.0,0.0,0.0,0.0,1.0,0.0,0.0,0.0,0.0,4999
-1.5645827720277319,0.4168931946030742,1.0623349768388148,0.8917291136829812,0.2894387317145836,-0.6761400300444346,-0.014604673799207216,0.0,0.0,0.0,0.0,0.0,0.0,1.0,0.0,0.0,0.0,0.0,0.0,0.0,0.0,0.0,0.0,0.0,0.0,0.0,0.0,0.0,0.0,0.0,0.0,1.0,0.0,0.0,0.0,0.0,1.0,0.0,0.0,1.0,0.0,0.0,0.0,1788
-0.7300459006272305,-0.36206642161539004,-0.6158610633023559,-0.6558399742783927,1.0298001943184378,-0.2705329375008428,-1.6448938420817,0.0,0.0,0.0,1.0,0.0,0.0,0.0,0.0,0.0,0.0,0.0,0.0,0.0,0.0,0.0,0.0,0.0,0.0,0.0,0.0,1.0,0.0,0.0,0.0,0.0,0.0,0.0,1.0,0.0,0.0,0.0,0.0,0.0,0.0,1.0,0.0,1991
-0.1823810787706514,0.7164930469947912,-1.6485970880046148,0.4633840982651009,0.30177808942464784,1.2539902724043812,-0.15046210448941494,0.0,0.0,0.0,0.0,0.0,0.0,0.0,0.0,0.0,0.0,0.0,0.0,1.0,0.0,0.0,0.0,0.0,0.0,1.0,0.0,0.0,0.0,0.0,0.0,0.0,0.0,0.0,0.0,0.0,0.0,1.0,1.0,0.0,0.0,0.0,0.0,3093
-0.07806396984558873,0.6865330617556195,-0.8187199252974425,-1.6368882353967638,-0.9973800009063996,1.0861528548001362,0.9363973410322469,1.0,0.0,0.0,0.0,0.0,0.0,0.0,0.0,0.0,0.0,0.0,0.0,0.0,0.0,1.0,0.0,0.0,0.0,0.0,0.0,0.0,0.0,0.0,0.0,0.0,0.0,0.0,0.0,1.0,0.0,0.0,0.0,0.0,0.0,1.0,0.0,3002
0.33920446585466196,1.4355326927349121,1.154543550472945,-0.6420223931358805,0.187198339259766,-1.2495845401922714,-0.4221769658698304,0.0,0.0,0.0,0.0,0.0,0.0,0.0,0.0,1.0,0.0,0.0,0.0,0.0,0.0,0.0,0.0,0.0,0.0,0.0,0.0,0.0,1.0,0.0,0.0,0.0,0.0,0.0,1.0,0.0,0.0,0.0,0.0,0.0,1.0,0.0,0.0,80196
1.2258998917176946,-1.2309059935513693,1.431169271375336,0.7121005588303218,0.05146540444905959,1.0022341459980144,0.8005399103420392,0.0,0.0,0.0,0.0,0.0,0.0,0.0,1.0,0.0,0.0,0.0,0.0,0.0,0.0,0.0,0.0,0.0,0.0,0.0,0.0,0.0,0.0,1.0,0.0,0.0,0.0,0.0,0.0,1.0,0.0,0.0,0.0,0.0,1.0,0.0,0.0,1592
-1.1473143363274811,-0.21226649541953152,0.8963595442973803,1.6240609142361313,-0.09131859191025544,-0.060736165495536176,-0.5580343965600382,0.0,0.0,0.0,0.0,0.0,1.0,0.0,0.0,0.0,0.0,0.0,0.0,0.0,0.0,0.0,0.0,0.0,0.0,0.0,0.0,0.0,0.0,0.0,1.0,0.0,0.0,0.0,0.0,1.0,0.0,0.0,0.0,0.0,1.0,0.0,0.0,933
1.278058446180226,-1.1110660525946825,1.6709115628240745,-0.9321915971286381,1.676735091403234,-0.466343258039128,0.9363973410322469,0.0,1.0,0.0,0.0,0.0,0.0,0.0,0.0,0.0,0.0,0.0,0.0,0.0,0.0,0.0,0.0,0.0,0.0,0.0,0.0,0.0,0.0,0.0,1.0,0.0,0.0,1.0,0.0,0.0,0.0,0.0,0.0,0.0,0.0,0.0,1.0,35346
1.6953268818804768,1.555372633691599,-0.652744492756008,1.1680807365332266,-0.2217632305595056,-1.375462603395455,-0.15046210448941494,0.0,0.0,0.0,0.0,1.0,0.0,0.0,0.0,0.0,0.0,0.0,0.0,0.0,0.0,0.0,0.0,0.0,0.0,0.0,0.0,1.0,0.0,0.0,0.0,0.0,0.0,0.0,0.0,0.0,0.0,1.0,1.0,0.0,0.0,0.0,0.0,1804
0.10449097077327096,-0.5418263330504203,0.12180752577068614,-0.7663806234184909,-0.5496375925697835,-0.7320858359125163,0.5288250489616237,0.0,0.0,0.0,0.0,0.0,0.0,0.0,0.0,0.0,0.0,0.0,1.0,0.0,0.0,0.0,0.0,0.0,0.0,0.0,0.0,0.0,0.0,0.0,0.0,0.0,1.0,0.0,1.0,0.0,0.0,0.0,0.0,1.0,0.0,0.0,0.0,2013
-0.15630180153938575,1.7051725598874574,1.3389606977412056,-1.5125300051141533,-0.16535473817064048,0.42878963585017754,-0.4221769658698304,1.0,0.0,0.0,0.0,0.0,0.0,0.0,0.0,0.0,0.0,0.0,0.0,0.0,0.0,1.0,0.0,0.0,0.0,0.0,0.0,0.0,0.0,0.0,0.0,0.0,0.0,0.0,1.0,0.0,0.0,0.0,0.0,0.0,0.0,1.0,0.0,1013
-1.4863449403339348,1.7051725598874574,-0.04416790677074832,1.140445574248202,-0.4738386809222462,0.42878963585017754,0.5288250489616237,0.0,1.0,0.0,0.0,0.0,0.0,0.0,0.0,0.0,0.0,0.0,0.0,0.0,0.0,0.0,0.0,0.0,0.0,0.0,1.0,0.0,0.0,0.0,0.0,0.0,0.0,1.0,0.0,0.0,0.0,0.0,0.0,0.0,0.0,0.0,1.0,4289
1.0955035055613664,0.05737337173301378,0.6750589675754677,0.007403920562196099,0.8253194094088013,-1.5293135695326798,-0.15046210448941494,0.0,0.0,0.0,0.0,0.0,0.0,0.0,0.0,0.0,0.0,0.0,1.0,0.0,0.0,0.0,0.0,1.0,0.0,0.0,0.0,0.0,0.0,0.0,0.0,0.0,0.0,1.0,0.0,0.0,0.0,0.0,0.0,0.0,0.0,1.0,0.0,3924
-0.3127774649269798,-0.39202640685456175,1.2098686946534232,1.3615268725283982,0.6120247975634059,-1.6691780842028834,-0.8297492579404536,0.0,0.0,0.0,0.0,0.0,0.0,1.0,0.0,0.0,0.0,0.0,0.0,0.0,0.0,0.0,1.0,0.0,0.0,0.0,0.0,0.0,0.0,0.0,0.0,0.0,0.0,0.0,0.0,1.0,0.0,0.0,1.0,0.0,0.0,0.0,0.0,1458
0.495680129242256,-1.170986023073026,1.6524698480972484,-0.9183740159861258,0.28062490477882396,0.44277608731719764,-1.1014641193208692,0.0,0.0,0.0,0.0,0.0,0.0,0.0,0.0,0.0,0.0,1.0,0.0,0.0,0.0,0.0,0.0,0.0,0.0,0.0,0.0,0.0,0.0,1.0,0.0,0.0,0.0,0.0,1.0,0.0,0.0,0.0,0.0,0.0,0.0,1.0,0.0,1689
0.5478386837047874,-1.2009460083121977,1.431169271375336,-1.3605366125465184,0.4939195166242194,0.05115544624062592,-0.014604673799207216,0.0,0.0,0.0,0.0,0.0,0.0,0.0,1.0,0.0,0.0,0.0,0.0,0.0,0.0,0.0,0.0,1.0,0.0,0.0,0.0,0.0,0.0,0.0,0.0,0.0,0.0,0.0,0.0,1.0,0.0,0.0,0.0,0.0,0.0,1.0,0.0,1524
0.36528374308592765,-0.6616662740071071,0.9885681179315106,1.3062565479583492,0.7689109170199362,1.3379089812065044,1.34396963310287,0.0,0.0,0.0,0.0,0.0,0.0,0.0,0.0,0.0,0.0,0.0,0.0,1.0,0.0,0.0,0.0,0.0,0.0,0.0,0.0,0.0,0.0,0.0,0.0,0.0,1.0,0.0,0.0,1.0,0.0,0.0,0.0,0.0,0.0,1.0,0.0,1371
-1.4341863858714035,0.3869332093639025,1.6155864186435964,-0.1169543097204143,1.2466203369381372,0.20500641237785083,1.34396963310287,0.0,0.0,0.0,0.0,0.0,0.0,0.0,1.0,0.0,0.0,0.0,0.0,0.0,0.0,0.0,0.0,0.0,0.0,0.0,0.0,1.0,0.0,0.0,0.0,0.0,0.0,0.0,0.0,0.0,1.0,0.0,0.0,0.0,0.0,1.0,0.0,3643
0.9390278421737723,-1.470585875464743,0.9148012590242064,-1.1809080576938589,-1.5068191977933372,-0.48032970950614934,-0.15046210448941494,0.0,0.0,0.0,0.0,0.0,0.0,0.0,0.0,1.0,0.0,0.0,0.0,0.0,0.0,0.0,0.0,0.0,0.0,0.0,0.0,1.0,0.0,0.0,0.0,0.0,0.0,0.0,1.0,0.0,0.0,0.0,1.0,0.0,0.0,0.0,0.0,2532
-1.329869276946341,0.5966531060381044,0.5828503939413374,0.7673708834003709,0.8306077055702576,1.1980444665362997,-0.014604673799207216,0.0,0.0,0.0,0.0,0.0,0.0,0.0,0.0,0.0,1.0,0.0,0.0,0.0,0.0,0.0,0.0,1.0,0.0,0.0,0.0,0.0,0.0,0.0,0.0,0.0,0.0,0.0,1.0,0.0,0.0,0.0,0.0,0.0,0.0,1.0,0.0,1452
0.5478386837047874,0.836332987951478,-0.4498856307609215,0.7121005588303218,0.4004929511051621,0.9462883401299327,1.2081122024126625,0.0,0.0,0.0,0.0,0.0,0.0,0.0,0.0,0.0,1.0,0.0,0.0,0.0,0.0,0.0,0.0,0.0,0.0,0.0,1.0,0.0,0.0,0.0,0.0,0.0,0.0,0.0,0.0,0.0,1.0,0.0,0.0,1.0,0.0,0.0,0.0,2006
-1.4602656631026691,-0.9013461559204806,0.1402492404975122,-0.43475867599819645,-1.4151553976614315,-0.8719503505827199,1.34396963310287,0.0,0.0,0.0,0.0,0.0,0.0,1.0,0.0,0.0,0.0,0.0,0.0,0.0,0.0,0.0,0.0,0.0,0.0,1.0,0.0,0.0,0.0,0.0,0.0,0.0,0.0,0.0,1.0,0.0,0.0,0.0,0.0,1.0,0.0,0.0,0.0,2655
0.7825521787861783,-0.15234652494118814,-0.7449530663901383,-1.6230706542542515,0.45866420888117887,1.393854787074586,0.9363973410322469,0.0,0.0,1.0,0.0,0.0,0.0,0.0,0.0,0.0,0.0,0.0,0.0,0.0,0.0,0.0,0.0,0.0,0.0,0.0,0.0,0.0,0.0,0.0,1.0,0.0,0.0,0.0,0.0,0.0,1.0,0.0,0.0,0.0,0.0,0.0,1.0,3714
0.28704591139213065,-0.6317062887679353,-0.7449530663901383,-1.0427322462687363,0.6701960553394226,0.722505116657606,0.5288250489616237,0.0,0.0,0.0,0.0,0.0,0.0,1.0,0.0,0.0,0.0,0.0,0.0,0.0,0.0,0.0,0.0,0.0,0.0,0.0,0.0,0.0,0.0,0.0,0.0,0.0,1.0,0.0,1.0,0.0,0.0,0.0,0.0,0.0,1.0,0.0,0.0,2946
0.18272880246706796,0.9861329141473365,-0.7265113516633123,-1.0012795028411994,-0.995617235519248,-0.5642484183082712,-0.014604673799207216,0.0,0.0,0.0,0.0,0.0,0.0,0.0,0.0,0.0,0.0,0.0,0.0,1.0,0.0,0.0,0.0,0.0,0.0,0.0,0.0,0.0,0.0,1.0,0.0,0.0,0.0,0.0,0.0,0.0,1.0,0.0,0.0,0.0,1.0,0.0,0.0,3753
-0.2606189104644484,-0.9013461559204806,0.26934124358529454,-0.020231241722828436,-0.19532174975222533,0.9323018886629126,-1.2373215500110768,0.0,0.0,1.0,0.0,0.0,0.0,0.0,0.0,0.0,0.0,0.0,0.0,0.0,0.0,0.0,0.0,0.0,0.0,0.0,0.0,0.0,0.0,1.0,0.0,0.0,0.0,0.0,0.0,0.0,0.0,1.0,0.0,0.0,1.0,0.0,0.0,2106
0.6260765153985843,-1.5604658311822581,0.80415097066325,-0.6143872308508559,1.5639181066255037,1.5337193017447897,-1.2373215500110768,0.0,0.0,1.0,0.0,0.0,0.0,0.0,0.0,0.0,0.0,0.0,0.0,0.0,0.0,0.0,0.0,0.0,0.0,0.0,0.0,0.0,1.0,0.0,0.0,0.0,0.0,1.0,0.0,0.0,0.0,0.0,0.0,0.0,0.0,0.0,1.0,4530
1.0172656738675694,-1.470585875464743,-0.19170162458535672,-0.29658286457307376,1.13556611754756,-0.7880316417805979,-1.1014641193208692,1.0,0.0,0.0,0.0,0.0,0.0,0.0,0.0,0.0,0.0,0.0,0.0,0.0,0.0,0.0,0.0,0.0,0.0,0.0,0.0,0.0,0.0,0.0,1.0,0.0,0.0,1.0,0.0,0.0,0.0,0.0,0.0,0.0,0.0,1.0,0.0,1167
1.1215827827926321,1.555372633691599,-0.9293702136583988,0.6844653965452971,-1.3111522398194615,-0.42438390363806766,-0.6938918272502459,0.0,0.0,0.0,0.0,0.0,1.0,0.0,0.0,0.0,0.0,0.0,0.0,0.0,0.0,1.0,0.0,0.0,0.0,0.0,0.0,0.0,0.0,0.0,0.0,0.0,0.0,0.0,0.0,1.0,0.0,0.0,0.0,0.0,1.0,0.0,0.0,5242
-0.4692531283145738,-0.12238653970201642,0.1771326699511643,0.49101926055012546,-0.6518779850246017,-0.9139097049837813,0.8005399103420392,1.0,0.0,0.0,0.0,0.0,0.0,0.0,0.0,0.0,0.0,0.0,0.0,0.0,0.0,1.0,0.0,0.0,0.0,0.0,0.0,0.0,0.0,0.0,0.0,0.0,0.0,1.0,0.0,0.0,0.0,0.0,0.0,0.0,0.0,0.0,1.0,1352
-0.07806396984558873,-1.0511460821163392,1.2651938388339012,-1.0427322462687363,0.6490428706935987,-0.5502619668412512,-0.5580343965600382,0.0,0.0,0.0,1.0,0.0,0.0,0.0,0.0,0.0,0.0,0.0,0.0,0.0,0.0,0.0,0.0,0.0,0.0,0.0,0.0,0.0,0.0,0.0,0.0,0.0,1.0,1.0,0.0,0.0,0.0,0.0,0.0,0.0,0.0,1.0,0.0,1420
-0.8343630095522931,1.4954526632132554,1.3389606977412056,-0.3794883514281474,-0.27464619217406666,-1.0677606711210064,-1.6448938420817,0.0,0.0,0.0,0.0,0.0,0.0,1.0,0.0,0.0,0.0,0.0,0.0,0.0,0.0,0.0,0.0,0.0,0.0,0.0,0.0,0.0,1.0,0.0,0.0,0.0,0.0,0.0,0.0,1.0,0.0,0.0,0.0,0.0,1.0,0.0,0.0,2007
-0.4170945738520424,-1.3507459345080561,0.5459669644876853,1.5687905896660823,0.791826867052913,0.5127083446522994,0.5288250489616237,1.0,0.0,0.0,0.0,0.0,0.0,0.0,0.0,0.0,0.0,0.0,0.0,0.0,0.0,0.0,0.0,0.0,0.0,0.0,0.0,0.0,0.0,0.0,0.0,1.0,0.0,0.0,0.0,0.0,1.0,0.0,0.0,1.0,0.0,0.0,0.0,1500
-0.13022252430812006,-1.4406258902255713,-1.2613210787412676,1.3062565479583492,0.187198339259766,-0.17262777723169953,0.6646824796518315,0.0,0.0,0.0,0.0,0.0,0.0,0.0,0.0,0.0,0.0,1.0,0.0,0.0,0.0,0.0,0.0,0.0,0.0,0.0,0.0,0.0,1.0,0.0,0.0,0.0,0.0,1.0,0.0,0.0,0.0,0.0,0.0,0.0,0.0,1.0,0.0,881
1.5127719412616172,-0.7215862444854505,-1.5379467996436584,-1.1118201519812976,0.2559461893586954,1.156085112135238,0.12125275689100051,0.0,0.0,0.0,0.0,0.0,0.0,0.0,0.0,0.0,0.0,1.0,0.0,0.0,0.0,0.0,0.0,0.0,1.0,0.0,0.0,0.0,0.0,0.0,0.0,0.0,0.0,0.0,0.0,0.0,0.0,1.0,0.0,0.0,1.0,0.0,0.0,739
1.356296277874023,0.2071732979288723,-0.7633947811169643,-1.3329014502614938,-1.2988128821093974,-1.0118148652529246,0.9363973410322469,0.0,0.0,0.0,0.0,0.0,0.0,1.0,0.0,0.0,0.0,0.0,0.0,0.0,0.0,0.0,0.0,0.0,0.0,1.0,0.0,0.0,0.0,0.0,0.0,0.0,0.0,1.0,0.0,0.0,0.0,0.0,0.0,0.0,0.0,1.0,0.0,1284
1.3041377234114917,-0.18230651018035982,0.6381755381218156,-1.6230706542542515,0.10258560067646838,1.5477057532118097,-1.3731789807012846,0.0,0.0,0.0,0.0,0.0,0.0,0.0,0.0,0.0,0.0,0.0,1.0,0.0,0.0,0.0,0.0,0.0,0.0,0.0,0.0,0.0,1.0,0.0,0.0,0.0,0.0,0.0,1.0,0.0,0.0,0.0,0.0,1.0,0.0,0.0,0.0,3198
-0.5474909600083707,1.7051725598874574,-0.5974193485755299,1.292438966815837,1.3453351986186515,-1.1796522828571696,0.12125275689100051,0.0,0.0,0.0,0.0,1.0,0.0,0.0,0.0,0.0,0.0,0.0,0.0,0.0,0.0,0.0,0.0,0.0,0.0,0.0,0.0,0.0,1.0,0.0,0.0,0.0,0.0,1.0,0.0,0.0,0.0,0.0,0.0,0.0,0.0,0.0,1.0,1846
-0.5996495144709021,-0.9912261116379958,1.0070098326583365,-1.084184989696273,0.8588119517646908,-1.473367763664598,0.39296761827141596,0.0,0.0,0.0,0.0,0.0,0.0,0.0,0.0,0.0,0.0,1.0,0.0,0.0,0.0,0.0,0.0,0.0,0.0,1.0,0.0,0.0,0.0,0.0,0.0,0.0,0.0,1.0,0.0,0.0,0.0,0.0,1.0,0.0,0.0,0.0,0.0,1129
1.1215827827926321,-1.5005458607039146,0.1033658110438601,-0.6558399742783927,-1.0908065664254576,-0.41039745217104634,1.6156844944832855,0.0,0.0,0.0,0.0,0.0,0.0,0.0,0.0,0.0,0.0,1.0,0.0,0.0,0.0,0.0,0.0,0.0,0.0,0.0,0.0,0.0,1.0,0.0,0.0,0.0,0.0,0.0,0.0,0.0,1.0,0.0,0.0,0.0,0.0,1.0,0.0,1658
-0.9386801184773558,0.5666931207989327,-1.685480517458267,0.7397357211153462,-0.004943087939805505,0.23297931531189228,0.12125275689100051,0.0,0.0,0.0,1.0,0.0,0.0,0.0,0.0,0.0,0.0,0.0,0.0,0.0,0.0,0.0,0.0,0.0,1.0,0.0,0.0,0.0,0.0,0.0,0.0,0.0,0.0,0.0,0.0,0.0,1.0,0.0,0.0,1.0,0.0,0.0,0.0,1803
1.2519791689489603,1.645252589409114,-1.5748302290973106,-1.084184989696273,-0.8545960045470852,-0.9838419623188832,0.39296761827141596,0.0,0.0,0.0,0.0,0.0,1.0,0.0,0.0,0.0,0.0,0.0,0.0,0.0,0.0,0.0,0.0,0.0,0.0,0.0,0.0,0.0,0.0,0.0,0.0,0.0,1.0,1.0,0.0,0.0,0.0,0.0,0.0,0.0,0.0,0.0,1.0,1539
-1.0169179501711527,0.2670932684072157,0.6197338233949895,-0.1998597965754879,1.5374766258182222,1.0861528548001362,1.6156844944832855,1.0,0.0,0.0,0.0,0.0,0.0,0.0,0.0,0.0,0.0,0.0,0.0,0.0,0.0,0.0,0.0,1.0,0.0,0.0,0.0,0.0,0.0,0.0,0.0,0.0,0.0,0.0,0.0,1.0,0.0,0.0,0.0,0.0,0.0,0.0,1.0,3900
0.9390278421737723,-0.6317062887679353,-1.2059959345607896,-0.6834751365634173,-0.88456301612867,0.7364915681246261,-0.5580343965600382,0.0,0.0,0.0,0.0,0.0,0.0,0.0,0.0,1.0,0.0,0.0,0.0,0.0,0.0,0.0,0.0,0.0,0.0,0.0,1.0,0.0,0.0,0.0,0.0,0.0,0.0,0.0,0.0,0.0,1.0,0.0,1.0,0.0,0.0,0.0,0.0,3923
-0.05198469261432306,0.2071732979288723,0.7119423970291198,1.0160873439655915,-0.8263917583526527,-1.1796522828571696,0.6646824796518315,0.0,0.0,0.0,0.0,0.0,0.0,0.0,0.0,0.0,0.0,0.0,0.0,0.0,1.0,0.0,0.0,0.0,0.0,0.0,0.0,0.0,1.0,0.0,0.0,0.0,0.0,0.0,0.0,0.0,1.0,0.0,0.0,0.0,1.0,0.0,0.0,2352
1.3041377234114917,-1.4106659049863997,-0.8187199252974425,-0.06168398515036524,-1.1401639972657147,1.1700715636022594,-1.5090364113914922,0.0,0.0,0.0,0.0,0.0,0.0,1.0,0.0,0.0,0.0,0.0,0.0,0.0,0.0,0.0,1.0,0.0,0.0,0.0,0.0,0.0,0.0,0.0,0.0,0.0,0.0,1.0,0.0,0.0,0.0,0.0,1.0,0.0,0.0,0.0,0.0,42719
-1.1733936135587468,1.4954526632132554,-1.335087937648572,0.781188464542883,-1.2617948089792044,-0.8439774476486795,1.479827063793078,0.0,0.0,0.0,0.0,0.0,0.0,0.0,0.0,0.0,0.0,0.0,0.0,1.0,0.0,0.0,0.0,0.0,0.0,0.0,0.0,0.0,0.0,0.0,1.0,0.0,0.0,0.0,0.0,1.0,0.0,0.0,1.0,0.0,0.0,0.0,0.0,1966
0.05233241631073962,0.2970532536463874,-0.984695357838877,-1.1256377331238099,1.0756320943843902,-1.5992458268677816,1.2081122024126625,0.0,0.0,0.0,0.0,0.0,1.0,0.0,0.0,0.0,0.0,0.0,0.0,0.0,0.0,0.0,0.0,0.0,0.0,0.0,1.0,0.0,0.0,0.0,0.0,0.0,0.0,0.0,0.0,1.0,0.0,0.0,0.0,0.0,1.0,0.0,0.0,861
-0.05198469261432306,-0.33210643637621834,-1.021578787292529,-1.498712423971641,-0.6307248003787772,-1.5992458268677816,-1.2373215500110768,1.0,0.0,0.0,0.0,0.0,0.0,0.0,0.0,0.0,0.0,0.0,0.0,0.0,0.0,0.0,0.0,0.0,0.0,0.0,0.0,0.0,0.0,1.0,0.0,0.0,0.0,0.0,0.0,1.0,0.0,0.0,0.0,0.0,0.0,0.0,1.0,2242
0.9129485649425068,-1.2309059935513693,-0.19170162458535672,-1.1256377331238099,1.262485225422506,1.5197328502777696,-0.014604673799207216,0.0,0.0,0.0,0.0,0.0,0.0,0.0,1.0,0.0,0.0,0.0,0.0,0.0,0.0,0.0,0.0,0.0,1.0,0.0,0.0,0.0,0.0,0.0,0.0,0.0,0.0,0.0,0.0,0.0,1.0,0.0,0.0,1.0,0.0,0.0,0.0,2618
0.495680129242256,0.3569732241247308,-1.4457382260095282,0.6430126531177603,-0.47912697708370244,1.2539902724043812,-1.2373215500110768,0.0,0.0,0.0,0.0,0.0,0.0,0.0,0.0,0.0,0.0,0.0,1.0,0.0,0.0,0.0,0.0,0.0,0.0,0.0,0.0,0.0,0.0,0.0,0.0,1.0,0.0,1.0,0.0,0.0,0.0,0.0,0.0,0.0,0.0,0.0,1.0,2382
-1.4863449403339348,1.0760128698648517,0.2877829583121206,0.573924747405199,0.3987301857180098,0.09311480064168749,-1.1014641193208692,0.0,0.0,0.0,0.0,0.0,0.0,0.0,0.0,0.0,0.0,0.0,0.0,0.0,1.0,0.0,0.0,0.0,0.0,0.0,0.0,1.0,0.0,0.0,0.0,0.0,0.0,0.0,0.0,1.0,0.0,0.0,0.0,0.0,0.0,1.0,0.0,2027
-0.7300459006272305,0.9861329141473365,-1.740805661638745,0.3804786114100273,-1.3887139168541514,-1.389449054862475,-0.5580343965600382,0.0,0.0,0.0,0.0,0.0,0.0,0.0,0.0,1.0,0.0,0.0,0.0,0.0,0.0,0.0,0.0,0.0,0.0,0.0,0.0,1.0,0.0,0.0,0.0,0.0,0.0,0.0,0.0,0.0,0.0,1.0,0.0,0.0,0.0,1.0,0.0,3305
0.9390278421737723,-0.6616662740071071,-0.283910198219487,-1.4572596805441043,-0.361021696144516,-0.2285735830997812,-0.28631953517962266,0.0,0.0,0.0,0.0,0.0,0.0,0.0,0.0,1.0,0.0,0.0,0.0,0.0,0.0,0.0,1.0,0.0,0.0,0.0,0.0,0.0,0.0,0.0,0.0,0.0,0.0,0.0,1.0,0.0,0.0,0.0,1.0,0.0,0.0,0.0,0.0,1678
-0.8865215640148245,-0.8414261854421372,1.486494415555814,-0.7663806234184909,1.1285150559989507,-1.0397877681869647,-0.6938918272502459,0.0,0.0,0.0,0.0,0.0,0.0,0.0,0.0,0.0,1.0,0.0,0.0,0.0,0.0,0.0,0.0,0.0,0.0,0.0,0.0,0.0,1.0,0.0,0.0,0.0,0.0,0.0,0.0,1.0,0.0,0.0,0.0,0.0,0.0,1.0,0.0,4014
-0.7039666233959648,1.525412648452427,0.80415097066325,0.6844653965452971,1.290689471616938,1.7015567193490346,1.479827063793078,0.0,1.0,0.0,0.0,0.0,0.0,0.0,0.0,0.0,0.0,0.0,0.0,0.0,0.0,0.0,0.0,0.0,0.0,0.0,0.0,0.0,0.0,0.0,1.0,0.0,0.0,0.0,0.0,1.0,0.0,0.0,1.0,0.0,0.0,0.0,0.0,1005
0.1566495252358023,-0.27218646589787493,0.9148012590242064,-1.1947256388363712,0.8905417287334273,-0.7880316417805979,-0.014604673799207216,0.0,0.0,0.0,0.0,0.0,0.0,0.0,0.0,1.0,0.0,0.0,0.0,0.0,0.0,0.0,0.0,0.0,0.0,1.0,0.0,0.0,0.0,0.0,0.0,0.0,0.0,0.0,1.0,0.0,0.0,0.0,0.0,0.0,0.0,1.0,0.0,1746
1.5388512184928829,-0.6017463035287637,0.8410344001169021,0.0488566639897329,-1.5314979132134656,0.4707489902512391,1.6156844944832855,0.0,0.0,0.0,0.0,1.0,0.0,0.0,0.0,0.0,0.0,0.0,0.0,0.0,0.0,0.0,0.0,0.0,0.0,0.0,0.0,0.0,0.0,0.0,0.0,0.0,1.0,0.0,0.0,0.0,1.0,0.0,0.0,1.0,0.0,0.0,0.0,1641
1.4345341095678201,-0.5717863182895919,-0.6711862074828341,-0.1169543097204143,0.11845048916083664,0.5406812475863408,-0.014604673799207216,0.0,0.0,0.0,0.0,0.0,0.0,0.0,0.0,0.0,0.0,0.0,0.0,0.0,1.0,0.0,0.0,1.0,0.0,0.0,0.0,0.0,0.0,0.0,0.0,0.0,0.0,0.0,0.0,0.0,1.0,0.0,0.0,0.0,0.0,0.0,1.0,2554
-0.13022252430812006,0.5067731503205893,0.2508995288584685,1.1542631553907143,-0.7065237120263145,1.6875702678820146,0.8005399103420392,0.0,0.0,0.0,0.0,0.0,0.0,0.0,0.0,0.0,0.0,0.0,1.0,0.0,0.0,0.0,0.0,0.0,0.0,1.0,0.0,0.0,0.0,0.0,0.0,0.0,0.0,1.0,0.0,0.0,0.0,0.0,0.0,0.0,0.0,0.0,1.0,4761
-1.0169179501711527,-1.0211860968771675,-0.025726192043922267,-0.9874619216986872,-0.3892259423389485,1.058179951866096,-1.2373215500110768,0.0,0.0,0.0,1.0,0.0,0.0,0.0,0.0,0.0,0.0,0.0,0.0,0.0,0.0,0.0,0.0,1.0,0.0,0.0,0.0,0.0,0.0,0.0,0.0,0.0,0.0,0.0,0.0,0.0,0.0,1.0,0.0,0.0,0.0,1.0,0.0,777
-0.6778873461646991,1.345652737017397,1.6709115628240745,0.6430126531177603,0.6314152168220781,0.7644644710586675,-0.5580343965600382,0.0,0.0,0.0,0.0,0.0,0.0,0.0,0.0,0.0,0.0,0.0,0.0,1.0,0.0,0.0,0.0,0.0,0.0,0.0,0.0,1.0,0.0,0.0,0.0,0.0,0.0,0.0,0.0,0.0,0.0,1.0,0.0,0.0,0.0,0.0,1.0,741
0.39136302031719333,-0.33210643637621834,1.191426979926597,-0.8631036914160768,0.7107396592439195,1.2260173694703411,-1.3731789807012846,0.0,0.0,0.0,0.0,0.0,0.0,0.0,0.0,1.0,0.0,0.0,0.0,0.0,0.0,0.0,0.0,0.0,0.0,0.0,0.0,0.0,0.0,0.0,0.0,0.0,1.0,0.0,0.0,0.0,1.0,0.0,0.0,0.0,0.0,1.0,0.0,745
1.1215827827926321,0.8962529584298214,0.2877829583121206,-1.7336113033943497,-0.12657389965329596,-1.0258013167199447,-0.4221769658698304,0.0,0.0,0.0,0.0,0.0,0.0,1.0,0.0,0.0,0.0,0.0,0.0,0.0,0.0,0.0,0.0,0.0,0.0,0.0,0.0,0.0,1.0,0.0,0.0,0.0,0.0,0.0,0.0,1.0,0.0,0.0,1.0,0.0,0.0,0.0,0.0,2921
0.33920446585466196,0.7764130174731346,-1.5010633701900065,-0.6834751365634173,0.04617710828760329,-0.536275515374231,-0.28631953517962266,0.0,0.0,0.0,0.0,0.0,0.0,0.0,1.0,0.0,0.0,0.0,0.0,0.0,0.0,0.0,0.0,0.0,0.0,1.0,0.0,0.0,0.0,0.0,0.0,0.0,0.0,0.0,0.0,1.0,0.0,0.0,0.0,0.0,1.0,0.0,0.0,1179
-1.0429972274024184,-0.5118663478112485,0.9148012590242064,-1.6092530731117392,1.2078394984207927,-0.3824245492370061,-0.6938918272502459,0.0,0.0,0.0,0.0,0.0,0.0,0.0,0.0,0.0,0.0,0.0,0.0,1.0,0.0,0.0,1.0,0.0,0.0,0.0,0.0,0.0,0.0,0.0,0.0,0.0,0.0,0.0,0.0,1.0,0.0,0.0,0.0,1.0,0.0,0.0,0.0,1958
1.3823755551052888,-0.6616662740071071,-1.39041308182905,0.8779115325404689,-0.35044510382160404,-1.473367763664598,0.39296761827141596,0.0,0.0,0.0,0.0,0.0,0.0,0.0,0.0,0.0,0.0,0.0,1.0,0.0,0.0,1.0,0.0,0.0,0.0,0.0,0.0,0.0,0.0,0.0,0.0,0.0,0.0,0.0,1.0,0.0,0.0,0.0,1.0,0.0,0.0,0.0,0.0,2090
-0.07806396984558873,-0.6017463035287637,-0.6711862074828341,-0.8492861102735645,0.32293127407047245,-0.3824245492370061,0.9363973410322469,0.0,0.0,0.0,0.0,0.0,0.0,1.0,0.0,0.0,0.0,0.0,0.0,0.0,0.0,0.0,0.0,0.0,0.0,0.0,0.0,0.0,1.0,0.0,0.0,0.0,0.0,0.0,1.0,0.0,0.0,0.0,0.0,1.0,0.0,0.0,0.0,3821
0.5478386837047874,1.0160928993865082,1.3574024124680315,0.35284344912500276,-1.5914319363766347,-0.11668197136361785,-0.4221769658698304,0.0,1.0,0.0,0.0,0.0,0.0,0.0,0.0,0.0,0.0,0.0,0.0,0.0,0.0,0.0,0.0,0.0,0.0,0.0,0.0,1.0,0.0,0.0,0.0,0.0,0.0,0.0,0.0,0.0,1.0,0.0,0.0,0.0,0.0,0.0,1.0,2978
-1.5645827720277319,-0.6017463035287637,-0.15481819513170464,0.8226412079704198,1.4863564295908136,0.12108770357572894,0.8005399103420392,0.0,0.0,0.0,0.0,0.0,1.0,0.0,0.0,0.0,0.0,0.0,0.0,0.0,0.0,0.0,0.0,0.0,0.0,1.0,0.0,0.0,0.0,0.0,0.0,0.0,0.0,1.0,0.0,0.0,0.0,0.0,0.0,0.0,1.0,0.0,0.0,2440
-0.8604422867835588,-0.8114662002029656,0.04804066686338194,1.2233510611032756,-0.30285043836849923,-1.0258013167199447,-0.6938918272502459,0.0,0.0,0.0,0.0,0.0,0.0,0.0,1.0,0.0,0.0,0.0,0.0,0.0,0.0,0.0,0.0,0.0,0.0,0.0,0.0,0.0,0.0,0.0,0.0,1.0,0.0,0.0,1.0,0.0,0.0,0.0,0.0,0.0,0.0,0.0,1.0,1923
-0.4170945738520424,-0.36206642161539004,1.2283104093802493,0.4633840982651009,-1.633738305668284,0.7784509225256877,-0.15046210448941494,0.0,0.0,0.0,0.0,0.0,0.0,0.0,1.0,0.0,0.0,0.0,0.0,0.0,0.0,0.0,0.0,1.0,0.0,0.0,0.0,0.0,0.0,0.0,0.0,0.0,0.0,0.0,1.0,0.0,0.0,0.0,0.0,0.0,0.0,0.0,1.0,2526
0.9390278421737723,0.5067731503205893,1.3942858419216837,-0.1998597965754879,1.519848971946703,1.729529622283075,-1.6448938420817,0.0,0.0,0.0,0.0,0.0,0.0,0.0,0.0,0.0,0.0,0.0,0.0,0.0,1.0,0.0,0.0,0.0,1.0,0.0,0.0,0.0,0.0,0.0,0.0,0.0,0.0,0.0,0.0,1.0,0.0,0.0,0.0,0.0,0.0,0.0,1.0,2828
-0.02590541538305739,-0.9912261116379958,0.1771326699511643,-1.5539827485416902,-0.14596431891196823,0.37284382998209586,-0.8297492579404536,0.0,0.0,0.0,0.0,0.0,0.0,0.0,0.0,1.0,0.0,0.0,0.0,0.0,0.0,1.0,0.0,0.0,0.0,0.0,0.0,0.0,0.0,0.0,0.0,0.0,0.0,0.0,0.0,1.0,0.0,0.0,0.0,0.0,0.0,0.0,1.0,1116
-1.4341863858714035,-0.42198639209373345,-1.1506707903803115,-1.443442099401592,-1.6478404287654997,0.6106135049214426,0.5288250489616237,0.0,0.0,0.0,0.0,0.0,0.0,0.0,0.0,0.0,1.0,0.0,0.0,0.0,0.0,0.0,0.0,0.0,0.0,0.0,0.0,0.0,0.0,1.0,0.0,0.0,0.0,0.0,1.0,0.0,0.0,0.0,0.0,1.0,0.0,0.0,0.0,2883
0.5478386837047874,0.6865330617556195,-0.41300220130726933,-0.3656707702856351,0.3299823356190804,0.4707489902512391,-1.1014641193208692,0.0,0.0,0.0,0.0,0.0,1.0,0.0,0.0,0.0,0.0,0.0,0.0,0.0,0.0,1.0,0.0,0.0,0.0,0.0,0.0,0.0,0.0,0.0,0.0,0.0,0.0,0.0,0.0,0.0,0.0,1.0,0.0,0.0,0.0,1.0,0.0,818
-1.4863449403339348,0.8962529584298214,0.8779178295705543,1.3753444536709105,1.5568670450768944,0.06514189770764728,-0.28631953517962266,1.0,0.0,0.0,0.0,0.0,0.0,0.0,0.0,0.0,0.0,0.0,0.0,0.0,0.0,0.0,0.0,0.0,0.0,0.0,0.0,0.0,0.0,0.0,0.0,0.0,1.0,1.0,0.0,0.0,0.0,0.0,0.0,0.0,0.0,1.0,0.0,4816
-0.9126008412460902,-0.6017463035287637,0.029598952136555886,0.6430126531177603,-0.33458021533723575,0.037168994773605815,0.12125275689100051,0.0,0.0,0.0,0.0,0.0,0.0,0.0,0.0,0.0,0.0,0.0,1.0,0.0,0.0,0.0,0.0,0.0,0.0,1.0,0.0,0.0,0.0,0.0,0.0,0.0,0.0,0.0,0.0,1.0,0.0,0.0,0.0,0.0,1.0,0.0,0.0,2448
1.6953268818804768,-0.961266126398824,0.06648238159020799,-0.3656707702856351,0.8464725940546265,-0.24256003456680256,0.39296761827141596,0.0,0.0,0.0,0.0,0.0,0.0,0.0,1.0,0.0,0.0,0.0,0.0,0.0,0.0,1.0,0.0,0.0,0.0,0.0,0.0,0.0,0.0,0.0,0.0,0.0,0.0,1.0,0.0,0.0,0.0,0.0,0.0,0.0,0.0,1.0,0.0,2220
-1.5124242175652005,-0.6916262592462787,1.486494415555814,-0.9736443405561749,-0.02257074181132608,-0.04674971402851607,-1.1014641193208692,0.0,0.0,0.0,0.0,0.0,0.0,0.0,0.0,0.0,0.0,0.0,0.0,1.0,0.0,0.0,1.0,0.0,0.0,0.0,0.0,0.0,0.0,0.0,0.0,0.0,0.0,0.0,0.0,0.0,1.0,0.0,0.0,0.0,1.0,0.0,0.0,1902
0.46960085201099033,-0.8414261854421372,0.6750589675754677,0.5877423285477114,0.30177808942464784,-1.053774219653985,-0.6938918272502459,0.0,0.0,0.0,0.0,0.0,0.0,0.0,0.0,1.0,0.0,0.0,0.0,0.0,0.0,0.0,0.0,0.0,1.0,0.0,0.0,0.0,0.0,0.0,0.0,0.0,0.0,0.0,0.0,0.0,0.0,1.0,0.0,0.0,0.0,0.0,1.0,2746
0.5217594064735217,1.2258127960607101,1.3205189830143795,-1.1118201519812976,-1.3640352014340227,1.1980444665362997,-0.4221769658698304,0.0,0.0,0.0,1.0,0.0,0.0,0.0,0.0,0.0,0.0,0.0,0.0,0.0,0.0,0.0,0.0,1.0,0.0,0.0,0.0,0.0,0.0,0.0,0.0,0.0,0.0,0.0,0.0,1.0,0.0,0.0,0.0,1.0,0.0,0.0,0.0,1939
-0.9908386729398871,-0.6017463035287637,-1.0400205020193551,0.1317621508448065,-1.1084342202969781,1.2539902724043812,-1.3731789807012846,0.0,0.0,0.0,0.0,0.0,0.0,0.0,0.0,0.0,1.0,0.0,0.0,0.0,0.0,0.0,0.0,0.0,0.0,0.0,0.0,0.0,0.0,0.0,1.0,0.0,0.0,0.0,1.0,0.0,0.0,0.0,0.0,0.0,1.0,0.0,0.0,744
-1.382027831408872,0.14725332745052888,-0.26546848349266094,-0.6834751365634173,0.04793987367475559,-0.2845193889678629,1.34396963310287,0.0,0.0,0.0,0.0,0.0,0.0,0.0,0.0,0.0,0.0,0.0,0.0,0.0,1.0,0.0,0.0,0.0,1.0,0.0,0.0,0.0,0.0,0.0,0.0,0.0,0.0,0.0,0.0,1.0,0.0,0.0,0.0,0.0,1.0,0.0,0.0,1676
0.07841169354200529,1.4654926779740838,0.6935006823022938,0.44956651712258866,1.4369989987505565,1.4078412385416061,0.8005399103420392,0.0,0.0,0.0,0.0,0.0,0.0,0.0,0.0,0.0,1.0,0.0,0.0,0.0,0.0,1.0,0.0,0.0,0.0,0.0,0.0,0.0,0.0,0.0,0.0,0.0,0.0,0.0,1.0,0.0,0.0,0.0,0.0,0.0,0.0,1.0,0.0,2141
-1.5645827720277319,-1.6203858016606014,1.172985265199771,-0.26894770228804926,1.1549565368062322,0.19101996091083073,0.8005399103420392,0.0,0.0,1.0,0.0,0.0,0.0,0.0,0.0,0.0,0.0,0.0,0.0,0.0,0.0,0.0,0.0,0.0,0.0,1.0,0.0,0.0,0.0,0.0,0.0,0.0,0.0,0.0,0.0,0.0,1.0,0.0,0.0,0.0,0.0,1.0,0.0,2851
0.965107119405038,-1.3207859492688845,-1.1875542198339635,1.4720675216684964,-1.4310202861457997,1.3518954326735244,0.8005399103420392,0.0,0.0,0.0,0.0,0.0,0.0,0.0,1.0,0.0,0.0,0.0,0.0,0.0,0.0,0.0,0.0,1.0,0.0,0.0,0.0,0.0,0.0,0.0,0.0,0.0,0.0,0.0,0.0,0.0,1.0,0.0,0.0,0.0,1.0,0.0,0.0,1273
-0.7039666233959648,0.11729334221135719,0.1771326699511643,-1.7336113033943497,0.7407066708255043,1.142098660668218,-1.2373215500110768,0.0,0.0,0.0,0.0,0.0,0.0,0.0,0.0,0.0,0.0,0.0,0.0,0.0,1.0,0.0,0.0,0.0,0.0,0.0,1.0,0.0,0.0,0.0,0.0,0.0,0.0,0.0,0.0,0.0,1.0,0.0,0.0,0.0,0.0,1.0,0.0,1843
1.0694242283301008,-1.5904258164214298,0.6566172528486416,0.8364587891129321,0.3000153240374962,-1.053774219653985,-0.28631953517962266,0.0,1.0,0.0,0.0,0.0,0.0,0.0,0.0,0.0,0.0,0.0,0.0,0.0,0.0,0.0,1.0,0.0,0.0,0.0,0.0,0.0,0.0,0.0,0.0,0.0,0.0,0.0,0.0,0.0,1.0,0.0,0.0,1.0,0.0,0.0,0.0,2938
-1.0951557818649498,0.4768131650814176,-0.652744492756008,0.7121005588303218,0.5503280090130844,0.037168994773605815,0.25711018758120824,0.0,0.0,0.0,0.0,0.0,1.0,0.0,0.0,0.0,0.0,0.0,0.0,0.0,0.0,0.0,0.0,0.0,0.0,0.0,1.0,0.0,0.0,0.0,0.0,0.0,0.0,0.0,0.0,0.0,1.0,0.0,1.0,0.0,0.0,0.0,0.0,1168
-1.0951557818649498,1.3756127222565686,-0.06260962149757437,0.7950060456853953,-0.47736421169655013,-0.48032970950614934,0.39296761827141596,0.0,0.0,0.0,0.0,0.0,0.0,0.0,0.0,0.0,0.0,0.0,0.0,1.0,0.0,0.0,0.0,0.0,0.0,0.0,0.0,1.0,0.0,0.0,0.0,0.0,0.0,0.0,0.0,0.0,0.0,1.0,0.0,0.0,0.0,0.0,1.0,1470
-1.1212350590962155,-1.0511460821163392,-0.24702676876583488,1.3200741291008615,0.20306322774413427,0.8064238254597279,1.2081122024126625,0.0,0.0,0.0,0.0,0.0,0.0,0.0,0.0,0.0,0.0,1.0,0.0,0.0,0.0,0.0,0.0,1.0,0.0,0.0,0.0,0.0,0.0,0.0,0.0,0.0,0.0,0.0,0.0,1.0,0.0,0.0,0.0,0.0,0.0,1.0,0.0,1712
0.9390278421737723,1.1658928255823668,-0.5052107749413997,-1.6783409788243004,-1.4927170746961211,1.1700715636022594,-0.8297492579404536,0.0,0.0,0.0,0.0,0.0,1.0,0.0,0.0,0.0,0.0,0.0,0.0,0.0,0.0,1.0,0.0,0.0,0.0,0.0,0.0,0.0,0.0,0.0,0.0,0.0,0.0,0.0,1.0,0.0,0.0,0.0,0.0,1.0,0.0,0.0,0.0,1236
-1.2516314452525439,1.3156927517782253,-0.283910198219487,0.8502763702554444,1.597410648981392,-1.1796522828571696,0.6646824796518315,0.0,0.0,0.0,0.0,0.0,0.0,0.0,0.0,0.0,0.0,0.0,0.0,1.0,0.0,1.0,0.0,0.0,0.0,0.0,0.0,0.0,0.0,0.0,0.0,0.0,0.0,0.0,0.0,0.0,1.0,0.0,0.0,1.0,0.0,0.0,0.0,3719
-0.23453963323318275,-1.5305058459430865,-1.353529652375398,1.610243333093619,-0.9180555584845582,-0.8859368020497411,0.5288250489616237,0.0,0.0,0.0,0.0,1.0,0.0,0.0,0.0,0.0,0.0,0.0,0.0,0.0,0.0,0.0,1.0,0.0,0.0,0.0,0.0,0.0,0.0,0.0,0.0,0.0,0.0,0.0,0.0,0.0,0.0,1.0,0.0,1.0,0.0,0.0,0.0,1797
-1.5385034947964662,0.8063730027123063,-0.30235191294631303,-0.4900290005682455,-0.5725535426027604,-0.2845193889678629,-1.3731789807012846,0.0,0.0,0.0,0.0,0.0,0.0,0.0,0.0,0.0,1.0,0.0,0.0,0.0,0.0,0.0,0.0,0.0,0.0,0.0,0.0,0.0,0.0,0.0,0.0,0.0,1.0,0.0,0.0,1.0,0.0,0.0,0.0,1.0,0.0,0.0,0.0,4353
-0.7300459006272305,-0.33210643637621834,1.541819559736292,-1.1394553142663222,-0.4544482616635739,1.6595973649479732,-0.6938918272502459,0.0,0.0,0.0,1.0,0.0,0.0,0.0,0.0,0.0,0.0,0.0,0.0,0.0,0.0,0.0,0.0,0.0,0.0,0.0,0.0,0.0,0.0,0.0,0.0,0.0,1.0,0.0,0.0,0.0,1.0,0.0,0.0,0.0,0.0,0.0,1.0,3259
-0.3127774649269798,-0.6616662740071071,0.04804066686338194,1.610243333093619,0.8394215325060185,-1.6551916327358633,1.0722547717224546,0.0,0.0,0.0,0.0,1.0,0.0,0.0,0.0,0.0,0.0,0.0,0.0,0.0,0.0,0.0,0.0,0.0,0.0,0.0,0.0,0.0,1.0,0.0,0.0,0.0,0.0,0.0,0.0,0.0,0.0,1.0,0.0,0.0,0.0,1.0,0.0,4699
-1.3559485541776066,-1.6203858016606014,1.486494415555814,0.2975731245549537,-0.2552557729153944,0.009196091839565603,1.479827063793078,0.0,0.0,0.0,1.0,0.0,0.0,0.0,0.0,0.0,0.0,0.0,0.0,0.0,0.0,0.0,0.0,0.0,0.0,0.0,0.0,0.0,0.0,0.0,0.0,0.0,1.0,0.0,0.0,0.0,1.0,0.0,1.0,0.0,0.0,0.0,0.0,2175
1.5127719412616172,-0.24222648065870322,1.0438932621119887,-1.3743541936890307,-0.45092273088926993,-0.49431616097316944,-1.2373215500110768,0.0,0.0,0.0,0.0,1.0,0.0,0.0,0.0,0.0,0.0,0.0,0.0,0.0,0.0,0.0,0.0,0.0,0.0,0.0,0.0,1.0,0.0,0.0,0.0,0.0,0.0,0.0,0.0,0.0,1.0,0.0,1.0,0.0,0.0,0.0,0.0,3363
1.2519791689489603,-0.5717863182895919,0.7119423970291198,0.9469994382530302,-0.824628992965501,-1.0118148652529246,-1.5090364113914922,0.0,0.0,0.0,0.0,0.0,0.0,0.0,0.0,0.0,0.0,0.0,0.0,0.0,1.0,0.0,1.0,0.0,0.0,0.0,0.0,0.0,0.0,0.0,0.0,0.0,0.0,0.0,0.0,0.0,0.0,1.0,0.0,1.0,0.0,0.0,0.0,1191
-0.4692531283145738,0.8662929731906497,1.2098686946534232,1.4858851028110087,-1.208911847364644,-1.1516793799231282,0.6646824796518315,0.0,0.0,0.0,0.0,0.0,1.0,0.0,0.0,0.0,0.0,0.0,0.0,0.0,0.0,0.0,0.0,0.0,0.0,0.0,0.0,0.0,1.0,0.0,0.0,0.0,0.0,1.0,0.0,0.0,0.0,0.0,0.0,0.0,0.0,1.0,0.0,1254
-0.9126008412460902,0.14725332745052888,0.9332429737510324,0.2561203811274169,0.8411842978931702,0.34487092704805566,-0.28631953517962266,0.0,0.0,0.0,0.0,1.0,0.0,0.0,0.0,0.0,0.0,0.0,0.0,0.0,0.0,0.0,0.0,1.0,0.0,0.0,0.0,0.0,0.0,0.0,0.0,0.0,0.0,0.0,0.0,1.0,0.0,0.0,0.0,0.0,0.0,0.0,1.0,4647
0.18272880246706796,1.2857327665390534,-1.6485970880046148,-0.39330593257065966,1.156719302193384,0.288925121179974,1.479827063793078,1.0,0.0,0.0,0.0,0.0,0.0,0.0,0.0,0.0,0.0,0.0,0.0,0.0,0.0,0.0,0.0,0.0,0.0,0.0,0.0,0.0,0.0,0.0,0.0,1.0,0.0,0.0,0.0,0.0,0.0,1.0,0.0,0.0,0.0,0.0,1.0,1067
-0.49533240554583946,-0.36206642161539004,0.1402492404975122,-0.3242180268580983,-0.061351580328670594,-1.2495845401922714,1.34396963310287,0.0,0.0,0.0,0.0,0.0,0.0,0.0,0.0,0.0,0.0,0.0,1.0,0.0,0.0,0.0,0.0,0.0,0.0,0.0,0.0,1.0,0.0,0.0,0.0,0.0,0.0,1.0,0.0,0.0,0.0,0.0,0.0,0.0,0.0,1.0,0.0,3062
0.26096663416086496,1.5853326189307706,-1.316646222921746,1.4306147782409597,-1.0061938278421598,-0.620194224176353,1.6156844944832855,0.0,0.0,0.0,0.0,0.0,0.0,0.0,1.0,0.0,0.0,0.0,0.0,0.0,0.0,0.0,0.0,0.0,0.0,0.0,0.0,0.0,0.0,1.0,0.0,0.0,0.0,0.0,0.0,1.0,0.0,0.0,0.0,1.0,0.0,0.0,0.0,2342
0.7043143470923814,-0.6017463035287637,1.6709115628240745,-1.6230706542542515,-1.6425521326040435,-0.1586413257646794,0.9363973410322469,0.0,0.0,0.0,0.0,0.0,0.0,1.0,0.0,0.0,0.0,0.0,0.0,0.0,0.0,0.0,1.0,0.0,0.0,0.0,0.0,0.0,0.0,0.0,0.0,0.0,0.0,1.0,0.0,0.0,0.0,0.0,0.0,0.0,1.0,0.0,0.0,1653
1.2258998917176946,-1.0211860968771675,-0.8924867842047467,-1.7750640468218863,1.5427649219796786,-1.1097200255220665,-1.2373215500110768,0.0,0.0,0.0,0.0,0.0,0.0,0.0,0.0,0.0,1.0,0.0,0.0,0.0,0.0,0.0,0.0,0.0,0.0,0.0,0.0,1.0,0.0,0.0,0.0,0.0,0.0,0.0,1.0,0.0,0.0,0.0,0.0,0.0,0.0,1.0,0.0,2045
0.07841169354200529,-0.09242655446284473,0.8410344001169021,-0.8078333668460277,-0.8281545237398049,-0.3264787433689244,-0.014604673799207216,0.0,0.0,0.0,0.0,0.0,0.0,0.0,0.0,0.0,0.0,1.0,0.0,0.0,0.0,0.0,0.0,0.0,0.0,0.0,1.0,0.0,0.0,0.0,0.0,0.0,0.0,0.0,0.0,0.0,1.0,0.0,0.0,0.0,1.0,0.0,0.0,3248
0.41744229754845896,-0.9313061411596524,0.49064182030720715,0.3390258679824905,-1.0943320971997614,-0.536275515374231,-0.5580343965600382,0.0,0.0,0.0,0.0,0.0,0.0,1.0,0.0,0.0,0.0,0.0,0.0,0.0,0.0,0.0,0.0,0.0,0.0,0.0,0.0,0.0,1.0,0.0,0.0,0.0,0.0,1.0,0.0,0.0,0.0,0.0,0.0,0.0,0.0,0.0,1.0,2150
0.7043143470923814,1.4954526632132554,1.541819559736292,0.49101926055012546,-0.48794080401946277,-0.8999232535167613,1.479827063793078,0.0,0.0,0.0,0.0,0.0,0.0,1.0,0.0,0.0,0.0,0.0,0.0,0.0,0.0,0.0,0.0,0.0,0.0,0.0,0.0,1.0,0.0,0.0,0.0,0.0,0.0,0.0,1.0,0.0,0.0,0.0,1.0,0.0,0.0,0.0,0.0,1985
0.13057024800453662,1.735132545126629,-0.5974193485755299,-0.15840705314795112,0.820031113247345,0.21899286384487093,-1.6448938420817,0.0,0.0,0.0,0.0,0.0,0.0,1.0,0.0,0.0,0.0,0.0,0.0,0.0,0.0,0.0,0.0,0.0,1.0,0.0,0.0,0.0,0.0,0.0,0.0,0.0,0.0,1.0,0.0,0.0,0.0,0.0,0.0,1.0,0.0,0.0,0.0,5249
1.1476620600238978,-1.470585875464743,-1.6117136585509626,-0.39330593257065966,0.15546856229102948,1.2260173694703411,-1.3731789807012846,0.0,0.0,0.0,1.0,0.0,0.0,0.0,0.0,0.0,0.0,0.0,0.0,0.0,0.0,0.0,0.0,0.0,1.0,0.0,0.0,0.0,0.0,0.0,0.0,0.0,0.0,0.0,0.0,0.0,1.0,0.0,0.0,1.0,0.0,0.0,0.0,59771
1.3041377234114917,0.11729334221135719,1.3205189830143795,0.15939731312983105,1.4793053680422055,1.2679767238714015,-0.9656066886306613,1.0,0.0,0.0,0.0,0.0,0.0,0.0,0.0,0.0,0.0,0.0,0.0,0.0,0.0,0.0,0.0,1.0,0.0,0.0,0.0,0.0,0.0,0.0,0.0,0.0,0.0,1.0,0.0,0.0,0.0,0.0,0.0,0.0,1.0,0.0,0.0,1127
-0.05198469261432306,0.6565730765164478,1.2283104093802493,-0.020231241722828436,-0.45092273088926993,-1.6132322783348017,-0.4221769658698304,0.0,0.0,0.0,0.0,0.0,0.0,0.0,0.0,0.0,1.0,0.0,0.0,0.0,0.0,0.0,1.0,0.0,0.0,0.0,0.0,0.0,0.0,0.0,0.0,0.0,0.0,0.0,1.0,0.0,0.0,0.0,1.0,0.0,0.0,0.0,0.0,1241
-0.3910152966207768,-1.5305058459430865,-1.740805661638745,-0.04786640400785297,1.4422872949120127,0.9323018886629126,-0.8297492579404536,0.0,0.0,0.0,0.0,0.0,1.0,0.0,0.0,0.0,0.0,0.0,0.0,0.0,0.0,0.0,0.0,0.0,0.0,1.0,0.0,0.0,0.0,0.0,0.0,0.0,0.0,0.0,0.0,1.0,0.0,0.0,0.0,0.0,1.0,0.0,0.0,1835
0.8347107332487097,-1.2608659787905412,-0.7818364958437903,1.596425751951107,-0.42448125008198906,-1.0957335740550465,0.39296761827141596,0.0,0.0,0.0,0.0,0.0,0.0,0.0,0.0,0.0,0.0,1.0,0.0,0.0,0.0,0.0,0.0,0.0,0.0,0.0,0.0,0.0,0.0,0.0,0.0,0.0,1.0,0.0,0.0,1.0,0.0,0.0,0.0,1.0,0.0,0.0,0.0,2437
-0.5996495144709021,-0.21226649541953152,-1.003137072565703,-0.7111102988484418,1.5127979103980937,-0.368438097769986,-1.5090364113914922,0.0,0.0,0.0,1.0,0.0,0.0,0.0,0.0,0.0,0.0,0.0,0.0,0.0,0.0,0.0,0.0,0.0,0.0,1.0,0.0,0.0,0.0,0.0,0.0,0.0,0.0,0.0,0.0,1.0,0.0,0.0,0.0,1.0,0.0,0.0,0.0,1503
-0.2606189104644484,-1.5904258164214298,-1.371971367102224,0.6430126531177603,0.6437545745321424,-0.6062077727093328,1.34396963310287,0.0,0.0,0.0,0.0,1.0,0.0,0.0,0.0,0.0,0.0,0.0,0.0,0.0,0.0,0.0,0.0,0.0,0.0,0.0,0.0,0.0,0.0,1.0,0.0,0.0,0.0,1.0,0.0,0.0,0.0,0.0,0.0,0.0,0.0,1.0,0.0,2376
-1.5645827720277319,1.7650925303658007,0.19557438467799035,1.5687905896660823,1.7278552876306428,-1.6971509871369248,-0.5580343965600382,0.0,0.0,0.0,0.0,0.0,0.0,0.0,0.0,0.0,1.0,0.0,0.0,0.0,0.0,0.0,0.0,0.0,0.0,0.0,1.0,0.0,0.0,0.0,0.0,0.0,0.0,1.0,0.0,0.0,0.0,0.0,0.0,0.0,0.0,1.0,0.0,1963
1.1476620600238978,0.14725332745052888,-0.6896279222096601,-0.6420223931358805,0.5591418359488448,0.2749386697129526,-1.6448938420817,0.0,0.0,0.0,0.0,1.0,0.0,0.0,0.0,0.0,0.0,0.0,0.0,0.0,0.0,0.0,0.0,0.0,1.0,0.0,0.0,0.0,0.0,0.0,0.0,0.0,0.0,0.0,1.0,0.0,0.0,0.0,1.0,0.0,0.0,0.0,0.0,2192
0.8868692877112411,0.02741338649384208,-0.8002782105706164,1.1542631553907143,1.6220893644015206,-0.6901264815114547,0.6646824796518315,1.0,0.0,0.0,0.0,0.0,0.0,0.0,0.0,0.0,0.0,0.0,0.0,0.0,0.0,0.0,0.0,1.0,0.0,0.0,0.0,0.0,0.0,0.0,0.0,0.0,0.0,0.0,1.0,0.0,0.0,0.0,0.0,0.0,0.0,1.0,0.0,1497
-1.2516314452525439,0.4468531798422459,-0.26546848349266094,1.596425751951107,-1.4680383592759927,1.3518954326735244,-0.9656066886306613,0.0,0.0,0.0,1.0,0.0,0.0,0.0,0.0,0.0,0.0,0.0,0.0,0.0,0.0,0.0,1.0,0.0,0.0,0.0,0.0,0.0,0.0,0.0,0.0,0.0,0.0,0.0,0.0,0.0,0.0,1.0,0.0,0.0,1.0,0.0,0.0,1986
-0.4170945738520424,-1.1110660525946825,-1.4088547965558762,-0.15840705314795112,1.1232267598374956,0.9602747915969528,0.25711018758120824,1.0,0.0,0.0,0.0,0.0,0.0,0.0,0.0,0.0,0.0,0.0,0.0,0.0,0.0,0.0,1.0,0.0,0.0,0.0,0.0,0.0,0.0,0.0,0.0,0.0,0.0,0.0,0.0,1.0,0.0,0.0,0.0,0.0,0.0,1.0,0.0,3085
-0.7561251778584961,1.1059728551040233,1.7077949922777267,0.021221501704708365,-0.17240579971924846,-0.2705329375008428,1.2081122024126625,0.0,0.0,1.0,0.0,0.0,0.0,0.0,0.0,0.0,0.0,0.0,0.0,0.0,0.0,0.0,0.0,0.0,0.0,0.0,0.0,0.0,0.0,0.0,0.0,0.0,1.0,0.0,1.0,0.0,0.0,0.0,0.0,1.0,0.0,0.0,0.0,1594
-0.5214116827771051,-0.45194637733290516,-1.0769039314730071,0.6844653965452971,0.6931120053723995,-0.2705329375008428,-0.014604673799207216,0.0,0.0,0.0,0.0,0.0,1.0,0.0,0.0,0.0,0.0,0.0,0.0,0.0,0.0,0.0,0.0,0.0,0.0,0.0,0.0,1.0,0.0,0.0,0.0,0.0,0.0,0.0,0.0,0.0,0.0,1.0,0.0,0.0,0.0,1.0,0.0,841
-1.1733936135587468,-0.6317062887679353,-0.8002782105706164,0.18703247541485557,0.5379886513030202,0.8903425342618511,1.479827063793078,0.0,0.0,1.0,0.0,0.0,0.0,0.0,0.0,0.0,0.0,0.0,0.0,0.0,0.0,0.0,0.0,0.0,0.0,0.0,0.0,0.0,0.0,1.0,0.0,0.0,0.0,0.0,0.0,0.0,1.0,0.0,0.0,0.0,0.0,0.0,1.0,1180
1.591009772955414,-1.470585875464743,-0.8740450694779206,-1.1256377331238099,1.304791594714154,-0.2705329375008428,-0.4221769658698304,0.0,0.0,1.0,0.0,0.0,0.0,0.0,0.0,0.0,0.0,0.0,0.0,0.0,0.0,0.0,0.0,0.0,0.0,1.0,0.0,0.0,0.0,0.0,0.0,0.0,0.0,1.0,0.0,0.0,0.0,0.0,0.0,0.0,0.0,0.0,1.0,4371
-0.4170945738520424,1.4954526632132554,1.0992184062924668,-1.5678003296842025,-0.2200004651723539,0.2609522182459325,-0.6938918272502459,0.0,0.0,0.0,0.0,0.0,0.0,0.0,0.0,0.0,0.0,0.0,1.0,0.0,0.0,0.0,0.0,1.0,0.0,0.0,0.0,0.0,0.0,0.0,0.0,0.0,0.0,0.0,0.0,1.0,0.0,0.0,1.0,0.0,0.0,0.0,0.0,2105
-0.10414324707685439,0.2970532536463874,-1.2613210787412676,-0.9598267594136626,0.6525684014679027,-0.8859368020497411,-1.6448938420817,0.0,0.0,0.0,0.0,0.0,0.0,0.0,0.0,0.0,0.0,1.0,0.0,0.0,0.0,0.0,0.0,0.0,0.0,0.0,1.0,0.0,0.0,0.0,0.0,0.0,0.0,1.0,0.0,0.0,0.0,0.0,0.0,0.0,0.0,0.0,1.0,1035
-1.0429972274024184,0.237133283168044,1.0438932621119887,1.1128104119631774,-1.1472150588143226,-1.0258013167199447,-1.3731789807012846,0.0,0.0,0.0,0.0,0.0,0.0,0.0,0.0,0.0,0.0,0.0,0.0,1.0,0.0,0.0,0.0,0.0,0.0,0.0,0.0,0.0,0.0,0.0,0.0,1.0,0.0,0.0,0.0,0.0,0.0,1.0,0.0,0.0,0.0,0.0,1.0,79730
-0.8604422867835588,1.4654926779740838,-1.685480517458267,0.1732148942723433,-0.48617803863231046,-0.39641100070402624,0.8005399103420392,1.0,0.0,0.0,0.0,0.0,0.0,0.0,0.0,0.0,0.0,0.0,0.0,0.0,0.0,0.0,0.0,0.0,1.0,0.0,0.0,0.0,0.0,0.0,0.0,0.0,0.0,0.0,0.0,1.0,0.0,0.0,0.0,0.0,0.0,1.0,0.0,1315
-1.1994728907900125,-0.5418263330504203,-1.021578787292529,1.1542631553907143,-1.4821404823732085,0.4707489902512391,-1.6448938420817,1.0,0.0,0.0,0.0,0.0,0.0,0.0,0.0,0.0,0.0,0.0,0.0,0.0,0.0,0.0,0.0,0.0,0.0,0.0,0.0,0.0,0.0,0.0,0.0,0.0,1.0,1.0,0.0,0.0,0.0,0.0,0.0,0.0,0.0,0.0,1.0,1587
-1.642820603721529,0.14725332745052888,-1.2059959345607896,0.8364587891129321,1.674972326016081,0.21899286384487093,-1.6448938420817,0.0,0.0,1.0,0.0,0.0,0.0,0.0,0.0,0.0,0.0,0.0,0.0,0.0,0.0,0.0,0.0,0.0,0.0,0.0,0.0,0.0,0.0,0.0,0.0,0.0,1.0,0.0,0.0,0.0,0.0,1.0,0.0,0.0,1.0,0.0,0.0,650
-0.1823810787706514,1.4654926779740838,-0.7449530663901383,0.6568302342602726,-1.0784672087153933,0.7924373739927077,0.39296761827141596,0.0,0.0,0.0,0.0,0.0,0.0,0.0,0.0,0.0,1.0,0.0,0.0,0.0,0.0,0.0,0.0,0.0,0.0,0.0,1.0,0.0,0.0,0.0,0.0,0.0,0.0,0.0,0.0,0.0,0.0,1.0,0.0,0.0,0.0,0.0,1.0,1869
1.6953268818804768,-0.18230651018035982,-1.722363946911919,0.2561203811274169,-0.4456344347278136,-1.0397877681869647,0.5288250489616237,1.0,0.0,0.0,0.0,0.0,0.0,0.0,0.0,0.0,0.0,0.0,0.0,0.0,0.0,0.0,0.0,0.0,0.0,0.0,0.0,1.0,0.0,0.0,0.0,0.0,0.0,0.0,0.0,0.0,1.0,0.0,0.0,0.0,0.0,0.0,1.0,2904
1.4866926640303515,-0.961266126398824,1.3574024124680315,1.2648038045308123,0.7971151632143694,0.16304705797678928,-0.5580343965600382,0.0,0.0,0.0,0.0,0.0,0.0,1.0,0.0,0.0,0.0,0.0,0.0,0.0,0.0,0.0,0.0,0.0,0.0,1.0,0.0,0.0,0.0,0.0,0.0,0.0,0.0,1.0,0.0,0.0,0.0,0.0,0.0,0.0,0.0,1.0,0.0,2703
1.0694242283301008,0.6865330617556195,-1.7592473763655712,0.7673708834003709,1.6026989451428484,-0.5222890639072096,0.6646824796518315,0.0,0.0,0.0,1.0,0.0,0.0,0.0,0.0,0.0,0.0,0.0,0.0,0.0,0.0,0.0,0.0,0.0,0.0,0.0,0.0,0.0,0.0,1.0,0.0,0.0,0.0,0.0,0.0,0.0,1.0,0.0,0.0,0.0,0.0,1.0,0.0,928
-1.1733936135587468,1.04605288462568,1.0992184062924668,-0.33803560800061055,0.9187459749278593,-0.8859368020497411,-0.28631953517962266,0.0,0.0,0.0,0.0,0.0,1.0,0.0,0.0,0.0,0.0,0.0,0.0,0.0,0.0,1.0,0.0,0.0,0.0,0.0,0.0,0.0,0.0,0.0,0.0,0.0,0.0,0.0,1.0,0.0,0.0,0.0,0.0,0.0,1.0,0.0,0.0,1714
1.043344951098835,1.345652737017397,0.19557438467799035,-0.4900290005682455,-1.062602320231025,0.9882476945309943,1.34396963310287,0.0,0.0,0.0,0.0,0.0,0.0,0.0,0.0,0.0,0.0,0.0,0.0,1.0,0.0,0.0,0.0,0.0,0.0,0.0,0.0,0.0,0.0,0.0,0.0,1.0,0.0,0.0,0.0,1.0,0.0,0.0,1.0,0.0,0.0,0.0,0.0,1578
0.6782350698611157,0.05737337173301378,0.2140160994048164,0.24230279998490464,1.3858788025231477,-1.55728647246672,1.479827063793078,0.0,0.0,1.0,0.0,0.0,0.0,0.0,0.0,0.0,0.0,0.0,0.0,0.0,0.0,0.0,0.0,1.0,0.0,0.0,0.0,0.0,0.0,0.0,0.0,0.0,0.0,0.0,0.0,1.0,0.0,0.0,0.0,0.0,1.0,0.0,0.0,1360
1.4345341095678201,0.11729334221135719,-1.4272965112827023,-1.5954354919692268,0.9663406403809647,0.6385864078554842,-1.3731789807012846,0.0,0.0,0.0,0.0,0.0,0.0,0.0,0.0,1.0,0.0,0.0,0.0,0.0,0.0,0.0,0.0,0.0,0.0,0.0,0.0,0.0,0.0,0.0,0.0,0.0,1.0,0.0,0.0,0.0,1.0,0.0,1.0,0.0,0.0,0.0,0.0,940
-1.2777107224838096,-1.2608659787905412,-0.7633947811169643,0.8226412079704198,0.5573790705616924,0.05115544624062592,-1.6448938420817,0.0,0.0,0.0,0.0,0.0,0.0,0.0,0.0,0.0,0.0,0.0,0.0,0.0,1.0,0.0,0.0,0.0,0.0,0.0,0.0,1.0,0.0,0.0,0.0,0.0,0.0,1.0,0.0,0.0,0.0,0.0,0.0,0.0,1.0,0.0,0.0,2811
-0.6518080689334335,0.9561729289081649,-0.8371616400242685,0.43574893598007636,-0.5531631233440875,-1.22161163725823,-1.2373215500110768,0.0,0.0,0.0,0.0,0.0,0.0,0.0,0.0,1.0,0.0,0.0,0.0,0.0,0.0,0.0,0.0,0.0,0.0,0.0,0.0,0.0,0.0,0.0,1.0,0.0,0.0,0.0,0.0,0.0,1.0,0.0,0.0,0.0,0.0,0.0,1.0,1575
-0.8343630095522931,0.6565730765164478,-0.04416790677074832,0.8088236268279076,-1.3076267090451577,0.3029115726469941,-0.9656066886306613,0.0,0.0,0.0,0.0,0.0,0.0,0.0,1.0,0.0,0.0,0.0,0.0,0.0,0.0,0.0,1.0,0.0,0.0,0.0,0.0,0.0,0.0,0.0,0.0,0.0,0.0,0.0,1.0,0.0,0.0,0.0,0.0,0.0,0.0,1.0,0.0,4087
-1.1994728907900125,-1.3207859492688845,-1.2244376492876157,-1.2223608011213958,-0.2570185383025461,-1.55728647246672,1.34396963310287,0.0,0.0,0.0,0.0,0.0,0.0,0.0,0.0,0.0,0.0,0.0,0.0,1.0,0.0,0.0,0.0,0.0,0.0,0.0,1.0,0.0,0.0,0.0,0.0,0.0,0.0,0.0,0.0,1.0,0.0,0.0,0.0,0.0,0.0,1.0,0.0,3544
-1.0951557818649498,0.3569732241247308,0.80415097066325,-0.9321915971286381,0.6349407475963821,0.7504780195916462,0.8005399103420392,0.0,0.0,0.0,0.0,0.0,0.0,0.0,0.0,0.0,0.0,0.0,1.0,0.0,0.0,0.0,0.0,0.0,0.0,0.0,0.0,1.0,0.0,0.0,0.0,0.0,0.0,0.0,1.0,0.0,0.0,0.0,0.0,0.0,0.0,1.0,0.0,4760
-0.4431738510833081,0.3270132388855591,0.2877829583121206,-1.6368882353967638,-1.4609872977273846,-0.5502619668412512,-1.1014641193208692,0.0,0.0,0.0,1.0,0.0,0.0,0.0,0.0,0.0,0.0,0.0,0.0,0.0,0.0,0.0,0.0,0.0,0.0,0.0,0.0,0.0,0.0,1.0,0.0,0.0,0.0,0.0,0.0,0.0,0.0,1.0,0.0,0.0,0.0,0.0,1.0,2918
-0.1823810787706514,1.1958528108215385,-0.5420942043950517,1.0575400873931284,-1.6848585018956928,-0.48032970950614934,0.9363973410322469,0.0,0.0,0.0,0.0,0.0,0.0,0.0,0.0,0.0,0.0,0.0,0.0,0.0,1.0,0.0,0.0,0.0,0.0,0.0,0.0,0.0,0.0,1.0,0.0,0.0,0.0,0.0,0.0,0.0,1.0,0.0,0.0,0.0,0.0,1.0,0.0,1730
1.2519791689489603,1.555372633691599,-0.652744492756008,-0.31040044571558606,1.747245706889315,1.2539902724043812,0.12125275689100051,0.0,0.0,0.0,0.0,0.0,0.0,0.0,0.0,0.0,0.0,0.0,0.0,1.0,0.0,0.0,0.0,0.0,0.0,0.0,0.0,0.0,0.0,0.0,0.0,1.0,0.0,1.0,0.0,0.0,0.0,0.0,1.0,0.0,0.0,0.0,0.0,957
-1.329869276946341,0.8662929731906497,-1.2613210787412676,1.085175249678153,-1.487428778534665,1.142098660668218,-0.15046210448941494,0.0,0.0,0.0,0.0,0.0,0.0,0.0,0.0,0.0,0.0,0.0,0.0,1.0,0.0,0.0,0.0,0.0,1.0,0.0,0.0,0.0,0.0,0.0,0.0,0.0,0.0,1.0,0.0,0.0,0.0,0.0,0.0,0.0,0.0,1.0,0.0,2043
1.2258998917176946,1.3156927517782253,-1.0953456461998332,-1.1532728954088343,-1.593194701763787,-1.2775574431263117,0.5288250489616237,0.0,0.0,0.0,0.0,1.0,0.0,0.0,0.0,0.0,0.0,0.0,0.0,0.0,0.0,0.0,0.0,0.0,0.0,0.0,1.0,0.0,0.0,0.0,0.0,0.0,0.0,0.0,1.0,0.0,0.0,0.0,0.0,0.0,0.0,1.0,0.0,5247
-0.05198469261432306,0.8063730027123063,0.9516846884778585,1.651696076521156,1.5321883296567673,-1.5153271180656585,-0.15046210448941494,0.0,0.0,0.0,0.0,0.0,0.0,0.0,0.0,1.0,0.0,0.0,0.0,0.0,0.0,0.0,1.0,0.0,0.0,0.0,0.0,0.0,0.0,0.0,0.0,0.0,0.0,0.0,1.0,0.0,0.0,0.0,0.0,1.0,0.0,0.0,0.0,905
0.808631456017444,-1.2009460083121977,1.3205189830143795,-1.5401651673991779,-0.6413013927016892,-1.55728647246672,1.479827063793078,0.0,0.0,0.0,0.0,0.0,0.0,0.0,0.0,0.0,0.0,0.0,0.0,1.0,0.0,0.0,1.0,0.0,0.0,0.0,0.0,0.0,0.0,0.0,0.0,0.0,0.0,1.0,0.0,0.0,0.0,0.0,1.0,0.0,0.0,0.0,0.0,2099
1.199820614486429,-1.1410260378338544,-0.8002782105706164,-0.8216509479885399,-0.9920917047449439,-1.22161163725823,1.0722547717224546,0.0,0.0,0.0,0.0,0.0,0.0,0.0,0.0,0.0,0.0,1.0,0.0,0.0,0.0,0.0,0.0,0.0,0.0,0.0,1.0,0.0,0.0,0.0,0.0,0.0,0.0,1.0,0.0,0.0,0.0,0.0,1.0,0.0,0.0,0.0,0.0,1299
-1.069076504633684,0.11729334221135719,0.37999153194625085,1.5273378462385454,-0.5760790733770643,-1.641205181268843,-0.28631953517962266,0.0,0.0,0.0,1.0,0.0,0.0,0.0,0.0,0.0,0.0,0.0,0.0,0.0,0.0,0.0,0.0,0.0,1.0,0.0,0.0,0.0,0.0,0.0,0.0,0.0,0.0,0.0,1.0,0.0,0.0,0.0,0.0,0.0,1.0,0.0,0.0,1083
0.02625313907947395,-0.8114662002029656,-0.8002782105706164,-1.5539827485416902,-0.8563587699342375,-0.7880316417805979,1.479827063793078,0.0,0.0,0.0,0.0,0.0,1.0,0.0,0.0,0.0,0.0,0.0,0.0,0.0,0.0,0.0,0.0,0.0,0.0,0.0,0.0,0.0,1.0,0.0,0.0,0.0,0.0,0.0,0.0,0.0,0.0,1.0,1.0,0.0,0.0,0.0,0.0,2193
-0.7039666233959648,-0.6017463035287637,0.06648238159020799,-0.3656707702856351,-1.4239692245971918,0.8763560827948309,1.479827063793078,0.0,0.0,0.0,0.0,0.0,0.0,0.0,0.0,0.0,0.0,0.0,0.0,1.0,0.0,0.0,0.0,0.0,0.0,0.0,0.0,1.0,0.0,0.0,0.0,0.0,0.0,0.0,0.0,0.0,1.0,0.0,0.0,0.0,1.0,0.0,0.0,889
-1.2777107224838096,-1.2309059935513693,-1.4457382260095282,1.499702683953521,1.555104279689743,-0.1586413257646794,1.34396963310287,0.0,0.0,0.0,0.0,0.0,0.0,0.0,0.0,0.0,0.0,0.0,0.0,1.0,0.0,0.0,0.0,0.0,1.0,0.0,0.0,0.0,0.0,0.0,0.0,0.0,0.0,0.0,0.0,1.0,0.0,0.0,0.0,0.0,1.0,0.0,0.0,6407
0.05233241631073962,0.4168931946030742,-1.4272965112827023,-1.5263475862566656,0.6384662783706861,0.7504780195916462,0.12125275689100051,0.0,0.0,1.0,0.0,0.0,0.0,0.0,0.0,0.0,0.0,0.0,0.0,0.0,0.0,0.0,0.0,0.0,0.0,0.0,0.0,0.0,1.0,0.0,0.0,0.0,0.0,0.0,1.0,0.0,0.0,0.0,0.0,0.0,0.0,1.0,0.0,957
0.28704591139213065,1.525412648452427,0.9701264032046846,-0.3794883514281474,1.7102276337591222,-0.11668197136361785,-0.4221769658698304,0.0,1.0,0.0,0.0,0.0,0.0,0.0,0.0,0.0,0.0,0.0,0.0,0.0,0.0,1.0,0.0,0.0,0.0,0.0,0.0,0.0,0.0,0.0,0.0,0.0,0.0,0.0,0.0,1.0,0.0,0.0,1.0,0.0,0.0,0.0,0.0,3076
0.10449097077327096,-1.3807059197472278,-0.08105133622440043,-1.3605366125465184,1.1179384636760394,-0.10269551989659774,-0.15046210448941494,0.0,0.0,0.0,0.0,0.0,0.0,0.0,0.0,0.0,0.0,0.0,0.0,0.0,1.0,0.0,1.0,0.0,0.0,0.0,0.0,0.0,0.0,0.0,0.0,0.0,0.0,1.0,0.0,0.0,0.0,0.0,0.0,0.0,1.0,0.0,0.0,2245
1.1476620600238978,-1.2908259640297128,-1.5932719438241367,1.2786213856733246,-0.8299172891269566,-0.018776811094475855,0.6646824796518315,0.0,0.0,0.0,0.0,0.0,0.0,0.0,0.0,0.0,0.0,0.0,1.0,0.0,0.0,0.0,1.0,0.0,0.0,0.0,0.0,0.0,0.0,0.0,0.0,0.0,0.0,1.0,0.0,0.0,0.0,0.0,0.0,0.0,0.0,0.0,1.0,2336
-1.069076504633684,-0.5118663478112485,-0.8556033547510946,-0.9736443405561749,0.22950470855141453,-0.48032970950614934,-0.4221769658698304,0.0,0.0,1.0,0.0,0.0,0.0,0.0,0.0,0.0,0.0,0.0,0.0,0.0,0.0,1.0,0.0,0.0,0.0,0.0,0.0,0.0,0.0,0.0,0.0,0.0,0.0,0.0,1.0,0.0,0.0,0.0,0.0,0.0,0.0,0.0,1.0,4336
-0.02590541538305739,-0.18230651018035982,0.5275252497608592,1.237168642245788,0.8323704709574093,-0.11668197136361785,-1.6448938420817,0.0,0.0,1.0,0.0,0.0,0.0,0.0,0.0,0.0,0.0,0.0,0.0,0.0,0.0,0.0,1.0,0.0,0.0,0.0,0.0,0.0,0.0,0.0,0.0,0.0,0.0,0.0,1.0,0.0,0.0,0.0,0.0,0.0,0.0,1.0,0.0,6244
1.5127719412616172,0.02741338649384208,0.1033658110438601,0.6153774908327359,-0.23762811904387385,0.7924373739927077,1.479827063793078,0.0,0.0,0.0,0.0,0.0,0.0,0.0,0.0,0.0,0.0,0.0,1.0,0.0,0.0,0.0,0.0,0.0,0.0,0.0,0.0,0.0,0.0,0.0,0.0,0.0,1.0,1.0,0.0,0.0,0.0,0.0,1.0,0.0,0.0,0.0,0.0,88455
1.4084548323365544,0.1772133126897006,-1.722363946911919,-0.6834751365634173,0.6049737360147979,1.491759947343728,-1.6448938420817,0.0,0.0,0.0,0.0,1.0,0.0,0.0,0.0,0.0,0.0,0.0,0.0,0.0,0.0,0.0,0.0,0.0,0.0,0.0,0.0,0.0,0.0,0.0,0.0,0.0,1.0,0.0,0.0,1.0,0.0,0.0,0.0,0.0,0.0,0.0,1.0,2598
-0.4692531283145738,1.1958528108215385,-0.2101433393121828,1.2786213856733246,0.9275598018636202,-1.1796522828571696,-1.3731789807012846,0.0,0.0,0.0,0.0,0.0,0.0,1.0,0.0,0.0,0.0,0.0,0.0,0.0,0.0,0.0,1.0,0.0,0.0,0.0,0.0,0.0,0.0,0.0,0.0,0.0,0.0,0.0,0.0,0.0,1.0,0.0,0.0,0.0,0.0,1.0,0.0,1371
1.0172656738675694,0.9262129436689931,-1.5748302290973106,0.8364587891129321,0.6560939322422067,0.06514189770764728,-0.5580343965600382,0.0,0.0,0.0,0.0,0.0,0.0,0.0,0.0,0.0,1.0,0.0,0.0,0.0,0.0,0.0,0.0,0.0,0.0,0.0,0.0,0.0,0.0,0.0,0.0,1.0,0.0,0.0,0.0,0.0,1.0,0.0,1.0,0.0,0.0,0.0,0.0,2550
-0.23453963323318275,0.14725332745052888,-0.7265113516633123,0.8088236268279076,0.002107973608802475,0.9602747915969528,0.6646824796518315,0.0,0.0,0.0,0.0,0.0,0.0,0.0,0.0,0.0,0.0,1.0,0.0,0.0,0.0,1.0,0.0,0.0,0.0,0.0,0.0,0.0,0.0,0.0,0.0,0.0,0.0,0.0,0.0,0.0,1.0,0.0,0.0,0.0,1.0,0.0,0.0,4587
1.6953268818804768,-0.6916262592462787,-0.283910198219487,-0.9598267594136626,-0.5619769502798478,-0.466343258039128,-0.5580343965600382,0.0,0.0,0.0,1.0,0.0,0.0,0.0,0.0,0.0,0.0,0.0,0.0,0.0,0.0,0.0,0.0,0.0,0.0,0.0,0.0,0.0,1.0,0.0,0.0,0.0,0.0,0.0,0.0,0.0,1.0,0.0,0.0,1.0,0.0,0.0,0.0,2153
-0.07806396984558873,1.4954526632132554,-1.0953456461998332,1.0575400873931284,-1.3516958437239583,1.477773495876708,0.8005399103420392,0.0,0.0,0.0,0.0,1.0,0.0,0.0,0.0,0.0,0.0,0.0,0.0,0.0,0.0,0.0,0.0,0.0,0.0,1.0,0.0,0.0,0.0,0.0,0.0,0.0,0.0,0.0,1.0,0.0,0.0,0.0,0.0,0.0,0.0,1.0,0.0,935
-1.329869276946341,0.8662929731906497,-0.7080696369364862,-0.1169543097204143,1.3329958409085871,-1.4314084092635366,-0.014604673799207216,0.0,0.0,0.0,0.0,0.0,0.0,0.0,0.0,0.0,0.0,1.0,0.0,0.0,0.0,0.0,0.0,0.0,0.0,0.0,0.0,1.0,0.0,0.0,0.0,0.0,0.0,0.0,1.0,0.0,0.0,0.0,0.0,1.0,0.0,0.0,0.0,1726
-0.23453963323318275,0.02741338649384208,1.5787029891899442,-1.2499959634064202,-0.7558811428665716,-1.5433000209996999,1.0722547717224546,0.0,0.0,0.0,0.0,1.0,0.0,0.0,0.0,0.0,0.0,0.0,0.0,0.0,0.0,0.0,0.0,0.0,0.0,0.0,0.0,0.0,0.0,0.0,0.0,0.0,1.0,0.0,0.0,1.0,0.0,0.0,0.0,0.0,0.0,0.0,1.0,1158
-1.0169179501711527,-1.4106659049863997,0.5644086792145114,0.6982829776878094,-1.3358309552395902,0.8204102769267493,0.8005399103420392,0.0,0.0,0.0,0.0,0.0,0.0,0.0,0.0,0.0,0.0,1.0,0.0,0.0,0.0,0.0,0.0,0.0,0.0,0.0,0.0,0.0,1.0,0.0,0.0,0.0,0.0,0.0,0.0,1.0,0.0,0.0,0.0,0.0,0.0,0.0,1.0,4842
1.2519791689489603,-0.6317062887679353,0.4722001055803811,0.8917291136829812,-1.5156330247290974,-1.4873542151316181,0.8005399103420392,1.0,0.0,0.0,0.0,0.0,0.0,0.0,0.0,0.0,0.0,0.0,0.0,0.0,0.0,0.0,1.0,0.0,0.0,0.0,0.0,0.0,0.0,0.0,0.0,0.0,0.0,0.0,1.0,0.0,0.0,0.0,0.0,0.0,0.0,1.0,0.0,1078
0.41744229754845896,-1.5604658311822581,-1.7592473763655712,-0.18604221543297564,-0.16535473817064048,-1.4174219577965164,0.8005399103420392,0.0,0.0,0.0,0.0,0.0,0.0,0.0,1.0,0.0,0.0,0.0,0.0,0.0,0.0,0.0,0.0,0.0,0.0,0.0,0.0,0.0,1.0,0.0,0.0,0.0,0.0,0.0,0.0,1.0,0.0,0.0,0.0,0.0,0.0,1.0,0.0,2240
-1.0429972274024184,-1.1110660525946825,0.34310810249259877,1.085175249678153,-1.690146798057149,-0.25654648603382263,-0.014604673799207216,0.0,0.0,0.0,0.0,0.0,0.0,0.0,0.0,0.0,0.0,0.0,1.0,0.0,0.0,0.0,0.0,0.0,0.0,0.0,1.0,0.0,0.0,0.0,0.0,0.0,0.0,0.0,0.0,1.0,0.0,0.0,0.0,0.0,0.0,0.0,1.0,7257
-1.5645827720277319,0.237133283168044,1.541819559736292,1.0022697628230794,-1.3569841398854148,1.0162205974650345,1.34396963310287,0.0,0.0,0.0,0.0,0.0,1.0,0.0,0.0,0.0,0.0,0.0,0.0,0.0,0.0,0.0,0.0,0.0,0.0,0.0,0.0,1.0,0.0,0.0,0.0,0.0,0.0,0.0,0.0,1.0,0.0,0.0,0.0,0.0,0.0,0.0,1.0,1630
-0.3910152966207768,0.2071732979288723,0.2877829583121206,-0.6282048119933682,-0.18298239204216105,0.6385864078554842,-1.3731789807012846,0.0,1.0,0.0,0.0,0.0,0.0,0.0,0.0,0.0,0.0,0.0,0.0,0.0,0.0,0.0,0.0,0.0,0.0,0.0,0.0,0.0,0.0,0.0,0.0,1.0,0.0,1.0,0.0,0.0,0.0,0.0,0.0,0.0,0.0,0.0,1.0,35707
-0.4692531283145738,1.6752125746482855,-1.003137072565703,-0.04786640400785297,-0.6800822312190342,1.6735838164149932,0.39296761827141596,0.0,0.0,0.0,0.0,0.0,0.0,0.0,0.0,1.0,0.0,0.0,0.0,0.0,0.0,0.0,1.0,0.0,0.0,0.0,0.0,0.0,0.0,0.0,0.0,0.0,0.0,0.0,1.0,0.0,0.0,0.0,0.0,0.0,1.0,0.0,0.0,3693
1.669247604649211,-0.7215862444854505,-1.39041308182905,-1.4296245182590797,-0.14067602275051194,-0.21458713163276108,0.6646824796518315,0.0,0.0,0.0,0.0,0.0,0.0,0.0,0.0,0.0,0.0,0.0,1.0,0.0,0.0,0.0,0.0,0.0,0.0,0.0,0.0,0.0,0.0,0.0,0.0,1.0,0.0,0.0,0.0,1.0,0.0,0.0,0.0,0.0,1.0,0.0,0.0,1511
1.0694242283301008,-0.6916262592462787,-0.5605359191218777,-0.3656707702856351,-1.219488439687556,-0.1586413257646794,-1.6448938420817,1.0,0.0,0.0,0.0,0.0,0.0,0.0,0.0,0.0,0.0,0.0,0.0,0.0,0.0,0.0,0.0,0.0,0.0,0.0,0.0,0.0,0.0,0.0,1.0,0.0,0.0,1.0,0.0,0.0,0.0,0.0,0.0,1.0,0.0,0.0,0.0,1372
0.5217594064735217,0.7764130174731346,0.785709255936424,1.3200741291008615,0.9398991595736832,-0.11668197136361785,-0.28631953517962266,0.0,0.0,0.0,0.0,0.0,0.0,0.0,1.0,0.0,0.0,0.0,0.0,0.0,0.0,0.0,0.0,0.0,0.0,0.0,0.0,0.0,1.0,0.0,0.0,0.0,0.0,1.0,0.0,0.0,0.0,0.0,0.0,0.0,1.0,0.0,0.0,2476
-0.07806396984558873,-0.09242655446284473,1.0254515473851626,1.140445574248202,0.27357384323021533,1.4218276900086262,-0.15046210448941494,0.0,0.0,0.0,0.0,0.0,1.0,0.0,0.0,0.0,0.0,0.0,0.0,0.0,0.0,1.0,0.0,0.0,0.0,0.0,0.0,0.0,0.0,0.0,0.0,0.0,0.0,0.0,0.0,0.0,1.0,0.0,0.0,1.0,0.0,0.0,0.0,2180
1.4866926640303515,-0.09242655446284473,1.5602612744631181,0.06267424513224516,-1.4257319899843441,0.06514189770764728,0.39296761827141596,0.0,0.0,0.0,0.0,0.0,0.0,1.0,0.0,0.0,0.0,0.0,0.0,0.0,0.0,0.0,1.0,0.0,0.0,0.0,0.0,0.0,0.0,0.0,0.0,0.0,0.0,0.0,0.0,0.0,1.0,0.0,0.0,0.0,0.0,1.0,0.0,1692
-0.02590541538305739,0.4168931946030742,-0.37611877185361725,-0.5038465817107578,0.06204199677197155,-0.060736165495536176,0.25711018758120824,0.0,0.0,0.0,1.0,0.0,0.0,0.0,0.0,0.0,0.0,0.0,0.0,0.0,0.0,0.0,0.0,0.0,0.0,0.0,0.0,0.0,0.0,0.0,0.0,1.0,0.0,0.0,0.0,1.0,0.0,0.0,0.0,0.0,0.0,0.0,1.0,1877
-1.6688998809527946,1.2857327665390534,-0.4498856307609215,0.0903094074172697,-0.22528876133380957,-1.0118148652529246,-1.3731789807012846,0.0,0.0,0.0,0.0,0.0,1.0,0.0,0.0,0.0,0.0,0.0,0.0,0.0,0.0,0.0,0.0,0.0,0.0,0.0,1.0,0.0,0.0,0.0,0.0,0.0,0.0,1.0,0.0,0.0,0.0,0.0,1.0,0.0,0.0,0.0,0.0,3499
1.4345341095678201,-0.871386170681309,1.5602612744631181,-0.4209410948556842,0.5538535397873885,1.4218276900086262,1.34396963310287,0.0,0.0,0.0,0.0,0.0,0.0,0.0,0.0,1.0,0.0,0.0,0.0,0.0,0.0,0.0,0.0,0.0,0.0,0.0,0.0,0.0,0.0,0.0,0.0,1.0,0.0,0.0,0.0,1.0,0.0,0.0,0.0,1.0,0.0,0.0,0.0,1436
0.65215579262985,-1.6203858016606014,1.172985265199771,-0.0340488228653407,1.3911670986846039,-0.34046519483594456,0.39296761827141596,0.0,1.0,0.0,0.0,0.0,0.0,0.0,0.0,0.0,0.0,0.0,0.0,0.0,0.0,0.0,1.0,0.0,0.0,0.0,0.0,0.0,0.0,0.0,0.0,0.0,0.0,0.0,0.0,1.0,0.0,0.0,1.0,0.0,0.0,0.0,0.0,815
0.8607900104799754,-1.1410260378338544,-0.7080696369364862,0.6568302342602726,-1.6584170210884117,0.6385864078554842,0.25711018758120824,0.0,0.0,0.0,0.0,0.0,0.0,0.0,0.0,0.0,0.0,0.0,0.0,0.0,1.0,0.0,0.0,0.0,0.0,0.0,0.0,0.0,1.0,0.0,0.0,0.0,0.0,0.0,0.0,1.0,0.0,0.0,0.0,1.0,0.0,0.0,0.0,1317
-1.2516314452525439,0.5966531060381044,1.0623349768388148,1.1266279931056897,-0.6818449966061859,0.4987218931852793,-1.2373215500110768,0.0,0.0,0.0,0.0,0.0,0.0,1.0,0.0,0.0,0.0,0.0,0.0,0.0,0.0,0.0,0.0,0.0,0.0,0.0,0.0,0.0,0.0,0.0,1.0,0.0,0.0,1.0,0.0,0.0,0.0,0.0,0.0,0.0,0.0,1.0,0.0,2462
-0.7039666233959648,0.9861329141473365,-0.24702676876583488,1.3200741291008615,1.5427649219796786,1.6735838164149932,-0.4221769658698304,0.0,0.0,0.0,0.0,0.0,0.0,0.0,1.0,0.0,0.0,0.0,0.0,0.0,0.0,0.0,0.0,0.0,0.0,0.0,0.0,0.0,0.0,0.0,0.0,0.0,1.0,0.0,0.0,0.0,1.0,0.0,1.0,0.0,0.0,0.0,0.0,2469
0.20880807969833362,0.05737337173301378,-1.5379467996436584,-0.1169543097204143,-1.2688458705278132,1.2819631753384226,-0.014604673799207216,0.0,0.0,0.0,0.0,0.0,0.0,0.0,0.0,0.0,1.0,0.0,0.0,0.0,0.0,0.0,0.0,0.0,0.0,1.0,0.0,0.0,0.0,0.0,0.0,0.0,0.0,0.0,1.0,0.0,0.0,0.0,1.0,0.0,0.0,0.0,0.0,4202
0.6782350698611157,0.5666931207989327,-0.8002782105706164,1.4029796159559351,0.7019258323081592,1.7714889766841364,-1.3731789807012846,0.0,0.0,0.0,0.0,0.0,0.0,0.0,0.0,0.0,0.0,0.0,0.0,0.0,1.0,0.0,0.0,0.0,0.0,0.0,0.0,1.0,0.0,0.0,0.0,0.0,0.0,0.0,0.0,1.0,0.0,0.0,1.0,0.0,0.0,0.0,0.0,4672
0.7564729015549126,0.836332987951478,-0.8371616400242685,1.0989928308206651,-1.3129150052066139,1.2260173694703411,1.2081122024126625,0.0,0.0,0.0,0.0,0.0,0.0,0.0,0.0,0.0,0.0,0.0,0.0,0.0,1.0,0.0,0.0,0.0,0.0,0.0,0.0,1.0,0.0,0.0,0.0,0.0,0.0,0.0,0.0,1.0,0.0,0.0,0.0,1.0,0.0,0.0,0.0,1539
1.591009772955414,-0.6317062887679353,-0.283910198219487,1.4720675216684964,1.417608579491884,-0.10269551989659774,-0.5580343965600382,0.0,0.0,0.0,1.0,0.0,0.0,0.0,0.0,0.0,0.0,0.0,0.0,0.0,0.0,0.0,0.0,1.0,0.0,0.0,0.0,0.0,0.0,0.0,0.0,0.0,0.0,0.0,0.0,0.0,1.0,0.0,0.0,1.0,0.0,0.0,0.0,1452
1.1476620600238978,1.2557727812998818,-0.15481819513170464,0.1732148942723433,1.2430948061638338,-1.3195167975273732,-0.9656066886306613,0.0,0.0,0.0,0.0,0.0,0.0,0.0,0.0,0.0,0.0,0.0,0.0,1.0,0.0,0.0,1.0,0.0,0.0,0.0,0.0,0.0,0.0,0.0,0.0,0.0,0.0,0.0,0.0,0.0,1.0,0.0,0.0,0.0,0.0,1.0,0.0,1533
1.6170890501866797,0.7464530322339629,0.45375839085355507,1.0713576685356407,-0.42095571930768505,1.4078412385416061,0.8005399103420392,0.0,0.0,0.0,0.0,0.0,0.0,0.0,0.0,0.0,0.0,0.0,0.0,1.0,0.0,0.0,0.0,0.0,1.0,0.0,0.0,0.0,0.0,0.0,0.0,0.0,0.0,1.0,0.0,0.0,0.0,0.0,0.0,1.0,0.0,0.0,0.0,5083
1.4866926640303515,-1.0511460821163392,0.45375839085355507,-0.0755015662928775,0.4427993203968106,0.6106135049214426,0.39296761827141596,0.0,0.0,0.0,0.0,0.0,0.0,0.0,0.0,1.0,0.0,0.0,0.0,0.0,0.0,0.0,0.0,0.0,0.0,0.0,0.0,0.0,0.0,0.0,0.0,0.0,1.0,0.0,1.0,0.0,0.0,0.0,0.0,0.0,0.0,0.0,1.0,656
-1.4341863858714035,0.8962529584298214,1.4496109861021618,-1.1947256388363712,-0.9392087431303828,-0.2285735830997812,-0.6938918272502459,0.0,0.0,0.0,0.0,0.0,1.0,0.0,0.0,0.0,0.0,0.0,0.0,0.0,0.0,0.0,0.0,0.0,1.0,0.0,0.0,0.0,0.0,0.0,0.0,0.0,0.0,0.0,0.0,0.0,1.0,0.0,0.0,0.0,0.0,0.0,1.0,2629
0.9390278421737723,-0.9912261116379958,-0.30235191294631303,-1.5125300051141533,-1.5226840862777054,-0.1306684228306392,1.2081122024126625,0.0,0.0,0.0,0.0,0.0,0.0,0.0,0.0,0.0,1.0,0.0,0.0,0.0,0.0,1.0,0.0,0.0,0.0,0.0,0.0,0.0,0.0,0.0,0.0,0.0,0.0,0.0,1.0,0.0,0.0,0.0,1.0,0.0,0.0,0.0,0.0,4714
-0.13022252430812006,-0.30214645113704663,-1.4641799407363543,-1.4158069371165674,-0.674793935057578,-0.9978284137859045,-1.3731789807012846,0.0,0.0,0.0,0.0,0.0,0.0,0.0,1.0,0.0,0.0,0.0,0.0,0.0,0.0,0.0,0.0,0.0,0.0,0.0,0.0,0.0,0.0,0.0,0.0,0.0,1.0,1.0,0.0,0.0,0.0,0.0,0.0,0.0,0.0,0.0,1.0,2371
-0.4170945738520424,0.3569732241247308,-1.2797627934680937,-0.43475867599819645,0.9293225672507718,-0.7740451903135778,-1.2373215500110768,0.0,1.0,0.0,0.0,0.0,0.0,0.0,0.0,0.0,0.0,0.0,0.0,0.0,0.0,0.0,0.0,0.0,1.0,0.0,0.0,0.0,0.0,0.0,0.0,0.0,0.0,0.0,0.0,0.0,1.0,0.0,1.0,0.0,0.0,0.0,0.0,1515
1.1215827827926321,1.2857327665390534,1.3020772682875534,-1.0012795028411994,-1.1172480472327384,0.568654150520381,0.25711018758120824,0.0,0.0,0.0,0.0,0.0,0.0,0.0,0.0,0.0,0.0,0.0,0.0,0.0,1.0,0.0,0.0,0.0,0.0,1.0,0.0,0.0,0.0,0.0,0.0,0.0,0.0,0.0,0.0,0.0,0.0,1.0,0.0,0.0,0.0,1.0,0.0,4789
1.1215827827926321,-1.0511460821163392,1.0438932621119887,-0.5038465817107578,0.20835152390559059,-0.1306684228306392,-0.5580343965600382,0.0,0.0,1.0,0.0,0.0,0.0,0.0,0.0,0.0,0.0,0.0,0.0,0.0,0.0,0.0,1.0,0.0,0.0,0.0,0.0,0.0,0.0,0.0,0.0,0.0,0.0,0.0,0.0,1.0,0.0,0.0,0.0,0.0,0.0,1.0,0.0,1356
-1.4863449403339348,-1.0811060673555108,0.9148012590242064,-0.26894770228804926,-1.156028885750083,-0.17262777723169953,1.2081122024126625,0.0,0.0,0.0,0.0,0.0,0.0,0.0,0.0,0.0,1.0,0.0,0.0,0.0,0.0,0.0,0.0,0.0,0.0,0.0,0.0,0.0,0.0,0.0,0.0,0.0,1.0,1.0,0.0,0.0,0.0,0.0,0.0,0.0,0.0,1.0,0.0,1705
-1.5385034947964662,-1.6203858016606014,1.2283104093802493,-0.6282048119933682,-0.05077498800575862,-0.5222890639072096,0.6646824796518315,0.0,0.0,0.0,0.0,0.0,0.0,0.0,0.0,0.0,0.0,0.0,0.0,1.0,0.0,0.0,0.0,1.0,0.0,0.0,0.0,0.0,0.0,0.0,0.0,0.0,0.0,0.0,1.0,0.0,0.0,0.0,0.0,0.0,0.0,1.0,0.0,878
0.65215579262985,0.4768131650814176,-0.8556033547510946,1.3615268725283982,0.3863908280079455,-0.25654648603382263,-0.4221769658698304,0.0,0.0,0.0,0.0,0.0,0.0,0.0,0.0,0.0,0.0,0.0,0.0,0.0,1.0,0.0,0.0,0.0,0.0,1.0,0.0,0.0,0.0,0.0,0.0,0.0,0.0,0.0,0.0,0.0,1.0,0.0,0.0,1.0,0.0,0.0,0.0,3318
-0.3127774649269798,-0.30214645113704663,-0.17325990985853068,1.3338917102433738,0.7036885976953114,1.6036515590798914,1.479827063793078,0.0,1.0,0.0,0.0,0.0,0.0,0.0,0.0,0.0,0.0,0.0,0.0,0.0,0.0,0.0,1.0,0.0,0.0,0.0,0.0,0.0,0.0,0.0,0.0,0.0,0.0,0.0,0.0,0.0,1.0,0.0,0.0,0.0,0.0,1.0,0.0,2678
-1.3037899997150753,0.11729334221135719,-1.2982045081949198,0.8502763702554444,-1.5350234439877697,-0.03276326256149596,-1.2373215500110768,0.0,0.0,1.0,0.0,0.0,0.0,0.0,0.0,0.0,0.0,0.0,0.0,0.0,0.0,0.0,0.0,0.0,0.0,0.0,0.0,0.0,0.0,0.0,0.0,0.0,1.0,0.0,0.0,1.0,0.0,0.0,0.0,0.0,0.0,0.0,1.0,1356
0.2348873569295993,0.8962529584298214,0.26934124358529454,-0.47621141942573325,-1.6830957365085404,-1.3614761519284349,-0.28631953517962266,0.0,0.0,0.0,0.0,0.0,0.0,0.0,0.0,0.0,0.0,0.0,0.0,0.0,1.0,0.0,0.0,0.0,0.0,0.0,0.0,0.0,0.0,1.0,0.0,0.0,0.0,0.0,0.0,1.0,0.0,0.0,0.0,0.0,0.0,0.0,1.0,5371
-0.8343630095522931,1.3156927517782253,0.9701264032046846,0.7535533022578585,-0.30285043836849923,-0.5782348697752914,-1.3731789807012846,0.0,0.0,0.0,0.0,0.0,0.0,0.0,0.0,0.0,0.0,0.0,0.0,0.0,1.0,0.0,0.0,0.0,0.0,0.0,0.0,0.0,0.0,0.0,0.0,0.0,1.0,0.0,1.0,0.0,0.0,0.0,0.0,1.0,0.0,0.0,0.0,2861
0.28704591139213065,-0.21226649541953152,-1.39041308182905,-0.006413660580316168,-1.2547437474305965,-0.018776811094475855,-1.1014641193208692,0.0,0.0,1.0,0.0,0.0,0.0,0.0,0.0,0.0,0.0,0.0,0.0,0.0,0.0,0.0,0.0,0.0,0.0,1.0,0.0,0.0,0.0,0.0,0.0,0.0,0.0,0.0,0.0,1.0,0.0,0.0,1.0,0.0,0.0,0.0,0.0,3604
0.65215579262985,0.8962529584298214,-0.3576770571267912,1.1680807365332266,0.16604515461394145,1.2260173694703411,-1.6448938420817,0.0,0.0,0.0,0.0,0.0,0.0,0.0,0.0,1.0,0.0,0.0,0.0,0.0,0.0,0.0,1.0,0.0,0.0,0.0,0.0,0.0,0.0,0.0,0.0,0.0,0.0,0.0,0.0,0.0,0.0,1.0,0.0,0.0,0.0,0.0,1.0,1094
0.9129485649425068,-0.27218646589787493,0.3246663877657727,-1.498712423971641,-0.9656502239376631,-0.466343258039128,1.479827063793078,0.0,0.0,0.0,0.0,1.0,0.0,0.0,0.0,0.0,0.0,0.0,0.0,0.0,0.0,1.0,0.0,0.0,0.0,0.0,0.0,0.0,0.0,0.0,0.0,0.0,0.0,0.0,0.0,1.0,0.0,0.0,0.0,0.0,0.0,1.0,0.0,2861
1.199820614486429,-0.7215862444854505,-1.4826216554631804,-1.4848948428291289,0.36876317413642556,-1.1936387343241897,1.0722547717224546,1.0,0.0,0.0,0.0,0.0,0.0,0.0,0.0,0.0,0.0,0.0,0.0,0.0,0.0,0.0,0.0,1.0,0.0,0.0,0.0,0.0,0.0,0.0,0.0,0.0,0.0,0.0,0.0,1.0,0.0,0.0,0.0,0.0,1.0,0.0,0.0,2766
-1.6688998809527946,1.4654926779740838,0.5644086792145114,0.06267424513224516,-0.7646949698023319,-1.4314084092635366,0.6646824796518315,0.0,0.0,0.0,0.0,0.0,0.0,0.0,1.0,0.0,0.0,0.0,0.0,0.0,0.0,1.0,0.0,0.0,0.0,0.0,0.0,0.0,0.0,0.0,0.0,0.0,0.0,0.0,1.0,0.0,0.0,0.0,1.0,0.0,0.0,0.0,0.0,3900
0.26096663416086496,-1.0211860968771675,-1.0584622167461812,-0.8492861102735645,-1.2582692782049005,-0.7320858359125163,-0.15046210448941494,0.0,0.0,0.0,0.0,0.0,0.0,0.0,0.0,0.0,0.0,0.0,0.0,1.0,0.0,0.0,0.0,0.0,0.0,0.0,1.0,0.0,0.0,0.0,0.0,0.0,0.0,0.0,0.0,0.0,0.0,1.0,1.0,0.0,0.0,0.0,0.0,4963
-0.15630180153938575,-0.8414261854421372,-1.2797627934680937,-1.7197937222518374,-1.7060116865415171,0.2469657667789124,-1.3731789807012846,0.0,0.0,0.0,0.0,0.0,0.0,0.0,0.0,1.0,0.0,0.0,0.0,0.0,0.0,0.0,0.0,0.0,0.0,0.0,0.0,0.0,0.0,1.0,0.0,0.0,0.0,0.0,0.0,1.0,0.0,0.0,0.0,0.0,0.0,0.0,1.0,1365
-0.9908386729398871,-1.2309059935513693,-1.0769039314730071,-1.650705816539276,-1.1877586627188195,-0.9838419623188832,1.479827063793078,0.0,0.0,0.0,0.0,0.0,0.0,0.0,0.0,0.0,0.0,0.0,0.0,0.0,1.0,0.0,0.0,0.0,0.0,0.0,1.0,0.0,0.0,0.0,0.0,0.0,0.0,0.0,0.0,1.0,0.0,0.0,0.0,0.0,1.0,0.0,0.0,1705
-0.15630180153938575,1.2857327665390534,0.49064182030720715,1.1818983176757387,1.1161756982888864,-0.8859368020497411,0.9363973410322469,0.0,0.0,0.0,0.0,0.0,0.0,0.0,0.0,0.0,0.0,1.0,0.0,0.0,0.0,1.0,0.0,0.0,0.0,0.0,0.0,0.0,0.0,0.0,0.0,0.0,0.0,0.0,1.0,0.0,0.0,0.0,0.0,0.0,0.0,0.0,1.0,1859
1.4345341095678201,0.02741338649384208,-0.08105133622440043,1.0989928308206651,0.7213162515668321,1.1700715636022594,1.34396963310287,0.0,0.0,0.0,0.0,0.0,0.0,0.0,0.0,0.0,1.0,0.0,0.0,0.0,0.0,0.0,0.0,0.0,1.0,0.0,0.0,0.0,0.0,0.0,0.0,0.0,0.0,0.0,0.0,0.0,1.0,0.0,0.0,0.0,1.0,0.0,0.0,3335
0.13057024800453662,0.536733135559761,-1.2428793640144418,1.195715898818251,0.9698661711552681,-0.7880316417805979,1.6156844944832855,0.0,0.0,0.0,0.0,0.0,0.0,0.0,0.0,0.0,0.0,0.0,1.0,0.0,0.0,0.0,0.0,0.0,0.0,0.0,0.0,0.0,0.0,0.0,0.0,0.0,1.0,0.0,1.0,0.0,0.0,0.0,0.0,0.0,0.0,1.0,0.0,1712
0.8607900104799754,0.7764130174731346,0.4722001055803811,0.8364587891129321,0.3846280626207938,-1.6971509871369248,-0.28631953517962266,0.0,0.0,0.0,0.0,0.0,0.0,0.0,0.0,0.0,1.0,0.0,0.0,0.0,0.0,0.0,0.0,0.0,0.0,0.0,0.0,0.0,0.0,0.0,1.0,0.0,0.0,1.0,0.0,0.0,0.0,0.0,1.0,0.0,0.0,0.0,0.0,3771
0.13057024800453662,-0.27218646589787493,0.5459669644876853,1.1128104119631774,-1.540311740149226,-0.7320858359125163,1.479827063793078,0.0,0.0,0.0,0.0,0.0,1.0,0.0,0.0,0.0,0.0,0.0,0.0,0.0,0.0,0.0,1.0,0.0,0.0,0.0,0.0,0.0,0.0,0.0,0.0,0.0,0.0,0.0,0.0,0.0,0.0,1.0,1.0,0.0,0.0,0.0,0.0,1350
-0.2606189104644484,0.11729334221135719,0.011157237409729834,-0.15840705314795112,-1.4151553976614315,-0.18661422869872088,1.6156844944832855,0.0,0.0,0.0,0.0,0.0,0.0,0.0,0.0,0.0,0.0,0.0,0.0,0.0,1.0,0.0,0.0,0.0,0.0,0.0,0.0,0.0,0.0,1.0,0.0,0.0,0.0,0.0,0.0,0.0,1.0,0.0,1.0,0.0,0.0,0.0,0.0,778
-1.2255521680212782,1.04605288462568,0.3062246730389467,1.55497300852357,-0.824628992965501,-0.1586413257646794,-1.3731789807012846,0.0,0.0,0.0,0.0,0.0,0.0,0.0,0.0,0.0,0.0,1.0,0.0,0.0,0.0,0.0,1.0,0.0,0.0,0.0,0.0,0.0,0.0,0.0,0.0,0.0,0.0,0.0,0.0,1.0,0.0,0.0,0.0,1.0,0.0,0.0,0.0,2301
-0.8604422867835588,0.6266130912772762,0.2140160994048164,-0.1998597965754879,-0.14420155352481592,1.4498005929426665,1.2081122024126625,0.0,0.0,0.0,0.0,0.0,0.0,0.0,0.0,0.0,0.0,0.0,0.0,1.0,0.0,0.0,0.0,0.0,0.0,0.0,0.0,0.0,1.0,0.0,0.0,0.0,0.0,0.0,0.0,0.0,1.0,0.0,1.0,0.0,0.0,0.0,0.0,1498
-1.1733936135587468,1.3156927517782253,0.26934124358529454,0.8502763702554444,1.7067021029848175,0.38683028144911596,0.25711018758120824,0.0,0.0,0.0,0.0,0.0,0.0,0.0,0.0,0.0,0.0,0.0,1.0,0.0,0.0,0.0,0.0,0.0,0.0,0.0,0.0,1.0,0.0,0.0,0.0,0.0,0.0,1.0,0.0,0.0,0.0,0.0,0.0,0.0,1.0,0.0,0.0,2980
1.5127719412616172,1.3156927517782253,1.4127275566485098,-0.7111102988484418,-1.062602320231025,1.5057463988107482,-0.014604673799207216,1.0,0.0,0.0,0.0,0.0,0.0,0.0,0.0,0.0,0.0,0.0,0.0,0.0,0.0,0.0,0.0,0.0,0.0,0.0,0.0,1.0,0.0,0.0,0.0,0.0,0.0,0.0,0.0,1.0,0.0,0.0,0.0,0.0,0.0,0.0,1.0,1091
-0.6518080689334335,1.1958528108215385,0.5275252497608592,0.5601071662626868,-0.7118120081877708,0.9043289857288711,-1.5090364113914922,0.0,0.0,0.0,0.0,0.0,1.0,0.0,0.0,0.0,0.0,0.0,0.0,0.0,0.0,0.0,0.0,0.0,0.0,0.0,0.0,0.0,0.0,0.0,0.0,0.0,1.0,0.0,0.0,0.0,0.0,1.0,1.0,0.0,0.0,0.0,0.0,1841
0.965107119405038,-0.03250658398450132,0.49064182030720715,-1.5954354919692268,-0.3451568076601477,0.9323018886629126,-1.6448938420817,0.0,0.0,0.0,0.0,0.0,1.0,0.0,0.0,0.0,0.0,0.0,0.0,0.0,0.0,0.0,0.0,0.0,0.0,1.0,0.0,0.0,0.0,0.0,0.0,0.0,0.0,0.0,0.0,1.0,0.0,0.0,0.0,0.0,0.0,1.0,0.0,2908
0.65215579262985,-0.7215862444854505,-0.5052107749413997,1.3753444536709105,-0.5831301349256723,0.7504780195916462,-1.3731789807012846,0.0,0.0,0.0,0.0,0.0,0.0,0.0,0.0,0.0,0.0,1.0,0.0,0.0,0.0,0.0,0.0,0.0,0.0,0.0,0.0,0.0,0.0,1.0,0.0,0.0,0.0,0.0,1.0,0.0,0.0,0.0,0.0,0.0,0.0,0.0,1.0,1567
-0.1823810787706514,0.237133283168044,1.0254515473851626,-0.17222463429046336,-0.3416312768858437,-0.6062077727093328,-1.3731789807012846,0.0,0.0,0.0,0.0,0.0,0.0,0.0,0.0,0.0,0.0,0.0,0.0,1.0,0.0,1.0,0.0,0.0,0.0,0.0,0.0,0.0,0.0,0.0,0.0,0.0,0.0,0.0,0.0,1.0,0.0,0.0,0.0,1.0,0.0,0.0,0.0,1485
-0.7561251778584961,0.5666931207989327,0.49064182030720715,-1.2776311256914448,-0.3134270306914112,-0.8999232535167613,-0.9656066886306613,0.0,0.0,0.0,0.0,0.0,0.0,0.0,0.0,0.0,0.0,0.0,0.0,1.0,0.0,0.0,0.0,0.0,0.0,0.0,0.0,0.0,0.0,0.0,0.0,1.0,0.0,0.0,1.0,0.0,0.0,0.0,0.0,0.0,0.0,1.0,0.0,3174
-0.8082837323210275,-1.3507459345080561,-0.09949305095122647,1.610243333093619,1.1884490791621205,-0.42438390363806766,0.5288250489616237,0.0,0.0,1.0,0.0,0.0,0.0,0.0,0.0,0.0,0.0,0.0,0.0,0.0,0.0,0.0,0.0,0.0,0.0,0.0,0.0,1.0,0.0,0.0,0.0,0.0,0.0,0.0,1.0,0.0,0.0,0.0,0.0,0.0,1.0,0.0,0.0,915
-1.329869276946341,1.2857327665390534,-1.1322290756534854,0.18703247541485557,1.4246596410404921,-1.5433000209996999,0.9363973410322469,0.0,0.0,0.0,1.0,0.0,0.0,0.0,0.0,0.0,0.0,0.0,0.0,0.0,0.0,0.0,0.0,0.0,0.0,1.0,0.0,0.0,0.0,0.0,0.0,0.0,0.0,0.0,0.0,0.0,0.0,1.0,0.0,0.0,0.0,1.0,0.0,5080
-0.07806396984558873,-1.1110660525946825,1.0438932621119887,-0.4485762571407087,-0.674793935057578,0.9742612430639729,1.479827063793078,0.0,0.0,0.0,0.0,0.0,0.0,0.0,0.0,0.0,1.0,0.0,0.0,0.0,0.0,0.0,0.0,0.0,0.0,0.0,0.0,0.0,0.0,0.0,0.0,1.0,0.0,1.0,0.0,0.0,0.0,0.0,0.0,0.0,1.0,0.0,0.0,1013
-0.5474909600083707,-1.2309059935513693,0.6197338233949895,1.1680807365332266,-0.7735087967380916,0.9183154371958913,1.0722547717224546,0.0,0.0,0.0,0.0,0.0,0.0,0.0,0.0,0.0,0.0,0.0,0.0,1.0,0.0,0.0,0.0,0.0,0.0,0.0,0.0,1.0,0.0,0.0,0.0,0.0,0.0,0.0,1.0,0.0,0.0,0.0,0.0,0.0,0.0,1.0,0.0,3213
0.07841169354200529,-1.1110660525946825,1.0623349768388148,0.44956651712258866,-0.08955582652310314,-1.1376929284561081,-0.15046210448941494,1.0,0.0,0.0,0.0,0.0,0.0,0.0,0.0,0.0,0.0,0.0,0.0,0.0,0.0,0.0,0.0,0.0,0.0,1.0,0.0,0.0,0.0,0.0,0.0,0.0,0.0,0.0,0.0,0.0,0.0,1.0,0.0,0.0,0.0,1.0,0.0,829
-0.9647593957086215,-1.2908259640297128,-1.2059959345607896,1.4858851028110087,-1.1630799472986908,0.5266947961193208,-1.3731789807012846,1.0,0.0,0.0,0.0,0.0,0.0,0.0,0.0,0.0,0.0,0.0,0.0,0.0,0.0,0.0,0.0,0.0,1.0,0.0,0.0,0.0,0.0,0.0,0.0,0.0,0.0,0.0,0.0,0.0,0.0,1.0,0.0,0.0,1.0,0.0,0.0,2846
0.39136302031719333,0.1772133126897006,0.37999153194625085,-1.7474288845368617,-1.2617948089792044,-0.7320858359125163,-0.6938918272502459,0.0,0.0,0.0,0.0,0.0,0.0,0.0,1.0,0.0,0.0,0.0,0.0,0.0,0.0,0.0,0.0,1.0,0.0,0.0,0.0,0.0,0.0,0.0,0.0,0.0,0.0,0.0,0.0,0.0,0.0,1.0,0.0,1.0,0.0,0.0,0.0,1359
1.3041377234114917,1.3756127222565686,0.5828503939413374,0.3804786114100273,0.21540258545419855,-1.6691780842028834,-1.2373215500110768,1.0,0.0,0.0,0.0,0.0,0.0,0.0,0.0,0.0,0.0,0.0,0.0,0.0,0.0,0.0,0.0,0.0,0.0,0.0,0.0,0.0,0.0,0.0,1.0,0.0,0.0,0.0,0.0,0.0,1.0,0.0,0.0,0.0,0.0,1.0,0.0,3376
-0.20846035600191706,-1.6503457868997733,-0.17325990985853068,-0.8631036914160768,-0.05958881494151891,1.5197328502777696,-0.5580343965600382,0.0,0.0,0.0,0.0,0.0,0.0,0.0,0.0,0.0,1.0,0.0,0.0,0.0,0.0,0.0,0.0,0.0,0.0,0.0,0.0,0.0,1.0,0.0,0.0,0.0,0.0,1.0,0.0,0.0,0.0,0.0,0.0,0.0,1.0,0.0,0.0,2504
-1.4081071086401378,-1.5904258164214298,0.2508995288584685,-1.6921585599668127,-0.7347279582207471,-0.6901264815114547,-1.6448938420817,0.0,0.0,0.0,0.0,0.0,0.0,1.0,0.0,0.0,0.0,0.0,0.0,0.0,0.0,0.0,0.0,1.0,0.0,0.0,0.0,0.0,0.0,0.0,0.0,0.0,0.0,0.0,0.0,1.0,0.0,0.0,1.0,0.0,0.0,0.0,0.0,3645
0.26096663416086496,0.2670932684072157,1.0254515473851626,1.4444323593834718,-1.5209213208905537,-1.5293135695326798,-1.5090364113914922,0.0,0.0,0.0,0.0,0.0,0.0,0.0,0.0,0.0,1.0,0.0,0.0,0.0,0.0,0.0,0.0,0.0,0.0,0.0,1.0,0.0,0.0,0.0,0.0,0.0,0.0,0.0,0.0,1.0,0.0,0.0,0.0,0.0,0.0,1.0,0.0,787
1.3823755551052888,-0.45194637733290516,1.7077949922777267,-0.2827652834305615,-1.547362801697834,-0.6761400300444346,-0.28631953517962266,0.0,0.0,0.0,0.0,0.0,0.0,0.0,0.0,0.0,0.0,1.0,0.0,0.0,0.0,1.0,0.0,0.0,0.0,0.0,0.0,0.0,0.0,0.0,0.0,0.0,0.0,0.0,0.0,1.0,0.0,0.0,1.0,0.0,0.0,0.0,0.0,977
-0.7300459006272305,-0.03250658398450132,0.9701264032046846,0.6844653965452971,-1.0537884932952648,1.5477057532118097,0.39296761827141596,0.0,0.0,0.0,0.0,0.0,1.0,0.0,0.0,0.0,0.0,0.0,0.0,0.0,0.0,0.0,0.0,0.0,1.0,0.0,0.0,0.0,0.0,0.0,0.0,0.0,0.0,0.0,1.0,0.0,0.0,0.0,0.0,0.0,0.0,0.0,1.0,2213
-0.9386801184773558,1.6152926041699422,-0.8740450694779206,-0.9321915971286381,-1.4521734707916243,0.3308844755810343,-0.6938918272502459,0.0,1.0,0.0,0.0,0.0,0.0,0.0,0.0,0.0,0.0,0.0,0.0,0.0,0.0,0.0,0.0,0.0,0.0,0.0,0.0,0.0,0.0,0.0,0.0,0.0,1.0,0.0,0.0,0.0,0.0,1.0,0.0,1.0,0.0,0.0,0.0,726
1.356296277874023,1.345652737017397,1.080776691565641,-1.7474288845368617,-1.0943320971997614,-1.375462603395455,1.479827063793078,0.0,0.0,0.0,0.0,0.0,0.0,0.0,0.0,0.0,0.0,0.0,0.0,0.0,1.0,0.0,0.0,0.0,0.0,0.0,0.0,0.0,0.0,0.0,0.0,1.0,0.0,1.0,0.0,0.0,0.0,0.0,0.0,0.0,0.0,0.0,1.0,2133
-1.2516314452525439,1.2557727812998818,1.0438932621119887,0.7259181399728339,-0.7435417851565074,1.7575025252171164,-0.8297492579404536,0.0,0.0,0.0,0.0,0.0,1.0,0.0,0.0,0.0,0.0,0.0,0.0,0.0,0.0,0.0,1.0,0.0,0.0,0.0,0.0,0.0,0.0,0.0,0.0,0.0,0.0,0.0,0.0,0.0,0.0,1.0,0.0,0.0,0.0,1.0,0.0,1205
-0.49533240554583946,0.836332987951478,-1.740805661638745,0.03503908284722063,0.7618598554713283,1.6595973649479732,-0.5580343965600382,0.0,1.0,0.0,0.0,0.0,0.0,0.0,0.0,0.0,0.0,0.0,0.0,0.0,0.0,0.0,0.0,0.0,0.0,0.0,1.0,0.0,0.0,0.0,0.0,0.0,0.0,0.0,0.0,0.0,0.0,1.0,0.0,0.0,0.0,0.0,1.0,1694
0.9911863966363037,0.2071732979288723,0.5828503939413374,-1.2085432199788835,0.06909305832057953,1.5337193017447897,-0.014604673799207216,1.0,0.0,0.0,0.0,0.0,0.0,0.0,0.0,0.0,0.0,0.0,0.0,0.0,0.0,1.0,0.0,0.0,0.0,0.0,0.0,0.0,0.0,0.0,0.0,0.0,0.0,1.0,0.0,0.0,0.0,0.0,0.0,0.0,0.0,1.0,0.0,1634
0.00017386184820827966,1.135932840343195,1.541819559736292,0.8226412079704198,0.5044961089471319,-0.3124922919019043,-0.5580343965600382,0.0,1.0,0.0,0.0,0.0,0.0,0.0,0.0,0.0,0.0,0.0,0.0,0.0,0.0,0.0,0.0,0.0,0.0,0.0,0.0,0.0,0.0,1.0,0.0,0.0,0.0,0.0,1.0,0.0,0.0,0.0,0.0,0.0,0.0,0.0,1.0,1525
1.199820614486429,-1.3207859492688845,-0.8924867842047467,0.39429619255253956,-0.6395386273145375,-0.49431616097316944,0.9363973410322469,0.0,0.0,1.0,0.0,0.0,0.0,0.0,0.0,0.0,0.0,0.0,0.0,0.0,0.0,0.0,0.0,0.0,0.0,0.0,0.0,0.0,1.0,0.0,0.0,0.0,0.0,0.0,0.0,0.0,0.0,1.0,0.0,0.0,1.0,0.0,0.0,1657
1.3041377234114917,-0.45194637733290516,0.49064182030720715,1.5687905896660823,-0.8510704737727812,0.7364915681246261,-0.014604673799207216,0.0,0.0,0.0,0.0,0.0,0.0,0.0,0.0,0.0,0.0,1.0,0.0,0.0,0.0,0.0,1.0,0.0,0.0,0.0,0.0,0.0,0.0,0.0,0.0,0.0,0.0,0.0,0.0,1.0,0.0,0.0,0.0,0.0,1.0,0.0,0.0,2018
-1.6688998809527946,-0.7815062149637939,1.4127275566485098,-1.2085432199788835,0.3811025318464892,-1.1097200255220665,-1.3731789807012846,0.0,0.0,0.0,0.0,0.0,0.0,0.0,0.0,0.0,0.0,1.0,0.0,0.0,0.0,0.0,0.0,0.0,0.0,1.0,0.0,0.0,0.0,0.0,0.0,0.0,0.0,0.0,0.0,0.0,0.0,1.0,0.0,0.0,0.0,1.0,0.0,2734
0.39136302031719333,1.7051725598874574,-0.8002782105706164,0.7950060456853953,0.7177907207925275,-1.4593813121975767,-0.15046210448941494,1.0,0.0,0.0,0.0,0.0,0.0,0.0,0.0,0.0,0.0,0.0,0.0,0.0,0.0,0.0,0.0,0.0,0.0,0.0,0.0,1.0,0.0,0.0,0.0,0.0,0.0,0.0,0.0,0.0,0.0,1.0,0.0,0.0,1.0,0.0,0.0,2572
-0.20846035600191706,0.6266130912772762,1.172985265199771,-1.1118201519812976,-0.9691757547119677,0.4847354417182592,0.12125275689100051,0.0,0.0,0.0,0.0,0.0,1.0,0.0,0.0,0.0,0.0,0.0,0.0,0.0,0.0,0.0,1.0,0.0,0.0,0.0,0.0,0.0,0.0,0.0,0.0,0.0,0.0,0.0,0.0,1.0,0.0,0.0,0.0,0.0,1.0,0.0,0.0,1537
-0.3127774649269798,-0.961266126398824,1.0438932621119887,-0.47621141942573325,0.5274120589801082,-1.389449054862475,-1.2373215500110768,0.0,1.0,0.0,0.0,0.0,0.0,0.0,0.0,0.0,0.0,0.0,0.0,0.0,0.0,0.0,0.0,0.0,0.0,0.0,0.0,1.0,0.0,0.0,0.0,0.0,0.0,0.0,0.0,0.0,0.0,1.0,0.0,0.0,0.0,0.0,1.0,2061
1.356296277874023,1.345652737017397,1.2467521241070754,0.8502763702554444,1.0826831559329981,1.5477057532118097,0.39296761827141596,0.0,0.0,0.0,0.0,0.0,0.0,0.0,0.0,0.0,1.0,0.0,0.0,0.0,0.0,0.0,0.0,1.0,0.0,0.0,0.0,0.0,0.0,0.0,0.0,0.0,0.0,0.0,0.0,0.0,1.0,0.0,0.0,0.0,0.0,1.0,0.0,4729
-0.8082837323210275,-0.7215862444854505,-0.7080696369364862,0.6015599096902235,1.7772127184708986,-0.43837035510508776,-0.8297492579404536,0.0,0.0,0.0,0.0,0.0,0.0,0.0,0.0,0.0,0.0,0.0,0.0,0.0,1.0,0.0,0.0,0.0,0.0,1.0,0.0,0.0,0.0,0.0,0.0,0.0,0.0,0.0,0.0,1.0,0.0,0.0,0.0,0.0,0.0,0.0,1.0,2168
-0.05198469261432306,0.237133283168044,-0.37611877185361725,1.4720675216684964,1.7842637800195078,0.09311480064168749,1.0722547717224546,0.0,0.0,0.0,0.0,0.0,0.0,0.0,0.0,0.0,1.0,0.0,0.0,0.0,0.0,0.0,0.0,0.0,0.0,0.0,0.0,0.0,0.0,0.0,0.0,0.0,1.0,1.0,0.0,0.0,0.0,0.0,1.0,0.0,0.0,0.0,0.0,1548
0.28704591139213065,1.555372633691599,-0.9109284989315728,-1.3329014502614938,0.6032109706276456,-0.07472261696255753,-0.5580343965600382,0.0,0.0,0.0,0.0,0.0,0.0,0.0,0.0,0.0,1.0,0.0,0.0,0.0,0.0,0.0,0.0,0.0,0.0,0.0,0.0,0.0,1.0,0.0,0.0,0.0,0.0,0.0,0.0,0.0,1.0,0.0,0.0,1.0,0.0,0.0,0.0,2325
1.0694242283301008,0.8962529584298214,-0.9293702136583988,1.5273378462385454,0.03207498519038733,-0.6761400300444346,-1.6448938420817,0.0,0.0,0.0,1.0,0.0,0.0,0.0,0.0,0.0,0.0,0.0,0.0,0.0,0.0,0.0,1.0,0.0,0.0,0.0,0.0,0.0,0.0,0.0,0.0,0.0,0.0,0.0,1.0,0.0,0.0,0.0,0.0,1.0,0.0,0.0,0.0,3959
-1.4602656631026691,-0.7815062149637939,-1.2244376492876157,1.4720675216684964,-1.4222064592100394,1.1001393062671563,-1.6448938420817,0.0,0.0,0.0,0.0,0.0,0.0,0.0,0.0,0.0,0.0,1.0,0.0,0.0,0.0,0.0,0.0,0.0,0.0,0.0,0.0,0.0,1.0,0.0,0.0,0.0,0.0,0.0,0.0,1.0,0.0,0.0,0.0,0.0,0.0,1.0,0.0,2436
-0.9126008412460902,0.2670932684072157,0.19557438467799035,1.2786213856733246,1.4317107025891014,1.0441935003990759,-0.5580343965600382,0.0,0.0,0.0,1.0,0.0,0.0,0.0,0.0,0.0,0.0,0.0,0.0,0.0,0.0,0.0,0.0,0.0,0.0,1.0,0.0,0.0,0.0,0.0,0.0,0.0,0.0,0.0,0.0,1.0,0.0,0.0,1.0,0.0,0.0,0.0,0.0,1640
-1.5906620492589976,0.8662929731906497,0.80415097066325,-0.8354685291310522,-1.5068191977933372,-1.2775574431263117,-0.014604673799207216,0.0,0.0,0.0,0.0,0.0,0.0,0.0,0.0,0.0,0.0,0.0,0.0,0.0,1.0,0.0,0.0,0.0,0.0,0.0,0.0,0.0,0.0,0.0,0.0,1.0,0.0,0.0,0.0,0.0,0.0,1.0,0.0,1.0,0.0,0.0,0.0,2070
-0.6778873461646991,-0.9013461559204806,-0.9478119283852249,-0.25513012114553696,-0.12128560349183967,1.7435160737500963,-0.9656066886306613,0.0,0.0,0.0,0.0,0.0,0.0,0.0,0.0,0.0,1.0,0.0,0.0,0.0,0.0,0.0,0.0,0.0,0.0,0.0,0.0,0.0,0.0,0.0,0.0,1.0,0.0,0.0,1.0,0.0,0.0,0.0,0.0,0.0,0.0,1.0,0.0,2874
0.573917960936053,1.04605288462568,-0.5605359191218777,-1.498712423971641,1.1232267598374956,-1.2355980887252513,-0.15046210448941494,0.0,1.0,0.0,0.0,0.0,0.0,0.0,0.0,0.0,0.0,0.0,0.0,0.0,0.0,0.0,0.0,0.0,0.0,0.0,0.0,1.0,0.0,0.0,0.0,0.0,0.0,0.0,0.0,0.0,1.0,0.0,1.0,0.0,0.0,0.0,0.0,3594
-1.4602656631026691,1.0760128698648517,-1.371971367102224,0.22848521884239237,0.2964897932631922,0.288925121179974,-0.28631953517962266,0.0,0.0,0.0,0.0,0.0,0.0,0.0,0.0,0.0,0.0,0.0,1.0,0.0,0.0,0.0,0.0,0.0,0.0,0.0,0.0,1.0,0.0,0.0,0.0,0.0,0.0,0.0,0.0,0.0,0.0,1.0,0.0,1.0,0.0,0.0,0.0,858
-0.20846035600191706,1.525412648452427,-0.025726192043922267,-0.10313672857790204,0.14489196996811687,1.4218276900086262,-1.6448938420817,0.0,0.0,1.0,0.0,0.0,0.0,0.0,0.0,0.0,0.0,0.0,0.0,0.0,0.0,0.0,0.0,0.0,0.0,0.0,0.0,0.0,1.0,0.0,0.0,0.0,0.0,0.0,1.0,0.0,0.0,0.0,0.0,0.0,0.0,0.0,1.0,1998
1.3823755551052888,-1.0211860968771675,0.80415097066325,-1.498712423971641,-0.1583036766220325,1.5477057532118097,-0.4221769658698304,0.0,0.0,0.0,0.0,0.0,0.0,0.0,0.0,0.0,0.0,0.0,0.0,1.0,0.0,0.0,0.0,1.0,0.0,0.0,0.0,0.0,0.0,0.0,0.0,0.0,0.0,0.0,1.0,0.0,0.0,0.0,0.0,1.0,0.0,0.0,0.0,2709
0.26096663416086496,0.8662929731906497,0.08492409631703404,0.20085005655736785,0.07438135448203582,0.5266947961193208,-1.6448938420817,0.0,0.0,0.0,0.0,0.0,0.0,0.0,0.0,0.0,0.0,0.0,0.0,0.0,1.0,0.0,0.0,1.0,0.0,0.0,0.0,0.0,0.0,0.0,0.0,0.0,0.0,0.0,1.0,0.0,0.0,0.0,1.0,0.0,0.0,0.0,0.0,3643
-1.6688998809527946,0.2071732979288723,-0.283910198219487,-0.006413660580316168,-1.126061874168498,0.34487092704805566,1.2081122024126625,0.0,0.0,0.0,0.0,0.0,0.0,0.0,0.0,0.0,0.0,0.0,0.0,0.0,1.0,0.0,0.0,0.0,0.0,0.0,0.0,0.0,1.0,0.0,0.0,0.0,0.0,0.0,0.0,0.0,0.0,1.0,0.0,1.0,0.0,0.0,0.0,5635
-0.2866981876957141,0.02741338649384208,1.191426979926597,-0.5452993251382946,-0.3663099923059723,-1.1097200255220665,-0.9656066886306613,1.0,0.0,0.0,0.0,0.0,0.0,0.0,0.0,0.0,0.0,0.0,0.0,0.0,0.0,0.0,0.0,0.0,0.0,1.0,0.0,0.0,0.0,0.0,0.0,0.0,0.0,0.0,1.0,0.0,0.0,0.0,0.0,1.0,0.0,0.0,0.0,2577
-0.23453963323318275,-1.3507459345080561,-0.7080696369364862,0.28375554341244147,-0.3222408576271715,0.35885737851507576,-0.8297492579404536,0.0,0.0,0.0,0.0,1.0,0.0,0.0,0.0,0.0,0.0,0.0,0.0,0.0,0.0,0.0,0.0,0.0,0.0,0.0,1.0,0.0,0.0,0.0,0.0,0.0,0.0,0.0,0.0,1.0,0.0,0.0,0.0,0.0,0.0,1.0,0.0,2155
-0.9908386729398871,-1.2309059935513693,-0.41300220130726933,0.35284344912500276,-1.6954350942186047,-1.3335032489943932,0.6646824796518315,0.0,0.0,0.0,0.0,0.0,0.0,0.0,1.0,0.0,0.0,0.0,0.0,0.0,0.0,0.0,0.0,0.0,1.0,0.0,0.0,0.0,0.0,0.0,0.0,0.0,0.0,0.0,0.0,1.0,0.0,0.0,0.0,0.0,0.0,1.0,0.0,6746
-0.23453963323318275,0.7464530322339629,0.6935006823022938,-1.3743541936890307,-0.34691957304730003,1.0861528548001362,-1.6448938420817,0.0,0.0,0.0,0.0,0.0,0.0,0.0,1.0,0.0,0.0,0.0,0.0,0.0,0.0,0.0,1.0,0.0,0.0,0.0,0.0,0.0,0.0,0.0,0.0,0.0,0.0,0.0,0.0,0.0,1.0,0.0,0.0,1.0,0.0,0.0,0.0,2422
-1.642820603721529,0.7164930469947912,0.416874961399903,-1.7888816279643986,-0.6465896888631454,-1.3614761519284349,0.12125275689100051,0.0,0.0,0.0,0.0,0.0,0.0,0.0,0.0,1.0,0.0,0.0,0.0,0.0,0.0,0.0,0.0,0.0,0.0,0.0,0.0,0.0,0.0,0.0,0.0,1.0,0.0,1.0,0.0,0.0,0.0,0.0,0.0,0.0,0.0,0.0,1.0,799
1.0172656738675694,1.04605288462568,-0.08105133622440043,0.11794456970229424,-0.6377758619273851,-0.08870906842957764,1.6156844944832855,0.0,0.0,0.0,0.0,1.0,0.0,0.0,0.0,0.0,0.0,0.0,0.0,0.0,0.0,0.0,0.0,0.0,1.0,0.0,0.0,0.0,0.0,0.0,0.0,0.0,0.0,1.0,0.0,0.0,0.0,0.0,0.0,0.0,0.0,0.0,1.0,4032
-0.8343630095522931,-0.5717863182895919,-0.5974193485755299,-0.4071235137131719,0.23479300471287082,0.9183154371958913,-0.014604673799207216,0.0,0.0,0.0,0.0,0.0,0.0,0.0,0.0,0.0,0.0,1.0,0.0,0.0,0.0,0.0,1.0,0.0,0.0,0.0,0.0,0.0,0.0,0.0,0.0,0.0,0.0,0.0,1.0,0.0,0.0,0.0,0.0,1.0,0.0,0.0,0.0,1516
1.1737413372551635,-0.45194637733290516,0.2140160994048164,-1.6230706542542515,0.3899163587822495,-1.6272187298018217,1.479827063793078,0.0,0.0,0.0,0.0,0.0,0.0,0.0,0.0,0.0,1.0,0.0,0.0,0.0,0.0,0.0,0.0,0.0,0.0,0.0,0.0,0.0,0.0,0.0,0.0,1.0,0.0,0.0,0.0,0.0,1.0,0.0,0.0,0.0,1.0,0.0,0.0,3049
0.18272880246706796,0.7464530322339629,-0.7449530663901383,-1.2776311256914448,0.19072387003407,-0.8020180932476181,1.479827063793078,0.0,0.0,0.0,0.0,0.0,0.0,0.0,1.0,0.0,0.0,0.0,0.0,0.0,0.0,0.0,0.0,0.0,0.0,0.0,0.0,0.0,0.0,1.0,0.0,0.0,0.0,0.0,0.0,1.0,0.0,0.0,1.0,0.0,0.0,0.0,0.0,3987
-0.4170945738520424,-1.5904258164214298,-0.4683273454877475,1.0989928308206651,-0.9550736316147511,-1.22161163725823,-0.9656066886306613,0.0,0.0,0.0,0.0,0.0,0.0,0.0,1.0,0.0,0.0,0.0,0.0,0.0,0.0,0.0,0.0,0.0,0.0,0.0,0.0,0.0,0.0,0.0,0.0,0.0,1.0,0.0,0.0,1.0,0.0,0.0,0.0,0.0,1.0,0.0,0.0,1682
0.7564729015549126,-1.0511460821163392,-1.5563885143704845,0.26993796226992917,-1.0185331855522242,-0.9838419623188832,-0.8297492579404536,0.0,0.0,0.0,0.0,0.0,0.0,1.0,0.0,0.0,0.0,0.0,0.0,0.0,0.0,0.0,0.0,0.0,0.0,0.0,0.0,1.0,0.0,0.0,0.0,0.0,0.0,0.0,0.0,0.0,1.0,0.0,1.0,0.0,0.0,0.0,0.0,1376
0.8607900104799754,-0.6916262592462787,0.12180752577068614,0.9193642759680057,-0.9656502239376631,1.309936078272463,0.8005399103420392,0.0,0.0,0.0,1.0,0.0,0.0,0.0,0.0,0.0,0.0,0.0,0.0,0.0,0.0,0.0,0.0,0.0,0.0,0.0,1.0,0.0,0.0,0.0,0.0,0.0,0.0,0.0,0.0,1.0,0.0,0.0,0.0,1.0,0.0,0.0,0.0,3041
0.9129485649425068,-0.7215862444854505,-0.30235191294631303,-0.5038465817107578,-0.47031315014794217,-1.20762518579121,0.5288250489616237,0.0,0.0,0.0,0.0,0.0,0.0,0.0,0.0,0.0,0.0,1.0,0.0,0.0,0.0,0.0,0.0,0.0,0.0,0.0,0.0,0.0,0.0,0.0,0.0,1.0,0.0,0.0,0.0,0.0,1.0,0.0,1.0,0.0,0.0,0.0,0.0,3348
-0.9908386729398871,-1.470585875464743,1.3574024124680315,0.06267424513224516,0.4427993203968106,-0.7041129329784748,0.9363973410322469,0.0,0.0,0.0,0.0,0.0,0.0,0.0,0.0,0.0,0.0,0.0,0.0,1.0,0.0,0.0,1.0,0.0,0.0,0.0,0.0,0.0,0.0,0.0,0.0,0.0,0.0,0.0,0.0,0.0,0.0,1.0,1.0,0.0,0.0,0.0,0.0,2247
1.199820614486429,-0.12238653970201642,0.2877829583121206,-1.6092530731117392,-0.10894624578177539,0.8204102769267493,0.39296761827141596,0.0,0.0,0.0,0.0,0.0,0.0,1.0,0.0,0.0,0.0,0.0,0.0,0.0,0.0,0.0,0.0,0.0,0.0,0.0,0.0,0.0,0.0,1.0,0.0,0.0,0.0,0.0,1.0,0.0,0.0,0.0,0.0,0.0,1.0,0.0,0.0,1995
-1.1473143363274811,0.11729334221135719,-1.4088547965558762,0.781188464542883,-0.35220786920875635,-0.8999232535167613,-0.014604673799207216,0.0,1.0,0.0,0.0,0.0,0.0,0.0,0.0,0.0,0.0,0.0,0.0,0.0,0.0,0.0,0.0,0.0,0.0,0.0,0.0,0.0,0.0,0.0,1.0,0.0,0.0,0.0,0.0,1.0,0.0,0.0,0.0,0.0,0.0,1.0,0.0,2942
1.6431683274179454,-0.7515462297246222,-0.9293702136583988,-0.3656707702856351,0.15194303151672547,1.2679767238714015,-0.15046210448941494,0.0,0.0,0.0,0.0,0.0,0.0,0.0,0.0,0.0,0.0,1.0,0.0,0.0,0.0,0.0,0.0,0.0,0.0,0.0,0.0,0.0,0.0,0.0,0.0,0.0,1.0,0.0,0.0,1.0,0.0,0.0,1.0,0.0,0.0,0.0,0.0,3914
1.0172656738675694,-1.6203858016606014,1.3205189830143795,-1.1394553142663222,-0.034910099521390354,0.8343967283937693,0.39296761827141596,0.0,0.0,0.0,0.0,1.0,0.0,0.0,0.0,0.0,0.0,0.0,0.0,0.0,0.0,0.0,0.0,0.0,0.0,0.0,0.0,0.0,1.0,0.0,0.0,0.0,0.0,0.0,0.0,0.0,0.0,1.0,0.0,0.0,0.0,0.0,1.0,870
1.0955035055613664,0.8962529584298214,-0.5236524896682256,-0.0340488228653407,0.4939195166242194,0.44277608731719764,0.8005399103420392,0.0,0.0,0.0,0.0,0.0,0.0,0.0,0.0,1.0,0.0,0.0,0.0,0.0,0.0,0.0,0.0,0.0,0.0,0.0,0.0,1.0,0.0,0.0,0.0,0.0,0.0,0.0,0.0,0.0,0.0,1.0,0.0,0.0,1.0,0.0,0.0,1459
0.7303936243236471,0.3270132388855591,-0.08105133622440043,1.2509862233883002,1.7490084722764667,-0.6621535785774145,1.2081122024126625,0.0,0.0,0.0,0.0,0.0,0.0,0.0,1.0,0.0,0.0,0.0,0.0,0.0,0.0,0.0,0.0,0.0,0.0,0.0,0.0,0.0,0.0,0.0,1.0,0.0,0.0,0.0,0.0,1.0,0.0,0.0,1.0,0.0,0.0,0.0,0.0,1314
-1.5385034947964662,-1.0511460821163392,-1.39041308182905,1.4858851028110087,0.6102620321762535,-0.11668197136361785,-0.8297492579404536,0.0,1.0,0.0,0.0,0.0,0.0,0.0,0.0,0.0,0.0,0.0,0.0,0.0,0.0,0.0,1.0,0.0,0.0,0.0,0.0,0.0,0.0,0.0,0.0,0.0,0.0,1.0,0.0,0.0,0.0,0.0,0.0,0.0,0.0,0.0,1.0,977
0.808631456017444,1.2857327665390534,-1.2982045081949198,-1.6921585599668127,0.09906006990216439,1.5896651076128714,0.12125275689100051,0.0,0.0,0.0,0.0,0.0,0.0,0.0,0.0,0.0,0.0,0.0,0.0,0.0,1.0,0.0,0.0,0.0,0.0,1.0,0.0,0.0,0.0,0.0,0.0,0.0,0.0,0.0,0.0,0.0,0.0,1.0,1.0,0.0,0.0,0.0,0.0,3454
-1.1212350590962155,-0.6916262592462787,-0.7818364958437903,-0.5176641628532701,1.3241820139728275,-0.25654648603382263,-1.6448938420817,1.0,0.0,0.0,0.0,0.0,0.0,0.0,0.0,0.0,0.0,0.0,0.0,0.0,0.0,1.0,0.0,0.0,0.0,0.0,0.0,0.0,0.0,0.0,0.0,0.0,0.0,1.0,0.0,0.0,0.0,0.0,0.0,0.0,1.0,0.0,0.0,1020
-0.07806396984558873,-0.33210643637621834,-0.9478119283852249,0.43574893598007636,-0.5267216425368073,1.5616922046788297,-1.5090364113914922,0.0,0.0,0.0,1.0,0.0,0.0,0.0,0.0,0.0,0.0,0.0,0.0,0.0,0.0,0.0,0.0,0.0,0.0,0.0,0.0,1.0,0.0,0.0,0.0,0.0,0.0,0.0,0.0,0.0,0.0,1.0,1.0,0.0,0.0,0.0,0.0,2345
-0.9647593957086215,0.5067731503205893,0.12180752577068614,-0.4209410948556842,-1.226539501236164,-1.2495845401922714,-0.28631953517962266,0.0,0.0,0.0,0.0,0.0,0.0,0.0,0.0,0.0,1.0,0.0,0.0,0.0,0.0,0.0,0.0,0.0,1.0,0.0,0.0,0.0,0.0,0.0,0.0,0.0,0.0,0.0,0.0,0.0,1.0,0.0,0.0,0.0,0.0,1.0,0.0,3436
1.199820614486429,1.2557727812998818,-0.13637648040487857,-0.8078333668460277,-0.19708451513937703,-0.42438390363806766,-1.6448938420817,0.0,0.0,0.0,0.0,1.0,0.0,0.0,0.0,0.0,0.0,0.0,0.0,0.0,0.0,0.0,0.0,0.0,1.0,0.0,0.0,0.0,0.0,0.0,0.0,0.0,0.0,0.0,0.0,0.0,0.0,1.0,0.0,0.0,1.0,0.0,0.0,3337
-1.1733936135587468,-0.7215862444854505,0.1033658110438601,0.933181857110518,1.0826831559329981,-0.45235680657210786,-1.3731789807012846,0.0,0.0,0.0,0.0,0.0,0.0,0.0,0.0,1.0,0.0,0.0,0.0,0.0,0.0,0.0,0.0,1.0,0.0,0.0,0.0,0.0,0.0,0.0,0.0,0.0,0.0,0.0,0.0,0.0,1.0,0.0,0.0,0.0,0.0,0.0,1.0,1062
-0.9647593957086215,0.2071732979288723,1.2467521241070754,1.2648038045308123,0.7371811400511997,0.5266947961193208,-1.5090364113914922,0.0,0.0,0.0,0.0,0.0,1.0,0.0,0.0,0.0,0.0,0.0,0.0,0.0,0.0,0.0,0.0,0.0,1.0,0.0,0.0,0.0,0.0,0.0,0.0,0.0,0.0,1.0,0.0,0.0,0.0,0.0,0.0,0.0,0.0,0.0,1.0,1158
-1.3559485541776066,0.8662929731906497,-0.37611877185361725,-1.1947256388363712,1.1849235483878158,0.554667699053361,0.25711018758120824,0.0,0.0,0.0,0.0,0.0,0.0,0.0,0.0,0.0,0.0,0.0,0.0,0.0,1.0,0.0,0.0,1.0,0.0,0.0,0.0,0.0,0.0,0.0,0.0,0.0,0.0,0.0,0.0,0.0,1.0,0.0,0.0,1.0,0.0,0.0,0.0,1206
1.6953268818804768,-1.4406258902255713,-1.4826216554631804,-1.3605366125465184,-0.8228662275783487,-0.8859368020497411,-0.28631953517962266,0.0,0.0,0.0,0.0,0.0,0.0,0.0,1.0,0.0,0.0,0.0,0.0,0.0,0.0,0.0,0.0,0.0,1.0,0.0,0.0,0.0,0.0,0.0,0.0,0.0,0.0,0.0,0.0,0.0,1.0,0.0,1.0,0.0,0.0,0.0,0.0,3329
1.0694242283301008,-0.33210643637621834,-0.17325990985853068,0.5048368416926378,0.8270821747959543,-0.45235680657210786,-1.2373215500110768,0.0,0.0,0.0,0.0,0.0,0.0,0.0,0.0,0.0,0.0,0.0,0.0,1.0,0.0,0.0,0.0,0.0,0.0,1.0,0.0,0.0,0.0,0.0,0.0,0.0,0.0,0.0,0.0,1.0,0.0,0.0,0.0,0.0,1.0,0.0,0.0,2838
1.199820614486429,-0.48190636257207686,-0.634302778029182,-0.5591169062808069,0.7988779286015211,-0.004790359627454505,1.34396963310287,0.0,0.0,0.0,0.0,0.0,0.0,0.0,1.0,0.0,0.0,0.0,0.0,0.0,0.0,0.0,0.0,0.0,0.0,0.0,1.0,0.0,0.0,0.0,0.0,0.0,0.0,0.0,0.0,0.0,0.0,1.0,1.0,0.0,0.0,0.0,0.0,4059
-1.642820603721529,-0.9013461559204806,-1.740805661638745,-0.006413660580316168,0.9892565904139403,0.3029115726469941,1.6156844944832855,1.0,0.0,0.0,0.0,0.0,0.0,0.0,0.0,0.0,0.0,0.0,0.0,0.0,0.0,0.0,0.0,0.0,0.0,1.0,0.0,0.0,0.0,0.0,0.0,0.0,0.0,1.0,0.0,0.0,0.0,0.0,0.0,0.0,0.0,0.0,1.0,1223
0.7564729015549126,0.237133283168044,-1.2613210787412676,-1.401989355974055,0.40930677804092175,-0.6062077727093328,0.5288250489616237,0.0,0.0,0.0,0.0,0.0,0.0,0.0,0.0,0.0,0.0,0.0,0.0,0.0,1.0,0.0,0.0,0.0,0.0,0.0,1.0,0.0,0.0,0.0,0.0,0.0,0.0,0.0,1.0,0.0,0.0,0.0,0.0,1.0,0.0,0.0,0.0,4325
-0.6778873461646991,1.6152926041699422,-0.19170162458535672,-1.2638135445489325,-1.0396863701980488,0.19101996091083073,0.39296761827141596,0.0,0.0,1.0,0.0,0.0,0.0,0.0,0.0,0.0,0.0,0.0,0.0,0.0,0.0,1.0,0.0,0.0,0.0,0.0,0.0,0.0,0.0,0.0,0.0,0.0,0.0,1.0,0.0,0.0,0.0,0.0,0.0,0.0,0.0,0.0,1.0,1747
-0.7300459006272305,-0.24222648065870322,1.6524698480972484,0.21466763769988012,0.9328480980250752,1.156085112135238,1.6156844944832855,0.0,0.0,0.0,0.0,0.0,0.0,0.0,0.0,0.0,1.0,0.0,0.0,0.0,0.0,0.0,0.0,0.0,1.0,0.0,0.0,0.0,0.0,0.0,0.0,0.0,0.0,0.0,0.0,1.0,0.0,0.0,0.0,1.0,0.0,0.0,0.0,4643
-0.49533240554583946,-0.30214645113704663,-1.1137873609266593,1.610243333093619,-0.664217342734666,1.491759947343728,0.25711018758120824,0.0,0.0,0.0,0.0,1.0,0.0,0.0,0.0,0.0,0.0,0.0,0.0,0.0,0.0,0.0,0.0,0.0,0.0,0.0,0.0,0.0,0.0,0.0,0.0,0.0,1.0,0.0,0.0,0.0,0.0,1.0,1.0,0.0,0.0,0.0,0.0,5042
-0.2606189104644484,-0.30214645113704663,-0.9293702136583988,-0.47621141942573325,0.8006406939886728,1.491759947343728,0.39296761827141596,1.0,0.0,0.0,0.0,0.0,0.0,0.0,0.0,0.0,0.0,0.0,0.0,0.0,0.0,0.0,0.0,0.0,1.0,0.0,0.0,0.0,0.0,0.0,0.0,0.0,0.0,0.0,1.0,0.0,0.0,0.0,1.0,0.0,0.0,0.0,0.0,1845
-1.2255521680212782,0.9561729289081649,1.117660121019293,0.14557973198731877,-1.289999055173637,-1.6551916327358633,0.39296761827141596,1.0,0.0,0.0,0.0,0.0,0.0,0.0,0.0,0.0,0.0,0.0,0.0,0.0,0.0,1.0,0.0,0.0,0.0,0.0,0.0,0.0,0.0,0.0,0.0,0.0,0.0,0.0,1.0,0.0,0.0,0.0,0.0,1.0,0.0,0.0,0.0,2091
-1.3037899997150753,-1.2608659787905412,0.7303841117559459,1.085175249678153,1.674972326016081,1.4358141414756465,-0.28631953517962266,0.0,0.0,0.0,0.0,0.0,0.0,0.0,0.0,1.0,0.0,0.0,0.0,0.0,0.0,0.0,0.0,0.0,0.0,0.0,0.0,0.0,1.0,0.0,0.0,0.0,0.0,0.0,0.0,1.0,0.0,0.0,1.0,0.0,0.0,0.0,0.0,3206
-1.382027831408872,0.6565730765164478,0.15869095522433824,-0.8216509479885399,-0.6007577887971923,1.2539902724043812,-1.1014641193208692,0.0,0.0,0.0,0.0,0.0,0.0,0.0,1.0,0.0,0.0,0.0,0.0,0.0,0.0,0.0,0.0,0.0,0.0,1.0,0.0,0.0,0.0,0.0,0.0,0.0,0.0,0.0,0.0,0.0,1.0,0.0,0.0,0.0,0.0,1.0,0.0,1630
0.808631456017444,0.5067731503205893,0.3062246730389467,-0.9874619216986872,1.6026989451428484,-0.10269551989659774,1.479827063793078,0.0,0.0,0.0,0.0,0.0,0.0,0.0,0.0,0.0,0.0,0.0,1.0,0.0,0.0,0.0,0.0,0.0,0.0,0.0,0.0,0.0,0.0,0.0,0.0,1.0,0.0,0.0,0.0,0.0,0.0,1.0,0.0,0.0,0.0,0.0,1.0,3059
-1.0169179501711527,-0.03250658398450132,-0.26546848349266094,0.5048368416926378,-1.7324531673487975,0.4707489902512391,-1.5090364113914922,0.0,0.0,0.0,0.0,0.0,0.0,1.0,0.0,0.0,0.0,0.0,0.0,0.0,0.0,0.0,0.0,0.0,1.0,0.0,0.0,0.0,0.0,0.0,0.0,0.0,0.0,0.0,0.0,0.0,1.0,0.0,0.0,1.0,0.0,0.0,0.0,2438
0.7825521787861783,0.6266130912772762,1.5971447039167703,1.0437225062506161,1.3559117909415639,1.309936078272463,1.6156844944832855,0.0,0.0,0.0,0.0,0.0,0.0,0.0,0.0,1.0,0.0,0.0,0.0,0.0,0.0,0.0,0.0,0.0,0.0,0.0,0.0,1.0,0.0,0.0,0.0,0.0,0.0,0.0,0.0,1.0,0.0,0.0,0.0,0.0,0.0,0.0,1.0,2755
-0.6257287917021678,-1.1110660525946825,-1.722363946911919,1.499702683953521,0.02502392364177872,0.4847354417182592,0.8005399103420392,0.0,0.0,1.0,0.0,0.0,0.0,0.0,0.0,0.0,0.0,0.0,0.0,0.0,0.0,0.0,0.0,0.0,0.0,0.0,0.0,0.0,0.0,0.0,0.0,0.0,1.0,0.0,0.0,0.0,1.0,0.0,0.0,0.0,0.0,1.0,0.0,3126
-1.4081071086401378,-1.2309059935513693,-1.740805661638745,1.610243333093619,0.09906006990216439,-0.17262777723169953,-0.8297492579404536,0.0,0.0,0.0,0.0,0.0,0.0,0.0,0.0,0.0,0.0,0.0,0.0,1.0,0.0,0.0,0.0,0.0,0.0,0.0,0.0,0.0,0.0,0.0,0.0,0.0,1.0,0.0,0.0,0.0,0.0,1.0,0.0,1.0,0.0,0.0,0.0,1854
-0.6778873461646991,-1.3807059197472278,0.12180752577068614,0.4633840982651009,-0.2693578960126104,-1.403435506329495,-1.6448938420817,1.0,0.0,0.0,0.0,0.0,0.0,0.0,0.0,0.0,0.0,0.0,0.0,0.0,0.0,0.0,0.0,0.0,0.0,0.0,0.0,0.0,0.0,0.0,0.0,1.0,0.0,0.0,0.0,1.0,0.0,0.0,0.0,1.0,0.0,0.0,0.0,51066
-1.0429972274024184,1.4355326927349121,-0.025726192043922267,-1.5678003296842025,0.5538535397873885,-1.5433000209996999,-0.8297492579404536,0.0,0.0,0.0,0.0,0.0,0.0,0.0,0.0,0.0,0.0,0.0,1.0,0.0,0.0,0.0,0.0,0.0,0.0,0.0,0.0,0.0,0.0,0.0,0.0,1.0,0.0,0.0,0.0,0.0,0.0,1.0,0.0,0.0,1.0,0.0,0.0,1911
-1.5385034947964662,0.4468531798422459,-1.1506707903803115,-1.6368882353967638,-1.700723390380061,-0.10269551989659774,-0.5580343965600382,0.0,0.0,0.0,1.0,0.0,0.0,0.0,0.0,0.0,0.0,0.0,0.0,0.0,0.0,0.0,0.0,0.0,0.0,1.0,0.0,0.0,0.0,0.0,0.0,0.0,0.0,0.0,0.0,0.0,1.0,0.0,0.0,0.0,0.0,0.0,1.0,2504
-1.4863449403339348,-0.27218646589787493,0.1771326699511643,-0.43475867599819645,0.30706638558610416,1.1141257577341777,-0.28631953517962266,0.0,0.0,0.0,0.0,0.0,0.0,0.0,1.0,0.0,0.0,0.0,0.0,0.0,0.0,0.0,0.0,0.0,0.0,0.0,0.0,0.0,1.0,0.0,0.0,0.0,0.0,1.0,0.0,0.0,0.0,0.0,0.0,0.0,0.0,0.0,1.0,1336
0.808631456017444,0.8662929731906497,0.6197338233949895,1.085175249678153,0.1290270814837486,0.14906060650976916,-0.4221769658698304,1.0,0.0,0.0,0.0,0.0,0.0,0.0,0.0,0.0,0.0,0.0,0.0,0.0,0.0,0.0,1.0,0.0,0.0,0.0,0.0,0.0,0.0,0.0,0.0,0.0,0.0,0.0,0.0,0.0,1.0,0.0,0.0,0.0,0.0,0.0,1.0,1814
-0.13022252430812006,0.02741338649384208,-0.007284477317096217,0.5877423285477114,-0.6166226772815612,-1.4174219577965164,-1.3731789807012846,0.0,0.0,0.0,0.0,0.0,0.0,0.0,0.0,0.0,0.0,1.0,0.0,0.0,0.0,0.0,1.0,0.0,0.0,0.0,0.0,0.0,0.0,0.0,0.0,0.0,0.0,1.0,0.0,0.0,0.0,0.0,1.0,0.0,0.0,0.0,0.0,3040
-1.642820603721529,-0.30214645113704663,1.2836355535607273,-0.7940157857035154,1.0879714520944546,0.13507415504274906,-1.1014641193208692,0.0,0.0,0.0,0.0,0.0,0.0,0.0,0.0,0.0,0.0,1.0,0.0,0.0,0.0,0.0,0.0,0.0,0.0,0.0,0.0,0.0,1.0,0.0,0.0,0.0,0.0,0.0,0.0,0.0,1.0,0.0,0.0,0.0,0.0,1.0,0.0,2358
1.199820614486429,0.536733135559761,-0.13637648040487857,-0.3656707702856351,-1.0396863701980488,1.5477057532118097,1.2081122024126625,0.0,0.0,0.0,0.0,0.0,0.0,0.0,1.0,0.0,0.0,0.0,0.0,0.0,0.0,0.0,0.0,1.0,0.0,0.0,0.0,0.0,0.0,0.0,0.0,0.0,0.0,1.0,0.0,0.0,0.0,0.0,1.0,0.0,0.0,0.0,0.0,3315
-0.5996495144709021,-1.170986023073026,-1.335087937648572,-0.26894770228804926,-1.0132448893907684,-1.053774219653985,0.25711018758120824,0.0,0.0,0.0,0.0,0.0,0.0,1.0,0.0,0.0,0.0,0.0,0.0,0.0,0.0,0.0,0.0,0.0,0.0,0.0,0.0,0.0,0.0,0.0,0.0,0.0,1.0,0.0,0.0,0.0,0.0,1.0,1.0,0.0,0.0,0.0,0.0,5485
-1.4863449403339348,0.05737337173301378,-1.5563885143704845,-1.7197937222518374,-1.3129150052066139,1.0441935003990759,1.2081122024126625,0.0,0.0,0.0,0.0,0.0,0.0,0.0,0.0,0.0,0.0,0.0,0.0,1.0,0.0,0.0,0.0,0.0,1.0,0.0,0.0,0.0,0.0,0.0,0.0,0.0,0.0,1.0,0.0,0.0,0.0,0.0,1.0,0.0,0.0,0.0,0.0,2034
0.495680129242256,0.9262129436689931,0.08492409631703404,0.7950060456853953,1.304791594714154,-1.4593813121975767,-1.6448938420817,0.0,0.0,1.0,0.0,0.0,0.0,0.0,0.0,0.0,0.0,0.0,0.0,0.0,0.0,1.0,0.0,0.0,0.0,0.0,0.0,0.0,0.0,0.0,0.0,0.0,0.0,0.0,1.0,0.0,0.0,0.0,0.0,0.0,0.0,0.0,1.0,1415
0.07841169354200529,1.6152926041699422,-0.9478119283852249,0.9746346005380548,-0.10894624578177539,1.1980444665362997,0.39296761827141596,0.0,0.0,0.0,0.0,0.0,0.0,0.0,0.0,0.0,0.0,0.0,0.0,1.0,0.0,0.0,0.0,0.0,0.0,0.0,0.0,1.0,0.0,0.0,0.0,0.0,0.0,1.0,0.0,0.0,0.0,0.0,1.0,0.0,0.0,0.0,0.0,2503
-1.5645827720277319,-1.170986023073026,1.6709115628240745,0.007403920562196099,-0.38041211540318826,-1.0677606711210064,-1.3731789807012846,0.0,0.0,0.0,0.0,0.0,0.0,0.0,1.0,0.0,0.0,0.0,0.0,0.0,0.0,0.0,0.0,0.0,0.0,0.0,0.0,0.0,0.0,0.0,1.0,0.0,0.0,0.0,1.0,0.0,0.0,0.0,0.0,1.0,0.0,0.0,0.0,1109
-0.10414324707685439,-1.2309059935513693,-1.39041308182905,0.8779115325404689,0.6525684014679027,-0.42438390363806766,-1.6448938420817,0.0,0.0,1.0,0.0,0.0,0.0,0.0,0.0,0.0,0.0,0.0,0.0,0.0,0.0,0.0,1.0,0.0,0.0,0.0,0.0,0.0,0.0,0.0,0.0,0.0,0.0,1.0,0.0,0.0,0.0,0.0,0.0,0.0,0.0,1.0,0.0,1105
0.18272880246706796,0.7764130174731346,0.4722001055803811,-1.0565498274112486,-1.1630799472986908,-1.4314084092635366,-1.3731789807012846,0.0,0.0,0.0,0.0,0.0,0.0,0.0,0.0,0.0,0.0,0.0,1.0,0.0,0.0,0.0,0.0,0.0,0.0,0.0,0.0,0.0,0.0,0.0,0.0,1.0,0.0,0.0,0.0,0.0,1.0,0.0,0.0,0.0,0.0,1.0,0.0,3532
0.8607900104799754,-0.36206642161539004,1.486494415555814,0.9055466948254934,-1.0132448893907684,-0.7460722873795363,-1.3731789807012846,0.0,0.0,1.0,0.0,0.0,0.0,0.0,0.0,0.0,0.0,0.0,0.0,0.0,0.0,0.0,0.0,0.0,0.0,0.0,1.0,0.0,0.0,0.0,0.0,0.0,0.0,0.0,0.0,0.0,1.0,0.0,0.0,0.0,0.0,1.0,0.0,1828
0.7825521787861783,-1.0511460821163392,1.3942858419216837,-0.7387454611334663,1.0298001943184378,0.8064238254597279,-1.2373215500110768,1.0,0.0,0.0,0.0,0.0,0.0,0.0,0.0,0.0,0.0,0.0,0.0,0.0,0.0,1.0,0.0,0.0,0.0,0.0,0.0,0.0,0.0,0.0,0.0,0.0,0.0,0.0,0.0,1.0,0.0,0.0,0.0,1.0,0.0,0.0,0.0,2603
-0.49533240554583946,0.3569732241247308,-0.652744492756008,-1.5401651673991779,0.39344188955655346,1.4498005929426665,0.39296761827141596,0.0,0.0,0.0,0.0,0.0,1.0,0.0,0.0,0.0,0.0,0.0,0.0,0.0,0.0,0.0,0.0,0.0,0.0,0.0,0.0,0.0,0.0,0.0,1.0,0.0,0.0,0.0,0.0,0.0,0.0,1.0,0.0,0.0,0.0,1.0,0.0,2118
-0.7039666233959648,1.735132545126629,0.04804066686338194,-1.2638135445489325,1.354149025554411,1.729529622283075,-1.6448938420817,0.0,0.0,0.0,0.0,0.0,0.0,0.0,0.0,0.0,0.0,0.0,1.0,0.0,0.0,0.0,0.0,0.0,0.0,0.0,0.0,0.0,0.0,0.0,0.0,1.0,0.0,0.0,1.0,0.0,0.0,0.0,0.0,0.0,0.0,0.0,1.0,2067
0.07841169354200529,-1.5904258164214298,-0.4498856307609215,0.8640939513979566,-1.2776596974635734,1.323922529739483,-0.014604673799207216,0.0,0.0,0.0,1.0,0.0,0.0,0.0,0.0,0.0,0.0,0.0,0.0,0.0,0.0,0.0,0.0,0.0,0.0,0.0,1.0,0.0,0.0,0.0,0.0,0.0,0.0,0.0,0.0,0.0,1.0,0.0,0.0,1.0,0.0,0.0,0.0,40649
-0.05198469261432306,-1.0511460821163392,-0.24702676876583488,0.6430126531177603,-1.1683682434601472,-1.053774219653985,-0.28631953517962266,0.0,0.0,0.0,0.0,0.0,0.0,0.0,0.0,0.0,0.0,0.0,1.0,0.0,0.0,0.0,0.0,0.0,0.0,0.0,1.0,0.0,0.0,0.0,0.0,0.0,0.0,0.0,0.0,0.0,1.0,0.0,0.0,0.0,1.0,0.0,0.0,2717
0.10449097077327096,1.4654926779740838,0.9148012590242064,0.22848521884239237,-0.6148599118944089,0.5266947961193208,-1.1014641193208692,0.0,0.0,0.0,0.0,0.0,1.0,0.0,0.0,0.0,0.0,0.0,0.0,0.0,0.0,0.0,1.0,0.0,0.0,0.0,0.0,0.0,0.0,0.0,0.0,0.0,0.0,0.0,1.0,0.0,0.0,0.0,0.0,0.0,0.0,0.0,1.0,1545
1.3041377234114917,0.9262129436689931,-1.5563885143704845,-0.6005696497083437,-0.7206258351235311,-0.5642484183082712,0.5288250489616237,1.0,0.0,0.0,0.0,0.0,0.0,0.0,0.0,0.0,0.0,0.0,0.0,0.0,0.0,0.0,0.0,0.0,0.0,0.0,0.0,0.0,1.0,0.0,0.0,0.0,0.0,0.0,0.0,0.0,0.0,1.0,0.0,0.0,0.0,0.0,1.0,2331
0.65215579262985,-1.1410260378338544,-1.371971367102224,-0.5591169062808069,-0.16711750355779278,0.5127083446522994,-1.6448938420817,0.0,0.0,0.0,0.0,0.0,0.0,0.0,0.0,0.0,0.0,0.0,1.0,0.0,0.0,1.0,0.0,0.0,0.0,0.0,0.0,0.0,0.0,0.0,0.0,0.0,0.0,0.0,0.0,1.0,0.0,0.0,1.0,0.0,0.0,0.0,0.0,3202
-1.0169179501711527,0.4168931946030742,0.9332429737510324,-1.0565498274112486,-0.8070013390939804,-0.8439774476486795,1.0722547717224546,0.0,0.0,0.0,0.0,0.0,0.0,0.0,0.0,1.0,0.0,0.0,0.0,0.0,0.0,0.0,0.0,0.0,0.0,0.0,0.0,0.0,0.0,1.0,0.0,0.0,0.0,0.0,0.0,0.0,0.0,1.0,0.0,0.0,1.0,0.0,0.0,2346
1.3041377234114917,0.2670932684072157,1.2098686946534232,-0.8078333668460277,1.6009361797556954,-0.08870906842957764,1.34396963310287,0.0,0.0,1.0,0.0,0.0,0.0,0.0,0.0,0.0,0.0,0.0,0.0,0.0,0.0,0.0,0.0,0.0,0.0,0.0,0.0,0.0,1.0,0.0,0.0,0.0,0.0,0.0,0.0,0.0,1.0,0.0,0.0,1.0,0.0,0.0,0.0,1558
1.6953268818804768,0.6266130912772762,-0.7265113516633123,-1.2223608011213958,1.611512772078608,-1.1376929284561081,-0.5580343965600382,0.0,0.0,1.0,0.0,0.0,0.0,0.0,0.0,0.0,0.0,0.0,0.0,0.0,0.0,0.0,0.0,0.0,0.0,0.0,0.0,0.0,0.0,0.0,1.0,0.0,0.0,1.0,0.0,0.0,0.0,0.0,0.0,0.0,0.0,0.0,1.0,3629
1.0172656738675694,0.237133283168044,-0.06260962149757437,1.4720675216684964,-1.0308725432622885,-1.6272187298018217,-1.3731789807012846,0.0,1.0,0.0,0.0,0.0,0.0,0.0,0.0,0.0,0.0,0.0,0.0,0.0,0.0,0.0,0.0,0.0,0.0,0.0,0.0,0.0,1.0,0.0,0.0,0.0,0.0,0.0,0.0,0.0,1.0,0.0,0.0,1.0,0.0,0.0,0.0,1790
1.3041377234114917,-1.2309059935513693,-1.2982045081949198,0.6291950719752482,-0.5267216425368073,-0.7880316417805979,-0.014604673799207216,0.0,0.0,0.0,0.0,0.0,0.0,0.0,1.0,0.0,0.0,0.0,0.0,0.0,0.0,0.0,0.0,0.0,0.0,0.0,1.0,0.0,0.0,0.0,0.0,0.0,0.0,0.0,1.0,0.0,0.0,0.0,0.0,0.0,0.0,1.0,0.0,1897
0.808631456017444,1.7650925303658007,0.6935006823022938,-1.4572596805441043,1.6414797836601929,1.5477057532118097,0.5288250489616237,0.0,0.0,0.0,1.0,0.0,0.0,0.0,0.0,0.0,0.0,0.0,0.0,0.0,0.0,0.0,0.0,0.0,0.0,0.0,0.0,0.0,0.0,0.0,0.0,0.0,1.0,1.0,0.0,0.0,0.0,0.0,1.0,0.0,0.0,0.0,0.0,1201
-1.329869276946341,-0.5118663478112485,0.49064182030720715,-1.1532728954088343,0.4921567512370677,0.8204102769267493,-1.5090364113914922,0.0,0.0,0.0,0.0,0.0,0.0,0.0,0.0,0.0,0.0,0.0,0.0,1.0,0.0,0.0,1.0,0.0,0.0,0.0,0.0,0.0,0.0,0.0,0.0,0.0,0.0,0.0,1.0,0.0,0.0,0.0,0.0,0.0,0.0,0.0,1.0,1718
-0.8343630095522931,1.0160928993865082,-0.5420942043950517,1.0022697628230794,-1.5262096170520094,-1.3474897004614146,-0.5580343965600382,0.0,0.0,0.0,0.0,0.0,0.0,0.0,1.0,0.0,0.0,0.0,0.0,0.0,0.0,0.0,0.0,0.0,0.0,0.0,0.0,0.0,1.0,0.0,0.0,0.0,0.0,0.0,0.0,1.0,0.0,0.0,1.0,0.0,0.0,0.0,0.0,1912
-0.9126008412460902,1.2557727812998818,-1.5563885143704845,1.3891620348134228,1.3682511486516282,1.156085112135238,1.6156844944832855,0.0,0.0,1.0,0.0,0.0,0.0,0.0,0.0,0.0,0.0,0.0,0.0,0.0,0.0,1.0,0.0,0.0,0.0,0.0,0.0,0.0,0.0,0.0,0.0,0.0,0.0,0.0,0.0,0.0,0.0,1.0,0.0,0.0,1.0,0.0,0.0,826
1.0172656738675694,-1.0511460821163392,-0.11793476567805253,1.4858851028110087,-1.265320339753509,-0.536275515374231,0.8005399103420392,0.0,0.0,0.0,0.0,1.0,0.0,0.0,0.0,0.0,0.0,0.0,0.0,0.0,0.0,0.0,0.0,0.0,0.0,0.0,0.0,1.0,0.0,0.0,0.0,0.0,0.0,0.0,0.0,1.0,0.0,0.0,1.0,0.0,0.0,0.0,0.0,1263
0.9911863966363037,1.0160928993865082,-0.5605359191218777,0.3804786114100273,0.8817279017976664,-0.03276326256149596,-0.5580343965600382,0.0,0.0,0.0,0.0,0.0,0.0,0.0,0.0,0.0,0.0,0.0,0.0,0.0,1.0,0.0,0.0,0.0,0.0,0.0,0.0,0.0,0.0,0.0,1.0,0.0,0.0,0.0,0.0,1.0,0.0,0.0,1.0,0.0,0.0,0.0,0.0,4630
1.2258998917176946,-0.33210643637621834,-0.7449530663901383,-1.5678003296842025,0.6261269206606218,-0.7180993844454961,1.2081122024126625,0.0,0.0,0.0,0.0,0.0,1.0,0.0,0.0,0.0,0.0,0.0,0.0,0.0,0.0,0.0,0.0,0.0,0.0,0.0,0.0,0.0,1.0,0.0,0.0,0.0,0.0,0.0,0.0,0.0,0.0,1.0,1.0,0.0,0.0,0.0,0.0,3472
0.2348873569295993,0.6565730765164478,1.4496109861021618,1.3753444536709105,-1.5808553440537227,1.156085112135238,0.9363973410322469,0.0,0.0,0.0,0.0,0.0,0.0,1.0,0.0,0.0,0.0,0.0,0.0,0.0,0.0,0.0,0.0,0.0,0.0,0.0,0.0,0.0,1.0,0.0,0.0,0.0,0.0,1.0,0.0,0.0,0.0,0.0,0.0,0.0,0.0,1.0,0.0,3090
-1.0169179501711527,-0.33210643637621834,0.45375839085355507,1.2509862233883002,-0.28346001910982693,-1.6971509871369248,-0.8297492579404536,1.0,0.0,0.0,0.0,0.0,0.0,0.0,0.0,0.0,0.0,0.0,0.0,0.0,0.0,0.0,0.0,0.0,0.0,0.0,0.0,1.0,0.0,0.0,0.0,0.0,0.0,0.0,0.0,1.0,0.0,0.0,0.0,0.0,1.0,0.0,0.0,3638
-1.2255521680212782,0.4768131650814176,-0.5974193485755299,-1.4572596805441043,-1.2283022666233163,1.2819631753384226,0.9363973410322469,0.0,0.0,0.0,0.0,0.0,0.0,1.0,0.0,0.0,0.0,0.0,0.0,0.0,0.0,0.0,0.0,0.0,1.0,0.0,0.0,0.0,0.0,0.0,0.0,0.0,0.0,0.0,0.0,0.0,0.0,1.0,0.0,0.0,1.0,0.0,0.0,1540
0.36528374308592765,-1.6203858016606014,-0.7449530663901383,-0.9736443405561749,-1.3569841398854148,-1.3195167975273732,-1.1014641193208692,0.0,1.0,0.0,0.0,0.0,0.0,0.0,0.0,0.0,0.0,0.0,0.0,0.0,0.0,0.0,0.0,1.0,0.0,0.0,0.0,0.0,0.0,0.0,0.0,0.0,0.0,0.0,1.0,0.0,0.0,0.0,1.0,0.0,0.0,0.0,0.0,1731
-1.4863449403339348,-1.3507459345080561,0.15869095522433824,-1.6921585599668127,1.5127979103980937,-1.1936387343241897,-1.1014641193208692,0.0,0.0,0.0,0.0,0.0,0.0,0.0,0.0,0.0,0.0,1.0,0.0,0.0,0.0,0.0,1.0,0.0,0.0,0.0,0.0,0.0,0.0,0.0,0.0,0.0,0.0,0.0,0.0,0.0,0.0,1.0,0.0,1.0,0.0,0.0,0.0,1888
1.6953268818804768,-0.9313061411596524,-0.41300220130726933,1.3891620348134228,1.7084648683719705,-1.22161163725823,1.479827063793078,0.0,0.0,0.0,0.0,0.0,0.0,1.0,0.0,0.0,0.0,0.0,0.0,0.0,0.0,0.0,0.0,0.0,0.0,0.0,0.0,1.0,0.0,0.0,0.0,0.0,0.0,0.0,0.0,0.0,1.0,0.0,1.0,0.0,0.0,0.0,0.0,1079
-0.49533240554583946,0.3569732241247308,1.2836355535607273,0.7121005588303218,1.6873116837261453,1.3798683356075647,-1.2373215500110768,0.0,0.0,0.0,0.0,0.0,0.0,0.0,0.0,0.0,0.0,0.0,1.0,0.0,0.0,0.0,0.0,0.0,0.0,0.0,0.0,0.0,0.0,0.0,0.0,0.0,1.0,0.0,0.0,0.0,0.0,1.0,1.0,0.0,0.0,0.0,0.0,1203
-1.4081071086401378,-0.9313061411596524,-1.722363946911919,0.5601071662626868,1.4740170718807493,-0.03276326256149596,-1.3731789807012846,0.0,1.0,0.0,0.0,0.0,0.0,0.0,0.0,0.0,0.0,0.0,0.0,0.0,0.0,0.0,0.0,0.0,0.0,0.0,0.0,0.0,0.0,1.0,0.0,0.0,0.0,0.0,0.0,1.0,0.0,0.0,0.0,0.0,1.0,0.0,0.0,1365
-1.1733936135587468,-0.9912261116379958,-1.0953456461998332,0.988452181680567,-0.02962180335993406,-1.3055303460603531,0.6646824796518315,0.0,0.0,0.0,0.0,1.0,0.0,0.0,0.0,0.0,0.0,0.0,0.0,0.0,0.0,0.0,0.0,0.0,0.0,0.0,1.0,0.0,0.0,0.0,0.0,0.0,0.0,1.0,0.0,0.0,0.0,0.0,0.0,0.0,0.0,0.0,1.0,1737
-0.05198469261432306,0.6266130912772762,-0.9109284989315728,-0.9460091782711504,1.7772127184708986,-1.6132322783348017,-1.5090364113914922,0.0,0.0,0.0,0.0,0.0,0.0,0.0,0.0,0.0,1.0,0.0,0.0,0.0,0.0,0.0,0.0,0.0,0.0,0.0,1.0,0.0,0.0,0.0,0.0,0.0,0.0,1.0,0.0,0.0,0.0,0.0,1.0,0.0,0.0,0.0,0.0,2005
1.0694242283301008,0.4468531798422459,-0.5420942043950517,0.8364587891129321,-0.07897923420019116,0.13507415504274906,0.6646824796518315,0.0,0.0,0.0,0.0,0.0,0.0,0.0,0.0,0.0,0.0,0.0,1.0,0.0,0.0,0.0,0.0,0.0,0.0,0.0,0.0,0.0,0.0,0.0,0.0,0.0,1.0,0.0,0.0,0.0,0.0,1.0,1.0,0.0,0.0,0.0,0.0,1135
0.46960085201099033,-1.0811060673555108,-1.6117136585509626,0.6568302342602726,0.27886213939167165,-1.5712729239337402,1.2081122024126625,0.0,0.0,0.0,0.0,0.0,0.0,1.0,0.0,0.0,0.0,0.0,0.0,0.0,0.0,1.0,0.0,0.0,0.0,0.0,0.0,0.0,0.0,0.0,0.0,0.0,0.0,0.0,0.0,1.0,0.0,0.0,0.0,0.0,0.0,1.0,0.0,3684
0.8607900104799754,1.2857327665390534,0.1033658110438601,-1.5539827485416902,0.5432769474644765,-0.48032970950614934,1.6156844944832855,0.0,0.0,1.0,0.0,0.0,0.0,0.0,0.0,0.0,0.0,0.0,0.0,0.0,0.0,0.0,0.0,0.0,0.0,0.0,0.0,1.0,0.0,0.0,0.0,0.0,0.0,0.0,0.0,0.0,0.0,1.0,0.0,0.0,0.0,1.0,0.0,1270
-0.7300459006272305,-0.48190636257207686,-0.33923534239996517,0.40811377369505186,0.46571527042978683,0.6665593107895244,1.6156844944832855,0.0,0.0,0.0,0.0,0.0,0.0,0.0,0.0,0.0,0.0,0.0,0.0,1.0,0.0,0.0,0.0,0.0,0.0,0.0,0.0,1.0,0.0,0.0,0.0,0.0,0.0,0.0,0.0,0.0,0.0,1.0,0.0,0.0,0.0,1.0,0.0,1239
0.808631456017444,-1.0511460821163392,0.416874961399903,-1.1947256388363712,-1.6760446749599323,0.10710125210870759,0.9363973410322469,0.0,0.0,1.0,0.0,0.0,0.0,0.0,0.0,0.0,0.0,0.0,0.0,0.0,0.0,1.0,0.0,0.0,0.0,0.0,0.0,0.0,0.0,0.0,0.0,0.0,0.0,0.0,1.0,0.0,0.0,0.0,0.0,1.0,0.0,0.0,0.0,3421
-0.6518080689334335,-0.961266126398824,1.3389606977412056,0.6982829776878094,1.0068842442854609,0.9742612430639729,1.34396963310287,0.0,0.0,0.0,0.0,0.0,0.0,0.0,0.0,0.0,0.0,1.0,0.0,0.0,0.0,0.0,0.0,1.0,0.0,0.0,0.0,0.0,0.0,0.0,0.0,0.0,0.0,0.0,0.0,1.0,0.0,0.0,0.0,0.0,0.0,0.0,1.0,1337
1.3041377234114917,0.05737337173301378,1.0623349768388148,0.4633840982651009,-1.2177256743004037,0.16304705797678928,-0.6938918272502459,0.0,0.0,1.0,0.0,0.0,0.0,0.0,0.0,0.0,0.0,0.0,0.0,0.0,0.0,0.0,0.0,0.0,0.0,0.0,0.0,0.0,0.0,0.0,1.0,0.0,0.0,0.0,1.0,0.0,0.0,0.0,1.0,0.0,0.0,0.0,0.0,1400
0.07841169354200529,1.4055727074957403,1.4127275566485098,1.5687905896660823,-0.5408237656340232,-1.20762518579121,1.34396963310287,0.0,0.0,0.0,0.0,0.0,0.0,0.0,0.0,1.0,0.0,0.0,0.0,0.0,0.0,0.0,0.0,1.0,0.0,0.0,0.0,0.0,0.0,0.0,0.0,0.0,0.0,0.0,0.0,0.0,1.0,0.0,0.0,1.0,0.0,0.0,0.0,1944
-0.3388567421582454,-1.4106659049863997,1.5971447039167703,1.1818983176757387,0.3317451010062327,1.6595973649479732,-0.014604673799207216,1.0,0.0,0.0,0.0,0.0,0.0,0.0,0.0,0.0,0.0,0.0,0.0,0.0,0.0,0.0,0.0,0.0,0.0,0.0,0.0,0.0,0.0,0.0,0.0,0.0,1.0,0.0,0.0,1.0,0.0,0.0,0.0,1.0,0.0,0.0,0.0,4399
1.591009772955414,0.2071732979288723,-0.7449530663901383,-1.6092530731117392,-0.521433346375351,0.21899286384487093,1.2081122024126625,0.0,0.0,0.0,1.0,0.0,0.0,0.0,0.0,0.0,0.0,0.0,0.0,0.0,0.0,0.0,0.0,0.0,0.0,0.0,0.0,0.0,0.0,0.0,1.0,0.0,0.0,0.0,0.0,0.0,1.0,0.0,1.0,0.0,0.0,0.0,0.0,2731
0.495680129242256,0.4168931946030742,0.8225926853900761,-1.1947256388363712,-0.2993249075941952,-0.8719503505827199,0.25711018758120824,0.0,0.0,0.0,0.0,0.0,0.0,0.0,0.0,0.0,0.0,1.0,0.0,0.0,0.0,0.0,0.0,0.0,0.0,0.0,0.0,0.0,0.0,0.0,0.0,0.0,1.0,0.0,0.0,1.0,0.0,0.0,1.0,0.0,0.0,0.0,0.0,2676
-1.382027831408872,-0.21226649541953152,0.4722001055803811,-0.8078333668460277,-1.5738042825051148,0.8903425342618511,-1.5090364113914922,0.0,0.0,0.0,0.0,0.0,0.0,0.0,0.0,0.0,1.0,0.0,0.0,0.0,0.0,0.0,0.0,0.0,0.0,0.0,0.0,0.0,0.0,1.0,0.0,0.0,0.0,1.0,0.0,0.0,0.0,0.0,0.0,0.0,1.0,0.0,0.0,1343
0.8868692877112411,0.11729334221135719,0.37999153194625085,-0.0755015662928775,0.4886312204627637,1.7015567193490346,-0.28631953517962266,0.0,0.0,0.0,0.0,0.0,0.0,0.0,1.0,0.0,0.0,0.0,0.0,0.0,0.0,0.0,0.0,0.0,0.0,0.0,0.0,0.0,0.0,0.0,1.0,0.0,0.0,1.0,0.0,0.0,0.0,0.0,0.0,0.0,0.0,0.0,1.0,2082
0.26096663416086496,1.6152926041699422,-1.1691125051071374,1.4306147782409597,-1.5226840862777054,0.45676253878421774,-0.15046210448941494,0.0,0.0,0.0,0.0,1.0,0.0,0.0,0.0,0.0,0.0,0.0,0.0,0.0,0.0,0.0,0.0,0.0,0.0,0.0,0.0,0.0,0.0,0.0,0.0,0.0,1.0,0.0,1.0,0.0,0.0,0.0,0.0,0.0,1.0,0.0,0.0,3341
-1.5645827720277319,0.836332987951478,-0.634302778029182,-0.9874619216986872,0.6173130937248615,-0.17262777723169953,0.12125275689100051,0.0,0.0,0.0,1.0,0.0,0.0,0.0,0.0,0.0,0.0,0.0,0.0,0.0,0.0,0.0,0.0,0.0,0.0,0.0,0.0,0.0,0.0,1.0,0.0,0.0,0.0,0.0,1.0,0.0,0.0,0.0,0.0,0.0,0.0,0.0,1.0,1806
1.4866926640303515,0.8063730027123063,-0.33923534239996517,-1.5954354919692268,0.418120604976682,0.6665593107895244,1.0722547717224546,0.0,0.0,0.0,0.0,0.0,1.0,0.0,0.0,0.0,0.0,0.0,0.0,0.0,0.0,0.0,0.0,0.0,0.0,0.0,0.0,0.0,1.0,0.0,0.0,0.0,0.0,0.0,0.0,0.0,0.0,1.0,0.0,0.0,0.0,1.0,0.0,814
1.043344951098835,-1.0511460821163392,1.541819559736292,-0.08931914743538977,1.6150383028529125,1.5477057532118097,1.34396963310287,0.0,0.0,0.0,0.0,0.0,0.0,0.0,0.0,0.0,1.0,0.0,0.0,0.0,0.0,0.0,0.0,0.0,0.0,0.0,0.0,0.0,1.0,0.0,0.0,0.0,0.0,0.0,0.0,0.0,1.0,0.0,0.0,0.0,0.0,0.0,1.0,2549
1.4606133867990858,-0.8414261854421372,1.431169271375336,-1.3605366125465184,0.724841782341136,-1.22161163725823,-0.014604673799207216,0.0,0.0,0.0,0.0,0.0,0.0,0.0,0.0,0.0,0.0,1.0,0.0,0.0,0.0,0.0,1.0,0.0,0.0,0.0,0.0,0.0,0.0,0.0,0.0,0.0,0.0,1.0,0.0,0.0,0.0,0.0,0.0,1.0,0.0,0.0,0.0,2224
-0.5214116827771051,-0.871386170681309,-1.667038802731441,-1.5954354919692268,-0.43329507701774933,1.5616922046788297,-0.15046210448941494,0.0,0.0,0.0,0.0,0.0,0.0,0.0,0.0,0.0,0.0,0.0,0.0,1.0,0.0,1.0,0.0,0.0,0.0,0.0,0.0,0.0,0.0,0.0,0.0,0.0,0.0,0.0,0.0,0.0,0.0,1.0,0.0,0.0,0.0,1.0,0.0,4165
-0.3388567421582454,-0.5118663478112485,-1.4826216554631804,0.4633840982651009,-0.08074199958734285,0.8903425342618511,0.12125275689100051,0.0,0.0,0.0,0.0,0.0,0.0,1.0,0.0,0.0,0.0,0.0,0.0,0.0,0.0,0.0,1.0,0.0,0.0,0.0,0.0,0.0,0.0,0.0,0.0,0.0,0.0,0.0,1.0,0.0,0.0,0.0,1.0,0.0,0.0,0.0,0.0,2932
-1.5385034947964662,-1.1410260378338544,-0.9662536431120509,-1.6230706542542515,-0.9585991623890551,-1.3614761519284349,-1.2373215500110768,1.0,0.0,0.0,0.0,0.0,0.0,0.0,0.0,0.0,0.0,0.0,0.0,0.0,0.0,1.0,0.0,0.0,0.0,0.0,0.0,0.0,0.0,0.0,0.0,0.0,0.0,0.0,0.0,0.0,1.0,0.0,1.0,0.0,0.0,0.0,0.0,1001
-0.8343630095522931,1.5853326189307706,0.4722001055803811,-0.1169543097204143,0.3758142356850335,1.1001393062671563,-1.5090364113914922,0.0,0.0,0.0,0.0,0.0,0.0,0.0,0.0,0.0,0.0,0.0,0.0,1.0,0.0,0.0,0.0,0.0,0.0,0.0,0.0,1.0,0.0,0.0,0.0,0.0,0.0,0.0,0.0,1.0,0.0,0.0,0.0,0.0,0.0,1.0,0.0,2860
-1.5385034947964662,-1.4106659049863997,0.19557438467799035,-1.388171774831543,-1.476852186211753,0.2609522182459325,0.25711018758120824,0.0,0.0,0.0,0.0,1.0,0.0,0.0,0.0,0.0,0.0,0.0,0.0,0.0,0.0,0.0,0.0,0.0,0.0,1.0,0.0,0.0,0.0,0.0,0.0,0.0,0.0,0.0,0.0,0.0,1.0,0.0,0.0,0.0,0.0,0.0,1.0,1052
1.2519791689489603,-0.12238653970201642,1.5971447039167703,1.2095334799607633,-0.9145300277102543,1.2539902724043812,-0.4221769658698304,0.0,1.0,0.0,0.0,0.0,0.0,0.0,0.0,0.0,0.0,0.0,0.0,0.0,0.0,0.0,0.0,0.0,0.0,0.0,0.0,0.0,0.0,0.0,0.0,0.0,1.0,0.0,0.0,1.0,0.0,0.0,0.0,1.0,0.0,0.0,0.0,1829
-0.6257287917021678,-0.9912261116379958,-0.9662536431120509,-0.9460091782711504,-1.2582692782049005,1.142098660668218,-0.014604673799207216,0.0,0.0,0.0,0.0,0.0,0.0,0.0,1.0,0.0,0.0,0.0,0.0,0.0,0.0,0.0,0.0,0.0,0.0,0.0,0.0,0.0,0.0,0.0,1.0,0.0,0.0,0.0,0.0,1.0,0.0,0.0,0.0,0.0,1.0,0.0,0.0,1649
-1.642820603721529,0.11729334221135719,1.4680527008289879,0.39429619255253956,-0.5284844079239596,0.10710125210870759,1.2081122024126625,0.0,0.0,0.0,0.0,0.0,0.0,0.0,1.0,0.0,0.0,0.0,0.0,0.0,0.0,0.0,0.0,0.0,0.0,0.0,0.0,0.0,0.0,0.0,0.0,1.0,0.0,0.0,0.0,1.0,0.0,0.0,1.0,0.0,0.0,0.0,0.0,1626
1.2519791689489603,-1.5005458607039146,0.3062246730389467,-0.47621141942573325,0.20482599313128597,0.2749386697129526,-0.5580343965600382,0.0,0.0,0.0,1.0,0.0,0.0,0.0,0.0,0.0,0.0,0.0,0.0,0.0,0.0,0.0,0.0,0.0,0.0,0.0,0.0,0.0,0.0,1.0,0.0,0.0,0.0,0.0,0.0,0.0,0.0,1.0,0.0,1.0,0.0,0.0,0.0,1999
-1.4341863858714035,0.8662929731906497,-0.9293702136583988,0.44956651712258866,-1.2882362897864854,1.058179951866096,1.6156844944832855,0.0,0.0,0.0,0.0,0.0,0.0,0.0,0.0,0.0,0.0,0.0,0.0,1.0,0.0,0.0,0.0,0.0,0.0,0.0,0.0,0.0,0.0,0.0,0.0,1.0,0.0,0.0,1.0,0.0,0.0,0.0,1.0,0.0,0.0,0.0,0.0,2354
-0.8343630095522931,1.735132545126629,-1.335087937648572,0.7259181399728339,1.2959777677783944,-0.8859368020497411,1.34396963310287,0.0,0.0,0.0,0.0,1.0,0.0,0.0,0.0,0.0,0.0,0.0,0.0,0.0,0.0,0.0,0.0,0.0,0.0,0.0,0.0,0.0,0.0,1.0,0.0,0.0,0.0,1.0,0.0,0.0,0.0,0.0,0.0,0.0,0.0,0.0,1.0,1763
1.4345341095678201,0.7164930469947912,-1.0769039314730071,1.085175249678153,0.7072141284696155,-0.6481671271103944,0.12125275689100051,0.0,0.0,0.0,0.0,0.0,0.0,1.0,0.0,0.0,0.0,0.0,0.0,0.0,0.0,1.0,0.0,0.0,0.0,0.0,0.0,0.0,0.0,0.0,0.0,0.0,0.0,0.0,0.0,0.0,0.0,1.0,0.0,0.0,0.0,0.0,1.0,6919
1.4345341095678201,-0.9313061411596524,0.2140160994048164,1.292438966815837,0.5926343783047336,1.3379089812065044,0.12125275689100051,0.0,0.0,1.0,0.0,0.0,0.0,0.0,0.0,0.0,0.0,0.0,0.0,0.0,0.0,0.0,0.0,0.0,0.0,0.0,0.0,0.0,0.0,0.0,0.0,1.0,0.0,0.0,1.0,0.0,0.0,0.0,1.0,0.0,0.0,0.0,0.0,1519
-1.4341863858714035,-0.062466569223673024,0.12180752577068614,-1.7197937222518374,1.6361914874987364,-0.8579638991156997,-1.2373215500110768,0.0,0.0,0.0,0.0,0.0,0.0,0.0,0.0,0.0,0.0,1.0,0.0,0.0,0.0,0.0,0.0,0.0,0.0,0.0,0.0,0.0,0.0,1.0,0.0,0.0,0.0,0.0,0.0,0.0,1.0,0.0,0.0,0.0,0.0,0.0,1.0,1646
-1.1473143363274811,1.2258127960607101,-1.4826216554631804,-0.22749495886051244,1.4687287757192928,1.477773495876708,0.25711018758120824,0.0,0.0,0.0,1.0,0.0,0.0,0.0,0.0,0.0,0.0,0.0,0.0,0.0,0.0,0.0,0.0,0.0,0.0,0.0,0.0,0.0,0.0,0.0,0.0,1.0,0.0,0.0,0.0,0.0,1.0,0.0,0.0,0.0,1.0,0.0,0.0,1614
0.65215579262985,-0.062466569223673024,0.029598952136555886,-0.6558399742783927,0.37052593952357726,0.037168994773605815,0.5288250489616237,0.0,0.0,0.0,0.0,0.0,0.0,0.0,0.0,1.0,0.0,0.0,0.0,0.0,0.0,0.0,0.0,0.0,0.0,1.0,0.0,0.0,0.0,0.0,0.0,0.0,0.0,0.0,1.0,0.0,0.0,0.0,0.0,0.0,1.0,0.0,0.0,2544
-0.7300459006272305,0.2071732979288723,0.9332429737510324,0.2975731245549537,0.9487129865094441,-1.0957335740550465,1.2081122024126625,0.0,0.0,0.0,0.0,0.0,0.0,1.0,0.0,0.0,0.0,0.0,0.0,0.0,0.0,0.0,0.0,0.0,0.0,0.0,0.0,0.0,0.0,0.0,0.0,0.0,1.0,0.0,0.0,0.0,0.0,1.0,0.0,1.0,0.0,0.0,0.0,1760
0.7303936243236471,1.525412648452427,-0.5236524896682256,1.1542631553907143,0.9081693826049466,-1.053774219653985,-1.2373215500110768,0.0,0.0,0.0,0.0,0.0,0.0,1.0,0.0,0.0,0.0,0.0,0.0,0.0,0.0,0.0,0.0,0.0,0.0,0.0,0.0,0.0,0.0,0.0,0.0,0.0,1.0,0.0,0.0,0.0,1.0,0.0,0.0,0.0,0.0,1.0,0.0,1990
-0.8343630095522931,-1.3207859492688845,0.5459669644876853,-0.8907388537011013,-0.28346001910982693,0.07912834917466738,0.5288250489616237,0.0,1.0,0.0,0.0,0.0,0.0,0.0,0.0,0.0,0.0,0.0,0.0,0.0,0.0,0.0,0.0,0.0,0.0,0.0,0.0,0.0,1.0,0.0,0.0,0.0,0.0,0.0,0.0,0.0,0.0,1.0,0.0,1.0,0.0,0.0,0.0,960
-0.6518080689334335,-0.9912261116379958,-1.4457382260095282,1.4029796159559351,-1.1525033549757788,-0.49431616097316944,-0.9656066886306613,0.0,0.0,1.0,0.0,0.0,0.0,0.0,0.0,0.0,0.0,0.0,0.0,0.0,0.0,0.0,0.0,0.0,0.0,0.0,0.0,0.0,0.0,0.0,0.0,1.0,0.0,0.0,0.0,1.0,0.0,0.0,0.0,0.0,0.0,1.0,0.0,2339
0.8868692877112411,0.4168931946030742,1.6893532775509006,-0.9045564348436136,-1.5526510978592902,0.4707489902512391,0.39296761827141596,0.0,0.0,0.0,0.0,0.0,0.0,0.0,0.0,0.0,1.0,0.0,0.0,0.0,0.0,0.0,1.0,0.0,0.0,0.0,0.0,0.0,0.0,0.0,0.0,0.0,0.0,1.0,0.0,0.0,0.0,0.0,0.0,0.0,0.0,0.0,1.0,1256
0.6260765153985843,0.8962529584298214,-0.32079362767313907,1.499702683953521,-1.316440535980918,1.2679767238714015,-0.5580343965600382,0.0,0.0,0.0,0.0,0.0,1.0,0.0,0.0,0.0,0.0,0.0,0.0,0.0,0.0,0.0,0.0,0.0,0.0,0.0,0.0,1.0,0.0,0.0,0.0,0.0,0.0,1.0,0.0,0.0,0.0,0.0,0.0,1.0,0.0,0.0,0.0,1534
-0.8604422867835588,-0.30214645113704663,-1.4641799407363543,-0.5591169062808069,-0.7188630697363788,1.4498005929426665,0.25711018758120824,0.0,0.0,0.0,0.0,0.0,0.0,0.0,0.0,0.0,0.0,0.0,0.0,0.0,1.0,0.0,0.0,0.0,0.0,0.0,1.0,0.0,0.0,0.0,0.0,0.0,0.0,0.0,0.0,0.0,1.0,0.0,0.0,0.0,1.0,0.0,0.0,2679
-0.10414324707685439,1.1059728551040233,-0.5974193485755299,0.8502763702554444,-0.8616470660956932,1.0302070489320545,-0.014604673799207216,0.0,0.0,0.0,1.0,0.0,0.0,0.0,0.0,0.0,0.0,0.0,0.0,0.0,0.0,0.0,0.0,0.0,1.0,0.0,0.0,0.0,0.0,0.0,0.0,0.0,0.0,0.0,0.0,0.0,1.0,0.0,0.0,0.0,1.0,0.0,0.0,733
0.44352157477972465,0.5966531060381044,1.5787029891899442,-0.9736443405561749,0.5468024782387805,-1.4593813121975767,0.6646824796518315,0.0,0.0,0.0,0.0,0.0,0.0,0.0,0.0,0.0,0.0,0.0,1.0,0.0,0.0,0.0,0.0,0.0,0.0,0.0,0.0,0.0,0.0,0.0,1.0,0.0,0.0,0.0,0.0,0.0,1.0,0.0,1.0,0.0,0.0,0.0,0.0,1712
0.9390278421737723,-0.961266126398824,-1.0400205020193551,-0.26894770228804926,0.418120604976682,0.9043289857288711,-0.5580343965600382,0.0,0.0,0.0,0.0,0.0,0.0,0.0,0.0,0.0,0.0,1.0,0.0,0.0,0.0,0.0,0.0,0.0,0.0,0.0,0.0,0.0,0.0,0.0,0.0,0.0,1.0,1.0,0.0,0.0,0.0,0.0,0.0,0.0,0.0,1.0,0.0,1670
0.8607900104799754,0.1772133126897006,-0.283910198219487,0.31139070569746596,1.0879714520944546,-0.9838419623188832,0.25711018758120824,0.0,0.0,0.0,0.0,0.0,0.0,0.0,1.0,0.0,0.0,0.0,0.0,0.0,0.0,0.0,1.0,0.0,0.0,0.0,0.0,0.0,0.0,0.0,0.0,0.0,0.0,0.0,1.0,0.0,0.0,0.0,0.0,1.0,0.0,0.0,0.0,1069
1.1215827827926321,0.8662929731906497,-0.7265113516633123,-0.43475867599819645,-0.02257074181132608,-1.4453948607305567,0.6646824796518315,0.0,0.0,0.0,0.0,1.0,0.0,0.0,0.0,0.0,0.0,0.0,0.0,0.0,0.0,0.0,0.0,0.0,0.0,1.0,0.0,0.0,0.0,0.0,0.0,0.0,0.0,1.0,0.0,0.0,0.0,0.0,0.0,0.0,0.0,0.0,1.0,3866
-0.8343630095522931,-0.961266126398824,0.5459669644876853,1.0022697628230794,-1.2847107590121813,1.156085112135238,0.39296761827141596,0.0,0.0,0.0,0.0,0.0,0.0,0.0,1.0,0.0,0.0,0.0,0.0,0.0,0.0,0.0,0.0,0.0,0.0,0.0,0.0,0.0,0.0,0.0,0.0,1.0,0.0,0.0,0.0,0.0,1.0,0.0,0.0,0.0,1.0,0.0,0.0,1603
0.7303936243236471,1.2258127960607101,1.3389606977412056,-1.028914665126224,0.742469436212656,-1.5852593754007613,0.5288250489616237,0.0,0.0,0.0,0.0,1.0,0.0,0.0,0.0,0.0,0.0,0.0,0.0,0.0,0.0,0.0,0.0,0.0,0.0,0.0,0.0,0.0,0.0,0.0,0.0,1.0,0.0,0.0,0.0,0.0,0.0,1.0,0.0,1.0,0.0,0.0,0.0,1653
-0.9126008412460902,1.4954526632132554,-0.7080696369364862,0.40811377369505186,-1.4574617669530807,-0.41039745217104634,1.479827063793078,0.0,1.0,0.0,0.0,0.0,0.0,0.0,0.0,0.0,0.0,0.0,0.0,0.0,0.0,1.0,0.0,0.0,0.0,0.0,0.0,0.0,0.0,0.0,0.0,0.0,0.0,1.0,0.0,0.0,0.0,0.0,0.0,0.0,0.0,1.0,0.0,1987
0.28704591139213065,1.1958528108215385,1.5787029891899442,0.36666103026751506,0.36171211258781694,0.14906060650976916,-0.014604673799207216,0.0,0.0,0.0,0.0,0.0,0.0,0.0,0.0,0.0,0.0,0.0,0.0,0.0,1.0,0.0,0.0,0.0,0.0,1.0,0.0,0.0,0.0,0.0,0.0,0.0,0.0,0.0,0.0,0.0,1.0,0.0,1.0,0.0,0.0,0.0,0.0,4793
-0.05198469261432306,-0.18230651018035982,1.080776691565641,1.0713576685356407,-0.909241731548798,-1.0397877681869647,1.0722547717224546,0.0,0.0,0.0,0.0,0.0,0.0,0.0,0.0,0.0,0.0,0.0,0.0,0.0,1.0,0.0,0.0,0.0,0.0,0.0,1.0,0.0,0.0,0.0,0.0,0.0,0.0,0.0,0.0,0.0,1.0,0.0,0.0,0.0,0.0,0.0,1.0,1059
-0.6518080689334335,1.3756127222565686,0.6750589675754677,-0.0755015662928775,1.0950225136430625,1.5197328502777696,0.25711018758120824,0.0,0.0,1.0,0.0,0.0,0.0,0.0,0.0,0.0,0.0,0.0,0.0,0.0,0.0,0.0,0.0,0.0,1.0,0.0,0.0,0.0,0.0,0.0,0.0,0.0,0.0,0.0,0.0,0.0,1.0,0.0,0.0,0.0,0.0,0.0,1.0,1398
0.39136302031719333,1.345652737017397,0.6197338233949895,-0.7387454611334663,1.2942150023912427,-1.3474897004614146,1.0722547717224546,0.0,0.0,0.0,0.0,0.0,0.0,1.0,0.0,0.0,0.0,0.0,0.0,0.0,0.0,0.0,1.0,0.0,0.0,0.0,0.0,0.0,0.0,0.0,0.0,0.0,0.0,0.0,0.0,0.0,0.0,1.0,0.0,0.0,1.0,0.0,0.0,3211
-1.6688998809527946,-0.6616662740071071,-0.6711862074828341,0.0903094074172697,-1.1807076011702116,1.5896651076128714,-0.15046210448941494,0.0,0.0,0.0,0.0,0.0,1.0,0.0,0.0,0.0,0.0,0.0,0.0,0.0,0.0,0.0,0.0,0.0,0.0,0.0,0.0,0.0,1.0,0.0,0.0,0.0,0.0,0.0,1.0,0.0,0.0,0.0,0.0,0.0,1.0,0.0,0.0,86171
-0.4692531283145738,1.6152926041699422,-0.04416790677074832,-1.4296245182590797,-0.24644194597963412,1.491759947343728,1.0722547717224546,0.0,0.0,0.0,0.0,0.0,0.0,0.0,0.0,0.0,0.0,1.0,0.0,0.0,0.0,0.0,0.0,0.0,0.0,0.0,0.0,0.0,0.0,0.0,1.0,0.0,0.0,1.0,0.0,0.0,0.0,0.0,0.0,0.0,0.0,1.0,0.0,1841
-1.0169179501711527,0.536733135559761,0.416874961399903,1.5826081708085946,0.28062490477882396,-0.43837035510508776,1.479827063793078,0.0,0.0,0.0,0.0,0.0,0.0,0.0,0.0,0.0,1.0,0.0,0.0,0.0,0.0,1.0,0.0,0.0,0.0,0.0,0.0,0.0,0.0,0.0,0.0,0.0,0.0,1.0,0.0,0.0,0.0,0.0,0.0,0.0,0.0,1.0,0.0,1079
0.7564729015549126,0.2970532536463874,1.4680527008289879,-0.7387454611334663,0.4163578395895304,-1.1796522828571696,1.2081122024126625,0.0,0.0,0.0,0.0,1.0,0.0,0.0,0.0,0.0,0.0,0.0,0.0,0.0,0.0,0.0,1.0,0.0,0.0,0.0,0.0,0.0,0.0,0.0,0.0,0.0,0.0,0.0,1.0,0.0,0.0,0.0,0.0,0.0,1.0,0.0,0.0,1733
-0.4692531283145738,0.8662929731906497,-1.7592473763655712,0.5877423285477114,1.191974609936425,-0.9139097049837813,1.2081122024126625,1.0,0.0,0.0,0.0,0.0,0.0,0.0,0.0,0.0,0.0,0.0,0.0,0.0,0.0,0.0,0.0,0.0,0.0,0.0,0.0,0.0,0.0,1.0,0.0,0.0,0.0,0.0,0.0,0.0,1.0,0.0,0.0,0.0,1.0,0.0,0.0,1437
1.6431683274179454,0.3569732241247308,0.1033658110438601,0.7121005588303218,-0.995617235519248,0.35885737851507576,-0.9656066886306613,1.0,0.0,0.0,0.0,0.0,0.0,0.0,0.0,0.0,0.0,0.0,0.0,0.0,0.0,0.0,0.0,0.0,0.0,0.0,0.0,1.0,0.0,0.0,0.0,0.0,0.0,0.0,0.0,0.0,0.0,1.0,0.0,0.0,0.0,0.0,1.0,4224
-0.13022252430812006,-1.5904258164214298,-1.7592473763655712,1.5687905896660823,0.03207498519038733,0.6245999563884628,0.12125275689100051,0.0,0.0,1.0,0.0,0.0,0.0,0.0,0.0,0.0,0.0,0.0,0.0,0.0,0.0,0.0,0.0,0.0,0.0,1.0,0.0,0.0,0.0,0.0,0.0,0.0,0.0,0.0,0.0,0.0,1.0,0.0,0.0,0.0,0.0,1.0,0.0,1125
0.07841169354200529,0.4168931946030742,1.3942858419216837,1.1542631553907143,0.9998331827368528,-1.5992458268677816,0.5288250489616237,0.0,0.0,0.0,0.0,0.0,0.0,0.0,0.0,0.0,0.0,1.0,0.0,0.0,0.0,0.0,0.0,1.0,0.0,0.0,0.0,0.0,0.0,0.0,0.0,0.0,0.0,0.0,0.0,0.0,0.0,1.0,0.0,0.0,0.0,1.0,0.0,4386
0.7825521787861783,-0.12238653970201642,0.1402492404975122,-0.33803560800061055,1.6714467952417777,-0.1306684228306392,-0.15046210448941494,0.0,0.0,0.0,0.0,0.0,0.0,0.0,0.0,0.0,1.0,0.0,0.0,0.0,0.0,0.0,0.0,0.0,0.0,0.0,1.0,0.0,0.0,0.0,0.0,0.0,0.0,1.0,0.0,0.0,0.0,0.0,1.0,0.0,0.0,0.0,0.0,1824
-0.49533240554583946,0.9561729289081649,0.12180752577068614,-1.7474288845368617,1.5921223528199357,1.5197328502777696,-0.8297492579404536,0.0,0.0,0.0,0.0,0.0,0.0,0.0,1.0,0.0,0.0,0.0,0.0,0.0,0.0,0.0,0.0,0.0,0.0,0.0,0.0,0.0,1.0,0.0,0.0,0.0,0.0,0.0,1.0,0.0,0.0,0.0,0.0,0.0,1.0,0.0,0.0,800
1.5649304957241483,1.1059728551040233,1.080776691565641,1.499702683953521,1.2942150023912427,-0.45235680657210786,-0.28631953517962266,0.0,0.0,0.0,0.0,0.0,0.0,0.0,0.0,0.0,0.0,1.0,0.0,0.0,0.0,0.0,0.0,0.0,1.0,0.0,0.0,0.0,0.0,0.0,0.0,0.0,0.0,0.0,1.0,0.0,0.0,0.0,0.0,0.0,0.0,1.0,0.0,3165
-1.5645827720277319,-1.2009460083121977,1.3758441271948576,-1.7750640468218863,-0.6219109734430168,-1.5293135695326798,-0.5580343965600382,0.0,0.0,0.0,1.0,0.0,0.0,0.0,0.0,0.0,0.0,0.0,0.0,0.0,0.0,0.0,0.0,0.0,1.0,0.0,0.0,0.0,0.0,0.0,0.0,0.0,0.0,0.0,0.0,1.0,0.0,0.0,0.0,0.0,1.0,0.0,0.0,2735
1.356296277874023,-0.36206642161539004,0.8779178295705543,0.21466763769988012,-0.10894624578177539,1.1141257577341777,-1.2373215500110768,0.0,0.0,0.0,0.0,0.0,0.0,0.0,0.0,0.0,0.0,0.0,1.0,0.0,0.0,0.0,0.0,0.0,0.0,0.0,0.0,0.0,0.0,1.0,0.0,0.0,0.0,0.0,0.0,0.0,1.0,0.0,1.0,0.0,0.0,0.0,0.0,1820
-0.2606189104644484,-0.21226649541953152,0.5644086792145114,-0.8354685291310522,-0.8440194122241732,0.7644644710586675,-0.8297492579404536,0.0,0.0,0.0,0.0,0.0,0.0,0.0,1.0,0.0,0.0,0.0,0.0,0.0,0.0,0.0,0.0,0.0,0.0,0.0,0.0,0.0,0.0,0.0,0.0,1.0,0.0,0.0,0.0,0.0,0.0,1.0,1.0,0.0,0.0,0.0,0.0,1962
1.199820614486429,0.9262129436689931,1.0254515473851626,-1.4572596805441043,-0.6289620349916248,-0.466343258039128,-1.2373215500110768,0.0,1.0,0.0,0.0,0.0,0.0,0.0,0.0,0.0,0.0,0.0,0.0,0.0,0.0,0.0,0.0,0.0,0.0,0.0,1.0,0.0,0.0,0.0,0.0,0.0,0.0,0.0,0.0,0.0,1.0,0.0,0.0,1.0,0.0,0.0,0.0,2441
1.3041377234114917,-0.6317062887679353,-0.06260962149757437,-1.5401651673991779,-0.5055684578909827,-1.2495845401922714,-0.9656066886306613,0.0,0.0,0.0,0.0,0.0,0.0,0.0,0.0,0.0,0.0,0.0,0.0,1.0,0.0,0.0,0.0,0.0,0.0,0.0,0.0,0.0,0.0,0.0,0.0,0.0,1.0,0.0,0.0,0.0,1.0,0.0,0.0,0.0,1.0,0.0,0.0,1882
0.28704591139213065,-0.0025465987453296202,-1.6117136585509626,1.2095334799607633,-0.524958877149655,0.2609522182459325,-0.15046210448941494,0.0,0.0,0.0,0.0,1.0,0.0,0.0,0.0,0.0,0.0,0.0,0.0,0.0,0.0,0.0,0.0,0.0,0.0,1.0,0.0,0.0,0.0,0.0,0.0,0.0,0.0,0.0,0.0,0.0,1.0,0.0,1.0,0.0,0.0,0.0,0.0,2232
-1.2255521680212782,-0.36206642161539004,0.9516846884778585,-0.7801982045610031,-0.30285043836849923,1.5197328502777696,1.6156844944832855,0.0,0.0,0.0,0.0,0.0,0.0,0.0,0.0,0.0,0.0,0.0,0.0,1.0,0.0,0.0,0.0,1.0,0.0,0.0,0.0,0.0,0.0,0.0,0.0,0.0,0.0,1.0,0.0,0.0,0.0,0.0,0.0,0.0,0.0,1.0,0.0,975
-0.3127774649269798,-1.1110660525946825,1.431169271375336,-0.5314817439957823,0.8552864209903862,-0.634180675643373,-0.28631953517962266,0.0,0.0,1.0,0.0,0.0,0.0,0.0,0.0,0.0,0.0,0.0,0.0,0.0,0.0,1.0,0.0,0.0,0.0,0.0,0.0,0.0,0.0,0.0,0.0,0.0,0.0,0.0,0.0,0.0,0.0,1.0,1.0,0.0,0.0,0.0,0.0,3695
-1.6688998809527946,-1.6203858016606014,1.2098686946534232,0.4219313548375641,0.5432769474644765,-0.004790359627454505,0.5288250489616237,0.0,0.0,0.0,0.0,0.0,0.0,0.0,1.0,0.0,0.0,0.0,0.0,0.0,0.0,0.0,1.0,0.0,0.0,0.0,0.0,0.0,0.0,0.0,0.0,0.0,0.0,0.0,1.0,0.0,0.0,0.0,0.0,0.0,0.0,1.0,0.0,1334
-1.0169179501711527,-1.4406258902255713,1.6340281333704223,-1.3743541936890307,1.6573446721445604,-1.1237064769890879,-1.6448938420817,0.0,0.0,0.0,0.0,0.0,0.0,1.0,0.0,0.0,0.0,0.0,0.0,0.0,0.0,0.0,0.0,0.0,0.0,0.0,0.0,0.0,0.0,0.0,1.0,0.0,0.0,0.0,1.0,0.0,0.0,0.0,0.0,0.0,0.0,0.0,1.0,1132
1.2519791689489603,-0.9313061411596524,-1.0769039314730071,-0.18604221543297564,0.6490428706935987,-0.03276326256149596,0.39296761827141596,0.0,0.0,1.0,0.0,0.0,0.0,0.0,0.0,0.0,0.0,0.0,0.0,0.0,0.0,0.0,0.0,1.0,0.0,0.0,0.0,0.0,0.0,0.0,0.0,0.0,0.0,0.0,1.0,0.0,0.0,0.0,0.0,0.0,1.0,0.0,0.0,3151
0.65215579262985,1.6152926041699422,-0.22858505403900883,-0.8078333668460277,-0.02609627258563007,1.2679767238714015,1.479827063793078,0.0,0.0,0.0,0.0,0.0,0.0,0.0,0.0,0.0,1.0,0.0,0.0,0.0,0.0,0.0,0.0,0.0,0.0,1.0,0.0,0.0,0.0,0.0,0.0,0.0,0.0,1.0,0.0,0.0,0.0,0.0,0.0,0.0,0.0,1.0,0.0,673
1.6431683274179454,-0.21226649541953152,0.49064182030720715,0.36666103026751506,-0.13186219581475228,1.7435160737500963,0.6646824796518315,0.0,0.0,0.0,1.0,0.0,0.0,0.0,0.0,0.0,0.0,0.0,0.0,0.0,0.0,0.0,0.0,0.0,0.0,0.0,1.0,0.0,0.0,0.0,0.0,0.0,0.0,0.0,1.0,0.0,0.0,0.0,0.0,0.0,0.0,1.0,0.0,1006
-0.05198469261432306,-0.33210643637621834,0.9516846884778585,-1.7336113033943497,-0.42095571930768505,1.477773495876708,1.6156844944832855,0.0,0.0,0.0,0.0,0.0,0.0,0.0,0.0,0.0,1.0,0.0,0.0,0.0,0.0,0.0,0.0,0.0,0.0,0.0,1.0,0.0,0.0,0.0,0.0,0.0,0.0,1.0,0.0,0.0,0.0,0.0,0.0,0.0,0.0,1.0,0.0,1797
-1.1212350590962155,1.7051725598874574,1.172985265199771,-1.1394553142663222,-1.4451224092430164,0.6665593107895244,-1.6448938420817,0.0,0.0,0.0,0.0,0.0,0.0,0.0,0.0,0.0,0.0,0.0,0.0,0.0,1.0,0.0,0.0,0.0,1.0,0.0,0.0,0.0,0.0,0.0,0.0,0.0,0.0,0.0,0.0,0.0,1.0,0.0,0.0,0.0,1.0,0.0,0.0,957
0.9390278421737723,-0.48190636257207686,0.7488258264827719,0.781188464542883,-0.2570185383025461,-0.43837035510508776,0.9363973410322469,0.0,0.0,0.0,0.0,0.0,1.0,0.0,0.0,0.0,0.0,0.0,0.0,0.0,0.0,0.0,0.0,1.0,0.0,0.0,0.0,0.0,0.0,0.0,0.0,0.0,0.0,0.0,1.0,0.0,0.0,0.0,0.0,0.0,0.0,1.0,0.0,1215
0.39136302031719333,-0.7815062149637939,0.04804066686338194,-0.31040044571558606,-0.2534930075282421,-0.9418826079178229,-0.8297492579404536,0.0,0.0,0.0,0.0,0.0,0.0,0.0,0.0,0.0,0.0,1.0,0.0,0.0,0.0,0.0,0.0,0.0,0.0,0.0,0.0,1.0,0.0,0.0,0.0,0.0,0.0,0.0,0.0,0.0,1.0,0.0,0.0,0.0,0.0,1.0,0.0,1807
-0.7039666233959648,0.5966531060381044,0.3246663877657727,-0.7940157857035154,0.8817279017976664,0.06514189770764728,-0.014604673799207216,0.0,0.0,0.0,0.0,0.0,0.0,0.0,0.0,0.0,0.0,0.0,0.0,1.0,0.0,1.0,0.0,0.0,0.0,0.0,0.0,0.0,0.0,0.0,0.0,0.0,0.0,1.0,0.0,0.0,0.0,0.0,0.0,0.0,1.0,0.0,0.0,1541
-0.02590541538305739,1.7650925303658007,1.6709115628240745,-0.7663806234184909,1.653819141370257,1.4498005929426665,0.9363973410322469,0.0,0.0,0.0,0.0,1.0,0.0,0.0,0.0,0.0,0.0,0.0,0.0,0.0,0.0,0.0,0.0,0.0,0.0,0.0,0.0,1.0,0.0,0.0,0.0,0.0,0.0,0.0,1.0,0.0,0.0,0.0,0.0,1.0,0.0,0.0,0.0,1931
-0.5735702372396364,-0.36206642161539004,0.7488258264827719,-1.2638135445489325,1.1302778213861036,1.0721664033331162,-0.5580343965600382,0.0,0.0,1.0,0.0,0.0,0.0,0.0,0.0,0.0,0.0,0.0,0.0,0.0,0.0,0.0,0.0,0.0,0.0,0.0,0.0,0.0,1.0,0.0,0.0,0.0,0.0,0.0,0.0,0.0,1.0,0.0,0.0,1.0,0.0,0.0,0.0,5375
-1.4863449403339348,-0.5118663478112485,-1.5195050849168326,-0.4900290005682455,1.3594373217158673,-0.1586413257646794,1.0722547717224546,0.0,0.0,1.0,0.0,0.0,0.0,0.0,0.0,0.0,0.0,0.0,0.0,0.0,0.0,0.0,0.0,0.0,0.0,0.0,0.0,0.0,0.0,1.0,0.0,0.0,0.0,0.0,1.0,0.0,0.0,0.0,1.0,0.0,0.0,0.0,0.0,2070
-1.6688998809527946,0.5666931207989327,1.7077949922777267,-1.0703674085537607,-0.8563587699342375,1.6875702678820146,-1.5090364113914922,0.0,0.0,0.0,0.0,0.0,0.0,0.0,0.0,0.0,0.0,0.0,0.0,0.0,1.0,0.0,0.0,0.0,1.0,0.0,0.0,0.0,0.0,0.0,0.0,0.0,0.0,0.0,1.0,0.0,0.0,0.0,0.0,0.0,0.0,1.0,0.0,4173
-1.382027831408872,1.525412648452427,-1.7776890910923973,0.8502763702554444,-1.145452293427171,-1.4593813121975767,0.8005399103420392,0.0,0.0,0.0,0.0,0.0,0.0,1.0,0.0,0.0,0.0,0.0,0.0,0.0,0.0,1.0,0.0,0.0,0.0,0.0,0.0,0.0,0.0,0.0,0.0,0.0,0.0,0.0,0.0,0.0,0.0,1.0,0.0,0.0,0.0,0.0,1.0,1953
0.26096663416086496,0.237133283168044,-0.8187199252974425,0.988452181680567,0.5520907744002368,-0.8439774476486795,-0.5580343965600382,0.0,0.0,1.0,0.0,0.0,0.0,0.0,0.0,0.0,0.0,0.0,0.0,0.0,0.0,0.0,1.0,0.0,0.0,0.0,0.0,0.0,0.0,0.0,0.0,0.0,0.0,1.0,0.0,0.0,0.0,0.0,1.0,0.0,0.0,0.0,0.0,2236
-0.2866981876957141,-1.0511460821163392,-0.8924867842047467,-0.5729344874233191,-1.0767044433282416,0.3168980241140142,0.25711018758120824,0.0,0.0,0.0,0.0,1.0,0.0,0.0,0.0,0.0,0.0,0.0,0.0,0.0,0.0,0.0,1.0,0.0,0.0,0.0,0.0,0.0,0.0,0.0,0.0,0.0,0.0,0.0,0.0,0.0,1.0,0.0,0.0,1.0,0.0,0.0,0.0,2566
1.6953268818804768,0.6865330617556195,-0.8740450694779206,1.3338917102433738,-1.7306904019616451,-0.8299909961816595,1.2081122024126625,0.0,0.0,0.0,0.0,0.0,0.0,1.0,0.0,0.0,0.0,0.0,0.0,0.0,0.0,0.0,0.0,0.0,0.0,0.0,0.0,0.0,1.0,0.0,0.0,0.0,0.0,1.0,0.0,0.0,0.0,0.0,0.0,0.0,0.0,0.0,1.0,2115
-1.6167413264902633,-0.9013461559204806,-1.5563885143704845,1.0575400873931284,-1.272371401302117,-1.0118148652529246,1.0722547717224546,0.0,1.0,0.0,0.0,0.0,0.0,0.0,0.0,0.0,0.0,0.0,0.0,0.0,0.0,0.0,0.0,0.0,0.0,0.0,0.0,0.0,0.0,0.0,1.0,0.0,0.0,1.0,0.0,0.0,0.0,0.0,0.0,0.0,0.0,0.0,1.0,1811
0.5999972381673186,1.2258127960607101,-0.7449530663901383,-1.1118201519812976,-0.9356832123560789,-0.6901264815114547,-0.4221769658698304,0.0,0.0,0.0,0.0,0.0,0.0,0.0,0.0,0.0,0.0,0.0,1.0,0.0,0.0,1.0,0.0,0.0,0.0,0.0,0.0,0.0,0.0,0.0,0.0,0.0,0.0,0.0,1.0,0.0,0.0,0.0,0.0,1.0,0.0,0.0,0.0,3031
1.4866926640303515,-1.5305058459430865,1.6340281333704223,-1.6645233976817881,-1.6619425518627164,1.6036515590798914,-1.6448938420817,0.0,0.0,0.0,0.0,0.0,0.0,0.0,0.0,1.0,0.0,0.0,0.0,0.0,0.0,0.0,1.0,0.0,0.0,0.0,0.0,0.0,0.0,0.0,0.0,0.0,0.0,0.0,0.0,0.0,0.0,1.0,1.0,0.0,0.0,0.0,0.0,2089
-0.9386801184773558,-1.170986023073026,-0.5420942043950517,-0.4900290005682455,-0.1635919727834888,0.07912834917466738,-1.3731789807012846,0.0,0.0,0.0,0.0,0.0,0.0,0.0,0.0,0.0,1.0,0.0,0.0,0.0,0.0,0.0,0.0,0.0,0.0,0.0,1.0,0.0,0.0,0.0,0.0,0.0,0.0,1.0,0.0,0.0,0.0,0.0,0.0,0.0,0.0,0.0,1.0,2644
-1.0951557818649498,-1.3807059197472278,1.6524698480972484,1.4167971970984474,0.187198339259766,-1.4453948607305567,-0.15046210448941494,0.0,0.0,0.0,0.0,0.0,0.0,0.0,0.0,0.0,1.0,0.0,0.0,0.0,0.0,1.0,0.0,0.0,0.0,0.0,0.0,0.0,0.0,0.0,0.0,0.0,0.0,0.0,0.0,0.0,0.0,1.0,0.0,1.0,0.0,0.0,0.0,2144
1.6953268818804768,-0.6317062887679353,0.9148012590242064,1.3200741291008615,1.1390916483218634,0.14906060650976916,-0.9656066886306613,1.0,0.0,0.0,0.0,0.0,0.0,0.0,0.0,0.0,0.0,0.0,0.0,0.0,0.0,0.0,1.0,0.0,0.0,0.0,0.0,0.0,0.0,0.0,0.0,0.0,0.0,0.0,0.0,0.0,1.0,0.0,0.0,0.0,1.0,0.0,0.0,6048
0.6260765153985843,-0.6317062887679353,0.5459669644876853,0.31139070569746596,-0.8211034621911963,0.5966270534544226,0.5288250489616237,0.0,0.0,0.0,0.0,0.0,0.0,0.0,0.0,0.0,1.0,0.0,0.0,0.0,0.0,0.0,0.0,0.0,1.0,0.0,0.0,0.0,0.0,0.0,0.0,0.0,0.0,0.0,0.0,0.0,0.0,1.0,0.0,1.0,0.0,0.0,0.0,993
1.4084548323365544,-1.4406258902255713,-0.6711862074828341,-1.401989355974055,-1.5579393940207464,-0.7041129329784748,-1.6448938420817,0.0,0.0,0.0,0.0,0.0,0.0,0.0,0.0,1.0,0.0,0.0,0.0,0.0,0.0,0.0,0.0,0.0,0.0,1.0,0.0,0.0,0.0,0.0,0.0,0.0,0.0,0.0,0.0,0.0,1.0,0.0,0.0,1.0,0.0,0.0,0.0,1046
-1.1733936135587468,1.4055727074957403,1.0623349768388148,-0.04786640400785297,-0.22881429210811355,0.7644644710586675,0.8005399103420392,0.0,0.0,0.0,0.0,0.0,0.0,1.0,0.0,0.0,0.0,0.0,0.0,0.0,0.0,0.0,0.0,0.0,0.0,0.0,0.0,0.0,0.0,0.0,1.0,0.0,0.0,0.0,0.0,0.0,0.0,1.0,1.0,0.0,0.0,0.0,0.0,2803
0.5999972381673186,-1.3507459345080561,1.2098686946534232,-0.6834751365634173,1.1813980176135124,-1.1656658313901482,-0.28631953517962266,0.0,0.0,0.0,0.0,1.0,0.0,0.0,0.0,0.0,0.0,0.0,0.0,0.0,0.0,0.0,0.0,0.0,0.0,0.0,0.0,0.0,0.0,0.0,1.0,0.0,0.0,0.0,1.0,0.0,0.0,0.0,1.0,0.0,0.0,0.0,0.0,1807
-0.1823810787706514,-1.3207859492688845,1.2098686946534232,0.3390258679824905,1.6450053144344963,1.295949626805443,-0.9656066886306613,0.0,0.0,0.0,0.0,0.0,0.0,0.0,0.0,0.0,0.0,0.0,0.0,0.0,1.0,0.0,0.0,0.0,0.0,0.0,0.0,0.0,0.0,1.0,0.0,0.0,0.0,0.0,0.0,0.0,0.0,1.0,0.0,1.0,0.0,0.0,0.0,1689
-0.8865215640148245,0.836332987951478,1.2836355535607273,0.9608170193955425,0.25770895474584704,1.5197328502777696,-0.5580343965600382,0.0,0.0,0.0,0.0,0.0,0.0,0.0,0.0,0.0,0.0,0.0,0.0,1.0,0.0,0.0,0.0,0.0,0.0,0.0,0.0,1.0,0.0,0.0,0.0,0.0,0.0,0.0,0.0,1.0,0.0,0.0,0.0,1.0,0.0,0.0,0.0,3635
-1.3037899997150753,0.02741338649384208,-1.003137072565703,-0.6558399742783927,-1.593194701763787,-0.3264787433689244,0.39296761827141596,0.0,0.0,0.0,0.0,0.0,0.0,0.0,0.0,0.0,0.0,1.0,0.0,0.0,0.0,0.0,0.0,0.0,0.0,0.0,0.0,0.0,0.0,0.0,0.0,0.0,1.0,0.0,0.0,1.0,0.0,0.0,0.0,0.0,0.0,0.0,1.0,2177
-0.7300459006272305,-0.45194637733290516,0.37999153194625085,1.0575400873931284,1.7807382492452033,-0.2985058404348842,1.0722547717224546,0.0,0.0,0.0,1.0,0.0,0.0,0.0,0.0,0.0,0.0,0.0,0.0,0.0,0.0,0.0,0.0,0.0,0.0,0.0,0.0,0.0,0.0,0.0,0.0,0.0,1.0,0.0,1.0,0.0,0.0,0.0,0.0,0.0,1.0,0.0,0.0,4518
0.7043143470923814,-1.5604658311822581,0.3062246730389467,1.0160873439655915,1.091496982868759,-1.6272187298018217,1.0722547717224546,0.0,1.0,0.0,0.0,0.0,0.0,0.0,0.0,0.0,0.0,0.0,0.0,0.0,0.0,0.0,0.0,0.0,0.0,0.0,0.0,1.0,0.0,0.0,0.0,0.0,0.0,0.0,0.0,1.0,0.0,0.0,0.0,0.0,1.0,0.0,0.0,1627
1.4084548323365544,1.5853326189307706,1.154543550472945,0.8779115325404689,-1.3587469052725665,0.037168994773605815,0.9363973410322469,0.0,0.0,0.0,0.0,0.0,0.0,0.0,0.0,0.0,0.0,0.0,0.0,1.0,0.0,0.0,0.0,0.0,0.0,0.0,0.0,0.0,0.0,1.0,0.0,0.0,0.0,0.0,0.0,0.0,0.0,1.0,1.0,0.0,0.0,0.0,0.0,3695
-0.8082837323210275,-0.33210643637621834,-1.6301553732777887,-0.31040044571558606,-1.3851883860798473,-1.3474897004614146,0.9363973410322469,0.0,0.0,0.0,0.0,0.0,1.0,0.0,0.0,0.0,0.0,0.0,0.0,0.0,0.0,0.0,0.0,0.0,0.0,0.0,0.0,0.0,0.0,0.0,0.0,1.0,0.0,0.0,1.0,0.0,0.0,0.0,0.0,0.0,1.0,0.0,0.0,2168
-0.7039666233959648,-0.09242655446284473,0.06648238159020799,-1.2776311256914448,1.6097500066914563,-0.7740451903135778,0.8005399103420392,0.0,0.0,0.0,0.0,0.0,0.0,0.0,0.0,0.0,1.0,0.0,0.0,0.0,0.0,0.0,0.0,0.0,0.0,0.0,0.0,0.0,0.0,1.0,0.0,0.0,0.0,1.0,0.0,0.0,0.0,0.0,0.0,0.0,0.0,0.0,1.0,3045
-1.0429972274024184,1.135932840343195,-0.7265113516633123,1.4720675216684964,0.12197601993514064,-0.03276326256149596,1.34396963310287,0.0,0.0,0.0,0.0,0.0,1.0,0.0,0.0,0.0,0.0,0.0,0.0,0.0,0.0,0.0,0.0,0.0,0.0,0.0,0.0,1.0,0.0,0.0,0.0,0.0,0.0,0.0,0.0,1.0,0.0,0.0,0.0,0.0,0.0,0.0,1.0,5480
1.3823755551052888,-1.0211860968771675,0.7119423970291198,1.292438966815837,0.17662174693685342,-1.3614761519284349,1.479827063793078,0.0,0.0,1.0,0.0,0.0,0.0,0.0,0.0,0.0,0.0,0.0,0.0,0.0,0.0,0.0,0.0,0.0,0.0,0.0,0.0,1.0,0.0,0.0,0.0,0.0,0.0,1.0,0.0,0.0,0.0,0.0,0.0,0.0,1.0,0.0,0.0,2043
-0.8604422867835588,-1.2009460083121977,-1.1691125051071374,0.007403920562196099,1.105599105965975,-1.5013406665986384,-1.5090364113914922,0.0,0.0,0.0,0.0,0.0,1.0,0.0,0.0,0.0,0.0,0.0,0.0,0.0,0.0,0.0,0.0,0.0,0.0,0.0,0.0,0.0,0.0,0.0,0.0,0.0,1.0,0.0,0.0,0.0,0.0,1.0,0.0,0.0,1.0,0.0,0.0,2622
1.043344951098835,1.5853326189307706,-0.5789776338487038,-0.8216509479885399,-0.6589290465732097,0.2749386697129526,0.39296761827141596,0.0,0.0,0.0,0.0,0.0,0.0,0.0,0.0,0.0,0.0,1.0,0.0,0.0,0.0,0.0,0.0,0.0,0.0,0.0,0.0,1.0,0.0,0.0,0.0,0.0,0.0,0.0,0.0,0.0,0.0,1.0,0.0,0.0,0.0,0.0,1.0,625
1.5127719412616172,-1.0811060673555108,-1.1875542198339635,0.021221501704708365,0.7407066708255043,-0.2845193889678629,-0.5580343965600382,1.0,0.0,0.0,0.0,0.0,0.0,0.0,0.0,0.0,0.0,0.0,0.0,0.0,0.0,0.0,0.0,0.0,0.0,0.0,0.0,0.0,0.0,0.0,0.0,1.0,0.0,0.0,0.0,0.0,1.0,0.0,0.0,0.0,0.0,1.0,0.0,1713
1.0172656738675694,1.645252589409114,0.19557438467799035,1.0575400873931284,0.40754401265377005,0.44277608731719764,1.6156844944832855,0.0,0.0,0.0,0.0,0.0,0.0,0.0,0.0,0.0,0.0,0.0,0.0,0.0,1.0,0.0,1.0,0.0,0.0,0.0,0.0,0.0,0.0,0.0,0.0,0.0,0.0,0.0,1.0,0.0,0.0,0.0,0.0,0.0,0.0,1.0,0.0,2704
1.043344951098835,-0.5118663478112485,-0.283910198219487,0.5601071662626868,0.5203609974315002,1.4637870444096879,1.6156844944832855,0.0,0.0,0.0,0.0,0.0,0.0,1.0,0.0,0.0,0.0,0.0,0.0,0.0,0.0,0.0,1.0,0.0,0.0,0.0,0.0,0.0,0.0,0.0,0.0,0.0,0.0,0.0,0.0,0.0,0.0,1.0,0.0,0.0,0.0,0.0,1.0,2398
-0.9386801184773558,-1.0211860968771675,0.8410344001169021,-0.5038465817107578,-1.230065032010468,0.9882476945309943,0.5288250489616237,0.0,0.0,0.0,0.0,0.0,0.0,0.0,0.0,0.0,1.0,0.0,0.0,0.0,0.0,1.0,0.0,0.0,0.0,0.0,0.0,0.0,0.0,0.0,0.0,0.0,0.0,0.0,0.0,1.0,0.0,0.0,1.0,0.0,0.0,0.0,0.0,1736
-1.0429972274024184,0.5067731503205893,1.4127275566485098,-0.15840705314795112,-0.13538772658905626,-1.2635709916592914,0.12125275689100051,0.0,1.0,0.0,0.0,0.0,0.0,0.0,0.0,0.0,0.0,0.0,0.0,0.0,0.0,0.0,0.0,0.0,0.0,0.0,1.0,0.0,0.0,0.0,0.0,0.0,0.0,0.0,0.0,0.0,0.0,1.0,0.0,0.0,1.0,0.0,0.0,28380
1.3823755551052888,-1.470585875464743,0.80415097066325,-1.650705816539276,-0.7329651928335947,-1.1656658313901482,-1.5090364113914922,0.0,0.0,0.0,0.0,0.0,0.0,0.0,0.0,0.0,0.0,1.0,0.0,0.0,0.0,1.0,0.0,0.0,0.0,0.0,0.0,0.0,0.0,0.0,0.0,0.0,0.0,0.0,0.0,1.0,0.0,0.0,0.0,1.0,0.0,0.0,0.0,2602
1.4606133867990858,0.3569732241247308,1.2098686946534232,-0.4209410948556842,-0.1706430343320968,1.7155431708160547,-1.1014641193208692,0.0,0.0,0.0,0.0,0.0,0.0,0.0,0.0,0.0,0.0,0.0,0.0,1.0,0.0,0.0,0.0,0.0,1.0,0.0,0.0,0.0,0.0,0.0,0.0,0.0,0.0,0.0,0.0,0.0,0.0,1.0,0.0,1.0,0.0,0.0,0.0,978
-0.6778873461646991,-0.5418263330504203,0.6566172528486416,-0.9874619216986872,1.526900033495311,-0.2985058404348842,-0.5580343965600382,0.0,0.0,0.0,0.0,0.0,0.0,0.0,0.0,1.0,0.0,0.0,0.0,0.0,0.0,0.0,0.0,0.0,0.0,0.0,0.0,0.0,0.0,0.0,0.0,1.0,0.0,0.0,0.0,0.0,0.0,1.0,1.0,0.0,0.0,0.0,0.0,2480
0.2348873569295993,-1.3507459345080561,1.3205189830143795,1.499702683953521,-1.6584170210884117,-0.8579638991156997,1.6156844944832855,0.0,0.0,0.0,0.0,0.0,1.0,0.0,0.0,0.0,0.0,0.0,0.0,0.0,0.0,0.0,1.0,0.0,0.0,0.0,0.0,0.0,0.0,0.0,0.0,0.0,0.0,1.0,0.0,0.0,0.0,0.0,0.0,0.0,0.0,1.0,0.0,4848
-1.0429972274024184,-0.6916262592462787,-1.2982045081949198,-1.0150970839837117,-0.200610045913681,0.17703350944381063,-0.15046210448941494,0.0,0.0,0.0,0.0,0.0,0.0,1.0,0.0,0.0,0.0,0.0,0.0,0.0,0.0,0.0,0.0,0.0,0.0,0.0,0.0,0.0,0.0,0.0,1.0,0.0,0.0,0.0,0.0,0.0,1.0,0.0,0.0,1.0,0.0,0.0,0.0,30537
1.3302170006427574,-1.0211860968771675,0.5828503939413374,0.3390258679824905,-0.5090939886652867,-1.4314084092635366,0.25711018758120824,1.0,0.0,0.0,0.0,0.0,0.0,0.0,0.0,0.0,0.0,0.0,0.0,0.0,0.0,0.0,0.0,0.0,0.0,0.0,0.0,0.0,0.0,1.0,0.0,0.0,0.0,0.0,0.0,0.0,0.0,1.0,0.0,1.0,0.0,0.0,0.0,3311
-1.2255521680212782,1.6752125746482855,0.5828503939413374,1.1680807365332266,0.27357384323021533,-1.3195167975273732,1.34396963310287,0.0,0.0,0.0,0.0,0.0,1.0,0.0,0.0,0.0,0.0,0.0,0.0,0.0,0.0,0.0,0.0,0.0,0.0,0.0,1.0,0.0,0.0,0.0,0.0,0.0,0.0,0.0,0.0,1.0,0.0,0.0,0.0,0.0,0.0,0.0,1.0,958
1.669247604649211,1.0160928993865082,1.3942858419216837,0.1317621508448065,-1.219488439687556,-0.8020180932476181,-0.15046210448941494,0.0,1.0,0.0,0.0,0.0,0.0,0.0,0.0,0.0,0.0,0.0,0.0,0.0,0.0,0.0,0.0,0.0,0.0,1.0,0.0,0.0,0.0,0.0,0.0,0.0,0.0,0.0,0.0,0.0,0.0,1.0,0.0,0.0,0.0,0.0,1.0,1718
-0.9386801184773558,1.735132545126629,-1.1691125051071374,-0.2136773777180002,0.7971151632143694,-0.6621535785774145,-0.5580343965600382,0.0,0.0,0.0,0.0,0.0,0.0,1.0,0.0,0.0,0.0,0.0,0.0,0.0,0.0,0.0,0.0,0.0,0.0,0.0,0.0,0.0,0.0,0.0,1.0,0.0,0.0,0.0,0.0,0.0,1.0,0.0,0.0,0.0,0.0,1.0,0.0,963
